# Densities Buffer Dump - 46875 elements
# Index,Value
0,50.67404
1,100.0059
2,50.67404
3,50.67404
4,50.67404
5,56.08676
6,88.03461
7,50.67404
8,61.95088
9,50.67404
10,106.6257
11,106.6259
12,50.67404
13,106.2093
14,106.7722
15,104.8793
16,87.11302
17,80.1087
18,79.088
19,25.58877
20,25.51485
21,25.64955
22,25.30773
23,25.81685
24,25.1595
25,1.668617
26,1.297675
27,2.438669
28,0.3694747
29,0.3628211
30,0.6901039
31,16.50859
32,15.08472
33,16.14317
34,9.687495
35,25.41242
36,25.4068
37,25.40718
38,25.41155
39,25.27727
40,25.34645
41,1.01131
42,2.16547
43,1.095192
44,18.98007
45,15.49683
46,8.77622
47,11.7288
48,20.05525
49,22.03673
50,24.51783
51,11.91952
52,22.16475
53,22.08419
54,21.80851
55,13.5907
56,25.61734
57,25.70391
58,25.71502
59,25.58449
60,25.52255
61,25.63245
62,25.50356
63,25.67997
64,0.4094515
65,0.635972
66,1.151882
67,15.01311
68,22.82845
69,22.8267
70,23.5561
71,24.80958
72,24.81027
73,1.187494
74,10.80555
75,10.4739
76,24.84378
77,15.15046
78,16.97056
79,1.069304
80,14.01038
81,11.81817
82,20.78018
83,10.98182
84,8.664541
85,25.66522
86,25.69453
87,25.30327
88,25.38865
89,25.31515
90,25.83149
91,25.99153
92,25.75896
93,0.4616421
94,2.915062
95,5.404856
96,2.255194
97,8.073784
98,3.507024
99,25.16059
100,25.24627
101,25.24621
102,25.19625
103,25.04866
104,25.1956
105,20.50875
106,25.09059
107,24.57565
108,25.09012
109,24.57533
110,18.98509
111,18.97956
112,0.7159063
113,0.3714688
114,24.74047
115,77.1168
116,83.53281
117,80.32915
118,74.38248
119,17.1527
120,22.60652
121,84.89023
122,83.58552
123,83.1656
124,4.238868
125,0.1066515
126,3.052231
127,6.226761
128,16.56122
129,1.463692
130,26.4498
131,26.53384
132,26.77551
133,26.65119
134,26.80824
135,26.63334
136,8.195776
137,9.564007
138,16.12617
139,10.88514
140,20.31922
141,7.118786
142,19.75361
143,19.41449
144,14.15549
145,18.70988
146,18.78885
147,24.074
148,24.55124
149,13.87596
150,24.87083
151,24.05271
152,25.34098
153,24.5544
154,22.59241
155,25.37899
156,25.23044
157,0.08073471
158,0.0297114
159,0.6416639
160,2.059913
161,0.8280514
162,3.366916
163,14.21869
164,2.464859
165,25.10716
166,25.15891
167,25.15887
168,24.99147
169,25.08659
170,24.83856
171,25.10716
172,25.07252
173,25.10451
174,25.18675
175,25.18673
176,25.16224
177,25.16226
178,25.09893
179,25.26094
180,25.30253
181,0.3279186
182,10.5682
183,10.5668
184,0.6724049
185,0.2520708
186,2.362568
187,23.62617
188,25.33546
189,25.30409
190,25.16389
191,25.18139
192,25.07844
193,24.86818
194,25.19519
195,25.10337
196,25.31748
197,25.15103
198,25.19556
199,25.26947
200,25.19526
201,25.37976
202,25.35102
203,0.1237752
204,1.041318
205,6.081241
206,5.299047
207,8.101013
208,6.027067
209,6.089912
210,24.9247
211,25.26048
212,25.16666
213,25.17435
214,24.92084
215,25.16675
216,25.17382
217,25.28907
218,25.26016
219,25.1961
220,25.30175
221,25.30179
222,23.10137
223,25.49148
224,25.1863
225,25.41891
226,23.95574
227,25.51422
228,25.3178
229,25.26451
230,25.74939
231,24.40431
232,25.34375
233,24.92163
234,1.435857
235,16.32031
236,18.32529
237,13.22292
238,11.5487
239,9.144948
240,25.1818
241,25.1812
242,25.19882
243,24.92924
244,24.90989
245,25.20289
246,0.007889086
247,0.02192952
248,3.045438
249,4.759602
250,3.3807
251,25.33872
252,25.55233
253,24.6896
254,25.2841
255,25.39849
256,25.35427
257,24.39765
258,24.60749
259,25.28314
260,25.09358
261,1E-07
262,4.290699
263,4.459507
264,15.17848
265,15.1796
266,26.29283
267,26.09791
268,26.39873
269,26.35711
270,26.16453
271,26.48795
272,26.28986
273,26.51332
274,6.537342
275,5.731431
276,10.97444
277,8.152642
278,41.4603
279,20.24656
280,40.90835
281,40.94138
282,39.77699
283,39.75188
284,27.87036
285,27.3734
286,0.05319972
287,5.048209
288,3.545179
289,0.119676
290,25.35558
291,25.30717
292,24.86876
293,25.31159
294,25.15037
295,25.17971
296,25.35476
297,25.46401
298,11.33367
299,11.32309
300,9.553875
301,16.26916
302,16.26994
303,0.0001647338
304,0.9810022
305,0.4761011
306,1.211595
307,1.405694
308,25.36562
309,25.36049
310,25.36548
311,25.30781
312,25.37366
313,25.55669
314,25.36051
315,25.50636
316,25.37433
317,25.34594
318,14.85212
319,1.067253
320,12.90797
321,16.16164
322,13.36134
323,12.51482
324,16.14598
325,6.669066
326,0.5894266
327,6.801221
328,3.875755
329,11.86869
330,11.6067
331,5.177743
332,6.184532
333,25.44532
334,25.35649
335,25.46903
336,25.63629
337,25.42879
338,25.5295
339,25.34928
340,25.54881
341,25.1403
342,25.40507
343,25.53015
344,25.71227
345,25.41653
346,18.4106
347,19.65802
348,10.3346
349,10.26696
350,14.25853
351,10.80766
352,10.29801
353,1.806349
354,22.41194
355,10.69963
356,10.69968
357,0.5466453
358,1.919582
359,24.15109
360,25.62947
361,21.23509
362,16.16688
363,14.67153
364,24.071
365,18.65977
366,24.07258
367,3.935333
368,0.1130392
369,25.51787
370,25.26999
371,25.18229
372,25.61859
373,25.50851
374,25.57749
375,25.82261
376,25.57706
377,1.758717
378,1.858517
379,0.9980317
380,1.188541
381,24.71704
382,24.85564
383,25.11588
384,24.8554
385,25.0797
386,25.18057
387,24.98218
388,25.11723
389,26.07103
390,25.65108
391,25.77086
392,25.97294
393,26.25954
394,25.65191
395,10.98224
396,8.960991
397,5.404382
398,7.445823
399,30.07361
400,22.06926
401,36.54044
402,32.65835
403,34.15594
404,30.07359
405,1.806099
406,25.57064
407,25.27714
408,25.49334
409,25.60493
410,25.56886
411,25.91127
412,25.75256
413,25.91119
414,24.76761
415,15.23897
416,11.92358
417,15.23901
418,22.79322
419,25.20867
420,25.13517
421,25.13866
422,25.11844
423,24.86156
424,24.8611
425,25.11805
426,12.76213
427,7.023463
428,4.238129
429,4.411505
430,6.063072
431,9.182839
432,25.65989
433,25.5793
434,25.37724
435,25.24455
436,25.86473
437,25.58054
438,25.53098
439,25.98093
440,25.12546
441,25.53091
442,25.65001
443,9.642871
444,6.225465
445,9.67996
446,16.4543
447,16.4036
448,0.129063
449,17.49618
450,17.49651
451,25.10742
452,25.11021
453,25.48026
454,24.79274
455,25.03463
456,24.98556
457,25.31102
458,9.642406
459,4.790603
460,0.03928097
461,0.04076799
462,14.13672
463,6.989743
464,9.724083
465,20.39294
466,13.0366
467,26.14956
468,26.15255
469,25.24101
470,24.12563
471,24.58773
472,22.9307
473,25.24157
474,25.54723
475,12.62553
476,7.126092
477,12.54264
478,18.65191
479,0.7335454
480,24.96069
481,25.25226
482,25.07392
483,25.18433
484,25.09746
485,25.22976
486,25.3677
487,25.27399
488,25.27255
489,24.93726
490,25.15096
491,25.20701
492,25.20695
493,25.27317
494,25.27365
495,0.3282873
496,1.37765
497,3.143523
498,1.502594
499,23.29264
500,16.3564
501,24.64508
502,19.2801
503,12.651
504,12.19627
505,12.45273
506,19.53165
507,19.44044
508,25.80311
509,20.32107
510,25.79917
511,26.40695
512,26.40564
513,22.28421
514,19.81342
515,19.81477
516,18.84519
517,17.31756
518,15.1892
519,15.53759
520,14.13935
521,0.4778083
522,0.3473169
523,0.6481462
524,25.09243
525,25.4894
526,24.99164
527,25.1337
528,25.29617
529,25.36334
530,25.27692
531,24.32543
532,25.44356
533,25.32063
534,25.31513
535,25.31512
536,24.94989
537,5.915392
538,4.67945
539,4.958701
540,0.5479757
541,0.4734086
542,25.77537
543,25.2535
544,25.45441
545,25.64746
546,25.64779
547,25.25331
548,25.40794
549,12.37975
550,1.070238
551,12.23871
552,27.72793
553,27.72198
554,46.74123
555,46.73108
556,44.84178
557,23.42278
558,23.46461
559,44.84143
560,46.71914
561,24.27986
562,24.32063
563,0.679024
564,7.155857
565,4.69803
566,10.12906
567,7.163868
568,1.209744
569,0.1435664
570,25.38772
571,25.14426
572,25.30365
573,25.43014
574,0.5884585
575,25.28717
576,25.22902
577,2.901178
578,25.26751
579,25.20184
580,24.91739
581,24.87056
582,25.84311
583,25.26756
584,25.46944
585,3.491416
586,5.300359
587,0.2451258
588,21.05506
589,25.4122
590,26.8147
591,21.02139
592,25.41037
593,26.81359
594,25.92376
595,6.093816
596,20.26314
597,21.76889
598,21.77997
599,14.61553
600,19.64838
601,18.28084
602,18.30703
603,0.1587766
604,25.32619
605,25.29714
606,2.508983
607,25.29949
608,25.32779
609,25.40351
610,25.40499
611,24.49415
612,25.39301
613,25.50943
614,25.22228
615,25.41329
616,25.22253
617,25.45315
618,25.1396
619,25.41345
620,25.33131
621,25.69513
622,4.827251
623,7.093915
624,4.312571
625,0.3553568
626,0.1309911
627,24.69837
628,24.69991
629,26.78004
630,26.1438
631,26.14388
632,24.17475
633,26.74502
634,26.74442
635,27.70757
636,26.0626
637,20.93749
638,18.08685
639,21.14951
640,25.22205
641,25.22246
642,28.31426
643,23.14726
644,28.31626
645,25.13485
646,19.52471
647,15.37868
648,0.4501283
649,0.8213482
650,1.950601
651,25.54629
652,3.180809
653,25.58027
654,25.56778
655,25.55757
656,1.158814
657,25.6591
658,25.2317
659,25.19073
660,25.41331
661,25.74768
662,25.5596
663,25.60227
664,25.55998
665,25.30383
666,25.71949
667,25.45186
668,24.32506
669,0.9366284
670,0.04068222
671,24.80449
672,24.79208
673,25.00067
674,24.74517
675,24.71157
676,23.26965
677,24.80335
678,22.58652
679,0.3319469
680,1.074854
681,26.79384
682,26.1363
683,26.46842
684,25.8935
685,26.37812
686,25.88726
687,26.28878
688,26.89448
689,26.89403
690,26.37767
691,25.927
692,25.92695
693,26.06541
694,23.29393
695,28.92752
696,28.92755
697,23.56372
698,24.06349
699,22.56933
700,25.36171
701,26.33742
702,26.33774
703,0.5540582
704,25.57616
705,25.43094
706,25.36911
707,25.70988
708,25.50138
709,10.65057
710,25.50258
711,25.36868
712,25.43063
713,2.003263
714,10.61333
715,10.65485
716,10.65514
717,25.52703
718,24.7533
719,25.72377
720,25.53628
721,25.82969
722,25.51836
723,25.94444
724,25.2028
725,5.828889
726,6.435618
727,1.487771
728,1.74374
729,0.0008801033
730,25.21093
731,23.21627
732,25.06372
733,25.19106
734,25.06451
735,25.14439
736,25.19174
737,25.14472
738,25.46246
739,2.342887
740,25.92369
741,27.2926
742,26.43767
743,27.88883
744,26.60163
745,27.23332
746,27.40081
747,28.72583
748,27.40048
749,26.75042
750,25.478
751,34.15603
752,26.02396
753,29.28604
754,25.56643
755,24.62987
756,24.0569
757,1.507222
758,24.85793
759,25.30085
760,25.30109
761,25.51411
762,25.21036
763,25.12337
764,0.3229059
765,25.66742
766,25.40431
767,10.57307
768,10.52677
769,26.12042
770,25.6116
771,26.05136
772,26.11112
773,26.11072
774,20.05096
775,25.0399
776,24.51001
777,26.14941
778,24.90588
779,25.9551
780,25.89319
781,25.89808
782,25.28517
783,25.28503
784,23.62961
785,24.52435
786,9.39615
787,8.746603
788,8.598207
789,8.824941
790,1.173098
791,0.9440408
792,25.17887
793,25.13143
794,25.12316
795,25.17837
796,25.13116
797,25.11287
798,25.11279
799,25.12354
800,0.438883
801,29.10081
802,29.1024
803,28.3128
804,28.31231
805,26.8907
806,28.07201
807,28.44486
808,29.74593
809,28.44486
810,29.74449
811,26.8917
812,26.79239
813,28.07172
814,29.25346
815,23.69404
816,25.02869
817,26.95091
818,20.76462
819,28.68456
820,25.83602
821,26.84921
822,13.23927
823,19.44232
824,23.93934
825,17.79345
826,24.10354
827,13.11635
828,25.88073
829,25.88402
830,25.69525
831,25.68229
832,25.93716
833,25.68225
834,25.69428
835,24.84449
836,28.05136
837,24.10065
838,24.13272
839,28.05125
840,18.53921
841,24.65671
842,21.1363
843,25.94539
844,25.5453
845,25.51548
846,25.51621
847,25.21154
848,25.52094
849,24.74569
850,25.53925
851,25.54523
852,25.54515
853,25.54539
854,12.97991
855,12.67141
856,13.0088
857,17.85621
858,8.835691
859,0.3154394
860,1.067151
861,1.046319
862,25.2589
863,25.04905
864,24.37512
865,25.32684
866,25.14048
867,25.4336
868,25.12126
869,8.261122
870,11.39426
871,10.98484
872,0.4687491
873,26.11647
874,26.54264
875,26.53963
876,26.20918
877,26.41864
878,25.93417
879,23.95203
880,27.22905
881,27.22802
882,24.19445
883,24.19187
884,23.22161
885,25.65635
886,25.65643
887,25.7806
888,25.70706
889,25.41935
890,25.86462
891,17.58011
892,19.17893
893,19.18305
894,23.06371
895,22.06883
896,21.83939
897,13.53739
898,10.66791
899,16.82527
900,24.56091
901,25.26023
902,25.2226
903,25.11275
904,25.3097
905,25.41783
906,25.45664
907,25.21611
908,25.25947
909,25.21577
910,13.03519
911,13.05484
912,9.17217
913,26.77175
914,26.18124
915,26.19701
916,26.25452
917,26.67478
918,26.86707
919,26.86722
920,29.93636
921,32.15187
922,29.9365
923,32.14271
924,30.31407
925,26.77007
926,25.65402
927,25.86329
928,25.92861
929,25.99325
930,26.0983
931,25.88924
932,26.14575
933,25.54714
934,25.88841
935,25.81923
936,25.54739
937,22.58921
938,24.98787
939,22.93294
940,20.10325
941,0.9173317
942,25.35819
943,25.35562
944,25.17694
945,25.32978
946,25.32835
947,25.2701
948,25.39532
949,25.39535
950,25.27115
951,25.35856
952,9.485848
953,10.34075
954,0.02625624
955,27.75628
956,27.39889
957,27.75634
958,27.02525
959,26.52393
960,27.02563
961,22.23511
962,23.01994
963,23.01979
964,22.23471
965,13.93133
966,26.05834
967,25.49996
968,26.76047
969,25.80186
970,25.95103
971,25.93798
972,26.57557
973,25.41219
974,25.41216
975,26.22633
976,22.8912
977,25.75694
978,26.10921
979,26.09415
980,24.9521
981,24.07441
982,27.24539
983,24.96605
984,24.87077
985,25.41163
986,0.6353033
987,0.2803231
988,1.190001
989,0.8604537
990,25.05385
991,25.14523
992,15.95897
993,25.14512
994,25.05397
995,15.95933
996,10.97696
997,10.9775
998,25.26116
999,25.26148
1000,25.35779
1001,25.23706
1002,25.39265
1003,25.29404
1004,25.30755
1005,25.33837
1006,25.35823
1007,25.39956
1008,4.622883
1009,11.81477
1010,8.944528
1011,12.59249
1012,12.59165
1013,0.4740118
1014,0.5297976
1015,0.4903199
1016,0.5145767
1017,25.04183
1018,16.97352
1019,25.04254
1020,0.03381509
1021,27.55669
1022,27.67599
1023,28.82329
1024,28.82577
1025,28.8257
1026,28.62656
1027,28.08108
1028,28.08046
1029,13.19091
1030,10.91894
1031,11.18426
1032,26.83309
1033,26.39607
1034,26.21161
1035,26.39656
1036,26.9142
1037,26.54256
1038,26.73838
1039,25.88799
1040,26.71616
1041,26.83302
1042,29.22712
1043,23.89499
1044,29.46729
1045,27.9629
1046,28.66222
1047,28.34095
1048,28.34157
1049,28.17505
1050,28.63664
1051,17.28578
1052,6.111979
1053,7.866443
1054,25.61802
1055,25.71514
1056,25.61013
1057,25.04567
1058,25.33882
1059,25.76665
1060,5.743259
1061,0.07171748
1062,25.00491
1063,21.34454
1064,25.20848
1065,22.01431
1066,23.27072
1067,24.55233
1068,25.00479
1069,24.73652
1070,24.89519
1071,27.32334
1072,27.32317
1073,28.30388
1074,28.30339
1075,4.664128
1076,25.57509
1077,25.41825
1078,25.50929
1079,25.50928
1080,24.96521
1081,25.22401
1082,25.57524
1083,25.44829
1084,25.3576
1085,25.46789
1086,3.952883
1087,21.70242
1088,0.01331187
1089,24.94399
1090,24.27221
1091,25.31356
1092,25.29476
1093,22.78963
1094,25.11436
1095,0.006631926
1096,27.89389
1097,27.89083
1098,28.25859
1099,28.25863
1100,28.01973
1101,27.53831
1102,27.68956
1103,27.53798
1104,13.24796
1105,9.105782
1106,26.05366
1107,25.60124
1108,25.32613
1109,24.6939
1110,25.54588
1111,25.54572
1112,25.24278
1113,25.79452
1114,27.62782
1115,13.49815
1116,22.04107
1117,22.04383
1118,23.28768
1119,22.40849
1120,25.40443
1121,0.2133536
1122,25.07634
1123,25.08754
1124,25.18268
1125,25.31721
1126,25.29189
1127,25.08865
1128,24.34305
1129,25.01406
1130,25.31948
1131,26.79714
1132,26.79636
1133,29.21638
1134,28.35582
1135,27.99426
1136,27.99426
1137,28.35605
1138,29.21566
1139,4.323261
1140,7.510254
1141,8.693601
1142,9.078086
1143,25.5517
1144,26.09508
1145,25.6929
1146,25.53804
1147,25.47337
1148,25.79014
1149,25.38751
1150,25.70954
1151,25.76069
1152,25.9253
1153,25.66015
1154,23.97524
1155,22.49056
1156,25.97244
1157,19.46792
1158,18.99034
1159,23.72962
1160,23.72996
1161,19.05828
1162,21.23354
1163,3.194068
1164,1.420347
1165,3.520985
1166,25.12541
1167,25.06735
1168,25.20178
1169,25.19297
1170,25.26077
1171,25.10814
1172,25.4977
1173,24.65394
1174,25.12543
1175,25.19335
1176,25.04904
1177,0.6823924
1178,27.06152
1179,27.07882
1180,27.07857
1181,27.06149
1182,27.31259
1183,27.31297
1184,1.495684
1185,4.434345
1186,17.94087
1187,17.78289
1188,26.63541
1189,25.93653
1190,26.40135
1191,26.10113
1192,26.40505
1193,26.76049
1194,26.10118
1195,26.35412
1196,27.3753
1197,26.97498
1198,27.37486
1199,25.83775
1200,26.09099
1201,10.48895
1202,10.4169
1203,25.18508
1204,25.33647
1205,25.15868
1206,25.06275
1207,25.2181
1208,25.30756
1209,25.30779
1210,25.20367
1211,25.30516
1212,25.18472
1213,4.157821E-05
1214,29.0693
1215,29.0682
1216,28.65306
1217,28.08769
1218,28.65318
1219,27.87754
1220,27.8779
1221,28.35605
1222,3.956466
1223,8.428822
1224,4.754805
1225,24.96889
1226,25.05172
1227,25.27122
1228,25.26174
1229,25.27039
1230,25.22878
1231,25.14001
1232,25.17018
1233,25.27967
1234,25.21056
1235,25.22928
1236,25.32905
1237,0.01950511
1238,29.06391
1239,29.13692
1240,29.06404
1241,28.64986
1242,28.71654
1243,28.71684
1244,28.86602
1245,28.95194
1246,11.50794
1247,11.37677
1248,9.864066
1249,3.900759
1250,0.05374222
1251,0.6187181
1252,25.28274
1253,25.41979
1254,25.29926
1255,25.43191
1256,25.29097
1257,25.29041
1258,25.41839
1259,25.35101
1260,14.92553
1261,0.007375298
1262,0.01461048
1263,29.56697
1264,29.46708
1265,29.26035
1266,28.64125
1267,7.687266
1268,9.336756
1269,12.63056
1270,13.20629
1271,14.26346
1272,0.1215328
1273,25.54672
1274,25.51963
1275,25.23364
1276,25.53571
1277,25.34729
1278,25.40415
1279,25.53513
1280,25.3392
1281,18.11734
1282,21.1438
1283,14.84435
1284,19.93415
1285,19.93394
1286,28.98704
1287,28.94844
1288,28.94856
1289,28.41525
1290,28.41447
1291,29.62103
1292,28.98669
1293,17.67925
1294,19.80984
1295,13.51014
1296,23.91073
1297,23.91124
1298,0.2977739
1299,26.07284
1300,26.20576
1301,26.2417
1302,25.98303
1303,26.05028
1304,26.2451
1305,26.22653
1306,22.9475
1307,21.5662
1308,24.57967
1309,24.57987
1310,23.90331
1311,18.93142
1312,23.9052
1313,4.628773
1314,2.479596
1315,0.05719456
1316,30.29817
1317,28.41486
1318,30.01379
1319,29.98773
1320,29.9395
1321,28.41428
1322,29.31929
1323,8.676126
1324,8.071939
1325,6.695154
1326,3.210898
1327,24.60578
1328,24.60562
1329,16.39703
1330,25.00879
1331,22.44829
1332,1E-07
1333,24.96048
1334,24.96043
1335,24.71544
1336,24.77533
1337,0.3820969
1338,29.04427
1339,29.0452
1340,28.89557
1341,28.20279
1342,28.20327
1343,28.68972
1344,1.466793
1345,1.787316
1346,20.22355
1347,25.1022
1348,24.2089
1349,25.13742
1350,24.94206
1351,25.13161
1352,25.01768
1353,20.22301
1354,24.71972
1355,25.0601
1356,25.17839
1357,23.00162
1358,25.4164
1359,25.13804
1360,25.49258
1361,25.32314
1362,25.05989
1363,0.7396175
1364,0.6906108
1365,2.786696
1366,9.258196
1367,30.13885
1368,28.20203
1369,29.36602
1370,28.73615
1371,28.20271
1372,28.73713
1373,28.93352
1374,0.7908273
1375,0.7678191
1376,25.11296
1377,24.74173
1378,25.06013
1379,25.22454
1380,25.4663
1381,24.31325
1382,25.02259
1383,25.57868
1384,25.02239
1385,25.60718
1386,21.03554
1387,26.12052
1388,2.007865
1389,1.146559
1390,1.541944
1391,2.399
1392,0.6609311
1393,29.62014
1394,28.55704
1395,28.55697
1396,29.14542
1397,29.05092
1398,29.71848
1399,30.0884
1400,0.5980335
1401,0.5297984
1402,0.6863341
1403,25.29697
1404,25.29615
1405,23.76851
1406,25.07929
1407,25.27777
1408,25.20172
1409,25.08975
1410,25.28508
1411,25.11393
1412,25.21096
1413,25.08209
1414,1E-07
1415,25.40371
1416,25.4038
1417,25.71989
1418,25.99826
1419,25.50589
1420,25.921
1421,24.88155
1422,1.650779
1423,1.714313
1424,1.068017
1425,2.621671
1426,31.19095
1427,30.05196
1428,28.43969
1429,31.47514
1430,29.61394
1431,29.05523
1432,28.23606
1433,29.79774
1434,29.72696
1435,8.016869
1436,1.659315
1437,20.01584
1438,25.56577
1439,25.61611
1440,25.59641
1441,25.52389
1442,25.61678
1443,25.56613
1444,25.51687
1445,25.51706
1446,26.02682
1447,25.42223
1448,25.4378
1449,25.64759
1450,25.438
1451,25.85728
1452,25.70158
1453,1.793053
1454,0.09700973
1455,33.25136
1456,32.24684
1457,32.24674
1458,31.89865
1459,33.25093
1460,31.89859
1461,29.25194
1462,22.25706
1463,24.26277
1464,25.9047
1465,22.66392
1466,23.66982
1467,25.70622
1468,25.40571
1469,25.83246
1470,25.40564
1471,26.14239
1472,1.224865
1473,0.7557864
1474,0.2168967
1475,0.5602781
1476,25.51103
1477,25.51106
1478,25.63254
1479,25.76803
1480,25.52945
1481,25.63265
1482,25.72581
1483,0.418035
1484,0.008917629
1485,4.759795
1486,0.4157975
1487,0.1934142
1488,25.52399
1489,25.97782
1490,25.65812
1491,25.56314
1492,25.30839
1493,26.02706
1494,25.65165
1495,25.84067
1496,0.4367769
1497,20.73374
1498,20.73459
1499,0.3111711
1500,4.503646
1501,2.626595
1502,0.4415765
1503,25.72915
1504,25.51403
1505,25.55255
1506,25.95677
1507,26.01311
1508,25.69229
1509,26.00091
1510,26.0783
1511,0.9627226
1512,2.591766
1513,25.34752
1514,25.23674
1515,25.44988
1516,25.4488
1517,25.37082
1518,25.51019
1519,25.34725
1520,24.6776
1521,8.815352
1522,21.52096
1523,24.67646
1524,1.042754
1525,1.114826
1526,0.294782
1527,26.36349
1528,26.89103
1529,26.28405
1530,22.84936
1531,20.45006
1532,10.15785
1533,20.53631
1534,22.95385
1535,13.48866
1536,17.71258
1537,18.51343
1538,25.1004
1539,18.51216
1540,25.10099
1541,25.1998
1542,23.25506
1543,25.20029
1544,22.96741
1545,22.96832
1546,22.96745
1547,25.24971
1548,24.77006
1549,25.0705
1550,25.24971
1551,24.65963
1552,0.1409571
1553,0.01396347
1554,23.77221
1555,25.11136
1556,25.09655
1557,25.09693
1558,25.04199
1559,25.17896
1560,25.12631
1561,25.04327
1562,0.8046833
1563,13.94842
1564,13.94757
1565,13.8027
1566,13.80314
1567,25.13885
1568,25.25496
1569,25.0195
1570,25.13883
1571,25.22427
1572,25.01712
1573,0.1380799
1574,0.3247057
1575,23.47559
1576,25.12164
1577,25.1141
1578,25.10364
1579,23.98017
1580,25.1218
1581,25.10996
1582,25.12175
1583,25.08699
1584,25.08705
1585,25.21113
1586,25.2111
1587,14.33604
1588,13.82851
1589,25.06164
1590,25.09512
1591,25.09514
1592,25.28091
1593,25.2475
1594,24.92924
1595,25.09157
1596,25.01866
1597,1.473292
1598,0.3145223
1599,0.4356973
1600,0.2956774
1601,0.2128488
1602,23.05395
1603,25.11434
1604,25.11355
1605,25.07265
1606,25.07315
1607,25.07282
1608,24.91463
1609,25.18621
1610,25.36514
1611,25.47976
1612,25.18608
1613,25.36201
1614,25.20597
1615,25.37385
1616,0.1184421
1617,25.15519
1618,25.18631
1619,25.1609
1620,25.1594
1621,25.15504
1622,0.005240141
1623,25.21337
1624,24.76763
1625,25.09052
1626,25.22065
1627,24.97517
1628,24.97552
1629,25.17503
1630,25.23919
1631,24.61256
1632,25.17467
1633,25.17047
1634,25.17125
1635,1.958933
1636,2.163158
1637,26.43816
1638,26.29982
1639,26.51011
1640,26.38023
1641,26.29914
1642,26.10252
1643,26.12475
1644,4.907678
1645,5.476512
1646,4.569543
1647,8.504269
1648,2.637549
1649,0.04679639
1650,25.19136
1651,24.09935
1652,25.19132
1653,25.32834
1654,25.31753
1655,25.4269
1656,25.28459
1657,25.42309
1658,0.2690945
1659,18.31049
1660,18.31018
1661,13.7386
1662,13.73798
1663,2.777215
1664,12.028
1665,9.636727
1666,1.025155
1667,0.0026117
1668,25.22951
1669,25.40248
1670,25.3357
1671,25.5453
1672,25.57749
1673,24.6293
1674,25.26621
1675,25.33348
1676,25.31573
1677,20.18477
1678,20.55173
1679,9.797976
1680,4.167006
1681,19.01678
1682,17.12546
1683,18.84884
1684,10.72071
1685,0.01344211
1686,25.38853
1687,25.47432
1688,25.29147
1689,25.30477
1690,25.30501
1691,25.29133
1692,25.13384
1693,25.13424
1694,25.3876
1695,10.57086
1696,6.448643
1697,1.219512
1698,12.21943
1699,1.683865
1700,0.1889756
1701,0.74971
1702,25.59673
1703,25.597
1704,25.01805
1705,25.69289
1706,25.24932
1707,25.52623
1708,25.52581
1709,25.25024
1710,4.338511
1711,11.4483
1712,0.7859797
1713,3.44057
1714,22.01971
1715,7.62866
1716,8.036533
1717,6.23509
1718,6.526489
1719,26.27061
1720,25.9045
1721,25.78793
1722,25.70541
1723,25.82364
1724,25.90511
1725,25.94688
1726,14.2682
1727,14.24735
1728,2.210241
1729,0.08315008
1730,0.001470266
1731,25.73105
1732,25.84117
1733,25.63638
1734,25.55182
1735,23.71057
1736,25.55169
1737,25.63734
1738,25.77575
1739,25.43154
1740,25.32275
1741,25.42849
1742,9.413777
1743,5.578459
1744,7.947567
1745,9.591233
1746,0.9756503
1747,0.9545779
1748,25.04183
1749,25.04102
1750,21.21069
1751,21.20671
1752,24.91291
1753,9.368014
1754,7.398576
1755,17.83221
1756,17.10057
1757,8.704742
1758,13.08475
1759,12.78339
1760,17.83176
1761,0.05520023
1762,0.05489133
1763,25.62052
1764,25.30646
1765,25.30665
1766,25.09088
1767,25.57218
1768,25.6589
1769,24.83384
1770,25.6325
1771,25.80346
1772,26.36361
1773,25.81374
1774,25.42202
1775,25.77351
1776,25.77333
1777,25.63178
1778,3.612201
1779,8.733258
1780,6.817983
1781,7.060146
1782,0.840431
1783,0.9146174
1784,25.11436
1785,25.31273
1786,25.20434
1787,25.13959
1788,25.65211
1789,23.8806
1790,25.12387
1791,5.22623
1792,4.687091
1793,11.86987
1794,11.87263
1795,6.283067
1796,17.79924
1797,17.80714
1798,0.01472715
1799,25.54894
1800,25.6047
1801,25.70179
1802,25.54925
1803,23.94745
1804,25.60482
1805,25.94383
1806,24.36723
1807,10.70538
1808,6.382755
1809,10.34686
1810,7.833844
1811,1.300653
1812,25.09479
1813,25.09492
1814,22.06555
1815,25.04316
1816,22.0659
1817,25.04315
1818,25.02969
1819,24.89992
1820,24.89555
1821,24.71622
1822,25.02894
1823,25.03712
1824,25.02935
1825,25.19447
1826,22.32366
1827,24.90567
1828,11.63322
1829,11.63417
1830,11.38412
1831,11.36228
1832,0.04853887
1833,2.98894
1834,0.285964
1835,0.2497867
1836,22.73951
1837,27.30826
1838,24.05204
1839,17.29122
1840,27.30664
1841,22.73744
1842,19.72001
1843,40.05037
1844,2.404237
1845,5.611859
1846,6.675074
1847,0.09437924
1848,0.3770249
1849,25.08831
1850,25.09016
1851,24.98155
1852,25.09007
1853,25.21846
1854,25.22179
1855,22.93325
1856,24.68968
1857,25.07377
1858,25.18538
1859,25.22184
1860,25.51438
1861,2.462176
1862,25.49527
1863,26.03279
1864,25.08504
1865,20.89366
1866,25.30125
1867,26.00782
1868,1.10396
1869,36.14597
1870,30.22206
1871,3.454374
1872,25.66417
1873,31.35963
1874,24.85375
1875,25.73914
1876,2.558848
1877,17.90969
1878,17.88384
1879,6.96935
1880,1.791404
1881,25.25932
1882,25.13069
1883,25.29005
1884,25.13442
1885,25.10932
1886,24.6891
1887,25.38894
1888,25.21326
1889,25.45299
1890,25.24237
1891,23.76827
1892,25.21705
1893,25.38897
1894,5.614718
1895,3.13747
1896,2.471347
1897,0.1683732
1898,0.1367937
1899,0.3192686
1900,24.68785
1901,28.66968
1902,27.99864
1903,24.84037
1904,25.92534
1905,24.84075
1906,26.894
1907,10.39927
1908,11.34412
1909,15.38946
1910,15.40125
1911,0.5895862
1912,25.20622
1913,25.20152
1914,25.20131
1915,25.20497
1916,25.17835
1917,25.24905
1918,25.24953
1919,25.19333
1920,24.93592
1921,25.34994
1922,25.68627
1923,25.20119
1924,25.48897
1925,25.29625
1926,24.96814
1927,12.68526
1928,12.69665
1929,2.092933
1930,0.2110901
1931,10.77903
1932,10.76566
1933,26.31742
1934,26.37535
1935,27.27364
1936,25.99771
1937,26.10737
1938,25.77721
1939,23.4659
1940,25.72508
1941,26.10736
1942,25.77919
1943,27.05115
1944,16.33539
1945,16.32501
1946,16.09948
1947,16.09311
1948,0.6982178
1949,0.6312153
1950,25.36727
1951,25.74821
1952,25.61944
1953,25.40351
1954,25.36739
1955,25.35792
1956,25.35357
1957,25.40171
1958,25.35361
1959,25.4531
1960,25.40695
1961,25.14183
1962,25.24889
1963,25.52088
1964,25.39569
1965,25.39556
1966,25.26381
1967,25.4069
1968,0.7524332
1969,5.664146
1970,0.94965
1971,0.2806476
1972,0.1424922
1973,25.6084
1974,26.16807
1975,25.6082
1976,26.43731
1977,26.17134
1978,25.18438
1979,26.43713
1980,25.30232
1981,25.62441
1982,25.62474
1983,26.30745
1984,26.55407
1985,12.21925
1986,26.57124
1987,18.46819
1988,10.39307
1989,19.01755
1990,20.3449
1991,22.5175
1992,1.357171
1993,1.213591
1994,2.145572
1995,25.45831
1996,25.70878
1997,25.56321
1998,25.59618
1999,25.75976
2000,25.73034
2001,25.47342
2002,25.25299
2003,25.25184
2004,25.22152
2005,25.53694
2006,25.09923
2007,25.53622
2008,25.50465
2009,2.850136
2010,0.1713454
2011,25.22169
2012,25.22157
2013,21.45628
2014,22.59052
2015,2.45428
2016,25.71002
2017,25.46481
2018,25.71027
2019,25.497
2020,26.49638
2021,25.96007
2022,25.44268
2023,25.49692
2024,24.98859
2025,25.15243
2026,25.46473
2027,26.49608
2028,25.15205
2029,22.72813
2030,25.66652
2031,22.9263
2032,18.51975
2033,22.07263
2034,22.55574
2035,22.96144
2036,27.42336
2037,18.6959
2038,33.19474
2039,17.5533
2040,2.266706
2041,25.3634
2042,24.86452
2043,25.36277
2044,25.42892
2045,25.06812
2046,25.20265
2047,25.61215
2048,25.4304
2049,25.60705
2050,25.43043
2051,25.67974
2052,25.67392
2053,16.64142
2054,16.63615
2055,24.82826
2056,25.30978
2057,25.34167
2058,25.42262
2059,25.28642
2060,25.34118
2061,25.23532
2062,25.28584
2063,25.42313
2064,24.84463
2065,3.669315
2066,2.783856
2067,1.700364
2068,1.436527
2069,25.01479
2070,25.21376
2071,24.7001
2072,25.15749
2073,25.12574
2074,25.18836
2075,4.702023
2076,7.889265
2077,7.950486
2078,27.19651
2079,26.66731
2080,26.99158
2081,26.66685
2082,26.29426
2083,24.44619
2084,26.45392
2085,27.08743
2086,39.27162
2087,26.651
2088,21.86741
2089,29.28602
2090,37.99714
2091,35.6972
2092,37.71954
2093,47.76263
2094,48.3235
2095,50.40997
2096,39.27348
2097,21.54106
2098,24.44731
2099,21.65313
2100,43.36214
2101,41.74605
2102,16.74215
2103,43.4916
2104,25.94764
2105,25.75303
2106,25.82849
2107,11.67672
2108,25.95055
2109,26.52757
2110,28.21267
2111,28.29606
2112,26.53152
2113,28.44793
2114,25.41156
2115,24.74847
2116,25.4978
2117,25.50005
2118,24.3971
2119,25.41151
2120,5.210203
2121,9.42492
2122,8.911614
2123,0.4724642
2124,0.2519619
2125,25.17148
2126,25.18284
2127,25.15693
2128,25.11946
2129,25.32388
2130,25.12281
2131,25.26618
2132,25.04001
2133,24.34009
2134,25.17099
2135,2.147575
2136,0.1001685
2137,0.01944044
2138,26.24973
2139,26.01869
2140,26.06325
2141,26.0637
2142,26.05973
2143,26.20697
2144,26.28799
2145,26.28827
2146,24.98699
2147,24.98679
2148,29.71865
2149,27.4384
2150,27.4469
2151,29.71631
2152,24.80695
2153,25.43006
2154,26.12712
2155,25.84693
2156,25.82689
2157,25.73445
2158,25.49257
2159,7.391546
2160,6.932868
2161,0.473855
2162,0.1643262
2163,0.3158329
2164,25.10427
2165,25.70342
2166,21.04854
2167,24.80829
2168,25.14347
2169,25.16126
2170,25.28704
2171,25.54873
2172,10.68396
2173,10.68463
2174,12.03909
2175,12.03831
2176,0.03484878
2177,3.033002
2178,26.46738
2179,27.03923
2180,26.47663
2181,27.03914
2182,26.30859
2183,26.30773
2184,26.16254
2185,21.53699
2186,30.79076
2187,30.77102
2188,26.59231
2189,26.59016
2190,30.78781
2191,27.26927
2192,27.25158
2193,30.79581
2194,26.67715
2195,25.59592
2196,26.06164
2197,25.52299
2198,25.15938
2199,25.59489
2200,26.053
2201,25.6226
2202,25.94556
2203,25.93834
2204,25.63438
2205,16.66391
2206,16.71349
2207,12.3869
2208,9.579001
2209,8.080979
2210,16.66419
2211,0.4971955
2212,25.59959
2213,24.83168
2214,25.19857
2215,25.2904
2216,25.08728
2217,25.26626
2218,25.29024
2219,25.35753
2220,24.70942
2221,25.03164
2222,25.2737
2223,25.27404
2224,6.889796
2225,6.512842
2226,0.1419088
2227,26.62025
2228,26.62097
2229,27.24366
2230,27.24356
2231,27.41838
2232,27.4176
2233,17.179
2234,31.6555
2235,39.3269
2236,31.6556
2237,25.81775
2238,39.3315
2239,25.45051
2240,25.65009
2241,26.03849
2242,25.64906
2243,25.76097
2244,25.8032
2245,26.01675
2246,25.5489
2247,26.0514
2248,24.39509
2249,17.83229
2250,25.10059
2251,19.40578
2252,19.40568
2253,24.98685
2254,6.329635
2255,0.7675141
2256,6.844862
2257,11.97676
2258,5.664443
2259,22.58421
2260,22.58939
2261,24.92892
2262,23.82837
2263,25.48498
2264,25.26327
2265,25.39307
2266,25.49282
2267,25.30648
2268,25.21574
2269,5.520806
2270,0.8194644
2271,0.35954
2272,28.87186
2273,27.74562
2274,27.83925
2275,27.83976
2276,28.98536
2277,28.87197
2278,26.369
2279,26.3688
2280,21.84614
2281,6.203184
2282,26.93876
2283,26.20765
2284,26.50215
2285,26.91594
2286,26.63697
2287,26.76192
2288,25.73483
2289,26.81797
2290,26.49449
2291,24.50295
2292,29.23499
2293,24.75823
2294,27.59505
2295,29.71425
2296,29.70383
2297,29.7042
2298,29.08
2299,26.93932
2300,14.57743
2301,10.49149
2302,11.85433
2303,12.12661
2304,25.04603
2305,25.43264
2306,25.6685
2307,25.57362
2308,25.18993
2309,25.39892
2310,25.66339
2311,25.34565
2312,25.09457
2313,25.09454
2314,1E-07
2315,28.44779
2316,28.44856
2317,28.70325
2318,28.12051
2319,27.89269
2320,27.89268
2321,28.42687
2322,28.11937
2323,28.99185
2324,28.9952
2325,4.700105
2326,5.45622
2327,25.05638
2328,25.53308
2329,25.10922
2330,24.94648
2331,24.87794
2332,25.53296
2333,25.31857
2334,25.31855
2335,2.330144
2336,0.2628723
2337,22.89111
2338,24.89161
2339,24.96429
2340,28.24681
2341,28.24344
2342,0.1820911
2343,9.402743
2344,22.32306
2345,22.31939
2346,25.40227
2347,25.50026
2348,25.51487
2349,25.01776
2350,25.40199
2351,25.50032
2352,25.51451
2353,25.70923
2354,16.69609
2355,16.69035
2356,12.57588
2357,6.016402
2358,0.077503
2359,0.4675083
2360,25.26857
2361,20.73783
2362,25.18967
2363,22.96486
2364,25.18943
2365,22.30235
2366,24.91072
2367,25.03748
2368,24.91067
2369,24.69086
2370,28.26853
2371,28.67534
2372,28.67544
2373,28.26916
2374,28.18231
2375,28.18252
2376,28.58015
2377,28.59125
2378,4.480179
2379,8.867301
2380,12.1273
2381,25.26179
2382,25.68206
2383,25.35439
2384,25.52906
2385,25.35001
2386,25.68295
2387,25.31573
2388,25.81104
2389,25.81011
2390,25.68778
2391,23.4813
2392,21.02105
2393,21.21844
2394,13.4697
2395,17.42851
2396,18.92188
2397,18.91952
2398,0.3792171
2399,0.196325
2400,20.75267
2401,25.11559
2402,25.21279
2403,24.89153
2404,23.91581
2405,24.891
2406,1E-07
2407,30.34503
2408,30.34446
2409,28.63835
2410,28.63749
2411,29.12568
2412,29.12583
2413,7.206268
2414,6.358609
2415,6.368537
2416,0.07514722
2417,26.47405
2418,26.86835
2419,25.78883
2420,26.14491
2421,26.3626
2422,26.17048
2423,26.13573
2424,19.94201
2425,24.58979
2426,19.94338
2427,12.8233
2428,0.5814869
2429,4.45204
2430,8.624552
2431,25.53027
2432,25.18028
2433,25.02658
2434,25.32936
2435,24.95416
2436,24.91864
2437,25.18188
2438,25.39706
2439,24.57203
2440,16.08124
2441,1.773334
2442,15.96945
2443,12.82764
2444,28.71783
2445,28.7178
2446,29.81936
2447,29.81956
2448,30.38178
2449,30.38159
2450,2.763854
2451,3.493665
2452,0.4025702
2453,23.86884
2454,23.56079
2455,25.22978
2456,25.364
2457,25.22979
2458,25.36404
2459,24.24162
2460,0.1386586
2461,0.0370873
2462,28.39759
2463,28.39728
2464,28.30107
2465,28.30116
2466,29.5203
2467,29.52108
2468,5.516908
2469,7.018573
2470,7.085185
2471,1.153241E-07
2472,25.48401
2473,24.73783
2474,25.08282
2475,25.49728
2476,25.2155
2477,22.94643
2478,24.61212
2479,23.17258
2480,25.21561
2481,25.23076
2482,5.456727
2483,11.15632
2484,12.69877
2485,9.208229
2486,5.093244
2487,9.480497
2488,29.10235
2489,29.77826
2490,29.10229
2491,29.59153
2492,29.77866
2493,29.59091
2494,29.2398
2495,29.24022
2496,10.81415
2497,6.237131
2498,8.340208
2499,1E-07
2500,0.585215
2501,0.6102798
2502,25.49949
2503,25.21868
2504,25.30078
2505,25.48312
2506,25.12011
2507,25.32287
2508,25.46002
2509,25.39348
2510,24.26597
2511,25.37914
2512,25.14806
2513,25.35108
2514,8.004586
2515,8.575187
2516,8.586025
2517,8.03418
2518,0.2450337
2519,0.1043696
2520,28.94319
2521,28.94292
2522,30.17954
2523,28.83158
2524,30.06029
2525,28.83103
2526,7.354697
2527,9.32962
2528,8.260647
2529,5.588815
2530,25.34269
2531,25.34245
2532,0.8159577
2533,25.60302
2534,26.18336
2535,25.91227
2536,25.69264
2537,25.69298
2538,25.77686
2539,26.16127
2540,22.13473
2541,22.13221
2542,20.05802
2543,20.06006
2544,9.828856
2545,0.08062202
2546,3.975267
2547,29.55894
2548,29.21004
2549,29.87766
2550,29.87769
2551,29.20961
2552,29.55941
2553,4.224061
2554,5.447321
2555,1E-07
2556,25.61813
2557,25.61651
2558,25.20589
2559,1.67754
2560,4.649323
2561,29.75269
2562,30.30234
2563,29.56888
2564,30.40786
2565,29.7529
2566,29.56889
2567,1.184644
2568,2.506206
2569,25.06111
2570,23.19357
2571,23.59625
2572,25.06187
2573,22.83085
2574,25.60251
2575,24.52148
2576,24.52069
2577,25.60231
2578,25.20087
2579,25.20161
2580,20.77934
2581,25.14745
2582,1.879011
2583,1.355862
2584,0.6806327
2585,31.14556
2586,29.1494
2587,31.28947
2588,30.91899
2589,29.86806
2590,29.14934
2591,31.10811
2592,0.9283798
2593,25.09793
2594,23.62655
2595,25.08442
2596,21.33131
2597,25.01614
2598,23.87613
2599,25.13633
2600,25.21953
2601,24.15374
2602,23.08835
2603,0.0006408339
2604,24.80722
2605,25.32431
2606,25.32484
2607,26.50657
2608,24.91467
2609,25.22315
2610,25.65285
2611,22.39608
2612,1.238811
2613,0.3870983
2614,2.939375
2615,1.111127
2616,28.75799
2617,29.54357
2618,29.6865
2619,29.62853
2620,29.84747
2621,30.0892
2622,29.62781
2623,28.7574
2624,1.166792
2625,0.737169
2626,25.16462
2627,20.53789
2628,25.16505
2629,25.12831
2630,25.28499
2631,25.12846
2632,20.53711
2633,22.63473
2634,24.46724
2635,25.01719
2636,25.01753
2637,24.76491
2638,25.40202
2639,24.80099
2640,25.30605
2641,25.30664
2642,26.35002
2643,25.82236
2644,26.06847
2645,1.338937
2646,1.416316
2647,4.415542
2648,29.92628
2649,29.04678
2650,30.96451
2651,27.88546
2652,30.96508
2653,26.94709
2654,30.62047
2655,27.7885
2656,4.068678
2657,2.491364
2658,25.91093
2659,25.31569
2660,25.65806
2661,25.74141
2662,25.41397
2663,25.41392
2664,25.44197
2665,0.2923574
2666,8.116927
2667,25.83784
2668,25.83835
2669,24.71544
2670,25.4192
2671,25.90757
2672,25.90756
2673,25.34399
2674,26.14765
2675,0.5764921
2676,0.5646588
2677,0.4226652
2678,31.49958
2679,34.77097
2680,32.85167
2681,34.2398
2682,34.67564
2683,33.28978
2684,34.59153
2685,29.47267
2686,37.09671
2687,29.28324
2688,33.84193
2689,26.911
2690,26.28085
2691,26.97035
2692,25.56206
2693,25.33625
2694,25.20182
2695,25.42292
2696,25.77114
2697,0.5516792
2698,0.1237579
2699,1.072861
2700,26.08065
2701,26.51002
2702,25.75244
2703,25.96744
2704,26.81628
2705,26.37083
2706,25.34522
2707,25.7533
2708,0.860046
2709,0.1114789
2710,0.5659619
2711,0.0891434
2712,2.647403
2713,0.7168793
2714,26.15434
2715,25.74036
2716,25.65224
2717,25.65225
2718,25.58319
2719,25.7404
2720,0.8402619
2721,0.5311564
2722,0.2268597
2723,0.65233
2724,0.2257002
2725,1.01796
2726,26.05412
2727,25.85711
2728,25.92925
2729,25.39685
2730,26.01462
2731,26.00241
2732,26.49863
2733,25.48562
2734,26.00073
2735,25.62031
2736,1.594434
2737,25.33986
2738,25.33986
2739,25.31528
2740,25.33296
2741,25.36894
2742,25.30722
2743,0.3688775
2744,0.4463153
2745,0.1936664
2746,0.2285962
2747,26.53512
2748,26.72536
2749,26.72525
2750,27.3516
2751,26.84059
2752,26.61167
2753,7.664729
2754,7.894141
2755,4.328405
2756,5.929293
2757,3.857143
2758,25.48033
2759,25.48003
2760,25.30859
2761,25.41568
2762,25.01535
2763,24.76036
2764,0.1080983
2765,1.276761
2766,0.5361665
2767,20.79207
2768,20.79524
2769,13.1304
2770,25.24612
2771,18.73691
2772,24.1929
2773,25.02467
2774,25.08538
2775,25.08286
2776,25.56195
2777,25.24994
2778,25.15149
2779,0.2248169
2780,0.3129543
2781,0.5132406
2782,25.00746
2783,23.0817
2784,23.0827
2785,25.00818
2786,0.04283159
2787,9.676658
2788,15.15003
2789,15.14694
2790,25.33643
2791,25.152
2792,25.33685
2793,25.33809
2794,25.13823
2795,25.44411
2796,25.33434
2797,25.44205
2798,25.46637
2799,0.2905236
2800,1.709264
2801,0.2870057
2802,25.04005
2803,24.92122
2804,25.04006
2805,24.89518
2806,25.37918
2807,25.55531
2808,25.31701
2809,25.69201
2810,25.32162
2811,25.32754
2812,25.49629
2813,25.15369
2814,25.39041
2815,25.1418
2816,25.15125
2817,0.4751422
2818,25.13675
2819,25.1645
2820,25.16453
2821,25.05981
2822,25.14667
2823,25.14914
2824,0.08249829
2825,25.36422
2826,25.14617
2827,25.36406
2828,25.14599
2829,25.09642
2830,9.652891
2831,11.88592
2832,11.42505
2833,19.88701
2834,21.14011
2835,26.45439
2836,26.3223
2837,26.72267
2838,26.09476
2839,26.7496
2840,26.68147
2841,7.134986
2842,1.626568
2843,0.07903924
2844,25.20893
2845,25.51055
2846,25.33475
2847,25.20694
2848,25.21402
2849,25.36071
2850,25.25896
2851,25.25903
2852,22.5167
2853,25.33488
2854,25.21672
2855,0.8996189
2856,12.45413
2857,15.75875
2858,17.01823
2859,7.396782
2860,13.19527
2861,0.1748519
2862,25.47948
2863,21.11772
2864,24.53149
2865,25.42954
2866,25.42972
2867,21.70836
2868,24.20066
2869,25.29046
2870,25.29031
2871,25.32201
2872,5.687042
2873,1.748099
2874,12.86328
2875,8.408963
2876,12.86681
2877,14.56975
2878,4.672487
2879,14.56944
2880,1.984381
2881,0.1870762
2882,0.1253266
2883,25.32519
2884,24.72451
2885,25.313
2886,25.31307
2887,24.75946
2888,23.63306
2889,25.32561
2890,4.80686
2891,12.84386
2892,12.84182
2893,3.853418
2894,13.88851
2895,1.89704
2896,8.754697
2897,2.196044
2898,0.3458407
2899,0.6673735
2900,0.1256161
2901,0.5469278
2902,25.53235
2903,25.21327
2904,25.5656
2905,25.21485
2906,25.43375
2907,25.38737
2908,25.56549
2909,23.93269
2910,10.6412
2911,6.899635
2912,6.519359
2913,1.355225
2914,3.119229
2915,10.16246
2916,14.35549
2917,14.36573
2918,13.7078
2919,16.05405
2920,16.45852
2921,8.342752
2922,14.18137
2923,14.17416
2924,26.36484
2925,25.67813
2926,25.82439
2927,26.00848
2928,25.69685
2929,25.69682
2930,9.487572
2931,14.12265
2932,7.981501
2933,14.30963
2934,25.66247
2935,25.66239
2936,25.33334
2937,25.41053
2938,25.33335
2939,25.54789
2940,25.22783
2941,25.49352
2942,25.3386
2943,25.41015
2944,25.71178
2945,25.42702
2946,25.49422
2947,5.356812
2948,1.204839
2949,2.369029
2950,2.127671
2951,10.44197
2952,2.005707
2953,25.00935
2954,25.00928
2955,25.00935
2956,11.76395
2957,9.66159
2958,10.31623
2959,12.63183
2960,25.21684
2961,25.59861
2962,25.9132
2963,25.66168
2964,25.28883
2965,25.6616
2966,25.30954
2967,12.49386
2968,12.49492
2969,0.6767221
2970,0.0626115
2971,2.95822
2972,0.02008643
2973,6.273339
2974,8.15152
2975,0.01472715
2976,26.13599
2977,26.13591
2978,25.95731
2979,26.32384
2980,25.73532
2981,25.8572
2982,25.67559
2983,25.73451
2984,25.25911
2985,25.564
2986,25.82907
2987,24.35757
2988,12.48478
2989,1.785925
2990,12.15254
2991,3.49497
2992,5.783832
2993,0.08765525
2994,5.560013
2995,24.20436
2996,24.2033
2997,25.28506
2998,25.28512
2999,1.73201
3000,0.7327271
3001,5.089627
3002,6.896486
3003,10.45698
3004,10.45626
3005,29.41399
3006,34.09864
3007,25.21401
3008,20.75198
3009,22.80912
3010,24.80049
3011,26.0033
3012,25.4172
3013,29.41363
3014,25.94024
3015,24.96693
3016,14.62569
3017,5.856316
3018,2.862971
3019,10.91373
3020,2.074074
3021,2.235314
3022,25.03337
3023,25.03652
3024,25.03319
3025,25.03707
3026,25.1068
3027,25.10747
3028,23.42878
3029,23.42777
3030,2.707369
3031,1.059446
3032,1.613707
3033,0.6858064
3034,25.8414
3035,18.57763
3036,25.32578
3037,25.32519
3038,25.84099
3039,8.557522
3040,7.59693
3041,3.446088
3042,37.53724
3043,25.21709
3044,26.51826
3045,24.73672
3046,37.53659
3047,26.51743
3048,24.73679
3049,23.26548
3050,23.26589
3051,24.82116
3052,15.56713
3053,5.080408
3054,1.962523
3055,1.719062
3056,0.4060342
3057,25.15057
3058,25.21694
3059,25.19719
3060,25.08661
3061,25.21203
3062,25.25616
3063,25.21612
3064,25.21636
3065,25.20407
3066,25.2058
3067,25.26467
3068,23.3523
3069,23.92825
3070,25.20123
3071,25.2019
3072,25.56975
3073,25.29184
3074,0.7622678
3075,1.076251
3076,26.29242
3077,27.93543
3078,25.0161
3079,27.80107
3080,28.12494
3081,26.29193
3082,25.02966
3083,26.16009
3084,25.01718
3085,25.96585
3086,25.02754
3087,1.064826
3088,3.520803
3089,8.954806
3090,7.362113
3091,0.2277392
3092,0.4673468
3093,25.11121
3094,25.20308
3095,25.20249
3096,25.19951
3097,25.19982
3098,24.02057
3099,25.24903
3100,25.24851
3101,24.80746
3102,25.30156
3103,24.78093
3104,25.59509
3105,24.92598
3106,3.218688
3107,0.8493443
3108,0.2592833
3109,0.06550656
3110,25.9046
3111,26.03589
3112,26.03616
3113,25.65744
3114,25.66529
3115,25.65726
3116,26.03967
3117,25.20343
3118,25.81356
3119,25.418
3120,26.26539
3121,3.347793
3122,4.015172
3123,3.255415
3124,0.3724652
3125,3.100161
3126,25.40059
3127,25.23473
3128,25.44228
3129,25.44265
3130,25.21093
3131,25.23454
3132,25.53455
3133,25.59284
3134,25.52028
3135,24.93382
3136,25.14514
3137,25.03762
3138,0.4898949
3139,12.00221
3140,11.74133
3141,0.06210037
3142,0.3153029
3143,0.1320739
3144,26.63251
3145,25.79961
3146,26.632
3147,26.36429
3148,25.68662
3149,26.00947
3150,25.88532
3151,25.98966
3152,25.81027
3153,26.16758
3154,26.30867
3155,25.7644
3156,12.75767
3157,11.88375
3158,3.898658
3159,9.487357
3160,0.2135354
3161,1.046822
3162,25.85967
3163,25.37982
3164,25.4876
3165,25.30767
3166,25.38012
3167,25.4898
3168,25.30766
3169,10.82178
3170,10.82209
3171,25.6861
3172,25.45355
3173,26.34288
3174,25.38264
3175,25.59937
3176,25.10927
3177,25.27597
3178,23.40202
3179,25.83464
3180,3.827202
3181,0.2656248
3182,0.2387681
3183,1.647592
3184,25.97137
3185,26.58608
3186,27.02174
3187,26.07477
3188,26.84836
3189,27.02161
3190,25.91313
3191,27.20129
3192,26.84879
3193,25.91649
3194,26.25567
3195,7.057193
3196,2.847528
3197,1.701127
3198,24.17159
3199,23.89834
3200,25.26899
3201,25.26936
3202,25.28702
3203,25.28756
3204,0.03896634
3205,25.62521
3206,25.63737
3207,25.63714
3208,25.67542
3209,25.69224
3210,23.52339
3211,23.52272
3212,25.62002
3213,25.46501
3214,25.46508
3215,25.55289
3216,1.228591
3217,0.6748728
3218,0.1218674
3219,0.05754463
3220,9.575279
3221,9.682909
3222,1.580812
3223,0.5237109
3224,28.03367
3225,28.03156
3226,26.46226
3227,26.4623
3228,27.71508
3229,26.87798
3230,27.70644
3231,26.8507
3232,26.85233
3233,26.87808
3234,22.41227
3235,15.96842
3236,20.40858
3237,22.71585
3238,18.1638
3239,41.30703
3240,29.40173
3241,19.64331
3242,24.77242
3243,30.49425
3244,19.16756
3245,13.52623
3246,26.2333
3247,26.23225
3248,26.15003
3249,25.90241
3250,25.9238
3251,24.1004
3252,24.10358
3253,22.36469
3254,22.36436
3255,19.9596
3256,26.41976
3257,19.95911
3258,26.14136
3259,26.14073
3260,24.2293
3261,25.57502
3262,25.81167
3263,24.23559
3264,25.41789
3265,25.41834
3266,25.69652
3267,25.69659
3268,25.74509
3269,25.57283
3270,8.308064
3271,7.719965
3272,0.6376372
3273,0.104641
3274,0.1140972
3275,25.14215
3276,25.14238
3277,9.323387
3278,8.827358
3279,0.6594238
3280,0.7195908
3281,0.6606552
3282,26.06745
3283,26.34666
3284,26.44569
3285,26.55317
3286,26.06718
3287,26.55391
3288,25.37301
3289,25.62365
3290,26.17232
3291,27.76363
3292,27.7569
3293,26.18304
3294,26.79806
3295,25.52386
3296,25.557
3297,25.92415
3298,25.53204
3299,25.57372
3300,25.67495
3301,6.831353
3302,10.74994
3303,5.629471
3304,8.680583
3305,7.928993
3306,6.075324
3307,0.2446667
3308,25.18645
3309,25.00664
3310,25.00718
3311,25.21783
3312,22.5038
3313,0.3171663
3314,0.6385382
3315,26.52513
3316,26.41322
3317,26.52396
3318,26.41332
3319,27.83208
3320,27.78541
3321,28.27402
3322,28.80876
3323,29.28311
3324,29.38377
3325,28.29336
3326,26.48319
3327,30.17898
3328,25.85773
3329,25.54492
3330,25.62214
3331,25.76136
3332,26.09954
3333,25.64541
3334,25.79649
3335,25.69221
3336,25.50695
3337,25.78725
3338,12.58919
3339,16.59529
3340,12.53446
3341,17.40751
3342,15.3835
3343,1.524301
3344,25.08544
3345,25.49356
3346,25.42043
3347,25.06142
3348,25.38833
3349,0.09213521
3350,0.07027204
3351,0.05094815
3352,29.20864
3353,29.20913
3354,28.16155
3355,28.16148
3356,27.35872
3357,27.39259
3358,28.5279
3359,26.03452
3360,32.81215
3361,25.64522
3362,32.80984
3363,26.67156
3364,26.89899
3365,25.47425
3366,25.87518
3367,26.05724
3368,25.79949
3369,25.91007
3370,25.57431
3371,26.14824
3372,25.57395
3373,25.87194
3374,25.41682
3375,15.17181
3376,19.02616
3377,19.16787
3378,18.14475
3379,16.71214
3380,19.03241
3381,18.14113
3382,14.03928
3383,15.70661
3384,3.348447
3385,25.26188
3386,25.26189
3387,25.06267
3388,25.57197
3389,25.06252
3390,25.22008
3391,25.31986
3392,25.11634
3393,3.942292
3394,27.92945
3395,27.92912
3396,27.3488
3397,28.65268
3398,21.69717
3399,27.85354
3400,27.72352
3401,27.91623
3402,27.34434
3403,30.39696
3404,24.8571
3405,30.16031
3406,26.71964
3407,27.00272
3408,27.88524
3409,25.36701
3410,25.39236
3411,26.39136
3412,26.51532
3413,26.60588
3414,26.79457
3415,26.80637
3416,26.80648
3417,26.37788
3418,20.79039
3419,26.97047
3420,17.13298
3421,20.27674
3422,22.77781
3423,22.88067
3424,23.40316
3425,8.502118
3426,10.20975
3427,13.3078
3428,6.103568
3429,25.4935
3430,20.18755
3431,25.04481
3432,25.07564
3433,25.09636
3434,24.74298
3435,25.51461
3436,5.03207
3437,2.453758
3438,0.2810731
3439,28.45319
3440,28.45203
3441,28.89855
3442,28.89881
3443,16.19901
3444,23.02834
3445,19.95775
3446,22.9945
3447,24.99895
3448,25.02216
3449,25.02764
3450,23.63364
3451,25.24482
3452,25.33054
3453,24.95853
3454,25.48919
3455,0.3210436
3456,27.81454
3457,28.01828
3458,27.08243
3459,27.08299
3460,28.02184
3461,27.56378
3462,27.8143
3463,27.87242
3464,12.26181
3465,12.31987
3466,11.48496
3467,25.25117
3468,25.69563
3469,24.49037
3470,25.31648
3471,25.22166
3472,23.48219
3473,25.59031
3474,10.2478
3475,3.720859
3476,10.97658
3477,0.1634086
3478,28.37145
3479,28.64029
3480,28.6405
3481,28.18676
3482,28.18644
3483,28.3705
3484,1.298533
3485,5.821953
3486,25.45774
3487,25.0741
3488,23.7318
3489,25.24014
3490,25.51008
3491,25.92929
3492,25.36866
3493,25.47489
3494,25.54636
3495,25.34384
3496,25.56312
3497,14.77813
3498,18.36383
3499,13.81528
3500,17.98763
3501,17.20102
3502,15.50697
3503,0.1700149
3504,19.55776
3505,23.18009
3506,19.55707
3507,16.88667
3508,24.79343
3509,10.1828
3510,5.614399
3511,0.002436009
3512,29.05506
3513,28.6097
3514,27.78411
3515,27.78431
3516,28.58253
3517,28.58099
3518,29.48681
3519,29.48707
3520,2.480183
3521,2.471206
3522,26.0061
3523,26.01834
3524,25.99076
3525,26.0503
3526,26.20406
3527,25.89866
3528,25.89862
3529,11.37221
3530,7.059724
3531,10.54978
3532,7.50035
3533,14.92209
3534,13.57869
3535,15.2732
3536,20.27222
3537,24.96139
3538,22.87972
3539,20.27075
3540,22.88194
3541,24.96023
3542,24.81948
3543,24.81925
3544,4.042455
3545,11.63339
3546,0.1816751
3547,26.48759
3548,26.48747
3549,26.32615
3550,26.32638
3551,1.293514
3552,1.063622
3553,9.384362
3554,9.382232
3555,14.78864
3556,6.788412
3557,14.78838
3558,22.67168
3559,25.34078
3560,22.86858
3561,25.15233
3562,21.93802
3563,25.15129
3564,22.67651
3565,1.640896
3566,0.1128428
3567,29.88599
3568,29.88605
3569,26.84943
3570,22.97504
3571,28.46003
3572,28.22198
3573,26.84967
3574,22.9784
3575,2.828433
3576,5.062126
3577,0.956098
3578,4.879461
3579,24.72901
3580,25.06822
3581,24.91775
3582,24.91745
3583,25.07032
3584,12.39117
3585,12.39754
3586,0.2946758
3587,0.1266237
3588,25.8514
3589,25.85206
3590,30.29467
3591,29.42033
3592,30.2944
3593,29.45321
3594,28.94499
3595,28.94099
3596,30.00344
3597,28.18641
3598,28.07265
3599,6.982441
3600,8.362549
3601,2.916535
3602,25.11833
3603,25.53963
3604,25.23852
3605,25.16883
3606,25.16922
3607,25.11944
3608,25.48749
3609,25.09131
3610,24.38165
3611,25.12451
3612,24.92304
3613,11.72812
3614,10.36506
3615,0.06013166
3616,0.1347498
3617,29.83055
3618,29.30659
3619,29.30637
3620,29.34379
3621,29.34389
3622,29.8578
3623,30.01995
3624,4.413644
3625,23.71081
3626,24.31
3627,24.30692
3628,24.46517
3629,24.4596
3630,25.17744
3631,24.54889
3632,24.54851
3633,22.20618
3634,0.6783722
3635,25.78416
3636,25.96118
3637,25.82249
3638,25.6182
3639,25.61808
3640,4.445851
3641,9.725962
3642,15.5008
3643,15.5006
3644,0.902373
3645,0.07478417
3646,29.04513
3647,28.93801
3648,29.2791
3649,30.09487
3650,29.352
3651,28.8041
3652,29.04507
3653,30.09594
3654,27.4077
3655,27.40707
3656,2.869234
3657,4.13682
3658,24.15962
3659,25.23821
3660,21.66562
3661,21.66543
3662,22.8689
3663,0.5486859
3664,12.55981
3665,12.55974
3666,1.411716
3667,30.18399
3668,31.36297
3669,30.22502
3670,31.22503
3671,31.2978
3672,32.02263
3673,31.91229
3674,0.8592393
3675,20.68156
3676,20.68162
3677,15.35914
3678,0.8450782
3679,1.638667
3680,5.279807
3681,4.487142
3682,4.964679
3683,30.34482
3684,31.31265
3685,31.18646
3686,30.91682
3687,31.73898
3688,31.73889
3689,30.29836
3690,0.4390307
3691,1.348868
3692,23.24062
3693,23.23876
3694,17.79613
3695,0.0006408339
3696,26.1076
3697,20.51678
3698,21.51301
3699,16.10463
3700,20.71155
3701,0.7867044
3702,0.7054554
3703,4.065747
3704,1.372691
3705,29.5293
3706,29.21508
3707,31.20581
3708,27.76156
3709,29.52975
3710,27.76167
3711,29.21486
3712,30.33344
3713,32.59663
3714,2.576607
3715,1.598435
3716,25.24139
3717,23.31485
3718,18.08841
3719,23.49567
3720,24.95656
3721,23.4996
3722,25.09256
3723,24.95769
3724,0.01332891
3725,22.44113
3726,26.99395
3727,26.13146
3728,19.82799
3729,20.93595
3730,20.93587
3731,25.58458
3732,22.50695
3733,21.60951
3734,0.3098546
3735,5.262202
3736,2.302709
3737,32.21627
3738,36.7902
3739,42.30396
3740,33.17305
3741,29.65158
3742,27.58599
3743,41.82425
3744,6.263463
3745,3.092577
3746,25.39835
3747,25.4923
3748,25.39846
3749,25.49269
3750,25.54927
3751,24.9132
3752,25.25037
3753,25.89393
3754,26.45752
3755,25.90861
3756,0.2273174
3757,1.057799
3758,36.73807
3759,37.16937
3760,31.6814
3761,36.7401
3762,32.09011
3763,40.10721
3764,40.10751
3765,8.70681
3766,25.50348
3767,17.39295
3768,26.99863
3769,25.41634
3770,25.99509
3771,26.35449
3772,25.7009
3773,25.52313
3774,25.61716
3775,26.31024
3776,26.44493
3777,26.4448
3778,24.79247
3779,25.46753
3780,0.1419143
3781,0.366278
3782,1.161186
3783,0.1662598
3784,26.34364
3785,25.88941
3786,25.88812
3787,27.36783
3788,0.15251
3789,26.26727
3790,26.05189
3791,27.03882
3792,26.24025
3793,26.0847
3794,26.16771
3795,26.22348
3796,25.9073
3797,26.49766
3798,0.9640988
3799,0.4185391
3800,0.156637
3801,0.4199873
3802,0.06220296
3803,25.60042
3804,26.38016
3805,25.60004
3806,25.87989
3807,26.06673
3808,26.40867
3809,26.37844
3810,25.56453
3811,26.53096
3812,1.657577
3813,4.638672
3814,25.39398
3815,25.29968
3816,25.32568
3817,25.55242
3818,25.2287
3819,25.21312
3820,25.21277
3821,25.16595
3822,20.57305
3823,0.4676731
3824,27.17507
3825,26.77257
3826,26.77281
3827,27.02245
3828,26.37878
3829,5.51917
3830,8.567984
3831,12.05698
3832,14.86647
3833,25.63256
3834,24.76838
3835,25.3409
3836,25.21118
3837,25.4821
3838,25.30303
3839,21.71068
3840,25.23743
3841,25.48205
3842,25.33675
3843,0.1713485
3844,0.9061854
3845,11.00042
3846,11.00053
3847,22.6927
3848,22.69056
3849,22.15924
3850,25.29478
3851,25.2948
3852,25.76211
3853,25.95007
3854,0.03528941
3855,1.946043
3856,1.972976
3857,11.92435
3858,11.92451
3859,0.02118222
3860,25.205
3861,25.45089
3862,25.15747
3863,25.36963
3864,25.54218
3865,25.39156
3866,25.171
3867,25.36969
3868,25.58205
3869,25.85288
3870,25.35077
3871,26.15529
3872,0.1106782
3873,0.6172035
3874,0.5263262
3875,0.3477565
3876,25.66615
3877,25.43015
3878,25.56059
3879,25.34059
3880,25.49033
3881,25.38635
3882,25.46341
3883,25.46451
3884,25.2984
3885,25.78516
3886,0.541907
3887,2.007872
3888,23.95959
3889,25.1264
3890,25.11021
3891,25.23827
3892,25.10959
3893,25.11923
3894,0.02766064
3895,0.05651238
3896,1E-07
3897,0.4730207
3898,16.59543
3899,16.59295
3900,1.706782
3901,13.47121
3902,27.13387
3903,27.02363
3904,26.6816
3905,26.7543
3906,27.07911
3907,27.02736
3908,6.17749
3909,5.034715
3910,0.04858536
3911,1E-07
3912,24.53771
3913,24.9618
3914,25.40189
3915,23.08068
3916,24.53647
3917,24.96193
3918,0.2502011
3919,11.79568
3920,16.09298
3921,16.0798
3922,10.1834
3923,12.56336
3924,10.47043
3925,0.002501072
3926,1E-07
3927,25.25649
3928,25.10151
3929,25.09874
3930,25.26077
3931,25.26092
3932,25.10151
3933,25.20435
3934,25.09843
3935,11.22911
3936,10.16941
3937,9.584302
3938,11.24554
3939,2.998012
3940,5.950326
3941,0.1437
3942,1E-07
3943,24.95874
3944,25.39459
3945,25.18954
3946,17.20721
3947,25.37526
3948,25.37535
3949,25.1906
3950,2.411433
3951,4.629472
3952,21.54896
3953,24.63875
3954,27.06314
3955,25.05492
3956,26.32961
3957,25.94016
3958,16.72923
3959,16.28786
3960,4.619385
3961,0.847
3962,25.2735
3963,25.34087
3964,25.28308
3965,25.22801
3966,25.2737
3967,25.5147
3968,25.28275
3969,25.52445
3970,25.21379
3971,2.083566
3972,1.521381
3973,10.51819
3974,9.090526
3975,19.33948
3976,9.251991
3977,12.54117
3978,27.05987
3979,25.23575
3980,26.72316
3981,26.72255
3982,27.05988
3983,25.2353
3984,14.46197
3985,14.46134
3986,23.17339
3987,25.84991
3988,25.85049
3989,26.43809
3990,26.43787
3991,8.869037
3992,17.06411
3993,14.7607
3994,18.52921
3995,12.39752
3996,18.58654
3997,0.01765268
3998,25.17362
3999,25.59774
4000,25.5361
4001,25.59753
4002,25.46531
4003,25.35361
4004,25.24005
4005,25.17331
4006,25.37081
4007,25.61233
4008,25.61222
4009,25.49979
4010,25.49995
4011,3.9347
4012,3.749476
4013,9.971579
4014,8.0624
4015,4.667679
4016,7.827282
4017,25.24622
4018,25.24494
4019,25.64135
4020,25.8079
4021,25.64495
4022,25.80855
4023,14.32814
4024,15.54723
4025,14.69189
4026,8.300742
4027,14.50268
4028,0.1216232
4029,25.33514
4030,25.07644
4031,25.44419
4032,25.3346
4033,25.54578
4034,25.63692
4035,25.18788
4036,25.54539
4037,25.74723
4038,2.761603
4039,3.74816
4040,1.281768
4041,4.893953
4042,4.497801
4043,0.8536713
4044,25.44178
4045,25.70061
4046,25.4417
4047,24.91091
4048,24.90558
4049,11.17987
4050,9.634056
4051,6.792463
4052,9.552926
4053,0.122041
4054,26.07577
4055,24.95685
4056,26.07526
4057,25.9548
4058,25.80473
4059,25.62529
4060,25.99017
4061,25.98947
4062,25.83035
4063,25.95526
4064,25.25755
4065,25.52774
4066,25.52769
4067,1.764049
4068,0.6464649
4069,26.05943
4070,25.85198
4071,25.85196
4072,1.156518
4073,9.388143
4074,9.014612
4075,5.243701
4076,3.718753
4077,0.1774827
4078,1.168724
4079,2.124447
4080,24.42086
4081,25.73153
4082,26.24887
4083,25.40509
4084,26.14515
4085,26.18814
4086,24.41785
4087,25.71568
4088,26.0129
4089,26.24751
4090,13.51437
4091,5.10579
4092,5.784926
4093,0.5686608
4094,11.72302
4095,0.4006965
4096,25.70485
4097,25.88755
4098,25.88853
4099,25.6951
4100,25.70446
4101,25.7554
4102,25.75552
4103,25.06744
4104,25.0673
4105,25.06802
4106,0.1768636
4107,2.41746
4108,0.4147043
4109,25.70987
4110,25.70977
4111,17.30076
4112,17.12803
4113,26.14775
4114,26.14864
4115,2.368986
4116,1.965553
4117,26.56988
4118,25.4725
4119,26.28583
4120,26.33747
4121,23.87753
4122,25.10934
4123,25.23094
4124,26.40817
4125,25.10969
4126,25.58435
4127,0.5296082
4128,14.63871
4129,0.4728749
4130,24.77008
4131,24.77997
4132,25.8385
4133,25.74602
4134,25.83685
4135,25.91295
4136,25.71601
4137,23.29414
4138,25.05364
4139,23.29259
4140,25.10966
4141,25.05087
4142,25.16119
4143,25.11056
4144,25.10312
4145,25.10299
4146,0.2488534
4147,0.3368636
4148,4.186085
4149,0.1811808
4150,26.37886
4151,25.53304
4152,25.91243
4153,25.89788
4154,26.00947
4155,25.53309
4156,26.2444
4157,25.88185
4158,26.09229
4159,26.5093
4160,25.92601
4161,26.29384
4162,25.94507
4163,26.29362
4164,5.732217
4165,0.2279307
4166,25.91839
4167,25.91816
4168,25.94614
4169,25.94616
4170,25.16309
4171,25.15132
4172,25.24881
4173,25.24901
4174,25.46149
4175,25.41457
4176,25.32859
4177,25.17962
4178,25.26502
4179,25.22897
4180,25.337
4181,25.17499
4182,25.2449
4183,0.9260625
4184,2.031755
4185,2.349643
4186,26.2303
4187,26.12817
4188,26.02596
4189,26.30284
4190,25.9136
4191,26.24068
4192,25.92348
4193,26.17868
4194,26.1784
4195,25.96639
4196,1.057634
4197,0.3089412
4198,0.4450057
4199,26.06692
4200,26.06978
4201,26.13163
4202,26.00946
4203,26.13367
4204,25.07151
4205,25.41124
4206,25.66482
4207,25.42515
4208,25.40975
4209,24.97347
4210,24.97382
4211,24.97436
4212,25.22691
4213,25.35533
4214,23.93571
4215,25.22219
4216,24.88052
4217,25.31648
4218,24.87722
4219,25.40863
4220,24.42781
4221,25.22204
4222,25.23499
4223,0.3942865
4224,0.06024896
4225,1.678927
4226,0.1227609
4227,26.38198
4228,25.97478
4229,26.01457
4230,26.60823
4231,25.94753
4232,25.49927
4233,25.88775
4234,26.02159
4235,25.77817
4236,26.10057
4237,26.32501
4238,26.17167
4239,7.323889
4240,3.390178
4241,2.670304
4242,2.675533
4243,1.702904
4244,0.8502469
4245,26.51874
4246,26.31166
4247,26.20613
4248,26.31154
4249,26.59257
4250,26.63711
4251,26.58532
4252,1E-07
4253,25.50466
4254,25.33403
4255,25.61543
4256,25.61382
4257,25.50407
4258,25.3342
4259,11.08959
4260,24.951
4261,24.95104
4262,24.68456
4263,11.08966
4264,25.54711
4265,24.82762
4266,25.11914
4267,24.98549
4268,25.21095
4269,25.35594
4270,25.35578
4271,0.01956735
4272,0.3911659
4273,3.697897
4274,0.8571732
4275,2.690678
4276,0.6281517
4277,0.9053959
4278,0.9895933
4279,25.79033
4280,25.83892
4281,25.74406
4282,25.27279
4283,26.28824
4284,26.14147
4285,26.11393
4286,25.74477
4287,25.82827
4288,25.91754
4289,25.76715
4290,26.21677
4291,26.28841
4292,25.84112
4293,25.84095
4294,5.795804
4295,14.86823
4296,10.89759
4297,7.535892
4298,6.12917
4299,0.5924789
4300,18.15098
4301,18.14849
4302,26.71286
4303,26.73557
4304,26.69745
4305,26.73559
4306,26.81218
4307,26.81218
4308,25.60707
4309,25.37937
4310,25.66294
4311,25.60728
4312,26.03285
4313,26.03094
4314,25.682
4315,25.37888
4316,25.49079
4317,25.58927
4318,25.35486
4319,25.51404
4320,25.92352
4321,25.74306
4322,25.2861
4323,25.28578
4324,0.2396627
4325,0.7554438
4326,0.7767666
4327,13.92163
4328,13.95252
4329,11.34812
4330,7.310822
4331,11.3484
4332,3.7415
4333,0.267949
4334,27.32141
4335,27.31828
4336,27.31771
4337,26.57397
4338,27.32281
4339,26.52026
4340,18.56843
4341,10.93635
4342,8.414056
4343,10.39649
4344,8.775819
4345,10.06532
4346,14.58185
4347,16.25813
4348,26.91015
4349,26.95191
4350,27.11556
4351,27.11569
4352,26.70016
4353,26.68126
4354,26.69991
4355,26.27118
4356,26.32071
4357,26.29179
4358,26.04406
4359,26.04284
4360,25.95497
4361,25.21645
4362,19.59374
4363,19.5922
4364,25.21792
4365,25.56973
4366,24.13721
4367,25.26501
4368,25.17193
4369,25.47421
4370,25.26579
4371,25.54142
4372,25.43977
4373,25.43985
4374,25.4052
4375,25.4705
4376,25.02062
4377,3.232624
4378,0.5762226
4379,0.3672683
4380,0.1008505
4381,28.0826
4382,28.13143
4383,28.13226
4384,27.35196
4385,28.08338
4386,27.31553
4387,22.90694
4388,22.90319
4389,26.53443
4390,26.53505
4391,26.23077
4392,26.23466
4393,26.99876
4394,25.56182
4395,27.91123
4396,25.56011
4397,27.9096
4398,23.00552
4399,26.06551
4400,25.31555
4401,25.31845
4402,25.68761
4403,25.50803
4404,25.42266
4405,25.35286
4406,25.35203
4407,25.51056
4408,25.49652
4409,25.58409
4410,5.109575
4411,1.896535
4412,0.2682756
4413,0.2582493
4414,0.06754076
4415,28.67938
4416,27.87554
4417,28.1929
4418,28.40052
4419,27.70269
4420,28.19303
4421,28.36035
4422,27.70261
4423,26.67304
4424,26.67282
4425,27.213
4426,27.20887
4427,26.80146
4428,26.80217
4429,24.39298
4430,30.21073
4431,30.04236
4432,30.68376
4433,24.39496
4434,30.61229
4435,30.613
4436,31.58527
4437,31.58489
4438,25.31047
4439,25.48098
4440,25.41908
4441,25.32677
4442,25.71135
4443,25.57005
4444,25.49862
4445,6.537899
4446,7.803176
4447,11.14523
4448,13.14682
4449,0.2748929
4450,0.8178378
4451,0.1442288
4452,28.58027
4453,28.77687
4454,31.05027
4455,29.62252
4456,29.08135
4457,29.08218
4458,28.77663
4459,29.89544
4460,27.5811
4461,27.58113
4462,29.90393
4463,26.88095
4464,26.25078
4465,28.22876
4466,26.87996
4467,30.01845
4468,29.83418
4469,27.03201
4470,25.64619
4471,25.67759
4472,25.84781
4473,25.61861
4474,25.91411
4475,25.15083
4476,25.73545
4477,25.39585
4478,25.64568
4479,25.4816
4480,16.19345
4481,2.748104
4482,1.938686
4483,1.484481
4484,1.719336
4485,24.51002
4486,24.51051
4487,0.03854061
4488,0.6755427
4489,0.4423884
4490,0.302386
4491,1E-07
4492,29.38875
4493,29.02196
4494,29.0213
4495,29.63512
4496,29.38873
4497,28.02938
4498,27.53928
4499,27.72047
4500,28.80852
4501,28.26817
4502,28.23789
4503,28.77253
4504,14.02975
4505,31.10966
4506,26.40519
4507,28.05701
4508,22.27646
4509,33.22301
4510,27.54371
4511,27.54246
4512,26.71588
4513,26.51431
4514,26.60089
4515,26.53535
4516,26.4091
4517,26.6109
4518,26.81676
4519,27.09501
4520,29.63884
4521,31.78364
4522,33.52263
4523,34.07907
4524,24.16586
4525,29.24211
4526,5.808185
4527,8.261149
4528,5.697589
4529,24.05775
4530,25.0809
4531,17.24968
4532,17.25122
4533,3.27809
4534,0.7195889
4535,0.5442764
4536,0.004473522
4537,30.40789
4538,30.40942
4539,28.2967
4540,29.29811
4541,30.66195
4542,31.98913
4543,27.10547
4544,28.3077
4545,28.36059
4546,27.73258
4547,27.73273
4548,27.10514
4549,26.55474
4550,17.39862
4551,23.59978
4552,34.60858
4553,34.71695
4554,24.77436
4555,22.54736
4556,19.42842
4557,28.88761
4558,28.12123
4559,23.44068
4560,25.22302
4561,25.12995
4562,25.00934
4563,25.15975
4564,25.19076
4565,25.15937
4566,25.05391
4567,25.87971
4568,22.75532
4569,26.17834
4570,25.87833
4571,21.59329
4572,24.9416
4573,21.59351
4574,24.9409
4575,23.56364
4576,0.6799935
4577,0.04518142
4578,0.3563826
4579,30.65088
4580,30.65967
4581,32.49427
4582,30.65217
4583,30.43809
4584,33.43383
4585,30.66448
4586,25.38347
4587,26.72236
4588,27.07474
4589,27.35197
4590,27.35047
4591,27.06373
4592,27.12629
4593,26.38012
4594,14.89416
4595,16.3168
4596,15.85428
4597,12.03003
4598,15.16303
4599,17.5237
4600,23.83044
4601,25.4381
4602,25.38466
4603,24.85939
4604,24.97749
4605,25.17737
4606,25.25963
4607,25.43821
4608,24.56787
4609,25.31829
4610,25.55898
4611,18.60618
4612,25.29685
4613,25.61528
4614,25.0909
4615,18.60352
4616,25.06305
4617,25.57014
4618,3.719245
4619,6.414382
4620,4.548883
4621,3.074027
4622,0.1287266
4623,1.635334
4624,0.4649672
4625,30.48788
4626,29.42462
4627,30.27232
4628,28.86843
4629,28.74977
4630,30.26268
4631,32.22571
4632,29.42394
4633,27.70494
4634,23.85769
4635,23.32614
4636,27.7049
4637,25.11291
4638,24.03821
4639,24.28379
4640,24.28378
4641,6.629181
4642,6.125147
4643,10.15917
4644,25.23106
4645,25.2743
4646,25.36898
4647,25.48726
4648,25.24267
4649,25.27422
4650,25.2429
4651,20.12995
4652,25.668
4653,25.66815
4654,24.89705
4655,25.63381
4656,23.46465
4657,25.20443
4658,25.88604
4659,25.38873
4660,18.67298
4661,18.67179
4662,12.27071
4663,14.8184
4664,12.5861
4665,1.153533
4666,1.183471
4667,0.270081
4668,29.62919
4669,28.33103
4670,30.58071
4671,29.62187
4672,29.48492
4673,24.11331
4674,23.01507
4675,26.04474
4676,26.0447
4677,23.00019
4678,2.491939
4679,6.148659
4680,1.934364
4681,1.717474
4682,24.45838
4683,25.2303
4684,25.3303
4685,25.45108
4686,25.5916
4687,25.35208
4688,25.35208
4689,25.45097
4690,25.59147
4691,25.47777
4692,25.72056
4693,0.0003477396
4694,26.12202
4695,26.27582
4696,26.21513
4697,25.68049
4698,26.49046
4699,26.30827
4700,2.46999
4701,3.3077
4702,0.4464344
4703,5.356977
4704,0.4889605
4705,0.3536495
4706,114.4715
4707,124.6032
4708,107.6648
4709,28.04113
4710,115.3706
4711,123.6595
4712,107.6565
4713,115.4584
4714,114.9033
4715,123.6547
4716,122.5437
4717,107.511
4718,28.04737
4719,98.88583
4720,114.9095
4721,113.8119
4722,23.09548
4723,29.48411
4724,20.79984
4725,26.14565
4726,26.95785
4727,29.48386
4728,1.934733
4729,25.84993
4730,25.62757
4731,25.54176
4732,25.65338
4733,25.67074
4734,25.69477
4735,25.44335
4736,8.462774
4737,11.85696
4738,5.432571
4739,5.52508
4740,0.2131
4741,1E-07
4742,1.038871
4743,105.0866
4744,44.58979
4745,106.2807
4746,109.1729
4747,65.03811
4748,110.3617
4749,110.3547
4750,103.6266
4751,26.65001
4752,26.64923
4753,111.0815
4754,110.3522
4755,25.85598
4756,44.60546
4757,105.0708
4758,25.28937
4759,26.6064
4760,28.22379
4761,29.03566
4762,25.68404
4763,21.40597
4764,24.99997
4765,22.12547
4766,2.386955
4767,1.353409
4768,1.529772
4769,25.54473
4770,25.47967
4771,25.74987
4772,25.65577
4773,25.72133
4774,25.72087
4775,25.88211
4776,25.88865
4777,25.88924
4778,25.69996
4779,11.96043
4780,4.734318
4781,2.959359
4782,24.77423
4783,16.87458
4784,15.50502
4785,18.58209
4786,24.77619
4787,15.78085
4788,1.145593
4789,0.1081204
4790,25.03581
4791,25.03507
4792,27.41812
4793,29.46572
4794,27.41781
4795,22.45119
4796,26.51248
4797,26.00299
4798,29.63985
4799,26.59139
4800,22.16103
4801,22.16016
4802,5.801691
4803,3.577584
4804,2.221026
4805,25.60559
4806,25.90455
4807,25.63439
4808,25.62911
4809,25.73525
4810,25.58479
4811,25.97838
4812,25.79164
4813,25.02728
4814,25.09018
4815,18.75874
4816,21.7762
4817,14.13443
4818,3.998222
4819,1.010052
4820,1.760398
4821,24.32359
4822,25.10176
4823,25.00525
4824,25.19133
4825,25.18894
4826,17.84044
4827,1.27321
4828,3.428392
4829,0.6047381
4830,27.85212
4831,28.18072
4832,27.53374
4833,26.80834
4834,27.44544
4835,27.28701
4836,26.27194
4837,25.91427
4838,19.57001
4839,29.10234
4840,27.26914
4841,27.56941
4842,25.71181
4843,3.673803
4844,1.886481
4845,1.369485
4846,25.82444
4847,26.31638
4848,25.92004
4849,25.84437
4850,25.85689
4851,25.85682
4852,26.30511
4853,25.92774
4854,17.95822
4855,17.99945
4856,16.55511
4857,0.09064288
4858,0.2869228
4859,24.55759
4860,25.09052
4861,25.08991
4862,25.08965
4863,16.07457
4864,16.07219
4865,26.03849
4866,25.64503
4867,22.65126
4868,25.65733
4869,25.64421
4870,25.65736
4871,25.50851
4872,25.79379
4873,7.807859
4874,6.380277
4875,4.179491
4876,0.03819425
4877,0.5780137
4878,28.55086
4879,27.73375
4880,27.54582
4881,27.75444
4882,31.17041
4883,28.70027
4884,26.9238
4885,31.48722
4886,27.14499
4887,29.14382
4888,29.2327
4889,28.30065
4890,29.56749
4891,31.48734
4892,1.745712
4893,3.255301
4894,1.483808
4895,25.88756
4896,26.11074
4897,26.10056
4898,25.88973
4899,26.11099
4900,26.10003
4901,25.63064
4902,26.08547
4903,26.01579
4904,26.09452
4905,26.00276
4906,26.05257
4907,25.97613
4908,19.89997
4909,19.39529
4910,20.81215
4911,12.23968
4912,17.14454
4913,19.69043
4914,8.801979
4915,0.1849559
4916,25.2507
4917,25.27569
4918,21.52644
4919,22.93041
4920,19.93329
4921,25.17281
4922,25.31518
4923,25.27561
4924,15.24739
4925,3.991879
4926,12.04192
4927,16.17568
4928,28.88028
4929,29.97033
4930,29.60338
4931,31.2726
4932,32.41453
4933,27.55447
4934,28.92552
4935,29.87636
4936,27.63288
4937,30.61654
4938,30.55111
4939,28.99006
4940,28.92328
4941,22.89843
4942,1.114006
4943,0.7133237
4944,24.90314
4945,25.93631
4946,25.67754
4947,26.2228
4948,11.44252
4949,12.29768
4950,15.80326
4951,13.73162
4952,11.77303
4953,14.39647
4954,10.80702
4955,0.004074887
4956,25.4896
4957,25.29946
4958,25.34749
4959,25.36185
4960,25.20834
4961,25.28502
4962,25.29077
4963,25.02265
4964,25.25937
4965,6.142707
4966,3.980357
4967,7.76416
4968,29.45142
4969,29.78979
4970,29.8709
4971,29.87081
4972,30.52551
4973,29.79111
4974,28.13889
4975,29.55517
4976,30.00471
4977,30.11026
4978,28.95821
4979,27.90931
4980,28.7704
4981,28.77024
4982,0.9176206
4983,1.805225
4984,0.0001587773
4985,26.28335
4986,26.28296
4987,26.67424
4988,26.1305
4989,26.13037
4990,25.96981
4991,26.29215
4992,26.30989
4993,26.46359
4994,25.47789
4995,26.03994
4996,16.37829
4997,16.37777
4998,5.212562
4999,0.6344327
5000,25.05684
5001,25.48124
5002,25.55606
5003,25.44304
5004,25.54202
5005,25.33378
5006,25.55643
5007,25.59847
5008,0.6260231
5009,2.03222
5010,1.342691
5011,27.73206
5012,30.29884
5013,31.63582
5014,30.34703
5015,30.29562
5016,34.61552
5017,34.59056
5018,31.0442
5019,34.64005
5020,33.37568
5021,32.44038
5022,31.82104
5023,34.96518
5024,31.35977
5025,29.63572
5026,1.410056
5027,25.00197
5028,25.00147
5029,0.007594262
5030,0.002060156
5031,25.48232
5032,25.54463
5033,25.18125
5034,25.90428
5035,25.78917
5036,26.38588
5037,25.51837
5038,25.51844
5039,11.67559
5040,13.70942
5041,15.88712
5042,22.25855
5043,22.25827
5044,19.07091
5045,0.06033821
5046,0.3090551
5047,25.91278
5048,25.35138
5049,25.49287
5050,25.58071
5051,25.5754
5052,25.34138
5053,25.07642
5054,26.09244
5055,2.699528
5056,2.385982
5057,46.40628
5058,38.36586
5059,38.36507
5060,40.95828
5061,41.89289
5062,32.60111
5063,41.88899
5064,40.9567
5065,46.40741
5066,17.77564
5067,18.69407
5068,29.0682
5069,34.74186
5070,37.91157
5071,37.8331
5072,28.5918
5073,1.757918
5074,1.29581
5075,25.50384
5076,25.6707
5077,25.4826
5078,25.55453
5079,25.62838
5080,25.77415
5081,25.38356
5082,25.42814
5083,25.53572
5084,10.86445
5085,10.85989
5086,0.08284425
5087,1.065056
5088,26.2632
5089,25.51488
5090,26.42003
5091,25.63654
5092,25.70156
5093,25.91892
5094,25.08325
5095,25.57376
5096,25.80648
5097,25.57177
5098,25.51474
5099,14.64308
5100,16.63398
5101,20.6403
5102,22.25514
5103,17.00156
5104,0.3869711
5105,0.3960256
5106,25.2735
5107,26.13251
5108,25.88635
5109,25.33933
5110,25.43262
5111,1.211017
5112,54.00957
5113,54.00433
5114,49.20898
5115,56.5537
5116,54.19386
5117,49.21561
5118,54.13324
5119,46.83396
5120,24.40966
5121,33.4147
5122,24.40895
5123,37.84938
5124,33.3933
5125,23.3607
5126,26.20022
5127,15.2543
5128,21.46064
5129,9.80523
5130,11.75838
5131,26.36356
5132,26.36304
5133,26.5719
5134,26.79267
5135,26.58467
5136,26.58528
5137,26.26153
5138,26.9439
5139,18.93954
5140,18.91084
5141,19.25315
5142,23.57204
5143,21.58196
5144,24.26859
5145,21.11536
5146,26.02957
5147,26.02908
5148,0.08156661
5149,25.53007
5150,25.93543
5151,25.40731
5152,25.6277
5153,25.78112
5154,25.62713
5155,25.35369
5156,25.20127
5157,25.203
5158,0.03182992
5159,0.02026748
5160,25.34036
5161,26.71873
5162,26.67533
5163,26.16433
5164,25.94525
5165,27.19607
5166,26.37347
5167,27.127
5168,25.82875
5169,26.80232
5170,25.15835
5171,26.08673
5172,26.68541
5173,26.0876
5174,24.8318
5175,25.52571
5176,25.96912
5177,25.96853
5178,25.5232
5179,0.1842639
5180,0.1538319
5181,25.61841
5182,26.03097
5183,25.89833
5184,26.03058
5185,25.94536
5186,25.66316
5187,25.32878
5188,26.00651
5189,26.12894
5190,18.29191
5191,18.2918
5192,0.1813636
5193,23.27371
5194,22.97556
5195,25.15709
5196,23.76892
5197,24.81766
5198,25.1473
5199,25.14733
5200,24.91515
5201,27.09274
5202,26.63854
5203,27.70688
5204,26.07419
5205,25.60267
5206,26.2995
5207,26.72643
5208,26.30023
5209,26.72582
5210,28.06043
5211,26.42293
5212,26.58428
5213,27.05506
5214,26.58082
5215,26.19556
5216,27.24996
5217,27.79768
5218,26.95942
5219,26.41908
5220,0.2552717
5221,25.75974
5222,26.30763
5223,26.32113
5224,25.8124
5225,26.31986
5226,25.72035
5227,26.31068
5228,25.74427
5229,19.85019
5230,18.67617
5231,18.00994
5232,19.77621
5233,13.17722
5234,0.05027556
5235,25.10648
5236,23.66734
5237,25.07449
5238,25.27445
5239,24.94122
5240,25.15812
5241,25.22256
5242,24.94427
5243,24.57403
5244,24.45947
5245,26.92433
5246,26.40316
5247,27.47727
5248,28.86794
5249,27.07347
5250,27.37866
5251,27.91138
5252,28.20676
5253,26.40561
5254,28.86613
5255,27.23042
5256,27.4043
5257,27.01196
5258,27.33067
5259,26.77399
5260,26.89144
5261,27.04939
5262,26.62811
5263,26.73933
5264,26.49339
5265,26.39868
5266,0.4292115
5267,2.853687
5268,2.048707
5269,25.18479
5270,25.22518
5271,25.22597
5272,25.23238
5273,25.18522
5274,25.23206
5275,0.397287
5276,6.596289
5277,12.29005
5278,25.89946
5279,26.21367
5280,26.21415
5281,25.89966
5282,26.21342
5283,25.01543
5284,25.79466
5285,25.19061
5286,21.77004
5287,25.19228
5288,24.26433
5289,23.8379
5290,22.83094
5291,24.65907
5292,23.8377
5293,24.6608
5294,0.1955009
5295,25.21842
5296,24.51498
5297,25.35864
5298,25.12106
5299,25.12438
5300,25.6492
5301,25.33802
5302,25.35855
5303,25.23243
5304,27.32617
5305,26.80999
5306,26.80999
5307,28.57895
5308,27.32634
5309,28.02579
5310,27.44472
5311,27.97685
5312,27.97636
5313,27.18337
5314,27.53182
5315,27.59851
5316,9.689581
5317,4.536841
5318,7.13025
5319,4.819194
5320,26.25314
5321,25.58145
5322,25.97247
5323,25.98338
5324,25.54461
5325,24.59735
5326,26.65519
5327,25.02537
5328,24.39811
5329,25.62106
5330,24.97037
5331,25.45405
5332,25.11695
5333,25.29316
5334,25.89188
5335,25.89177
5336,25.28943
5337,25.2896
5338,0.1064865
5339,25.28288
5340,25.28633
5341,25.40377
5342,24.77179
5343,25.40333
5344,25.50787
5345,25.38055
5346,25.69893
5347,0.0534663
5348,25.73912
5349,25.48531
5350,26.6891
5351,25.23803
5352,26.99533
5353,26.00021
5354,26.08444
5355,25.89519
5356,25.88112
5357,26.55008
5358,25.58628
5359,25.07185
5360,25.43092
5361,25.74057
5362,25.74049
5363,25.43019
5364,25.39
5365,26.08305
5366,24.97268
5367,25.34566
5368,25.33981
5369,25.72103
5370,25.33992
5371,26.1331
5372,0.06483312
5373,0.5797501
5374,26.82466
5375,26.86925
5376,25.66595
5377,26.31249
5378,25.27126
5379,26.13541
5380,26.2526
5381,26.31288
5382,25.55404
5383,26.66245
5384,26.05037
5385,25.8345
5386,25.1259
5387,25.733
5388,25.48351
5389,26.05065
5390,0.0358621
5391,0.03893465
5392,25.16966
5393,25.66175
5394,25.34347
5395,25.3161
5396,25.36188
5397,25.58906
5398,25.34405
5399,25.67617
5400,0.00104993
5401,0.2055969
5402,2.268119
5403,26.09977
5404,26.75995
5405,26.28305
5406,26.55785
5407,27.48971
5408,25.90453
5409,26.02134
5410,26.9864
5411,26.2278
5412,25.66061
5413,25.65968
5414,25.66912
5415,25.85023
5416,26.06437
5417,25.64943
5418,25.42001
5419,26.03679
5420,26.09143
5421,0.2035352
5422,1.057897
5423,25.03785
5424,25.03783
5425,25.1037
5426,23.14818
5427,25.103
5428,23.14513
5429,19.92402
5430,19.93238
5431,25.19522
5432,25.7744
5433,25.75035
5434,25.45461
5435,25.75061
5436,24.16023
5437,25.48917
5438,24.35065
5439,1E-07
5440,11.33949
5441,11.33423
5442,18.36079
5443,18.36456
5444,27.75237
5445,27.76042
5446,27.62175
5447,27.63811
5448,27.62206
5449,27.75251
5450,27.5545
5451,27.56246
5452,28.2432
5453,27.31677
5454,27.68872
5455,27.36344
5456,27.93539
5457,27.09412
5458,8.231357
5459,8.325059
5460,25.70611
5461,25.16543
5462,25.70645
5463,25.98037
5464,26.03085
5465,25.20758
5466,0.0021164
5467,17.06214
5468,15.72189
5469,24.17575
5470,25.08606
5471,0.4025884
5472,22.5955
5473,20.96511
5474,16.79214
5475,22.15095
5476,22.59731
5477,21.59884
5478,21.59774
5479,25.70011
5480,25.24769
5481,25.4841
5482,25.37918
5483,25.38472
5484,25.3851
5485,25.75794
5486,26.06164
5487,26.29964
5488,20.21203
5489,25.33762
5490,22.9581
5491,25.153
5492,15.23153
5493,25.15316
5494,23.86458
5495,23.86372
5496,25.24837
5497,24.88946
5498,25.14606
5499,25.14603
5500,24.88942
5501,25.41408
5502,0.1948373
5503,3.680479
5504,15.45591
5505,12.58095
5506,13.98603
5507,11.93206
5508,1E-07
5509,25.61844
5510,25.91443
5511,25.67879
5512,25.36575
5513,26.45712
5514,25.56547
5515,26.66278
5516,0.007048073
5517,25.12634
5518,25.0252
5519,25.29815
5520,25.12455
5521,25.35214
5522,24.84507
5523,25.35574
5524,22.90916
5525,1E-07
5526,25.18658
5527,25.49485
5528,25.18555
5529,21.90258
5530,25.4153
5531,25.35513
5532,25.45893
5533,20.03016
5534,21.90084
5535,20.03345
5536,1.127312
5537,0.5915375
5538,2.682226
5539,18.3998
5540,17.26436
5541,15.95878
5542,19.15769
5543,12.95341
5544,11.06705
5545,12.49054
5546,27.28577
5547,24.13561
5548,27.28562
5549,24.13652
5550,25.71243
5551,25.82866
5552,26.64264
5553,25.76996
5554,26.49997
5555,27.05622
5556,26.64322
5557,26.44534
5558,27.05623
5559,25.91545
5560,26.45484
5561,26.28781
5562,0.5223444
5563,0.06960196
5564,25.50074
5565,21.95724
5566,25.30069
5567,24.99812
5568,24.99803
5569,25.19132
5570,1E-07
5571,25.4971
5572,21.77395
5573,25.55142
5574,25.5139
5575,25.36411
5576,21.77515
5577,25.22383
5578,25.60763
5579,25.60708
5580,25.27152
5581,0.5077848
5582,10.02046
5583,11.75867
5584,6.095006
5585,9.786003
5586,15.39381
5587,14.60165
5588,23.08543
5589,24.83372
5590,23.08412
5591,24.94503
5592,25.68456
5593,24.9477
5594,4.315426
5595,26.9651
5596,26.06785
5597,26.84208
5598,26.91494
5599,26.84258
5600,27.0678
5601,26.96495
5602,26.42489
5603,25.77328
5604,27.48516
5605,27.48926
5606,25.77324
5607,26.42425
5608,8.001064
5609,12.77282
5610,4.160185
5611,25.48905
5612,25.23475
5613,25.16213
5614,24.64871
5615,25.04012
5616,25.14093
5617,25.43792
5618,0.1283429
5619,25.32476
5620,25.54715
5621,25.78136
5622,25.7295
5623,25.24936
5624,25.78634
5625,24.15056
5626,25.2498
5627,25.73133
5628,24.06697
5629,25.67675
5630,0.319426
5631,0.9707227
5632,9.200137
5633,4.29756
5634,7.373264
5635,25.421
5636,25.71288
5637,25.93605
5638,26.12105
5639,25.72318
5640,25.92844
5641,26.10138
5642,25.41928
5643,1E-07
5644,16.53957
5645,11.59449
5646,12.02251
5647,11.83991
5648,7.132886
5649,18.32628
5650,25.43706
5651,25.314
5652,25.28984
5653,25.26204
5654,25.60575
5655,25.43707
5656,25.31398
5657,25.26258
5658,25.29108
5659,25.44516
5660,0.1581122
5661,25.32574
5662,26.11795
5663,25.49348
5664,26.03123
5665,25.64551
5666,23.87972
5667,25.58136
5668,26.18621
5669,1.220586
5670,1.89852
5671,1.759654
5672,25.16322
5673,25.79634
5674,25.12753
5675,24.564
5676,25.16338
5677,25.56904
5678,25.57121
5679,10.53192
5680,0.3685758
5681,10.5318
5682,3.392869
5683,17.85691
5684,5.541763
5685,4.505617
5686,25.44667
5687,25.14869
5688,25.53606
5689,25.46987
5690,25.46961
5691,25.59567
5692,25.10066
5693,25.32938
5694,26.19343
5695,25.80607
5696,25.43238
5697,25.79959
5698,25.43271
5699,25.93656
5700,25.9571
5701,25.57757
5702,26.17358
5703,25.55416
5704,25.5479
5705,3.051371
5706,0.8161924
5707,2.834215
5708,1.880746
5709,25.1836
5710,25.69501
5711,25.59222
5712,25.72257
5713,25.71925
5714,25.69515
5715,25.25842
5716,25.7396
5717,0.1328912
5718,2.676932
5719,0.5783396
5720,4.580475
5721,5.28701
5722,8.664575
5723,25.64447
5724,25.79617
5725,25.86517
5726,26.53324
5727,25.79165
5728,25.6701
5729,25.79151
5730,26.78443
5731,26.78421
5732,25.67519
5733,26.18959
5734,26.53284
5735,25.86517
5736,0.03431487
5737,26.4993
5738,26.22323
5739,25.8298
5740,26.97152
5741,25.7551
5742,27.03324
5743,26.09221
5744,25.15433
5745,23.98995
5746,26.28718
5747,1.612996
5748,0.05715154
5749,5.078857
5750,25.45724
5751,25.5081
5752,25.53496
5753,25.5412
5754,25.47774
5755,1.416556
5756,0.3637729
5757,8.73345
5758,6.032668
5759,26.5877
5760,25.98383
5761,26.5875
5762,26.54144
5763,25.98139
5764,27.36098
5765,11.22024
5766,11.22146
5767,0.1048428
5768,0.7639254
5769,1.418386
5770,25.97616
5771,25.78728
5772,25.88314
5773,25.78148
5774,26.17868
5775,25.4276
5776,25.42885
5777,25.97669
5778,25.7819
5779,26.16507
5780,25.95909
5781,25.88669
5782,10.71652
5783,11.21141
5784,11.1361
5785,3.795107
5786,1.209282
5787,1.0499
5788,22.11231
5789,25.66978
5790,25.77396
5791,25.78839
5792,25.39108
5793,25.68706
5794,25.32197
5795,25.64364
5796,21.49623
5797,25.12638
5798,25.12883
5799,18.17086
5800,21.49713
5801,18.1701
5802,0.2560126
5803,0.6203116
5804,1.08209
5805,26.0575
5806,26.32631
5807,25.75249
5808,26.23997
5809,26.08485
5810,26.06097
5811,26.23716
5812,25.59332
5813,25.59433
5814,25.73416
5815,26.4382
5816,25.81194
5817,0.6421993
5818,1.703707
5819,25.05099
5820,24.52182
5821,24.52058
5822,25.05089
5823,25.52243
5824,25.80331
5825,25.80362
5826,25.24584
5827,25.63235
5828,25.52345
5829,26.06079
5830,26.05862
5831,25.29562
5832,25.12692
5833,25.12694
5834,25.47445
5835,24.7864
5836,25.19458
5837,25.26586
5838,25.15384
5839,0.5092584
5840,2.196889
5841,3.088164
5842,4.248672
5843,26.07565
5844,26.07633
5845,25.89529
5846,26.05835
5847,26.08053
5848,26.5992
5849,26.3835
5850,26.01269
5851,27.03278
5852,26.03852
5853,26.01953
5854,26.06983
5855,2.482146
5856,1.00991
5857,0.7087066
5858,1.767616
5859,1.033884
5860,0.5400109
5861,2.388436
5862,24.60884
5863,25.18453
5864,24.66253
5865,24.94578
5866,25.20962
5867,23.22204
5868,23.2235
5869,25.03389
5870,24.60986
5871,25.20886
5872,25.56853
5873,26.01781
5874,25.9114
5875,25.64398
5876,26.04569
5877,25.55957
5878,26.00738
5879,25.71548
5880,25.60134
5881,25.40746
5882,25.49282
5883,25.52907
5884,25.42269
5885,25.64825
5886,1E-07
5887,25.27834
5888,25.27908
5889,25.2539
5890,23.52601
5891,23.52664
5892,25.1304
5893,1.18434
5894,1.279547
5895,0.004007208
5896,25.69367
5897,26.14342
5898,26.32527
5899,25.90495
5900,26.54372
5901,25.82183
5902,26.15755
5903,26.5391
5904,26.14059
5905,25.84519
5906,25.87493
5907,25.84514
5908,25.90775
5909,1.024512
5910,6.467988
5911,2.873095
5912,2.85934
5913,4.496311
5914,24.55549
5915,25.05887
5916,24.99119
5917,22.2322
5918,24.99167
5919,25.24948
5920,25.24955
5921,25.05926
5922,25.01652
5923,26.17095
5924,25.9484
5925,25.87504
5926,25.79846
5927,25.86763
5928,26.25216
5929,25.40509
5930,25.72707
5931,25.72626
5932,25.40503
5933,25.89494
5934,25.89555
5935,24.88811
5936,24.75485
5937,10.64736
5938,10.64743
5939,24.7534
5940,25.18689
5941,25.05002
5942,25.17773
5943,25.51274
5944,25.32557
5945,24.8409
5946,25.05086
5947,25.05438
5948,25.3459
5949,0.02895917
5950,6.771774
5951,14.56546
5952,6.562248
5953,7.748108
5954,13.84478
5955,2.780184
5956,0.8926829
5957,4.745932
5958,5.400777
5959,3.078561
5960,7.782728
5961,26.44648
5962,26.35744
5963,26.20625
5964,26.13462
5965,26.95317
5966,25.91742
5967,26.06084
5968,26.44631
5969,26.06128
5970,26.19987
5971,26.95106
5972,25.9719
5973,25.96537
5974,26.22633
5975,26.17416
5976,0.9392563
5977,14.08621
5978,7.207654
5979,7.500909
5980,1.824137
5981,4.818786
5982,4.618694
5983,26.17165
5984,26.02637
5985,26.22086
5986,26.17217
5987,26.02643
5988,26.02918
5989,26.22119
5990,26.02932
5991,26.49838
5992,25.8391
5993,26.03632
5994,0.01026784
5995,26.60468
5996,25.83895
5997,25.79308
5998,26.64428
5999,25.98402
6000,25.99714
6001,25.99415
6002,25.62054
6003,25.97973
6004,16.11563
6005,16.11592
6006,25.22273
6007,25.28632
6008,25.13899
6009,24.48291
6010,24.91545
6011,25.41393
6012,25.28474
6013,25.18821
6014,25.17635
6015,25.46872
6016,25.19437
6017,25.14578
6018,1.276233
6019,0.2191806
6020,3.030949
6021,2.350075
6022,6.293715
6023,1.104829
6024,1.022098
6025,6.454325
6026,2.793049
6027,27.12123
6028,26.62601
6029,27.69539
6030,26.44507
6031,26.23116
6032,28.36278
6033,27.12061
6034,26.40497
6035,27.60657
6036,34.30083
6037,21.47911
6038,15.17903
6039,25.46541
6040,31.74216
6041,35.08486
6042,15.17157
6043,13.75684
6044,14.5593
6045,8.933095
6046,8.172799
6047,26.30654
6048,26.40406
6049,26.35467
6050,25.99812
6051,25.50706
6052,25.94869
6053,26.94404
6054,25.65781
6055,26.94396
6056,25.64476
6057,25.89818
6058,13.59405
6059,20.31921
6060,20.3211
6061,25.33905
6062,25.33907
6063,25.48103
6064,25.16779
6065,25.16868
6066,25.36973
6067,0.0432248
6068,0.7203866
6069,0.04432997
6070,0.3399392
6071,27.29638
6072,26.69671
6073,26.61677
6074,26.34334
6075,26.17153
6076,26.49816
6077,26.39163
6078,26.78215
6079,27.11881
6080,27.1195
6081,26.77936
6082,27.22455
6083,23.27217
6084,24.89775
6085,24.89795
6086,23.27103
6087,27.22611
6088,28.68081
6089,28.68089
6090,25.17531
6091,25.2986
6092,25.43564
6093,25.44633
6094,25.29896
6095,25.32269
6096,0.1011297
6097,0.7107888
6098,1.191922
6099,0.9216277
6100,0.3301804
6101,1.735161
6102,0.4892469
6103,0.3651036
6104,2.555557
6105,26.57252
6106,26.56194
6107,26.40858
6108,26.7453
6109,26.28152
6110,27.34283
6111,28.0682
6112,29.80643
6113,28.06856
6114,29.77225
6115,28.89926
6116,28.89815
6117,31.33516
6118,29.03592
6119,29.03514
6120,27.77766
6121,28.55179
6122,27.90091
6123,28.5518
6124,27.6318
6125,27.63124
6126,25.27316
6127,25.58258
6128,24.95592
6129,25.31878
6130,25.46906
6131,25.5442
6132,25.31896
6133,25.23678
6134,25.23675
6135,2.5323
6136,0.8836337
6137,4.817172
6138,0.234525
6139,10.43038
6140,10.43038
6141,0.0661808
6142,0.4675897
6143,1.506555
6144,2.912548
6145,0.9410112
6146,1.530718
6147,26.54553
6148,26.99236
6149,26.97616
6150,27.12222
6151,27.1548
6152,26.6173
6153,28.31877
6154,28.27304
6155,28.26145
6156,26.72984
6157,26.75929
6158,27.8913
6159,25.78312
6160,29.4689
6161,29.46402
6162,28.36907
6163,26.40698
6164,26.95423
6165,26.65921
6166,27.08685
6167,27.0873
6168,25.46603
6169,25.59795
6170,26.02197
6171,25.44613
6172,25.61268
6173,25.56163
6174,25.649
6175,25.78498
6176,25.61267
6177,25.71003
6178,25.7657
6179,25.49256
6180,1.489007
6181,1.519895
6182,0.6736927
6183,26.04302
6184,25.20455
6185,25.1984
6186,25.45586
6187,25.4114
6188,25.45614
6189,25.39449
6190,26.04213
6191,0.06869639
6192,0.9942602
6193,3.227262
6194,1.761309
6195,27.0294
6196,26.92917
6197,28.5544
6198,27.49566
6199,27.30047
6200,27.00478
6201,26.06004
6202,20.26683
6203,27.34233
6204,23.42396
6205,25.12592
6206,25.12533
6207,21.02768
6208,21.03437
6209,22.46482
6210,24.74838
6211,18.47991
6212,26.4434
6213,26.79498
6214,26.25988
6215,26.46885
6216,26.37117
6217,26.69303
6218,17.01101
6219,17.83921
6220,12.4266
6221,9.298254
6222,7.069098
6223,8.130012
6224,3.357788
6225,8.742161
6226,8.583397
6227,25.02092
6228,24.53386
6229,1E-07
6230,0.7491502
6231,1.970882
6232,2.467885
6233,0.07222511
6234,0.4530631
6235,26.97594
6236,26.88806
6237,28.52288
6238,27.84041
6239,27.60654
6240,26.88541
6241,21.21657
6242,25.45014
6243,25.21887
6244,26.80947
6245,25.17455
6246,25.83892
6247,14.71245
6248,15.42357
6249,11.35845
6250,22.3784
6251,11.20141
6252,28.12556
6253,24.06215
6254,25.09986
6255,25.21884
6256,24.79322
6257,24.36642
6258,24.36717
6259,25.0215
6260,0.07357997
6261,5.305284
6262,0.2823759
6263,10.83359
6264,10.99048
6265,2.912057
6266,27.65036
6267,27.41817
6268,27.16478
6269,27.58878
6270,28.1489
6271,27.06513
6272,28.6087
6273,20.65296
6274,25.10839
6275,24.83552
6276,25.59197
6277,20.91974
6278,25.72806
6279,25.48169
6280,16.89387
6281,16.89367
6282,11.75022
6283,15.6812
6284,14.14201
6285,17.83512
6286,25.10691
6287,25.04117
6288,25.11499
6289,25.14965
6290,25.14975
6291,25.04255
6292,24.93362
6293,25.10711
6294,12.72853
6295,12.72988
6296,25.28169
6297,0.9551907
6298,0.2729301
6299,2.038599
6300,0.2904272
6301,0.06212932
6302,0.3669447
6303,0.2977426
6304,28.29212
6305,27.27813
6306,27.87816
6307,27.14672
6308,27.52629
6309,22.59276
6310,22.25882
6311,21.44079
6312,20.65448
6313,19.2336
6314,20.90277
6315,4.071423
6316,13.67395
6317,13.64952
6318,20.90912
6319,25.19037
6320,25.2099
6321,25.10212
6322,25.06173
6323,25.19046
6324,25.10202
6325,25.06163
6326,25.21308
6327,25.21476
6328,25.39324
6329,25.42178
6330,18.57258
6331,24.24596
6332,26.12904
6333,26.12969
6334,23.75596
6335,22.48546
6336,25.5428
6337,25.83822
6338,0.8855047
6339,4.541772
6340,1.402359
6341,25.15082
6342,25.19156
6343,25.19146
6344,25.15077
6345,25.19166
6346,0.2801545
6347,0.1433066
6348,29.28482
6349,27.58978
6350,27.83824
6351,27.81277
6352,27.46727
6353,27.58815
6354,28.06962
6355,27.42332
6356,21.62147
6357,21.61043
6358,19.40228
6359,7.798825
6360,18.0069
6361,13.82212
6362,17.82116
6363,7.282722
6364,7.475878
6365,24.31123
6366,25.01867
6367,25.15435
6368,25.42864
6369,25.32889
6370,25.26647
6371,25.1036
6372,25.10391
6373,26.29226
6374,26.31001
6375,26.16271
6376,25.94652
6377,26.28417
6378,25.98228
6379,26.12272
6380,26.11412
6381,14.65546
6382,14.5168
6383,5.103072
6384,7.603346
6385,6.981517
6386,5.276221
6387,3.814977
6388,0.008318922
6389,0.976519
6390,28.53181
6391,27.1897
6392,26.52932
6393,28.19482
6394,27.263
6395,21.70102
6396,15.25868
6397,16.18705
6398,21.71894
6399,17.0718
6400,22.32693
6401,0.8260358
6402,2.668987
6403,25.00539
6404,25.11762
6405,25.40677
6406,25.53224
6407,25.11766
6408,25.43498
6409,0.5274538
6410,11.70883
6411,11.70871
6412,12.0641
6413,10.94273
6414,0.6999475
6415,0.6399525
6416,0.1555958
6417,27.52978
6418,26.78669
6419,27.85032
6420,26.4679
6421,27.63792
6422,26.33829
6423,27.6286
6424,18.26314
6425,17.49254
6426,19.12401
6427,19.12755
6428,21.92885
6429,6.920479
6430,2.900553
6431,25.33599
6432,25.38905
6433,25.08304
6434,25.40155
6435,25.2992
6436,25.22999
6437,25.17048
6438,4.994033
6439,2.290209
6440,6.200973
6441,2.03508
6442,7.571237
6443,26.95317
6444,26.53734
6445,26.64661
6446,22.64808
6447,27.22099
6448,28.11754
6449,27.83315
6450,27.06134
6451,26.09403
6452,23.88078
6453,24.45616
6454,21.63632
6455,24.09132
6456,5.567833
6457,1.907259
6458,0.03576193
6459,25.36665
6460,25.20148
6461,25.17493
6462,24.93625
6463,25.20203
6464,11.34557
6465,7.85099
6466,5.381476
6467,0.598407
6468,23.43922
6469,23.40623
6470,24.02214
6471,25.00901
6472,19.49048
6473,11.40411
6474,11.40956
6475,0.9015474
6476,7.815535
6477,2.465438
6478,0.7818944
6479,1.171423
6480,8.525387
6481,25.38486
6482,25.75076
6483,28.95289
6484,24.86776
6485,28.95155
6486,22.01131
6487,28.14176
6488,25.25721
6489,27.46239
6490,24.30159
6491,27.83124
6492,22.55643
6493,18.85052
6494,26.4369
6495,25.7091
6496,1.581605
6497,0.0009353025
6498,25.35915
6499,25.29735
6500,25.31895
6501,25.21384
6502,25.05048
6503,25.21413
6504,25.35955
6505,15.6336
6506,14.17816
6507,14.86615
6508,11.85761
6509,14.14368
6510,14.14407
6511,0.0543881
6512,1.004836
6513,23.64134
6514,25.03252
6515,21.40142
6516,25.58762
6517,25.52542
6518,25.62846
6519,25.50704
6520,25.52682
6521,25.50648
6522,14.34878
6523,3.189897
6524,14.44918
6525,2.541488
6526,3.983907
6527,12.27809
6528,18.82119
6529,28.24055
6530,10.83374
6531,13.62426
6532,25.80852
6533,23.58279
6534,9.944436
6535,27.7266
6536,20.99727
6537,25.84411
6538,24.62754
6539,23.3677
6540,24.08253
6541,0.1373626
6542,25.64299
6543,25.30733
6544,25.31173
6545,25.7329
6546,25.45422
6547,25.07364
6548,25.39672
6549,25.54657
6550,7.823441
6551,12.96911
6552,12.96965
6553,13.54753
6554,8.873628
6555,0.3564726
6556,20.26314
6557,25.14682
6558,22.4663
6559,25.21
6560,25.07815
6561,25.2239
6562,25.03663
6563,22.91804
6564,25.20321
6565,22.92361
6566,0.9364069
6567,29.56869
6568,29.03148
6569,32.74478
6570,31.32626
6571,27.70487
6572,33.67329
6573,29.56865
6574,25.35323
6575,26.82574
6576,26.8402
6577,27.66421
6578,27.72168
6579,26.84007
6580,17.74087
6581,0.2479286
6582,1E-07
6583,25.62847
6584,25.59633
6585,25.48534
6586,25.38119
6587,25.84761
6588,25.35211
6589,25.35211
6590,25.47443
6591,25.84604
6592,25.57024
6593,13.53079
6594,9.256304
6595,0.2700693
6596,0.1953016
6597,0.318875
6598,25.06391
6599,25.07057
6600,25.09903
6601,25.13787
6602,25.18701
6603,25.09521
6604,25.27407
6605,25.21826
6606,4.146243
6607,1.584373
6608,4.85287
6609,32.03725
6610,31.43067
6611,30.97635
6612,34.24981
6613,30.44736
6614,27.565
6615,28.84534
6616,31.98483
6617,29.65062
6618,24.92266
6619,25.70292
6620,27.78043
6621,27.01272
6622,26.87557
6623,31.60441
6624,31.6038
6625,0.4635331
6626,1.191756
6627,1.111926
6628,2.496288
6629,25.07147
6630,25.34341
6631,24.80341
6632,25.28381
6633,25.28411
6634,8.834769
6635,3.083446
6636,0.201382
6637,25.2652
6638,24.74334
6639,25.23733
6640,25.08916
6641,25.21486
6642,25.27314
6643,25.25597
6644,25.14973
6645,25.06427
6646,0.7733929
6647,27.03209
6648,26.52782
6649,27.78695
6650,27.01958
6651,28.03117
6652,36.92139
6653,37.45686
6654,35.69161
6655,35.6909
6656,36.20734
6657,36.209
6658,0.699099
6659,0.6103548
6660,0.4494681
6661,4.184208
6662,0.005525841
6663,24.37853
6664,26.86582
6665,24.81054
6666,25.44177
6667,25.25735
6668,25.55457
6669,11.74973
6670,10.25303
6671,12.52532
6672,7.818653
6673,9.189423
6674,0.308083
6675,0.1416998
6676,24.91562
6677,25.1872
6678,25.25205
6679,25.03168
6680,24.9781
6681,25.14522
6682,25.03167
6683,25.14477
6684,0.07607684
6685,25.15635
6686,31.67892
6687,25.87573
6688,26.78106
6689,27.45436
6690,25.52057
6691,28.87315
6692,28.87429
6693,142.6439
6694,149.9333
6695,145.3518
6696,154.2681
6697,146.2997
6698,18.7965
6699,152.6804
6700,147.4794
6701,18.81066
6702,143.523
6703,152.4872
6704,2.825815
6705,6.401184
6706,25.60954
6707,25.44336
6708,25.52385
6709,25.2882
6710,25.29005
6711,25.56634
6712,10.68684
6713,9.345048
6714,2.870605
6715,25.10534
6716,26.26399
6717,26.41078
6718,25.96377
6719,24.78395
6720,24.79931
6721,34.17121
6722,34.1733
6723,26.83996
6724,11.22533
6725,10.08509
6726,16.9362
6727,6.763625
6728,0.06107459
6729,25.35174
6730,25.2725
6731,25.18294
6732,25.18606
6733,25.19178
6734,25.18408
6735,24.87943
6736,25.01288
6737,25.14816
6738,25.29027
6739,1.112564
6740,26.25372
6741,25.73461
6742,26.25956
6743,25.35004
6744,83.13914
6745,83.13786
6746,78.14465
6747,78.1439
6748,80.92136
6749,46.34537
6750,46.3555
6751,80.92121
6752,159.7296
6753,158.8735
6754,149.8293
6755,155.4487
6756,159.9921
6757,158.4231
6758,159.8487
6759,22.95478
6760,27.83785
6761,27.86204
6762,20.10446
6763,19.29975
6764,23.5667
6765,24.94686
6766,25.80623
6767,25.7818
6768,25.6611
6769,25.82608
6770,25.98394
6771,13.10399
6772,13.98511
6773,15.76118
6774,12.03061
6775,0.7160114
6776,0.02711047
6777,25.23004
6778,25.51752
6779,25.21754
6780,25.44025
6781,25.19974
6782,25.36721
6783,24.88075
6784,25.22997
6785,12.34627
6786,13.83374
6787,18.27522
6788,16.276
6789,25.64737
6790,25.62608
6791,26.65713
6792,25.69222
6793,26.3687
6794,25.52633
6795,25.54329
6796,25.75172
6797,22.70089
6798,25.75162
6799,22.19285
6800,22.70012
6801,18.99126
6802,18.79046
6803,0.3460253
6804,25.18039
6805,25.16498
6806,25.31785
6807,25.30914
6808,25.49938
6809,25.41439
6810,25.07273
6811,25.13437
6812,25.13429
6813,11.33514
6814,18.21147
6815,18.11109
6816,18.21028
6817,14.85976
6818,14.86099
6819,0.03349274
6820,24.56202
6821,24.56255
6822,25.12494
6823,24.83726
6824,24.82923
6825,24.43986
6826,0.2355387
6827,25.45197
6828,25.99346
6829,25.60024
6830,26.18858
6831,25.54227
6832,26.16848
6833,25.70995
6834,25.42757
6835,25.42723
6836,23.95218
6837,23.95349
6838,25.48169
6839,25.48245
6840,26.23736
6841,24.69511
6842,26.23774
6843,26.338
6844,25.57197
6845,24.70532
6846,0.1731032
6847,25.53168
6848,25.43286
6849,25.10792
6850,25.37378
6851,25.34822
6852,25.34686
6853,25.2967
6854,24.83956
6855,18.1302
6856,23.51902
6857,8.746077
6858,20.1161
6859,20.11669
6860,23.51581
6861,0.2678598
6862,24.84245
6863,25.10703
6864,24.69252
6865,25.04128
6866,25.13824
6867,22.71218
6868,25.1073
6869,24.81284
6870,1E-07
6871,25.26315
6872,25.31788
6873,25.32715
6874,25.49199
6875,25.94735
6876,25.26291
6877,25.51353
6878,25.72754
6879,25.47639
6880,28.30542
6881,28.30519
6882,28.53121
6883,27.68665
6884,27.48099
6885,29.05876
6886,26.12072
6887,27.02819
6888,28.19987
6889,27.40013
6890,26.69769
6891,1.080424
6892,0.5219015
6893,25.13852
6894,25.2456
6895,25.26364
6896,25.20503
6897,25.20498
6898,25.24561
6899,25.26362
6900,10.91342
6901,10.90449
6902,25.30633
6903,25.68301
6904,24.97188
6905,25.51997
6906,24.10355
6907,25.42599
6908,25.52822
6909,25.4261
6910,25.48032
6911,22.84003
6912,20.21376
6913,20.18542
6914,16.10346
6915,0.3037251
6916,24.91897
6917,25.09169
6918,24.91499
6919,25.16971
6920,25.09209
6921,1E-07
6922,0.03817556
6923,25.26612
6924,26.30249
6925,26.69107
6926,25.8502
6927,27.08423
6928,26.69251
6929,25.84999
6930,26.302
6931,29.90079
6932,28.16346
6933,28.14862
6934,29.06531
6935,29.1314
6936,29.96751
6937,5.082954
6938,11.2472
6939,25.4075
6940,25.25238
6941,25.64454
6942,25.84528
6943,25.56059
6944,22.39789
6945,14.91693
6946,24.76135
6947,22.57284
6948,26.12497
6949,26.00502
6950,25.11857
6951,25.80723
6952,24.76136
6953,21.21914
6954,0.002977226
6955,25.16104
6956,25.22385
6957,24.99882
6958,24.95948
6959,25.09126
6960,25.09294
6961,25.1105
6962,25.09153
6963,25.31083
6964,0.0457674
6965,0.4972242
6966,25.92612
6967,25.75596
6968,25.62829
6969,25.56888
6970,25.53506
6971,25.68133
6972,25.51655
6973,25.42031
6974,25.51668
6975,25.5245
6976,26.38597
6977,23.44072
6978,23.45392
6979,25.56875
6980,25.80682
6981,26.4877
6982,25.65033
6983,0.1561166
6984,25.25108
6985,25.2561
6986,25.06756
6987,25.27287
6988,25.06078
6989,25.38062
6990,25.1202
6991,25.25662
6992,11.28141
6993,1.470655
6994,11.28157
6995,3.10483
6996,24.66182
6997,24.66272
6998,25.55402
6999,25.81566
7000,25.67251
7001,26.28417
7002,25.362
7003,25.27052
7004,25.64366
7005,25.44664
7006,25.29407
7007,25.25758
7008,25.54852
7009,25.88154
7010,25.73932
7011,24.42433
7012,25.54814
7013,24.91796
7014,25.93845
7015,0.05635022
7016,25.1997
7017,24.18975
7018,25.42133
7019,25.23134
7020,25.14257
7021,25.25452
7022,25.42126
7023,25.34961
7024,25.12551
7025,0.3116875
7026,0.1754745
7027,5.102558
7028,10.72116
7029,2.615119
7030,10.72149
7031,24.73065
7032,24.73179
7033,2.453423
7034,25.63949
7035,25.61066
7036,25.69921
7037,25.69925
7038,25.34668
7039,25.20562
7040,25.7233
7041,25.62274
7042,25.88135
7043,25.81419
7044,26.56041
7045,26.39334
7046,26.48947
7047,26.29931
7048,25.14075
7049,26.23132
7050,26.56955
7051,26.32729
7052,25.49042
7053,26.54087
7054,25.76935
7055,26.54105
7056,25.50506
7057,26.48022
7058,0.3771783
7059,21.31719
7060,25.00718
7061,25.00693
7062,21.3171
7063,25.22561
7064,25.3366
7065,25.36692
7066,25.16706
7067,25.13408
7068,25.30336
7069,25.51088
7070,25.22131
7071,24.7405
7072,25.13411
7073,0.5437158
7074,19.2109
7075,17.49035
7076,19.21339
7077,17.49039
7078,26.09517
7079,25.72911
7080,26.42921
7081,26.01114
7082,26.42076
7083,25.68348
7084,25.72862
7085,26.42931
7086,26.12484
7087,28.12251
7088,28.08631
7089,28.52267
7090,29.29538
7091,29.79403
7092,29.11467
7093,27.51286
7094,29.36219
7095,3.311461
7096,12.74921
7097,2.634409
7098,12.74419
7099,25.1691
7100,25.34633
7101,25.35183
7102,25.66659
7103,25.46171
7104,25.29191
7105,25.35627
7106,25.49363
7107,25.38722
7108,15.79697
7109,15.50979
7110,0.1037
7111,0.09524083
7112,22.20355
7113,22.19641
7114,1.551676
7115,22.462
7116,23.46078
7117,21.50303
7118,24.52523
7119,23.55341
7120,23.55444
7121,24.52459
7122,18.95314
7123,25.44258
7124,25.57538
7125,23.71415
7126,25.47193
7127,25.71816
7128,25.18697
7129,25.40316
7130,21.94541
7131,17.78672
7132,21.39936
7133,18.51588
7134,0.1503202
7135,22.13999
7136,16.33789
7137,17.84104
7138,25.13979
7139,24.97312
7140,25.01989
7141,25.02037
7142,25.02542
7143,25.02545
7144,25.2235
7145,24.82809
7146,24.82919
7147,0.7705268
7148,4.525604
7149,12.69986
7150,18.98757
7151,24.04475
7152,21.99919
7153,30.16653
7154,21.99945
7155,30.16542
7156,24.05316
7157,18.9864
7158,25.37854
7159,25.51467
7160,25.44324
7161,25.39998
7162,25.67905
7163,25.37788
7164,25.45881
7165,25.40016
7166,25.56493
7167,25.06742
7168,25.64699
7169,24.86442
7170,24.86385
7171,24.52553
7172,18.01176
7173,21.38871
7174,21.34809
7175,0.01569463
7176,0.0720357
7177,25.08518
7178,24.80159
7179,21.18383
7180,25.00877
7181,25.14868
7182,24.96814
7183,25.14749
7184,21.18498
7185,0.05657917
7186,25.21024
7187,25.18801
7188,25.18781
7189,25.16186
7190,25.21067
7191,1.264459
7192,2.43242
7193,19.66277
7194,44.58603
7195,19.50936
7196,44.60035
7197,21.02047
7198,24.06043
7199,13.19824
7200,24.30086
7201,22.91004
7202,26.50389
7203,22.9106
7204,26.49635
7205,24.30061
7206,25.90383
7207,25.06388
7208,25.34715
7209,25.14475
7210,25.32062
7211,25.14469
7212,25.3215
7213,25.52637
7214,25.51414
7215,25.43993
7216,20.72151
7217,20.74621
7218,21.90112
7219,20.1466
7220,25.39159
7221,25.38743
7222,0.2598521
7223,25.15925
7224,24.98529
7225,25.14745
7226,25.08917
7227,25.14401
7228,25.1804
7229,25.01581
7230,25.14774
7231,25.00343
7232,25.62602
7233,25.62641
7234,25.68555
7235,24.00539
7236,25.5596
7237,24.00348
7238,25.41788
7239,25.68534
7240,20.21556
7241,20.2168
7242,26.18152
7243,25.11994
7244,25.12102
7245,1.223564
7246,19.89315
7247,15.13877
7248,20.28887
7249,13.67677
7250,17.51455
7251,23.01134
7252,25.16086
7253,24.99869
7254,24.03609
7255,25.08355
7256,25.1288
7257,24.03668
7258,25.00077
7259,25.16221
7260,25.88895
7261,26.11465
7262,26.05592
7263,26.57478
7264,25.65293
7265,26.57473
7266,26.08945
7267,26.46365
7268,28.68032
7269,27.22515
7270,27.89289
7271,27.8917
7272,27.2188
7273,28.68185
7274,26.92847
7275,26.92895
7276,5.913965
7277,1.484649
7278,3.136176
7279,3.279212
7280,25.20634
7281,25.14588
7282,25.14588
7283,25.12675
7284,25.22922
7285,25.25284
7286,24.93711
7287,25.12642
7288,0.2210132
7289,25.57901
7290,25.75289
7291,25.28014
7292,25.85008
7293,25.84962
7294,24.93426
7295,25.73454
7296,25.73404
7297,0.3884665
7298,2.228336
7299,18.77021
7300,20.26459
7301,34.15848
7302,26.57691
7303,34.16095
7304,26.57737
7305,17.3342
7306,16.97199
7307,25.50561
7308,25.04885
7309,25.04688
7310,25.50562
7311,1.229116
7312,13.70655
7313,13.71081
7314,17.75228
7315,25.12505
7316,25.14423
7317,25.04631
7318,25.24555
7319,25.18639
7320,25.36973
7321,25.25885
7322,26.30582
7323,26.11766
7324,25.21009
7325,26.40533
7326,25.36097
7327,25.53297
7328,26.0793
7329,26.11855
7330,25.20996
7331,0.3922291
7332,5.135969
7333,3.963802
7334,13.10438
7335,13.78229
7336,22.36628
7337,17.64336
7338,18.00792
7339,25.16709
7340,25.15331
7341,25.67933
7342,25.62873
7343,25.16418
7344,25.16373
7345,25.16541
7346,2.182761
7347,12.84715
7348,19.00994
7349,6.06255
7350,19.01906
7351,18.33862
7352,18.33916
7353,25.01781
7354,25.19842
7355,25.30533
7356,25.12972
7357,25.08484
7358,25.10869
7359,24.99842
7360,25.01794
7361,0.01866141
7362,26.51868
7363,25.55435
7364,26.71904
7365,25.87234
7366,25.91846
7367,25.46523
7368,25.89179
7369,25.48128
7370,25.48124
7371,25.28269
7372,25.99203
7373,25.9919
7374,1.559524
7375,4.335548
7376,1.797578
7377,11.00652
7378,2.479985
7379,16.77174
7380,25.41824
7381,25.66787
7382,25.37402
7383,25.33351
7384,25.53102
7385,25.48207
7386,0.02193423
7387,0.9779102
7388,4.063382
7389,12.71926
7390,25.27452
7391,25.11635
7392,24.9185
7393,25.11633
7394,24.84652
7395,25.38794
7396,24.98103
7397,24.80197
7398,25.08191
7399,24.84664
7400,0.00165466
7401,25.50186
7402,25.50229
7403,26.31974
7404,25.73166
7405,25.93028
7406,26.32008
7407,25.82498
7408,23.04638
7409,26.01109
7410,26.69007
7411,26.23176
7412,26.23249
7413,26.21668
7414,3.792698
7415,4.430644
7416,2.369356
7417,1.331337
7418,7.021563
7419,25.74043
7420,25.5598
7421,25.49274
7422,25.21963
7423,25.40394
7424,25.5976
7425,11.56562
7426,8.99948
7427,14.99066
7428,7.662801
7429,26.08661
7430,25.65411
7431,25.86922
7432,25.61072
7433,25.46001
7434,25.46036
7435,25.66958
7436,0.0001208428
7437,26.20196
7438,24.66765
7439,26.08692
7440,26.3092
7441,25.32051
7442,26.69644
7443,26.57661
7444,25.92892
7445,25.79018
7446,25.94605
7447,3.334045
7448,1.443907
7449,25.7659
7450,25.591
7451,25.63773
7452,25.64116
7453,25.55873
7454,25.67369
7455,19.02571
7456,19.02592
7457,0.02428658
7458,0.1363081
7459,11.45594
7460,20.5892
7461,11.16942
7462,16.04118
7463,14.0201
7464,21.80053
7465,15.75058
7466,26.31273
7467,25.88814
7468,25.84315
7469,26.19508
7470,25.88514
7471,25.88531
7472,26.19645
7473,26.08321
7474,26.03697
7475,26.05675
7476,26.03694
7477,2.334066
7478,0.4679219
7479,0.6935734
7480,2.18773
7481,3.780537
7482,3.939367
7483,21.71319
7484,24.74928
7485,24.74818
7486,21.71571
7487,25.49695
7488,25.72842
7489,25.85968
7490,25.69111
7491,25.64207
7492,25.62456
7493,25.79121
7494,25.26855
7495,25.12184
7496,25.10102
7497,25.10243
7498,25.44481
7499,25.12452
7500,25.26685
7501,0.3903815
7502,21.32089
7503,23.50465
7504,21.09942
7505,10.52719
7506,23.5726
7507,9.929523
7508,14.03377
7509,16.63332
7510,18.18133
7511,7.405979
7512,9.876361
7513,26.04395
7514,26.4982
7515,26.12111
7516,25.99411
7517,26.11553
7518,26.25923
7519,26.04838
7520,26.05038
7521,25.94313
7522,26.04938
7523,26.12547
7524,0.5361675
7525,1.890436
7526,4.059043
7527,19.73924
7528,25.04219
7529,25.04226
7530,19.89023
7531,25.18739
7532,25.09511
7533,25.98927
7534,25.97259
7535,25.72627
7536,25.81402
7537,25.80181
7538,25.33424
7539,25.36867
7540,25.42861
7541,25.34384
7542,25.36555
7543,14.0904
7544,14.09128
7545,25.15352
7546,24.36881
7547,25.29717
7548,25.15345
7549,0.7419679
7550,0.2475453
7551,13.19463
7552,20.62103
7553,12.73204
7554,21.68779
7555,12.57369
7556,17.1411
7557,4.530988
7558,1.73228
7559,11.79557
7560,15.0783
7561,6.855323
7562,12.53476
7563,14.4085
7564,26.1343
7565,26.06817
7566,26.35259
7567,26.3998
7568,26.64577
7569,25.9931
7570,25.6603
7571,25.66042
7572,26.62393
7573,26.52766
7574,26.95178
7575,25.84247
7576,25.8425
7577,1.077229
7578,3.624251
7579,25.11916
7580,25.08177
7581,25.11755
7582,25.02106
7583,25.03724
7584,25.07393
7585,25.08171
7586,25.02092
7587,19.54754
7588,25.0741
7589,25.87545
7590,26.14393
7591,25.66882
7592,25.92378
7593,25.96353
7594,26.02091
7595,25.93128
7596,25.5681
7597,25.46442
7598,25.56828
7599,25.68275
7600,25.51436
7601,25.93232
7602,25.27174
7603,25.02905
7604,25.34357
7605,25.37046
7606,25.35007
7607,25.34534
7608,0.4519558
7609,1.987175
7610,12.1524
7611,28.36562
7612,4.396221
7613,2.132343
7614,20.01979
7615,13.86017
7616,11.33541
7617,26.77748
7618,25.9099
7619,25.99477
7620,25.95758
7621,26.66706
7622,25.85044
7623,27.0712
7624,26.53259
7625,25.7295
7626,26.09208
7627,26.15425
7628,26.57598
7629,6.473942
7630,1.397032
7631,4.131207
7632,0.4259222
7633,4.625719
7634,25.42033
7635,25.41956
7636,25.4956
7637,25.64224
7638,25.96023
7639,26.19851
7640,26.16049
7641,25.98809
7642,26.11729
7643,26.08217
7644,25.81478
7645,25.81251
7646,25.65208
7647,26.48534
7648,25.72558
7649,26.07597
7650,26.07695
7651,25.72524
7652,12.26258
7653,12.2603
7654,25.2925
7655,25.21931
7656,25.31632
7657,25.07254
7658,25.31592
7659,24.98586
7660,25.07176
7661,25.22431
7662,25.2255
7663,7.184693
7664,75.44446
7665,53.35639
7666,12.74319
7667,71.80085
7668,15.94611
7669,0.08008773
7670,13.77602
7671,20.84675
7672,19.3549
7673,10.82208
7674,8.897284
7675,27.87298
7676,26.56863
7677,26.31909
7678,27.29407
7679,26.35928
7680,26.31911
7681,27.29499
7682,26.56849
7683,27.87276
7684,5.79373
7685,14.46345
7686,15.27162
7687,10.83299
7688,10.97888
7689,21.68515
7690,19.24732
7691,19.5526
7692,19.5433
7693,11.62819
7694,10.09546
7695,14.04912
7696,26.31178
7697,26.29322
7698,26.18588
7699,26.37647
7700,26.28445
7701,26.11064
7702,26.3671
7703,26.98933
7704,25.95602
7705,26.76182
7706,26.77104
7707,26.96459
7708,25.21873
7709,25.19386
7710,25.2438
7711,25.24422
7712,25.5314
7713,25.16723
7714,25.1668
7715,25.39579
7716,25.13729
7717,25.13708
7718,25.25229
7719,0.033582
7720,1.515993
7721,7.911579
7722,1.85177
7723,6.500158
7724,0.8684496
7725,10.9563
7726,8.197392
7727,7.987783
7728,14.95326
7729,26.8886
7730,26.58049
7731,26.70302
7732,26.49674
7733,26.24901
7734,26.71169
7735,26.56305
7736,26.26189
7737,26.26174
7738,26.61036
7739,26.44505
7740,26.80587
7741,26.80512
7742,26.34936
7743,26.36072
7744,19.10258
7745,26.51568
7746,26.76566
7747,26.51594
7748,27.01682
7749,19.09672
7750,27.017
7751,26.7649
7752,25.25927
7753,25.35213
7754,25.31313
7755,25.27813
7756,25.84107
7757,25.17935
7758,25.22482
7759,0.5963609
7760,0.5196788
7761,0.6731718
7762,1.255217
7763,0.9422159
7764,7.45302
7765,7.413277
7766,3.864333
7767,26.87322
7768,26.64051
7769,26.8869
7770,27.0964
7771,26.75638
7772,26.81681
7773,27.37014
7774,27.3442
7775,27.92178
7776,27.79539
7777,27.34331
7778,28.99463
7779,26.12501
7780,25.97618
7781,26.46245
7782,27.11427
7783,29.16121
7784,29.16096
7785,26.57059
7786,26.63468
7787,26.65554
7788,26.65516
7789,26.57364
7790,25.19292
7791,25.19273
7792,25.5121
7793,25.39687
7794,25.32959
7795,25.26534
7796,25.41122
7797,25.71323
7798,24.91562
7799,25.44013
7800,25.32951
7801,5.630053
7802,4.957248
7803,1.690173
7804,1.98135
7805,1.005099
7806,1.781858
7807,3.227823
7808,5.395024
7809,7.085646
7810,8.678118
7811,4.856677
7812,27.29826
7813,26.68954
7814,27.08261
7815,27.35648
7816,27.10943
7817,27.43201
7818,24.09315
7819,24.09414
7820,24.04948
7821,25.04052
7822,26.27644
7823,26.27248
7824,23.89947
7825,24.43848
7826,26.05153
7827,26.052
7828,26.61724
7829,11.88703
7830,26.91643
7831,24.93082
7832,25.42682
7833,25.49242
7834,25.7214
7835,25.72317
7836,25.51491
7837,25.66021
7838,25.21295
7839,25.30779
7840,25.3069
7841,25.62984
7842,25.72165
7843,0.2214673
7844,5.525747
7845,4.035161
7846,25.38308
7847,25.25891
7848,24.96712
7849,25.3831
7850,10.9451
7851,11.34868
7852,8.000031
7853,13.15565
7854,13.19763
7855,0.941982
7856,27.48716
7857,27.45598
7858,27.08645
7859,27.48487
7860,27.55425
7861,27.5305
7862,27.61673
7863,25.38209
7864,23.5581
7865,15.05059
7866,21.23336
7867,25.10343
7868,25.10225
7869,19.09235
7870,16.72944
7871,20.84121
7872,22.45715
7873,26.56724
7874,26.403
7875,26.61643
7876,26.74529
7877,26.77696
7878,13.71117
7879,21.30213
7880,21.29514
7881,60.06091
7882,49.23862
7883,48.92051
7884,48.27067
7885,50.71344
7886,62.33894
7887,61.275
7888,58.97484
7889,63.46798
7890,49.24174
7891,0.05319972
7892,0.5583456
7893,0.2948721
7894,0.4656208
7895,2.522869
7896,27.28524
7897,27.2764
7898,27.64043
7899,27.5472
7900,27.71151
7901,12.35181
7902,21.02081
7903,20.33328
7904,25.43196
7905,24.09691
7906,13.39526
7907,15.09411
7908,14.65017
7909,15.4707
7910,23.05223
7911,0.0003599919
7912,8.83794
7913,4.157015
7914,2.460097
7915,0.3001107
7916,3.438029
7917,4.236104
7918,27.35749
7919,27.67043
7920,27.64933
7921,27.26534
7922,27.70723
7923,27.70311
7924,27.45872
7925,19.17867
7926,18.74043
7927,22.50866
7928,16.15146
7929,22.50852
7930,16.51073
7931,13.55785
7932,7.107662
7933,10.67487
7934,23.05108
7935,24.98815
7936,23.05183
7937,24.35385
7938,24.33985
7939,24.8293
7940,21.68433
7941,0.2221898
7942,14.41988
7943,20.38976
7944,14.24891
7945,20.79591
7946,0.5243858
7947,3.049613
7948,1.012404
7949,5.225025
7950,5.907732
7951,27.73863
7952,27.49815
7953,28.0318
7954,27.61344
7955,27.70204
7956,27.59947
7957,27.78607
7958,27.88456
7959,19.78075
7960,24.72766
7961,24.7274
7962,15.11588
7963,17.2642
7964,22.41784
7965,19.00961
7966,21.46728
7967,14.39997
7968,15.34176
7969,13.55297
7970,24.49394
7971,24.91693
7972,25.14845
7973,25.14618
7974,25.25854
7975,25.03858
7976,24.48951
7977,25.76878
7978,25.34902
7979,25.3489
7980,3.13708
7981,0.9485732
7982,26.7524
7983,25.31452
7984,16.06336
7985,28.26544
7986,27.8363
7987,25.07628
7988,25.07728
7989,25.23463
7990,25.23523
7991,24.75328
7992,3.980276
7993,1.190312
7994,27.16044
7995,27.56921
7996,27.45301
7997,27.99374
7998,28.00052
7999,12.96688
8000,18.8169
8001,19.73555
8002,15.22846
8003,20.90399
8004,2.230794
8005,1.914153
8006,25.09831
8007,25.09783
8008,25.16249
8009,25.16252
8010,25.0669
8011,24.07641
8012,25.10089
8013,25.10007
8014,25.1713
8015,25.28188
8016,7.79513
8017,11.05046
8018,10.9409
8019,25.71409
8020,26.10281
8021,26.30592
8022,26.132
8023,26.08724
8024,26.3325
8025,14.22497
8026,4.858002
8027,12.28567
8028,55.17758
8029,64.54638
8030,63.62677
8031,29.50741
8032,57.99887
8033,65.68223
8034,64.54393
8035,35.81625
8036,50.38547
8037,58.0196
8038,59.0738
8039,0.06946139
8040,7.212482
8041,6.29245
8042,6.479279
8043,27.7436
8044,27.61923
8045,28.21224
8046,28.53983
8047,27.35579
8048,27.93055
8049,27.74191
8050,28.46646
8051,25.4767
8052,25.39012
8053,21.82316
8054,20.66947
8055,24.45106
8056,18.30273
8057,26.00716
8058,20.07579
8059,1.940656
8060,25.23436
8061,25.23435
8062,25.15626
8063,25.10666
8064,25.15527
8065,25.21216
8066,10.23492
8067,0.07303855
8068,0.6586359
8069,5.00479
8070,3.140904
8071,5.365012
8072,27.03977
8073,26.70503
8074,27.5361
8075,26.49126
8076,27.46037
8077,27.88441
8078,27.28346
8079,18.99278
8080,21.69461
8081,20.60875
8082,19.04397
8083,21.69493
8084,19.3784
8085,19.17395
8086,3.60051
8087,2.897927
8088,5.222855
8089,25.26181
8090,25.13366
8091,25.08448
8092,25.09648
8093,25.53702
8094,25.20892
8095,25.23935
8096,25.19417
8097,25.2395
8098,25.10888
8099,0.3330096
8100,2.132187
8101,9.664244
8102,2.753103
8103,4.063531
8104,30.21442
8105,26.00053
8106,29.95465
8107,26.75029
8108,30.96865
8109,28.12448
8110,21.21064
8111,25.05848
8112,24.51275
8113,25.49891
8114,22.33216
8115,19.92806
8116,19.45178
8117,4.574867
8118,3.263592
8119,3.185889
8120,1.318684
8121,0.7629693
8122,25.28599
8123,25.23153
8124,25.45956
8125,25.25545
8126,25.50691
8127,25.25418
8128,24.98692
8129,25.24595
8130,25.24613
8131,10.19703
8132,9.748675
8133,0.7120348
8134,0.1873349
8135,0.8649566
8136,12.49878
8137,12.35268
8138,6.691873
8139,31.64181
8140,29.01335
8141,30.57419
8142,27.63964
8143,34.84392
8144,12.06541
8145,27.57358
8146,24.11744
8147,27.8716
8148,22.0539
8149,25.76357
8150,21.27804
8151,20.82066
8152,0.0703479
8153,1.607833
8154,1.410881
8155,25.41899
8156,25.48758
8157,25.67474
8158,25.41888
8159,25.08166
8160,25.36553
8161,25.46572
8162,25.0818
8163,25.17286
8164,1.937214
8165,4.119837
8166,5.97252
8167,1.331816
8168,1.647107
8169,25.90185
8170,25.6644
8171,25.37672
8172,25.45845
8173,25.66498
8174,25.45831
8175,9.876921
8176,13.3233
8177,13.3193
8178,74.88901
8179,70.34761
8180,75.88862
8181,74.88811
8182,51.56963
8183,70.48415
8184,32.41295
8185,79.85974
8186,81.79648
8187,78.44466
8188,79.86051
8189,42.81471
8190,37.62561
8191,467.9504
8192,477.2551
8193,454.1019
8194,451.8935
8195,477.0173
8196,477.6523
8197,477.1418
8198,41.07686
8199,477.1153
8200,477.2816
8201,477.0428
8202,477.3791
8203,477.3476
8204,346.0549
8205,477.0877
8206,476.2866
8207,477.4077
8208,477.4096
8209,477.2739
8210,477.1854
8211,57.33271
8212,477.382
8213,477.4666
8214,477.3971
8215,477.2967
8216,477.3321
8217,477.3972
8218,477.1911
8219,475.4031
8220,477.7212
8221,477.6783
8222,475.9719
8223,475.9022
8224,477.0567
8225,475.9125
8226,477.12
8227,469.8438
8228,475.9563
8229,477.0836
8230,469.5383
8231,475.2924
8232,475.9564
8233,475.7245
8234,475.976
8235,7.839158
8236,20.82272
8237,22.25539
8238,24.62325
8239,19.86676
8240,21.66768
8241,20.05495
8242,2.105503
8243,2.15227
8244,3.078875
8245,2.174949
8246,25.64561
8247,25.3678
8248,25.35864
8249,25.52112
8250,25.4941
8251,25.44502
8252,25.35826
8253,25.36823
8254,25.16982
8255,25.24484
8256,10.71965
8257,4.249129
8258,8.880259
8259,11.04496
8260,0.05261526
8261,0.4423051
8262,24.55813
8263,24.55755
8264,25.01732
8265,24.62722
8266,24.62753
8267,25.22519
8268,24.74054
8269,3.003969
8270,3.152914
8271,24.13713
8272,6.307365
8273,40.02
8274,398.4248
8275,46.03655
8276,26.36841
8277,22.55437
8278,17.9273
8279,21.18983
8280,26.9781
8281,26.97994
8282,25.95859
8283,0.8363981
8284,8.284484
8285,3.720057
8286,9.270648
8287,25.44267
8288,25.37671
8289,25.37836
8290,25.36187
8291,25.5804
8292,25.28359
8293,25.66182
8294,25.05161
8295,7.745753
8296,5.656787
8297,4.094289
8298,4.974755
8299,25.20105
8300,24.97834
8301,24.97858
8302,25.1192
8303,25.06101
8304,25.06104
8305,21.70765
8306,25.18223
8307,0.7831824
8308,1.503725
8309,0.5607036
8310,26.34271
8311,30.48317
8312,21.65794
8313,23.26079
8314,28.99945
8315,28.84312
8316,18.42101
8317,22.90669
8318,22.90656
8319,22.93339
8320,0.3330336
8321,13.725
8322,6.84251
8323,9.956521
8324,5.031992
8325,25.36821
8326,26.04014
8327,25.78659
8328,25.45356
8329,25.45621
8330,25.45592
8331,24.81478
8332,26.14816
8333,12.64464
8334,12.64385
8335,3.652736
8336,6.723904
8337,0.1091398
8338,24.80411
8339,25.14894
8340,24.48124
8341,25.18886
8342,24.94009
8343,25.16418
8344,25.12621
8345,25.22219
8346,29.77957
8347,30.46449
8348,29.29915
8349,28.73867
8350,29.80577
8351,26.04696
8352,33.04898
8353,23.72196
8354,30.47118
8355,25.82141
8356,28.82088
8357,27.92047
8358,0.6094804
8359,10.95975
8360,12.6414
8361,17.98015
8362,15.76765
8363,27.8101
8364,21.93937
8365,23.58077
8366,26.16154
8367,25.2233
8368,23.36715
8369,24.37688
8370,22.80681
8371,25.82684
8372,22.93681
8373,24.87372
8374,11.47254
8375,1.174185
8376,12.64164
8377,9.927851
8378,0.4569921
8379,0.2538907
8380,25.52369
8381,25.36548
8382,22.79903
8383,25.18673
8384,25.22414
8385,24.48682
8386,25.32282
8387,25.18696
8388,25.22381
8389,25.22472
8390,24.67663
8391,2.215463
8392,0.04734074
8393,0.1472732
8394,28.55227
8395,29.86973
8396,30.81114
8397,29.99235
8398,30.81209
8399,31.55983
8400,29.8695
8401,27.96773
8402,29.34629
8403,28.22237
8404,26.06174
8405,20.3416
8406,21.28162
8407,23.24164
8408,24.09105
8409,19.02067
8410,20.3344
8411,6.404126
8412,21.08299
8413,1.688314
8414,13.71024
8415,23.86408
8416,12.41442
8417,25.68882
8418,25.56568
8419,25.1363
8420,25.44884
8421,25.45108
8422,25.45175
8423,8.716785
8424,10.35438
8425,5.121167
8426,34.37301
8427,43.02728
8428,42.97449
8429,32.66092
8430,32.66031
8431,31.82078
8432,24.61647
8433,24.61565
8434,21.6111
8435,26.81292
8436,25.46246
8437,24.42608
8438,24.8255
8439,25.67927
8440,26.81335
8441,5.048675
8442,11.18785
8443,9.043714
8444,0.06521599
8445,25.21865
8446,25.2191
8447,25.15144
8448,24.89993
8449,25.33402
8450,24.86792
8451,25.57421
8452,3.036745
8453,6.591331
8454,13.73953
8455,13.73943
8456,0.8381203
8457,33.97952
8458,27.67051
8459,27.66863
8460,35.96778
8461,33.98158
8462,15.62756
8463,15.62399
8464,27.85185
8465,20.87249
8466,32.74106
8467,16.87387
8468,44.59083
8469,38.0575
8470,38.23664
8471,38.18825
8472,31.55697
8473,26.11111
8474,26.02744
8475,26.0267
8476,23.11099
8477,26.11069
8478,18.0592
8479,18.07292
8480,17.34197
8481,17.34416
8482,11.48196
8483,0.07913335
8484,25.17926
8485,25.41763
8486,25.05213
8487,25.49994
8488,25.53448
8489,25.34313
8490,25.28403
8491,24.92752
8492,4.476424
8493,7.714618
8494,13.36074
8495,13.84116
8496,4.810414
8497,0.526941
8498,0.1493381
8499,0.2425821
8500,26.48282
8501,24.70704
8502,24.51733
8503,25.90381
8504,25.45507
8505,25.75496
8506,25.63395
8507,26.57125
8508,13.87255
8509,21.26194
8510,11.97512
8511,21.26106
8512,16.6166
8513,16.1355
8514,0.4125975
8515,0.08201501
8516,4.408071
8517,25.39779
8518,25.58745
8519,25.58792
8520,25.40163
8521,25.61445
8522,25.17984
8523,25.4038
8524,25.15618
8525,24.34877
8526,25.44693
8527,3.716417
8528,4.683782
8529,0.243131
8530,0.2490384
8531,26.00747
8532,25.91804
8533,26.24265
8534,25.67559
8535,26.09632
8536,26.23736
8537,26.13385
8538,26.09526
8539,22.9151
8540,22.91497
8541,15.80594
8542,19.99544
8543,19.99645
8544,20.87947
8545,25.74447
8546,1.260896
8547,0.4168308
8548,25.38891
8549,25.56783
8550,24.82146
8551,25.3119
8552,25.25271
8553,25.78142
8554,25.38354
8555,25.56811
8556,25.25269
8557,11.90543
8558,8.51602
8559,8.302624
8560,9.633266
8561,0.2517149
8562,24.99185
8563,24.87947
8564,20.82771
8565,24.33272
8566,17.00365
8567,25.04808
8568,24.99182
8569,24.33219
8570,24.87943
8571,0.2101175
8572,25.75955
8573,26.12849
8574,25.88043
8575,26.73663
8576,25.98931
8577,26.27308
8578,26.16244
8579,25.60482
8580,26.3312
8581,26.94481
8582,26.03349
8583,25.54519
8584,21.07339
8585,26.36534
8586,27.04032
8587,25.10435
8588,26.50903
8589,23.7795
8590,26.34215
8591,25.27718
8592,26.5599
8593,25.16069
8594,1.744406
8595,25.11773
8596,25.10645
8597,25.11745
8598,25.30055
8599,25.10637
8600,25.30061
8601,10.32152
8602,9.591168
8603,25.5498
8604,25.15219
8605,24.93003
8606,25.98107
8607,25.59388
8608,25.73683
8609,9.688822
8610,0.04164156
8611,25.11858
8612,24.04489
8613,25.07595
8614,25.21149
8615,22.10376
8616,24.9863
8617,0.03381509
8618,26.60519
8619,26.13335
8620,27.35182
8621,26.89665
8622,27.06712
8623,26.65262
8624,26.63357
8625,24.34179
8626,27.63261
8627,28.31889
8628,28.27752
8629,29.03107
8630,25.10353
8631,10.53915
8632,11.09558
8633,14.37923
8634,14.69006
8635,5.777812
8636,14.81549
8637,25.66848
8638,25.56831
8639,25.56847
8640,25.67926
8641,25.45071
8642,25.72995
8643,25.29341
8644,25.44733
8645,25.51547
8646,25.44726
8647,25.45089
8648,15.96848
8649,8.382446
8650,14.24708
8651,14.86199
8652,8.108012
8653,4.659915
8654,8.238646
8655,0.4988941
8656,0.3371308
8657,25.20281
8658,25.26076
8659,25.11778
8660,24.39451
8661,25.11782
8662,25.15895
8663,25.09915
8664,24.58438
8665,25.31193
8666,0.03396517
8667,25.75451
8668,25.61458
8669,25.47045
8670,25.8021
8671,26.04554
8672,25.60328
8673,25.65081
8674,25.62714
8675,22.96975
8676,11.10811
8677,0.02007865
8678,25.34907
8679,25.34574
8680,25.12508
8681,25.1024
8682,24.86766
8683,24.71817
8684,25.3304
8685,25.34399
8686,25.26879
8687,2.160977E-05
8688,23.46482
8689,23.42611
8690,7.073023
8691,23.43233
8692,25.21079
8693,25.50768
8694,25.21057
8695,25.8167
8696,25.92371
8697,24.09141
8698,24.09056
8699,15.98086
8700,24.53488
8701,22.43531
8702,21.58479
8703,25.14725
8704,22.35568
8705,24.53332
8706,25.5581
8707,21.58516
8708,1.184074
8709,1.507115
8710,25.20401
8711,25.58372
8712,25.32819
8713,24.82537
8714,25.17333
8715,0.006582628
8716,10.61321
8717,10.61372
8718,3.308199
8719,25.91992
8720,25.49862
8721,26.08602
8722,25.69376
8723,26.08675
8724,25.646
8725,26.55259
8726,25.67882
8727,25.64609
8728,25.79264
8729,21.24845
8730,18.35685
8731,23.83843
8732,23.6551
8733,23.52896
8734,24.37922
8735,23.6539
8736,24.1291
8737,0.7807752
8738,1.052689
8739,25.34501
8740,25.27153
8741,25.27033
8742,25.02678
8743,25.3432
8744,25.34533
8745,7.932196
8746,7.370967
8747,26.78355
8748,26.77
8749,26.22462
8750,26.76891
8751,25.61522
8752,28.37978
8753,30.6642
8754,28.53166
8755,29.64239
8756,30.32634
8757,28.18867
8758,5.304202
8759,1.042123
8760,7.887723
8761,25.49132
8762,25.53785
8763,25.2364
8764,25.33599
8765,25.1313
8766,24.99516
8767,25.37884
8768,25.63202
8769,25.34116
8770,9.294673
8771,15.55726
8772,7.487935
8773,15.55697
8774,21.13656
8775,21.13849
8776,0.2861179
8777,25.34775
8778,25.34782
8779,25.29239
8780,25.40556
8781,25.40562
8782,25.23273
8783,25.23272
8784,25.29855
8785,20.37439
8786,18.89446
8787,20.37266
8788,18.89323
8789,7.191915
8790,0.09593702
8791,24.02122
8792,24.01171
8793,24.0845
8794,25.02203
8795,25.02194
8796,18.63205
8797,0.3143113
8798,0.2108332
8799,25.80877
8800,25.46004
8801,25.41695
8802,25.4587
8803,25.41711
8804,25.27772
8805,18.96236
8806,18.43799
8807,20.56362
8808,23.07895
8809,9.490022
8810,0.09458052
8811,24.14385
8812,25.10224
8813,20.17541
8814,24.72121
8815,20.16794
8816,24.72079
8817,23.8037
8818,0.05438244
8819,25.62996
8820,25.71901
8821,25.02241
8822,25.39178
8823,25.39262
8824,25.10959
8825,25.27805
8826,25.10913
8827,1.037701
8828,24.96379
8829,24.97286
8830,25.07338
8831,25.07389
8832,25.30083
8833,25.60728
8834,25.59479
8835,24.82752
8836,25.03512
8837,25.82009
8838,25.72338
8839,25.59507
8840,25.65985
8841,27.30726
8842,21.0346
8843,26.62917
8844,22.01677
8845,20.83491
8846,25.47691
8847,22.60301
8848,19.36919
8849,0.4347813
8850,24.96625
8851,25.16276
8852,24.82555
8853,24.81747
8854,22.37099
8855,25.06558
8856,25.11046
8857,23.31054
8858,25.81311
8859,25.93355
8860,24.50455
8861,24.50267
8862,25.99281
8863,25.99289
8864,21.70238
8865,19.98616
8866,25.81296
8867,21.70284
8868,0.8291578
8869,4.401151
8870,0.2559552
8871,25.07577
8872,25.07459
8873,24.35645
8874,24.69525
8875,24.69371
8876,10.43038
8877,10.43038
8878,26.30665
8879,26.2018
8880,25.67869
8881,26.08474
8882,26.37504
8883,26.38462
8884,18.48343
8885,22.8043
8886,28.37032
8887,23.15796
8888,24.90738
8889,24.82384
8890,3.663933
8891,1.464293
8892,0.898675
8893,25.10735
8894,25.09036
8895,25.25277
8896,25.13831
8897,25.19841
8898,25.22564
8899,25.23253
8900,25.06898
8901,0.2147182
8902,27.41043
8903,23.57533
8904,25.54461
8905,25.79848
8906,24.61123
8907,25.27238
8908,25.79846
8909,24.91084
8910,25.92912
8911,25.31553
8912,25.53724
8913,1.729497
8914,1.070207
8915,0.76189
8916,25.20532
8917,25.4088
8918,25.1899
8919,25.19003
8920,24.34089
8921,25.40878
8922,25.2055
8923,24.69865
8924,25.39894
8925,24.88691
8926,24.5325
8927,25.17235
8928,25.21675
8929,25.30122
8930,25.15676
8931,0.02980059
8932,0.02980059
8933,25.62028
8934,25.22931
8935,25.43782
8936,25.42068
8937,25.98732
8938,25.98563
8939,25.63748
8940,26.19657
8941,25.85606
8942,25.42031
8943,25.77455
8944,2.809404
8945,4.388155
8946,25.25006
8947,25.16325
8948,25.08403
8949,25.13111
8950,25.12996
8951,25.16388
8952,25.25114
8953,1.144174
8954,0.03043609
8955,25.30265
8956,25.25988
8957,25.1954
8958,25.18778
8959,25.18772
8960,25.24011
8961,25.23979
8962,0.06042622
8963,0.0008558459
8964,26.36545
8965,25.60281
8966,26.18714
8967,25.90708
8968,25.98746
8969,25.72714
8970,26.58785
8971,27.00197
8972,26.18666
8973,27.15353
8974,25.9422
8975,25.94253
8976,4.880423
8977,1.543601
8978,25.52273
8979,25.59251
8980,25.23635
8981,25.20648
8982,25.72733
8983,25.36507
8984,0.9932791
8985,0.6829196
8986,25.16143
8987,25.162
8988,24.94571
8989,25.30092
8990,24.83701
8991,25.53117
8992,25.30133
8993,25.26627
8994,25.33534
8995,25.26569
8996,25.35974
8997,25.53118
8998,0.03176582
8999,26.64458
9000,25.79866
9001,27.02301
9002,25.84706
9003,26.12138
9004,26.31691
9005,26.23166
9006,26.8238
9007,26.23096
9008,0.685389
9009,1.056743
9010,25.62156
9011,25.24472
9012,25.6756
9013,25.593
9014,25.60352
9015,25.37679
9016,25.41782
9017,1.236266
9018,26.16723
9019,25.75476
9020,25.68448
9021,26.06732
9022,26.03294
9023,26.10362
9024,0.4416849
9025,26.31515
9026,26.26034
9027,25.91889
9028,27.01897
9029,27.01869
9030,26.31344
9031,26.65265
9032,26.78253
9033,25.71492
9034,25.78464
9035,25.17636
9036,1.425168
9037,3.013742
9038,25.55147
9039,25.46628
9040,25.69705
9041,25.50769
9042,25.53916
9043,25.78878
9044,0.156351
9045,25.79662
9046,26.3259
9047,25.51461
9048,26.06832
9049,26.48331
9050,25.78901
9051,26.48088
9052,26.06873
9053,25.92414
9054,25.93721
9055,26.74781
9056,26.34696
9057,26.34689
9058,1.845727
9059,0.6377488
9060,0.7852855
9061,21.01382
9062,20.25152
9063,25.5065
9064,25.63476
9065,25.83168
9066,25.78119
9067,25.50647
9068,25.60736
9069,25.05315
9070,25.2289
9071,24.83272
9072,25.05317
9073,25.22813
9074,9.469034
9075,26.63847
9076,26.7131
9077,26.7051
9078,26.52357
9079,26.26055
9080,25.75669
9081,26.07036
9082,26.34757
9083,26.86369
9084,26.90207
9085,26.12519
9086,26.28864
9087,26.42522
9088,0.5324216
9089,22.09514
9090,25.04556
9091,21.58659
9092,25.04598
9093,21.58608
9094,26.05899
9095,25.7455
9096,25.7368
9097,25.87991
9098,25.90598
9099,26.05847
9100,25.27149
9101,25.27205
9102,25.40536
9103,25.408
9104,25.32159
9105,25.15405
9106,13.41307
9107,19.36631
9108,20.55105
9109,20.5516
9110,19.36659
9111,24.9677
9112,24.96758
9113,24.93759
9114,0.7451645
9115,1.934319
9116,1.526665
9117,3.227301
9118,26.65544
9119,25.55076
9120,26.01684
9121,25.94823
9122,26.78594
9123,26.4776
9124,26.01489
9125,25.94849
9126,26.48438
9127,25.87988
9128,26.49472
9129,1.614074
9130,1.206464
9131,25.204
9132,22.73606
9133,25.03159
9134,25.01139
9135,22.73537
9136,25.20418
9137,25.09205
9138,25.0317
9139,25.11719
9140,25.0921
9141,25.95826
9142,26.04473
9143,26.0775
9144,26.05134
9145,25.90248
9146,25.9823
9147,25.55252
9148,25.40404
9149,25.71535
9150,25.77714
9151,25.56088
9152,25.5591
9153,24.98385
9154,21.0086
9155,22.04733
9156,25.00605
9157,25.00631
9158,24.99655
9159,22.04672
9160,25.04633
9161,25.17324
9162,25.15057
9163,25.17514
9164,25.17518
9165,25.63732
9166,0.5118343
9167,2.109153
9168,0.9643865
9169,25.67523
9170,26.1863
9171,26.26186
9172,25.74154
9173,26.41364
9174,26.38604
9175,26.14001
9176,26.38579
9177,25.68067
9178,26.40053
9179,27.65324
9180,26.43727
9181,26.26231
9182,26.27426
9183,27.322
9184,9.869636
9185,0.9622675
9186,1.948534
9187,6.362391
9188,25.52574
9189,25.52568
9190,25.34847
9191,25.22419
9192,25.35994
9193,25.4486
9194,25.34103
9195,25.22418
9196,26.05911
9197,26.06921
9198,25.9201
9199,26.06443
9200,26.08638
9201,1E-07
9202,26.20109
9203,26.15391
9204,26.1317
9205,26.7462
9206,25.96789
9207,25.96551
9208,26.30415
9209,26.30416
9210,26.00452
9211,19.71419
9212,19.71403
9213,25.38729
9214,25.38731
9215,25.25555
9216,25.49057
9217,25.18738
9218,25.16133
9219,25.30464
9220,25.3503
9221,25.73898
9222,0.5025299
9223,1.498211
9224,26.44171
9225,26.49484
9226,26.3471
9227,27.2795
9228,27.54789
9229,27.27976
9230,26.49513
9231,27.54855
9232,25.44915
9233,23.81337
9234,23.66161
9235,23.1308
9236,24.96604
9237,26.0051
9238,26.13136
9239,26.26176
9240,26.48769
9241,25.9958
9242,26.13298
9243,26.13544
9244,26.76831
9245,26.72542
9246,27.22735
9247,27.55343
9248,27.55364
9249,26.56103
9250,26.56113
9251,27.22696
9252,26.00564
9253,25.03967
9254,26.00494
9255,25.03954
9256,21.13073
9257,21.13656
9258,24.30396
9259,24.33058
9260,25.23931
9261,25.9405
9262,25.2359
9263,24.33831
9264,25.31811
9265,25.42055
9266,25.42038
9267,25.27623
9268,25.27646
9269,0.1632074
9270,0.8015928
9271,26.53268
9272,26.35106
9273,26.51637
9274,26.58283
9275,26.51914
9276,26.62459
9277,26.63346
9278,27.36913
9279,29.37376
9280,26.20986
9281,29.37041
9282,24.78354
9283,26.94653
9284,27.51777
9285,28.87135
9286,28.87145
9287,27.5181
9288,25.41693
9289,25.5449
9290,24.99437
9291,25.34807
9292,25.26312
9293,24.71929
9294,25.48253
9295,25.29789
9296,25.63883
9297,25.41643
9298,25.52037
9299,25.51971
9300,0.02808306
9301,1.065823
9302,0.1917558
9303,1.406905
9304,0.5733538
9305,3.247247
9306,26.56328
9307,26.20232
9308,26.45574
9309,26.53344
9310,26.60775
9311,26.42371
9312,16.04253
9313,27.80179
9314,27.80101
9315,24.78663
9316,24.78704
9317,26.15732
9318,16.03829
9319,25.13936
9320,29.07897
9321,28.07105
9322,28.72813
9323,29.52579
9324,29.52531
9325,25.48378
9326,25.26015
9327,25.26023
9328,25.63537
9329,25.39143
9330,25.23543
9331,25.38852
9332,25.26982
9333,2.114752
9334,0.7443227
9335,26.72673
9336,26.61871
9337,26.70771
9338,26.36885
9339,26.86384
9340,27.20896
9341,26.70168
9342,19.2727
9343,22.08373
9344,10.34334
9345,22.16693
9346,22.16584
9347,29.46672
9348,29.4668
9349,24.34905
9350,28.12973
9351,28.12978
9352,23.7687
9353,23.92166
9354,24.35078
9355,25.43784
9356,25.48692
9357,25.81448
9358,25.25555
9359,25.43787
9360,25.25565
9361,25.65571
9362,25.32591
9363,25.54871
9364,25.65005
9365,0.3331977
9366,25.20656
9367,25.1425
9368,25.16859
9369,25.1846
9370,25.15359
9371,25.14021
9372,25.18403
9373,25.16821
9374,0.007548519
9375,26.69091
9376,26.48217
9377,27.02921
9378,26.48137
9379,26.92975
9380,20.06973
9381,18.57712
9382,14.58566
9383,22.53549
9384,24.23849
9385,23.4256
9386,21.3959
9387,21.21826
9388,17.12697
9389,26.26025
9390,26.2605
9391,26.07439
9392,26.07341
9393,26.46803
9394,26.48184
9395,26.3523
9396,2.797871
9397,6.217247
9398,0.5118256
9399,0.2198383
9400,0.06083878
9401,26.44846
9402,26.44863
9403,26.73303
9404,27.01437
9405,26.84318
9406,26.36537
9407,26.41227
9408,26.89111
9409,18.00305
9410,14.34143
9411,13.63755
9412,21.50646
9413,21.51931
9414,21.70255
9415,15.38654
9416,22.89425
9417,23.64862
9418,21.843
9419,23.68509
9420,0.225295
9421,27.47779
9422,27.29836
9423,27.31099
9424,26.62442
9425,26.62529
9426,10.03686
9427,14.91953
9428,11.32476
9429,15.6666
9430,14.5246
9431,21.01318
9432,24.05725
9433,16.75136
9434,20.10916
9435,20.25951
9436,20.26006
9437,3.322747
9438,2.263604
9439,3.310806
9440,0.1170126
9441,0.1516472
9442,27.56667
9443,27.61375
9444,27.66948
9445,27.63401
9446,27.74395
9447,27.30154
9448,19.75654
9449,19.75544
9450,25.38066
9451,25.02178
9452,15.77627
9453,26.51788
9454,16.65585
9455,17.66734
9456,10.90872
9457,21.97107
9458,15.06636
9459,13.74448
9460,16.63815
9461,10.63359
9462,24.91105
9463,21.02916
9464,10.9493
9465,10.94958
9466,25.1584
9467,25.11326
9468,21.55303
9469,2.416147
9470,0.3836203
9471,3.524082
9472,25.14049
9473,21.49251
9474,20.41962
9475,25.09999
9476,25.14336
9477,21.48948
9478,20.42388
9479,25.10016
9480,1.186957
9481,1.338965
9482,28.18005
9483,27.70612
9484,27.50588
9485,27.3771
9486,28.42499
9487,27.20466
9488,27.30587
9489,27.84481
9490,18.9394
9491,17.96956
9492,19.81008
9493,10.86843
9494,25.5707
9495,25.30747
9496,19.77995
9497,8.141479
9498,13.41845
9499,10.4547
9500,5.52525
9501,25.32604
9502,25.15936
9503,24.87319
9504,23.84134
9505,24.49538
9506,24.79354
9507,8.599607
9508,8.616887
9509,20.62144
9510,16.17371
9511,19.00114
9512,10.37108
9513,3.668083
9514,11.62855
9515,26.06858
9516,26.14495
9517,26.19842
9518,26.24241
9519,25.91686
9520,1.569621
9521,5.289274
9522,8.037827E-05
9523,0.1122183
9524,27.32619
9525,27.15564
9526,27.65178
9527,27.64948
9528,27.61775
9529,27.65175
9530,12.13276
9531,14.01312
9532,18.73926
9533,16.40537
9534,17.08832
9535,5.389937
9536,6.198915
9537,5.595727
9538,0.8510209
9539,25.05396
9540,25.05282
9541,25.1725
9542,22.33878
9543,25.17242
9544,25.10307
9545,25.10369
9546,24.01589
9547,13.42606
9548,13.438
9549,4.929245
9550,0.009506786
9551,27.61461
9552,27.61475
9553,27.96001
9554,28.36908
9555,27.7616
9556,17.66769
9557,12.8961
9558,18.57476
9559,18.57067
9560,15.15568
9561,15.15226
9562,4.109797
9563,2.48926
9564,25.22514
9565,25.27366
9566,25.20305
9567,25.18223
9568,25.16099
9569,25.20452
9570,25.19314
9571,24.68121
9572,25.02289
9573,25.19667
9574,25.16102
9575,2.361239
9576,2.645037
9577,4.539978
9578,3.725524
9579,2.646665
9580,17.91977
9581,17.91885
9582,27.94827
9583,26.61131
9584,26.79976
9585,27.3755
9586,17.15368
9587,13.43314
9588,14.16027
9589,4.145228
9590,1.330566
9591,1.839082
9592,25.26604
9593,25.26624
9594,25.08237
9595,25.35574
9596,21.20837
9597,12.92365
9598,12.96644
9599,7.325212
9600,0.3349879
9601,0.9154632
9602,0.9773502
9603,0.2406842
9604,0.3784129
9605,84.71157
9606,81.35654
9607,7.713746
9608,14.39143
9609,19.08856
9610,25.47142
9611,24.19757
9612,42.52726
9613,19.35877
9614,17.95773
9615,17.78616
9616,15.6632
9617,5.641048
9618,2.061064
9619,25.26643
9620,24.98625
9621,25.3412
9622,25.38979
9623,25.36003
9624,25.33054
9625,25.35961
9626,25.3141
9627,25.31461
9628,4.016289
9629,2.644549
9630,4.492695
9631,0.5343206
9632,24.53672
9633,25.50872
9634,25.60634
9635,25.60705
9636,25.70201
9637,25.50943
9638,25.70179
9639,11.88519
9640,9.542132
9641,6.689011
9642,4.514407
9643,465.3232
9644,191.9404
9645,444.7408
9646,473.4112
9647,7.040275
9648,17.38561
9649,450.3646
9650,24.56007
9651,22.80024
9652,22.80135
9653,25.49447
9654,16.8914
9655,20.79196
9656,3.260491
9657,25.23891
9658,25.43738
9659,25.3163
9660,25.48674
9661,25.09361
9662,25.43872
9663,25.23981
9664,25.23984
9665,25.11501
9666,24.56497
9667,3.714462
9668,4.987601
9669,1.676905
9670,0.7850966
9671,0.436639
9672,4.981004
9673,5.696931
9674,26.70017
9675,27.30391
9676,26.83863
9677,9.101635
9678,15.66899
9679,11.60172
9680,8.112723
9681,7.253605
9682,2.496169
9683,25.78345
9684,25.43994
9685,25.76241
9686,24.61889
9687,25.43942
9688,25.27986
9689,4.106369
9690,3.900654
9691,11.44002
9692,11.21916
9693,0.3982677
9694,25.10147
9695,20.70691
9696,20.70406
9697,25.04757
9698,25.06243
9699,29.35974
9700,28.36924
9701,23.00178
9702,23.52645
9703,29.85269
9704,27.84115
9705,28.93854
9706,20.52704
9707,18.42474
9708,23.6778
9709,17.38446
9710,15.41483
9711,2.938984
9712,11.21358
9713,12.43993
9714,1E-07
9715,25.42393
9716,25.42394
9717,24.13953
9718,25.66536
9719,25.66559
9720,25.29753
9721,24.98418
9722,2.094789
9723,1.768472
9724,2.139531
9725,0.14872
9726,0.331632
9727,20.55374
9728,25.10206
9729,25.10327
9730,20.55533
9731,13.79832
9732,1.787138
9733,2.783219
9734,0.6372796
9735,28.88401
9736,28.41444
9737,28.3648
9738,28.96789
9739,28.76082
9740,28.08714
9741,28.38754
9742,27.94465
9743,19.78715
9744,21.72891
9745,15.30155
9746,18.65237
9747,1.734926
9748,23.56093
9749,24.32759
9750,25.2276
9751,25.24614
9752,25.11681
9753,25.11705
9754,25.47862
9755,24.61813
9756,4.07143
9757,1.243927
9758,2.28971
9759,0.6521878
9760,0.4643333
9761,25.20994
9762,25.47549
9763,21.3465
9764,25.20982
9765,17.76995
9766,3.419107
9767,1.483174
9768,2.125774
9769,28.13884
9770,27.60375
9771,28.57208
9772,27.62607
9773,27.52261
9774,29.20992
9775,29.2074
9776,23.8669
9777,28.20803
9778,19.41768
9779,24.21704
9780,19.36759
9781,14.61685
9782,19.74986
9783,16.67851
9784,13.55784
9785,16.63043
9786,25.44387
9787,25.40627
9788,25.40564
9789,25.13921
9790,25.86263
9791,24.94309
9792,23.87205
9793,9.863213
9794,10.06338
9795,23.75346
9796,24.82669
9797,25.75392
9798,25.52342
9799,28.55618
9800,28.74778
9801,32.38167
9802,26.0093
9803,25.1229
9804,0.4398582
9805,2.231368
9806,0.5395543
9807,24.44279
9808,25.2154
9809,25.19282
9810,24.32189
9811,25.21646
9812,25.23442
9813,25.20833
9814,25.21607
9815,25.21604
9816,24.32297
9817,25.19234
9818,25.06641
9819,5.511771
9820,3.10271
9821,4.274051
9822,0.05189575
9823,31.28268
9824,31.28181
9825,34.84193
9826,31.14834
9827,31.14879
9828,34.84177
9829,151.9086
9830,147.9686
9831,157.0696
9832,158.2391
9833,166.301
9834,157.5744
9835,160.5092
9836,172.687
9837,84.35998
9838,169.0234
9839,155.1429
9840,169.8415
9841,167.4785
9842,147.7579
9843,162.2492
9844,155.4189
9845,166.2986
9846,56.51386
9847,162.9003
9848,155.1526
9849,160.5171
9850,162.2387
9851,37.57681
9852,40.53279
9853,37.62777
9854,41.41417
9855,18.44487
9856,39.82733
9857,28.24535
9858,28.62318
9859,35.77478
9860,44.86855
9861,44.5261
9862,28.52555
9863,25.66445
9864,26.04799
9865,26.0481
9866,25.66444
9867,7.659372
9868,9.698927
9869,8.011875
9870,0.225513
9871,24.45642
9872,25.46665
9873,25.25885
9874,24.96868
9875,24.95642
9876,25.25853
9877,25.2022
9878,24.75798
9879,25.31591
9880,3.117702
9881,11.39537
9882,11.41508
9883,1.247481
9884,25.64509
9885,25.50497
9886,25.82932
9887,26.27578
9888,25.3729
9889,25.99841
9890,25.50698
9891,25.31365
9892,25.78791
9893,25.92562
9894,12.43884
9895,11.93756
9896,13.50189
9897,11.5275
9898,25.49294
9899,25.30524
9900,25.43717
9901,25.30616
9902,25.19926
9903,25.18253
9904,25.26933
9905,25.26943
9906,25.19754
9907,6.448931
9908,5.895441
9909,25.80026
9910,25.77451
9911,25.61712
9912,25.43249
9913,26.26169
9914,25.79105
9915,26.13016
9916,25.65416
9917,14.36612
9918,14.69998
9919,12.75957
9920,12.37773
9921,15.20608
9922,15.20583
9923,10.57216
9924,0.5348477
9925,4.252308
9926,25.48438
9927,25.40961
9928,25.21048
9929,25.42192
9930,25.41174
9931,4.192986
9932,2.855353
9933,5.329614
9934,2.528932
9935,3.187932
9936,0.20866
9937,23.34965
9938,0.06491906
9939,10.38204
9940,10.41729
9941,25.41526
9942,25.85673
9943,25.82209
9944,26.00942
9945,26.08177
9946,25.45098
9947,25.89736
9948,26.17852
9949,19.6124
9950,24.55855
9951,26.06167
9952,23.58642
9953,21.51183
9954,24.63923
9955,7.518914
9956,1.333292
9957,23.61686
9958,25.12533
9959,23.6186
9960,25.12577
9961,25.26187
9962,25.26244
9963,25.69659
9964,25.33203
9965,25.33137
9966,25.61856
9967,25.63976
9968,25.71387
9969,25.25131
9970,25.72637
9971,25.46646
9972,2.907901
9973,0.03893721
9974,23.43577
9975,25.28507
9976,25.09271
9977,25.0941
9978,0.2335018
9979,26.95187
9980,26.59812
9981,26.59826
9982,26.70408
9983,26.59162
9984,23.70879
9985,29.5174
9986,22.92283
9987,28.57203
9988,27.27287
9989,29.51734
9990,29.30633
9991,28.07098
9992,28.11023
9993,11.06977
9994,15.98211
9995,17.36843
9996,17.35722
9997,9.216166
9998,25.4911
9999,25.75145
10000,25.5087
10001,25.44557
10002,25.60278
10003,25.49097
10004,25.39247
10005,25.55407
10006,25.63476
10007,25.46576
10008,4.754915
10009,3.81786
10010,0.3703941
10011,15.89645
10012,25.1629
10013,25.05759
10014,25.01902
10015,21.4565
10016,23.00142
10017,25.16207
10018,0.0009316617
10019,25.7204
10020,25.20744
10021,25.50932
10022,25.50916
10023,25.46635
10024,25.27712
10025,25.54194
10026,4.92475
10027,10.99863
10028,1.078794
10029,0.2813606
10030,0.3013788
10031,25.03067
10032,25.13589
10033,24.73314
10034,22.60422
10035,25.23156
10036,22.99483
10037,0.1149115
10038,0.1098531
10039,13.41574
10040,13.41906
10041,21.878
10042,21.87635
10043,25.42484
10044,25.16931
10045,25.54683
10046,25.4406
10047,25.69726
10048,25.49708
10049,25.51964
10050,25.42477
10051,25.39073
10052,25.39021
10053,25.44234
10054,19.97832
10055,12.83987
10056,0.2285291
10057,25.14165
10058,25.11633
10059,25.1842
10060,25.29465
10061,23.35402
10062,24.22713
10063,25.30687
10064,24.89769
10065,0.9222848
10066,0.002784618
10067,1.249409
10068,25.76487
10069,26.01233
10070,26.01237
10071,25.68686
10072,25.69522
10073,25.86824
10074,25.7297
10075,25.60925
10076,25.70868
10077,25.68744
10078,25.98819
10079,20.16844
10080,24.35578
10081,17.37235
10082,24.08913
10083,17.50479
10084,14.05165
10085,21.08247
10086,22.74686
10087,20.28458
10088,20.35883
10089,2.91603
10090,22.07476
10091,25.3699
10092,25.14655
10093,25.35154
10094,21.88563
10095,25.35127
10096,24.37947
10097,25.35389
10098,25.07817
10099,25.23557
10100,25.02733
10101,24.73812
10102,10.85729
10103,10.85673
10104,0.1391051
10105,21.74705
10106,14.43041
10107,14.42963
10108,21.74465
10109,3.483206
10110,8.09657
10111,26.20226
10112,26.82562
10113,26.62301
10114,26.50011
10115,26.63044
10116,26.25509
10117,24.31116
10118,21.2618
10119,26.89436
10120,27.77456
10121,29.64708
10122,30.17549
10123,28.78059
10124,24.25425
10125,9.115893
10126,6.173712
10127,25.22151
10128,25.25645
10129,25.15003
10130,21.64847
10131,25.47803
10132,25.2571
10133,25.3936
10134,17.91979
10135,0.1494328
10136,0.1513262
10137,5.59482
10138,0.4601516
10139,25.13252
10140,25.25616
10141,25.25601
10142,25.36198
10143,24.63046
10144,25.16389
10145,25.18638
10146,24.62401
10147,25.18603
10148,25.36096
10149,12.77897
10150,4.92133
10151,0.9805127
10152,12.77754
10153,0.002281519
10154,1.360319
10155,0.4537261
10156,25.12335
10157,25.07607
10158,25.24228
10159,25.37584
10160,25.32743
10161,24.90678
10162,25.3762
10163,25.35473
10164,25.3529
10165,25.35382
10166,14.83923
10167,0.3007665
10168,14.89203
10169,25.31985
10170,25.31907
10171,25.11046
10172,25.10923
10173,25.34586
10174,25.34607
10175,21.57019
10176,21.56959
10177,7.810841
10178,5.447045
10179,0.4806617
10180,24.9824
10181,26.00518
10182,25.20617
10183,25.36469
10184,25.61069
10185,25.61106
10186,25.36428
10187,24.94518
10188,25.80849
10189,25.5493
10190,25.49313
10191,24.89371
10192,15.9848
10193,19.19596
10194,13.28265
10195,13.10754
10196,10.63037
10197,16.82588
10198,0.3303976
10199,0.7398547
10200,24.60109
10201,24.60196
10202,14.27965
10203,20.95963
10204,20.95672
10205,23.54893
10206,26.54827
10207,25.88813
10208,26.62228
10209,20.45116
10210,26.80492
10211,26.62038
10212,23.55105
10213,25.59911
10214,26.07406
10215,26.80491
10216,20.45042
10217,26.32789
10218,1.266964
10219,2.049645
10220,1.91186
10221,3.466175
10222,24.48257
10223,13.49508
10224,25.08297
10225,25.08382
10226,11.88269
10227,11.88027
10228,26.01761
10229,26.12118
10230,26.15999
10231,25.83732
10232,26.07597
10233,26.96624
10234,15.75895
10235,20.23581
10236,14.81285
10237,26.96601
10238,2.437561
10239,4.251571
10240,25.04665
10241,22.82372
10242,25.17793
10243,22.82302
10244,25.27579
10245,17.08985
10246,25.06711
10247,25.00721
10248,25.00655
10249,0.06687149
10250,25.40691
10251,27.44254
10252,27.44335
10253,25.63393
10254,26.15709
10255,27.37977
10256,24.5055
10257,5.217461
10258,0.4947113
10259,1.372325
10260,2.156661
10261,25.11578
10262,25.12714
10263,25.39924
10264,25.11581
10265,25.1189
10266,25.1112
10267,24.97399
10268,11.36367
10269,11.36346
10270,11.62177
10271,23.76237
10272,24.96804
10273,24.25551
10274,24.74797
10275,22.56542
10276,25.36635
10277,26.36707
10278,25.83717
10279,26.37997
10280,26.38062
10281,25.64914
10282,26.00157
10283,24.21861
10284,26.771
10285,26.77098
10286,25.83762
10287,24.63708
10288,26.3673
10289,25.65008
10290,26.00237
10291,2.77659
10292,0.6549801
10293,0.8289858
10294,25.25589
10295,25.2346
10296,25.13109
10297,25.1514
10298,25.15055
10299,25.33072
10300,2.159627
10301,11.63258
10302,25.09169
10303,25.09194
10304,25.19612
10305,25.05634
10306,25.28407
10307,24.98773
10308,25.15876
10309,0.05734155
10310,26.09191
10311,25.69727
10312,25.68081
10313,25.24785
10314,25.24824
10315,26.09866
10316,26.40142
10317,26.40047
10318,26.43464
10319,24.09813
10320,1.27669
10321,2.128211
10322,25.51887
10323,25.43302
10324,25.29195
10325,25.39456
10326,25.21988
10327,25.43663
10328,1.136814
10329,1.943742
10330,24.34977
10331,24.88961
10332,25.16613
10333,25.26773
10334,25.18501
10335,25.24886
10336,25.39203
10337,25.35376
10338,25.16613
10339,25.30778
10340,0.4532719
10341,26.10833
10342,26.5419
10343,26.64585
10344,27.28589
10345,26.29302
10346,25.90952
10347,26.29418
10348,26.00976
10349,26.40358
10350,27.08746
10351,26.34866
10352,26.80523
10353,26.31765
10354,26.31809
10355,0.5393846
10356,2.339141
10357,1.991588
10358,25.42826
10359,25.45338
10360,25.46229
10361,25.35897
10362,25.40657
10363,25.36003
10364,1.280769
10365,1.771575
10366,25.6133
10367,25.85434
10368,25.74982
10369,25.90386
10370,25.61337
10371,25.52443
10372,9.503388
10373,10.24665
10374,0.0032179
10375,25.99526
10376,26.45031
10377,25.94478
10378,26.54169
10379,27.53109
10380,27.15848
10381,27.41786
10382,26.84189
10383,26.8848
10384,2.117692
10385,25.48782
10386,25.40113
10387,25.40192
10388,25.6275
10389,25.46306
10390,25.40957
10391,1.856843
10392,1.000267
10393,27.20757
10394,26.81128
10395,26.51484
10396,26.9481
10397,26.25413
10398,27.29848
10399,26.13103
10400,26.46086
10401,26.11709
10402,1.236724
10403,1.742712
10404,25.84292
10405,25.41665
10406,25.73537
10407,25.44431
10408,25.44473
10409,25.36701
10410,25.41939
10411,25.60258
10412,25.44263
10413,19.15904
10414,19.15955
10415,23.81735
10416,23.81684
10417,0.1495298
10418,4.537956
10419,26.70017
10420,26.83619
10421,26.84305
10422,27.43681
10423,26.69957
10424,25.82103
10425,26.71285
10426,26.73315
10427,27.26203
10428,27.00715
10429,0.4048471
10430,25.62221
10431,26.0127
10432,25.64511
10433,26.08039
10434,25.64412
10435,26.1042
10436,24.8423
10437,25.29263
10438,25.29193
10439,21.88349
10440,25.30647
10441,25.46224
10442,21.88644
10443,25.30691
10444,15.95605
10445,15.95538
10446,10.52596
10447,22.6437
10448,24.9592
10449,24.08987
10450,24.88361
10451,0.5137613
10452,3.155625
10453,26.23434
10454,25.9495
10455,26.66013
10456,25.51753
10457,26.11964
10458,26.67279
10459,26.46151
10460,27.01945
10461,26.18862
10462,27.16255
10463,25.66273
10464,26.33675
10465,26.89934
10466,2.109541
10467,2.290527
10468,24.98221
10469,24.30277
10470,24.30367
10471,18.96701
10472,25.02397
10473,25.92702
10474,26.04044
10475,25.71894
10476,26.01252
10477,26.01459
10478,25.64512
10479,25.73069
10480,25.63063
10481,25.79405
10482,25.98372
10483,25.98454
10484,25.17475
10485,24.97376
10486,22.69953
10487,24.97168
10488,25.09554
10489,25.83629
10490,24.63531
10491,25.20554
10492,25.20564
10493,25.09067
10494,0.1568166
10495,3.951978
10496,25.82375
10497,25.82337
10498,26.34812
10499,26.23828
10500,27.42409
10501,26.3332
10502,26.23771
10503,26.62299
10504,26.75958
10505,25.93612
10506,26.12102
10507,26.84067
10508,26.793
10509,3.594762
10510,0.5151791
10511,4.253396
10512,25.38599
10513,25.33611
10514,25.30582
10515,25.30566
10516,25.33591
10517,26.01906
10518,25.75461
10519,26.018
10520,25.65572
10521,9.407001
10522,26.05434
10523,11.23544
10524,11.23619
10525,26.49858
10526,26.50046
10527,25.98222
10528,26.04449
10529,25.98621
10530,12.22683
10531,12.22805
10532,25.40705
10533,24.77373
10534,25.27008
10535,25.16415
10536,25.10223
10537,25.66901
10538,25.80099
10539,25.32582
10540,25.51407
10541,24.18981
10542,25.45108
10543,0.9915481
10544,0.4402037
10545,0.3924718
10546,28.2253
10547,26.98238
10548,27.09083
10549,27.35067
10550,27.18941
10551,26.9644
10552,28.96482
10553,28.22491
10554,15.4765
10555,22.59679
10556,31.29102
10557,18.85349
10558,26.39081
10559,24.50283
10560,31.37879
10561,26.0773
10562,25.04378
10563,26.35973
10564,26.05837
10565,25.93415
10566,26.0589
10567,26.00391
10568,26.1016
10569,9.085328
10570,25.40045
10571,25.4001
10572,25.20185
10573,25.20216
10574,26.15927
10575,26.91083
10576,25.47927
10577,25.47804
10578,21.17354
10579,26.10164
10580,21.17205
10581,26.10658
10582,25.55963
10583,25.58534
10584,25.58532
10585,25.48625
10586,25.27666
10587,25.59578
10588,0.1113535
10589,0.4224451
10590,0.03129422
10591,0.3250011
10592,0.1711783
10593,26.25216
10594,26.28444
10595,26.61591
10596,13.55311
10597,26.37878
10598,26.57037
10599,27.70307
10600,27.75854
10601,27.76386
10602,26.92061
10603,26.95553
10604,26.97268
10605,28.04516
10606,28.04507
10607,28.81412
10608,20.80957
10609,28.81322
10610,25.45574
10611,26.11844
10612,25.64486
10613,25.8682
10614,25.47403
10615,25.33985
10616,25.33983
10617,0.07780833
10618,25.98542
10619,26.32657
10620,26.36817
10621,26.1924
10622,25.95122
10623,26.19599
10624,26.09658
10625,24.18459
10626,25.62028
10627,24.18339
10628,26.10411
10629,28.21238
10630,26.53943
10631,26.93568
10632,28.21223
10633,26.35055
10634,26.35285
10635,25.55003
10636,25.58213
10637,25.64409
10638,25.50734
10639,25.50718
10640,25.92679
10641,25.58857
10642,25.25862
10643,25.26029
10644,25.25872
10645,0.4671133
10646,0.1601679
10647,0.4668675
10648,0.2513196
10649,26.00433
10650,26.62675
10651,26.60967
10652,26.44873
10653,26.00448
10654,26.36795
10655,13.50145
10656,26.52778
10657,11.29704
10658,14.09149
10659,27.18845
10660,19.82093
10661,19.83089
10662,23.25479
10663,24.4392
10664,26.33909
10665,26.77656
10666,24.9532
10667,25.60793
10668,25.60816
10669,25.81283
10670,25.69852
10671,25.55665
10672,25.84485
10673,24.45198
10674,25.6377
10675,25.48338
10676,25.67439
10677,26.03319
10678,1.966649
10679,0.3564884
10680,3.318391
10681,25.18922
10682,25.1895
10683,25.19773
10684,25.19659
10685,0.6287521
10686,0.001213546
10687,26.4261
10688,26.47906
10689,26.42682
10690,26.4785
10691,26.46661
10692,26.39215
10693,26.41854
10694,26.41821
10695,13.11251
10696,15.90939
10697,15.05414
10698,10.38561
10699,20.70008
10700,23.0027
10701,23.63838
10702,22.02077
10703,19.46323
10704,26.43884
10705,26.43879
10706,27.03414
10707,26.32104
10708,26.43965
10709,26.32143
10710,26.89756
10711,26.5528
10712,26.4017
10713,11.02734
10714,12.27491
10715,0.1016782
10716,1.720504
10717,26.78786
10718,26.78826
10719,26.79059
10720,26.74684
10721,17.78588
10722,12.20055
10723,17.31411
10724,17.06439
10725,24.98734
10726,23.06056
10727,24.83385
10728,25.28033
10729,24.02777
10730,1.110122
10731,0.2286989
10732,0.2086986
10733,0.6985246
10734,7.252524
10735,7.534007
10736,27.27159
10737,27.37352
10738,26.82231
10739,27.42856
10740,27.06602
10741,27.26219
10742,27.62745
10743,26.96502
10744,12.00356
10745,7.662147
10746,16.99011
10747,8.335313
10748,11.87977
10749,21.12929
10750,23.63747
10751,23.4732
10752,25.98496
10753,24.64152
10754,27.18674
10755,27.17988
10756,25.30626
10757,12.10822
10758,23.44107
10759,23.44067
10760,21.71435
10761,0.09850492
10762,26.77215
10763,26.77364
10764,26.86583
10765,26.8657
10766,26.70397
10767,26.70426
10768,26.55186
10769,26.55165
10770,19.04876
10771,23.01456
10772,14.47971
10773,23.73933
10774,7.248751
10775,23.69566
10776,24.97393
10777,22.74826
10778,26.5692
10779,17.78811
10780,23.65417
10781,18.81417
10782,12.57896
10783,12.57956
10784,21.78441
10785,21.78403
10786,25.19963
10787,25.19959
10788,0.5597054
10789,24.98997
10790,21.50168
10791,25.19933
10792,21.5105
10793,24.98965
10794,0.01298868
10795,26.95879
10796,26.95856
10797,27.0166
10798,27.01662
10799,26.95353
10800,27.50559
10801,13.89401
10802,13.79609
10803,25.07833
10804,23.57453
10805,20.75671
10806,23.94936
10807,13.43586
10808,22.31028
10809,13.36818
10810,20.33506
10811,15.6155
10812,17.5372
10813,15.0522
10814,15.27989
10815,2.885209
10816,8.61988
10817,10.62742
10818,11.50273
10819,26.00347
10820,25.9729
10821,26.40486
10822,26.77707
10823,26.16492
10824,26.0996
10825,26.06933
10826,15.72466
10827,12.15973
10828,10.7333
10829,12.11349
10830,0.2234251
10831,27.09986
10832,27.35991
10833,26.95896
10834,27.28489
10835,26.95871
10836,27.09916
10837,11.24365
10838,13.58682
10839,13.3074
10840,9.100883
10841,12.93607
10842,12.92256
10843,8.979645
10844,6.986667
10845,14.89417
10846,2.158274
10847,9.145939
10848,12.03913
10849,9.728801
10850,0.2048704
10851,0.01937871
10852,27.11203
10853,27.46686
10854,27.11204
10855,26.59784
10856,26.47034
10857,26.4709
10858,26.59803
10859,29.74683
10860,29.74739
10861,13.82916
10862,6.913618
10863,12.19652
10864,7.467239
10865,7.207324
10866,6.736578
10867,25.29519
10868,25.29503
10869,2.270394
10870,3.377384
10871,2.214054
10872,0.4957784
10873,11.79489
10874,11.79948
10875,0.2514113
10876,0.0125686
10877,26.86146
10878,29.65348
10879,26.86093
10880,5.708751
10881,14.96926
10882,16.68263
10883,5.15706
10884,3.60781
10885,3.726097
10886,25.02892
10887,25.12373
10888,25.02815
10889,25.25619
10890,25.20714
10891,25.1235
10892,25.20743
10893,4.12662
10894,0.879582
10895,1.265546
10896,0.07522245
10897,93.82314
10898,99.4425
10899,101.913
10900,78.20078
10901,20.58073
10902,60.74475
10903,53.7096
10904,71.65828
10905,93.83195
10906,78.20354
10907,99.89816
10908,85.75402
10909,101.2985
10910,68.48779
10911,20.41432
10912,19.16822
10913,14.10221
10914,19.80198
10915,12.86427
10916,20.11805
10917,20.06254
10918,18.11143
10919,21.88712
10920,4.458425
10921,3.914566
10922,4.89646
10923,25.25779
10924,25.15249
10925,25.19114
10926,25.18153
10927,25.25748
10928,25.1837
10929,25.18328
10930,25.404
10931,25.31851
10932,25.20811
10933,25.20834
10934,5.958103
10935,12.50714
10936,12.51474
10937,1.516255
10938,1.237323
10939,25.61428
10940,25.45752
10941,25.9669
10942,25.43246
10943,25.37198
10944,25.43214
10945,11.99285
10946,2.85919
10947,8.421739
10948,25.10247
10949,19.87404
10950,19.64794
10951,9.036096
10952,19.63365
10953,18.95958
10954,8.241021
10955,10.05637
10956,16.63104
10957,4.9114
10958,4.222777
10959,2.097217
10960,25.30952
10961,25.49458
10962,25.33377
10963,25.25906
10964,25.25892
10965,24.46629
10966,24.89542
10967,0.2394462
10968,0.531693
10969,1.85659
10970,4.365335
10971,12.14147
10972,34.05693
10973,34.01863
10974,29.09094
10975,28.47472
10976,31.29066
10977,34.01853
10978,34.43263
10979,30.97926
10980,30.51314
10981,29.84143
10982,10.68835
10983,10.53023
10984,2.776334
10985,10.01935
10986,0.9935375
10987,5.357183
10988,5.388715
10989,3.750118
10990,25.11394
10991,25.26061
10992,25.48655
10993,25.61071
10994,25.43619
10995,25.70056
10996,0.4929243
10997,0.8746761
10998,0.4267891
10999,13.52569
11000,3.311147
11001,0.7915465
11002,28.49927
11003,28.20075
11004,28.12146
11005,28.99634
11006,29.93367
11007,28.30804
11008,7.856096
11009,4.898514
11010,5.233364
11011,5.044033
11012,5.04951
11013,8.467485
11014,3.556352
11015,1E-07
11016,25.46292
11017,25.74995
11018,25.6304
11019,25.44505
11020,25.79659
11021,25.74841
11022,25.61818
11023,25.88368
11024,25.85683
11025,2.802403
11026,0.2411998
11027,0.1491001
11028,3.740602
11029,27.7996
11030,28.79142
11031,28.69191
11032,27.98139
11033,28.5986
11034,28.64981
11035,10.68266
11036,18.11525
11037,17.94585
11038,16.98616
11039,18.27004
11040,17.89494
11041,17.12085
11042,5.72364
11043,4.162902
11044,7.150854
11045,0.01721422
11046,24.73265
11047,25.91149
11048,25.9115
11049,25.24407
11050,25.27267
11051,24.48001
11052,24.48041
11053,24.73039
11054,25.24451
11055,10.95347
11056,2.103018
11057,7.055739
11058,10.8285
11059,0.3025876
11060,0.3426429
11061,1.007697
11062,0.8783652
11063,1.099202
11064,1.05172
11065,29.49865
11066,28.26927
11067,28.46168
11068,29.26221
11069,28.90868
11070,29.49877
11071,29.67948
11072,27.50182
11073,28.51103
11074,19.6274
11075,12.25369
11076,14.6683
11077,17.5321
11078,19.1672
11079,20.0823
11080,30.97172
11081,25.40464
11082,21.58571
11083,18.46637
11084,6.958595
11085,24.81777
11086,25.19727
11087,25.85979
11088,25.10184
11089,25.19404
11090,25.10192
11091,25.85691
11092,0.04673455
11093,26.02148
11094,24.45573
11095,25.79716
11096,24.89299
11097,24.45666
11098,25.22035
11099,24.6611
11100,4.217048
11101,4.657851
11102,7.699126
11103,12.10973
11104,11.16393
11105,0.09108556
11106,25.18635
11107,25.18739
11108,0.4059308
11109,0.3377752
11110,1.699074
11111,0.09295285
11112,32.28959
11113,31.58235
11114,31.58462
11115,32.28964
11116,26.94605
11117,18.42976
11118,22.85469
11119,18.92801
11120,23.39698
11121,18.42691
11122,49.82784
11123,50.25757
11124,36.00074
11125,26.86184
11126,49.93128
11127,47.63498
11128,47.54258
11129,51.64424
11130,47.21133
11131,48.36845
11132,48.78963
11133,25.75904
11134,25.05088
11135,25.56462
11136,25.40503
11137,25.05106
11138,25.40795
11139,25.40756
11140,25.59376
11141,25.56395
11142,7.454264
11143,8.003333
11144,0.1985947
11145,0.6415352
11146,25.23584
11147,25.2359
11148,25.44739
11149,1.069025
11150,0.8516448
11151,0.171639
11152,25.76795
11153,25.74031
11154,25.52818
11155,25.70136
11156,25.61101
11157,25.76983
11158,25.49403
11159,7.901553
11160,11.29408
11161,12.48421
11162,25.23739
11163,24.03432
11164,24.44509
11165,25.24933
11166,25.0645
11167,25.23116
11168,25.23137
11169,25.06656
11170,25.41172
11171,25.41196
11172,1.104065
11173,0.1659313
11174,25.47142
11175,25.74187
11176,25.88496
11177,26.15956
11178,26.35156
11179,25.74418
11180,26.23106
11181,25.48652
11182,25.59138
11183,25.61819
11184,8.982953
11185,12.05276
11186,10.06172
11187,12.37011
11188,14.37418
11189,0.2719889
11190,0.6004259
11191,6.814353
11192,24.86076
11193,25.07841
11194,25.08095
11195,25.2586
11196,25.26908
11197,25.48294
11198,25.26457
11199,7.919896
11200,4.666102
11201,0.2324654
11202,1.235317
11203,26.22481
11204,26.03545
11205,26.07083
11206,25.27724
11207,25.67609
11208,26.00697
11209,26.0063
11210,26.14824
11211,25.99892
11212,26.03439
11213,26.05152
11214,25.99897
11215,25.68483
11216,9.205384
11217,10.4849
11218,13.65205
11219,0.4236766
11220,8.402008
11221,18.78029
11222,24.53007
11223,24.53632
11224,18.77087
11225,22.10814
11226,25.44977
11227,25.3382
11228,25.33815
11229,24.02092
11230,25.43288
11231,25.59401
11232,25.36809
11233,25.52859
11234,25.15601
11235,25.14751
11236,5.947484
11237,5.622247
11238,5.821829
11239,0.3946158
11240,0.5973276
11241,27.02644
11242,27.10452
11243,26.45811
11244,26.73709
11245,26.65233
11246,26.70764
11247,20.76502
11248,20.76467
11249,29.80957
11250,24.69652
11251,23.54683
11252,23.55176
11253,10.74664
11254,25.70527
11255,30.11571
11256,18.1933
11257,10.94223
11258,14.16212
11259,12.93075
11260,25.29866
11261,22.61652
11262,25.29813
11263,25.66378
11264,25.40164
11265,25.40171
11266,25.63654
11267,25.57671
11268,25.65361
11269,25.53163
11270,25.35653
11271,25.74088
11272,25.46951
11273,25.19164
11274,0.4372227
11275,0.8723077
11276,0.1317278
11277,1.621438
11278,25.05792
11279,25.37945
11280,25.49393
11281,25.54962
11282,25.49366
11283,25.70708
11284,25.75614
11285,24.68875
11286,0.2363599
11287,0.4463447
11288,0.5471098
11289,22.16339
11290,22.16142
11291,22.67723
11292,22.67426
11293,8.486725
11294,0.6095166
11295,1E-07
11296,0.007815854
11297,11.72548
11298,11.72625
11299,24.86556
11300,25.39826
11301,25.58449
11302,25.79371
11303,25.31432
11304,25.59861
11305,25.44688
11306,25.73977
11307,25.43936
11308,6.405474
11309,0.1837023
11310,0.49301
11311,25.55383
11312,25.21032
11313,24.45814
11314,24.36777
11315,23.69273
11316,25.51426
11317,10.43969
11318,10.43956
11319,25.23776
11320,25.33598
11321,25.3852
11322,25.43248
11323,25.47413
11324,25.57693
11325,25.62196
11326,25.07519
11327,25.57625
11328,25.91274
11329,19.79492
11330,9.108957
11331,10.68721
11332,8.778494
11333,0.2556708
11334,0.1090214
11335,25.34335
11336,24.73534
11337,25.34064
11338,24.90018
11339,24.89993
11340,23.88248
11341,20.47451
11342,17.60986
11343,23.8831
11344,25.14247
11345,25.02537
11346,25.02535
11347,7.603952
11348,3.009156
11349,0.07028735
11350,0.0003477396
11351,6.850531
11352,18.00305
11353,18.00551
11354,17.93779
11355,17.94053
11356,26.38478
11357,26.40227
11358,26.32705
11359,26.41524
11360,26.48666
11361,24.1346
11362,16.44189
11363,24.11659
11364,12.98438
11365,13.47925
11366,4.23369
11367,9.18604
11368,7.689982
11369,25.61854
11370,25.15168
11371,25.15022
11372,25.40886
11373,24.14182
11374,24.55201
11375,0.06991874
11376,1E-07
11377,5.417217
11378,0.4883426
11379,12.37283
11380,19.72049
11381,25.18521
11382,24.08349
11383,24.08253
11384,24.57577
11385,25.18535
11386,0.3382589
11387,2.807364
11388,0.06399882
11389,22.07928
11390,22.07692
11391,23.62502
11392,23.62494
11393,25.6053
11394,25.6048
11395,16.05759
11396,2.958357
11397,5.944438
11398,2.696846
11399,8.767288
11400,25.14445
11401,24.51803
11402,19.00637
11403,24.41282
11404,24.51834
11405,4.915627
11406,0.0812714
11407,1E-07
11408,25.83193
11409,27.10805
11410,25.95641
11411,20.63677
11412,25.83245
11413,5.269692
11414,7.532963
11415,0.9448525
11416,1.809564
11417,19.22874
11418,19.22736
11419,17.90679
11420,25.14
11421,25.14034
11422,25.33586
11423,24.21204
11424,25.24777
11425,25.33554
11426,25.45634
11427,23.41989
11428,24.99739
11429,23.42202
11430,24.21288
11431,25.32457
11432,25.2477
11433,25.40678
11434,2.839309
11435,11.55919
11436,1.708252
11437,12.39966
11438,1.579534
11439,0.2672329
11440,1E-07
11441,26.53835
11442,26.53873
11443,18.93672
11444,24.58974
11445,24.58864
11446,19.858
11447,1.267892
11448,11.82697
11449,15.60558
11450,15.60599
11451,25.67319
11452,25.52629
11453,25.65799
11454,25.56759
11455,25.65813
11456,25.72549
11457,25.67317
11458,14.02002
11459,18.90929
11460,18.90902
11461,17.34995
11462,15.9956
11463,10.72315
11464,24.14181
11465,24.92611
11466,24.92597
11467,0.003903046
11468,20.5748
11469,24.50609
11470,24.90662
11471,25.1594
11472,25.15952
11473,21.15733
11474,23.28638
11475,23.28545
11476,24.50578
11477,24.90681
11478,25.0631
11479,25.05114
11480,25.05174
11481,25.05727
11482,25.05782
11483,25.06027
11484,4.161526
11485,14.60088
11486,14.59959
11487,9.561675
11488,23.92165
11489,23.53446
11490,24.99724
11491,24.79907
11492,24.9973
11493,25.21308
11494,23.5349
11495,25.24422
11496,0.06710827
11497,20.33558
11498,22.23436
11499,23.39993
11500,23.94832
11501,21.2084
11502,23.40572
11503,23.40479
11504,23.94675
11505,21.20583
11506,22.3813
11507,20.33527
11508,0.2125421
11509,1.281155
11510,25.34511
11511,25.01841
11512,25.28093
11513,25.09722
11514,25.15007
11515,25.26756
11516,25.1495
11517,2.818005
11518,1.150735
11519,24.99461
11520,22.77388
11521,25.19297
11522,25.10958
11523,25.0003
11524,22.77427
11525,24.79677
11526,25.10739
11527,0.001338615
11528,25.2932
11529,24.86122
11530,23.68114
11531,23.58014
11532,23.68123
11533,19.73081
11534,19.7315
11535,0.4666487
11536,1.329687
11537,1.252118
11538,25.3911
11539,25.36384
11540,25.16691
11541,25.26087
11542,25.19306
11543,25.40084
11544,0.6995535
11545,0.7095236
11546,25.13914
11547,25.31969
11548,25.07186
11549,25.29667
11550,24.82882
11551,25.11442
11552,25.21377
11553,25.21755
11554,25.21787
11555,24.34255
11556,11.49626
11557,11.49024
11558,0.05218425
11559,24.71886
11560,24.96027
11561,24.61133
11562,24.61259
11563,20.14955
11564,25.68262
11565,19.46666
11566,21.40262
11567,2.316234
11568,2.973992
11569,25.3495
11570,25.40174
11571,25.32367
11572,25.46699
11573,25.31566
11574,25.45516
11575,0.5369514
11576,25.86475
11577,25.78228
11578,25.44172
11579,25.43393
11580,25.71933
11581,25.7656
11582,25.61689
11583,15.38927
11584,15.38934
11585,12.30551
11586,12.30538
11587,1.174954E-05
11588,25.10746
11589,25.10717
11590,26.42958
11591,25.9735
11592,25.33547
11593,25.90436
11594,25.47021
11595,25.46554
11596,24.92951
11597,25.41151
11598,26.42917
11599,25.98212
11600,25.41214
11601,1.168776
11602,0.2091936
11603,2.607335
11604,25.30794
11605,25.33941
11606,25.38518
11607,25.33959
11608,25.33878
11609,25.33784
11610,25.30836
11611,0.3855551
11612,1.5573
11613,26.39297
11614,25.38274
11615,27.17345
11616,25.13159
11617,25.89985
11618,25.93654
11619,27.37597
11620,24.59261
11621,25.9459
11622,26.39243
11623,26.73665
11624,27.30015
11625,22.93489
11626,25.97383
11627,25.3608
11628,0.5403014
11629,25.36963
11630,25.46982
11631,25.46032
11632,25.40017
11633,25.46979
11634,25.37029
11635,18.34601
11636,18.34601
11637,0.1879467
11638,3.853784
11639,12.85995
11640,12.85969
11641,26.86036
11642,27.5134
11643,26.64752
11644,26.55493
11645,27.01074
11646,26.33352
11647,26.33357
11648,26.72577
11649,26.61839
11650,27.45909
11651,0.5684423
11652,0.07714005
11653,25.21252
11654,25.21693
11655,25.62714
11656,25.63027
11657,25.50295
11658,25.28045
11659,25.52013
11660,25.52102
11661,25.26119
11662,25.09681
11663,24.05247
11664,24.04506
11665,25.38239
11666,25.09854
11667,25.26427
11668,23.7334
11669,23.70018
11670,23.73179
11671,22.34863
11672,22.34996
11673,20.75869
11674,22.3415
11675,20.2884
11676,0.4325995
11677,27.14009
11678,26.63082
11679,26.47095
11680,26.4042
11681,26.59622
11682,27.03472
11683,27.31608
11684,26.47537
11685,26.80358
11686,25.9159
11687,25.92665
11688,26.76653
11689,1.208383
11690,2.152337
11691,25.67025
11692,25.66204
11693,25.62697
11694,25.58639
11695,25.58655
11696,25.62819
11697,25.73108
11698,25.73008
11699,25.48045
11700,25.45606
11701,25.48149
11702,25.4562
11703,22.94403
11704,22.94143
11705,21.86773
11706,20.49952
11707,25.18023
11708,25.33841
11709,26.08485
11710,26.08462
11711,25.18134
11712,25.12247
11713,24.40937
11714,24.98781
11715,0.07978162
11716,4.904405
11717,3.12562
11718,6.613918
11719,26.86791
11720,26.06041
11721,25.70264
11722,26.86059
11723,25.98596
11724,27.7826
11725,27.78261
11726,26.32828
11727,25.98645
11728,26.36955
11729,26.32834
11730,28.13025
11731,4.131894
11732,2.423577
11733,25.308
11734,25.30715
11735,25.32672
11736,25.26322
11737,25.37558
11738,25.37564
11739,25.40936
11740,25.43268
11741,25.60856
11742,25.61372
11743,26.08233
11744,25.66937
11745,25.66657
11746,25.53713
11747,25.53696
11748,25.84556
11749,25.84608
11750,25.90766
11751,25.90785
11752,26.7078
11753,26.71272
11754,11.50251
11755,11.50169
11756,20.30122
11757,20.31371
11758,22.25967
11759,26.44297
11760,26.44226
11761,25.43784
11762,25.36295
11763,24.92345
11764,25.36312
11765,25.86061
11766,25.81364
11767,24.7278
11768,0.2709993
11769,0.3900504
11770,27.27016
11771,27.16094
11772,26.97826
11773,28.34227
11774,26.97821
11775,27.30727
11776,28.34361
11777,27.91029
11778,27.30695
11779,27.84022
11780,14.73125
11781,20.0029
11782,18.24476
11783,17.99723
11784,16.33895
11785,14.5072
11786,25.68026
11787,25.6853
11788,25.46739
11789,25.46808
11790,25.60463
11791,25.60436
11792,26.54324
11793,26.11267
11794,26.54354
11795,26.11398
11796,27.70819
11797,27.70746
11798,16.85296
11799,16.85556
11800,20.85032
11801,20.84717
11802,25.38511
11803,24.63316
11804,25.68146
11805,25.68082
11806,25.7483
11807,26.02021
11808,26.02017
11809,0.07576701
11810,0.496572
11811,13.75403
11812,26.0667
11813,26.41018
11814,26.34351
11815,22.25277
11816,26.06721
11817,26.27262
11818,28.23082
11819,28.21013
11820,23.13534
11821,27.63957
11822,28.55813
11823,23.82661
11824,28.55871
11825,26.34675
11826,20.8126
11827,20.80591
11828,28.00986
11829,28.05606
11830,28.05564
11831,27.46992
11832,27.46904
11833,26.08799
11834,25.95569
11835,26.24316
11836,26.10585
11837,26.17344
11838,25.62875
11839,26.17428
11840,25.81336
11841,25.3635
11842,25.66986
11843,0.2168595
11844,0.1041891
11845,0.006612854
11846,25.79641
11847,25.8416
11848,25.84154
11849,25.86886
11850,25.79489
11851,25.91688
11852,25.91649
11853,22.69608
11854,22.69797
11855,24.24828
11856,24.24781
11857,26.27783
11858,27.42595
11859,27.42633
11860,24.87474
11861,26.72499
11862,27.24095
11863,26.0041
11864,24.87606
11865,25.84618
11866,25.85534
11867,26.22604
11868,25.93815
11869,25.86031
11870,25.61614
11871,26.4325
11872,0.01527262
11873,0.05074972
11874,0.6149427
11875,0.01641061
11876,26.80285
11877,26.91831
11878,26.33609
11879,26.20846
11880,26.94073
11881,25.9793
11882,26.88668
11883,28.54608
11884,27.10834
11885,32.22237
11886,32.22227
11887,23.00393
11888,24.29466
11889,25.13771
11890,24.54072
11891,23.07611
11892,25.13849
11893,25.8891
11894,25.37477
11895,25.76854
11896,25.65696
11897,25.91996
11898,25.68362
11899,25.68345
11900,25.56954
11901,25.6577
11902,25.37349
11903,26.0707
11904,0.6522642
11905,0.2339586
11906,25.12578
11907,25.19371
11908,25.14463
11909,25.16152
11910,25.25345
11911,25.24841
11912,25.18616
11913,25.16776
11914,10.43382
11915,10.43382
11916,0.0523804
11917,26.44543
11918,26.85464
11919,27.0099
11920,26.64679
11921,26.66111
11922,13.42965
11923,26.44547
11924,26.94695
11925,27.01892
11926,7.232316
11927,6.363104
11928,14.09305
11929,14.11651
11930,6.955664
11931,24.74613
11932,23.73906
11933,20.35248
11934,23.71786
11935,26.14266
11936,25.59871
11937,20.75218
11938,26.63885
11939,26.77414
11940,26.84319
11941,26.71167
11942,26.72412
11943,26.90755
11944,27.01418
11945,3.375697
11946,5.427881
11947,2.980622
11948,6.757499
11949,0.1021777
11950,0.02936495
11951,0.002114599
11952,27.07748
11953,26.42835
11954,26.42822
11955,26.42479
11956,26.42486
11957,12.05654
11958,15.85175
11959,11.45597
11960,22.84229
11961,19.69514
11962,20.70236
11963,20.17335
11964,0.0522449
11965,26.48619
11966,26.48549
11967,26.60738
11968,27.47663
11969,26.807
11970,26.80657
11971,26.60793
11972,8.951704
11973,11.62697
11974,27.04086
11975,18.50856
11976,22.00019
11977,23.7003
11978,23.78319
11979,29.62326
11980,26.15406
11981,0.7159972
11982,25.10695
11983,25.18634
11984,25.18513
11985,0.0430577
11986,0.2649568
11987,26.85542
11988,26.92906
11989,26.92929
11990,27.6844
11991,27.68443
11992,27.7743
11993,14.21502
11994,16.29913
11995,14.21502
11996,17.92925
11997,17.94326
11998,7.171514
11999,17.43861
12000,25.12992
12001,26.53389
12002,25.91509
12003,23.01536
12004,29.06571
12005,26.83488
12006,20.70481
12007,20.88022
12008,20.88013
12009,16.41116
12010,16.41013
12011,24.94464
12012,25.17762
12013,25.16022
12014,25.15517
12015,25.44643
12016,23.64684
12017,20.01871
12018,20.0142
12019,23.39167
12020,23.39208
12021,0.5149202
12022,27.69866
12023,28.14391
12024,27.65734
12025,27.51934
12026,27.65767
12027,28.28412
12028,28.27185
12029,22.8702
12030,22.88794
12031,25.15687
12032,15.62544
12033,16.82639
12034,15.34797
12035,16.18218
12036,16.78218
12037,14.43393
12038,3.651132
12039,26.56812
12040,26.36646
12041,26.36635
12042,26.33911
12043,26.33871
12044,26.83167
12045,25.92869
12046,8.166193
12047,21.45285
12048,10.18896
12049,23.37734
12050,5.262596
12051,23.40662
12052,27.51725
12053,27.60277
12054,27.43518
12055,26.67599
12056,27.51739
12057,27.08581
12058,27.08609
12059,5.150979
12060,3.136828
12061,4.26299
12062,4.945811
12063,9.395922
12064,7.322172
12065,1E-07
12066,6.502797
12067,12.55692
12068,12.07592
12069,18.88579
12070,18.88501
12071,26.79838
12072,28.67385
12073,27.63801
12074,26.79742
12075,27.09218
12076,27.09235
12077,2.380138
12078,7.415293
12079,5.015589
12080,6.124763
12081,0.9387967
12082,4.770707
12083,2.488196
12084,2.91854
12085,0.2802392
12086,27.75701
12087,27.75673
12088,31.27626
12089,31.53171
12090,31.93594
12091,31.27582
12092,31.94068
12093,31.56046
12094,31.93393
12095,12.20852
12096,12.42885
12097,10.57325
12098,7.199441
12099,9.181305
12100,3.797435
12101,25.25088
12102,25.08329
12103,24.84893
12104,24.85005
12105,25.08328
12106,11.54971
12107,11.39235
12108,0.2638328
12109,1.126866
12110,2.829232
12111,10.44922
12112,10.44924
12113,0.2172357
12114,0.2556576
12115,31.68852
12116,31.68695
12117,36.86544
12118,32.53629
12119,36.86387
12120,32.53651
12121,12.69408
12122,14.28147
12123,20.34991
12124,3.394132
12125,2.859874
12126,25.1531
12127,24.89291
12128,25.15045
12129,24.72481
12130,24.72511
12131,24.90931
12132,24.9096
12133,0.3865574
12134,2.182348
12135,2.003538
12136,26.21991
12137,26.22135
12138,26.29777
12139,25.67134
12140,26.29632
12141,25.67415
12142,22.76278
12143,13.74035
12144,1.538102
12145,31.0974
12146,30.44515
12147,30.44554
12148,31.67203
12149,32.02244
12150,30.73832
12151,31.67249
12152,8.61822
12153,9.552161
12154,9.138754
12155,6.721686
12156,4.20747
12157,3.107266
12158,25.21715
12159,25.1812
12160,25.17814
12161,25.17023
12162,25.18445
12163,25.21705
12164,25.43351
12165,24.75015
12166,25.17174
12167,25.18069
12168,7.890895
12169,0.4600284
12170,2.357666
12171,3.512522
12172,2.57849
12173,19.71193
12174,15.26474
12175,13.87616
12176,19.005
12177,29.19431
12178,31.00758
12179,27.29373
12180,30.00837
12181,27.04002
12182,27.03959
12183,1.076247
12184,2.115446
12185,3.206246
12186,1E-07
12187,25.34342
12188,25.24521
12189,25.51063
12190,25.33576
12191,25.36817
12192,25.34553
12193,25.34539
12194,24.7134
12195,25.23349
12196,0.8903891
12197,7.707088
12198,0.8508087
12199,0.3662376
12200,0.6227297
12201,3.658468
12202,5.61523
12203,14.73417
12204,27.57022
12205,28.56351
12206,27.15247
12207,28.64235
12208,27.78635
12209,28.35701
12210,27.95916
12211,3.653158
12212,2.601187
12213,3.446624
12214,3.29279
12215,0.7296475
12216,3.492312
12217,25.90803
12218,25.42797
12219,25.58718
12220,25.3756
12221,25.18077
12222,25.36515
12223,24.51806
12224,2.390569
12225,1.230618
12226,1.334922
12227,1E-07
12228,2.42107
12229,0.1159351
12230,28.40741
12231,28.3629
12232,27.98748
12233,28.89327
12234,27.96679
12235,28.36958
12236,28.32308
12237,6.841362
12238,4.149788
12239,4.855627
12240,1.813898
12241,3.229187
12242,6.075146
12243,25.68332
12244,25.34348
12245,25.5685
12246,25.4712
12247,26.18461
12248,24.60799
12249,1.217307
12250,0.352299
12251,1.312531
12252,11.9493
12253,11.88746
12254,0.4835316
12255,0.9807066
12256,0.1784855
12257,27.48136
12258,28.83227
12259,28.83193
12260,28.51376
12261,27.48209
12262,28.437
12263,29.50424
12264,29.63883
12265,29.63959
12266,13.86662
12267,19.15802
12268,15.52636
12269,14.69593
12270,13.13191
12271,12.85362
12272,7.046922
12273,31.1327
12274,6.231754
12275,3.390319
12276,6.231754
12277,6.231754
12278,16.62691
12279,25.35955
12280,25.3573
12281,16.63134
12282,15.10122
12283,15.10305
12284,1.448186
12285,1.122739
12286,24.59778
12287,25.95273
12288,25.62676
12289,25.63979
12290,25.98042
12291,25.75027
12292,25.43255
12293,0.5218344
12294,2.884568
12295,0.09276743
12296,0.7174824
12297,0.6430843
12298,31.89647
12299,30.72975
12300,32.26012
12301,31.4631
12302,30.72972
12303,62.75801
12304,80.6767
12305,80.87118
12306,80.86979
12307,69.50299
12308,85.00197
12309,45.52145
12310,62.7601
12311,57.99811
12312,32.12519
12313,68.94367
12314,43.04937
12315,73.6409
12316,83.8929
12317,70.04427
12318,20.95604
12319,68.62959
12320,61.77471
12321,56.45008
12322,64.82196
12323,67.71657
12324,53.25617
12325,29.41361
12326,68.72444
12327,51.23949
12328,62.19262
12329,33.00954
12330,25.67325
12331,25.83465
12332,25.79666
12333,25.8205
12334,25.44364
12335,24.98466
12336,4.810975
12337,0.7095124
12338,0.9422684
12339,0.6035473
12340,0.2582749
12341,0.09508368
12342,0.1712951
12343,25.64078
12344,25.60863
12345,25.60866
12346,25.82066
12347,25.6737
12348,25.58866
12349,25.27965
12350,25.57226
12351,25.58854
12352,2.780595
12353,3.421678
12354,0.9134231
12355,1.482984
12356,0.593132
12357,24.86341
12358,24.86194
12359,1.741232
12360,0.3072417
12361,25.46304
12362,25.5526
12363,25.5526
12364,25.68215
12365,25.06554
12366,25.37011
12367,25.37033
12368,2.104772
12369,9.615589
12370,12.19646
12371,3.652924
12372,0.8759419
12373,25.11415
12374,17.32302
12375,25.11423
12376,14.1343
12377,25.31466
12378,25.31432
12379,25.3628
12380,24.77585
12381,24.77978
12382,0.2797221
12383,0.04358676
12384,2.705692
12385,1.883521
12386,0.0983422
12387,25.52305
12388,25.87891
12389,26.03751
12390,25.82903
12391,25.62842
12392,25.67275
12393,25.78583
12394,25.67223
12395,25.71214
12396,25.71165
12397,6.606649
12398,3.478637
12399,0.9987628
12400,4.995615
12401,3.890692
12402,25.15015
12403,24.02252
12404,25.16108
12405,25.0083
12406,24.24036
12407,25.16091
12408,25.01587
12409,22.05882
12410,25.15031
12411,24.95719
12412,25.28957
12413,25.20328
12414,25.20313
12415,25.59539
12416,24.95621
12417,25.49453
12418,24.71876
12419,0.1254022
12420,0.1594892
12421,11.40128
12422,11.13019
12423,0.2132664
12424,26.96965
12425,26.38993
12426,26.97789
12427,26.76474
12428,26.76796
12429,26.39932
12430,19.99818
12431,21.13312
12432,14.54857
12433,21.13296
12434,14.18289
12435,4.848975
12436,11.67008
12437,25.16239
12438,25.30437
12439,24.64466
12440,25.22559
12441,25.22676
12442,25.19742
12443,25.12761
12444,25.20305
12445,25.18336
12446,25.16299
12447,25.18319
12448,25.30427
12449,25.43068
12450,25.80175
12451,25.22401
12452,25.2109
12453,25.61196
12454,25.22005
12455,25.22373
12456,25.21959
12457,25.41804
12458,0.03509418
12459,0.5600482
12460,2.630984
12461,0.03151965
12462,25.11217
12463,25.11203
12464,25.1771
12465,24.03885
12466,25.34196
12467,25.34177
12468,25.1774
12469,25.41919
12470,25.40308
12471,25.46553
12472,25.301
12473,25.40429
12474,23.57303
12475,25.69346
12476,25.48857
12477,25.04616
12478,0.1284949
12479,0.9135821
12480,0.3610472
12481,1.670397
12482,0.8666855
12483,8.385024
12484,1.789096
12485,0.2116923
12486,0.4767867
12487,25.55486
12488,25.27073
12489,25.27173
12490,25.33891
12491,24.6076
12492,25.57492
12493,25.3962
12494,25.3394
12495,25.31602
12496,25.55456
12497,16.17931
12498,16.17836
12499,6.087757
12500,11.46341
12501,11.46274
12502,25.40567
12503,25.46826
12504,25.40513
12505,23.42364
12506,25.93442
12507,4.508266
12508,0.1406385
12509,0.5728831
12510,0.1293221
12511,0.3977301
12512,0.05970238
12513,25.52786
12514,25.45995
12515,25.83913
12516,25.83912
12517,25.46426
12518,21.42222
12519,25.46428
12520,25.1677
12521,2.348158
12522,2.61101
12523,25.78941
12524,25.73801
12525,25.96421
12526,25.20323
12527,25.32481
12528,25.80182
12529,24.84611
12530,25.50077
12531,25.50121
12532,25.51359
12533,25.54051
12534,25.59801
12535,25.08086
12536,7.587695
12537,7.952627
12538,6.449129
12539,0.03658166
12540,0.03749019
12541,26.22622
12542,25.74991
12543,25.90495
12544,24.44983
12545,25.48454
12546,25.74966
12547,25.17849
12548,25.48302
12549,25.45229
12550,9.399964
12551,10.49601
12552,22.50127
12553,26.19096
12554,26.01123
12555,26.08374
12556,26.27081
12557,26.26213
12558,26.29653
12559,14.00073
12560,13.14957
12561,11.70999
12562,17.05929
12563,22.45304
12564,3.528737
12565,7.078435
12566,13.24205
12567,10.55484
12568,7.807841
12569,8.088076
12570,1.010666
12571,0.2131
12572,0.006472567
12573,0.005448236
12574,25.52335
12575,25.85569
12576,25.64996
12577,26.16925
12578,25.72465
12579,26.16833
12580,25.78547
12581,24.73024
12582,24.73123
12583,17.95478
12584,5.091573
12585,6.613346
12586,23.56125
12587,16.40558
12588,16.40589
12589,9.728875
12590,0.147476
12591,0.01336877
12592,26.02222
12593,26.04944
12594,26.0223
12595,25.3536
12596,26.31509
12597,25.59664
12598,26.53541
12599,25.88963
12600,26.05
12601,25.29
12602,18.0936
12603,24.21234
12604,20.41987
12605,19.53295
12606,23.76333
12607,23.76224
12608,1.504006
12609,8.12865
12610,24.13909
12611,25.2778
12612,24.13828
12613,25.13276
12614,25.23561
12615,25.27759
12616,15.33137
12617,21.11421
12618,21.11353
12619,21.90032
12620,1.079144
12621,0.9159381
12622,0.07618427
12623,0.242802
12624,8.194813E-05
12625,25.83583
12626,27.13646
12627,25.58844
12628,26.08242
12629,25.91739
12630,26.0833
12631,26.52687
12632,25.84475
12633,21.28212
12634,21.44619
12635,20.62926
12636,21.39456
12637,24.8908
12638,23.96566
12639,23.96474
12640,21.28144
12641,17.7479
12642,10.0314
12643,0.8563175
12644,1.487775
12645,24.02061
12646,24.80517
12647,25.99375
12648,25.44536
12649,25.44667
12650,20.7155
12651,25.01158
12652,24.39025
12653,25.34912
12654,25.36454
12655,22.72472
12656,25.36267
12657,25.34912
12658,25.10088
12659,24.39179
12660,10.11277
12661,7.45441
12662,0.6930715
12663,0.003198277
12664,26.72997
12665,26.28956
12666,26.16661
12667,26.6783
12668,24.31993
12669,26.03313
12670,26.09001
12671,25.90955
12672,26.95303
12673,21.72375
12674,21.16348
12675,17.01561
12676,23.6282
12677,23.62717
12678,12.93404
12679,17.01541
12680,17.40779
12681,16.47219
12682,10.08608
12683,0.1942711
12684,25.13948
12685,25.31157
12686,25.20238
12687,25.20044
12688,25.31691
12689,25.13915
12690,25.73635
12691,11.44948
12692,11.44941
12693,26.12754
12694,26.42725
12695,25.60141
12696,25.69288
12697,25.86735
12698,25.69287
12699,25.86594
12700,4.737439
12701,1.839244
12702,8.273217
12703,2.4043
12704,1.357438
12705,1.263048
12706,102.5517
12707,98.38898
12708,23.55052
12709,25.36815
12710,24.48732
12711,58.79652
12712,24.84686
12713,24.84763
12714,25.64585
12715,23.32324
12716,13.43326
12717,10.53153
12718,15.28787
12719,17.41653
12720,21.13044
12721,18.02483
12722,17.05412
12723,21.13093
12724,0.5500225
12725,0.3582464
12726,24.93891
12727,21.10334
12728,25.08504
12729,25.08756
12730,21.10127
12731,24.93906
12732,25.36325
12733,25.51916
12734,25.01105
12735,25.29945
12736,25.40476
12737,25.40134
12738,25.23585
12739,25.20117
12740,25.35052
12741,25.3603
12742,12.15101
12743,8.587354
12744,10.72892
12745,10.36693
12746,15.61784
12747,15.71692
12748,0.07268624
12749,88.97834
12750,91.34401
12751,24.11766
12752,25.08651
12753,26.95447
12754,24.16784
12755,25.58395
12756,25.58217
12757,22.89818
12758,24.40756
12759,20.51513
12760,16.78185
12761,20.06717
12762,6.357886
12763,20.48153
12764,25.15594
12765,25.12327
12766,25.12467
12767,25.12311
12768,25.57693
12769,25.18528
12770,25.73806
12771,25.4503
12772,25.50639
12773,25.56445
12774,25.62572
12775,4.394504
12776,3.357896
12777,6.585487
12778,21.21237
12779,21.21224
12780,0.4719433
12781,0.1275325
12782,26.44366
12783,26.48681
12784,26.4956
12785,25.01924
12786,26.40511
12787,24.00554
12788,26.1773
12789,26.49514
12790,10.613
12791,15.26899
12792,16.27706
12793,21.6699
12794,21.67164
12795,17.55061
12796,17.55073
12797,2.075296
12798,0.6117989
12799,0.9569306
12800,25.36659
12801,24.75731
12802,25.34889
12803,25.43972
12804,25.02299
12805,25.10431
12806,24.58873
12807,25.62315
12808,25.88098
12809,25.87002
12810,25.16551
12811,25.62325
12812,25.88329
12813,25.56598
12814,25.75405
12815,21.50533
12816,21.50742
12817,24.52206
12818,24.51988
12819,18.8236
12820,18.82147
12821,0.5315728
12822,26.76988
12823,27.34668
12824,27.34704
12825,28.0157
12826,26.4476
12827,26.77116
12828,26.57733
12829,25.76454
12830,24.98702
12831,26.57727
12832,22.61368
12833,16.68987
12834,18.4197
12835,17.16788
12836,17.17388
12837,20.8899
12838,24.42167
12839,0.3446998
12840,0.4448025
12841,0.3984913
12842,25.2314
12843,25.21041
12844,25.30034
12845,25.31192
12846,25.30706
12847,25.30879
12848,25.31348
12849,25.65178
12850,25.65422
12851,25.58429
12852,25.75415
12853,25.65426
12854,25.65671
12855,25.47014
12856,25.5409
12857,0.2247404
12858,3.972429
12859,25.56828
12860,25.95825
12861,25.63356
12862,25.54843
12863,25.79153
12864,12.54403
12865,12.54361
12866,2.639887
12867,2.147293
12868,21.1378
12869,24.619
12870,26.70592
12871,26.8443
12872,25.98508
12873,24.13264
12874,25.27531
12875,26.36347
12876,27.67995
12877,25.75082
12878,27.67838
12879,26.79367
12880,25.94118
12881,16.21556
12882,22.38818
12883,19.98609
12884,23.99253
12885,20.44326
12886,19.98764
12887,24.14977
12888,22.82259
12889,22.38777
12890,0.6631107
12891,25.33415
12892,25.33361
12893,25.33862
12894,25.34984
12895,25.19818
12896,25.21713
12897,25.67142
12898,25.58968
12899,25.67729
12900,25.78262
12901,25.7827
12902,25.82839
12903,25.8282
12904,25.67118
12905,17.14368
12906,18.12285
12907,17.66923
12908,0.09798635
12909,22.46211
12910,22.46027
12911,26.3482
12912,26.68489
12913,26.68378
12914,26.65913
12915,26.68974
12916,28.45662
12917,24.60588
12918,26.34859
12919,26.52643
12920,28.4562
12921,20.90391
12922,23.46729
12923,24.84602
12924,22.8411
12925,24.8456
12926,24.29214
12927,22.0968
12928,24.76756
12929,0.3700978
12930,0.1871656
12931,25.3274
12932,25.42602
12933,25.42377
12934,25.32734
12935,25.49218
12936,25.2494
12937,25.27537
12938,26.04168
12939,25.96015
12940,26.29052
12941,26.29055
12942,25.85662
12943,25.49422
12944,25.85581
12945,25.8372
12946,25.99085
12947,16.16354
12948,16.12878
12949,18.33001
12950,18.32775
12951,0.05492811
12952,0.2528765
12953,0.08326812
12954,25.16899
12955,25.08094
12956,25.08086
12957,19.24446
12958,25.08184
12959,20.46288
12960,25.17173
12961,25.1775
12962,24.04149
12963,3.304574
12964,27.09109
12965,26.08952
12966,27.66505
12967,26.46238
12968,27.09151
12969,26.17306
12970,26.10215
12971,26.38534
12972,25.64548
12973,26.50412
12974,27.66537
12975,22.30367
12976,27.96809
12977,27.33329
12978,25.98923
12979,26.81926
12980,28.21811
12981,26.03734
12982,27.33417
12983,27.48409
12984,0.35605
12985,25.3589
12986,25.62757
12987,25.66573
12988,25.62744
12989,25.43044
12990,25.43237
12991,24.96508
12992,25.01896
12993,24.96512
12994,26.04731
12995,25.68699
12996,26.03683
12997,25.68679
12998,26.03415
12999,25.92579
13000,26.04655
13001,20.21022
13002,20.69506
13003,20.21309
13004,16.59157
13005,17.33687
13006,8.679874
13007,20.69505
13008,0.101603
13009,24.24439
13010,25.3219
13011,25.28458
13012,24.80768
13013,25.23145
13014,25.32446
13015,25.07504
13016,25.28072
13017,0.1547151
13018,0.1316931
13019,26.48981
13020,28.61354
13021,26.48985
13022,27.24526
13023,27.48514
13024,26.22456
13025,27.26539
13026,26.01974
13027,27.28521
13028,28.16693
13029,28.02707
13030,26.94737
13031,27.96052
13032,26.15108
13033,27.95964
13034,26.66156
13035,26.66264
13036,27.2704
13037,27.26999
13038,0.06521814
13039,0.01206401
13040,25.68653
13041,25.623
13042,25.72983
13043,25.74948
13044,25.67755
13045,19.37998
13046,25.63123
13047,25.67778
13048,19.39125
13049,25.6313
13050,23.83763
13051,23.84185
13052,25.03557
13053,25.02134
13054,26.70386
13055,25.59751
13056,26.12263
13057,25.95076
13058,26.70376
13059,25.53546
13060,25.53637
13061,25.59796
13062,17.74023
13063,17.74052
13064,19.86115
13065,15.43657
13066,18.89363
13067,22.90462
13068,8.390179
13069,18.29751
13070,0.0994744
13071,25.24773
13072,25.3726
13073,23.63144
13074,25.37357
13075,23.01275
13076,25.44024
13077,25.44021
13078,25.47478
13079,24.96207
13080,0.05241957
13081,40.32224
13082,43.03393
13083,34.23566
13084,28.16152
13085,27.68731
13086,35.49281
13087,29.38431
13088,27.46573
13089,27.46582
13090,28.1614
13091,35.51522
13092,41.74289
13093,37.5663
13094,41.74135
13095,34.49229
13096,25.74162
13097,23.69647
13098,23.69637
13099,24.67754
13100,27.21876
13101,26.47038
13102,26.21593
13103,25.80968
13104,27.67632
13105,26.85195
13106,26.97019
13107,28.80075
13108,26.60242
13109,26.3714
13110,26.28473
13111,26.60023
13112,0.2471611
13113,25.63124
13114,25.23007
13115,25.17177
13116,25.51833
13117,25.5103
13118,25.27977
13119,25.8002
13120,25.71503
13121,25.84711
13122,25.4468
13123,22.28547
13124,25.82385
13125,26.56599
13126,24.9466
13127,24.94736
13128,25.71026
13129,25.44844
13130,25.44833
13131,25.71178
13132,24.37646
13133,23.13973
13134,23.13972
13135,24.89288
13136,24.89273
13137,24.37632
13138,26.16696
13139,26.80246
13140,25.94448
13141,26.61961
13142,26.71886
13143,26.6193
13144,26.3605
13145,20.66084
13146,23.77665
13147,22.97876
13148,0.279884
13149,25.28523
13150,25.16773
13151,25.43486
13152,25.76619
13153,25.41954
13154,25.41889
13155,25.43503
13156,25.35759
13157,0.2988237
13158,31.74036
13159,41.20271
13160,30.83083
13161,28.76161
13162,41.20307
13163,35.58568
13164,31.74454
13165,30.83024
13166,35.58704
13167,28.50993
13168,29.02133
13169,27.18091
13170,26.8298
13171,27.67172
13172,27.67052
13173,29.02379
13174,8.416821
13175,12.60066
13176,11.92254
13177,25.65363
13178,25.6538
13179,25.78765
13180,25.39548
13181,25.51764
13182,25.24029
13183,24.29959
13184,27.4804
13185,27.48078
13186,25.71125
13187,26.97962
13188,26.18889
13189,25.28868
13190,23.03141
13191,26.80822
13192,23.03167
13193,24.45189
13194,24.45247
13195,26.80729
13196,25.66
13197,26.30324
13198,26.90079
13199,26.30391
13200,25.61051
13201,26.72968
13202,26.89999
13203,25.77509
13204,25.7742
13205,23.99821
13206,23.60106
13207,25.20663
13208,24.51709
13209,23.68338
13210,26.10268
13211,26.10275
13212,0.5133749
13213,25.63495
13214,25.78044
13215,25.63507
13216,25.31286
13217,25.373
13218,25.3725
13219,25.54483
13220,24.54133
13221,25.41877
13222,0.08795875
13223,25.6995
13224,26.09015
13225,25.77352
13226,25.77386
13227,26.2412
13228,25.69929
13229,28.56096
13230,28.50237
13231,27.6207
13232,27.57929
13233,27.6213
13234,27.4262
13235,25.05259
13236,18.39647
13237,18.13025
13238,27.75127
13239,27.75085
13240,25.37009
13241,24.40108
13242,26.63422
13243,20.33094
13244,26.35992
13245,26.63516
13246,20.33562
13247,26.35796
13248,25.51451
13249,25.34497
13250,26.45202
13251,25.94475
13252,26.44913
13253,26.0136
13254,26.18813
13255,25.84313
13256,26.70722
13257,26.29371
13258,26.10549
13259,25.61111
13260,26.06721
13261,26.41809
13262,25.07563
13263,26.08105
13264,26.36084
13265,0.04267743
13266,25.54191
13267,25.83156
13268,25.57644
13269,25.49465
13270,25.27975
13271,25.51764
13272,25.20963
13273,25.09845
13274,25.49467
13275,0.2079497
13276,26.42786
13277,25.76985
13278,25.77569
13279,26.21281
13280,26.38821
13281,26.57807
13282,21.94245
13283,21.91595
13284,24.14722
13285,24.15408
13286,23.68909
13287,23.74794
13288,27.64414
13289,27.64551
13290,27.26976
13291,26.11694
13292,27.27119
13293,26.1169
13294,27.65301
13295,26.81097
13296,26.08399
13297,25.22731
13298,27.19978
13299,26.76088
13300,26.4935
13301,26.36067
13302,26.33922
13303,27.75807
13304,26.38222
13305,26.27607
13306,25.89736
13307,26.5071
13308,26.17131
13309,26.00654
13310,25.8969
13311,25.83396
13312,0.3199965
13313,0.3634491
13314,25.51862
13315,25.10634
13316,25.88527
13317,25.53558
13318,24.85706
13319,25.27334
13320,24.89139
13321,26.04109
13322,25.56523
13323,25.41156
13324,0.2488518
13325,20.24709
13326,24.19803
13327,24.19763
13328,26.75683
13329,26.87186
13330,28.0603
13331,26.87188
13332,27.80493
13333,26.81325
13334,26.81363
13335,17.49029
13336,17.49215
13337,26.26928
13338,26.26263
13339,23.83759
13340,23.83786
13341,25.53499
13342,24.34786
13343,24.61894
13344,27.90373
13345,27.37383
13346,26.19027
13347,26.04208
13348,27.70403
13349,27.42833
13350,27.94672
13351,26.35526
13352,26.58947
13353,26.29128
13354,26.31397
13355,25.91534
13356,25.69291
13357,26.50489
13358,26.10745
13359,26.67006
13360,25.8616
13361,25.78028
13362,25.69271
13363,26.15147
13364,25.95842
13365,1.089447
13366,25.193
13367,25.10888
13368,25.18175
13369,23.00204
13370,25.19349
13371,26.2213
13372,25.56101
13373,25.81105
13374,25.35531
13375,25.79025
13376,25.78431
13377,26.15191
13378,25.79046
13379,26.22185
13380,0.1098989
13381,25.25539
13382,25.0202
13383,25.02021
13384,24.66175
13385,25.2309
13386,24.88332
13387,24.88283
13388,20.42731
13389,22.35831
13390,23.08024
13391,26.88342
13392,26.19917
13393,26.58795
13394,26.38019
13395,26.58774
13396,28.04287
13397,25.01491
13398,16.72292
13399,28.04032
13400,24.8416
13401,16.78131
13402,16.78184
13403,20.03549
13404,28.19531
13405,28.08937
13406,27.92128
13407,28.25003
13408,27.92108
13409,28.19527
13410,28.04633
13411,28.24996
13412,27.69997
13413,27.69567
13414,27.18259
13415,27.77934
13416,26.92248
13417,27.12934
13418,3.982575
13419,8.707937
13420,7.19767
13421,9.999839
13422,26.16768
13423,25.85155
13424,26.58142
13425,26.4286
13426,25.73539
13427,25.22347
13428,25.73304
13429,23.685
13430,25.34795
13431,25.34649
13432,25.42767
13433,25.15907
13434,25.4064
13435,21.85743
13436,25.11208
13437,25.10984
13438,25.15967
13439,0.001492178
13440,27.56596
13441,27.05644
13442,26.26893
13443,27.43707
13444,27.28573
13445,26.26925
13446,27.05625
13447,12.37288
13448,14.43587
13449,7.569263
13450,12.88404
13451,25.7805
13452,25.77846
13453,23.00437
13454,25.83836
13455,24.17081
13456,24.44777
13457,28.00961
13458,19.5971
13459,27.27697
13460,26.90377
13461,25.70653
13462,25.46812
13463,25.52219
13464,26.09056
13465,26.36193
13466,26.43049
13467,25.89916
13468,25.8501
13469,26.34265
13470,25.14581
13471,25.1459
13472,25.21947
13473,25.21966
13474,25.76283
13475,21.95511
13476,0.1193149
13477,25.70151
13478,25.41265
13479,25.24922
13480,24.86874
13481,25.43124
13482,25.08461
13483,25.43153
13484,0.2720149
13485,27.63429
13486,27.23161
13487,28.15
13488,27.52692
13489,27.37073
13490,27.23146
13491,27.34661
13492,26.71906
13493,26.71837
13494,14.01381
13495,15.93404
13496,15.93415
13497,12.61619
13498,21.74158
13499,23.57665
13500,29.43565
13501,29.41781
13502,25.6233
13503,22.93985
13504,23.39864
13505,10.43038
13506,10.43038
13507,26.22976
13508,25.70145
13509,25.76426
13510,25.95512
13511,25.79117
13512,26.3967
13513,26.39127
13514,21.7259
13515,25.93777
13516,24.2414
13517,25.45496
13518,25.45502
13519,0.2068523
13520,24.98962
13521,25.51221
13522,23.81136
13523,25.55751
13524,25.59245
13525,25.20683
13526,25.46575
13527,25.26951
13528,26.78126
13529,27.13188
13530,26.78097
13531,27.3202
13532,8.459848
13533,22.21216
13534,22.16267
13535,14.40403
13536,15.48773
13537,16.1455
13538,16.43506
13539,23.37564
13540,23.37455
13541,20.00196
13542,19.90634
13543,20.70667
13544,24.5612
13545,20.65391
13546,20.653
13547,13.58523
13548,26.06227
13549,25.89615
13550,27.014
13551,27.52561
13552,26.57182
13553,25.53634
13554,27.52615
13555,26.97455
13556,26.70895
13557,25.99671
13558,25.99483
13559,23.65086
13560,25.31271
13561,25.36369
13562,25.41269
13563,26.00224
13564,25.52561
13565,25.12577
13566,24.75726
13567,25.41271
13568,24.54484
13569,0.04094635
13570,25.66778
13571,25.66776
13572,25.71328
13573,25.64804
13574,25.41987
13575,25.37197
13576,25.47728
13577,25.2782
13578,25.10535
13579,25.41945
13580,25.64764
13581,0.06677866
13582,0.06049568
13583,28.28442
13584,27.91679
13585,27.13171
13586,27.94751
13587,27.84008
13588,27.13101
13589,27.80831
13590,27.85921
13591,27.85937
13592,5.571705
13593,11.00469
13594,2.974994
13595,15.43544
13596,16.28953
13597,14.82303
13598,16.61554
13599,13.14419
13600,14.90993
13601,19.22014
13602,19.21901
13603,14.90985
13604,13.06725
13605,13.79952
13606,26.83014
13607,26.55963
13608,27.59958
13609,27.39836
13610,27.39807
13611,27.39646
13612,27.39636
13613,27.5996
13614,26.83062
13615,27.2493
13616,27.43875
13617,27.43903
13618,25.6529
13619,25.65289
13620,28.19588
13621,6.056961
13622,5.534388
13623,1.259197
13624,25.52008
13625,25.24182
13626,24.92192
13627,25.64072
13628,25.91169
13629,25.57598
13630,25.04868
13631,25.39116
13632,28.08949
13633,28.08895
13634,27.81323
13635,27.85112
13636,27.85118
13637,5.609679
13638,15.70284
13639,12.30434
13640,21.17637
13641,1E-07
13642,16.08961
13643,16.15357
13644,13.43725
13645,19.13175
13646,19.13438
13647,9.379748
13648,25.59657
13649,25.72811
13650,26.26629
13651,25.31621
13652,25.52045
13653,25.84376
13654,25.59657
13655,0.0003243308
13656,0.01670548
13657,27.93315
13658,27.93301
13659,28.45653
13660,26.69691
13661,26.69693
13662,28.4564
13663,28.22834
13664,2.218356
13665,2.857181
13666,8.139608
13667,13.43757
13668,15.70023
13669,10.7781
13670,0.1460311
13671,17.58551
13672,16.94844
13673,11.11399
13674,17.63399
13675,25.7601
13676,25.75994
13677,25.35368
13678,25.01789
13679,25.66746
13680,25.66733
13681,25.67979
13682,25.8743
13683,25.99088
13684,25.87029
13685,25.20456
13686,25.49021
13687,5.026462E-07
13688,25.94128
13689,26.50935
13690,26.28837
13691,26.28796
13692,25.94098
13693,26.82406
13694,3.259621
13695,7.282104
13696,2.96688
13697,15.10932
13698,18.90712
13699,15.47542
13700,9.576365
13701,7.024804
13702,24.03501
13703,22.47836
13704,22.47992
13705,0.169512
13706,1.97498
13707,0.4953688
13708,6.95706
13709,14.05993
13710,13.72911
13711,11.36896
13712,26.01989
13713,26.04337
13714,26.0392
13715,26.86049
13716,26.67303
13717,26.03877
13718,26.96757
13719,26.85985
13720,26.96806
13721,0.1408002
13722,0.3580993
13723,29.45304
13724,25.17783
13725,30.77962
13726,30.77917
13727,25.17775
13728,25.6343
13729,25.63418
13730,14.69454
13731,13.72958
13732,13.77013
13733,5.333059
13734,7.035402
13735,16.86436
13736,4.469443
13737,1.243103
13738,23.40172
13739,24.63517
13740,23.60726
13741,25.1409
13742,20.29962
13743,23.39776
13744,1E-07
13745,24.91112
13746,24.91075
13747,25.07029
13748,25.07057
13749,1.205592
13750,1.338557
13751,1.020595
13752,5.847273
13753,9.369602
13754,7.45892
13755,26.1304
13756,26.88227
13757,26.88373
13758,27.5214
13759,26.65675
13760,24.89628
13761,24.74004
13762,24.74193
13763,25.39281
13764,25.39297
13765,11.5506
13766,0.6772833
13767,26.51312
13768,26.51261
13769,4.200484
13770,1.583726
13771,3.450588
13772,2.77744
13773,24.9738
13774,24.71947
13775,24.71665
13776,25.10738
13777,25.10749
13778,21.29297
13779,24.97372
13780,25.20475
13781,22.33794
13782,25.06327
13783,22.92592
13784,25.1402
13785,24.98838
13786,25.14014
13787,0.4314197
13788,0.1838636
13789,3.502265
13790,5.358003
13791,6.087884
13792,8.920975
13793,26.8698
13794,27.50188
13795,27.5035
13796,27.05223
13797,27.33467
13798,27.05353
13799,0.3497463
13800,1.045455
13801,2.195621
13802,1.744851
13803,2.552055
13804,1.324912
13805,25.07896
13806,25.2129
13807,25.21315
13808,25.18185
13809,25.18148
13810,0.01999888
13811,25.23436
13812,25.2345
13813,25.13037
13814,25.14322
13815,25.37439
13816,25.37431
13817,25.12523
13818,23.28115
13819,24.49821
13820,25.14322
13821,0.1626215
13822,5.336327
13823,7.878091
13824,3.367808
13825,0.000326844
13826,1.049873
13827,4.151893
13828,4.129374
13829,28.52228
13830,27.98448
13831,28.58716
13832,29.00192
13833,28.83892
13834,28.83866
13835,27.98425
13836,1.934631
13837,2.474742
13838,2.132047
13839,2.387685
13840,2.564094
13841,25.25756
13842,25.32176
13843,25.4168
13844,25.29999
13845,25.21232
13846,25.26664
13847,25.61573
13848,25.39475
13849,25.61034
13850,25.37549
13851,25.45412
13852,23.9179
13853,25.36184
13854,25.31198
13855,0.002261467
13856,0.3637595
13857,0.2109481
13858,0.6505576
13859,0.2248574
13860,3.434606
13861,28.76941
13862,28.483
13863,28.56075
13864,28.87391
13865,29.03423
13866,28.61704
13867,28.42716
13868,4.249413
13869,4.39728
13870,13.12062
13871,6.751378
13872,10.75364
13873,25.39877
13874,25.30903
13875,25.48614
13876,25.21716
13877,25.26279
13878,25.39874
13879,25.30914
13880,25.29919
13881,25.24639
13882,25.52312
13883,25.51267
13884,24.25551
13885,25.18138
13886,25.61211
13887,25.45329
13888,25.56066
13889,25.59047
13890,25.59123
13891,0.3386842
13892,2.76545
13893,2.387448
13894,2.525363
13895,0.9920999
13896,0.2138675
13897,2.439353
13898,3.764452
13899,6.055435
13900,28.79889
13901,29.26647
13902,29.27598
13903,28.23099
13904,28.90278
13905,28.28291
13906,18.29272
13907,7.273672
13908,10.87169
13909,18.25568
13910,17.37716
13911,62.98968
13912,19.69587
13913,22.85747
13914,27.09006
13915,25.94904
13916,26.60108
13917,25.97462
13918,25.36564
13919,25.97461
13920,25.49179
13921,25.80827
13922,24.49248
13923,25.31468
13924,25.69656
13925,25.53013
13926,0.09167458
13927,0.9410043
13928,1.463317
13929,1.170743
13930,0.06069745
13931,3.209709
13932,7.190283
13933,4.841623
13934,31.52996
13935,32.16888
13936,32.40228
13937,31.79978
13938,32.39409
13939,31.4936
13940,21.66155
13941,31.2814
13942,30.75571
13943,25.49873
13944,24.6302
13945,42.20626
13946,38.41896
13947,55.69061
13948,60.32611
13949,69.84325
13950,69.1432
13951,57.60345
13952,57.91874
13953,46.94695
13954,61.59092
13955,50.96021
13956,43.82503
13957,40.00478
13958,25.54509
13959,25.59968
13960,25.57825
13961,25.45933
13962,25.39903
13963,25.29611
13964,0.5755521
13965,0.01593564
13966,0.7923546
13967,1.611538
13968,0.2590933
13969,5.547031
13970,2.596108
13971,25.50478
13972,26.19256
13973,25.55245
13974,26.20718
13975,25.3116
13976,25.74569
13977,25.43286
13978,25.23782
13979,0.6981575
13980,1.395451
13981,2.390475
13982,2.62899
13983,0.06738628
13984,3.738101
13985,25.35463
13986,25.64748
13987,25.60849
13988,25.50345
13989,25.47385
13990,25.47385
13991,1.642592
13992,2.613608
13993,2.56695
13994,1.370364
13995,24.41885
13996,23.99867
13997,16.20582
13998,24.73681
13999,25.10699
14000,20.18599
14001,1.540776
14002,1.296854
14003,9.576609
14004,3.406085
14005,3.134043
14006,2.176883
14007,11.87512
14008,11.87523
14009,1.003554
14010,25.7153
14011,25.60495
14012,25.62215
14013,25.63297
14014,25.49564
14015,25.72437
14016,25.65566
14017,25.7214
14018,25.98382
14019,5.282049
14020,6.880322
14021,1.440113
14022,1.470727
14023,4.361437
14024,25.10868
14025,25.10862
14026,25.66407
14027,25.66248
14028,25.06938
14029,25.0672
14030,25.06596
14031,25.02457
14032,25.02252
14033,25.06943
14034,25.1552
14035,0.01269732
14036,0.5068663
14037,1.326106
14038,15.42763
14039,3.807396
14040,4.077793
14041,3.494807
14042,2.3049
14043,1.264293
14044,3.222141
14045,26.31755
14046,26.70398
14047,26.74966
14048,26.71065
14049,17.8932
14050,21.86746
14051,9.936568
14052,14.47628
14053,14.57948
14054,6.596007
14055,5.688453
14056,13.3126
14057,17.68771
14058,17.01966
14059,12.46002
14060,19.00742
14061,25.14818
14062,25.09654
14063,25.14818
14064,25.15116
14065,24.33704
14066,21.38251
14067,21.38124
14068,25.15179
14069,25.2302
14070,24.60156
14071,25.31424
14072,25.28069
14073,25.34949
14074,25.31484
14075,25.35608
14076,25.34875
14077,0.359181
14078,1.614934
14079,2.381345
14080,4.222143
14081,5.869209
14082,3.955324
14083,25.057
14084,25.14709
14085,25.07064
14086,25.14057
14087,24.97098
14088,25.07001
14089,25.17019
14090,24.65069
14091,25.14032
14092,25.15565
14093,25.15578
14094,25.25297
14095,25.24989
14096,25.38499
14097,25.3651
14098,25.4123
14099,25.2261
14100,23.53269
14101,25.20462
14102,0.07068796
14103,0.7974758
14104,0.3638308
14105,25.06489
14106,24.97444
14107,25.16417
14108,25.22819
14109,25.17809
14110,25.22853
14111,25.17819
14112,25.17807
14113,2.873186
14114,11.08417
14115,11.08981
14116,11.71345
14117,11.71327
14118,25.35586
14119,25.31555
14120,24.97848
14121,25.23276
14122,25.22761
14123,25.32481
14124,25.58404
14125,25.10646
14126,25.63604
14127,25.29465
14128,3.69308
14129,1.575784
14130,3.685483
14131,0.7466357
14132,0.03341806
14133,1.934565
14134,1.675861
14135,0.2907076
14136,25.09351
14137,25.43505
14138,25.09366
14139,25.55607
14140,25.19772
14141,25.21272
14142,25.21302
14143,24.55854
14144,25.19905
14145,24.92504
14146,25.28328
14147,25.37287
14148,10.43038
14149,10.43038
14150,25.45767
14151,22.12301
14152,25.44544
14153,25.55191
14154,24.33105
14155,25.72231
14156,25.56184
14157,25.28725
14158,25.9169
14159,1.621844
14160,1.251325
14161,2.517565
14162,25.24032
14163,25.55673
14164,25.55355
14165,25.24204
14166,23.24096
14167,25.24032
14168,2.295853E-07
14169,2.421503
14170,0.5599009
14171,25.07534
14172,25.52999
14173,25.30282
14174,25.53038
14175,25.19097
14176,25.44268
14177,25.27482
14178,20.40571
14179,25.27485
14180,26.05768
14181,25.23157
14182,25.23149
14183,0.3828021
14184,7.70037
14185,26.24768
14186,26.27372
14187,26.29189
14188,26.66921
14189,26.34183
14190,26.48467
14191,2.970768
14192,4.627265
14193,9.897922
14194,4.057267
14195,14.43131
14196,1.80719
14197,2.574863
14198,25.19021
14199,25.17171
14200,25.1899
14201,25.04957
14202,25.37774
14203,25.33279
14204,25.53601
14205,25.33519
14206,25.22139
14207,5.246888
14208,11.83689
14209,11.40739
14210,1.635732
14211,0.4449733
14212,1.159645
14213,0.7426039
14214,25.73421
14215,25.70662
14216,25.1455
14217,25.32089
14218,25.17511
14219,25.59562
14220,25.24207
14221,25.48368
14222,25.29647
14223,25.48716
14224,25.15611
14225,17.39405
14226,17.39524
14227,15.54082
14228,14.9834
14229,18.08066
14230,18.07829
14231,9.184549
14232,1.346058
14233,4.220324
14234,24.66397
14235,24.66338
14236,4.597661
14237,0.9604818
14238,1.685559
14239,0.6105211
14240,0.596182
14241,25.25889
14242,25.52335
14243,25.37479
14244,25.43155
14245,25.80601
14246,25.50413
14247,26.02392
14248,25.53378
14249,25.30881
14250,25.4031
14251,14.56312
14252,10.01858
14253,11.71215
14254,7.774152
14255,14.79687
14256,1.673097
14257,1.488026
14258,24.41046
14259,24.47781
14260,22.35204
14261,22.3518
14262,22.72091
14263,24.47765
14264,24.41021
14265,25.08689
14266,25.08699
14267,0.2483351
14268,25.152
14269,25.15238
14270,19.32392
14271,19.32096
14272,17.91423
14273,23.83731
14274,21.48049
14275,0.2570962
14276,1.534766
14277,16.18387
14278,16.18584
14279,0.9770058
14280,0.08806922
14281,25.2386
14282,25.41614
14283,25.41574
14284,25.41345
14285,25.58417
14286,25.79289
14287,25.91106
14288,25.23941
14289,25.58448
14290,25.46333
14291,25.32623
14292,25.7151
14293,25.71829
14294,3.18415
14295,11.88551
14296,10.18363
14297,10.87657
14298,0.3145285
14299,24.71493
14300,25.24829
14301,23.09751
14302,25.14057
14303,23.10108
14304,25.13979
14305,25.70433
14306,25.69625
14307,25.83699
14308,25.75802
14309,25.69606
14310,25.68627
14311,26.00277
14312,5.910699
14313,7.152123
14314,9.999754
14315,13.56658
14316,14.73341
14317,12.08617
14318,0.3570263
14319,0.1556906
14320,25.83689
14321,24.24351
14322,25.40051
14323,25.5296
14324,25.54672
14325,25.85469
14326,25.53345
14327,25.04535
14328,25.88544
14329,25.99844
14330,6.876876
14331,14.81993
14332,13.33137
14333,15.04906
14334,13.92335
14335,17.87623
14336,17.841
14337,0.4796995
14338,24.98809
14339,24.98803
14340,24.97635
14341,25.50417
14342,25.11945
14343,25.17603
14344,25.01926
14345,25.03027
14346,25.1725
14347,25.13342
14348,25.10779
14349,25.03053
14350,25.10734
14351,25.26078
14352,10.947
14353,14.24282
14354,13.39964
14355,13.47006
14356,13.43672
14357,10.98645
14358,0.0242453
14359,1.642866
14360,3.096675
14361,0.06229778
14362,26.28732
14363,26.07338
14364,25.5532
14365,24.62156
14366,25.16607
14367,23.3511
14368,25.77235
14369,25.97325
14370,25.1073
14371,25.77481
14372,10.02256
14373,18.94712
14374,10.12935
14375,16.66675
14376,19.2969
14377,2.480992
14378,1.533687
14379,0.6488798
14380,25.10863
14381,25.09311
14382,24.74441
14383,18.47319
14384,25.0739
14385,25.09018
14386,18.46397
14387,25.26253
14388,25.26038
14389,25.11984
14390,25.24139
14391,25.29899
14392,25.39162
14393,25.08538
14394,25.08553
14395,6.58847
14396,1.269544
14397,0.454205
14398,1.565872
14399,4.752095
14400,1.987014
14401,1.970526
14402,24.83486
14403,25.44962
14404,25.92556
14405,24.639
14406,26.23929
14407,26.21467
14408,25.79043
14409,25.79099
14410,24.91761
14411,24.69975
14412,25.77809
14413,25.50124
14414,18.39314
14415,18.39178
14416,16.44856
14417,16.3856
14418,19.05039
14419,19.65067
14420,19.6567
14421,19.03726
14422,12.04173
14423,19.77867
14424,0.9565415
14425,1.525691
14426,25.14119
14427,25.10619
14428,25.12714
14429,25.25303
14430,25.14223
14431,25.20942
14432,25.21764
14433,25.1057
14434,25.1596
14435,25.32048
14436,25.39325
14437,25.02694
14438,25.12267
14439,25.15934
14440,0.9920077
14441,0.5924619
14442,12.43886
14443,12.82058
14444,9.220595
14445,3.16359
14446,23.91446
14447,28.48527
14448,25.78604
14449,24.27338
14450,25.8305
14451,20.42832
14452,28.48855
14453,20.19743
14454,20.20971
14455,17.39223
14456,12.26379
14457,15.77958
14458,16.57286
14459,16.57309
14460,0.6294856
14461,25.28561
14462,25.12665
14463,25.40883
14464,25.14022
14465,25.19083
14466,25.34007
14467,25.17668
14468,25.28786
14469,25.05201
14470,25.273
14471,25.18138
14472,25.12681
14473,25.12683
14474,9.175305
14475,25.73171
14476,25.60933
14477,25.67872
14478,25.69856
14479,25.68527
14480,10.07122
14481,10.40914
14482,2.958932
14483,5.256689
14484,27.54307
14485,11.19048
14486,29.19043
14487,26.80378
14488,21.55545
14489,26.43169
14490,19.79176
14491,7.126787
14492,9.762266
14493,13.32009
14494,17.13147
14495,16.92587
14496,18.42311
14497,18.42255
14498,0.2009802
14499,25.52701
14500,25.2333
14501,25.3048
14502,25.30429
14503,25.31603
14504,25.2189
14505,24.81642
14506,25.32418
14507,25.08987
14508,25.07619
14509,25.43234
14510,25.0897
14511,7.957681
14512,10.83609
14513,23.09452
14514,18.07575
14515,8.566871
14516,13.49605
14517,0.1040169
14518,18.26599
14519,15.45029
14520,25.98586
14521,26.90574
14522,26.00195
14523,25.60542
14524,25.94197
14525,24.9451
14526,25.98524
14527,21.05676
14528,19.06938
14529,21.06149
14530,16.13395
14531,18.36566
14532,17.86437
14533,16.39068
14534,0.02466743
14535,25.22618
14536,25.32518
14537,25.32542
14538,25.27822
14539,25.27942
14540,25.80888
14541,25.38162
14542,25.09738
14543,25.08704
14544,25.63545
14545,25.80989
14546,25.26823
14547,25.64885
14548,25.28804
14549,9.232565
14550,16.4508
14551,8.481833
14552,12.17177
14553,20.575
14554,21.06957
14555,0.2105354
14556,24.9647
14557,25.16207
14558,14.94089
14559,18.69766
14560,24.47185
14561,25.02459
14562,25.02458
14563,0.1221467
14564,3.043531
14565,26.62234
14566,25.40228
14567,25.40313
14568,27.18131
14569,25.25936
14570,25.97834
14571,26.77846
14572,29.25507
14573,27.18176
14574,24.61831
14575,20.36067
14576,20.35747
14577,26.83486
14578,23.95057
14579,24.20048
14580,23.78417
14581,22.22401
14582,27.09474
14583,22.22194
14584,0.4131469
14585,25.4668
14586,25.33802
14587,25.33181
14588,25.33392
14589,25.33861
14590,25.46689
14591,25.27213
14592,25.27258
14593,25.35822
14594,24.22153
14595,25.31412
14596,25.39114
14597,7.527919
14598,4.359224
14599,5.961115
14600,3.385488
14601,0.07752776
14602,0.3138261
14603,0.09213787
14604,25.16302
14605,25.10539
14606,25.04042
14607,25.04671
14608,25.00304
14609,24.82809
14610,25.13015
14611,4.010835
14612,25.29704
14613,25.97636
14614,25.57858
14615,25.18799
14616,25.1873
14617,25.1326
14618,23.92514
14619,25.7259
14620,25.13216
14621,31.46392
14622,26.70065
14623,31.46395
14624,25.13128
14625,27.36911
14626,27.97772
14627,26.95571
14628,25.45221
14629,27.337
14630,25.64732
14631,25.6456
14632,26.6379
14633,26.63802
14634,0.8692983
14635,0.07245236
14636,0.8032304
14637,0.5241696
14638,25.36991
14639,25.36974
14640,25.44643
14641,25.50081
14642,25.50607
14643,25.44634
14644,25.29332
14645,25.29145
14646,25.29185
14647,25.30541
14648,25.32079
14649,25.32671
14650,25.46354
14651,24.57207
14652,25.2559
14653,25.32096
14654,25.30488
14655,25.32596
14656,25.25577
14657,10.95505
14658,16.23758
14659,7.667775
14660,0.4300387
14661,0.2663497
14662,25.18435
14663,23.61913
14664,25.08516
14665,25.17797
14666,25.12287
14667,0.04008733
14668,0.1137985
14669,0.5533029
14670,27.92567
14671,24.26798
14672,24.32999
14673,24.15456
14674,25.08938
14675,24.1549
14676,24.26759
14677,24.78003
14678,25.08298
14679,24.33131
14680,25.97609
14681,26.37697
14682,25.30176
14683,26.37399
14684,21.51738
14685,26.15817
14686,51.75521
14687,53.92682
14688,53.39882
14689,17.77021
14690,57.83409
14691,0.6540709
14692,25.5267
14693,25.38955
14694,25.42641
14695,25.13519
14696,25.32947
14697,25.72474
14698,25.72465
14699,13.98857
14700,25.58318
14701,25.45636
14702,25.47772
14703,25.71381
14704,9.034797
14705,25.57707
14706,25.58288
14707,25.00789
14708,25.01216
14709,25.126
14710,25.12803
14711,24.89269
14712,25.46955
14713,24.47356
14714,25.46975
14715,25.56927
14716,25.56821
14717,15.55762
14718,9.019368
14719,21.45964
14720,15.14415
14721,19.20888
14722,21.45954
14723,0.5543745
14724,0.03813975
14725,25.31477
14726,25.04801
14727,25.1384
14728,25.17161
14729,25.17197
14730,25.10248
14731,25.13882
14732,25.04632
14733,25.17449
14734,25.37323
14735,0.9812691
14736,25.80783
14737,26.55748
14738,25.75608
14739,25.03176
14740,26.55817
14741,25.88521
14742,25.88608
14743,25.0323
14744,29.73451
14745,30.86454
14746,20.67749
14747,26.35738
14748,30.86244
14749,27.15378
14750,47.3026
14751,26.29292
14752,25.57142
14753,27.27261
14754,13.3383
14755,12.90553
14756,16.29402
14757,3.862683
14758,11.33935
14759,1.719466
14760,25.77126
14761,26.12508
14762,25.68487
14763,25.68173
14764,25.9732
14765,25.76914
14766,25.55103
14767,26.74186
14768,26.00339
14769,26.74488
14770,26.00167
14771,25.78722
14772,25.78746
14773,25.79246
14774,25.79236
14775,24.64715
14776,25.39529
14777,25.86257
14778,25.2078
14779,25.31104
14780,25.88784
14781,15.45643
14782,21.52955
14783,18.23336
14784,17.94888
14785,23.96669
14786,17.93633
14787,17.36592
14788,23.96592
14789,22.35015
14790,0.2415231
14791,25.23118
14792,25.26798
14793,25.11423
14794,25.25516
14795,25.08398
14796,25.25532
14797,25.17538
14798,25.06147
14799,0.1961786
14800,0.1278678
14801,0.4802952
14802,26.26904
14803,26.2752
14804,25.82918
14805,23.58632
14806,26.29003
14807,30.33309
14808,30.33266
14809,28.88186
14810,26.81625
14811,26.8168
14812,28.92229
14813,28.06102
14814,28.05936
14815,29.50186
14816,29.50118
14817,20.55059
14818,21.80798
14819,20.54865
14820,21.81363
14821,26.04162
14822,25.53772
14823,25.65357
14824,25.71068
14825,25.65199
14826,25.7464
14827,25.96281
14828,25.78448
14829,23.69486
14830,18.88785
14831,27.80124
14832,26.47783
14833,26.15058
14834,1.153362
14835,25.16719
14836,25.26274
14837,25.3269
14838,25.45695
14839,25.3174
14840,25.2485
14841,14.5286
14842,15.47134
14843,15.47709
14844,15.46114
14845,0.001521621
14846,26.06013
14847,26.646
14848,26.05973
14849,26.79756
14850,26.17856
14851,26.20181
14852,26.77957
14853,26.90442
14854,27.51081
14855,29.73219
14856,15.35919
14857,31.17334
14858,26.68808
14859,28.95577
14860,28.82674
14861,31.17425
14862,29.74272
14863,29.68997
14864,29.7421
14865,29.69038
14866,29.49248
14867,29.49258
14868,26.15471
14869,26.04507
14870,25.69801
14871,25.81254
14872,25.40444
14873,25.9221
14874,25.86676
14875,25.87551
14876,25.56953
14877,25.7381
14878,25.56344
14879,24.78925
14880,23.30362
14881,24.63004
14882,24.46201
14883,24.46173
14884,26.38745
14885,25.22964
14886,25.41976
14887,25.46974
14888,24.53861
14889,25.62815
14890,26.05674
14891,0.1371724
14892,2.008507
14893,1.103021
14894,25.15248
14895,25.02036
14896,25.44422
14897,25.22318
14898,25.47672
14899,25.15123
14900,25.10058
14901,25.28063
14902,25.39283
14903,16.55711
14904,21.99871
14905,22.79481
14906,22.79491
14907,21.99774
14908,19.0671
14909,23.37628
14910,24.23812
14911,24.23649
14912,0.2239432
14913,23.42923
14914,23.42862
14915,27.19846
14916,26.65381
14917,27.34446
14918,26.99724
14919,27.85024
14920,27.11158
14921,27.11379
14922,19.91605
14923,19.87245
14924,27.08008
14925,27.07761
14926,21.36702
14927,21.36675
14928,16.12851
14929,16.12861
14930,28.59431
14931,29.53771
14932,29.53691
14933,32.61055
14934,28.86676
14935,26.07744
14936,26.1897
14937,26.67403
14938,25.77338
14939,25.52283
14940,25.49746
14941,25.32408
14942,25.91265
14943,25.75854
14944,26.23402
14945,25.63593
14946,26.38183
14947,23.88972
14948,26.21378
14949,26.96582
14950,26.61139
14951,26.60684
14952,26.86947
14953,25.42979
14954,26.52403
14955,25.63715
14956,0.3082256
14957,24.99669
14958,25.20481
14959,25.20502
14960,25.17995
14961,25.90756
14962,25.52307
14963,25.34234
14964,25.10812
14965,25.90789
14966,25.38908
14967,25.28465
14968,25.25952
14969,25.05194
14970,17.49266
14971,17.47615
14972,7.593633
14973,25.23907
14974,18.51077
14975,21.48122
14976,22.24181
14977,24.03573
14978,22.22279
14979,0.2157855
14980,0.4094952
14981,25.03986
14982,25.07815
14983,25.07871
14984,25.04017
14985,24.99295
14986,24.75285
14987,22.5793
14988,24.63492
14989,22.57804
14990,27.01678
14991,26.83052
14992,26.82995
14993,27.01219
14994,28.83188
14995,17.07646
14996,0.9304067
14997,4.849099
14998,17.00886
14999,28.33974
15000,40.0568
15001,84.95042
15002,84.94659
15003,85.39626
15004,29.177
15005,29.17477
15006,70.5545
15007,85.39668
15008,84.80493
15009,84.80597
15010,80.28745
15011,27.72394
15012,26.38671
15013,26.38716
15014,25.77153
15015,28.6381
15016,28.10952
15017,29.11419
15018,28.35994
15019,28.78454
15020,29.511
15021,29.07682
15022,4.285882
15023,3.350414
15024,6.41254
15025,25.2282
15026,25.12601
15027,25.41671
15028,25.24858
15029,25.14241
15030,25.64138
15031,25.35635
15032,25.61047
15033,25.52264
15034,25.47667
15035,25.23974
15036,12.7399
15037,21.79939
15038,23.60287
15039,24.44327
15040,23.84913
15041,15.60912
15042,0.04834493
15043,24.89874
15044,25.05571
15045,22.98229
15046,25.00367
15047,25.17591
15048,25.05612
15049,25.05396
15050,25.14602
15051,25.03963
15052,0.03901405
15053,27.80124
15054,27.43763
15055,28.09902
15056,27.69507
15057,27.44103
15058,26.79431
15059,27.69307
15060,4.640612
15061,2.785419
15062,28.083
15063,28.08082
15064,37.27818
15065,74.48753
15066,74.48576
15067,34.66719
15068,37.15319
15069,32.38235
15070,34.66444
15071,25.46761
15072,25.77103
15073,24.99723
15074,25.34382
15075,25.27308
15076,25.7587
15077,24.36207
15078,19.66768
15079,23.43881
15080,25.92284
15081,25.92345
15082,0.358256
15083,24.96985
15084,25.01793
15085,25.10123
15086,25.10612
15087,25.28413
15088,25.1014
15089,25.32131
15090,25.01042
15091,24.75685
15092,25.25583
15093,0.3043174
15094,0.0009213811
15095,27.29213
15096,27.45312
15097,26.74347
15098,27.29229
15099,26.74335
15100,5.488977
15101,5.824452
15102,9.145311
15103,9.429366
15104,33.5638
15105,47.22134
15106,37.00672
15107,32.66914
15108,57.02474
15109,34.75084
15110,47.21552
15111,32.66714
15112,57.01559
15113,25.88367
15114,25.27325
15115,25.54588
15116,25.54696
15117,25.34616
15118,25.42143
15119,25.24328
15120,25.54692
15121,25.4085
15122,25.49917
15123,23.226
15124,25.54286
15125,25.7438
15126,22.78609
15127,26.16424
15128,24.72266
15129,25.85253
15130,25.83195
15131,0.2047666
15132,25.17938
15133,25.14689
15134,25.13046
15135,24.45818
15136,25.05942
15137,25.14275
15138,25.05089
15139,25.22248
15140,25.22279
15141,25.10634
15142,0.1297031
15143,28.05042
15144,28.05052
15145,27.39868
15146,26.70634
15147,26.84214
15148,28.92845
15149,28.92858
15150,27.3987
15151,4.486772
15152,7.797988
15153,15.11459
15154,15.11103
15155,6.966847
15156,57.6744
15157,57.68143
15158,49.90574
15159,70.76838
15160,70.78065
15161,67.16029
15162,49.00117
15163,38.34474
15164,75.35167
15165,67.15543
15166,60.9114
15167,75.35175
15168,22.29869
15169,11.67356
15170,11.61917
15171,13.61691
15172,13.61528
15173,25.51152
15174,26.06952
15175,25.73924
15176,25.51238
15177,25.72704
15178,25.45759
15179,25.52201
15180,25.6315
15181,22.07785
15182,22.90276
15183,23.36843
15184,24.56277
15185,26.66605
15186,25.06769
15187,22.74739
15188,22.74685
15189,25.8874
15190,25.00957
15191,26.31614
15192,0.4399771
15193,0.4887618
15194,25.2617
15195,24.96967
15196,25.3888
15197,25.14934
15198,25.13025
15199,25.27562
15200,0.1297031
15201,29.14313
15202,29.14276
15203,28.32951
15204,28.50603
15205,28.50594
15206,28.32914
15207,3.125256
15208,27.16613
15209,54.24036
15210,54.25532
15211,25.06436
15212,32.95573
15213,15.13404
15214,55.90311
15215,35.83482
15216,32.95559
15217,11.64842
15218,11.64822
15219,14.37874
15220,14.38016
15221,26.54487
15222,26.63292
15223,26.34665
15224,25.76348
15225,26.39916
15226,26.6671
15227,27.66552
15228,28.04209
15229,27.94189
15230,27.66548
15231,0.9318585
15232,25.60734
15233,25.22912
15234,25.26426
15235,25.3165
15236,25.28509
15237,25.31652
15238,25.21488
15239,24.92889
15240,0.04681167
15241,0.04759385
15242,27.84702
15243,27.84728
15244,28.13339
15245,28.13316
15246,27.68195
15247,27.68217
15248,1.020811
15249,5.970159
15250,35.99141
15251,68.44125
15252,61.86136
15253,65.74086
15254,65.74071
15255,31.75766
15256,29.18751
15257,50.03937
15258,61.84877
15259,21.59312
15260,56.15681
15261,1.332209
15262,1.404103
15263,26.08005
15264,21.4618
15265,16.66066
15266,26.07989
15267,23.98466
15268,23.9847
15269,21.45887
15270,16.19373
15271,25.20289
15272,25.30392
15273,25.20326
15274,25.16588
15275,25.0762
15276,25.15084
15277,25.2054
15278,25.18318
15279,29.54003
15280,29.05895
15281,28.8136
15282,28.81316
15283,28.61118
15284,28.90707
15285,28.61102
15286,6.062786
15287,5.994162
15288,9.059406
15289,35.44238
15290,21.31793
15291,45.00565
15292,44.33471
15293,39.88929
15294,33.57506
15295,43.21038
15296,33.56386
15297,33.2487
15298,33.23463
15299,0.002196822
15300,0.06048267
15301,0.2347116
15302,17.65018
15303,17.65976
15304,13.69938
15305,18.47857
15306,18.45671
15307,20.24434
15308,20.36834
15309,25.11403
15310,25.50793
15311,25.55185
15312,25.27003
15313,25.04487
15314,25.22726
15315,25.38122
15316,25.04488
15317,25.10943
15318,0.03343182
15319,28.99451
15320,28.99457
15321,27.62062
15322,28.6173
15323,27.62007
15324,28.6788
15325,28.67868
15326,28.61774
15327,11.1174
15328,8.828151
15329,18.12179
15330,8.524591
15331,14.27193
15332,17.23545
15333,26.65758
15334,32.28572
15335,33.2842
15336,28.45629
15337,44.18244
15338,44.18
15339,33.27602
15340,15.0116
15341,0.09363956
15342,25.36388
15343,13.05535
15344,25.66306
15345,22.12194
15346,25.76715
15347,25.20632
15348,26.35636
15349,24.80455
15350,25.29893
15351,25.74537
15352,24.99625
15353,24.80468
15354,25.05662
15355,24.94766
15356,25.12767
15357,25.05662
15358,0.0598635
15359,0.02136598
15360,28.4514
15361,29.87919
15362,28.29518
15363,28.2952
15364,28.45095
15365,30.65172
15366,30.65149
15367,29.87896
15368,12.35077
15369,20.30252
15370,17.62644
15371,16.06827
15372,18.72902
15373,7.70583
15374,22.65093
15375,23.20065
15376,23.28591
15377,22.7974
15378,22.79765
15379,25.12775
15380,22.49036
15381,22.48163
15382,23.29655
15383,25.06458
15384,0.5010226
15385,21.18221
15386,17.97245
15387,15.30929
15388,18.75927
15389,24.14692
15390,25.75062
15391,22.79596
15392,22.63597
15393,26.23345
15394,25.87376
15395,25.86661
15396,25.80715
15397,24.6749
15398,24.58284
15399,21.64945
15400,0.3739806
15401,29.36716
15402,26.85675
15403,29.39059
15404,26.98094
15405,29.36778
15406,12.01148
15407,2.51393
15408,4.88557
15409,13.20441
15410,17.93051
15411,23.72419
15412,25.10456
15413,25.09894
15414,23.57014
15415,19.62011
15416,24.96248
15417,25.10504
15418,25.09935
15419,23.57095
15420,25.1258
15421,24.96242
15422,0.006336597
15423,25.02406
15424,25.25206
15425,25.36118
15426,25.21159
15427,25.25203
15428,25.10035
15429,24.30269
15430,0.3093959
15431,0.2761518
15432,22.22649
15433,24.95781
15434,22.48881
15435,17.76643
15436,17.61011
15437,19.54287
15438,22.0388
15439,28.86145
15440,28.78436
15441,28.42391
15442,28.99839
15443,28.86263
15444,28.78482
15445,28.77086
15446,28.42344
15447,1.047896
15448,2.424443
15449,12.36326
15450,11.75131
15451,9.010575
15452,10.99037
15453,25.00524
15454,25.02375
15455,25.07604
15456,25.07667
15457,25.02393
15458,25.23305
15459,25.23357
15460,25.06569
15461,25.06455
15462,25.50588
15463,24.36078
15464,25.69313
15465,25.33397
15466,25.24117
15467,25.38708
15468,25.20827
15469,25.19962
15470,25.19793
15471,0.2513485
15472,21.70596
15473,18.21927
15474,23.00206
15475,15.9444
15476,14.37068
15477,13.23556
15478,18.65809
15479,18.43558
15480,22.07412
15481,21.76487
15482,29.07756
15483,28.96495
15484,29.30644
15485,29.29993
15486,29.14123
15487,29.21734
15488,29.15131
15489,0.1164287
15490,0.832207
15491,7.057122
15492,10.20045
15493,13.65927
15494,25.2905
15495,23.66926
15496,25.13258
15497,25.15063
15498,25.13237
15499,22.22389
15500,25.17101
15501,25.17165
15502,25.2907
15503,25.15113
15504,25.16573
15505,1E-07
15506,25.40442
15507,25.40362
15508,25.24192
15509,24.95769
15510,25.4948
15511,25.3173
15512,23.74133
15513,1.785589
15514,0.3039331
15515,10.97593
15516,11.87731
15517,13.0666
15518,14.77903
15519,3.624774
15520,1.863517
15521,9.71394
15522,1.855698
15523,29.00719
15524,29.15915
15525,29.01706
15526,29.45399
15527,29.50827
15528,1.258017
15529,0.6981493
15530,13.07371
15531,16.2316
15532,17.40728
15533,10.32553
15534,25.23676
15535,25.12715
15536,25.12793
15537,25.21309
15538,25.12071
15539,25.21315
15540,25.09139
15541,25.09836
15542,24.99125
15543,25.12027
15544,0.001637569
15545,25.32369
15546,25.37474
15547,25.71132
15548,25.71165
15549,25.29794
15550,25.16461
15551,25.40305
15552,25.56217
15553,0.4520676
15554,0.3256553
15555,6.354593
15556,8.214608
15557,1.977273
15558,0.2572621
15559,0.2880282
15560,7.360882
15561,15.68604
15562,13.61072
15563,15.68692
15564,14.0771
15565,13.72968
15566,28.97314
15567,28.22903
15568,28.10291
15569,29.47904
15570,28.79709
15571,28.25452
15572,29.38527
15573,29.4826
15574,28.22863
15575,2.291228
15576,6.118093
15577,13.12697
15578,8.16706
15579,74.40015
15580,77.70005
15581,75.93955
15582,15.58487
15583,20.8979
15584,18.4927
15585,25.42073
15586,25.33689
15587,25.41492
15588,25.75298
15589,25.42068
15590,25.92979
15591,25.93003
15592,0.01008546
15593,25.55629
15594,24.88933
15595,26.28073
15596,25.77524
15597,25.21553
15598,25.74804
15599,25.29285
15600,24.20259
15601,25.97826
15602,1.945121
15603,0.1130256
15604,0.7922293
15605,0.3239393
15606,19.25505
15607,18.87853
15608,7.616113
15609,15.379
15610,11.88572
15611,11.00323
15612,15.43692
15613,32.23789
15614,31.7465
15615,31.74607
15616,32.23852
15617,30.60951
15618,31.05396
15619,30.2501
15620,30.25202
15621,32.61264
15622,32.95948
15623,35.04314
15624,33.45681
15625,0.003736774
15626,0.001065256
15627,0.003736774
15628,0.003736774
15629,0.003736774
15630,0.0005144444
15631,0.001431062
15632,0.003736774
15633,0.0005868833
15634,0.003736774
15635,0.00270283
15636,0.002702829
15637,0.003736774
15638,0.002684741
15639,0.002696645
15640,0.002577351
15641,0.001438532
15642,0.001860078
15643,0.001826769
15644,0.0005257064
15645,0.0005247144
15646,0.0005238174
15647,0.0005131406
15648,0.000547055
15649,0.0005125938
15650,0.0005120999
15651,0.0005120999
15652,0.0005120999
15653,0.0005120999
15654,0.0005120999
15655,0.0005120999
15656,0.0005424952
15657,0.0005150859
15658,0.0005394551
15659,0.000515582
15660,0.001023672
15661,0.001023983
15662,0.001023984
15663,0.001023672
15664,0.00051462
15665,0.0005225826
15666,0.0005120999
15667,0.0005120999
15668,0.0005120999
15669,0.0006701868
15670,0.0005146823
15671,0.0005120999
15672,0.0005120999
15673,0.0005272144
15674,0.0006731504
15675,0.0005976605
15676,0.0005372087
15677,0.0006269742
15678,0.0006101473
15679,0.0005835309
15680,0.0005156482
15681,0.000544909
15682,0.0005433967
15683,0.0005343148
15684,0.0005454171
15685,0.0005199393
15686,0.0005187256
15687,0.0005482886
15688,0.0005454644
15689,0.0005120999
15690,0.0005120999
15691,0.0005120999
15692,0.0005198475
15693,0.001030282
15694,0.001030275
15695,0.001088439
15696,0.001311839
15697,0.001311443
15698,0.0005120999
15699,0.0005120999
15700,0.0005145048
15701,0.0005134159
15702,0.0005121131
15703,0.0005280192
15704,0.0005120999
15705,0.0005332693
15706,0.0005370029
15707,0.0007325456
15708,0.0005370029
15709,0.0005120999
15710,0.0005686597
15711,0.0006183857
15712,0.0005563277
15713,0.0005155206
15714,0.0005220892
15715,0.0005576437
15716,0.0005427919
15717,0.0005872987
15718,0.0005120999
15719,0.0005120999
15720,0.0005120999
15721,0.0005120999
15722,0.0005132529
15723,0.0005120999
15724,0.000739018
15725,0.001023774
15726,0.001023774
15727,0.001022873
15728,0.0007390181
15729,0.001022873
15730,0.0005206519
15731,0.001027411
15732,0.001023453
15733,0.001027386
15734,0.001023453
15735,0.001023389
15736,0.001023389
15737,0.0005120999
15738,0.0005120999
15739,0.0005319431
15740,0.001612776
15741,0.001903891
15742,0.001711555
15743,0.001497793
15744,0.000512111
15745,0.000531835
15746,0.001833029
15747,0.002019492
15748,0.001893135
15749,0.0005120999
15750,0.0005120999
15751,0.0005120999
15752,0.0005120999
15753,0.0005332693
15754,0.0005120999
15755,0.0005626272
15756,0.0006433309
15757,0.0005707819
15758,0.0005573966
15759,0.0005513409
15760,0.0005542679
15761,0.0005120999
15762,0.0005121054
15763,0.0005379285
15764,0.0005128721
15765,0.0005472567
15766,0.0005120999
15767,0.0005162987
15768,0.0005197226
15769,0.0005597831
15770,0.0008472532
15771,0.0008475596
15772,0.0006316048
15773,0.001023234
15774,0.0005121891
15775,0.0005133913
15776,0.0006314822
15777,0.0005122227
15778,0.001023234
15779,0.0005338602
15780,0.000554991
15781,0.0005268774
15782,0.0005120999
15783,0.0005120999
15784,0.0005120999
15785,0.0005120999
15786,0.0005120999
15787,0.0005120999
15788,0.0005670472
15789,0.0005120999
15790,0.001023708
15791,0.001023917
15792,0.001023916
15793,0.0006445277
15794,0.0006076916
15795,0.0006127515
15796,0.001023708
15797,0.0006245809
15798,0.000541829
15799,0.00102398
15800,0.001023981
15801,0.001025899
15802,0.001025905
15803,0.0005440547
15804,0.0005263783
15805,0.0005167297
15806,0.0005120999
15807,0.001017637
15808,0.001017638
15809,0.0005120999
15810,0.0005120999
15811,0.0005120999
15812,0.0005180368
15813,0.0005538577
15814,0.0005204601
15815,0.0006639278
15816,0.0005602583
15817,0.0006639276
15818,0.0005772476
15819,0.001025072
15820,0.0005294395
15821,0.0005142283
15822,0.0005123645
15823,0.0005126103
15824,0.0005261651
15825,0.001025074
15826,0.0005169965
15827,0.0005168895
15828,0.0005120999
15829,0.0005120999
15830,0.00051227
15831,0.00051227
15832,0.0005122231
15833,0.0005122116
15834,0.0005122116
15835,0.0005163798
15836,0.001023846
15837,0.001023838
15838,0.00102359
15839,0.0005985057
15840,0.001023838
15841,0.00102359
15842,0.000513134
15843,0.001023846
15844,0.0005768578
15845,0.001023866
15846,0.001023866
15847,0.0005120999
15848,0.0005290454
15849,0.0005175325
15850,0.0005586313
15851,0.0005197214
15852,0.0005239348
15853,0.0005942497
15854,0.0005192802
15855,0.000530574
15856,0.0005849957
15857,0.0007929162
15858,0.0007929162
15859,0.0005120999
15860,0.0005428703
15861,0.0005420935
15862,0.0005129914
15863,0.0005345116
15864,0.0005345096
15865,0.001025958
15866,0.001025952
15867,0.0007670594
15868,0.0007519503
15869,0.0007695823
15870,0.0007539694
15871,0.0005120999
15872,0.0005120999
15873,0.0005120999
15874,0.0005120999
15875,0.0005120999
15876,0.0005776286
15877,0.0005222971
15878,0.0005140587
15879,0.00102269
15880,0.0006519504
15881,0.0005513041
15882,0.0006518152
15883,0.0005173666
15884,0.00102269
15885,0.0005776299
15886,0.0005120999
15887,0.0005146773
15888,0.0005146773
15889,0.001023949
15890,0.001023949
15891,0.0005880265
15892,0.0005344846
15893,0.0005214881
15894,0.0005597982
15895,0.0006632363
15896,0.0005419453
15897,0.0006618344
15898,0.0005730534
15899,0.0005121009
15900,0.0005120999
15901,0.0005180377
15902,0.000512115
15903,0.0006075781
15904,0.000523884
15905,0.0009978855
15906,0.0006036402
15907,0.001251681
15908,0.001248469
15909,0.0005307011
15910,0.0005358547
15911,0.0005120999
15912,0.0005120999
15913,0.0005120999
15914,0.0005120999
15915,0.001027036
15916,0.0005250842
15917,0.000590703
15918,0.000520324
15919,0.0005552996
15920,0.0005522155
15921,0.001027028
15922,0.0005188704
15923,0.0008918853
15924,0.0008918853
15925,0.0005120999
15926,0.0010238
15927,0.0010238
15928,0.0005120999
15929,0.0005120999
15930,0.0005120999
15931,0.0005120999
15932,0.0005120999
15933,0.001023698
15934,0.001024201
15935,0.001023698
15936,0.000570662
15937,0.001023227
15938,0.0005619171
15939,0.001024193
15940,0.0005199629
15941,0.001023227
15942,0.0005614737
15943,0.0005168419
15944,0.0005120999
15945,0.0005254464
15946,0.001015053
15947,0.0006325381
15948,0.0006325381
15949,0.001015053
15950,0.0005120999
15951,0.0005120999
15952,0.0005121706
15953,0.0005120999
15954,0.0006341732
15955,0.0006341732
15956,0.0005122298
15957,0.0005122298
15958,0.0005187512
15959,0.0005380313
15960,0.000520908
15961,0.0005190587
15962,0.0005234603
15963,0.001022781
15964,0.000564143
15965,0.000514059
15966,0.0005659497
15967,0.0005678026
15968,0.001022781
15969,0.0005690542
15970,0.0005411456
15971,0.000537676
15972,0.0005160669
15973,0.0007777063
15974,0.0007777063
15975,0.0005140525
15976,0.0007548545
15977,0.0007548545
15978,0.0005120999
15979,0.0005151446
15980,0.001023714
15981,0.001023714
15982,0.0005120999
15983,0.0005120999
15984,0.0007829395
15985,0.0007796054
15986,0.0005179274
15987,0.0005379015
15988,0.0005231344
15989,0.001014032
15990,0.0005223748
15991,0.001014032
15992,0.000513028
15993,0.0005120999
15994,0.0005367975
15995,0.0005501297
15996,0.0005307351
15997,0.0005884523
15998,0.0005501299
15999,0.001027129
16000,0.0005204877
16001,0.001027148
16002,0.0005120999
16003,0.0005120999
16004,0.0005120999
16005,0.0005120999
16006,0.0006674278
16007,0.001023652
16008,0.001025248
16009,0.001023652
16010,0.0006663629
16011,0.000571777
16012,0.0005717771
16013,0.001025255
16014,0.0005558319
16015,0.001020813
16016,0.0005276872
16017,0.0006207708
16018,0.0005531799
16019,0.001020813
16020,0.0005358893
16021,0.0005345159
16022,0.0005120999
16023,0.0005134733
16024,0.001165975
16025,0.0005127904
16026,0.0007969373
16027,0.0007105935
16028,0.0007038089
16029,0.001165976
16030,0.0005120999
16031,0.001023542
16032,0.0005138382
16033,0.0005280664
16034,0.0005857544
16035,0.001023542
16036,0.001023878
16037,0.0005407797
16038,0.001023878
16039,0.0005230899
16040,0.001024303
16041,0.0005126993
16042,0.001024302
16043,0.0005202573
16044,0.0005436491
16045,0.001023442
16046,0.001023446
16047,0.00102334
16048,0.001023759
16049,0.001023766
16050,0.00102334
16051,0.0006031652
16052,0.0005190092
16053,0.0005120999
16054,0.0005120999
16055,0.0005120999
16056,0.0005228899
16057,0.0005262982
16058,0.0010237
16059,0.000642298
16060,0.000642298
16061,0.000644653
16062,0.0010237
16063,0.00102396
16064,0.0006368874
16065,0.0006288484
16066,0.00102396
16067,0.0006079845
16068,0.0005123363
16069,0.0005120999
16070,0.0005120999
16071,0.000994108
16072,0.000994108
16073,0.0005120999
16074,0.001014532
16075,0.001014532
16076,0.001006431
16077,0.001006431
16078,0.0005366431
16079,0.0005555683
16080,0.0005409973
16081,0.0005294203
16082,0.0005207703
16083,0.0005962559
16084,0.0005120999
16085,0.0005120999
16086,0.0005120999
16087,0.000517268
16088,0.0005120999
16089,0.0005228899
16090,0.0005175917
16091,0.000513037
16092,0.0005139536
16093,0.0005421315
16094,0.001024629
16095,0.0005180637
16096,0.0005276219
16097,0.000534185
16098,0.001024623
16099,0.0005319962
16100,0.0005123363
16101,0.0005123354
16102,0.0005123803
16103,0.0005390421
16104,0.0005120999
16105,0.0006242616
16106,0.0005692573
16107,0.0006900012
16108,0.0005268999
16109,0.0006859177
16110,0.0005217947
16111,0.0005204091
16112,0.001023869
16113,0.001023497
16114,0.0005281833
16115,0.0005424251
16116,0.001023686
16117,0.001023688
16118,0.001023497
16119,0.001023869
16120,0.0005120999
16121,0.0005120999
16122,0.0005120999
16123,0.0005120999
16124,0.0005985183
16125,0.0005257293
16126,0.0005935919
16127,0.0005341158
16128,0.0005136775
16129,0.0005121118
16130,0.000526726
16131,0.0009691941
16132,0.0009691934
16133,0.001039242
16134,0.0005456191
16135,0.001039278
16136,0.001023751
16137,0.001023751
16138,0.0005122859
16139,0.0008759692
16140,0.0008759692
16141,0.000536566
16142,0.0005191486
16143,0.0005306668
16144,0.00051223
16145,0.0005128703
16146,0.0005120999
16147,0.0005120999
16148,0.0005120999
16149,0.0005743486
16150,0.000558421
16151,0.0005508153
16152,0.0006276137
16153,0.0005780996
16154,0.0005499996
16155,0.0005575096
16156,0.0005725487
16157,0.0005335465
16158,0.000572937
16159,0.001023864
16160,0.001023864
16161,0.0005192751
16162,0.0005120999
16163,0.0005120999
16164,0.0005120999
16165,0.0005120999
16166,0.0005120999
16167,0.0005554454
16168,0.001023595
16169,0.0006443491
16170,0.001025752
16171,0.001025756
16172,0.001023594
16173,0.000644543
16174,0.0009748357
16175,0.0005120999
16176,0.0009748357
16177,0.001043366
16178,0.001043306
16179,0.001733992
16180,0.001736081
16181,0.001687302
16182,0.001018924
16183,0.001018924
16184,0.001687252
16185,0.0008030836
16186,0.0005150191
16187,0.0005489949
16188,0.0005120999
16189,0.0005120999
16190,0.0005120999
16191,0.0005140067
16192,0.0005139482
16193,0.0005120999
16194,0.0005120999
16195,0.0006467035
16196,0.0005604887
16197,0.000648551
16198,0.0006007618
16199,0.0005120999
16200,0.0005757317
16201,0.0006152387
16202,0.0005120999
16203,0.001024009
16204,0.00052368
16205,0.0005388992
16206,0.0005297969
16207,0.0005351287
16208,0.001024009
16209,0.0005303591
16210,0.0005120999
16211,0.0005120999
16212,0.0005120999
16213,0.0009778359
16214,0.001026265
16215,0.001032024
16216,0.0009778359
16217,0.001026259
16218,0.001032026
16219,0.0005475039
16220,0.0005120999
16221,0.0005145965
16222,0.001016141
16223,0.001016145
16224,0.0005120999
16225,0.000533352
16226,0.0009941459
16227,0.0009941459
16228,0.0005120999
16229,0.001014597
16230,0.001005271
16231,0.0005120999
16232,0.00100527
16233,0.001014597
16234,0.001019566
16235,0.001019567
16236,0.0005132871
16237,0.0005132343
16238,0.0005942105
16239,0.00102399
16240,0.001023812
16241,0.00102399
16242,0.0005154834
16243,0.0005162753
16244,0.001023812
16245,0.000513692
16246,0.0005166034
16247,0.0005120999
16248,0.0005120999
16249,0.0005120999
16250,0.0005120999
16251,0.0005120999
16252,0.001027056
16253,0.001027057
16254,0.0005633272
16255,0.001035627
16256,0.001035637
16257,0.0005172329
16258,0.00102426
16259,0.001024268
16260,0.00056458
16261,0.0005195282
16262,0.0005355212
16263,0.0005242447
16264,0.0005594245
16265,0.001023991
16266,0.001023991
16267,0.001032206
16268,0.0005556669
16269,0.001032232
16270,0.0005170698
16271,0.000533319
16272,0.0005121301
16273,0.0005120999
16274,0.0005120999
16275,0.0005120999
16276,0.0005515477
16277,0.0005120999
16278,0.0005462432
16279,0.0006157655
16280,0.0005790857
16281,0.0005120999
16282,0.0005578241
16283,0.0006037122
16284,0.0005515623
16285,0.0005188723
16286,0.0005332596
16287,0.001023874
16288,0.0006067656
16289,0.001023874
16290,0.0005155102
16291,0.0005299923
16292,0.0005134942
16293,0.0005136205
16294,0.0005120999
16295,0.0005120999
16296,0.001030735
16297,0.0005428697
16298,0.0005405967
16299,0.0006689674
16300,0.0005121704
16301,0.0006526288
16302,0.001030749
16303,0.0005128452
16304,0.0005120999
16305,0.0005120999
16306,0.0005280359
16307,0.0005256753
16308,0.0005140455
16309,0.0005418659
16310,0.001026604
16311,0.0005238475
16312,0.000516282
16313,0.00102308
16314,0.00102308
16315,0.0010266
16316,0.001023484
16317,0.001023484
16318,0.000606729
16319,0.000590638
16320,0.001024078
16321,0.001024077
16322,0.0005925508
16323,0.0007380524
16324,0.0005154999
16325,0.000541097
16326,0.001024993
16327,0.001024993
16328,0.0005120999
16329,0.0006200773
16330,0.001023558
16331,0.0005853309
16332,0.000602264
16333,0.001020093
16334,0.0009790699
16335,0.001020093
16336,0.0006178411
16337,0.001023558
16338,0.0005120999
16339,0.0009790699
16340,0.001023683
16341,0.001023683
16342,0.000520235
16343,0.0005281233
16344,0.0005160194
16345,0.0005314983
16346,0.0005193694
16347,0.0005179595
16348,0.0005384294
16349,0.0006655902
16350,0.0005120999
16351,0.0005120999
16352,0.0005120999
16353,0.0005120999
16354,0.0005120999
16355,0.0005203162
16356,0.0005166767
16357,0.001023431
16358,0.001023658
16359,0.001023431
16360,0.001025111
16361,0.001023658
16362,0.001025107
16363,0.0005183545
16364,0.0005120999
16365,0.0007535149
16366,0.000517182
16367,0.000516372
16368,0.0005631617
16369,0.0005491682
16370,0.0007535149
16371,0.001023439
16372,0.0005527291
16373,0.001023439
16374,0.0005321389
16375,0.0005290722
16376,0.0005179557
16377,0.0006147382
16378,0.0005972599
16379,0.0005583604
16380,0.0005584324
16381,0.0005945247
16382,0.0005120999
16383,0.0005204113
16384,0.001025
16385,0.001025001
16386,0.0005685192
16387,0.0008552751
16388,0.0005631886
16389,0.0005120999
16390,0.0005464557
16391,0.0008799495
16392,0.0009400544
16393,0.0009400544
16394,0.0005237462
16395,0.0008798641
16396,0.0005822462
16397,0.001063553
16398,0.001063536
16399,0.0005375114
16400,0.0005746127
16401,0.0005239963
16402,0.0005339403
16403,0.0005358119
16404,0.000559918
16405,0.0005402243
16406,0.0005580915
16407,0.001023945
16408,0.001023945
16409,0.0005121055
16410,0.000515166
16411,0.0005120999
16412,0.0005121117
16413,0.0005121117
16414,0.0005121285
16415,0.0005120999
16416,0.0005120999
16417,0.001023849
16418,0.001023847
16419,0.001023769
16420,0.001023849
16421,0.001023847
16422,0.001023917
16423,0.001023917
16424,0.001023769
16425,0.0005120999
16426,0.001022487
16427,0.001022487
16428,0.00102343
16429,0.001023417
16430,0.00102404
16431,0.001023864
16432,0.001024098
16433,0.001023818
16434,0.0010241
16435,0.001023818
16436,0.001024044
16437,0.0005582275
16438,0.001023864
16439,0.0005428012
16440,0.000527538
16441,0.0007149975
16442,0.0005537181
16443,0.0005121471
16444,0.0005403212
16445,0.0007080437
16446,0.000552126
16447,0.0005122457
16448,0.0005553198
16449,0.0007104261
16450,0.0005635544
16451,0.0006865562
16452,0.0005121034
16453,0.001016052
16454,0.00101605
16455,0.00102305
16456,0.001023933
16457,0.0005215231
16458,0.001023933
16459,0.00102305
16460,0.0007885554
16461,0.00102229
16462,0.0009736167
16463,0.0009735803
16464,0.00102229
16465,0.0005247754
16466,0.0007885554
16467,0.0005121771
16468,0.0005500354
16469,0.001023716
16470,0.000690231
16471,0.0006837342
16472,0.0005479563
16473,0.0005288242
16474,0.0005172176
16475,0.0005267984
16476,0.001023717
16477,0.001023561
16478,0.001023561
16479,0.0005121624
16480,0.0005155933
16481,0.0005156535
16482,0.0006373837
16483,0.0005121285
16484,0.0005120999
16485,0.0005120999
16486,0.0005120999
16487,0.0005269006
16488,0.0005250512
16489,0.0005165969
16490,0.0005244836
16491,0.0005253832
16492,0.0005151395
16493,0.0005949833
16494,0.0005854251
16495,0.0005854251
16496,0.0005202005
16497,0.0005120999
16498,0.000592446
16499,0.001018205
16500,0.001018205
16501,0.0006810737
16502,0.0006057316
16503,0.0006268052
16504,0.0006809803
16505,0.001023749
16506,0.00102375
16507,0.001023341
16508,0.001023339
16509,0.0005158609
16510,0.001023933
16511,0.001023933
16512,0.0005577115
16513,0.0005554232
16514,0.0005576519
16515,0.0005161506
16516,0.0005342686
16517,0.001023165
16518,0.001023165
16519,0.0005187384
16520,0.0005245822
16521,0.0005555439
16522,0.0005120999
16523,0.0005227976
16524,0.000517791
16525,0.0005422699
16526,0.001023705
16527,0.0005365277
16528,0.0005203515
16529,0.0005471467
16530,0.000527368
16531,0.0005217486
16532,0.001023622
16533,0.001023705
16534,0.001023622
16535,0.001019498
16536,0.001019498
16537,0.0005120999
16538,0.0007723424
16539,0.0007733739
16540,0.0009500448
16541,0.0009500484
16542,0.0005877777
16543,0.001023672
16544,0.001023672
16545,0.001023606
16546,0.001060917
16547,0.001023606
16548,0.001058487
16549,0.0005768685
16550,0.0005468415
16551,0.000523566
16552,0.0005576308
16553,0.0005254927
16554,0.0005568967
16555,0.0005232756
16556,0.0005196397
16557,0.0005142651
16558,0.001023846
16559,0.0005170717
16560,0.0005209625
16561,0.001023846
16562,0.0005787814
16563,0.0005364394
16564,0.0005358634
16565,0.0005128948
16566,0.0005120999
16567,0.001023825
16568,0.0005130165
16569,0.000515445
16570,0.001022835
16571,0.001022835
16572,0.0005605255
16573,0.001023737
16574,0.001023737
16575,0.0005293888
16576,0.001023825
16577,0.0005151099
16578,0.0005151099
16579,0.0005120999
16580,0.001029361
16581,0.0005340906
16582,0.001029355
16583,0.001024454
16584,0.0005510503
16585,0.001024455
16586,0.001023909
16587,0.001023579
16588,0.001023579
16589,0.001023909
16590,0.0006369159
16591,0.0005189319
16592,0.0005128458
16593,0.000552846
16594,0.0005155701
16595,0.0005185428
16596,0.0005243107
16597,0.0005316059
16598,0.001023396
16599,0.001023396
16600,0.0005302269
16601,0.0005403815
16602,0.0005172908
16603,0.0005758715
16604,0.0005439557
16605,0.000626613
16606,0.0005351424
16607,0.0005213493
16608,0.0005450132
16609,0.0005829337
16610,0.0005796608
16611,0.0005120999
16612,0.0005120999
16613,0.0005120999
16614,0.0005120999
16615,0.001020823
16616,0.001023305
16617,0.001023771
16618,0.001023305
16619,0.001020823
16620,0.001023771
16621,0.001023698
16622,0.001023698
16623,0.001023837
16624,0.001023837
16625,0.001023841
16626,0.0006093444
16627,0.0006049705
16628,0.0005545854
16629,0.0005153241
16630,0.0005538611
16631,0.001023841
16632,0.000560523
16633,0.0005121407
16634,0.0005214678
16635,0.0005215086
16636,0.001023435
16637,0.001023435
16638,0.0005120999
16639,0.0005120999
16640,0.0005120999
16641,0.0005120999
16642,0.001024414
16643,0.0005439392
16644,0.001024411
16645,0.0005120999
16646,0.0008084753
16647,0.0008084807
16648,0.0006869564
16649,0.001023855
16650,0.001023855
16651,0.000699423
16652,0.001023802
16653,0.001023801
16654,0.0006369159
16655,0.0008988128
16656,0.0008988128
16657,0.001024034
16658,0.001025283
16659,0.0005525506
16660,0.001025275
16661,0.000771554
16662,0.0005275495
16663,0.0007713513
16664,0.0005308807
16665,0.0005169945
16666,0.001024034
16667,0.0005425208
16668,0.0005223973
16669,0.0006027709
16670,0.0006040638
16671,0.0005222767
16672,0.001023129
16673,0.001023128
16674,0.0005731025
16675,0.0005556204
16676,0.0005364273
16677,0.0005120999
16678,0.0005120999
16679,0.0005127934
16680,0.0005195744
16681,0.000513885
16682,0.0005701751
16683,0.0005174955
16684,0.0005286887
16685,0.0005121222
16686,0.0005120999
16687,0.001027723
16688,0.0005583416
16689,0.0007187581
16690,0.000557302
16691,0.0005248302
16692,0.0005293008
16693,0.001027714
16694,0.0005378421
16695,0.0005257042
16696,0.001023988
16697,0.001023988
16698,0.001023726
16699,0.001023726
16700,0.0005172428
16701,0.001023858
16702,0.0005195846
16703,0.001023889
16704,0.001023889
16705,0.0005122716
16706,0.0008405513
16707,0.001023858
16708,0.0008405513
16709,0.0005145997
16710,0.0005221426
16711,0.0005120999
16712,0.0007442926
16713,0.0005120999
16714,0.0005156614
16715,0.0005175646
16716,0.0005221153
16717,0.0005172873
16718,0.0005232829
16719,0.0005181194
16720,0.0005120999
16721,0.001022784
16722,0.001022782
16723,0.001022783
16724,0.001022783
16725,0.000529489
16726,0.001022402
16727,0.0005246801
16728,0.001022402
16729,0.0005169227
16730,0.0005558699
16731,0.0005802896
16732,0.0005597954
16733,0.0005786908
16734,0.0005136987
16735,0.00102309
16736,0.00102309
16737,0.0005288253
16738,0.0005299139
16739,0.0005412655
16740,0.0005242602
16741,0.001034855
16742,0.001034869
16743,0.000531677
16744,0.0005175794
16745,0.0005390646
16746,0.0005120999
16747,0.000559086
16748,0.0005655122
16749,0.0005265098
16750,0.0005301306
16751,0.0005267296
16752,0.0005198065
16753,0.0005170632
16754,0.0005244116
16755,0.0005158461
16756,0.001023052
16757,0.001023052
16758,0.00102385
16759,0.001024296
16760,0.00102293
16761,0.00102293
16762,0.001024297
16763,0.001023847
16764,0.0005120999
16765,0.0005120999
16766,0.0005121742
16767,0.0005133676
16768,0.0005166975
16769,0.000577952
16770,0.0005375553
16771,0.000517418
16772,0.0005750073
16773,0.0005231664
16774,0.0007008036
16775,0.0005501942
16776,0.0006154831
16777,0.000532399
16778,0.0007010221
16779,0.0005271749
16780,0.0005206469
16781,0.000524046
16782,0.0005147491
16783,0.000519754
16784,0.001025443
16785,0.001025446
16786,0.0005124462
16787,0.0005241471
16788,0.0005120999
16789,0.0005120999
16790,0.0005120999
16791,0.001023876
16792,0.0005203779
16793,0.0005424981
16794,0.001023831
16795,0.000523032
16796,0.0005145286
16797,0.0005316309
16798,0.0005141376
16799,0.001023876
16800,0.001023831
16801,0.0005332811
16802,0.0005120999
16803,0.001023919
16804,0.001023339
16805,0.001023339
16806,0.001023919
16807,0.001024027
16808,0.001024029
16809,0.0005120999
16810,0.0005120999
16811,0.0009873331
16812,0.0009869167
16813,0.0006245508
16814,0.000566768
16815,0.0005687193
16816,0.001023963
16817,0.0005996678
16818,0.0005547982
16819,0.001023963
16820,0.0006565324
16821,0.001022865
16822,0.0005687139
16823,0.001022861
16824,0.0005636697
16825,0.0005284505
16826,0.0007716946
16827,0.0007716946
16828,0.0005152377
16829,0.0005138631
16830,0.0005169197
16831,0.000541258
16832,0.0005162713
16833,0.001023457
16834,0.001023457
16835,0.0005957033
16836,0.000541158
16837,0.0005330847
16838,0.0005120999
16839,0.001022968
16840,0.001022968
16841,0.001023482
16842,0.0006655228
16843,0.001023482
16844,0.001023787
16845,0.001023787
16846,0.0006655338
16847,0.0005120999
16848,0.0005240624
16849,0.0005120999
16850,0.0005337976
16851,0.0005143017
16852,0.00102384
16853,0.0005998272
16854,0.00102384
16855,0.00102385
16856,0.0006061465
16857,0.0006014028
16858,0.0005327095
16859,0.000827654
16860,0.001023851
16861,0.000827654
16862,0.0005120999
16863,0.001023674
16864,0.0005376214
16865,0.001023674
16866,0.0006472351
16867,0.001030235
16868,0.001030253
16869,0.0005525663
16870,0.0005847291
16871,0.0005142297
16872,0.000513149
16873,0.0005141253
16874,0.0005120999
16875,0.0005120999
16876,0.0005120999
16877,0.0005213948
16878,0.0005283484
16879,0.0005482234
16880,0.0005747975
16881,0.001022993
16882,0.001022993
16883,0.000519008
16884,0.0005728875
16885,0.0005141466
16886,0.0005120999
16887,0.0005120999
16888,0.0007232561
16889,0.0007126881
16890,0.0005305865
16891,0.0005848745
16892,0.0005120999
16893,0.0005120999
16894,0.0005121166
16895,0.0005121391
16896,0.0005131807
16897,0.0005120999
16898,0.0005198895
16899,0.000630534
16900,0.0006310706
16901,0.001023739
16902,0.0005160489
16903,0.0005166829
16904,0.001023739
16905,0.0005621646
16906,0.000634214
16907,0.0005224997
16908,0.0006323287
16909,0.001025049
16910,0.001025047
16911,0.001023757
16912,0.001023687
16913,0.001023687
16914,0.001023834
16915,0.001023826
16916,0.0005758563
16917,0.001023757
16918,0.0007406042
16919,0.0007406676
16920,0.0005195652
16921,0.001031643
16922,0.001031657
16923,0.0005120999
16924,0.0005395857
16925,0.0005506281
16926,0.0005880616
16927,0.000546813
16928,0.0005532012
16929,0.0005565539
16930,0.000572054
16931,0.0006417675
16932,0.0005357165
16933,0.001025755
16934,0.001025756
16935,0.001019117
16936,0.0005384372
16937,0.001019118
16938,0.0005121841
16939,0.0005120999
16940,0.0005120999
16941,0.0006788946
16942,0.001023485
16943,0.0006248256
16944,0.0005289427
16945,0.00067865
16946,0.001023481
16947,0.0005742912
16948,0.0005124874
16949,0.0005120999
16950,0.0005120999
16951,0.0005120999
16952,0.001036044
16953,0.001036015
16954,0.0005138209
16955,0.0005372939
16956,0.0005150918
16957,0.0005120999
16958,0.001023552
16959,0.001023552
16960,0.000916188
16961,0.0009155785
16962,0.0005120999
16963,0.001022622
16964,0.001022622
16965,0.0007905109
16966,0.001023174
16967,0.001023174
16968,0.0007905109
16969,0.0005120999
16970,0.0005120999
16971,0.001023827
16972,0.0005172502
16973,0.0005610837
16974,0.0005735758
16975,0.0005930772
16976,0.0005930965
16977,0.0005599973
16978,0.001023827
16979,0.0005735759
16980,0.001023867
16981,0.0005493939
16982,0.0005199016
16983,0.0005970495
16984,0.0005272477
16985,0.0006244888
16986,0.000558796
16987,0.001023866
16988,0.0005120999
16989,0.0005120999
16990,0.0005120999
16991,0.0006054652
16992,0.0006496334
16993,0.001023093
16994,0.0005752751
16995,0.001022919
16996,0.001023093
16997,0.001022919
16998,0.0006027875
16999,0.0005120999
17000,0.0005120999
17001,0.0005513632
17002,0.0005139131
17003,0.0005274583
17004,0.0005582332
17005,0.0005272629
17006,0.0005680632
17007,0.001023015
17008,0.0005121218
17009,0.001023015
17010,0.0005277097
17011,0.0005120999
17012,0.0005225573
17013,0.0005120999
17014,0.0005120999
17015,0.0005120999
17016,0.0005120999
17017,0.0005120999
17018,0.0006011886
17019,0.001021816
17020,0.001021816
17021,0.0006148556
17022,0.0005568102
17023,0.000598626
17024,0.0005815902
17025,0.0005120999
17026,0.0005120999
17027,0.0005120999
17028,0.001026855
17029,0.001026851
17030,0.0005219756
17031,0.000521555
17032,0.0005531195
17033,0.0005436467
17034,0.0005387824
17035,0.0005308848
17036,0.0005278916
17037,0.0005177319
17038,0.0005346051
17039,0.0005120999
17040,0.001025389
17041,0.00102539
17042,0.0005129779
17043,0.0005160979
17044,0.0005220476
17045,0.0005146583
17046,0.000515457
17047,0.0005120999
17048,0.0005120999
17049,0.0005120999
17050,0.0005120999
17051,0.0008587498
17052,0.0006715
17053,0.0007779537
17054,0.0008585295
17055,0.000881942
17056,0.0007254372
17057,0.0007767724
17058,0.0008810268
17059,0.0006687604
17060,0.00052251
17061,0.0005120999
17062,0.0005482544
17063,0.001023565
17064,0.001023338
17065,0.0006905862
17066,0.0006908872
17067,0.001023339
17068,0.001023565
17069,0.00102382
17070,0.00102382
17071,0.0005259304
17072,0.000519299
17073,0.001023867
17074,0.0005144246
17075,0.001023867
17076,0.0005243706
17077,0.0005145895
17078,0.0005120999
17079,0.0005120999
17080,0.00108064
17081,0.001043778
17082,0.00104377
17083,0.001039332
17084,0.001080605
17085,0.001039336
17086,0.0005466578
17087,0.0005520132
17088,0.0005428546
17089,0.0005424342
17090,0.0005296732
17091,0.0005540152
17092,0.0005196844
17093,0.001024068
17094,0.0005170279
17095,0.001024068
17096,0.0005778694
17097,0.0005120999
17098,0.0005120999
17099,0.0005120999
17100,0.0005120999
17101,0.001023763
17102,0.001023763
17103,0.001023847
17104,0.000552553
17105,0.0005672851
17106,0.001023847
17107,0.0005527193
17108,0.0005120999
17109,0.0005120999
17110,0.0005120999
17111,0.0005120999
17112,0.0005120999
17113,0.000512798
17114,0.0005660861
17115,0.0005256922
17116,0.0005242652
17117,0.0005661392
17118,0.0005173059
17119,0.0005168723
17120,0.0005287351
17121,0.0005120999
17122,0.001024798
17123,0.001024797
17124,0.0005120999
17125,0.0005120999
17126,0.0005120999
17127,0.0005120999
17128,0.0005186455
17129,0.0005268416
17130,0.0005549157
17131,0.0005218668
17132,0.0005274249
17133,0.0005289039
17134,0.0005747012
17135,0.0005494055
17136,0.0005120999
17137,0.0005120999
17138,0.001023987
17139,0.0007000776
17140,0.0006300558
17141,0.0005945571
17142,0.0006999294
17143,0.0006007892
17144,0.001023986
17145,0.001215818
17146,0.0005120999
17147,0.0008958658
17148,0.001215782
17149,0.0005120999
17150,0.0005120999
17151,0.0005120999
17152,0.0006874311
17153,0.0006494346
17154,0.0006535799
17155,0.0006536944
17156,0.0005658593
17157,0.0005121273
17158,0.0007441165
17159,0.0007462913
17160,0.0005171212
17161,0.0005132764
17162,0.001024651
17163,0.001024288
17164,0.001024649
17165,0.00102429
17166,0.001023828
17167,0.0005339327
17168,0.001023828
17169,0.001534856
17170,0.001534283
17171,0.001534468
17172,0.001023607
17173,0.0005308221
17174,0.0005302182
17175,0.001023607
17176,0.0006280312
17177,0.0005120999
17178,0.0005120999
17179,0.0005841788
17180,0.0006121119
17181,0.001023702
17182,0.001023701
17183,0.001023209
17184,0.0006801142
17185,0.0006865965
17186,0.001023209
17187,0.0005120999
17188,0.001023933
17189,0.001023933
17190,0.001023858
17191,0.001023858
17192,0.001030396
17193,0.000519591
17194,0.0007048593
17195,0.001030411
17196,0.0005252812
17197,0.000703935
17198,0.0005120999
17199,0.0005120999
17200,0.0005576353
17201,0.001535609
17202,0.0005584666
17203,0.0006347544
17204,0.0005834741
17205,0.001535573
17206,0.0006509935
17207,0.001535602
17208,0.001041399
17209,0.00104142
17210,0.001024069
17211,0.001024068
17212,0.0009514307
17213,0.0009507418
17214,0.0005960615
17215,0.001023627
17216,0.001023627
17217,0.0005129704
17218,0.0005120999
17219,0.0005463035
17220,0.0005720254
17221,0.0006105065
17222,0.0005120999
17223,0.0005120999
17224,0.0005120999
17225,0.0005120999
17226,0.0005120999
17227,0.0005241359
17228,0.00102503
17229,0.001025032
17230,0.001535305
17231,0.001535439
17232,0.001535602
17233,0.0005518251
17234,0.001023912
17235,0.0005766645
17236,0.0005215235
17237,0.001023912
17238,0.0005239008
17239,0.0005127987
17240,0.0005638897
17241,0.0005120999
17242,0.001025523
17243,0.0005427529
17244,0.001021663
17245,0.001021663
17246,0.001025524
17247,0.0005120999
17248,0.0005702283
17249,0.0005131035
17250,0.0005702289
17251,0.0006296132
17252,0.001023751
17253,0.001023751
17254,0.001023805
17255,0.0006297337
17256,0.000518004
17257,0.001023805
17258,0.001023146
17259,0.001023146
17260,0.0005120999
17261,0.0005120999
17262,0.0006132787
17263,0.0005741765
17264,0.0005521002
17265,0.0005955285
17266,0.0006007071
17267,0.0006078436
17268,0.0005668617
17269,0.0005120999
17270,0.0005120999
17271,0.0005120999
17272,0.000512115
17273,0.0005120999
17274,0.0005120999
17275,0.001023883
17276,0.0005596578
17277,0.001023885
17278,0.000516238
17279,0.0006421043
17280,0.0005699748
17281,0.0006431134
17282,0.0005440137
17283,0.0005120999
17284,0.001022524
17285,0.001022524
17286,0.001017421
17287,0.001017421
17288,0.0005120999
17289,0.0005131238
17290,0.000512123
17291,0.0005120999
17292,0.0005120999
17293,0.0005431927
17294,0.0005143363
17295,0.0005430119
17296,0.000557434
17297,0.0005275698
17298,0.0005207452
17299,0.0005314046
17300,0.0005231585
17301,0.000569434
17302,0.0009347211
17303,0.0009380887
17304,0.0005121015
17305,0.0005121015
17306,0.0009509698
17307,0.0005701982
17308,0.0009439657
17309,0.0005120999
17310,0.0005120999
17311,0.001023017
17312,0.0005622971
17313,0.001023881
17314,0.001023768
17315,0.001023768
17316,0.001023881
17317,0.00102353
17318,0.00102353
17319,0.001023017
17320,0.000512185
17321,0.0005128742
17322,0.0005120999
17323,0.0005805509
17324,0.0005120999
17325,0.0005120999
17326,0.0005120999
17327,0.00102382
17328,0.00102382
17329,0.0005281207
17330,0.0006439438
17331,0.001023887
17332,0.001023405
17333,0.001023405
17334,0.001023888
17335,0.0005120999
17336,0.0006056991
17337,0.0005120999
17338,0.0005120999
17339,0.0005864519
17340,0.0005369167
17341,0.0005369167
17342,0.0005120999
17343,0.0005120999
17344,0.0006150824
17345,0.0005837422
17346,0.000731174
17347,0.0005285987
17348,0.000732848
17349,0.0006043268
17350,0.0005920209
17351,0.001019975
17352,0.001019975
17353,0.0005120999
17354,0.0005120999
17355,0.0005120999
17356,0.0006549362
17357,0.0005526266
17358,0.001023632
17359,0.001023918
17360,0.0005429254
17361,0.001023918
17362,0.001023632
17363,0.0005247737
17364,0.0005260706
17365,0.0005658625
17366,0.0005593018
17367,0.0005126946
17368,0.0005120999
17369,0.0005125997
17370,0.0005121949
17371,0.0005120999
17372,0.0005120999
17373,0.001061501
17374,0.001061404
17375,0.001024363
17376,0.001024361
17377,0.0005427941
17378,0.0005260259
17379,0.0005260259
17380,0.001023992
17381,0.0006217794
17382,0.0005120999
17383,0.0005231103
17384,0.000610769
17385,0.001023992
17386,0.0005120999
17387,0.0005120999
17388,0.0005299543
17389,0.001023826
17390,0.001023826
17391,0.0005897538
17392,0.0005395367
17393,0.0005495947
17394,0.0005169865
17395,0.001023317
17396,0.00054313
17397,0.0006813363
17398,0.0005894226
17399,0.0005370203
17400,0.001023845
17401,0.001023845
17402,0.001023317
17403,0.0005120999
17404,0.0005120999
17405,0.0005140582
17406,0.0005140582
17407,0.0005120999
17408,0.0005120999
17409,0.0006191251
17410,0.0005286605
17411,0.0005452805
17412,0.0005920565
17413,0.0005140217
17414,0.0005122065
17415,0.0005367681
17416,0.0005120999
17417,0.0005120999
17418,0.0009872144
17419,0.0009872144
17420,0.0005120999
17421,0.001021727
17422,0.001021727
17423,0.0005120999
17424,0.001026591
17425,0.001023784
17426,0.0005194569
17427,0.00102659
17428,0.0005142646
17429,0.001023784
17430,0.0005350783
17431,0.0005399527
17432,0.0005121211
17433,0.0005120999
17434,0.0005120999
17435,0.0005120999
17436,0.0005120999
17437,0.001021615
17438,0.001021615
17439,0.001007902
17440,0.001029978
17441,0.001007902
17442,0.001029985
17443,0.001535841
17444,0.0006216837
17445,0.0007118522
17446,0.0007157841
17447,0.001535833
17448,0.0005278501
17449,0.001535786
17450,0.0005130125
17451,0.0005124074
17452,0.0005149246
17453,0.001023345
17454,0.001023345
17455,0.0009983768
17456,0.0009983768
17457,0.0005120999
17458,0.0005120999
17459,0.0005120999
17460,0.0005120999
17461,0.001024109
17462,0.001023205
17463,0.0005884393
17464,0.000547136
17465,0.001023204
17466,0.001024109
17467,0.0005486287
17468,0.0006879959
17469,0.0005120999
17470,0.0005120999
17471,0.0005120999
17472,0.0005120999
17473,0.0005120999
17474,0.0005755193
17475,0.001018966
17476,0.0006024793
17477,0.001018965
17478,0.0005507005
17479,0.001023891
17480,0.0005244901
17481,0.0006238966
17482,0.0005481333
17483,0.0005254562
17484,0.001023891
17485,0.000516894
17486,0.0005120999
17487,0.0008622867
17488,0.0005585806
17489,0.0008842952
17490,0.0005156994
17491,0.000893716
17492,0.000578691
17493,0.0005120999
17494,0.000704065
17495,0.0005577027
17496,0.0005120999
17497,0.0005439578
17498,0.0006108067
17499,0.0005398099
17500,0.0005737884
17501,0.0005120999
17502,0.001012524
17503,0.001012536
17504,0.0005120999
17505,0.0005120999
17506,0.0005465924
17507,0.0008910243
17508,0.0007665938
17509,0.0008910672
17510,0.0007645593
17511,0.0005357349
17512,0.001023764
17513,0.0005390811
17514,0.0005160425
17515,0.0005326489
17516,0.0005214494
17517,0.0005400185
17518,0.001023764
17519,0.0005120999
17520,0.0005120999
17521,0.0005120999
17522,0.0005120999
17523,0.0005120999
17524,0.0005120999
17525,0.0006609806
17526,0.0005674018
17527,0.0006242726
17528,0.001023784
17529,0.000660903
17530,0.001023784
17531,0.0006464885
17532,0.000512224
17533,0.0005121002
17534,0.001018588
17535,0.001018588
17536,0.0005120999
17537,0.001022956
17538,0.001023844
17539,0.001023844
17540,0.001022956
17541,0.0009996864
17542,0.001022552
17543,0.001022552
17544,0.0009996864
17545,0.0005129648
17546,0.0005486583
17547,0.0005171599
17548,0.0005217207
17549,0.0005241083
17550,0.0005139061
17551,0.0005498913
17552,0.001005854
17553,0.001005854
17554,0.0005120999
17555,0.0005120999
17556,0.0009697714
17557,0.0009697714
17558,0.0006449242
17559,0.0005542631
17560,0.0005257661
17561,0.0005804522
17562,0.001023562
17563,0.001023627
17564,0.0005145479
17565,0.0005246923
17566,0.001023562
17567,0.001023627
17568,0.0006031622
17569,0.001021566
17570,0.001021566
17571,0.001020744
17572,0.001020744
17573,0.0005120999
17574,0.0005120999
17575,0.001020278
17576,0.0005465003
17577,0.0006838194
17578,0.0005417705
17579,0.001020278
17580,0.0005545245
17581,0.00102381
17582,0.000605926
17583,0.00102381
17584,0.000517477
17585,0.001025724
17586,0.0005143931
17587,0.0005198439
17588,0.0005264653
17589,0.001023586
17590,0.001023586
17591,0.0005908161
17592,0.001025729
17593,0.0005120999
17594,0.0005120999
17595,0.0005120999
17596,0.0005120999
17597,0.0005120999
17598,0.001024303
17599,0.001026758
17600,0.001024303
17601,0.001023886
17602,0.001026739
17603,0.0006033729
17604,0.001023886
17605,0.0005135062
17606,0.001023873
17607,0.001023873
17608,0.0006491775
17609,0.001044634
17610,0.0005126893
17611,0.001044817
17612,0.0005136592
17613,0.0005120999
17614,0.0005188209
17615,0.0005155719
17616,0.0005194603
17617,0.0005120999
17618,0.0005120999
17619,0.0005120999
17620,0.000543229
17621,0.0005335498
17622,0.0007700685
17623,0.0007700685
17624,0.0005750914
17625,0.0005505169
17626,0.0005646063
17627,0.001023383
17628,0.001023383
17629,0.0005299649
17630,0.001023621
17631,0.0005944144
17632,0.001023621
17633,0.000594784
17634,0.0005120999
17635,0.0005120999
17636,0.001024089
17637,0.001024089
17638,0.000677747
17639,0.0006610338
17640,0.0005120999
17641,0.001025523
17642,0.001024014
17643,0.001025528
17644,0.001023639
17645,0.001023439
17646,0.0005375571
17647,0.0005179659
17648,0.001023639
17649,0.0005179468
17650,0.001023921
17651,0.001024014
17652,0.001023439
17653,0.001023921
17654,0.0005179599
17655,0.0005533282
17656,0.0005582829
17657,0.0005162955
17658,0.0005569928
17659,0.0005559604
17660,0.0005153531
17661,0.0005858666
17662,0.0005283682
17663,0.0005414556
17664,0.0005188179
17665,0.0005120999
17666,0.00102538
17667,0.0005187113
17668,0.001025381
17669,0.0006437872
17670,0.0005497164
17671,0.0006088343
17672,0.001008668
17673,0.001024232
17674,0.001008668
17675,0.001024232
17676,0.001020544
17677,0.001020544
17678,0.001023666
17679,0.001023666
17680,0.0005191315
17681,0.0005260742
17682,0.001023832
17683,0.001023926
17684,0.00102345
17685,0.001023832
17686,0.0006552432
17687,0.00102345
17688,0.001023926
17689,0.000655407
17690,0.0005120999
17691,0.0005120999
17692,0.0005120999
17693,0.0005120999
17694,0.0009262273
17695,0.0005681126
17696,0.0009262554
17697,0.0005959343
17698,0.0005347747
17699,0.0005281655
17700,0.0005129661
17701,0.0005867817
17702,0.0005867817
17703,0.0008279369
17704,0.001024198
17705,0.0008307473
17706,0.001024197
17707,0.0005194353
17708,0.0005363298
17709,0.0006352673
17710,0.0006331227
17711,0.001045432
17712,0.0005294522
17713,0.0005165048
17714,0.000526279
17715,0.0007456299
17716,0.0005528434
17717,0.0005396234
17718,0.0006269741
17719,0.001108404
17720,0.001087752
17721,0.001045481
17722,0.0005178754
17723,0.0005165318
17724,0.0005144686
17725,0.001103227
17726,0.0008394562
17727,0.0005144993
17728,0.001105157
17729,0.001021317
17730,0.000523829
17731,0.0005247687
17732,0.0005147966
17733,0.001021317
17734,0.001023778
17735,0.001443584
17736,0.00146461
17737,0.001023778
17738,0.001417317
17739,0.001023998
17740,0.0006497626
17741,0.001027221
17742,0.001027241
17743,0.0005211036
17744,0.001023999
17745,0.0005120999
17746,0.0005173559
17747,0.0005173559
17748,0.0005120999
17749,0.0005120999
17750,0.0005395883
17751,0.0005152192
17752,0.0005347722
17753,0.0007014251
17754,0.0005378557
17755,0.0006897631
17756,0.000558255
17757,0.0005668427
17758,0.0005121826
17759,0.0005676748
17760,0.0005120999
17761,0.0005120999
17762,0.0005120999
17763,0.0005201398
17764,0.0006763149
17765,0.001024926
17766,0.001024927
17767,0.0005262645
17768,0.000681979
17769,0.001029645
17770,0.001029638
17771,0.001030082
17772,0.00103009
17773,0.0010293
17774,0.001022361
17775,0.001022346
17776,0.001029301
17777,0.0006791992
17778,0.0005180832
17779,0.0005146086
17780,0.0005136812
17781,0.0005201171
17782,0.000678884
17783,0.0005198155
17784,0.0005120999
17785,0.0005120999
17786,0.0005120999
17787,0.0005120999
17788,0.0005120999
17789,0.0005131699
17790,0.0005184046
17791,0.0005228611
17792,0.0005439656
17793,0.0005584717
17794,0.000528965
17795,0.0005449708
17796,0.0005435623
17797,0.001023615
17798,0.001023615
17799,0.00102377
17800,0.00102377
17801,0.0005120999
17802,0.0005121509
17803,0.001016746
17804,0.00102309
17805,0.001016746
17806,0.00102309
17807,0.00102296
17808,0.00102296
17809,0.0006013601
17810,0.0006012038
17811,0.001023413
17812,0.0009925248
17813,0.001023575
17814,0.001023575
17815,0.001023413
17816,0.001022345
17817,0.00102234
17818,0.0009929716
17819,0.0006270664
17820,0.001023105
17821,0.0005278823
17822,0.0005243686
17823,0.000526871
17824,0.001023105
17825,0.0005398412
17826,0.0005260353
17827,0.0005287825
17828,0.0005148755
17829,0.0005161268
17830,0.001021936
17831,0.0005127318
17832,0.0005121291
17833,0.0005367988
17834,0.0005120999
17835,0.001021936
17836,0.0005120999
17837,0.0005140444
17838,0.0005189791
17839,0.0005159026
17840,0.001023843
17841,0.0005246015
17842,0.0005449156
17843,0.001023843
17844,0.0005204677
17845,0.0005188652
17846,0.000541183
17847,0.001023777
17848,0.001023777
17849,0.0005125391
17850,0.0005125142
17851,0.0005120999
17852,0.001023812
17853,0.001023818
17854,0.001023615
17855,0.001023615
17856,0.001023797
17857,0.001023797
17858,0.0005454682
17859,0.001035798
17860,0.001044703
17861,0.001035798
17862,0.0005497009
17863,0.001044957
17864,0.0005268106
17865,0.001023527
17866,0.0005838174
17867,0.001023527
17868,0.0005282775
17869,0.0005333143
17870,0.0005492032
17871,0.0005142522
17872,0.0005217622
17873,0.0005311408
17874,0.0005138927
17875,0.0005219099
17876,0.001023781
17877,0.001023781
17878,0.000540327
17879,0.0005120999
17880,0.0005120999
17881,0.0005120999
17882,0.0005164696
17883,0.0005120999
17884,0.001019949
17885,0.001019948
17886,0.0005144236
17887,0.0005121862
17888,0.0005288341
17889,0.0005812247
17890,0.0005289583
17891,0.0005320887
17892,0.0005814255
17893,0.0005276261
17894,0.0005120999
17895,0.0005120999
17896,0.0005120999
17897,0.001023997
17898,0.0006068114
17899,0.001024405
17900,0.001024405
17901,0.000607506
17902,0.001023997
17903,0.001035701
17904,0.001035707
17905,0.0005283012
17906,0.0005241225
17907,0.0005489578
17908,0.0005813002
17909,0.0006311223
17910,0.000631432
17911,0.0005244089
17912,0.000522688
17913,0.0005319196
17914,0.0005863673
17915,0.0005857226
17916,0.0005385192
17917,0.000600395
17918,0.0005144582
17919,0.0005465418
17920,0.0006363447
17921,0.0006352208
17922,0.0005376755
17923,0.0005202403
17924,0.0005418991
17925,0.0005407846
17926,0.0005139938
17927,0.0005186518
17928,0.0005139938
17929,0.0005232627
17930,0.0006814944
17931,0.0005269166
17932,0.0005433559
17933,0.0005268118
17934,0.0005581649
17935,0.0005590861
17936,0.0005124334
17937,0.001023813
17938,0.001023827
17939,0.0005120999
17940,0.001023229
17941,0.001023232
17942,0.0007901938
17943,0.001022435
17944,0.001024054
17945,0.001024054
17946,0.0007899693
17947,0.001022432
17948,0.00102321
17949,0.001023215
17950,0.0005172428
17951,0.0005241225
17952,0.0005280153
17953,0.001023886
17954,0.0006046639
17955,0.0005250415
17956,0.0005545852
17957,0.001023886
17958,0.001023573
17959,0.001023573
17960,0.0005120999
17961,0.0005120999
17962,0.000659623
17963,0.0006493211
17964,0.0005341994
17965,0.0009257912
17966,0.0009257912
17967,0.0005120999
17968,0.0005558699
17969,0.001055352
17970,0.001055291
17971,0.001023627
17972,0.001025333
17973,0.001023489
17974,0.0005158889
17975,0.001023627
17976,0.001025332
17977,0.001023489
17978,0.0005224354
17979,0.001022715
17980,0.001022715
17981,0.0005285575
17982,0.0005120999
17983,0.0005120999
17984,0.0005120999
17985,0.0005278484
17986,0.0005169612
17987,0.001023771
17988,0.0006743899
17989,0.001023771
17990,0.0006754284
17991,0.001027697
17992,0.0007074341
17993,0.001027696
17994,0.0007060751
17995,0.001023526
17996,0.001023859
17997,0.001023859
17998,0.001023527
17999,0.001023825
18000,0.001023825
18001,0.001013183
18002,0.001013183
18003,0.0005120999
18004,0.0005121696
18005,0.0005133676
18006,0.0005571257
18007,0.001023627
18008,0.0005648584
18009,0.0005440649
18010,0.000577054
18011,0.001023627
18012,0.0005461386
18013,0.001023927
18014,0.001023929
18015,0.000522301
18016,0.0005621326
18017,0.0005140197
18018,0.0005610132
18019,0.0005284921
18020,0.0005181638
18021,0.001020798
18022,0.001020798
18023,0.0005120999
18024,0.0005120999
18025,0.0005123307
18026,0.0006045001
18027,0.0006261829
18028,0.001024115
18029,0.0006260396
18030,0.00102411
18031,0.0005120999
18032,0.001024158
18033,0.001024161
18034,0.001024093
18035,0.001024089
18036,0.001024559
18037,0.00102456
18038,0.0005121696
18039,0.0005120999
18040,0.0005120999
18041,0.0005120999
18042,0.0005648891
18043,0.0005503323
18044,0.0006365011
18045,0.0005333714
18046,0.0005343586
18047,0.0006532284
18048,0.0005324855
18049,0.001023681
18050,0.0006512635
18051,0.001023681
18052,0.0005120999
18053,0.0005120999
18054,0.0005120999
18055,0.0005120999
18056,0.0005173297
18057,0.001027193
18058,0.0005795819
18059,0.0005957033
18060,0.0005153407
18061,0.0005651103
18062,0.001027204
18063,0.0005754053
18064,0.0005159262
18065,0.0008314496
18066,0.0005120999
18067,0.0008299034
18068,0.0005232368
18069,0.001023677
18070,0.001023677
18071,0.001023735
18072,0.001023735
18073,0.001024332
18074,0.001024329
18075,0.0005120999
18076,0.0005120999
18077,0.0005120999
18078,0.0005220796
18079,0.0005255444
18080,0.001023857
18081,0.001024207
18082,0.001023857
18083,0.001024207
18084,0.0005209396
18085,0.0005120999
18086,0.0005120999
18087,0.001024019
18088,0.001024017
18089,0.001023557
18090,0.001023557
18091,0.001029498
18092,0.001029543
18093,0.0005120999
18094,0.0005120999
18095,0.0005141253
18096,0.0005120999
18097,0.0005540156
18098,0.000513875
18099,0.0005908989
18100,0.0005345403
18101,0.00102418
18102,0.0005174045
18103,0.000525876
18104,0.000536945
18105,0.00102418
18106,0.0005901408
18107,0.0005187738
18108,0.0005317952
18109,0.0005282034
18110,0.0005159587
18111,0.0005120999
18112,0.0005187738
18113,0.001023517
18114,0.001024648
18115,0.001023517
18116,0.001023514
18117,0.001024638
18118,0.001023513
18119,0.001023173
18120,0.001023173
18121,0.0005128428
18122,0.0005120999
18123,0.0005120999
18124,0.0005120999
18125,0.0005120999
18126,0.0005120999
18127,0.0005233049
18128,0.0005123499
18129,0.0006532594
18130,0.0005945819
18131,0.0005263971
18132,0.0005467025
18133,0.0005190799
18134,0.0006532751
18135,0.0005945773
18136,0.0005454277
18137,0.0005383008
18138,0.0005173567
18139,0.0005207572
18140,0.0005207572
18141,0.0005150599
18142,0.0005150599
18143,0.0005120999
18144,0.0005120999
18145,0.001023904
18146,0.001023904
18147,0.0006902461
18148,0.001023448
18149,0.0006903317
18150,0.001023448
18151,0.0005124874
18152,0.0005120999
18153,0.0005128428
18154,0.0005120999
18155,0.001023831
18156,0.001023831
18157,0.0005120999
18158,0.0007567366
18159,0.0005469592
18160,0.0005233464
18161,0.001023661
18162,0.001023661
18163,0.0005922585
18164,0.0005928223
18165,0.001026674
18166,0.00102665
18167,0.001023693
18168,0.001023692
18169,0.0005120999
18170,0.0005120999
18171,0.0005121363
18172,0.001023088
18173,0.001023019
18174,0.001024027
18175,0.001024028
18176,0.00102302
18177,0.001023088
18178,0.0005120999
18179,0.0005120999
18180,0.0005120999
18181,0.001027634
18182,0.001027628
18183,0.000637496
18184,0.0005120999
18185,0.0005159329
18186,0.001022854
18187,0.0007251871
18188,0.001024306
18189,0.0007248695
18190,0.001022853
18191,0.001024308
18192,0.0005120999
18193,0.0005120999
18194,0.001029385
18195,0.0005227308
18196,0.0005318361
18197,0.001029387
18198,0.0005152873
18199,0.001023385
18200,0.001023544
18201,0.001023544
18202,0.001023385
18203,0.001025426
18204,0.001025422
18205,0.0005129327
18206,0.0005303425
18207,0.0005120999
18208,0.0005120999
18209,0.0005120999
18210,0.0006170277
18211,0.001023616
18212,0.0005958203
18213,0.0006217269
18214,0.000647879
18215,0.001023615
18216,0.0005820462
18217,0.0005120999
18218,0.0005306323
18219,0.0006803042
18220,0.0005241712
18221,0.0005623315
18222,0.0005339754
18223,0.0005621981
18224,0.0005278737
18225,0.0005296404
18226,0.0006772677
18227,0.0005448365
18228,0.0005120999
18229,0.0005291297
18230,0.001023651
18231,0.001023651
18232,0.0005148918
18233,0.0005180917
18234,0.0005171492
18235,0.0005363894
18236,0.0005794261
18237,0.0005120999
18238,0.0005120999
18239,0.0005120999
18240,0.0005120999
18241,0.001023457
18242,0.0007344545
18243,0.0007358918
18244,0.001023202
18245,0.0007999553
18246,0.0008004151
18247,0.001023202
18248,0.001023456
18249,0.0005120999
18250,0.0005120999
18251,0.001024357
18252,0.001023738
18253,0.001024356
18254,0.001023398
18255,0.0005461393
18256,0.001023398
18257,0.001023738
18258,0.0005160677
18259,0.0005208023
18260,0.001023822
18261,0.001023822
18262,0.0005603844
18263,0.0005491762
18264,0.0005289468
18265,0.001023764
18266,0.001023764
18267,0.0005244054
18268,0.0005286491
18269,0.0005260006
18270,0.0005120999
18271,0.0005120999
18272,0.000512394
18273,0.000716047
18274,0.000683737
18275,0.001024331
18276,0.0008309884
18277,0.001024336
18278,0.000642807
18279,0.0005595054
18280,0.0008317294
18281,0.0005120999
18282,0.0005120999
18283,0.0005262137
18284,0.000681258
18285,0.000681258
18286,0.0006184352
18287,0.001023878
18288,0.001023878
18289,0.0006105404
18290,0.0005120999
18291,0.0005893931
18292,0.001023747
18293,0.001023747
18294,0.0005149152
18295,0.0005208527
18296,0.001023951
18297,0.001023951
18298,0.0005156596
18299,0.0005126089
18300,0.0005120999
18301,0.0005120999
18302,0.0005120999
18303,0.0006634167
18304,0.000784901
18305,0.0007637893
18306,0.0008300125
18307,0.0007148405
18308,0.0009785279
18309,0.0006901805
18310,0.0006484578
18311,0.0006267016
18312,0.0005445415
18313,0.0009955657
18314,0.0005348864
18315,0.0005239249
18316,0.0005610858
18317,0.0005425066
18318,0.000530922
18319,0.0005457209
18320,0.0005410753
18321,0.0005170035
18322,0.0005120999
18323,0.0005120999
18324,0.0005120999
18325,0.0005134044
18326,0.0005372742
18327,0.001023
18328,0.000522203
18329,0.0005249773
18330,0.0005285217
18331,0.0005153716
18332,0.001023
18333,0.0005120999
18334,0.0005120999
18335,0.0005120999
18336,0.0005120999
18337,0.0005120999
18338,0.0005120999
18339,0.0005812309
18340,0.001023375
18341,0.001023663
18342,0.001023663
18343,0.0005193173
18344,0.001023375
18345,0.0005120999
18346,0.0005120999
18347,0.0005120999
18348,0.0005120999
18349,0.0005120999
18350,0.0005120999
18351,0.0005403485
18352,0.000537568
18353,0.0005344393
18354,0.00052664
18355,0.0005220739
18356,0.0005442696
18357,0.0005668976
18358,0.0005212863
18359,0.0005364674
18360,0.0005686794
18361,0.0005120999
18362,0.001017986
18363,0.001017986
18364,0.0006306311
18365,0.0006360311
18366,0.0006306113
18367,0.0006359536
18368,0.0005120999
18369,0.0005120999
18370,0.0005120999
18371,0.0005120999
18372,0.0006503248
18373,0.001023804
18374,0.001023804
18375,0.0006289402
18376,0.0005651322
18377,0.0005817603
18378,0.0005120999
18379,0.0005120999
18380,0.0005120999
18381,0.0005120999
18382,0.0005120999
18383,0.001023627
18384,0.001023627
18385,0.0006706581
18386,0.0006077461
18387,0.000599789
18388,0.0005542883
18389,0.0005120999
18390,0.0005120999
18391,0.0005120999
18392,0.001027056
18393,0.001027024
18394,0.0005206407
18395,0.0005200279
18396,0.0005184337
18397,0.0005185573
18398,0.0006404361
18399,0.001023838
18400,0.001023838
18401,0.0005386638
18402,0.0005844895
18403,0.0006607781
18404,0.0005120999
18405,0.0005120999
18406,0.0005120999
18407,0.001027151
18408,0.001036752
18409,0.001036782
18410,0.001027171
18411,0.0005120999
18412,0.0005242743
18413,0.001029644
18414,0.001029619
18415,0.001023344
18416,0.0008131796
18417,0.001023344
18418,0.0005133739
18419,0.0008115711
18420,0.0005296054
18421,0.000518945
18422,0.0005208747
18423,0.0005210296
18424,0.0005120999
18425,0.0005120999
18426,0.0005120999
18427,0.001027433
18428,0.00101794
18429,0.001027437
18430,0.001017774
18431,0.000521969
18432,0.0005392049
18433,0.0005182907
18434,0.0005217484
18435,0.0005232793
18436,0.0005269733
18437,0.0005439718
18438,0.0005175297
18439,0.00052545
18440,0.0005447534
18441,0.0005145292
18442,0.0005120999
18443,0.0005474724
18444,0.001022913
18445,0.001022913
18446,0.0005478379
18447,0.00101948
18448,0.00101948
18449,0.0005120999
18450,0.001023635
18451,0.001101747
18452,0.001023635
18453,0.001101997
18454,0.000669647
18455,0.0005122426
18456,0.0005132657
18457,0.0005120999
18458,0.0005816055
18459,0.0005841497
18460,0.0006007273
18461,0.0005262704
18462,0.0005528628
18463,0.0006229343
18464,0.0005303527
18465,0.0006008847
18466,0.0005121003
18467,0.0005120999
18468,0.0005120999
18469,0.00102433
18470,0.0005417699
18471,0.001030633
18472,0.001024329
18473,0.0010236
18474,0.0005565758
18475,0.001024038
18476,0.001024046
18477,0.0005265186
18478,0.001030665
18479,0.001023599
18480,0.0005120999
18481,0.0005982333
18482,0.0005982333
18483,0.0005149997
18484,0.000512187
18485,0.0007212092
18486,0.0005120999
18487,0.0005546552
18488,0.0009344557
18489,0.0005142353
18490,0.00102385
18491,0.00102385
18492,0.0009344557
18493,0.0005124382
18494,0.001023772
18495,0.001023772
18496,0.0005171118
18497,0.0005120999
18498,0.0005120999
18499,0.001021378
18500,0.000512187
18501,0.001021378
18502,0.001023612
18503,0.0005120999
18504,0.001023612
18505,0.0005120999
18506,0.0005120999
18507,0.0005120999
18508,0.001023777
18509,0.0005558084
18510,0.001023725
18511,0.001023725
18512,0.0005184823
18513,0.0005155108
18514,0.001023777
18515,0.0005120999
18516,0.001020903
18517,0.001020903
18518,0.0005120999
18519,0.0005137949
18520,0.0005120999
18521,0.0005137949
18522,0.0005120999
18523,0.0005120999
18524,0.0005120999
18525,0.0005120999
18526,0.0005120999
18527,0.000519821
18528,0.001023254
18529,0.001023917
18530,0.001023254
18531,0.0005612143
18532,0.0005662884
18533,0.001023917
18534,0.0005244734
18535,0.0005154884
18536,0.000512302
18537,0.0005154883
18538,0.0005120999
18539,0.0005120999
18540,0.0005120999
18541,0.001021704
18542,0.001021704
18543,0.0005131194
18544,0.0006195103
18545,0.0006187723
18546,0.000512838
18547,0.001018626
18548,0.001018626
18549,0.000605413
18550,0.0006023175
18551,0.0007524747
18552,0.0007521297
18553,0.001023288
18554,0.001023288
18555,0.0005194042
18556,0.0005693501
18557,0.0005174767
18558,0.0005639734
18559,0.001023898
18560,0.001023898
18561,0.001023935
18562,0.00102377
18563,0.001023935
18564,0.0005394574
18565,0.0005947657
18566,0.001023561
18567,0.0005173008
18568,0.00102377
18569,0.0005301225
18570,0.0005394372
18571,0.001023561
18572,0.0005120999
18573,0.0005120999
18574,0.0005120999
18575,0.0005120999
18576,0.0005420633
18577,0.0005120999
18578,0.001535543
18579,0.001535578
18580,0.0015356
18581,0.0005120999
18582,0.0005120999
18583,0.0005296038
18584,0.0005136599
18585,0.0005331158
18586,0.0005139387
18587,0.0005343243
18588,0.001023964
18589,0.0005160533
18590,0.001023964
18591,0.0005288522
18592,0.001016906
18593,0.001016906
18594,0.0005120999
18595,0.0005120999
18596,0.0005120999
18597,0.0005120999
18598,0.0005121294
18599,0.0005121294
18600,0.0005120999
18601,0.001023828
18602,0.001023828
18603,0.000543688
18604,0.000543693
18605,0.001023959
18606,0.0006808843
18607,0.0005295388
18608,0.001023959
18609,0.0007934374
18610,0.000517558
18611,0.0005440668
18612,0.0007933931
18613,0.0006627856
18614,0.0005120999
18615,0.0006627856
18616,0.0005120999
18617,0.0005121319
18618,0.0005120999
18619,0.0005121319
18620,0.001029143
18621,0.001029138
18622,0.00102364
18623,0.00102364
18624,0.0005120999
18625,0.0005120999
18626,0.0005145314
18627,0.0005145313
18628,0.0009569314
18629,0.0009569314
18630,0.001023675
18631,0.0005248145
18632,0.0005155444
18633,0.0005131785
18634,0.0005146211
18635,0.0006457208
18636,0.0005157034
18637,0.0005144561
18638,0.001023675
18639,0.0005175238
18640,0.0006478799
18641,0.0005801917
18642,0.0005120999
18643,0.0005120999
18644,0.0005121452
18645,0.0005120999
18646,0.0005120999
18647,0.001023762
18648,0.00103378
18649,0.001023762
18650,0.001033791
18651,0.001022701
18652,0.001022701
18653,0.001023858
18654,0.001023858
18655,0.0005120999
18656,0.0005120999
18657,0.0005120999
18658,0.0005120999
18659,0.001022151
18660,0.0005125497
18661,0.001020681
18662,0.001020681
18663,0.00102215
18664,0.0005506355
18665,0.0005506355
18666,0.0005120999
18667,0.001031585
18668,0.0005720641
18669,0.001031007
18670,0.00102382
18671,0.00103157
18672,0.001031005
18673,0.00102382
18674,0.001023777
18675,0.001023777
18676,0.0005760565
18677,0.0005349521
18678,0.0005120999
18679,0.0005120999
18680,0.0005120999
18681,0.0005120999
18682,0.0005662558
18683,0.0005606939
18684,0.0006033194
18685,0.0006019138
18686,0.0006033818
18687,0.0006322892
18688,0.001024394
18689,0.001024394
18690,0.001018672
18691,0.001018672
18692,0.0005776645
18693,0.0005724726
18694,0.0005183957
18695,0.001023691
18696,0.001023691
18697,0.0005417597
18698,0.0005411729
18699,0.0005120999
18700,0.0005120999
18701,0.001023237
18702,0.0005284108
18703,0.00102381
18704,0.0005693933
18705,0.000538995
18706,0.001023237
18707,0.001022997
18708,0.0005937563
18709,0.00102381
18710,0.0005308656
18711,0.001022998
18712,0.0005120999
18713,0.0005121439
18714,0.0005278434
18715,0.0005278434
18716,0.0005120999
18717,0.0005120999
18718,0.0006163997
18719,0.001021284
18720,0.001021284
18721,0.001023316
18722,0.001023316
18723,0.0005367287
18724,0.001023801
18725,0.001023801
18726,0.0005126201
18727,0.0005768571
18728,0.0005631234
18729,0.0005198782
18730,0.0005765352
18731,0.0005120999
18732,0.0005120999
18733,0.0005120999
18734,0.0005120999
18735,0.000538963
18736,0.001023836
18737,0.001023836
18738,0.001023244
18739,0.0005172382
18740,0.001023244
18741,0.000532622
18742,0.0005848747
18743,0.0005851717
18744,0.0005180436
18745,0.0005177701
18746,0.0005120999
18747,0.0005120999
18748,0.0005120999
18749,0.0005120999
18750,0.0005120999
18751,0.0006351797
18752,0.001005861
18753,0.001005982
18754,0.001005982
18755,0.0006831908
18756,0.001005861
18757,0.0005208842
18758,0.0005173495
18759,0.0005131541
18760,0.0006087768
18761,0.0005604083
18762,0.0005603394
18763,0.0005120999
18764,0.0008818231
18765,0.000881823
18766,0.0005120999
18767,0.0005120999
18768,0.0005120999
18769,0.00102459
18770,0.0005187437
18771,0.001024593
18772,0.0005186851
18773,0.000516124
18774,0.0005182605
18775,0.0005210577
18776,0.0005483121
18777,0.0006648173
18778,0.0005187597
18779,0.0005161495
18780,0.0006629545
18781,0.0005160185
18782,0.0005171491
18783,0.0005120999
18784,0.0005135863
18785,0.0005120999
18786,0.0005120999
18787,0.0005838951
18788,0.001019623
18789,0.001009703
18790,0.001023589
18791,0.001019623
18792,0.001009703
18793,0.001023589
18794,0.001023425
18795,0.001023425
18796,0.0005629603
18797,0.0005270049
18798,0.0005193022
18799,0.0005264112
18800,0.0006437218
18801,0.0005497437
18802,0.0005301595
18803,0.0005631082
18804,0.000581081
18805,0.0005123133
18806,0.0005120999
18807,0.0005120999
18808,0.0005120999
18809,0.0005342857
18810,0.0006305094
18811,0.001027482
18812,0.0005555601
18813,0.001023486
18814,0.00102748
18815,0.0005770605
18816,0.0006304862
18817,0.001023486
18818,0.0005229031
18819,0.0005339833
18820,0.0005120999
18821,0.0005120999
18822,0.0005120999
18823,0.0007976092
18824,0.0007976092
18825,0.001026144
18826,0.001026157
18827,0.001022266
18828,0.00102227
18829,0.0005120999
18830,0.0005664168
18831,0.00102326
18832,0.00102326
18833,0.001010885
18834,0.001010885
18835,0.001024153
18836,0.001024153
18837,0.0005170451
18838,0.001023266
18839,0.001023266
18840,0.0005274015
18841,0.0005120999
18842,0.0005120999
18843,0.0005120999
18844,0.0005120999
18845,0.0007255986
18846,0.0007255985
18847,0.0005120999
18848,0.0005120999
18849,0.001001882
18850,0.001001966
18851,0.001024073
18852,0.001024073
18853,0.001008487
18854,0.001023406
18855,0.001008178
18856,0.001023532
18857,0.001023533
18858,0.001023406
18859,0.0005168128
18860,0.0005121253
18861,0.0005142683
18862,0.000539489
18863,0.0005398693
18864,0.0008273693
18865,0.0005734107
18866,0.0005422194
18867,0.0005667224
18868,0.0005343484
18869,0.0005563843
18870,0.0005184776
18871,0.001023309
18872,0.001023309
18873,0.0005163393
18874,0.0009530633
18875,0.0009530633
18876,0.001025336
18877,0.001025348
18878,0.001030847
18879,0.001030843
18880,0.001023896
18881,0.0005329639
18882,0.001023896
18883,0.001026129
18884,0.001026126
18885,0.0005148334
18886,0.0005154136
18887,0.0005148316
18888,0.0005124
18889,0.001023852
18890,0.001023852
18891,0.001023904
18892,0.001023905
18893,0.0005176403
18894,0.0005124832
18895,0.0005121884
18896,0.0005127765
18897,0.0005120999
18898,0.0005120999
18899,0.0005120999
18900,0.001029235
18901,0.001029241
18902,0.0005806459
18903,0.0005806459
18904,0.0005120999
18905,0.0005120999
18906,0.0005120999
18907,0.001023639
18908,0.0009199358
18909,0.0009198983
18910,0.001025175
18911,0.001023639
18912,0.001025184
18913,0.0008515029
18914,0.0008515029
18915,0.001020821
18916,0.00101891
18917,0.001018857
18918,0.001020821
18919,0.0005529464
18920,0.0005172276
18921,0.000517679
18922,0.0005440362
18923,0.0005173574
18924,0.0005214812
18925,0.0005476332
18926,0.0005120999
18927,0.0005238146
18928,0.0005121176
18929,0.0005219384
18930,0.0005231381
18931,0.0005219384
18932,0.0005120999
18933,0.0005601667
18934,0.001024291
18935,0.001024286
18936,0.0006093754
18937,0.0005673324
18938,0.0005120999
18939,0.0005120999
18940,0.001022873
18941,0.001023812
18942,0.001022873
18943,0.001023812
18944,0.001006795
18945,0.001005789
18946,0.0005586034
18947,0.0005316549
18948,0.0007246835
18949,0.0005986508
18950,0.0005400492
18951,0.0005345577
18952,0.0007036165
18953,0.0005137778
18954,0.0005211789
18955,0.0005212971
18956,0.0005146736
18957,0.0005249511
18958,0.0005176653
18959,0.0005235888
18960,0.0005135629
18961,0.0005387622
18962,0.0005456113
18963,0.0005169305
18964,0.0005369853
18965,0.0005120999
18966,0.0005152849
18967,0.0005169305
18968,0.0005120999
18969,0.0006371932
18970,0.0005159094
18971,0.0005262516
18972,0.0006021524
18973,0.0005545034
18974,0.0005120999
18975,0.0005120999
18976,0.0005120999
18977,0.001024267
18978,0.001024264
18979,0.001027063
18980,0.001027059
18981,0.0009968715
18982,0.0009968715
18983,0.0005232397
18984,0.0005904498
18985,0.001036807
18986,0.0005572792
18987,0.00103679
18988,0.0006176805
18989,0.0006448571
18990,0.0005151588
18991,0.001022495
18992,0.0006059541
18993,0.0005174003
18994,0.0005192725
18995,0.001023852
18996,0.0005251032
18997,0.001023852
18998,0.001022495
18999,0.0005136293
19000,0.0005150985
19001,0.001018669
19002,0.0005366321
19003,0.001021624
19004,0.0005149077
19005,0.001018669
19006,0.001021624
19007,0.0005163637
19008,0.0005307515
19009,0.0005120999
19010,0.001023907
19011,0.001023907
19012,0.001026549
19013,0.0005335991
19014,0.001026534
19015,0.0005199098
19016,0.0006636509
19017,0.0005174745
19018,0.0005120999
19019,0.001023745
19020,0.001023745
19021,0.0005960633
19022,0.0005898974
19023,0.0005398833
19024,0.0006626368
19025,0.0005399413
19026,0.0006281632
19027,0.0006632257
19028,0.0006275692
19029,0.0005960379
19030,0.0006173852
19031,0.0006155156
19032,0.0005556941
19033,0.000558294
19034,0.001019922
19035,0.001019941
19036,0.0006094377
19037,0.0007052058
19038,0.0005356194
19039,0.000610861
19040,0.001023881
19041,0.001023881
19042,0.0005696325
19043,0.0005538876
19044,0.0005198518
19045,0.0005443004
19046,0.0005733204
19047,0.0005316992
19048,0.0005371903
19049,0.0005679345
19050,0.0005121092
19051,0.0005125948
19052,0.0005191379
19053,0.0005120999
19054,0.0005322375
19055,0.000560474
19056,0.0005549572
19057,0.0006547467
19058,0.0005183103
19059,0.0005133675
19060,0.0006547467
19061,0.0005123548
19062,0.0005120999
19063,0.0005120999
19064,0.001022525
19065,0.001022525
19066,0.001023738
19067,0.001023738
19068,0.0005365467
19069,0.001030916
19070,0.0005948364
19071,0.001030477
19072,0.0009599997
19073,0.001031509
19074,0.001031516
19075,0.0005247894
19076,0.0005181049
19077,0.0005193119
19078,0.0009599997
19079,0.0006021899
19080,0.0005120999
19081,0.00102386
19082,0.0006005151
19083,0.001024049
19084,0.001024049
19085,0.000600553
19086,0.0009561207
19087,0.001023859
19088,0.0009561207
19089,0.0009992422
19090,0.0009992422
19091,0.0005523374
19092,0.0005333981
19093,0.0005314855
19094,0.0005163254
19095,0.00051903
19096,0.0005156954
19097,0.0005122996
19098,0.0005153246
19099,0.0005122249
19100,0.0005120999
19101,0.0005129924
19102,0.0005120999
19103,0.00101675
19104,0.001022291
19105,0.001022292
19106,0.001023945
19107,0.001023945
19108,0.00101675
19109,0.0005120999
19110,0.0005120999
19111,0.0005497723
19112,0.0005227797
19113,0.0005290824
19114,0.0005237047
19115,0.000542171
19116,0.0005179216
19117,0.0005291957
19118,0.000545134
19119,0.0005324482
19120,0.0005222433
19121,0.0005235368
19122,0.0005120999
19123,0.0005912148
19124,0.0005122898
19125,0.0005491829
19126,0.0005820968
19127,0.0005425689
19128,0.0005120999
19129,0.001023772
19130,0.000560798
19131,0.001023772
19132,0.0005185029
19133,0.0006254222
19134,0.0005297114
19135,0.0005122901
19136,0.0005120999
19137,0.0006036292
19138,0.0006036221
19139,0.001023906
19140,0.001023906
19141,0.00102268
19142,0.001022681
19143,0.001022785
19144,0.001022785
19145,0.0005120999
19146,0.0005120999
19147,0.0006382851
19148,0.0006203434
19149,0.0006367249
19150,0.0006200363
19151,0.0006085296
19152,0.001023543
19153,0.001023543
19154,0.0005129548
19155,0.0005120999
19156,0.0005129548
19157,0.0005120999
19158,0.0007013903
19159,0.000614901
19160,0.0007013903
19161,0.00102395
19162,0.001032677
19163,0.001032496
19164,0.001023951
19165,0.001032508
19166,0.001032663
19167,0.001026918
19168,0.00102693
19169,0.0005122901
19170,0.0005460881
19171,0.0005120999
19172,0.001023758
19173,0.001023758
19174,0.001023909
19175,0.001023909
19176,0.0005120999
19177,0.0005120999
19178,0.0007039804
19179,0.0007039804
19180,0.001024312
19181,0.0005127929
19182,0.001024312
19183,0.001028664
19184,0.0005257881
19185,0.0005523783
19186,0.001027363
19187,0.0005205245
19188,0.001027349
19189,0.00102873
19190,0.0005120999
19191,0.0005120999
19192,0.001024009
19193,0.001024009
19194,0.001023909
19195,0.001022904
19196,0.0007174141
19197,0.0007168992
19198,0.001023909
19199,0.001022903
19200,0.0005120999
19201,0.0005120999
19202,0.0005120999
19203,0.0005120999
19204,0.0005532298
19205,0.001023786
19206,0.001023959
19207,0.001023959
19208,0.001023788
19209,0.001021499
19210,0.001021499
19211,0.0005120999
19212,0.0005120999
19213,0.001022148
19214,0.001022148
19215,0.001023768
19216,0.000645031
19217,0.001023769
19218,0.0006449614
19219,0.0007174816
19220,0.000717579
19221,0.0007151226
19222,0.0006911987
19223,0.0006911489
19224,0.0005123449
19225,0.0005171509
19226,0.0005120999
19227,0.001023833
19228,0.0006987127
19229,0.0006987265
19230,0.001023856
19231,0.001023856
19232,0.001023833
19233,0.0005288704
19234,0.0005138482
19235,0.0005364583
19236,0.0005376704
19237,0.0005209435
19238,0.0006067368
19239,0.0006067368
19240,0.0005120999
19241,0.0005120999
19242,0.0006730904
19243,0.001024361
19244,0.001024359
19245,0.001023947
19246,0.001023947
19247,0.0005747391
19248,0.0005746756
19249,0.0005120999
19250,0.0008709319
19251,0.001027826
19252,0.001027806
19253,0.001024796
19254,0.001024764
19255,0.0005206182
19256,0.001025703
19257,0.001025707
19258,0.0008708833
19259,0.0005120999
19260,0.0005882705
19261,0.0005986958
19262,0.0005830253
19263,0.001023834
19264,0.001023834
19265,0.0005120999
19266,0.0005120999
19267,0.001024011
19268,0.001024011
19269,0.0005120999
19270,0.0005120999
19271,0.001022674
19272,0.0008434286
19273,0.00073093
19274,0.001023522
19275,0.0007366335
19276,0.0008434367
19277,0.001022674
19278,0.001023522
19279,0.001024372
19280,0.00102437
19281,0.0005120999
19282,0.0005120999
19283,0.0007572969
19284,0.0007649222
19285,0.001023856
19286,0.001023856
19287,0.0005273637
19288,0.0005120999
19289,0.001024019
19290,0.001024019
19291,0.0005120999
19292,0.0005942061
19293,0.0005428506
19294,0.0006088879
19295,0.0006520342
19296,0.0006513431
19297,0.0005806407
19298,0.0005365122
19299,0.0005120999
19300,0.001023498
19301,0.001023498
19302,0.0005226512
19303,0.0005120999
19304,0.0005120999
19305,0.0005120999
19306,0.0005120999
19307,0.0005120999
19308,0.0005890231
19309,0.0006396428
19310,0.0006041373
19311,0.0006243742
19312,0.0005793123
19313,0.0006392945
19314,0.0006864294
19315,0.0005120999
19316,0.0005120999
19317,0.001026217
19318,0.001026207
19319,0.0005170472
19320,0.0005120999
19321,0.0005347084
19322,0.0005261441
19323,0.0005323569
19324,0.000517001
19325,0.0005263459
19326,0.0005120999
19327,0.0005120999
19328,0.0005120999
19329,0.0005120999
19330,0.001023964
19331,0.001023945
19332,0.0006674476
19333,0.001022953
19334,0.001023964
19335,0.001022953
19336,0.001023945
19337,0.0005773947
19338,0.0006874073
19339,0.0005120999
19340,0.0005120999
19341,0.0005551908
19342,0.0005272427
19343,0.0005161799
19344,0.001018458
19345,0.001030713
19346,0.001018458
19347,0.0005229394
19348,0.001030724
19349,0.0005120999
19350,0.0005158424
19351,0.0005563401
19352,0.0005152822
19353,0.0005334342
19354,0.001023922
19355,0.001023922
19356,0.0005199066
19357,0.0005148851
19358,0.0005125612
19359,0.0005120999
19360,0.0005122407
19361,0.0005120999
19362,0.0006433584
19363,0.0005697309
19364,0.000705845
19365,0.0006228262
19366,0.000581896
19367,0.0006440786
19368,0.000921355
19369,0.0005120999
19370,0.0005120999
19371,0.001023492
19372,0.00102326
19373,0.001023492
19374,0.00102326
19375,0.0005666181
19376,0.0005121632
19377,0.0005146305
19378,0.0005655738
19379,0.0005192505
19380,0.000515261
19381,0.0005120999
19382,0.0005120999
19383,0.001059173
19384,0.0007532164
19385,0.0009141608
19386,0.001059215
19387,0.0008996114
19388,0.001123926
19389,0.001123903
19390,0.0005120999
19391,0.0007137244
19392,0.0005184567
19393,0.0005905675
19394,0.0006009986
19395,0.0006438037
19396,0.0005274985
19397,0.0005341428
19398,0.0005277253
19399,0.0005206984
19400,0.0005154436
19401,0.001023912
19402,0.001023912
19403,0.0005248075
19404,0.0005331991
19405,0.0005120999
19406,0.0005120999
19407,0.0005120999
19408,0.0005120999
19409,0.0005877736
19410,0.001023509
19411,0.001023509
19412,0.0005166184
19413,0.0005120999
19414,0.0005360704
19415,0.0005466453
19416,0.0005261524
19417,0.0005216391
19418,0.0005359192
19419,0.0005130091
19420,0.0005424322
19421,0.000515509
19422,0.0005225514
19423,0.0005120999
19424,0.0005120999
19425,0.0005120999
19426,0.0005120999
19427,0.0005120999
19428,0.0005135448
19429,0.0005754384
19430,0.0005502912
19431,0.0005326726
19432,0.0005189346
19433,0.0005291717
19434,0.0005267829
19435,0.0005270696
19436,0.0005239967
19437,0.0005120999
19438,0.0005120999
19439,0.0006431093
19440,0.0005833519
19441,0.0007244791
19442,0.0005908233
19443,0.0007239846
19444,0.00110006
19445,0.001100019
19446,0.0006670274
19447,0.0005203845
19448,0.0005120999
19449,0.0005186464
19450,0.00102386
19451,0.00102386
19452,0.0005524349
19453,0.0005696155
19454,0.0005120999
19455,0.0005120999
19456,0.0005121743
19457,0.0005286132
19458,0.000513196
19459,0.000666277
19460,0.0005768901
19461,0.0005673795
19462,0.001023771
19463,0.0007059737
19464,0.0005128398
19465,0.0005132439
19466,0.001023771
19467,0.0005566422
19468,0.0005120999
19469,0.0005120999
19470,0.001023858
19471,0.001023858
19472,0.001024255
19473,0.001024253
19474,0.0005191146
19475,0.001023866
19476,0.001023867
19477,0.0005143346
19478,0.00051621
19479,0.0005120999
19480,0.0005120999
19481,0.0005120999
19482,0.001023892
19483,0.001023892
19484,0.0005120999
19485,0.0005582168
19486,0.0005205412
19487,0.000520449
19488,0.001023858
19489,0.0005165719
19490,0.0005151702
19491,0.0005382539
19492,0.001023858
19493,0.0005176296
19494,0.0005351818
19495,0.0005491272
19496,0.00054674
19497,0.0005120999
19498,0.0005120999
19499,0.0005120999
19500,0.0005120999
19501,0.0005319839
19502,0.0006063787
19503,0.0005270348
19504,0.0005230892
19505,0.0005172863
19506,0.0005152283
19507,0.001023444
19508,0.001023444
19509,0.000516547
19510,0.0006110845
19511,0.0005120999
19512,0.0005120999
19513,0.0005844986
19514,0.0005369224
19515,0.001022055
19516,0.0005846405
19517,0.001022053
19518,0.000530568
19519,0.0005120999
19520,0.0005120999
19521,0.0005120999
19522,0.0005120999
19523,0.001022815
19524,0.001022815
19525,0.0005120999
19526,0.0005124562
19527,0.000599655
19528,0.0005431188
19529,0.0005497381
19530,0.0005917268
19531,0.0005700638
19532,0.0005425451
19533,0.0005121314
19534,0.0005120999
19535,0.0005120999
19536,0.0005120999
19537,0.001045235
19538,0.0010323
19539,0.0005393794
19540,0.0005660953
19541,0.001045284
19542,0.001032282
19543,0.0005120999
19544,0.0005521117
19545,0.001020243
19546,0.001020243
19547,0.0005164532
19548,0.0005400488
19549,0.0005521117
19550,0.0005120999
19551,0.0005120999
19552,0.000587774
19553,0.001024208
19554,0.001024682
19555,0.001023815
19556,0.001023815
19557,0.001024208
19558,0.0005175894
19559,0.00102469
19560,0.001006342
19561,0.000656918
19562,0.000656918
19563,0.001006342
19564,0.0005120999
19565,0.0005120999
19566,0.0005120999
19567,0.0005120999
19568,0.00059306
19569,0.0006181402
19570,0.001023417
19571,0.0005134763
19572,0.00102385
19573,0.00102385
19574,0.001023417
19575,0.0005120999
19576,0.0005120999
19577,0.0006033322
19578,0.0006183265
19579,0.0009440908
19580,0.000872543
19581,0.0009522942
19582,0.0008938959
19583,0.000810041
19584,0.0008099794
19585,0.0005137585
19586,0.0005120999
19587,0.001023937
19588,0.0005297035
19589,0.0010237
19590,0.0005944361
19591,0.001023937
19592,0.0005927344
19593,0.001023701
19594,0.0005964749
19595,0.0005178415
19596,0.0005120999
19597,0.0005120999
19598,0.0006463637
19599,0.0005120999
19600,0.0005160192
19601,0.0005123701
19602,0.000512377
19603,0.001024576
19604,0.001017965
19605,0.001012318
19606,0.001012314
19607,0.001024576
19608,0.001017996
19609,0.001023639
19610,0.001023639
19611,0.0005434447
19612,0.001021849
19613,0.001021848
19614,0.001023613
19615,0.001023613
19616,0.0005137585
19617,0.000565729
19618,0.0005651807
19619,0.0006589276
19620,0.0005126963
19621,0.0006588604
19622,0.0005120999
19623,0.001023822
19624,0.00102469
19625,0.0005482415
19626,0.001024689
19627,0.0006352047
19628,0.0005535533
19629,0.0005481683
19630,0.001023822
19631,0.0005918494
19632,0.001023834
19633,0.001023834
19634,0.001023776
19635,0.001023776
19636,0.0005120999
19637,0.0005120999
19638,0.0005121403
19639,0.0005120999
19640,0.0005120999
19641,0.0005121403
19642,0.001022774
19643,0.001022672
19644,0.001027322
19645,0.001026026
19646,0.001027329
19647,0.001026003
19648,0.0005120999
19649,0.000514532
19650,0.0005408926
19651,0.0005120999
19652,0.0005406695
19653,0.0005120999
19654,0.001023852
19655,0.0005893867
19656,0.0005893403
19657,0.001023852
19658,0.001022674
19659,0.0005132648
19660,0.000528517
19661,0.001022672
19662,0.0005245782
19663,0.0005120999
19664,0.0005120999
19665,0.0005120999
19666,0.0005120999
19667,0.0005120999
19668,0.0005120999
19669,0.001031715
19670,0.0005609105
19671,0.001031692
19672,0.001041009
19673,0.001040982
19674,0.0005120999
19675,0.0005211404
19676,0.0005120999
19677,0.0005211404
19678,0.0005120999
19679,0.001023829
19680,0.0005268811
19681,0.001023829
19682,0.001022472
19683,0.0006197488
19684,0.0005946157
19685,0.001023666
19686,0.001023666
19687,0.000625567
19688,0.001022472
19689,0.0005933258
19690,0.001024046
19691,0.001024046
19692,0.0005120999
19693,0.0005120999
19694,0.0006033271
19695,0.001035937
19696,0.001035987
19697,0.0005120999
19698,0.000646326
19699,0.000646326
19700,0.0005120999
19701,0.0005120999
19702,0.0005120999
19703,0.0005120999
19704,0.0005120999
19705,0.0005317887
19706,0.0005392188
19707,0.001023564
19708,0.0005400681
19709,0.0005243591
19710,0.0005249434
19711,0.0005302023
19712,0.0005494551
19713,0.0005402409
19714,0.001023564
19715,0.000580436
19716,0.0005120999
19717,0.0005121455
19718,0.0005120999
19719,0.0005325906
19720,0.0005120999
19721,0.001054234
19722,0.001046419
19723,0.001046677
19724,0.0005787793
19725,0.001054098
19726,0.001023767
19727,0.001023767
19728,0.001523739
19729,0.00151349
19730,0.001524427
19731,0.0005120999
19732,0.0005120999
19733,0.0005120999
19734,0.001032548
19735,0.001032545
19736,0.0007454738
19737,0.0007454738
19738,0.001032257
19739,0.00103228
19740,0.0005120999
19741,0.0005120999
19742,0.0007292409
19743,0.00052172
19744,0.0005494162
19745,0.0007288054
19746,0.0005160925
19747,0.001023177
19748,0.000517563
19749,0.0005160737
19750,0.001023177
19751,0.0005174242
19752,0.0005120999
19753,0.000535808
19754,0.0005120999
19755,0.001039031
19756,0.001039048
19757,0.001036507
19758,0.0005533642
19759,0.001036498
19760,0.0006156865
19761,0.0006288611
19762,0.001018559
19763,0.0010086
19764,0.001018558
19765,0.001016054
19766,0.001008602
19767,0.0005341743
19768,0.001016079
19769,0.00102343
19770,0.00102343
19771,0.0005120999
19772,0.0005120999
19773,0.0005120999
19774,0.0005120999
19775,0.0006225315
19776,0.001023908
19777,0.0005381081
19778,0.0005464996
19779,0.0005279891
19780,0.001023908
19781,0.0005154151
19782,0.0005340317
19783,0.000610435
19784,0.0005359868
19785,0.0006065798
19786,0.001024007
19787,0.0005563461
19788,0.001024007
19789,0.0005121439
19790,0.0005120999
19791,0.001017053
19792,0.001017038
19793,0.001024422
19794,0.001024423
19795,0.0005419699
19796,0.0005322647
19797,0.001023488
19798,0.001023488
19799,0.0005437849
19800,0.0005795019
19801,0.0005957576
19802,0.0006001429
19803,0.0005704824
19804,0.0005365674
19805,0.0006245259
19806,0.0006649972
19807,0.0005683848
19808,0.0005120999
19809,0.0005120999
19810,0.0005120999
19811,0.0005445995
19812,0.0005444818
19813,0.0005920775
19814,0.0005943642
19815,0.0005163836
19816,0.0005217629
19817,0.0005488739
19818,0.001023546
19819,0.001023546
19820,0.0005391693
19821,0.0005120999
19822,0.0005120999
19823,0.0005120999
19824,0.001046358
19825,0.001046379
19826,0.001034252
19827,0.0005830032
19828,0.001034241
19829,0.0006133589
19830,0.001013654
19831,0.0005872175
19832,0.0005998862
19833,0.001013654
19834,0.001535711
19835,0.00153592
19836,0.001535755
19837,0.0005154861
19838,0.0005128661
19839,0.0005258461
19840,0.00102393
19841,0.0005590743
19842,0.0005244073
19843,0.0005160454
19844,0.0005187119
19845,0.0005121206
19846,0.00102393
19847,0.0005127441
19848,0.0005120999
19849,0.0005120999
19850,0.0005120999
19851,0.0005120999
19852,0.0005455384
19853,0.0005325536
19854,0.0005410781
19855,0.0005264849
19856,0.0005271494
19857,0.0005455866
19858,0.0005413136
19859,0.00071625
19860,0.0007162289
19861,0.0005145696
19862,0.0005165155
19863,0.0005193187
19864,0.0005121045
19865,0.0005120999
19866,0.0005120999
19867,0.0005120999
19868,0.0005120999
19869,0.0005120999
19870,0.0005578843
19871,0.001032919
19872,0.000640118
19873,0.001032904
19874,0.0005857655
19875,0.0006287291
19876,0.0007313074
19877,0.0005120999
19878,0.00102274
19879,0.001024632
19880,0.001009924
19881,0.001009924
19882,0.00102274
19883,0.001024636
19884,0.001023203
19885,0.001074149
19886,0.001074143
19887,0.0006130462
19888,0.001023203
19889,0.0005319281
19890,0.0005327498
19891,0.0005327487
19892,0.0005289422
19893,0.0006300228
19894,0.001023662
19895,0.001023662
19896,0.0005120999
19897,0.0005120999
19898,0.0005120999
19899,0.0005120999
19900,0.0005120999
19901,0.0005120999
19902,0.0005120999
19903,0.0005120999
19904,0.0005499357
19905,0.0005462329
19906,0.001023269
19907,0.0005248077
19908,0.00102401
19909,0.0005253344
19910,0.0005754539
19911,0.001023269
19912,0.0005331856
19913,0.0005800392
19914,0.000799382
19915,0.000799382
19916,0.00102401
19917,0.001023749
19918,0.001023749
19919,0.0005120999
19920,0.0005829871
19921,0.0005183353
19922,0.0005120999
19923,0.0005245704
19924,0.0005120999
19925,0.001019908
19926,0.001019908
19927,0.000655118
19928,0.001031583
19929,0.0006103709
19930,0.001031573
19931,0.001025089
19932,0.00102509
19933,0.001023616
19934,0.001021537
19935,0.000994373
19936,0.001023616
19937,0.001023378
19938,0.001023378
19939,0.000994373
19940,0.001021537
19941,0.0005898714
19942,0.0005367537
19943,0.0005190563
19944,0.000536719
19945,0.0005399924
19946,0.000514971
19947,0.001023462
19948,0.001023462
19949,0.0005120999
19950,0.0005120999
19951,0.0005120999
19952,0.001018711
19953,0.001018767
19954,0.001020255
19955,0.0005132403
19956,0.001020255
19957,0.0005124489
19958,0.0005120999
19959,0.001023558
19960,0.001023844
19961,0.001023844
19962,0.0007015286
19963,0.001023558
19964,0.0007026136
19965,0.0005122711
19966,0.0005137148
19967,0.0005245704
19968,0.0005121183
19969,0.0005120999
19970,0.0005121001
19971,0.0005204501
19972,0.0005169196
19973,0.0006280782
19974,0.0006144023
19975,0.001039953
19976,0.001039978
19977,0.001024356
19978,0.0006084202
19979,0.001024349
19980,0.001013598
19981,0.0008187212
19982,0.001013601
19983,0.001021855
19984,0.001021855
19985,0.0008184983
19986,0.001027836
19987,0.001023975
19988,0.001023975
19989,0.001027844
19990,0.0005422491
19991,0.0005163823
19992,0.001022967
19993,0.0005898722
19994,0.0005280873
19995,0.001022967
19996,0.0005422534
19997,0.001023833
19998,0.001023833
19999,0.0005191832
20000,0.0005313723
20001,0.0005121044
20002,0.0005120999
20003,0.0005120999
20004,0.0005120999
20005,0.0005120999
20006,0.001041965
20007,0.001023724
20008,0.001023724
20009,0.0007845921
20010,0.001041846
20011,0.000582076
20012,0.001023561
20013,0.001023559
20014,0.001023809
20015,0.001023809
20016,0.001022076
20017,0.001022077
20018,0.0005178751
20019,0.001054525
20020,0.001023672
20021,0.001054496
20022,0.001023676
20023,0.0005380849
20024,0.0005236726
20025,0.0005850863
20026,0.0005488478
20027,0.0005435285
20028,0.0005148386
20029,0.0005596104
20030,0.0005121683
20031,0.0005192861
20032,0.0005317436
20033,0.0005686018
20034,0.0005512335
20035,0.0005120999
20036,0.0005120999
20037,0.0005120999
20038,0.0005120999
20039,0.0005120999
20040,0.0005929594
20041,0.0005658991
20042,0.001030356
20043,0.0005612333
20044,0.001023873
20045,0.001030343
20046,0.0005876395
20047,0.001023869
20048,0.001023736
20049,0.001023736
20050,0.001021728
20051,0.001021727
20052,0.001019489
20053,0.001019489
20054,0.001023651
20055,0.0008818548
20056,0.0008806984
20057,0.0005868733
20058,0.001023652
20059,0.001023641
20060,0.001023645
20061,0.001030951
20062,0.001030952
20063,0.0005240834
20064,0.0005455004
20065,0.0005236723
20066,0.0005248343
20067,0.0005163705
20068,0.0005691256
20069,0.0005251489
20070,0.0005120999
20071,0.0005124208
20072,0.0005127055
20073,0.0005127058
20074,0.0005120999
20075,0.0005120999
20076,0.0005120999
20077,0.0005945973
20078,0.001044105
20079,0.0005537285
20080,0.0005820287
20081,0.001024661
20082,0.001024671
20083,0.001044172
20084,0.001021418
20085,0.001030072
20086,0.0010301
20087,0.001021418
20088,0.001023515
20089,0.0005471797
20090,0.0006055195
20091,0.001023515
20092,0.000584283
20093,0.0006429005
20094,0.0005225466
20095,0.001024586
20096,0.0005165036
20097,0.0005213207
20098,0.0005358825
20099,0.0005269077
20100,0.0005140612
20101,0.0005326974
20102,0.0005340726
20103,0.001024584
20104,0.000543177
20105,0.0005145841
20106,0.0005120999
20107,0.0005120999
20108,0.0005120999
20109,0.0005120999
20110,0.00103451
20111,0.001034506
20112,0.0005120999
20113,0.0005120999
20114,0.0005120999
20115,0.0005120999
20116,0.0005120999
20117,0.001024212
20118,0.001032146
20119,0.001032178
20120,0.0006322087
20121,0.001024212
20122,0.0005761716
20123,0.000835697
20124,0.0008349008
20125,0.000589569
20126,0.001013784
20127,0.001013766
20128,0.0005702437
20129,0.0005126134
20130,0.0005431733
20131,0.0005654533
20132,0.0005534975
20133,0.0005175241
20134,0.0006915843
20135,0.001023947
20136,0.001023946
20137,0.0006220132
20138,0.0005647915
20139,0.0005714434
20140,0.0005499364
20141,0.0005595143
20142,0.0006015592
20143,0.0006352792
20144,0.0006193651
20145,0.0007173349
20146,0.0007911043
20147,0.001029516
20148,0.0009025394
20149,0.0006361558
20150,0.000871261
20151,0.0005120999
20152,0.0005187349
20153,0.0005120999
20154,0.0005323315
20155,0.0005154548
20156,0.00102358
20157,0.00102358
20158,0.0005123548
20159,0.0005120999
20160,0.0005120999
20161,0.0005120999
20162,0.001035864
20163,0.001035748
20164,0.0006496698
20165,0.0005467915
20166,0.0006430111
20167,0.0005334425
20168,0.001023897
20169,0.0005976197
20170,0.0005974494
20171,0.001023849
20172,0.001023849
20173,0.001023897
20174,0.0005439069
20175,0.0005126139
20176,0.0006074967
20177,0.0007237107
20178,0.0005654263
20179,0.0006096064
20180,0.0005588874
20181,0.0005121
20182,0.0006942715
20183,0.0007323711
20184,0.0005257431
20185,0.000538087
20186,0.0005750109
20187,0.0007300394
20188,0.001028807
20189,0.0005126804
20190,0.001028854
20191,0.0007618524
20192,0.001025069
20193,0.0005313074
20194,0.0005851174
20195,0.001025063
20196,0.00102526
20197,0.001033631
20198,0.00102526
20199,0.00103363
20200,0.0005851167
20201,0.0005120999
20202,0.0005120999
20203,0.0005120999
20204,0.001030059
20205,0.001021189
20206,0.0005888288
20207,0.001030031
20208,0.0006192547
20209,0.0005369589
20210,0.001021276
20211,0.0005274544
20212,0.0006464136
20213,0.000812898
20214,0.001021907
20215,0.001021907
20216,0.0008182396
20217,0.0006729243
20218,0.0005474605
20219,0.0005523374
20220,0.0008159718
20221,0.0008159718
20222,0.0005230482
20223,0.0005239179
20224,0.000526758
20225,0.0005723069
20226,0.001024012
20227,0.0008389214
20228,0.0005282044
20229,0.0008390238
20230,0.000524836
20231,0.0005282044
20232,0.001024013
20233,0.0005262298
20234,0.0005799133
20235,0.0005518471
20236,0.001023517
20237,0.0005851913
20238,0.0005615157
20239,0.0005663052
20240,0.001023517
20241,0.0005794015
20242,0.0005760844
20243,0.0005120999
20244,0.0005120999
20245,0.0005120999
20246,0.0005120999
20247,0.0005120999
20248,0.0005120999
20249,0.0005120999
20250,0.001410973
20251,0.001049942
20252,0.00145416
20253,0.000578285
20254,0.0005939354
20255,0.001465545
20256,0.0005625028
20257,0.001049956
20258,0.001028276
20259,0.0008520824
20260,0.0008520824
20261,0.001028276
20262,0.0005613883
20263,0.0005540632
20264,0.00102404
20265,0.001024039
20266,0.0005124142
20267,0.0005129953
20268,0.0005189091
20269,0.0005499867
20270,0.001023879
20271,0.0005373463
20272,0.000540651
20273,0.001023907
20274,0.001023879
20275,0.001023906
20276,0.0005171011
20277,0.001045715
20278,0.001045738
20279,0.0005197737
20280,0.0005180032
20281,0.0005507954
20282,0.0005521801
20283,0.0005327166
20284,0.0005619506
20285,0.001025136
20286,0.001025137
20287,0.0005158628
20288,0.000518714
20289,0.0005128547
20290,0.0005120999
20291,0.0005120999
20292,0.0005120999
20293,0.001416616
20294,0.0005711215
20295,0.001317276
20296,0.001412923
20297,0.0007164517
20298,0.0005230787
20299,0.001016629
20300,0.001024566
20301,0.001024566
20302,0.001016623
20303,0.0005120999
20304,0.0005129953
20305,0.0005120999
20306,0.0005120999
20307,0.0005125006
20308,0.0005146872
20309,0.0005128685
20310,0.001023934
20311,0.001023655
20312,0.001024143
20313,0.001024142
20314,0.001023933
20315,0.001023655
20316,0.0005222541
20317,0.0005796952
20318,0.0005120999
20319,0.0005437714
20320,0.0005459893
20321,0.000579409
20322,0.0005592754
20323,0.0005836583
20324,0.0006058002
20325,0.0005120999
20326,0.0005120999
20327,0.0005120999
20328,0.0005120999
20329,0.0005120999
20330,0.0005120999
20331,0.001316848
20332,0.002572652
20333,0.001311567
20334,0.001052033
20335,0.003164871
20336,0.001635628
20337,0.001311401
20338,0.003145947
20339,0.003165215
20340,0.001635428
20341,0.002783327
20342,0.002637067
20343,0.001052018
20344,0.001402914
20345,0.003165253
20346,0.001412973
20347,0.0005320616
20348,0.0010256
20349,0.0005121821
20350,0.0005322669
20351,0.0005271851
20352,0.001025597
20353,0.0005120999
20354,0.0006865556
20355,0.0006630715
20356,0.0006710726
20357,0.0006606015
20358,0.0005155313
20359,0.0005475981
20360,0.0005707512
20361,0.0005121095
20362,0.0005126506
20363,0.0005120999
20364,0.0005120999
20365,0.0005120999
20366,0.0005120999
20367,0.0005120999
20368,0.001339846
20369,0.001093927
20370,0.001248975
20371,0.001340754
20372,0.0007435714
20373,0.002496138
20374,0.002496271
20375,0.001068018
20376,0.001023476
20377,0.001023476
20378,0.001309326
20379,0.002496371
20380,0.0005315393
20381,0.001094012
20382,0.00133965
20383,0.0008135512
20384,0.0008185943
20385,0.0006094444
20386,0.0006167458
20387,0.0006021853
20388,0.0005150083
20389,0.0006053175
20390,0.0005669259
20391,0.0005120999
20392,0.0005120999
20393,0.0005120999
20394,0.0005170059
20395,0.0006143368
20396,0.0006202619
20397,0.0005373113
20398,0.001023854
20399,0.001023854
20400,0.0005257147
20401,0.001024721
20402,0.001024729
20403,0.0005153752
20404,0.0005567094
20405,0.0005120999
20406,0.0005120999
20407,0.001023729
20408,0.0005754123
20409,0.0005432402
20410,0.0005435958
20411,0.001023731
20412,0.0005126841
20413,0.0005120999
20414,0.0005120999
20415,0.001032722
20416,0.001032741
20417,0.001081032
20418,0.0006311782
20419,0.001080971
20420,0.0005339714
20421,0.0005904841
20422,0.0005460877
20423,0.0007150547
20424,0.0006046994
20425,0.001024678
20426,0.001024675
20427,0.000516906
20428,0.0005120999
20429,0.0005120999
20430,0.0005178811
20431,0.0005126449
20432,0.0007169506
20433,0.0005472498
20434,0.0005765978
20435,0.0005317222
20436,0.0005194232
20437,0.0007162415
20438,0.0005126449
20439,0.0005189735
20440,0.0006093518
20441,0.0006100334
20442,0.0005145661
20443,0.0005120999
20444,0.0005120999
20445,0.0005120999
20446,0.0005640016
20447,0.0005211133
20448,0.0005647736
20449,0.001024867
20450,0.001024866
20451,0.0005166173
20452,0.0005120999
20453,0.0005120999
20454,0.0005120999
20455,0.000641241
20456,0.0006628808
20457,0.00102103
20458,0.0006601586
20459,0.0009946987
20460,0.0005743379
20461,0.0006459385
20462,0.0006519774
20463,0.0005122473
20464,0.0006744213
20465,0.0005682877
20466,0.0005610132
20467,0.0005303667
20468,0.0005120999
20469,0.0005120999
20470,0.0005120999
20471,0.0006537464
20472,0.0006537753
20473,0.001013366
20474,0.0005772384
20475,0.001023944
20476,0.001023944
20477,0.0005262564
20478,0.001013366
20479,0.0005128286
20480,0.0005937348
20481,0.0006041006
20482,0.0005120999
20483,0.0005120999
20484,0.0006280047
20485,0.001081097
20486,0.001081076
20487,0.0005170248
20488,0.001023822
20489,0.001023822
20490,0.000578835
20491,0.00102394
20492,0.0005141098
20493,0.001023861
20494,0.00102394
20495,0.001023861
20496,0.0005856883
20497,0.0005283982
20498,0.0005230618
20499,0.0005230618
20500,0.0005120999
20501,0.0005120999
20502,0.0005120999
20503,0.000629214
20504,0.000651976
20505,0.0009817954
20506,0.0009982159
20507,0.0005530295
20508,0.0007014808
20509,0.0005634815
20510,0.001023859
20511,0.0005684317
20512,0.0006241836
20513,0.0006115022
20514,0.0005342656
20515,0.0005338112
20516,0.001023859
20517,0.0005120999
20518,0.0005120999
20519,0.0005120999
20520,0.0010232
20521,0.001023835
20522,0.001023858
20523,0.001023202
20524,0.001023835
20525,0.001023857
20526,0.0005157951
20527,0.0005303001
20528,0.0008034043
20529,0.0005410069
20530,0.0007959687
20531,0.0005125618
20532,0.0005480488
20533,0.0005419257
20534,0.0005375408
20535,0.0005601019
20536,0.0005120999
20537,0.001020826
20538,0.000560161
20539,0.0005121004
20540,0.0005120999
20541,0.0005131958
20542,0.001023837
20543,0.0005566308
20544,0.0005557641
20545,0.0005977788
20546,0.0007113385
20547,0.0006378838
20548,0.001023836
20549,0.0005489498
20550,0.0005120999
20551,0.0005279487
20552,0.0005391382
20553,0.0006580066
20554,0.0006462808
20555,0.0007040082
20556,0.0005834789
20557,0.0005966331
20558,0.0006446556
20559,0.001020795
20560,0.0005837575
20561,0.0006297665
20562,0.0006286252
20563,0.0006213907
20564,0.0005695201
20565,0.001020794
20566,0.0005466183
20567,0.0005120999
20568,0.0005120999
20569,0.0005223948
20570,0.0005614248
20571,0.0005604319
20572,0.0005403127
20573,0.0005121198
20574,0.0005124426
20575,0.0005165474
20576,0.0005124227
20577,0.0005121799
20578,0.0005226512
20579,0.0005121799
20580,0.0005120999
20581,0.0005129441
20582,0.0005648724
20583,0.0005139632
20584,0.0005649839
20585,0.0005660924
20586,0.0005398098
20587,0.0005156702
20588,0.0005404382
20589,0.0005144359
20590,0.0005120999
20591,0.0005120999
20592,0.0005121601
20593,0.0005744338
20594,0.001049681
20595,0.001061297
20596,0.001061313
20597,0.0005414918
20598,0.001049904
20599,0.0005475254
20600,0.0006733677
20601,0.0006924524
20602,0.0006996957
20603,0.0006707745
20604,0.0005458602
20605,0.001024047
20606,0.001024047
20607,0.0005120999
20608,0.0005120999
20609,0.0005120999
20610,0.001023751
20611,0.001023751
20612,0.0006300645
20613,0.001023603
20614,0.001023603
20615,0.000547014
20616,0.0005125151
20617,0.0005153649
20618,0.0005475002
20619,0.0005180868
20620,0.0006325657
20621,0.001023867
20622,0.001023866
20623,0.0005120999
20624,0.0005120999
20625,0.0005885198
20626,0.0005905059
20627,0.001023698
20628,0.0005268701
20629,0.0005925373
20630,0.0005268478
20631,0.001023698
20632,0.0005577952
20633,0.0005120999
20634,0.0005120999
20635,0.0005120999
20636,0.0005892001
20637,0.001027783
20638,0.0005696053
20639,0.0005370497
20640,0.00102775
20641,0.001020145
20642,0.001020328
20643,0.0007014971
20644,0.0006697708
20645,0.0005676074
20646,0.0006035027
20647,0.0005701737
20648,0.0006877506
20649,0.0005886802
20650,0.0006215355
20651,0.0005120999
20652,0.001023983
20653,0.001023983
20654,0.0005120999
20655,0.0005120999
20656,0.0005121005
20657,0.0005781982
20658,0.0005133504
20659,0.0005932383
20660,0.0005360735
20661,0.0005811264
20662,0.001023719
20663,0.001023719
20664,0.0005121001
20665,0.0005142381
20666,0.000535512
20667,0.00102395
20668,0.00102395
20669,0.0005146146
20670,0.0005120999
20671,0.0005120999
20672,0.0005122891
20673,0.0005148863
20674,0.000536854
20675,0.0005135245
20676,0.0005683199
20677,0.0005616568
20678,0.0005432118
20679,0.0005148525
20680,0.0005120999
20681,0.0005120999
20682,0.00124737
20683,0.001094352
20684,0.00109442
20685,0.001039032
20686,0.001251161
20687,0.0005893813
20688,0.001251189
20689,0.001039013
20690,0.001246879
20691,0.0005326665
20692,0.0005831823
20693,0.000615766
20694,0.000720395
20695,0.0006429008
20696,0.0007969359
20697,0.0006074168
20698,0.0005120999
20699,0.0005120999
20700,0.0006559229
20701,0.0005518741
20702,0.0005338474
20703,0.0005684032
20704,0.0005736611
20705,0.0005427194
20706,0.0005239689
20707,0.0006527855
20708,0.0005510831
20709,0.001018386
20710,0.001018386
20711,0.0005120999
20712,0.0005120999
20713,0.000526107
20714,0.001024019
20715,0.0006053081
20716,0.0005793267
20717,0.0006057441
20718,0.0005729108
20719,0.0005276483
20720,0.001021646
20721,0.0005801001
20722,0.001021646
20723,0.001024019
20724,0.000512101
20725,0.0005134459
20726,0.000517128
20727,0.0005180085
20728,0.0005129167
20729,0.0005120999
20730,0.0005120999
20731,0.0008408084
20732,0.0005244177
20733,0.0005125014
20734,0.0008406053
20735,0.0005259843
20736,0.0005120999
20737,0.00235244
20738,0.002352013
20739,0.001434396
20740,0.002047139
20741,0.002178143
20742,0.001434159
20743,0.002351025
20744,0.001312818
20745,0.001023374
20746,0.001094903
20747,0.001023373
20748,0.0009144829
20749,0.001094217
20750,0.0005626345
20751,0.0007288643
20752,0.0005147696
20753,0.0006941996
20754,0.0005125908
20755,0.0005131669
20756,0.001030441
20757,0.001030456
20758,0.0007143534
20759,0.0007147562
20760,0.001024148
20761,0.001024149
20762,0.0005299424
20763,0.0005372469
20764,0.0005136396
20765,0.0005126611
20766,0.0005134513
20767,0.0005895593
20768,0.0005338226
20769,0.0005218513
20770,0.0005895584
20771,0.001023573
20772,0.001023573
20773,0.0005120999
20774,0.0008925806
20775,0.0005135016
20776,0.0005272745
20777,0.001024333
20778,0.000513046
20779,0.001024332
20780,0.0008925764
20781,0.001028945
20782,0.001028934
20783,0.0005120999
20784,0.0005120999
20785,0.0005221295
20786,0.0005647077
20787,0.0007974581
20788,0.0005325134
20789,0.000796696
20790,0.0005795376
20791,0.0005268926
20792,0.000512407
20793,0.0005190482
20794,0.0005145707
20795,0.0005205655
20796,0.0005497466
20797,0.0005181996
20798,0.0005341182
20799,0.0005341182
20800,0.001023067
20801,0.001023698
20802,0.001023698
20803,0.001023067
20804,0.0005120999
20805,0.0005120999
20806,0.0005599931
20807,0.001026932
20808,0.0006335478
20809,0.001026922
20810,0.0006267572
20811,0.000514497
20812,0.0005191667
20813,0.000545705
20814,0.000513012
20815,0.001024198
20816,0.001024198
20817,0.0005120999
20818,0.0007332462
20819,0.0005604519
20820,0.000512271
20821,0.0007332462
20822,0.000966066
20823,0.001027432
20824,0.001027449
20825,0.0009731156
20826,0.0005172397
20827,0.0005633585
20828,0.0005170716
20829,0.0008072101
20830,0.0008068924
20831,0.001023718
20832,0.001023403
20833,0.001023718
20834,0.001023403
20835,0.0005485434
20836,0.0005139422
20837,0.000513736
20838,0.0005400869
20839,0.0005153524
20840,0.000514899
20841,0.0005243819
20842,0.0005198736
20843,0.0005290096
20844,0.0005209396
20845,0.0005120999
20846,0.0007493506
20847,0.000512974
20848,0.001023207
20849,0.0007392569
20850,0.001023207
20851,0.0005923421
20852,0.0005204642
20853,0.000524729
20854,0.0007469981
20855,0.0005121327
20856,0.0007147284
20857,0.0007470455
20858,0.0005121146
20859,0.0005120999
20860,0.0005169318
20861,0.0006250247
20862,0.0006308619
20863,0.0005929667
20864,0.001022587
20865,0.0005929652
20866,0.000550189
20867,0.001022587
20868,0.0005182818
20869,0.0005687471
20870,0.000632263
20871,0.00101876
20872,0.0007492339
20873,0.001023603
20874,0.0007533692
20875,0.0006323773
20876,0.0005754116
20877,0.0005159703
20878,0.00101876
20879,0.001023603
20880,0.0005713597
20881,0.0005181682
20882,0.0007030667
20883,0.0005188271
20884,0.0005616653
20885,0.0005150989
20886,0.0005199583
20887,0.0005381776
20888,0.0005243741
20889,0.000540421
20890,0.0005210959
20891,0.0005120999
20892,0.0005120999
20893,0.0005120999
20894,0.001022523
20895,0.001024204
20896,0.001024212
20897,0.001023205
20898,0.001022528
20899,0.001023205
20900,0.0005120999
20901,0.0005252185
20902,0.0005406
20903,0.001024605
20904,0.001023812
20905,0.0005944058
20906,0.00102461
20907,0.001023812
20908,0.000580504
20909,0.0005615004
20910,0.001025717
20911,0.0005812473
20912,0.001025725
20913,0.0005219556
20914,0.00102395
20915,0.0005219413
20916,0.001022591
20917,0.00102395
20918,0.001022591
20919,0.0005120999
20920,0.0009316581
20921,0.0005494498
20922,0.001023955
20923,0.001024243
20924,0.00102424
20925,0.0005139207
20926,0.0005163707
20927,0.001023955
20928,0.0009315043
20929,0.00102455
20930,0.00102469
20931,0.00102469
20932,0.0005303402
20933,0.001024552
20934,0.0005928352
20935,0.0005511429
20936,0.001026666
20937,0.001026647
20938,0.000528824
20939,0.000635999
20940,0.0006341387
20941,0.0005204614
20942,0.0005120999
20943,0.0005120999
20944,0.0005120999
20945,0.0005205444
20946,0.0005435268
20947,0.000546093
20948,0.0005189083
20949,0.0005516331
20950,0.0005126526
20951,0.0005192047
20952,0.0005473665
20953,0.0005741437
20954,0.0006042132
20955,0.0005422274
20956,0.0005443487
20957,0.0005866436
20958,0.000558451
20959,0.00102267
20960,0.00102267
20961,0.001023889
20962,0.001023889
20963,0.0005120999
20964,0.00102073
20965,0.00102073
20966,0.001023772
20967,0.0005623098
20968,0.001023771
20969,0.0005137838
20970,0.0005142784
20971,0.0005136749
20972,0.0005120999
20973,0.0005357869
20974,0.0005593181
20975,0.0005133072
20976,0.0005403347
20977,0.0005160338
20978,0.0005315813
20979,0.0005336307
20980,0.0005216331
20981,0.0005429789
20982,0.0005146386
20983,0.0005481699
20984,0.0006396822
20985,0.001023636
20986,0.001023927
20987,0.001023927
20988,0.001023636
20989,0.0006283621
20990,0.0005513006
20991,0.0005144921
20992,0.0005810036
20993,0.00102435
20994,0.0005132343
20995,0.001024352
20996,0.0005229294
20997,0.0005120999
20998,0.0005120999
20999,0.0005181608
21000,0.0005218764
21001,0.0005156922
21002,0.001023509
21003,0.0005238943
21004,0.0005157943
21005,0.0005240637
21006,0.001023509
21007,0.0005132877
21008,0.0005155667
21009,0.001022909
21010,0.0005398925
21011,0.0005130722
21012,0.0005153643
21013,0.0005389218
21014,0.001022909
21015,0.0005120999
21016,0.0005120999
21017,0.0005191554
21018,0.0005320365
21019,0.001023417
21020,0.0005309708
21021,0.0005180028
21022,0.0005192395
21023,0.001023417
21024,0.0005164997
21025,0.0005120999
21026,0.0005120999
21027,0.0005120999
21028,0.0006198715
21029,0.000625227
21030,0.0005888793
21031,0.000513286
21032,0.0005429392
21033,0.0005602231
21034,0.0005320329
21035,0.0005121154
21036,0.0005427845
21037,0.001022193
21038,0.001022191
21039,0.0005171109
21040,0.0005460719
21041,0.0005737892
21042,0.0005241618
21043,0.0005223209
21044,0.000542404
21045,0.0005520837
21046,0.0005120999
21047,0.0005120999
21048,0.001015219
21049,0.001015217
21050,0.001018644
21051,0.001013603
21052,0.001018644
21053,0.001013603
21054,0.001012812
21055,0.001012812
21056,0.0005176418
21057,0.0006477727
21058,0.001023809
21059,0.0006169526
21060,0.001023809
21061,0.0005516625
21062,0.0006092698
21063,0.0005220964
21064,0.0005120999
21065,0.001018233
21066,0.001018233
21067,0.001022128
21068,0.001022128
21069,0.001024344
21070,0.0005194859
21071,0.001035708
21072,0.0005625383
21073,0.001035661
21074,0.001024345
21075,0.000886723
21076,0.0008867229
21077,0.0005629901
21078,0.000529325
21079,0.0005206884
21080,0.0005532981
21081,0.0005491307
21082,0.0005421976
21083,0.0005121314
21084,0.000512214
21085,0.001025771
21086,0.0006566282
21087,0.001025776
21088,0.0006581776
21089,0.0005123562
21090,0.0005384875
21091,0.0005120999
21092,0.0005215501
21093,0.0005120999
21094,0.0005217378
21095,0.000596267
21096,0.0005120999
21097,0.001049661
21098,0.0005235705
21099,0.0005220522
21100,0.0005645006
21101,0.001049688
21102,0.001022739
21103,0.001022739
21104,0.0005166683
21105,0.0005271935
21106,0.0005240249
21107,0.000580508
21108,0.001023922
21109,0.001023922
21110,0.0005644519
21111,0.0005314843
21112,0.0005202458
21113,0.0005411987
21114,0.0005315953
21115,0.0005136569
21116,0.00102409
21117,0.0005121672
21118,0.001024089
21119,0.001038104
21120,0.001038058
21121,0.0006034684
21122,0.001064488
21123,0.001025224
21124,0.001025226
21125,0.00106443
21126,0.0005353747
21127,0.0005120999
21128,0.0005120999
21129,0.0005121026
21130,0.0005121466
21131,0.0005121026
21132,0.0005120999
21133,0.0005120999
21134,0.0005285471
21135,0.0005443506
21136,0.0005366423
21137,0.0005425297
21138,0.000533931
21139,0.0005326535
21140,0.0005143072
21141,0.0005120999
21142,0.001023415
21143,0.000537405
21144,0.0005122447
21145,0.001023415
21146,0.0005772796
21147,0.000569782
21148,0.0005157659
21149,0.0005225697
21150,0.0005120999
21151,0.001023647
21152,0.0006076501
21153,0.001023647
21154,0.001024975
21155,0.0009031093
21156,0.0006061888
21157,0.0009031093
21158,0.001023771
21159,0.001024971
21160,0.001023771
21161,0.0005120999
21162,0.0005120999
21163,0.0005120999
21164,0.0005433089
21165,0.0005238017
21166,0.0005194147
21167,0.0005197423
21168,0.0005153062
21169,0.000517296
21170,0.0005123436
21171,0.001053712
21172,0.001052399
21173,0.001053724
21174,0.001052442
21175,0.0005327222
21176,0.000530556
21177,0.001027316
21178,0.0005485425
21179,0.0006367206
21180,0.001023858
21181,0.001027334
21182,0.0005272974
21183,0.001023858
21184,0.0005340058
21185,0.0005970315
21186,0.0005230322
21187,0.0005120999
21188,0.0005120999
21189,0.0005122364
21190,0.0005222678
21191,0.0005223203
21192,0.001024025
21193,0.001024024
21194,0.0005853696
21195,0.0005120999
21196,0.0006303136
21197,0.001035356
21198,0.0006061688
21199,0.0006291152
21200,0.0006182388
21201,0.00103535
21202,0.0005400921
21203,0.001023142
21204,0.001023142
21205,0.0006044993
21206,0.0005120999
21207,0.0006463637
21208,0.0005121068
21209,0.0005120999
21210,0.0005136442
21211,0.0007680494
21212,0.0007680494
21213,0.001016672
21214,0.0005243765
21215,0.001016672
21216,0.001030165
21217,0.0005555601
21218,0.001030206
21219,0.0005120999
21220,0.001023864
21221,0.0005811659
21222,0.001033112
21223,0.0007535396
21224,0.00103313
21225,0.0007316577
21226,0.001023865
21227,0.001023975
21228,0.001023167
21229,0.00102323
21230,0.001023238
21231,0.001023168
21232,0.001023975
21233,0.0005161019
21234,0.000583155
21235,0.0005120999
21236,0.0005141847
21237,0.0005197929
21238,0.0007469555
21239,0.0007440633
21240,0.0006095271
21241,0.0006136898
21242,0.0006417625
21243,0.0005120999
21244,0.000557564
21245,0.0006530384
21246,0.0005336262
21247,0.0005337971
21248,0.001023669
21249,0.000597525
21250,0.0005232798
21251,0.001023669
21252,0.0005325918
21253,0.0006523952
21254,0.0005183128
21255,0.0005120999
21256,0.0005120999
21257,0.0005120999
21258,0.0005120999
21259,0.0005120999
21260,0.00102281
21261,0.001024536
21262,0.001001271
21263,0.0009735514
21264,0.001024273
21265,0.001001188
21266,0.0009718474
21267,0.001022815
21268,0.0005120999
21269,0.0005121021
21270,0.0005121059
21271,0.0005121175
21272,0.0005128205
21273,0.0005128145
21274,0.0005204167
21275,0.001023624
21276,0.001022779
21277,0.001021893
21278,0.001024693
21279,0.0005188857
21280,0.001023624
21281,0.00102278
21282,0.001024694
21283,0.001021893
21284,0.0005127233
21285,0.0005120999
21286,0.0005557992
21287,0.0005667165
21288,0.0005611721
21289,0.0005437024
21290,0.0005746281
21291,0.0005253738
21292,0.0005316642
21293,0.000566216
21294,0.0005120999
21295,0.0005120999
21296,0.0005120999
21297,0.001023597
21298,0.0006409025
21299,0.0005510147
21300,0.0006261573
21301,0.001023587
21302,0.001016409
21303,0.00101641
21304,0.00101945
21305,0.0005120999
21306,0.001019451
21307,0.0005120999
21308,0.0005347682
21309,0.0005120999
21310,0.0005120999
21311,0.0005174977
21312,0.0005877365
21313,0.0005122822
21314,0.001024344
21315,0.001024336
21316,0.0006028179
21317,0.000527548
21318,0.0005178361
21319,0.00055374
21320,0.0005929908
21321,0.0005203532
21322,0.0005707237
21323,0.0005867985
21324,0.0005289196
21325,0.00060585
21326,0.0005873071
21327,0.000519314
21328,0.0006037517
21329,0.0005685639
21330,0.0005120999
21331,0.0005120999
21332,0.0005120999
21333,0.0005120999
21334,0.0005327374
21335,0.001023749
21336,0.0006506355
21337,0.0009772963
21338,0.0009772963
21339,0.001023749
21340,0.0006320376
21341,0.000532088
21342,0.0005120999
21343,0.0005120999
21344,0.0005120999
21345,0.0005120999
21346,0.0005120999
21347,0.0005120999
21348,0.0005482453
21349,0.0005180203
21350,0.001023646
21351,0.001023432
21352,0.0010227
21353,0.0005240488
21354,0.0010227
21355,0.001023721
21356,0.001023721
21357,0.000551346
21358,0.0005459859
21359,0.001023432
21360,0.001023646
21361,0.0005120999
21362,0.0005407875
21363,0.0005424538
21364,0.000526395
21365,0.0005405478
21366,0.0005290075
21367,0.0005482797
21368,0.0005282381
21369,0.0005198983
21370,0.0005379221
21371,0.0005302498
21372,0.0005120999
21373,0.0005120999
21374,0.0005120999
21375,0.0006008065
21376,0.0009792505
21377,0.0005941671
21378,0.0009792505
21379,0.0005398135
21380,0.0005120999
21381,0.0005120999
21382,0.0005166373
21383,0.0005120999
21384,0.001034998
21385,0.0005448516
21386,0.001035083
21387,0.0005737502
21388,0.0009908695
21389,0.0005613276
21390,0.001022782
21391,0.001022782
21392,0.0005120999
21393,0.0005120999
21394,0.0005120999
21395,0.001023686
21396,0.0005415452
21397,0.000528322
21398,0.001023516
21399,0.0005556389
21400,0.001022787
21401,0.001022787
21402,0.001023686
21403,0.001023516
21404,0.0005381604
21405,0.0005962125
21406,0.0005203516
21407,0.000532545
21408,0.0007760865
21409,0.0007760866
21410,0.0005120999
21411,0.0005120999
21412,0.0005120999
21413,0.0005729871
21414,0.0005329348
21415,0.000533164
21416,0.0006486209
21417,0.0006411914
21418,0.0009075911
21419,0.0005204454
21420,0.0009074382
21421,0.001021289
21422,0.001017099
21423,0.001017099
21424,0.001023786
21425,0.001021289
21426,0.001023786
21427,0.0005120999
21428,0.0005120999
21429,0.0005120999
21430,0.0006130303
21431,0.0005788236
21432,0.0006062984
21433,0.0005438958
21434,0.0005513233
21435,0.0005847855
21436,0.0006228204
21437,0.001022101
21438,0.0010221
21439,0.0005471916
21440,0.0005283367
21441,0.0005406002
21442,0.0005120999
21443,0.0005120999
21444,0.001023919
21445,0.001023767
21446,0.001023768
21447,0.00102392
21448,0.001018363
21449,0.001023126
21450,0.001023126
21451,0.000702809
21452,0.0007029718
21453,0.001018363
21454,0.001005739
21455,0.001005739
21456,0.0005741388
21457,0.001020017
21458,0.001020017
21459,0.0005697608
21460,0.0005617089
21461,0.0005791569
21462,0.0006771995
21463,0.0006776151
21464,0.0005120999
21465,0.0005120999
21466,0.0005120999
21467,0.0005120999
21468,0.001023815
21469,0.001023815
21470,0.0005286992
21471,0.0006488838
21472,0.0005617932
21473,0.0005309827
21474,0.0005166109
21475,0.0005301285
21476,0.0005179407
21477,0.0005616897
21478,0.0005382781
21479,0.0005187471
21480,0.0005120999
21481,0.0005120999
21482,0.0005120999
21483,0.0005120999
21484,0.0005120999
21485,0.0005120999
21486,0.0005120999
21487,0.00103542
21488,0.0005236617
21489,0.000637482
21490,0.0005620536
21491,0.001023823
21492,0.001024304
21493,0.001024306
21494,0.000639184
21495,0.001035468
21496,0.001023823
21497,0.0006875487
21498,0.0008334072
21499,0.0005704419
21500,0.0006875158
21501,0.0005631896
21502,0.0005228451
21503,0.0008335967
21504,0.0005402155
21505,0.0007797044
21506,0.0005312093
21507,0.0005452782
21508,0.0005606191
21509,0.0005376384
21510,0.0005733446
21511,0.0005120999
21512,0.001023675
21513,0.001023675
21514,0.0006724393
21515,0.001023801
21516,0.001023801
21517,0.0006724393
21518,0.0005120999
21519,0.0005120999
21520,0.0005120999
21521,0.0005315941
21522,0.0005268438
21523,0.000526715
21524,0.000528349
21525,0.000515426
21526,0.0005472457
21527,0.0005341072
21528,0.0005428961
21529,0.0005474327
21530,0.00102376
21531,0.0005256138
21532,0.00102376
21533,0.0005124371
21534,0.0005120999
21535,0.0005120999
21536,0.0005120999
21537,0.0005120999
21538,0.000513365
21539,0.0007676595
21540,0.00102411
21541,0.001024458
21542,0.000520525
21543,0.00102446
21544,0.001023943
21545,0.001023944
21546,0.00102411
21547,0.0005382606
21548,0.0006365496
21549,0.0005797293
21550,0.0005323483
21551,0.0006598578
21552,0.0006600547
21553,0.000566913
21554,0.001023522
21555,0.001017678
21556,0.001017678
21557,0.001023522
21558,0.001023523
21559,0.001023523
21560,0.001179964
21561,0.001357875
21562,0.001023878
21563,0.001023878
21564,0.001357856
21565,0.0006087594
21566,0.001023676
21567,0.000635898
21568,0.0005140893
21569,0.0005507207
21570,0.0006338036
21571,0.001023676
21572,0.0005143005
21573,0.0006064772
21574,0.0005120999
21575,0.0005120999
21576,0.0006051023
21577,0.0005120999
21578,0.0005120999
21579,0.0006051023
21580,0.0005120999
21581,0.0005120999
21582,0.0005120999
21583,0.0005120999
21584,0.0005120999
21585,0.0005120999
21586,0.001023583
21587,0.0007497566
21588,0.0006522268
21589,0.00054312
21590,0.001023032
21591,0.0005319272
21592,0.001024153
21593,0.001023583
21594,0.001024154
21595,0.0007497566
21596,0.001023032
21597,0.0006414994
21598,0.0005332303
21599,0.0005507035
21600,0.0005190254
21601,0.0005120999
21602,0.0005830197
21603,0.0005121371
21604,0.0005120999
21605,0.0005120999
21606,0.0005120999
21607,0.000513365
21608,0.001023806
21609,0.001042077
21610,0.001023791
21611,0.001023806
21612,0.001042055
21613,0.001024016
21614,0.001023791
21615,0.001024016
21616,0.0006282809
21617,0.00102354
21618,0.0007637864
21619,0.0005120999
21620,0.0006282483
21621,0.00102354
21622,0.0007611836
21623,0.0006306407
21624,0.001012861
21625,0.001001265
21626,0.001001265
21627,0.0005464775
21628,0.001012861
21629,0.001024429
21630,0.001024433
21631,0.0005178041
21632,0.001023107
21633,0.0006104096
21634,0.0005464063
21635,0.0005309213
21636,0.0005324265
21637,0.001023107
21638,0.0006164249
21639,0.000531961
21640,0.0005177672
21641,0.0008448662
21642,0.0008448662
21643,0.0005120999
21644,0.0005120999
21645,0.0005120999
21646,0.0005120999
21647,0.0005121001
21648,0.0005120999
21649,0.0005120999
21650,0.0005124489
21651,0.0005120999
21652,0.001032075
21653,0.0007800949
21654,0.0007659041
21655,0.0009707969
21656,0.0007775934
21657,0.0005632508
21658,0.001032079
21659,0.0009707969
21660,0.0007421862
21661,0.0009547207
21662,0.0005824993
21663,0.001022342
21664,0.0006166759
21665,0.0006369079
21666,0.0009818532
21667,0.001022342
21668,0.0005196009
21669,0.000520713
21670,0.0005121183
21671,0.0005120999
21672,0.0005578456
21673,0.0005791065
21674,0.0005994893
21675,0.0005582788
21676,0.000526002
21677,0.0009463253
21678,0.001023474
21679,0.001008712
21680,0.001023474
21681,0.001008712
21682,0.0009463315
21683,0.0005140067
21684,0.001023096
21685,0.001023097
21686,0.001024028
21687,0.001024028
21688,0.0005183113
21689,0.001023575
21690,0.001023575
21691,0.0005166814
21692,0.0005120999
21693,0.0005120999
21694,0.0005120999
21695,0.0005120999
21696,0.0007882158
21697,0.0005613118
21698,0.0005687972
21699,0.0005177493
21700,0.000562389
21701,0.0005517682
21702,0.0005222572
21703,0.001027743
21704,0.00102113
21705,0.00102113
21706,0.001027746
21707,0.00103005
21708,0.001035012
21709,0.001023881
21710,0.001023879
21711,0.001034982
21712,0.001030049
21713,0.001030347
21714,0.001030361
21715,0.0005871872
21716,0.001023805
21717,0.0005203231
21718,0.0005237767
21719,0.001023805
21720,0.0005146202
21721,0.0005120999
21722,0.0005120999
21723,0.0005120999
21724,0.0005120999
21725,0.0005120999
21726,0.0005120999
21727,0.0005120999
21728,0.0005120999
21729,0.0005120999
21730,0.0006296773
21731,0.0005604316
21732,0.0005705872
21733,0.0005927279
21734,0.0006304459
21735,0.0005749172
21736,0.001031078
21737,0.0005564789
21738,0.00103108
21739,0.0007093523
21740,0.001027763
21741,0.001027763
21742,0.0005511406
21743,0.001023664
21744,0.00102366
21745,0.0008919889
21746,0.001023332
21747,0.0008900552
21748,0.001023331
21749,0.001022654
21750,0.001022655
21751,0.0005315749
21752,0.0005320939
21753,0.0005246028
21754,0.001023469
21755,0.0005366884
21756,0.0005642509
21757,0.001023469
21758,0.001023958
21759,0.001023958
21760,0.0005120999
21761,0.0005120999
21762,0.0005124208
21763,0.0005120999
21764,0.001024033
21765,0.001024033
21766,0.0005120999
21767,0.0005120999
21768,0.0005120999
21769,0.0005120999
21770,0.0005120999
21771,0.0005120999
21772,0.0005868161
21773,0.0005588616
21774,0.0005576772
21775,0.0005305192
21776,0.0005636237
21777,0.0005610884
21778,0.0005627295
21779,0.000549485
21780,0.000544411
21781,0.001020139
21782,0.001020438
21783,0.0006318654
21784,0.0006307401
21785,0.001023453
21786,0.00102345
21787,0.0005912218
21788,0.0005893653
21789,0.0005254123
21790,0.0005230439
21791,0.001024299
21792,0.0010243
21793,0.0005277205
21794,0.0005370285
21795,0.0005254863
21796,0.0005307671
21797,0.001023854
21798,0.0005214354
21799,0.0005294436
21800,0.0005139348
21801,0.001023854
21802,0.0005603475
21803,0.0005299099
21804,0.0005146582
21805,0.0005120999
21806,0.0005120999
21807,0.0005120999
21808,0.001023879
21809,0.001023169
21810,0.001023172
21811,0.001021222
21812,0.001019108
21813,0.001021222
21814,0.001019105
21815,0.001023879
21816,0.0005120999
21817,0.0005120999
21818,0.0005120999
21819,0.0005120999
21820,0.0005349913
21821,0.0005344747
21822,0.000645412
21823,0.0005457653
21824,0.0005488817
21825,0.000532101
21826,0.000627959
21827,0.0005489084
21828,0.0006227586
21829,0.0005490202
21830,0.00102438
21831,0.001024379
21832,0.001018148
21833,0.001018148
21834,0.0005218438
21835,0.0005601055
21836,0.0005679753
21837,0.0005691313
21838,0.0006206841
21839,0.0005636627
21840,0.0006005248
21841,0.0005787275
21842,0.0005922267
21843,0.0005211145
21844,0.0005722634
21845,0.0005720871
21846,0.0005121914
21847,0.0005121083
21848,0.0005120999
21849,0.0005120999
21850,0.0005162755
21851,0.0005135894
21852,0.0005737497
21853,0.0005668857
21854,0.0005120999
21855,0.0005120999
21856,0.0005120999
21857,0.0005120999
21858,0.0005120999
21859,0.0005120999
21860,0.0005871967
21861,0.0005878022
21862,0.000560461
21863,0.000596231
21864,0.0005475875
21865,0.0005224689
21866,0.0005244081
21867,0.000555334
21868,0.0005562049
21869,0.0005526462
21870,0.0005468803
21871,0.0005285514
21872,0.0005125685
21873,0.0005203562
21874,0.0005158441
21875,0.0005783458
21876,0.0005158441
21877,0.0005699524
21878,0.0005189964
21879,0.0005924923
21880,0.0005208162
21881,0.0005422031
21882,0.001027129
21883,0.001027138
21884,0.0005207004
21885,0.0005120999
21886,0.0005135759
21887,0.0005120999
21888,0.0008347499
21889,0.0008347499
21890,0.0005120999
21891,0.0006490344
21892,0.0005379702
21893,0.0005606202
21894,0.0006037878
21895,0.0005602473
21896,0.0005268774
21897,0.0005484799
21898,0.000523302
21899,0.0009405185
21900,0.0009405185
21901,0.0005174305
21902,0.0005424881
21903,0.000560514
21904,0.0005583166
21905,0.001023946
21906,0.001023946
21907,0.0005142126
21908,0.0005178976
21909,0.0005129587
21910,0.0005252706
21911,0.001023829
21912,0.001033205
21913,0.0005127758
21914,0.001023897
21915,0.001023897
21916,0.001033216
21917,0.0005311359
21918,0.001023829
21919,0.001023671
21920,0.001023671
21921,0.0005573072
21922,0.0005120999
21923,0.0005120999
21924,0.0005120999
21925,0.0005120999
21926,0.0005120999
21927,0.0005120999
21928,0.0005120999
21929,0.0006376313
21930,0.0005338016
21931,0.0005523766
21932,0.0005701439
21933,0.0005759897
21934,0.0006835829
21935,0.0006835894
21936,0.0005985129
21937,0.0005985164
21938,0.0005168436
21939,0.001028266
21940,0.0005120999
21941,0.0005185949
21942,0.0005232524
21943,0.00102828
21944,0.001024077
21945,0.0005558932
21946,0.001023856
21947,0.001023853
21948,0.001024078
21949,0.001023856
21950,0.001023853
21951,0.001023516
21952,0.001023516
21953,0.0005221511
21954,0.0005212398
21955,0.0005593147
21956,0.0006971021
21957,0.001045636
21958,0.001045696
21959,0.0005383646
21960,0.0005246635
21961,0.000573887
21962,0.0005832855
21963,0.0005120999
21964,0.0005120999
21965,0.0005120999
21966,0.001024301
21967,0.001534669
21968,0.001535111
21969,0.0010243
21970,0.001534661
21971,0.0005120999
21972,0.0005120999
21973,0.0007144274
21974,0.0005694953
21975,0.0006594217
21976,0.0006060688
21977,0.0005398202
21978,0.0006598643
21979,0.0005745282
21980,0.000624734
21981,0.001020448
21982,0.001020448
21983,0.0005213306
21984,0.0005120999
21985,0.0005228951
21986,0.0005123275
21987,0.0005189136
21988,0.0005286868
21989,0.0005286868
21990,0.0005213723
21991,0.0005831352
21992,0.0005829165
21993,0.0005196531
21994,0.0005249033
21995,0.0005202844
21996,0.001023638
21997,0.001023638
21998,0.0005359208
21999,0.0005817969
22000,0.0005824098
22001,0.0005746401
22002,0.0005591766
22003,0.0005402708
22004,0.000587975
22005,0.0005619123
22006,0.0009180541
22007,0.0009180541
22008,0.0005120999
22009,0.0005120999
22010,0.0005120999
22011,0.0005120999
22012,0.0005120999
22013,0.0005120999
22014,0.0005120999
22015,0.0006059174
22016,0.000568467
22017,0.0005604437
22018,0.0006630501
22019,0.0006014113
22020,0.0005189544
22021,0.000512181
22022,0.0005122634
22023,0.000675414
22024,0.0005121016
22025,0.0006757018
22026,0.0005120999
22027,0.0005120999
22028,0.0005174014
22029,0.001023886
22030,0.0005709478
22031,0.0005478102
22032,0.001023886
22033,0.0005155082
22034,0.0005120999
22035,0.001023969
22036,0.001023969
22037,0.0005339681
22038,0.0005334516
22039,0.0005120999
22040,0.0005120999
22041,0.0005120999
22042,0.0006164948
22043,0.0006813009
22044,0.0006815315
22045,0.0005692311
22046,0.0005227098
22047,0.0005436883
22048,0.0005615802
22049,0.0005160954
22050,0.0005152246
22051,0.001016495
22052,0.001016495
22053,0.0005646194
22054,0.0005148958
22055,0.0005120999
22056,0.0005139553
22057,0.0005870488
22058,0.000516401
22059,0.0005350217
22060,0.0005191097
22061,0.0005249186
22062,0.0006311892
22063,0.0005122664
22064,0.0005120999
22065,0.0005122664
22066,0.0005120999
22067,0.00051862
22068,0.0005766195
22069,0.0006081552
22070,0.0006208673
22071,0.0005151107
22072,0.0006154384
22073,0.0006156458
22074,0.0006006145
22075,0.000605617
22076,0.0005617425
22077,0.0006155454
22078,0.0005272535
22079,0.0005299917
22080,0.0005307349
22081,0.0005148958
22082,0.0005120999
22083,0.0005120999
22084,0.0005140755
22085,0.001023874
22086,0.0005169076
22087,0.0005171927
22088,0.001023874
22089,0.0005576804
22090,0.000515072
22091,0.0005120999
22092,0.0005120999
22093,0.001033474
22094,0.001033347
22095,0.0005210244
22096,0.0005434225
22097,0.0005247428
22098,0.001020098
22099,0.001020098
22100,0.0005120999
22101,0.0005517204
22102,0.0005120999
22103,0.0005120999
22104,0.0005120999
22105,0.00051862
22106,0.0005199249
22107,0.000574734
22108,0.00103475
22109,0.0005157057
22110,0.001034668
22111,0.0005169054
22112,0.0005206486
22113,0.0005332793
22114,0.0005337063
22115,0.0005156753
22116,0.000531756
22117,0.000528265
22118,0.0005295293
22119,0.0005290298
22120,0.0005266716
22121,0.0005120999
22122,0.0005120999
22123,0.001023706
22124,0.0005177828
22125,0.0005158772
22126,0.001023739
22127,0.0005157675
22128,0.001023739
22129,0.001023706
22130,0.0005278853
22131,0.0005229559
22132,0.0005219756
22133,0.0005576804
22134,0.001023925
22135,0.001023925
22136,0.0005120999
22137,0.0005120999
22138,0.0005480726
22139,0.0005250803
22140,0.0005456302
22141,0.0006506579
22142,0.001022793
22143,0.0005851702
22144,0.001020036
22145,0.001022793
22146,0.001020036
22147,0.0009852289
22148,0.0005120999
22149,0.0009852289
22150,0.0005120999
22151,0.0005120999
22152,0.0005120999
22153,0.0005124736
22154,0.0005719735
22155,0.0005120999
22156,0.0005132972
22157,0.0005765155
22158,0.0005210507
22159,0.0005120999
22160,0.0005481467
22161,0.0005458883
22162,0.0005610166
22163,0.0006490214
22164,0.0007667819
22165,0.000764857
22166,0.0005120999
22167,0.0005231395
22168,0.0005184704
22169,0.0005167028
22170,0.0005335584
22171,0.0005508207
22172,0.0005407878
22173,0.0005614252
22174,0.0005527488
22175,0.0005120999
22176,0.001018699
22177,0.001018699
22178,0.0005193862
22179,0.0005121004
22180,0.0005120999
22181,0.000547083
22182,0.0005146803
22183,0.0005210441
22184,0.000521416
22185,0.0005143351
22186,0.0005152234
22187,0.0005231865
22188,0.001023666
22189,0.0005139749
22190,0.001023666
22191,0.0005120999
22192,0.001024057
22193,0.0006576097
22194,0.0005935991
22195,0.0006900194
22196,0.0006095018
22197,0.000586124
22198,0.001024067
22199,0.0006486314
22200,0.0007126908
22201,0.001023676
22202,0.0005756962
22203,0.0007125817
22204,0.001023676
22205,0.0005145957
22206,0.0005120999
22207,0.0005120999
22208,0.0005230052
22209,0.0005191192
22210,0.0005637833
22211,0.0005815338
22212,0.001023333
22213,0.001023997
22214,0.001023997
22215,0.0005484172
22216,0.001023333
22217,0.0005131712
22218,0.0005279198
22219,0.0005279192
22220,0.0005120999
22221,0.0005120999
22222,0.0005120999
22223,0.0005652623
22224,0.0005229595
22225,0.0005138398
22226,0.0005142742
22227,0.0005653559
22228,0.0005154971
22229,0.0005162049
22230,0.0005250101
22231,0.0005133399
22232,0.0005120999
22233,0.0005133399
22234,0.0006878523
22235,0.0005421211
22236,0.0005601506
22237,0.0007001419
22238,0.000563839
22239,0.0005535069
22240,0.0005641946
22241,0.0005621401
22242,0.0005943594
22243,0.0006668717
22244,0.0006711482
22245,0.000582049
22246,0.0006081774
22247,0.0006000703
22248,0.001023167
22249,0.001023167
22250,0.0005120999
22251,0.0005120999
22252,0.0005120999
22253,0.0005120999
22254,0.0005124435
22255,0.0005190638
22256,0.0005301106
22257,0.001022962
22258,0.001022962
22259,0.0005127009
22260,0.0005120999
22261,0.0005120999
22262,0.0005687532
22263,0.0005124191
22264,0.0005138179
22265,0.0005164478
22266,0.0005174917
22267,0.0005214049
22268,0.0005456927
22269,0.000530569
22270,0.0005467554
22271,0.0005120999
22272,0.0005855919
22273,0.0006247735
22274,0.0006198627
22275,0.000526132
22276,0.0006780359
22277,0.0008338859
22278,0.0008314067
22279,0.00103405
22280,0.001034049
22281,0.001026214
22282,0.00102623
22283,0.0005120999
22284,0.0005120999
22285,0.0005120999
22286,0.0005120999
22287,0.0005120999
22288,0.0005503765
22289,0.0005154648
22290,0.0005428653
22291,0.0005510281
22292,0.0005270853
22293,0.0005710555
22294,0.0005121233
22295,0.0005120999
22296,0.0005170745
22297,0.0005120999
22298,0.0005170511
22299,0.0005120999
22300,0.0005120999
22301,0.0005474248
22302,0.0005292168
22303,0.0005568102
22304,0.001023867
22305,0.0005252587
22306,0.001023823
22307,0.001023867
22308,0.001023823
22309,0.0005120999
22310,0.0006190232
22311,0.0006585297
22312,0.0006382496
22313,0.000637167
22314,0.0005844486
22315,0.0006234219
22316,0.001030371
22317,0.001030371
22318,0.003737553
22319,0.004231774
22320,0.003074136
22321,0.003958596
22322,0.004063113
22323,0.0009935203
22324,0.004295384
22325,0.004049064
22326,0.0009935203
22327,0.003837867
22328,0.003751901
22329,0.0005120999
22330,0.0005120999
22331,0.0005298952
22332,0.000702697
22333,0.0005372174
22334,0.001022827
22335,0.001022827
22336,0.0007032937
22337,0.0006260261
22338,0.0006260261
22339,0.0005120999
22340,0.0005139423
22341,0.0005303542
22342,0.0005214463
22343,0.0005294572
22344,0.0005143747
22345,0.0005181234
22346,0.001025913
22347,0.001025919
22348,0.0005122637
22349,0.0005159816
22350,0.0005159816
22351,0.0005164518
22352,0.0005120999
22353,0.0005120999
22354,0.0005274951
22355,0.0005154251
22356,0.0006947407
22357,0.0005261534
22358,0.0005448717
22359,0.0005188992
22360,0.0005431341
22361,0.000694741
22362,0.0005168731
22363,0.0005285647
22364,0.0005120999
22365,0.001023771
22366,0.000920927
22367,0.001023776
22368,0.0009129798
22369,0.002207841
22370,0.002208078
22371,0.002380316
22372,0.00238051
22373,0.002517254
22374,0.001033559
22375,0.001033586
22376,0.002517196
22377,0.004384393
22378,0.004362151
22379,0.002952314
22380,0.003291824
22381,0.004351291
22382,0.003908512
22383,0.004358667
22384,0.0005706162
22385,0.0006350169
22386,0.000769399
22387,0.0005323099
22388,0.0005281221
22389,0.000565767
22390,0.0005402858
22391,0.0005651825
22392,0.0005194098
22393,0.0005141071
22394,0.0005282772
22395,0.0005142411
22396,0.0005132302
22397,0.0005126717
22398,0.0005123605
22399,0.0005124976
22400,0.0005120999
22401,0.0005120999
22402,0.001023954
22403,0.0005216589
22404,0.0005227762
22405,0.0005135854
22406,0.0005153181
22407,0.0005285734
22408,0.000518019
22409,0.001023954
22410,0.0005384637
22411,0.0005384637
22412,0.0005732441
22413,0.0005200279
22414,0.0005792121
22415,0.0005215306
22416,0.0005192867
22417,0.0005209037
22418,0.000513739
22419,0.000515767
22420,0.0005300019
22421,0.001023441
22422,0.001023893
22423,0.001023441
22424,0.000520708
22425,0.001023893
22426,0.0005137256
22427,0.0005137256
22428,0.0005120999
22429,0.0005168837
22430,0.0005292695
22431,0.0005247754
22432,0.0005155753
22433,0.0005216269
22434,0.0005141813
22435,0.0005872467
22436,0.001023769
22437,0.001023773
22438,0.0005120999
22439,0.001023944
22440,0.000584437
22441,0.001023944
22442,0.001023884
22443,0.001023884
22444,0.0005120999
22445,0.00103332
22446,0.001033278
22447,0.0005136011
22448,0.001033936
22449,0.001033826
22450,0.0005322722
22451,0.0005120999
22452,0.0006268077
22453,0.0005201204
22454,0.0005290827
22455,0.0006246585
22456,0.0005191674
22457,0.0005297692
22458,0.0005158329
22459,0.001024085
22460,0.001024084
22461,0.001023942
22462,0.001023945
22463,0.001023743
22464,0.001023743
22465,0.00102394
22466,0.0005129676
22467,0.00102394
22468,0.0005458368
22469,0.0005439104
22470,0.0005328528
22471,0.0005120999
22472,0.0005374026
22473,0.0005198512
22474,0.0005350862
22475,0.000513426
22476,0.001023532
22477,0.001023532
22478,0.0005187284
22479,0.0005185666
22480,0.0007147284
22481,0.001023444
22482,0.0005120999
22483,0.001023958
22484,0.001023958
22485,0.00102344
22486,0.0005120999
22487,0.0005501101
22488,0.001023659
22489,0.0005345076
22490,0.0005468607
22491,0.0005389766
22492,0.0007511113
22493,0.001023659
22494,0.0007511113
22495,0.0005120999
22496,0.00102331
22497,0.0005122615
22498,0.0005153408
22499,0.0005163154
22500,0.0005152018
22501,0.00102331
22502,0.0006294814
22503,0.0005128676
22504,0.0005149364
22505,0.001023817
22506,0.001023818
22507,0.0005448908
22508,0.000540386
22509,0.0005235328
22510,0.000538791
22511,0.0005543754
22512,0.0005187333
22513,0.0005539946
22514,0.0005179291
22515,0.0005246135
22516,0.0005120999
22517,0.0005120999
22518,0.0005735307
22519,0.001022986
22520,0.001023995
22521,0.001028552
22522,0.001028553
22523,0.001022986
22524,0.001023995
22525,0.000887129
22526,0.000887129
22527,0.0005183562
22528,0.0005383171
22529,0.0005184776
22530,0.0005436182
22531,0.000512942
22532,0.001023664
22533,0.0006129795
22534,0.001023664
22535,0.0006129498
22536,0.0005498378
22537,0.0005286631
22538,0.000528126
22539,0.0005178645
22540,0.0005120999
22541,0.0005776595
22542,0.001023614
22543,0.0005463718
22544,0.0005793066
22545,0.001023614
22546,0.0005120999
22547,0.0005120999
22548,0.0006316766
22549,0.001024004
22550,0.001024793
22551,0.001023161
22552,0.0005996868
22553,0.001024798
22554,0.001023161
22555,0.001024007
22556,0.0006222435
22557,0.0005739059
22558,0.0005766214
22559,0.0005498771
22560,0.0005347223
22561,0.0005634727
22562,0.0005121483
22563,0.0005204614
22564,0.0005284185
22565,0.0005633851
22566,0.0005184248
22567,0.0005300753
22568,0.0005597943
22569,0.0005443411
22570,0.0005124424
22571,0.001024011
22572,0.0005179883
22573,0.0005130439
22574,0.0006074062
22575,0.000600276
22576,0.0005179876
22577,0.001024011
22578,0.0005251192
22579,0.0005120999
22580,0.000528959
22581,0.0005229441
22582,0.000571014
22583,0.0007187581
22584,0.001023811
22585,0.0005717126
22586,0.0005168437
22587,0.001023811
22588,0.0005326796
22589,0.0005120999
22590,0.0005120999
22591,0.00052117
22592,0.0005189828
22593,0.000527805
22594,0.0005279161
22595,0.0005346884
22596,0.0005266071
22597,0.001023819
22598,0.0005196719
22599,0.001023819
22600,0.0005361753
22601,0.0005294812
22602,0.000626894
22603,0.0006222939
22604,0.0005643934
22605,0.0005375625
22606,0.0005259124
22607,0.0005186529
22608,0.0005120999
22609,0.0005249034
22610,0.0005156288
22611,0.000512664
22612,0.0005237411
22613,0.000513639
22614,0.0005131291
22615,0.000512526
22616,0.0005124502
22617,0.001023769
22618,0.0005120999
22619,0.001023769
22620,0.0005120999
22621,0.001124547
22622,0.001124576
22623,0.0005270284
22624,0.0005291365
22625,0.0005124296
22626,0.0005217516
22627,0.0005176066
22628,0.0005498716
22629,0.000527867
22630,0.0005158837
22631,0.0005984476
22632,0.0005438256
22633,0.001029061
22634,0.000515128
22635,0.0005231708
22636,0.000542608
22637,0.001029061
22638,0.0005179421
22639,0.0005641936
22640,0.0005120999
22641,0.0005135679
22642,0.0005127692
22643,0.001023796
22644,0.0005539675
22645,0.0005173833
22646,0.0005193767
22647,0.001023796
22648,0.0005539444
22649,0.0005359272
22650,0.0005120999
22651,0.0005120999
22652,0.0005120999
22653,0.001023855
22654,0.0005120999
22655,0.001023855
22656,0.001124698
22657,0.001124737
22658,0.0005120999
22659,0.0005652175
22660,0.0005647545
22661,0.00102363
22662,0.00102363
22663,0.0005131805
22664,0.0005715967
22665,0.0005584615
22666,0.0005151863
22667,0.0005298801
22668,0.0005585518
22669,0.000726075
22670,0.0005977183
22671,0.0007215875
22672,0.0005170373
22673,0.0005181445
22674,0.0006392394
22675,0.000639679
22676,0.0005736382
22677,0.0005187568
22678,0.001023284
22679,0.000519573
22680,0.001023284
22681,0.0006131817
22682,0.0005305638
22683,0.0005120999
22684,0.001024119
22685,0.001023266
22686,0.001023267
22687,0.00102412
22688,0.0005152187
22689,0.000621736
22690,0.0005146132
22691,0.0005246935
22692,0.00102384
22693,0.000515061
22694,0.0005201332
22695,0.000512233
22696,0.0005241655
22697,0.00102384
22698,0.0005120999
22699,0.001022983
22700,0.001024087
22701,0.001022982
22702,0.001024087
22703,0.0005163254
22704,0.0010237
22705,0.001023402
22706,0.0006893871
22707,0.0005687296
22708,0.0005726515
22709,0.001023699
22710,0.001023403
22711,0.000529916
22712,0.0006142515
22713,0.0006240597
22714,0.0005786149
22715,0.0005984008
22716,0.000552282
22717,0.0005324428
22718,0.0005540905
22719,0.0005388624
22720,0.0005120999
22721,0.001019599
22722,0.0005120999
22723,0.001019599
22724,0.0005245198
22725,0.0005249624
22726,0.0005198033
22727,0.000538595
22728,0.0005229696
22729,0.0005965693
22730,0.00051218
22731,0.0005133605
22732,0.000514836
22733,0.0008534265
22734,0.0008534264
22735,0.0005120999
22736,0.0005120999
22737,0.001023576
22738,0.001023576
22739,0.0005120999
22740,0.0005156897
22741,0.0005235299
22742,0.0005227388
22743,0.001023991
22744,0.001023591
22745,0.001023591
22746,0.001023991
22747,0.0005227217
22748,0.0005319659
22749,0.0005139602
22750,0.0005198956
22751,0.0005342644
22752,0.0005408126
22753,0.0005299138
22754,0.0005160358
22755,0.0005768619
22756,0.0005488127
22757,0.0005526148
22758,0.0005652051
22759,0.0005120999
22760,0.0005122591
22761,0.0005394944
22762,0.0005398802
22763,0.000518454
22764,0.0005315891
22765,0.001024016
22766,0.001024015
22767,0.00112469
22768,0.00112475
22769,0.0007138514
22770,0.001045475
22771,0.001045537
22772,0.0005120999
22773,0.0005120999
22774,0.0005120999
22775,0.0005736208
22776,0.001016255
22777,0.001023615
22778,0.001024284
22779,0.001023615
22780,0.00102428
22781,0.001016255
22782,0.0005407964
22783,0.001023866
22784,0.0005124614
22785,0.0005166944
22786,0.001023722
22787,0.000519807
22788,0.001023866
22789,0.0005213614
22790,0.001023722
22791,0.0005243476
22792,0.0005141815
22793,0.0005197467
22794,0.001023253
22795,0.001023253
22796,0.0005304296
22797,0.0005218495
22798,0.0007823544
22799,0.0007807248
22800,0.0005120999
22801,0.0005120999
22802,0.000537409
22803,0.0005296407
22804,0.001023881
22805,0.0005121431
22806,0.00102348
22807,0.0005184247
22808,0.00102348
22809,0.001023881
22810,0.0005120999
22811,0.001023078
22812,0.001023829
22813,0.001023829
22814,0.0005565441
22815,0.001023078
22816,0.0005120999
22817,0.0005120999
22818,0.000540658
22819,0.001190866
22820,0.0005409896
22821,0.001191304
22822,0.0005717608
22823,0.0005714619
22824,0.0005120999
22825,0.001034284
22826,0.001027176
22827,0.001000887
22828,0.00102717
22829,0.00100088
22830,0.001034313
22831,0.0005327848
22832,0.0005242475
22833,0.0005380152
22834,0.001024041
22835,0.001023545
22836,0.001024041
22837,0.001023545
22838,0.0005161897
22839,0.0005203654
22840,0.000528632
22841,0.001018855
22842,0.001018855
22843,0.0005471016
22844,0.0005194581
22845,0.001024339
22846,0.001024335
22847,0.0005120999
22848,0.0005726822
22849,0.0005132232
22850,0.001023874
22851,0.0005145533
22852,0.0005140746
22853,0.0005216902
22854,0.0005154663
22855,0.001023874
22856,0.0005789738
22857,0.00102309
22858,0.00102309
22859,0.001024236
22860,0.001023751
22861,0.0006131472
22862,0.001023751
22863,0.0006129558
22864,0.001024234
22865,0.001030834
22866,0.001030857
22867,0.0005264266
22868,0.001023861
22869,0.001023862
22870,0.0005120999
22871,0.0005187261
22872,0.0005123436
22873,0.0005154248
22874,0.0005136442
22875,0.000512403
22876,0.0006270465
22877,0.001020638
22878,0.001021579
22879,0.001023983
22880,0.0009581865
22881,0.0009581865
22882,0.001023984
22883,0.001021581
22884,0.001020639
22885,0.0005222524
22886,0.0005549128
22887,0.0005456046
22888,0.001023242
22889,0.0005263263
22890,0.001023242
22891,0.000545529
22892,0.0005374525
22893,0.001024082
22894,0.00102194
22895,0.001023754
22896,0.001023754
22897,0.00102194
22898,0.001024085
22899,0.001023609
22900,0.001023609
22901,0.0005120999
22902,0.0005120999
22903,0.0005120999
22904,0.0005120999
22905,0.0005232308
22906,0.001023758
22907,0.001023758
22908,0.001023852
22909,0.0005540814
22910,0.0005607813
22911,0.0005257129
22912,0.001023852
22913,0.0005120999
22914,0.0005980807
22915,0.0005452824
22916,0.0005308997
22917,0.001024374
22918,0.001024373
22919,0.0005160097
22920,0.001024095
22921,0.001024094
22922,0.0005120999
22923,0.0005120999
22924,0.0005216821
22925,0.0005615759
22926,0.001037651
22927,0.001027244
22928,0.001037633
22929,0.001027159
22930,0.0005375667
22931,0.0005347909
22932,0.001023408
22933,0.001019214
22934,0.001019214
22935,0.001023408
22936,0.0005120999
22937,0.001023057
22938,0.001023057
22939,0.0005191344
22940,0.000524375
22941,0.0005300886
22942,0.0005320129
22943,0.0005174073
22944,0.0005373202
22945,0.0005198516
22946,0.0005417693
22947,0.0005869633
22948,0.001024374
22949,0.0005596122
22950,0.0005702585
22951,0.0005413844
22952,0.0005930557
22953,0.0005881439
22954,0.001024373
22955,0.0005148823
22956,0.0005120999
22957,0.0005127936
22958,0.0005127936
22959,0.0005121003
22960,0.0005131367
22961,0.000543329
22962,0.0005371098
22963,0.0006144253
22964,0.001023096
22965,0.0006173958
22966,0.0005365293
22967,0.0006271848
22968,0.001023235
22969,0.001023236
22970,0.001023093
22971,0.0005120999
22972,0.0005120999
22973,0.001022694
22974,0.0005120999
22975,0.001022694
22976,0.00102032
22977,0.00102032
22978,0.001023463
22979,0.0005214505
22980,0.0005225003
22981,0.0005196794
22982,0.000513038
22983,0.0005127988
22984,0.0005141104
22985,0.001023463
22986,0.0005120999
22987,0.0005408058
22988,0.0005374996
22989,0.0005436503
22990,0.0005252812
22991,0.0005419758
22992,0.0005719642
22993,0.0005435537
22994,0.001023847
22995,0.001023847
22996,0.0005440336
22997,0.001023805
22998,0.001023805
22999,0.0005120999
23000,0.0005120999
23001,0.0005120999
23002,0.0005134527
23003,0.0005120999
23004,0.000614425
23005,0.0005529316
23006,0.0006190803
23007,0.0005510735
23008,0.0005408756
23009,0.000537371
23010,0.000617466
23011,0.0005120999
23012,0.0005120999
23013,0.0005120999
23014,0.0005142455
23015,0.0005534438
23016,0.001023563
23017,0.0005246506
23018,0.001023563
23019,0.00102378
23020,0.000516896
23021,0.0005302395
23022,0.0005441024
23023,0.0005325465
23024,0.00102378
23025,0.0005120999
23026,0.001023719
23027,0.001023719
23028,0.001024086
23029,0.0005546546
23030,0.0005476507
23031,0.001024086
23032,0.000540183
23033,0.0005203989
23034,0.0005489962
23035,0.0005220044
23036,0.001023524
23037,0.001023524
23038,0.0005379882
23039,0.0005120999
23040,0.0005120999
23041,0.0005120999
23042,0.0005120999
23043,0.0005120999
23044,0.0005376237
23045,0.0005340544
23046,0.0006114173
23047,0.000555974
23048,0.00055838
23049,0.0005776263
23050,0.0005701729
23051,0.000512101
23052,0.000528374
23053,0.000512101
23054,0.0005722626
23055,0.0005468176
23056,0.000544544
23057,0.000611095
23058,0.001023742
23059,0.001023742
23060,0.000643808
23061,0.0005120999
23062,0.0005937399
23063,0.0005124446
23064,0.0005317273
23065,0.0007693232
23066,0.0005674716
23067,0.0007692194
23068,0.000520115
23069,0.0005490124
23070,0.0005209974
23071,0.00059408
23072,0.0005120999
23073,0.0005120999
23074,0.0005386712
23075,0.0005320797
23076,0.0005392779
23077,0.0005556574
23078,0.0005353393
23079,0.0005258562
23080,0.001021479
23081,0.001021479
23082,0.0005120999
23083,0.0005120999
23084,0.0005157833
23085,0.0006014262
23086,0.0005120999
23087,0.0005160536
23088,0.0006425428
23089,0.0006015156
23090,0.0006425428
23091,0.0005187251
23092,0.0008690562
23093,0.0008690596
23094,0.001022991
23095,0.001023885
23096,0.001023885
23097,0.001022991
23098,0.0005378331
23099,0.001023853
23100,0.0005447186
23101,0.001023853
23102,0.0005120999
23103,0.0005120999
23104,0.0005120999
23105,0.0005120999
23106,0.0005120999
23107,0.0005120999
23108,0.001023119
23109,0.001023676
23110,0.001023676
23111,0.001023119
23112,0.0005774327
23113,0.0005977752
23114,0.0005435331
23115,0.0005664891
23116,0.0005923741
23117,0.0005312658
23118,0.0005389445
23119,0.001015057
23120,0.001006366
23121,0.001010099
23122,0.001010101
23123,0.000529052
23124,0.001006367
23125,0.001015057
23126,0.0005120999
23127,0.0005351378
23128,0.0006839226
23129,0.0005255946
23130,0.0005133005
23131,0.0006896144
23132,0.0005121007
23133,0.0005442881
23134,0.0005628402
23135,0.0005455658
23136,0.0005145555
23137,0.0005146519
23138,0.0005896286
23139,0.0005682276
23140,0.00052962
23141,0.0005563182
23142,0.0005296055
23143,0.0005550266
23144,0.0005899319
23145,0.0010238
23146,0.0006490776
23147,0.0010238
23148,0.0005550708
23149,0.0005120999
23150,0.0005120999
23151,0.0005120999
23152,0.001003015
23153,0.001023885
23154,0.001023885
23155,0.001003015
23156,0.0005254809
23157,0.0005335438
23158,0.0005700748
23159,0.0005520917
23160,0.0005842847
23161,0.0005846341
23162,0.0005664831
23163,0.0007787573
23164,0.001019404
23165,0.0005216998
23166,0.0005434064
23167,0.001019372
23168,0.001023613
23169,0.001023613
23170,0.001024348
23171,0.0005238568
23172,0.000540814
23173,0.001024343
23174,0.0005120999
23175,0.0005120999
23176,0.0005120999
23177,0.0005535539
23178,0.0005265435
23179,0.0005475169
23180,0.0005265236
23181,0.0005177219
23182,0.0005121328
23183,0.0005120999
23184,0.0005803131
23185,0.0005801764
23186,0.0005120999
23187,0.0005146638
23188,0.000577774
23189,0.0005401578
23190,0.0005341397
23191,0.0005597207
23192,0.0005394508
23193,0.0005240556
23194,0.0005166076
23195,0.001023882
23196,0.001023882
23197,0.0005490046
23198,0.0005637174
23199,0.000583482
23200,0.001023764
23201,0.001023764
23202,0.0005120999
23203,0.0005120999
23204,0.0010232
23205,0.001023856
23206,0.0010232
23207,0.001027207
23208,0.0005131729
23209,0.001027411
23210,0.001023856
23211,0.001027197
23212,0.0005185317
23213,0.0010274
23214,0.0005272315
23215,0.0005723243
23216,0.0006986063
23217,0.0005875413
23218,0.0007010535
23219,0.0005847036
23220,0.001036139
23221,0.001023542
23222,0.0006718606
23223,0.001023541
23224,0.0007081804
23225,0.0007087283
23226,0.00103614
23227,0.0006442494
23228,0.0005124935
23229,0.0009345443
23230,0.0006522474
23231,0.0009345404
23232,0.0005159935
23233,0.0005120999
23234,0.0005120999
23235,0.0005271344
23236,0.0005573283
23237,0.0005120999
23238,0.0005120999
23239,0.0007367703
23240,0.0005163686
23241,0.000518506
23242,0.0005409627
23243,0.0007074504
23244,0.0007021439
23245,0.0005475496
23246,0.0005225904
23247,0.0005509114
23248,0.0006255253
23249,0.0005277998
23250,0.0005703522
23251,0.0005744331
23252,0.0005871433
23253,0.000523196
23254,0.0005146699
23255,0.0005120999
23256,0.0005120999
23257,0.0005120999
23258,0.0005120999
23259,0.001023164
23260,0.001023164
23261,0.0005592533
23262,0.0005674389
23263,0.0006416588
23264,0.0005495473
23265,0.0006421132
23266,0.0006383435
23267,0.0005633031
23268,0.0005662036
23269,0.0006390852
23270,0.000598821
23271,0.0005619743
23272,0.0006129976
23273,0.001023735
23274,0.001020471
23275,0.001020471
23276,0.001023734
23277,0.001023637
23278,0.001023637
23279,0.0005200348
23280,0.0005272041
23281,0.001023848
23282,0.00102458
23283,0.001023848
23284,0.0005459033
23285,0.001024574
23286,0.001031414
23287,0.001031427
23288,0.0005170528
23289,0.001642075
23290,0.0006619178
23291,0.0005256576
23292,0.0014544
23293,0.0005210595
23294,0.0005120999
23295,0.000518948
23296,0.0006998822
23297,0.0006993246
23298,0.0005126542
23299,0.0005120999
23300,0.001026649
23301,0.001024028
23302,0.001024067
23303,0.001023916
23304,0.0006254166
23305,0.001024067
23306,0.001023916
23307,0.001024028
23308,0.001026641
23309,0.0005120999
23310,0.0005162106
23311,0.0005124745
23312,0.0005134462
23313,0.0005121211
23314,0.0005711671
23315,0.0005238489
23316,0.001020571
23317,0.001020551
23318,0.0005124733
23319,0.0005121023
23320,0.0005125078
23321,0.0005902173
23322,0.0006063034
23323,0.0005417026
23324,0.000601022
23325,0.0005976952
23326,0.0006011084
23327,0.000590122
23328,0.001019728
23329,0.0005364491
23330,0.0009996213
23331,0.0009994059
23332,0.001019686
23333,0.0006653097
23334,0.0006653591
23335,0.001023882
23336,0.001023882
23337,0.0005174716
23338,0.001023656
23339,0.001023656
23340,0.0005165126
23341,0.001023802
23342,0.001023802
23343,0.0005147191
23344,0.0005120999
23345,0.0005120999
23346,0.0005124547
23347,0.0005120999
23348,0.0005121001
23349,0.0005120999
23350,0.0005154397
23351,0.0005120999
23352,0.0005120999
23353,0.0005691308
23354,0.0005505829
23355,0.0005645049
23356,0.0005312075
23357,0.000615036
23358,0.0006115569
23359,0.0005328166
23360,0.0005319602
23361,0.00102388
23362,0.00102388
23363,0.0008837929
23364,0.0008836089
23365,0.00102244
23366,0.001022441
23367,0.001008879
23368,0.001008879
23369,0.001023492
23370,0.00102394
23371,0.001023884
23372,0.00102394
23373,0.001023952
23374,0.001023491
23375,0.001023952
23376,0.001023886
23377,0.0005146165
23378,0.0005136093
23379,0.0005431074
23380,0.0005252241
23381,0.0005142574
23382,0.0005128924
23383,0.0005163506
23384,0.0005120999
23385,0.0005120999
23386,0.0005120999
23387,0.0005120999
23388,0.0005120999
23389,0.0005120999
23390,0.0005120999
23391,0.0005120999
23392,0.0005536334
23393,0.0006118204
23394,0.0005723588
23395,0.0005709707
23396,0.0006484872
23397,0.0005449815
23398,0.001020227
23399,0.001020224
23400,0.001004916
23401,0.001004867
23402,0.0006172586
23403,0.0007088989
23404,0.0005136682
23405,0.0006157311
23406,0.0007927578
23407,0.0007927605
23408,0.001043151
23409,0.001043183
23410,0.001022147
23411,0.0005508021
23412,0.001023577
23413,0.001023577
23414,0.001022147
23415,0.001023922
23416,0.001023922
23417,0.0005352017
23418,0.0005542408
23419,0.00102331
23420,0.0005215321
23421,0.0005619449
23422,0.0005159844
23423,0.0005134666
23424,0.0005539937
23425,0.00102331
23426,0.0005198452
23427,0.0005198452
23428,0.0005120999
23429,0.0005120999
23430,0.0005120999
23431,0.0005120999
23432,0.0005120999
23433,0.0005120999
23434,0.0005160612
23435,0.0005160612
23436,0.0005120999
23437,0.0005885633
23438,0.0006506617
23439,0.0005820862
23440,0.000549534
23441,0.0005629762
23442,0.000537776
23443,0.001023742
23444,0.001023744
23445,0.0006503525
23446,0.000615566
23447,0.001018867
23448,0.001018872
23449,0.0006327957
23450,0.0006388281
23451,0.001023668
23452,0.001023668
23453,0.0005885199
23454,0.0005132025
23455,0.0005295131
23456,0.0005838345
23457,0.0005323335
23458,0.0005138037
23459,0.00102317
23460,0.0005662111
23461,0.0005484522
23462,0.0005425513
23463,0.0005148318
23464,0.001022827
23465,0.001022827
23466,0.000571645
23467,0.00102317
23468,0.0005120999
23469,0.0005120999
23470,0.0005120999
23471,0.001015491
23472,0.0006360384
23473,0.0006340672
23474,0.001015491
23475,0.0005145048
23476,0.0005134896
23477,0.0005120999
23478,0.0005679731
23479,0.0005693627
23480,0.0005120999
23481,0.0005455132
23482,0.0005397054
23483,0.0005825915
23484,0.0005767771
23485,0.0005523831
23486,0.0005533125
23487,0.0005490977
23488,0.0006042343
23489,0.0005991925
23490,0.0005123627
23491,0.000532524
23492,0.001023483
23493,0.001023485
23494,0.0005579831
23495,0.0005143281
23496,0.0005619563
23497,0.0005212001
23498,0.0006018512
23499,0.0005461246
23500,0.0006434575
23501,0.0005475222
23502,0.0005503733
23503,0.0005379231
23504,0.00102307
23505,0.001023071
23506,0.001310947
23507,0.001162315
23508,0.001092057
23509,0.0008159661
23510,0.001163579
23511,0.001469639
23512,0.001413525
23513,0.001314773
23514,0.001349922
23515,0.001162359
23516,0.0005120999
23517,0.0005120999
23518,0.0005120999
23519,0.0005120999
23520,0.0005120999
23521,0.0007165273
23522,0.0007164363
23523,0.0005693299
23524,0.0005690338
23525,0.0005789243
23526,0.0005122075
23527,0.0005435359
23528,0.00055486
23529,0.0005428292
23530,0.0005481247
23531,0.0005121189
23532,0.0008153833
23533,0.0005190874
23534,0.0008153833
23535,0.0005121587
23536,0.0005120999
23537,0.0005135759
23538,0.0005120999
23539,0.0005120999
23540,0.0005120999
23541,0.0005120999
23542,0.0005120999
23543,0.0007074795
23544,0.0006588978
23545,0.0006973542
23546,0.0006923572
23547,0.0006977419
23548,0.0006571707
23549,0.0006411285
23550,0.0009081761
23551,0.0009081761
23552,0.001015135
23553,0.0005201271
23554,0.001014664
23555,0.000515039
23556,0.0005121236
23557,0.0005120999
23558,0.0005120999
23559,0.001023827
23560,0.0009015066
23561,0.001023827
23562,0.001018455
23563,0.001018428
23564,0.0009015084
23565,0.0005120999
23566,0.0005120999
23567,0.0005730588
23568,0.0008132656
23569,0.0005151764
23570,0.0007723119
23571,0.0005120999
23572,0.0005120999
23573,0.0005120999
23574,0.0005120999
23575,0.0005122231
23576,0.0005774148
23577,0.0005498145
23578,0.000561615
23579,0.0006620036
23580,0.0006630238
23581,0.0005711525
23582,0.0005667838
23583,0.0005619756
23584,0.0005122224
23585,0.001024567
23586,0.001024561
23587,0.000523897
23588,0.000520255
23589,0.0005364089
23590,0.0005126345
23591,0.00051331
23592,0.0007139951
23593,0.0007146682
23594,0.0005168534
23595,0.001023728
23596,0.000512763
23597,0.00102316
23598,0.00102316
23599,0.0005763485
23600,0.0005659827
23601,0.001023727
23602,0.00052923
23603,0.001030694
23604,0.00103071
23605,0.0005120999
23606,0.0005120999
23607,0.000756238
23608,0.0007577277
23609,0.0005293228
23610,0.0009106511
23611,0.0009091783
23612,0.001035251
23613,0.001035241
23614,0.001026932
23615,0.001026941
23616,0.0005462946
23617,0.000513028
23618,0.0005120999
23619,0.0007902622
23620,0.0005266757
23621,0.0007915405
23622,0.0005556819
23623,0.0005439908
23624,0.0005132498
23625,0.0005276029
23626,0.0005299936
23627,0.0005120999
23628,0.0005318774
23629,0.0005120999
23630,0.0005120999
23631,0.001023224
23632,0.001023224
23633,0.001023872
23634,0.001023872
23635,0.000576588
23636,0.0005406747
23637,0.001023439
23638,0.001023439
23639,0.0005519069
23640,0.0005130585
23641,0.0005120999
23642,0.0009102654
23643,0.0009102654
23644,0.0005350258
23645,0.0005844249
23646,0.000562535
23647,0.0005454501
23648,0.0005420379
23649,0.0005456257
23650,0.0006460632
23651,0.0005120999
23652,0.0006460632
23653,0.001231271
23654,0.001804717
23655,0.001153023
23656,0.0005244723
23657,0.001474927
23658,0.001611937
23659,0.001804693
23660,0.0005282633
23661,0.001010152
23662,0.001475041
23663,0.001468906
23664,0.0005120999
23665,0.0005317421
23666,0.000531742
23667,0.000512826
23668,0.0005929853
23669,0.0005467936
23670,0.0005978387
23671,0.0005887746
23672,0.000541684
23673,0.0005812265
23674,0.0005587694
23675,0.0006037633
23676,0.0005699405
23677,0.0005630089
23678,0.0007020449
23679,0.000520679
23680,0.0006664011
23681,0.000701457
23682,0.000654465
23683,0.0005320063
23684,0.0005120999
23685,0.00102372
23686,0.00102372
23687,0.001023697
23688,0.0005892487
23689,0.001023697
23690,0.0005951132
23691,0.0006621208
23692,0.0005120999
23693,0.0005120999
23694,0.000512826
23695,0.0005120999
23696,0.0005120999
23697,0.0005382677
23698,0.0005884865
23699,0.0005581959
23700,0.0005662111
23701,0.0005411652
23702,0.0006179184
23703,0.0005661052
23704,0.0009952364
23705,0.001023995
23706,0.0006273059
23707,0.0009952364
23708,0.001023995
23709,0.0005529171
23710,0.000624484
23711,0.0005120999
23712,0.0005120999
23713,0.0005120999
23714,0.0006283092
23715,0.0006276147
23716,0.000565452
23717,0.0005871155
23718,0.0005158543
23719,0.0006278251
23720,0.00102331
23721,0.0005449623
23722,0.00102331
23723,0.0005275598
23724,0.0005120999
23725,0.0005120999
23726,0.0006621208
23727,0.0005120999
23728,0.0005120999
23729,0.0007020228
23730,0.0005285966
23731,0.0007182007
23732,0.000538808
23733,0.0005930896
23734,0.0005601196
23735,0.0005501314
23736,0.0006038175
23737,0.0005391461
23738,0.0005414682
23739,0.0005215563
23740,0.0005316201
23741,0.0005392438
23742,0.0005120999
23743,0.0005120999
23744,0.0005120999
23745,0.0005120999
23746,0.0005120999
23747,0.00051616
23748,0.0005311535
23749,0.0005373053
23750,0.001023054
23751,0.0005263807
23752,0.001023054
23753,0.0005887895
23754,0.001023693
23755,0.001023693
23756,0.0006947395
23757,0.0006947395
23758,0.0005120999
23759,0.0005120999
23760,0.0005120999
23761,0.0005120999
23762,0.0005374414
23763,0.0005120999
23764,0.0005588453
23765,0.0005829949
23766,0.0006702669
23767,0.0006067337
23768,0.0005918069
23769,0.0005124792
23770,0.0007020266
23771,0.0006097039
23772,0.0007044423
23773,0.0005152555
23774,0.000613614
23775,0.0005241138
23776,0.0005598504
23777,0.0005120999
23778,0.0005120999
23779,0.0005120999
23780,0.001023785
23781,0.0006231119
23782,0.0005632814
23783,0.001023785
23784,0.00102376
23785,0.0005626808
23786,0.0005888044
23787,0.00102376
23788,0.000624408
23789,0.0005120999
23790,0.0005120999
23791,0.0005120999
23792,0.0005120999
23793,0.0005120999
23794,0.0006065051
23795,0.001017576
23796,0.0005161414
23797,0.001017017
23798,0.001017576
23799,0.001017017
23800,0.0005517204
23801,0.001021586
23802,0.001021586
23803,0.001839708
23804,0.0008063083
23805,0.00184717
23806,0.00183963
23807,0.0006654612
23808,0.0008044502
23809,0.000552123
23810,0.001924308
23811,0.001730001
23812,0.001771367
23813,0.001924315
23814,0.0006543568
23815,0.0006119056
23816,0.01508175
23817,0.02007256
23818,0.01154806
23819,0.01119267
23820,0.0198016
23821,0.01980586
23822,0.02003
23823,0.0007208031
23824,0.02001531
23825,0.01964819
23826,0.01978188
23827,0.02006576
23828,0.01991713
23829,0.003302649
23830,0.0198758
23831,0.01934826
23832,0.02007267
23833,0.02004125
23834,0.01995932
23835,0.01895371
23836,0.0007218318
23837,0.01935856
23838,0.02006078
23839,0.01999296
23840,0.01981926
23841,0.01987343
23842,0.02002874
23843,0.01997366
23844,0.01733629
23845,0.01961673
23846,0.01978633
23847,0.01947664
23848,0.01943286
23849,0.01855606
23850,0.01943981
23851,0.01965763
23852,0.01579216
23853,0.01946781
23854,0.01958942
23855,0.01563882
23856,0.01901234
23857,0.01946789
23858,0.01931099
23859,0.01948119
23860,0.0005120999
23861,0.0005236543
23862,0.0006003737
23863,0.0005978969
23864,0.0005381114
23865,0.0005450287
23866,0.0005426758
23867,0.0005120999
23868,0.0005120999
23869,0.0005120999
23870,0.0005120999
23871,0.0005462565
23872,0.001023719
23873,0.001023885
23874,0.0005234784
23875,0.0005124037
23876,0.0005462194
23877,0.001023885
23878,0.001023719
23879,0.0005605898
23880,0.0005392732
23881,0.0005148796
23882,0.0005120999
23883,0.0005152696
23884,0.0005180492
23885,0.0005120999
23886,0.0005120999
23887,0.001023952
23888,0.001023953
23889,0.0005337996
23890,0.001032305
23891,0.001032316
23892,0.0005295641
23893,0.0005401179
23894,0.0005121136
23895,0.0005121136
23896,0.0005558491
23897,0.0005120999
23898,0.0006199508
23899,0.005940403
23900,0.0006211743
23901,0.0008615619
23902,0.0005553311
23903,0.0005934495
23904,0.0005934495
23905,0.001023007
23906,0.001023007
23907,0.0008624759
23908,0.0005120999
23909,0.00054028
23910,0.0005120999
23911,0.00054028
23912,0.0005187433
23913,0.001022786
23914,0.001022786
23915,0.000557728
23916,0.0005232081
23917,0.0005243341
23918,0.0005135635
23919,0.0005128998
23920,0.0005127187
23921,0.0005127187
23922,0.0005120999
23923,0.0005120999
23924,0.0005135074
23925,0.001023833
23926,0.001023833
23927,0.0005149752
23928,0.001023866
23929,0.001023866
23930,0.0005197438
23931,0.0005631406
23932,0.0005120999
23933,0.0005120999
23934,0.0005120999
23935,0.0005624046
23936,0.0006381819
23937,0.0006911547
23938,0.0006915922
23939,0.0005764497
23940,0.0006252411
23941,0.0005120999
23942,0.001023235
23943,0.001023235
23944,0.0006731415
23945,0.0005120999
23946,0.0005131784
23947,0.0005128317
23948,0.0005121068
23949,0.0005120999
23950,0.0005257266
23951,0.0005155723
23952,0.0005566116
23953,0.0006178862
23954,0.001023919
23955,0.001023919
23956,0.0005226794
23957,0.0005287571
23958,0.001003314
23959,0.001003314
23960,0.0005120999
23961,0.0005121091
23962,0.0005120999
23963,0.0005247883
23964,0.000512731
23965,0.0005164365
23966,0.0005172887
23967,0.0005179992
23968,0.0006529714
23969,0.0006424731
23970,0.0005399107
23971,0.0005778577
23972,0.0005403605
23973,0.0005536352
23974,0.0005562268
23975,0.0005513261
23976,0.0005793729
23977,0.0006427245
23978,0.000527351
23979,0.0005755135
23980,0.0005830751
23981,0.0006492807
23982,0.0005619072
23983,0.0005120999
23984,0.0005133722
23985,0.0005121068
23986,0.0005308376
23987,0.0005428162
23988,0.0007151071
23989,0.0005285864
23990,0.0005350987
23991,0.0005463805
23992,0.0005309064
23993,0.0005413157
23994,0.0005411719
23995,0.0005283342
23996,0.0005486438
23997,0.0005707165
23998,0.000665898
23999,0.0005121091
24000,0.0005120999
24001,0.000535436
24002,0.0005120999
24003,0.0005120999
24004,0.0005120999
24005,0.0005165827
24006,0.0005138137
24007,0.0005129423
24008,0.001023853
24009,0.001023863
24010,0.000544293
24011,0.0005321301
24012,0.001023853
24013,0.001023863
24014,0.0005167708
24015,0.0005334877
24016,0.0005120999
24017,0.0005120999
24018,0.0005120999
24019,0.0006210209
24020,0.001024305
24021,0.001027964
24022,0.0005344484
24023,0.001027969
24024,0.0005325906
24025,0.001024304
24026,0.0006945308
24027,0.0006237716
24028,0.0006937579
24029,0.0005623652
24030,0.0006849444
24031,0.0005239342
24032,0.0005175362
24033,0.0005225568
24034,0.0005282508
24035,0.0006841929
24036,0.0005120999
24037,0.0005551457
24038,0.0005120999
24039,0.0007121643
24040,0.000619407
24041,0.0007121643
24042,0.0005661876
24043,0.0008594567
24044,0.0005358341
24045,0.00102275
24046,0.00102275
24047,0.0005632252
24048,0.0005923962
24049,0.0005923962
24050,0.0005120999
24051,0.000722109
24052,0.001093077
24053,0.001094427
24054,0.001077741
24055,0.001077732
24056,0.000628213
24057,0.001022503
24058,0.001022503
24059,0.0005422012
24060,0.001023706
24061,0.0005693795
24062,0.0005681889
24063,0.0005270764
24064,0.0005264115
24065,0.001023706
24066,0.0005120999
24067,0.000535436
24068,0.0005120999
24069,0.0005120999
24070,0.001023522
24071,0.001023522
24072,0.0005959171
24073,0.0005267111
24074,0.0005923675
24075,0.000526685
24076,0.0005267116
24077,0.0005120999
24078,0.0005120999
24079,0.001024065
24080,0.001024065
24081,0.0005120999
24082,0.001179735
24083,0.001029882
24084,0.001029962
24085,0.0008921449
24086,0.001179902
24087,0.001023749
24088,0.001023749
24089,0.0007047468
24090,0.0005212894
24091,0.0007267557
24092,0.0005120999
24093,0.0007630476
24094,0.0006971796
24095,0.0007770885
24096,0.0005941407
24097,0.0006179243
24098,0.00102894
24099,0.001023838
24100,0.001023838
24101,0.0005227834
24102,0.001028956
24103,0.001018056
24104,0.001018056
24105,0.001021453
24106,0.001021453
24107,0.0005120999
24108,0.0005120999
24109,0.000514453
24110,0.0005139509
24111,0.0005321834
24112,0.0005152708
24113,0.0005139358
24114,0.0005323627
24115,0.0005335753
24116,0.000516064
24117,0.0005120999
24118,0.0005120999
24119,0.0005847866
24120,0.0005847866
24121,0.0005120999
24122,0.0005120999
24123,0.0005120999
24124,0.0005120999
24125,0.0005447665
24126,0.0005264698
24127,0.000514074
24128,0.0005303194
24129,0.0005269047
24130,0.0005159824
24131,0.0005171458
24132,0.0005208226
24133,0.0005222615
24134,0.001023735
24135,0.0005121014
24136,0.001023735
24137,0.0005121371
24138,0.0005121901
24139,0.0005120999
24140,0.0005120999
24141,0.0005150291
24142,0.0005308158
24143,0.001023837
24144,0.001023837
24145,0.000530188
24146,0.0005872499
24147,0.0005329107
24148,0.0005461274
24149,0.0005281736
24150,0.0005215876
24151,0.0005284271
24152,0.0005120999
24153,0.0005120999
24154,0.0005120999
24155,0.0005120999
24156,0.0005210775
24157,0.0005869649
24158,0.0005180855
24159,0.0005175776
24160,0.001023401
24161,0.0005881969
24162,0.0005239318
24163,0.001023401
24164,0.001023117
24165,0.001023117
24166,0.0005222615
24167,0.001023837
24168,0.001023837
24169,0.0005128555
24170,0.000540623
24171,0.0005120999
24172,0.0005120999
24173,0.0007248682
24174,0.001024132
24175,0.0006719744
24176,0.0005146886
24177,0.001024059
24178,0.0006721782
24179,0.0007248682
24180,0.001024133
24181,0.001024059
24182,0.0005121108
24183,0.0005141635
24184,0.0005141635
24185,0.0005121108
24186,0.0005120999
24187,0.001024854
24188,0.001026288
24189,0.0005221058
24190,0.001023871
24191,0.0005313118
24192,0.0005169327
24193,0.001024859
24194,0.001023872
24195,0.001026288
24196,0.0005120999
24197,0.0005204736
24198,0.0005138248
24199,0.0005352819
24200,0.000520068
24201,0.0005222657
24202,0.0005285995
24203,0.0005270579
24204,0.0005245477
24205,0.0005285016
24206,0.0005136221
24207,0.000549359
24208,0.0006266041
24209,0.0005186166
24210,0.0005564028
24211,0.0005315953
24212,0.0005974828
24213,0.0005358647
24214,0.0005372548
24215,0.0005464552
24216,0.0005974825
24217,0.0005387713
24218,0.0005339061
24219,0.0005120999
24220,0.001023926
24221,0.001023692
24222,0.001023926
24223,0.001023533
24224,0.001023692
24225,0.001023534
24226,0.0007000907
24227,0.0007000907
24228,0.0005566527
24229,0.0005259684
24230,0.0005141666
24231,0.0005377953
24232,0.0005262694
24233,0.0005355267
24234,0.0005125486
24235,0.0005120999
24236,0.0005321248
24237,0.0005237092
24238,0.0005464574
24239,0.0005445338
24240,0.0005147676
24241,0.0005511791
24242,0.0005120999
24243,0.0006005913
24244,0.0005216022
24245,0.000601739
24246,0.0006769342
24247,0.0006771369
24248,0.0006269629
24249,0.0006269898
24250,0.0005175517
24251,0.0005780761
24252,0.0005834847
24253,0.0005957418
24254,0.000627556
24255,0.0005153521
24256,0.0005147915
24257,0.000518921
24258,0.0005148044
24259,0.0005200913
24260,0.0005120999
24261,0.000513789
24262,0.0005327592
24263,0.001023753
24264,0.001023753
24265,0.000514804
24266,0.001023937
24267,0.0005140856
24268,0.0005329509
24269,0.001023726
24270,0.000518419
24271,0.001023726
24272,0.001023937
24273,0.0005355285
24274,0.0005120999
24275,0.0005170238
24276,0.0005285608
24277,0.0005122563
24278,0.0005120999
24279,0.0005122322
24280,0.0005120999
24281,0.0005120999
24282,0.000593059
24283,0.0005252125
24284,0.001023872
24285,0.0005353856
24286,0.001023872
24287,0.0005174716
24288,0.0005210915
24289,0.0005408871
24290,0.0005525874
24291,0.0005120999
24292,0.0005138741
24293,0.0005181853
24294,0.0005154193
24295,0.0005175575
24296,0.000519658
24297,0.0005180225
24298,0.0005146883
24299,0.0005379185
24300,0.0005172294
24301,0.0005120999
24302,0.0005120999
24303,0.0005169469
24304,0.0005190197
24305,0.0005136087
24306,0.0005129094
24307,0.0005192377
24308,0.0005128874
24309,0.0005146022
24310,0.0005175399
24311,0.000536513
24312,0.0005120999
24313,0.001489853
24314,0.001509645
24315,0.0005120999
24316,0.001510608
24317,0.00102374
24318,0.0005265527
24319,0.00102374
24320,0.0005521597
24321,0.0005471901
24322,0.001023997
24323,0.001023999
24324,0.0005333393
24325,0.001023844
24326,0.0005285999
24327,0.001023938
24328,0.0005474755
24329,0.0005895894
24330,0.001023844
24331,0.0005903
24332,0.001023938
24333,0.0005120999
24334,0.0005120999
24335,0.0005171339
24336,0.0005608445
24337,0.0005602053
24338,0.0005165773
24339,0.0005172711
24340,0.0005120999
24341,0.001022794
24342,0.001022794
24343,0.0005120999
24344,0.0005136619
24345,0.0005144687
24346,0.001023884
24347,0.000542011
24348,0.001023878
24349,0.001023682
24350,0.0005332071
24351,0.0005424524
24352,0.001023682
24353,0.0005173413
24354,0.0005317969
24355,0.0005139461
24356,0.0005158795
24357,0.001023697
24358,0.0005431447
24359,0.0005418794
24360,0.001023697
24361,0.0005260824
24362,0.0005120999
24363,0.0005120999
24364,0.001023193
24365,0.0010238
24366,0.0010238
24367,0.0005583285
24368,0.0005332826
24369,0.001023193
24370,0.0005668297
24371,0.0005668297
24372,0.000625862
24373,0.0005988019
24374,0.0007132169
24375,0.0005674346
24376,0.0005292895
24377,0.0005399931
24378,0.0005754965
24379,0.0005502384
24380,0.0005504033
24381,0.0005695192
24382,0.0005543524
24383,0.0005121657
24384,0.0005120999
24385,0.0005143553
24386,0.0005162398
24387,0.0005429125
24388,0.0005306564
24389,0.0005249337
24390,0.0005202531
24391,0.0005121195
24392,0.0005316927
24393,0.0005252755
24394,0.0005347166
24395,0.0005202916
24396,0.001023881
24397,0.0005120999
24398,0.001023881
24399,0.001079117
24400,0.001079191
24401,0.0005120999
24402,0.001023853
24403,0.001023853
24404,0.0005168918
24405,0.001023959
24406,0.001023958
24407,0.001023755
24408,0.001023755
24409,0.0005145039
24410,0.001023804
24411,0.001023798
24412,0.001023804
24413,0.001023798
24414,0.0005123669
24415,0.0005120999
24416,0.001022832
24417,0.001022832
24418,0.0005140896
24419,0.001024665
24420,0.001024671
24421,0.0005142707
24422,0.0005120999
24423,0.0005120999
24424,0.0005279375
24425,0.001022429
24426,0.001023819
24427,0.001022429
24428,0.001023819
24429,0.0005506219
24430,0.0005756194
24431,0.0005445375
24432,0.0005365727
24433,0.0005879062
24434,0.0005122421
24435,0.0005120999
24436,0.0005667893
24437,0.0005852525
24438,0.00102335
24439,0.001050607
24440,0.00102335
24441,0.001050606
24442,0.0005852541
24443,0.0005120999
24444,0.000527485
24445,0.0005217948
24446,0.0005612522
24447,0.001023771
24448,0.001023771
24449,0.001023477
24450,0.0005483862
24451,0.001023472
24452,0.0005120999
24453,0.001022969
24454,0.001022995
24455,0.001008394
24456,0.001008402
24457,0.0005123121
24458,0.0005308917
24459,0.001024073
24460,0.0005134635
24461,0.0005125022
24462,0.0005131065
24463,0.0005178685
24464,0.001024069
24465,0.0006266903
24466,0.0006628789
24467,0.0005196207
24468,0.0006615047
24469,0.0005182775
24470,0.0005190093
24471,0.0005220135
24472,0.0005253737
24473,0.000515188
24474,0.0005120999
24475,0.0005127836
24476,0.0005537653
24477,0.0005461428
24478,0.000812851
24479,0.0007954139
24480,0.0005361095
24481,0.000533753
24482,0.0005139131
24483,0.001023393
24484,0.0005573067
24485,0.001022365
24486,0.001022365
24487,0.001024488
24488,0.00102449
24489,0.001023836
24490,0.0005272985
24491,0.001023392
24492,0.001023836
24493,0.0005120999
24494,0.0005120999
24495,0.0005120999
24496,0.001014606
24497,0.001014606
24498,0.0005236148
24499,0.001019235
24500,0.001019243
24501,0.001023466
24502,0.001023466
24503,0.0005293681
24504,0.000544815
24505,0.0006267287
24506,0.0005334921
24507,0.0005515032
24508,0.0005428204
24509,0.0005168756
24510,0.0006349677
24511,0.0005551354
24512,0.0005675798
24513,0.0007454266
24514,0.0007585137
24515,0.0005121841
24516,0.0005120999
24517,0.0005120999
24518,0.0005185496
24519,0.0005143689
24520,0.0005665688
24521,0.0005265852
24522,0.0005217558
24523,0.0005462074
24524,0.0005175165
24525,0.0005298777
24526,0.0005120999
24527,0.0006537081
24528,0.0005421324
24529,0.0005758147
24530,0.001023799
24531,0.0005669818
24532,0.0005192487
24533,0.0010238
24534,0.0005682803
24535,0.0005500455
24536,0.0005765409
24537,0.0005841412
24538,0.0005120999
24539,0.0005120999
24540,0.0005120999
24541,0.001023556
24542,0.001023906
24543,0.001023435
24544,0.001023433
24545,0.0005383253
24546,0.001023906
24547,0.001023556
24548,0.0005661544
24549,0.0005131902
24550,0.0005320007
24551,0.000535752
24552,0.0005312837
24553,0.0006057965
24554,0.000557863
24555,0.0005556303
24556,0.0005120999
24557,0.0005120999
24558,0.0006170908
24559,0.0005260669
24560,0.0005332754
24561,0.001024107
24562,0.00102358
24563,0.00102358
24564,0.0005306697
24565,0.0005526372
24566,0.0005149755
24567,0.001024107
24568,0.0005284486
24569,0.0005120999
24570,0.0005120999
24571,0.001020284
24572,0.001018662
24573,0.0005449455
24574,0.001023239
24575,0.001023239
24576,0.001018662
24577,0.001020284
24578,0.0005120999
24579,0.0005120999
24580,0.0005373179
24581,0.0005466118
24582,0.0005369707
24583,0.001023669
24584,0.001023669
24585,0.001023668
24586,0.001023668
24587,0.0005120999
24588,0.0005120999
24589,0.0005867079
24590,0.000616929
24591,0.001023495
24592,0.0005212364
24593,0.0005283537
24594,0.000527669
24595,0.0006677335
24596,0.0006687986
24597,0.001023495
24598,0.0005861868
24599,0.001023192
24600,0.001023192
24601,0.0005120999
24602,0.0005120999
24603,0.0005530942
24604,0.0005570975
24605,0.0005543006
24606,0.0005309074
24607,0.000553592
24608,0.0005742398
24609,0.0005120999
24610,0.0005120999
24611,0.001023832
24612,0.001023832
24613,0.0005226303
24614,0.001023117
24615,0.0006722122
24616,0.00102389
24617,0.001023117
24618,0.001023256
24619,0.0005191134
24620,0.001023256
24621,0.0006722307
24622,0.00102389
24623,0.0005120999
24624,0.0005312865
24625,0.000524326
24626,0.0005227358
24627,0.0005643388
24628,0.0005619293
24629,0.0005622701
24630,0.001023266
24631,0.0005534649
24632,0.001023267
24633,0.0005120999
24634,0.0005120999
24635,0.0005392927
24636,0.0005603176
24637,0.000549784
24638,0.0005661126
24639,0.0005672841
24640,0.0005270743
24641,0.000536881
24642,0.0005120999
24643,0.0005448561
24644,0.0005370944
24645,0.0006567111
24646,0.0005582118
24647,0.0005203205
24648,0.0006580505
24649,0.0005120999
24650,0.0005676613
24651,0.0007577016
24652,0.0005952229
24653,0.001023979
24654,0.001023978
24655,0.0005523113
24656,0.0007576003
24657,0.0005492983
24658,0.0005493794
24659,0.0005264987
24660,0.0005529905
24661,0.0005120999
24662,0.0005120999
24663,0.000555932
24664,0.0006171741
24665,0.0005611024
24666,0.0005831742
24667,0.0005737558
24668,0.0005688095
24669,0.0005120999
24670,0.0005556582
24671,0.0005555219
24672,0.000593318
24673,0.001023712
24674,0.001023438
24675,0.000552719
24676,0.001023433
24677,0.001023712
24678,0.0009009124
24679,0.0009009314
24680,0.0006820039
24681,0.001023807
24682,0.001023807
24683,0.0005120999
24684,0.0005120999
24685,0.0005120999
24686,0.0009027233
24687,0.0009027198
24688,0.001010033
24689,0.0006273963
24690,0.0006191779
24691,0.0006268499
24692,0.001010033
24693,0.0006082553
24694,0.001142571
24695,0.001017302
24696,0.0007662497
24697,0.001143072
24698,0.001017302
24699,0.0006054652
24700,0.0005402687
24701,0.0005189521
24702,0.0005293956
24703,0.0005337879
24704,0.0005435875
24705,0.0005175525
24706,0.0005567746
24707,0.0005180654
24708,0.0005234211
24709,0.0005130415
24710,0.0005141963
24711,0.0005678359
24712,0.0005308721
24713,0.0005120999
24714,0.0005263758
24715,0.001023857
24716,0.001023965
24717,0.001023857
24718,0.001023965
24719,0.0005340041
24720,0.0005811556
24721,0.0005480859
24722,0.000528016
24723,0.0005446272
24724,0.000537122
24725,0.001023525
24726,0.001023526
24727,0.001015976
24728,0.001015976
24729,0.0006871501
24730,0.0006850819
24731,0.0005138962
24732,0.001024504
24733,0.001037253
24734,0.001037262
24735,0.001024504
24736,0.001038369
24737,0.001038365
24738,0.0005469733
24739,0.0005120999
24740,0.0005120999
24741,0.0005120999
24742,0.0005121328
24743,0.0005824947
24744,0.0005690143
24745,0.0005700305
24746,0.001023746
24747,0.0005234735
24748,0.0005222873
24749,0.000649714
24750,0.001023746
24751,0.0006484796
24752,0.0005846661
24753,0.0005372211
24754,0.0005120999
24755,0.0005120999
24756,0.001023945
24757,0.001023932
24758,0.001030811
24759,0.0007437268
24760,0.001023932
24761,0.001023945
24762,0.001023855
24763,0.001030815
24764,0.0007456638
24765,0.001023855
24766,0.0005469088
24767,0.0005412658
24768,0.0005672306
24769,0.0005560733
24770,0.0005679532
24771,0.000577315
24772,0.0009982799
24773,0.0005844194
24774,0.0006461837
24775,0.0005964503
24776,0.0006718937
24777,0.0009982798
24778,0.0006211306
24779,0.0007527605
24780,0.001135995
24781,0.001054565
24782,0.001054586
24783,0.0006810927
24784,0.001136029
24785,0.000713917
24786,0.0007280817
24787,0.0005214108
24788,0.001023898
24789,0.001023898
24790,0.0005335226
24791,0.0005120999
24792,0.0005120999
24793,0.0005120999
24794,0.0005133576
24795,0.000518529
24796,0.001023846
24797,0.0005203952
24798,0.0006777417
24799,0.001023939
24800,0.0006737318
24801,0.001023938
24802,0.0005758301
24803,0.0005791408
24804,0.0006681967
24805,0.0005754035
24806,0.001023846
24807,0.0006605803
24808,0.0005991461
24809,0.0005156269
24810,0.0005120999
24811,0.0005120999
24812,0.0005146699
24813,0.001023584
24814,0.001023585
24815,0.0006714709
24816,0.001023873
24817,0.0006280554
24818,0.0007665578
24819,0.0007665263
24820,0.001023873
24821,0.0005733028
24822,0.0005807506
24823,0.0005430151
24824,0.0005527831
24825,0.0005624043
24826,0.0005120999
24827,0.0005573062
24828,0.0005707913
24829,0.0005515915
24830,0.0006077627
24831,0.001011684
24832,0.001011684
24833,0.001034883
24834,0.001034896
24835,0.0005860942
24836,0.001023641
24837,0.001023641
24838,0.001023908
24839,0.001023908
24840,0.0006737933
24841,0.0005464935
24842,0.0008300208
24843,0.0008302958
24844,0.0005412669
24845,0.0006919414
24846,0.0005727073
24847,0.0005120999
24848,0.0005120999
24849,0.0008691306
24850,0.001023559
24851,0.0008691306
24852,0.001023871
24853,0.001023152
24854,0.001023871
24855,0.001023559
24856,0.001023152
24857,0.0006129962
24858,0.0005357395
24859,0.0005643092
24860,0.000546007
24861,0.000559018
24862,0.0005402223
24863,0.0005750173
24864,0.0005623612
24865,0.0005422687
24866,0.0006268545
24867,0.0006286631
24868,0.0005995668
24869,0.000981779
24870,0.0009817278
24871,0.001023329
24872,0.001023875
24873,0.001023875
24874,0.001023949
24875,0.001023949
24876,0.00102333
24877,0.001024932
24878,0.001025193
24879,0.001024928
24880,0.001025192
24881,0.001019134
24882,0.001019134
24883,0.001009382
24884,0.001009382
24885,0.0005132204
24886,0.0005163148
24887,0.0006241458
24888,0.0005199791
24889,0.0005194358
24890,0.001023713
24891,0.001023713
24892,0.001026782
24893,0.001026788
24894,0.0005120999
24895,0.0005120999
24896,0.0005409962
24897,0.0005840455
24898,0.0005522674
24899,0.0005424622
24900,0.0005658315
24901,0.0005481459
24902,0.0005685843
24903,0.0006324691
24904,0.001039006
24905,0.0006328345
24906,0.001038673
24907,0.0005616728
24908,0.0005576193
24909,0.001048684
24910,0.001028158
24911,0.001028161
24912,0.001048705
24913,0.001023339
24914,0.0005192554
24915,0.0005350323
24916,0.0005343987
24917,0.0005235184
24918,0.0005173719
24919,0.0005346176
24920,0.0005173723
24921,0.0005238258
24922,0.001023339
24923,0.001023317
24924,0.001023317
24925,0.0005120999
24926,0.0005120999
24927,0.0005120999
24928,0.0005120999
24929,0.0005120999
24930,0.0005120999
24931,0.0005637098
24932,0.0007390989
24933,0.0006301282
24934,0.0006133121
24935,0.0006362189
24936,0.0005596804
24937,0.001023789
24938,0.001023931
24939,0.001023931
24940,0.001024669
24941,0.00102467
24942,0.0006498503
24943,0.001023789
24944,0.0006593225
24945,0.0006187045
24946,0.0006298661
24947,0.0005239978
24948,0.001029622
24949,0.001029704
24950,0.000512266
24951,0.001023979
24952,0.001023979
24953,0.0005557718
24954,0.0005708501
24955,0.0005710291
24956,0.0005185355
24957,0.0005557718
24958,0.0005120999
24959,0.0005120999
24960,0.0006897718
24961,0.0006875165
24962,0.0005810406
24963,0.0007101091
24964,0.000575247
24965,0.0005560179
24966,0.0005472805
24967,0.0005214704
24968,0.0005491762
24969,0.0005196566
24970,0.00102498
24971,0.00102498
24972,0.001024975
24973,0.001024971
24974,0.001023591
24975,0.001023993
24976,0.001023993
24977,0.0007786421
24978,0.0007786617
24979,0.001023591
24980,0.001024287
24981,0.0005324595
24982,0.0005455418
24983,0.00102388
24984,0.001024287
24985,0.00102388
24986,0.0005172733
24987,0.0005173646
24988,0.0005271491
24989,0.0005481814
24990,0.0005120999
24991,0.0009333011
24992,0.001020755
24993,0.00101762
24994,0.001016611
24995,0.0009333011
24996,0.001020755
24997,0.001016611
24998,0.001017621
24999,0.0005120999
25000,0.0008001922
25001,0.001022808
25002,0.000610386
25003,0.001022808
25004,0.0008003981
25005,0.0006050487
25006,0.0005655088
25007,0.0008402336
25008,0.0006169358
25009,0.0006254828
25010,0.0005651722
25011,0.0006169241
25012,0.0005297785
25013,0.0005215643
25014,0.001023899
25015,0.001023897
25016,0.00102307
25017,0.00102307
25018,0.0007060532
25019,0.0005452528
25020,0.0007064154
25021,0.0005120999
25022,0.0005121243
25023,0.0005120999
25024,0.0005120999
25025,0.0005120999
25026,0.001023786
25027,0.001023786
25028,0.0007910206
25029,0.0007376668
25030,0.0007376255
25031,0.0008320214
25032,0.0008320214
25033,0.0007910206
25034,0.0005521927
25035,0.0005346824
25036,0.0005346756
25037,0.001018383
25038,0.001018383
25039,0.0005192066
25040,0.0005132988
25041,0.0005346742
25042,0.0005351666
25043,0.0005695295
25044,0.0005734212
25045,0.0005120999
25046,0.0005509063
25047,0.0005789932
25048,0.0006097815
25049,0.001022382
25050,0.001022382
25051,0.0005215329
25052,0.0005157184
25053,0.0005124368
25054,0.0007027426
25055,0.0007027426
25056,0.0005200742
25057,0.000519813
25058,0.0005183733
25059,0.0005276883
25060,0.001023859
25061,0.001023859
25062,0.0005120999
25063,0.0005120999
25064,0.0005120999
25065,0.0005120999
25066,0.0005120999
25067,0.0005820292
25068,0.0005755457
25069,0.0006169759
25070,0.0005957623
25071,0.00053805
25072,0.0005499074
25073,0.001020214
25074,0.001020214
25075,0.0005385322
25076,0.0005447121
25077,0.0005158472
25078,0.0005349107
25079,0.0005813952
25080,0.0005263513
25081,0.0005161804
25082,0.0005366712
25083,0.0005123526
25084,0.0005151608
25085,0.0005127488
25086,0.0005153389
25087,0.0006271121
25088,0.0005597183
25089,0.00102367
25090,0.00102367
25091,0.000681568
25092,0.0006975896
25093,0.0005258888
25094,0.0005120999
25095,0.0005120999
25096,0.0005120999
25097,0.001036205
25098,0.001021198
25099,0.00102366
25100,0.001022021
25101,0.001036365
25102,0.001021198
25103,0.00102366
25104,0.001022021
25105,0.0005120999
25106,0.0005120999
25107,0.0005470109
25108,0.0006217714
25109,0.0005387963
25110,0.0006161348
25111,0.0005356288
25112,0.0007077406
25113,0.0006952569
25114,0.0005406122
25115,0.0005355122
25116,0.0005196805
25117,0.0005294213
25118,0.0005120999
25119,0.0009187174
25120,0.0009194149
25121,0.0005329523
25122,0.0005122568
25123,0.0006056991
25124,0.0005120999
25125,0.0005120999
25126,0.000561173
25127,0.0005400836
25128,0.0005163344
25129,0.0005446565
25130,0.0009306342
25131,0.0009318942
25132,0.0005440606
25133,0.0005440606
25134,0.0008016748
25135,0.0006610438
25136,0.0006845603
25137,0.0006425116
25138,0.0005120999
25139,0.0006425116
25140,0.000628906
25141,0.0005782717
25142,0.000592202
25143,0.0005781866
25144,0.0005602218
25145,0.0005120999
25146,0.0005120999
25147,0.0005120999
25148,0.0005120999
25149,0.0005506274
25150,0.0006120175
25151,0.001023961
25152,0.0006142492
25153,0.0005578566
25154,0.001023961
25155,0.0005122225
25156,0.0005124878
25157,0.0005272459
25158,0.000513286
25159,0.0005187624
25160,0.0005120999
25161,0.0005128508
25162,0.0005122568
25163,0.0005120999
25164,0.001023808
25165,0.001023808
25166,0.001025462
25167,0.0005374605
25168,0.001025453
25169,0.001035242
25170,0.001035267
25171,0.0005156822
25172,0.00102011
25173,0.00102011
25174,0.0005120999
25175,0.0005120999
25176,0.001024266
25177,0.001024266
25178,0.0005261844
25179,0.0005583641
25180,0.0005578506
25181,0.0005273589
25182,0.000512115
25183,0.001014552
25184,0.001014551
25185,0.001001209
25186,0.001001209
25187,0.0005120999
25188,0.0005120999
25189,0.0005492847
25190,0.0005258358
25191,0.0005438725
25192,0.0006621624
25193,0.001023823
25194,0.0005511623
25195,0.001022914
25196,0.0005227007
25197,0.0006621624
25198,0.001022914
25199,0.001023822
25200,0.0005120999
25201,0.0005120999
25202,0.0005120999
25203,0.0005120999
25204,0.0005120999
25205,0.001023929
25206,0.001023929
25207,0.0008438247
25208,0.0008096093
25209,0.000810219
25210,0.0008446857
25211,0.00052284
25212,0.0005207034
25213,0.000520708
25214,0.0005120999
25215,0.0005120999
25216,0.0005120999
25217,0.001023856
25218,0.001023856
25219,0.000535034
25220,0.0005510048
25221,0.0005473248
25222,0.00100153
25223,0.00100153
25224,0.0005128742
25225,0.0005120999
25226,0.0005120999
25227,0.0005120999
25228,0.0005120999
25229,0.0005120999
25230,0.001310615
25231,0.001245953
25232,0.0005397459
25233,0.0005397886
25234,0.0005488212
25235,0.0006004656
25236,0.0005988121
25237,0.0005523498
25238,0.0005145918
25239,0.0005593756
25240,0.0005151707
25241,0.0005196555
25242,0.0005120999
25243,0.0005120999
25244,0.0005497184
25245,0.0005494836
25246,0.0005356148
25247,0.000516729
25248,0.001023641
25249,0.0005384926
25250,0.001023641
25251,0.001023853
25252,0.001023853
25253,0.0005120999
25254,0.0005120999
25255,0.0005121776
25256,0.0005120999
25257,0.0005377966
25258,0.001015975
25259,0.00102476
25260,0.001024767
25261,0.001029793
25262,0.001015974
25263,0.00102986
25264,0.0005647067
25265,0.0005647067
25266,0.0005120999
25267,0.0005120999
25268,0.01457272
25269,0.0006658628
25270,0.0106026
25271,0.01711406
25272,0.0005120999
25273,0.0005121446
25274,0.01153195
25275,0.0005374592
25276,0.0005860123
25277,0.0005235039
25278,0.0005901588
25279,0.0005252922
25280,0.0005480455
25281,0.0005120999
25282,0.0005433031
25283,0.0005163423
25284,0.0005392748
25285,0.0005540792
25286,0.0005230078
25287,0.0005268392
25288,0.001023824
25289,0.001023824
25290,0.0005657981
25291,0.0005184758
25292,0.0005120999
25293,0.0005121776
25294,0.0005120999
25295,0.0005120999
25296,0.0005120999
25297,0.0005120999
25298,0.0005120999
25299,0.0007271
25300,0.0005974318
25301,0.000707191
25302,0.0005121048
25303,0.0005506368
25304,0.0005123505
25305,0.0005123505
25306,0.0005122912
25307,0.0005120999
25308,0.0005396993
25309,0.001023466
25310,0.0005204791
25311,0.0005223911
25312,0.001023466
25313,0.0005181823
25314,0.0005120999
25315,0.0005120999
25316,0.000702543
25317,0.000702543
25318,0.0005120999
25319,0.0005309813
25320,0.001023882
25321,0.001023882
25322,0.001003878
25323,0.001004251
25324,0.0005494532
25325,0.0005824012
25326,0.0008199044
25327,0.0008227801
25328,0.0006168232
25329,0.0005642718
25330,0.0005572097
25331,0.0005331232
25332,0.0005886718
25333,0.0006731416
25334,0.0005123083
25335,0.000571724
25336,0.0005120999
25337,0.0006269141
25338,0.0006269153
25339,0.0005120999
25340,0.001023675
25341,0.001023674
25342,0.0005146594
25343,0.00102472
25344,0.00102472
25345,0.0005268138
25346,0.0006178491
25347,0.0005120999
25348,0.0005120999
25349,0.0005120999
25350,0.0005120999
25351,0.0005120999
25352,0.001023926
25353,0.001023813
25354,0.001023813
25355,0.001023926
25356,0.000523705
25357,0.0005120999
25358,0.0005120999
25359,0.0005120999
25360,0.0005815323
25361,0.0005676063
25362,0.0005782055
25363,0.0005507526
25364,0.0006407216
25365,0.0006521992
25366,0.0005640131
25367,0.000562274
25368,0.0005144452
25369,0.0005380255
25370,0.0005121575
25371,0.0005168516
25372,0.0005120999
25373,0.0005874067
25374,0.0005379349
25375,0.0005262074
25376,0.0006002231
25377,0.001023867
25378,0.001023867
25379,0.0006024393
25380,0.0005140156
25381,0.0005120999
25382,0.0005120999
25383,0.0005120999
25384,0.0005120999
25385,0.0005120999
25386,0.001039354
25387,0.0005434317
25388,0.0005369828
25389,0.001039309
25390,0.0005288295
25391,0.0005120999
25392,0.0005120999
25393,0.0005120999
25394,0.00084724
25395,0.0008477044
25396,0.0005610591
25397,0.000663245
25398,0.0006584412
25399,0.001024362
25400,0.001024356
25401,0.0005246164
25402,0.0005578645
25403,0.0005188533
25404,0.0005486657
25405,0.0005142363
25406,0.00052641
25407,0.0005454828
25408,0.0005869768
25409,0.0005265814
25410,0.0005381238
25411,0.0008590918
25412,0.0010233
25413,0.001023324
25414,0.0005516718
25415,0.0006338957
25416,0.0005279533
25417,0.0006174744
25418,0.0007615798
25419,0.0007615798
25420,0.0005829857
25421,0.0005419824
25422,0.0005998918
25423,0.0005380586
25424,0.0005643398
25425,0.0005697492
25426,0.000530426
25427,0.000569324
25428,0.0005998924
25429,0.0005120999
25430,0.0005120999
25431,0.0005120999
25432,0.0005180903
25433,0.001024472
25434,0.001023685
25435,0.001023585
25436,0.001023829
25437,0.0005470348
25438,0.0005359304
25439,0.001024474
25440,0.001023829
25441,0.001023585
25442,0.001023685
25443,0.0005133812
25444,0.0005129661
25445,0.0005120999
25446,0.0005120999
25447,0.0005120999
25448,0.001040961
25449,0.001040944
25450,0.001070119
25451,0.001040012
25452,0.00104002
25453,0.001070115
25454,0.002608305
25455,0.002507373
25456,0.003097754
25457,0.003276771
25458,0.003494007
25459,0.003351292
25460,0.003524257
25461,0.003547
25462,0.0005991843
25463,0.003168585
25464,0.002911819
25465,0.003242637
25466,0.003178724
25467,0.002504325
25468,0.003375758
25469,0.002781174
25470,0.003493552
25471,0.0006527186
25472,0.00335481
25473,0.00277842
25474,0.003524525
25475,0.003375371
25476,0.0007060876
25477,0.000987921
25478,0.0007156797
25479,0.0006774576
25480,0.0005869768
25481,0.0009776455
25482,0.0005276445
25483,0.0005687551
25484,0.000591954
25485,0.000857875
25486,0.000625776
25487,0.0005571665
25488,0.001023911
25489,0.001024052
25490,0.001024052
25491,0.001023911
25492,0.0005123811
25493,0.0005120999
25494,0.0005120999
25495,0.0005120999
25496,0.0005438109
25497,0.0005296478
25498,0.0005155822
25499,0.0005242491
25500,0.0005689103
25501,0.0005293766
25502,0.0005704352
25503,0.0005315087
25504,0.0005147417
25505,0.0005120999
25506,0.001012978
25507,0.001012978
25508,0.0005120999
25509,0.0005163362
25510,0.001023308
25511,0.0005337225
25512,0.0005366143
25513,0.0006497626
25514,0.0005256794
25515,0.001023308
25516,0.0005142839
25517,0.0005209676
25518,0.0005205707
25519,0.0005124072
25520,0.0005227976
25521,0.0005121069
25522,0.0005296721
25523,0.0005387784
25524,0.0005467873
25525,0.0006087644
25526,0.0005147717
25527,0.0005268606
25528,0.0006076948
25529,0.001023923
25530,0.001023923
25531,0.0005164334
25532,0.0005120999
25533,0.0005120999
25534,0.0005632586
25535,0.000516721
25536,0.0005158969
25537,0.0005128578
25538,0.0005582481
25539,0.0005214929
25540,0.0005178975
25541,0.0005152321
25542,0.0005125906
25543,0.0005123602
25544,0.0005123577
25545,0.0005120999
25546,0.00102217
25547,0.00102217
25548,0.0005122834
25549,0.0005120999
25550,0.0005150291
25551,0.0005664276
25552,0.0006775855
25553,0.0006812644
25554,0.0005156238
25555,0.0005587185
25556,0.0005121
25557,0.0005120999
25558,0.0005121249
25559,0.0005120999
25560,0.0005121509
25561,0.0005120999
25562,0.0005226522
25563,0.0005120999
25564,0.0009083106
25565,0.0009083105
25566,0.0005592339
25567,0.0005143681
25568,0.000516635
25569,0.0005155223
25570,0.0005466001
25571,0.0005188321
25572,0.0005556212
25573,0.0005191644
25574,0.0005278653
25575,0.0005183026
25576,0.000585986
25577,0.0005296097
25578,0.0005270597
25579,0.0005330836
25580,0.0005121992
25581,0.0005120999
25582,0.001015931
25583,0.00102248
25584,0.001015933
25585,0.00102248
25586,0.001014494
25587,0.001014494
25588,0.0005640855
25589,0.0010238
25590,0.0010238
25591,0.0005803263
25592,0.0005132672
25593,0.0005284067
25594,0.000528541
25595,0.0005189976
25596,0.0005197334
25597,0.0005120999
25598,0.0005120999
25599,0.0005323244
25600,0.000523548
25601,0.0006911379
25602,0.0006819466
25603,0.0005120999
25604,0.0006016523
25605,0.001023836
25606,0.001023836
25607,0.0005242146
25608,0.0005597307
25609,0.0005133951
25610,0.001027992
25611,0.0005131571
25612,0.0005244343
25613,0.0005261615
25614,0.001027962
25615,0.0005522829
25616,0.0005405467
25617,0.0005788757
25618,0.0005121867
25619,0.0005206084
25620,0.0009945383
25621,0.0009945412
25622,0.0005120999
25623,0.001023725
25624,0.0005835393
25625,0.0005360285
25626,0.0005322482
25627,0.0005778837
25628,0.001023725
25629,0.0005182094
25630,0.0005166922
25631,0.0005789379
25632,0.0005177221
25633,0.0005122322
25634,0.0005120999
25635,0.0005120999
25636,0.0005180765
25637,0.001024124
25638,0.0005197658
25639,0.0005226029
25640,0.0005457726
25641,0.0005377323
25642,0.001024125
25643,0.0005120999
25644,0.000525215
25645,0.0005155315
25646,0.001023644
25647,0.001023644
25648,0.0005261042
25649,0.0005462203
25650,0.0005441816
25651,0.0005121176
25652,0.0005172804
25653,0.0005120999
25654,0.0005120999
25655,0.0005120999
25656,0.0005317737
25657,0.0005718441
25658,0.0005327911
25659,0.0005125121
25660,0.0005201036
25661,0.0005684096
25662,0.0005120999
25663,0.0005120999
25664,0.001023706
25665,0.001023706
25666,0.001055498
25667,0.001055478
25668,0.001023877
25669,0.0005123309
25670,0.0005701283
25671,0.001023107
25672,0.0005659563
25673,0.0005625886
25674,0.0005254511
25675,0.001023877
25676,0.001023791
25677,0.001023791
25678,0.001023107
25679,0.0005659416
25680,0.0005281589
25681,0.0005120999
25682,0.0006242914
25683,0.0005364952
25684,0.0006790504
25685,0.0006285085
25686,0.0005134924
25687,0.0005218736
25688,0.0006205218
25689,0.0005653305
25690,0.0005120999
25691,0.0005120999
25692,0.0005120999
25693,0.0005785613
25694,0.001024078
25695,0.001024078
25696,0.001023677
25697,0.0005145015
25698,0.0005391969
25699,0.0005683971
25700,0.0005209467
25701,0.0005222874
25702,0.001023677
25703,0.0005706867
25704,0.0005136802
25705,0.0005138699
25706,0.000513716
25707,0.0005328138
25708,0.0005641123
25709,0.0005641123
25710,0.0005120999
25711,0.0005195132
25712,0.0005674475
25713,0.0005152221
25714,0.0005120999
25715,0.0005121044
25716,0.000544452
25717,0.0005379238
25718,0.00102317
25719,0.000524625
25720,0.001023169
25721,0.0005316371
25722,0.0005227758
25723,0.0005722273
25724,0.0005491585
25725,0.0005149138
25726,0.0005192938
25727,0.001019827
25728,0.001019827
25729,0.0005120999
25730,0.001025577
25731,0.001023925
25732,0.001023925
25733,0.001025578
25734,0.0005120999
25735,0.0005267636
25736,0.0005449825
25737,0.0005950064
25738,0.0005615638
25739,0.0005634742
25740,0.0005958303
25741,0.0005371762
25742,0.0007076298
25743,0.0005220167
25744,0.0006040949
25745,0.0007106657
25746,0.0006124041
25747,0.0005833208
25748,0.0005756647
25749,0.0005245116
25750,0.0005147132
25751,0.0005125236
25752,0.0005402422
25753,0.001023491
25754,0.0005381337
25755,0.0005277662
25756,0.0005532473
25757,0.001023491
25758,0.0005176784
25759,0.000622901
25760,0.0005120999
25761,0.0005120999
25762,0.0005255007
25763,0.0005120999
25764,0.0006814349
25765,0.001023754
25766,0.001023754
25767,0.00102305
25768,0.000568336
25769,0.000568336
25770,0.001023805
25771,0.0005241808
25772,0.001023805
25773,0.00102305
25774,0.00102327
25775,0.0005120999
25776,0.0005120999
25777,0.00102327
25778,0.0005120999
25779,0.0005120999
25780,0.0005120999
25781,0.0005341131
25782,0.000562655
25783,0.0005555839
25784,0.001023527
25785,0.0005154301
25786,0.0005121129
25787,0.001023527
25788,0.0005797063
25789,0.001023905
25790,0.001023905
25791,0.0005144385
25792,0.0005120999
25793,0.0005126128
25794,0.001024138
25795,0.001024137
25796,0.001028791
25797,0.001028778
25798,0.001029426
25799,0.001029435
25800,0.001023365
25801,0.001023363
25802,0.0005122052
25803,0.000512131
25804,0.0005120999
25805,0.0005154051
25806,0.0005224716
25807,0.0005558927
25808,0.001023806
25809,0.001023663
25810,0.001023663
25811,0.001023806
25812,0.0005323668
25813,0.0005348141
25814,0.0005179039
25815,0.0005564241
25816,0.0005188765
25817,0.0005148618
25818,0.0005134726
25819,0.000512251
25820,0.0005137635
25821,0.0005139057
25822,0.0005151017
25823,0.0005120999
25824,0.0005120999
25825,0.001069953
25826,0.001069969
25827,0.0005159077
25828,0.001023879
25829,0.001023879
25830,0.001023098
25831,0.0005271477
25832,0.0006139981
25833,0.001023326
25834,0.00102386
25835,0.001023955
25836,0.001023321
25837,0.001023098
25838,0.0005523157
25839,0.0005905997
25840,0.001023955
25841,0.00102386
25842,0.0005434419
25843,0.0005120999
25844,0.0005120999
25845,0.0005120999
25846,0.0005120999
25847,0.0005905039
25848,0.0005129912
25849,0.001062048
25850,0.001062014
25851,0.001021371
25852,0.001021371
25853,0.0005236609
25854,0.000629551
25855,0.0005416786
25856,0.0006295547
25857,0.000563366
25858,0.00103923
25859,0.000515637
25860,0.0005597339
25861,0.0005547429
25862,0.001039232
25863,0.0005120999
25864,0.0005121363
25865,0.0005172194
25866,0.001023566
25867,0.0005593043
25868,0.001023566
25869,0.0005212976
25870,0.0005133563
25871,0.000526028
25872,0.001023473
25873,0.001023473
25874,0.0005120999
25875,0.0005879296
25876,0.001023958
25877,0.00102396
25878,0.0005521033
25879,0.0005878725
25880,0.0006494466
25881,0.0006371956
25882,0.0005120999
25883,0.0005120999
25884,0.0005120999
25885,0.0005120999
25886,0.00100381
25887,0.0005338961
25888,0.0005424401
25889,0.001011539
25890,0.001003807
25891,0.001011522
25892,0.0005323959
25893,0.001023965
25894,0.001023965
25895,0.0009623752
25896,0.0005121429
25897,0.0005177159
25898,0.0005147703
25899,0.0005210579
25900,0.0005169669
25901,0.000519276
25902,0.00102379
25903,0.001026486
25904,0.00102337
25905,0.00102337
25906,0.001023797
25907,0.001024619
25908,0.0005185996
25909,0.001023892
25910,0.001023892
25911,0.001026482
25912,0.0005262514
25913,0.00102379
25914,0.001023796
25915,0.001024623
25916,0.0005120999
25917,0.0005120999
25918,0.0005120999
25919,0.0005364644
25920,0.0006894825
25921,0.0006894825
25922,0.001015435
25923,0.001015436
25924,0.00053979
25925,0.0005120999
25926,0.0009623751
25927,0.0005263264
25928,0.0005256096
25929,0.0005348923
25930,0.0005167841
25931,0.000517507
25932,0.0005212747
25933,0.0005348483
25934,0.0005120999
25935,0.0005288563
25936,0.0006669387
25937,0.00066667
25938,0.001023825
25939,0.001023825
25940,0.0005288771
25941,0.001023584
25942,0.001023584
25943,0.0005293204
25944,0.0005798902
25945,0.0005120999
25946,0.0005120999
25947,0.0005680253
25948,0.0005708158
25949,0.0005537509
25950,0.0006170524
25951,0.0005298276
25952,0.000616944
25953,0.0005120999
25954,0.0005120999
25955,0.0005422925
25956,0.0005151138
25957,0.00102349
25958,0.000541109
25959,0.0006049544
25960,0.000631405
25961,0.0005442044
25962,0.0005375693
25963,0.001023489
25964,0.0005441535
25965,0.0005120999
25966,0.0005287498
25967,0.0005603685
25968,0.0005509098
25969,0.0005802794
25970,0.001022982
25971,0.0005251393
25972,0.001022982
25973,0.0005196808
25974,0.0005174797
25975,0.0005443213
25976,0.0005602101
25977,0.0005295275
25978,0.001023861
25979,0.001023861
25980,0.0005120999
25981,0.0005120999
25982,0.0005120999
25983,0.0005568127
25984,0.0006212937
25985,0.000584726
25986,0.0006520943
25987,0.0006499701
25988,0.0005790053
25989,0.0005120999
25990,0.0005120999
25991,0.001023462
25992,0.0005462596
25993,0.0005230604
25994,0.0005384521
25995,0.001023462
25996,0.0005947954
25997,0.0006250241
25998,0.0006250241
25999,0.0005120999
26000,0.0005429734
26001,0.0006456469
26002,0.0005181536
26003,0.0005289364
26004,0.0006124441
26005,0.0005804657
26006,0.0005410006
26007,0.0006399598
26008,0.0005780689
26009,0.0005120999
26010,0.0006166048
26011,0.001019273
26012,0.001019273
26013,0.0005716337
26014,0.0006492594
26015,0.0006461539
26016,0.0005120999
26017,0.0005120999
26018,0.0007520665
26019,0.0005505615
26020,0.000682003
26021,0.0007519947
26022,0.0005520043
26023,0.0006138834
26024,0.0005250781
26025,0.0005345129
26026,0.0005120999
26027,0.0005120999
26028,0.0005120999
26029,0.000560432
26030,0.0008842772
26031,0.0005892675
26032,0.001023411
26033,0.001023411
26034,0.0008840289
26035,0.0005348974
26036,0.0005371128
26037,0.0005859458
26038,0.001019325
26039,0.001019325
26040,0.001023939
26041,0.001023941
26042,0.0005120999
26043,0.0005159329
26044,0.001022872
26045,0.0005621325
26046,0.0005637333
26047,0.0005338124
26048,0.001022872
26049,0.0005271162
26050,0.0005413541
26051,0.0005408511
26052,0.0005298723
26053,0.0005517461
26054,0.0005120999
26055,0.0005835989
26056,0.0005795519
26057,0.001014608
26058,0.0005356457
26059,0.001014608
26060,0.0005883913
26061,0.0005209539
26062,0.001017643
26063,0.001017643
26064,0.001011072
26065,0.001013777
26066,0.0005326752
26067,0.00101107
26068,0.001013784
26069,0.00102325
26070,0.00102325
26071,0.0005120999
26072,0.0005320747
26073,0.000547808
26074,0.0006641797
26075,0.0006642877
26076,0.0005120999
26077,0.0005120999
26078,0.0005187222
26079,0.0005359239
26080,0.0005547952
26081,0.0005847777
26082,0.0005739486
26083,0.0005443503
26084,0.0005792729
26085,0.0005837727
26086,0.0005742487
26087,0.0005193966
26088,0.0005780254
26089,0.0005542135
26090,0.0005188471
26091,0.0005120999
26092,0.0005120999
26093,0.0005930588
26094,0.001064474
26095,0.001064488
26096,0.0006001691
26097,0.0006085561
26098,0.0005400242
26099,0.0005440052
26100,0.0005927525
26101,0.000581797
26102,0.000599455
26103,0.0006030542
26104,0.0005886789
26105,0.000813754
26106,0.0005274459
26107,0.001030697
26108,0.00103072
26109,0.0008074197
26110,0.001029177
26111,0.0005930492
26112,0.001029162
26113,0.0005559226
26114,0.0005167709
26115,0.0005195575
26116,0.001026017
26117,0.001026017
26118,0.0005279352
26119,0.0005120999
26120,0.000512394
26121,0.001022501
26122,0.001022501
26123,0.0005655549
26124,0.001023772
26125,0.0005879123
26126,0.0005716804
26127,0.001023772
26128,0.0005305444
26129,0.0005652569
26130,0.000530036
26131,0.0005354772
26132,0.0005269766
26133,0.000531048
26134,0.0005120999
26135,0.0005120999
26136,0.0005120999
26137,0.0006668702
26138,0.001023446
26139,0.00102389
26140,0.001023889
26141,0.001023446
26142,0.0005928595
26143,0.0005306322
26144,0.0005482796
26145,0.0005859901
26146,0.0005893931
26147,0.000554284
26148,0.00102377
26149,0.00102377
26150,0.001000597
26151,0.001000579
26152,0.001007015
26153,0.0005287559
26154,0.001007006
26155,0.001023831
26156,0.001023831
26157,0.0007288532
26158,0.0005157468
26159,0.000516721
26160,0.0005192069
26161,0.0007279497
26162,0.0005192323
26163,0.0005276775
26164,0.0005734809
26165,0.0005744434
26166,0.0005287756
26167,0.000515686
26168,0.0005120999
26169,0.0005120999
26170,0.0005120999
26171,0.001023962
26172,0.0006603586
26173,0.0008389825
26174,0.0006590689
26175,0.0006141397
26176,0.0008389824
26177,0.0006139653
26178,0.001023961
26179,0.0005130203
26180,0.0005602592
26181,0.0006800577
26182,0.0005319985
26183,0.0005374457
26184,0.0005614726
26185,0.0007190491
26186,0.0005255368
26187,0.0005804728
26188,0.0005693814
26189,0.0005805864
26190,0.0005644479
26191,0.0005228139
26192,0.0005585229
26193,0.0005697725
26194,0.0005120999
26195,0.001023188
26196,0.001023188
26197,0.001023483
26198,0.001023483
26199,0.000800101
26200,0.000801792
26201,0.001023425
26202,0.001023425
26203,0.001023553
26204,0.001023373
26205,0.001023553
26206,0.001023392
26207,0.0005715851
26208,0.001023996
26209,0.001023996
26210,0.0005694472
26211,0.0005131237
26212,0.0005291269
26213,0.0005120999
26214,0.0005120999
26215,0.0005120999
26216,0.0005120999
26217,0.0005120999
26218,0.0005395967
26219,0.0005161056
26220,0.0005281004
26221,0.0005123096
26222,0.0005481659
26223,0.000543936
26224,0.0009475321
26225,0.0009475353
26226,0.0005220574
26227,0.0005480725
26228,0.001012532
26229,0.001012484
26230,0.00102641
26231,0.001026421
26232,0.001047297
26233,0.0005174098
26234,0.001047274
26235,0.0005236326
26236,0.0005361751
26237,0.0005376646
26238,0.0005713762
26239,0.000536187
26240,0.001023814
26241,0.001023814
26242,0.0005120999
26243,0.0007878543
26244,0.0006123726
26245,0.0006169633
26246,0.0006885703
26247,0.0006884522
26248,0.0007392186
26249,0.001013853
26250,0.001023525
26251,0.0005297357
26252,0.001023527
26253,0.00101387
26254,0.00102501
26255,0.0006990898
26256,0.0006990882
26257,0.001025008
26258,0.00102277
26259,0.001022771
26260,0.0005165739
26261,0.0005655345
26262,0.0005182454
26263,0.001023676
26264,0.001023676
26265,0.0005152872
26266,0.0005130496
26267,0.001023956
26268,0.0005635623
26269,0.001023956
26270,0.0005120999
26271,0.0005120999
26272,0.0005120999
26273,0.0005120999
26274,0.0009787291
26275,0.0005743763
26276,0.0005691391
26277,0.0006093929
26278,0.0009787291
26279,0.0007105324
26280,0.0005121056
26281,0.0009629878
26282,0.0007457518
26283,0.0008402336
26284,0.0009882782
26285,0.001023339
26286,0.00102334
26287,0.0005392914
26288,0.0006446108
26289,0.0005692196
26290,0.000564361
26291,0.0006431089
26292,0.0010242
26293,0.001024201
26294,0.0005287451
26295,0.0005528465
26296,0.0005154705
26297,0.0005493127
26298,0.0005197334
26299,0.0005362701
26300,0.0005238586
26301,0.0005564954
26302,0.0005497258
26303,0.0005120999
26304,0.0005120999
26305,0.0005120999
26306,0.001023237
26307,0.001023238
26308,0.001017744
26309,0.001017744
26310,0.0005120999
26311,0.0005120999
26312,0.001022825
26313,0.001022633
26314,0.001022825
26315,0.001022633
26316,0.0007194593
26317,0.0007193534
26318,0.001023737
26319,0.001023737
26320,0.0005125749
26321,0.0009034519
26322,0.0009034518
26323,0.0007457518
26324,0.0005278668
26325,0.0005413999
26326,0.0005704141
26327,0.0006167947
26328,0.0005299055
26329,0.001023764
26330,0.001023764
26331,0.0005458449
26332,0.00102369
26333,0.000555521
26334,0.00102369
26335,0.0005836472
26336,0.0005577481
26337,0.0005668398
26338,0.0006407974
26339,0.0006407974
26340,0.0005120999
26341,0.0005120999
26342,0.001023475
26343,0.001023475
26344,0.0007301914
26345,0.0007301926
26346,0.0009688283
26347,0.0005122555
26348,0.0009688283
26349,0.0005164532
26350,0.000567844
26351,0.000543435
26352,0.0005664772
26353,0.000547405
26354,0.0005497772
26355,0.0005120999
26356,0.0005120999
26357,0.0005120999
26358,0.0005120999
26359,0.0005639911
26360,0.0005639911
26361,0.0006731925
26362,0.0006910863
26363,0.0006399743
26364,0.0005611429
26365,0.0006994525
26366,0.0006913914
26367,0.0006199044
26368,0.0006991618
26369,0.0005178549
26370,0.0005120999
26371,0.0005499185
26372,0.0005120999
26373,0.0005151175
26374,0.0005194641
26375,0.0005503165
26376,0.0005474719
26377,0.0005689333
26378,0.0005415945
26379,0.001025204
26380,0.001025246
26381,0.0005725314
26382,0.0005147601
26383,0.001173762
26384,0.001173805
26385,0.0008104378
26386,0.0005120999
26387,0.001023619
26388,0.001023631
26389,0.001023924
26390,0.001023923
26391,0.001024319
26392,0.00102432
26393,0.001023432
26394,0.001023432
26395,0.0005387227
26396,0.0005463602
26397,0.0005310149
26398,0.0005570087
26399,0.0005120999
26400,0.0005646384
26401,0.0005299858
26402,0.0006572643
26403,0.000555814
26404,0.0005171192
26405,0.000552214
26406,0.0005212582
26407,0.001023769
26408,0.001023769
26409,0.001023852
26410,0.001023852
26411,0.001028236
26412,0.001028232
26413,0.0005120999
26414,0.001024649
26415,0.001019054
26416,0.0005233022
26417,0.001019083
26418,0.00102465
26419,0.0005120999
26420,0.001023156
26421,0.001023156
26422,0.001024038
26423,0.001024038
26424,0.0005977591
26425,0.0005993429
26426,0.0005125956
26427,0.0005496577
26428,0.0005919786
26429,0.000593508
26430,0.0005147601
26431,0.0005949255
26432,0.000512302
26433,0.0005899497
26434,0.0005420633
26435,0.0005481284
26436,0.0005128187
26437,0.0005556282
26438,0.0005272061
26439,0.0005192588
26440,0.0005120999
26441,0.0005131194
26442,0.0005120999
26443,0.0005223378
26444,0.000645095
26445,0.000606299
26446,0.0006078185
26447,0.0005651645
26448,0.0005620483
26449,0.0006760106
26450,0.0005341856
26451,0.0005368606
26452,0.0007982766
26453,0.000536861
26454,0.0007982766
26455,0.0005120999
26456,0.001023223
26457,0.0005877163
26458,0.001023848
26459,0.0005877069
26460,0.001023848
26461,0.001023223
26462,0.0005125534
26463,0.0005665019
26464,0.0005665074
26465,0.0005496577
26466,0.0005319948
26467,0.0005312439
26468,0.0005121151
26469,0.0005120999
26470,0.000548672
26471,0.0005120999
26472,0.0005296038
26473,0.0007212092
26474,0.0005223378
26475,0.0005120999
26476,0.0005120999
26477,0.001024304
26478,0.000520849
26479,0.001024319
26480,0.001023934
26481,0.001027012
26482,0.001027013
26483,0.001023934
26484,0.001025747
26485,0.001025752
26486,0.0005320411
26487,0.0005120999
26488,0.0005121369
26489,0.0005121054
26490,0.0005120999
26491,0.0005136731
26492,0.00102389
26493,0.00102389
26494,0.0005120999
26495,0.0005120999
26496,0.0005120999
26497,0.0005120999
26498,0.001012485
26499,0.001012485
26500,0.0005120999
26501,0.0005120999
26502,0.001030212
26503,0.0005330637
26504,0.001030208
26505,0.0005120999
26506,0.0005326351
26507,0.0005525763
26508,0.0005120999
26509,0.0005120999
26510,0.0005120999
26511,0.001022705
26512,0.001024128
26513,0.001022705
26514,0.0005586689
26515,0.001023455
26516,0.001024127
26517,0.001023455
26518,0.0005120999
26519,0.0005120999
26520,0.0005120999
26521,0.0005120999
26522,0.002024092
26523,0.002073056
26524,0.00208536
26525,0.001337006
26526,0.0007863835
26527,0.0006950013
26528,0.0005331295
26529,0.0008303538
26530,0.002024109
26531,0.001337075
26532,0.001558802
26533,0.001100101
26534,0.001760972
26535,0.0007542226
26536,0.0007863835
26537,0.0006071796
26538,0.000517267
26539,0.000528019
26540,0.0005124423
26541,0.0005248447
26542,0.0005463852
26543,0.0005294632
26544,0.0007292641
26545,0.0005120999
26546,0.0005120999
26547,0.0005120999
26548,0.001023999
26549,0.0005455394
26550,0.0009959206
26551,0.0009959951
26552,0.001024
26553,0.001024125
26554,0.001024126
26555,0.0005124651
26556,0.0005892232
26557,0.001023962
26558,0.001023962
26559,0.0005120999
26560,0.001022291
26561,0.001022291
26562,0.0005120999
26563,0.0005120999
26564,0.0005302541
26565,0.0005237069
26566,0.0007678886
26567,0.001024564
26568,0.0007695254
26569,0.001024566
26570,0.0005260282
26571,0.0005120999
26572,0.0005190264
26573,0.0005505573
26574,0.0005407022
26575,0.0006071796
26576,0.0005233495
26577,0.0006938879
26578,0.0006938609
26579,0.0005120999
26580,0.0005129332
26581,0.000543721
26582,0.0005120999
26583,0.0005120999
26584,0.0005120999
26585,0.0005121629
26586,0.0005363404
26587,0.000552578
26588,0.001023862
26589,0.001023862
26590,0.0005362818
26591,0.0005144962
26592,0.0005120999
26593,0.0005120999
26594,0.0005120999
26595,0.0005120999
26596,0.00051366
26597,0.0005676566
26598,0.001038801
26599,0.0009112351
26600,0.000548428
26601,0.0009549401
26602,0.001038754
26603,0.0006656732
26604,0.0006094361
26605,0.0006163814
26606,0.0006422729
26607,0.0005807838
26608,0.0005807838
26609,0.0005120999
26610,0.0005233544
26611,0.0005120999
26612,0.0005122912
26613,0.0005120999
26614,0.0005120999
26615,0.0005891064
26616,0.0005373643
26617,0.0005360052
26618,0.0005891147
26619,0.0005121864
26620,0.0005486261
26621,0.0005120999
26622,0.0005120999
26623,0.0005120999
26624,0.0006176552
26625,0.0005120999
26626,0.0005120999
26627,0.0005576212
26628,0.0005407619
26629,0.0005586302
26630,0.0005900789
26631,0.0005754015
26632,0.0006763106
26633,0.0005125735
26634,0.0005120999
26635,0.0005120999
26636,0.0005120999
26637,0.0005120999
26638,0.0005121012
26639,0.0005120999
26640,0.0005120999
26641,0.0005158141
26642,0.001023434
26643,0.0005182996
26644,0.0005259693
26645,0.0005239838
26646,0.001023434
26647,0.0005345548
26648,0.0005356821
26649,0.000520656
26650,0.0005120999
26651,0.0005120999
26652,0.0005120999
26653,0.0005120999
26654,0.0005687152
26655,0.0006896466
26656,0.0005637311
26657,0.000623665
26658,0.0006296689
26659,0.0007145414
26660,0.0005125735
26661,0.0009848895
26662,0.0009848895
26663,0.0006805104
26664,0.0005575337
26665,0.0005585965
26666,0.0006816305
26667,0.0005120999
26668,0.0005120999
26669,0.0005120999
26670,0.0005120999
26671,0.0005149134
26672,0.001023907
26673,0.001023907
26674,0.001023891
26675,0.000512576
26676,0.001023615
26677,0.001023615
26678,0.000538671
26679,0.001023891
26680,0.0006105273
26681,0.0005120999
26682,0.0005120999
26683,0.0006105273
26684,0.0005120999
26685,0.0005120999
26686,0.0005120999
26687,0.0005120999
26688,0.0005120999
26689,0.0005120999
26690,0.001031464
26691,0.0007957261
26692,0.0006749905
26693,0.0005960661
26694,0.0006281801
26695,0.001031475
26696,0.000614353
26697,0.0005251308
26698,0.0007993008
26699,0.0009412071
26700,0.000513696
26701,0.0005134794
26702,0.0005159085
26703,0.000520379
26704,0.0009414039
26705,0.0005945186
26706,0.0005431662
26707,0.0005814526
26708,0.000582649
26709,0.0005120999
26710,0.0005465024
26711,0.001022687
26712,0.001017912
26713,0.001025437
26714,0.001022657
26715,0.001025436
26716,0.001017912
26717,0.0005120999
26718,0.0005229326
26719,0.001023781
26720,0.0005409406
26721,0.000540651
26722,0.001023781
26723,0.000531138
26724,0.0005270953
26725,0.0005120999
26726,0.0005120999
26727,0.000512416
26728,0.0006578037
26729,0.0006578036
26730,0.0005120999
26731,0.0010239
26732,0.0010239
26733,0.0005120999
26734,0.0005120999
26735,0.0005120999
26736,0.0005120999
26737,0.001050393
26738,0.001044207
26739,0.001044343
26740,0.001050401
26741,0.0005318176
26742,0.001023548
26743,0.0005417804
26744,0.0005125307
26745,0.0005479734
26746,0.001023548
26747,0.000952403
26748,0.000921639
26749,0.0005333382
26750,0.0005174954
26751,0.0009782894
26752,0.0007862971
26753,0.0009554722
26754,0.001016689
26755,0.0006049139
26756,0.0007075864
26757,0.0006128761
26758,0.0005165508
26759,0.001022591
26760,0.001023705
26761,0.000527921
26762,0.001022591
26763,0.001023764
26764,0.001023764
26765,0.0005293507
26766,0.001023705
26767,0.0005121667
26768,0.0005122204
26769,0.0005120999
26770,0.0005120999
26771,0.001023894
26772,0.001023893
26773,0.0005149706
26774,0.0005120999
26775,0.0005120999
26776,0.0005120999
26777,0.0005339468
26778,0.0005165194
26779,0.000539735
26780,0.0005133957
26781,0.0005219756
26782,0.0005162459
26783,0.000513236
26784,0.0005121215
26785,0.0005125288
26786,0.0005298092
26787,0.0006087768
26788,0.0005463995
26789,0.0005229898
26790,0.0005179521
26791,0.001024236
26792,0.001027059
26793,0.00102705
26794,0.001024225
26795,0.001023861
26796,0.001023861
26797,0.0005120999
26798,0.0005120999
26799,0.0005170772
26800,0.0005205121
26801,0.0005204061
26802,0.0005257182
26803,0.0005133826
26804,0.0005359226
26805,0.0005200083
26806,0.0005124224
26807,0.0005356718
26808,0.0005143568
26809,0.0005121002
26810,0.0005138643
26811,0.0005123701
26812,0.0005139038
26813,0.0005125384
26814,0.0005120999
26815,0.0005120999
26816,0.0005466078
26817,0.0005181844
26818,0.0005590327
26819,0.0005747894
26820,0.0005604486
26821,0.0005378609
26822,0.0005772588
26823,0.0005415493
26824,0.0005139849
26825,0.0005123133
26826,0.0005120999
26827,0.0005120999
26828,0.0005334595
26829,0.001023647
26830,0.0005150086
26831,0.0005195339
26832,0.0005259307
26833,0.001023363
26834,0.001023363
26835,0.0005140096
26836,0.001024045
26837,0.001023647
26838,0.0005159865
26839,0.001024045
26840,0.0005291362
26841,0.0005120999
26842,0.0005120999
26843,0.0005121189
26844,0.0005120999
26845,0.0005466078
26846,0.00102541
26847,0.001125013
26848,0.001125165
26849,0.001025381
26850,0.0007344075
26851,0.0005121565
26852,0.001023903
26853,0.001023903
26854,0.0005417428
26855,0.0005250901
26856,0.0005203922
26857,0.0005242694
26858,0.0005406195
26859,0.0005383744
26860,0.0005121172
26861,0.0005133343
26862,0.0005133343
26863,0.0005139849
26864,0.0005120999
26865,0.0005120999
26866,0.0005424626
26867,0.0005894492
26868,0.0005623778
26869,0.0005395768
26870,0.0005875227
26871,0.0007095642
26872,0.001023642
26873,0.001023642
26874,0.0006255501
26875,0.0007806372
26876,0.001023142
26877,0.001023142
26878,0.0005120999
26879,0.0007807127
26880,0.0006319433
26881,0.0005216396
26882,0.0005198243
26883,0.0005195101
26884,0.0005132746
26885,0.001023633
26886,0.000512493
26887,0.001023633
26888,0.0005168762
26889,0.0005437412
26890,0.0005518179
26891,0.0005484816
26892,0.0005377362
26893,0.0005632961
26894,0.00054547
26895,0.0005890704
26896,0.0005206264
26897,0.0005407786
26898,0.0005954527
26899,0.0005120999
26900,0.0005120999
26901,0.0005120999
26902,0.0005120999
26903,0.0005148719
26904,0.0005138443
26905,0.001023732
26906,0.0005165341
26907,0.001023732
26908,0.0005126351
26909,0.0005133966
26910,0.0005196041
26911,0.0005120999
26912,0.0005120999
26913,0.0005120999
26914,0.001043155
26915,0.001043128
26916,0.001025507
26917,0.001025501
26918,0.0005917517
26919,0.0005120999
26920,0.0005120999
26921,0.0005120999
26922,0.001023854
26923,0.001023854
26924,0.000513938
26925,0.0005121378
26926,0.0005144769
26927,0.0005137756
26928,0.0005134417
26929,0.0005241162
26930,0.0005388093
26931,0.0005133899
26932,0.000562575
26933,0.0005121133
26934,0.0005120999
26935,0.0005120999
26936,0.0005268259
26937,0.0005189252
26938,0.0005929424
26939,0.0005861414
26940,0.0005292149
26941,0.0005257223
26942,0.001023156
26943,0.001023156
26944,0.0005177574
26945,0.0005294625
26946,0.0005406986
26947,0.0005774301
26948,0.0005368287
26949,0.00102337
26950,0.0005514112
26951,0.0006057768
26952,0.00102337
26953,0.0005974469
26954,0.0005203207
26955,0.0005121008
26956,0.0005120999
26957,0.0005121133
26958,0.0005120999
26959,0.0005120999
26960,0.001023222
26961,0.0006645478
26962,0.001023222
26963,0.001049921
26964,0.00104991
26965,0.001049198
26966,0.0005804263
26967,0.0006079527
26968,0.001049179
26969,0.0005324301
26970,0.001024452
26971,0.00102445
26972,0.0005284766
26973,0.0005120999
26974,0.0005120999
26975,0.0005120999
26976,0.0005267636
26977,0.001023718
26978,0.001023717
26979,0.001023658
26980,0.001023658
26981,0.000594269
26982,0.0005613111
26983,0.0005875688
26984,0.000560175
26985,0.00053792
26986,0.001024117
26987,0.0005130082
26988,0.001024065
26989,0.0005139927
26990,0.0005132701
26991,0.0005120999
26992,0.0005121021
26993,0.0005120999
26994,0.0006210983
26995,0.001026522
26996,0.001026514
26997,0.0005223299
26998,0.0005736116
26999,0.0005792688
27000,0.0005120999
27001,0.0005120999
27002,0.0005255007
27003,0.0005120999
27004,0.0005124341
27005,0.0005285969
27006,0.001027436
27007,0.001023234
27008,0.001023235
27009,0.0006209779
27010,0.001027435
27011,0.0005120999
27012,0.0005120999
27013,0.0005120999
27014,0.001030311
27015,0.001030298
27016,0.001058669
27017,0.001058753
27018,0.001023749
27019,0.001023749
27020,0.0005839642
27021,0.0005120999
27022,0.0005121281
27023,0.0005120999
27024,0.000512181
27025,0.0005141875
27026,0.001024262
27027,0.0005131813
27028,0.0005139503
27029,0.001024264
27030,0.000512992
27031,0.0005120999
27032,0.0005120999
27033,0.001025484
27034,0.0005518665
27035,0.0005477153
27036,0.000512232
27037,0.001025492
27038,0.0005120999
27039,0.000512181
27040,0.0005120999
27041,0.0005120999
27042,0.0011587
27043,0.001158597
27044,0.0007831729
27045,0.001023966
27046,0.001023966
27047,0.001027454
27048,0.0005207802
27049,0.001024924
27050,0.001027458
27051,0.0005531437
27052,0.001023881
27053,0.0005501317
27054,0.001023881
27055,0.0005201646
27056,0.0005226225
27057,0.001024919
27058,0.0005541905
27059,0.0005120999
27060,0.0005152668
27061,0.0005120999
27062,0.0005229648
27063,0.0005120999
27064,0.0005120999
27065,0.0005120999
27066,0.001025882
27067,0.001025884
27068,0.0005122454
27069,0.00102352
27070,0.00102352
27071,0.0005295976
27072,0.0005120999
27073,0.0005305181
27074,0.001033049
27075,0.001033054
27076,0.001024042
27077,0.0007567366
27078,0.001023532
27079,0.0008518748
27080,0.001023532
27081,0.0008518797
27082,0.001024042
27083,0.0005594801
27084,0.001024038
27085,0.001024038
27086,0.0005594801
27087,0.0006483442
27088,0.0005465132
27089,0.0005508923
27090,0.001036004
27091,0.001036042
27092,0.0005120999
27093,0.000519091
27094,0.001023892
27095,0.001023919
27096,0.001024243
27097,0.001024243
27098,0.000519651
27099,0.001023731
27100,0.001023731
27101,0.001023892
27102,0.001023919
27103,0.001016169
27104,0.001015552
27105,0.001015551
27106,0.001023284
27107,0.001023284
27108,0.001016168
27109,0.0005120999
27110,0.001023219
27111,0.001023219
27112,0.0005567094
27113,0.0005373111
27114,0.001030457
27115,0.0010235
27116,0.0005217193
27117,0.0010235
27118,0.00053777
27119,0.001030457
27120,0.0005259034
27121,0.0005120999
27122,0.001023681
27123,0.0009306666
27124,0.0005148674
27125,0.001023758
27126,0.001023546
27127,0.001023738
27128,0.001023738
27129,0.001023758
27130,0.001023546
27131,0.0009301032
27132,0.001023681
27133,0.0005120999
27134,0.0005120999
27135,0.0005488103
27136,0.0005785722
27137,0.0005524176
27138,0.0005352579
27139,0.0010237
27140,0.0005722111
27141,0.001023699
27142,0.0005120999
27143,0.0005120999
27144,0.0006096691
27145,0.00102396
27146,0.0005226394
27147,0.001023766
27148,0.0005789466
27149,0.001023961
27150,0.0005461408
27151,0.001023766
27152,0.0005120999
27153,0.0005740738
27154,0.0005805331
27155,0.001023789
27156,0.0005126321
27157,0.001023789
27158,0.001023722
27159,0.001023722
27160,0.0005120999
27161,0.0005120999
27162,0.0005120999
27163,0.00055599
27164,0.0005856154
27165,0.0005252431
27166,0.0005868918
27167,0.0005521082
27168,0.0005644308
27169,0.0005120999
27170,0.0005120999
27171,0.0005664632
27172,0.0005802314
27173,0.0005162544
27174,0.0005699723
27175,0.000566398
27176,0.0005449699
27177,0.0005756951
27178,0.00102385
27179,0.00102385
27180,0.0005554261
27181,0.001015543
27182,0.001015543
27183,0.0005120999
27184,0.0006080998
27185,0.0005159134
27186,0.001023752
27187,0.001023752
27188,0.0005231735
27189,0.000608328
27190,0.000516182
27191,0.0005511457
27192,0.0005120999
27193,0.0005120999
27194,0.0005828383
27195,0.0005773648
27196,0.0006269887
27197,0.000534591
27198,0.0005720968
27199,0.0005617264
27200,0.0005120999
27201,0.0005474813
27202,0.0005465647
27203,0.001016146
27204,0.001016105
27205,0.0005846584
27206,0.0006028473
27207,0.0005579423
27208,0.001023614
27209,0.001023614
27210,0.001024063
27211,0.001024063
27212,0.0005120999
27213,0.001023848
27214,0.001023848
27215,0.001023426
27216,0.0005598053
27217,0.0005932192
27218,0.0005578726
27219,0.001021734
27220,0.001021721
27221,0.00052081
27222,0.001023595
27223,0.001023426
27224,0.0006007851
27225,0.001023595
27226,0.0005120999
27227,0.0005120999
27228,0.0005120999
27229,0.001022205
27230,0.001022839
27231,0.0005761137
27232,0.001022839
27233,0.001016371
27234,0.001016371
27235,0.001022205
27236,0.0005120999
27237,0.0005120999
27238,0.001023557
27239,0.000557997
27240,0.0005583841
27241,0.0005124125
27242,0.0005552105
27243,0.0005519565
27244,0.0006535052
27245,0.000540657
27246,0.000512621
27247,0.001023557
27248,0.000527268
27249,0.000557844
27250,0.0005121196
27251,0.0005349081
27252,0.0006523034
27253,0.0005120999
27254,0.001022573
27255,0.001024457
27256,0.0009877881
27257,0.0009877209
27258,0.001024457
27259,0.001022573
27260,0.001023665
27261,0.001023665
27262,0.0005120999
27263,0.0005120999
27264,0.001024001
27265,0.001024001
27266,0.0005410663
27267,0.0005574378
27268,0.0005200544
27269,0.0005327103
27270,0.000525912
27271,0.00102377
27272,0.00102377
27273,0.000513153
27274,0.0005362409
27275,0.0005466051
27276,0.0005120999
27277,0.0005120999
27278,0.001015766
27279,0.001015766
27280,0.001008346
27281,0.001008402
27282,0.0005439495
27283,0.0005170684
27284,0.001014452
27285,0.001014452
27286,0.00101405
27287,0.001029891
27288,0.001017458
27289,0.001017378
27290,0.0005463216
27291,0.001029902
27292,0.00101405
27293,0.001519976
27294,0.001516552
27295,0.001522075
27296,0.001034243
27297,0.001034229
27298,0.0005160285
27299,0.0005335053
27300,0.0005236134
27301,0.0005120999
27302,0.0005330597
27303,0.0005347925
27304,0.0005291518
27305,0.0005153904
27306,0.0005984861
27307,0.0007082884
27308,0.0005543437
27309,0.0005428636
27310,0.0006872498
27311,0.000519346
27312,0.0005318102
27313,0.0005403504
27314,0.0005120999
27315,0.0005120999
27316,0.0005221327
27317,0.0005551378
27318,0.001023417
27319,0.001021712
27320,0.001021712
27321,0.001023417
27322,0.001015451
27323,0.001015451
27324,0.001006065
27325,0.001008462
27326,0.001006065
27327,0.001008462
27328,0.001023793
27329,0.001023792
27330,0.0005121248
27331,0.0005211429
27332,0.00102354
27333,0.0006469716
27334,0.001024332
27335,0.00102433
27336,0.00102354
27337,0.0005496396
27338,0.0005171649
27339,0.0006243547
27340,0.0005120999
27341,0.000513621
27342,0.0005120999
27343,0.000513621
27344,0.000522692
27345,0.0005690954
27346,0.0005167284
27347,0.0006248133
27348,0.001023529
27349,0.001023971
27350,0.001023972
27351,0.000548272
27352,0.001023529
27353,0.0005654108
27354,0.0005659768
27355,0.0006122021
27356,0.0005120999
27357,0.0005120999
27358,0.001023297
27359,0.001023297
27360,0.0005194605
27361,0.000678178
27362,0.001023391
27363,0.001023391
27364,0.0006425143
27365,0.0006782026
27366,0.001016412
27367,0.001016412
27368,0.0006253534
27369,0.0005799622
27370,0.0006219725
27371,0.001016447
27372,0.001016447
27373,0.001023791
27374,0.001023791
27375,0.001009912
27376,0.001009908
27377,0.001018866
27378,0.001018868
27379,0.001023377
27380,0.001023377
27381,0.001057068
27382,0.001057228
27383,0.0005150395
27384,0.001023825
27385,0.001023825
27386,0.0005218367
27387,0.001023927
27388,0.0005157939
27389,0.001023927
27390,0.0005539953
27391,0.0005294849
27392,0.0005461021
27393,0.0005120999
27394,0.0005120999
27395,0.0005203931
27396,0.0006312908
27397,0.001025428
27398,0.001023882
27399,0.001025437
27400,0.001023933
27401,0.001023882
27402,0.0006373865
27403,0.001023932
27404,0.0005292824
27405,0.0005131019
27406,0.0005290816
27407,0.000516386
27408,0.0005293772
27409,0.0005200417
27410,0.000520356
27411,0.001019754
27412,0.001019754
27413,0.001020718
27414,0.001020718
27415,0.001023523
27416,0.001023523
27417,0.001023736
27418,0.001023097
27419,0.001023736
27420,0.001023097
27421,0.001023859
27422,0.001023859
27423,0.001016368
27424,0.001016368
27425,0.001023064
27426,0.001023064
27427,0.0005226937
27428,0.0005350775
27429,0.001023285
27430,0.001023286
27431,0.0005340674
27432,0.001028123
27433,0.001028123
27434,0.0005120999
27435,0.0005120999
27436,0.0005132192
27437,0.001023519
27438,0.0005494236
27439,0.0005564282
27440,0.0005353515
27441,0.001023519
27442,0.0005147298
27443,0.00101031
27444,0.001010261
27445,0.000748565
27446,0.0005568266
27447,0.001023686
27448,0.000748565
27449,0.001023686
27450,0.0005330828
27451,0.001023819
27452,0.001023812
27453,0.0005501668
27454,0.001037484
27455,0.001037463
27456,0.001025594
27457,0.001025588
27458,0.000519365
27459,0.0005205052
27460,0.0005288869
27461,0.0005181482
27462,0.0005654155
27463,0.0005237603
27464,0.0005141614
27465,0.0005164121
27466,0.000513286
27467,0.0005364162
27468,0.0005120999
27469,0.0005120999
27470,0.0005120999
27471,0.001022792
27472,0.001023979
27473,0.001023979
27474,0.0007882737
27475,0.001022792
27476,0.001023719
27477,0.001023719
27478,0.001023883
27479,0.001023883
27480,0.001026157
27481,0.001026145
27482,0.0005386473
27483,0.001023263
27484,0.001023263
27485,0.001022891
27486,0.0005448989
27487,0.0005920602
27488,0.0005708012
27489,0.001022891
27490,0.0005797521
27491,0.0005541882
27492,0.0005175054
27493,0.0005542069
27494,0.0005163924
27495,0.0005775634
27496,0.0005171379
27497,0.0005120999
27498,0.0005120999
27499,0.0005120999
27500,0.0005120999
27501,0.0007255439
27502,0.0006059752
27503,0.000546936
27504,0.0006774174
27505,0.0006775647
27506,0.0005915863
27507,0.000725546
27508,0.0008570428
27509,0.00081435
27510,0.001089797
27511,0.001089664
27512,0.0007150179
27513,0.0008334677
27514,0.001022537
27515,0.000546477
27516,0.0005198483
27517,0.001022537
27518,0.0005664167
27519,0.00102276
27520,0.0005764821
27521,0.001023451
27522,0.0005981846
27523,0.001023966
27524,0.001023966
27525,0.0005386444
27526,0.001023451
27527,0.001022759
27528,0.0005480621
27529,0.0005120999
27530,0.0005120999
27531,0.0007173291
27532,0.00101935
27533,0.0008327476
27534,0.0007178404
27535,0.0008265891
27536,0.0008327476
27537,0.00101935
27538,0.0008265977
27539,0.001024029
27540,0.001024029
27541,0.0005120999
27542,0.001024021
27543,0.0006349104
27544,0.0006556457
27545,0.0007426306
27546,0.0007426306
27547,0.0005155129
27548,0.001024021
27549,0.0006392885
27550,0.0006579879
27551,0.0005182715
27552,0.0005182715
27553,0.001020433
27554,0.001020433
27555,0.0005120999
27556,0.0005681978
27557,0.0005430988
27558,0.0005252747
27559,0.0005522846
27560,0.0005527838
27561,0.0005643659
27562,0.000516582
27563,0.0005773089
27564,0.0005726461
27565,0.0005489167
27566,0.0006548113
27567,0.0006840231
27568,0.00055332
27569,0.0006311584
27570,0.0005120999
27571,0.0005120999
27572,0.0005120999
27573,0.0005120999
27574,0.0005120999
27575,0.0005120999
27576,0.0005120999
27577,0.0005271778
27578,0.001023888
27579,0.001023889
27580,0.001023659
27581,0.001023659
27582,0.0005180105
27583,0.0006221604
27584,0.0005264755
27585,0.0005864399
27586,0.0005194493
27587,0.0005695577
27588,0.000585939
27589,0.0005120999
27590,0.00102301
27591,0.00102301
27592,0.001023091
27593,0.0006505504
27594,0.001024067
27595,0.001024066
27596,0.001023091
27597,0.0005137902
27598,0.0005137904
27599,0.0005533671
27600,0.0005400488
27601,0.0005185966
27602,0.000533089
27603,0.000528703
27604,0.000547764
27605,0.0005667176
27606,0.0005120999
27607,0.0005536347
27608,0.001031658
27609,0.001031944
27610,0.0005120999
27611,0.0005120999
27612,0.0005253338
27613,0.001023185
27614,0.001023184
27615,0.001029497
27616,0.001029494
27617,0.0006670927
27618,0.001026504
27619,0.0005310149
27620,0.001026504
27621,0.001015444
27622,0.001015444
27623,0.0005120999
27624,0.0005121
27625,0.0005181599
27626,0.0005276249
27627,0.0006590047
27628,0.0005251308
27629,0.0005347945
27630,0.0005664116
27631,0.0005185225
27632,0.00104336
27633,0.001043361
27634,0.001023974
27635,0.001023974
27636,0.000522059
27637,0.0005677837
27638,0.001023454
27639,0.001023454
27640,0.000543974
27641,0.0005366555
27642,0.00102765
27643,0.00102763
27644,0.00101693
27645,0.00101693
27646,0.0005120999
27647,0.0007145454
27648,0.0007049384
27649,0.001023268
27650,0.0007104284
27651,0.001023268
27652,0.001052588
27653,0.001052846
27654,0.001017962
27655,0.001017964
27656,0.0005773921
27657,0.0005166078
27658,0.0005122568
27659,0.0005242432
27660,0.000517697
27661,0.0005134574
27662,0.0005123731
27663,0.0005120999
27664,0.0006071992
27665,0.001023421
27666,0.001023421
27667,0.001039607
27668,0.001039608
27669,0.0006695662
27670,0.0006818803
27671,0.0005120999
27672,0.000585358
27673,0.0005120999
27674,0.001044233
27675,0.0005120999
27676,0.001045083
27677,0.001026559
27678,0.0005348389
27679,0.0006715099
27680,0.0006548676
27681,0.001026563
27682,0.001023671
27683,0.001023672
27684,0.0005123423
27685,0.0005120999
27686,0.0005120999
27687,0.0005120999
27688,0.000518985
27689,0.0005121151
27690,0.0005120999
27691,0.0005121
27692,0.0005120999
27693,0.0005123731
27694,0.0010239
27695,0.0010239
27696,0.001023571
27697,0.0005938654
27698,0.0005936391
27699,0.00102357
27700,0.001024333
27701,0.001024332
27702,0.0005120999
27703,0.0005144398
27704,0.0005120999
27705,0.0005136731
27706,0.0005120999
27707,0.0005120999
27708,0.0005120999
27709,0.0005120999
27710,0.0005120999
27711,0.001023515
27712,0.001023512
27713,0.001024437
27714,0.0008005003
27715,0.001099642
27716,0.001024437
27717,0.001100122
27718,0.0006674754
27719,0.0008005699
27720,0.0005207532
27721,0.0005207532
27722,0.0005138948
27723,0.0005120999
27724,0.0005138948
27725,0.0005120999
27726,0.0005870307
27727,0.001024307
27728,0.001024894
27729,0.001024899
27730,0.001024306
27731,0.0008031696
27732,0.0008031696
27733,0.0005120999
27734,0.0005120999
27735,0.0005120999
27736,0.001024029
27737,0.001024029
27738,0.0005120999
27739,0.0005120999
27740,0.00103134
27741,0.001031332
27742,0.001037358
27743,0.001027043
27744,0.001037345
27745,0.001027006
27746,0.0005164822
27747,0.0005203519
27748,0.0007304166
27749,0.0005120999
27750,0.0005120999
27751,0.0005347324
27752,0.000540475
27753,0.0005250583
27754,0.001028046
27755,0.001028069
27756,0.001030082
27757,0.001030103
27758,0.0005120999
27759,0.0005120999
27760,0.0005120999
27761,0.001074863
27762,0.001074849
27763,0.001023802
27764,0.001020862
27765,0.001023801
27766,0.001020863
27767,0.0005148305
27768,0.000526406
27769,0.0005120999
27770,0.000566303
27771,0.001028828
27772,0.001028848
27773,0.001023462
27774,0.0005569957
27775,0.0005401385
27776,0.001023465
27777,0.0005292204
27778,0.0005292204
27779,0.0005129332
27780,0.0005120999
27781,0.0005120999
27782,0.0005120999
27783,0.001026177
27784,0.001023696
27785,0.0009952361
27786,0.0005142836
27787,0.0009952361
27788,0.00102617
27789,0.0005428517
27790,0.0005298658
27791,0.0005260757
27792,0.001023696
27793,0.0005443607
27794,0.0005120999
27795,0.0005120999
27796,0.0005120999
27797,0.0005120999
27798,0.0007721421
27799,0.000535648
27800,0.0005378568
27801,0.0007721421
27802,0.000621667
27803,0.000629631
27804,0.0005431525
27805,0.0007198747
27806,0.001023161
27807,0.001023161
27808,0.0005120999
27809,0.0005120999
27810,0.0005120999
27811,0.0005120999
27812,0.0005311217
27813,0.0005293701
27814,0.0005145607
27815,0.0005357263
27816,0.000517435
27817,0.001023855
27818,0.001023855
27819,0.0005262824
27820,0.0005341705
27821,0.0005120999
27822,0.0005443607
27823,0.0005120999
27824,0.0005120999
27825,0.0005120999
27826,0.0005120999
27827,0.0005120999
27828,0.0006176552
27829,0.0005806891
27830,0.0007054635
27831,0.0005748891
27832,0.0006721184
27833,0.0006004263
27834,0.0007040959
27835,0.0005753134
27836,0.0005120999
27837,0.0005120999
27838,0.0005120999
27839,0.0005120999
27840,0.0005120999
27841,0.0005120999
27842,0.000532405
27843,0.0005329517
27844,0.0005585371
27845,0.0005163619
27846,0.0005201292
27847,0.0005330428
27848,0.0005177963
27849,0.0005120999
27850,0.0005120999
27851,0.0005120999
27852,0.0005120999
27853,0.0005120999
27854,0.0005120999
27855,0.0005765284
27856,0.000545652
27857,0.0005477204
27858,0.0005850081
27859,0.0005781657
27860,0.000788185
27861,0.0007882798
27862,0.0005120999
27863,0.0005120999
27864,0.0005120999
27865,0.0005120999
27866,0.0005120999
27867,0.0005120999
27868,0.0005392101
27869,0.0005460838
27870,0.0005405649
27871,0.0005146113
27872,0.0005148731
27873,0.0005167002
27874,0.0005120999
27875,0.0005120999
27876,0.0005120999
27877,0.0009379308
27878,0.0009379308
27879,0.0005120999
27880,0.0005120999
27881,0.0005120999
27882,0.001027092
27883,0.001034535
27884,0.001034524
27885,0.0006111038
27886,0.001027083
27887,0.0006552971
27888,0.000660415
27889,0.00102401
27890,0.001024013
27891,0.0005293004
27892,0.0005299772
27893,0.0005283891
27894,0.0005146072
27895,0.0005183353
27896,0.0005120999
27897,0.0005120999
27898,0.0007230794
27899,0.0015361
27900,0.0005120999
27901,0.0015361
27902,0.0015361
27903,0.001017428
27904,0.001021518
27905,0.001021534
27906,0.001017428
27907,0.001021115
27908,0.001021115
27909,0.0005120999
27910,0.0005120999
27911,0.0005760928
27912,0.0005763065
27913,0.0005183674
27914,0.0005287234
27915,0.0005222532
27916,0.0005228159
27917,0.0005257337
27918,0.0005120999
27919,0.0005120999
27920,0.0005120999
27921,0.0005120999
27922,0.0005120999
27923,0.0008234271
27924,0.001057628
27925,0.0007938879
27926,0.0006917401
27927,0.001057644
27928,0.001469361
27929,0.001932392
27930,0.001949659
27931,0.001949656
27932,0.001404263
27933,0.001711363
27934,0.0006006441
27935,0.001469317
27936,0.001344755
27937,0.0005146363
27938,0.00144733
27939,0.0005463962
27940,0.001518679
27941,0.001584177
27942,0.000653189
27943,0.0005133052
27944,0.001206198
27945,0.0008714414
27946,0.0009703162
27947,0.0008765543
27948,0.001300333
27949,0.000728444
27950,0.0007230702
27951,0.001260768
27952,0.0007498163
27953,0.0009707505
27954,0.0005411083
27955,0.0005552527
27956,0.0005365391
27957,0.0005552993
27958,0.000516154
27959,0.0005240068
27960,0.0005243979
27961,0.0005120999
27962,0.0005120999
27963,0.0005120999
27964,0.0005120999
27965,0.0005120999
27966,0.0005120999
27967,0.0005120999
27968,0.0005126139
27969,0.001023864
27970,0.001023863
27971,0.0005240618
27972,0.0005317978
27973,0.001023746
27974,0.0005121709
27975,0.000523636
27976,0.001023746
27977,0.0005120999
27978,0.0005120999
27979,0.0005120999
27980,0.0005120999
27981,0.0005120999
27982,0.001026047
27983,0.001026044
27984,0.0005120999
27985,0.0005120999
27986,0.0005140475
27987,0.001023613
27988,0.001023613
27989,0.0005572034
27990,0.0005564102
27991,0.001023884
27992,0.001023884
27993,0.0005120999
27994,0.0005159234
27995,0.0005159666
27996,0.0005120999
27997,0.0005120999
27998,0.001028202
27999,0.000534169
28000,0.001028202
28001,0.0005349226
28002,0.001023837
28003,0.001023837
28004,0.0006021297
28005,0.001023842
28006,0.001023842
28007,0.0005120999
28008,0.0005120999
28009,0.0005120999
28010,0.0005120999
28011,0.0005120999
28012,0.0005140186
28013,0.0005384456
28014,0.0005427236
28015,0.0005214235
28016,0.0005121107
28017,0.001023388
28018,0.0005177987
28019,0.001023388
28020,0.001023839
28021,0.001023839
28022,0.0005120999
28023,0.0005120999
28024,0.0005120999
28025,0.0005120999
28026,0.0005120999
28027,0.001024293
28028,0.0005605184
28029,0.001024146
28030,0.001047064
28031,0.0005429669
28032,0.001024146
28033,0.001047164
28034,0.00054317
28035,0.001024293
28036,0.001068902
28037,0.0007221812
28038,0.001027575
28039,0.001027569
28040,0.0005198974
28041,0.001068868
28042,0.0007221973
28043,0.0005153875
28044,0.0005120999
28045,0.0005120999
28046,0.0009053356
28047,0.0009053356
28048,0.0005120999
28049,0.0006028016
28050,0.0005966687
28051,0.0005314541
28052,0.0005920079
28053,0.0005925667
28054,0.0006210523
28055,0.0005320927
28056,0.001022756
28057,0.0005296403
28058,0.001022705
28059,0.0005222217
28060,0.0005120999
28061,0.0005213782
28062,0.001023713
28063,0.001030146
28064,0.00075333
28065,0.001023839
28066,0.001023839
28067,0.000739984
28068,0.0005302535
28069,0.0005334081
28070,0.001023264
28071,0.001023713
28072,0.001023264
28073,0.001030134
28074,0.0005362851
28075,0.0005324659
28076,0.001034745
28077,0.0005355182
28078,0.000522151
28079,0.001023007
28080,0.001034752
28081,0.001023007
28082,0.0007204022
28083,0.0005120999
28084,0.0005120999
28085,0.0005120999
28086,0.0005120999
28087,0.001023312
28088,0.001023312
28089,0.001023863
28090,0.0005153592
28091,0.001024781
28092,0.001024789
28093,0.001023863
28094,0.0005270533
28095,0.001023266
28096,0.0005579983
28097,0.0005273869
28098,0.001023267
28099,0.0005214092
28100,0.0005593793
28101,0.0005572471
28102,0.0005185356
28103,0.0005120999
28104,0.0005120999
28105,0.0005120999
28106,0.0005120999
28107,0.0005120999
28108,0.0005917517
28109,0.0005120999
28110,0.0005120999
28111,0.0005120999
28112,0.001023833
28113,0.001023799
28114,0.001023799
28115,0.001024144
28116,0.0005125972
28117,0.0005155944
28118,0.0005152872
28119,0.001024145
28120,0.0005154139
28121,0.001023833
28122,0.001023728
28123,0.001023728
28124,0.0005120999
28125,0.001023858
28126,0.001023859
28127,0.001023834
28128,0.0005194204
28129,0.001023834
28130,0.0005122939
28131,0.0005267553
28132,0.0005120999
28133,0.0005120999
28134,0.0005120999
28135,0.0005120999
28136,0.0005120999
28137,0.0005120999
28138,0.0008873456
28139,0.0008873289
28140,0.001023471
28141,0.001023472
28142,0.001022963
28143,0.0005121147
28144,0.001022963
28145,0.0005823779
28146,0.0005120999
28147,0.0005120999
28148,0.0005478831
28149,0.0005282468
28150,0.0005294227
28151,0.0005196313
28152,0.0006410239
28153,0.0005380785
28154,0.0005357832
28155,0.001024105
28156,0.001024105
28157,0.000538366
28158,0.0005634255
28159,0.0006431471
28160,0.0005375337
28161,0.0005121008
28162,0.0005120999
28163,0.0005121008
28164,0.0005120999
28165,0.0005120999
28166,0.0005216444
28167,0.001024484
28168,0.000517279
28169,0.0005196119
28170,0.00102394
28171,0.001024494
28172,0.0005183866
28173,0.00102394
28174,0.000529408
28175,0.0005120999
28176,0.0005140889
28177,0.0006866287
28178,0.0005401759
28179,0.000768005
28180,0.0007681156
28181,0.0005639422
28182,0.0005910892
28183,0.0005853258
28184,0.0005121497
28185,0.0006995003
28186,0.0006995003
28187,0.0005122247
28188,0.0005308197
28189,0.0005120999
28190,0.000513985
28191,0.0005206079
28192,0.0005139709
28193,0.0005120999
28194,0.000513985
28195,0.0005120999
28196,0.0005120999
28197,0.0005120999
28198,0.0005120999
28199,0.0005121366
28200,0.000515326
28201,0.0005150596
28202,0.001032125
28203,0.0005315415
28204,0.001032067
28205,0.0005335325
28206,0.001098135
28207,0.001098002
28208,0.0006610508
28209,0.0005120999
28210,0.0005120999
28211,0.0007257657
28212,0.001023937
28213,0.001023937
28214,0.0005120999
28215,0.0005120999
28216,0.0005120999
28217,0.001023758
28218,0.001023424
28219,0.001023758
28220,0.0005127639
28221,0.0005267818
28222,0.0005424955
28223,0.0006470069
28224,0.0005174858
28225,0.001023424
28226,0.0006501006
28227,0.0005120999
28228,0.0005493489
28229,0.0005363802
28230,0.0005413406
28231,0.001038254
28232,0.001038223
28233,0.0005120999
28234,0.0005121281
28235,0.001023901
28236,0.001040358
28237,0.001023901
28238,0.0006195759
28239,0.0006320048
28240,0.001040323
28241,0.0005121211
28242,0.001023665
28243,0.001023665
28244,0.000581403
28245,0.0005120999
28246,0.0005120999
28247,0.0005120999
28248,0.0005120999
28249,0.0005120999
28250,0.0005168022
28251,0.0005487897
28252,0.0005550368
28253,0.001025267
28254,0.000550064
28255,0.001025269
28256,0.0006328427
28257,0.0005159076
28258,0.001024246
28259,0.0006001795
28260,0.0005952909
28261,0.0005135959
28262,0.0005310784
28263,0.001023885
28264,0.001023886
28265,0.001024254
28266,0.0006116178
28267,0.0005121264
28268,0.0005120999
28269,0.0005120999
28270,0.000546588
28271,0.0005159532
28272,0.0005152369
28273,0.001025015
28274,0.001025016
28275,0.0005144055
28276,0.0005271086
28277,0.001023772
28278,0.001026284
28279,0.001023833
28280,0.0005187526
28281,0.001023835
28282,0.001026277
28283,0.0005610098
28284,0.001023772
28285,0.000525178
28286,0.0005121268
28287,0.0005120999
28288,0.0005120999
28289,0.0005903325
28290,0.0005352061
28291,0.0005199633
28292,0.00051456
28293,0.000559988
28294,0.0005174639
28295,0.0006332584
28296,0.0005806393
28297,0.0005608458
28298,0.0008781345
28299,0.0008781652
28300,0.001023955
28301,0.001023634
28302,0.001023634
28303,0.0005163354
28304,0.001023955
28305,0.0005128075
28306,0.0005165139
28307,0.0005125117
28308,0.0005120999
28309,0.001023797
28310,0.0005128951
28311,0.001022993
28312,0.001022993
28313,0.0005144301
28314,0.001023797
28315,0.000518313
28316,0.00102393
28317,0.00102393
28318,0.0007634605
28319,0.0005629338
28320,0.0007327281
28321,0.00102394
28322,0.0007370058
28323,0.00102394
28324,0.0007634319
28325,0.0005120999
28326,0.0005120999
28327,0.0005251512
28328,0.0005120999
28329,0.0005120999
28330,0.0005120999
28331,0.002033182
28332,0.001447861
28333,0.0005429891
28334,0.0005156735
28335,0.000536504
28336,0.0006411278
28337,0.001024789
28338,0.001024785
28339,0.0005199841
28340,0.0005167348
28341,0.0005128557
28342,0.0005120999
28343,0.0005133937
28344,0.0005142337
28345,0.001023915
28346,0.000512638
28347,0.0005121841
28348,0.001023915
28349,0.0005120999
28350,0.0005120999
28351,0.001041842
28352,0.001023412
28353,0.001022404
28354,0.001022404
28355,0.001023412
28356,0.001041832
28357,0.0005413156
28358,0.0005778946
28359,0.0005235689
28360,0.000523295
28361,0.001020661
28362,0.001020661
28363,0.0005798966
28364,0.0005169458
28365,0.0005172698
28366,0.0005417277
28367,0.0005181726
28368,0.0005121354
28369,0.0005121095
28370,0.0005145522
28371,0.0009072328
28372,0.0009072329
28373,0.0005120999
28374,0.001451871
28375,0.001590246
28376,0.0005258258
28377,0.0007946646
28378,0.0006039865
28379,0.0008082177
28380,0.001027585
28381,0.001027601
28382,0.000520546
28383,0.0005318611
28384,0.001014225
28385,0.0005150064
28386,0.0005136618
28387,0.0005120999
28388,0.001014225
28389,0.0005432983
28390,0.0007437651
28391,0.001018407
28392,0.001018417
28393,0.0005127692
28394,0.0005286622
28395,0.0005328897
28396,0.0005307848
28397,0.0005142957
28398,0.0005134904
28399,0.0005269219
28400,0.0005120999
28401,0.0005120999
28402,0.0005121601
28403,0.001023415
28404,0.001023415
28405,0.0005120999
28406,0.0005120999
28407,0.0005121003
28408,0.0005722056
28409,0.001023429
28410,0.0005630074
28411,0.0006265738
28412,0.0005197827
28413,0.0006163113
28414,0.00102343
28415,0.0005120999
28416,0.0005270087
28417,0.0005275664
28418,0.001023847
28419,0.001023847
28420,0.001024001
28421,0.001024001
28422,0.0005120999
28423,0.0005120999
28424,0.0005120999
28425,0.0005500457
28426,0.0005212914
28427,0.0005895135
28428,0.0005721488
28429,0.0005601923
28430,0.000569714
28431,0.0005286534
28432,0.001023857
28433,0.0008592937
28434,0.0005132983
28435,0.0005350966
28436,0.001023857
28437,0.0008592937
28438,0.0005141106
28439,0.0005646539
28440,0.001023862
28441,0.001023862
28442,0.001023437
28443,0.001023437
28444,0.001024286
28445,0.001024285
28446,0.0005120999
28447,0.001023213
28448,0.001025619
28449,0.001025628
28450,0.0005168503
28451,0.0005327367
28452,0.001023213
28453,0.001024755
28454,0.0005335055
28455,0.0005376284
28456,0.001024751
28457,0.0006065668
28458,0.0005126576
28459,0.000518882
28460,0.001022769
28461,0.001022769
28462,0.0006065668
28463,0.0005520207
28464,0.0005120999
28465,0.0005120999
28466,0.0005120999
28467,0.0006472416
28468,0.0007720087
28469,0.0006491657
28470,0.0005609891
28471,0.0007719107
28472,0.0006505239
28473,0.0006460717
28474,0.0006791482
28475,0.001024063
28476,0.0005197394
28477,0.0005121747
28478,0.001024063
28479,0.000605458
28480,0.000518849
28481,0.0006043686
28482,0.0005120999
28483,0.0005122407
28484,0.0005803061
28485,0.0005325419
28486,0.0005915433
28487,0.0005908745
28488,0.0005968462
28489,0.001022477
28490,0.001022477
28491,0.0005120999
28492,0.0005120999
28493,0.0005120999
28494,0.0005182676
28495,0.000844131
28496,0.0005413981
28497,0.0008427497
28498,0.0005267274
28499,0.000743822
28500,0.0007930292
28501,0.00102415
28502,0.0005277363
28503,0.001024148
28504,0.0008035987
28505,0.0007437632
28506,0.000512888
28507,0.001023651
28508,0.001020629
28509,0.0005145515
28510,0.0005132139
28511,0.001020629
28512,0.0005426965
28513,0.0005490761
28514,0.001023651
28515,0.0005120999
28516,0.001016944
28517,0.001016944
28518,0.0006377721
28519,0.0005988177
28520,0.0009825461
28521,0.0009825509
28522,0.001023454
28523,0.0006789455
28524,0.0005134036
28525,0.001023928
28526,0.001023928
28527,0.001023815
28528,0.001023815
28529,0.001023454
28530,0.001020826
28531,0.0006331516
28532,0.0006331516
28533,0.0005120999
28534,0.001023608
28535,0.001023608
28536,0.0010228
28537,0.001023288
28538,0.001023288
28539,0.0005246915
28540,0.0005789056
28541,0.001026769
28542,0.000518759
28543,0.001022797
28544,0.0005852365
28545,0.001026771
28546,0.0005456062
28547,0.0005442087
28548,0.001023813
28549,0.0005251044
28550,0.001023813
28551,0.0005365305
28552,0.0005292487
28553,0.0005338277
28554,0.0005120999
28555,0.0005120999
28556,0.001024006
28557,0.00100618
28558,0.001006178
28559,0.001024006
28560,0.0006379842
28561,0.000993708
28562,0.000993708
28563,0.0008833818
28564,0.000665559
28565,0.001023608
28566,0.001023608
28567,0.001023628
28568,0.000516657
28569,0.001023628
28570,0.000665559
28571,0.0008801809
28572,0.001015116
28573,0.001015116
28574,0.001021561
28575,0.001021561
28576,0.0005120999
28577,0.0005120999
28578,0.0005120999
28579,0.0005128295
28580,0.001035954
28581,0.001035937
28582,0.0005279543
28583,0.0005249952
28584,0.0005324949
28585,0.001016471
28586,0.001016471
28587,0.0005370342
28588,0.0005120999
28589,0.001023909
28590,0.0005206132
28591,0.001024033
28592,0.0009552952
28593,0.00102391
28594,0.0005516517
28595,0.0005303146
28596,0.0009552952
28597,0.0005157533
28598,0.00055913
28599,0.001024033
28600,0.0005187438
28601,0.0006079154
28602,0.001024713
28603,0.0005784726
28604,0.0005800021
28605,0.0006340666
28606,0.0005513288
28607,0.00102471
28608,0.0005497275
28609,0.0005120999
28610,0.0005416118
28611,0.001024398
28612,0.0005717769
28613,0.001024396
28614,0.001014691
28615,0.001014678
28616,0.001131697
28617,0.0007286214
28618,0.001131742
28619,0.001023649
28620,0.001024386
28621,0.001023561
28622,0.001024386
28623,0.00102356
28624,0.000534131
28625,0.001023649
28626,0.001020995
28627,0.001029811
28628,0.001020913
28629,0.0005159475
28630,0.0005200312
28631,0.0005120999
28632,0.001029812
28633,0.0005120999
28634,0.0005280456
28635,0.0005430013
28636,0.0005378711
28637,0.0005847273
28638,0.000582166
28639,0.000513182
28640,0.0005348825
28641,0.000517489
28642,0.0005120999
28643,0.0005120999
28644,0.001023865
28645,0.0006613008
28646,0.001023865
28647,0.0005337807
28648,0.0005434099
28649,0.0005289373
28650,0.0005195643
28651,0.0005445305
28652,0.000602011
28653,0.0006473619
28654,0.0005787108
28655,0.0005780193
28656,0.001024068
28657,0.0005287305
28658,0.001024061
28659,0.001023058
28660,0.001023058
28661,0.00102396
28662,0.00102396
28663,0.0005120999
28664,0.0005120999
28665,0.0005593532
28666,0.0005607494
28667,0.0005197422
28668,0.0006005089
28669,0.001020928
28670,0.001006638
28671,0.001013944
28672,0.00102093
28673,0.001006638
28674,0.001013944
28675,0.001013454
28676,0.001013453
28677,0.001006845
28678,0.001006778
28679,0.001023844
28680,0.001023999
28681,0.0005699847
28682,0.0005141429
28683,0.001023844
28684,0.0005329527
28685,0.0005588917
28686,0.001023999
28687,0.001022884
28688,0.001022884
28689,0.000521293
28690,0.0005122451
28691,0.0005244861
28692,0.0005256337
28693,0.0005121942
28694,0.0005244659
28695,0.0005120999
28696,0.0005400035
28697,0.001023428
28698,0.0005224138
28699,0.001023428
28700,0.0005125435
28701,0.001024095
28702,0.001024095
28703,0.0005239457
28704,0.0005240772
28705,0.0005120999
28706,0.0005562169
28707,0.0005494097
28708,0.0009739572
28709,0.001023841
28710,0.0005448683
28711,0.001039388
28712,0.0005180114
28713,0.001023581
28714,0.001023581
28715,0.001023841
28716,0.001039763
28717,0.001050018
28718,0.0006571714
28719,0.001050069
28720,0.0009782979
28721,0.0005317647
28722,0.001024026
28723,0.001024026
28724,0.0006031451
28725,0.0006053142
28726,0.0005939573
28727,0.0006149021
28728,0.000704019
28729,0.0005873299
28730,0.0005288261
28731,0.0005876764
28732,0.0005204322
28733,0.001025508
28734,0.0005560124
28735,0.0005427914
28736,0.001025504
28737,0.0005120999
28738,0.0005785478
28739,0.0005225986
28740,0.0005740986
28741,0.0005490868
28742,0.0005700206
28743,0.0005656383
28744,0.000528981
28745,0.0006692891
28746,0.0006365708
28747,0.000633775
28748,0.0005972471
28749,0.0005577204
28750,0.0005203693
28751,0.001023711
28752,0.001023711
28753,0.001024721
28754,0.001023595
28755,0.001023595
28756,0.001024727
28757,0.001027141
28758,0.001024392
28759,0.001024389
28760,0.001025416
28761,0.001025416
28762,0.001027141
28763,0.0006723126
28764,0.000663843
28765,0.0005214079
28766,0.001023622
28767,0.0005364073
28768,0.001023622
28769,0.0005194093
28770,0.0005125083
28771,0.0006027243
28772,0.0006027222
28773,0.0005120999
28774,0.0005236451
28775,0.0005197468
28776,0.00102661
28777,0.0005320152
28778,0.001028484
28779,0.001028484
28780,0.001026616
28781,0.0005421365
28782,0.0005120999
28783,0.001044335
28784,0.00109629
28785,0.001027148
28786,0.0005337594
28787,0.00109627
28788,0.001043863
28789,0.001044332
28790,0.001027146
28791,0.001043888
28792,0.0006301273
28793,0.001023253
28794,0.0005203183
28795,0.000619125
28796,0.00102293
28797,0.001022931
28798,0.001023253
28799,0.0005131669
28800,0.0005332261
28801,0.0005327895
28802,0.001023683
28803,0.001023683
28804,0.0006692903
28805,0.0008627346
28806,0.0008627351
28807,0.0009103168
28808,0.0007152882
28809,0.001065816
28810,0.00106585
28811,0.0007164008
28812,0.0005973097
28813,0.0005236265
28814,0.0009104211
28815,0.001024214
28816,0.001023374
28817,0.001024218
28818,0.001023885
28819,0.001023885
28820,0.001023374
28821,0.0005365381
28822,0.001025748
28823,0.001022977
28824,0.001025724
28825,0.0005300854
28826,0.0005240857
28827,0.001022977
28828,0.001023479
28829,0.001023479
28830,0.0005153239
28831,0.0005371742
28832,0.0005294109
28833,0.0005388941
28834,0.0005203839
28835,0.001023764
28836,0.001023764
28837,0.0005120999
28838,0.00102385
28839,0.0005165017
28840,0.00102385
28841,0.0005713886
28842,0.001026051
28843,0.00102603
28844,0.0005295045
28845,0.0005194581
28846,0.0005183131
28847,0.0005120999
28848,0.001023087
28849,0.0006317271
28850,0.001023618
28851,0.001023618
28852,0.0006347361
28853,0.001023087
28854,0.00098973
28855,0.00098973
28856,0.001023884
28857,0.0009228499
28858,0.001023884
28859,0.0009228971
28860,0.0005325436
28861,0.001004816
28862,0.001004816
28863,0.001025017
28864,0.001025014
28865,0.0005433439
28866,0.0005433991
28867,0.001023953
28868,0.001023772
28869,0.001023598
28870,0.001023953
28871,0.001023772
28872,0.001023598
28873,0.0005503958
28874,0.0005200613
28875,0.001027953
28876,0.0005150412
28877,0.001027934
28878,0.0005483132
28879,0.0005556776
28880,0.0005290232
28881,0.0005146238
28882,0.00056028
28883,0.0005152321
28884,0.0005601661
28885,0.0005144418
28886,0.0005133339
28887,0.0005604654
28888,0.0005140283
28889,0.0005600645
28890,0.0005120999
28891,0.0005207722
28892,0.0005145965
28893,0.0005340175
28894,0.001024568
28895,0.0005329093
28896,0.0005459349
28897,0.0005325634
28898,0.0005176523
28899,0.001024568
28900,0.0005120999
28901,0.0005742554
28902,0.0007926225
28903,0.0007925288
28904,0.0005295391
28905,0.000571945
28906,0.0005706304
28907,0.001019858
28908,0.001019848
28909,0.001018536
28910,0.00101856
28911,0.001005227
28912,0.00100518
28913,0.001045402
28914,0.001045448
28915,0.00102371
28916,0.001030582
28917,0.00102371
28918,0.001030568
28919,0.0005699799
28920,0.0005138802
28921,0.0005492175
28922,0.0005554678
28923,0.0005163031
28924,0.0005565938
28925,0.0005160362
28926,0.000549823
28927,0.0005584615
28928,0.0005241308
28929,0.0005219463
28930,0.0005539414
28931,0.001023633
28932,0.0005142099
28933,0.0005212984
28934,0.0005133487
28935,0.001023633
28936,0.0005127633
28937,0.0005120999
28938,0.0005120999
28939,0.00055969
28940,0.0005634928
28941,0.0005135421
28942,0.0005187649
28943,0.0005594325
28944,0.0005426101
28945,0.0005438375
28946,0.000533363
28947,0.0005954792
28948,0.0005133901
28949,0.0005120999
28950,0.0006053403
28951,0.001026311
28952,0.001026306
28953,0.0005510417
28954,0.001023645
28955,0.0006899355
28956,0.001023645
28957,0.0005479342
28958,0.001023556
28959,0.001023556
28960,0.001022825
28961,0.001022825
28962,0.001039815
28963,0.001039885
28964,0.001023736
28965,0.001023736
28966,0.0006221191
28967,0.0008346441
28968,0.0006226217
28969,0.0007813333
28970,0.0007305895
28971,0.0006160649
28972,0.0005969066
28973,0.0005596978
28974,0.0005268363
28975,0.0005148732
28976,0.0005219162
28977,0.0005962584
28978,0.0005325216
28979,0.0005396421
28980,0.0005390936
28981,0.00102385
28982,0.0005903595
28983,0.0005509641
28984,0.0005258427
28985,0.0005749614
28986,0.0005749437
28987,0.00102385
28988,0.000512153
28989,0.0005921869
28990,0.0005120999
28991,0.001023558
28992,0.0005440116
28993,0.0005127816
28994,0.000512794
28995,0.00102356
28996,0.001023825
28997,0.0005612642
28998,0.0005264933
28999,0.0005879345
29000,0.001023832
29001,0.00055094
29002,0.0005971136
29003,0.001023832
29004,0.001023825
29005,0.0005120999
29006,0.0006604682
29007,0.001025535
29008,0.001025521
29009,0.0006641727
29010,0.0005188148
29011,0.00102971
29012,0.00102968
29013,0.0006138423
29014,0.000521553
29015,0.0005376975
29016,0.0006623395
29017,0.0008252948
29018,0.001023528
29019,0.0008252963
29020,0.001023528
29021,0.001099817
29022,0.0006872063
29023,0.0005419738
29024,0.001099745
29025,0.0005749748
29026,0.001023856
29027,0.001023856
29028,0.0005447369
29029,0.001040368
29030,0.0005390546
29031,0.00106221
29032,0.001022203
29033,0.001062185
29034,0.001040359
29035,0.0005953177
29036,0.001022203
29037,0.0005653876
29038,0.0005565858
29039,0.0005347519
29040,0.0005809393
29041,0.0006305638
29042,0.0005606943
29043,0.0005120999
29044,0.0005140859
29045,0.0005121152
29046,0.0005141011
29047,0.000718903
29048,0.000516081
29049,0.0005157794
29050,0.0005197803
29051,0.001023209
29052,0.0007162416
29053,0.001023209
29054,0.000654039
29055,0.001023134
29056,0.001023131
29057,0.0005155755
29058,0.001023642
29059,0.0005212114
29060,0.0005210668
29061,0.001023798
29062,0.001023796
29063,0.001023643
29064,0.0005120999
29065,0.0006424125
29066,0.001024108
29067,0.001023281
29068,0.0006452891
29069,0.0006333818
29070,0.001023281
29071,0.001024107
29072,0.0007891645
29073,0.0006077848
29074,0.0005120999
29075,0.0007891645
29076,0.001029503
29077,0.001029489
29078,0.0005700195
29079,0.0005558134
29080,0.000514736
29081,0.0005271522
29082,0.0005637053
29083,0.0005235299
29084,0.0005241718
29085,0.0005122186
29086,0.000521886
29087,0.0005333333
29088,0.0005391814
29089,0.0006360701
29090,0.0005143856
29091,0.0005135954
29092,0.0005384182
29093,0.0005326989
29094,0.0005314841
29095,0.001024565
29096,0.001024564
29097,0.001031479
29098,0.001031475
29099,0.0005143597
29100,0.0005283928
29101,0.0005120999
29102,0.0005713605
29103,0.0005123701
29104,0.0005122617
29105,0.000512393
29106,0.001023014
29107,0.0005121407
29108,0.001023013
29109,0.0005120999
29110,0.00065814
29111,0.001024017
29112,0.000665525
29113,0.0007510474
29114,0.0007509042
29115,0.001024017
29116,0.0006481188
29117,0.001022981
29118,0.001022981
29119,0.0005221571
29120,0.001024091
29121,0.001024091
29122,0.0005221849
29123,0.000517423
29124,0.0005388921
29125,0.001023007
29126,0.001022996
29127,0.0005332793
29128,0.0005525101
29129,0.0005583959
29130,0.0010238
29131,0.0010238
29132,0.0005738635
29133,0.0006368714
29134,0.0005326706
29135,0.0005706362
29136,0.00052154
29137,0.0005134806
29138,0.0005157306
29139,0.0005860481
29140,0.0005157932
29141,0.0006002741
29142,0.001023662
29143,0.001023662
29144,0.0005120999
29145,0.0006696625
29146,0.0005160611
29147,0.0006692067
29148,0.000533606
29149,0.0005130562
29150,0.0005740084
29151,0.0005750136
29152,0.0005205987
29153,0.001023816
29154,0.0007930674
29155,0.001023816
29156,0.0007930688
29157,0.0005125701
29158,0.001022328
29159,0.001022198
29160,0.0005437933
29161,0.0005343655
29162,0.0005654167
29163,0.0005205229
29164,0.001023674
29165,0.001023674
29166,0.0005280345
29167,0.0005142072
29168,0.0005277227
29169,0.0005171711
29170,0.001043446
29171,0.001043437
29172,0.0005444378
29173,0.0006263754
29174,0.0005659678
29175,0.0006415184
29176,0.001023889
29177,0.0005651134
29178,0.0006249005
29179,0.001023889
29180,0.0005448913
29181,0.0006610287
29182,0.001023171
29183,0.001023171
29184,0.0005397692
29185,0.0006029155
29186,0.0005422541
29187,0.001034285
29188,0.0005162348
29189,0.0005288789
29190,0.0005217301
29191,0.0006102553
29192,0.001034269
29193,0.0005241454
29194,0.0005120999
29195,0.001024034
29196,0.001024034
29197,0.0005337691
29198,0.001023739
29199,0.001023526
29200,0.0005965813
29201,0.0005188099
29202,0.0005132644
29203,0.0005260562
29204,0.001023526
29205,0.001023739
29206,0.0005120999
29207,0.0005120999
29208,0.0005829078
29209,0.0006384958
29210,0.001024472
29211,0.0005524026
29212,0.0005233691
29213,0.001024476
29214,0.0006291522
29215,0.001024347
29216,0.001024349
29217,0.0005120999
29218,0.0005121113
29219,0.0005120999
29220,0.0005166078
29221,0.0005207298
29222,0.0005136175
29223,0.0005239283
29224,0.0005717275
29225,0.001023782
29226,0.00102287
29227,0.00102287
29228,0.001023782
29229,0.0005444383
29230,0.0005148784
29231,0.001023103
29232,0.00057527
29233,0.001034481
29234,0.001023457
29235,0.001023457
29236,0.001040326
29237,0.001040345
29238,0.001034447
29239,0.001023099
29240,0.0005873832
29241,0.001028936
29242,0.001028942
29243,0.001023708
29244,0.001023708
29245,0.0006356171
29246,0.000512214
29247,0.0005120999
29248,0.0005120999
29249,0.0005515966
29250,0.0005370905
29251,0.0006814973
29252,0.0006172959
29253,0.0005170542
29254,0.0007051106
29255,0.0006417625
29256,0.0006149735
29257,0.001024048
29258,0.001024043
29259,0.0005456856
29260,0.001023906
29261,0.001023906
29262,0.0005123423
29263,0.0006043576
29264,0.0005717275
29265,0.0006250198
29266,0.0005120999
29267,0.0005121175
29268,0.0005247472
29269,0.000512307
29270,0.001023247
29271,0.001023247
29272,0.0005120999
29273,0.001023857
29274,0.0005265324
29275,0.0005207494
29276,0.00052287
29277,0.0005195657
29278,0.0005545917
29279,0.001023857
29280,0.0005120999
29281,0.0005120999
29282,0.001023924
29283,0.001023924
29284,0.001031386
29285,0.001023641
29286,0.001023643
29287,0.001031368
29288,0.000559872
29289,0.0005120999
29290,0.0005120999
29291,0.0005165609
29292,0.0005392827
29293,0.0005355183
29294,0.0005127967
29295,0.0005120999
29296,0.0007368663
29297,0.0005434298
29298,0.0005248915
29299,0.0007368671
29300,0.001023747
29301,0.001023747
29302,0.0005779873
29303,0.000534331
29304,0.001023951
29305,0.001023951
29306,0.0005977542
29307,0.0005877403
29308,0.0005168383
29309,0.0005476294
29310,0.0005235954
29311,0.0005449907
29312,0.0005120999
29313,0.001023283
29314,0.0007033098
29315,0.0010239
29316,0.0010239
29317,0.001023283
29318,0.0007031682
29319,0.0005120999
29320,0.0005122259
29321,0.0005120999
29322,0.0007402999
29323,0.0006964654
29324,0.0007402998
29325,0.0005120999
29326,0.0005144398
29327,0.0005311911
29328,0.001023816
29329,0.001023816
29330,0.0005120999
29331,0.0005120999
29332,0.0005120999
29333,0.0005120999
29334,0.0005121008
29335,0.0005136722
29336,0.0005121037
29337,0.0005380277
29338,0.0005388577
29339,0.001023863
29340,0.001023954
29341,0.0006282973
29342,0.001023863
29343,0.001023613
29344,0.001023954
29345,0.001023613
29346,0.0005120999
29347,0.0005120999
29348,0.0005256162
29349,0.001023989
29350,0.001023696
29351,0.001023692
29352,0.001023989
29353,0.001023906
29354,0.001023906
29355,0.0005479864
29356,0.0005478556
29357,0.0005133454
29358,0.0005120999
29359,0.0005122967
29360,0.0006964654
29361,0.0005120999
29362,0.0005120999
29363,0.001023807
29364,0.0005821687
29365,0.0005206725
29366,0.0005877696
29367,0.0005223216
29368,0.001023803
29369,0.0005120999
29370,0.001023778
29371,0.001023778
29372,0.001023667
29373,0.001023667
29374,0.0005120999
29375,0.0005120999
29376,0.0005120999
29377,0.0005120999
29378,0.0005166373
29379,0.0005121037
29380,0.000542629
29381,0.001031604
29382,0.001031633
29383,0.0005214735
29384,0.0005712006
29385,0.000614273
29386,0.001095793
29387,0.001095784
29388,0.001025167
29389,0.001025172
29390,0.0005791531
29391,0.0005120999
29392,0.001024177
29393,0.001024175
29394,0.0005120999
29395,0.0005120999
29396,0.0005120999
29397,0.0005120999
29398,0.001024004
29399,0.001024207
29400,0.001024187
29401,0.001025028
29402,0.001025028
29403,0.0005151476
29404,0.001024004
29405,0.0006187985
29406,0.0006551982
29407,0.0006106687
29408,0.0006551982
29409,0.001024237
29410,0.0005229253
29411,0.001024237
29412,0.0005120999
29413,0.0005120999
29414,0.0005120999
29415,0.0005120999
29416,0.0005120999
29417,0.0005238382
29418,0.0007501072
29419,0.001024315
29420,0.001024332
29421,0.001022968
29422,0.0007501072
29423,0.001022968
29424,0.0005120999
29425,0.0005120999
29426,0.0005120999
29427,0.0005120999
29428,0.0005120999
29429,0.0005120999
29430,0.0005332234
29431,0.00102768
29432,0.001027703
29433,0.001030128
29434,0.001030121
29435,0.0005120999
29436,0.001023581
29437,0.001023581
29438,0.000518071
29439,0.001024271
29440,0.001024218
29441,0.001024218
29442,0.0005250479
29443,0.00051213
29444,0.0005415864
29445,0.00102427
29446,0.0005120999
29447,0.0005120999
29448,0.000521687
29449,0.0005120999
29450,0.0005120999
29451,0.0005120999
29452,0.0005120999
29453,0.0005120999
29454,0.0005710223
29455,0.001023017
29456,0.0005766204
29457,0.0006832755
29458,0.0006043373
29459,0.0006816534
29460,0.001023017
29461,0.0005120999
29462,0.0005120999
29463,0.0005120999
29464,0.0005120999
29465,0.0005120999
29466,0.0006331567
29467,0.0005739947
29468,0.0005278091
29469,0.0006331722
29470,0.0005235651
29471,0.0005338108
29472,0.0005170184
29473,0.0005759309
29474,0.0005445853
29475,0.0005443586
29476,0.0005196644
29477,0.0005434431
29478,0.0005252623
29479,0.0005456248
29480,0.0005120999
29481,0.0005120999
29482,0.0005120999
29483,0.0005120999
29484,0.0005120999
29485,0.0005120999
29486,0.0005901909
29487,0.0005881331
29488,0.0005827941
29489,0.0005951055
29490,0.0006007347
29491,0.0005507907
29492,0.0005793587
29493,0.0005120999
29494,0.0005120999
29495,0.0005703681
29496,0.0005120999
29497,0.0005120999
29498,0.001023537
29499,0.001022993
29500,0.0005193452
29501,0.0005278543
29502,0.000517983
29503,0.001023537
29504,0.001022993
29505,0.0005277523
29506,0.0005489198
29507,0.0005323659
29508,0.0005316979
29509,0.0005266375
29510,0.0005165865
29511,0.0005250503
29512,0.000533503
29513,0.0005143309
29514,0.001023763
29515,0.001023763
29516,0.0005120999
29517,0.0005120999
29518,0.0005120999
29519,0.0005120999
29520,0.0005120999
29521,0.0005120999
29522,0.0005120999
29523,0.0005120999
29524,0.0005120999
29525,0.000802368
29526,0.001020318
29527,0.001020312
29528,0.0006065405
29529,0.0005356288
29530,0.0006214333
29531,0.0009774001
29532,0.0005120999
29533,0.0005972533
29534,0.0009774001
29535,0.0005710579
29536,0.001061002
29537,0.0007295543
29538,0.0007295547
29539,0.0005498925
29540,0.0009908696
29541,0.0005249448
29542,0.001030475
29543,0.0005614672
29544,0.001030456
29545,0.0005430458
29546,0.0005235801
29547,0.0005162336
29548,0.0005140272
29549,0.0005137514
29550,0.0005254499
29551,0.0005120999
29552,0.0005120999
29553,0.0005120999
29554,0.0005120999
29555,0.0005120999
29556,0.0005120999
29557,0.0005120999
29558,0.0005120999
29559,0.0007092436
29560,0.000746125
29561,0.0007842395
29562,0.0007564137
29563,0.0007387607
29564,0.0007728252
29565,0.0005247173
29566,0.001003149
29567,0.001009119
29568,0.0006093848
29569,0.0005328637
29570,0.0007447281
29571,0.000575863
29572,0.0006186582
29573,0.0009492204
29574,0.001589131
29575,0.001596096
29576,0.001169557
29577,0.0007565921
29578,0.000639788
29579,0.001352726
29580,0.0007042856
29581,0.0006875113
29582,0.0007076276
29583,0.0005166817
29584,0.000570356
29585,0.0005192308
29586,0.0005141801
29587,0.000570758
29588,0.0005406748
29589,0.0005120999
29590,0.0005120999
29591,0.0005120999
29592,0.0005120999
29593,0.0005120999
29594,0.0005120999
29595,0.0005120999
29596,0.0005376433
29597,0.0005137117
29598,0.0005132027
29599,0.0005407071
29600,0.0005168236
29601,0.0005235463
29602,0.0005261341
29603,0.0005185459
29604,0.0005120999
29605,0.0005120999
29606,0.0005120999
29607,0.0005120999
29608,0.0005120999
29609,0.0005120999
29610,0.0005327566
29611,0.0005181817
29612,0.0005137607
29613,0.0005208972
29614,0.001023968
29615,0.001023968
29616,0.0005120999
29617,0.0005120999
29618,0.0005120999
29619,0.0005120999
29620,0.0005914674
29621,0.0007992304
29622,0.0005185976
29623,0.0006351415
29624,0.0006553543
29625,0.0005440423
29626,0.0005120999
29627,0.0005120999
29628,0.0005121131
29629,0.0005120999
29630,0.0005120999
29631,0.0005120999
29632,0.001023346
29633,0.001023346
29634,0.0005120999
29635,0.0005432738
29636,0.0005468348
29637,0.0006269217
29638,0.0006223588
29639,0.0005469209
29640,0.0005544546
29641,0.0005323383
29642,0.0006474355
29643,0.0005486625
29644,0.000512159
29645,0.000512159
29646,0.0005120999
29647,0.0005120999
29648,0.0005120999
29649,0.001023807
29650,0.001023808
29651,0.001022083
29652,0.001022083
29653,0.0010238
29654,0.001023659
29655,0.001023659
29656,0.001013457
29657,0.001013445
29658,0.0010238
29659,0.0005242693
29660,0.0005120999
29661,0.0005120999
29662,0.0005120999
29663,0.0005121042
29664,0.0005120999
29665,0.0005120999
29666,0.0005120999
29667,0.0005120999
29668,0.0005120999
29669,0.0005120999
29670,0.0006360776
29671,0.0006503977
29672,0.0005547905
29673,0.0005417027
29674,0.0005343321
29675,0.000595974
29676,0.0005122763
29677,0.0005328006
29678,0.0005328598
29679,0.0005120999
29680,0.0005120999
29681,0.0005136839
29682,0.0006603775
29683,0.000659252
29684,0.0005597831
29685,0.0005292452
29686,0.001023719
29687,0.000517128
29688,0.001023719
29689,0.001023811
29690,0.0005147447
29691,0.001023812
29692,0.001023812
29693,0.001023811
29694,0.0005434068
29695,0.0006262099
29696,0.001025718
29697,0.0007187531
29698,0.001025983
29699,0.001025714
29700,0.0005633173
29701,0.001025989
29702,0.0005120999
29703,0.0005120999
29704,0.0005120999
29705,0.0005121196
29706,0.0005121196
29707,0.0005120999
29708,0.0005120999
29709,0.0005872342
29710,0.001023842
29711,0.001022807
29712,0.000570119
29713,0.001023842
29714,0.0005871044
29715,0.0005121033
29716,0.001022807
29717,0.001023468
29718,0.001023468
29719,0.001054595
29720,0.001054545
29721,0.000535657
29722,0.0005283619
29723,0.0006305191
29724,0.0005475233
29725,0.0005206412
29726,0.0005365855
29727,0.0005120999
29728,0.0005120999
29729,0.0005120999
29730,0.0006310102
29731,0.0005406695
29732,0.0006306675
29733,0.001023474
29734,0.0005981149
29735,0.001023474
29736,0.001024848
29737,0.001024843
29738,0.0005120999
29739,0.001015066
29740,0.001015066
29741,0.001023987
29742,0.001023987
29743,0.000516416
29744,0.0008891851
29745,0.0005149366
29746,0.0009514557
29747,0.0009506491
29748,0.0008894495
29749,0.0005223586
29750,0.0005121325
29751,0.0005498377
29752,0.000561102
29753,0.0005120999
29754,0.0005120999
29755,0.0005120999
29756,0.0005120999
29757,0.0005120999
29758,0.0005120999
29759,0.0005120999
29760,0.0005120999
29761,0.001023859
29762,0.0005239964
29763,0.001023859
29764,0.0005497657
29765,0.001022635
29766,0.001024046
29767,0.001024046
29768,0.0005441438
29769,0.001022634
29770,0.0005124607
29771,0.0005870612
29772,0.0005230317
29773,0.001023678
29774,0.001023678
29775,0.000524896
29776,0.0005219268
29777,0.0005209623
29778,0.0005141894
29779,0.0005183617
29780,0.0005167139
29781,0.0005223542
29782,0.000544537
29783,0.0005229517
29784,0.0005120999
29785,0.0005120999
29786,0.0005120999
29787,0.001526729
29788,0.001022024
29789,0.001022021
29790,0.001528441
29791,0.0005171373
29792,0.001529968
29793,0.0005120999
29794,0.0005120999
29795,0.0005120999
29796,0.0005193543
29797,0.00102383
29798,0.0005499406
29799,0.00102383
29800,0.0005137896
29801,0.0005231078
29802,0.001024024
29803,0.0005122343
29804,0.001024024
29805,0.0005163946
29806,0.001023916
29807,0.001023917
29808,0.0005120999
29809,0.0005120999
29810,0.0005902844
29811,0.0005320905
29812,0.0005375129
29813,0.0005964712
29814,0.0005865814
29815,0.0005945725
29816,0.0005120999
29817,0.0005120999
29818,0.0005238795
29819,0.0005120999
29820,0.000535532
29821,0.0005120999
29822,0.0005120999
29823,0.001026629
29824,0.0005355693
29825,0.001026627
29826,0.0005499544
29827,0.0005356486
29828,0.001023989
29829,0.0005292855
29830,0.001024012
29831,0.0006850528
29832,0.0005120999
29833,0.0005199631
29834,0.0005199631
29835,0.0005120999
29836,0.0005120999
29837,0.0005120999
29838,0.0005120999
29839,0.0005499356
29840,0.000626944
29841,0.0006847355
29842,0.0005393315
29843,0.0005279997
29844,0.0005165105
29845,0.0005148061
29846,0.0005427686
29847,0.0005325938
29848,0.000615808
29849,0.0005487218
29850,0.001029468
29851,0.001029473
29852,0.0007987508
29853,0.0007987508
29854,0.001023849
29855,0.001023849
29856,0.0005142126
29857,0.0005120999
29858,0.0005120999
29859,0.001024497
29860,0.001024496
29861,0.0005120999
29862,0.0005120999
29863,0.0005120999
29864,0.0005120999
29865,0.0005120999
29866,0.0005314687
29867,0.0005261618
29868,0.0005702811
29869,0.0005160478
29870,0.0005451257
29871,0.0005212558
29872,0.0006405278
29873,0.0005182021
29874,0.0005240065
29875,0.0005364055
29876,0.0005138357
29877,0.0005121264
29878,0.0005138357
29879,0.000515072
29880,0.0006116178
29881,0.0005120999
29882,0.0005120999
29883,0.001058052
29884,0.001023363
29885,0.001031685
29886,0.001031668
29887,0.0005266761
29888,0.001023363
29889,0.001058014
29890,0.001023743
29891,0.001023743
29892,0.0005120999
29893,0.001027086
29894,0.00102708
29895,0.00103905
29896,0.001039026
29897,0.0005161681
29898,0.0005723027
29899,0.0006875892
29900,0.0005120999
29901,0.0005120999
29902,0.001023767
29903,0.001023767
29904,0.0005120999
29905,0.0005120999
29906,0.0005866993
29907,0.001023888
29908,0.001023887
29909,0.0005861028
29910,0.001023829
29911,0.0006632708
29912,0.0005335647
29913,0.0005258516
29914,0.00102383
29915,0.0005195994
29916,0.0006182906
29917,0.001023676
29918,0.001023676
29919,0.0005120999
29920,0.0005131965
29921,0.0005120999
29922,0.0005123275
29923,0.0005120999
29924,0.0005805398
29925,0.0005196068
29926,0.001023236
29927,0.001023803
29928,0.001023236
29929,0.001023803
29930,0.0006493939
29931,0.001023704
29932,0.000526455
29933,0.0006475071
29934,0.001023704
29935,0.0005409691
29936,0.0005197278
29937,0.0005120999
29938,0.0005120999
29939,0.0005296804
29940,0.0005297161
29941,0.0005331017
29942,0.0005326011
29943,0.0005120999
29944,0.0005120999
29945,0.0006134925
29946,0.0005164987
29947,0.0005123158
29948,0.0005882519
29949,0.0005267967
29950,0.0006143744
29951,0.0005858208
29952,0.0005164594
29953,0.0005176587
29954,0.000522722
29955,0.0005120999
29956,0.0005120999
29957,0.0005266583
29958,0.0005266769
29959,0.0005149917
29960,0.001014002
29961,0.001014002
29962,0.0005120999
29963,0.001041745
29964,0.001041734
29965,0.0005201175
29966,0.0005423565
29967,0.0005211538
29968,0.0005203914
29969,0.0005154008
29970,0.001023455
29971,0.0005143194
29972,0.0005412278
29973,0.001022224
29974,0.001023455
29975,0.001022224
29976,0.0005354739
29977,0.0009888313
29978,0.0005566298
29979,0.0005541776
29980,0.001009059
29981,0.001009059
29982,0.0009888313
29983,0.0005120999
29984,0.0005120999
29985,0.0005120999
29986,0.0005120999
29987,0.0005273527
29988,0.0005235662
29989,0.0005312434
29990,0.0005561653
29991,0.0005408623
29992,0.0005126986
29993,0.0005129223
29994,0.0005564765
29995,0.0005137834
29996,0.0005137941
29997,0.0005276001
29998,0.0005943109
29999,0.0005276001
30000,0.0005279937
30001,0.0005791159
30002,0.0005120999
30003,0.0005120999
30004,0.0005120999
30005,0.0006357303
30006,0.001012447
30007,0.0006196193
30008,0.001022951
30009,0.0007423699
30010,0.001012449
30011,0.001022951
30012,0.0005191098
30013,0.0005154148
30014,0.0005315554
30015,0.0005184772
30016,0.0005311004
30017,0.0005259088
30018,0.00102379
30019,0.00102379
30020,0.0005120999
30021,0.0005120999
30022,0.0005120999
30023,0.0005120999
30024,0.0005120999
30025,0.0005120999
30026,0.0005120999
30027,0.000512262
30028,0.000571333
30029,0.0005243187
30030,0.0005243425
30031,0.0005380121
30032,0.0005238825
30033,0.001028664
30034,0.001028673
30035,0.0005200822
30036,0.0005217374
30037,0.000571333
30038,0.0005130004
30039,0.001021343
30040,0.001021343
30041,0.001009102
30042,0.001009102
30043,0.001021646
30044,0.001021843
30045,0.001021843
30046,0.001021646
30047,0.0005127009
30048,0.0005120999
30049,0.0005120999
30050,0.0005120999
30051,0.0005626978
30052,0.0005699267
30053,0.0005418294
30054,0.0005630169
30055,0.0005771896
30056,0.000563691
30057,0.0005334549
30058,0.0005321889
30059,0.001023771
30060,0.000533672
30061,0.0005299653
30062,0.0005152056
30063,0.0005200682
30064,0.001023771
30065,0.0005120999
30066,0.0005120999
30067,0.0008828315
30068,0.0008828314
30069,0.0005135074
30070,0.0005120999
30071,0.0005586611
30072,0.001023586
30073,0.0005403389
30074,0.000530417
30075,0.0005820142
30076,0.000515557
30077,0.001023585
30078,0.001021223
30079,0.001021223
30080,0.0005295293
30081,0.0005120999
30082,0.0005121036
30083,0.001023945
30084,0.001023945
30085,0.0005120999
30086,0.0005377606
30087,0.0005531922
30088,0.000580672
30089,0.0005244293
30090,0.0005754958
30091,0.0006536909
30092,0.0006515938
30093,0.0005188609
30094,0.0005279045
30095,0.000516459
30096,0.0005128847
30097,0.001023797
30098,0.001023797
30099,0.0005120999
30100,0.0005240262
30101,0.0005620744
30102,0.0005634637
30103,0.0005297853
30104,0.0005949834
30105,0.0005302062
30106,0.0005302062
30107,0.0005120999
30108,0.0005120999
30109,0.0005536366
30110,0.0005122937
30111,0.0005660455
30112,0.0005647031
30113,0.0005135107
30114,0.0005291762
30115,0.0005215021
30116,0.0005120999
30117,0.0005121
30118,0.0005162434
30119,0.000535218
30120,0.0005367135
30121,0.001023642
30122,0.001023642
30123,0.0005120999
30124,0.0005471183
30125,0.0005383479
30126,0.001011445
30127,0.001011445
30128,0.0005276956
30129,0.0005991783
30130,0.0005273738
30131,0.0005206391
30132,0.001023982
30133,0.0005260312
30134,0.0005210328
30135,0.001023982
30136,0.0005120999
30137,0.0005121093
30138,0.0005391851
30139,0.0005425127
30140,0.0005121093
30141,0.0005120999
30142,0.0005120999
30143,0.0005158142
30144,0.0005158142
30145,0.001056273
30146,0.0005269847
30147,0.0005233313
30148,0.0005343748
30149,0.000585771
30150,0.0005231132
30151,0.001056294
30152,0.001022623
30153,0.0005188068
30154,0.001022623
30155,0.0005128199
30156,0.0005138469
30157,0.000513973
30158,0.0005122449
30159,0.0005120999
30160,0.0005129884
30161,0.001020008
30162,0.001020008
30163,0.001012919
30164,0.00101292
30165,0.001022524
30166,0.0005854052
30167,0.0005138985
30168,0.0005842189
30169,0.0005130576
30170,0.001022521
30171,0.0005167178
30172,0.0005125196
30173,0.0005133395
30174,0.0005120999
30175,0.0005182144
30176,0.0005120999
30177,0.0005121005
30178,0.0005263371
30179,0.0005892724
30180,0.0005120999
30181,0.0005206654
30182,0.0005207429
30183,0.0005129639
30184,0.0005295372
30185,0.0005184372
30186,0.001023878
30187,0.001023883
30188,0.0005120999
30189,0.0005121189
30190,0.0006059241
30191,0.001023485
30192,0.001023485
30193,0.001024483
30194,0.0005154778
30195,0.0005487832
30196,0.0005121015
30197,0.0005707341
30198,0.001024478
30199,0.0005330894
30200,0.00102046
30201,0.00102046
30202,0.0005219686
30203,0.0005181204
30204,0.0005232642
30205,0.0005202977
30206,0.001022991
30207,0.0005237255
30208,0.001022991
30209,0.0005120999
30210,0.001024367
30211,0.001023726
30212,0.001013439
30213,0.001013439
30214,0.001023727
30215,0.001024367
30216,0.001023415
30217,0.001023415
30218,0.0006185196
30219,0.0006497742
30220,0.0006532384
30221,0.0006185601
30222,0.0005144613
30223,0.0005120999
30224,0.0005144613
30225,0.0005120999
30226,0.0005120999
30227,0.0005120999
30228,0.0005120999
30229,0.0005383128
30230,0.0005285618
30231,0.0005163594
30232,0.0005150252
30233,0.0005246318
30234,0.0005178119
30235,0.0005312939
30236,0.0005121189
30237,0.000519599
30238,0.000523561
30239,0.000602011
30240,0.001023902
30241,0.001023902
30242,0.001023474
30243,0.000543649
30244,0.0005242471
30245,0.001023474
30246,0.001024491
30247,0.0005298594
30248,0.00102449
30249,0.0007385272
30250,0.000637681
30251,0.0005340176
30252,0.0005263609
30253,0.0005159159
30254,0.0006368647
30255,0.001023169
30256,0.00102317
30257,0.001025434
30258,0.001025434
30259,0.0005120999
30260,0.0005120999
30261,0.0005120999
30262,0.0005120999
30263,0.001020134
30264,0.001020134
30265,0.001023964
30266,0.00101734
30267,0.00101734
30268,0.001023964
30269,0.001535465
30270,0.001535227
30271,0.001535509
30272,0.001023802
30273,0.001023487
30274,0.001023815
30275,0.0005178254
30276,0.0005482702
30277,0.001023152
30278,0.001023487
30279,0.001023802
30280,0.001023815
30281,0.001023152
30282,0.0005122798
30283,0.0005153568
30284,0.0005120999
30285,0.0005120999
30286,0.0005120999
30287,0.0005345173
30288,0.0005182812
30289,0.0005210893
30290,0.0005253628
30291,0.0005618267
30292,0.0005120999
30293,0.0005120999
30294,0.0005120999
30295,0.0005210806
30296,0.001023654
30297,0.001025775
30298,0.001023932
30299,0.0005313533
30300,0.001023932
30301,0.001023655
30302,0.0005623008
30303,0.0005435004
30304,0.001025777
30305,0.0005200272
30306,0.0005570918
30307,0.0006098705
30308,0.0005507391
30309,0.0005143707
30310,0.0005126678
30311,0.001312361
30312,0.001552509
30313,0.001474482
30314,0.0005123901
30315,0.001100886
30316,0.0005120999
30317,0.0005279679
30318,0.0005405953
30319,0.0006097049
30320,0.0006099078
30321,0.000535467
30322,0.001018314
30323,0.001018319
30324,0.0005753589
30325,0.001019965
30326,0.001006623
30327,0.001006622
30328,0.000568226
30329,0.0005599774
30330,0.0005164136
30331,0.001019943
30332,0.001004825
30333,0.001004825
30334,0.001018515
30335,0.001018515
30336,0.0005361572
30337,0.001023274
30338,0.0005199281
30339,0.001023274
30340,0.0005328555
30341,0.0005131928
30342,0.0005138721
30343,0.000512101
30344,0.001023962
30345,0.00051689
30346,0.0005169202
30347,0.001023962
30348,0.0005120999
30349,0.0005120999
30350,0.0005530871
30351,0.0005348733
30352,0.001023936
30353,0.00102266
30354,0.00102266
30355,0.0005335789
30356,0.001023937
30357,0.0005524977
30358,0.0005128908
30359,0.0005236641
30360,0.0005120999
30361,0.0008984796
30362,0.001023619
30363,0.0008984796
30364,0.00102387
30365,0.001023619
30366,0.001032307
30367,0.001032333
30368,0.00102387
30369,0.0005470791
30370,0.001024956
30371,0.0005121157
30372,0.0009896333
30373,0.00102496
30374,0.0005473899
30375,0.0008715358
30376,0.0009896304
30377,0.0005888774
30378,0.0005797969
30379,0.0005385296
30380,0.000537312
30381,0.0005807898
30382,0.0005120999
30383,0.0005385109
30384,0.0005120999
30385,0.001006078
30386,0.0006158895
30387,0.001018771
30388,0.001018771
30389,0.0005426698
30390,0.001006079
30391,0.0005149037
30392,0.0010235
30393,0.001025127
30394,0.00102352
30395,0.001025122
30396,0.001023878
30397,0.001023878
30398,0.001023878
30399,0.001023878
30400,0.000538806
30401,0.0005573016
30402,0.0005573016
30403,0.0005267691
30404,0.0006070351
30405,0.0006144666
30406,0.0006373815
30407,0.0005174681
30408,0.0005373681
30409,0.0005210297
30410,0.00102389
30411,0.0005298193
30412,0.000521031
30413,0.00102389
30414,0.0005414166
30415,0.0005120999
30416,0.0005256873
30417,0.0005314612
30418,0.0005231186
30419,0.001023603
30420,0.0005182339
30421,0.001023603
30422,0.0005290371
30423,0.000512619
30424,0.0005120999
30425,0.0005120999
30426,0.0005120999
30427,0.0005698635
30428,0.0006064638
30429,0.0005507458
30430,0.0006079795
30431,0.0006077895
30432,0.001025547
30433,0.001025541
30434,0.001004955
30435,0.001023664
30436,0.001023664
30437,0.00100497
30438,0.001026589
30439,0.001026587
30440,0.00102533
30441,0.001025333
30442,0.00102846
30443,0.001028191
30444,0.001028453
30445,0.001028203
30446,0.0005741201
30447,0.0005124969
30448,0.0005288472
30449,0.0005305117
30450,0.0005150848
30451,0.0005252713
30452,0.0005192338
30453,0.0005128958
30454,0.0005247156
30455,0.0005205494
30456,0.000531235
30457,0.000529682
30458,0.0005336836
30459,0.0005120999
30460,0.0005203683
30461,0.0005143682
30462,0.0005134423
30463,0.0005279671
30464,0.0005218403
30465,0.0005192994
30466,0.0005120999
30467,0.001023461
30468,0.001023461
30469,0.0005925375
30470,0.0005120999
30471,0.00102382
30472,0.0005610927
30473,0.00102382
30474,0.0005902746
30475,0.001001682
30476,0.001001682
30477,0.0005531058
30478,0.0005927942
30479,0.0005490628
30480,0.0006073136
30481,0.0005381139
30482,0.001073501
30483,0.0005420271
30484,0.001030142
30485,0.001029791
30486,0.00107347
30487,0.001026513
30488,0.001023598
30489,0.001026517
30490,0.001023603
30491,0.001031091
30492,0.001031091
30493,0.0005310788
30494,0.000522611
30495,0.0005269034
30496,0.0005234373
30497,0.0005212174
30498,0.0005253434
30499,0.0005121623
30500,0.000528622
30501,0.0005162247
30502,0.0005168553
30503,0.0005209417
30504,0.0005150838
30505,0.0005787586
30506,0.0005379964
30507,0.001023723
30508,0.001023723
30509,0.0005324087
30510,0.0005150675
30511,0.0005138142
30512,0.0005177147
30513,0.0005143093
30514,0.0005132565
30515,0.0005206416
30516,0.0005120999
30517,0.0005120999
30518,0.0005120999
30519,0.0005219541
30520,0.0005203805
30521,0.0005133871
30522,0.0005135505
30523,0.0005202674
30524,0.0005133377
30525,0.0005123831
30526,0.0005181499
30527,0.0005218642
30528,0.000540612
30529,0.001023812
30530,0.001024003
30531,0.001024003
30532,0.001023812
30533,0.0005207689
30534,0.00052932
30535,0.001038097
30536,0.001038105
30537,0.0005120999
30538,0.001023751
30539,0.001023751
30540,0.0006224819
30541,0.0006428947
30542,0.0005166529
30543,0.000560226
30544,0.0005820646
30545,0.001020284
30546,0.001020272
30547,0.001011517
30548,0.001011505
30549,0.001026045
30550,0.001026039
30551,0.001024024
30552,0.001024024
30553,0.001023481
30554,0.001023481
30555,0.0005686541
30556,0.00102806
30557,0.001028058
30558,0.0005854882
30559,0.0005219355
30560,0.0006246301
30561,0.0005430463
30562,0.0005597759
30563,0.0005170261
30564,0.0005242488
30565,0.0005175488
30566,0.0005258178
30567,0.0005214299
30568,0.0005236756
30569,0.0005161833
30570,0.0005151157
30571,0.0005687553
30572,0.0005178282
30573,0.0005315067
30574,0.0005568417
30575,0.0005206096
30576,0.0005444833
30577,0.0005291504
30578,0.0005226554
30579,0.0005412885
30580,0.000526851
30581,0.0005120999
30582,0.0005767218
30583,0.00102419
30584,0.00102419
30585,0.0005453017
30586,0.00102381
30587,0.0005416566
30588,0.0005158101
30589,0.0005357758
30590,0.00102381
30591,0.000536509
30592,0.0005238267
30593,0.0005362849
30594,0.0006009926
30595,0.001018126
30596,0.001018126
30597,0.0005120999
30598,0.0005340544
30599,0.0005706821
30600,0.0005334735
30601,0.000551446
30602,0.000550347
30603,0.0005314759
30604,0.0005120999
30605,0.0005120999
30606,0.0005891065
30607,0.00102375
30608,0.00102375
30609,0.0005488721
30610,0.0005701021
30611,0.0005120999
30612,0.001023824
30613,0.0005195612
30614,0.001023824
30615,0.001000699
30616,0.001023443
30617,0.001023443
30618,0.001000723
30619,0.0005336148
30620,0.001010745
30621,0.0005120999
30622,0.0005120999
30623,0.001010745
30624,0.0006641091
30625,0.0005936244
30626,0.002157445
30627,0.002157306
30628,0.002036014
30629,0.001024789
30630,0.001024787
30631,0.001209412
30632,0.002036045
30633,0.002087803
30634,0.002087847
30635,0.00174389
30636,0.0006148392
30637,0.001023476
30638,0.001023476
30639,0.0005434975
30640,0.0006023697
30641,0.0005731678
30642,0.0005637509
30643,0.0005880317
30644,0.0006096275
30645,0.0005610241
30646,0.0005660148
30647,0.0005120999
30648,0.0005120999
30649,0.0005121483
30650,0.0005205947
30651,0.0005122927
30652,0.0005200048
30653,0.0005277407
30654,0.0005327589
30655,0.0005555872
30656,0.0005679951
30657,0.0005211038
30658,0.0005965478
30659,0.0005181443
30660,0.0005539898
30661,0.0005120999
30662,0.0006587481
30663,0.0006584018
30664,0.0006870409
30665,0.0005459887
30666,0.0005666551
30667,0.0005120999
30668,0.0005427696
30669,0.0005334436
30670,0.000550224
30671,0.0005274452
30672,0.0005425408
30673,0.0005266672
30674,0.0005408279
30675,0.0005384648
30676,0.0005489673
30677,0.0005120999
30678,0.0007134792
30679,0.0007556141
30680,0.0007142399
30681,0.001022145
30682,0.0005147865
30683,0.0006300903
30684,0.001022141
30685,0.0005121433
30686,0.0005120999
30687,0.001023916
30688,0.001023916
30689,0.0005378504
30690,0.001569256
30691,0.00156916
30692,0.001039513
30693,0.0005593289
30694,0.0005173513
30695,0.001039531
30696,0.0005243061
30697,0.0005271353
30698,0.0005402399
30699,0.0005170057
30700,0.0005154883
30701,0.0005445027
30702,0.0007442895
30703,0.0005121008
30704,0.0005121726
30705,0.00102375
30706,0.00102375
30707,0.0005120999
30708,0.0005156579
30709,0.0005163987
30710,0.001023776
30711,0.0005170511
30712,0.0005203457
30713,0.001023776
30714,0.0005135199
30715,0.0005170694
30716,0.0005165495
30717,0.000520473
30718,0.0005120999
30719,0.0005120999
30720,0.001023801
30721,0.0007556439
30722,0.001023163
30723,0.001023801
30724,0.001023163
30725,0.0005121433
30726,0.0005120999
30727,0.0005120999
30728,0.0005120999
30729,0.0005534576
30730,0.001092357
30731,0.0006142044
30732,0.00103578
30733,0.001120298
30734,0.0005956173
30735,0.00109228
30736,0.001035783
30737,0.001120515
30738,0.0005139965
30739,0.0005189801
30740,0.0005173406
30741,0.00102296
30742,0.0005139855
30743,0.0005734594
30744,0.0005131896
30745,0.00102296
30746,0.000514998
30747,0.0005197959
30748,0.0005531889
30749,0.000517286
30750,0.0005712822
30751,0.0005146541
30752,0.0005193407
30753,0.0005147074
30754,0.0005891967
30755,0.0005910583
30756,0.0005120999
30757,0.0005422079
30758,0.0005165722
30759,0.0005171915
30760,0.0005125843
30761,0.0005970013
30762,0.0006033665
30763,0.0005427392
30764,0.001023857
30765,0.001023857
30766,0.0005195594
30767,0.0005120999
30768,0.001023872
30769,0.001023872
30770,0.001024076
30771,0.0008417085
30772,0.0008417085
30773,0.001023388
30774,0.001023388
30775,0.001024076
30776,0.0005120999
30777,0.0005120999
30778,0.001023176
30779,0.001023176
30780,0.0005120999
30781,0.001192353
30782,0.001192007
30783,0.000755828
30784,0.00132665
30785,0.001327208
30786,0.001557101
30787,0.000922745
30788,0.0007457086
30789,0.001439785
30790,0.001557135
30791,0.001373922
30792,0.001439702
30793,0.0005207111
30794,0.001007042
30795,0.001007042
30796,0.001023854
30797,0.001023854
30798,0.00102309
30799,0.0005537252
30800,0.000593893
30801,0.00102309
30802,0.0006023832
30803,0.0005725536
30804,0.0005218748
30805,0.0005137565
30806,0.0005200006
30807,0.0005151375
30808,0.0005449918
30809,0.0005197589
30810,0.0005350997
30811,0.0005259419
30812,0.001023836
30813,0.001023836
30814,0.0005363022
30815,0.0005497161
30816,0.0006180431
30817,0.0005120999
30818,0.0005120999
30819,0.0005139828
30820,0.0005278339
30821,0.0005134565
30822,0.0005258965
30823,0.000512762
30824,0.0005142355
30825,0.0005120999
30826,0.001023953
30827,0.001023954
30828,0.001027269
30829,0.001023899
30830,0.001023899
30831,0.00102725
30832,0.0005120999
30833,0.0006208927
30834,0.001164673
30835,0.001164985
30836,0.0005248995
30837,0.001161592
30838,0.0005120999
30839,0.0006641764
30840,0.0007957526
30841,0.001161548
30842,0.001023406
30843,0.001023406
30844,0.001023912
30845,0.001023912
30846,0.000568978
30847,0.0005392252
30848,0.0005663621
30849,0.0005680145
30850,0.0007254079
30851,0.0007210209
30852,0.001030745
30853,0.0005379269
30854,0.0006092665
30855,0.001030734
30856,0.0005120999
30857,0.0005230972
30858,0.0005135479
30859,0.0005459604
30860,0.001023826
30861,0.0005226872
30862,0.001023826
30863,0.0005404967
30864,0.0005143349
30865,0.0005120999
30866,0.0005120999
30867,0.001023999
30868,0.001024
30869,0.001023835
30870,0.001023835
30871,0.001023546
30872,0.001023546
30873,0.0005120999
30874,0.0005240624
30875,0.0006205439
30876,0.001127296
30877,0.001427939
30878,0.001272259
30879,0.001272258
30880,0.0005238471
30881,0.0005285033
30882,0.0009100654
30883,0.001427828
30884,0.0005120999
30885,0.0007148985
30886,0.0005120999
30887,0.0005120999
30888,0.00102581
30889,0.001024456
30890,0.0005122609
30891,0.001025809
30892,0.001024453
30893,0.001024451
30894,0.001024454
30895,0.0005124664
30896,0.001023543
30897,0.0005312406
30898,0.001023543
30899,0.0005148796
30900,0.0005144333
30901,0.0005337158
30902,0.0005557713
30903,0.0005279417
30904,0.0006029194
30905,0.0005581084
30906,0.001022608
30907,0.001022608
30908,0.001023604
30909,0.0005897005
30910,0.001023604
30911,0.0005171782
30912,0.0005121045
30913,0.0005171828
30914,0.0006256895
30915,0.0005419001
30916,0.0009895317
30917,0.0009531068
30918,0.0006100331
30919,0.001056728
30920,0.0007274842
30921,0.0010566
30922,0.00103073
30923,0.001030714
30924,0.0005120999
30925,0.0005120999
30926,0.0005120999
30927,0.0005122098
30928,0.0005736348
30929,0.0005127274
30930,0.001019411
30931,0.001019411
30932,0.0005227466
30933,0.000554227
30934,0.0005365353
30935,0.0005238177
30936,0.0005133621
30937,0.0005127597
30938,0.001023974
30939,0.0005486923
30940,0.0005392825
30941,0.001023974
30942,0.0005134117
30943,0.0005120999
30944,0.00102351
30945,0.001023515
30946,0.001022376
30947,0.00102308
30948,0.001022376
30949,0.001023443
30950,0.001023443
30951,0.00102308
30952,0.0005167515
30953,0.0005120999
30954,0.0005229557
30955,0.0005120999
30956,0.0005167515
30957,0.0005203153
30958,0.0006183395
30959,0.0005651104
30960,0.00109424
30961,0.0006100195
30962,0.00111124
30963,0.00111113
30964,0.001094559
30965,0.0005276364
30966,0.0005120999
30967,0.0008186115
30968,0.0005136722
30969,0.0005341519
30970,0.0005702599
30971,0.0005899198
30972,0.0008193037
30973,0.0005838892
30974,0.001023876
30975,0.0005615208
30976,0.0006022639
30977,0.0005166399
30978,0.001023876
30979,0.001023801
30980,0.000549483
30981,0.0005388455
30982,0.001023801
30983,0.0005120999
30984,0.0005120999
30985,0.001023974
30986,0.001022995
30987,0.001024041
30988,0.001024041
30989,0.001023974
30990,0.001021567
30991,0.001021567
30992,0.001022995
30993,0.0005147351
30994,0.0008171296
30995,0.00052063
30996,0.0005183481
30997,0.0008135951
30998,0.0005120999
30999,0.0005792131
31000,0.0008373832
31001,0.000850698
31002,0.001056215
31003,0.001056059
31004,0.0005151731
31005,0.00102335
31006,0.00102335
31007,0.0005295986
31008,0.0005154884
31009,0.0005120999
31010,0.0005238645
31011,0.0005274772
31012,0.000512125
31013,0.0005228338
31014,0.0005564044
31015,0.000571317
31016,0.0005628916
31017,0.000530071
31018,0.0005727092
31019,0.000576957
31020,0.0005886935
31021,0.0005432319
31022,0.001001956
31023,0.001001956
31024,0.0006559064
31025,0.0005120999
31026,0.001022652
31027,0.0008412825
31028,0.0005164855
31029,0.0008412824
31030,0.001022668
31031,0.0005324268
31032,0.0005120999
31033,0.0005120999
31034,0.0005269283
31035,0.0005507485
31036,0.0005132784
31037,0.001023848
31038,0.001023849
31039,0.00102374
31040,0.000572893
31041,0.001023658
31042,0.001023848
31043,0.001023849
31044,0.00102374
31045,0.0005142089
31046,0.001023658
31047,0.0005120999
31048,0.0005231689
31049,0.001026865
31050,0.0005329226
31051,0.0005752742
31052,0.001026872
31053,0.0005771761
31054,0.0005184431
31055,0.0005120999
31056,0.0005120999
31057,0.0005419764
31058,0.0006447028
31059,0.0006403864
31060,0.0005164285
31061,0.000525396
31062,0.0006040829
31063,0.0005960882
31064,0.001023303
31065,0.001023436
31066,0.001023407
31067,0.0007751933
31068,0.001023306
31069,0.001023435
31070,0.0007743775
31071,0.001023407
31072,0.0005120999
31073,0.0005120999
31074,0.0005562434
31075,0.0005447788
31076,0.0005542851
31077,0.0005428205
31078,0.000515357
31079,0.001023731
31080,0.001023643
31081,0.001023643
31082,0.001023731
31083,0.001025421
31084,0.001025425
31085,0.001023429
31086,0.001023429
31087,0.0005769863
31088,0.0005127157
31089,0.0005317912
31090,0.0005367329
31091,0.0005210254
31092,0.0005196684
31093,0.0006027365
31094,0.00102741
31095,0.001027408
31096,0.0005120999
31097,0.0005327555
31098,0.0005144255
31099,0.0005469859
31100,0.0005208026
31101,0.0005175105
31102,0.000521687
31103,0.0005379381
31104,0.0007518399
31105,0.0007721584
31106,0.0005299264
31107,0.0006282177
31108,0.0006114958
31109,0.0005730106
31110,0.0005615362
31111,0.0006053617
31112,0.0005729438
31113,0.0005629807
31114,0.0005120999
31115,0.0005120999
31116,0.0005130426
31117,0.0005131093
31118,0.0005486916
31119,0.001023871
31120,0.0005221218
31121,0.001023427
31122,0.001022925
31123,0.001023427
31124,0.0005136643
31125,0.001022917
31126,0.001022917
31127,0.001023871
31128,0.001022925
31129,0.0005490784
31130,0.0005120999
31131,0.001023723
31132,0.001023723
31133,0.0005419832
31134,0.0005296163
31135,0.0005238861
31136,0.0006060961
31137,0.0005154994
31138,0.0005120999
31139,0.0005120999
31140,0.0005133887
31141,0.0005149802
31142,0.0005438272
31143,0.0005438472
31144,0.0005120999
31145,0.0005120999
31146,0.0005803131
31147,0.0005120999
31148,0.0005942633
31149,0.0005792686
31150,0.0005610936
31151,0.0005426338
31152,0.0005719233
31153,0.0005120999
31154,0.0005120999
31155,0.0005216947
31156,0.0005736582
31157,0.0006100377
31158,0.0005121189
31159,0.0005290743
31160,0.001023801
31161,0.001023801
31162,0.001023859
31163,0.001023068
31164,0.001023859
31165,0.0005263162
31166,0.000513544
31167,0.0005146928
31168,0.001023067
31169,0.0005120999
31170,0.0005203761
31171,0.0005189371
31172,0.001027798
31173,0.001027795
31174,0.0005208743
31175,0.0005206466
31176,0.000520532
31177,0.0005210493
31178,0.0005120999
31179,0.0005120999
31180,0.0005120999
31181,0.0005149149
31182,0.0005120999
31183,0.0005120999
31184,0.0005120999
31185,0.0005120999
31186,0.0010227
31187,0.0006042086
31188,0.0010227
31189,0.0006042618
31190,0.0005703876
31191,0.0007492552
31192,0.001023506
31193,0.0006000823
31194,0.0006233043
31195,0.0008071266
31196,0.0006010454
31197,0.000531056
31198,0.0006109019
31199,0.001023511
31200,0.0005120999
31201,0.0005120999
31202,0.0005972533
31203,0.0005120999
31204,0.001763393
31205,0.001984391
31206,0.001939783
31207,0.0005636531
31208,0.0005541847
31209,0.0005127894
31210,0.001025298
31211,0.0005462585
31212,0.0005219294
31213,0.0005389419
31214,0.001025296
31215,0.001023356
31216,0.001023356
31217,0.0005120999
31218,0.0005253546
31219,0.0005150476
31220,0.0005191381
31221,0.0005293059
31222,0.0005430473
31223,0.0005291086
31224,0.0005270382
31225,0.0005255237
31226,0.0005254287
31227,0.0005120999
31228,0.0005120999
31229,0.0005120999
31230,0.0005120999
31231,0.0009238466
31232,0.0009238466
31233,0.0005120999
31234,0.0006594375
31235,0.0005125419
31236,0.0005126769
31237,0.0006588605
31238,0.001042149
31239,0.001064587
31240,0.001064647
31241,0.001042188
31242,0.0006459563
31243,0.0006794504
31244,0.001034927
31245,0.001034943
31246,0.0005993846
31247,0.0005395176
31248,0.000702276
31249,0.0007985508
31250,178.763
31251,372.2881
31252,193.6455
31253,193.6454
31254,193.6458
31255,477.6642
31256,313.2671
31257,193.646
31258,424.7161
31259,193.8459
31260,288.0096
31261,288.0091
31262,193.646
31263,288.664
31264,287.7798
31265,290.916
31266,307.2696
31267,236.6707
31268,234.1677
31269,26.03789
31270,25.58444
31271,26.20609
31272,26.14086
31273,25.48581
31274,25.46245
31275,15.68385
31276,6.216575
31277,8.932951
31278,5.552167
31279,4.352472
31280,9.158775
31281,41.24814
31282,38.72735
31283,53.08726
31284,24.52432
31285,26.0515
31286,25.96274
31287,25.9748
31288,26.04436
31289,25.60271
31290,25.41022
31291,4.780668
31292,-0.1717673
31293,-2.77683
31294,30.54406
31295,59.06466
31296,25.25778
31297,42.28334
31298,42.8947
31299,39.06459
31300,34.33755
31301,5.019757
31302,32.39666
31303,35.4732
31304,32.27656
31305,7.019221
31306,26.21786
31307,26.26995
31308,25.78881
31309,26.35407
31310,25.62361
31311,25.93246
31312,25.84944
31313,25.93009
31314,-0.676093
31315,0.7337759
31316,-1.686898
31317,15.15581
31318,23.0333
31319,23.0398
31320,24.04935
31321,25.04425
31322,25.04377
31323,6.73778
31324,64.43223
31325,46.23321
31326,88.93906
31327,42.51139
31328,53.03504
31329,-5.84742
31330,34.75269
31331,25.24453
31332,76.43352
31333,14.66911
31334,11.82549
31335,26.38836
31336,26.3087
31337,25.34138
31338,25.92619
31339,25.4295
31340,26.34078
31341,26.44772
31342,26.71743
31343,-3.735711
31344,22.31376
31345,44.86485
31346,-1.903972
31347,-7.410675
31348,10.43555
31349,24.9372
31350,25.18883
31351,25.18897
31352,25.08875
31353,24.925
31354,25.08084
31355,21.29584
31356,25.09359
31357,25.08888
31358,25.08935
31359,25.08819
31360,18.27514
31361,18.23629
31362,4.360981
31363,5.082046
31364,114.5728
31365,225.9302
31366,189.1264
31367,204.2602
31368,213.8073
31369,106.0114
31370,115.608
31371,166.4107
31372,180.6795
31373,185.4921
31374,-4.287372
31375,-0.9722351
31376,2.595279
31377,12.26454
31378,60.51747
31379,1.642201
31380,26.97994
31381,27.16137
31382,27.83553
31383,27.82792
31384,27.05866
31385,27.13513
31386,10.49759
31387,8.264967
31388,28.19566
31389,7.03737
31390,59.63224
31391,34.5317
31392,31.36011
31393,13.54001
31394,6.093318
31395,16.10848
31396,14.64338
31397,23.22458
31398,23.05742
31399,18.61502
31400,25.3407
31401,23.57282
31402,25.89072
31403,23.06467
31404,24.11405
31405,25.76104
31406,25.36867
31407,-0.001663483
31408,1.109052
31409,-1.008144
31410,-3.093929
31411,8.579295
31412,-10.16097
31413,-7.288914
31414,6.977599
31415,25.24665
31416,25.36911
31417,25.36817
31418,25.12682
31419,25.26215
31420,25.11271
31421,25.24649
31422,25.26735
31423,25.14669
31424,25.47087
31425,25.47059
31426,25.19873
31427,25.19956
31428,25.15731
31429,25.53303
31430,25.58881
31431,-3.171804
31432,10.41816
31433,10.40865
31434,8.854485
31435,-1.509063
31436,-1.178255
31437,23.43165
31438,25.20119
31439,25.10837
31440,25.1041
31441,25.26436
31442,25.37835
31443,24.88331
31444,25.25749
31445,25.34969
31446,25.67467
31447,25.28659
31448,25.37122
31449,25.36511
31450,25.25746
31451,25.70099
31452,25.48385
31453,2.113099
31454,12.09326
31455,-4.386688
31456,7.790037
31457,12.32797
31458,-3.315665
31459,11.60793
31460,24.5469
31461,25.21347
31462,25.08089
31463,25.14349
31464,25.03022
31465,25.08112
31466,25.14209
31467,25.16692
31468,25.21042
31469,25.11497
31470,25.61545
31471,25.61628
31472,23.65654
31473,25.79397
31474,25.27895
31475,25.74185
31476,24.68401
31477,25.68351
31478,25.14037
31479,25.48634
31480,26.23302
31481,22.81814
31482,25.48019
31483,24.91599
31484,14.49794
31485,2.780106
31486,3.9402
31487,10.27959
31488,10.42659
31489,-1.268727
31490,25.08879
31491,25.08185
31492,25.19155
31493,24.72503
31494,24.94978
31495,25.21644
31496,-0.006526122
31497,0.6565433
31498,11.3145
31499,6.350789
31500,24.64552
31501,25.19529
31502,25.15148
31503,25.22059
31504,25.31856
31505,25.0161
31506,25.10902
31507,25.30118
31508,24.20317
31509,25.31542
31510,25.068
31511,1E-07
31512,3.029925
31513,3.354304
31514,12.64767
31515,12.65053
31516,26.4847
31517,26.74414
31518,26.55008
31519,27.03798
31520,26.56241
31521,27.17833
31522,26.84325
31523,26.98929
31524,16.12886
31525,34.86748
31526,31.8487
31527,41.70178
31528,12.15529
31529,-15.6163
31530,17.70967
31531,10.18972
31532,8.372259
31533,8.14712
31534,77.88045
31535,-6.980661
31536,0.9345348
31537,15.16682
31538,6.713616
31539,0.4403687
31540,25.28822
31541,25.27868
31542,24.90152
31543,25.1394
31544,25.09591
31545,25.09544
31546,25.28588
31547,25.21773
31548,16.43807
31549,15.41351
31550,7.010683
31551,20.4906
31552,20.48664
31553,0.009196675
31554,4.411322
31555,5.979366
31556,5.127101
31557,11.24103
31558,25.22592
31559,25.30904
31560,25.22371
31561,25.24138
31562,25.25197
31563,25.31437
31564,25.30884
31565,25.38548
31566,25.25661
31567,25.32154
31568,19.98085
31569,-1.708952
31570,28.82052
31571,33.52201
31572,25.1678
31573,-1.836683
31574,33.44321
31575,8.333229
31576,1.242244
31577,0.6041353
31578,12.94739
31579,9.63066
31580,5.71789
31581,28.83351
31582,30.48509
31583,25.24375
31584,25.3811
31585,25.37094
31586,25.55789
31587,25.36797
31588,25.48664
31589,25.57279
31590,25.76408
31591,24.98264
31592,25.3886
31593,25.48936
31594,25.6368
31595,25.4362
31596,9.336805
31597,36.54846
31598,5.002025
31599,4.552046
31600,-4.922942
31601,11.1326
31602,9.479234
31603,8.160993
31604,21.58024
31605,10.78402
31606,10.78337
31607,6.373618
31608,10.20266
31609,32.05834
31610,24.4803
31611,39.60801
31612,7.641779
31613,20.13739
31614,23.11161
31615,18.56529
31616,23.1061
31617,-26.06155
31618,1.082838
31619,25.56037
31620,25.09423
31621,25.44113
31622,25.45997
31623,25.5283
31624,25.63179
31625,25.88711
31626,25.63346
31627,7.477267
31628,3.66841
31629,1.827681
31630,-4.024628
31631,25.10003
31632,25.01908
31633,25.1748
31634,25.01657
31635,25.02846
31636,25.22675
31637,24.76309
31638,25.18165
31639,26.39546
31640,25.80606
31641,25.63175
31642,26.59592
31643,26.85113
31644,25.81132
31645,18.44485
31646,4.419057
31647,-7.762877
31648,20.28944
31649,47.45136
31650,46.06128
31651,59.09846
31652,50.22109
31653,74.84
31654,47.45136
31655,4.674194
31656,25.94574
31657,25.41242
31658,25.28178
31659,25.38241
31660,25.93004
31661,25.67516
31662,25.76703
31663,25.67735
31664,25.42865
31665,26.70896
31666,26.51571
31667,26.70788
31668,22.15561
31669,25.11272
31670,25.1497
31671,25.15417
31672,25.05614
31673,24.56027
31674,24.56033
31675,25.05594
31676,13.92483
31677,9.152112
31678,9.36846
31679,1.06594
31680,10.34097
31681,37.68441
31682,25.94016
31683,26.46933
31684,25.55457
31685,26.05514
31686,26.71386
31687,26.48054
31688,26.12564
31689,26.31087
31690,27.47105
31691,26.1246
31692,26.5345
31693,5.782072
31694,6.597669
31695,19.65732
31696,6.236662
31697,5.855052
31698,1.910243
31699,17.59141
31700,17.60268
31701,25.11011
31702,25.13102
31703,25.57365
31704,24.56844
31705,24.98519
31706,24.74186
31707,25.25778
31708,10.76792
31709,18.29544
31710,-0.6755123
31711,-0.08051793
31712,24.77135
31713,17.29495
31714,39.12127
31715,75.94971
31716,52.7846
31717,27.41665
31718,26.88992
31719,24.32362
31720,22.59138
31721,23.01668
31722,24.21297
31723,24.32641
31724,25.16212
31725,18.89483
31726,2.188668
31727,22.70028
31728,13.79447
31729,4.173698
31730,25.08123
31731,25.26149
31732,25.106
31733,25.16536
31734,25.1682
31735,25.15295
31736,25.2256
31737,25.18421
31738,25.26982
31739,24.4211
31740,25.15926
31741,25.15726
31742,25.15487
31743,25.27178
31744,25.18412
31745,-0.6035761
31746,10.37501
31747,20.533
31748,6.932786
31749,77.674
31750,55.04661
31751,90.0142
31752,81.10372
31753,37.48365
31754,56.99133
31755,36.57006
31756,48.70242
31757,48.32664
31758,17.1776
31759,21.74195
31760,17.15147
31761,28.4769
31762,28.46529
31763,15.68287
31764,26.89123
31765,27.57135
31766,37.04605
31767,21.82213
31768,21.45212
31769,42.28621
31770,30.42547
31771,3.306079
31772,0.9217768
31773,0.602677
31774,25.14933
31775,25.45751
31776,25.03121
31777,25.1372
31778,25.32887
31779,25.40106
31780,25.24799
31781,23.92092
31782,25.25614
31783,25.38008
31784,25.30076
31785,25.30055
31786,24.90899
31787,-19.18569
31788,-18.97811
31789,-5.499722
31790,-1.549026
31791,3.97103
31792,26.54271
31793,25.35002
31794,25.68641
31795,25.65105
31796,25.6511
31797,25.34969
31798,25.13573
31799,26.02201
31800,2.916006
31801,26.72562
31802,45.68853
31803,45.64324
31804,8.398839
31805,8.412889
31806,4.679348
31807,18.67491
31808,18.74981
31809,4.678047
31810,-8.700286
31811,25.19496
31812,41.11782
31813,6.334289
31814,49.5431
31815,7.146485
31816,27.35898
31817,4.136338
31818,6.933777
31819,2.045451
31820,25.49444
31821,25.08612
31822,25.38279
31823,25.42259
31824,-1.885871
31825,25.39637
31826,25.28936
31827,3.189427
31828,25.32059
31829,25.23718
31830,24.53252
31831,25.21151
31832,25.69516
31833,25.32113
31834,25.47294
31835,-2.727784
31836,-12.1494
31837,2.456316
31838,24.82509
31839,22.89183
31840,28.66835
31841,24.1631
31842,22.89741
31843,28.68119
31844,22.62375
31845,9.51885
31846,27.31112
31847,42.97447
31848,43.05074
31849,-1.003129
31850,52.97025
31851,29.96438
31852,30.26401
31853,2.732137
31854,25.43706
31855,25.38463
31856,2.02896
31857,25.36567
31858,25.43024
31859,25.43953
31860,25.44133
31861,24.88825
31862,25.23178
31863,25.4718
31864,25.25638
31865,25.36618
31866,25.26288
31867,25.39952
31868,25.24848
31869,25.36693
31870,25.54332
31871,25.7184
31872,-6.723361
31873,8.348392
31874,5.695734
31875,-0.2653875
31876,2.913557
31877,24.40973
31878,24.44378
31879,28.87465
31880,39.08825
31881,39.08604
31882,23.56076
31883,29.88473
31884,29.86941
31885,32.50812
31886,27.00274
31887,51.33616
31888,2.874646
31889,8.964096
31890,27.51383
31891,27.51902
31892,19.17533
31893,21.36175
31894,19.18508
31895,37.47987
31896,24.40109
31897,-1.072682
31898,3.71129
31899,2.155938
31900,2.599615
31901,25.71311
31902,16.35259
31903,25.90469
31904,25.59377
31905,25.67951
31906,4.362624
31907,25.92576
31908,25.33376
31909,25.37476
31910,25.51512
31911,26.2658
31912,25.76833
31913,26.25868
31914,25.76854
31915,25.81206
31916,25.96253
31917,25.76247
31918,23.92225
31919,3.090456
31920,-0.4353123
31921,24.80008
31922,24.83071
31923,24.8707
31924,24.53203
31925,25.28273
31926,22.33347
31927,24.79597
31928,22.45959
31929,-2.150162
31930,-2.544132
31931,26.7707
31932,25.29576
31933,27.45344
31934,26.30192
31935,27.31789
31936,27.44329
31937,26.14216
31938,28.7379
31939,28.73599
31940,27.31775
31941,28.08001
31942,28.07774
31943,26.86092
31944,-5.731847
31945,25.07226
31946,25.07181
31947,-3.3799
31948,17.82638
31949,14.8062
31950,24.41285
31951,27.06741
31952,27.06896
31953,10.30352
31954,25.73944
31955,25.71456
31956,25.64738
31957,25.99543
31958,25.71486
31959,12.82697
31960,25.72828
31961,25.52495
31962,25.71297
31963,4.919102
31964,12.01779
31965,14.13468
31966,14.1411
31967,24.37588
31968,24.40577
31969,26.3248
31970,25.66458
31971,26.17205
31972,25.65976
31973,26.50476
31974,24.4489
31975,7.664567
31976,2.036964
31977,6.847781
31978,-0.4819579
31979,-0.001930899
31980,25.37817
31981,22.42913
31982,24.98924
31983,25.17772
31984,24.99223
31985,25.16237
31986,25.18603
31987,25.16212
31988,25.29305
31989,-1.311682
31990,26.91389
31991,28.19856
31992,27.13343
31993,27.76795
31994,26.65486
31995,27.99491
31996,29.82641
31997,28.94977
31998,29.82794
31999,27.6315
32000,29.00444
32001,70.33098
32002,26.51169
32003,35.86485
32004,29.79875
32005,28.26734
32006,34.27672
32007,15.2854
32008,24.4516
32009,25.32614
32010,25.33049
32011,25.55582
32012,25.35196
32013,24.98951
32014,0.2157203
32015,26.18925
32016,25.35129
32017,13.18746
32018,12.33174
32019,27.0817
32020,25.98102
32021,26.61746
32022,27.13451
32023,27.13223
32024,25.50635
32025,28.30891
32026,17.87547
32027,26.98541
32028,25.76545
32029,25.60258
32030,26.81755
32031,26.56256
32032,23.43564
32033,23.43392
32034,27.02456
32035,21.30761
32036,2.448769
32037,18.98325
32038,-7.897379
32039,4.968331
32040,3.959266
32041,3.274819
32042,25.21423
32043,25.12522
32044,25.08174
32045,25.21521
32046,25.12682
32047,25.10191
32048,25.09988
32049,25.08008
32050,4.673763
32051,30.53666
32052,30.54198
32053,28.57227
32054,28.5654
32055,26.93309
32056,28.2453
32057,30.59464
32058,29.88897
32059,30.59694
32060,29.87928
32061,26.94206
32062,27.75641
32063,28.24489
32064,44.29947
32065,33.67286
32066,26.98274
32067,41.80692
32068,25.76742
32069,35.41484
32070,27.96094
32071,47.67016
32072,70.81949
32073,18.18511
32074,38.6504
32075,34.74191
32076,43.2452
32077,27.35077
32078,26.80204
32079,26.79257
32080,26.0041
32081,26.16665
32082,26.50573
32083,26.16308
32084,26.00371
32085,27.05828
32086,23.52393
32087,23.1316
32088,23.34568
32089,23.66416
32090,26.2055
32091,26.48645
32092,18.67125
32093,25.98387
32094,25.22487
32095,26.0408
32096,26.79764
32097,25.52419
32098,25.74521
32099,24.43704
32100,26.03545
32101,25.22758
32102,26.05683
32103,26.06184
32104,13.09445
32105,4.040583
32106,28.55324
32107,5.104657
32108,8.855129
32109,0.5340849
32110,3.165838
32111,6.428257
32112,25.20827
32113,25.14298
32114,24.13114
32115,25.34503
32116,25.19688
32117,25.44555
32118,25.13519
32119,2.944131
32120,-1.571407
32121,1.33037
32122,8.074541
32123,26.96149
32124,28.05515
32125,28.03928
32126,27.37201
32127,27.65709
32128,26.69187
32129,18.79432
32130,27.47083
32131,27.4737
32132,35.11728
32133,35.12151
32134,-1.317354
32135,26.43944
32136,26.44088
32137,26.12338
32138,25.94215
32139,25.52142
32140,25.98197
32141,11.22508
32142,-6.431703
32143,-6.423404
32144,9.563205
32145,14.71465
32146,22.74412
32147,-15.25832
32148,-23.18453
32149,-6.31481
32150,24.57833
32151,25.27031
32152,25.21094
32153,25.08561
32154,25.25367
32155,25.38387
32156,25.461
32157,25.22614
32158,25.26342
32159,25.22437
32160,20.81985
32161,20.87124
32162,20.91015
32163,28.44593
32164,27.05154
32165,26.98376
32166,27.23008
32167,28.39531
32168,27.84889
32169,27.84919
32170,26.94442
32171,42.90212
32172,26.95428
32173,42.85107
32174,47.51242
32175,20.15979
32176,25.42408
32177,25.65897
32178,25.83676
32179,26.42168
32180,26.18131
32181,26.12944
32182,26.10152
32183,25.55563
32184,25.6222
32185,26.008
32186,25.55004
32187,6.313525
32188,12.99202
32189,9.988371
32190,1.769012
32191,8.784878
32192,25.30935
32193,25.29686
32194,25.18701
32195,25.28767
32196,25.28763
32197,25.28011
32198,25.25439
32199,25.25417
32200,25.14923
32201,25.31458
32202,12.11661
32203,14.85007
32204,0.4411189
32205,28.79515
32206,28.01527
32207,28.7955
32208,28.40405
32209,28.6906
32210,28.40031
32211,26.83961
32212,19.52085
32213,19.52593
32214,26.83701
32215,27.67842
32216,26.2486
32217,25.54004
32218,27.11615
32219,25.70605
32220,25.86318
32221,25.985
32222,27.16743
32223,25.56672
32224,25.5659
32225,26.36984
32226,9.866602
32227,26.60136
32228,28.79691
32229,33.75548
32230,15.28722
32231,14.65092
32232,28.31944
32233,23.10023
32234,24.65215
32235,23.13226
32236,0.4541582
32237,2.358245
32238,5.404987
32239,11.13862
32240,24.98483
32241,25.14557
32242,15.67285
32243,25.13125
32244,24.98578
32245,15.6958
32246,9.721183
32247,9.720229
32248,25.341
32249,25.34113
32250,25.24891
32251,25.23741
32252,25.21856
32253,25.31917
32254,25.16356
32255,25.4553
32256,25.25775
32257,25.32226
32258,-11.75002
32259,-1.604762
32260,13.20238
32261,14.27505
32262,14.26284
32263,6.200984
32264,8.961372
32265,6.982835
32266,6.99197
32267,25.05606
32268,15.59673
32269,25.06098
32270,1.374135
32271,27.63782
32272,28.64036
32273,34.60217
32274,29.55214
32275,29.55096
32276,35.68357
32277,31.45951
32278,31.45382
32279,25.07677
32280,11.06275
32281,13.10721
32282,27.56466
32283,27.32564
32284,26.98856
32285,27.32689
32286,27.4471
32287,27.35322
32288,27.24762
32289,26.94852
32290,27.12192
32291,27.56772
32292,34.73705
32293,29.66829
32294,34.22866
32295,34.31278
32296,35.26519
32297,36.06144
32298,36.06362
32299,34.07525
32300,35.3327
32301,11.98293
32302,4.692897
32303,18.99574
32304,25.87861
32305,25.67395
32306,25.62498
32307,25.51479
32308,25.0699
32309,25.61476
32310,-9.013618
32311,1.366462
32312,25.05747
32313,20.35018
32314,25.18538
32315,21.72577
32316,22.12032
32317,24.78309
32318,25.05649
32319,24.99387
32320,24.65938
32321,29.44358
32322,29.43987
32323,32.49263
32324,32.49461
32325,12.57698
32326,25.57624
32327,25.43574
32328,25.57997
32329,25.58084
32330,24.96316
32331,25.23683
32332,25.57831
32333,25.35627
32334,25.35014
32335,25.62617
32336,8.681789
32337,29.2915
32338,0.5555252
32339,25.12413
32340,24.70648
32341,25.21072
32342,25.28379
32343,21.96083
32344,25.16514
32345,0.3057491
32346,28.47085
32347,28.4552
32348,29.3581
32349,29.35833
32350,28.28024
32351,29.21593
32352,30.45514
32353,29.22107
32354,-30.90386
32355,6.814469
32356,26.09958
32357,25.54368
32358,25.30718
32359,25.21667
32360,25.44488
32361,25.44343
32362,25.74165
32363,25.80204
32364,40.9309
32365,16.42389
32366,12.80586
32367,12.79247
32368,10.46635
32369,5.779202
32370,33.37344
32371,4.730821
32372,25.17778
32373,25.02574
32374,25.05612
32375,25.29023
32376,25.3534
32377,24.99569
32378,24.96221
32379,25.11383
32380,25.18366
32381,26.16021
32382,26.15955
32383,31.01918
32384,29.45848
32385,28.19973
32386,28.19965
32387,29.45766
32388,31.01415
32389,7.712742
32390,17.26865
32391,42.87928
32392,30.5369
32393,25.58699
32394,26.19276
32395,25.80242
32396,25.60059
32397,25.48137
32398,25.80423
32399,25.75108
32400,25.82615
32401,25.84003
32402,25.6428
32403,25.91906
32404,22.71885
32405,14.52927
32406,23.81729
32407,8.461248
32408,20.05177
32409,20.37143
32410,20.37201
32411,14.55995
32412,-1.670309
32413,18.62395
32414,18.49866
32415,19.3896
32416,25.09909
32417,24.74101
32418,25.28695
32419,25.25741
32420,25.40582
32421,25.10084
32422,25.52064
32423,25.00995
32424,25.09902
32425,25.25709
32426,25.01175
32427,7.526924
32428,26.48998
32429,27.48893
32430,27.48593
32431,26.49103
32432,28.03882
32433,28.03964
32434,1.802548
32435,9.385225
32436,18.12373
32437,17.93709
32438,26.51632
32439,25.95192
32440,26.65637
32441,26.28583
32442,26.59591
32443,27.08393
32444,26.28469
32445,25.98131
32446,25.58637
32447,21.33167
32448,25.61744
32449,24.0911
32450,26.39771
32451,11.22204
32452,10.35794
32453,25.14094
32454,25.30604
32455,25.1302
32456,25.13228
32457,25.04824
32458,25.32694
32459,25.32828
32460,25.05147
32461,25.39539
32462,25.11888
32463,0.001190198
32464,30.27048
32465,30.27142
32466,29.61474
32467,28.15619
32468,29.61642
32469,27.24227
32470,27.24611
32471,28.72492
32472,0.4488459
32473,10.04571
32474,-1.014715
32475,25.07008
32476,24.93191
32477,25.26519
32478,25.13199
32479,25.26764
32480,25.25784
32481,25.15907
32482,25.29524
32483,25.15825
32484,25.08593
32485,25.26094
32486,25.50101
32487,0.03958683
32488,30.63298
32489,31.11692
32490,30.63436
32491,29.39872
32492,29.32326
32493,29.32682
32494,29.39914
32495,30.0935
32496,7.618998
32497,20.17626
32498,36.45783
32499,14.19646
32500,-0.2655978
32501,2.850554
32502,25.27346
32503,25.33928
32504,25.16442
32505,25.37669
32506,25.24672
32507,25.24113
32508,25.39973
32509,25.4068
32510,-1.742855
32511,-0.1995858
32512,0.3210191
32513,30.32728
32514,30.25084
32515,30.2017
32516,28.7745
32517,3.220687
32518,0.2155149
32519,59.7907
32520,24.03306
32521,18.97088
32522,-0.1052785
32523,25.51259
32524,25.75602
32525,25.14209
32526,25.66775
32527,25.27625
32528,25.40265
32529,25.66271
32530,25.22691
32531,23.66251
32532,14.66758
32533,7.995696
32534,3.878524
32535,3.887304
32536,30.67647
32537,30.39617
32538,30.39565
32539,29.81838
32540,29.81746
32541,31.87966
32542,30.67192
32543,25.42594
32544,29.89328
32545,17.7136
32546,23.1886
32547,23.19592
32548,4.111825
32549,26.12775
32550,26.28968
32551,26.20947
32552,26.0104
32553,26.04571
32554,26.28182
32555,26.15721
32556,19.33536
32557,16.8182
32558,1.722763
32559,1.723539
32560,4.654869
32561,10.66343
32562,4.641819
32563,-5.031026
32564,11.68701
32565,1.43937
32566,32.79013
32567,30.58635
32568,32.58227
32569,32.0484
32570,32.54182
32571,30.58712
32572,32.10513
32573,24.19169
32574,15.90979
32575,22.05304
32576,-2.289419
32577,25.06157
32578,25.0676
32579,16.34574
32580,24.88167
32581,21.45128
32582,1E-07
32583,24.15873
32584,24.15854
32585,22.80909
32586,23.02438
32587,4.167303
32588,32.00154
32589,32.00351
32590,30.71182
32591,30.04292
32592,30.04331
32593,30.71224
32594,8.737407
32595,7.223149
32596,21.43809
32597,25.30658
32598,23.57974
32599,25.10416
32600,24.88574
32601,25.09801
32602,24.96249
32603,21.43171
32604,24.5609
32605,24.68292
32606,25.14147
32607,16.96286
32608,25.36378
32609,25.01991
32610,25.69003
32611,25.29883
32612,24.68088
32613,6.235095
32614,3.098047
32615,-8.638919
32616,0.5069048
32617,33.51683
32618,29.9578
32619,32.28548
32620,31.18338
32621,29.96006
32622,31.1864
32623,31.90582
32624,7.554175
32625,4.987004
32626,25.01746
32627,24.63588
32628,25.08911
32629,25.25114
32630,26.1043
32631,21.66627
32632,24.16225
32633,24.40958
32634,24.16132
32635,25.23301
32636,18.79026
32637,26.9565
32638,5.953762
32639,6.090413
32640,3.568091
32641,18.2645
32642,0.9058311
32643,32.53311
32644,31.25141
32645,31.25352
32646,31.4794
32647,31.19364
32648,33.51976
32649,33.83997
32650,2.477988
32651,2.442912
32652,4.198408
32653,25.41937
32654,25.41165
32655,23.54356
32656,25.0067
32657,25.35626
32658,25.19261
32659,25.15766
32660,25.38785
32661,25.04518
32662,25.16453
32663,25.06203
32664,1E-07
32665,25.79708
32666,25.7964
32667,25.89499
32668,26.6711
32669,26.21216
32670,26.06617
32671,25.02872
32672,9.577444
32673,7.702794
32674,-1.415687
32675,4.10736
32676,42.54688
32677,33.16177
32678,29.71519
32679,40.75846
32680,36.35431
32681,32.19059
32682,29.75719
32683,37.16721
32684,33.01496
32685,8.366604
32686,12.90724
32687,22.26547
32688,25.46134
32689,25.6323
32690,25.46629
32691,25.4056
32692,25.63912
32693,25.46275
32694,25.82792
32695,25.83051
32696,26.93015
32697,25.16007
32698,25.92494
32699,25.18514
32700,25.92758
32701,26.40461
32702,26.35734
32703,1.522002
32704,2.177372
32705,42.5624
32706,37.11374
32707,37.11316
32708,37.78967
32709,42.56585
32710,37.78797
32711,104.8415
32712,80.40637
32713,83.83286
32714,98.42332
32715,74.23898
32716,58.18988
32717,25.9303
32718,26.28533
32719,26.67256
32720,26.29245
32721,27.01941
32722,8.77343
32723,-1.611791
32724,3.551093
32725,5.498819
32726,26.39748
32727,26.39437
32728,26.41418
32729,26.11148
32730,25.68548
32731,26.41941
32732,27.36983
32733,5.232665
32734,0.009585856
32735,1.955742
32736,-0.07450926
32737,4.768719
32738,25.60358
32739,26.1501
32740,26.56899
32741,26.40821
32742,25.96091
32743,26.1561
32744,26.25996
32745,26.49855
32746,-2.32105
32747,21.72068
32748,21.73114
32749,3.71842
32750,6.419436
32751,5.110312
32752,5.038074
32753,26.00721
32754,25.76967
32755,26.08823
32756,26.50764
32757,26.54202
32758,27.03983
32759,27.11427
32760,26.79159
32761,2.136337
32762,14.42826
32763,25.31782
32764,25.2242
32765,25.38859
32766,25.36928
32767,25.40541
32768,25.33839
32769,25.31926
32770,24.13038
32771,11.05445
32772,21.65331
32773,24.1359
32774,-0.3594928
32775,9.224977
32776,-1.205746
32777,27.07898
32778,27.72185
32779,26.67603
32780,20.77654
32781,36.71055
32782,-9.005823
32783,24.12886
32784,19.89108
32785,-7.302798
32786,29.15586
32787,18.63353
32788,25.18106
32789,18.62384
32790,25.18344
32791,25.32125
32792,21.98469
32793,25.32083
32794,16.05357
32795,16.0538
32796,16.0562
32797,25.5326
32798,24.58672
32799,25.13689
32800,25.53335
32801,24.96096
32802,2.896179
32803,0.2603775
32804,24.45298
32805,25.11849
32806,25.29148
32807,25.2911
32808,27.22496
32809,25.30032
32810,25.03061
32811,27.23322
32812,0.2275745
32813,9.478748
32814,9.463652
32815,2.366069
32816,2.371372
32817,25.25475
32818,25.70088
32819,24.98506
32820,25.25443
32821,25.40986
32822,25.01639
32823,2.859388
32824,4.977197
32825,21.7367
32826,25.35435
32827,25.45081
32828,25.11246
32829,23.33805
32830,25.3566
32831,25.10192
32832,25.35677
32833,25.09096
32834,25.09243
32835,25.25122
32836,25.25069
32837,13.0762
32838,13.37672
32839,25.11305
32840,25.21099
32841,25.21135
32842,25.44888
32843,25.50492
32844,25.13547
32845,25.1754
32846,25.10395
32847,4.5475
32848,2.704034
32849,0.7489608
32850,-2.542301
32851,2.391131
32852,22.8171
32853,25.15435
32854,25.14047
32855,25.09049
32856,25.08323
32857,25.09144
32858,25.04839
32859,25.36417
32860,25.54634
32861,25.6593
32862,25.36443
32863,25.52952
32864,25.26893
32865,25.70993
32866,2.965625
32867,25.17419
32868,25.01402
32869,25.12993
32870,25.13136
32871,25.17374
32872,0.2292285
32873,25.29791
32874,23.8965
32875,24.75877
32876,25.13586
32877,24.67383
32878,24.68109
32879,25.22204
32880,25.21983
32881,24.78087
32882,25.2178
32883,25.11447
32884,25.12034
32885,7.861699
32886,1.747618
32887,26.89859
32888,26.7094
32889,27.10279
32890,27.07445
32891,26.75377
32892,26.43204
32893,26.8375
32894,25.00356
32895,13.02925
32896,2.372678
32897,37.74688
32898,13.04905
32899,-0.4988987
32900,25.29631
32901,22.29961
32902,25.29844
32903,25.22948
32904,25.4141
32905,25.599
32906,25.11163
32907,25.3915
32908,3.444639
32909,7.9813
32910,8.004648
32911,13.02415
32912,13.04207
32913,14.70968
32914,2.389973
32915,13.1228
32916,1.015952
32917,0.1304247
32918,25.09396
32919,25.63141
32920,25.25218
32921,25.39026
32922,25.15944
32923,25.28474
32924,25.42379
32925,25.36186
32926,25.31159
32927,22.2249
32928,25.74623
32929,2.840301
32930,-5.694993
32931,44.16749
32932,57.79242
32933,41.8539
32934,13.70877
32935,0.4639232
32936,25.62333
32937,25.37922
32938,25.23725
32939,25.38108
32940,25.38474
32941,25.23702
32942,25.08465
32943,25.08881
32944,25.61487
32945,-6.483296
32946,-9.999764
32947,-1.987583
32948,23.02755
32949,1.388498
32950,3.660946
32951,7.16692
32952,26.07372
32953,26.07416
32954,25.50392
32955,25.86511
32956,25.28523
32957,25.8307
32958,25.82934
32959,25.29492
32960,11.50922
32961,53.7731
32962,3.776117
32963,17.87103
32964,22.4654
32965,-9.29926
32966,-9.150705
32967,10.41068
32968,14.58663
32969,26.78556
32970,26.79695
32971,26.24475
32972,26.43961
32973,25.80495
32974,25.95582
32975,26.059
32976,26.73783
32977,26.60203
32978,10.53215
32979,-0.9370458
32980,0.06088883
32981,26.26284
32982,26.191
32983,26.30953
32984,25.98213
32985,23.64425
32986,25.98283
32987,26.31235
32988,26.18926
32989,25.43243
32990,25.37031
32991,25.72078
32992,56.27851
32993,22.84812
32994,31.98804
32995,13.20404
32996,6.444763
32997,3.000122
32998,25.10904
32999,25.1021
33000,21.14275
33001,21.16253
33002,24.65427
33003,10.90619
33004,8.812671
33005,18.85581
33006,14.81286
33007,38.09628
33008,25.95827
33009,9.946696
33010,18.85649
33011,0.9980751
33012,0.9956707
33013,25.91532
33014,26.31266
33015,26.30808
33016,25.35523
33017,26.39033
33018,26.38591
33019,25.60925
33020,26.35121
33021,26.24217
33022,25.89962
33023,26.00638
33024,25.91003
33025,25.79142
33026,25.78959
33027,26.35211
33028,-9.962982
33029,-1.918661
33030,19.53753
33031,2.878233
33032,8.839188
33033,3.87938
33034,25.24068
33035,25.22633
33036,25.63824
33037,25.29321
33038,25.73757
33039,23.04731
33040,25.26486
33041,8.786695
33042,-9.958302
33043,22.99038
33044,23.18657
33045,-18.95677
33046,25.68085
33047,25.78963
33048,0.7489083
33049,24.89021
33050,24.89371
33051,26.21397
33052,24.89456
33053,23.4053
33054,24.89489
33055,36.32084
33056,25.25017
33057,15.24809
33058,29.33476
33059,13.14167
33060,4.497773
33061,6.318934
33062,25.11391
33063,25.11022
33064,22.39312
33065,25.02616
33066,22.40382
33067,25.0253
33068,24.91327
33069,25.12719
33070,25.24342
33071,24.20426
33072,24.90245
33073,25.04241
33074,24.90849
33075,25.07095
33076,22.91828
33077,24.99391
33078,13.3501
33079,13.36689
33080,17.38016
33081,16.59704
33082,1.049954
33083,33.20219
33084,1.546398
33085,1.632245
33086,33.32467
33087,25.52879
33088,25.72686
33089,20.72967
33090,25.5246
33091,33.30993
33092,23.83986
33093,37.82513
33094,6.446384
33095,-0.0751291
33096,15.77144
33097,0.3639665
33098,4.388346
33099,25.0324
33100,25.13231
33101,24.73529
33102,25.13518
33103,25.19186
33104,25.17071
33105,22.33086
33106,24.03259
33107,24.95218
33108,25.13449
33109,25.17152
33110,25.57212
33111,3.108032
33112,25.48368
33113,26.51762
33114,25.26979
33115,18.80642
33116,25.14194
33117,26.02357
33118,5.395151
33119,31.75774
33120,44.65782
33121,-8.825974
33122,23.03491
33123,41.87875
33124,51.04451
33125,27.62299
33126,1.454942
33127,48.60403
33128,49.70129
33129,32.67422
33130,8.507077
33131,25.29559
33132,25.1792
33133,25.42176
33134,25.19611
33135,25.14125
33136,24.92639
33137,25.37027
33138,25.16761
33139,25.46079
33140,25.29595
33141,23.04006
33142,25.27322
33143,25.37014
33144,12.98973
33145,3.25462
33146,-9.918608
33147,0.1035729
33148,1.193397
33149,5.955929
33150,21.4731
33151,36.09723
33152,30.40922
33153,24.53193
33154,20.40832
33155,24.52591
33156,23.46338
33157,14.34434
33158,4.092304
33159,24.03336
33160,24.16702
33161,0.7642664
33162,25.2923
33163,25.3458
33164,25.3443
33165,25.29149
33166,25.29074
33167,25.32186
33168,25.32369
33169,25.29827
33170,24.6975
33171,25.44282
33172,25.49766
33173,25.14521
33174,26.13994
33175,25.45326
33176,24.86303
33177,21.91826
33178,21.72554
33179,9.031314
33180,4.042067
33181,7.53651
33182,7.16673
33183,28.20296
33184,28.3744
33185,26.25772
33186,25.40137
33187,24.90131
33188,25.10307
33189,20.52855
33190,26.82104
33191,24.90421
33192,25.12424
33193,27.2921
33194,14.87034
33195,14.8055
33196,18.26621
33197,18.29329
33198,4.476215
33199,8.526044
33200,25.54413
33201,26.05617
33202,25.9026
33203,25.74236
33204,25.52959
33205,25.5581
33206,25.94157
33207,26.76947
33208,25.94184
33209,25.72461
33210,25.90864
33211,25.4977
33212,25.60032
33213,25.72208
33214,25.70762
33215,25.71078
33216,25.79003
33217,25.90936
33218,3.449876
33219,1.039951
33220,1.496395
33221,6.377108
33222,0.1019855
33223,25.87752
33224,26.89109
33225,25.86634
33226,27.84458
33227,26.89986
33228,25.57643
33229,27.84142
33230,24.66648
33231,25.97001
33232,25.97337
33233,28.11647
33234,65.25996
33235,21.09461
33236,65.38709
33237,8.889205
33238,15.22982
33239,27.20407
33240,27.73146
33241,36.05259
33242,2.312558
33243,6.5249
33244,15.34835
33245,25.80119
33246,26.21697
33247,26.08559
33248,26.13466
33249,26.20088
33250,26.44867
33251,25.99024
33252,25.33873
33253,25.33369
33254,25.62949
33255,26.25731
33256,25.68875
33257,26.25915
33258,26.42106
33259,-6.80358
33260,3.234634
33261,25.2758
33262,25.2752
33263,19.63508
33264,20.37886
33265,-1.231349
33266,26.35113
33267,25.3665
33268,26.35069
33269,24.89227
33270,28.93755
33271,26.21546
33272,25.44838
33273,24.89192
33274,25.27816
33275,26.48264
33276,25.36397
33277,28.93726
33278,26.48023
33279,28.1272
33280,48.54817
33281,38.17942
33282,40.06273
33283,23.14647
33284,7.695948
33285,21.92822
33286,28.41946
33287,20.74733
33288,40.80301
33289,15.50016
33290,3.158457
33291,25.46183
33292,24.63621
33293,25.45002
33294,25.64446
33295,25.20822
33296,25.03997
33297,26.13476
33298,25.72784
33299,26.16142
33300,25.72782
33301,26.67569
33302,26.61958
33303,10.52095
33304,10.46801
33305,26.00256
33306,25.3972
33307,24.40237
33308,25.42141
33309,24.37514
33310,24.39634
33311,23.94405
33312,24.37722
33313,25.42636
33314,23.09613
33315,3.454999
33316,-0.643864
33317,1.737732
33318,2.289049
33319,24.97991
33320,25.18859
33321,24.33946
33322,25.31922
33323,25.0036
33324,25.12001
33325,7.206494
33326,7.461136
33327,6.944323
33328,28.41742
33329,29.05832
33330,27.6983
33331,29.05303
33332,26.7672
33333,25.1993
33334,27.32276
33335,27.7805
33336,53.70361
33337,42.69983
33338,39.21993
33339,69.73676
33340,55.18323
33341,48.41248
33342,60.57729
33343,59.54618
33344,59.96919
33345,59.52567
33346,53.70647
33347,33.49759
33348,37.60406
33349,49.97565
33350,64.43124
33351,89.25621
33352,69.68423
33353,69.38099
33354,26.82652
33355,26.68828
33356,27.15464
33357,-6.636102
33358,26.78573
33359,28.30754
33360,27.38813
33361,27.94377
33362,28.33748
33363,28.97602
33364,24.82483
33365,24.39775
33366,25.35013
33367,25.35742
33368,24.62257
33369,24.82457
33370,8.024296
33371,-0.3466388
33372,13.66686
33373,6.378195
33374,3.248031
33375,25.19766
33376,25.16645
33377,25.08558
33378,25.14394
33379,25.39151
33380,25.07746
33381,25.16043
33382,24.97347
33383,24.02402
33384,25.23035
33385,-1.39783
33386,-0.08483681
33387,0.1044636
33388,27.78989
33389,26.77524
33390,26.67799
33391,26.67808
33392,26.19504
33393,27.28304
33394,26.49367
33395,26.49208
33396,28.71806
33397,28.71391
33398,32.70168
33399,27.88212
33400,27.86527
33401,32.69878
33402,25.18057
33403,26.09409
33404,27.10211
33405,25.71877
33406,26.19809
33407,26.06381
33408,26.04266
33409,2.896751
33410,23.45049
33411,6.756612
33412,2.215724
33413,1.485765
33414,25.1743
33415,25.29866
33416,19.87173
33417,23.89368
33418,25.17043
33419,25.14365
33420,25.29419
33421,25.55134
33422,12.3457
33423,12.35961
33424,13.12596
33425,13.11673
33426,0.4008297
33427,-12.27048
33428,27.80364
33429,28.127
33430,27.78553
33431,28.14282
33432,27.4575
33433,27.41512
33434,24.60601
33435,1.30685
33436,27.35398
33437,31.66879
33438,20.41736
33439,20.42391
33440,27.32585
33441,35.75824
33442,35.81013
33443,32.07487
33444,31.08495
33445,25.60923
33446,26.61761
33447,25.29609
33448,25.05919
33449,25.60089
33450,26.26504
33451,25.71934
33452,26.18845
33453,26.07038
33454,25.53074
33455,8.607856
33456,-10.88987
33457,-3.173338
33458,1.651547
33459,7.131715
33460,8.643088
33461,2.259428
33462,25.70783
33463,24.60442
33464,25.194
33465,25.26823
33466,25.26026
33467,25.44039
33468,25.26638
33469,25.65148
33470,24.30125
33471,25.01495
33472,25.29803
33473,25.3016
33474,-7.68207
33475,-15.65857
33476,0.1307092
33477,26.43097
33478,26.43375
33479,28.37817
33480,28.3786
33481,28.17685
33482,28.17819
33483,-0.9903103
33484,37.45504
33485,54.90328
33486,37.47706
33487,46.9675
33488,54.88096
33489,25.81477
33490,25.61515
33491,26.28339
33492,25.61388
33493,25.68656
33494,26.13115
33495,26.38019
33496,25.69312
33497,25.89569
33498,31.2156
33499,5.21713
33500,17.09294
33501,12.56748
33502,12.5662
33503,24.53531
33504,-3.214117
33505,5.899328
33506,-11.98562
33507,-1.595759
33508,12.90156
33509,23.47459
33510,23.46774
33511,24.53015
33512,22.68177
33513,25.84739
33514,25.25477
33515,25.02121
33516,25.611
33517,25.37177
33518,25.4629
33519,-18.05387
33520,4.579947
33521,3.246715
33522,28.69915
33523,25.33923
33524,27.38485
33525,27.39902
33526,28.01984
33527,28.69778
33528,20.70403
33529,20.70779
33530,40.33941
33531,-12.95504
33532,27.19098
33533,27.18394
33534,27.01
33535,27.56874
33536,26.82063
33537,27.4209
33538,26.67375
33539,26.99264
33540,27.16122
33541,40.63309
33542,37.75544
33543,47.78244
33544,50.66734
33545,57.94749
33546,51.73104
33547,37.18848
33548,34.14566
33549,64.08557
33550,0.9592499
33551,19.15231
33552,16.95292
33553,20.50826
33554,25.14165
33555,25.45626
33556,25.73786
33557,25.80194
33558,25.11376
33559,25.6212
33560,25.75146
33561,25.23976
33562,25.04452
33563,25.04548
33564,1E-07
33565,30.32697
33566,30.33463
33567,29.15549
33568,28.92995
33569,27.83244
33570,27.83292
33571,30.2327
33572,28.92084
33573,29.61634
33574,29.64197
33575,11.58103
33576,-8.578554
33577,24.54176
33578,25.60452
33579,24.53097
33580,25.31341
33581,24.35322
33582,25.60308
33583,25.36689
33584,25.36627
33585,15.49712
33586,1.020664
33587,24.46269
33588,24.40803
33589,25.04931
33590,28.31507
33591,28.31648
33592,-0.08441411
33593,9.320006
33594,22.73244
33595,22.72492
33596,25.38152
33597,25.58688
33598,25.64921
33599,24.26691
33600,25.37873
33601,25.5896
33602,25.648
33603,25.57661
33604,27.7893
33605,27.7546
33606,13.15367
33607,10.93913
33608,1.140206
33609,1.571334
33610,25.11985
33611,18.56883
33612,25.26756
33613,22.09636
33614,25.26794
33615,21.7018
33616,25.03993
33617,25.03932
33618,25.0353
33619,25.08244
33620,28.4318
33621,26.5597
33622,26.55944
33623,28.43263
33624,27.09738
33625,27.09866
33626,28.02812
33627,28.08016
33628,25.31541
33629,16.40296
33630,43.39217
33631,25.30829
33632,25.88204
33633,25.45525
33634,25.67782
33635,25.71292
33636,25.88449
33637,25.27205
33638,25.89383
33639,25.88004
33640,26.0972
33641,4.445356
33642,-0.1779001
33643,7.817897
33644,0.01528036
33645,5.232666
33646,6.726358
33647,6.742394
33648,5.232472
33649,2.781465
33650,17.57819
33651,25.26065
33652,25.16742
33653,25.25189
33654,23.98218
33655,25.24426
33656,1E-07
33657,31.92089
33658,31.91685
33659,28.32367
33660,28.32557
33661,29.57779
33662,29.57828
33663,5.698131
33664,7.475334
33665,10.76853
33666,2.022335
33667,26.6619
33668,27.14217
33669,25.78145
33670,26.14727
33671,26.49432
33672,26.19502
33673,26.36434
33674,11.59038
33675,20.44698
33676,11.59295
33677,11.13114
33678,2.371348
33679,2.420221
33680,2.342114
33681,25.25004
33682,25.17596
33683,25.20393
33684,25.43382
33685,25.01301
33686,25.05272
33687,25.18251
33688,25.35573
33689,25.01566
33690,7.216628
33691,-4.060827
33692,2.865875
33693,16.70033
33694,30.21743
33695,30.21556
33696,32.26712
33697,32.26556
33698,32.18034
33699,32.18106
33700,-2.523155
33701,15.1195
33702,2.676504
33703,22.48923
33704,22.92625
33705,25.29907
33706,25.33665
33707,25.29857
33708,25.33971
33709,24.22853
33710,0.08281581
33711,0.3183108
33712,28.81225
33713,28.80939
33714,29.11428
33715,29.11128
33716,30.70327
33717,30.70437
33718,16.25645
33719,29.33752
33720,25.12729
33721,-1.271858E-07
33722,25.66189
33723,24.55725
33724,25.29694
33725,25.43833
33726,25.1676
33727,23.121
33728,24.16999
33729,21.76469
33730,25.1729
33731,25.28866
33732,-17.63959
33733,-8.397025
33734,-21.16158
33735,9.225669
33736,0.8842767
33737,-5.253605
33738,30.79312
33739,31.20057
33740,30.7933
33741,29.90272
33742,31.20239
33743,29.90056
33744,30.03095
33745,30.03416
33746,3.229849
33747,-1.04565
33748,11.83731
33749,1E-07
33750,5.818242
33751,4.822536
33752,25.66434
33753,24.73583
33754,25.47763
33755,25.44987
33756,24.89145
33757,25.48347
33758,25.75681
33759,25.6489
33760,25.04788
33761,25.63077
33762,25.33644
33763,25.73004
33764,8.249762
33765,7.862901
33766,9.160853
33767,19.60636
33768,0.9139774
33769,0.4849863
33770,30.85136
33771,30.85166
33772,31.59156
33773,29.34406
33774,31.05843
33775,29.34038
33776,18.76206
33777,11.42723
33778,17.89096
33779,26.40881
33780,25.09599
33781,25.10195
33782,0.1323966
33783,25.72429
33784,26.13195
33785,26.0159
33786,25.65063
33787,25.65079
33788,25.88097
33789,26.13261
33790,7.576849
33791,7.559952
33792,14.20008
33793,14.19869
33794,7.867661
33795,1.290121
33796,30.30922
33797,30.39942
33798,31.17029
33799,32.3942
33800,32.3946
33801,31.17022
33802,30.40042
33803,16.57092
33804,37.60758
33805,1E-07
33806,26.71509
33807,26.71222
33808,23.40294
33809,-4.791325
33810,-20.47918
33811,31.99632
33812,32.05687
33813,32.11949
33814,30.99104
33815,31.99487
33816,32.11981
33817,1.551978
33818,9.038113
33819,25.07664
33820,23.44564
33821,22.466
33822,25.08127
33823,26.04162
33824,26.83423
33825,23.17427
33826,23.16623
33827,26.83557
33828,26.45861
33829,26.46566
33830,16.67613
33831,23.95415
33832,-8.566385
33833,-2.415729
33834,-2.577246
33835,34.48283
33836,31.04953
33837,34.68936
33838,33.58162
33839,32.06605
33840,31.04918
33841,34.22424
33842,9.040166
33843,25.11804
33844,23.87231
33845,25.05646
33846,20.91397
33847,24.96745
33848,23.53174
33849,25.12571
33850,25.24093
33851,24.64885
33852,23.14354
33853,0.02123715
33854,26.29863
33855,26.13123
33856,26.1358
33857,27.17754
33858,23.34954
33859,24.38556
33860,27.31406
33861,20.32052
33862,1.675375
33863,0.7762883
33864,-1.614798
33865,2.943652
33866,31.29358
33867,32.75992
33868,32.9122
33869,33.55022
33870,32.72929
33871,32.83103
33872,33.54971
33873,31.29025
33874,9.931109
33875,6.447097
33876,25.23472
33877,20.26776
33878,25.24423
33879,25.14051
33880,25.3062
33881,25.13988
33882,20.27112
33883,22.19415
33884,24.30816
33885,24.95993
33886,24.9628
33887,24.60153
33888,25.51538
33889,24.46372
33890,26.13908
33891,26.1458
33892,25.74952
33893,24.32978
33894,26.90968
33895,11.91392
33896,9.024538
33897,7.308173
33898,32.02385
33899,30.6962
33900,39.94928
33901,28.50179
33902,39.95716
33903,25.19507
33904,34.25697
33905,30.11057
33906,25.58391
33907,22.82661
33908,25.7886
33909,25.35294
33910,25.52197
33911,25.80673
33912,25.32459
33913,25.32396
33914,25.37829
33915,5.4162
33916,-16.90159
33917,26.31668
33918,26.32156
33919,25.68874
33920,26.69695
33921,26.76941
33922,26.76793
33923,26.12771
33924,28.28109
33925,2.443819
33926,4.557634
33927,3.422304
33928,31.59262
33929,44.62379
33930,37.51443
33931,42.51189
33932,44.73381
33933,104.1375
33934,103.0816
33935,77.91023
33936,150.7499
33937,118.684
33938,105.5744
33939,27.08214
33940,26.83179
33941,29.29478
33942,26.48328
33943,26.25606
33944,26.44036
33945,26.26606
33946,26.51694
33947,2.369633
33948,2.704886
33949,10.04451
33950,27.09748
33951,27.12852
33952,26.89011
33953,27.42214
33954,28.75594
33955,27.72406
33956,26.25183
33957,26.89867
33958,9.393796
33959,0.1515038
33960,0.9857061
33961,0.2129163
33962,-3.587687
33963,2.671738
33964,28.34799
33965,26.74192
33966,26.30597
33967,26.30686
33968,25.72607
33969,26.74312
33970,9.205122
33971,1.406277
33972,-0.956274
33973,5.858475
33974,2.302521
33975,-1.067463
33976,27.3576
33977,26.93167
33978,26.26977
33979,26.25196
33980,26.88465
33981,26.31691
33982,27.94682
33983,25.99673
33984,26.73169
33985,27.29003
33986,9.907257
33987,25.29629
33988,25.29516
33989,25.19405
33990,25.22022
33991,25.27689
33992,25.21
33993,6.932159
33994,5.538156
33995,0.1409865
33996,4.428992
33997,27.59196
33998,27.99147
33999,27.99103
34000,28.87941
34001,28.12886
34002,28.14165
34003,24.0024
34004,23.23852
34005,8.888453
34006,-1.881181
34007,4.411333
34008,26.0143
34009,26.01205
34010,25.59611
34011,25.73995
34012,25.40602
34013,25.37051
34014,0.6698203
34015,-1.825973
34016,0.5698091
34017,18.65643
34018,18.66617
34019,9.915089
34020,25.35252
34021,20.67729
34022,25.83567
34023,25.47973
34024,25.24458
34025,25.21645
34026,26.63875
34027,25.88773
34028,25.46203
34029,2.283693
34030,5.127184
34031,1.56955
34032,24.96313
34033,22.6163
34034,22.60955
34035,24.96572
34036,-0.1499584
34037,12.69379
34038,16.87323
34039,16.86567
34040,25.58344
34041,25.27378
34042,25.58605
34043,25.64129
34044,25.26051
34045,25.79773
34046,25.76526
34047,26.01682
34048,26.24927
34049,1.763966
34050,14.78784
34051,2.095505
34052,25.07792
34053,25.11417
34054,25.07873
34055,25.11654
34056,25.65795
34057,26.49433
34058,25.36993
34059,26.17019
34060,25.50144
34061,25.66367
34062,25.92721
34063,25.25222
34064,25.73853
34065,25.1571
34066,25.35841
34067,5.813432
34068,25.11837
34069,25.09879
34070,25.09785
34071,25.1298
34072,25.10693
34073,25.12732
34074,1.963996
34075,25.62057
34076,25.36854
34077,25.61946
34078,25.36831
34079,25.15434
34080,0.297728
34081,4.716379
34082,0.8122668
34083,10.39311
34084,17.2698
34085,27.64363
34086,27.51769
34087,27.68269
34088,26.76105
34089,27.29698
34090,27.2199
34091,-11.34807
34092,11.57268
34093,0.6024095
34094,25.27623
34095,25.60649
34096,25.32062
34097,25.26245
34098,25.42819
34099,25.44246
34100,25.34452
34101,25.34482
34102,22.52354
34103,25.32243
34104,25.45094
34105,6.106375
34106,10.88992
34107,-3.508567
34108,23.80184
34109,2.960027
34110,28.44229
34111,2.927245
34112,25.40453
34113,21.47637
34114,24.59019
34115,25.3039
34116,25.30218
34117,22.39289
34118,23.70524
34119,25.33407
34120,25.33031
34121,25.35126
34122,3.492965
34123,6.327844
34124,17.15883
34125,19.13735
34126,17.17074
34127,19.38594
34128,6.375958
34129,19.39124
34130,-7.426534
34131,2.811878
34132,2.416224
34133,25.43411
34134,24.87065
34135,25.3097
34136,25.31309
34137,25.59376
34138,25.53961
34139,25.42737
34140,12.16439
34141,12.57084
34142,12.60454
34143,-5.505456
34144,42.99907
34145,2.367518
34146,26.30686
34147,23.53631
34148,4.903043
34149,10.36212
34150,2.423111
34151,-1.493077
34152,25.22548
34153,25.28962
34154,25.85178
34155,25.30331
34156,25.3746
34157,25.64611
34158,25.85088
34159,24.4818
34160,19.4188
34161,12.74514
34162,22.72888
34163,6.037195
34164,11.89247
34165,12.85522
34166,9.968697
34167,10.00406
34168,-1.794548
34169,12.83225
34170,15.00668
34171,-1.467268
34172,9.675109
34173,9.675496
34174,27.07683
34175,27.28567
34176,26.18666
34177,26.61169
34178,26.2407
34179,26.23997
34180,-0.1728934
34181,36.48404
34182,32.01855
34183,22.38362
34184,26.45983
34185,26.45832
34186,25.51527
34187,25.81701
34188,25.51617
34189,25.58845
34190,25.63986
34191,25.9028
34192,25.58027
34193,25.81753
34194,26.09909
34195,25.42309
34196,25.90934
34197,8.659898
34198,9.4495
34199,25.77308
34200,3.733413
34201,24.28559
34202,10.75529
34203,24.99977
34204,24.99904
34205,24.99993
34206,12.79828
34207,10.86338
34208,1.832418
34209,-6.220273
34210,25.51641
34211,25.817
34212,26.97137
34213,26.13836
34214,25.69474
34215,26.1346
34216,25.65536
34217,21.3057
34218,21.30352
34219,1.563426
34220,1.545946
34221,10.99629
34222,-0.4170459
34223,23.66121
34224,11.22885
34225,0.7489083
34226,26.81947
34227,26.81847
34228,26.70582
34229,25.69763
34230,24.99657
34231,25.18794
34232,26.22702
34233,24.98882
34234,26.52484
34235,26.03844
34236,26.67236
34237,26.65559
34238,16.33511
34239,10.13186
34240,3.302893
34241,-1.4045
34242,0.2152883
34243,1.916595
34244,-4.874436
34245,24.5963
34246,24.60382
34247,25.27002
34248,25.26845
34249,-5.943476
34250,-1.022867
34251,9.827329
34252,18.43666
34253,9.637859
34254,9.650995
34255,28.93559
34256,20.29542
34257,27.20514
34258,27.31255
34259,26.10381
34260,22.57336
34261,28.05907
34262,24.41295
34263,28.93501
34264,28.98019
34265,26.15814
34266,3.695037
34267,16.84551
34268,5.001052
34269,0.8604226
34270,13.42958
34271,5.869391
34272,25.02012
34273,25.01731
34274,25.015
34275,25.01597
34276,25.08573
34277,25.12046
34278,22.7984
34279,22.80564
34280,16.30594
34281,10.3174
34282,12.15113
34283,4.686953
34284,26.16221
34285,30.69803
34286,25.61043
34287,25.61235
34288,26.15961
34289,-4.065183
34290,-9.371963
34291,-1.578209
34292,25.35511
34293,25.88021
34294,25.2989
34295,21.63066
34296,25.34725
34297,25.30663
34298,21.63341
34299,19.04167
34300,19.0474
34301,24.08806
34302,1.712377
34303,19.64763
34304,15.17917
34305,9.044706
34306,2.041014
34307,25.28019
34308,25.33568
34309,25.33734
34310,25.17755
34311,25.28762
34312,25.41877
34313,25.30821
34314,25.30777
34315,25.14916
34316,25.1542
34317,25.29234
34318,21.61428
34319,24.32316
34320,25.13759
34321,25.14147
34322,25.77292
34323,25.29223
34324,12.04872
34325,7.539042
34326,25.97836
34327,31.94087
34328,24.77899
34329,35.05618
34330,35.91456
34331,25.98213
34332,29.22772
34333,33.5485
34334,24.7911
34335,27.90537
34336,29.21215
34337,3.71895
34338,20.45039
34339,18.10206
34340,27.79395
34341,1.94468
34342,4.837012
34343,25.27509
34344,25.28388
34345,25.29716
34346,25.33803
34347,25.33957
34348,24.64893
34349,25.61213
34350,25.61116
34351,24.34473
34352,25.30278
34353,24.29608
34354,25.6958
34355,25.91392
34356,15.59684
34357,12.65664
34358,2.764511
34359,1.132614
34360,25.81075
34361,24.94951
34362,24.95103
34363,26.02571
34364,26.19755
34365,26.02487
34366,26.52249
34367,25.65648
34368,25.55247
34369,25.0526
34370,26.94184
34371,9.378793
34372,21.79192
34373,22.82178
34374,-1.887335
34375,1.926691
34376,25.64311
34377,25.47188
34378,25.7907
34379,25.80826
34380,25.56257
34381,25.46595
34382,26.10486
34383,25.94616
34384,25.58202
34385,24.985
34386,25.40165
34387,25.3496
34388,2.728666
34389,21.10531
34390,16.04594
34391,0.9445481
34392,2.983846
34393,2.137338
34394,28.32593
34395,26.70662
34396,28.31965
34397,27.1478
34398,26.04672
34399,26.81068
34400,27.05517
34401,26.57991
34402,25.52046
34403,26.10368
34404,27.42501
34405,26.55769
34406,-0.1108535
34407,1.006507
34408,19.42191
34409,12.21876
34410,0.5123613
34411,7.001176
34412,26.52763
34413,25.78507
34414,25.85705
34415,25.57272
34416,25.78389
34417,25.8709
34418,25.57248
34419,10.9016
34420,10.90248
34421,26.08987
34422,26.39425
34423,27.53788
34424,25.93132
34425,26.46244
34426,25.22238
34427,26.60469
34428,21.96935
34429,26.91438
34430,4.999979
34431,0.4067941
34432,-1.120958
34433,-1.86346
34434,25.70947
34435,28.29667
34436,27.53966
34437,26.39212
34438,28.53916
34439,27.5368
34440,26.05055
34441,29.21021
34442,28.54148
34443,27.91624
34444,26.55021
34445,5.412418
34446,11.47987
34447,11.45867
34448,25.0352
34449,25.42348
34450,25.43794
34451,25.44162
34452,25.28797
34453,25.29057
34454,-0.06799304
34455,26.27695
34456,26.25216
34457,26.25233
34458,26.57575
34459,26.59278
34460,17.9964
34461,17.99078
34462,25.89027
34463,25.85369
34464,25.85206
34465,26.40177
34466,12.124
34467,-3.055988
34468,1.020806
34469,0.7894912
34470,7.123315
34471,8.068744
34472,15.03252
34473,-4.026534
34474,30.56582
34475,30.5723
34476,27.26573
34477,27.26473
34478,28.79028
34479,28.03855
34480,28.90258
34481,30.01222
34482,30.02122
34483,28.04028
34484,35.68014
34485,45.73799
34486,99.92744
34487,21.37395
34488,17.49023
34489,47.99179
34490,36.95451
34491,22.33606
34492,51.24934
34493,63.95184
34494,19.15877
34495,23.55224
34496,27.33094
34497,27.3122
34498,26.3049
34499,27.31684
34500,27.43036
34501,17.83919
34502,17.8368
34503,14.45605
34504,14.44781
34505,26.15925
34506,16.94561
34507,26.14813
34508,25.75545
34509,25.76152
34510,24.16917
34511,26.0951
34512,25.92271
34513,22.91802
34514,25.94564
34515,25.9455
34516,26.58164
34517,26.58354
34518,26.56763
34519,26.46983
34520,12.09235
34521,20.57171
34522,6.568334
34523,1.108135
34524,0.8591325
34525,25.13579
34526,25.13877
34527,14.02314
34528,-7.469676
34529,3.00525
34530,-4.130411
34531,10.33628
34532,26.99683
34533,26.88183
34534,27.37266
34535,27.57677
34536,27.00451
34537,27.57846
34538,23.42414
34539,24.86877
34540,26.02198
34541,28.0524
34542,28.05804
34543,25.97532
34544,25.39547
34545,25.79845
34546,25.15862
34547,26.73247
34548,25.8041
34549,25.96101
34550,26.04801
34551,-7.316829
34552,16.82219
34553,-1.453194
34554,24.78948
34555,6.017256
34556,26.48369
34557,-1.811316
34558,25.19869
34559,25.53912
34560,25.54255
34561,25.31949
34562,21.21486
34563,3.779986
34564,8.912441
34565,28.58113
34566,27.45404
34567,28.57195
34568,27.45453
34569,28.12063
34570,28.08427
34571,27.194
34572,29.02669
34573,28.09161
34574,29.88562
34575,25.93974
34576,27.5612
34577,27.96618
34578,25.90361
34579,25.67532
34580,25.6268
34581,26.06368
34582,26.60745
34583,25.84077
34584,26.29732
34585,25.53979
34586,25.51209
34587,25.93405
34588,22.36205
34589,18.65512
34590,-12.82204
34591,4.039596
34592,10.2577
34593,8.394903
34594,24.9904
34595,25.30729
34596,25.39566
34597,25.02264
34598,25.63098
34599,-1.325953
34600,1.313396
34601,0.7880198
34602,32.12011
34603,32.1252
34604,28.29035
34605,28.28876
34606,27.43542
34607,27.45971
34608,30.46421
34609,28.25211
34610,46.66871
34611,23.37007
34612,46.6439
34613,24.39817
34614,32.49009
34615,25.3932
34616,26.30276
34617,26.27129
34618,25.94801
34619,26.13645
34620,25.92668
34621,26.56006
34622,25.92713
34623,26.29085
34624,25.3467
34625,14.34756
34626,17.00224
34627,28.41244
34628,6.858535
34629,17.81916
34630,17.13865
34631,6.841835
34632,29.43149
34633,26.98309
34634,2.167301
34635,25.17492
34636,25.17572
34637,25.01972
34638,25.75423
34639,25.02048
34640,25.12056
34641,25.19779
34642,25.20495
34643,-1.844054
34644,28.79057
34645,28.78339
34646,23.48747
34647,26.18666
34648,-12.01956
34649,27.42553
34650,23.47256
34651,25.73945
34652,24.669
34653,18.29818
34654,23.14975
34655,34.98929
34656,21.93163
34657,23.48456
34658,26.71376
34659,24.23466
34660,24.33862
34661,26.7414
34662,26.75799
34663,26.88374
34664,27.00375
34665,27.50787
34666,27.5108
34667,26.66044
34668,16.49339
34669,56.73452
34670,0.612349
34671,9.125651
34672,21.92259
34673,43.62895
34674,36.72544
34675,24.58145
34676,25.95873
34677,17.9003
34678,-2.887384
34679,25.72565
34680,17.20364
34681,25.00746
34682,25.33025
34683,24.75705
34684,24.42833
34685,25.70646
34686,-14.73694
34687,-2.192006
34688,1.272588
34689,26.42076
34690,26.41132
34691,28.42879
34692,28.42945
34693,-3.495163
34694,14.76675
34695,2.952421
34696,14.56205
34697,25.40903
34698,24.86815
34699,24.88984
34700,23.98175
34701,24.85038
34702,25.38152
34703,25.38945
34704,26.03534
34705,-0.7183971
34706,26.90278
34707,27.38705
34708,26.35649
34709,26.36286
34710,26.98307
34711,23.54916
34712,26.89936
34713,25.5031
34714,15.88029
34715,16.07393
34716,26.31298
34717,25.43407
34718,25.83819
34719,26.24009
34720,25.34509
34721,25.1285
34722,23.90246
34723,25.45995
34724,-1.306022
34725,-0.37664
34726,27.50169
34727,-0.5475618
34728,27.67032
34729,28.69788
34730,28.67218
34731,27.92866
34732,27.92418
34733,27.69653
34734,13.80278
34735,19.2579
34736,25.66786
34737,24.95826
34738,22.09441
34739,25.23606
34740,25.62186
34741,25.88954
34742,25.32676
34743,25.60646
34744,25.72694
34745,24.89337
34746,25.83846
34747,-19.37614
34748,15.92347
34749,1.928814
34750,5.347802
34751,18.21003
34752,1.26181
34753,1.654493
34754,20.9342
34755,21.10617
34756,20.92585
34757,18.86788
34758,23.69797
34759,-5.093149
34760,7.632872
34761,0.0188042
34762,29.44663
34763,29.16379
34764,27.50169
34765,27.49933
34766,30.44488
34767,30.43093
34768,30.10334
34769,30.10583
34770,2.708364
34771,19.36228
34772,26.13612
34773,26.00054
34774,26.00072
34775,26.05207
34776,26.35563
34777,26.07633
34778,26.07601
34779,20.22957
34780,32.93407
34781,24.16726
34782,3.72911
34783,6.287534
34784,8.477674
34785,10.81575
34786,19.32047
34787,24.39874
34788,22.17556
34789,19.31626
34790,22.17719
34791,24.37921
34792,25.06651
34793,25.06742
34794,6.155418
34795,-2.741719
34796,0.6822359
34797,29.28829
34798,29.28866
34799,26.81497
34800,26.81584
34801,5.992552
34802,5.275357
34803,9.699965
34804,9.740179
34805,21.53077
34806,24.91169
34807,21.53326
34808,20.98383
34809,25.16097
34810,21.95102
34811,25.02078
34812,23.36284
34813,25.01173
34814,21.00481
34815,-12.68146
34816,1.108409
34817,30.34544
34818,30.346
34819,26.57127
34820,19.46047
34821,28.60425
34822,26.85996
34823,26.57154
34824,19.45799
34825,14.22338
34826,37.7347
34827,-2.450691
34828,13.70258
34829,24.37042
34830,25.06221
34831,25.30459
34832,25.29723
34833,25.06498
34834,0.5138604
34835,0.5251253
34836,-1.070715
34837,1.790638
34838,27.74459
34839,27.72951
34840,31.98941
34841,29.58063
34842,31.99219
34843,27.56802
34844,28.74958
34845,29.42272
34846,28.6676
34847,26.25182
34848,25.51098
34849,24.60119
34850,30.36993
34851,18.19995
34852,25.10117
34853,25.85422
34854,25.64299
34855,25.16495
34856,25.16792
34857,25.09674
34858,25.44804
34859,26.16544
34860,24.5451
34861,25.44473
34862,25.43184
34863,10.35533
34864,6.687272
34865,-0.2800292
34866,-0.2137949
34867,28.1042
34868,28.76438
34869,28.76654
34870,28.30376
34871,28.30395
34872,27.95692
34873,29.74828
34874,10.36493
34875,24.32104
34876,21.57221
34877,21.57748
34878,23.14729
34879,23.12888
34880,26.11424
34881,26.37073
34882,26.3571
34883,22.92011
34884,5.32706
34885,25.89006
34886,26.45156
34887,26.33772
34888,25.6683
34889,25.66688
34890,6.795293
34891,18.86377
34892,13.85616
34893,13.85395
34894,12.75672
34895,0.8241116
34896,27.91806
34897,26.92255
34898,29.8292
34899,31.61514
34900,30.51582
34901,26.85445
34902,27.91807
34903,31.62901
34904,36.34185
34905,36.34234
34906,24.54246
34907,15.59069
34908,26.25367
34909,28.33823
34910,20.29175
34911,20.29003
34912,25.02101
34913,5.314038
34914,1.445328
34915,1.446297
34916,1.485566
34917,29.38137
34918,33.04839
34919,30.27009
34920,30.99671
34921,31.75737
34922,34.00924
34923,32.48336
34924,6.385666
34925,16.62137
34926,16.62305
34927,7.847064
34928,7.560367
34929,12.28916
34930,9.403785
34931,-2.901605
34932,-7.67023
34933,31.64372
34934,33.02905
34935,33.09679
34936,32.57038
34937,34.90725
34938,33.64525
34939,32.17332
34940,2.293863
34941,12.03538
34942,22.46499
34943,22.44251
34944,16.75139
34945,0.02123715
34946,24.282
34947,20.10298
34948,20.15488
34949,12.77616
34950,18.22652
34951,12.69899
34952,9.726397
34953,-0.3708771
34954,3.944638
34955,31.92083
34956,29.58747
34957,31.51327
34958,27.77231
34959,31.925
34960,27.77454
34961,29.59111
34962,29.68184
34963,32.13887
34964,-4.522244
34965,11.3371
34966,25.33752
34967,22.37895
34968,17.84863
34969,22.79715
34970,25.00979
34971,22.82681
34972,25.08631
34973,24.99258
34974,0.3134301
34975,20.89157
34976,26.54733
34977,25.42319
34978,16.87156
34979,22.47977
34980,22.47908
34981,23.2476
34982,19.69602
34983,17.05219
34984,0.7571688
34985,4.234694
34986,-0.5885086
34987,47.6869
34988,48.96833
34989,63.23013
34990,37.7423
34991,31.592
34992,26.61035
34993,62.07882
34994,28.26409
34995,-0.4870691
34996,25.3667
34997,25.44532
34998,25.36626
34999,25.44854
35000,24.07779
35001,19.56397
35002,25.46979
35003,24.66894
35004,22.16297
35005,22.86229
35006,-0.1499799
35007,15.13753
35008,54.65718
35009,59.03176
35010,36.03045
35011,54.67164
35012,38.05726
35013,58.65769
35014,58.6545
35015,63.1013
35016,53.97209
35017,72.98174
35018,81.58208
35019,42.36861
35020,56.1173
35021,27.21453
35022,22.32928
35023,25.88986
35024,26.42516
35025,26.00965
35026,25.74939
35027,25.74811
35028,19.31807
35029,20.89113
35030,2.550892
35031,2.780902
35032,11.09261
35033,1.305073
35034,27.98707
35035,26.53793
35036,26.53845
35037,26.22845
35038,1.319819
35039,28.36248
35040,27.13401
35041,29.81231
35042,27.64911
35043,27.80861
35044,28.34547
35045,27.81256
35046,27.85815
35047,28.10987
35048,2.961939
35049,-1.162982
35050,0.09343793
35051,5.329987
35052,0.6761798
35053,26.73591
35054,27.78554
35055,27.05918
35056,27.17733
35057,26.6549
35058,27.35046
35059,28.24663
35060,26.82186
35061,28.51039
35062,-8.52319
35063,5.745102
35064,25.36125
35065,25.26146
35066,25.2449
35067,25.47715
35068,25.20356
35069,25.1691
35070,25.1645
35071,25.13706
35072,23.40183
35073,4.657618
35074,29.33381
35075,27.98031
35076,27.97752
35077,27.62848
35078,28.97163
35079,31.75113
35080,-8.387981
35081,29.46479
35082,53.06258
35083,26.19636
35084,24.9483
35085,24.93542
35086,25.77907
35087,24.88831
35088,25.39483
35089,20.90617
35090,25.93826
35091,24.88834
35092,25.04991
35093,1.422072
35094,1.019771
35095,12.29622
35096,12.29487
35097,29.25235
35098,29.22019
35099,25.51474
35100,26.04121
35101,26.0416
35102,27.19695
35103,27.44898
35104,-0.2682404
35105,2.95141
35106,7.085931
35107,1.956338
35108,1.946944
35109,0.1385768
35110,25.34954
35111,25.99106
35112,25.50659
35113,26.55796
35114,27.17508
35115,26.20079
35116,25.61105
35117,26.55858
35118,26.82815
35119,27.88823
35120,26.82575
35121,28.27273
35122,2.503643
35123,1.51239
35124,-6.990889
35125,-3.209562
35126,26.41338
35127,26.2882
35128,26.66475
35129,25.92556
35130,25.90248
35131,25.59666
35132,26.24566
35133,26.24593
35134,25.80306
35135,26.56444
35136,4.386574
35137,18.64382
35138,23.5379
35139,25.08944
35140,25.06625
35141,25.23134
35142,25.06132
35143,25.14698
35144,0.4886126
35145,1.264785
35146,1E-07
35147,-0.3196808
35148,11.44688
35149,11.44382
35150,-1.996435
35151,-9.558712
35152,31.15128
35153,28.85549
35154,28.78827
35155,29.5375
35156,29.94837
35157,28.17425
35158,20.72688
35159,6.330792
35160,0.8556314
35161,1E-07
35162,24.56238
35163,25.04521
35164,25.51758
35165,21.82118
35166,24.55821
35167,25.04672
35168,4.556098
35169,-9.348066
35170,6.414938
35171,6.347141
35172,-0.4652733
35173,4.460352
35174,-14.07707
35175,0.1898993
35176,1E-07
35177,25.4273
35178,25.17902
35179,25.09995
35180,25.30639
35181,25.30561
35182,25.17756
35183,25.38793
35184,25.10012
35185,15.20111
35186,6.55392
35187,8.736568
35188,15.2096
35189,-7.397489
35190,-11.28873
35191,1.684238
35192,1E-07
35193,24.808
35194,25.56507
35195,25.2606
35196,16.94168
35197,25.60192
35198,25.60438
35199,25.26495
35200,23.00272
35201,-14.58368
35202,29.89939
35203,50.2167
35204,28.37386
35205,28.70012
35206,26.95893
35207,31.61277
35208,15.47635
35209,15.6614
35210,16.4407
35211,7.740058
35212,25.43145
35213,25.58821
35214,25.49603
35215,25.48805
35216,25.43431
35217,25.62415
35218,25.49646
35219,25.78101
35220,25.30116
35221,15.23431
35222,7.585163
35223,4.777017
35224,9.304689
35225,31.62295
35226,8.597471
35227,36.17475
35228,30.57946
35229,25.83413
35230,31.10908
35231,31.08766
35232,30.58208
35233,25.8314
35234,7.412327
35235,7.410916
35236,27.99139
35237,28.39515
35238,28.39146
35239,27.90276
35240,27.9037
35241,22.75659
35242,25.01949
35243,-1.621928
35244,56.30497
35245,58.90739
35246,22.71282
35247,-0.03551083
35248,25.18579
35249,26.06875
35250,25.98516
35251,26.06657
35252,25.85743
35253,25.24547
35254,25.35627
35255,25.18268
35256,25.68445
35257,26.31918
35258,26.3179
35259,25.81447
35260,25.81118
35261,2.610568
35262,9.107821
35263,11.9029
35264,-6.916632
35265,6.823325
35266,1.032698
35267,25.227
35268,25.20429
35269,25.77468
35270,25.81914
35271,25.78651
35272,25.81635
35273,7.61005
35274,6.989506
35275,15.97716
35276,6.002941
35277,9.290979
35278,1.167984
35279,25.69571
35280,25.64557
35281,25.74549
35282,25.69489
35283,26.19304
35284,26.37494
35285,26.28226
35286,26.18998
35287,25.88818
35288,-6.512279
35289,11.24641
35290,9.945276
35291,10.7938
35292,20.81273
35293,1.799853
35294,25.84712
35295,26.39533
35296,25.84005
35297,22.1481
35298,22.08961
35299,-0.2708338
35300,3.929328
35301,16.71671
35302,-11.29943
35303,1.203438
35304,27.00244
35305,25.94025
35306,26.99664
35307,26.93006
35308,26.5156
35309,26.42116
35310,27.60966
35311,27.60349
35312,25.3471
35313,26.9327
35314,25.80966
35315,25.70579
35316,25.70243
35317,13.18168
35318,4.91152
35319,25.17751
35320,25.85182
35321,25.8498
35322,15.25713
35323,-4.185998
35324,-8.889439
35325,8.382654
35326,0.9729424
35327,-0.2652009
35328,5.548489
35329,8.050946
35330,27.08056
35331,26.77146
35332,30.40441
35333,26.74317
35334,28.31371
35335,27.54347
35336,27.30333
35337,26.96567
35338,27.87158
35339,30.41154
35340,5.679626
35341,30.77405
35342,38.01883
35343,3.994453
35344,40.76239
35345,6.907951
35346,25.67192
35347,26.03712
35348,26.04234
35349,25.85242
35350,25.67237
35351,26.69631
35352,26.69639
35353,25.10167
35354,25.10401
35355,25.10602
35356,3.358485
35357,-13.13096
35358,0.3737988
35359,25.31375
35360,25.31529
35361,19.55842
35362,21.31472
35363,26.93658
35364,26.93771
35365,-1.516224
35366,4.479032
35367,26.28886
35368,26.9545
35369,28.32364
35370,26.98306
35371,26.1351
35372,26.2429
35373,24.3291
35374,28.81091
35375,26.2485
35376,25.22556
35377,-3.988935
35378,3.483166
35379,5.077027
35380,21.6863
35381,21.71547
35382,26.2343
35383,25.54219
35384,26.22481
35385,27.27995
35386,26.82417
35387,23.05048
35388,25.09807
35389,23.0316
35390,25.22005
35391,25.07622
35392,25.21031
35393,25.21114
35394,25.17467
35395,25.17518
35396,1.90783
35397,-0.5114876
35398,10.50688
35399,-0.9521202
35400,27.55752
35401,26.00358
35402,26.33256
35403,26.23471
35404,27.07048
35405,26.00492
35406,27.81233
35407,27.96945
35408,26.53197
35409,28.06213
35410,25.14013
35411,26.29114
35412,26.88282
35413,26.28955
35414,31.02045
35415,2.973498
35416,26.11123
35417,26.11434
35418,26.48316
35419,26.48478
35420,25.48954
35421,25.31814
35422,25.4561
35423,25.45463
35424,25.92823
35425,25.95707
35426,25.63738
35427,25.39392
35428,25.21937
35429,25.32909
35430,25.46054
35431,25.18441
35432,25.16942
35433,7.495174
35434,3.712433
35435,-6.013145
35436,27.13573
35437,26.92792
35438,25.92365
35439,27.83883
35440,25.60238
35441,27.92536
35442,26.41944
35443,27.10115
35444,27.09981
35445,27.39978
35446,3.991256
35447,4.024929
35448,2.181775
35449,25.96671
35450,25.94069
35451,26.48031
35452,25.79355
35453,26.48585
35454,25.65567
35455,25.83958
35456,26.14009
35457,25.97688
35458,25.85085
35459,24.97962
35460,24.9792
35461,24.98026
35462,25.34016
35463,25.37818
35464,23.18427
35465,25.37383
35466,24.93558
35467,25.57006
35468,25.33503
35469,25.89131
35470,24.23119
35471,25.37186
35472,25.43383
35473,2.33278
35474,0.3901667
35475,11.81078
35476,1.389801
35477,26.62909
35478,26.11129
35479,26.19579
35480,27.86402
35481,27.21591
35482,25.88802
35483,26.29996
35484,27.25752
35485,26.75243
35486,26.67087
35487,27.12564
35488,27.32438
35489,-10.11802
35490,7.566658
35491,4.278788
35492,-3.139914
35493,8.274293
35494,7.704629
35495,27.82027
35496,26.765
35497,27.34634
35498,26.75062
35499,27.78615
35500,27.0854
35501,27.17183
35502,1E-07
35503,26.00226
35504,25.72842
35505,26.34718
35506,26.33845
35507,26.00378
35508,25.72778
35509,11.01116
35510,24.93945
35511,24.94005
35512,24.59243
35513,11.01201
35514,26.32153
35515,25.02988
35516,25.6525
35517,25.8006
35518,25.5918
35519,25.54868
35520,25.54661
35521,0.3991781
35522,2.286947
35523,14.00059
35524,-2.601034
35525,8.885324
35526,2.757702
35527,-5.188247
35528,11.47446
35529,26.98176
35530,27.25833
35531,26.1422
35532,25.47035
35533,27.55089
35534,26.08134
35535,26.62142
35536,26.14523
35537,25.95919
35538,27.32504
35539,26.4602
35540,27.67045
35541,27.55626
35542,26.5933
35543,26.59106
35544,-3.800308
35545,14.07204
35546,31.74371
35547,23.92306
35548,34.44376
35549,6.168841
35550,15.06469
35551,15.04823
35552,27.33253
35553,27.31229
35554,27.64604
35555,27.31264
35556,27.33662
35557,27.33662
35558,26.35362
35559,25.7343
35560,26.48634
35561,26.35528
35562,26.69959
35563,26.69234
35564,26.49732
35565,25.73158
35566,25.45898
35567,26.06145
35568,26.14967
35569,26.27
35570,27.47468
35571,26.21739
35572,25.53268
35573,25.53031
35574,3.494365
35575,0.5990619
35576,4.262807
35577,37.24102
35578,37.38289
35579,19.14504
35580,50.61569
35581,19.10515
35582,21.8851
35583,4.056503
35584,29.42412
35585,29.03109
35586,29.02507
35587,27.47793
35588,29.42967
35589,27.56184
35590,47.75411
35591,8.834702
35592,35.79956
35593,46.22692
35594,5.953202
35595,13.44109
35596,23.02805
35597,44.29767
35598,28.10854
35599,27.82765
35600,28.3653
35601,28.36388
35602,27.50657
35603,27.43127
35604,27.5094
35605,27.28498
35606,26.88866
35607,27.40732
35608,27.32703
35609,27.32512
35610,26.81449
35611,27.6973
35612,14.98759
35613,14.98794
35614,27.71285
35615,25.98563
35616,23.14952
35617,25.48849
35618,25.47434
35619,25.62747
35620,25.48823
35621,26.2577
35622,25.76448
35623,25.7652
35624,25.59263
35625,25.98987
35626,25.05048
35627,-7.724799
35628,5.987383
35629,1.064702
35630,0.4126773
35631,29.71239
35632,29.77025
35633,29.77918
35634,28.81447
35635,29.71381
35636,28.3347
35637,8.668188
35638,8.645613
35639,27.23382
35640,27.243
35641,26.95764
35642,26.94826
35643,26.28737
35644,29.59552
35645,32.70974
35646,29.57469
35647,32.71323
35648,30.37893
35649,29.95702
35650,25.32868
35651,25.78985
35652,26.29058
35653,25.73746
35654,25.46235
35655,25.50216
35656,25.50714
35657,25.65119
35658,25.83772
35659,25.85119
35660,-3.485103
35661,4.423777
35662,-0.801888
35663,2.909014
35664,1.242623
35665,30.75459
35666,29.67412
35667,29.84379
35668,30.56159
35669,29.20455
35670,29.84537
35671,30.1058
35672,29.20365
35673,24.44501
35674,24.44178
35675,25.18013
35676,25.20622
35677,25.87164
35678,25.94583
35679,6.127257
35680,33.28159
35681,32.13888
35682,45.3665
35683,6.147443
35684,46.71383
35685,46.71389
35686,41.58942
35687,41.59092
35688,25.53426
35689,25.27456
35690,25.89643
35691,25.35371
35692,26.02754
35693,25.7443
35694,25.59841
35695,-0.1067115
35696,29.28796
35697,7.246994
35698,22.13077
35699,-2.221965
35700,4.315519
35701,0.4091482
35702,29.9766
35703,30.63357
35704,34.09847
35705,31.67537
35706,31.72701
35707,31.73452
35708,30.63152
35709,33.07722
35710,25.72686
35711,25.72713
35712,33.07669
35713,24.09932
35714,31.55355
35715,33.10209
35716,24.0896
35717,33.61055
35718,32.9424
35719,21.43255
35720,25.93424
35721,26.29641
35722,25.89582
35723,25.83525
35724,26.42326
35725,25.17481
35726,25.73795
35727,25.41062
35728,25.92948
35729,25.55629
35730,7.87712
35731,1.492559
35732,1.292644
35733,8.175697
35734,12.24895
35735,22.81037
35736,22.80539
35737,-0.4033299
35738,3.877151
35739,2.880426
35740,2.599849
35741,1E-07
35742,31.77104
35743,30.95686
35744,30.9565
35745,32.69184
35746,31.76976
35747,29.40265
35748,26.00472
35749,25.94989
35750,24.8594
35751,24.15218
35752,24.06709
35753,26.43838
35754,-28.13314
35755,37.48274
35756,28.04094
35757,32.1686
35758,3.461462
35759,41.48664
35760,21.67646
35761,21.67511
35762,27.29884
35763,26.84108
35764,27.05873
35765,26.86535
35766,26.67036
35767,27.28163
35768,48.9138
35769,24.4011
35770,44.71897
35771,54.43019
35772,44.73851
35773,55.39934
35774,56.9357
35775,34.61662
35776,9.091242
35777,22.39877
35778,9.627407
35779,24.92443
35780,25.38428
35781,22.11239
35782,22.11612
35783,-8.734409
35784,5.939582
35785,-2.109
35786,0.1308849
35787,32.85979
35788,32.86272
35789,30.41367
35790,29.73211
35791,28.59653
35792,34.47044
35793,27.04663
35794,25.75853
35795,26.30052
35796,26.37443
35797,26.37536
35798,27.04655
35799,25.70967
35800,43.9685
35801,26.70764
35802,42.89139
35803,41.30223
35804,33.9516
35805,19.51521
35806,35.03844
35807,43.72395
35808,42.50475
35809,22.82857
35810,25.26647
35811,25.15744
35812,25.06115
35813,25.20825
35814,25.41427
35815,25.2046
35816,25.09803
35817,25.88883
35818,17.86555
35819,26.17958
35820,25.87502
35821,17.79877
35822,25.26568
35823,17.8194
35824,25.26191
35825,22.94919
35826,7.446938
35827,0.100605
35828,-1.582001
35829,33.79517
35830,33.70299
35831,35.42529
35832,33.8002
35833,32.57709
35834,37.34369
35835,33.717
35836,19.01638
35837,25.98652
35838,25.45208
35839,26.21626
35840,26.21647
35841,25.26261
35842,26.16764
35843,22.81562
35844,57.41732
35845,46.4201
35846,41.6928
35847,45.17318
35848,51.56847
35849,71.25948
35850,24.95053
35851,25.46677
35852,25.45342
35853,24.58025
35854,24.91432
35855,25.23784
35856,25.23939
35857,25.4683
35858,25.77738
35859,25.31274
35860,25.99844
35861,15.45769
35862,25.04828
35863,25.06023
35864,25.42621
35865,15.43232
35866,25.51407
35867,25.78497
35868,17.3951
35869,22.5126
35870,9.517838
35871,-3.151407
35872,2.222165
35873,17.33419
35874,0.247119
35875,31.60095
35876,32.55785
35877,30.55761
35878,31.678
35879,32.50065
35880,30.52155
35881,36.31577
35882,32.54704
35883,27.85529
35884,17.74072
35885,16.07136
35886,27.85951
35887,16.17977
35888,14.09786
35889,25.86411
35890,25.86378
35891,23.86212
35892,28.76029
35893,16.18324
35894,25.20343
35895,25.25096
35896,25.34026
35897,25.6169
35898,25.27683
35899,25.25189
35900,25.2777
35901,22.22062
35902,26.76645
35903,26.76751
35904,25.4211
35905,25.71303
35906,25.59778
35907,25.67081
35908,26.13886
35909,25.35093
35910,19.86357
35911,19.85852
35912,3.476554
35913,3.333774
35914,-1.507105
35915,13.23991
35916,9.360775
35917,-5.152566
35918,28.30523
35919,34.3071
35920,29.74734
35921,28.32796
35922,31.09228
35923,12.21766
35924,17.51383
35925,22.00978
35926,22.00892
35927,17.45991
35928,6.029199
35929,40.63069
35930,12.13276
35931,11.30396
35932,24.0144
35933,25.11179
35934,25.46674
35935,25.54248
35936,25.6232
35937,25.4725
35938,25.47372
35939,25.54189
35940,25.62314
35941,25.5226
35942,25.84383
35943,0.001195643
35944,26.1123
35945,26.60983
35946,26.81416
35947,24.64224
35948,26.89705
35949,26.35171
35950,10.51509
35951,9.291131
35952,7.551508
35953,4.663541
35954,-1.113657
35955,-3.071881
35956,33.33552
35957,46.95269
35958,4.464189
35959,36.68193
35960,46.92223
35961,24.8741
35962,4.524649
35963,46.77391
35964,44.30975
35965,24.87547
35966,42.22011
35967,47.73897
35968,36.71058
35969,46.28741
35970,44.37289
35971,31.36776
35972,22.5479
35973,36.89498
35974,24.15628
35975,29.59014
35976,25.99436
35977,36.89597
35978,5.693163
35979,25.73848
35980,25.62317
35981,25.62516
35982,25.91168
35983,25.72756
35984,25.66576
35985,25.40009
35986,-0.427287
35987,16.26141
35988,-8.772044
35989,5.316274
35990,0.01151363
35991,1E-07
35992,6.522362
35993,10.96095
35994,45.13242
35995,14.82083
35996,18.95707
35997,48.27678
35998,46.04762
35999,45.98612
36000,8.120633
36001,33.27491
36002,33.26833
36003,30.15037
36004,45.96167
36005,35.9179
36006,45.27135
36007,10.81923
36008,28.84338
36009,29.93011
36010,32.8271
36011,33.17205
36012,28.42629
36013,24.01247
36014,27.84404
36015,20.63296
36016,10.66552
36017,13.06849
36018,16.40715
36019,25.56825
36020,25.47285
36021,25.98749
36022,25.77406
36023,25.78899
36024,25.78714
36025,26.00758
36026,25.73681
36027,25.74536
36028,25.56472
36029,-4.153892
36030,-10.23545
36031,7.07665
36032,24.36457
36033,18.34698
36034,16.19893
36035,17.35762
36036,24.36113
36037,14.89679
36038,2.146462
36039,1.612657
36040,29.67405
36041,29.6687
36042,29.12321
36043,32.71042
36044,29.11696
36045,17.13593
36046,24.05684
36047,20.27915
36048,30.27269
36049,21.2259
36050,26.52388
36051,26.52438
36052,17.56288
36053,3.118058
36054,-1.67558
36055,25.92489
36056,26.08803
36057,25.67408
36058,25.8007
36059,25.7438
36060,25.67173
36061,26.1434
36062,25.92571
36063,25.28818
36064,24.69528
36065,16.40828
36066,19.16471
36067,12.42156
36068,-4.803576
36069,1.090045
36070,8.828692
36071,22.31422
36072,24.85688
36073,24.99501
36074,24.84052
36075,24.81391
36076,18.21247
36077,13.2504
36078,-5.849266
36079,0.7403832
36080,35.73304
36081,36.16877
36082,31.90498
36083,35.09642
36084,31.25948
36085,32.6217
36086,21.52081
36087,21.86864
36088,40.02143
36089,27.07778
36090,26.20706
36091,25.28492
36092,25.21879
36093,9.244435
36094,2.275014
36095,0.9240085
36096,25.60551
36097,26.58239
36098,25.86499
36099,26.38364
36100,25.78038
36101,25.781
36102,26.50445
36103,25.86814
36104,13.65845
36105,15.3882
36106,13.32275
36107,0.6771968
36108,0.3090475
36109,25.48417
36110,25.09372
36111,25.09151
36112,25.13505
36113,-3.394655
36114,-3.389908
36115,26.70224
36116,26.14436
36117,21.82545
36118,25.74061
36119,26.1435
36120,25.74112
36121,25.50605
36122,26.02075
36123,27.84097
36124,24.52272
36125,14.71909
36126,0.767826
36127,6.06284
36128,35.09074
36129,35.73211
36130,35.94426
36131,35.34091
36132,43.26975
36133,37.53112
36134,24.98793
36135,37.68551
36136,26.61389
36137,27.19586
36138,28.31965
36139,21.97813
36140,30.2785
36141,37.6881
36142,18.78786
36143,17.65046
36144,10.01127
36145,25.73681
36146,26.04265
36147,26.05252
36148,25.72841
36149,26.04249
36150,26.04753
36151,25.63072
36152,25.9887
36153,25.87901
36154,26.60873
36155,25.91991
36156,26.67177
36157,25.9494
36158,14.09909
36159,8.691559
36160,19.54844
36161,3.863521
36162,11.14923
36163,12.63148
36164,-2.361405
36165,0.6823266
36166,25.41812
36167,25.4472
36168,22.78525
36169,23.66084
36170,20.31321
36171,25.24934
36172,25.42443
36173,25.44756
36174,-4.945396
36175,9.237523
36176,-23.7146
36177,-15.89961
36178,38.6561
36179,40.11659
36180,40.89823
36181,54.82424
36182,50.22276
36183,20.4581
36184,27.98025
36185,28.37512
36186,20.8508
36187,32.21321
36188,31.61158
36189,25.25498
36190,27.97319
36191,20.88882
36192,6.351468
36193,6.010294
36194,25.09198
36195,26.51628
36196,25.96347
36197,26.44603
36198,-0.9698682
36199,5.418899
36200,7.331093
36201,5.315904
36202,4.539797
36203,8.357754
36204,5.157478
36205,0.01130791
36206,25.63112
36207,25.62507
36208,25.41864
36209,25.43458
36210,25.28678
36211,25.36761
36212,25.63482
36213,25.24067
36214,25.43848
36215,18.91068
36216,-0.7758115
36217,3.859692
36218,36.71396
36219,37.26068
36220,36.44771
36221,36.44756
36222,42.57002
36223,37.27006
36224,34.69935
36225,30.09446
36226,31.66969
36227,32.54129
36228,28.63231
36229,24.6095
36230,31.46133
36231,31.45341
36232,10.91323
36233,13.01639
36234,-0.007156101
36235,27.38785
36236,27.38269
36237,28.2376
36238,27.30848
36239,27.30642
36240,26.92119
36241,28.0003
36242,29.10529
36243,27.27132
36244,26.1449
36245,28.8869
36246,20.53522
36247,20.53173
36248,8.013016
36249,7.860403
36250,25.40804
36251,25.57936
36252,25.76579
36253,25.60851
36254,25.64797
36255,25.28882
36256,25.76926
36257,25.77085
36258,2.941754
36259,-1.854905
36260,9.199439
36261,36.19444
36262,34.79823
36263,43.38383
36264,42.88917
36265,34.77195
36266,45.17617
36267,45.03547
36268,34.05634
36269,40.30818
36270,33.01146
36271,31.16305
36272,35.51167
36273,38.0049
36274,30.41716
36275,27.76089
36276,0.7998509
36277,25.01215
36278,25.01788
36279,-0.08634464
36280,0.003379641
36281,25.92209
36282,26.36032
36283,25.46923
36284,27.24383
36285,28.39083
36286,27.73213
36287,26.77727
36288,26.78135
36289,18.28436
36290,13.72363
36291,8.822259
36292,24.88093
36293,24.88267
36294,16.08283
36295,0.6888542
36296,4.786305
36297,25.86179
36298,25.08272
36299,25.76952
36300,25.85687
36301,25.925
36302,25.51337
36303,24.9571
36304,26.24504
36305,23.47977
36306,23.27443
36307,54.83324
36308,47.89508
36309,47.88496
36310,38.59977
36311,42.09668
36312,44.30561
36313,42.06403
36314,38.57946
36315,54.83557
36316,27.18688
36317,27.75108
36318,31.70672
36319,41.33525
36320,49.15364
36321,56.06193
36322,27.71655
36323,9.565761
36324,14.44744
36325,25.47025
36326,25.77017
36327,25.70198
36328,25.59947
36329,25.63383
36330,25.58262
36331,25.29273
36332,25.42033
36333,25.57221
36334,10.94733
36335,10.90252
36336,-1.823902
36337,5.471041
36338,26.63316
36339,23.85517
36340,27.80755
36341,27.12513
36342,25.19801
36343,25.99772
36344,22.97733
36345,25.46649
36346,26.43556
36347,25.45634
36348,23.853
36349,-12.34013
36350,6.226386
36351,11.78759
36352,11.01993
36353,-11.20795
36354,4.679888
36355,4.599146
36356,25.39966
36357,26.01209
36358,26.15223
36359,25.56498
36360,25.9569
36361,15.92034
36362,72.81842
36363,72.75991
36364,87.12012
36365,84.62607
36366,80.79045
36367,87.19059
36368,73.42126
36369,70.2854
36370,5.59444
36371,31.22087
36372,5.567158
36373,60.83946
36374,31.11038
36375,54.94739
36376,61.90675
36377,68.06901
36378,49.52211
36379,84.35577
36380,46.03332
36381,27.8115
36382,27.81132
36383,27.20337
36384,27.5598
36385,27.95382
36386,27.96058
36387,28.48087
36388,29.32459
36389,-10.31677
36390,-6.69094
36391,-5.440845
36392,9.916544
36393,-1.770888
36394,10.33804
36395,4.826208
36396,23.46061
36397,23.46042
36398,0.2690176
36399,25.98679
36400,26.26015
36401,25.93388
36402,25.98484
36403,26.11434
36404,25.97994
36405,25.71101
36406,24.878
36407,24.87808
36408,0.08010077
36409,-0.2050272
36410,27.26227
36411,28.36753
36412,27.71397
36413,27.3753
36414,26.54388
36415,28.53613
36416,27.75583
36417,29.40528
36418,26.89981
36419,27.74251
36420,21.17148
36421,23.16759
36422,27.92574
36423,22.46649
36424,17.20715
36425,19.20415
36426,24.49587
36427,24.49052
36428,19.19618
36429,0.6575494
36430,0.1281848
36431,25.59745
36432,26.21284
36433,25.86791
36434,26.20962
36435,25.86349
36436,25.73423
36437,25.55232
36438,26.15881
36439,26.61653
36440,19.11682
36441,19.11098
36442,2.079536
36443,22.62195
36444,24.5429
36445,25.19413
36446,23.08884
36447,24.96014
36448,25.26741
36449,25.26789
36450,24.9451
36451,28.18771
36452,28.17304
36453,29.6825
36454,26.98412
36455,26.78514
36456,26.7401
36457,27.33146
36458,26.74184
36459,27.3242
36460,27.87423
36461,27.56592
36462,29.41482
36463,29.97908
36464,30.13285
36465,25.61516
36466,30.79056
36467,29.11801
36468,28.84156
36469,28.76411
36470,0.01085562
36471,25.77623
36472,26.59376
36473,26.67095
36474,26.04277
36475,26.6686
36476,25.97332
36477,26.71781
36478,25.95893
36479,15.37451
36480,10.48679
36481,17.35145
36482,15.24553
36483,4.866768
36484,0.4859625
36485,25.16819
36486,23.46393
36487,25.41617
36488,25.35777
36489,24.95645
36490,25.24214
36491,25.4713
36492,24.96373
36493,24.51881
36494,24.94612
36495,29.47458
36496,29.38888
36497,28.95749
36498,30.5846
36499,28.17305
36500,29.80974
36501,29.17865
36502,30.89297
36503,29.43429
36504,30.56493
36505,31.83126
36506,33.73822
36507,29.64261
36508,30.29888
36509,29.95252
36510,29.72842
36511,29.31298
36512,29.34462
36513,27.73321
36514,29.04117
36515,29.72117
36516,-0.7235227
36517,8.368029
36518,10.6838
36519,25.13301
36520,25.23833
36521,25.23717
36522,25.20816
36523,25.1337
36524,25.20761
36525,0.3506345
36526,3.523083
36527,11.47804
36528,26.2826
36529,26.80252
36530,26.44724
36531,26.2838
36532,26.80062
36533,24.91398
36534,26.73014
36535,25.26542
36536,25.07015
36537,25.27509
36538,19.11947
36539,21.16857
36540,17.01332
36541,22.12346
36542,21.16853
36543,22.11669
36544,1.950906
36545,25.43294
36546,24.91374
36547,25.46154
36548,25.16234
36549,25.17133
36550,25.6668
36551,25.41215
36552,25.45917
36553,25.22428
36554,29.96962
36555,28.85024
36556,28.85236
36557,29.58445
36558,29.97281
36559,29.74261
36560,29.8481
36561,30.50427
36562,30.50236
36563,29.1202
36564,29.63986
36565,30.00512
36566,32.27443
36567,20.62065
36568,50.3334
36569,-0.2186054
36570,27.77913
36571,25.37878
36572,27.32616
36573,26.38302
36574,26.16749
36575,23.83457
36576,27.98131
36577,26.07305
36578,21.30379
36579,24.96384
36580,28.85467
36581,25.45197
36582,24.78208
36583,25.98555
36584,26.6925
36585,26.69576
36586,24.28622
36587,24.28613
36588,2.34816
36589,25.4386
36590,25.44657
36591,25.66311
36592,24.49187
36593,25.66309
36594,25.81816
36595,25.75451
36596,25.90387
36597,0.3189154
36598,27.00444
36599,26.74979
36600,27.71858
36601,23.76494
36602,28.16693
36603,26.057
36604,26.70379
36605,26.79658
36606,26.71032
36607,32.0263
36608,26.35646
36609,24.9864
36610,25.78012
36611,27.70688
36612,27.70658
36613,25.77436
36614,26.20561
36615,28.46786
36616,24.78811
36617,25.65744
36618,25.70779
36619,26.10211
36620,25.70889
36621,26.5181
36622,-0.3598425
36623,7.126666
36624,27.88534
36625,28.84131
36626,26.24857
36627,27.18715
36628,27.10419
36629,27.34887
36630,27.43824
36631,27.18673
36632,26.62442
36633,28.53288
36634,28.98345
36635,27.76406
36636,27.74117
36637,26.98928
36638,26.86482
36639,28.97974
36640,0.1585518
36641,0.5297895
36642,25.00536
36643,25.85795
36644,25.55444
36645,25.50105
36646,24.2725
36647,26.16872
36648,25.55214
36649,26.35558
36650,0.03051926
36651,2.265827
36652,1.478076
36653,26.88421
36654,27.82533
36655,27.43968
36656,28.24421
36657,28.52402
36658,26.58922
36659,26.79681
36660,27.98605
36661,27.08577
36662,26.67091
36663,26.66763
36664,27.4063
36665,27.25855
36666,28.52912
36667,26.63613
36668,26.59468
36669,28.44243
36670,29.13784
36671,3.234315
36672,3.006705
36673,24.99887
36674,24.99906
36675,25.09962
36676,22.90558
36677,25.09935
36678,22.89444
36679,19.83227
36680,19.83143
36681,25.48284
36682,26.11636
36683,26.04864
36684,26.06301
36685,26.0487
36686,24.80477
36687,25.51222
36688,25.92303
36689,1E-07
36690,11.72311
36691,11.65342
36692,14.46872
36693,14.46942
36694,29.30316
36695,30.56223
36696,29.07123
36697,28.72623
36698,29.07477
36699,29.30453
36700,29.50596
36701,29.47015
36702,35.1859
36703,33.28189
36704,34.35449
36705,31.73261
36706,33.2296
36707,30.02207
36708,14.4307
36709,22.64763
36710,26.04419
36711,26.33337
36712,26.05744
36713,26.83773
36714,26.82409
36715,25.61749
36716,0.1906697
36717,16.79938
36718,14.57049
36719,23.46921
36720,25.2949
36721,-1.997688
36722,14.69171
36723,41.64184
36724,11.41452
36725,19.21171
36726,14.71361
36727,36.40983
36728,36.42236
36729,26.17789
36730,25.04106
36731,25.64989
36732,25.19729
36733,25.31019
36734,25.30337
36735,26.27561
36736,27.08855
36737,26.83249
36738,19.50953
36739,25.23818
36740,22.06592
36741,25.41696
36742,13.57001
36743,25.41989
36744,23.24479
36745,23.24177
36746,25.41242
36747,25.07231
36748,25.35035
36749,25.3508
36750,25.07133
36751,25.60265
36752,-0.3230309
36753,11.73678
36754,13.93408
36755,7.867861
36756,5.193765
36757,-1.544242
36758,1E-07
36759,26.43901
36760,26.56993
36761,26.28623
36762,25.25604
36763,27.2108
36764,26.1611
36765,27.6861
36766,-0.1392335
36767,25.15972
36768,25.23132
36769,25.41771
36770,25.15259
36771,25.69361
36772,24.59224
36773,25.59289
36774,23.43343
36775,1E-07
36776,25.16733
36777,25.6175
36778,25.15546
36779,23.67803
36780,25.63219
36781,25.53209
36782,25.63203
36783,19.7662
36784,23.67752
36785,19.81734
36786,12.14629
36787,3.339008
36788,14.05334
36789,51.41265
36790,36.31093
36791,0.3650566
36792,38.549
36793,8.072649
36794,13.31277
36795,-4.134639
36796,27.53642
36797,24.85373
36798,27.53452
36799,24.85055
36800,26.07091
36801,26.57863
36802,27.64677
36803,26.23282
36804,27.61601
36805,28.61696
36806,27.65255
36807,27.32189
36808,28.61386
36809,26.5646
36810,27.37557
36811,26.93298
36812,6.656627
36813,-0.7471802
36814,25.85001
36815,22.20373
36816,25.57017
36817,24.74302
36818,24.74523
36819,25.61903
36820,1E-07
36821,25.72562
36822,21.58683
36823,25.79014
36824,25.73741
36825,25.64196
36826,21.60172
36827,25.55193
36828,25.979
36829,25.9772
36830,25.10813
36831,4.560791
36832,5.908695
36833,11.94485
36834,-2.508953
36835,26.89015
36836,25.55514
36837,20.31502
36838,25.20847
36839,27.75967
36840,25.19652
36841,25.44087
36842,23.12821
36843,25.43032
36844,-15.17512
36845,28.31679
36846,26.60116
36847,27.77541
36848,27.54058
36849,27.77578
36850,27.90674
36851,28.31433
36852,28.181
36853,24.86134
36854,34.79847
36855,34.81522
36856,24.86129
36857,28.16134
36858,22.74336
36859,7.668608
36860,4.742701
36861,27.00656
36862,26.20787
36863,25.0879
36864,25.15044
36865,25.68649
36866,24.59301
36867,25.67529
36868,2.905096
36869,25.48448
36870,25.61332
36871,26.51
36872,25.83483
36873,25.61831
36874,26.04843
36875,24.96232
36876,25.6217
36877,25.55441
36878,24.15029
36879,25.80544
36880,-0.4536813
36881,3.259274
36882,10.42638
36883,10.97347
36884,-5.177008
36885,25.67043
36886,25.72314
36887,26.25998
36888,27.63458
36889,25.76874
36890,26.26351
36891,27.87085
36892,25.66992
36893,1E-07
36894,15.69402
36895,-0.1395296
36896,13.97171
36897,29.30884
36898,21.04443
36899,22.56729
36900,25.68407
36901,25.49973
36902,25.58398
36903,25.4393
36904,25.93387
36905,25.68406
36906,25.49796
36907,25.44589
36908,25.58435
36909,25.77818
36910,3.433571
36911,24.36704
36912,26.72994
36913,25.35602
36914,26.87996
36915,26.41736
36916,24.86284
36917,25.37164
36918,27.06758
36919,1.495683
36920,-1.563253
36921,16.15207
36922,25.50139
36923,26.29661
36924,25.3516
36925,24.78508
36926,25.5013
36927,26.25439
36928,26.2531
36929,10.03873
36930,5.998165
36931,10.02688
36932,3.516262
36933,30.86503
36934,2.487261
36935,-1.758274
36936,25.88711
36937,25.32908
36938,26.10892
36939,25.91998
36940,25.91846
36941,25.98842
36942,25.23646
36943,25.59139
36944,26.97186
36945,26.16445
36946,25.87913
36947,26.26968
36948,26.05793
36949,26.72805
36950,26.5344
36951,25.99582
36952,26.71648
36953,25.5207
36954,26.16534
36955,21.94704
36956,12.07129
36957,4.216292
36958,20.55897
36959,24.69304
36960,26.25851
36961,25.814
36962,26.20136
36963,26.22289
36964,26.25634
36965,25.31531
36966,26.15852
36967,0.832507
36968,16.8397
36969,3.813425
36970,5.059448
36971,9.040107
36972,14.98468
36973,25.83037
36974,26.41956
36975,26.22887
36976,27.26101
36977,26.43635
36978,25.87447
36979,26.43548
36980,27.71422
36981,27.7117
36982,25.9508
36983,26.62458
36984,27.25597
36985,26.22912
36986,0.2319466
36987,27.3639
36988,27.54669
36989,27.52924
36990,29.63917
36991,27.065
36992,28.35048
36993,27.6361
36994,25.56024
36995,23.94764
36996,27.73824
36997,8.773831
36998,1.463585
36999,-8.465759
37000,25.49777
37001,26.05615
37002,25.67069
37003,26.054
37004,25.36665
37005,5.778262
37006,0.8008474
37007,-3.814168
37008,11.26031
37009,27.15793
37010,26.26943
37011,27.15745
37012,27.02134
37013,26.49504
37014,28.48392
37015,12.00157
37016,11.99916
37017,2.233795
37018,11.04046
37019,12.50527
37020,25.73776
37021,26.58941
37022,26.48528
37023,26.34744
37024,27.7617
37025,26.90162
37026,26.90213
37027,25.73643
37028,26.34927
37029,27.30576
37030,27.38918
37031,27.33545
37032,43.7554
37033,14.50146
37034,13.83099
37035,-10.79728
37036,9.635605
37037,6.575624
37038,22.73007
37039,26.07312
37040,25.47566
37041,26.38637
37042,25.06711
37043,26.45784
37044,24.93612
37045,26.2009
37046,21.37327
37047,25.29123
37048,25.28361
37049,18.10854
37050,21.36224
37051,18.11758
37052,4.193138
37053,5.819347
37054,9.669864
37055,27.51332
37056,27.31449
37057,26.80564
37058,26.97192
37059,27.26146
37060,27.24717
37061,27.26482
37062,26.31944
37063,26.31967
37064,27.24609
37065,28.23133
37066,26.5132
37067,-3.16008
37068,15.94048
37069,25.06302
37070,24.8698
37071,24.85927
37072,25.06159
37073,25.52162
37074,26.5617
37075,26.5613
37076,25.13783
37077,25.73995
37078,25.51613
37079,26.87446
37080,26.89268
37081,25.64724
37082,25.27913
37083,25.27826
37084,25.92837
37085,25.44483
37086,25.66107
37087,25.30345
37088,25.26558
37089,2.494939
37090,-7.079046
37091,14.27043
37092,13.49227
37093,26.86638
37094,26.86277
37095,26.2218
37096,27.04003
37097,27.35607
37098,28.24713
37099,27.91437
37100,26.98343
37101,28.68511
37102,26.4018
37103,27.02672
37104,26.98558
37105,5.676988
37106,6.738503
37107,5.174605
37108,4.625206
37109,6.939462
37110,-1.394268
37111,14.29076
37112,24.98358
37113,25.35529
37114,24.72537
37115,25.11821
37116,25.29399
37117,23.06557
37118,23.07183
37119,25.2368
37120,24.98744
37121,25.28713
37122,25.3224
37123,26.37518
37124,25.89996
37125,25.70593
37126,26.08492
37127,25.3175
37128,26.68725
37129,26.41449
37130,26.20891
37131,26.03459
37132,26.0356
37133,26.03185
37134,26.11226
37135,26.24301
37136,1E-07
37137,25.4696
37138,25.47481
37139,25.50036
37140,24.01446
37141,24.02405
37142,25.18569
37143,1.80016
37144,-2.979801
37145,-0.03139154
37146,26.20463
37147,27.2819
37148,26.74061
37149,25.90489
37150,27.83335
37151,25.97304
37152,26.62038
37153,27.64852
37154,27.55983
37155,26.96047
37156,26.90865
37157,26.96116
37158,27.44616
37159,2.49377
37160,7.98389
37161,0.2566064
37162,17.88606
37163,6.216263
37164,24.55529
37165,25.1799
37166,25.15518
37167,21.58594
37168,25.16015
37169,25.38353
37170,25.38295
37171,25.18285
37172,24.9785
37173,26.10257
37174,25.7432
37175,25.9026
37176,25.74009
37177,25.83364
37178,26.03759
37179,25.88207
37180,26.60218
37181,26.60694
37182,25.88203
37183,27.15723
37184,27.15763
37185,24.94694
37186,24.74899
37187,10.55474
37188,10.55524
37189,24.72674
37190,25.28729
37191,25.1609
37192,25.29524
37193,25.68719
37194,25.62968
37195,25.48307
37196,25.17366
37197,25.31054
37198,25.51475
37199,-0.149974
37200,8.869574
37201,0.2597572
37202,-0.7612917
37203,13.81001
37204,-7.258439
37205,-2.841845
37206,3.385111
37207,-3.24679
37208,8.456211
37209,-5.091017
37210,16.05217
37211,27.50796
37212,26.75757
37213,27.3791
37214,27.13782
37215,29.88544
37216,26.18538
37217,26.55905
37218,27.50724
37219,26.55728
37220,27.08607
37221,29.87969
37222,26.68591
37223,27.36147
37224,28.12585
37225,26.28651
37226,0.7391193
37227,10.29945
37228,12.74343
37229,68.59194
37230,4.498216
37231,31.13744
37232,9.678267
37233,26.52234
37234,26.29533
37235,26.47948
37236,26.52845
37237,26.29421
37238,26.35994
37239,26.48305
37240,26.36245
37241,26.97438
37242,25.72269
37243,25.88782
37244,0.1321916
37245,27.15523
37246,25.72224
37247,25.73638
37248,27.38418
37249,26.74325
37250,27.19954
37251,27.19296
37252,25.40456
37253,26.77439
37254,24.83023
37255,24.83277
37256,25.59019
37257,25.46162
37258,25.18834
37259,25.03552
37260,25.45024
37261,25.83336
37262,25.44969
37263,25.38047
37264,25.24268
37265,25.89318
37266,25.20602
37267,25.20233
37268,4.671355
37269,-1.289965
37270,23.07179
37271,20.92616
37272,16.32473
37273,8.775489
37274,13.64406
37275,5.721321
37276,0.2077172
37277,28.91002
37278,28.03955
37279,28.33292
37280,27.40469
37281,27.34093
37282,29.63796
37283,28.91323
37284,27.239
37285,28.62378
37286,64.66184
37287,77.17927
37288,30.80643
37289,38.72186
37290,73.30296
37291,78.67487
37292,30.68476
37293,41.39181
37294,79.04411
37295,14.74681
37296,23.62205
37297,26.21536
37298,26.32552
37299,26.09777
37300,25.81903
37301,26.51971
37302,26.31801
37303,27.99947
37304,25.97465
37305,27.99764
37306,26.01357
37307,26.0373
37308,24.03605
37309,26.56972
37310,26.58929
37311,25.59777
37312,25.59845
37313,25.92693
37314,25.25156
37315,25.25385
37316,25.25988
37317,0.891995
37318,5.900583
37319,0.9074435
37320,1.014447
37321,28.25468
37322,26.50371
37323,26.53439
37324,25.90534
37325,25.91742
37326,26.3092
37327,25.07881
37328,26.48251
37329,27.1191
37330,27.06903
37331,26.46751
37332,34.17934
37333,30.21918
37334,28.27486
37335,28.28578
37336,30.21397
37337,34.19596
37338,29.7814
37339,29.78036
37340,25.19106
37341,25.45741
37342,25.89867
37343,25.61497
37344,25.45782
37345,25.57386
37346,2.511445
37347,9.606822
37348,1.197235
37349,3.155733
37350,5.795724
37351,-6.085215
37352,6.045429
37353,1.823945
37354,28.1951
37355,26.31746
37356,26.06997
37357,26.31666
37358,26.57825
37359,26.10958
37360,27.67122
37361,24.72347
37362,33.44741
37363,24.72632
37364,33.52596
37365,32.7914
37366,32.75829
37367,35.23967
37368,28.89804
37369,28.88678
37370,32.33321
37371,37.02722
37372,33.97918
37373,37.01812
37374,26.3219
37375,26.30733
37376,25.52842
37377,26.05859
37378,24.37755
37379,25.48051
37380,25.80991
37381,26.04306
37382,25.48046
37383,25.35474
37384,25.35473
37385,0.9266152
37386,0.1131131
37387,21.90069
37388,0.03188874
37389,10.43038
37390,10.43038
37391,1.598902
37392,2.52333
37393,4.578458
37394,18.41817
37395,0.9708031
37396,-4.94478
37397,26.1974
37398,26.80074
37399,26.99038
37400,26.73679
37401,26.94874
37402,26.33854
37403,29.6581
37404,19.2515
37405,23.96598
37406,23.02374
37407,23.02251
37408,24.58386
37409,17.71599
37410,32.82427
37411,32.80156
37412,31.16478
37413,27.43737
37414,30.1138
37415,27.90857
37416,26.14685
37417,26.15566
37418,25.6487
37419,25.87197
37420,26.6051
37421,25.66638
37422,26.02156
37423,26.47892
37424,26.10236
37425,26.05176
37426,26.01926
37427,25.95776
37428,25.96627
37429,25.41785
37430,9.728835
37431,-0.8521879
37432,-2.025393
37433,26.26613
37434,26.58691
37435,26.5607
37436,25.36399
37437,26.14378
37438,25.36169
37439,26.10061
37440,26.25218
37441,1.900709
37442,3.840312
37443,14.47213
37444,2.988246
37445,26.71605
37446,26.68395
37447,29.95758
37448,27.28452
37449,27.04691
37450,26.65085
37451,24.6008
37452,5.849503
37453,24.01127
37454,17.7501
37455,24.96802
37456,24.97871
37457,24.40086
37458,24.36448
37459,28.75982
37460,28.70984
37461,17.31581
37462,26.80882
37463,27.20776
37464,26.61452
37465,27.02856
37466,26.69663
37467,27.32488
37468,27.56735
37469,22.82808
37470,11.85036
37471,45.0275
37472,31.42875
37473,24.79495
37474,18.53387
37475,-8.433717
37476,10.75944
37477,25.02026
37478,24.35562
37479,1E-07
37480,2.198657
37481,15.65641
37482,14.17492
37483,0.3547147
37484,6.626166
37485,26.34956
37486,26.85314
37487,29.38338
37488,28.33288
37489,27.83112
37490,26.44672
37491,17.97502
37492,21.19267
37493,23.15225
37494,22.17158
37495,21.27191
37496,22.23997
37497,-15.5076
37498,15.19069
37499,6.555357
37500,23.84572
37501,8.333314
37502,41.50011
37503,23.94148
37504,25.14215
37505,25.2153
37506,24.72266
37507,24.94134
37508,24.94134
37509,25.00614
37510,-1.296033
37511,-10.31299
37512,3.857409
37513,9.881036
37514,12.00871
37515,11.0882
37516,27.26073
37517,27.63369
37518,26.80844
37519,27.40024
37520,28.69213
37521,26.70416
37522,30.07178
37523,17.67805
37524,23.34147
37525,22.80083
37526,24.7553
37527,19.54372
37528,27.18585
37529,26.47297
37530,9.352804
37531,9.353559
37532,24.53499
37533,47.29712
37534,12.74857
37535,49.75857
37536,25.07999
37537,25.02456
37538,25.06052
37539,25.10781
37540,25.11111
37541,25.02957
37542,24.97157
37543,25.08151
37544,11.80931
37545,11.79979
37546,25.42665
37547,1.543777
37548,1.811779
37549,13.22672
37550,2.780066
37551,0.2920328
37552,0.01707237
37553,1.305421
37554,29.29219
37555,27.70993
37556,28.26585
37557,27.52617
37558,27.30602
37559,15.44129
37560,15.66581
37561,18.27679
37562,18.18637
37563,14.7308
37564,5.741007
37565,13.48302
37566,13.58292
37567,7.497579
37568,5.769
37569,25.13257
37570,25.23056
37571,25.10221
37572,25.03713
37573,25.13288
37574,25.10162
37575,25.03554
37576,25.7182
37577,25.7311
37578,25.39722
37579,25.5314
37580,23.52505
37581,29.71248
37582,26.70612
37583,26.70518
37584,22.59143
37585,19.97878
37586,26.60785
37587,24.63867
37588,1.680505
37589,21.21742
37590,12.65411
37591,25.25445
37592,25.17631
37593,25.17421
37594,25.25333
37595,25.17698
37596,-4.655921
37597,1.887184
37598,28.53169
37599,28.9251
37600,27.76015
37601,27.55299
37602,27.15555
37603,26.66178
37604,32.6827
37605,27.8779
37606,34.48166
37607,34.3905
37608,12.06038
37609,3.837271
37610,5.240157
37611,10.44036
37612,7.235439
37613,19.03443
37614,17.92031
37615,24.61868
37616,25.004
37617,25.13524
37618,25.41866
37619,25.22606
37620,25.10892
37621,25.10597
37622,25.11
37623,26.99421
37624,26.65203
37625,26.52328
37626,26.10871
37627,27.11474
37628,26.19106
37629,26.28818
37630,26.17942
37631,9.532759
37632,7.054559
37633,6.209802
37634,7.338731
37635,12.79448
37636,22.40118
37637,18.60049
37638,-0.09451027
37639,-0.05137729
37640,28.38268
37641,30.36375
37642,32.64201
37643,27.95478
37644,27.07393
37645,28.62795
37646,24.92435
37647,26.05406
37648,17.8765
37649,20.68134
37650,16.45657
37651,2.307372
37652,18.41395
37653,24.9568
37654,25.05454
37655,25.4386
37656,25.42689
37657,25.05363
37658,25.32806
37659,0.9739871
37660,14.8089
37661,14.80766
37662,22.85404
37663,16.5864
37664,6.367854
37665,6.037476
37666,3.897962
37667,26.66879
37668,26.63708
37669,28.14382
37670,27.84151
37671,32.30047
37672,30.18945
37673,26.02352
37674,15.99786
37675,23.50057
37676,12.99725
37677,12.91296
37678,22.3624
37679,26.07413
37680,13.02167
37681,25.37699
37682,25.29675
37683,24.72749
37684,25.35775
37685,25.20812
37686,25.14723
37687,25.17471
37688,-13.79322
37689,21.41676
37690,-9.669017
37691,11.94027
37692,2.773298
37693,27.10911
37694,27.33537
37695,27.34172
37696,26.07574
37697,29.61036
37698,30.52406
37699,32.13343
37700,28.08071
37701,28.51547
37702,25.0518
37703,20.41839
37704,15.86282
37705,18.55883
37706,19.7025
37707,7.987056
37708,-0.2064815
37709,25.3555
37710,25.24747
37711,25.10893
37712,25.03288
37713,25.24732
37714,13.91781
37715,-0.4084465
37716,-15.42645
37717,4.605402
37718,23.41337
37719,23.41295
37720,24.83025
37721,25.07882
37722,22.04796
37723,16.3581
37724,16.38045
37725,6.736232
37726,-9.37991
37727,5.25034
37728,-1.981193
37729,3.250978
37730,3.141421
37731,26.07452
37732,33.71427
37733,39.2484
37734,25.38754
37735,39.26635
37736,36.12517
37737,30.43669
37738,20.92211
37739,23.76856
37740,56.58961
37741,37.26855
37742,24.94701
37743,44.27264
37744,31.48204
37745,35.31481
37746,12.4052
37747,0.0113054
37748,25.42302
37749,25.24576
37750,25.22579
37751,25.29696
37752,25.23426
37753,25.29977
37754,25.42326
37755,28.26077
37756,1.274016
37757,9.18464
37758,8.570953
37759,4.530274
37760,4.53007
37761,0.01939381
37762,7.392384
37763,23.81735
37764,24.98672
37765,23.00983
37766,25.67147
37767,25.55015
37768,25.53773
37769,25.53098
37770,25.55413
37771,25.5266
37772,28.53727
37773,1.82778
37774,28.92362
37775,-6.39173
37776,25.31886
37777,75.43172
37778,62.81895
37779,40.56102
37780,21.26167
37781,5.210187
37782,41.02388
37783,30.74476
37784,35.22503
37785,26.71747
37786,6.365567
37787,17.06724
37788,9.454575
37789,14.80088
37790,14.64042
37791,1.006996
37792,25.43391
37793,25.43349
37794,25.39295
37795,25.76011
37796,25.5517
37797,25.2588
37798,25.10646
37799,25.5192
37800,3.949966
37801,11.87075
37802,11.87485
37803,24.10195
37804,0.05123727
37805,-0.5085397
37806,20.41099
37807,25.16154
37808,21.9327
37809,25.11318
37810,25.12109
37811,25.29372
37812,25.03271
37813,22.7892
37814,25.20001
37815,22.83435
37816,3.22842
37817,40.88105
37818,22.59473
37819,33.91783
37820,35.9025
37821,42.52086
37822,46.65402
37823,40.89175
37824,17.90463
37825,26.80641
37826,34.45789
37827,33.82654
37828,24.09113
37829,34.45572
37830,16.51005
37831,2.469349
37832,1E-07
37833,25.94221
37834,25.56557
37835,25.8663
37836,25.51951
37837,25.71636
37838,25.98512
37839,25.98278
37840,25.81928
37841,25.70399
37842,25.23407
37843,1.25732
37844,1.732911
37845,-1.05567
37846,2.111397
37847,2.576169
37848,25.1213
37849,25.03862
37850,25.10927
37851,25.17863
37852,25.10243
37853,25.11494
37854,25.18359
37855,25.17596
37856,-5.713964
37857,8.542199
37858,-8.358052
37859,41.09649
37860,36.88665
37861,38.46504
37862,45.44931
37863,40.03005
37864,27.13385
37865,35.96632
37866,45.89081
37867,35.39755
37868,22.59041
37869,25.06149
37870,29.3201
37871,21.45852
37872,20.37058
37873,44.99284
37874,44.98976
37875,4.40848
37876,5.645366
37877,5.350093
37878,10.06307
37879,25.8036
37880,24.77203
37881,24.82845
37882,25.60687
37883,25.60855
37884,8.299833
37885,-0.8939891
37886,-1.000104
37887,25.20618
37888,24.42534
37889,25.2591
37890,25.11094
37891,25.09605
37892,25.34126
37893,25.1878
37894,25.05604
37895,25.13235
37896,-1.729121
37897,29.46463
37898,28.89746
37899,29.31071
37900,27.94457
37901,32.71379
37902,49.42274
37903,54.21024
37904,52.49555
37905,52.48834
37906,46.90921
37907,46.9085
37908,-3.674094
37909,3.76769
37910,-0.2827491
37911,17.74404
37912,-0.05792877
37913,20.01603
37914,37.02681
37915,20.44117
37916,24.5061
37917,25.31347
37918,24.20889
37919,8.306692
37920,1.750272
37921,9.311718
37922,-2.522662
37923,18.0564
37924,4.908154
37925,0.05878544
37926,25.22792
37927,25.12444
37928,25.13784
37929,24.97665
37930,24.94829
37931,25.19477
37932,24.97709
37933,25.18891
37934,-0.1949903
37935,26.47372
37936,34.15102
37937,21.5649
37938,25.56307
37939,31.74537
37940,27.44819
37941,22.45168
37942,22.47201
37943,69.63033
37944,60.10349
37945,13.8226
37946,85.63857
37947,49.18979
37948,5.507651
37949,73.23182
37950,43.74149
37951,5.854438
37952,43.45515
37953,67.36161
37954,7.690881
37955,11.70897
37956,25.40187
37957,25.44143
37958,25.45133
37959,25.39064
37960,25.39926
37961,25.75047
37962,10.9679
37963,-5.607411
37964,0.7430295
37965,25.466
37966,28.25001
37967,32.19824
37968,30.32081
37969,23.62143
37970,19.83501
37971,52.74586
37972,52.75147
37973,38.24668
37974,-10.40832
37975,-12.77575
37976,9.882006
37977,-18.75
37978,0.4240772
37979,25.51792
37980,25.04718
37981,25.10185
37982,25.3104
37983,25.11202
37984,25.2219
37985,24.59902
37986,25.1639
37987,25.08568
37988,25.24052
37989,7.721068
37990,13.62038
37991,5.04758
37992,13.64492
37993,5.958848
37994,175.1147
37995,175.1222
37996,191.726
37997,191.6742
37998,129.2842
37999,150.187
38000,150.0947
38001,129.2947
38002,129.0379
38003,120.2591
38004,-38.72176
38005,120.0014
38006,136.2709
38007,136.4029
38008,131.5722
38009,47.18316
38010,36.28127
38011,54.15913
38012,40.15381
38013,69.51053
38014,21.60729
38015,20.63906
38016,23.68345
38017,27.0766
38018,26.13965
38019,25.05529
38020,25.371
38021,-15.15735
38022,-1.562009
38023,-22.26581
38024,-11.81127
38025,6.533144
38026,-0.04509138
38027,25.28617
38028,25.73658
38029,25.20338
38030,25.37601
38031,25.42095
38032,25.59064
38033,24.45433
38034,25.28419
38035,8.52771
38036,21.35006
38037,16.26827
38038,13.39077
38039,26.42798
38040,26.45805
38041,26.82878
38042,26.09163
38043,26.9454
38044,26.01467
38045,25.40597
38046,23.3148
38047,10.24578
38048,23.30963
38049,15.72179
38050,10.24289
38051,2.946238
38052,11.51019
38053,2.956638
38054,25.23202
38055,25.29108
38056,25.18051
38057,25.29937
38058,25.12396
38059,25.28134
38060,24.83405
38061,25.64959
38062,25.648
38063,-5.504218
38064,14.83958
38065,15.99081
38066,14.8338
38067,17.12937
38068,17.13466
38069,0.439812
38070,24.3816
38071,24.38165
38072,25.04084
38073,24.78038
38074,24.75523
38075,24.07137
38076,-2.514493
38077,25.75525
38078,26.376
38079,26.58861
38080,26.21861
38081,25.23394
38082,26.30406
38083,26.26214
38084,25.0657
38085,25.0606
38086,15.62938
38087,15.63336
38088,22.22346
38089,22.22775
38090,23.95576
38091,11.77789
38092,23.95871
38093,23.19718
38094,22.13052
38095,17.15108
38096,2.319056
38097,26.01463
38098,26.52036
38099,25.47729
38100,25.33389
38101,25.62307
38102,25.60921
38103,25.33794
38104,25.86851
38105,17.23635
38106,24.19108
38107,-6.62972
38108,20.85417
38109,20.85433
38110,24.15994
38111,5.201396
38112,25.06985
38113,25.15586
38114,24.78325
38115,24.92
38116,25.09346
38117,23.49104
38118,25.15784
38119,24.5618
38120,1E-07
38121,25.16082
38122,25.42016
38123,25.93776
38124,26.61822
38125,26.04745
38126,25.16126
38127,26.0535
38128,26.81806
38129,24.9944
38130,34.71556
38131,34.71744
38132,34.45853
38133,33.47339
38134,36.43768
38135,39.29124
38136,31.25704
38137,30.19319
38138,34.47273
38139,35.24105
38140,31.94293
38141,8.107768
38142,6.947537
38143,24.9072
38144,25.2137
38145,25.21929
38146,25.26077
38147,25.25962
38148,25.21347
38149,25.21857
38150,12.90569
38151,12.82087
38152,26.02131
38153,26.54211
38154,24.57736
38155,25.95447
38156,25.67205
38157,25.86632
38158,25.65469
38159,25.86743
38160,26.17416
38161,23.9251
38162,32.50136
38163,8.701706
38164,16.23494
38165,3.25449
38166,25.03927
38167,25.13104
38168,25.0468
38169,25.16905
38170,25.13515
38171,1E-07
38172,-0.445951
38173,25.69822
38174,26.71924
38175,29.06553
38176,26.67141
38177,27.6749
38178,29.08118
38179,26.66986
38180,26.71728
38181,41.83543
38182,33.91511
38183,31.93974
38184,35.40912
38185,38.68956
38186,40.22794
38187,9.385522
38188,28.56591
38189,25.58874
38190,25.18561
38191,25.50641
38192,25.99901
38193,25.82176
38194,21.31257
38195,34.17546
38196,22.69901
38197,28.08871
38198,27.36729
38199,22.36238
38200,28.26253
38201,27.27346
38202,22.70033
38203,16.70604
38204,0.07013126
38205,25.20352
38206,25.27787
38207,24.89119
38208,25.20837
38209,25.0812
38210,25.22216
38211,25.08203
38212,25.08433
38213,25.30031
38214,0.5244992
38215,-0.3730278
38216,26.0715
38217,25.55146
38218,25.73147
38219,25.75884
38220,25.51469
38221,25.42909
38222,25.73127
38223,25.14251
38224,25.73176
38225,25.39036
38226,25.54726
38227,11.78668
38228,17.99137
38229,27.55911
38230,29.55518
38231,28.75687
38232,31.96731
38233,1.652237
38234,25.11301
38235,25.35495
38236,25.18725
38237,25.25851
38238,24.88171
38239,25.22131
38240,25.1422
38241,25.15558
38242,11.6801
38243,1.546192
38244,11.67886
38245,1.253203
38246,25.02713
38247,25.03459
38248,25.47324
38249,25.87574
38250,25.51509
38251,26.3591
38252,25.09916
38253,25.28915
38254,26.0894
38255,25.57159
38256,23.31229
38257,22.07195
38258,26.03971
38259,29.49022
38260,28.44799
38261,28.07331
38262,26.03971
38263,24.79603
38264,28.72422
38265,1.155431
38266,25.306
38267,23.76877
38268,25.61819
38269,25.17716
38270,25.12879
38271,25.54215
38272,25.61882
38273,25.24811
38274,25.01543
38275,4.585458
38276,3.053748
38277,-12.38914
38278,12.31988
38279,1.655112
38280,12.32157
38281,26.06724
38282,26.08943
38283,6.069436
38284,25.47942
38285,25.72688
38286,26.3409
38287,26.34156
38288,25.52043
38289,25.79675
38290,25.97627
38291,25.52427
38292,26.55922
38293,25.9802
38294,32.4183
38295,30.02765
38296,31.65606
38297,30.41794
38298,25.20448
38299,30.48606
38300,31.26596
38301,30.74492
38302,29.97917
38303,31.15443
38304,23.66942
38305,31.15901
38306,25.66303
38307,27.6767
38308,3.020581
38309,21.5754
38310,24.93378
38311,24.92865
38312,21.57605
38313,25.20358
38314,25.24424
38315,25.41153
38316,25.24895
38317,25.19022
38318,25.25007
38319,25.39326
38320,25.28678
38321,25.07232
38322,25.19028
38323,6.138888
38324,1.89204
38325,17.2481
38326,1.90237
38327,17.24902
38328,27.38122
38329,26.29431
38330,27.18706
38331,26.64875
38332,27.02011
38333,26.71739
38334,26.28994
38335,27.18839
38336,27.2789
38337,32.01222
38338,31.65988
38339,40.17871
38340,42.19982
38341,42.52573
38342,40.62897
38343,24.67308
38344,35.23366
38345,-4.50204
38346,4.718867
38347,-0.4034437
38348,4.685206
38349,25.02875
38350,25.50976
38351,25.27515
38352,25.86962
38353,25.40997
38354,25.58275
38355,25.33101
38356,25.37176
38357,25.43833
38358,15.69188
38359,14.83028
38360,1.251925
38361,1.871516
38362,21.77625
38363,21.69855
38364,-0.6392524
38365,33.91547
38366,77.09728
38367,39.52228
38368,51.48092
38369,33.71463
38370,33.72078
38371,51.48328
38372,38.56944
38373,25.43811
38374,25.57637
38375,22.91655
38376,25.57041
38377,25.91906
38378,24.94746
38379,25.18651
38380,24.23682
38381,22.57447
38382,25.40696
38383,26.16846
38384,3.622547
38385,21.19928
38386,15.8442
38387,17.93236
38388,25.23203
38389,24.69274
38390,25.02172
38391,25.02592
38392,25.10126
38393,25.10091
38394,25.38348
38395,25.60412
38396,25.61767
38397,1.976013
38398,8.118403
38399,25.41402
38400,26.68838
38401,75.15594
38402,39.48875
38403,62.54769
38404,39.49096
38405,62.56823
38406,75.34972
38407,32.84826
38408,25.32916
38409,25.07119
38410,25.46138
38411,25.3218
38412,25.86587
38413,25.33322
38414,25.50927
38415,25.32366
38416,25.82528
38417,25.24801
38418,26.03521
38419,24.68905
38420,24.67918
38421,24.64394
38422,19.12506
38423,13.94388
38424,12.86944
38425,0.05943383
38426,2.370609
38427,24.93829
38428,24.42182
38429,20.41412
38430,25.04057
38431,25.1273
38432,25.1475
38433,25.11811
38434,20.41444
38435,0.3352216
38436,25.06722
38437,25.19934
38438,25.19794
38439,25.17968
38440,25.06703
38441,0.3663499
38442,18.48946
38443,20.98471
38444,73.44611
38445,72.96305
38446,73.52754
38447,24.6274
38448,15.89654
38449,26.06595
38450,22.68983
38451,24.58902
38452,28.1473
38453,24.58249
38454,28.17245
38455,22.6921
38456,26.01733
38457,25.07638
38458,25.30046
38459,25.36144
38460,25.6925
38461,25.36052
38462,25.69435
38463,25.42905
38464,25.70222
38465,25.27337
38466,16.6786
38467,16.75
38468,19.78599
38469,15.66229
38470,21.07803
38471,21.07374
38472,5.703637
38473,25.14407
38474,25.09599
38475,25.15324
38476,25.02586
38477,25.17127
38478,25.26854
38479,25.07813
38480,25.15266
38481,25.01621
38482,26.40899
38483,26.41496
38484,26.59418
38485,24.407
38486,25.86609
38487,24.41431
38488,25.40905
38489,26.59128
38490,18.92127
38491,18.92023
38492,26.9185
38493,25.6834
38494,25.6965
38495,10.1209
38496,8.652792
38497,35.37996
38498,42.65966
38499,38.6281
38500,38.15249
38501,19.90985
38502,25.36227
38503,25.34761
38504,26.15761
38505,25.42171
38506,25.18689
38507,26.17066
38508,25.35785
38509,25.36575
38510,26.08147
38511,26.12974
38512,26.28743
38513,27.60775
38514,26.64275
38515,27.60711
38516,26.21726
38517,26.7001
38518,31.70052
38519,34.48583
38520,34.30291
38521,34.29741
38522,34.41866
38523,31.69745
38524,23.77312
38525,23.77454
38526,38.02415
38527,-2.745361
38528,22.52976
38529,14.64714
38530,25.23404
38531,25.27829
38532,25.28038
38533,25.12984
38534,25.25663
38535,25.19591
38536,25.03377
38537,25.12975
38538,1.874049
38539,25.29598
38540,24.56899
38541,25.67657
38542,26.45733
38543,26.45092
38544,25.73018
38545,24.99628
38546,24.99556
38547,-2.319906
38548,14.50841
38549,8.586282
38550,8.483358
38551,86.4661
38552,32.53815
38553,86.495
38554,32.54203
38555,-2.14396
38556,-0.00316181
38557,25.50467
38558,25.09636
38559,25.08088
38560,25.50291
38561,-6.198142
38562,9.910748
38563,9.910108
38564,-2.955365
38565,25.04244
38566,25.09624
38567,24.99482
38568,25.03051
38569,25.28233
38570,25.5556
38571,25.2248
38572,26.83777
38573,26.52329
38574,25.65013
38575,27.17879
38576,25.83674
38577,26.14476
38578,25.74332
38579,26.52622
38580,23.35543
38581,-1.52496
38582,23.80293
38583,5.713189
38584,30.80914
38585,-0.6902578
38586,4.691073
38587,-6.551329
38588,1.02395
38589,25.25032
38590,25.19054
38591,25.79154
38592,25.82527
38593,25.38256
38594,25.38151
38595,25.25511
38596,-1.436284
38597,6.595681
38598,19.10608
38599,1.195376
38600,19.123
38601,34.16013
38602,34.13238
38603,25.02902
38604,25.13112
38605,25.24088
38606,25.13021
38607,25.12032
38608,25.22307
38609,24.97865
38610,25.02959
38611,0.6837564
38612,27.12096
38613,27.79487
38614,28.27157
38615,25.72818
38616,26.06452
38617,26.1828
38618,26.79032
38619,25.82269
38620,25.82495
38621,25.73735
38622,25.95802
38623,25.95906
38624,-1.862368
38625,29.64487
38626,8.268641
38627,-1.739403
38628,-4.315545
38629,13.95226
38630,25.67204
38631,25.86633
38632,25.30823
38633,25.45349
38634,25.58053
38635,25.52782
38636,0.457046
38637,4.301992
38638,4.714711
38639,16.32833
38640,25.18234
38641,25.37216
38642,24.99449
38643,25.373
38644,24.98936
38645,25.32268
38646,24.96367
38647,25.18484
38648,25.3542
38649,24.99144
38650,0.06196962
38651,26.22759
38652,26.22752
38653,26.87334
38654,26.69309
38655,25.71297
38656,26.87209
38657,26.52675
38658,24.74496
38659,27.39427
38660,27.89664
38661,26.37114
38662,26.37554
38663,26.70946
38664,-4.210276
38665,-3.369677
38666,1.188186
38667,3.98979
38668,10.11856
38669,26.00284
38670,25.57433
38671,25.63604
38672,25.23512
38673,25.43152
38674,25.71965
38675,18.78886
38676,16.02556
38677,25.07181
38678,22.85398
38679,26.06789
38680,25.63449
38681,26.05416
38682,25.57533
38683,25.56756
38684,25.56481
38685,25.6422
38686,-0.00425751
38687,27.24654
38688,27.22766
38689,27.00284
38690,26.13986
38691,27.28907
38692,26.89461
38693,28.14336
38694,27.20652
38695,27.02665
38696,26.68059
38697,-7.517917
38698,1.128702
38699,25.82171
38700,25.64106
38701,25.62259
38702,25.80591
38703,25.43917
38704,25.83652
38705,19.38033
38706,19.38247
38707,-0.1577833
38708,-1.215526
38709,39.31425
38710,20.07159
38711,3.61817
38712,17.66804
38713,2.555068
38714,27.03335
38715,15.76454
38716,27.37423
38717,25.60233
38718,25.58027
38719,26.8618
38720,27.52225
38721,27.52356
38722,26.8664
38723,27.39599
38724,26.9205
38725,27.01546
38726,26.92069
38727,4.558215
38728,7.56971
38729,7.464873
38730,7.847347
38731,19.44344
38732,22.57332
38733,21.52738
38734,24.50371
38735,24.49112
38736,21.52934
38737,25.51055
38738,25.78881
38739,25.79294
38740,25.68111
38741,25.56033
38742,25.54578
38743,25.86271
38744,25.60407
38745,25.30304
38746,25.20288
38747,25.21167
38748,25.90456
38749,25.31408
38750,25.61042
38751,4.241804
38752,69.06358
38753,17.90629
38754,32.10733
38755,14.12523
38756,20.25982
38757,55.61983
38758,19.37272
38759,32.34476
38760,30.95465
38761,8.217929
38762,-0.1771993
38763,26.90158
38764,27.07853
38765,27.35001
38766,26.75975
38767,26.50422
38768,27.36031
38769,26.97127
38770,26.71161
38771,26.92278
38772,26.7102
38773,26.81208
38774,8.498499
38775,-1.283464
38776,13.46652
38777,17.97041
38778,25.0356
38779,25.03615
38780,18.10089
38781,25.18299
38782,25.06368
38783,26.0307
38784,25.86438
38785,25.60247
38786,25.75328
38787,25.80699
38788,25.78702
38789,25.79505
38790,26.00161
38791,25.81253
38792,25.79626
38793,13.69316
38794,13.70077
38795,25.19724
38796,25.0352
38797,25.27904
38798,25.19663
38799,4.374091
38800,1.13846
38801,58.3722
38802,61.02818
38803,43.86244
38804,56.51221
38805,19.88494
38806,31.77555
38807,-14.36351
38808,-2.289346
38809,-1.28085
38810,20.27103
38811,32.06222
38812,29.50706
38813,21.77199
38814,27.09529
38815,26.44157
38816,27.31288
38817,27.93686
38818,28.73613
38819,26.30825
38820,25.99704
38821,25.99299
38822,27.43853
38823,27.72835
38824,28.61992
38825,26.28058
38826,26.28077
38827,5.210331
38828,-0.1769397
38829,25.10861
38830,25.20576
38831,25.11421
38832,24.99732
38833,25.03738
38834,25.07036
38835,25.20621
38836,24.9892
38837,19.53972
38838,25.06988
38839,25.84743
38840,26.05398
38841,25.53642
38842,25.87676
38843,25.87981
38844,25.89293
38845,26.90274
38846,26.06049
38847,25.969
38848,26.06064
38849,26.63637
38850,25.96962
38851,26.89587
38852,25.42327
38853,24.97038
38854,25.72762
38855,25.71251
38856,25.73927
38857,25.31928
38858,-0.7269973
38859,12.72627
38860,24.35283
38861,45.05181
38862,15.22073
38863,0.0431167
38864,60.74574
38865,58.92585
38866,29.08644
38867,27.6936
38868,26.99879
38869,27.05948
38870,26.63354
38871,26.83357
38872,26.29588
38873,29.51045
38874,27.51362
38875,26.24524
38876,27.3684
38877,27.17306
38878,28.03801
38879,-5.548841
38880,9.347906
38881,21.15825
38882,0.8724144
38883,29.57372
38884,25.47916
38885,25.47855
38886,25.29154
38887,25.60681
38888,25.8406
38889,26.18484
38890,25.9759
38891,25.94025
38892,26.0609
38893,25.86923
38894,25.75416
38895,28.11473
38896,26.7713
38897,27.69261
38898,26.7804
38899,25.98064
38900,25.98172
38901,26.77714
38902,14.20712
38903,14.20337
38904,25.47512
38905,25.53413
38906,25.54136
38907,25.1107
38908,25.53782
38909,24.28033
38910,25.11945
38911,25.42466
38912,25.41942
38913,-5.08851
38914,127.7797
38915,93.49849
38916,18.13542
38917,117.3198
38918,39.17285
38919,0.9598867
38920,36.53942
38921,28.12458
38922,27.52475
38923,33.95063
38924,44.11328
38925,29.04933
38926,27.42544
38927,27.21298
38928,28.68113
38929,29.7613
38930,27.21514
38931,28.6832
38932,27.42492
38933,29.047
38934,9.661885
38935,19.24636
38936,40.88007
38937,14.07043
38938,0.00725807
38939,54.30548
38940,20.88139
38941,19.02592
38942,18.93028
38943,31.73542
38944,45.35697
38945,-3.466335
38946,26.13386
38947,26.14499
38948,26.17856
38949,26.27099
38950,26.04653
38951,25.99249
38952,26.25816
38953,26.81021
38954,25.75935
38955,27.80856
38956,27.83172
38957,26.69587
38958,25.52086
38959,25.36254
38960,25.49776
38961,25.49777
38962,25.83893
38963,25.21414
38964,25.21326
38965,25.55541
38966,25.3537
38967,25.34986
38968,25.27322
38969,-0.4230676
38970,3.512058
38971,9.284832
38972,0.08637862
38973,12.06508
38974,8.172172
38975,1.25284
38976,23.22332
38977,9.083477
38978,2.514524
38979,26.80543
38980,26.43252
38981,26.4904
38982,26.48044
38983,26.10885
38984,26.59611
38985,26.4588
38986,25.37622
38987,25.41761
38988,26.88565
38989,25.98741
38990,26.4016
38991,26.40144
38992,27.2973
38993,27.2428
38994,16.34415
38995,22.42544
38996,26.71346
38997,22.44135
38998,27.91433
38999,16.29638
39000,27.9234
39001,26.71016
39002,25.55405
39003,25.48133
39004,25.33536
39005,25.77194
39006,25.99679
39007,25.37693
39008,25.26005
39009,-1.989772
39010,3.188113
39011,-0.6601653
39012,-0.2780521
39013,3.339533
39014,8.29518
39015,31.57393
39016,12.52112
39017,26.71974
39018,26.49166
39019,26.66574
39020,26.95788
39021,26.609
39022,26.57135
39023,23.92415
39024,23.81125
39025,19.52155
39026,18.938
39027,23.12298
39028,31.74958
39029,21.9643
39030,23.9068
39031,27.05723
39032,27.02964
39033,36.27385
39034,36.26629
39035,27.98517
39036,38.04711
39037,27.77235
39038,27.76713
39039,27.98369
39040,25.35641
39041,25.35268
39042,25.73372
39043,25.4662
39044,25.48367
39045,25.6531
39046,25.72245
39047,25.98319
39048,25.17721
39049,25.84429
39050,25.48524
39051,11.62042
39052,9.614528
39053,-0.2379209
39054,-2.786612
39055,-3.619396
39056,-3.426785
39057,24.19271
39058,10.23097
39059,24.4586
39060,29.9182
39061,12.48673
39062,26.96931
39063,26.51607
39064,26.80479
39065,27.09425
39066,26.95313
39067,27.24131
39068,23.92527
39069,23.9287
39070,18.71097
39071,22.65889
39072,25.26038
39073,25.26766
39074,23.53547
39075,18.89015
39076,31.00027
39077,31.00072
39078,29.53318
39079,-8.85569
39080,30.51972
39081,22.35235
39082,25.60576
39083,25.84451
39084,26.40284
39085,26.07885
39086,26.0099
39087,26.01923
39088,25.61557
39089,25.4701
39090,25.46748
39091,25.94366
39092,26.40096
39093,2.025345
39094,24.14738
39095,8.495485
39096,25.33806
39097,25.28488
39098,24.69474
39099,25.33971
39100,54.38899
39101,28.88941
39102,48.299
39103,29.56691
39104,22.61892
39105,0.28304
39106,27.19692
39107,27.20546
39108,26.95116
39109,27.2763
39110,27.40846
39111,27.37349
39112,27.18129
39113,23.66583
39114,20.25335
39115,-8.650237
39116,12.58314
39117,19.49308
39118,19.49166
39119,12.44801
39120,18.82628
39121,17.87698
39122,17.20745
39123,26.9062
39124,26.90695
39125,26.97417
39126,27.45657
39127,27.40523
39128,32.38946
39129,38.69905
39130,38.64119
39131,77.39266
39132,55.49067
39133,44.95662
39134,62.78567
39135,50.90285
39136,75.80791
39137,75.92317
39138,74.88833
39139,79.09219
39140,55.49612
39141,0.9345348
39142,-1.421888
39143,4.089679
39144,1.860294
39145,-3.210683
39146,27.01669
39147,26.89933
39148,27.27619
39149,27.50746
39150,27.74136
39151,14.9532
39152,10.93202
39153,17.04258
39154,20.8722
39155,22.34546
39156,15.79414
39157,15.29085
39158,15.56151
39159,17.65269
39160,23.28288
39161,0.01009208
39162,-4.208308
39163,13.14143
39164,3.927164
39165,4.824406
39166,4.237317
39167,4.688721
39168,27.46662
39169,27.69924
39170,27.51033
39171,27.24436
39172,27.68632
39173,27.38293
39174,27.08111
39175,21.63371
39176,19.93325
39177,30.29501
39178,26.31434
39179,30.28069
39180,25.1715
39181,27.02732
39182,19.3769
39183,12.07675
39184,24.21606
39185,25.06296
39186,24.22515
39187,23.9532
39188,23.92097
39189,24.96791
39190,21.38017
39191,3.648262
39192,22.24275
39193,24.69091
39194,27.38503
39195,29.9924
39196,1.777294
39197,9.437803
39198,6.516582
39199,10.86466
39200,0.8947323
39201,28.00413
39202,26.92955
39203,28.37
39204,27.90902
39205,28.11605
39206,27.54414
39207,27.60353
39208,28.30351
39209,27.81491
39210,51.24738
39211,51.24585
39212,23.76261
39213,16.31067
39214,30.35593
39215,20.97082
39216,35.5887
39217,7.125341
39218,10.39117
39219,18.4842
39220,25.16024
39221,24.93814
39222,25.14374
39223,25.13844
39224,25.0673
39225,25.05778
39226,25.11352
39227,27.3266
39228,25.7655
39229,25.76336
39230,10.83986
39231,9.914899
39232,1.463467
39233,0.3928646
39234,20.50862
39235,40.3455
39236,36.76174
39237,25.08076
39238,25.09014
39239,25.17738
39240,25.17987
39241,24.31724
39242,-27.68733
39243,8.382166
39244,27.25747
39245,27.93408
39246,27.43093
39247,27.53339
39248,28.76575
39249,11.74122
39250,39.47713
39251,31.55919
39252,22.47909
39253,42.43159
39254,1.586475
39255,0.379705
39256,25.0225
39257,25.02253
39258,25.06696
39259,25.06726
39260,25.01406
39261,24.08974
39262,25.04548
39263,25.03679
39264,25.14232
39265,25.15453
39266,7.381619
39267,13.88261
39268,12.3613
39269,26.27398
39270,26.45798
39271,27.05542
39272,25.98941
39273,26.22656
39274,27.21296
39275,4.508022
39276,4.63449
39277,0.5973426
39278,76.53283
39279,118.0447
39280,141.5161
39281,29.45231
39282,128.3613
39283,123.5262
39284,118.0339
39285,91.75735
39286,97.74074
39287,128.4303
39288,93.82104
39289,0.6819374
39290,37.802
39291,36.94111
39292,9.894597
39293,28.67064
39294,27.37458
39295,27.75781
39296,27.92196
39297,27.96649
39298,29.17409
39299,28.57511
39300,28.52629
39301,42.5594
39302,61.3279
39303,33.86169
39304,16.79211
39305,38.07186
39306,33.62216
39307,30.83883
39308,21.23742
39309,6.392651
39310,25.17999
39311,25.17993
39312,25.12815
39313,25.09346
39314,25.13144
39315,25.14699
39316,5.506779
39317,1.000603
39318,2.358798
39319,5.41152
39320,4.84093
39321,13.73618
39322,28.85158
39323,28.49965
39324,27.37331
39325,27.0418
39326,27.60777
39327,28.6755
39328,28.08817
39329,22.16934
39330,16.6163
39331,8.145772
39332,21.91964
39333,16.61657
39334,5.931141
39335,6.082118
39336,19.67079
39337,4.172867
39338,10.56659
39339,25.06624
39340,24.87251
39341,25.0046
39342,24.95994
39343,25.37522
39344,25.30683
39345,25.21925
39346,25.28508
39347,25.2201
39348,25.15722
39349,0.09855001
39350,25.64423
39351,0.5848702
39352,20.33618
39353,3.205039
39354,27.48873
39355,27.137
39356,27.84264
39357,27.83595
39358,29.19758
39359,25.98981
39360,20.73364
39361,20.90022
39362,19.26657
39363,28.19914
39364,25.49946
39365,13.66037
39366,19.85438
39367,15.773
39368,18.61351
39369,15.32206
39370,7.992499
39371,-0.2826864
39372,25.11231
39373,25.28617
39374,25.31197
39375,25.19476
39376,25.32104
39377,25.18482
39378,24.92257
39379,25.22992
39380,25.23042
39381,2.274296
39382,1.527199
39383,9.418587
39384,4.202894
39385,8.191511
39386,19.5837
39387,-15.32046
39388,5.885732
39389,25.72879
39390,26.23049
39391,26.47778
39392,14.27742
39393,30.22967
39394,50.1804
39395,19.21124
39396,12.1524
39397,26.46483
39398,17.57541
39399,23.5072
39400,21.56585
39401,19.20324
39402,-0.1438679
39403,-8.131026
39404,-6.313608
39405,25.54434
39406,25.39216
39407,25.60115
39408,25.5438
39409,25.10461
39410,25.32445
39411,25.41754
39412,25.10487
39413,25.14334
39414,-2.973312
39415,-4.545251
39416,15.03304
39417,9.193971
39418,12.28826
39419,26.13278
39420,25.84081
39421,25.12179
39422,25.57295
39423,25.84249
39424,25.57407
39425,-2.440445
39426,17.54721
39427,17.53229
39428,145.3438
39429,175.6777
39430,147.5014
39431,145.3419
39432,171.7494
39433,202.0025
39434,78.76768
39435,173.3783
39436,158.7832
39437,201.276
39438,173.369
39439,144.4326
39440,142.2358
39441,500.161
39442,509.5664
39443,691.8712
39444,695.5411
39445,508.3666
39446,507.3427
39447,511.0856
39448,-1.204198
39449,511.2698
39450,508.4189
39451,508.3928
39452,509.2047
39453,509.3334
39454,101.1259
39455,512.6682
39456,511.6378
39457,508.9129
39458,508.966
39459,509.2764
39460,513.0679
39461,78.28335
39462,512.5752
39463,508.8168
39464,509.1033
39465,509.4623
39466,509.4324
39467,508.9776
39468,509.981
39469,508.4694
39470,506.6446
39471,506.485
39472,516.4484
39473,516.5475
39474,509.2356
39475,516.4861
39476,510.0256
39477,501.1458
39478,516.7084
39479,509.9415
39480,513.5067
39481,519.9812
39482,516.4529
39483,518.0516
39484,516.5458
39485,31.26187
39486,25.59138
39487,35.2173
39488,22.95723
39489,13.2667
39490,26.33509
39491,36.40226
39492,19.50504
39493,18.00508
39494,-4.434463
39495,-0.4856153
39496,25.586
39497,25.37094
39498,25.26794
39499,25.63967
39500,25.58801
39501,25.1693
39502,25.26432
39503,25.37429
39504,25.45521
39505,25.39013
39506,28.76641
39507,15.34451
39508,23.52521
39509,38.60476
39510,0.9565099
39511,1.774999
39512,24.56979
39513,24.56284
39514,25.01459
39515,24.55955
39516,24.56332
39517,25.08311
39518,25.0158
39519,-3.389142
39520,-1.991805
39521,23.51988
39522,5.357702
39523,160.2227
39524,303.1561
39525,134.7515
39526,16.39963
39527,20.1176
39528,21.40069
39529,32.21728
39530,32.37211
39531,32.37578
39532,17.9472
39533,3.40705
39534,29.56908
39535,-10.70454
39536,19.85677
39537,25.79417
39538,26.03436
39539,26.04188
39540,25.90986
39541,25.77626
39542,25.23044
39543,25.52646
39544,25.02565
39545,22.07124
39546,35.12125
39547,3.30117
39548,9.79611
39549,25.09339
39550,25.01302
39551,25.0148
39552,25.12735
39553,24.98266
39554,24.98288
39555,21.46858
39556,25.12558
39557,5.644452
39558,17.1682
39559,-0.6855469
39560,17.48754
39561,36.2838
39562,-8.144051
39563,-6.022755
39564,30.12887
39565,27.29033
39566,33.68588
39567,22.34251
39568,22.30717
39569,43.1159
39570,2.513749
39571,16.96268
39572,-5.853999
39573,14.90341
39574,3.826778
39575,25.58713
39576,28.59883
39577,26.33514
39578,25.94445
39579,26.20993
39580,26.20949
39581,25.44674
39582,27.33439
39583,14.2456
39584,13.90712
39585,3.413661
39586,-0.01157548
39587,1.198707
39588,24.1498
39589,25.25436
39590,24.41101
39591,25.13019
39592,25.18074
39593,24.90958
39594,24.96182
39595,25.05455
39596,35.07236
39597,39.0084
39598,31.94692
39599,31.11401
39600,39.65737
39601,27.96877
39602,31.45309
39603,28.99263
39604,32.00994
39605,30.56817
39606,33.48453
39607,32.64779
39608,5.219777
39609,26.73751
39610,50.42709
39611,36.50658
39612,41.14217
39613,33.45765
39614,19.3581
39615,19.74979
39616,28.98314
39617,25.28195
39618,21.22211
39619,22.57635
39620,21.59512
39621,32.26038
39622,23.71669
39623,23.74269
39624,17.47602
39625,4.595963
39626,-4.476869
39627,-14.64784
39628,6.782791
39629,4.4765
39630,25.38818
39631,25.24721
39632,23.60436
39633,25.16561
39634,25.12354
39635,23.9858
39636,25.23248
39637,25.16524
39638,25.12338
39639,25.24698
39640,24.4937
39641,-5.763966
39642,0.5750194
39643,-1.395649
39644,32.46798
39645,35.47531
39646,30.99232
39647,32.85338
39648,31.00753
39649,31.15509
39650,35.47382
39651,28.35072
39652,31.04685
39653,27.9728
39654,36.79717
39655,33.21634
39656,38.61151
39657,39.61464
39658,30.98765
39659,24.93158
39660,39.63829
39661,27.86881
39662,45.69483
39663,9.376257
39664,20.5361
39665,61.63321
39666,20.68715
39667,25.78434
39668,25.57531
39669,25.08919
39670,25.4587
39671,25.45605
39672,25.48708
39673,5.940358
39674,17.89076
39675,31.07697
39676,17.63227
39677,26.88834
39678,26.24964
39679,61.73936
39680,61.73954
39681,47.29264
39682,25.81436
39683,25.74923
39684,12.64736
39685,29.6036
39686,23.47276
39687,26.99699
39688,17.90816
39689,27.92459
39690,29.60859
39691,-20.3902
39692,-8.411779
39693,-21.39903
39694,0.1292932
39695,25.11589
39696,25.12039
39697,25.2473
39698,25.16762
39699,25.3384
39700,24.6056
39701,25.5647
39702,-10.30921
39703,-14.16835
39704,5.535277
39705,5.535406
39706,4.880511
39707,49.41894
39708,22.17585
39709,22.14289
39710,51.53418
39711,49.45197
39712,30.40282
39713,30.34842
39714,67.53372
39715,84.56244
39716,85.547
39717,70.19077
39718,120.2073
39719,110.0307
39720,111.0556
39721,125.5047
39722,128.3623
39723,24.8569
39724,24.74102
39725,24.73272
39726,24.24931
39727,24.85051
39728,21.7059
39729,21.74723
39730,-0.7614022
39731,-0.7448232
39732,20.80052
39733,0.9139537
39734,25.00535
39735,25.35188
39736,25.04968
39737,25.56926
39738,25.26085
39739,25.25205
39740,25.4622
39741,24.65865
39742,-3.874653
39743,-18.01941
39744,7.624838
39745,5.935842
39746,-8.351236
39747,0.4749058
39748,-0.1760106
39749,1.513857
39750,28.39473
39751,21.86648
39752,24.47276
39753,26.68487
39754,26.16041
39755,25.56731
39756,25.7617
39757,28.66936
39758,-9.010639
39759,14.3111
39760,-16.75074
39761,14.30772
39762,1.534631
39763,9.538849
39764,4.313389
39765,1.089463
39766,33.15583
39767,25.14611
39768,26.06901
39769,26.06859
39770,25.31474
39771,25.8665
39772,25.18376
39773,25.38847
39774,25.21027
39775,23.54395
39776,25.33175
39777,0.9291351
39778,8.442155
39779,3.491537
39780,-2.641738
39781,26.21078
39782,26.18441
39783,26.71085
39784,25.96918
39785,26.45443
39786,26.56516
39787,26.57057
39788,26.45034
39789,14.2769
39790,14.27359
39791,-6.071451
39792,-3.114243
39793,-3.110526
39794,5.365163
39795,20.96597
39796,7.828567
39797,3.552585
39798,25.42749
39799,25.8243
39800,25.21699
39801,25.67605
39802,25.23705
39803,26.29062
39804,25.60107
39805,25.82384
39806,25.23732
39807,1.835208
39808,14.61647
39809,20.88799
39810,11.06362
39811,3.466006
39812,25.11381
39813,25.10889
39814,19.96683
39815,23.44052
39816,16.21629
39817,24.98531
39818,25.11251
39819,23.43609
39820,25.10787
39821,-2.47595
39822,25.45748
39823,26.1758
39824,26.53846
39825,27.27227
39826,26.90194
39827,26.41209
39828,26.86158
39829,25.68239
39830,26.38106
39831,26.65844
39832,26.37334
39833,21.00892
39834,-0.7130635
39835,32.7216
39836,27.56111
39837,18.35277
39838,20.86182
39839,9.937898
39840,26.02106
39841,18.76853
39842,30.70081
39843,23.83134
39844,18.47877
39845,25.15772
39846,25.01381
39847,25.15663
39848,25.27189
39849,25.013
39850,25.28346
39851,-2.340866
39852,-3.004344
39853,25.78835
39854,25.39287
39855,24.69785
39856,26.37368
39857,25.60588
39858,26.24464
39859,16.9275
39860,0.7770216
39861,25.11162
39862,23.99669
39863,25.03366
39864,25.27405
39865,21.29412
39866,24.94033
39867,1.374135
39868,27.8478
39869,27.54151
39870,28.95138
39871,27.53188
39872,27.92444
39873,27.82324
39874,27.06509
39875,37.55867
39876,30.42336
39877,40.09812
39878,33.89108
39879,36.75135
39880,39.56154
39881,16.01151
39882,14.71451
39883,25.72139
39884,37.26085
39885,24.38814
39886,9.120708
39887,25.16055
39888,25.75903
39889,25.75895
39890,26.4829
39891,25.41681
39892,26.36271
39893,25.73105
39894,25.39569
39895,25.30695
39896,25.39474
39897,25.42147
39898,3.282783
39899,11.39136
39900,9.733937
39901,39.27978
39902,-10.56368
39903,-2.221242
39904,7.409964
39905,1.350491
39906,4.035336
39907,25.26648
39908,25.22121
39909,25.09737
39910,25.23589
39911,25.09752
39912,25.16288
39913,25.08915
39914,24.55603
39915,25.28705
39916,0.6245995
39917,25.73651
39918,25.71164
39919,25.34526
39920,25.68846
39921,26.49354
39922,25.69365
39923,25.55835
39924,25.65482
39925,15.82771
39926,2.795841
39927,0.1522779
39928,25.54512
39929,25.28163
39930,25.15612
39931,25.02953
39932,24.73523
39933,24.42066
39934,25.25756
39935,25.37556
39936,25.23598
39937,0.005782788
39938,16.54753
39939,16.88837
39940,-7.33619
39941,16.87516
39942,25.17958
39943,25.33759
39944,25.17694
39945,25.87802
39946,25.96619
39947,15.65725
39948,15.64978
39949,-7.5206
39950,35.86257
39951,23.42946
39952,9.449556
39953,24.43001
39954,24.0446
39955,35.85153
39956,29.81115
39957,9.451737
39958,1.804329
39959,3.376557
39960,25.23779
39961,25.50687
39962,25.49395
39963,24.69561
39964,25.24311
39965,0.2880469
39966,11.11723
39967,11.11816
39968,-0.1335865
39969,26.27326
39970,25.23576
39971,26.44158
39972,25.65464
39973,26.44328
39974,25.56021
39975,26.5123
39976,25.76428
39977,25.56025
39978,25.8815
39979,11.81197
39980,9.581426
39981,14.99635
39982,14.42095
39983,21.69124
39984,13.18532
39985,14.4139
39986,21.34585
39987,2.555503
39988,7.684608
39989,25.33676
39990,25.2147
39991,25.20132
39992,24.68058
39993,25.26764
39994,25.3381
39995,4.061265
39996,11.07281
39997,26.87604
39998,27.08104
39999,26.65937
40000,27.22324
40001,25.80005
40002,29.76777
40003,37.99975
40004,32.3008
40005,33.35986
40006,34.07575
40007,27.18062
40008,-12.82304
40009,5.378067
40010,4.96355
40011,25.35702
40012,25.55557
40013,25.19494
40014,25.33618
40015,25.07643
40016,24.98592
40017,25.3623
40018,25.58994
40019,25.45741
40020,9.954844
40021,16.13585
40022,3.831803
40023,16.12381
40024,6.269979
40025,6.274229
40026,0.1504494
40027,25.32503
40028,25.32488
40029,25.17195
40030,25.36965
40031,25.3712
40032,25.29498
40033,25.29416
40034,25.19322
40035,20.64833
40036,20.7393
40037,20.65718
40038,20.73156
40039,-5.547006
40040,1.715545
40041,23.5431
40042,23.53724
40043,23.13501
40044,24.95915
40045,24.95881
40046,16.54016
40047,1.453322
40048,4.682862
40049,25.76597
40050,25.33799
40051,25.49373
40052,25.33889
40053,25.49615
40054,25.16234
40055,11.30827
40056,3.060916
40057,8.180562
40058,15.83754
40059,-1.167805
40060,-0.7787966
40061,24.57882
40062,25.1199
40063,18.20301
40064,24.9271
40065,18.14374
40066,24.93002
40067,23.40679
40068,0.3321369
40069,26.94891
40070,24.85866
40071,25.90364
40072,26.18032
40073,26.18843
40074,25.31226
40075,24.30867
40076,25.3126
40077,-0.01717441
40078,23.91542
40079,23.94185
40080,25.21421
40081,25.2049
40082,25.51075
40083,25.81734
40084,25.76399
40085,25.19471
40086,24.59545
40087,25.52531
40088,25.57493
40089,25.76389
40090,25.84064
40091,20.89549
40092,10.17465
40093,17.67754
40094,14.55616
40095,14.35016
40096,22.36816
40097,18.34643
40098,7.964993
40099,3.082781
40100,24.92245
40101,25.07034
40102,24.62277
40103,24.67414
40104,23.2651
40105,25.11396
40106,25.07235
40107,22.83608
40108,26.44494
40109,25.67869
40110,25.98839
40111,25.9856
40112,26.95216
40113,26.95155
40114,20.49302
40115,13.55292
40116,26.44376
40117,20.49457
40118,0.1976183
40119,6.365698
40120,0.4845781
40121,25.10738
40122,25.0965
40123,23.86561
40124,25.23106
40125,25.21853
40126,10.42966
40127,10.42966
40128,26.22786
40129,26.35411
40130,26.16607
40131,26.31191
40132,26.64472
40133,26.57334
40134,15.34772
40135,23.8101
40136,25.3164
40137,26.10463
40138,23.53646
40139,30.049
40140,-12.2401
40141,3.035292
40142,11.46543
40143,25.00185
40144,25.09173
40145,25.21832
40146,25.1914
40147,25.30353
40148,25.34203
40149,25.27688
40150,25.05001
40151,1.873372
40152,28.15779
40153,26.70243
40154,24.76871
40155,25.60736
40156,25.97396
40157,24.29414
40158,25.60673
40159,26.19673
40160,24.33949
40161,21.41498
40162,23.99783
40163,0.06275497
40164,1.542264
40165,2.103817
40166,25.1677
40167,25.23018
40168,25.22083
40169,25.22215
40170,24.14982
40171,25.22987
40172,25.16654
40173,24.60265
40174,25.37748
40175,24.705
40176,24.34494
40177,25.10754
40178,25.16159
40179,25.26138
40180,25.206
40181,1.181862
40182,1.181862
40183,25.96012
40184,26.55121
40185,25.48219
40186,26.19033
40187,24.75801
40188,24.74363
40189,23.88472
40190,25.57873
40191,25.56894
40192,26.18589
40193,25.27509
40194,7.677029
40195,22.03014
40196,25.34816
40197,25.26892
40198,25.10892
40199,25.25697
40200,25.26772
40201,25.27157
40202,25.34513
40203,6.271638
40204,0.06669401
40205,25.34923
40206,25.25488
40207,25.11174
40208,25.20061
40209,25.19978
40210,25.30434
40211,25.30148
40212,1.039819
40213,0.006427912
40214,24.81378
40215,25.4782
40216,26.61353
40217,27.07508
40218,26.69337
40219,26.12574
40220,27.12944
40221,27.38179
40222,26.61011
40223,27.82323
40224,27.39823
40225,27.39719
40226,27.56261
40227,-1.749697
40228,25.54987
40229,25.81614
40230,25.45649
40231,25.29045
40232,25.77539
40233,25.40377
40234,10.3631
40235,0.8817672
40236,25.13611
40237,25.14246
40238,24.94424
40239,25.44713
40240,24.88332
40241,25.67478
40242,25.44734
40243,25.25653
40244,25.27212
40245,25.25348
40246,25.36988
40247,25.67597
40248,-0.2272033
40249,26.29406
40250,27.18495
40251,27.46927
40252,26.54985
40253,26.50364
40254,26.37407
40255,26.66965
40256,27.47267
40257,26.67214
40258,12.54467
40259,5.044376
40260,25.64915
40261,25.29968
40262,25.8903
40263,25.71871
40264,25.83323
40265,25.38812
40266,25.49873
40267,2.075672
40268,26.08113
40269,25.73638
40270,25.50435
40271,25.96952
40272,26.05533
40273,26.11975
40274,-0.1035141
40275,27.29452
40276,27.08241
40277,26.74341
40278,28.64489
40279,28.64182
40280,26.24752
40281,27.73824
40282,27.8763
40283,26.14812
40284,26.32387
40285,27.16123
40286,4.125804
40287,15.80694
40288,25.60311
40289,25.51746
40290,25.7813
40291,25.55315
40292,25.59117
40293,25.8428
40294,2.733733
40295,26.9165
40296,27.76168
40297,26.34303
40298,26.71426
40299,27.9306
40300,26.22847
40301,27.92022
40302,26.71539
40303,26.22769
40304,26.15726
40305,27.83513
40306,27.67747
40307,27.67715
40308,14.61173
40309,2.25946
40310,11.43189
40311,21.45194
40312,20.86398
40313,25.51729
40314,25.71306
40315,25.80968
40316,25.73937
40317,25.50955
40318,25.56071
40319,25.11129
40320,25.54366
40321,24.53958
40322,25.11113
40323,25.54157
40324,-0.1551405
40325,28.1095
40326,28.23472
40327,29.56139
40328,28.3275
40329,27.24813
40330,25.45024
40331,26.97
40332,27.22045
40333,28.13686
40334,27.83273
40335,26.5406
40336,27.2569
40337,27.52117
40338,6.017947
40339,23.57297
40340,25.02768
40341,21.38574
40342,25.02734
40343,21.38576
40344,26.02264
40345,25.66968
40346,25.85461
40347,25.75494
40348,26.00645
40349,25.86952
40350,25.54883
40351,25.55189
40352,25.87533
40353,25.89964
40354,25.77016
40355,25.26016
40356,13.16061
40357,18.87042
40358,20.4791
40359,20.48048
40360,18.86618
40361,24.96359
40362,24.96487
40363,24.68279
40364,2.331549
40365,2.210191
40366,4.962281
40367,-25.05658
40368,28.12931
40369,25.46548
40370,26.31414
40371,26.50537
40372,27.59173
40373,28.15554
40374,27.16447
40375,26.50799
40376,27.24691
40377,26.12665
40378,27.18754
40379,10.13818
40380,10.95973
40381,25.26166
40382,22.5878
40383,25.01397
40384,25.13776
40385,22.58692
40386,25.26506
40387,25.09832
40388,25.01476
40389,25.11884
40390,25.09467
40391,25.79508
40392,25.83769
40393,25.9328
40394,25.97539
40395,25.92554
40396,25.94728
40397,26.49424
40398,25.50295
40399,25.77598
40400,28.48287
40401,25.83168
40402,26.50729
40403,24.98028
40404,21.11416
40405,22.20763
40406,25.00661
40407,25.00894
40408,25.00887
40409,22.2142
40410,25.00528
40411,25.26465
40412,25.06224
40413,25.30396
40414,25.3055
40415,26.14231
40416,6.678142
40417,4.133968
40418,3.126668
40419,26.27337
40420,26.20565
40421,27.2378
40422,26.60143
40423,29.30544
40424,28.40444
40425,27.62335
40426,28.40072
40427,25.37712
40428,27.94626
40429,30.48325
40430,27.49811
40431,27.24317
40432,27.65205
40433,29.02771
40434,12.66376
40435,4.022848
40436,3.035844
40437,-3.678046
40438,25.43745
40439,25.43665
40440,25.19718
40441,25.20461
40442,25.30574
40443,25.39493
40444,25.19406
40445,25.20446
40446,26.1232
40447,26.03357
40448,25.85801
40449,26.04448
40450,25.97395
40451,1E-07
40452,25.97303
40453,26.03411
40454,26.10924
40455,33.57442
40456,27.52474
40457,27.52432
40458,29.42753
40459,29.43111
40460,34.30448
40461,22.54137
40462,22.53724
40463,25.65353
40464,25.65208
40465,25.41556
40466,25.61825
40467,25.2023
40468,25.16028
40469,25.48535
40470,25.45853
40471,26.33538
40472,5.341379
40473,6.764025
40474,27.47787
40475,27.45206
40476,27.36432
40477,30.08123
40478,28.64551
40479,30.08396
40480,27.45335
40481,28.64787
40482,16.2061
40483,4.48772
40484,-4.181501
40485,-22.51118
40486,3.207422
40487,-10.40179
40488,26.1731
40489,26.16286
40490,26.358
40491,26.01412
40492,25.97335
40493,26.03269
40494,28.79962
40495,28.70174
40496,35.20594
40497,34.53451
40498,34.51441
40499,29.28812
40500,29.32029
40501,35.19865
40502,27.42984
40503,31.30428
40504,27.43288
40505,31.3084
40506,22.88239
40507,22.84479
40508,35.89759
40509,35.93441
40510,25.27201
40511,26.78996
40512,25.3028
40513,23.19932
40514,25.71093
40515,25.90398
40516,25.90284
40517,25.43646
40518,25.4349
40519,0.2809354
40520,7.086954
40521,26.96714
40522,26.38678
40523,26.38409
40524,26.82084
40525,26.27785
40526,27.82742
40527,26.51104
40528,26.88973
40529,40.45486
40530,23.75618
40531,40.55046
40532,24.43008
40533,35.87676
40534,30.28277
40535,37.24881
40536,37.25264
40537,30.28214
40538,25.7865
40539,26.07081
40540,25.13511
40541,25.61819
40542,25.15482
40543,23.98937
40544,25.70307
40545,25.1847
40546,26.25365
40547,25.78243
40548,25.97362
40549,25.97263
40550,0.3836392
40551,1.560438
40552,2.468745
40553,9.028125
40554,6.10241
40555,12.64268
40556,26.98478
40557,26.20011
40558,26.54559
40559,26.48631
40560,26.61546
40561,26.1754
40562,-10.63317
40563,35.02874
40564,35.01898
40565,27.35994
40566,27.359
40567,23.65939
40568,-10.63471
40569,22.39312
40570,31.98946
40571,28.73235
40572,30.45697
40573,38.26384
40574,38.2437
40575,26.00224
40576,25.44037
40577,25.44046
40578,26.31538
40579,25.62926
40580,25.39569
40581,25.68998
40582,25.34017
40583,3.400944
40584,4.382034
40585,26.90854
40586,27.00954
40587,26.63714
40588,26.53385
40589,27.04128
40590,27.13099
40591,26.7041
40592,13.45809
40593,9.808164
40594,-11.38255
40595,21.05039
40596,21.03649
40597,31.11653
40598,31.11419
40599,23.59126
40600,32.78951
40601,32.78951
40602,20.88395
40603,19.02444
40604,23.59782
40605,25.78393
40606,25.82803
40607,26.56816
40608,25.30602
40609,25.78424
40610,25.30524
40611,26.11233
40612,25.6542
40613,26.05262
40614,26.07862
40615,6.297686
40616,25.15751
40617,25.0301
40618,25.1531
40619,25.11503
40620,25.03239
40621,25.02628
40622,25.11098
40623,25.15561
40624,0.007660591
40625,26.4845
40626,26.7387
40627,26.94775
40628,26.73639
40629,26.75594
40630,24.54363
40631,20.79288
40632,10.27796
40633,10.82355
40634,12.23719
40635,12.05959
40636,9.18688
40637,12.5879
40638,13.53102
40639,26.87547
40640,26.8752
40641,26.45634
40642,26.4532
40643,27.3088
40644,27.28592
40645,27.00037
40646,-1.135879
40647,-13.87207
40648,4.94428
40649,-0.1426375
40650,1.156218
40651,26.5084
40652,26.50876
40653,26.82133
40654,26.96837
40655,26.79652
40656,26.33335
40657,26.56161
40658,27.17731
40659,22.0847
40660,27.38618
40661,32.74321
40662,29.73254
40663,29.67109
40664,28.90871
40665,17.36792
40666,34.73214
40667,49.16145
40668,16.4524
40669,26.83915
40670,-0.3513104
40671,27.68611
40672,27.73649
40673,28.02566
40674,26.86657
40675,26.86762
40676,14.66926
40677,16.39455
40678,13.60278
40679,12.01417
40680,12.3334
40681,25.85107
40682,44.36664
40683,15.32926
40684,32.13776
40685,18.29444
40686,18.2936
40687,5.269765
40688,2.363698
40689,3.991792
40690,3.094417
40691,2.475158
40692,28.04266
40693,27.90422
40694,28.1352
40695,27.99913
40696,28.23009
40697,28.16289
40698,25.57941
40699,25.5859
40700,24.30024
40701,37.41817
40702,48.9719
40703,23.05053
40704,22.35337
40705,32.54915
40706,14.64553
40707,48.42602
40708,38.86148
40709,64.22957
40710,36.42527
40711,11.23222
40712,25.1816
40713,19.41859
40714,12.57681
40715,12.58341
40716,25.45422
40717,25.197
40718,20.73283
40719,8.773942
40720,-1.324399
40721,-5.314411
40722,25.15035
40723,21.41859
40724,21.25793
40725,25.11415
40726,25.14518
40727,21.41524
40728,21.23142
40729,25.11932
40730,6.115864
40731,8.09676
40732,29.29965
40733,28.50964
40734,27.85409
40735,28.04154
40736,29.39331
40737,27.70159
40738,28.36492
40739,28.44889
40740,1.471135
40741,25.31907
40742,28.79701
40743,5.184062
40744,22.09338
40745,21.41263
40746,30.99157
40747,-0.5933154
40748,30.30023
40749,14.72409
40750,-3.715314
40751,25.67623
40752,25.10534
40753,25.28173
40754,23.17078
40755,24.86475
40756,25.15104
40757,11.42061
40758,11.75978
40759,22.72677
40760,18.53617
40761,21.42429
40762,3.293038
40763,-4.182996
40764,8.6752
40765,26.57604
40766,26.66405
40767,26.05346
40768,26.68137
40769,26.30429
40770,-1.778901
40771,19.95538
40772,0.004674499
40773,-1.311131
40774,27.41204
40775,28.40789
40776,28.54518
40777,28.80091
40778,28.06162
40779,28.54534
40780,4.353667
40781,-11.44173
40782,-1.721216
40783,21.54948
40784,19.56337
40785,5.939132
40786,20.04157
40787,1.735015
40788,2.241366
40789,25.03478
40790,25.02226
40791,25.60344
40792,23.491
40793,25.60136
40794,25.04758
40795,25.05004
40796,22.88914
40797,18.1906
40798,18.31457
40799,15.61662
40800,0.5451232
40801,26.22665
40802,26.22948
40803,25.66771
40804,29.13706
40805,28.23978
40806,17.66032
40807,1.800514
40808,10.51799
40809,10.50187
40810,9.720597
40811,9.645349
40812,31.20827
40813,17.57113
40814,25.04413
40815,25.42162
40816,25.36139
40817,25.29778
40818,25.00997
40819,25.17503
40820,25.4568
40821,25.25535
40822,24.96879
40823,25.47179
40824,25.01077
40825,0.3887591
40826,-4.637538
40827,-1.245567
40828,4.431472
40829,0.8650228
40830,30.72043
40831,30.70696
40832,28.42138
40833,28.62524
40834,29.30995
40835,29.55955
40836,8.570279
40837,10.42987
40838,15.51884
40839,13.90674
40840,1.894134
40841,5.640035
40842,25.26175
40843,25.26346
40844,25.00694
40845,25.21013
40846,20.06131
40847,27.62367
40848,28.32022
40849,-7.659616
40850,-0.3100775
40851,0.4064725
40852,6.915664
40853,0.5929117
40854,4.428833
40855,-10.33249
40856,-19.49408
40857,22.08339
40858,21.49047
40859,31.27228
40860,31.85944
40861,21.02556
40862,6.575095
40863,21.91485
40864,13.70781
40865,13.36272
40866,9.723206
40867,17.67305
40868,14.85306
40869,25.29366
40870,25.07582
40871,25.43895
40872,25.49567
40873,25.28594
40874,25.36137
40875,25.28294
40876,25.42458
40877,25.42476
40878,14.98742
40879,12.65278
40880,-6.159697
40881,6.224534
40882,25.06658
40883,25.6989
40884,25.76307
40885,25.77166
40886,26.11499
40887,25.69607
40888,26.11542
40889,48.44157
40890,38.13877
40891,20.4408
40892,-0.6470536
40893,529.5139
40894,378.0838
40895,565.2887
40896,550.6212
40897,7.96485
40898,11.11868
40899,771.4952
40900,44.24551
40901,34.31791
40902,20.19175
40903,37.19018
40904,24.90713
40905,22.89303
40906,8.968445
40907,25.46337
40908,25.34604
40909,25.29389
40910,25.59855
40911,25.28947
40912,25.8296
40913,25.25687
40914,25.2583
40915,25.30331
40916,24.84966
40917,-2.842844
40918,8.721344
40919,11.52374
40920,8.343411
40921,-0.4140858
40922,-5.51738
40923,9.166259
40924,39.86917
40925,23.4492
40926,54.86048
40927,29.11563
40928,13.56305
40929,5.683586
40930,11.46753
40931,5.183395
40932,18.20845
40933,25.87958
40934,25.55667
40935,26.07444
40936,25.88493
40937,25.55094
40938,25.0955
40939,13.47371
40940,25.28106
40941,12.45926
40942,13.68735
40943,1.091156
40944,24.96243
40945,20.79316
40946,20.79237
40947,25.05658
40948,25.07967
40949,36.83273
40950,14.32492
40951,6.640237
40952,8.551991
40953,33.70036
40954,26.98714
40955,33.49227
40956,32.0941
40957,18.4031
40958,49.7043
40959,16.17923
40960,6.704106
40961,12.92501
40962,24.82575
40963,25.97482
40964,1E-07
40965,26.42037
40966,26.42044
40967,23.54551
40968,25.42643
40969,25.4365
40970,25.73633
40971,26.15803
40972,5.612129
40973,-0.4406709
40974,2.321835
40975,1.708903
40976,5.618003
40977,20.68794
40978,25.05821
40979,25.07008
40980,20.71268
40981,18.08695
40982,15.76491
40983,15.12623
40984,7.802897
40985,33.46182
40986,28.27751
40987,30.29407
40988,35.55715
40989,32.73894
40990,30.30417
40991,31.35359
40992,68.65226
40993,31.76021
40994,35.29564
40995,17.66284
40996,35.74107
40997,1.844011
40998,24.85169
40999,22.73967
41000,23.14691
41001,22.24634
41002,23.32492
41003,23.3282
41004,25.27691
41005,26.56975
41006,-0.9203838
41007,11.33177
41008,12.9325
41009,6.857824
41010,1.482491
41011,25.04259
41012,25.30198
41013,19.40975
41014,25.04244
41015,15.27567
41016,-0.8315573
41017,16.86039
41018,15.30384
41019,31.44212
41020,32.2305
41021,26.62944
41022,26.83195
41023,28.41019
41024,29.0081
41025,29.01387
41026,53.66233
41027,44.40046
41028,75.38435
41029,34.55668
41030,44.81072
41031,45.5778
41032,58.60044
41033,97.27907
41034,54.53356
41035,73.1198
41036,25.25319
41037,25.55871
41038,25.5556
41039,25.07974
41040,25.99289
41041,25.09934
41042,25.38704
41043,9.745823
41044,10.00282
41045,19.69513
41046,33.0415
41047,26.545
41048,27.45609
41049,37.36319
41050,41.84344
41051,50.07964
41052,31.88847
41053,31.7318
41054,5.432012
41055,-0.213853
41056,1.137832
41057,23.80273
41058,25.21672
41059,25.1477
41060,23.77369
41061,25.34093
41062,25.23065
41063,25.20438
41064,25.22253
41065,25.34094
41066,23.78527
41067,25.14503
41068,25.26712
41069,4.916538
41070,-7.523131
41071,-2.624103
41072,0.9010847
41073,31.07839
41074,31.07364
41075,48.6126
41076,24.15787
41077,24.15972
41078,48.62431
41079,29.4119
41080,-142.2035
41081,29.3157
41082,24.32036
41083,77.40572
41084,-11.36941
41085,-14.9427
41086,87.15302
41087,205.4656
41088,103.2541
41089,98.22313
41090,101.6076
41091,84.08208
41092,-148.4822
41093,43.43509
41094,1.35543
41095,77.36729
41096,104.8993
41097,68.89725
41098,2.72465
41099,-14.84658
41100,43.40235
41101,100.0049
41102,118.6749
41103,101.2496
41104,109.0462
41105,115.0518
41106,117.3734
41107,96.71827
41108,131.2921
41109,131.7542
41110,111.7627
41111,157.9682
41112,34.57359
41113,22.69512
41114,27.97378
41115,27.98584
41116,22.69289
41117,13.8289
41118,31.85066
41119,10.07673
41120,0.9938956
41121,24.54905
41122,25.325
41123,25.37225
41124,24.69379
41125,25.30532
41126,25.41424
41127,25.32472
41128,24.34889
41129,25.40336
41130,3.163654
41131,16.68489
41132,16.82527
41133,5.634302
41134,25.29261
41135,26.02158
41136,27.1619
41137,27.45452
41138,25.27463
41139,24.34262
41140,26.02484
41141,25.32962
41142,26.51676
41143,27.18546
41144,14.15437
41145,17.15704
41146,11.69871
41147,4.41099
41148,25.37521
41149,25.34369
41150,25.64609
41151,25.32191
41152,25.30731
41153,25.01371
41154,25.29626
41155,25.29604
41156,25.35972
41157,19.39734
41158,22.29226
41159,25.88342
41160,26.6139
41161,25.70382
41162,25.41321
41163,26.38157
41164,25.75555
41165,26.87667
41166,25.55227
41167,44.56567
41168,16.49386
41169,-11.40794
41170,37.84587
41171,8.847315
41172,8.829828
41173,18.00911
41174,6.647796
41175,32.93242
41176,25.83011
41177,26.01947
41178,25.73697
41179,25.40659
41180,25.61525
41181,12.6394
41182,-3.816117
41183,21.57761
41184,-2.29543
41185,-10.11403
41186,1.584632
41187,21.76894
41188,1.801423
41189,9.559163
41190,10.03585
41191,25.73466
41192,26.18717
41193,26.34213
41194,25.91319
41195,26.26915
41196,25.04683
41197,26.27062
41198,26.21522
41199,2.965636
41200,14.25954
41201,19.95968
41202,16.30607
41203,18.91665
41204,13.64489
41205,14.34881
41206,5.720331
41207,22.70913
41208,25.33973
41209,22.72345
41210,25.33992
41211,25.36152
41212,25.3704
41213,26.56293
41214,25.772
41215,25.76442
41216,25.52984
41217,25.84336
41218,25.90138
41219,25.34685
41220,26.44131
41221,26.1278
41222,-0.8595927
41223,1.184878
41224,22.43735
41225,25.21957
41226,25.06275
41227,25.00996
41228,2.216413
41229,27.34518
41230,27.08769
41231,27.09012
41232,25.85223
41233,27.17049
41234,24.75335
41235,36.51467
41236,39.21278
41237,27.91839
41238,37.74883
41239,36.52426
41240,36.58901
41241,40.12187
41242,26.81952
41243,7.96105
41244,8.851684
41245,20.99523
41246,21.17279
41247,17.64059
41248,25.64206
41249,26.35071
41250,26.02061
41251,25.82223
41252,26.41165
41253,25.63985
41254,25.39861
41255,25.72378
41256,25.5897
41257,25.82393
41258,-3.017754
41259,-10.50035
41260,4.575172
41261,14.49105
41262,25.18585
41263,24.82648
41264,25.12542
41265,18.16245
41266,22.71321
41267,25.194
41268,-0.01869393
41269,25.66347
41270,25.15693
41271,25.55868
41272,25.55998
41273,25.51888
41274,25.13112
41275,25.59059
41276,-7.756719
41277,-11.17633
41278,-0.4868345
41279,2.95699
41280,0.2871031
41281,25.37691
41282,25.12865
41283,24.0075
41284,21.42501
41285,25.04112
41286,24.34085
41287,3.284916
41288,3.116723
41289,-2.063927
41290,-2.071354
41291,20.07715
41292,20.06067
41293,25.33828
41294,25.04417
41295,25.73296
41296,25.52992
41297,26.00787
41298,25.4918
41299,25.60274
41300,25.33685
41301,25.41955
41302,25.41331
41303,25.52948
41304,-4.030585
41305,5.72877
41306,1.19626
41307,24.93206
41308,25.44935
41309,25.19275
41310,25.4524
41311,23.1155
41312,23.28481
41313,25.5542
41314,24.91342
41315,6.981455
41316,0.04699605
41317,2.035114
41318,25.83467
41319,26.5109
41320,26.5137
41321,26.01645
41322,25.62312
41323,25.91166
41324,26.14953
41325,25.65555
41326,25.71755
41327,26.02199
41328,26.52524
41329,-11.1319
41330,26.50396
41331,-6.458654
41332,8.87389
41333,-1.467647
41334,4.776994
41335,-3.571987
41336,21.6761
41337,8.201508
41338,1.150789
41339,13.91765
41340,20.92802
41341,25.28714
41342,25.10123
41343,25.40562
41344,25.72001
41345,25.40294
41346,24.6076
41347,25.60851
41348,24.98623
41349,25.08881
41350,25.4452
41351,25.04658
41352,9.717841
41353,9.7146
41354,3.1787
41355,24.82163
41356,17.7347
41357,17.73317
41358,24.81199
41359,4.981192
41360,12.53616
41361,26.44116
41362,27.02653
41363,26.98404
41364,26.6635
41365,26.9712
41366,26.51685
41367,32.48868
41368,27.69109
41369,31.88354
41370,32.9464
41371,40.39258
41372,36.76977
41373,36.14663
41374,49.89972
41375,10.00374
41376,-10.80856
41377,25.46296
41378,25.30267
41379,25.19596
41380,20.99892
41381,25.51994
41382,25.30459
41383,25.43468
41384,-1.011711
41385,1.981118
41386,1.972955
41387,12.43513
41388,1.309601
41389,25.16278
41390,25.24323
41391,25.25325
41392,25.34307
41393,24.62976
41394,25.23966
41395,25.12995
41396,23.8418
41397,25.12989
41398,25.34047
41399,1.054386
41400,11.74235
41401,2.445427
41402,1.069543
41403,0.08398961
41404,-1.239901
41405,2.909506
41406,25.27346
41407,25.09207
41408,25.23363
41409,25.47916
41410,25.22348
41411,24.49621
41412,25.48173
41413,25.3424
41414,25.37805
41415,25.38821
41416,-12.23094
41417,6.04267
41418,12.80103
41419,26.59945
41420,26.60082
41421,24.83394
41422,24.81865
41423,26.41915
41424,26.42205
41425,13.66135
41426,13.65475
41427,23.03003
41428,-10.50131
41429,2.381786
41430,25.33684
41431,26.09484
41432,25.24715
41433,25.42804
41434,25.8726
41435,25.87547
41436,25.42892
41437,24.94266
41438,25.84242
41439,25.4248
41440,25.2879
41441,25.28721
41442,12.75675
41443,14.25718
41444,16.3333
41445,21.57092
41446,11.97153
41447,23.72697
41448,0.9377545
41449,1.673427
41450,24.29449
41451,24.29848
41452,13.86648
41453,21.23092
41454,21.19969
41455,27.2217
41456,24.90483
41457,25.83272
41458,26.64966
41459,17.93961
41460,26.01371
41461,26.64549
41462,27.22334
41463,27.33073
41464,25.38292
41465,26.0127
41466,17.93828
41467,22.52579
41468,16.01242
41469,10.8509
41470,1.788443
41471,15.4352
41472,25.53386
41473,13.78706
41474,25.03058
41475,25.03513
41476,6.44631
41477,6.425443
41478,26.08933
41479,26.27296
41480,26.1727
41481,25.83115
41482,26.24848
41483,26.28708
41484,28.87637
41485,14.93903
41486,14.4612
41487,26.28489
41488,11.67951
41489,32.68282
41490,25.0419
41491,22.17434
41492,25.17252
41493,22.17253
41494,25.29734
41495,17.15784
41496,25.07409
41497,25.0053
41498,25.0044
41499,1.478325
41500,27.61285
41501,26.7424
41502,26.75031
41503,27.00679
41504,29.35172
41505,26.98526
41506,26.39212
41507,16.89435
41508,3.56663
41509,3.621238
41510,0.4088182
41511,25.23901
41512,25.20367
41513,25.45377
41514,25.1611
41515,25.21201
41516,25.20328
41517,25.09984
41518,6.644307
41519,6.645465
41520,12.14666
41521,22.8975
41522,24.85711
41523,24.30877
41524,24.30639
41525,22.27479
41526,25.35902
41527,26.64251
41528,26.41172
41529,27.10966
41530,27.1208
41531,24.74421
41532,29.42841
41533,21.09436
41534,26.28024
41535,26.28115
41536,26.41242
41537,25.98379
41538,26.64223
41539,24.75458
41540,29.43624
41541,10.13028
41542,-0.2854373
41543,6.849864
41544,25.25334
41545,25.30029
41546,25.09128
41547,25.1884
41548,25.19694
41549,25.48511
41550,3.155079
41551,12.5753
41552,25.00359
41553,25.08532
41554,25.29275
41555,25.08662
41556,25.45182
41557,24.7984
41558,25.1377
41559,1.423398
41560,27.96568
41561,26.12938
41562,24.23031
41563,24.88371
41564,24.88552
41565,26.04774
41566,26.01752
41567,26.01242
41568,25.72321
41569,23.10342
41570,7.790779
41571,8.008377
41572,25.66872
41573,25.57541
41574,25.41997
41575,25.44135
41576,25.17255
41577,25.61562
41578,1.423606
41579,19.93627
41580,23.53568
41581,24.51012
41582,25.20814
41583,25.14656
41584,25.16579
41585,25.32866
41586,25.35043
41587,25.56934
41588,25.20699
41589,25.32621
41590,0.1887084
41591,25.90747
41592,27.26341
41593,26.6345
41594,27.75145
41595,27.49598
41596,26.91742
41597,27.50238
41598,26.59241
41599,26.30667
41600,27.05884
41601,26.68567
41602,23.09255
41603,27.19618
41604,27.19462
41605,4.044127
41606,8.491903
41607,3.253795
41608,25.57304
41609,25.47173
41610,25.55947
41611,25.41593
41612,25.47893
41613,25.45628
41614,12.31164
41615,7.485121
41616,25.59005
41617,25.89672
41618,25.7882
41619,25.93852
41620,25.59003
41621,25.45439
41622,-1.971519
41623,-6.275049
41624,-0.1071904
41625,27.68478
41626,26.65068
41627,23.98978
41628,25.40153
41629,30.02977
41630,27.75178
41631,28.82232
41632,27.81344
41633,25.89399
41634,12.03209
41635,25.51393
41636,25.3775
41637,25.3724
41638,25.67146
41639,25.45131
41640,25.46172
41641,5.552485
41642,0.3956169
41643,30.1684
41644,28.45366
41645,28.35318
41646,29.06843
41647,28.12838
41648,29.67683
41649,27.42121
41650,27.36335
41651,26.77645
41652,12.22661
41653,14.58897
41654,25.8172
41655,25.4924
41656,25.72424
41657,25.50956
41658,25.50983
41659,25.37473
41660,25.38671
41661,25.69056
41662,25.47758
41663,18.775
41664,18.78001
41665,20.45437
41666,20.45214
41667,2.39434
41668,-21.64385
41669,28.56237
41670,28.92986
41671,28.97799
41672,29.62504
41673,28.55785
41674,25.81393
41675,28.69127
41676,27.36409
41677,29.09298
41678,29.29697
41679,6.825107
41680,25.61826
41681,25.83168
41682,25.42846
41683,26.2195
41684,25.42549
41685,25.96071
41686,26.61871
41687,25.638
41688,25.64908
41689,22.19291
41690,25.53357
41691,26.65235
41692,22.19189
41693,25.53697
41694,16.01707
41695,16.00966
41696,10.24212
41697,20.95143
41698,24.35638
41699,20.98734
41700,23.10378
41701,7.298088
41702,9.867761
41703,28.37966
41704,27.45199
41705,28.56419
41706,26.39616
41707,26.8487
41708,27.6319
41709,27.82007
41710,28.02352
41711,27.65281
41712,28.7418
41713,27.35322
41714,28.70368
41715,26.75864
41716,4.275354
41717,10.16267
41718,24.96346
41719,24.86593
41720,24.87157
41721,20.09708
41722,24.91784
41723,25.79482
41724,26.07569
41725,25.64498
41726,25.84044
41727,25.88237
41728,25.76797
41729,25.73854
41730,25.79591
41731,26.65107
41732,26.7797
41733,26.78208
41734,25.29369
41735,25.03442
41736,22.86671
41737,25.03174
41738,23.39644
41739,26.69084
41740,24.54191
41741,25.79289
41742,25.7923
41743,25.26152
41744,2.806441
41745,2.419731
41746,26.1064
41747,26.10201
41748,27.66883
41749,27.01975
41750,29.42098
41751,27.53841
41752,27.01906
41753,27.27543
41754,28.21761
41755,26.72395
41756,26.47839
41757,27.70522
41758,28.1564
41759,6.65121
41760,5.916668
41761,18.06348
41762,25.29959
41763,25.29372
41764,25.22105
41765,25.21867
41766,25.29319
41767,26.09166
41768,25.73702
41769,25.9213
41770,25.55868
41771,-22.21677
41772,26.03956
41773,6.891211
41774,6.887601
41775,27.81178
41776,27.8115
41777,27.11531
41778,29.48163
41779,27.14394
41780,14.70185
41781,14.7028
41782,26.17968
41783,25.50262
41784,26.08629
41785,25.78377
41786,25.17804
41787,26.19662
41788,26.33573
41789,25.39838
41790,25.50458
41791,25.00642
41792,25.26884
41793,9.429749
41794,7.359921
41795,4.131523
41796,31.77834
41797,28.82706
41798,28.81719
41799,30.23745
41800,27.47917
41801,28.59207
41802,31.52387
41803,31.77162
41804,33.26192
41805,-19.50565
41806,70.90677
41807,46.70839
41808,61.93316
41809,18.47227
41810,68.46335
41811,27.16203
41812,23.01216
41813,27.09239
41814,26.1961
41815,25.98785
41816,26.06005
41817,25.94111
41818,26.63169
41819,-9.617204
41820,23.89847
41821,23.9021
41822,21.03062
41823,21.04334
41824,26.09106
41825,27.52502
41826,26.82868
41827,26.75681
41828,32.21928
41829,35.64382
41830,32.22779
41831,35.59696
41832,26.03166
41833,26.21248
41834,26.21268
41835,26.13463
41836,25.39501
41837,26.37849
41838,2.036626
41839,2.62116
41840,0.7128966
41841,1.032655
41842,0.1412446
41843,26.89558
41844,26.88352
41845,28.18119
41846,5.334979
41847,27.27975
41848,27.84171
41849,26.77938
41850,27.07616
41851,27.77287
41852,29.20855
41853,28.73357
41854,28.64232
41855,31.5224
41856,31.52088
41857,37.22818
41858,20.25238
41859,37.22144
41860,26.47529
41861,27.9308
41862,26.91633
41863,27.32077
41864,26.4016
41865,25.70122
41866,25.70122
41867,1.260295
41868,26.23715
41869,26.78827
41870,26.82623
41871,26.30038
41872,25.80209
41873,26.31488
41874,20.08778
41875,20.73911
41876,19.00541
41877,20.75055
41878,20.1577
41879,24.70178
41880,30.68841
41881,29.15282
41882,24.70477
41883,21.94302
41884,21.94272
41885,26.27946
41886,25.92751
41887,26.69068
41888,25.89451
41889,25.89327
41890,27.22461
41891,27.33968
41892,25.49289
41893,25.59214
41894,25.49293
41895,-0.3144916
41896,-1.227478
41897,1.69776
41898,3.684882
41899,26.22314
41900,26.8863
41901,26.83599
41902,26.65645
41903,26.20259
41904,26.32657
41905,2.749301
41906,28.76203
41907,10.85913
41908,7.492619
41909,30.34608
41910,3.234627
41911,3.258472
41912,17.94135
41913,18.37837
41914,18.87539
41915,24.7618
41916,18.7394
41917,26.30692
41918,26.30926
41919,26.47396
41920,26.14081
41921,25.64749
41922,26.98731
41923,24.13934
41924,26.13521
41925,25.83314
41926,26.63123
41927,26.82108
41928,15.10066
41929,0.3220963
41930,32.28184
41931,25.1663
41932,25.16838
41933,25.17417
41934,25.18014
41935,9.762615
41936,0.1017895
41937,26.74574
41938,26.88252
41939,26.74741
41940,26.88617
41941,26.53412
41942,26.71401
41943,27.05502
41944,27.0545
41945,1.575541
41946,5.819463
41947,2.623536
41948,6.959086
41949,10.86447
41950,15.90936
41951,14.43679
41952,8.743094
41953,12.49752
41954,27.61763
41955,27.61757
41956,28.84023
41957,26.85715
41958,27.36306
41959,26.85816
41960,28.35367
41961,27.79922
41962,27.02358
41963,18.85506
41964,23.33318
41965,2.35037
41966,0.3896259
41967,27.71404
41968,27.71657
41969,27.32309
41970,27.43856
41971,25.15404
41972,15.00285
41973,26.53781
41974,37.68487
41975,40.79602
41976,32.57402
41977,32.60607
41978,59.66793
41979,33.60096
41980,1.134394
41981,2.481364
41982,2.784239
41983,-6.04626
41984,-5.706032
41985,-7.036781
41986,27.77816
41987,28.13922
41988,27.84439
41989,28.24119
41990,27.62681
41991,27.75314
41992,28.29548
41993,27.21194
41994,31.86708
41995,6.573561
41996,38.56149
41997,11.83317
41998,18.80678
41999,42.54359
42000,30.49077
42001,51.09428
42002,17.88342
42003,29.13637
42004,59.79934
42005,59.82908
42006,51.73262
42007,9.584227
42008,23.27849
42009,23.27858
42010,21.56539
42011,-0.5281143
42012,27.35261
42013,27.35815
42014,27.52677
42015,27.52522
42016,27.37056
42017,27.36801
42018,27.49454
42019,27.49388
42020,17.60218
42021,40.0869
42022,2.577841
42023,17.58587
42024,9.366342
42025,18.36938
42026,24.80613
42027,40.10165
42028,41.36919
42029,29.1214
42030,30.01379
42031,22.3522
42032,13.3656
42033,13.37293
42034,23.36728
42035,23.36685
42036,25.29753
42037,25.29694
42038,8.031314
42039,24.93706
42040,21.28369
42041,25.18508
42042,21.275
42043,24.93563
42044,0.2747862
42045,27.95047
42046,27.94853
42047,27.89586
42048,27.89721
42049,27.7357
42050,28.98192
42051,9.373139
42052,8.860929
42053,29.77001
42054,15.62498
42055,30.62268
42056,24.03377
42057,24.02627
42058,18.21093
42059,13.01065
42060,24.66971
42061,19.32392
42062,15.7986
42063,14.08187
42064,12.61549
42065,5.722724
42066,-1.030013
42067,13.8506
42068,3.878075
42069,26.76991
42070,26.39258
42071,28.08148
42072,28.26796
42073,26.27782
42074,26.45341
42075,27.6595
42076,-6.524445
42077,6.235341
42078,-8.665444
42079,7.536456
42080,2.966378
42081,28.1648
42082,28.55239
42083,28.12137
42084,27.78244
42085,28.12413
42086,28.16394
42087,3.629152
42088,9.302616
42089,13.82938
42090,4.787213
42091,10.20003
42092,0.3653863
42093,2.921299
42094,18.04675
42095,4.513093
42096,-1.936321
42097,-9.914629
42098,18.41388
42099,-6.879546
42100,3.831574
42101,0.4334947
42102,26.68369
42103,27.12735
42104,26.67976
42105,27.84172
42106,27.40707
42107,27.40638
42108,27.84204
42109,31.46419
42110,31.4636
42111,-2.730785
42112,-10.2009
42113,-0.8012931
42114,-2.795543
42115,9.03193
42116,6.072462
42117,25.28563
42118,25.28333
42119,-7.273455
42120,-15.22891
42121,-3.940778
42122,2.580966
42123,8.00839
42124,8.048639
42125,5.243752
42126,0.07486899
42127,30.67197
42128,32.07357
42129,30.66757
42130,20.27481
42131,6.309383
42132,6.200508
42133,5.429899
42134,0.3423085
42135,-6.256922
42136,25.10915
42137,25.15392
42138,25.11234
42139,25.26637
42140,25.18195
42141,25.15055
42142,25.18176
42143,4.247742
42144,4.154458
42145,7.471432
42146,1.343235
42147,44.12086
42148,33.26715
42149,30.53584
42150,-7.271354
42151,29.48922
42152,0.8239666
42153,37.36112
42154,5.129463
42155,44.11501
42156,-7.330379
42157,33.00586
42158,-18.34721
42159,26.88489
42160,-22.76586
42161,27.64053
42162,34.72214
42163,10.69144
42164,3.402395
42165,19.75745
42166,33.21527
42167,18.55752
42168,3.763754
42169,41.65414
42170,6.888896
42171,-0.3877684
42172,-5.43012
42173,25.33732
42174,25.17791
42175,25.29921
42176,25.27967
42177,25.33329
42178,25.20087
42179,25.19903
42180,25.42224
42181,25.54766
42182,25.2755
42183,25.27839
42184,11.98235
42185,9.422797
42186,9.411755
42187,4.780834
42188,6.49721
42189,23.55395
42190,26.99984
42191,28.19053
42192,25.42835
42193,27.41386
42194,25.41686
42195,21.6889
42196,2.112703
42197,32.86518
42198,41.02611
42199,47.22833
42200,48.30792
42201,24.03325
42202,47.98009
42203,51.7555
42204,19.95691
42205,8.885377
42206,15.28081
42207,10.71237
42208,19.90538
42209,5.910208
42210,25.21967
42211,25.86128
42212,25.3148
42213,25.33278
42214,25.33169
42215,23.70433
42216,24.87763
42217,2.690136
42218,3.954598
42219,11.2207
42220,3.654757
42221,-3.583019
42222,31.36752
42223,53.17191
42224,74.3103
42225,32.14383
42226,39.81771
42227,53.18649
42228,56.09994
42229,43.67318
42230,49.16041
42231,43.4879
42232,37.13531
42233,42.74252
42234,13.0073
42235,43.4094
42236,7.791782
42237,-8.137299
42238,6.819799
42239,-3.302562
42240,25.42393
42241,25.80024
42242,25.55241
42243,26.18804
42244,25.30386
42245,25.99084
42246,1.327339
42247,-0.3901235
42248,1.114697
42249,18.84926
42250,5.745094
42251,-7.147871
42252,31.5694
42253,28.80537
42254,27.39071
42255,34.02497
42256,39.82753
42257,29.02639
42258,5.201528
42259,10.32101
42260,7.516689
42261,16.77942
42262,3.171984
42263,31.31916
42264,6.622686
42265,1E-07
42266,25.97189
42267,26.70722
42268,25.99758
42269,25.87643
42270,26.32111
42271,26.694
42272,26.23751
42273,27.23342
42274,26.50486
42275,8.728924
42276,2.928968
42277,0.383795
42278,6.255043
42279,28.7257
42280,31.39348
42281,30.89012
42282,29.33724
42283,29.71462
42284,31.33504
42285,36.18279
42286,45.91692
42287,46.09391
42288,24.18011
42289,30.4896
42290,28.82944
42291,25.40383
42292,18.63509
42293,16.0631
42294,20.93218
42295,0.1311779
42296,21.42964
42297,27.37614
42298,27.37722
42299,24.62482
42300,25.59007
42301,22.8993
42302,22.90581
42303,22.91624
42304,24.62484
42305,8.17198
42306,-2.725424
42307,11.40439
42308,4.851023
42309,5.059779
42310,1.608297
42311,1.552984
42312,-5.084658
42313,9.895844
42314,9.076449
42315,30.65723
42316,30.36079
42317,32.42918
42318,31.73413
42319,29.09821
42320,30.66013
42321,34.91541
42322,29.43419
42323,31.37583
42324,44.29772
42325,29.73541
42326,60.38509
42327,47.28489
42328,83.55535
42329,44.41583
42330,99.6069
42331,117.4414
42332,57.35648
42333,58.17424
42334,20.16154
42335,83.33758
42336,25.27711
42337,26.80141
42338,25.88505
42339,25.27265
42340,25.88705
42341,26.79392
42342,0.3611386
42343,27.31653
42344,19.91643
42345,24.4326
42346,24.71201
42347,19.90771
42348,24.08857
42349,22.0302
42350,16.38553
42351,6.243254
42352,22.78329
42353,5.876406
42354,3.599298
42355,1.662397
42356,25.22559
42357,25.22697
42358,0.9987671
42359,4.31008
42360,-0.910462
42361,0.638926
42362,30.82359
42363,37.25885
42364,37.25007
42365,30.82434
42366,46.21284
42367,50.23418
42368,70.19473
42369,40.51502
42370,55.52433
42371,50.22156
42372,122.5869
42373,133.2512
42374,187.9333
42375,123.9074
42376,123.7169
42377,121.0632
42378,120.991
42379,140.8997
42380,155.0881
42381,119.7137
42382,188.4702
42383,26.05211
42384,23.54915
42385,26.26059
42386,24.37091
42387,23.54871
42388,24.46281
42389,24.46028
42390,26.24182
42391,26.25437
42392,5.274484
42393,9.847945
42394,-0.2235155
42395,-1.226784
42396,25.29567
42397,25.29698
42398,25.31608
42399,8.744782
42400,4.959076
42401,3.237351
42402,25.84104
42403,26.39818
42404,26.06166
42405,26.84888
42406,26.49985
42407,26.2709
42408,22.511
42409,28.69411
42410,20.34462
42411,-13.73861
42412,25.52907
42413,23.45066
42414,24.75341
42415,25.16408
42416,25.20155
42417,25.27413
42418,25.27569
42419,25.20434
42420,25.53646
42421,25.53584
42422,-10.08367
42423,2.347645
42424,26.05302
42425,26.45001
42426,25.82708
42427,26.35247
42428,27.06554
42429,26.09028
42430,26.80608
42431,25.0984
42432,26.16499
42433,25.95942
42434,22.92458
42435,1.240477
42436,24.30974
42437,3.316981
42438,-1.43829
42439,-1.256268
42440,0.4367293
42441,20.00175
42442,24.39864
42443,25.17629
42444,25.75271
42445,25.14574
42446,25.33595
42447,25.91003
42448,25.00489
42449,14.12741
42450,-0.2333302
42451,4.607582
42452,-9.06437
42453,26.7201
42454,26.59823
42455,26.23009
42456,25.07724
42457,26.01175
42458,26.01121
42459,26.01184
42460,26.01226
42461,26.43291
42462,26.59084
42463,26.08545
42464,26.42825
42465,25.6249
42466,-11.61278
42467,-3.97677
42468,7.618313
42469,3.125622
42470,26.532
42471,17.29636
42472,23.76758
42473,23.77504
42474,17.29504
42475,21.98035
42476,25.97751
42477,25.71949
42478,25.71862
42479,24.98378
42480,25.85854
42481,25.84817
42482,25.52582
42483,25.85641
42484,25.61375
42485,25.13473
42486,25.95772
42487,13.87171
42488,3.051818
42489,0.9036155
42490,7.096667
42491,27.65744
42492,28.1129
42493,27.20519
42494,26.94084
42495,27.02192
42496,27.176
42497,18.02173
42498,18.02636
42499,61.47623
42500,24.32001
42501,58.33145
42502,58.32784
42503,18.06174
42504,24.93802
42505,53.36775
42506,38.32478
42507,-7.949001
42508,9.746481
42509,8.915048
42510,24.53559
42511,21.42044
42512,24.53893
42513,25.71653
42514,25.51742
42515,25.65925
42516,25.69022
42517,26.1014
42518,26.33982
42519,26.19773
42520,25.61449
42521,26.01696
42522,25.98004
42523,25.22015
42524,2.434719
42525,-0.721224
42526,-1.068567
42527,5.95789
42528,25.25123
42529,25.46385
42530,25.41736
42531,26.0574
42532,25.41373
42533,25.55928
42534,26.15798
42535,24.16271
42536,-1.01471
42537,7.673919
42538,9.057745
42539,22.55136
42540,22.56055
42541,23.16916
42542,23.13167
42543,-6.413908
42544,-1.814286
42545,1E-07
42546,0.2212351
42547,14.00106
42548,14.00583
42549,24.99621
42550,25.3791
42551,25.52936
42552,25.916
42553,25.16359
42554,25.87352
42555,25.58571
42556,25.98381
42557,25.63
42558,-0.7580763
42559,2.728983
42560,1.026512
42561,25.55578
42562,25.64612
42563,23.74554
42564,23.97497
42565,25.79728
42566,25.51365
42567,10.0593
42568,10.06342
42569,25.35971
42570,25.43151
42571,25.56693
42572,25.65541
42573,25.09333
42574,25.74761
42575,25.85177
42576,25.07201
42577,25.74049
42578,26.04771
42579,4.62523
42580,-0.4338265
42581,-20.63441
42582,3.992891
42583,2.699527
42584,1.104916
42585,25.27176
42586,24.02526
42587,25.26289
42588,24.52643
42589,24.52567
42590,22.23372
42591,17.21866
42592,14.74862
42593,22.23708
42594,25.71053
42595,24.84092
42596,24.84087
42597,-10.39321
42598,-13.31982
42599,1.748573
42600,0.001195643
42601,10.31766
42602,18.2156
42603,18.22316
42604,19.99545
42605,20.00874
42606,26.69368
42607,26.88892
42608,26.44448
42609,26.67232
42610,26.74704
42611,23.66099
42612,-3.457433
42613,23.60506
42614,35.06536
42615,23.20148
42616,-3.758391
42617,-0.4811998
42618,4.019249
42619,25.60974
42620,24.77296
42621,24.75851
42622,24.71875
42623,22.8808
42624,24.72111
42625,1.639759
42626,1E-07
42627,15.22439
42628,-0.7624693
42629,0.4270433
42630,21.06095
42631,25.04409
42632,25.11406
42633,25.10896
42634,24.10809
42635,25.04672
42636,-2.349272
42637,-11.92564
42638,0.6951714
42639,20.44081
42640,20.43021
42641,23.8454
42642,23.85275
42643,25.61684
42644,25.62335
42645,13.52846
42646,5.704914
42647,15.01467
42648,12.66334
42649,9.401464
42650,25.59861
42651,23.64603
42652,14.89234
42653,22.65204
42654,23.64313
42655,31.23972
42656,-0.1818818
42657,1E-07
42658,26.95417
42659,24.67224
42660,25.38902
42661,15.56014
42662,26.94876
42663,17.96582
42664,5.745267
42665,-0.8219898
42666,6.928443
42667,20.1038
42668,20.10043
42669,22.37696
42670,25.10249
42671,25.11967
42672,25.57743
42673,24.3147
42674,24.96638
42675,25.57451
42676,25.51321
42677,24.99479
42678,24.84119
42679,25.03906
42680,23.16866
42681,25.27324
42682,24.97018
42683,25.38714
42684,2.03398
42685,24.74266
42686,7.417709
42687,27.83767
42688,13.73836
42689,0.4991249
42690,1E-07
42691,26.60667
42692,26.60797
42693,19.00125
42694,27.27881
42695,27.27558
42696,24.68416
42697,15.75971
42698,30.26533
42699,24.80541
42700,24.80798
42701,25.93408
42702,25.40752
42703,25.6134
42704,25.40062
42705,25.61441
42706,25.68506
42707,25.93302
42708,2.877429
42709,11.86913
42710,11.86934
42711,3.088634
42712,7.055393
42713,2.206676
42714,24.00495
42715,24.85591
42716,24.85507
42717,0.02386956
42718,18.47336
42719,23.7119
42720,25.42784
42721,27.68903
42722,27.69097
42723,25.39204
42724,26.30252
42725,26.29996
42726,23.71221
42727,25.42896
42728,25.09606
42729,25.09161
42730,25.0972
42731,25.07744
42732,25.08254
42733,25.0985
42734,-7.550621
42735,3.809342
42736,3.80873
42737,0.05405799
42738,22.79935
42739,22.50272
42740,25.06987
42741,24.55478
42742,25.07028
42743,25.24182
42744,22.50175
42745,25.28561
42746,1.484864
42747,15.71449
42748,20.44796
42749,21.55185
42750,23.73693
42751,19.9599
42752,20.91575
42753,20.90444
42754,23.71807
42755,19.96967
42756,21.17718
42757,15.71494
42758,-0.3396791
42759,12.14956
42760,25.42887
42761,25.01287
42762,25.32794
42763,25.17282
42764,25.19258
42765,25.34164
42766,25.20435
42767,8.06872
42768,0.5597886
42769,25.04777
42770,21.82308
42771,25.21948
42772,25.1326
42773,24.84672
42774,21.82064
42775,24.94069
42776,25.10675
42777,0.07288928
42778,24.18637
42779,25.83796
42780,26.66162
42781,25.21375
42782,26.64662
42783,19.6856
42784,19.69019
42785,5.770768
42786,13.03086
42787,8.867769
42788,25.46913
42789,25.36659
42790,25.2583
42791,25.28385
42792,25.24624
42793,25.41268
42794,7.019315
42795,8.254107
42796,25.05099
42797,25.35372
42798,25.05352
42799,25.25269
42800,25.131
42801,25.32565
42802,25.2924
42803,25.18965
42804,25.18847
42805,25.34216
42806,9.942376
42807,9.884761
42808,-1.105195
42809,22.43683
42810,24.93625
42811,24.24979
42812,24.26168
42813,16.84402
42814,24.613
42815,16.15883
42816,22.25166
42817,14.51712
42818,7.718788
42819,25.43346
42820,25.54045
42821,25.31456
42822,25.48168
42823,25.45968
42824,25.49202
42825,-2.406832
42826,25.88669
42827,25.72804
42828,25.47903
42829,25.45778
42830,25.68286
42831,25.60987
42832,25.50641
42833,7.908419
42834,7.886509
42835,-4.677366
42836,-4.676586
42837,0.003144308
42838,21.00111
42839,20.99839
42840,24.06588
42841,23.74051
42842,22.98412
42843,24.20498
42844,18.79373
42845,18.78874
42846,21.31084
42847,22.86134
42848,24.06784
42849,25.84737
42850,22.86284
42851,5.541447
42852,3.016559
42853,7.451738
42854,25.30933
42855,25.36516
42856,25.44959
42857,25.36522
42858,25.34491
42859,25.35823
42860,25.30901
42861,-0.9927
42862,6.642324
42863,27.08326
42864,23.68634
42865,28.09025
42866,22.80064
42867,22.15704
42868,24.96227
42869,25.7462
42870,18.77146
42871,23.68078
42872,27.08322
42873,20.07766
42874,28.79346
42875,18.78614
42876,22.69342
42877,20.76211
42878,4.822628
42879,25.37593
42880,25.51867
42881,25.45136
42882,25.43805
42883,25.51961
42884,25.37746
42885,12.57437
42886,12.57222
42887,3.049895
42888,0.01731357
42889,22.27427
42890,22.27292
42891,28.24574
42892,30.07044
42893,28.62063
42894,25.8463
42895,27.74659
42896,28.21506
42897,28.21443
42898,23.46565
42899,24.38791
42900,25.48398
42901,0.3657445
42902,0.4796109
42903,25.24608
42904,25.19594
42905,25.63016
42906,25.6322
42907,25.4317
42908,25.28199
42909,25.48634
42910,25.48915
42911,25.11577
42912,25.18505
42913,24.93916
42914,24.94351
42915,26.15055
42916,25.1838
42917,25.09721
42918,23.67085
42919,23.45103
42920,23.67207
42921,20.11361
42922,20.11526
42923,17.10873
42924,21.16977
42925,23.40129
42926,1.495681
42927,27.74502
42928,29.9941
42929,28.64905
42930,27.57913
42931,28.29601
42932,28.56853
42933,29.74396
42934,26.22217
42935,28.53438
42936,26.50521
42937,28.15591
42938,29.19456
42939,-0.892977
42940,0.06960952
42941,25.65684
42942,25.69697
42943,25.73625
42944,25.53451
42945,25.53334
42946,25.73917
42947,26.56744
42948,26.56454
42949,25.75836
42950,25.714
42951,25.74562
42952,25.7085
42953,22.8793
42954,22.86057
42955,15.77838
42956,16.16051
42957,24.14758
42958,24.89789
42959,24.72647
42960,24.72675
42961,24.12808
42962,24.91652
42963,21.9722
42964,23.06454
42965,1.896041
42966,18.29698
42967,-6.877859
42968,13.13927
42969,29.68488
42970,26.85702
42971,26.29417
42972,29.42312
42973,26.64507
42974,30.8926
42975,30.89372
42976,27.57246
42977,26.64499
42978,27.86857
42979,27.97666
42980,31.5468
42981,13.32966
42982,1.993278
42983,25.22226
42984,25.2229
42985,25.17231
42986,25.17028
42987,25.35799
42988,25.35694
42989,25.34646
42990,25.4311
42991,25.61203
42992,25.61003
42993,26.11651
42994,25.55105
42995,25.68866
42996,25.59021
42997,25.58502
42998,25.12357
42999,25.1321
43000,26.22931
43001,26.21148
43002,30.23837
43003,30.25951
43004,16.22046
43005,16.21256
43006,20.60312
43007,20.60893
43008,11.90957
43009,24.00717
43010,24.00663
43011,24.06453
43012,25.77283
43013,24.75384
43014,25.77086
43015,25.91203
43016,24.99668
43017,22.3586
43018,3.918798
43019,6.038691
43020,29.14939
43021,29.40022
43022,28.03204
43023,31.74832
43024,28.03627
43025,29.45761
43026,31.76202
43027,28.67515
43028,29.45608
43029,34.91433
43030,86.83395
43031,41.97924
43032,54.44033
43033,63.34355
43034,34.47643
43035,28.50902
43036,25.96632
43037,25.9367
43038,25.49448
43039,25.48605
43040,25.73877
43041,25.73986
43042,24.10366
43043,23.83205
43044,24.10624
43045,23.8446
43046,28.53328
43047,28.53679
43048,20.939
43049,20.93884
43050,38.70162
43051,38.7128
43052,25.60891
43053,25.88712
43054,25.94639
43055,25.94876
43056,25.81565
43057,27.1762
43058,27.17763
43059,0.06023012
43060,7.173033
43061,-1.702593
43062,27.24761
43063,27.92369
43064,27.26028
43065,12.32482
43066,27.23554
43067,27.51433
43068,31.39136
43069,31.26386
43070,14.44832
43071,26.9676
43072,33.88003
43073,23.85272
43074,33.88817
43075,26.32176
43076,17.55849
43077,17.52677
43078,29.99662
43079,33.09648
43080,33.08977
43081,28.53673
43082,28.52884
43083,27.98017
43084,26.82711
43085,28.10802
43086,26.81326
43087,28.13054
43088,24.76967
43089,25.91805
43090,27.71156
43091,26.16212
43092,26.43422
43093,-0.1872417
43094,0.9642848
43095,0.1003782
43096,25.96717
43097,26.07029
43098,26.07092
43099,26.38882
43100,25.96617
43101,26.27485
43102,26.26981
43103,19.10574
43104,19.11121
43105,20.09083
43106,20.09043
43107,42.48085
43108,25.57886
43109,25.57507
43110,19.11946
43111,26.30487
43112,25.68213
43113,21.80136
43114,19.12626
43115,27.55725
43116,27.07834
43117,28.22277
43118,27.64739
43119,27.97575
43120,27.29758
43121,29.35738
43122,-0.1017475
43123,0.6169122
43124,2.32352
43125,-0.9073808
43126,29.47426
43127,28.40697
43128,27.00407
43129,27.50046
43130,28.6435
43131,24.05258
43132,29.12807
43133,36.04221
43134,36.24433
43135,40.09654
43136,40.09401
43137,27.64775
43138,18.63394
43139,20.16618
43140,17.24025
43141,16.08213
43142,20.16086
43143,18.74613
43144,25.91464
43145,26.82844
43146,26.78742
43147,26.73197
43148,26.73462
43149,26.72626
43150,26.06808
43151,26.78962
43152,25.91182
43153,28.19807
43154,3.953645
43155,0.9340001
43156,25.23517
43157,25.21403
43158,25.09877
43159,24.95135
43160,25.24028
43161,25.32606
43162,25.20364
43163,25.14356
43164,10.50898
43165,10.50912
43166,1.328825
43167,27.48694
43168,28.55296
43169,29.34054
43170,28.70267
43171,28.88523
43172,-12.95438
43173,27.48427
43174,28.11817
43175,29.02355
43176,19.32147
43177,40.45067
43178,20.19843
43179,20.33452
43180,1.819571
43181,15.49376
43182,11.68728
43183,3.654687
43184,16.52677
43185,21.61596
43186,17.78521
43187,8.343414
43188,27.81191
43189,28.0554
43190,27.69606
43191,28.74573
43192,27.88159
43193,29.5547
43194,28.50279
43195,9.551064
43196,15.37664
43197,12.69873
43198,-5.186498
43199,1.974491
43200,0.2781375
43201,0.002437925
43202,23.96634
43203,27.48835
43204,27.48914
43205,27.6559
43206,27.65807
43207,29.94934
43208,1.667171
43209,18.94799
43210,25.03774
43211,20.97254
43212,17.54344
43213,12.77222
43214,1.340655
43215,27.47141
43216,27.47017
43217,27.24813
43218,29.29752
43219,27.82314
43220,27.81918
43221,27.24785
43222,42.26717
43223,14.16388
43224,35.47626
43225,49.80049
43226,16.73342
43227,35.24725
43228,40.54531
43229,62.30404
43230,38.24864
43231,0.6983647
43232,25.12903
43233,25.60371
43234,25.60016
43235,1.149083
43236,2.839657
43237,28.08502
43238,28.03837
43239,28.03955
43240,29.32356
43241,29.32339
43242,29.60264
43243,21.90232
43244,34.72994
43245,21.90232
43246,8.168982
43247,8.450222
43248,28.8422
43249,84.82931
43250,51.9531
43251,53.62682
43252,51.65824
43253,38.57365
43254,72.98997
43255,47.30416
43256,37.75013
43257,25.45851
43258,25.45758
43259,16.99856
43260,16.97231
43261,25.17575
43262,25.34252
43263,25.31301
43264,25.27023
43265,25.84556
43266,23.45341
43267,20.48684
43268,20.4779
43269,22.81373
43270,22.81445
43271,-1.107439
43272,28.87553
43273,29.86887
43274,29.09677
43275,28.81743
43276,29.09854
43277,34.05656
43278,33.91165
43279,38.03941
43280,38.05797
43281,15.83289
43282,39.92579
43283,17.79289
43284,18.62925
43285,15.08309
43286,26.96375
43287,-1.35604
43288,0.0171494
43289,29.51097
43290,29.20095
43291,29.19762
43292,28.46407
43293,28.45699
43294,29.30039
43295,28.30955
43296,36.52186
43297,18.92873
43298,41.76435
43299,27.79371
43300,42.75203
43301,28.19272
43302,28.22795
43303,28.75489
43304,29.67497
43305,28.7687
43306,28.22674
43307,28.47672
43308,28.47987
43309,14.84033
43310,-3.872922
43311,0.7868344
43312,-0.4234702
43313,3.13882
43314,6.703336
43315,1E-07
43316,0.4218025
43317,-2.389907
43318,-4.930406
43319,9.047611
43320,9.043535
43321,29.36223
43322,30.42542
43323,30.63974
43324,29.35599
43325,29.76524
43326,29.76655
43327,-1.849952
43328,-4.578581
43329,-1.665969
43330,-3.350132
43331,11.98684
43332,11.41286
43333,2.733408
43334,0.8781506
43335,6.036029
43336,26.98729
43337,26.98625
43338,28.67703
43339,29.43724
43340,28.34379
43341,28.66675
43342,28.36542
43343,31.38368
43344,30.78906
43345,13.72648
43346,32.20813
43347,5.636369
43348,45.67852
43349,14.3587
43350,-8.789171
43351,25.27037
43352,25.10804
43353,25.20332
43354,25.21223
43355,25.11082
43356,12.97927
43357,14.18812
43358,4.852627
43359,5.736488
43360,-2.131704
43361,10.29502
43362,10.29507
43363,4.516293
43364,4.472239
43365,40.09621
43366,40.05791
43367,43.84974
43368,43.31269
43369,43.83582
43370,43.3075
43371,13.10783
43372,19.45501
43373,24.9258
43374,20.65509
43375,0.9844807
43376,25.0605
43377,25.38982
43378,25.3653
43379,25.41839
43380,25.4148
43381,25.27347
43382,25.27504
43383,4.791781
43384,1.187065
43385,17.36871
43386,26.20744
43387,26.22348
43388,25.96228
43389,28.96424
43390,25.94257
43391,28.94998
43392,17.28901
43393,0.4998872
43394,7.221581
43395,23.37783
43396,52.52307
43397,52.52467
43398,28.32945
43399,30.77083
43400,20.00173
43401,28.32701
43402,24.88827
43403,19.99448
43404,23.20131
43405,43.04421
43406,6.363897
43407,11.64683
43408,25.41269
43409,25.29696
43410,25.16158
43411,25.06967
43412,25.18908
43413,25.4117
43414,25.66042
43415,24.60284
43416,24.84505
43417,25.29049
43418,9.693584
43419,2.850049
43420,18.49621
43421,-3.115114
43422,21.50723
43423,7.91473
43424,-3.620325
43425,1.034242
43426,4.973233
43427,33.10308
43428,22.3965
43429,28.10827
43430,29.01987
43431,28.94084
43432,28.94012
43433,0.6355358
43434,4.457939
43435,-1.020816
43436,1E-07
43437,25.51495
43438,25.50347
43439,25.61173
43440,25.99784
43441,25.57208
43442,25.50842
43443,25.50778
43444,24.54425
43445,25.4776
43446,2.070489
43447,11.82878
43448,-0.7646431
43449,2.083131
43450,5.110811
43451,13.24561
43452,-18.49084
43453,16.50492
43454,27.51058
43455,29.69333
43456,27.38724
43457,29.46862
43458,29.45782
43459,29.96337
43460,29.45343
43461,12.29892
43462,5.768038
43463,9.990405
43464,14.01575
43465,3.542941
43466,5.091425
43467,26.28974
43468,25.9625
43469,25.96353
43470,25.42244
43471,25.38943
43472,26.41642
43473,24.77353
43474,20.97297
43475,1.50135
43476,7.561707
43477,1E-07
43478,26.5299
43479,-1.357661
43480,29.53186
43481,29.57764
43482,29.1481
43483,31.3822
43484,29.22138
43485,30.72668
43486,30.77265
43487,27.82158
43488,19.49557
43489,21.3719
43490,13.85754
43491,25.43671
43492,29.72116
43493,26.15079
43494,25.66799
43495,26.91089
43496,26.04347
43497,28.23282
43498,22.79428
43499,-0.163762
43500,3.626032
43501,8.496635
43502,22.77973
43503,22.17212
43504,-0.0192142
43505,6.118435
43506,-1.952322
43507,28.25939
43508,30.43872
43509,30.4482
43510,31.88068
43511,28.26217
43512,29.06933
43513,30.10727
43514,31.86073
43515,31.86787
43516,39.763
43517,55.86432
43518,28.88785
43519,35.83199
43520,56.43564
43521,35.85625
43522,29.87601
43523,105.5383
43524,22.04232
43525,11.9748
43526,22.04232
43527,22.04232
43528,22.88009
43529,25.35745
43530,25.36029
43531,22.85549
43532,10.76435
43533,10.77641
43534,9.118631
43535,8.907311
43536,24.73854
43537,27.63915
43538,26.20014
43539,26.16164
43540,27.1528
43541,26.75413
43542,26.17149
43543,6.820814
43544,7.049473
43545,1.504503
43546,1.695132
43547,1.28822
43548,35.42197
43549,37.30272
43550,35.32839
43551,36.27853
43552,37.30106
43553,142.6005
43554,125.3422
43555,126.1782
43556,126.1817
43557,104.9349
43558,133.7725
43559,63.09476
43560,142.6015
43561,130.2539
43562,79.52896
43563,101.5043
43564,79.40807
43565,107.3058
43566,127.0909
43567,182.0519
43568,112.8981
43569,120.6222
43570,131.7267
43571,99.22053
43572,160.0134
43573,124.964
43574,212.4618
43575,141.7796
43576,124.8035
43577,111.2765
43578,100.7183
43579,107.6011
43580,26.33782
43581,26.70212
43582,26.57196
43583,26.43952
43584,25.98102
43585,26.4176
43586,-0.6656006
43587,2.160253
43588,5.99892
43589,-0.889864
43590,1.547709
43591,1.531666
43592,2.985582
43593,25.85691
43594,26.31207
43595,26.31227
43596,26.6755
43597,25.87081
43598,26.17083
43599,25.75897
43600,25.81793
43601,26.16938
43602,7.393193
43603,2.8726
43604,0.3937102
43605,4.04644
43606,1.180983
43607,24.60516
43608,24.57005
43609,12.09975
43610,2.883873
43611,25.58947
43612,25.71239
43613,25.71325
43614,25.96654
43615,26.00304
43616,25.48764
43617,25.48816
43618,1.912802
43619,28.09421
43620,12.58804
43621,0.5689628
43622,7.44766
43623,25.35927
43624,17.81667
43625,25.35897
43626,15.64948
43627,25.48425
43628,25.48478
43629,25.32253
43630,24.08188
43631,24.04826
43632,1.500507
43633,0.6252344
43634,13.70838
43635,-1.7754
43636,-2.045698
43637,25.79195
43638,26.55765
43639,26.81188
43640,25.97112
43641,25.94086
43642,26.52149
43643,25.8404
43644,26.51915
43645,25.96975
43646,25.96477
43647,4.062167
43648,0.03462243
43649,4.151609
43650,14.68103
43651,14.3737
43652,25.27377
43653,23.03386
43654,25.30323
43655,25.119
43656,24.77533
43657,25.30153
43658,25.1429
43659,21.04728
43660,25.26497
43661,25.11034
43662,25.29036
43663,25.18687
43664,25.18305
43665,26.35786
43666,25.09353
43667,25.69303
43668,26.25362
43669,3.103204
43670,-0.7642701
43671,17.67342
43672,14.72548
43673,4.09007
43674,27.96346
43675,26.80742
43676,26.76773
43677,27.34253
43678,27.37124
43679,26.78624
43680,15.44025
43681,18.5757
43682,10.80897
43683,18.59607
43684,18.82417
43685,4.646778
43686,18.93974
43687,25.35724
43688,25.4027
43689,26.80031
43690,25.42479
43691,25.42435
43692,25.38929
43693,26.04305
43694,25.22441
43695,25.23092
43696,25.36253
43697,25.22848
43698,25.40604
43699,25.53413
43700,26.52791
43701,25.92683
43702,25.51905
43703,25.91942
43704,25.151
43705,25.9234
43706,25.1519
43707,25.82874
43708,0.1873695
43709,2.639512
43710,-3.557593
43711,-0.146538
43712,25.29237
43713,25.29038
43714,25.27799
43715,24.04106
43716,25.45381
43717,25.45282
43718,25.27724
43719,25.45499
43720,25.66293
43721,25.68402
43722,25.46096
43723,25.66999
43724,24.16318
43725,26.36151
43726,27.05907
43727,24.7183
43728,-0.8672153
43729,7.264348
43730,4.557295
43731,6.693013
43732,-5.216948
43733,-5.608263
43734,-7.732207
43735,3.429357
43736,7.315522
43737,25.64114
43738,25.30656
43739,25.31764
43740,25.38867
43741,24.45654
43742,25.62314
43743,25.56868
43744,25.39482
43745,25.44489
43746,25.63792
43747,8.58101
43748,8.59583
43749,5.994515
43750,14.88539
43751,14.87587
43752,25.45929
43753,25.72445
43754,25.4547
43755,23.44127
43756,26.45542
43757,-7.065672
43758,-0.5488957
43759,-2.854307
43760,-1.243313
43761,6.802156
43762,-0.1280851
43763,25.54376
43764,25.5377
43765,25.85646
43766,25.85561
43767,25.41154
43768,20.56915
43769,25.41093
43770,25.08357
43771,-0.3697492
43772,3.10148
43773,25.73779
43774,25.60907
43775,26.52328
43776,25.30665
43777,25.35033
43778,25.8751
43779,24.93589
43780,25.52107
43781,25.51937
43782,25.32172
43783,25.71555
43784,26.06116
43785,24.89483
43786,-11.67529
43787,-0.03855228
43788,-0.5863542
43789,0.2638574
43790,0.457978
43791,25.80319
43792,25.58827
43793,25.89852
43794,24.13875
43795,25.34123
43796,25.58511
43797,25.00634
43798,25.32166
43799,25.31714
43800,14.58068
43801,10.11765
43802,18.089
43803,26.45948
43804,26.1281
43805,26.26023
43806,26.47233
43807,26.37128
43808,26.66292
43809,-2.070996
43810,29.73616
43811,15.63565
43812,25.50599
43813,53.13185
43814,15.02659
43815,59.3315
43816,32.78927
43817,46.3888
43818,38.14665
43819,46.14211
43820,1.585083
43821,0.01151363
43822,-0.04392396
43823,0.2152774
43824,25.69694
43825,25.85878
43826,25.72614
43827,26.04044
43828,26.03466
43829,26.03971
43830,25.00773
43831,25.34455
43832,25.35888
43833,16.33229
43834,8.990745
43835,-0.7081366
43836,17.97503
43837,20.27716
43838,20.27295
43839,14.0466
43840,0.4359453
43841,0.7055947
43842,25.90758
43843,26.39954
43844,25.90873
43845,25.02112
43846,26.31713
43847,25.55442
43848,26.28574
43849,25.73268
43850,26.40247
43851,24.53284
43852,16.89144
43853,23.38097
43854,19.56554
43855,26.01221
43856,22.34906
43857,22.34741
43858,17.74542
43859,26.28808
43860,23.40846
43861,25.22336
43862,23.41016
43863,25.16438
43864,25.34001
43865,25.22192
43866,19.58573
43867,20.05562
43868,20.04843
43869,23.11204
43870,2.298247
43871,7.051872
43872,-0.1059129
43873,0.8445224
43874,0.01572743
43875,25.63728
43876,27.07074
43877,24.87335
43878,26.26747
43879,26.04324
43880,26.26465
43881,26.53212
43882,25.89045
43883,21.34621
43884,18.2135
43885,14.07901
43886,11.90416
43887,22.61695
43888,20.42255
43889,20.41091
43890,21.33973
43891,16.45024
43892,3.052325
43893,2.106477
43894,3.362695
43895,22.32371
43896,23.66028
43897,26.56529
43898,25.82029
43899,25.81801
43900,20.33874
43901,25.10337
43902,29.16679
43903,25.35039
43904,25.96071
43905,23.87316
43906,25.96681
43907,25.35387
43908,26.50603
43909,29.19064
43910,10.56896
43911,29.42573
43912,2.955457
43913,0.03447991
43914,26.5647
43915,26.92223
43916,26.03963
43917,26.35369
43918,26.38503
43919,25.87977
43920,27.72359
43921,26.37173
43922,27.67984
43923,19.42506
43924,18.8634
43925,18.78589
43926,25.33489
43927,25.3301
43928,13.47483
43929,18.78178
43930,12.39728
43931,14.06218
43932,7.745026
43933,4.424631
43934,25.57473
43935,25.53603
43936,25.20581
43937,25.18851
43938,25.56749
43939,25.56833
43940,25.80266
43941,14.70771
43942,14.70411
43943,26.58363
43944,27.42017
43945,25.37578
43946,25.75423
43947,26.47367
43948,25.75431
43949,26.50149
43950,4.442909
43951,-4.233685
43952,4.23869
43953,13.03861
43954,10.4501
43955,9.462712
43956,44.7843
43957,37.88359
43958,29.54633
43959,30.70311
43960,25.97811
43961,38.74604
43962,28.41021
43963,28.4181
43964,25.96664
43965,26.40204
43966,15.3427
43967,8.437382
43968,11.11413
43969,15.56373
43970,25.70703
43971,16.18851
43972,19.00349
43973,25.70616
43974,1.89489
43975,1.022479
43976,24.95334
43977,20.96297
43978,25.09633
43979,25.11267
43980,20.9635
43981,24.96758
43982,25.53205
43983,25.72829
43984,24.39526
43985,25.37952
43986,25.47593
43987,25.46156
43988,25.15571
43989,25.31139
43990,25.2866
43991,25.47786
43992,-8.13009
43993,13.49377
43994,5.749667
43995,3.284853
43996,-0.1373419
43997,1.201062
43998,1.688933
43999,44.20108
44000,43.46866
44001,26.14148
44002,28.83166
44003,36.20857
44004,31.99494
44005,26.03381
44006,26.01347
44007,28.8361
44008,27.81953
44009,22.03349
44010,21.72069
44011,21.13126
44012,-1.914023
44013,21.91497
44014,25.26916
44015,25.13904
44016,25.12744
44017,25.13286
44018,25.7908
44019,25.28798
44020,26.11023
44021,25.42712
44022,25.70819
44023,25.84985
44024,25.78644
44025,-4.477494
44026,-1.465997
44027,-5.482944
44028,20.42436
44029,20.42292
44030,-3.577563
44031,2.768862
44032,28.63802
44033,27.23177
44034,29.1248
44035,26.36965
44036,27.80179
44037,22.75359
44038,28.46934
44039,29.12539
44040,11.05479
44041,16.68947
44042,18.0921
44043,24.54291
44044,24.54954
44045,17.43071
44046,17.4305
44047,15.34146
44048,0.6119238
44049,3.56356
44050,25.41552
44051,24.54897
44052,25.32992
44053,25.47215
44054,25.18921
44055,25.13499
44056,25.62708
44057,25.78429
44058,26.27097
44059,25.93804
44060,25.29976
44061,25.78294
44062,26.41136
44063,25.8072
44064,25.9598
44065,22.69547
44066,22.69641
44067,24.77598
44068,24.7583
44069,19.28992
44070,19.26353
44071,-2.262876
44072,31.28321
44073,28.86466
44074,28.86874
44075,37.19441
44076,28.46607
44077,31.29803
44078,29.01321
44079,28.1347
44080,26.47773
44081,29.0125
44082,25.46922
44083,15.50409
44084,19.75802
44085,19.42476
44086,19.46829
44087,17.69284
44088,24.07287
44089,3.080165
44090,3.11938
44091,4.805438
44092,25.15318
44093,25.28856
44094,25.30686
44095,25.35323
44096,25.30345
44097,25.38555
44098,25.39565
44099,25.91205
44100,25.64249
44101,25.62412
44102,25.50723
44103,25.64393
44104,26.0278
44105,25.7187
44106,25.37695
44107,3.023324
44108,5.98001
44109,25.98848
44110,26.16657
44111,25.85247
44112,25.53472
44113,25.54836
44114,13.75994
44115,13.74969
44116,-3.536523
44117,-1.464876
44118,40.13475
44119,33.3157
44120,28.43497
44121,32.03726
44122,28.14244
44123,31.15984
44124,27.31748
44125,28.73977
44126,30.58911
44127,23.83486
44128,30.58578
44129,27.70358
44130,27.91598
44131,-0.03983321
44132,11.25713
44133,10.921
44134,14.29793
44135,25.92776
44136,10.95343
44137,19.53141
44138,26.0426
44139,11.25602
44140,0.1273413
44141,25.34863
44142,25.34491
44143,25.32648
44144,25.36154
44145,25.23037
44146,25.23577
44147,25.66133
44148,25.82812
44149,25.93476
44150,25.86046
44151,25.8621
44152,25.9011
44153,25.89893
44154,25.65891
44155,11.14318
44156,11.10718
44157,12.75528
44158,-0.1342076
44159,22.03313
44160,22.03996
44161,27.96736
44162,29.7106
44163,29.68789
44164,29.23603
44165,29.41684
44166,34.11725
44167,22.33408
44168,27.97124
44169,27.5505
44170,34.11108
44171,7.757754
44172,14.73462
44173,16.80786
44174,17.46566
44175,16.80581
44176,18.64832
44177,12.53285
44178,17.48502
44179,2.976444
44180,1.501515
44181,25.30936
44182,25.48946
44183,25.50835
44184,25.30762
44185,25.50825
44186,25.2949
44187,25.31696
44188,26.08439
44189,26.36546
44190,26.42497
44191,26.42456
44192,25.98194
44193,24.86409
44194,25.98624
44195,25.64204
44196,25.97645
44197,10.46737
44198,10.40805
44199,11.65435
44200,11.64275
44201,0.4091445
44202,1.880717
44203,1.797487
44204,25.30112
44205,25.2086
44206,25.20483
44207,19.57885
44208,25.13641
44209,19.88361
44210,25.21469
44211,25.24993
44212,23.64975
44213,-4.120278
44214,31.63511
44215,28.22169
44216,32.21072
44217,29.52609
44218,31.63148
44219,27.47245
44220,28.64394
44221,29.26399
44222,28.22074
44223,27.52905
44224,32.21336
44225,16.56146
44226,27.13939
44227,25.57654
44228,25.64181
44229,27.68065
44230,30.34058
44231,23.54682
44232,25.58142
44233,26.94378
44234,5.964968
44235,25.35887
44236,25.65283
44237,25.68795
44238,25.65104
44239,25.43543
44240,25.42404
44241,24.98904
44242,25.05018
44243,24.98876
44244,26.68683
44245,26.10076
44246,26.266
44247,26.0983
44248,26.2338
44249,26.61642
44250,26.6787
44251,22.15608
44252,20.13954
44253,22.21409
44254,6.145974
44255,8.775589
44256,-5.740515
44257,20.13287
44258,0.2914505
44259,23.97707
44260,25.50032
44261,25.42197
44262,24.94601
44263,25.32052
44264,25.46325
44265,25.35605
44266,25.43134
44267,1.59591
44268,-0.8213444
44269,30.08694
44270,32.54349
44271,30.08839
44272,29.79377
44273,29.91598
44274,27.40199
44275,30.82885
44276,28.36169
44277,30.11886
44278,32.5824
44279,28.90737
44280,27.11796
44281,28.28448
44282,24.20206
44283,28.27407
44284,25.34459
44285,25.35109
44286,29.72734
44287,29.72505
44288,0.8275114
44289,-0.1141657
44290,25.76433
44291,25.56392
44292,25.65079
44293,25.87147
44294,26.13996
44295,21.34133
44296,26.38527
44297,26.16939
44298,21.35748
44299,26.39103
44300,23.65639
44301,23.6771
44302,25.2949
44303,25.27283
44304,29.26054
44305,25.29836
44306,27.05704
44307,27.42974
44308,29.26041
44309,27.2428
44310,25.7852
44311,25.30208
44312,7.690766
44313,7.697454
44314,14.77852
44315,11.02349
44316,14.91467
44317,20.77498
44318,10.69858
44319,12.63975
44320,2.447872
44321,25.41184
44322,25.62283
44323,24.43745
44324,25.63159
44325,22.90635
44326,25.58939
44327,25.58941
44328,25.64524
44329,25.01695
44330,-0.007505094
44331,41.34819
44332,38.153
44333,29.78583
44334,34.8821
44335,27.07539
44336,35.44598
44337,31.09783
44338,30.77518
44339,30.77782
44340,34.88323
44341,35.36996
44342,34.70119
44343,37.18782
44344,34.68719
44345,29.89874
44346,26.88904
44347,24.41464
44348,24.41478
44349,24.54326
44350,29.01387
44351,29.66751
44352,25.62463
44353,28.23367
44354,31.07613
44355,29.41978
44356,29.16131
44357,28.81987
44358,28.89972
44359,27.72329
44360,26.46165
44361,28.87888
44362,4.463202
44363,25.54924
44364,25.24025
44365,25.27922
44366,25.60332
44367,25.40512
44368,25.19062
44369,25.86447
44370,25.87448
44371,25.95667
44372,25.61095
44373,16.09241
44374,25.90201
44375,26.68971
44376,24.47682
44377,24.47827
44378,27.30104
44379,25.20455
44380,25.20487
44381,27.30807
44382,25.38092
44383,25.34729
44384,25.34745
44385,25.01061
44386,25.00733
44387,25.3784
44388,28.06046
44389,29.74034
44390,27.49922
44391,27.7514
44392,28.63784
44393,27.75191
44394,26.19553
44395,-3.018608
44396,12.70157
44397,15.51017
44398,4.638069
44399,25.25471
44400,24.80363
44401,25.57392
44402,25.8897
44403,25.70197
44404,25.69637
44405,25.57276
44406,25.42069
44407,4.724965
44408,32.22583
44409,41.98701
44410,25.58858
44411,30.44825
44412,41.99576
44413,43.08868
44414,32.2813
44415,25.59604
44416,43.09979
44417,30.4502
44418,32.02542
44419,26.46912
44420,27.83439
44421,25.90704
44422,25.89986
44423,32.03121
44424,25.03617
44425,50.40374
44426,59.78174
44427,25.76047
44428,25.76262
44429,26.06584
44430,25.55077
44431,25.70924
44432,22.95681
44433,16.86506
44434,24.53927
44435,24.54126
44436,23.06848
44437,23.52068
44438,21.84389
44439,23.22115
44440,26.54038
44441,36.07312
44442,26.54204
44443,40.85949
44444,40.85638
44445,36.07222
44446,26.67717
44447,27.85679
44448,28.71005
44449,27.85668
44450,25.46172
44451,28.77506
44452,28.70937
44453,26.72546
44454,26.71985
44455,13.88855
44456,11.13994
44457,22.63422
44458,16.5543
44459,15.82265
44460,26.19774
44461,26.19986
44462,9.386687
44463,25.85021
44464,26.25332
44465,25.85203
44466,25.4748
44467,25.65542
44468,25.65506
44469,25.90892
44470,24.25292
44471,25.46756
44472,1.512875
44473,26.16934
44474,27.17192
44475,26.3005
44476,26.30447
44477,26.99386
44478,26.16848
44479,30.30064
44480,29.98556
44481,35.34089
44482,30.32698
44483,35.35202
44484,29.42124
44485,24.12832
44486,-6.594908
44487,-6.512276
44488,36.05062
44489,36.04522
44490,52.23043
44491,32.0093
44492,31.80271
44493,13.95875
44494,37.50447
44495,31.81119
44496,13.9629
44497,37.495
44498,26.11597
44499,25.6004
44500,27.53819
44501,26.79129
44502,27.53071
44503,26.37552
44504,26.70871
44505,26.40281
44506,27.62482
44507,27.24802
44508,27.49631
44509,25.85982
44510,29.84763
44511,25.85553
44512,20.32753
44513,24.74526
44514,26.57208
44515,0.6615493
44516,25.71562
44517,26.41629
44518,26.03247
44519,25.69477
44520,25.18633
44521,25.897
44522,25.49106
44523,23.76547
44524,25.69285
44525,1.535464
44526,27.90738
44527,26.21679
44528,26.28658
44529,27.23631
44530,27.69933
44531,27.51629
44532,17.67828
44533,17.66342
44534,20.85441
44535,20.88597
44536,16.14533
44537,16.43993
44538,30.2904
44539,30.30331
44540,28.14768
44541,23.18032
44542,28.15623
44543,23.17948
44544,29.18684
44545,28.62624
44546,26.85916
44547,26.13886
44548,28.95974
44549,27.88736
44550,28.74266
44551,27.84949
44552,27.09798
44553,28.2586
44554,28.63641
44555,28.32998
44556,27.8597
44557,28.2074
44558,29.14514
44559,28.88033
44560,27.85721
44561,25.41928
44562,1.717067
44563,-1.683041
44564,26.03796
44565,25.95432
44566,26.78777
44567,26.32386
44568,24.63188
44569,25.20872
44570,25.82189
44571,26.36362
44572,25.97862
44573,25.96661
44574,3.674879
44575,20.24638
44576,24.09945
44577,24.10277
44578,30.00277
44579,28.09656
44580,33.13073
44581,28.09727
44582,32.85998
44583,28.42072
44584,28.42001
44585,14.1941
44586,14.20541
44587,20.14311
44588,20.12915
44589,20.47515
44590,20.47947
44591,20.35467
44592,18.40903
44593,19.85033
44594,28.86942
44595,28.15312
44596,27.23429
44597,26.78999
44598,29.1546
44599,29.63784
44600,29.89536
44601,27.6947
44602,27.89877
44603,30.03822
44604,29.73045
44605,27.14805
44606,27.42269
44607,29.8468
44608,27.91415
44609,29.95565
44610,27.43156
44611,28.17904
44612,27.42305
44613,28.7456
44614,28.12255
44615,6.561441
44616,25.21864
44617,25.08417
44618,25.1954
44619,22.61842
44620,25.21752
44621,27.0153
44622,26.59374
44623,25.84912
44624,25.10488
44625,26.26268
44626,25.99329
44627,26.50233
44628,26.26477
44629,27.0182
44630,1.314432
44631,25.55323
44632,25.48682
44633,25.48547
44634,24.266
44635,25.33315
44636,25.01045
44637,25.0178
44638,21.48557
44639,24.16996
44640,21.92133
44641,30.63292
44642,27.26623
44643,27.94374
44644,26.81314
44645,27.94295
44646,34.52503
44647,23.38317
44648,2.479699
44649,34.52744
44650,20.56317
44651,10.7905
44652,10.79503
44653,4.478239
44654,29.65089
44655,29.72772
44656,29.08809
44657,29.38002
44658,29.07796
44659,29.65054
44660,29.12539
44661,29.37773
44662,33.88336
44663,31.63816
44664,29.30865
44665,31.44039
44666,29.09234
44667,30.54062
44668,35.19838
44669,48.79384
44670,30.27839
44671,30.91502
44672,26.9625
44673,26.66731
44674,27.02602
44675,26.44903
44676,26.50665
44677,25.85426
44678,26.49501
44679,23.46082
44680,25.34562
44681,25.34575
44682,25.65649
44683,25.31184
44684,25.68455
44685,21.12775
44686,25.41727
44687,25.40936
44688,25.31601
44689,-0.01411684
44690,29.72073
44691,28.42536
44692,26.91399
44693,29.66803
44694,29.01572
44695,26.9123
44696,28.4209
44697,19.45015
44698,-6.336696
44699,21.55654
44700,27.95989
44701,37.92335
44702,37.91117
44703,14.97881
44704,28.3858
44705,32.00518
44706,44.42566
44707,42.30206
44708,45.14488
44709,45.27651
44710,28.21996
44711,27.23538
44712,25.28665
44713,25.20024
44714,27.06485
44715,27.50737
44716,27.1901
44717,26.43321
44718,26.84745
44719,26.9142
44720,25.06758
44721,25.06778
44722,25.47218
44723,25.47509
44724,28.55224
44725,18.96151
44726,2.39317
44727,25.95075
44728,25.66802
44729,25.6202
44730,24.51319
44731,25.80314
44732,25.14225
44733,25.80483
44734,0.4658944
44735,29.54443
44736,28.68698
44737,30.3575
44738,29.0711
44739,28.93709
44740,28.68667
44741,28.85443
44742,28.01055
44743,28.00796
44744,79.22162
44745,34.33873
44746,34.34097
44747,56.61657
44748,52.02674
44749,39.1466
44750,82.80805
44751,82.76174
44752,67.43058
44753,30.80422
44754,26.34923
44755,10.43036
44756,10.43036
44757,26.75032
44758,26.74421
44759,26.48651
44760,26.47253
44761,26.43491
44762,27.34556
44763,27.26415
44764,22.2559
44765,28.14519
44766,23.43914
44767,26.45583
44768,26.45641
44769,1.249746
44770,25.01209
44771,25.54989
44772,23.52718
44773,25.88553
44774,25.85595
44775,25.39468
44776,25.60682
44777,25.60308
44778,28.03399
44779,28.64975
44780,28.03427
44781,28.77183
44782,7.264319
44783,11.55114
44784,11.36794
44785,12.11929
44786,6.368284
44787,38.18843
44788,20.47402
44789,35.33001
44790,35.32141
44791,32.10967
44792,32.32229
44793,41.43454
44794,57.57549
44795,25.60345
44796,25.59351
44797,-15.53674
44798,27.25607
44799,26.36428
44800,27.82329
44801,28.81143
44802,27.21594
44803,25.79622
44804,28.82212
44805,28.06241
44806,27.57927
44807,28.9858
44808,28.98198
44809,26.70078
44810,25.58891
44811,26.13679
44812,24.99949
44813,26.95499
44814,26.49091
44815,25.75954
44816,25.69018
44817,24.99908
44818,28.7613
44819,0.2882402
44820,25.98775
44821,25.98651
44822,25.9559
44823,25.90674
44824,25.62673
44825,25.74737
44826,25.76141
44827,25.38823
44828,25.15865
44829,25.6285
44830,25.90209
44831,1.75883
44832,1.643506
44833,30.47578
44834,29.7758
44835,28.61542
44836,29.74387
44837,29.41737
44838,28.61518
44839,29.45233
44840,29.49765
44841,29.50126
44842,-7.64908
44843,22.28213
44844,6.457321
44845,35.34969
44846,33.46346
44847,17.96461
44848,19.35803
44849,-5.960289
44850,26.49425
44851,10.17443
44852,10.12985
44853,26.48596
44854,-27.23103
44855,12.78899
44856,27.4642
44857,27.13831
44858,28.62872
44859,28.60499
44860,28.60277
44861,28.16501
44862,28.16527
44863,28.62873
44864,27.4654
44865,32.26344
44866,32.79673
44867,32.79589
44868,24.38768
44869,24.3877
44870,35.9768
44871,10.86707
44872,13.28918
44873,-4.239078
44874,25.59094
44875,25.6406
44876,25.36867
44877,25.9456
44878,26.27893
44879,25.85578
44880,25.6034
44881,25.67445
44882,29.54836
44883,29.54812
44884,28.2451
44885,29.20151
44886,29.20154
44887,19.51339
44888,22.80385
44889,3.93859
44890,36.75053
44891,1E-07
44892,9.254325
44893,12.90274
44894,7.581685
44895,18.27373
44896,18.28006
44897,0.5979962
44898,26.09372
44899,26.02917
44900,27.30268
44901,25.48458
44902,26.27019
44903,26.29975
44904,26.09402
44905,0.0003422489
44906,0.1701101
44907,30.49295
44908,30.49356
44909,29.22081
44910,29.35346
44911,29.35386
44912,29.21995
44913,29.71701
44914,5.438267
44915,13.57309
44916,30.97407
44917,48.94801
44918,27.51283
44919,32.8175
44920,-0.9391498
44921,5.540892
44922,16.30483
44923,7.661044
44924,7.963129
44925,26.08521
44926,26.08317
44927,25.81518
44928,25.23976
44929,25.86436
44930,25.86148
44931,26.39643
44932,26.2281
44933,26.76637
44934,26.39553
44935,25.68026
44936,26.0152
44937,-6.541701E-05
44938,27.98506
44939,30.02488
44940,26.7009
44941,26.69382
44942,27.98408
44943,29.84507
44944,8.370892
44945,1.315416
44946,14.32731
44947,9.823977
44948,0.3364201
44949,9.815587
44950,-2.018354
44951,4.473383
44952,23.94954
44953,21.91484
44954,21.93402
44955,1.652842
44956,16.86732
44957,5.464497
44958,12.35118
44959,-4.082354
44960,3.708612
44961,6.091094
44962,26.21754
44963,26.37969
44964,26.297
44965,27.55046
44966,27.55673
44967,26.29126
44968,28.11773
44969,27.5705
44970,28.1183
44971,0.5943473
44972,2.482013
44973,36.12699
44974,26.06831
44975,37.9882
44976,37.98067
44977,26.06653
44978,27.26334
44979,27.26564
44980,23.58697
44981,27.28419
44982,26.43859
44983,8.253573
44984,10.71896
44985,0.001121222
44986,19.93742
44987,7.113436
44988,29.15486
44989,25.39755
44990,28.19421
44991,25.09052
44992,20.90154
44993,29.1266
44994,1E-07
44995,25.26026
44996,25.25861
44997,25.14799
44998,25.15064
44999,5.730945
45000,3.496448
45001,5.242451
45002,-5.687823
45003,-11.85569
45004,-0.1230674
45005,26.53183
45006,27.71698
45007,27.72096
45008,29.12863
45009,27.27051
45010,22.70957
45011,16.87025
45012,16.87704
45013,21.16648
45014,21.17887
45015,-3.044908
45016,-0.07406332
45017,30.07301
45018,30.06981
45019,10.45346
45020,6.651149
45021,18.84324
45022,12.81904
45023,28.11402
45024,25.24283
45025,25.24312
45026,25.33119
45027,25.3299
45028,20.13737
45029,28.11158
45030,25.41211
45031,21.92568
45032,25.1859
45033,22.77921
45034,25.1806
45035,25.16291
45036,25.17995
45037,7.884021
45038,2.433125
45039,13.71129
45040,15.81112
45041,-1.315111
45042,8.300775
45043,30.02347
45044,30.38948
45045,30.39908
45046,31.168
45047,31.13969
45048,31.17298
45049,3.800881
45050,13.33573
45051,6.883734
45052,11.3343
45053,17.21503
45054,3.726202
45055,25.10248
45056,25.37411
45057,25.37481
45058,25.27806
45059,25.27692
45060,0.4006439
45061,25.42503
45062,25.4323
45063,25.12505
45064,25.19334
45065,25.68407
45066,25.68353
45067,25.26605
45068,24.04683
45069,23.57256
45070,25.19337
45071,4.10639
45072,16.34666
45073,16.44503
45074,0.7197362
45075,0.02753968
45076,5.541219
45077,-1.764614
45078,2.749612
45079,31.23131
45080,30.80297
45081,31.01302
45082,31.46903
45083,31.35717
45084,31.86276
45085,30.80208
45086,13.30963
45087,11.20118
45088,4.714203
45089,11.15395
45090,15.5086
45091,25.48107
45092,25.70711
45093,25.81796
45094,25.35468
45095,25.4182
45096,25.50931
45097,25.7723
45098,25.65521
45099,25.7026
45100,25.80683
45101,25.90022
45102,24.06445
45103,25.71955
45104,25.53921
45105,0.1129089
45106,-1.568132
45107,0.9395574
45108,2.246195
45109,0.6379834
45110,0.4404651
45111,31.34981
45112,30.27612
45113,31.22452
45114,30.63997
45115,30.91254
45116,31.01988
45117,30.97071
45118,32.41175
45119,17.30517
45120,30.05
45121,24.02308
45122,63.21733
45123,25.75788
45124,25.88716
45125,25.56008
45126,25.23704
45127,25.6015
45128,25.75846
45129,25.88792
45130,25.46469
45131,25.56534
45132,26.16653
45133,25.8506
45134,24.81516
45135,25.23311
45136,26.46917
45137,25.3957
45138,25.85048
45139,25.84828
45140,25.8563
45141,-0.5605358
45142,9.726168
45143,4.484345
45144,16.68463
45145,6.909568
45146,1.557692
45147,7.257978
45148,15.71041
45149,39.53362
45150,33.0245
45151,33.25694
45152,33.22885
45153,30.30131
45154,30.17035
45155,30.34276
45156,40.30389
45157,22.64117
45158,19.46939
45159,39.36232
45160,41.37865
45161,148.4274
45162,69.45872
45163,58.9483
45164,27.61493
45165,26.47456
45166,27.75823
45167,26.63149
45168,25.54564
45169,26.63131
45170,26.38318
45171,26.66629
45172,25.20774
45173,26.0864
45174,25.99146
45175,26.53534
45176,1.627408
45177,6.318695
45178,3.805791
45179,4.726548
45180,0.8929634
45181,10.52793
45182,2.438881
45183,9.421157
45184,34.73281
45185,35.46265
45186,35.84342
45187,34.87334
45188,35.4765
45189,34.59785
45190,91.00799
45191,64.85872
45192,63.26705
45193,45.8726
45194,102.2963
45195,119.5433
45196,71.41589
45197,126.7451
45198,130.5184
45199,187.158
45200,182.6047
45201,125.7831
45202,162.2657
45203,247.3551
45204,141.392
45205,126.3311
45206,126.0197
45207,127.6305
45208,25.97412
45209,26.13957
45210,25.96599
45211,25.82241
45212,25.99191
45213,25.62045
45214,-1.227284
45215,0.1003954
45216,8.726766
45217,8.861651
45218,0.9338475
45219,27.98379
45220,10.54152
45221,26.24527
45222,26.82796
45223,25.64244
45224,27.11467
45225,25.5319
45226,26.82847
45227,25.45381
45228,26.09159
45229,1.655733
45230,2.568903
45231,-4.501026
45232,0.4965723
45233,0.7614638
45234,3.484935
45235,26.1003
45236,25.80083
45237,24.77014
45238,25.98679
45239,25.82513
45240,25.82492
45241,-0.6329611
45242,-4.872099
45243,-6.805529
45244,9.980479
45245,23.63354
45246,25.12811
45247,15.88269
45248,25.07488
45249,25.09869
45250,19.41262
45251,15.21913
45252,10.96142
45253,29.87469
45254,7.524961
45255,19.79145
45256,9.851939
45257,10.35913
45258,10.3625
45259,-7.116527
45260,25.83867
45261,25.86201
45262,26.21893
45263,26.00115
45264,25.91101
45265,25.95712
45266,25.82592
45267,26.40631
45268,26.17785
45269,-5.676106
45270,-9.019887
45271,13.0404
45272,10.03967
45273,-3.070995
45274,24.96616
45275,24.96664
45276,25.99824
45277,25.99294
45278,25.15597
45279,25.07535
45280,25.06398
45281,25.05298
45282,25.05388
45283,25.15631
45284,25.40853
45285,0.2592351
45286,-2.8415
45287,11.7055
45288,66.08268
45289,18.58101
45290,-20.21581
45291,7.014206
45292,-14.98469
45293,0.6648027
45294,-8.672993
45295,26.48881
45296,27.2389
45297,27.35118
45298,27.11851
45299,58.34847
45300,78.61609
45301,25.54216
45302,21.69262
45303,29.00312
45304,21.40881
45305,24.42192
45306,42.12126
45307,29.10339
45308,35.46601
45309,12.37327
45310,18.40415
45311,25.19624
45312,25.08486
45313,25.19678
45314,25.12151
45315,23.67795
45316,20.33326
45317,20.33152
45318,25.12593
45319,25.37823
45320,25.30213
45321,25.57599
45322,25.56395
45323,25.51974
45324,25.57696
45325,25.65779
45326,25.51291
45327,-4.401813
45328,-0.6337788
45329,13.35835
45330,-3.453222
45331,-10.19154
45332,-2.882343
45333,24.79473
45334,25.16927
45335,25.08146
45336,25.15098
45337,25.02516
45338,25.07497
45339,25.12898
45340,24.44399
45341,25.15068
45342,25.17874
45343,25.17919
45344,33.24829
45345,33.21964
45346,25.71335
45347,25.59294
45348,25.73005
45349,25.3136
45350,25.62678
45351,25.16658
45352,-1.379796
45353,0.1005565
45354,6.512902
45355,25.168
45356,25.1197
45357,25.20867
45358,25.18808
45359,25.27105
45360,25.18603
45361,25.2378
45362,25.23625
45363,-12.3374
45364,11.13985
45365,11.13345
45366,13.68471
45367,13.68553
45368,25.38302
45369,25.51289
45370,24.69127
45371,25.33013
45372,25.30832
45373,25.50662
45374,25.73197
45375,25.16759
45376,26.04041
45377,25.24277
45378,-2.010362
45379,14.75839
45380,1.357911
45381,4.38352
45382,0.5177956
45383,-3.115516
45384,8.114795
45385,5.216479
45386,25.0806
45387,25.19393
45388,25.08064
45389,25.43901
45390,25.16179
45391,25.22202
45392,25.22577
45393,24.55623
45394,25.15881
45395,24.76457
45396,25.233
45397,25.20477
45398,10.43039
45399,10.43039
45400,25.53306
45401,21.62397
45402,25.78382
45403,25.29446
45404,23.2035
45405,26.25008
45406,25.78691
45407,25.7656
45408,26.13729
45409,-7.522339
45410,-4.46219
45411,6.377567
45412,25.16021
45413,25.78279
45414,25.78586
45415,25.16438
45416,23.0395
45417,25.16648
45418,0.0001237415
45419,9.204003
45420,9.828736
45421,25.00382
45422,25.1741
45423,25.31533
45424,25.17965
45425,25.13582
45426,25.42774
45427,25.18068
45428,20.66139
45429,25.17958
45430,25.78776
45431,25.20769
45432,25.20713
45433,0.05923348
45434,4.761898
45435,26.68433
45436,26.78992
45437,26.52068
45438,27.08218
45439,26.59518
45440,26.86673
45441,12.10903
45442,-1.032231
45443,22.42389
45444,15.3227
45445,29.1773
45446,15.27301
45447,16.57487
45448,25.20903
45449,25.28738
45450,25.20549
45451,25.0454
45452,25.21044
45453,25.34472
45454,25.33361
45455,25.34887
45456,25.12964
45457,11.11767
45458,26.71108
45459,27.99236
45460,0.2310568
45461,5.052277
45462,7.205146
45463,-2.859361
45464,25.3055
45465,25.87818
45466,25.18188
45467,25.14696
45468,25.11759
45469,25.4969
45470,25.11814
45471,25.65396
45472,25.15794
45473,25.50464
45474,25.40509
45475,16.83884
45476,16.8354
45477,19.55429
45478,14.84515
45479,15.60882
45480,15.58902
45481,14.38829
45482,8.93941
45483,29.5156
45484,24.98829
45485,24.98736
45486,2.748303
45487,5.200911
45488,15.60378
45489,1.076644
45490,-0.1963862
45491,25.419
45492,25.37845
45493,25.49866
45494,25.43133
45495,25.70161
45496,25.43898
45497,25.98062
45498,25.49525
45499,25.31609
45500,25.49054
45501,13.08286
45502,3.853952
45503,9.528506
45504,0.7438066
45505,13.83061
45506,3.582681
45507,-0.1579732
45508,23.48617
45509,24.38326
45510,25.30675
45511,25.30332
45512,17.72675
45513,24.38346
45514,23.48428
45515,25.05414
45516,25.05837
45517,0.7214865
45518,26.29403
45519,26.29668
45520,17.21128
45521,17.19718
45522,13.72863
45523,24.63821
45524,20.38449
45525,0.2851501
45526,4.922666
45527,17.5343
45528,17.51832
45529,6.825419
45530,-0.5615687
45531,25.14056
45532,25.40531
45533,25.39985
45534,25.29261
45535,25.56075
45536,26.86045
45537,26.11098
45538,25.12854
45539,25.55922
45540,25.28151
45541,25.50097
45542,25.48271
45543,25.48255
45544,-5.743449
45545,26.54551
45546,14.28541
45547,11.88279
45548,1.493533
45549,25.22456
45550,25.17467
45551,23.18518
45552,25.14655
45553,23.19423
45554,25.13813
45555,25.7942
45556,25.75421
45557,26.36572
45558,26.14134
45559,25.75848
45560,25.73326
45561,25.89664
45562,2.5536
45563,6.364443
45564,10.43002
45565,3.163323
45566,32.01466
45567,51.58033
45568,5.601395
45569,1.562722
45570,26.403
45571,25.37419
45572,24.75946
45573,26.24888
45574,25.4392
45575,25.83514
45576,25.36565
45577,25.86174
45578,25.73753
45579,25.63687
45580,-2.472733
45581,24.86283
45582,19.4428
45583,23.3262
45584,20.30153
45585,19.59787
45586,19.27752
45587,3.180725
45588,25.06622
45589,25.06692
45590,24.87868
45591,25.46738
45592,25.16554
45593,25.20385
45594,24.97526
45595,24.9882
45596,25.12932
45597,25.26692
45598,25.0521
45599,24.98989
45600,25.05129
45601,25.14921
45602,11.39132
45603,23.90625
45604,25.5572
45605,13.16266
45606,13.08849
45607,11.71039
45608,0.4593635
45609,7.234132
45610,8.300573
45611,1.0109
45612,26.33763
45613,26.12733
45614,25.09604
45615,25.9243
45616,28.18712
45617,29.00191
45618,25.89252
45619,25.82631
45620,25.21082
45621,25.35599
45622,9.344054
45623,34.16989
45624,8.858206
45625,34.2113
45626,19.2042
45627,4.888262
45628,7.892529
45629,-0.3384212
45630,25.10032
45631,25.07381
45632,25.28684
45633,18.88255
45634,25.14183
45635,25.11995
45636,18.88133
45637,25.15683
45638,25.18522
45639,25.08765
45640,25.28671
45641,25.25825
45642,25.40222
45643,25.11648
45644,25.11566
45645,-14.40159
45646,14.47475
45647,-3.208251
45648,8.734321
45649,32.9245
45650,-2.53919
45651,8.61088
45652,28.58407
45653,24.69426
45654,26.04014
45655,26.94456
45656,27.02186
45657,27.20202
45658,26.27267
45659,26.28018
45660,26.37724
45661,24.13236
45662,27.26431
45663,25.93952
45664,12.14642
45665,12.17874
45666,11.55974
45667,11.50761
45668,24.49421
45669,24.50665
45670,24.48589
45671,24.46996
45672,12.9125
45673,16.70632
45674,6.39857
45675,5.248466
45676,25.24339
45677,25.10087
45678,25.03021
45679,25.32251
45680,25.09557
45681,25.20917
45682,25.26989
45683,25.1135
45684,25.16323
45685,25.34344
45686,25.23844
45687,25.07223
45688,24.97363
45689,25.16051
45690,8.133268
45691,6.692315
45692,23.19049
45693,27.35983
45694,50.9786
45695,8.818079
45696,27.55222
45697,42.17155
45698,27.31088
45699,23.0875
45700,29.10592
45701,29.25686
45702,42.20123
45703,28.67181
45704,28.80295
45705,31.90832
45706,3.813335
45707,30.44389
45708,11.11527
45709,11.11496
45710,1.835136
45711,25.28177
45712,25.2639
45713,25.43466
45714,25.25017
45715,25.31388
45716,25.36933
45717,25.02952
45718,25.38657
45719,25.07142
45720,24.91687
45721,25.36934
45722,24.9705
45723,24.97086
45724,-14.72405
45725,25.88115
45726,25.88993
45727,25.66144
45728,25.62359
45729,25.58127
45730,52.66441
45731,54.65055
45732,5.557267
45733,16.36244
45734,47.36033
45735,23.22608
45736,40.97866
45737,31.96435
45738,27.7378
45739,42.19757
45740,37.85181
45741,-12.83899
45742,6.261068
45743,0.6255307
45744,-4.459718
45745,5.831976
45746,7.347502
45747,7.345562
45748,3.440535
45749,25.53986
45750,25.21324
45751,25.31592
45752,25.31058
45753,25.37071
45754,25.22705
45755,25.06398
45756,25.43748
45757,25.06929
45758,25.0611
45759,25.45125
45760,25.0724
45761,-8.533092
45762,-18.38151
45763,15.24885
45764,10.23207
45765,1.292985
45766,3.352652
45767,1.246399
45768,17.92482
45769,15.22768
45770,27.5029
45771,25.30796
45772,25.37786
45773,22.40323
45774,26.1816
45775,25.93718
45776,27.49582
45777,24.40513
45778,-2.302966
45779,24.43623
45780,-9.315781
45781,8.782293
45782,0.4090669
45783,-22.70981
45784,0.424121
45785,25.21826
45786,25.33814
45787,25.33717
45788,25.30751
45789,25.30879
45790,25.84837
45791,25.67636
45792,24.9824
45793,25.09709
45794,25.73959
45795,25.85404
45796,25.32744
45797,25.88094
45798,25.19104
45799,1.229898
45800,13.86529
45801,3.474142
45802,10.87987
45803,26.33165
45804,14.6255
45805,2.040691
45806,25.17044
45807,25.11654
45808,14.46358
45809,18.96816
45810,23.79658
45811,24.98434
45812,24.98409
45813,-0.5493872
45814,-9.423187
45815,30.12898
45816,25.4445
45817,25.44169
45818,27.02009
45819,24.81008
45820,25.93789
45821,30.66082
45822,29.49748
45823,27.02399
45824,17.65214
45825,17.91315
45826,17.9011
45827,23.78068
45828,22.26041
45829,26.75278
45830,17.44641
45831,13.23788
45832,24.83623
45833,13.22878
45834,6.901412
45835,25.51284
45836,25.4459
45837,25.35684
45838,25.36675
45839,25.45295
45840,25.51321
45841,26.22511
45842,26.22729
45843,26.27978
45844,24.43733
45845,26.08842
45846,26.97112
45847,-6.115648
45848,1.394137
45849,-0.8625088
45850,-2.43819
45851,0.01157673
45852,2.248592
45853,0.7576187
45854,25.10396
45855,25.1339
45856,25.08758
45857,24.97673
45858,24.85123
45859,24.51372
45860,25.10455
45861,-12.44388
45862,26.1083
45863,24.94244
45864,27.58058
45865,24.74919
45866,24.74793
45867,24.83762
45868,25.09385
45869,25.13102
45870,24.83429
45871,30.13
45872,17.96775
45873,30.12745
45874,20.58775
45875,30.61085
45876,34.76188
45877,27.16992
45878,23.07833
45879,28.82373
45880,23.56981
45881,23.56903
45882,24.01195
45883,24.01202
45884,-0.4745219
45885,-0.1742015
45886,3.311819
45887,0.8388693
45888,25.42113
45889,25.42508
45890,25.60184
45891,25.68201
45892,25.60135
45893,25.60035
45894,25.07918
45895,25.06174
45896,25.07089
45897,25.89218
45898,25.41712
45899,24.88031
45900,25.8574
45901,22.56846
45902,26.08809
45903,25.41706
45904,25.89173
45905,24.88781
45906,26.08837
45907,6.978754
45908,7.874437
45909,-1.084683
45910,6.323626
45911,1.590511
45912,25.17531
45913,23.4483
45914,25.09126
45915,25.07833
45916,25.1268
45917,-0.5759326
45918,0.03931718
45919,-0.1644289
45920,30.67385
45921,25.2504
45922,24.77341
45923,26.41375
45924,25.47358
45925,26.41735
45926,25.25458
45927,24.81487
45928,25.62659
45929,24.78331
45930,35.40403
45931,25.1398
45932,24.63719
45933,25.40695
45934,26.94058
45935,23.1641
45936,54.09998
45937,53.3236
45938,53.19097
45939,13.17666
45940,48.28682
45941,7.391025
45942,25.50698
45943,25.26611
45944,25.34525
45945,25.30553
45946,25.34249
45947,26.06699
45948,26.06709
45949,17.7244
45950,25.82668
45951,25.65334
45952,25.60518
45953,26.24943
45954,13.04484
45955,25.67823
45956,25.80482
45957,25.64749
45958,25.65704
45959,24.69457
45960,24.65613
45961,20.72816
45962,26.03629
45963,22.12115
45964,26.0359
45965,26.97495
45966,26.98351
45967,-9.253366
45968,-13.48303
45969,10.07243
45970,-2.930483
45971,6.557493
45972,10.07265
45973,0.7005296
45974,0.2738582
45975,25.2347
45976,25.17833
45977,25.10046
45978,25.2475
45979,25.24685
45980,25.10174
45981,25.09995
45982,24.91717
45983,25.09707
45984,25.48548
45985,2.399155
45986,28.03936
45987,26.86792
45988,27.54538
45989,27.25329
45990,26.87242
45991,26.54896
45992,26.55745
45993,27.2627
45994,37.05212
45995,51.99106
45996,22.79277
45997,27.48949
45998,51.9812
45999,29.258
46000,58.23971
46001,27.68085
46002,24.88671
46003,28.24215
46004,39.43895
46005,-1.587947
46006,25.48712
46007,9.546639
46008,36.3713
46009,15.40503
46010,26.30674
46011,26.80432
46012,26.07517
46013,26.07235
46014,26.48792
46015,26.31011
46016,25.6856
46017,25.97253
46018,24.92041
46019,26.0471
46020,24.90869
46021,26.4488
46022,26.45181
46023,27.13239
46024,27.1316
46025,22.24899
46026,26.66852
46027,26.30952
46028,25.82249
46029,25.98795
46030,26.36262
46031,7.984539
46032,14.20964
46033,3.309173
46034,4.188476
46035,13.82038
46036,2.194164
46037,-1.371444
46038,13.81685
46039,16.46292
46040,0.224232
46041,25.08863
46042,25.20044
46043,25.1714
46044,25.26588
46045,25.128
46046,25.26718
46047,25.26132
46048,24.83634
46049,2.037479
46050,2.600114
46051,7.178179
46052,27.07546
46053,27.04611
46054,26.83879
46055,17.33848
46056,27.2272
46057,28.67722
46058,28.66574
46059,32.53899
46060,22.53829
46061,22.54682
46062,32.8324
46063,41.50105
46064,41.47735
46065,42.73458
46066,42.73508
46067,20.81127
46068,20.17621
46069,20.76657
46070,20.23153
46071,26.37124
46072,25.73511
46073,26.02199
46074,25.79334
46075,26.43089
46076,26.12318
46077,26.40742
46078,25.84097
46079,9.831629
46080,-1.45501
46081,28.76675
46082,19.87478
46083,25.05964
46084,10.77964
46085,25.42703
46086,25.22394
46087,25.33964
46088,25.42456
46089,25.49098
46090,25.24454
46091,23.44656
46092,16.12334
46093,16.11148
46094,8.704615
46095,0.0467634
46096,26.88622
46097,28.15672
46098,26.88452
46099,28.53499
46100,27.655
46101,27.60418
46102,29.1398
46103,28.317
46104,21.88485
46105,12.98071
46106,-0.2534461
46107,17.31762
46108,24.54523
46109,9.576692
46110,9.522039
46111,17.32854
46112,37.79179
46113,38.71351
46114,37.78616
46115,38.71299
46116,38.85197
46117,38.83718
46118,26.40052
46119,25.96796
46120,25.8221
46121,26.14407
46122,25.48627
46123,26.18584
46124,26.47886
46125,25.84987
46126,25.32866
46127,25.52129
46128,25.66396
46129,16.71572
46130,14.54993
46131,21.32619
46132,15.76575
46133,15.76429
46134,24.93814
46135,21.17045
46136,23.49055
46137,21.90628
46138,16.94308
46139,25.76508
46140,22.71768
46141,-0.3967825
46142,10.8703
46143,4.765065
46144,25.23362
46145,25.20027
46146,25.49003
46147,25.38869
46148,25.58167
46149,25.20387
46150,25.16888
46151,25.30681
46152,25.21197
46153,19.88445
46154,23.77661
46155,29.86048
46156,29.86275
46157,23.76778
46158,24.00048
46159,26.87945
46160,25.33293
46161,25.3326
46162,1.613429
46163,23.13514
46164,23.13389
46165,30.98517
46166,27.98944
46167,34.41873
46168,31.40464
46169,32.1953
46170,29.71265
46171,29.71531
46172,16.21515
46173,16.00487
46174,11.97118
46175,11.9449
46176,19.73592
46177,19.72508
46178,8.527051
46179,8.529522
46180,45.17278
46181,43.01601
46182,43.00684
46183,53.75979
46184,55.08366
46185,44.04241
46186,25.978
46187,27.46892
46188,25.70302
46189,26.29156
46190,25.56229
46191,25.49181
46192,25.77928
46193,26.43656
46194,26.82625
46195,25.64481
46196,27.78441
46197,15.90552
46198,29.10659
46199,33.03907
46200,28.36961
46201,31.4997
46202,34.24897
46203,24.57094
46204,30.88257
46205,28.64602
46206,1.77199
46207,25.36335
46208,25.25992
46209,25.25805
46210,25.00036
46211,26.07467
46212,25.49709
46213,25.26446
46214,25.09018
46215,26.07657
46216,25.37362
46217,25.28164
46218,25.18704
46219,29.20423
46220,4.502406
46221,4.455294
46222,26.94364
46223,28.7214
46224,19.05594
46225,26.39314
46226,16.69272
46227,21.10343
46228,31.54645
46229,1.415588
46230,2.864485
46231,25.00796
46232,25.05418
46233,25.05324
46234,25.24055
46235,24.95803
46236,24.87618
46237,22.71868
46238,25.06069
46239,22.71797
46240,28.51854
46241,29.26564
46242,29.25793
46243,28.50287
46244,31.87614
46245,19.68026
46246,-1.697289
46247,-3.864423
46248,19.63586
46249,74.13117
46250,93.16449
46251,109.13
46252,109.0977
46253,132.8418
46254,82.90482
46255,82.89898
46256,95.52421
46257,132.8351
46258,118.2554
46259,118.258
46260,107.5101
46261,28.81495
46262,26.65145
46263,26.65471
46264,26.57792
46265,37.0225
46266,36.93889
46267,41.91389
46268,35.70381
46269,37.9851
46270,42.18762
46271,40.87715
46272,9.842454
46273,8.578063
46274,4.095292
46275,25.1011
46276,25.1824
46277,25.53568
46278,25.39464
46279,25.07858
46280,25.72393
46281,25.18163
46282,25.47038
46283,25.77334
46284,25.5174
46285,25.34084
46286,12.10187
46287,26.20345
46288,30.0429
46289,25.45044
46290,25.50412
46291,17.34028
46292,1.518706
46293,24.84834
46294,24.99993
46295,23.93814
46296,24.92943
46297,25.25612
46298,24.99389
46299,25.18072
46300,25.1344
46301,25.19236
46302,0.8862855
46303,28.81902
46304,28.54777
46305,30.63741
46306,29.90743
46307,30.56037
46308,27.75322
46309,29.90291
46310,-10.84143
46311,12.66429
46312,73.48954
46313,73.47876
46314,97.8339
46315,102.576
46316,102.5745
46317,85.64336
46318,105.8861
46319,112.4707
46320,85.64745
46321,25.27798
46322,25.79746
46323,24.67343
46324,25.31831
46325,25.0548
46326,26.14232
46327,26.95425
46328,23.25483
46329,32.26925
46330,28.5961
46331,28.59937
46332,5.376847
46333,24.97522
46334,24.99723
46335,25.15864
46336,25.09792
46337,25.20491
46338,25.15894
46339,25.25503
46340,25.08092
46341,25.35728
46342,25.1366
46343,0.5410808
46344,0.02416394
46345,28.99255
46346,28.78958
46347,27.88068
46348,28.99437
46349,27.87941
46350,-5.311613
46351,-2.095796
46352,38.29313
46353,31.06503
46354,89.11549
46355,131.1298
46356,103.7965
46357,86.03986
46358,149.2484
46359,96.58757
46360,131.1181
46361,86.03092
46362,149.2183
46363,25.87483
46364,25.1179
46365,25.39694
46366,25.44718
46367,25.1665
46368,25.28893
46369,25.33377
46370,25.44816
46371,25.47377
46372,25.48411
46373,27.08908
46374,27.81662
46375,27.55533
46376,26.38047
46377,29.85927
46378,22.92267
46379,29.35534
46380,30.20053
46381,4.257411
46382,25.08485
46383,25.15554
46384,25.20491
46385,24.4403
46386,24.99552
46387,25.25298
46388,25.20121
46389,25.25162
46390,25.25567
46391,25.0055
46392,1.411858
46393,29.09437
46394,29.09337
46395,28.33638
46396,27.60647
46397,27.67957
46398,31.51439
46399,31.51972
46400,28.33654
46401,6.408726
46402,22.6518
46403,37.53341
46404,37.48796
46405,20.83269
46406,154.0765
46407,154.1203
46408,130.7025
46409,139.8772
46410,139.8918
46411,105.1445
46412,49.8796
46413,97.71812
46414,142.9199
46415,105.1344
46416,91.14328
46417,142.9141
46418,13.171
46419,11.34984
46420,11.27192
46421,17.01224
46422,17.01299
46423,26.25286
46424,26.34467
46425,25.86221
46426,26.25282
46427,26.28859
46428,25.46423
46429,25.47948
46430,25.79022
46431,21.49068
46432,21.50269
46433,24.03608
46434,27.93664
46435,29.90208
46436,26.58099
46437,20.50758
46438,20.50299
46439,28.11861
46440,24.72355
46441,26.83605
46442,6.197983
46443,-1.777243
46444,25.32386
46445,25.13391
46446,25.23219
46447,25.0287
46448,25.10848
46449,25.28988
46450,1.411858
46451,31.20914
46452,31.20554
46453,30.40395
46454,31.72575
46455,31.72517
46456,30.4041
46457,-2.706403
46458,76.13663
46459,177.6515
46460,177.7364
46461,38.68379
46462,29.66762
46463,42.50066
46464,250.2096
46465,54.05558
46466,29.65993
46467,11.31337
46468,11.31721
46469,0.8843403
46470,0.8783589
46471,27.27746
46472,27.1998
46473,26.94166
46474,26.10463
46475,23.45691
46476,19.64259
46477,29.01139
46478,28.98787
46479,32.69717
46480,29.00734
46481,7.131001
46482,25.8318
46483,25.28867
46484,25.27647
46485,25.5156
46486,25.29576
46487,25.51689
46488,25.25034
46489,25.1593
46490,0.9681241
46491,0.8694087
46492,29.39689
46493,29.3972
46494,29.52635
46495,29.52619
46496,29.43681
46497,29.43853
46498,4.268375
46499,2.381601
46500,154.3691
46501,211.0184
46502,189.5175
46503,247.7371
46504,247.7375
46505,65.52598
46506,61.83282
46507,148.913
46508,189.4825
46509,97.13745
46510,216.3395
46511,13.125
46512,14.24194
46513,39.83773
46514,27.77831
46515,32.77885
46516,39.83754
46517,39.72702
46518,39.72727
46519,27.77366
46520,19.86026
46521,25.26442
46522,25.42374
46523,25.2677
46524,25.19194
46525,25.01301
46526,24.90115
46527,25.20059
46528,25.13565
46529,30.06734
46530,30.78636
46531,30.62474
46532,30.62479
46533,30.41869
46534,30.846
46535,30.4194
46536,12.1259
46537,6.220912
46538,32.65543
46539,65.75735
46540,28.88067
46541,93.27642
46542,97.82065
46543,86.95999
46544,88.47534
46545,95.83446
46546,88.38958
46547,90.13718
46548,90.0391
46549,0.003084747
46550,1.208467
46551,-1.974915
46552,15.58919
46553,20.01221
46554,18.83139
46555,28.32854
46556,28.08454
46557,35.90712
46558,11.6991
46559,25.15512
46560,25.48835
46561,25.49326
46562,25.20402
46563,25.026
46564,25.35568
46565,25.47034
46566,25.0237
46567,25.28973
46568,1.233231
46569,30.19355
46570,30.19146
46571,30.92616
46572,31.27592
46573,30.92186
46574,30.68315
46575,30.68263
46576,31.27556
46577,49.7571
46578,22.01178
46579,19.61965
46580,12.1441
46581,36.49054
46582,36.85506
46583,9.413183
46584,13.57912
46585,14.14189
46586,12.51079
46587,63.53902
46588,63.52265
46589,14.12652
46590,14.33933
46591,0.4574844
46592,36.84869
46593,22.63673
46594,64.23924
46595,17.45333
46596,39.23076
46597,38.71128
46598,48.23631
46599,24.75569
46600,25.23072
46601,26.20884
46602,24.91312
46603,24.75718
46604,25.17554
46605,25.06533
46606,25.22404
46607,25.17605
46608,2.295438
46609,0.6990273
46610,29.66327
46611,31.62095
46612,29.14982
46613,29.14902
46614,29.6563
46615,33.34475
46616,33.34063
46617,31.61956
46618,40.85733
46619,51.31914
46620,25.63005
46621,29.05852
46622,48.79556
46623,23.79702
46624,23.13858
46625,44.81572
46626,47.48127
46627,29.59096
46628,29.68433
46629,25.72943
46630,21.3239
46631,21.29865
46632,22.54265
46633,26.82169
46634,6.210272
46635,29.99055
46636,34.92406
46637,34.46193
46638,20.96676
46639,34.52156
46640,34.93382
46641,22.07919
46642,28.99933
46643,26.49222
46644,25.84785
46645,25.95327
46646,25.69958
46647,35.4569
46648,34.84834
46649,7.994466
46650,0.8820875
46651,31.24483
46652,29.62667
46653,31.69318
46654,28.84677
46655,31.24498
46656,42.98647
46657,3.06852
46658,15.30685
46659,41.91226
46660,54.61695
46661,23.71835
46662,25.14413
46663,25.15024
46664,23.9592
46665,19.10635
46666,25.02044
46667,25.14245
46668,25.14995
46669,23.96733
46670,25.01804
46671,25.01991
46672,0.001867647
46673,24.92155
46674,25.2768
46675,25.67323
46676,24.87588
46677,25.27636
46678,24.85259
46679,23.99556
46680,0.3434608
46681,2.472505
46682,21.14404
46683,25.09665
46684,16.68172
46685,30.30575
46686,-6.16593
46687,3.975155
46688,28.34683
46689,30.27033
46690,30.25002
46691,31.42306
46692,32.03909
46693,30.26924
46694,30.25406
46695,31.79293
46696,31.41911
46697,1.81294
46698,15.92728
46699,36.32293
46700,60.22923
46701,3.609981
46702,38.77315
46703,25.08608
46704,24.9563
46705,25.11487
46706,25.12074
46707,24.95467
46708,25.30243
46709,25.30261
46710,25.08089
46711,25.08697
46712,25.51291
46713,22.17818
46714,26.60423
46715,25.1817
46716,25.4877
46717,25.80551
46718,25.28738
46719,25.32575
46720,25.3037
46721,3.479079
46722,33.18328
46723,49.65956
46724,11.58769
46725,33.13774
46726,43.23808
46727,55.43961
46728,47.48141
46729,12.39096
46730,12.96472
46731,27.03612
46732,31.46212
46733,31.52513
46734,32.27581
46735,32.44901
46736,31.55965
46737,31.1954
46738,32.18429
46739,2.235878
46740,4.167928
46741,18.74682
46742,24.26624
46743,23.87673
46744,25.41061
46745,23.29364
46746,25.13433
46747,25.14574
46748,25.13296
46749,21.1025
46750,25.17873
46751,25.18033
46752,25.41345
46753,25.14717
46754,25.3157
46755,1E-07
46756,25.50873
46757,25.50016
46758,25.65396
46759,24.00209
46760,25.89636
46761,25.3545
46762,24.33848
46763,6.479108
46764,5.020227
46765,-8.127807
46766,12.37473
46767,37.17623
46768,53.18803
46769,15.45963
46770,-6.409051
46771,5.948506
46772,8.566218
46773,31.94571
46774,32.19854
46775,31.4663
46776,32.83562
46777,33.35189
46778,14.84082
46779,7.969272
46780,26.30912
46781,28.44463
46782,23.02762
46783,55.37732
46784,25.1906
46785,25.24776
46786,25.25721
46787,25.32139
46788,25.15759
46789,25.32247
46790,25.08643
46791,25.1356
46792,24.97774
46793,25.15945
46794,0.06290086
46795,25.70795
46796,25.10661
46797,25.99067
46798,25.99935
46799,25.7601
46800,25.57231
46801,25.78076
46802,25.75885
46803,2.555964
46804,3.9317
46805,27.36909
46806,41.30445
46807,2.544616
46808,3.569032
46809,3.455498
46810,28.80521
46811,34.63278
46812,15.39053
46813,34.63027
46814,20.55215
46815,32.46239
46816,34.42078
46817,30.71105
46818,30.49669
46819,35.29053
46820,33.79387
46821,30.49902
46822,30.2566
46823,35.32216
46824,30.71115
46825,24.56807
46826,36.86864
46827,27.68675
46828,46.1002
46829,186.5533
46830,216.4151
46831,200.081
46832,30.84295
46833,64.18388
46834,71.59325
46835,25.35384
46836,25.24691
46837,25.43039
46838,25.52313
46839,25.36094
46840,26.10511
46841,26.10756
46842,0.1730744
46843,26.09262
46844,24.38735
46845,27.97513
46846,26.77183
46847,25.49608
46848,26.27117
46849,25.646
46850,23.99469
46851,27.241
46852,17.68075
46853,0.593221
46854,6.028093
46855,3.836318
46856,46.50637
46857,41.40466
46858,30.29205
46859,16.83847
46860,39.41376
46861,10.53992
46862,31.09326
46863,36.99068
46864,35.14029
46865,35.0898
46866,36.92955
46867,104.7132
46868,47.21528
46869,60.83968
46870,60.84195
46871,124.1611
46872,77.10706
46873,45.65747
46874,46.14116
