# Aii Buffer Dump - 15625 elements
# Index,Value
0,-0.2970265
1,-0.09368295
2,-0.2970265
3,-0.2970265
4,-0.2970265
5,-0.3920484
6,-0.09804416
7,-0.2970265
8,-0.4542576
9,-0.2970265
10,-0.09168969
11,-0.09168887
12,-0.2970265
13,-0.09381729
14,-0.09094404
15,-0.1006431
16,-0.0976533
17,-0.06577681
18,-0.07117157
19,-0.09412926
20,-0.09358985
21,-0.09810821
22,-0.1062358
23,-0.08804914
24,-0.0972221
25,-1.377321
26,-1.252712
27,-0.8564246
28,-4.834117
29,-6.797968
30,-5.180231
31,-0.1752707
32,-0.2482393
33,-0.2347402
34,-0.4452722
35,-0.05691455
36,-0.05037582
37,-0.05037367
38,-0.05691737
39,-0.1066067
40,-0.09338961
41,-1.494893
42,-0.8150912
43,-3.395285
44,-0.1868433
45,-0.4301513
46,-0.5857656
47,-0.2097924
48,-0.1952714
49,-0.1289492
50,-0.1332845
51,-0.5930175
52,-0.1767115
53,-0.1230176
54,-0.1842206
55,-0.4654977
56,-0.09493642
57,-0.08926301
58,-0.08888513
59,-0.09285225
60,-0.09452303
61,-0.09475084
62,-0.09588507
63,-0.08299803
64,-3.278877
65,-2.305767
66,-1.516432
67,-0.5433359
68,-0.1196161
69,-0.1196679
70,-0.08557952
71,-0.05124015
72,-0.05126989
73,-2.977334
74,-0.3500111
75,-0.3227033
76,-0.3977481
77,-0.3830997
78,-0.1746097
79,-3.260146
80,-0.3122408
81,-0.3005871
82,-0.1641982
83,-0.3622421
84,-0.6521944
85,-0.08355623
86,-0.08029202
87,-0.08693315
88,-0.1029266
89,-0.09178944
90,-0.08625031
91,-0.0989604
92,-0.07727374
93,-3.908511
94,-1.835496
95,-0.9103134
96,-1.498683
97,-0.5724579
98,-0.876946
99,-0.06512979
100,-0.05507256
101,-0.05507375
102,-0.05417717
103,-0.06553717
104,-0.05416701
105,-0.2535352
106,-0.1307952
107,-0.05820613
108,-0.1308841
109,-0.05823152
110,-0.1548206
111,-0.1550293
112,-2.800176
113,-6.348097
114,-0.6040869
115,-0.07203115
116,-0.0361429
117,-0.05144412
118,-0.09254753
119,-0.3573987
120,-0.6626883
121,-0.02343705
122,-0.03261961
123,-0.03651078
124,-0.900427
125,-13.03342
126,-1.126873
127,-0.8674144
128,-0.3060573
129,-1.875488
130,-0.09045722
131,-0.07854838
132,-0.0907459
133,-0.09534132
134,-0.09639683
135,-0.09650905
136,-0.3280408
137,-0.3722785
138,-0.2261753
139,-0.3164228
140,-0.2353934
141,-0.6262321
142,-0.2265646
143,-0.3324704
144,-0.145051
145,-0.1010925
146,-0.09806177
147,-0.1654797
148,-0.1443554
149,-0.6191015
150,-0.1458852
151,-0.1367493
152,-0.1468476
153,-0.1442489
154,-0.1805954
155,-0.1156202
156,-0.1418927
157,-21.10926
158,-41.78704
159,-2.779843
160,-1.969499
161,-2.991791
162,-1.583981
163,-0.2370424
164,-1.014945
165,-0.1011509
166,-0.09167486
167,-0.09168077
168,-0.1255285
169,-0.1040914
170,-0.1211318
171,-0.1011425
172,-0.138878
173,-0.1331741
174,-0.1297031
175,-0.1296984
176,-0.1342688
177,-0.1342678
178,-0.1062923
179,-0.09749676
180,-0.09380654
181,-7.312612
182,-0.001468058
183,-0.00161439
184,-2.411456
185,-3.254573
186,-1.172101
187,-0.1258705
188,-0.1208262
189,-0.09614408
190,-0.06928794
191,-0.1326348
192,-0.06676673
193,-0.07984518
194,-0.1248584
195,-0.1347221
196,-0.09862176
197,-0.104542
198,-0.09763213
199,-0.09672269
200,-0.1248655
201,-0.09906247
202,-0.09701636
203,-11.54728
204,-3.568919
205,-0.8022559
206,-0.8263127
207,-0.3167385
208,-0.6285594
209,-0.586021
210,-0.100653
211,-0.09196737
212,-0.0914266
213,-0.04746365
214,-0.1014043
215,-0.09142477
216,-0.04746534
217,-0.1040595
218,-0.09197047
219,-0.07977257
220,-0.07868329
221,-0.07868377
222,-0.115579
223,-0.09449407
224,-0.1028881
225,-0.09755704
226,-0.124929
227,-0.105849
228,-0.09434782
229,-0.1020036
230,-0.09613288
231,-0.1547059
232,-0.0556944
233,-0.05557776
234,-1.546382
235,-0.3174234
236,-0.2745774
237,-0.434741
238,-0.2583784
239,-0.419834
240,-0.06789891
241,-0.06790754
242,-0.0638385
243,-0.0723129
244,-0.06115702
245,-0.06578007
246,-101.1503
247,-39.70325
248,-1.102536
249,-0.5782848
250,-0.9994933
251,-0.07684319
252,-0.09542654
253,-0.1285395
254,-0.07853995
255,-0.08256964
256,-0.1327557
257,-0.09449245
258,-0.09795899
259,-0.07857651
260,-0.0790006
261,0
262,-1.260147
263,-0.9459752
264,-0.1269212
265,-0.1268654
266,-0.08553866
267,-0.09785698
268,-0.1016492
269,-0.09083853
270,-0.07287434
271,-0.09480282
272,-0.07485548
273,-0.08663612
274,-0.4070164
275,-0.644158
276,-0.2835807
277,-0.4854349
278,-0.07800452
279,-0.3573854
280,-0.05844775
281,-0.09339595
282,-0.05944243
283,-0.05959203
284,-0.3234784
285,-0.2370683
286,-28.33903
287,-0.5319718
288,-1.052401
289,-16.58509
290,-0.07276012
291,-0.1043569
292,-0.08801723
293,-0.100733
294,-0.08334192
295,-0.1138161
296,-0.07278549
297,-0.0946135
298,-0.02878557
299,-0.02605934
300,-0.2834575
301,-0.04982018
302,-0.04979338
303,-361.7019
304,-2.652114
305,-4.107465
306,-2.61338
307,-1.770708
308,-0.04593447
309,-0.07625463
310,-0.04593661
311,-0.07641761
312,-0.04778541
313,-0.1033771
314,-0.07624223
315,-0.1150737
316,-0.04776866
317,-0.09444872
318,-0.2394518
319,-4.470576
320,-0.2044926
321,-0.04430413
322,-0.1015778
323,-0.1271559
324,-0.04479606
325,-0.6259955
326,-5.23314
327,-0.7319699
328,-0.6463626
329,-0.1130257
330,-0.1141272
331,-0.7075794
332,-0.5964401
333,-0.09315004
334,-0.08893842
335,-0.09774601
336,-0.09461937
337,-0.09265179
338,-0.06954633
339,-0.110942
340,-0.1108751
341,-0.08200786
342,-0.08277427
343,-0.06951903
344,-0.0835034
345,-0.08689871
346,-0.1671093
347,-0.2544973
348,-0.05337809
349,-0.061963
350,-0.3628106
351,-0.0466143
352,-0.08649983
353,-1.747921
354,-0.2002103
355,-0.002528941
356,-0.002525872
357,-5.902637
358,-1.546812
359,-0.08916043
360,-0.08761001
361,-0.1518143
362,-0.162794
363,-0.2545769
364,-0.1037805
365,-0.2961129
366,-0.1037251
367,-1.416249
368,-16.24494
369,-0.1114748
370,-0.08402129
371,-0.09021819
372,-0.1057752
373,-0.08338854
374,-0.06404062
375,-0.09685419
376,-0.06405924
377,-0.9724441
378,-1.215292
379,-1.714139
380,-1.583837
381,-0.1528782
382,-0.1405208
383,-0.1143643
384,-0.1405175
385,-0.1131908
386,-0.09534133
387,-0.1032947
388,-0.1143427
389,-0.08843995
390,-0.05376212
391,-0.09876387
392,-0.07707574
393,-0.08863648
394,-0.05375883
395,-0.2776451
396,-0.4072378
397,-0.4335536
398,-0.6064544
399,-0.1654105
400,-0.2337273
401,-0.09665804
402,-0.08112153
403,-0.08853877
404,-0.1654101
405,-1.862649
406,-0.06508681
407,-0.1029431
408,-0.09275004
409,-0.07705998
410,-0.06511005
411,-0.0621798
412,-0.09055027
413,-0.06217999
414,-0.09864808
415,-0.07539158
416,-0.3051741
417,-0.07538802
418,-0.1061286
419,-0.0916476
420,-0.05895082
421,-0.05890948
422,-0.0467293
423,-0.091984
424,-0.0920396
425,-0.04672991
426,-0.1762446
427,-0.8279306
428,-0.8912678
429,-0.7475139
430,-0.3855824
431,-0.3421566
432,-0.094667
433,-0.0569672
434,-0.07136788
435,-0.0690337
436,-0.07632725
437,-0.05695292
438,-0.04923491
439,-0.08241498
440,-0.09030493
441,-0.0492353
442,-0.08186431
443,-0.2682129
444,-0.3275208
445,-0.4254104
446,-0.04181964
447,-0.04392275
448,-14.35355
449,-0.2116832
450,-0.2116708
451,-0.05966542
452,-0.059558
453,-0.09565753
454,-0.09164538
455,-0.08908445
456,-0.09141899
457,-0.09880712
458,-0.4307077
459,-0.7560249
460,-31.98703
461,-33.71477
462,-0.274431
463,-0.4104554
464,-0.3165781
465,-0.17306
466,-0.428605
467,-0.09599753
468,-0.1194345
469,-0.06910247
470,-0.1117378
471,-0.1057835
472,-0.1310059
473,-0.06909375
474,-0.09485721
475,-0.216221
476,-0.6215135
477,-0.2467977
478,-0.1412563
479,-4.265701
480,-0.07943293
481,-0.09001816
482,-0.07146309
483,-0.1046939
484,-0.07246999
485,-0.09858799
486,-0.09262971
487,-0.04796552
488,-0.05249127
489,-0.0932545
490,-0.09046082
491,-0.05153793
492,-0.05154081
493,-0.05248483
494,-0.04796655
495,-5.961586
496,-2.232156
497,-1.171165
498,-3.015723
499,-0.1520723
500,-0.3502031
501,-0.1360109
502,-0.2369211
503,-0.2210875
504,-0.5161985
505,-0.4188672
506,-0.1217938
507,-0.1231262
508,-0.05400932
509,-0.221126
510,-0.0540949
511,-0.07889453
512,-0.07893598
513,-0.1833713
514,-0.0510893
515,-0.0523428
516,-0.1261887
517,-0.1635828
518,-0.1800543
519,-0.2014301
520,-0.2478999
521,-3.567331
522,-3.011802
523,-2.280899
524,-0.08744384
525,-0.09155864
526,-0.09480998
527,-0.07858746
528,-0.0871406
529,-0.09478821
530,-0.09090498
531,-0.08567726
532,-0.09300001
533,-0.08227682
534,-0.04497014
535,-0.04496997
536,-0.09431637
537,-0.3455815
538,-0.9928238
539,-0.7238324
540,-3.566017
541,-3.56671
542,-0.09301135
543,-0.05942949
544,-0.0755413
545,-0.05461752
546,-0.05461129
547,-0.05943011
548,-0.07689751
549,-0.03654855
550,-2.79274
551,-0.04487892
552,-0.1282297
553,-0.1282062
554,-0.02319535
555,-0.02325037
556,-0.04049334
557,-0.1484135
558,-0.1476495
559,-0.04049731
560,-0.04251836
561,-0.1406737
562,-0.229243
563,-19.14142
564,-0.5961692
565,-0.5989925
566,-0.318913
567,-0.435279
568,-2.679806
569,-11.95833
570,-0.07630029
571,-0.09025939
572,-0.0753608
573,-0.08280597
574,-5.47438
575,-0.08696961
576,-0.07842258
577,-1.309003
578,-0.04709846
579,-0.09223388
580,-0.09040078
581,-0.0961947
582,-0.08916467
583,-0.04709791
584,-0.09342717
585,-0.5076106
586,-0.5112692
587,-6.550142
588,-0.06668504
589,-0.08867235
590,-0.09480715
591,-0.06897505
592,-0.08870764
593,-0.09482955
594,-0.09410916
595,-1.243428
596,-0.1353963
597,-0.1115119
598,-0.1111827
599,-0.172664
600,-0.1486331
601,-0.07792429
602,-0.0791247
603,-11.71508
604,-0.05426291
605,-0.05630277
606,-1.683756
607,-0.05620467
608,-0.05414689
609,-0.05561691
610,-0.05560229
611,-0.1133994
612,-0.09616931
613,-0.07898162
614,-0.05345783
615,-0.04837034
616,-0.05345687
617,-0.09383656
618,-0.09746861
619,-0.0483675
620,-0.0971872
621,-0.0954349
622,-0.6630816
623,-0.3897532
624,-0.5236911
625,-5.310951
626,-9.586739
627,-0.130232
628,-0.1301862
629,-0.08153085
630,-0.07334581
631,-0.07334681
632,-0.09610216
633,-0.06343512
634,-0.06345971
635,-0.07668281
636,-0.1128762
637,-0.2338078
638,-0.1470186
639,-0.1104307
640,-0.06177738
641,-0.06177541
642,-0.05682658
643,-0.1030201
644,-0.05678687
645,-0.1192883
646,-0.1294926
647,-0.1539992
648,-4.571766
649,-1.921519
650,-1.604733
651,-0.09386136
652,-1.260817
653,-0.09219013
654,-0.07655473
655,-0.0837687
656,-3.563791
657,-0.08946388
658,-0.08201613
659,-0.09097952
660,-0.09909608
661,-0.09325029
662,-0.04595169
663,-0.0800283
664,-0.0459501
665,-0.09949283
666,-0.08949075
667,-0.09494739
668,-0.0991261
669,-2.1941
670,-24.09596
671,-0.1429896
672,-0.2059957
673,-0.2178108
674,-0.1231377
675,-0.1194768
676,-0.1644521
677,-0.1430434
678,-0.1300062
679,-4.137813
680,-3.193967
681,-0.08905014
682,-0.0914506
683,-0.09873803
684,-0.08450317
685,-0.06061128
686,-0.09177767
687,-0.09381083
688,-0.04696799
689,-0.04698151
690,-0.06061903
691,-0.04720981
692,-0.04720701
693,-0.07451483
694,-0.1062485
695,-0.05680105
696,-0.05680128
697,-0.08600359
698,-0.06400041
699,-0.1286922
700,-0.1000613
701,-0.06152862
702,-0.06152277
703,-5.536269
704,-0.07932842
705,-0.05216813
706,-0.08472495
707,-0.07961866
708,-0.05283554
709,-0.002798632
710,-0.05278549
711,-0.07713475
712,-0.05217291
713,-1.513382
714,-0.006641792
715,-0.004987699
716,-0.004959811
717,-0.09244407
718,-0.1036169
719,-0.09249623
720,-0.09030762
721,-0.09831842
722,-0.1017004
723,-0.09035395
724,-0.066383
725,-0.4948482
726,-0.562854
727,-1.509229
728,-1.30196
729,-271.1151
730,-0.1033414
731,-0.1050304
732,-0.05365025
733,-0.05158111
734,-0.05363876
735,-0.05021696
736,-0.05157322
737,-0.05021876
738,-0.09420785
739,-2.138245
740,-0.06793394
741,-0.09157046
742,-0.09624046
743,-0.08261698
744,-0.08688524
745,-0.05959686
746,-0.04556572
747,-0.07897487
748,-0.04556837
749,-0.09470872
750,-0.09160278
751,-0.3555153
752,-0.07758576
753,-0.08375335
754,-0.09238876
755,-0.1163505
756,-0.1124769
757,-2.20028
758,-0.1096582
759,-0.05678936
760,-0.05678803
761,-0.0853925
762,-0.05895692
763,-0.08917907
764,-9.830137
765,-0.09027147
766,-0.06740398
767,-0.006826218
768,-0.01094797
769,-0.1028979
770,-0.05838256
771,-0.07982469
772,-0.0532009
773,-0.05322061
774,-0.3061487
775,-0.1038076
776,-0.1048926
777,-0.09023885
778,-0.1020762
779,-0.0816887
780,-0.09068205
781,-0.08300688
782,-0.05179224
783,-0.05179258
784,-0.1113488
785,-0.1046608
786,-0.3068626
787,-0.3940644
788,-0.3215745
789,-0.5479368
790,-1.723201
791,-1.819728
792,-0.05930258
793,-0.04580418
794,-0.0502402
795,-0.0593034
796,-0.04580617
797,-0.04608879
798,-0.04608955
799,-0.05023703
800,-6.820777
801,-0.05372946
802,-0.05371961
803,-0.06578255
804,-0.06579714
805,-0.06628519
806,-0.06072334
807,-0.07751828
808,-0.09781327
809,-0.07750902
810,-0.097835
811,-0.06628126
812,-0.08326279
813,-0.06072251
814,-0.09918644
815,-0.1628008
816,-0.1147367
817,-0.1013927
818,-0.1077513
819,-0.1005927
820,-0.1033117
821,-0.1120179
822,-0.391175
823,-0.1537102
824,-0.07300838
825,-0.1393428
826,-0.08501217
827,-0.3018903
828,-0.0553745
829,-0.05524912
830,-0.05501771
831,-0.05480852
832,-0.1030784
833,-0.05481149
834,-0.05505988
835,-0.07445445
836,-0.07002322
837,-0.06276798
838,-0.06105265
839,-0.07005878
840,-0.266172
841,-0.08141971
842,-0.1146282
843,-0.08651235
844,-0.04622259
845,-0.06314437
846,-0.06503452
847,-0.08787712
848,-0.09458186
849,-0.09877197
850,-0.09635676
851,-0.04622206
852,-0.04479899
853,-0.04479606
854,-0.2438954
855,-0.1788576
856,-0.2448732
857,-0.1063298
858,-0.4439683
859,-6.153164
860,-1.900566
861,-1.872238
862,-0.09418356
863,-0.09474109
864,-0.1121583
865,-0.0934057
866,-0.09913986
867,-0.1011856
868,-0.07684671
869,-0.4416718
870,-0.169165
871,-0.3610853
872,-6.629653
873,-0.08470286
874,-0.05440307
875,-0.05450075
876,-0.08026028
877,-0.08036329
878,-0.0736834
879,-0.1681842
880,-0.07249826
881,-0.07251615
882,-0.0701609
883,-0.07016844
884,-0.2613716
885,-0.0444007
886,-0.04440074
887,-0.08010983
888,-0.08022582
889,-0.08060746
890,-0.09774989
891,-0.2949173
892,-0.07476262
893,-0.07468816
894,-0.1058471
895,-0.129019
896,-0.1400435
897,-0.2024716
898,-0.204479
899,-0.1833134
900,-0.09660862
901,-0.04800203
902,-0.08767072
903,-0.09394982
904,-0.08920269
905,-0.09041311
906,-0.09428041
907,-0.04508184
908,-0.04800532
909,-0.04508455
910,-0.06930429
911,-0.06802516
912,-0.3821497
913,-0.06439049
914,-0.06280421
915,-0.05834128
916,-0.05616958
917,-0.08355788
918,-0.0532378
919,-0.05323739
920,-0.06068977
921,-0.04627696
922,-0.060698
923,-0.04683758
924,-0.08837532
925,-0.117335
926,-0.08884418
927,-0.07812056
928,-0.08881898
929,-0.08079194
930,-0.08724401
931,-0.09195489
932,-0.09517563
933,-0.04549369
934,-0.09069332
935,-0.09028948
936,-0.04549225
937,-0.09080543
938,-0.09149807
939,-0.1294853
940,-0.1748457
941,-2.31772
942,-0.05063012
943,-0.0976783
944,-0.09820013
945,-0.04889966
946,-0.04891037
947,-0.08522523
948,-0.04493324
949,-0.04493343
950,-0.09041793
951,-0.05062932
952,-0.3943877
953,-0.4208588
954,-41.23458
955,-0.05218406
956,-0.09445104
957,-0.05218684
958,-0.05647015
959,-0.09006982
960,-0.05646715
961,-0.05556539
962,-0.05569622
963,-0.05569902
964,-0.05556972
965,-0.1324446
966,-0.09128202
967,-0.09488231
968,-0.08499109
969,-0.09334764
970,-0.09114263
971,-0.09257906
972,-0.08776018
973,-0.04520344
974,-0.04520065
975,-0.09020649
976,-0.1094956
977,-0.1067659
978,-0.07962095
979,-0.09256767
980,-0.07814652
981,-0.09760194
982,-0.09955407
983,-0.1029373
984,-0.08936432
985,-0.07640313
986,-2.866121
987,-3.957366
988,-2.092444
989,-2.400351
990,-0.06103338
991,-0.0647038
992,-0.2067739
993,-0.06469503
994,-0.06102914
995,-0.2067629
996,-0.01673384
997,-0.01668913
998,-0.04622189
999,-0.04622152
1000,-0.04669412
1001,-0.07251543
1002,-0.07337921
1003,-0.08283442
1004,-0.09440421
1005,-0.0841077
1006,-0.04669264
1007,-0.08209144
1008,-1.022037
1009,-0.2142639
1010,-0.3659485
1011,-0.04931547
1012,-0.04938436
1013,-4.154603
1014,-5.032193
1015,-5.769937
1016,-5.585083
1017,-0.08816013
1018,-0.3635695
1019,-0.08811947
1020,-38.33395
1021,-0.06009771
1022,-0.0595529
1023,-0.06751285
1024,-0.05467579
1025,-0.05467581
1026,-0.06377742
1027,-0.05592158
1028,-0.05592041
1029,-0.2074764
1030,-0.0467513
1031,-0.0288294
1032,-0.06883743
1033,-0.07268369
1034,-0.08202051
1035,-0.07268513
1036,-0.08006853
1037,-0.08901338
1038,-0.08076584
1039,-0.08924285
1040,-0.1198662
1041,-0.06883752
1042,-0.09434784
1043,-0.1099999
1044,-0.08292519
1045,-0.07619757
1046,-0.1026768
1047,-0.0615866
1048,-0.06159053
1049,-0.08632924
1050,-0.08809001
1051,-0.1497791
1052,-0.427431
1053,-0.6866587
1054,-0.09573435
1055,-0.09251115
1056,-0.09586278
1057,-0.07870144
1058,-0.09563489
1059,-0.09104408
1060,-1.618782
1061,-18.0333
1062,-0.1360099
1063,-0.1671196
1064,-0.0585594
1065,-0.155178
1066,-0.1630729
1067,-0.133795
1068,-0.1360242
1069,-0.1591195
1070,-0.09229388
1071,-0.05398592
1072,-0.05398567
1073,-0.05630119
1074,-0.0563007
1075,-1.050662
1076,-0.04531639
1077,-0.09589989
1078,-0.0446738
1079,-0.04467357
1080,-0.1015694
1081,-0.05003112
1082,-0.0453161
1083,-0.05093174
1084,-0.09641764
1085,-0.0949006
1086,-1.726683
1087,-0.1641189
1088,-45.3752
1089,-0.09906889
1090,-0.1036434
1091,-0.09478344
1092,-0.09832428
1093,-0.1560783
1094,-0.09587169
1095,-110.6491
1096,-0.05883074
1097,-0.05883499
1098,-0.05445749
1099,-0.05445381
1100,-0.1055971
1101,-0.05350475
1102,-0.09848905
1103,-0.05351116
1104,-0.901502
1105,-0.4480194
1106,-0.07891462
1107,-0.07906316
1108,-0.08564864
1109,-0.1016215
1110,-0.05000842
1111,-0.05001597
1112,-0.09243826
1113,-0.08831202
1114,-0.08549792
1115,-0.3331292
1116,-0.1416817
1117,-0.1415974
1118,-0.1138499
1119,-0.1578922
1120,-0.09601359
1121,-7.44176
1122,-0.08878062
1123,-0.09462319
1124,-0.1084211
1125,-0.09309459
1126,-0.1074022
1127,-0.122978
1128,-0.1026492
1129,-0.0962946
1130,-0.09928336
1131,-0.0529688
1132,-0.0529713
1133,-0.05476708
1134,-0.05680264
1135,-0.05693284
1136,-0.05692768
1137,-0.05680006
1138,-0.05477212
1139,-0.7681093
1140,-0.5647622
1141,-0.4349048
1142,-0.4612782
1143,-0.09630657
1144,-0.08277455
1145,-0.08714122
1146,-0.09394448
1147,-0.08079525
1148,-0.09776071
1149,-0.0616503
1150,-0.08837307
1151,-0.07413393
1152,-0.09174651
1153,-0.05991815
1154,-0.1130774
1155,-0.1152539
1156,-0.09651166
1157,-0.1787803
1158,-0.1430351
1159,-0.06193245
1160,-0.06192825
1161,-0.1365867
1162,-0.1070228
1163,-1.572726
1164,-3.144371
1165,-1.406694
1166,-0.05651977
1167,-0.1005941
1168,-0.09166946
1169,-0.05076267
1170,-0.1018201
1171,-0.1009389
1172,-0.09340356
1173,-0.1014653
1174,-0.05651923
1175,-0.05076116
1176,-0.09819832
1177,-4.678845
1178,-0.05490396
1179,-0.05513539
1180,-0.05513509
1181,-0.054904
1182,-0.05687727
1183,-0.05687572
1184,-1.60873
1185,-0.865356
1186,-0.1957791
1187,-0.2026538
1188,-0.07948806
1189,-0.0995878
1190,-0.1007721
1191,-0.06179868
1192,-0.09280839
1193,-0.09803294
1194,-0.06179902
1195,-0.08033515
1196,-0.05794054
1197,-0.08980652
1198,-0.05796164
1199,-0.09242739
1200,-0.1029371
1201,-0.05389506
1202,-0.06129578
1203,-0.1053285
1204,-0.09644059
1205,-0.09832692
1206,-0.08948981
1207,-0.09618307
1208,-0.04641484
1209,-0.04641597
1210,-0.07806771
1211,-0.08706186
1212,-0.09306968
1213,-57.55534
1214,-0.05497451
1215,-0.0549715
1216,-0.05543378
1217,-0.07040958
1218,-0.05543419
1219,-0.0553486
1220,-0.05534739
1221,-0.0712419
1222,-0.5791151
1223,-0.3481962
1224,-0.791683
1225,-0.1004426
1226,-0.1002762
1227,-0.05792732
1228,-0.07285711
1229,-0.0579345
1230,-0.05683431
1231,-0.07512945
1232,-0.07376605
1233,-0.09507511
1234,-0.05393594
1235,-0.05683133
1236,-0.05278828
1237,-55.26342
1238,-0.05206076
1239,-0.08663894
1240,-0.05205995
1241,-0.06334376
1242,-0.05166714
1243,-0.05165926
1244,-0.08536711
1245,-0.07809553
1246,-0.4732684
1247,-0.3271159
1248,-0.4018302
1249,-0.8567983
1250,-20.14217
1251,-5.302408
1252,-0.09257784
1253,-0.09101146
1254,-0.0879482
1255,-0.07786109
1256,-0.04607466
1257,-0.0460817
1258,-0.09603792
1259,-0.07626138
1260,-0.2530843
1261,-83.88192
1262,-28.11053
1263,-0.06140145
1264,-0.06467708
1265,-0.09147667
1266,-0.07973429
1267,-0.3447108
1268,-0.3961408
1269,-0.4934761
1270,-0.272141
1271,-0.2485584
1272,-12.4748
1273,-0.09336933
1274,-0.07477556
1275,-0.07364648
1276,-0.04971308
1277,-0.09770913
1278,-0.09390405
1279,-0.0497148
1280,-0.08182149
1281,-0.1752595
1282,-0.2081289
1283,-0.3261209
1284,-0.1003987
1285,-0.1004151
1286,-0.05400407
1287,-0.05539576
1288,-0.05539623
1289,-0.05529345
1290,-0.05529878
1291,-0.07758482
1292,-0.05400418
1293,-0.1269003
1294,-0.08783796
1295,-0.3381265
1296,-0.1091086
1297,-0.109092
1298,-7.964108
1299,-0.1023824
1300,-0.098831
1301,-0.09407884
1302,-0.1041515
1303,-0.09808321
1304,-0.09793711
1305,-0.09052006
1306,-0.1006398
1307,-0.1278528
1308,-0.07387006
1309,-0.07385566
1310,-0.1174594
1311,-0.2736827
1312,-0.1173915
1313,-1.097615
1314,-1.593009
1315,-25.23153
1316,-0.06654266
1317,-0.05375601
1318,-0.06789745
1319,-0.08999789
1320,-0.06702835
1321,-0.05376165
1322,-0.07920047
1323,-0.3012949
1324,-0.4040827
1325,-0.4509747
1326,-0.7971506
1327,-0.1498612
1328,-0.149888
1329,-0.307291
1330,-0.1364693
1331,-0.1107915
1332,0
1333,-0.1370292
1334,-0.1369954
1335,-0.1581304
1336,-0.1579981
1337,-5.982485
1338,-0.0535199
1339,-0.05352353
1340,-0.0592672
1341,-0.05340238
1342,-0.05340526
1343,-0.0590248
1344,-1.551767
1345,-1.854433
1346,-0.1657415
1347,-0.1156833
1348,-0.150334
1349,-0.08348124
1350,-0.1026093
1351,-0.08919566
1352,-0.1181684
1353,-0.1657744
1354,-0.08452694
1355,-0.06867221
1356,-0.1248579
1357,-0.1036895
1358,-0.09832378
1359,-0.1212345
1360,-0.1156516
1361,-0.1048092
1362,-0.0686719
1363,-2.472559
1364,-2.844703
1365,-2.098606
1366,-0.3139924
1367,-0.0688236
1368,-0.05241926
1369,-0.07881068
1370,-0.05425964
1371,-0.05242016
1372,-0.05426021
1373,-0.07267173
1374,-3.008923
1375,-2.68637
1376,-0.09499592
1377,-0.09956002
1378,-0.09906049
1379,-0.08873075
1380,-0.09143136
1381,-0.1554486
1382,-0.1002889
1383,-0.100808
1384,-0.1002791
1385,-0.09607926
1386,-0.1020805
1387,-0.09655551
1388,-1.150507
1389,-1.445808
1390,-1.242591
1391,-1.726855
1392,-2.186961
1393,-0.07290114
1394,-0.05369677
1395,-0.0536975
1396,-0.071921
1397,-0.08204574
1398,-0.07354731
1399,-0.07592431
1400,-3.782363
1401,-2.519816
1402,-2.111323
1403,-0.05985877
1404,-0.05987329
1405,-0.09638184
1406,-0.09069697
1407,-0.09648822
1408,-0.1043137
1409,-0.08944666
1410,-0.09036949
1411,-0.1013665
1412,-0.09718876
1413,-0.09498607
1414,0
1415,-0.05008676
1416,-0.05008647
1417,-0.097808
1418,-0.09610041
1419,-0.09532107
1420,-0.09944936
1421,-0.1083726
1422,-1.552795
1423,-1.210857
1424,-3.645091
1425,-0.7295595
1426,-0.05904604
1427,-0.06677722
1428,-0.0616989
1429,-0.05869503
1430,-0.06176019
1431,-0.06531765
1432,-0.06251475
1433,-0.06226709
1434,-0.06692358
1435,-0.6524074
1436,-1.749828
1437,-0.2247929
1438,-0.05560297
1439,-0.05815451
1440,-0.07140295
1441,-0.07137111
1442,-0.05815154
1443,-0.05560314
1444,-0.04430215
1445,-0.04430035
1446,-0.09511071
1447,-0.09630956
1448,-0.04679907
1449,-0.1031164
1450,-0.04680073
1451,-0.09314615
1452,-0.09693994
1453,-0.9926614
1454,-18.16126
1455,-0.06059873
1456,-0.0655207
1457,-0.06552241
1458,-0.06594586
1459,-0.06060084
1460,-0.06594456
1461,-0.1028617
1462,-0.2328076
1463,-0.1273996
1464,-0.1954148
1465,-0.2692322
1466,-0.2203553
1467,-0.09580182
1468,-0.04642493
1469,-0.09326144
1470,-0.04642522
1471,-0.07922842
1472,-1.921103
1473,-2.683585
1474,-9.78305
1475,-3.048034
1476,-0.04821054
1477,-0.04821052
1478,-0.05287518
1479,-0.08456029
1480,-0.08305651
1481,-0.05287149
1482,-0.08804255
1483,-4.724478
1484,-93.21508
1485,-0.7139408
1486,-4.159138
1487,-8.883053
1488,-0.09727275
1489,-0.08342123
1490,-0.09443888
1491,-0.09673463
1492,-0.0870236
1493,-0.0914738
1494,-0.1032537
1495,-0.0890763
1496,-3.930619
1497,-0.1915002
1498,-0.191461
1499,-4.247148
1500,-0.6910077
1501,-1.299931
1502,-6.62244
1503,-0.09353387
1504,-0.08896675
1505,-0.09848966
1506,-0.111458
1507,-0.103982
1508,-0.09012473
1509,-0.08506655
1510,-0.09054706
1511,-2.054233
1512,-1.240519
1513,-0.05463499
1514,-0.068734
1515,-0.07592008
1516,-0.08589441
1517,-0.0676965
1518,-0.08091751
1519,-0.05463618
1520,-0.05480257
1521,-1.32023
1522,-0.1554072
1523,-0.05482974
1524,-2.299312
1525,-2.532332
1526,-4.538217
1527,-0.06475244
1528,-0.0779905
1529,-0.07649534
1530,-0.1420622
1531,-0.2444287
1532,-0.255815
1533,-0.1708481
1534,-0.1161547
1535,-0.2947663
1536,-0.2342061
1537,-0.1035286
1538,-0.0817012
1539,-0.1035468
1540,-0.08168643
1541,-0.06256875
1542,-0.155617
1543,-0.06256624
1544,-0.03454833
1545,-0.03452778
1546,-0.03454619
1547,-0.09565496
1548,-0.14468
1549,-0.120538
1550,-0.09569032
1551,-0.1513099
1552,-10.24314
1553,-69.1991
1554,-0.2011588
1555,-0.1339182
1556,-0.07309115
1557,-0.07305592
1558,-0.08838393
1559,-0.08535177
1560,-0.07353372
1561,-0.08843438
1562,-5.910532
1563,-0.1162892
1564,-0.1163356
1565,-0.1196366
1566,-0.1196183
1567,-0.1159125
1568,-0.1127649
1569,-0.1138643
1570,-0.1159176
1571,-0.1238876
1572,-0.09429714
1573,-7.691644
1574,-5.703202
1575,-0.1393481
1576,-0.03032558
1577,-0.09893379
1578,-0.1053186
1579,-0.1155132
1580,-0.03032652
1581,-0.08650175
1582,-0.03032753
1583,-0.07257248
1584,-0.07257361
1585,-0.05157847
1586,-0.05158478
1587,-0.1070034
1588,-0.1347077
1589,-0.1740387
1590,-0.1228945
1591,-0.1229052
1592,-0.09750562
1593,-0.09921267
1594,-0.1479466
1595,-0.1626901
1596,-0.1510424
1597,-2.181825
1598,-3.863297
1599,-4.04474
1600,-5.660447
1601,-6.589839
1602,-0.1443154
1603,-0.07839148
1604,-0.07841768
1605,-0.03223782
1606,-0.03221524
1607,-0.03222722
1608,-0.1004997
1609,-0.04528021
1610,-0.1004013
1611,-0.160344
1612,-0.04528145
1613,-0.09560158
1614,-0.09825448
1615,-0.112173
1616,-13.60258
1617,-0.05749225
1618,-0.09712942
1619,-0.05514349
1620,-0.05513216
1621,-0.05749235
1622,-91.33517
1623,-0.1099094
1624,-0.1227451
1625,-0.1282152
1626,-0.08481407
1627,-0.07885781
1628,-0.07885233
1629,-0.04865425
1630,-0.09805807
1631,-0.1387269
1632,-0.04865455
1633,-0.05241784
1634,-0.05241913
1635,-1.649354
1636,-1.069249
1637,-0.07817851
1638,-0.083712
1639,-0.09117132
1640,-0.07978272
1641,-0.0765701
1642,-0.07945873
1643,-0.08600697
1644,-0.7692953
1645,-0.7379046
1646,-0.9581074
1647,-0.5175694
1648,-0.6806889
1649,-26.04489
1650,-0.07690625
1651,-0.08461726
1652,-0.07691374
1653,-0.1135816
1654,-0.07480259
1655,-0.07936669
1656,-0.08686244
1657,-0.122091
1658,-4.866929
1659,-0.05231358
1660,-0.05234071
1661,-0.04968604
1662,-0.04940622
1663,-0.9365056
1664,-0.2391364
1665,-0.3762682
1666,-3.94275
1667,-188.9617
1668,-0.09883486
1669,-0.09649492
1670,-0.1310718
1671,-0.1395062
1672,-0.09366253
1673,-0.1010359
1674,-0.139836
1675,-0.0966339
1676,-0.1103468
1677,-0.09051227
1678,-0.07574693
1679,-0.5706509
1680,-1.150503
1681,-0.0842137
1682,-0.185631
1683,-0.09016404
1684,-0.3037989
1685,-56.03151
1686,-0.06443604
1687,-0.08893962
1688,-0.06270627
1689,-0.04563318
1690,-0.04563125
1691,-0.06270614
1692,-0.05034706
1693,-0.05034913
1694,-0.06445308
1695,-0.4433881
1696,-0.4516827
1697,-1.494078
1698,-0.2281842
1699,-2.105411
1700,-7.830275
1701,-4.373785
1702,-0.06458557
1703,-0.06458344
1704,-0.09173319
1705,-0.07734831
1706,-0.05205611
1707,-0.06540288
1708,-0.0654011
1709,-0.05205048
1710,-0.6676621
1711,-0.2935643
1712,-2.440852
1713,-1.098225
1714,-0.1930635
1715,-0.5120788
1716,-0.548009
1717,-0.4094028
1718,-0.395561
1719,-0.08090451
1720,-0.08507454
1721,-0.06585534
1722,-0.1023747
1723,-0.06413838
1724,-0.08004295
1725,-0.08389589
1726,-0.09391814
1727,-0.09490695
1728,-1.427248
1729,-20.95996
1730,-309.9956
1731,-0.07634629
1732,-0.08491904
1733,-0.05972974
1734,-0.0641994
1735,-0.09835964
1736,-0.06419917
1737,-0.05971803
1738,-0.09488338
1739,-0.1057118
1740,-0.08003187
1741,-0.07924197
1742,-0.4778752
1743,-0.7171612
1744,-0.5065846
1745,-0.3171527
1746,-2.134584
1747,-1.82474
1748,-0.1093501
1749,-0.1093948
1750,-0.1985131
1751,-0.1986322
1752,-0.09754235
1753,-0.6564629
1754,-0.858111
1755,-0.07114791
1756,-0.1208202
1757,-0.5690413
1758,-0.3569931
1759,-0.3767956
1760,-0.07116101
1761,-27.09281
1762,-27.75377
1763,-0.09046146
1764,-0.06380852
1765,-0.06381165
1766,-0.07863881
1767,-0.1045622
1768,-0.09208465
1769,-0.1019146
1770,-0.05346435
1771,-0.09925921
1772,-0.06653652
1773,-0.07959966
1774,-0.09516275
1775,-0.04836895
1776,-0.0483713
1777,-0.05348239
1778,-0.5204359
1779,-0.2792343
1780,-0.3861006
1781,-0.3680239
1782,-3.789502
1783,-1.879333
1784,-0.1380592
1785,-0.1168827
1786,-0.1015307
1787,-0.1648888
1788,-0.1068132
1789,-0.1109366
1790,-0.1731348
1791,-0.4166938
1792,-0.9104224
1793,-0.04812272
1794,-0.04835037
1795,-0.8224321
1796,-0.06019593
1797,-0.05995294
1798,-66.71791
1799,-0.05883195
1800,-0.05008046
1801,-0.1001406
1802,-0.05882181
1803,-0.1033842
1804,-0.05008053
1805,-0.09079484
1806,-0.1215283
1807,-0.2294948
1808,-0.6248008
1809,-0.2650707
1810,-0.2720069
1811,-1.758276
1812,-0.05421436
1813,-0.0542056
1814,-0.1750788
1815,-0.1077666
1816,-0.175049
1817,-0.1077424
1818,-0.03498991
1819,-0.07974663
1820,-0.09640115
1821,-0.1047346
1822,-0.0350101
1823,-0.13712
1824,-0.0349937
1825,-0.1008365
1826,-0.10575
1827,-0.1006785
1828,-0.01960079
1829,-0.01952135
1830,-0.02685043
1831,-0.02790844
1832,-37.51852
1833,-1.686628
1834,-6.809088
1835,-9.914531
1836,-0.1203764
1837,-0.05738037
1838,-0.0950269
1839,-0.1302439
1840,-0.05738403
1841,-0.120445
1842,-0.1208285
1843,-0.08020841
1844,-1.259324
1845,-0.4864905
1846,-0.3889781
1847,-15.81425
1848,-6.713908
1849,-0.08746304
1850,-0.05777224
1851,-0.0827487
1852,-0.05776393
1853,-0.09997231
1854,-0.05081629
1855,-0.1193941
1856,-0.08085949
1857,-0.1077355
1858,-0.1050711
1859,-0.05081417
1860,-0.1032657
1861,-1.2959
1862,-0.05732355
1863,-0.09103283
1864,-0.06162596
1865,-0.1246517
1866,-0.05830402
1867,-0.08608976
1868,-1.648658
1869,-0.1170084
1870,-0.09878629
1871,-0.6563306
1872,-0.08857328
1873,-0.2436708
1874,-0.2634703
1875,-0.08517731
1876,-0.6362929
1877,-0.09437735
1878,-0.09586915
1879,-0.2947636
1880,-1.165484
1881,-0.09437457
1882,-0.05627082
1883,-0.06196943
1884,-0.05606752
1885,-0.06376503
1886,-0.09868387
1887,-0.04607954
1888,-0.0890821
1889,-0.09901857
1890,-0.09309861
1891,-0.1011459
1892,-0.09101236
1893,-0.04608027
1894,-0.6588989
1895,-1.101563
1896,-0.7494351
1897,-4.116839
1898,-6.638574
1899,-6.408283
1900,-0.10962
1901,-0.09600393
1902,-0.127283
1903,-0.07218491
1904,-0.07918508
1905,-0.07217579
1906,-0.1562581
1907,-0.400847
1908,-0.2732886
1909,-0.1158741
1910,-0.1153179
1911,-2.684197
1912,-0.05337617
1913,-0.05300535
1914,-0.05300573
1915,-0.05337616
1916,-0.05346386
1917,-0.05483612
1918,-0.0548221
1919,-0.05353674
1920,-0.1029521
1921,-0.09153353
1922,-0.1020107
1923,-0.1045652
1924,-0.09035586
1925,-0.1026928
1926,-0.0978154
1927,-0.02488152
1928,-0.0241305
1929,-1.416662
1930,-8.51277
1931,-0.005689126
1932,-0.007310746
1933,-0.07346752
1934,-0.1027909
1935,-0.08984625
1936,-0.08486755
1937,-0.08168589
1938,-0.06361127
1939,-0.1184805
1940,-0.09216105
1941,-0.08170367
1942,-0.06359379
1943,-0.0732752
1944,-0.1083128
1945,-0.10864
1946,-0.0928049
1947,-0.09302597
1948,-2.11448
1949,-3.296116
1950,-0.05413615
1951,-0.09323659
1952,-0.07090967
1953,-0.09374295
1954,-0.05411029
1955,-0.09042446
1956,-0.04802406
1957,-0.07787799
1958,-0.04802255
1959,-0.09556185
1960,-0.05107446
1961,-0.0995547
1962,-0.1023793
1963,-0.09644311
1964,-0.04824802
1965,-0.04825034
1966,-0.0815988
1967,-0.0510716
1968,-2.666537
1969,-0.4176314
1970,-1.702035
1971,-7.253423
1972,-7.868298
1973,-0.05121465
1974,-0.07090227
1975,-0.05121662
1976,-0.04955097
1977,-0.07083298
1978,-0.07640327
1979,-0.04955254
1980,-0.09593843
1981,-0.05057056
1982,-0.05057123
1983,-0.07109749
1984,-0.09899422
1985,-0.2436923
1986,-0.09849075
1987,-0.1276642
1988,-0.3521678
1989,-0.1637988
1990,-0.1580674
1991,-0.118045
1992,-1.133016
1993,-1.838068
1994,-1.195582
1995,-0.09350613
1996,-0.09918935
1997,-0.06156962
1998,-0.06190404
1999,-0.08734677
2000,-0.09133171
2001,-0.08899459
2002,-0.0451271
2003,-0.04513328
2004,-0.09643912
2005,-0.04760848
2006,-0.07353304
2007,-0.04761371
2008,-0.07410894
2009,-1.180439
2010,-10.0442
2011,-0.05960239
2012,-0.05960524
2013,-0.1957881
2014,-0.1650788
2015,-1.938599
2016,-0.05811813
2017,-0.04750318
2018,-0.05811441
2019,-0.04886976
2020,-0.05810811
2021,-0.0989042
2022,-0.09329005
2023,-0.04887036
2024,-0.1019536
2025,-0.05225798
2026,-0.04750479
2027,-0.05809197
2028,-0.05226336
2029,-0.1192293
2030,-0.08508009
2031,-0.1097847
2032,-0.1846555
2033,-0.1225997
2034,-0.1078232
2035,-0.1272629
2036,-0.07852257
2037,-0.1569955
2038,-0.1112892
2039,-0.1710063
2040,-0.9402167
2041,-0.05761067
2042,-0.1078306
2043,-0.05761451
2044,-0.0703445
2045,-0.0959202
2046,-0.08371242
2047,-0.05374525
2048,-0.05311873
2049,-0.05395218
2050,-0.05311875
2051,-0.05501108
2052,-0.05519836
2053,-0.2359105
2054,-0.2360834
2055,-0.1008278
2056,-0.09320738
2057,-0.05004899
2058,-0.0497707
2059,-0.05199925
2060,-0.05004921
2061,-0.0702962
2062,-0.05200556
2063,-0.04976935
2064,-0.07209256
2065,-0.9431995
2066,-0.8496794
2067,-2.289339
2068,-2.111312
2069,-0.1423423
2070,-0.1220292
2071,-0.1564358
2072,-0.1329363
2073,-0.09845664
2074,-0.1825288
2075,-1.011229
2076,-0.3513695
2077,-0.3186307
2078,-0.07475721
2079,-0.07170393
2080,-0.07816093
2081,-0.07170723
2082,-0.1142822
2083,-0.09731434
2084,-0.08559324
2085,-0.08378696
2086,-0.08221667
2087,-0.1638778
2088,-0.1849025
2089,-0.1601412
2090,-0.1669954
2091,-0.171173
2092,-0.1056729
2093,-0.06478921
2094,-0.09825297
2095,-0.1046222
2096,-0.08217626
2097,-0.2078325
2098,-0.1010306
2099,-0.2280174
2100,-0.03242488
2101,-0.05878732
2102,-0.3761598
2103,-0.0334883
2104,-0.05525154
2105,-0.1068425
2106,-0.1168016
2107,-1.008934
2108,-0.05514304
2109,-0.08861235
2110,-0.04563636
2111,-0.04206156
2112,-0.08854032
2113,-0.03637335
2114,-0.05323961
2115,-0.07525354
2116,-0.05540489
2117,-0.05538075
2118,-0.1052854
2119,-0.0532412
2120,-0.7424623
2121,-0.292164
2122,-0.3543951
2123,-4.788558
2124,-8.81408
2125,-0.1141495
2126,-0.1008253
2127,-0.096342
2128,-0.1149834
2129,-0.08977288
2130,-0.1326429
2131,-0.1002596
2132,-0.08430214
2133,-0.1311795
2134,-0.08451093
2135,-1.531412
2136,-14.22356
2137,-37.04303
2138,-0.1022682
2139,-0.07188256
2140,-0.05382562
2141,-0.05381789
2142,-0.1039762
2143,-0.06855942
2144,-0.06586348
2145,-0.0658458
2146,-0.07562718
2147,-0.07563849
2148,-0.05943549
2149,-0.07545794
2150,-0.07543764
2151,-0.05945626
2152,-0.06976996
2153,-0.09518608
2154,-0.09848039
2155,-0.09719075
2156,-0.0969613
2157,-0.06247487
2158,-0.09552656
2159,-0.6639831
2160,-0.5909508
2161,-4.763313
2162,-12.43906
2163,-6.061905
2164,-0.09973221
2165,-0.1036201
2166,-0.1871455
2167,-0.08944093
2168,-0.0929549
2169,-0.09713154
2170,-0.09144522
2171,-0.0915176
2172,-0.007096847
2173,-0.007033516
2174,-0.05919575
2175,-0.05924384
2176,-21.47149
2177,-1.801556
2178,-0.05347502
2179,-0.05662806
2180,-0.05315317
2181,-0.05662651
2182,-0.05479382
2183,-0.05484589
2184,-0.09562302
2185,-0.2835054
2186,-0.09137301
2187,-0.05191922
2188,-0.08734298
2189,-0.08736852
2190,-0.09146218
2191,-0.106821
2192,-0.1069425
2193,-0.05119529
2194,-0.08821592
2195,-0.04834702
2196,-0.08981567
2197,-0.09272441
2198,-0.09327741
2199,-0.04834985
2200,-0.0879738
2201,-0.08807202
2202,-0.09421071
2203,-0.09509615
2204,-0.09524398
2205,-0.05330233
2206,-0.1911795
2207,-0.190594
2208,-0.5922488
2209,-0.3724747
2210,-0.05323961
2211,-2.722747
2212,-0.09719251
2213,-0.09710971
2214,-0.1023502
2215,-0.04468441
2216,-0.0974219
2217,-0.08836499
2218,-0.04468497
2219,-0.09726468
2220,-0.09965175
2221,-0.0910034
2222,-0.0506622
2223,-0.05066063
2224,-0.4252171
2225,-0.5231637
2226,-10.91949
2227,-0.05291186
2228,-0.05290705
2229,-0.05459749
2230,-0.05459527
2231,-0.0550025
2232,-0.05500076
2233,-0.4600284
2234,-0.09141916
2235,-0.0460453
2236,-0.09141503
2237,-0.1427807
2238,-0.04596833
2239,-0.09265652
2240,-0.04816696
2241,-0.08005201
2242,-0.048172
2243,-0.09210153
2244,-0.08878683
2245,-0.09165134
2246,-0.09553976
2247,-0.09245318
2248,-0.111078
2249,-0.1751442
2250,-0.1082931
2251,-0.06262647
2252,-0.06262212
2253,-0.09186266
2254,-0.412842
2255,-2.044142
2256,-0.3909685
2257,-0.3460487
2258,-0.4731426
2259,-0.2175814
2260,-0.2174229
2261,-0.1090078
2262,-0.1023835
2263,-0.09252504
2264,-0.07745226
2265,-0.09093733
2266,-0.08888384
2267,-0.07858746
2268,-0.09169487
2269,-0.5333781
2270,-3.174236
2271,-3.021733
2272,-0.05587332
2273,-0.07952552
2274,-0.05575511
2275,-0.05575544
2276,-0.07800088
2277,-0.05587331
2278,-0.1369949
2279,-0.1369983
2280,-0.2537687
2281,-0.6553414
2282,-0.09887546
2283,-0.07772593
2284,-0.0872649
2285,-0.08857288
2286,-0.1068646
2287,-0.1132059
2288,-0.09260755
2289,-0.09775574
2290,-0.09422832
2291,-0.09230509
2292,-0.0872793
2293,-0.0973746
2294,-0.1244465
2295,-0.1039611
2296,-0.1028363
2297,-0.1027954
2298,-0.113246
2299,-0.1214239
2300,-0.2640553
2301,-0.3393509
2302,-0.3015884
2303,-0.25957
2304,-0.09029174
2305,-0.06629964
2306,-0.09134022
2307,-0.08598019
2308,-0.09235416
2309,-0.08352225
2310,-0.08776753
2311,-0.09829915
2312,-0.09882925
2313,-0.09882985
2314,0
2315,-0.05470776
2316,-0.05470748
2317,-0.05930513
2318,-0.05581031
2319,-0.05436847
2320,-0.05436829
2321,-0.05937494
2322,-0.05581337
2323,-0.05781251
2324,-0.05780438
2325,-1.025372
2326,-0.845081
2327,-0.1011543
2328,-0.0515701
2329,-0.08120769
2330,-0.09374426
2331,-0.0854826
2332,-0.05157256
2333,-0.04638667
2334,-0.04638637
2335,-2.24651
2336,-9.180482
2337,-0.1803079
2338,-0.1119366
2339,-0.1154945
2340,-0.0587686
2341,-0.05885658
2342,-5.763398
2343,-0.377755
2344,-0.160263
2345,-0.1604231
2346,-0.05083275
2347,-0.05160293
2348,-0.04881764
2349,-0.1047714
2350,-0.05083256
2351,-0.0516085
2352,-0.04882107
2353,-0.09144971
2354,-0.190387
2355,-0.1906711
2356,-0.3285048
2357,-0.5785447
2358,-19.10858
2359,-4.923385
2360,-0.1072068
2361,-0.1501112
2362,-0.0520245
2363,-0.1513467
2364,-0.05202975
2365,-0.1586816
2366,-0.1363134
2367,-0.1426885
2368,-0.1363175
2369,-0.1391157
2370,-0.0571178
2371,-0.05585805
2372,-0.0558591
2373,-0.05711704
2374,-0.05423771
2375,-0.05423883
2376,-0.05530387
2377,-0.05490114
2378,-0.9024978
2379,-0.3591554
2380,-0.275736
2381,-0.09892718
2382,-0.05331924
2383,-0.08039434
2384,-0.08716415
2385,-0.09069227
2386,-0.05331359
2387,-0.09194466
2388,-0.05414287
2389,-0.05415408
2390,-0.09480007
2391,-0.109877
2392,-0.1700034
2393,-0.116651
2394,-0.2113777
2395,-0.2064289
2396,-0.05064395
2397,-0.0506962
2398,-5.427262
2399,-11.25034
2400,-0.2250797
2401,-0.1125054
2402,-0.07571404
2403,-0.06461263
2404,-0.07857659
2405,-0.06459007
2406,0
2407,-0.05554838
2408,-0.05554723
2409,-0.0555884
2410,-0.055593
2411,-0.05526946
2412,-0.05526862
2413,-0.6126424
2414,-0.7301093
2415,-0.5405009
2416,-23.49708
2417,-0.09278349
2418,-0.09596404
2419,-0.07810027
2420,-0.1050017
2421,-0.09830097
2422,-0.0727781
2423,-0.1043623
2424,-0.09606452
2425,-0.08486015
2426,-0.09604681
2427,-0.2623329
2428,-1.954627
2429,-1.424733
2430,-0.6390783
2431,-0.09764067
2432,-0.06318619
2433,-0.08481428
2434,-0.0788668
2435,-0.108796
2436,-0.09260959
2437,-0.06316588
2438,-0.08397626
2439,-0.1000042
2440,-0.1393937
2441,-3.345553
2442,-0.1329086
2443,-0.3804327
2444,-0.0563338
2445,-0.05633362
2446,-0.05546679
2447,-0.05546767
2448,-0.05474015
2449,-0.05474285
2450,-0.9392012
2451,-1.107382
2452,-7.019405
2453,-0.09939162
2454,-0.114743
2455,-0.0523956
2456,-0.05976525
2457,-0.05239727
2458,-0.05976357
2459,-0.1152526
2460,-9.892627
2461,-33.01834
2462,-0.05409488
2463,-0.05409712
2464,-0.0534367
2465,-0.05343777
2466,-0.05299728
2467,-0.05297279
2468,-0.5386273
2469,-0.5062957
2470,-0.5892048
2471,-0.001525785
2472,-0.09240615
2473,-0.143637
2474,-0.08608337
2475,-0.09566589
2476,-0.06444421
2477,-0.1215241
2478,-0.1028256
2479,-0.1536707
2480,-0.06443827
2481,-0.08527743
2482,-1.103886
2483,-0.3709119
2484,-0.2062743
2485,-0.3992688
2486,-0.9603388
2487,-0.2889549
2488,-0.0558116
2489,-0.05522231
2490,-0.05581241
2491,-0.05594724
2492,-0.05522787
2493,-0.05594895
2494,-0.05395657
2495,-0.05395873
2496,-0.2499902
2497,-0.5115875
2498,-0.3530793
2499,0
2500,-2.41799
2501,-2.28826
2502,-0.09379533
2503,-0.1073498
2504,-0.07309236
2505,-0.08117425
2506,-0.09644807
2507,-0.09915307
2508,-0.1079303
2509,-0.07441744
2510,-0.09431144
2511,-0.1009615
2512,-0.09338778
2513,-0.09742866
2514,-0.4953108
2515,-0.4219579
2516,-0.3570439
2517,-0.5658427
2518,-4.792748
2519,-9.900867
2520,-0.05443902
2521,-0.05443924
2522,-0.06711323
2523,-0.05417742
2524,-0.06827772
2525,-0.0541784
2526,-0.4410283
2527,-0.2780964
2528,-0.4062484
2529,-0.5991297
2530,-0.08561257
2531,-0.08560842
2532,-4.180677
2533,-0.0636906
2534,-0.100514
2535,-0.1091429
2536,-0.05640483
2537,-0.05640746
2538,-0.08724761
2539,-0.08736428
2540,-0.07927882
2541,-0.07932185
2542,-0.1606288
2543,-0.1605681
2544,-0.2558249
2545,-16.68083
2546,-1.527983
2547,-0.05418215
2548,-0.05452776
2549,-0.05485762
2550,-0.05485684
2551,-0.05452659
2552,-0.05418228
2553,-0.7373214
2554,-0.6167055
2555,0
2556,-0.1270089
2557,-0.1270356
2558,-0.0876824
2559,-1.639049
2560,-1.017225
2561,-0.05390583
2562,-0.06200929
2563,-0.05360992
2564,-0.06270025
2565,-0.05391065
2566,-0.05361081
2567,-2.856936
2568,-0.9502446
2569,-0.1367391
2570,-0.2054617
2571,-0.1691704
2572,-0.1367144
2573,-0.1435006
2574,-0.06955937
2575,-0.06755613
2576,-0.0675624
2577,-0.06952403
2578,-0.05609943
2579,-0.05609061
2580,-0.1220882
2581,-0.1173581
2582,-1.40123
2583,-1.141231
2584,-3.181719
2585,-0.07110971
2586,-0.05311686
2587,-0.07212068
2588,-0.06891765
2589,-0.0702022
2590,-0.05311841
2591,-0.07623502
2592,-2.819512
2593,-0.1062973
2594,-0.1596464
2595,-0.09962995
2596,-0.200317
2597,-0.1162315
2598,-0.1602902
2599,-0.09676136
2600,-0.09344158
2601,-0.1695442
2602,-0.2145708
2603,-539.1854
2604,-0.1011474
2605,-0.04640435
2606,-0.04640392
2607,-0.09436375
2608,-0.09374155
2609,-0.09776267
2610,-0.09137566
2611,-0.1214726
2612,-1.886924
2613,-5.622192
2614,-1.090562
2615,-1.150646
2616,-0.05462675
2617,-0.06254022
2618,-0.0616298
2619,-0.0528286
2620,-0.06015722
2621,-0.0594837
2622,-0.05282858
2623,-0.05462861
2624,-1.851974
2625,-1.862474
2626,-0.05749506
2627,-0.1314486
2628,-0.0574864
2629,-0.05293138
2630,-0.08877998
2631,-0.05293377
2632,-0.1314751
2633,-0.1226117
2634,-0.1071867
2635,-0.07465566
2636,-0.07463934
2637,-0.1196314
2638,-0.110824
2639,-0.1019913
2640,-0.0480938
2641,-0.04809352
2642,-0.09423522
2643,-0.09668292
2644,-0.08997755
2645,-1.511088
2646,-1.275013
2647,-0.7310831
2648,-0.05761994
2649,-0.06851299
2650,-0.05585302
2651,-0.06080717
2652,-0.05584815
2653,-0.0718502
2654,-0.07797962
2655,-0.05842898
2656,-1.172257
2657,-0.7106743
2658,-0.1049351
2659,-0.07035011
2660,-0.0698298
2661,-0.07982156
2662,-0.0535939
2663,-0.05359316
2664,-0.08581782
2665,-10.32057
2666,-0.341002
2667,-0.04883731
2668,-0.04883303
2669,-0.1008215
2670,-0.09708505
2671,-0.04951971
2672,-0.04951987
2673,-0.0979472
2674,-0.09958257
2675,-4.851674
2676,-4.288798
2677,-2.454314
2678,-0.079202
2679,-0.0673976
2680,-0.07081632
2681,-0.06410383
2682,-0.06767015
2683,-0.1010958
2684,-0.104053
2685,-0.135734
2686,-0.06679765
2687,-0.1180337
2688,-0.09392012
2689,-0.08636916
2690,-0.09091506
2691,-0.0812646
2692,-0.08709495
2693,-0.09579919
2694,-0.09451982
2695,-0.09880661
2696,-0.09537314
2697,-2.613996
2698,-16.21331
2699,-3.818537
2700,-0.09574606
2701,-0.08928651
2702,-0.04665244
2703,-0.09877688
2704,-0.09154378
2705,-0.0865998
2706,-0.09819486
2707,-0.04665358
2708,-3.272396
2709,-12.22373
2710,-4.618013
2711,-12.70469
2712,-1.274711
2713,-2.551609
2714,-0.0767662
2715,-0.04483321
2716,-0.04381132
2717,-0.04381195
2718,-0.09041541
2719,-0.04483215
2720,-3.611534
2721,-6.069146
2722,-4.120358
2723,-2.173759
2724,-10.08321
2725,-1.88205
2726,-0.08425671
2727,-0.09455447
2728,-0.09100966
2729,-0.09168428
2730,-0.0937308
2731,-0.08194242
2732,-0.08355951
2733,-0.09481429
2734,-0.0919083
2735,-0.08484671
2736,-1.162335
2737,-0.05394134
2738,-0.05392563
2739,-0.07832379
2740,-0.0779523
2741,-0.07775769
2742,-0.07723199
2743,-7.356411
2744,-2.917782
2745,-9.191673
2746,-10.46914
2747,-0.07771292
2748,-0.06232052
2749,-0.06231922
2750,-0.07788866
2751,-0.09362869
2752,-0.09118316
2753,-0.3837205
2754,-0.4613418
2755,-0.4955571
2756,-0.5760801
2757,-1.849663
2758,-0.04878798
2759,-0.0487893
2760,-0.1048638
2761,-0.1288049
2762,-0.1027049
2763,-0.1106567
2764,-8.383706
2765,-1.925284
2766,-3.953005
2767,-0.200992
2768,-0.2009842
2769,-0.7644125
2770,-0.1014533
2771,-0.2537414
2772,-0.1421543
2773,-0.1449501
2774,-0.1490669
2775,-0.1491331
2776,-0.08493049
2777,-0.1531129
2778,-0.1313259
2779,-10.72252
2780,-7.633515
2781,-3.62124
2782,-0.0647639
2783,-0.1542479
2784,-0.1541889
2785,-0.06472729
2786,-38.98485
2787,-0.7200443
2788,-0.1048442
2789,-0.1050511
2790,-0.04711515
2791,-0.118207
2792,-0.04711009
2793,-0.09841188
2794,-0.1141509
2795,-0.09519905
2796,-0.09686407
2797,-0.09634649
2798,-0.09101085
2799,-5.512346
2800,-2.673975
2801,-5.088421
2802,-0.1232888
2803,-0.08161168
2804,-0.1232989
2805,-0.0818864
2806,-0.09104934
2807,-0.1061085
2808,-0.1094747
2809,-0.1032796
2810,-0.09119146
2811,-0.1702902
2812,-0.111744
2813,-0.09568676
2814,-0.1299734
2815,-0.1042715
2816,-0.1137107
2817,-4.968668
2818,-0.09926852
2819,-0.05503856
2820,-0.05503556
2821,-0.09929491
2822,-0.05415237
2823,-0.05416512
2824,-17.49523
2825,-0.1115586
2826,-0.08056592
2827,-0.1115623
2828,-0.08052188
2829,-0.1044549
2830,-0.6857243
2831,-0.4222466
2832,-0.5580988
2833,-0.1440906
2834,-0.1152209
2835,-0.08295055
2836,-0.1012309
2837,-0.08982694
2838,-0.07940389
2839,-0.09817538
2840,-0.08248573
2841,-0.6241636
2842,-1.228491
2843,-19.36811
2844,-0.1056076
2845,-0.1615786
2846,-0.09114224
2847,-0.1056449
2848,-0.08386662
2849,-0.1398517
2850,-0.06055367
2851,-0.06056915
2852,-0.2020685
2853,-0.09113806
2854,-0.08381822
2855,-5.359799
2856,-0.2270214
2857,-0.1266983
2858,-0.1863137
2859,-0.3190997
2860,-0.07677138
2861,-11.9848
2862,-0.1172274
2863,-0.175576
2864,-0.1269803
2865,-0.0652504
2866,-0.06525219
2867,-0.1490182
2868,-0.1086947
2869,-0.06447469
2870,-0.06447343
2871,-0.09671352
2872,-0.3895091
2873,-1.614094
2874,-0.04117386
2875,-0.3065463
2876,-0.04102227
2877,-0.0412095
2878,-0.6185804
2879,-0.04122293
2880,-1.080312
2881,-9.624417
2882,-16.0065
2883,-0.05531396
2884,-0.09684483
2885,-0.05801629
2886,-0.057996
2887,-0.1460113
2888,-0.1127354
2889,-0.05530829
2890,-0.5276341
2891,-0.03002217
2892,-0.03021507
2893,-0.4265465
2894,-0.3635421
2895,-1.701886
2896,-0.5462574
2897,-1.916878
2898,-3.340594
2899,-4.291337
2900,-15.70398
2901,-5.00717
2902,-0.1062523
2903,-0.05237555
2904,-0.05438782
2905,-0.05235901
2906,-0.09438625
2907,-0.0998252
2908,-0.05439294
2909,-0.1541078
2910,-0.3142564
2911,-0.611187
2912,-0.6619965
2913,-2.31724
2914,-1.383735
2915,-0.3068725
2916,-0.05843757
2917,-0.05804342
2918,-0.3543539
2919,-0.2176352
2920,-0.1859959
2921,-0.6434337
2922,-0.03665983
2923,-0.03709662
2924,-0.08257949
2925,-0.08257165
2926,-0.06431165
2927,-0.06381754
2928,-0.05473704
2929,-0.05473742
2930,-0.3867164
2931,-0.191487
2932,-0.7591696
2933,-0.1587991
2934,-0.05503875
2935,-0.05504026
2936,-0.05038176
2937,-0.06928602
2938,-0.05038412
2939,-0.08906459
2940,-0.07764772
2941,-0.05829109
2942,-0.09602036
2943,-0.06929305
2944,-0.0946117
2945,-0.09074842
2946,-0.05828267
2947,-0.4311004
2948,-1.398717
2949,-1.864798
2950,-0.8067167
2951,-0.2700806
2952,-1.303262
2953,-0.05384456
2954,-0.05384472
2955,-0.05384389
2956,-0.2568649
2957,-0.2481865
2958,-0.2051692
2959,-0.2851108
2960,-0.1064909
2961,-0.09604445
2962,-0.1139693
2963,-0.05505113
2964,-0.09989375
2965,-0.0550556
2966,-0.09974791
2967,-0.02504818
2968,-0.02502229
2969,-2.830368
2970,-26.29742
2971,-1.260585
2972,-36.8288
2973,-0.4329076
2974,-0.3897896
2975,-66.71791
2976,-0.05637096
2977,-0.05637131
2978,-0.085114
2979,-0.08367189
2980,-0.06977271
2981,-0.08495385
2982,-0.08866655
2983,-0.06978799
2984,-0.08807053
2985,-0.09793132
2986,-0.08625135
2987,-0.09280698
2988,-0.1548827
2989,-1.144568
2990,-0.181002
2991,-0.7971687
2992,-0.6748612
2993,-16.92978
2994,-0.8037823
2995,-0.1301256
2996,-0.1301616
2997,-0.08931249
2998,-0.08930597
2999,-1.564169
3000,-3.150128
3001,-1.112706
3002,-0.4950035
3003,-0.004395426
3004,-0.004511946
3005,-0.07909168
3006,-0.1603634
3007,-0.1016922
3008,-0.1291215
3009,-0.1060871
3010,-0.07020972
3011,-0.09775291
3012,-0.1497476
3013,-0.07906105
3014,-0.1023243
3015,-0.07321723
3016,-0.1985001
3017,-0.3911659
3018,-0.5354665
3019,-0.4190174
3020,-2.409426
3021,-1.048427
3022,-0.06563111
3023,-0.135781
3024,-0.06562837
3025,-0.1357628
3026,-0.05659384
3027,-0.05656958
3028,-0.1156598
3029,-0.1156756
3030,-0.8116046
3031,-3.214727
3032,-1.986081
3033,-3.939969
3034,-0.0591792
3035,-0.1560488
3036,-0.06117204
3037,-0.06118436
3038,-0.05916942
3039,-0.3688172
3040,-0.4417241
3041,-0.8482985
3042,-0.08329912
3043,-0.08549165
3044,-0.06053942
3045,-0.04901746
3046,-0.08334158
3047,-0.06055206
3048,-0.04901931
3049,-0.07378515
3050,-0.07377346
3051,-0.08270191
3052,-0.2202661
3053,-0.5354481
3054,-1.820616
3055,-1.131558
3056,-2.820044
3057,-0.0891569
3058,-0.09059858
3059,-0.08097838
3060,-0.08636776
3061,-0.08573163
3062,-0.07460052
3063,-0.06675048
3064,-0.06675119
3065,-0.0967439
3066,-0.0968147
3067,-0.09681977
3068,-0.1703555
3069,-0.1025175
3070,-0.08424138
3071,-0.08420241
3072,-0.09011758
3073,-0.09284309
3074,-3.884927
3075,-1.294996
3076,-0.05267731
3077,-0.0973361
3078,-0.05673688
3079,-0.07671168
3080,-0.09023463
3081,-0.05268835
3082,-0.04931724
3083,-0.1327475
3084,-0.05672658
3085,-0.09344496
3086,-0.04932496
3087,-1.534311
3088,-1.355527
3089,-0.2555247
3090,-0.5098676
3091,-6.472569
3092,-5.200318
3093,-0.08140872
3094,-0.05448631
3095,-0.05450407
3096,-0.05431911
3097,-0.05431846
3098,-0.1484243
3099,-0.04840057
3100,-0.04840384
3101,-0.1017436
3102,-0.09534162
3103,-0.1790756
3104,-0.09793831
3105,-0.09371521
3106,-1.389855
3107,-4.325385
3108,-3.864058
3109,-21.15881
3110,-0.09236901
3111,-0.05480529
3112,-0.05480047
3113,-0.05284538
3114,-0.09621383
3115,-0.05284331
3116,-0.09242073
3117,-0.0848215
3118,-0.08440186
3119,-0.09601959
3120,-0.09477582
3121,-0.8964401
3122,-0.6085108
3123,-0.7589777
3124,-3.383259
3125,-1.524918
3126,-0.07236695
3127,-0.05527416
3128,-0.05507445
3129,-0.05505805
3130,-0.07145478
3131,-0.05524773
3132,-0.09738615
3133,-0.09956079
3134,-0.1014421
3135,-0.07535927
3136,-0.08426661
3137,-0.08750181
3138,-2.447207
3139,-0.03875326
3140,-0.04691482
3141,-25.22463
3142,-5.704633
3143,-14.74945
3144,-0.0509165
3145,-0.09174767
3146,-0.05092165
3147,-0.09441826
3148,-0.1051573
3149,-0.09447703
3150,-0.09591791
3151,-0.1006479
3152,-0.07253823
3153,-0.09244285
3154,-0.09838217
3155,-0.07642771
3156,-0.2669667
3157,-0.3161457
3158,-0.8391943
3159,-0.3912258
3160,-7.50004
3161,-3.273088
3162,-0.08145912
3163,-0.05209843
3164,-0.05323559
3165,-0.05157711
3166,-0.05206154
3167,-0.05313692
3168,-0.05157617
3169,-0.01161259
3170,-0.01158358
3171,-0.08287214
3172,-0.09995276
3173,-0.09709565
3174,-0.09579942
3175,-0.07233223
3176,-0.1033193
3177,-0.09150606
3178,-0.09620059
3179,-0.07566695
3180,-1.191421
3181,-6.881602
3182,-5.197824
3183,-1.629101
3184,-0.09194334
3185,-0.06949104
3186,-0.05367021
3187,-0.08924033
3188,-0.04849698
3189,-0.05367094
3190,-0.08813479
3191,-0.0729118
3192,-0.04849461
3193,-0.1130745
3194,-0.093743
3195,-0.4593182
3196,-1.481456
3197,-2.55913
3198,-0.06112582
3199,-0.0647965
3200,-0.05862197
3201,-0.05861187
3202,-0.05996201
3203,-0.05994783
3204,-34.48594
3205,-0.08958668
3206,-0.05529262
3207,-0.05528346
3208,-0.05682137
3209,-0.05610982
3210,-0.1516199
3211,-0.1516571
3212,-0.1008437
3213,-0.0498057
3214,-0.04979539
3215,-0.1007742
3216,-2.126564
3217,-2.268364
3218,-13.33845
3219,-25.94114
3220,-0.108103
3221,-0.0934265
3222,-2.396853
3223,-4.100819
3224,-0.07638759
3225,-0.07619242
3226,-0.06072875
3227,-0.06072875
3228,-0.07131156
3229,-0.06502355
3230,-0.07148149
3231,-0.05427916
3232,-0.05427577
3233,-0.0650248
3234,-0.1411683
3235,-0.3630799
3236,-0.2697258
3237,-0.15297
3238,-0.2376197
3239,-0.05960163
3240,-0.1753942
3241,-0.2348929
3242,-0.1584364
3243,-0.1101614
3244,-0.2508779
3245,-0.624754
3246,-0.06094348
3247,-0.06093901
3248,-0.1301581
3249,-0.05691154
3250,-0.05621435
3251,-0.1675877
3252,-0.1674705
3253,-0.1839553
3254,-0.1839594
3255,-0.202128
3256,-0.1569096
3257,-0.2021339
3258,-0.06745511
3259,-0.06745929
3260,-0.139159
3261,-0.09843417
3262,-0.09844559
3263,-0.09878822
3264,-0.05052323
3265,-0.05052005
3266,-0.05485335
3267,-0.05485537
3268,-0.09612975
3269,-0.1058719
3270,-0.6174783
3271,-0.5260137
3272,-4.103684
3273,-8.969465
3274,-12.65857
3275,-0.1478979
3276,-0.1478832
3277,-0.208744
3278,-0.2367354
3279,-3.635473
3280,-3.753985
3281,-4.910336
3282,-0.05576858
3283,-0.0613091
3284,-0.05746167
3285,-0.06738533
3286,-0.05577189
3287,-0.06739161
3288,-0.08066646
3289,-0.06908728
3290,-0.06327903
3291,-0.05586828
3292,-0.05599458
3293,-0.06297655
3294,-0.08765676
3295,-0.09399829
3296,-0.09465531
3297,-0.08706181
3298,-0.09500381
3299,-0.0912617
3300,-0.08555414
3301,-0.4650943
3302,-0.3046847
3303,-0.45883
3304,-0.3584658
3305,-0.459216
3306,-0.7550095
3307,-6.181567
3308,-0.1344753
3309,-0.08580306
3310,-0.08581243
3311,-0.1032535
3312,-0.2065995
3313,-6.777018
3314,-4.418321
3315,-0.05527096
3316,-0.05669317
3317,-0.05528339
3318,-0.05669747
3319,-0.05519455
3320,-0.05572448
3321,-0.09256065
3322,-0.09451167
3323,-0.0602801
3324,-0.07300451
3325,-0.09184448
3326,-0.1072668
3327,-0.06302439
3328,-0.09627625
3329,-0.09226629
3330,-0.09572113
3331,-0.09572993
3332,-0.09525537
3333,-0.09617719
3334,-0.08986287
3335,-0.09751574
3336,-0.08774986
3337,-0.08609422
3338,-0.3074623
3339,-0.173322
3340,-0.2285533
3341,-0.1755298
3342,-0.2265972
3343,-1.756557
3344,-0.1385636
3345,-0.1150837
3346,-0.1196292
3347,-0.1206599
3348,-0.1057064
3349,-19.39057
3350,-9.514956
3351,-25.49077
3352,-0.05546099
3353,-0.05546107
3354,-0.05539407
3355,-0.05539643
3356,-0.05603039
3357,-0.05476525
3358,-0.09662333
3359,-0.08879992
3360,-0.07817172
3361,-0.1230243
3362,-0.07819187
3363,-0.07736386
3364,-0.06896906
3365,-0.09597775
3366,-0.04998218
3367,-0.07653354
3368,-0.09261698
3369,-0.09176669
3370,-0.04992365
3371,-0.08962817
3372,-0.04992764
3373,-0.04999763
3374,-0.09636271
3375,-0.1713167
3376,-0.07427585
3377,-0.1274505
3378,-0.04797271
3379,-0.221935
3380,-0.07411219
3381,-0.04803265
3382,-0.2612499
3383,-0.2029891
3384,-0.8162774
3385,-0.0511132
3386,-0.05111466
3387,-0.136604
3388,-0.1102398
3389,-0.1366392
3390,-0.1025394
3391,-0.1274821
3392,-0.09587307
3393,-0.9389318
3394,-0.05524448
3395,-0.05524577
3396,-0.1017798
3397,-0.08708952
3398,-0.3919642
3399,-0.07832598
3400,-0.09837203
3401,-0.07647254
3402,-0.1036947
3403,-0.0858197
3404,-0.1353969
3405,-0.08346574
3406,-0.07885483
3407,-0.1007823
3408,-0.09670484
3409,-0.1121108
3410,-0.1111543
3411,-0.08364125
3412,-0.0762835
3413,-0.1023762
3414,-0.08218332
3415,-0.06698168
3416,-0.06698155
3417,-0.08782619
3418,-0.1485496
3419,-0.1699544
3420,-0.1721888
3421,-0.1098845
3422,-0.1337821
3423,-0.1788481
3424,-0.1453721
3425,-0.507279
3426,-0.4965293
3427,-0.2513128
3428,-0.4562571
3429,-0.08929563
3430,-0.2749823
3431,-0.1079089
3432,-0.0693843
3433,-0.1060399
3434,-0.1015668
3435,-0.06863613
3436,-0.7365
3437,-1.275597
3438,-4.187417
3439,-0.05455666
3440,-0.05455656
3441,-0.05285101
3442,-0.05285005
3443,-0.3268958
3444,-0.1004187
3445,-0.2461499
3446,-0.1017595
3447,-0.07353877
3448,-0.07300079
3449,-0.07287364
3450,-0.1290871
3451,-0.0975911
3452,-0.1015541
3453,-0.07174893
3454,-0.07849041
3455,-4.993835
3456,-0.05313566
3457,-0.08400949
3458,-0.06340153
3459,-0.06338711
3460,-0.0811549
3461,-0.06796557
3462,-0.05313599
3463,-0.05710619
3464,-0.04581788
3465,-0.04196343
3466,-0.3069572
3467,-0.09170434
3468,-0.1007918
3469,-0.1114752
3470,-0.1026769
3471,-0.09748118
3472,-0.1030122
3473,-0.09999149
3474,-0.3627827
3475,-1.2539
3476,-0.2630837
3477,-13.58953
3478,-0.06035035
3479,-0.05510002
3480,-0.05508932
3481,-0.05393076
3482,-0.05393858
3483,-0.06034591
3484,-2.248393
3485,-0.4445653
3486,-0.09159143
3487,-0.09194047
3488,-0.1054476
3489,-0.115454
3490,-0.0904795
3491,-0.09674201
3492,-0.09173512
3493,-0.08794219
3494,-0.1006079
3495,-0.106116
3496,-0.09726854
3497,-0.1730105
3498,-0.1100981
3499,-0.1934097
3500,-0.1368746
3501,-0.164893
3502,-0.1803378
3503,-10.35003
3504,-0.1098867
3505,-0.1086258
3506,-0.1098898
3507,-0.3230623
3508,-0.1041958
3509,-0.4691622
3510,-1.098081
3511,-221.4024
3512,-0.08424349
3513,-0.08937462
3514,-0.05969708
3515,-0.05969659
3516,-0.05825074
3517,-0.05824859
3518,-0.05773709
3519,-0.05774846
3520,-1.461825
3521,-1.396072
3522,-0.07889496
3523,-0.08052424
3524,-0.07913019
3525,-0.08029735
3526,-0.08480653
3527,-0.05663283
3528,-0.05663097
3529,-0.3189535
3530,-0.5563342
3531,-0.2402367
3532,-0.2783127
3533,-0.1249939
3534,-0.2486353
3535,-0.1148969
3536,-0.1287551
3537,-0.1176261
3538,-0.1480346
3539,-0.1288348
3540,-0.1479482
3541,-0.1176598
3542,-0.07928294
3543,-0.07928248
3544,-1.598596
3545,-0.3466411
3546,-10.89378
3547,-0.05581804
3548,-0.05581941
3549,-0.05699005
3550,-0.0569904
3551,-1.445515
3552,-1.335283
3553,-0.1264733
3554,-0.1273005
3555,-0.07338369
3556,-1.19058
3557,-0.07339842
3558,-0.1859505
3559,-0.1264151
3560,-0.2031001
3561,-0.08844011
3562,-0.1174172
3563,-0.08844634
3564,-0.1856575
3565,-3.568903
3566,-8.507974
3567,-0.06814031
3568,-0.06813943
3569,-0.05466811
3570,-0.06924623
3571,-0.06587727
3572,-0.06659585
3573,-0.05466818
3574,-0.06920343
3575,-1.177801
3576,-0.9244106
3577,-2.332465
3578,-0.5733521
3579,-0.1222613
3580,-0.06720269
3581,-0.05814635
3582,-0.05815274
3583,-0.0671475
3584,-0.0352365
3585,-0.03484843
3586,-6.762578
3587,-11.38511
3588,-0.06066129
3589,-0.06068902
3590,-0.0626852
3591,-0.07750589
3592,-0.06268356
3593,-0.0784435
3594,-0.06536513
3595,-0.06533822
3596,-0.08662096
3597,-0.07323325
3598,-0.07208279
3599,-0.3875674
3600,-0.355753
3601,-0.7571283
3602,-0.07437293
3603,-0.07518809
3604,-0.07391143
3605,-0.05977606
3606,-0.05976193
3607,-0.07436427
3608,-0.09741583
3609,-0.1214851
3610,-0.1055014
3611,-0.104427
3612,-0.09853227
3613,-0.1400611
3614,-0.2560921
3615,-23.67933
3616,-6.842069
3617,-0.06747882
3618,-0.05594333
3619,-0.05594486
3620,-0.05595526
3621,-0.0559557
3622,-0.08328319
3623,-0.08131883
3624,-0.6417014
3625,-0.1267673
3626,-0.09352423
3627,-0.09361514
3628,-0.1120767
3629,-0.112131
3630,-0.1439077
3631,-0.1417
3632,-0.1417104
3633,-0.17328
3634,-4.338532
3635,-0.08451702
3636,-0.0863255
3637,-0.09011291
3638,-0.05458011
3639,-0.05458034
3640,-0.6158922
3641,-0.4892248
3642,-0.1019112
3643,-0.1019187
3644,-2.858868
3645,-20.1538
3646,-0.05567478
3647,-0.05683538
3648,-0.06536284
3649,-0.05828411
3650,-0.06283914
3651,-0.05716882
3652,-0.05567315
3653,-0.05828722
3654,-0.06239923
3655,-0.06241067
3656,-1.697735
3657,-0.7838607
3658,-0.1186502
3659,-0.1292844
3660,-0.05543163
3661,-0.05543033
3662,-0.1217395
3663,-5.957145
3664,-0.08190279
3665,-0.08190762
3666,-2.07433
3667,-0.07749984
3668,-0.08186842
3669,-0.0731362
3670,-0.06840748
3671,-0.0690859
3672,-0.07344636
3673,-0.08283521
3674,-2.470966
3675,-0.05431907
3676,-0.05431617
3677,-0.173822
3678,-4.533558
3679,-1.593928
3680,-0.5791917
3681,-0.6886861
3682,-0.6216616
3683,-0.07322273
3684,-0.0693489
3685,-0.07209641
3686,-0.06672136
3687,-0.07457648
3688,-0.07036913
3689,-0.06688209
3690,-5.880939
3691,-1.668893
3692,-0.1186587
3693,-0.1187387
3694,-0.3022996
3695,-539.1854
3696,-0.09543611
3697,-0.1633186
3698,-0.1383948
3699,-0.1881037
3700,-0.1405325
3701,-4.06871
3702,-3.784765
3703,-0.5977236
3704,-2.516799
3705,-0.05433898
3706,-0.0548258
3707,-0.06843467
3708,-0.05409316
3709,-0.05433871
3710,-0.05409281
3711,-0.05482619
3712,-0.07650845
3713,-0.05941765
3714,-1.020863
3715,-1.443768
3716,-0.1366353
3717,-0.1656266
3718,-0.2547654
3719,-0.1850381
3720,-0.1476947
3721,-0.1850082
3722,-0.1475629
3723,-0.1477128
3724,-62.65833
3725,-0.124901
3726,-0.08540069
3727,-0.09663642
3728,-0.1171985
3729,-0.04555398
3730,-0.04555479
3731,-0.1134291
3732,-0.1418632
3733,-0.1220509
3734,-6.92992
3735,-0.6266064
3736,-0.8843243
3737,-0.08140439
3738,-0.07986996
3739,-0.05534108
3740,-0.0712316
3741,-0.08309594
3742,-0.072724
3743,-0.04759875
3744,-0.3821516
3745,-0.8927618
3746,-0.05397519
3747,-0.05682686
3748,-0.05397503
3749,-0.05682594
3750,-0.08535029
3751,-0.09947146
3752,-0.09375647
3753,-0.08272018
3754,-0.0921806
3755,-0.09861185
3756,-5.484922
3757,-3.76639
3758,-0.07446952
3759,-0.06746365
3760,-0.06916275
3761,-0.07445884
3762,-0.07021847
3763,-0.06067136
3764,-0.06067151
3765,-0.7768436
3766,-0.1399795
3767,-0.5865778
3768,-0.1295733
3769,-0.1338101
3770,-0.1319964
3771,-0.08950992
3772,-0.09152707
3773,-0.09424295
3774,-0.09299909
3775,-0.09622783
3776,-0.04881597
3777,-0.04881569
3778,-0.1042053
3779,-0.1072351
3780,-5.696366
3781,-6.717913
3782,-3.355251
3783,-5.914315
3784,-0.07413619
3785,-0.04766614
3786,-0.04767136
3787,-0.09584281
3788,-7.747682
3789,-0.08465042
3790,-0.08624198
3791,-0.08856836
3792,-0.09157994
3793,-0.08611394
3794,-0.09247389
3795,-0.08553405
3796,-0.091587
3797,-0.09072434
3798,-3.238496
3799,-5.579686
3800,-13.35232
3801,-3.682847
3802,-25.36896
3803,-0.09606174
3804,-0.08395622
3805,-0.08850665
3806,-0.09298113
3807,-0.09140967
3808,-0.09039052
3809,-0.08969323
3810,-0.101464
3811,-0.08862623
3812,-2.323905
3813,-0.5892099
3814,-0.07644363
3815,-0.08793557
3816,-0.06664754
3817,-0.08306611
3818,-0.06653423
3819,-0.07896612
3820,-0.07897146
3821,-0.1175422
3822,-0.2789125
3823,-6.583791
3824,-0.1108596
3825,-0.06320573
3826,-0.06320541
3827,-0.09926252
3828,-0.08221509
3829,-0.9817335
3830,-0.3435899
3831,-0.3901646
3832,-0.2834262
3833,-0.09660786
3834,-0.1249346
3835,-0.1393117
3836,-0.1277857
3837,-0.05048697
3838,-0.114477
3839,-0.2175523
3840,-0.1002563
3841,-0.05048796
3842,-0.1246057
3843,-11.53921
3844,-1.993263
3845,-0.01715358
3846,-0.01714372
3847,-0.1345203
3848,-0.1345694
3849,-0.1616669
3850,-0.1003808
3851,-0.100378
3852,-0.09063708
3853,-0.08986856
3854,-36.46544
3855,-1.097721
3856,-1.26715
3857,-0.07141691
3858,-0.07140823
3859,-62.3385
3860,-0.1467627
3861,-0.09318158
3862,-0.1163043
3863,-0.05156147
3864,-0.09507418
3865,-0.09816334
3866,-0.1665188
3867,-0.05155765
3868,-0.09725032
3869,-0.08579691
3870,-0.08648342
3871,-0.08735742
3872,-10.34114
3873,-4.641298
3874,-6.085676
3875,-11.22777
3876,-0.1346504
3877,-0.08382276
3878,-0.09966198
3879,-0.1078109
3880,-0.1129821
3881,-0.0936799
3882,-0.04811631
3883,-0.04810774
3884,-0.09217161
3885,-0.08137166
3886,-4.44076
3887,-1.696854
3888,-0.08693144
3889,-0.09758402
3890,-0.05618821
3891,-0.08800622
3892,-0.05619817
3893,-0.1005075
3894,-20.31222
3895,-21.04222
3896,0
3897,-8.410993
3898,-0.1096324
3899,-0.1096906
3900,-2.734769
3901,-0.2093266
3902,-0.08040465
3903,-0.09199729
3904,-0.09018289
3905,-0.07775055
3906,-0.08750748
3907,-0.09351161
3908,-0.5660396
3909,-0.525433
3910,-26.21629
3911,0
3912,-0.121217
3913,-0.1059195
3914,-0.0976077
3915,-0.1848296
3916,-0.1212153
3917,-0.1059363
3918,-11.46655
3919,-0.1928089
3920,-0.04765381
3921,-0.04803747
3922,-0.304289
3923,-0.1820154
3924,-0.247289
3925,-217.8341
3926,0
3927,-0.08845225
3928,-0.05778129
3929,-0.1092319
3930,-0.05291387
3931,-0.05291907
3932,-0.0577801
3933,-0.1691819
3934,-0.1092572
3935,-0.01525715
3936,-0.1211219
3937,-0.1721062
3938,-0.01405508
3939,-0.556817
3940,-0.406618
3941,-11.0115
3942,0
3943,-0.1249317
3944,-0.08444609
3945,-0.06447769
3946,-0.3496732
3947,-0.05330776
3948,-0.05331253
3949,-0.06445467
3950,-1.580133
3951,-0.6454383
3952,-0.1834919
3953,-0.1180969
3954,-0.1463788
3955,-0.157434
3956,-0.1606596
3957,-0.1351659
3958,-0.2031057
3959,-0.1958989
3960,-1.047775
3961,-4.642611
3962,-0.05678673
3963,-0.0953598
3964,-0.06199503
3965,-0.08162142
3966,-0.05678152
3967,-0.08664915
3968,-0.06202508
3969,-0.08685455
3970,-0.1160774
3971,-1.515032
3972,-2.18973
3973,-0.1240177
3974,-0.338872
3975,-0.1960447
3976,-0.5265599
3977,-0.4041233
3978,-0.125927
3979,-0.07958129
3980,-0.07974704
3981,-0.0796918
3982,-0.125927
3983,-0.07955132
3984,-0.073759
3985,-0.0738163
3986,-0.1098269
3987,-0.05478609
3988,-0.0547842
3989,-0.06281714
3990,-0.06281601
3991,-0.37606
3992,-0.1708653
3993,-0.1933033
3994,-0.1629504
3995,-0.4037959
3996,-0.1660764
3997,-59.12645
3998,-0.04875512
3999,-0.05863833
4000,-0.09662957
4001,-0.05864406
4002,-0.07833411
4003,-0.08804416
4004,-0.1073817
4005,-0.04875791
4006,-0.08842061
4007,-0.05476203
4008,-0.05476344
4009,-0.06022384
4010,-0.06021142
4011,-0.6850481
4012,-0.8067037
4013,-0.2910022
4014,-0.417718
4015,-0.5153823
4016,-0.5189403
4017,-0.07160732
4018,-0.07169921
4019,-0.08041016
4020,-0.07558354
4021,-0.08026683
4022,-0.07554626
4023,-0.2351062
4024,-0.1901997
4025,-0.2187704
4026,-0.3191695
4027,-0.2381388
4028,-16.29611
4029,-0.04945529
4030,-0.1242935
4031,-0.0936375
4032,-0.04945958
4033,-0.05563705
4034,-0.1082279
4035,-0.09477571
4036,-0.05565112
4037,-0.09150657
4038,-0.7673885
4039,-0.8419491
4040,-1.640967
4041,-0.6421369
4042,-1.158528
4043,-2.029383
4044,-0.07622175
4045,-0.1571233
4046,-0.07622382
4047,-0.1622659
4048,-0.1624608
4049,-0.3459088
4050,-0.3408895
4051,-0.3521345
4052,-0.2608565
4053,-16.1232
4054,-0.05399016
4055,-0.1150534
4056,-0.0539921
4057,-0.05496547
4058,-0.07917103
4059,-0.08138361
4060,-0.05710794
4061,-0.05711141
4062,-0.08778045
4063,-0.05497274
4064,-0.08925465
4065,-0.04831667
4066,-0.04831685
4067,-1.751513
4068,-3.27693
4069,-0.09351272
4070,-0.08365697
4071,-0.083611
4072,-4.129816
4073,-0.1621811
4074,-0.214223
4075,-0.5546914
4076,-0.8911306
4077,-13.0441
4078,-2.696856
4079,-1.235865
4080,-0.1170812
4081,-0.08932718
4082,-0.0520142
4083,-0.08684435
4084,-0.1016293
4085,-0.09830146
4086,-0.09552208
4087,-0.09246793
4088,-0.08671313
4089,-0.05202474
4090,-0.3195344
4091,-0.751829
4092,-1.014409
4093,-4.072312
4094,-0.2394444
4095,-5.482846
4096,-0.06517085
4097,-0.07610387
4098,-0.07602336
4099,-0.110857
4100,-0.06520569
4101,-0.05503938
4102,-0.05503385
4103,-0.05197053
4104,-0.05201596
4105,-0.05195541
4106,-10.62887
4107,-1.674562
4108,-2.642979
4109,-0.0796662
4110,-0.07966889
4111,-0.0794991
4112,-0.07946748
4113,-0.06227154
4114,-0.06225505
4115,-0.8636182
4116,-1.276039
4117,-0.06184804
4118,-0.1095669
4119,-0.08946163
4120,-0.06083475
4121,-0.09818698
4122,-0.04994635
4123,-0.1037704
4124,-0.09880762
4125,-0.04994875
4126,-0.09704447
4127,-2.983832
4128,-0.2972664
4129,-3.10986
4130,-0.1664118
4131,-0.1660812
4132,-0.07916377
4133,-0.168333
4134,-0.07924253
4135,-0.0812354
4136,-0.0748338
4137,-0.1093796
4138,-0.06353796
4139,-0.1094395
4140,-0.05551119
4141,-0.06367873
4142,-0.1006064
4143,-0.05547482
4144,-0.06760883
4145,-0.06761554
4146,-6.233958
4147,-6.91671
4148,-0.8028119
4149,-6.434679
4150,-0.07125879
4151,-0.04707943
4152,-0.1027582
4153,-0.08486908
4154,-0.09176221
4155,-0.04707907
4156,-0.09599822
4157,-0.08898691
4158,-0.07995578
4159,-0.09305824
4160,-0.08012058
4161,-0.05234331
4162,-0.08330198
4163,-0.05234488
4164,-0.6209958
4165,-6.924631
4166,-0.08873814
4167,-0.08877355
4168,-0.09843066
4169,-0.09842741
4170,-0.0951447
4171,-0.1013739
4172,-0.05647947
4173,-0.05647775
4174,-0.09515965
4175,-0.08384599
4176,-0.08251972
4177,-0.0791276
4178,-0.1129547
4179,-0.106313
4180,-0.1562524
4181,-0.170457
4182,-0.1142422
4183,-4.405407
4184,-1.554474
4185,-1.532731
4186,-0.08675776
4187,-0.08629945
4188,-0.07749248
4189,-0.07748625
4190,-0.09683818
4191,-0.09879764
4192,-0.08799907
4193,-0.05504123
4194,-0.0550495
4195,-0.08863451
4196,-2.75698
4197,-5.393325
4198,-2.850964
4199,-0.09463907
4200,-0.09453173
4201,-0.08047068
4202,-0.1173991
4203,-0.08039408
4204,-0.08188263
4205,-0.05324595
4206,-0.08598788
4207,-0.0806328
4208,-0.05330528
4209,-0.05204355
4210,-0.05203462
4211,-0.05202109
4212,-0.0992197
4213,-0.1054521
4214,-0.1890498
4215,-0.1099427
4216,-0.08613597
4217,-0.1028742
4218,-0.1079963
4219,-0.1055285
4220,-0.1029359
4221,-0.1099539
4222,-0.1032742
4223,-4.579107
4224,-27.13698
4225,-1.785285
4226,-10.99204
4227,-0.08378614
4228,-0.08763343
4229,-0.08742365
4230,-0.09295706
4231,-0.09571269
4232,-0.09333245
4233,-0.08540133
4234,-0.0662714
4235,-0.06805754
4236,-0.09459704
4237,-0.09474169
4238,-0.09475374
4239,-0.3667899
4240,-0.9580079
4241,-0.9787568
4242,-0.6695979
4243,-2.362528
4244,-1.870841
4245,-0.08702422
4246,-0.09121893
4247,-0.07211325
4248,-0.09122776
4249,-0.08007794
4250,-0.1062089
4251,-0.08620144
4252,0
4253,-0.05207494
4254,-0.05284862
4255,-0.05159442
4256,-0.05156597
4257,-0.05207111
4258,-0.05284595
4259,-0.009706396
4260,-0.05056566
4261,-0.0505679
4262,-0.0937627
4263,-0.009713192
4264,-0.09268041
4265,-0.09102528
4266,-0.09946322
4267,-0.09089915
4268,-0.07396951
4269,-0.05334537
4270,-0.05334191
4271,-42.62468
4272,-3.094133
4273,-1.208813
4274,-3.312609
4275,-1.053225
4276,-5.271944
4277,-4.166895
4278,-3.292674
4279,-0.08490945
4280,-0.09082057
4281,-0.04962882
4282,-0.09942245
4283,-0.05026025
4284,-0.09246113
4285,-0.08678705
4286,-0.04962855
4287,-0.08927849
4288,-0.0816805
4289,-0.06253953
4290,-0.05522214
4291,-0.05025828
4292,-0.05319392
4293,-0.05319413
4294,-0.4299215
4295,-0.1728242
4296,-0.362006
4297,-0.4601046
4298,-0.725455
4299,-3.253331
4300,-0.1463433
4301,-0.1463666
4302,-0.1027042
4303,-0.08565706
4304,-0.07326227
4305,-0.08566026
4306,-0.08750299
4307,-0.08750293
4308,-0.05157013
4309,-0.04999221
4310,-0.05602041
4311,-0.05156249
4312,-0.05660515
4313,-0.05667944
4314,-0.05505311
4315,-0.05000627
4316,-0.08699381
4317,-0.08727197
4318,-0.1002156
4319,-0.08607034
4320,-0.08872318
4321,-0.0963153
4322,-0.04795137
4323,-0.04794782
4324,-7.586448
4325,-2.129852
4326,-1.984269
4327,-0.101146
4328,-0.0992633
4329,-0.02194357
4330,-0.9900728
4331,-0.02183332
4332,-1.304901
4333,-5.223154
4334,-0.07369162
4335,-0.07087742
4336,-0.07088147
4337,-0.07733358
4338,-0.07367574
4339,-0.07436953
4340,-0.4811764
4341,-0.3694017
4342,-0.3266267
4343,-0.3808932
4344,-0.3183316
4345,-0.3181013
4346,-0.4656165
4347,-0.3273875
4348,-0.07009999
4349,-0.07576823
4350,-0.08778099
4351,-0.08777097
4352,-0.0927884
4353,-0.07534407
4354,-0.09279621
4355,-0.05506369
4356,-0.06042065
4357,-0.0545146
4358,-0.05280098
4359,-0.05283805
4360,-0.05991715
4361,-0.09587106
4362,-0.1983516
4363,-0.1984088
4364,-0.09579888
4365,-0.09079019
4366,-0.1019893
4367,-0.04525867
4368,-0.08513032
4369,-0.09802042
4370,-0.04525726
4371,-0.08836783
4372,-0.0459407
4373,-0.04594028
4374,-0.1027709
4375,-0.09136148
4376,-0.09413809
4377,-1.147601
4378,-2.47453
4379,-7.145184
4380,-8.549774
4381,-0.09051506
4382,-0.05431376
4383,-0.05431224
4384,-0.05927617
4385,-0.09056181
4386,-0.1151923
4387,-0.2040798
4388,-0.2042351
4389,-0.06080564
4390,-0.06080132
4391,-0.0569949
4392,-0.05699993
4393,-0.1280993
4394,-0.1278583
4395,-0.06546485
4396,-0.1278968
4397,-0.06548098
4398,-0.1225144
4399,-0.1019092
4400,-0.08148127
4401,-0.08754935
4402,-0.08447848
4403,-0.0990377
4404,-0.08180205
4405,-0.09745121
4406,-0.09461202
4407,-0.08982024
4408,-0.08489222
4409,-0.08401179
4410,-0.5944368
4411,-1.556043
4412,-5.31336
4413,-9.392585
4414,-15.24211
4415,-0.07617574
4416,-0.1360824
4417,-0.1016962
4418,-0.08300661
4419,-0.1035995
4420,-0.1016987
4421,-0.07930421
4422,-0.1036012
4423,-0.05359777
4424,-0.05359603
4425,-0.05603054
4426,-0.05601854
4427,-0.06362726
4428,-0.06349812
4429,-0.1701632
4430,-0.05944188
4431,-0.06072469
4432,-0.08118268
4433,-0.1701414
4434,-0.06500848
4435,-0.06499582
4436,-0.06918173
4437,-0.06917913
4438,-0.09364295
4439,-0.08379941
4440,-0.09270211
4441,-0.09562334
4442,-0.0932964
4443,-0.08010083
4444,-0.09206638
4445,-0.3840317
4446,-0.3469555
4447,-0.3078365
4448,-0.2657305
4449,-5.550139
4450,-2.421144
4451,-5.848754
4452,-0.07433147
4453,-0.09926624
4454,-0.08687091
4455,-0.07953879
4456,-0.1148036
4457,-0.1147985
4458,-0.09924301
4459,-0.05882885
4460,-0.05566363
4461,-0.05565466
4462,-0.05879974
4463,-0.05734086
4464,-0.09353569
4465,-0.07627554
4466,-0.05734266
4467,-0.0814965
4468,-0.06465802
4469,-0.1038221
4470,-0.05242136
4471,-0.09549626
4472,-0.0953843
4473,-0.09036925
4474,-0.09774505
4475,-0.1033011
4476,-0.09197149
4477,-0.09404771
4478,-0.05242497
4479,-0.08564714
4480,-0.248641
4481,-0.8437673
4482,-1.096794
4483,-2.042261
4484,-1.248171
4485,-0.1362276
4486,-0.1362321
4487,-30.70597
4488,-2.704437
4489,-4.23936
4490,-8.894872
4491,0
4492,-0.1104799
4493,-0.101992
4494,-0.101985
4495,-0.07429443
4496,-0.1104786
4497,-0.0825238
4498,-0.05900256
4499,-0.06043942
4500,-0.07820875
4501,-0.06133243
4502,-0.06143554
4503,-0.0867342
4504,-0.8626935
4505,-0.09149706
4506,-0.0860713
4507,-0.09443952
4508,-0.274644
4509,-0.06760577
4510,-0.06803356
4511,-0.06803793
4512,-0.08267039
4513,-0.09292088
4514,-0.08882011
4515,-0.09815052
4516,-0.0919151
4517,-0.08418877
4518,-0.1892286
4519,-0.1370361
4520,-0.1375786
4521,-0.09876912
4522,-0.07619839
4523,-0.07711259
4524,-0.2195498
4525,-0.1544415
4526,-0.6124783
4527,-0.4912575
4528,-0.4236994
4529,-0.2523157
4530,-0.1198772
4531,-0.1154456
4532,-0.1153781
4533,-1.761049
4534,-2.575217
4535,-4.080674
4536,-144.8697
4537,-0.1074096
4538,-0.1074341
4539,-0.1264394
4540,-0.08456185
4541,-0.07286345
4542,-0.08660959
4543,-0.05637226
4544,-0.0757761
4545,-0.07714653
4546,-0.05466723
4547,-0.05466786
4548,-0.05637298
4549,-0.09681354
4550,-0.2821136
4551,-0.1277272
4552,-0.06183505
4553,-0.08537465
4554,-0.1566344
4555,-0.1221184
4556,-0.1770402
4557,-0.1250093
4558,-0.1245183
4559,-0.1739303
4560,-0.1308878
4561,-0.1370822
4562,-0.1260296
4563,-0.09814925
4564,-0.09346077
4565,-0.09810275
4566,-0.1232409
4567,-0.0833029
4568,-0.2251778
4569,-0.08457267
4570,-0.08331392
4571,-0.2099726
4572,-0.09904459
4573,-0.2099615
4574,-0.09906222
4575,-0.08875566
4576,-3.930967
4577,-28.33174
4578,-6.940819
4579,-0.11337
4580,-0.1175946
4581,-0.07710859
4582,-0.1133718
4583,-0.07098694
4584,-0.08476403
4585,-0.1174958
4586,-0.1111559
4587,-0.07301718
4588,-0.06019979
4589,-0.05305827
4590,-0.05306804
4591,-0.05806768
4592,-0.06507732
4593,-0.1091716
4594,-0.2072538
4595,-0.09555379
4596,-0.1043829
4597,-0.3511906
4598,-0.2902069
4599,-0.2026856
4600,-0.1530848
4601,-0.09939496
4602,-0.08672502
4603,-0.09143741
4604,-0.08821068
4605,-0.1592486
4606,-0.08725689
4607,-0.09939624
4608,-0.1024131
4609,-0.0934798
4610,-0.09446853
4611,-0.1900246
4612,-0.08312127
4613,-0.09480207
4614,-0.1122304
4615,-0.1901387
4616,-0.08667533
4617,-0.08070412
4618,-1.304006
4619,-0.7290314
4620,-0.6671623
4621,-0.976348
4622,-15.43463
4623,-1.366251
4624,-4.647664
4625,-0.04926928
4626,-0.1251301
4627,-0.05453767
4628,-0.07820511
4629,-0.07467149
4630,-0.05435251
4631,-0.07970767
4632,-0.1251263
4633,-0.06385687
4634,-0.06610812
4635,-0.06553827
4636,-0.06385711
4637,-0.09650835
4638,-0.1027368
4639,-0.06618915
4640,-0.06618775
4641,-0.6077601
4642,-0.5232662
4643,-0.3274846
4644,-0.08592267
4645,-0.06520388
4646,-0.1202476
4647,-0.1197525
4648,-0.07437262
4649,-0.06520355
4650,-0.07437376
4651,-0.1418682
4652,-0.04632689
4653,-0.04631959
4654,-0.109609
4655,-0.1033675
4656,-0.09504532
4657,-0.09146103
4658,-0.09297248
4659,-0.09395896
4660,-0.1092042
4661,-0.1092651
4662,-0.5276558
4663,-0.1929359
4664,-0.2623213
4665,-2.855031
4666,-3.140982
4667,-8.802344
4668,-0.05606325
4669,-0.08492716
4670,-0.03950251
4671,-0.05625906
4672,-0.06434687
4673,-0.1132516
4674,-0.06468526
4675,-0.06450427
4676,-0.06450431
4677,-0.06476514
4678,-0.8524405
4679,-0.5791979
4680,-1.238044
4681,-2.048656
4682,-0.09765042
4683,-0.1372521
4684,-0.09361169
4685,-0.08454698
4686,-0.08574477
4687,-0.08562328
4688,-0.08562492
4689,-0.08454774
4690,-0.08574416
4691,-0.09194908
4692,-0.1188531
4693,-810.3193
4694,-0.09550114
4695,-0.09966448
4696,-0.1020804
4697,-0.08702566
4698,-0.0945333
4699,-0.08731281
4700,-1.048943
4701,-0.6184273
4702,-4.831944
4703,-1.528109
4704,-2.715937
4705,-7.260283
4706,-0.1183637
4707,-0.05223187
4708,-0.1267287
4709,-0.1315111
4710,-0.07271835
4711,-0.08250127
4712,-0.1267722
4713,-0.07208031
4714,-0.07624431
4715,-0.08252492
4716,-0.05603746
4717,-0.1006254
4718,-0.1315771
4719,-0.1381196
4720,-0.07622497
4721,-0.1222992
4722,-0.1305187
4723,-0.06930068
4724,-0.1404204
4725,-0.1114946
4726,-0.1184132
4727,-0.06930383
4728,-1.786971
4729,-0.09739456
4730,-0.1124681
4731,-0.1065539
4732,-0.1142483
4733,-0.09453604
4734,-0.08079271
4735,-0.07669745
4736,-0.3724736
4737,-0.3232841
4738,-0.6492462
4739,-1.00202
4740,-11.23577
4741,0
4742,-3.461877
4743,-0.1454499
4744,-0.2442446
4745,-0.132163
4746,-0.1380209
4747,-0.2255361
4748,-0.05519169
4749,-0.05521893
4750,-0.136535
4751,-0.05870352
4752,-0.0587023
4753,-0.08131541
4754,-0.05522232
4755,-0.1727774
4756,-0.2442838
4757,-0.1455267
4758,-0.09517089
4759,-0.08204084
4760,-0.09384038
4761,-0.09024633
4762,-0.09651366
4763,-0.1340163
4764,-0.09969925
4765,-0.1168215
4766,-1.213812
4767,-1.494119
4768,-1.796742
4769,-0.09062594
4770,-0.1225836
4771,-0.1238669
4772,-0.08958544
4773,-0.08971582
4774,-0.0897162
4775,-0.1529545
4776,-0.08566858
4777,-0.08566238
4778,-0.09565334
4779,-0.1840012
4780,-0.5251918
4781,-0.6749638
4782,-0.06777215
4783,-0.2602035
4784,-0.2446511
4785,-0.1872036
4786,-0.06772905
4787,-0.397113
4788,-3.24985
4789,-12.34884
4790,-0.09247344
4791,-0.0924736
4792,-0.08788298
4793,-0.07445405
4794,-0.08789513
4795,-0.1290526
4796,-0.0902628
4797,-0.0963698
4798,-0.08480817
4799,-0.07842137
4800,-0.08146889
4801,-0.08148453
4802,-0.6108
4803,-0.566752
4804,-1.042645
4805,-0.1501331
4806,-0.09617531
4807,-0.1002192
4808,-0.1359994
4809,-0.1285249
4810,-0.1457987
4811,-0.09158057
4812,-0.09857184
4813,-0.09772626
4814,-0.09287005
4815,-0.1965044
4816,-0.1349323
4817,-0.3062015
4818,-0.7957127
4819,-3.674036
4820,-1.137183
4821,-0.1457371
4822,-0.1029901
4823,-0.1205001
4824,-0.09774342
4825,-0.09776904
4826,-0.3438302
4827,-2.136211
4828,-0.8579215
4829,-3.930142
4830,-0.0884212
4831,-0.07969848
4832,-0.07730264
4833,-0.1264858
4834,-0.08142617
4835,-0.0836213
4836,-0.07626116
4837,-0.07694431
4838,-0.1288245
4839,-0.0669989
4840,-0.08812854
4841,-0.08789443
4842,-0.1092675
4843,-0.554925
4844,-1.305959
4845,-1.862168
4846,-0.1093393
4847,-0.1149442
4848,-0.07622036
4849,-0.123726
4850,-0.04677583
4851,-0.04677508
4852,-0.08756275
4853,-0.07613275
4854,-0.1549531
4855,-0.1080959
4856,-0.1529006
4857,-15.94456
4858,-6.441133
4859,-0.1610361
4860,-0.1236891
4861,-0.1237115
4862,-0.1197446
4863,-0.1242708
4864,-0.1243814
4865,-0.09292943
4866,-0.06352896
4867,-0.1312615
4868,-0.05542153
4869,-0.06352877
4870,-0.05541933
4871,-0.08582646
4872,-0.1109664
4873,-0.3609376
4874,-0.6106536
4875,-0.9224395
4876,-22.44287
4877,-3.46808
4878,-0.1071028
4879,-0.1120768
4880,-0.1016612
4881,-0.09565581
4882,-0.08694915
4883,-0.1075048
4884,-0.09060737
4885,-0.06939267
4886,-0.08592479
4887,-0.07049347
4888,-0.07731733
4889,-0.09368005
4890,-0.09199534
4891,-0.06939163
4892,-2.544998
4893,-0.8860944
4894,-2.231992
4895,-0.04895139
4896,-0.04763327
4897,-0.08554914
4898,-0.04893485
4899,-0.04763097
4900,-0.0855502
4901,-0.1370547
4902,-0.0895856
4903,-0.07978883
4904,-0.1204761
4905,-0.08550259
4906,-0.09701458
4907,-0.1175692
4908,-0.1403808
4909,-0.1324075
4910,-0.1176766
4911,-0.2035303
4912,-0.06401289
4913,-0.1215484
4914,-0.3124999
4915,-9.209311
4916,-0.09422522
4917,-0.1224658
4918,-0.2611521
4919,-0.2178977
4920,-0.279958
4921,-0.1068878
4922,-0.1252346
4923,-0.122471
4924,-0.3625981
4925,-0.9469177
4926,-0.6101418
4927,-0.2655556
4928,-0.1305714
4929,-0.1208272
4930,-0.1240077
4931,-0.07735061
4932,-0.07027822
4933,-0.07179743
4934,-0.05536459
4935,-0.08186437
4936,-0.07736308
4937,-0.06943684
4938,-0.07149073
4939,-0.08690916
4940,-0.05536533
4941,-0.1032539
4942,-3.388088
4943,-3.135888
4944,-0.1246211
4945,-0.1096289
4946,-0.1121831
4947,-0.1137293
4948,-0.1850856
4949,-0.2356435
4950,-0.1877012
4951,-0.2074509
4952,-0.1943734
4953,-0.1990622
4954,-0.2268253
4955,-81.29875
4956,-0.1017182
4957,-0.1387984
4958,-0.09663783
4959,-0.1424396
4960,-0.1157457
4961,-0.1368085
4962,-0.09647068
4963,-0.1341106
4964,-0.09954185
4965,-0.4630476
4966,-0.9921652
4967,-0.3310723
4968,-0.1314339
4969,-0.09237635
4970,-0.09978475
4971,-0.09978285
4972,-0.09186427
4973,-0.09234022
4974,-0.09121826
4975,-0.0661157
4976,-0.0637685
4977,-0.06610969
4978,-0.06752662
4979,-0.09081436
4980,-0.05575107
4981,-0.05575119
4982,-3.730933
4983,-1.398335
4984,-344.3593
4985,-0.07697705
4986,-0.07697723
4987,-0.1230027
4988,-0.04720402
4989,-0.04720812
4990,-0.1287427
4991,-0.1030975
4992,-0.1042105
4993,-0.1306162
4994,-0.1488213
4995,-0.1306793
4996,-0.05801756
4997,-0.05803116
4998,-0.5963174
4999,-3.664716
5000,-0.1425423
5001,-0.1460849
5002,-0.108816
5003,-0.0886474
5004,-0.1276685
5005,-0.09407887
5006,-0.1088166
5007,-0.08731897
5008,-4.714613
5009,-0.8453888
5010,-1.519849
5011,-0.1495672
5012,-0.1268808
5013,-0.09222565
5014,-0.09486996
5015,-0.1269207
5016,-0.1108846
5017,-0.1106953
5018,-0.06531293
5019,-0.0645446
5020,-0.07070045
5021,-0.06660105
5022,-0.09576236
5023,-0.05862782
5024,-0.07097673
5025,-0.09551419
5026,-1.444645
5027,-0.1701709
5028,-0.1701851
5029,-103.7514
5030,-172.5303
5031,-0.1036549
5032,-0.1180348
5033,-0.1572568
5034,-0.1160648
5035,-0.144257
5036,-0.1272379
5037,-0.0532134
5038,-0.05321638
5039,-0.2069725
5040,-0.190408
5041,-0.1716622
5042,-0.064302
5043,-0.06430788
5044,-0.1419736
5045,-14.99107
5046,-8.008228
5047,-0.1028036
5048,-0.09961583
5049,-0.1680574
5050,-0.1178451
5051,-0.1513006
5052,-0.1423019
5053,-0.1678838
5054,-0.0979456
5055,-1.776627
5056,-1.876882
5057,-0.04604466
5058,-0.06381643
5059,-0.06381271
5060,-0.1160022
5061,-0.112808
5062,-0.1382025
5063,-0.1128533
5064,-0.1160107
5065,-0.04605933
5066,-0.1290722
5067,-0.1033334
5068,-0.1051994
5069,-0.06117902
5070,-0.06523256
5071,-0.08845668
5072,-0.09877051
5073,-2.111785
5074,-3.183399
5075,-0.07217036
5076,-0.09134293
5077,-0.09753598
5078,-0.08776545
5079,-0.08672199
5080,-0.09309992
5081,-0.1008069
5082,-0.07702208
5083,-0.08897039
5084,-0.006365262
5085,-0.006852482
5086,-21.094
5087,-3.079372
5088,-0.1289334
5089,-0.05022128
5090,-0.1127697
5091,-0.1271013
5092,-0.1118199
5093,-0.1215722
5094,-0.08947339
5095,-0.05502031
5096,-0.1251801
5097,-0.05498647
5098,-0.05022169
5099,-0.2026515
5100,-0.1713775
5101,-0.1234675
5102,-0.1205082
5103,-0.1678467
5104,-7.2998
5105,-7.016819
5106,-0.1062839
5107,-0.09388056
5108,-0.09653345
5109,-0.1009571
5110,-0.1591717
5111,-3.072138
5112,-0.06129045
5113,-0.06134648
5114,-0.08343369
5115,-0.03759098
5116,-0.0600274
5117,-0.08340297
5118,-0.05997602
5119,-0.09220728
5120,-0.08752108
5121,-0.08576773
5122,-0.08750428
5123,-0.07944285
5124,-0.08595188
5125,-0.1861797
5126,-0.1182461
5127,-0.2977036
5128,-0.1967499
5129,-1.006084
5130,-0.2592004
5131,-0.09397317
5132,-0.09396914
5133,-0.1001858
5134,-0.0993208
5135,-0.09666302
5136,-0.09665179
5137,-0.08391251
5138,-0.08390417
5139,-0.1276002
5140,-0.1460751
5141,-0.1220833
5142,-0.09044633
5143,-0.1205764
5144,-0.1131962
5145,-0.1030405
5146,-0.05161997
5147,-0.05162802
5148,-13.06646
5149,-0.1122266
5150,-0.09632909
5151,-0.1354079
5152,-0.1119321
5153,-0.1039344
5154,-0.1119463
5155,-0.1153962
5156,-0.06329939
5157,-0.06324236
5158,-39.70309
5159,-29.95565
5160,-0.09349741
5161,-0.139142
5162,-0.1203723
5163,-0.1423857
5164,-0.1258138
5165,-0.07550427
5166,-0.1412476
5167,-0.09080621
5168,-0.1415831
5169,-0.09315506
5170,-0.09793019
5171,-0.0892786
5172,-0.09172386
5173,-0.08776475
5174,-0.08754423
5175,-0.05387941
5176,-0.04842337
5177,-0.0484233
5178,-0.05391569
5179,-7.320277
5180,-13.96243
5181,-0.1282459
5182,-0.04687446
5183,-0.1106667
5184,-0.04688452
5185,-0.1055204
5186,-0.1421309
5187,-0.09686058
5188,-0.1286758
5189,-0.1012874
5190,-0.07945158
5191,-0.07945471
5192,-8.680593
5193,-0.1619613
5194,-0.2927235
5195,-0.1019667
5196,-0.1658496
5197,-0.158785
5198,-0.1188674
5199,-0.1188456
5200,-0.1562085
5201,-0.09628309
5202,-0.1436653
5203,-0.09615691
5204,-0.09354592
5205,-0.09403506
5206,-0.09405362
5207,-0.04695304
5208,-0.09405278
5209,-0.04695978
5210,-0.08331817
5211,-0.09412065
5212,-0.09348062
5213,-0.08196277
5214,-0.09339646
5215,-0.09303322
5216,-0.08579895
5217,-0.08725024
5218,-0.08525697
5219,-0.09072297
5220,-4.861076
5221,-0.0955497
5222,-0.09467688
5223,-0.049303
5224,-0.09710168
5225,-0.04931115
5226,-0.1369923
5227,-0.09158775
5228,-0.148642
5229,-0.1401284
5230,-0.1980429
5231,-0.09380802
5232,-0.1500463
5233,-0.2695731
5234,-16.84804
5235,-0.137058
5236,-0.1374927
5237,-0.1090969
5238,-0.08502001
5239,-0.1316635
5240,-0.08903228
5241,-0.1985849
5242,-0.1315566
5243,-0.1478739
5244,-0.1618207
5245,-0.1192273
5246,-0.1097608
5247,-0.1139253
5248,-0.0502126
5249,-0.1090475
5250,-0.1255861
5251,-0.1350413
5252,-0.08987076
5253,-0.1098864
5254,-0.05021592
5255,-0.07737095
5256,-0.08857855
5257,-0.07617373
5258,-0.08588026
5259,-0.08628491
5260,-0.08892258
5261,-0.08766037
5262,-0.09180196
5263,-0.09459765
5264,-0.08688005
5265,-0.08859607
5266,-3.968839
5267,-1.435309
5268,-1.440714
5269,-0.05500445
5270,-0.05911509
5271,-0.05910764
5272,-0.05500102
5273,-0.05500719
5274,-0.05500139
5275,-7.174063
5276,-0.8242294
5277,-0.254422
5278,-0.08375949
5279,-0.04782178
5280,-0.1201424
5281,-0.08375466
5282,-0.04782262
5283,-0.1485721
5284,-0.1339237
5285,-0.08421615
5286,-0.1146189
5287,-0.08417487
5288,-0.09873361
5289,-0.06359418
5290,-0.1028195
5291,-0.07281555
5292,-0.06360462
5293,-0.07278883
5294,-8.1436
5295,-0.1071402
5296,-0.08758838
5297,-0.04645855
5298,-0.1226621
5299,-0.1225862
5300,-0.09992018
5301,-0.1016927
5302,-0.04645935
5303,-0.1058184
5304,-0.1070712
5305,-0.09723204
5306,-0.09723256
5307,-0.1060895
5308,-0.107066
5309,-0.08103447
5310,-0.09902735
5311,-0.0631301
5312,-0.06314063
5313,-0.1024024
5314,-0.08022487
5315,-0.08094792
5316,-0.4497108
5317,-0.6269279
5318,-0.5525157
5319,-0.5187944
5320,-0.09068442
5321,-0.1484202
5322,-0.1454622
5323,-0.09672422
5324,-0.1480642
5325,-0.1627828
5326,-0.1001656
5327,-0.09990799
5328,-0.1427865
5329,-0.0807342
5330,-0.0962978
5331,-0.09920877
5332,-0.1044249
5333,-0.09070746
5334,-0.04662238
5335,-0.04661883
5336,-0.0465009
5337,-0.04649973
5338,-12.37012
5339,-0.09320099
5340,-0.09317184
5341,-0.1052559
5342,-0.1540337
5343,-0.1052534
5344,-0.1008015
5345,-0.1038399
5346,-0.101981
5347,-20.69383
5348,-0.1481359
5349,-0.1428559
5350,-0.1019176
5351,-0.1324505
5352,-0.09943073
5353,-0.1572662
5354,-0.149665
5355,-0.09228526
5356,-0.1555491
5357,-0.0991829
5358,-0.08493066
5359,-0.1251873
5360,-0.04635132
5361,-0.04748103
5362,-0.04748134
5363,-0.04635526
5364,-0.09998249
5365,-0.08465839
5366,-0.09674904
5367,-0.07553774
5368,-0.1154363
5369,-0.1031302
5370,-0.1154337
5371,-0.09168749
5372,-19.34864
5373,-3.696467
5374,-0.08992051
5375,-0.09126381
5376,-0.1658721
5377,-0.09762486
5378,-0.1663315
5379,-0.09575436
5380,-0.08964062
5381,-0.09762166
5382,-0.1645779
5383,-0.0966557
5384,-0.04866765
5385,-0.09082223
5386,-0.1028955
5387,-0.09764293
5388,-0.08768246
5389,-0.04866644
5390,-27.51963
5391,-33.38596
5392,-0.1549028
5393,-0.1318079
5394,-0.1137139
5395,-0.1276198
5396,-0.1203234
5397,-0.1516111
5398,-0.1137159
5399,-0.09553964
5400,-347.2899
5401,-11.43225
5402,-2.447594
5403,-0.1402842
5404,-0.1209682
5405,-0.1493953
5406,-0.09543205
5407,-0.08414838
5408,-0.1375198
5409,-0.1505861
5410,-0.09605169
5411,-0.1486399
5412,-0.05363944
5413,-0.05361699
5414,-0.1093632
5415,-0.08783634
5416,-0.07844922
5417,-0.09291673
5418,-0.1177191
5419,-0.08556714
5420,-0.09925742
5421,-8.926224
5422,-1.413915
5423,-0.05925557
5424,-0.05925458
5425,-0.05463281
5426,-0.08824274
5427,-0.05465333
5428,-0.088417
5429,-0.1804824
5430,-0.1801976
5431,-0.1353574
5432,-0.1029803
5433,-0.04775363
5434,-0.07343298
5435,-0.04775158
5436,-0.1320048
5437,-0.1177695
5438,-0.1507023
5439,0
5440,-0.009712731
5441,-0.01021674
5442,-0.1198094
5443,-0.1197906
5444,-0.07378413
5445,-0.08764599
5446,-0.1028725
5447,-0.1387202
5448,-0.1028942
5449,-0.0737833
5450,-0.07292427
5451,-0.07229215
5452,-0.0870017
5453,-0.09839299
5454,-0.1004585
5455,-0.09194995
5456,-0.09178352
5457,-0.09444377
5458,-0.3467325
5459,-0.3261343
5460,-0.1007815
5461,-0.1470395
5462,-0.1007659
5463,-0.1321638
5464,-0.09849644
5465,-0.09241944
5466,-247.4286
5467,-0.5391197
5468,-0.3511756
5469,-0.1473226
5470,-0.1669722
5471,-4.465969
5472,-0.06256342
5473,-0.1595018
5474,-0.1985886
5475,-0.1082693
5476,-0.06251353
5477,-0.0519101
5478,-0.05193871
5479,-0.09317786
5480,-0.146305
5481,-0.156404
5482,-0.1288305
5483,-0.07251535
5484,-0.07250381
5485,-0.1465411
5486,-0.09013522
5487,-0.0981691
5488,-0.2664805
5489,-0.08999227
5490,-0.218892
5491,-0.15596
5492,-0.3152279
5493,-0.1559414
5494,-0.1400848
5495,-0.1401492
5496,-0.08592758
5497,-0.118077
5498,-0.06408028
5499,-0.06408508
5500,-0.1180847
5501,-0.09544676
5502,-6.35042
5503,-0.7767121
5504,-0.1528721
5505,-0.1954374
5506,-0.2143159
5507,-0.2016281
5508,0
5509,-0.1452426
5510,-0.1476242
5511,-0.1442377
5512,-0.1499403
5513,-0.08986484
5514,-0.08404793
5515,-0.09641819
5516,-108.5826
5517,-0.1129258
5518,-0.08564804
5519,-0.1035207
5520,-0.1129317
5521,-0.1391562
5522,-0.1412179
5523,-0.101298
5524,-0.2117441
5525,0
5526,-0.05559995
5527,-0.0906718
5528,-0.05560783
5529,-0.1479283
5530,-0.05938816
5531,-0.07653574
5532,-0.06148064
5533,-0.1769069
5534,-0.1479842
5535,-0.1768115
5536,-2.090622
5537,-4.297905
5538,-0.787542
5539,-0.1498599
5540,-0.1701053
5541,-0.1749667
5542,-0.1272084
5543,-0.4236961
5544,-0.2739183
5545,-0.1998636
5546,-0.06849352
5547,-0.1461867
5548,-0.06850373
5549,-0.1461945
5550,-0.1416271
5551,-0.08583383
5552,-0.1142221
5553,-0.1342356
5554,-0.1395868
5555,-0.05353245
5556,-0.1141989
5557,-0.09090049
5558,-0.05353079
5559,-0.149959
5560,-0.0730858
5561,-0.1445693
5562,-4.425414
5563,-8.521441
5564,-0.1042948
5565,-0.2000593
5566,-0.1048782
5567,-0.09820791
5568,-0.09821485
5569,-0.1474437
5570,0
5571,-0.07893088
5572,-0.1093263
5573,-0.08758255
5574,-0.07499222
5575,-0.08857221
5576,-0.1092651
5577,-0.09318899
5578,-0.05500951
5579,-0.05501876
5580,-0.08040924
5581,-5.469252
5582,-0.1716227
5583,-0.3096624
5584,-0.5882534
5585,-0.2470479
5586,-0.05911331
5587,-0.08474383
5588,-0.08781311
5589,-0.1073195
5590,-0.08773419
5591,-0.05373256
5592,-0.09483297
5593,-0.05364892
5594,-2.010573
5595,-0.06867001
5596,-0.1261379
5597,-0.1001969
5598,-0.09858332
5599,-0.1002139
5600,-0.1042314
5601,-0.06867211
5602,-0.07107742
5603,-0.05670167
5604,-0.08121504
5605,-0.08117411
5606,-0.05670155
5607,-0.07107928
5608,-0.4939255
5609,-0.1463242
5610,-0.468821
5611,-0.1015932
5612,-0.1547015
5613,-0.08882633
5614,-0.08979668
5615,-0.1063254
5616,-0.09369791
5617,-0.06920909
5618,-15.89259
5619,-0.1032621
5620,-0.06730769
5621,-0.1179913
5622,-0.09522232
5623,-0.05703908
5624,-0.09836783
5625,-0.151849
5626,-0.05704698
5627,-0.1196517
5628,-0.07284749
5629,-0.1122885
5630,-7.144849
5631,-1.580734
5632,-0.368622
5633,-0.6055719
5634,-0.5175605
5635,-0.07302278
5636,-0.05695612
5637,-0.06252968
5638,-0.05840056
5639,-0.05699212
5640,-0.06255329
5641,-0.05981308
5642,-0.07303677
5643,0
5644,-0.2363685
5645,-0.2988444
5646,-0.4879696
5647,-0.2793362
5648,-0.4221313
5649,-0.1517875
5650,-0.09131686
5651,-0.08369084
5652,-0.08714457
5653,-0.04987513
5654,-0.09257981
5655,-0.09131469
5656,-0.083693
5657,-0.04987099
5658,-0.08715482
5659,-0.09451735
5660,-11.90746
5661,-0.1060936
5662,-0.08380655
5663,-0.1097431
5664,-0.09379328
5665,-0.0953825
5666,-0.1260226
5667,-0.1102125
5668,-0.08830761
5669,-2.230928
5670,-1.295066
5671,-1.126807
5672,-0.06117648
5673,-0.0751662
5674,-0.09321562
5675,-0.0854172
5676,-0.06119465
5677,-0.05923646
5678,-0.0593817
5679,-0.0009322148
5680,-6.026645
5681,-0.0009522068
5682,-0.5082221
5683,-0.1985454
5684,-0.3897502
5685,-0.5947142
5686,-0.09505442
5687,-0.1369344
5688,-0.098373
5689,-0.1047074
5690,-0.1047186
5691,-0.1286684
5692,-0.1348087
5693,-0.1004865
5694,-0.08728487
5695,-0.09009577
5696,-0.1051055
5697,-0.09164435
5698,-0.08789507
5699,-0.09303575
5700,-0.07420955
5701,-0.08499164
5702,-0.1004978
5703,-0.08651194
5704,-0.09602342
5705,-1.2531
5706,-4.937479
5707,-1.290339
5708,-1.312868
5709,-0.09884705
5710,-0.05652475
5711,-0.07047317
5712,-0.05851341
5713,-0.0588533
5714,-0.05653113
5715,-0.08004827
5716,-0.09923011
5717,-7.081318
5718,-1.563922
5719,-1.896665
5720,-0.747887
5721,-0.5569419
5722,-0.3301638
5723,-0.1403464
5724,-0.09934326
5725,-0.05144752
5726,-0.1164565
5727,-0.09800608
5728,-0.1421872
5729,-0.09799574
5730,-0.0587029
5731,-0.05869624
5732,-0.1384541
5733,-0.08385292
5734,-0.1164481
5735,-0.05145463
5736,-36.80325
5737,-0.08857763
5738,-0.1005572
5739,-0.09076749
5740,-0.08801007
5741,-0.1176165
5742,-0.08930337
5743,-0.1032392
5744,-0.09660631
5745,-0.1023566
5746,-0.0906196
5747,-1.272425
5748,-22.5521
5749,-0.9278591
5750,-0.078313
5751,-0.05649674
5752,-0.08181607
5753,-0.05683943
5754,-0.09649926
5755,-2.097694
5756,-5.514842
5757,-0.3833132
5758,-0.3336719
5759,-0.0997972
5760,-0.1533233
5761,-0.09976924
5762,-0.08880115
5763,-0.1191681
5764,-0.09477739
5765,-0.02333366
5766,-0.02324934
5767,-13.20415
5768,-4.355482
5769,-1.901674
5770,-0.05313302
5771,-0.08855633
5772,-0.09430588
5773,-0.05015281
5774,-0.08436111
5775,-0.05020337
5776,-0.05017453
5777,-0.05312437
5778,-0.05014844
5779,-0.08879499
5780,-0.07267834
5781,-0.09711957
5782,-0.2954833
5783,-0.08325137
5784,-0.08782696
5785,-0.9155686
5786,-1.790356
5787,-1.244881
5788,-0.2386609
5789,-0.09713843
5790,-0.09956343
5791,-0.0739359
5792,-0.07684238
5793,-0.05696734
5794,-0.1032839
5795,-0.05754166
5796,-0.1733081
5797,-0.05803115
5798,-0.05794566
5799,-0.1289356
5800,-0.1732827
5801,-0.1289889
5802,-5.923442
5803,-5.030749
5804,-1.606404
5805,-0.08024091
5806,-0.08959109
5807,-0.08480669
5808,-0.09065761
5809,-0.08374682
5810,-0.07691648
5811,-0.07868698
5812,-0.04720588
5813,-0.04720504
5814,-0.0920889
5815,-0.09047552
5816,-0.08717254
5817,-4.452489
5818,-1.224692
5819,-0.07567532
5820,-0.1259008
5821,-0.1259602
5822,-0.07568359
5823,-0.0547658
5824,-0.05515498
5825,-0.05516066
5826,-0.06892519
5827,-0.06883215
5828,-0.05472916
5829,-0.0539746
5830,-0.05389128
5831,-0.08587596
5832,-0.05460642
5833,-0.05459738
5834,-0.08803176
5835,-0.09491953
5836,-0.08377628
5837,-0.1120253
5838,-0.1044626
5839,-3.189768
5840,-0.8427761
5841,-1.37423
5842,-0.9995031
5843,-0.0529287
5844,-0.05291709
5845,-0.1094584
5846,-0.06864886
5847,-0.08288349
5848,-0.09400589
5849,-0.09635568
5850,-0.1016992
5851,-0.1003335
5852,-0.08180518
5853,-0.0897992
5854,-0.09552552
5855,-1.091303
5856,-2.396656
5857,-2.648428
5858,-1.167179
5859,-2.84403
5860,-2.259768
5861,-0.8861066
5862,-0.09088617
5863,-0.1543393
5864,-0.1463137
5865,-0.1450834
5866,-0.05305141
5867,-0.1742271
5868,-0.174181
5869,-0.1490258
5870,-0.0908738
5871,-0.05305635
5872,-0.07032607
5873,-0.05948805
5874,-0.08697508
5875,-0.07071199
5876,-0.09113563
5877,-0.1020779
5878,-0.05944562
5879,-0.09722037
5880,-0.0629753
5881,-0.09898909
5882,-0.09581533
5883,-0.08798669
5884,-0.09792335
5885,-0.08728614
5886,0
5887,-0.0576123
5888,-0.05760782
5889,-0.08390944
5890,-0.09251019
5891,-0.09249634
5892,-0.08012703
5893,-2.201927
5894,-3.365732
5895,-172.4184
5896,-0.0923545
5897,-0.1139973
5898,-0.09630116
5899,-0.0919424
5900,-0.0944161
5901,-0.08644737
5902,-0.08885731
5903,-0.09466129
5904,-0.08675417
5905,-0.06082789
5906,-0.09356598
5907,-0.06082235
5908,-0.09800264
5909,-1.987874
5910,-0.566528
5911,-0.8924084
5912,-0.8584805
5913,-0.8956499
5914,-0.1644138
5915,-0.1218703
5916,-0.1131611
5917,-0.2552475
5918,-0.1131479
5919,-0.06984454
5920,-0.06985325
5921,-0.1218634
5922,-0.1128644
5923,-0.07726908
5924,-0.08250406
5925,-0.09646385
5926,-0.07342887
5927,-0.07345788
5928,-0.08380396
5929,-0.05413276
5930,-0.05324058
5931,-0.05327195
5932,-0.05413401
5933,-0.05667605
5934,-0.05667512
5935,-0.06952205
5936,-0.06080991
5937,-0.006157389
5938,-0.006150172
5939,-0.06084126
5940,-0.1191914
5941,-0.09960265
5942,-0.1344847
5943,-0.09991173
5944,-0.08561701
5945,-0.1282608
5946,-0.09955396
5947,-0.09721127
5948,-0.1331698
5949,-40.68777
5950,-0.4664705
5951,-0.1603027
5952,-0.8096774
5953,-0.5256354
5954,-0.1690768
5955,-1.051885
5956,-3.149748
5957,-0.5692379
5958,-0.4688855
5959,-0.7687792
5960,-0.8067122
5961,-0.0523042
5962,-0.06082551
5963,-0.06925131
5964,-0.08994149
5965,-0.05617586
5966,-0.09238208
5967,-0.05602887
5968,-0.05229656
5969,-0.05602144
5970,-0.060525
5971,-0.05618287
5972,-0.06994716
5973,-0.09325058
5974,-0.08796765
5975,-0.09317964
5976,-1.494578
5977,-0.2250422
5978,-0.5839266
5979,-0.812067
5980,-1.399699
5981,-1.164008
5982,-0.8147517
5983,-0.05456302
5984,-0.08445221
5985,-0.05747062
5986,-0.05456323
5987,-0.08446223
5988,-0.1038423
5989,-0.05747151
5990,-0.1038385
5991,-0.07033004
5992,-0.05303554
5993,-0.06141587
5994,-78.65046
5995,-0.06947432
5996,-0.05303606
5997,-0.06332272
5998,-0.06808817
5999,-0.05425564
6000,-0.05372693
6001,-0.05385344
6002,-0.09755465
6003,-0.05442458
6004,-0.1342858
6005,-0.1342888
6006,-0.1045526
6007,-0.06123476
6008,-0.0778079
6009,-0.08614133
6010,-0.09046552
6011,-0.08885232
6012,-0.06125534
6013,-0.08693378
6014,-0.08606312
6015,-0.09490869
6016,-0.1208031
6017,-0.1200105
6018,-2.479997
6019,-7.314699
6020,-0.6458694
6021,-1.593968
6022,-0.4490297
6023,-1.877248
6024,-3.140466
6025,-0.436372
6026,-1.514432
6027,-0.07013077
6028,-0.07399168
6029,-0.08020577
6030,-0.06356587
6031,-0.07833946
6032,-0.09439646
6033,-0.07013677
6034,-0.06352519
6035,-0.08975647
6036,-0.1796372
6037,-0.1747103
6038,-0.08236986
6039,-0.309376
6040,-0.1926813
6041,-0.1625896
6042,-0.08249456
6043,-0.2297656
6044,-0.3545243
6045,-0.3106095
6046,-0.3304727
6047,-0.0877499
6048,-0.08136916
6049,-0.07496475
6050,-0.08600997
6051,-0.09892149
6052,-0.05224273
6053,-0.05541595
6054,-0.05240137
6055,-0.05541208
6056,-0.05294171
6057,-0.05415368
6058,-0.4091165
6059,-0.08782406
6060,-0.08778344
6061,-0.04868586
6062,-0.04868626
6063,-0.09436449
6064,-0.04883451
6065,-0.0488347
6066,-0.09467796
6067,-32.45642
6068,-4.675609
6069,-21.65344
6070,-5.405105
6071,-0.058105
6072,-0.08832222
6073,-0.08333477
6074,-0.1032099
6075,-0.0889397
6076,-0.08954673
6077,-0.1036149
6078,-0.06424654
6079,-0.05725277
6080,-0.05725193
6081,-0.0643668
6082,-0.07219541
6083,-0.06754475
6084,-0.06836748
6085,-0.06837869
6086,-0.06757703
6087,-0.07218891
6088,-0.05497878
6089,-0.05497555
6090,-0.08741654
6091,-0.04485121
6092,-0.09556729
6093,-0.09239983
6094,-0.04484852
6095,-0.09339473
6096,-19.17352
6097,-3.740195
6098,-1.416395
6099,-1.760393
6100,-7.744898
6101,-1.948814
6102,-5.60603
6103,-5.349088
6104,-1.543404
6105,-0.07655092
6106,-0.08510698
6107,-0.0862221
6108,-0.07761434
6109,-0.075021
6110,-0.08187176
6111,-0.05551211
6112,-0.08245505
6113,-0.05550896
6114,-0.06716409
6115,-0.05757083
6116,-0.05757213
6117,-0.08153719
6118,-0.05918318
6119,-0.05918495
6120,-0.06150129
6121,-0.08689848
6122,-0.0629686
6123,-0.08685761
6124,-0.06115566
6125,-0.06116861
6126,-0.0913775
6127,-0.08589945
6128,-0.09524145
6129,-0.04651906
6130,-0.08793586
6131,-0.08303975
6132,-0.04651489
6133,-0.04615888
6134,-0.04615923
6135,-0.9664006
6136,-2.439815
6137,-0.8251128
6138,-6.161462
6139,-3.96885E-09
6140,-3.96885E-09
6141,-21.10762
6142,-4.437063
6143,-1.379957
6144,-1.116241
6145,-1.683252
6146,-2.040931
6147,-0.07939237
6148,-0.08578076
6149,-0.08646388
6150,-0.09335823
6151,-0.08739717
6152,-0.0875733
6153,-0.08187862
6154,-0.1324052
6155,-0.09440516
6156,-0.06006715
6157,-0.05993534
6158,-0.08829743
6159,-0.1572345
6160,-0.05789988
6161,-0.05805049
6162,-0.08261222
6163,-0.08463076
6164,-0.09984767
6165,-0.1082929
6166,-0.05853701
6167,-0.05852009
6168,-0.09051227
6169,-0.09138146
6170,-0.09816338
6171,-0.09145565
6172,-0.05364975
6173,-0.1071875
6174,-0.09035543
6175,-0.09725818
6176,-0.0536491
6177,-0.07987692
6178,-0.08953781
6179,-0.095836
6180,-1.61065
6181,-1.978574
6182,-3.74839
6183,-0.05999437
6184,-0.1652979
6185,-0.1655068
6186,-0.05490897
6187,-0.1024888
6188,-0.05490717
6189,-0.103173
6190,-0.05999361
6191,-21.69189
6192,-1.855286
6193,-0.921479
6194,-1.584705
6195,-0.09298538
6196,-0.0929103
6197,-0.0689596
6198,-0.08956601
6199,-0.08716495
6200,-0.09322223
6201,-0.09353604
6202,-0.2813715
6203,-0.09408654
6204,-0.1157233
6205,-0.06854696
6206,-0.06855194
6207,-0.06768652
6208,-0.06760924
6209,-0.1327992
6210,-0.09403779
6211,-0.1224501
6212,-0.08740991
6213,-0.07618524
6214,-0.09476252
6215,-0.08431759
6216,-0.09123817
6217,-0.08426318
6218,-0.2008244
6219,-0.1398592
6220,-0.3000419
6221,-0.67529
6222,-0.5162309
6223,-0.4378158
6224,-1.215321
6225,-0.3436543
6226,-0.3588553
6227,-0.1855686
6228,-0.2113816
6229,0
6230,-1.913257
6231,-2.575473
6232,-1.27021
6233,-16.45494
6234,-6.672906
6235,-0.08088956
6236,-0.0805724
6237,-0.08246953
6238,-0.07646633
6239,-0.08861713
6240,-0.09852619
6241,-0.1237796
6242,-0.1086059
6243,-0.102111
6244,-0.1035221
6245,-0.103588
6246,-0.1185119
6247,-0.7083963
6248,-0.1882058
6249,-0.2053931
6250,-0.1158214
6251,-0.2100804
6252,-0.1233652
6253,-0.1877377
6254,-0.09718296
6255,-0.1102029
6256,-0.1394923
6257,-0.1179522
6258,-0.1179369
6259,-0.1855717
6260,-22.8289
6261,-0.8877294
6262,-8.923079
6263,-0.05379638
6264,-0.04060686
6265,-1.300867
6266,-0.0699525
6267,-0.09045768
6268,-0.08407648
6269,-0.07340796
6270,-0.08466613
6271,-0.0962192
6272,-0.08620117
6273,-0.1144843
6274,-0.05895648
6275,-0.06592543
6276,-0.1563898
6277,-0.1761538
6278,-0.1302665
6279,-0.1113113
6280,-0.06439847
6281,-0.06440544
6282,-0.2015889
6283,-0.2911748
6284,-0.2774946
6285,-0.2025003
6286,-0.05808217
6287,-0.09703375
6288,-0.1181253
6289,-0.06026676
6290,-0.06026281
6291,-0.09700049
6292,-0.145314
6293,-0.05808509
6294,-0.07509812
6295,-0.07501873
6296,-0.09922953
6297,-3.320912
6298,-5.411884
6299,-2.374524
6300,-8.127563
6301,-27.85068
6302,-5.474809
6303,-7.47381
6304,-0.06805491
6305,-0.0929883
6306,-0.08533717
6307,-0.08464814
6308,-0.08206108
6309,-0.08380345
6310,-0.0796297
6311,-0.1131865
6312,-0.1145961
6313,-0.1608274
6314,-0.06924322
6315,-0.5403104
6316,-0.2592417
6317,-0.4160504
6318,-0.06904566
6319,-0.05042378
6320,-0.08435564
6321,-0.04929869
6322,-0.05012109
6323,-0.0504238
6324,-0.04929962
6325,-0.05012348
6326,-0.05335238
6327,-0.05334634
6328,-0.09459267
6329,-0.111525
6330,-0.3269963
6331,-0.1134491
6332,-0.05077423
6333,-0.05072616
6334,-0.1202845
6335,-0.136659
6336,-0.1044637
6337,-0.08348342
6338,-1.630838
6339,-0.5409613
6340,-3.136174
6341,-0.05852195
6342,-0.03675785
6343,-0.03675947
6344,-0.0585212
6345,-0.03675921
6346,-7.408538
6347,-12.57234
6348,-0.06611411
6349,-0.08758381
6350,-0.07137715
6351,-0.07827785
6352,-0.09050789
6353,-0.07297296
6354,-0.08939007
6355,-0.07240469
6356,-0.0937812
6357,-0.09389648
6358,-0.1676493
6359,-0.4327615
6360,-0.1869109
6361,-0.180429
6362,-0.2303804
6363,-0.4815526
6364,-0.4417551
6365,-0.09854373
6366,-0.08490521
6367,-0.07912385
6368,-0.1041536
6369,-0.09592661
6370,-0.09730694
6371,-0.04411459
6372,-0.04411761
6373,-0.1040905
6374,-0.08925167
6375,-0.08177406
6376,-0.08729267
6377,-0.09996717
6378,-0.09317936
6379,-0.08268683
6380,-0.08476508
6381,-0.06878601
6382,-0.07509768
6383,-0.8359665
6384,-0.4334524
6385,-0.5057193
6386,-0.6304593
6387,-0.641759
6388,-100.7892
6389,-2.373967
6390,-0.07726526
6391,-0.1153444
6392,-0.1006366
6393,-0.06438787
6394,-0.07995351
6395,-0.1910155
6396,-0.2330393
6397,-0.199904
6398,-0.09999122
6399,-0.144863
6400,-0.09964282
6401,-1.912431
6402,-1.321375
6403,-0.09982919
6404,-0.04390314
6405,-0.0781998
6406,-0.08513164
6407,-0.04390186
6408,-0.09627661
6409,-6.140777
6410,-0.03500175
6411,-0.03501073
6412,-0.2678417
6413,-0.4064069
6414,-4.841079
6415,-4.908229
6416,-15.3386
6417,-0.07697739
6418,-0.07323091
6419,-0.07277623
6420,-0.08867327
6421,-0.1528345
6422,-0.09909907
6423,-0.08622575
6424,-0.1512974
6425,-0.2167457
6426,-0.05617855
6427,-0.05610298
6428,-0.1228717
6429,-0.5328889
6430,-1.090353
6431,-0.09694326
6432,-0.07693478
6433,-0.09715897
6434,-0.08954545
6435,-0.09622413
6436,-0.09086144
6437,-0.07527008
6438,-0.5271628
6439,-1.034345
6440,-0.4518248
6441,-1.141119
6442,-0.4906586
6443,-0.08589246
6444,-0.08568807
6445,-0.08176692
6446,-0.1489973
6447,-0.08438582
6448,-0.0900356
6449,-0.122784
6450,-0.08132879
6451,-0.0927949
6452,-0.09112183
6453,-0.1077642
6454,-0.1301875
6455,-0.122388
6456,-0.6275449
6457,-1.475528
6458,-32.51597
6459,-0.09829802
6460,-0.05061591
6461,-0.09389893
6462,-0.09658709
6463,-0.05061153
6464,-0.2257663
6465,-0.430919
6466,-0.6793565
6467,-5.612967
6468,-0.164506
6469,-0.1656334
6470,-0.1857711
6471,-0.1442738
6472,-0.3459726
6473,-0.01971822
6474,-0.01925323
6475,-2.162575
6476,-0.4205256
6477,-1.329015
6478,-1.891246
6479,-1.623311
6480,-0.3620512
6481,-0.1730973
6482,-0.1144725
6483,-0.1382099
6484,-0.1475516
6485,-0.1382628
6486,-0.1293448
6487,-0.09287713
6488,-0.1091038
6489,-0.1187725
6490,-0.1289753
6491,-0.1318125
6492,-0.1347018
6493,-0.1242828
6494,-0.1136204
6495,-0.1232036
6496,-2.065726
6497,-418.5968
6498,-0.04447135
6499,-0.0949082
6500,-0.09638871
6501,-0.04606077
6502,-0.09924111
6503,-0.04605979
6504,-0.04447
6505,-0.2819493
6506,-0.2540666
6507,-0.2238829
6508,-0.1991246
6509,-0.06060797
6510,-0.06058313
6511,-17.50098
6512,-2.287827
6513,-0.2130609
6514,-0.1244907
6515,-0.2725413
6516,-0.06785382
6517,-0.05455908
6518,-0.08281793
6519,-0.05534254
6520,-0.05456295
6521,-0.05532051
6522,-0.05931723
6523,-1.645975
6524,-0.05377771
6525,-0.8259127
6526,-1.287534
6527,-0.4838258
6528,-0.4926932
6529,-0.1127268
6530,-0.293198
6531,-0.3020859
6532,-0.1637766
6533,-0.1405435
6534,-0.3580178
6535,-0.13592
6536,-0.1299405
6537,-0.09834415
6538,-0.08436087
6539,-0.07464565
6540,-0.07284301
6541,-9.92154
6542,-0.09189651
6543,-0.09345194
6544,-0.09444267
6545,-0.08873586
6546,-0.08234835
6547,-0.08765408
6548,-0.08026686
6549,-0.08323373
6550,-0.2511348
6551,-0.02311312
6552,-0.02312675
6553,-0.2831038
6554,-0.2691637
6555,-3.684365
6556,-0.2603761
6557,-0.1012675
6558,-0.1613602
6559,-0.09647159
6560,-0.1091916
6561,-0.09964452
6562,-0.09702426
6563,-0.1531555
6564,-0.1103834
6565,-0.152972
6566,-2.407062
6567,-0.05396146
6568,-0.1104782
6569,-0.07287338
6570,-0.07037346
6571,-0.1371351
6572,-0.06957914
6573,-0.05394866
6574,-0.07978105
6575,-0.07195753
6576,-0.06569184
6577,-0.09266338
6578,-0.07273761
6579,-0.06569068
6580,-0.1273844
6581,-6.93133
6582,0
6583,-0.09295174
6584,-0.09531007
6585,-0.07984143
6586,-0.07680192
6587,-0.05063736
6588,-0.04399079
6589,-0.04399054
6590,-0.087637
6591,-0.05064335
6592,-0.09690368
6593,-0.1753717
6594,-0.3410239
6595,-5.641922
6596,-7.228175
6597,-3.259471
6598,-0.08049
6599,-0.09620178
6600,-0.09861829
6601,-0.09853343
6602,-0.081637
6603,-0.09443414
6604,-0.09586666
6605,-0.0925485
6606,-1.179833
6607,-1.081525
6608,-0.7793642
6609,-0.07035491
6610,-0.08579107
6611,-0.08657657
6612,-0.05796976
6613,-0.08471438
6614,-0.09167042
6615,-0.08623004
6616,-0.08424993
6617,-0.07577036
6618,-0.09157633
6619,-0.08567625
6620,-0.08919317
6621,-0.07740989
6622,-0.08092857
6623,-0.06745189
6624,-0.06744707
6625,-5.861919
6626,-1.858971
6627,-2.275006
6628,-1.802179
6629,-0.09639111
6630,-0.09506102
6631,-0.09535837
6632,-0.04898583
6633,-0.04898287
6634,-0.4261778
6635,-0.6216598
6636,-4.355103
6637,-0.07990544
6638,-0.09949838
6639,-0.09664889
6640,-0.1010885
6641,-0.0948007
6642,-0.09500492
6643,-0.0900006
6644,-0.09273247
6645,-0.08608565
6646,-1.801148
6647,-0.08562815
6648,-0.07991398
6649,-0.07538176
6650,-0.1009106
6651,-0.06539948
6652,-0.06209772
6653,-0.06330926
6654,-0.08358476
6655,-0.08359461
6656,-0.05425694
6657,-0.05424825
6658,-3.662243
6659,-3.924569
6660,-4.037816
6661,-1.346183
6662,-65.1283
6663,-0.09358063
6664,-0.1012641
6665,-0.09507453
6666,-0.08901742
6667,-0.105283
6668,-0.08628111
6669,-0.1896726
6670,-0.2913983
6671,-0.2335093
6672,-0.2694693
6673,-0.288157
6674,-7.039443
6675,-8.895473
6676,-0.08609009
6677,-0.09301618
6678,-0.08528367
6679,-0.04734466
6680,-0.09223254
6681,-0.04836934
6682,-0.04734502
6683,-0.04837315
6684,-10.54239
6685,-0.08238506
6686,-0.08357622
6687,-0.1010372
6688,-0.07920597
6689,-0.1096301
6690,-0.08148223
6691,-0.07023594
6692,-0.07022084
6693,-0.0625724
6694,-0.03604972
6695,-0.06140529
6696,-0.02509221
6697,-0.04869195
6698,-0.04319192
6699,-0.02684405
6700,-0.04409428
6701,-0.04328696
6702,-0.05918338
6703,-0.03296933
6704,-1.549767
6705,-0.5219647
6706,-0.09956738
6707,-0.07057406
6708,-0.09653834
6709,-0.05714314
6710,-0.05714386
6711,-0.07019136
6712,-0.1236963
6713,-0.199413
6714,-0.8752512
6715,-0.09497572
6716,-0.09309509
6717,-0.1161233
6718,-0.10573
6719,-0.1030841
6720,-0.1005154
6721,-0.05398561
6722,-0.05397046
6723,-0.1095173
6724,-0.1977425
6725,-0.2463845
6726,-0.1542388
6727,-0.3289991
6728,-10.20944
6729,-0.1010263
6730,-0.09951265
6731,-0.06415953
6732,-0.09465121
6733,-0.09113251
6734,-0.09952937
6735,-0.09829277
6736,-0.0654243
6737,-0.09681168
6738,-0.09431753
6739,-2.412018
6740,-0.08787037
6741,-0.07046211
6742,-0.08792312
6743,-0.07603442
6744,-0.1173714
6745,-0.1173745
6746,-0.1512902
6747,-0.1512836
6748,-0.1320306
6749,-0.2960135
6750,-0.2960074
6751,-0.1320023
6752,-0.005950149
6753,-0.008466968
6754,-0.04444854
6755,-0.02154134
6756,-0.00491261
6757,-0.010562
6758,-0.005504949
6759,-0.2028655
6760,-0.1212174
6761,-0.1046128
6762,-0.1925445
6763,-0.372584
6764,-0.1151494
6765,-0.09264893
6766,-0.09385802
6767,-0.09441387
6768,-0.09806874
6769,-0.09304674
6770,-0.1087331
6771,-0.274292
6772,-0.1792967
6773,-0.1728961
6774,-0.2318964
6775,-4.728822
6776,-20.21686
6777,-0.04524884
6778,-0.09751537
6779,-0.1000535
6780,-0.09899103
6781,-0.100301
6782,-0.09078833
6783,-0.1012889
6784,-0.04524878
6785,-0.2647566
6786,-0.1711057
6787,-0.2453932
6788,-0.1579542
6789,-0.07826716
6790,-0.09094478
6791,-0.08991046
6792,-0.09069633
6793,-0.0952943
6794,-0.09484728
6795,-0.08845501
6796,-0.04710673
6797,-0.05580959
6798,-0.0471067
6799,-0.1222445
6800,-0.05581499
6801,-0.1704927
6802,-0.1724035
6803,-6.701
6804,-0.09716534
6805,-0.09460524
6806,-0.0913185
6807,-0.09771577
6808,-0.1015546
6809,-0.09969609
6810,-0.07997156
6811,-0.04984576
6812,-0.0498473
6813,-0.4237761
6814,-0.09647156
6815,-0.1236813
6816,-0.0964976
6817,-0.08049163
6818,-0.08045249
6819,-36.26966
6820,-0.1389185
6821,-0.138891
6822,-0.09900126
6823,-0.1231878
6824,-0.1234872
6825,-0.1874157
6826,-10.18291
6827,-0.07206476
6828,-0.09044544
6829,-0.09320533
6830,-0.06833929
6831,-0.09175651
6832,-0.08856069
6833,-0.09973761
6834,-0.04973907
6835,-0.04974199
6836,-0.05136393
6837,-0.0513566
6838,-0.04801308
6839,-0.04800608
6840,-0.04907567
6841,-0.1015161
6842,-0.04907398
6843,-0.08198909
6844,-0.08953538
6845,-0.09209441
6846,-5.011202
6847,-0.0879973
6848,-0.1107202
6849,-0.08810883
6850,-0.1031645
6851,-0.04692004
6852,-0.04692257
6853,-0.09705395
6854,-0.107418
6855,-0.08855264
6856,-0.06080266
6857,-0.3267839
6858,-0.0804866
6859,-0.08047738
6860,-0.06082598
6861,-8.936107
6862,-0.09183414
6863,-0.0480761
6864,-0.140192
6865,-0.09287915
6866,-0.09252779
6867,-0.1430944
6868,-0.04807354
6869,-0.08334153
6870,0
6871,-0.04591
6872,-0.09796095
6873,-0.0995169
6874,-0.09474992
6875,-0.0950081
6876,-0.04591358
6877,-0.06718323
6878,-0.09867937
6879,-0.09704869
6880,-0.05916436
6881,-0.0591619
6882,-0.0779401
6883,-0.0812493
6884,-0.09248924
6885,-0.09225578
6886,-0.09716704
6887,-0.09238318
6888,-0.08710321
6889,-0.1236881
6890,-0.1032266
6891,-1.417147
6892,-5.291108
6893,-0.08819354
6894,-0.05636347
6895,-0.05777032
6896,-0.05246248
6897,-0.05246251
6898,-0.05635902
6899,-0.05777082
6900,-0.03662609
6901,-0.03733186
6902,-0.09572713
6903,-0.1000143
6904,-0.09377545
6905,-0.09270485
6906,-0.0960611
6907,-0.04611352
6908,-0.07486834
6909,-0.04611382
6910,-0.07072644
6911,-0.1003042
6912,-0.1236489
6913,-0.1388816
6914,-0.2213973
6915,-8.193218
6916,-0.08614488
6917,-0.04606602
6918,-0.08840689
6919,-0.08189283
6920,-0.04606273
6921,0
6922,-32.58348
6923,-0.06920799
6924,-0.07248082
6925,-0.07751467
6926,-0.07115661
6927,-0.0941158
6928,-0.07750598
6929,-0.07115495
6930,-0.07248143
6931,-0.07785255
6932,-0.08766546
6933,-0.08950345
6934,-0.09073699
6935,-0.09671339
6936,-0.08781515
6937,-0.5256938
6938,-0.3326814
6939,-0.09259176
6940,-0.0823332
6941,-0.09507335
6942,-0.09103715
6943,-0.08517632
6944,-0.1378212
6945,-0.2317181
6946,-0.05469434
6947,-0.1167581
6948,-0.1018226
6949,-0.07724454
6950,-0.09005819
6951,-0.10158
6952,-0.05469395
6953,-0.1546138
6954,-112.1671
6955,-0.09241265
6956,-0.09399813
6957,-0.08226676
6958,-0.05988254
6959,-0.04649355
6960,-0.08246879
6961,-0.09660776
6962,-0.04648974
6963,-0.08872652
6964,-31.32949
6965,-6.361675
6966,-0.09178635
6967,-0.09240802
6968,-0.08950009
6969,-0.09381961
6970,-0.0883721
6971,-0.08932213
6972,-0.04676983
6973,-0.09445219
6974,-0.04676951
6975,-0.08993538
6976,-0.08792161
6977,-0.1078397
6978,-0.1063737
6979,-0.08545455
6980,-0.1059192
6981,-0.08998946
6982,-0.1033209
6983,-13.65694
6984,-0.1024367
6985,-0.0990621
6986,-0.1006722
6987,-0.0950136
6988,-0.1019062
6989,-0.09916899
6990,-0.1002014
6991,-0.09896225
6992,-0.01912253
6993,-3.690339
6994,-0.01910662
6995,-1.178074
6996,-0.1170089
6997,-0.1169726
6998,-0.09166627
6999,-0.08955481
7000,-0.0955637
7001,-0.09041632
7002,-0.09593063
7003,-0.08552536
7004,-0.08851144
7005,-0.09388854
7006,-0.07033409
7007,-0.09013006
7008,-0.06002735
7009,-0.09790967
7010,-0.1086333
7011,-0.09140596
7012,-0.0600331
7013,-0.09530367
7014,-0.0815469
7015,-26.13135
7016,-0.09597383
7017,-0.1040852
7018,-0.04750786
7019,-0.08699291
7020,-0.09423468
7021,-0.09849461
7022,-0.04751018
7023,-0.08524421
7024,-0.09072408
7025,-4.339868
7026,-11.82006
7027,-1.208094
7028,-0.007829877
7029,-2.094461
7030,-0.007799105
7031,-0.1104806
7032,-0.1104379
7033,-2.855696
7034,-0.08213401
7035,-0.08288991
7036,-0.04526253
7037,-0.04526262
7038,-0.09419058
7039,-0.07879173
7040,-0.08227497
7041,-0.0938782
7042,-0.08748624
7043,-0.08095495
7044,-0.07000959
7045,-0.07701565
7046,-0.06918028
7047,-0.09348776
7048,-0.09788294
7049,-0.06740317
7050,-0.06959298
7051,-0.09125067
7052,-0.09674776
7053,-0.05542113
7054,-0.09237679
7055,-0.0554179
7056,-0.09558132
7057,-0.09751465
7058,-5.700734
7059,-0.1589787
7060,-0.09392002
7061,-0.09388774
7062,-0.1589964
7063,-0.09672704
7064,-0.07434055
7065,-0.09700749
7066,-0.0916143
7067,-0.04730167
7068,-0.102658
7069,-0.09268837
7070,-0.1010171
7071,-0.09760478
7072,-0.04730232
7073,-6.023102
7074,-0.07059994
7075,-0.1368612
7076,-0.0705015
7077,-0.1368602
7078,-0.09022352
7079,-0.06977221
7080,-0.07371225
7081,-0.09006967
7082,-0.1113298
7083,-0.07723417
7084,-0.06977473
7085,-0.07371282
7086,-0.09067176
7087,-0.07819854
7088,-0.07547894
7089,-0.08205621
7090,-0.07473979
7091,-0.08366062
7092,-0.09016121
7093,-0.08810963
7094,-0.08968311
7095,-1.356666
7096,-0.03258258
7097,-1.188913
7098,-0.03284934
7099,-0.09534448
7100,-0.09184378
7101,-0.09311415
7102,-0.08756734
7103,-0.09825352
7104,-0.07591776
7105,-0.09655848
7106,-0.09976852
7107,-0.09648015
7108,-0.08131573
7109,-0.08252466
7110,-18.30149
7111,-19.19758
7112,-0.1626836
7113,-0.1629073
7114,-2.244951
7115,-0.2048473
7116,-0.1216905
7117,-0.1524519
7118,-0.2074553
7119,-0.08239064
7120,-0.08238147
7121,-0.207477
7122,-0.131449
7123,-0.09032174
7124,-0.09570283
7125,-0.0929891
7126,-0.08846454
7127,-0.08555684
7128,-0.08981617
7129,-0.09532142
7130,-0.1580296
7131,-0.2259241
7132,-0.1402521
7133,-0.1415036
7134,-14.05462
7135,-0.1399644
7136,-0.3781959
7137,-0.3345949
7138,-0.1200344
7139,-0.09972449
7140,-0.07369907
7141,-0.07369351
7142,-0.09045774
7143,-0.09045009
7144,-0.1070785
7145,-0.1222946
7146,-0.1221366
7147,-2.970125
7148,-0.7834942
7149,-0.2076531
7150,-0.1427573
7151,-0.06937598
7152,-0.08576004
7153,-0.1337781
7154,-0.08576449
7155,-0.1337801
7156,-0.06927688
7157,-0.1727416
7158,-0.05111687
7159,-0.09833369
7160,-0.09438843
7161,-0.0459828
7162,-0.09313335
7163,-0.05112216
7164,-0.09435647
7165,-0.04598357
7166,-0.09264225
7167,-0.09808931
7168,-0.09525257
7169,-0.1373233
7170,-0.1373022
7171,-0.1280892
7172,-0.1453922
7173,-0.0862719
7174,-0.08733284
7175,-39.86359
7176,-20.33054
7177,-0.09012324
7178,-0.1212598
7179,-0.1143363
7180,-0.09803799
7181,-0.05854957
7182,-0.1030539
7183,-0.0585543
7184,-0.1142997
7185,-23.66195
7186,-0.06859901
7187,-0.05429662
7188,-0.05429723
7189,-0.1109396
7190,-0.06859521
7191,-1.412744
7192,-1.87698
7193,-0.1610183
7194,-0.08369352
7195,-0.2584162
7196,-0.08362576
7197,-0.1607195
7198,-0.1289166
7199,-0.2040311
7200,-0.09009345
7201,-0.1598918
7202,-0.06324225
7203,-0.1598787
7204,-0.06365102
7205,-0.09012844
7206,-0.0881971
7207,-0.09542698
7208,-0.09005106
7209,-0.04934727
7210,-0.04539962
7211,-0.04934718
7212,-0.04539502
7213,-0.0947141
7214,-0.09763981
7215,-0.09113505
7216,-0.1046791
7217,-0.1042097
7218,-0.2550386
7219,-0.2060701
7220,-0.1628315
7221,-0.1629323
7222,-7.104616
7223,-0.0836969
7224,-0.1046871
7225,-0.05084877
7226,-0.1017328
7227,-0.09601056
7228,-0.09751432
7229,-0.1018759
7230,-0.05085142
7231,-0.07827949
7232,-0.05105575
7233,-0.05102377
7234,-0.0675135
7235,-0.07481872
7236,-0.0880129
7237,-0.07483762
7238,-0.07540766
7239,-0.06752287
7240,-0.1283292
7241,-0.1283122
7242,-0.1037229
7243,-0.06639666
7244,-0.06639193
7245,-1.838306
7246,-0.1521998
7247,-0.197972
7248,-0.2265754
7249,-0.2094015
7250,-0.2079289
7251,-0.1017032
7252,-0.06233674
7253,-0.06669021
7254,-0.06097319
7255,-0.06054319
7256,-0.05976519
7257,-0.06097216
7258,-0.06668984
7259,-0.06237286
7260,-0.11375
7261,-0.09684241
7262,-0.1019382
7263,-0.06748649
7264,-0.09325647
7265,-0.06748024
7266,-0.1040463
7267,-0.110641
7268,-0.05988369
7269,-0.05824148
7270,-0.05923487
7271,-0.05924154
7272,-0.05823983
7273,-0.05987808
7274,-0.05803791
7275,-0.05803552
7276,-0.7357619
7277,-1.174462
7278,-1.288367
7279,-1.382807
7280,-0.0940362
7281,-0.04936112
7282,-0.04936502
7283,-0.04679854
7284,-0.08835764
7285,-0.07990418
7286,-0.09324396
7287,-0.04679948
7288,-10.51068
7289,-0.08462525
7290,-0.1013249
7291,-0.1366359
7292,-0.05373222
7293,-0.05373442
7294,-0.1527622
7295,-0.05262874
7296,-0.05263437
7297,-2.711269
7298,-1.185717
7299,-0.1425628
7300,-0.1226338
7301,-0.0752912
7302,-0.08074953
7303,-0.07529823
7304,-0.0807399
7305,-0.1542403
7306,-0.1362103
7307,-0.05583396
7308,-0.05390465
7309,-0.0539806
7310,-0.05582737
7311,-3.288162
7312,-0.117148
7313,-0.1169928
7314,-0.2527498
7315,-0.09705896
7316,-0.09695145
7317,-0.09072986
7318,-0.09314817
7319,-0.08823845
7320,-0.09419109
7321,-0.09247164
7322,-0.08541967
7323,-0.06010354
7324,-0.1027984
7325,-0.0856242
7326,-0.1011216
7327,-0.08703871
7328,-0.1071425
7329,-0.06007601
7330,-0.1281263
7331,-4.520751
7332,-0.7253742
7333,-1.343602
7334,-0.2269779
7335,-0.3597763
7336,-0.1250416
7337,-0.1619773
7338,-0.134879
7339,-0.059927
7340,-0.08153993
7341,-0.09713618
7342,-0.07415614
7343,-0.0571098
7344,-0.05712046
7345,-0.05993317
7346,-1.209526
7347,-0.2299215
7348,-0.1121434
7349,-0.5925106
7350,-0.1119836
7351,-0.08048805
7352,-0.08048771
7353,-0.04640092
7354,-0.09976962
7355,-0.09712364
7356,-0.0946807
7357,-0.09988961
7358,-0.09997773
7359,-0.09810536
7360,-0.04639879
7361,-57.12099
7362,-0.09082741
7363,-0.09904096
7364,-0.09226233
7365,-0.09853289
7366,-0.1145223
7367,-0.09039024
7368,-0.09079252
7369,-0.05239784
7370,-0.0524018
7371,-0.09755716
7372,-0.05374587
7373,-0.05374696
7374,-1.026605
7375,-1.229051
7376,-1.049347
7377,-0.3995128
7378,-1.048143
7379,-0.1585412
7380,-0.09295186
7381,-0.07963514
7382,-0.09423277
7383,-0.09382874
7384,-0.09663869
7385,-0.07840913
7386,-30.78419
7387,-3.582646
7388,-0.9149592
7389,-0.343925
7390,-0.08847111
7391,-0.05481067
7392,-0.09552497
7393,-0.05480839
7394,-0.04799331
7395,-0.0996732
7396,-0.08887051
7397,-0.09106643
7398,-0.1038926
7399,-0.04799076
7400,-277.4066
7401,-0.05386556
7402,-0.05385802
7403,-0.05723317
7404,-0.08395566
7405,-0.1141131
7406,-0.05722591
7407,-0.08729564
7408,-0.1135932
7409,-0.08913403
7410,-0.09261391
7411,-0.06065704
7412,-0.06064007
7413,-0.0915091
7414,-0.6717073
7415,-0.6588467
7416,-1.978252
7417,-1.372075
7418,-0.5883735
7419,-0.09551872
7420,-0.09901663
7421,-0.0744362
7422,-0.09177111
7423,-0.0915866
7424,-0.08673621
7425,-0.2105827
7426,-0.304747
7427,-0.2428236
7428,-0.4992958
7429,-0.0920683
7430,-0.1019163
7431,-0.1001188
7432,-0.08512275
7433,-0.06004284
7434,-0.06004143
7435,-0.07339215
7436,-101.0633
7437,-0.08109762
7438,-0.1028046
7439,-0.0946883
7440,-0.06550401
7441,-0.09091777
7442,-0.0653273
7443,-0.09263536
7444,-0.09383571
7445,-0.09911618
7446,-0.09806278
7447,-1.064718
7448,-1.640568
7449,-0.09509499
7450,-0.09692477
7451,-0.09486254
7452,-0.08946373
7453,-0.09823253
7454,-0.1018214
7455,-0.2049007
7456,-0.2048914
7457,-39.31557
7458,-8.826315
7459,-0.4184459
7460,-0.2160626
7461,-0.4265269
7462,-0.258597
7463,-0.1667161
7464,-0.1666504
7465,-0.1132656
7466,-0.09902923
7467,-0.06363464
7468,-0.065762
7469,-0.0552458
7470,-0.05244598
7471,-0.05244049
7472,-0.05521692
7473,-0.09369409
7474,-0.04932512
7475,-0.08492557
7476,-0.04932381
7477,-1.073285
7478,-5.395277
7479,-4.982076
7480,-1.016756
7481,-0.8822228
7482,-0.5475731
7483,-0.1077311
7484,-0.1056541
7485,-0.1056806
7486,-0.1077126
7487,-0.08576126
7488,-0.07982491
7489,-0.09224261
7490,-0.08850041
7491,-0.07815073
7492,-0.09751687
7493,-0.09553487
7494,-0.06147101
7495,-0.06540623
7496,-0.05523188
7497,-0.05521059
7498,-0.1005165
7499,-0.06533438
7500,-0.0615565
7501,-6.65778
7502,-0.1772585
7503,-0.09719368
7504,-0.1690842
7505,-0.3171425
7506,-0.1009436
7507,-0.65335
7508,-0.29832
7509,-0.2556306
7510,-0.2141215
7511,-0.7604735
7512,-0.4270899
7513,-0.07910571
7514,-0.08534911
7515,-0.09281669
7516,-0.08329015
7517,-0.09270836
7518,-0.08462606
7519,-0.07925548
7520,-0.05628499
7521,-0.06911177
7522,-0.05630246
7523,-0.0848642
7524,-5.336544
7525,-1.427925
7526,-0.5389678
7527,-0.139439
7528,-0.07188025
7529,-0.07187399
7530,-0.1329648
7531,-0.09431273
7532,-0.09351204
7533,-0.0853778
7534,-0.09011114
7535,-0.08129414
7536,-0.08422416
7537,-0.08713149
7538,-0.06366802
7539,-0.05617902
7540,-0.1046414
7541,-0.09669928
7542,-0.05615652
7543,-0.1538529
7544,-0.1538138
7545,-0.1198009
7546,-0.188331
7547,-0.1138572
7548,-0.1197798
7549,-4.300067
7550,-6.039828
7551,-0.4438267
7552,-0.1689909
7553,-0.3502898
7554,-0.1599745
7555,-0.2370353
7556,-0.2036153
7557,-0.6965026
7558,-1.430009
7559,-0.1591787
7560,-0.1692849
7561,-0.7734326
7562,-0.2758486
7563,-0.1714059
7564,-0.083281
7565,-0.08723284
7566,-0.08518226
7567,-0.1082805
7568,-0.1045243
7569,-0.09078381
7570,-0.04885211
7571,-0.04885123
7572,-0.08546271
7573,-0.09143382
7574,-0.09093826
7575,-0.04915681
7576,-0.04915408
7577,-1.332264
7578,-1.014295
7579,-0.05527892
7580,-0.05866259
7581,-0.05530661
7582,-0.137194
7583,-0.1378786
7584,-0.07572271
7585,-0.05865924
7586,-0.1371538
7587,-0.3579281
7588,-0.07572221
7589,-0.09967997
7590,-0.08696958
7591,-0.06868363
7592,-0.0807989
7593,-0.06718599
7594,-0.07988118
7595,-0.05016443
7596,-0.05604874
7597,-0.0711485
7598,-0.05605372
7599,-0.07038251
7600,-0.07018089
7601,-0.05012226
7602,-0.1127177
7603,-0.1055205
7604,-0.08269467
7605,-0.09634722
7606,-0.07980215
7607,-0.09718862
7608,-4.967033
7609,-1.358305
7610,-0.3852099
7611,-0.3578641
7612,-0.6069471
7613,-1.398522
7614,-0.164212
7615,-0.3879768
7616,-0.3096324
7617,-0.08760875
7618,-0.06903698
7619,-0.07095254
7620,-0.0948386
7621,-0.09336368
7622,-0.08417413
7623,-0.07605237
7624,-0.09197335
7625,-0.07927632
7626,-0.08797793
7627,-0.08179652
7628,-0.09222983
7629,-0.5533982
7630,-1.396368
7631,-1.017934
7632,-3.999994
7633,-1.306463
7634,-0.05589152
7635,-0.05589296
7636,-0.09355308
7637,-0.0898219
7638,-0.07492862
7639,-0.08896093
7640,-0.07451996
7641,-0.07632731
7642,-0.08768878
7643,-0.08702508
7644,-0.07471932
7645,-0.0768083
7646,-0.09121155
7647,-0.07581764
7648,-0.05363787
7649,-0.05881753
7650,-0.05878655
7651,-0.05363625
7652,-0.07743394
7653,-0.07755768
7654,-0.09540252
7655,-0.09910769
7656,-0.04921822
7657,-0.1130138
7658,-0.04922199
7659,-0.08928093
7660,-0.1130427
7661,-0.08933686
7662,-0.08929225
7663,-0.620999
7664,-0.08495107
7665,-0.2670798
7666,-0.3832024
7667,-0.1115161
7668,-0.3992428
7669,-17.55287
7670,-0.2431531
7671,-0.08838221
7672,-0.1356261
7673,-0.5153005
7674,-0.4285648
7675,-0.07373257
7676,-0.06238969
7677,-0.05787589
7678,-0.07702122
7679,-0.0902919
7680,-0.05787604
7681,-0.07700536
7682,-0.06239006
7683,-0.07373954
7684,-0.5576959
7685,-0.2091335
7686,-0.4861844
7687,-0.3198252
7688,-0.2750503
7689,-0.2240368
7690,-0.1610108
7691,-0.07947601
7692,-0.07971667
7693,-0.4024519
7694,-0.4303813
7695,-0.3160364
7696,-0.08229046
7697,-0.07755795
7698,-0.09363728
7699,-0.08163811
7700,-0.08155754
7701,-0.07996567
7702,-0.08260315
7703,-0.05641819
7704,-0.09746457
7705,-0.05505411
7706,-0.05483971
7707,-0.05735401
7708,-0.06544589
7709,-0.06762528
7710,-0.04708324
7711,-0.04708147
7712,-0.1015443
7713,-0.04604105
7714,-0.04604442
7715,-0.09738263
7716,-0.04471535
7717,-0.04471456
7718,-0.09612288
7719,-33.47542
7720,-1.235055
7721,-0.9338903
7722,-1.033285
7723,-0.7617707
7724,-3.799972
7725,-0.5055221
7726,-0.3718607
7727,-0.4222962
7728,-0.197008
7729,-0.08931549
7730,-0.0847564
7731,-0.09556651
7732,-0.07752089
7733,-0.07972796
7734,-0.09439658
7735,-0.09421781
7736,-0.05814148
7737,-0.05814321
7738,-0.06177124
7739,-0.06805544
7740,-0.05379247
7741,-0.05381937
7742,-0.05306956
7743,-0.05257701
7744,-0.2518983
7745,-0.106177
7746,-0.06671225
7747,-0.1061708
7748,-0.05601929
7749,-0.2520888
7750,-0.05601906
7751,-0.06672652
7752,-0.09801434
7753,-0.09927875
7754,-0.08688211
7755,-0.0939868
7756,-0.09598321
7757,-0.09574552
7758,-0.1037446
7759,-2.704792
7760,-5.322362
7761,-3.09617
7762,-1.946908
7763,-1.522976
7764,-0.6088941
7765,-0.4934857
7766,-1.155402
7767,-0.08785862
7768,-0.07828377
7769,-0.08318819
7770,-0.08385771
7771,-0.07335294
7772,-0.09026396
7773,-0.07545636
7774,-0.07642621
7775,-0.06974231
7776,-0.07431254
7777,-0.09078857
7778,-0.06858159
7779,-0.116039
7780,-0.08304121
7781,-0.0606911
7782,-0.06441433
7783,-0.05222343
7784,-0.05221479
7785,-0.05576039
7786,-0.09744199
7787,-0.06025808
7788,-0.06025992
7789,-0.05573627
7790,-0.04514609
7791,-0.04514697
7792,-0.09006409
7793,-0.08683891
7794,-0.04396301
7795,-0.09481939
7796,-0.08498254
7797,-0.09531207
7798,-0.0957272
7799,-0.08595195
7800,-0.04396676
7801,-0.6974871
7802,-1.002675
7803,-1.48761
7804,-1.094012
7805,-2.039615
7806,-1.252806
7807,-0.7183309
7808,-0.6285024
7809,-0.5089566
7810,-0.3336
7811,-1.262802
7812,-0.07993905
7813,-0.07057352
7814,-0.08308231
7815,-0.08716805
7816,-0.08431638
7817,-0.09139804
7818,-0.05702879
7819,-0.05702734
7820,-0.07176458
7821,-0.08506852
7822,-0.05555742
7823,-0.05571565
7824,-0.08234929
7825,-0.0765437
7826,-0.05519819
7827,-0.05519629
7828,-0.08598868
7829,-0.4912682
7830,-0.1059223
7831,-0.09145537
7832,-0.09114293
7833,-0.1065264
7834,-0.05278087
7835,-0.08853401
7836,-0.09694852
7837,-0.09260146
7838,-0.10139
7839,-0.04638552
7840,-0.04638935
7841,-0.08880045
7842,-0.05277216
7843,-5.372383
7844,-0.5754908
7845,-0.7666017
7846,-0.05503413
7847,-0.07774413
7848,-0.07735004
7849,-0.05503435
7850,-0.2907493
7851,-0.3078897
7852,-0.5957828
7853,-0.2978054
7854,-0.2831532
7855,-2.781756
7856,-0.08637434
7857,-0.09046381
7858,-0.08076364
7859,-0.07896468
7860,-0.08680646
7861,-0.08710692
7862,-0.0873614
7863,-0.08781078
7864,-0.09309717
7865,-0.5775914
7866,-0.1284506
7867,-0.06397412
7868,-0.06398771
7869,-0.1338473
7870,-0.1699565
7871,-0.1172456
7872,-0.1135048
7873,-0.08446941
7874,-0.09437571
7875,-0.07820702
7876,-0.09516918
7877,-0.09335971
7878,-0.379189
7879,-0.07408714
7880,-0.07430686
7881,-0.03667103
7882,-0.1314925
7883,-0.06300337
7884,-0.153187
7885,-0.05979282
7886,-0.03935851
7887,-0.046594
7888,-0.04230397
7889,-0.03187168
7890,-0.1314766
7891,-28.33903
7892,-2.244132
7893,-5.840173
7894,-3.748461
7895,-1.646455
7896,-0.06543067
7897,-0.06457572
7898,-0.08198284
7899,-0.0834531
7900,-0.08002491
7901,-0.2863113
7902,-0.1367572
7903,-0.1502673
7904,-0.1025255
7905,-0.1073151
7906,-0.2271489
7907,-0.06240833
7908,-0.2380911
7909,-0.06252556
7910,-0.1399004
7911,-360.1688
7912,-0.4572026
7913,-1.586973
7914,-2.104495
7915,-8.162438
7916,-0.8299863
7917,-0.7679546
7918,-0.06075706
7919,-0.07062761
7920,-0.06599148
7921,-0.06764124
7922,-0.06635903
7923,-0.07085657
7924,-0.07348378
7925,-0.05754628
7926,-0.07906064
7927,-0.07373609
7928,-0.2288237
7929,-0.07406269
7930,-0.2246286
7931,-0.2322569
7932,-0.3328148
7933,-0.3042611
7934,-0.1300835
7935,-0.0996661
7936,-0.1300453
7937,-0.1078409
7938,-0.1078012
7939,-0.0997289
7940,-0.1507753
7941,-10.56715
7942,-0.2827325
7943,-0.06790202
7944,-0.3262896
7945,-0.08038247
7946,-6.938443
7947,-0.7006186
7948,-4.072587
7949,-0.5197498
7950,-0.4534962
7951,-0.07969918
7952,-0.0858877
7953,-0.08219378
7954,-0.0694622
7955,-0.06898466
7956,-0.08317474
7957,-0.08125593
7958,-0.08275652
7959,-0.2009001
7960,-0.0872908
7961,-0.08731487
7962,-0.1819112
7963,-0.1731047
7964,-0.1131215
7965,-0.2112113
7966,-0.2078558
7967,-0.1229689
7968,-0.0956688
7969,-0.2073142
7970,-0.1167015
7971,-0.09598837
7972,-0.05076413
7973,-0.0507846
7974,-0.119322
7975,-0.07987325
7976,-0.1167962
7977,-0.1281239
7978,-0.11911
7979,-0.1191223
7980,-0.8807706
7981,-3.774008
7982,-0.09920131
7983,-0.1310786
7984,-0.3883353
7985,-0.09656996
7986,-0.1017576
7987,-0.0518173
7988,-0.05181516
7989,-0.06077008
7990,-0.06075077
7991,-0.09440649
7992,-1.345496
7993,-1.711515
7994,-0.0604527
7995,-0.09515435
7996,-0.06081781
7997,-0.08650479
7998,-0.08916365
7999,-0.308301
8000,-0.1984044
8001,-0.1567587
8002,-0.3543661
8003,-0.1422558
8004,-0.9127259
8005,-0.8692118
8006,-0.04774184
8007,-0.04773367
8008,-0.04691606
8009,-0.04691759
8010,-0.07841443
8011,-0.102146
8012,-0.04917382
8013,-0.04917267
8014,-0.08890279
8015,-0.112639
8016,-0.6761144
8017,-0.02397986
8018,-0.03165997
8019,-0.09413112
8020,-0.08092983
8021,-0.08579095
8022,-0.09202249
8023,-0.09161545
8024,-0.09059174
8025,-0.1268878
8026,-0.961951
8027,-0.2107388
8028,-0.06561631
8029,-0.02966563
8030,-0.03960639
8031,-0.3766609
8032,-0.06637401
8033,-0.02631991
8034,-0.02967446
8035,-0.1317444
8036,-0.09961314
8037,-0.06627458
8038,-0.0498105
8039,-22.9887
8040,-0.5247858
8041,-0.7081084
8042,-0.4988286
8043,-0.08063071
8044,-0.09013978
8045,-0.0762281
8046,-0.07828564
8047,-0.0922847
8048,-0.07874998
8049,-0.08613197
8050,-0.07618614
8051,-0.1738892
8052,-0.1544665
8053,-0.1455523
8054,-0.1255033
8055,-0.08668286
8056,-0.1569617
8057,-0.09863857
8058,-0.1300699
8059,-0.9615481
8060,-0.04681008
8061,-0.04681145
8062,-0.04860025
8063,-0.08033792
8064,-0.04860909
8065,-0.0740706
8066,-0.112426
8067,-22.97523
8068,-4.382319
8069,-0.8129641
8070,-0.6234516
8071,-0.8852221
8072,-0.0927228
8073,-0.07888115
8074,-0.08385
8075,-0.08739179
8076,-0.09069949
8077,-0.07741115
8078,-0.08412196
8079,-0.04729682
8080,-0.08297352
8081,-0.1125086
8082,-0.04649512
8083,-0.08296884
8084,-0.1559297
8085,-0.1373093
8086,-1.244654
8087,-0.7251822
8088,-0.6323806
8089,-0.07355136
8090,-0.0726746
8091,-0.08330436
8092,-0.0805576
8093,-0.0951192
8094,-0.07178884
8095,-0.04575311
8096,-0.08687814
8097,-0.04574591
8098,-0.09184683
8099,-8.321733
8100,-2.113647
8101,-0.1706876
8102,-1.083727
8103,-0.951877
8104,-0.07216682
8105,-0.10522
8106,-0.06367767
8107,-0.0950205
8108,-0.07498803
8109,-0.08776416
8110,-0.1269971
8111,-0.0925439
8112,-0.1253981
8113,-0.1487909
8114,-0.1655192
8115,-0.2121889
8116,-0.1664981
8117,-0.4625747
8118,-1.112028
8119,-1.326356
8120,-2.73068
8121,-4.385585
8122,-0.09531022
8123,-0.0894305
8124,-0.09055786
8125,-0.04651383
8126,-0.09092689
8127,-0.04651754
8128,-0.07356832
8129,-0.04629854
8130,-0.04629663
8131,-0.09656233
8132,-0.1371982
8133,-2.824963
8134,-13.51911
8135,-1.701124
8136,-0.254315
8137,-0.2756811
8138,-0.5511727
8139,-0.08272558
8140,-0.2119913
8141,-0.1302376
8142,-0.1414246
8143,-0.08052436
8144,-0.280103
8145,-0.08492746
8146,-0.09203535
8147,-0.08370841
8148,-0.12692
8149,-0.08838572
8150,-0.1333166
8151,-0.1202971
8152,-13.90713
8153,-1.55576
8154,-1.570876
8155,-0.04788491
8156,-0.07408066
8157,-0.08062486
8158,-0.0478851
8159,-0.04587404
8160,-0.08479218
8161,-0.07567094
8162,-0.04587531
8163,-0.07754751
8164,-1.057563
8165,-0.4363391
8166,-0.4317175
8167,-3.379247
8168,-2.4692
8169,-0.07992902
8170,-0.05596665
8171,-0.1053146
8172,-0.05361206
8173,-0.05594467
8174,-0.05361868
8175,-0.2140084
8176,-0.03499852
8177,-0.03516734
8178,-0.06243836
8179,-0.1130131
8180,-0.05783817
8181,-0.06244255
8182,-0.1806093
8183,-0.1092128
8184,-0.4103783
8185,-0.04772015
8186,-0.03425515
8187,-0.05640153
8188,-0.04771535
8189,-0.2652304
8190,-0.2875432
8191,-0.0138523
8192,-0.0009894121
8193,-0.03096086
8194,-0.03414658
8195,-0.00134078
8196,-0.0004222245
8197,-0.001148161
8198,-1.239566
8199,-0.001185618
8200,-0.0009436786
8201,-0.001305092
8202,-0.0008035912
8203,-0.0008640146
8204,-0.1899704
8205,-0.001222108
8206,-0.002378905
8207,-0.000769449
8208,-0.0007628559
8209,-0.0009541177
8210,-0.001075357
8211,-1.230717
8212,-0.0008037391
8213,-0.0006795166
8214,-0.0007760437
8215,-0.0009202088
8216,-0.0008708501
8217,-0.0007804853
8218,-0.001069978
8219,-0.003592334
8220,-0.0003275316
8221,-0.0003855236
8222,-0.002817282
8223,-0.002917595
8224,-0.001253061
8225,-0.002902039
8226,-0.001167767
8227,-0.01124381
8228,-0.002841303
8229,-0.00121933
8230,-0.01170092
8231,-0.003797018
8232,-0.002839904
8233,-0.003176495
8234,-0.002812431
8235,-0.581822
8236,-0.1323968
8237,-0.0974498
8238,-0.09301277
8239,-0.1252482
8240,-0.1206555
8241,-0.1150362
8242,-2.253064
8243,-1.947651
8244,-0.7557592
8245,-2.108413
8246,-0.09079613
8247,-0.04749984
8248,-0.04644577
8249,-0.09092408
8250,-0.09562925
8251,-0.09184154
8252,-0.04644856
8253,-0.04749602
8254,-0.08143101
8255,-0.08742594
8256,-0.3041267
8257,-0.8014605
8258,-0.3345846
8259,-0.3599205
8260,-19.36909
8261,-4.474431
8262,-0.1227795
8263,-0.1227805
8264,-0.1590414
8265,-0.1637886
8266,-0.1637693
8267,-0.120425
8268,-0.1660865
8269,-1.836215
8270,-1.463012
8271,-0.1911181
8272,-0.7846993
8273,-1.021045
8274,-0.1073981
8275,-1.001268
8276,-0.06078114
8277,-0.1333731
8278,-0.1479508
8279,-0.1101943
8280,-0.07553221
8281,-0.07551132
8282,-0.06278688
8283,-2.142339
8284,-0.4081919
8285,-0.6792178
8286,-0.3047224
8287,-0.09860379
8288,-0.04889129
8289,-0.04888011
8290,-0.08177111
8291,-0.09208998
8292,-0.09306194
8293,-0.09730916
8294,-0.096592
8295,-0.4292459
8296,-0.77027
8297,-0.5177677
8298,-0.6420451
8299,-0.09871963
8300,-0.08873
8301,-0.08871929
8302,-0.09452618
8303,-0.1282216
8304,-0.1282239
8305,-0.1360637
8306,-0.0999165
8307,-2.947546
8308,-2.514787
8309,-2.703413
8310,-0.0978298
8311,-0.07066002
8312,-0.08794877
8313,-0.07733987
8314,-0.07977412
8315,-0.08419657
8316,-0.1507788
8317,-0.0604835
8318,-0.06047963
8319,-0.09213897
8320,-7.364413
8321,-0.3142093
8322,-0.5738909
8323,-0.6023124
8324,-0.7298398
8325,-0.09158514
8326,-0.1004238
8327,-0.08355626
8328,-0.07136013
8329,-0.04645079
8330,-0.04645313
8331,-0.09818044
8332,-0.08884231
8333,-0.02007322
8334,-0.01991007
8335,-0.6708928
8336,-0.4336548
8337,-15.28796
8338,-0.09278559
8339,-0.09487363
8340,-0.1002993
8341,-0.09533602
8342,-0.1004829
8343,-0.09772825
8344,-0.09786666
8345,-0.1025765
8346,-0.07825422
8347,-0.08688949
8348,-0.09002881
8349,-0.09030374
8350,-0.08140674
8351,-0.1094902
8352,-0.08276521
8353,-0.1320646
8354,-0.09113178
8355,-0.1090207
8356,-0.09950062
8357,-0.09713886
8358,-3.458657
8359,-0.2891173
8360,-0.3691908
8361,-0.3014294
8362,-0.5137794
8363,-0.1688754
8364,-0.1195922
8365,-0.09746183
8366,-0.09256633
8367,-0.09983756
8368,-0.1035976
8369,-0.09500284
8370,-0.1009185
8371,-0.08875229
8372,-0.08655517
8373,-0.07106085
8374,-0.34097
8375,-1.36893
8376,-0.2372735
8377,-0.3547578
8378,-5.220187
8379,-9.721427
8380,-0.1022622
8381,-0.101905
8382,-0.1048924
8383,-0.048661
8384,-0.04774313
8385,-0.1062675
8386,-0.09824378
8387,-0.04865818
8388,-0.04774371
8389,-0.09869762
8390,-0.10177
8391,-1.240366
8392,-23.89823
8393,-11.9274
8394,-0.08472856
8395,-0.06890227
8396,-0.07904627
8397,-0.09443972
8398,-0.07903455
8399,-0.08776393
8400,-0.06889568
8401,-0.07384068
8402,-0.07957811
8403,-0.07438455
8404,-0.09735376
8405,-0.1139028
8406,-0.1337412
8407,-0.1386162
8408,-0.1239689
8409,-0.12465
8410,-0.1399901
8411,-0.8416549
8412,-0.2636421
8413,-1.552027
8414,-0.13242
8415,-0.2610855
8416,-0.2012378
8417,-0.08729121
8418,-0.05540137
8419,-0.1014314
8420,-0.05651904
8421,-0.05651502
8422,-0.08952379
8423,-0.3254322
8424,-0.1707657
8425,-1.790599
8426,-0.1192272
8427,-0.06034375
8428,-0.06086822
8429,-0.1970314
8430,-0.1970448
8431,-0.1107209
8432,-0.06488523
8433,-0.06492702
8434,-0.1292534
8435,-0.05481669
8436,-0.08933331
8437,-0.1030165
8438,-0.106833
8439,-0.09293867
8440,-0.05481837
8441,-0.5947228
8442,-0.3532109
8443,-0.3199213
8444,-10.56257
8445,-0.04663651
8446,-0.04663631
8447,-0.07441123
8448,-0.08988082
8449,-0.07629389
8450,-0.09520408
8451,-0.09186967
8452,-1.181867
8453,-0.4199344
8454,-0.05041339
8455,-0.05042087
8456,-3.47505
8457,-0.05324824
8458,-0.064381
8459,-0.06435894
8460,-0.04289559
8461,-0.0532288
8462,-0.1807137
8463,-0.1806822
8464,-0.1657676
8465,-0.1645306
8466,-0.1432362
8467,-0.3553305
8468,-0.05060539
8469,-0.1422524
8470,-0.1226009
8471,-0.115865
8472,-0.1695764
8473,-0.05419652
8474,-0.05211446
8475,-0.05212324
8476,-0.1352608
8477,-0.05419607
8478,-0.07017606
8479,-0.069612
8480,-0.03977377
8481,-0.03976136
8482,-0.257681
8483,-12.91112
8484,-0.09686857
8485,-0.09634437
8486,-0.09309292
8487,-0.09590293
8488,-0.1010724
8489,-0.09419622
8490,-0.1011679
8491,-0.09464258
8492,-0.4385034
8493,-0.5288437
8494,-0.2118241
8495,-0.1832629
8496,-0.4244787
8497,-2.463233
8498,-9.527205
8499,-6.734499
8500,-0.08652053
8501,-0.09227812
8502,-0.1024006
8503,-0.09268494
8504,-0.09732232
8505,-0.09623208
8506,-0.09701711
8507,-0.09307379
8508,-0.1968798
8509,-0.05274253
8510,-0.2205993
8511,-0.05275016
8512,-0.1573216
8513,-0.1543684
8514,-7.234015
8515,-13.78587
8516,-1.13239
8517,-0.09522139
8518,-0.04838477
8519,-0.04838486
8520,-0.09343787
8521,-0.07863527
8522,-0.08868736
8523,-0.08607556
8524,-0.0955226
8525,-0.09793592
8526,-0.09155421
8527,-0.7327769
8528,-0.6657839
8529,-9.513182
8530,-8.100777
8531,-0.09133523
8532,-0.0769858
8533,-0.09594727
8534,-0.100613
8535,-0.04647742
8536,-0.07571257
8537,-0.09082277
8538,-0.04648285
8539,-0.05901466
8540,-0.05902082
8541,-0.1418328
8542,-0.07086848
8543,-0.07085036
8544,-0.1273577
8545,-0.09445939
8546,-1.694743
8547,-5.820725
8548,-0.05671271
8549,-0.04727153
8550,-0.06500791
8551,-0.09724489
8552,-0.04492279
8553,-0.06434659
8554,-0.05667756
8555,-0.04726971
8556,-0.04492284
8557,-0.2149926
8558,-0.3536149
8559,-0.345195
8560,-0.2931445
8561,-9.468667
8562,-0.1509008
8563,-0.1080755
8564,-0.2235935
8565,-0.1184064
8566,-0.3719408
8567,-0.1044786
8568,-0.1508797
8569,-0.1184387
8570,-0.1080936
8571,-11.34185
8572,-0.0898726
8573,-0.09487095
8574,-0.08435863
8575,-0.0920831
8576,-0.09488954
8577,-0.08670469
8578,-0.08942619
8579,-0.09162714
8580,-0.08898281
8581,-0.09171493
8582,-0.0881673
8583,-0.0742605
8584,-0.1398953
8585,-0.08104371
8586,-0.0860695
8587,-0.07781199
8588,-0.08522136
8589,-0.1202196
8590,-0.08332079
8591,-0.07404385
8592,-0.09031864
8593,-0.09483331
8594,-1.720218
8595,-0.0568341
8596,-0.09378672
8597,-0.05683358
8598,-0.05840055
8599,-0.09382311
8600,-0.05839665
8601,-0.07306052
8602,-0.1296394
8603,-0.08199614
8604,-0.09319615
8605,-0.09302423
8606,-0.086566
8607,-0.09166399
8608,-0.08747085
8609,-0.437775
8610,-33.36616
8611,-0.09837706
8612,-0.1389045
8613,-0.09516191
8614,-0.08770318
8615,-0.1274438
8616,-0.1090755
8617,-38.33395
8618,-0.0980279
8619,-0.08945011
8620,-0.09283364
8621,-0.08521087
8622,-0.08736522
8623,-0.09320297
8624,-0.09438347
8625,-0.09782168
8626,-0.09392994
8627,-0.09924917
8628,-0.08868354
8629,-0.07603531
8630,-0.09910599
8631,-0.4237797
8632,-0.5249894
8633,-0.2621123
8634,-0.1928559
8635,-1.050631
8636,-0.3060542
8637,-0.09081134
8638,-0.04781289
8639,-0.04781272
8640,-0.09297062
8641,-0.04730614
8642,-0.09485571
8643,-0.08872464
8644,-0.04231733
8645,-0.09147926
8646,-0.04231845
8647,-0.04730536
8648,-0.2399262
8649,-0.2777975
8650,-0.2647033
8651,-0.2477493
8652,-0.5420822
8653,-0.7929628
8654,-0.3219288
8655,-3.02715
8656,-7.872795
8657,-0.07652665
8658,-0.09929956
8659,-0.04695685
8660,-0.09227803
8661,-0.04695606
8662,-0.09729826
8663,-0.09780415
8664,-0.0982098
8665,-0.08706316
8666,-22.47052
8667,-0.09527849
8668,-0.09533639
8669,-0.09903272
8670,-0.0920948
8671,-0.09391209
8672,-0.09274372
8673,-0.09590249
8674,-0.0874627
8675,-0.114596
8676,-0.4985311
8677,-39.04703
8678,-0.09626395
8679,-0.09737974
8680,-0.1044122
8681,-0.09760919
8682,-0.09302304
8683,-0.1019312
8684,-0.1002368
8685,-0.09341832
8686,-0.08658174
8687,-24.55206
8688,-0.02630156
8689,-0.02718191
8690,-1.254137
8691,-0.02700253
8692,-0.04273213
8693,-0.08900195
8694,-0.04273229
8695,-0.08023949
8696,-0.08366036
8697,-0.05324011
8698,-0.05324725
8699,-0.1728312
8700,-0.08044659
8701,-0.1193805
8702,-0.07187893
8703,-0.0889058
8704,-0.1400892
8705,-0.08047412
8706,-0.08771086
8707,-0.07187576
8708,-2.618113
8709,-2.374442
8710,-0.09619933
8711,-0.08063998
8712,-0.08554757
8713,-0.09559663
8714,-0.102411
8715,-113.1637
8716,-0.003380849
8717,-0.003329716
8718,-2.207918
8719,-0.09632163
8720,-0.09245549
8721,-0.05204003
8722,-0.08370613
8723,-0.05203672
8724,-0.04350135
8725,-0.08737371
8726,-0.08730283
8727,-0.04350051
8728,-0.09192989
8729,-0.1190179
8730,-0.2221482
8731,-0.1168757
8732,-0.05184723
8733,-0.09861814
8734,-0.09497112
8735,-0.05185049
8736,-0.112121
8737,-1.521591
8738,-1.745703
8739,-0.04809036
8740,-0.05507126
8741,-0.05507521
8742,-0.0822961
8743,-0.09380535
8744,-0.04809084
8745,-0.2815719
8746,-0.4228979
8747,-0.08660658
8748,-0.09604049
8749,-0.07847013
8750,-0.09887682
8751,-0.09153324
8752,-0.09088131
8753,-0.08044352
8754,-0.08825383
8755,-0.08670962
8756,-0.0823328
8757,-0.08962769
8758,-0.5571743
8759,-1.44349
8760,-0.3574182
8761,-0.09510823
8762,-0.08789281
8763,-0.09165646
8764,-0.09626234
8765,-0.09512741
8766,-0.0985303
8767,-0.08985507
8768,-0.09169854
8769,-0.09257393
8770,-0.3730032
8771,-0.1122324
8772,-0.2996351
8773,-0.112222
8774,-0.07687163
8775,-0.07678227
8776,-4.93536
8777,-0.04717022
8778,-0.04717015
8779,-0.09466392
8780,-0.04525516
8781,-0.04525391
8782,-0.05212594
8783,-0.05212159
8784,-0.1011334
8785,-0.1920204
8786,-0.2284987
8787,-0.1921036
8788,-0.2285229
8789,-0.5555845
8790,-17.03916
8791,-0.144431
8792,-0.144639
8793,-0.1467535
8794,-0.1548742
8795,-0.1548378
8796,-0.2892614
8797,-8.018467
8798,-10.41903
8799,-0.09635006
8800,-0.05149088
8801,-0.0502929
8802,-0.05149404
8803,-0.05029298
8804,-0.08407865
8805,-0.1825417
8806,-0.2389413
8807,-0.2225209
8808,-0.0937394
8809,-0.2596207
8810,-15.65804
8811,-0.1349909
8812,-0.08790074
8813,-0.1251652
8814,-0.1270557
8815,-0.1254372
8816,-0.1270553
8817,-0.1257016
8818,-27.92664
8819,-0.1177771
8820,-0.101849
8821,-0.1301035
8822,-0.05961325
8823,-0.05961548
8824,-0.09982404
8825,-0.09856063
8826,-0.09976128
8827,-2.102196
8828,-0.09401505
8829,-0.0936683
8830,-0.06646463
8831,-0.06646415
8832,-0.09845993
8833,-0.08917608
8834,-0.05258876
8835,-0.09990481
8836,-0.1076096
8837,-0.0955788
8838,-0.09780362
8839,-0.05258517
8840,-0.07380997
8841,-0.111934
8842,-0.2647886
8843,-0.1076127
8844,-0.2207903
8845,-0.1477066
8846,-0.1105907
8847,-0.1735332
8848,-0.1838742
8849,-3.901577
8850,-0.09863552
8851,-0.08812857
8852,-0.0889996
8853,-0.1111259
8854,-0.1936391
8855,-0.1085866
8856,-0.101732
8857,-0.1173705
8858,-0.05646621
8859,-0.08950726
8860,-0.05343355
8861,-0.05350324
8862,-0.05938438
8863,-0.05938476
8864,-0.1080945
8865,-0.180165
8866,-0.05647393
8867,-0.1080894
8868,-2.981027
8869,-0.9243656
8870,-5.410495
8871,-0.05653911
8872,-0.05649465
8873,-0.1114418
8874,-0.1138854
8875,-0.1139437
8876,-3.602901E-07
8877,-3.632458E-07
8878,-0.1117633
8879,-0.09982654
8880,-0.0743437
8881,-0.1053909
8882,-0.1004281
8883,-0.1027766
8884,-0.1567994
8885,-0.09355117
8886,-0.08774034
8887,-0.1031571
8888,-0.07081404
8889,-0.07172833
8890,-1.34792
8891,-1.460084
8892,-3.137525
8893,-0.09770742
8894,-0.09775675
8895,-0.08131541
8896,-0.09148847
8897,-0.09259608
8898,-0.08843711
8899,-0.09549344
8900,-0.09745332
8901,-11.14724
8902,-0.07039583
8903,-0.1429229
8904,-0.08475103
8905,-0.05931802
8906,-0.1454518
8907,-0.1512648
8908,-0.05931693
8909,-0.1512077
8910,-0.09607594
8911,-0.1060375
8912,-0.08929059
8913,-1.720183
8914,-1.876862
8915,-1.956747
8916,-0.05552646
8917,-0.05609697
8918,-0.05662422
8919,-0.05662316
8920,-0.100941
8921,-0.05610074
8922,-0.05551738
8923,-0.08532509
8924,-0.09840985
8925,-0.090112
8926,-0.09407301
8927,-0.09186491
8928,-0.07175855
8929,-0.08558175
8930,-0.08246566
8931,-41.70362
8932,-41.70362
8933,-0.08419461
8934,-0.1085854
8935,-0.09396338
8936,-0.06174024
8937,-0.0597261
8938,-0.05975765
8939,-0.1224413
8940,-0.09005763
8941,-0.1045888
8942,-0.06174385
8943,-0.1044711
8944,-0.7824648
8945,-0.9573365
8946,-0.05400478
8947,-0.05604381
8948,-0.09329493
8949,-0.05322628
8950,-0.05322272
8951,-0.05601813
8952,-0.05400145
8953,-2.817788
8954,-40.41185
8955,-0.08811698
8956,-0.09084889
8957,-0.09085274
8958,-0.04801651
8959,-0.04801905
8960,-0.04760389
8961,-0.0476069
8962,-16.67597
8963,-430.8997
8964,-0.09030233
8965,-0.0890405
8966,-0.06008761
8967,-0.09126502
8968,-0.09240526
8969,-0.1018613
8970,-0.07384662
8971,-0.07439283
8972,-0.06009173
8973,-0.08114066
8974,-0.04758695
8975,-0.04758034
8976,-0.7876662
8977,-1.184895
8978,-0.09212646
8979,-0.089733
8980,-0.09243226
8981,-0.09960152
8982,-0.09417713
8983,-0.08641573
8984,-3.146489
8985,-4.754379
8986,-0.04951266
8987,-0.04950827
8988,-0.09392881
8989,-0.05445752
8990,-0.06515726
8991,-0.0528099
8992,-0.05445853
8993,-0.049413
8994,-0.1035964
8995,-0.04941249
8996,-0.06695801
8997,-0.05281034
8998,-34.70648
8999,-0.09018525
9000,-0.09818712
9001,-0.09730769
9002,-0.08274195
9003,-0.08177999
9004,-0.1021803
9005,-0.05443598
9006,-0.0960362
9007,-0.05445047
9008,-4.349323
9009,-1.78345
9010,-0.0962688
9011,-0.09026308
9012,-0.09127772
9013,-0.08790766
9014,-0.08690305
9015,-0.100411
9016,-0.09518158
9017,-1.87049
9018,-0.09884699
9019,-0.1016461
9020,-0.07829164
9021,-0.09474816
9022,-0.1090217
9023,-0.07884426
9024,-6.935231
9025,-0.08361541
9026,-0.06360958
9027,-0.07769658
9028,-0.05887468
9029,-0.05887786
9030,-0.09268247
9031,-0.05982229
9032,-0.08435545
9033,-0.08599218
9034,-0.09080079
9035,-0.0918738
9036,-1.476229
9037,-1.490814
9038,-0.08907562
9039,-0.07924415
9040,-0.08779009
9041,-0.08147173
9042,-0.08590943
9043,-0.08674379
9044,-13.08906
9045,-0.09249448
9046,-0.08350801
9047,-0.07959047
9048,-0.04845868
9049,-0.05859945
9050,-0.08458976
9051,-0.05861629
9052,-0.04845498
9053,-0.05265525
9054,-0.0545479
9055,-0.07226843
9056,-0.04956514
9057,-0.04956588
9058,-1.637593
9059,-2.158853
9060,-2.153625
9061,-0.1667986
9062,-0.1971533
9063,-0.05312572
9064,-0.07843965
9065,-0.07510702
9066,-0.07830755
9067,-0.05313287
9068,-0.07964136
9069,-0.08558293
9070,-0.06528105
9071,-0.1368385
9072,-0.08558211
9073,-0.06531788
9074,-0.2926997
9075,-0.08664719
9076,-0.09568192
9077,-0.1163435
9078,-0.08805202
9079,-0.1023856
9080,-0.09930351
9081,-0.08142084
9082,-0.1246
9083,-0.09455843
9084,-0.09603349
9085,-0.1020751
9086,-0.0826344
9087,-0.09255783
9088,-3.838717
9089,-0.2425011
9090,-0.05355756
9091,-0.1246245
9092,-0.05354732
9093,-0.1246368
9094,-0.09519534
9095,-0.08710283
9096,-0.091786
9097,-0.09852086
9098,-0.09446467
9099,-0.09605926
9100,-0.05957922
9101,-0.05957718
9102,-0.05474681
9103,-0.0546437
9104,-0.07262897
9105,-0.07763432
9106,-0.4477081
9107,-0.1367137
9108,-0.2070423
9109,-0.2070079
9110,-0.1366994
9111,-0.09684137
9112,-0.09684256
9113,-0.1339864
9114,-3.049483
9115,-1.285115
9116,-2.623821
9117,-1.668309
9118,-0.07982382
9119,-0.08123272
9120,-0.07980298
9121,-0.04705784
9122,-0.1023036
9123,-0.1055332
9124,-0.06846537
9125,-0.04705579
9126,-0.07477264
9127,-0.07964654
9128,-0.09972054
9129,-1.561644
9130,-1.7163
9131,-0.06764752
9132,-0.1598549
9133,-0.11443
9134,-0.09553544
9135,-0.1598785
9136,-0.06763142
9137,-0.05358472
9138,-0.1144389
9139,-0.1125049
9140,-0.05358367
9141,-0.09279072
9142,-0.09243772
9143,-0.08551627
9144,-0.09113917
9145,-0.08784812
9146,-0.08230651
9147,-0.05635805
9148,-0.08345503
9149,-0.06906027
9150,-0.08249853
9151,-0.07270708
9152,-0.05621925
9153,-0.08922703
9154,-0.1843198
9155,-0.09311198
9156,-0.07227828
9157,-0.07227081
9158,-0.09029995
9159,-0.09312588
9160,-0.1262794
9161,-0.1362672
9162,-0.1281542
9163,-0.06985088
9164,-0.06985455
9165,-0.1042328
9166,-2.750418
9167,-1.730601
9168,-2.789878
9169,-0.09920854
9170,-0.09419634
9171,-0.05353023
9172,-0.1183919
9173,-0.0766882
9174,-0.0522514
9175,-0.06891295
9176,-0.0522522
9177,-0.08019058
9178,-0.08083083
9179,-0.06778745
9180,-0.07892829
9181,-0.05352984
9182,-0.07226654
9183,-0.07366435
9184,-0.7311745
9185,-1.482943
9186,-0.8209445
9187,-0.5218527
9188,-0.05390853
9189,-0.05390844
9190,-0.07107853
9191,-0.05482006
9192,-0.07793938
9193,-0.06376594
9194,-0.06352326
9195,-0.05482199
9196,-0.08494729
9197,-0.0842864
9198,-0.09505381
9199,-0.08925035
9200,-0.08646505
9201,0
9202,-0.08810969
9203,-0.08761922
9204,-0.09007992
9205,-0.0813683
9206,-0.05477134
9207,-0.05483806
9208,-0.05325403
9209,-0.05324899
9210,-0.09147917
9211,-0.2255615
9212,-0.2255584
9213,-0.04678217
9214,-0.04678396
9215,-0.1283907
9216,-0.1389982
9217,-0.09389772
9218,-0.09117988
9219,-0.08591843
9220,-0.139368
9221,-0.07478084
9222,-2.626568
9223,-1.628727
9224,-0.06189459
9225,-0.06049721
9226,-0.06133668
9227,-0.08117417
9228,-0.06910769
9229,-0.08116933
9230,-0.06049693
9231,-0.06908325
9232,-0.1069585
9233,-0.1120877
9234,-0.1042909
9235,-0.09911194
9236,-0.1072622
9237,-0.1128488
9238,-0.08694132
9239,-0.08583885
9240,-0.09338672
9241,-0.07818887
9242,-0.07634027
9243,-0.07666078
9244,-0.0611208
9245,-0.06300592
9246,-0.06537064
9247,-0.0614449
9248,-0.06144169
9249,-0.05864991
9250,-0.05864757
9251,-0.06536646
9252,-0.07608533
9253,-0.06622807
9254,-0.0761216
9255,-0.06623151
9256,-0.2151976
9257,-0.2149686
9258,-0.07316672
9259,-0.07201701
9260,-0.09576463
9261,-0.09651109
9262,-0.1164446
9263,-0.1030132
9264,-0.0940345
9265,-0.05294047
9266,-0.05294386
9267,-0.07668708
9268,-0.0766737
9269,-6.978148
9270,-3.662437
9271,-0.0927043
9272,-0.08200283
9273,-0.09008649
9274,-0.09176005
9275,-0.08816185
9276,-0.09556594
9277,-0.08601615
9278,-0.08236565
9279,-0.0639162
9280,-0.1068036
9281,-0.06406627
9282,-0.1546999
9283,-0.1320083
9284,-0.0592698
9285,-0.0543125
9286,-0.05431091
9287,-0.05926088
9288,-0.04935705
9289,-0.09491123
9290,-0.09016223
9291,-0.08870772
9292,-0.0935127
9293,-0.09085793
9294,-0.09058873
9295,-0.09354562
9296,-0.09307032
9297,-0.04935477
9298,-0.04762527
9299,-0.04762346
9300,-25.98325
9301,-1.822442
9302,-9.024822
9303,-1.716352
9304,-1.67764
9305,-1.157181
9306,-0.08595076
9307,-0.06382444
9308,-0.0757737
9309,-0.07768665
9310,-0.07140671
9311,-0.08696878
9312,-0.2487679
9313,-0.07839566
9314,-0.07839566
9315,-0.06014456
9316,-0.06015962
9317,-0.07703788
9318,-0.2489096
9319,-0.08301322
9320,-0.07568158
9321,-0.07867517
9322,-0.09571006
9323,-0.05582348
9324,-0.05578712
9325,-0.0976695
9326,-0.04445848
9327,-0.04445872
9328,-0.08035666
9329,-0.08193671
9330,-0.08288933
9331,-0.09662664
9332,-0.08104179
9333,-1.136956
9334,-3.66199
9335,-0.06680968
9336,-0.0694902
9337,-0.08213818
9338,-0.06588779
9339,-0.08487634
9340,-0.08892784
9341,-0.09193986
9342,-0.205571
9343,-0.113212
9344,-0.8241869
9345,-0.088851
9346,-0.08886985
9347,-0.05562743
9348,-0.05563071
9349,-0.05945805
9350,-0.0553737
9351,-0.05537365
9352,-0.06252208
9353,-0.06138986
9354,-0.05946008
9355,-0.0557663
9356,-0.09078994
9357,-0.09464011
9358,-0.0461738
9359,-0.05576558
9360,-0.04617462
9361,-0.1066
9362,-0.09247507
9363,-0.09717526
9364,-0.09652314
9365,-3.671027
9366,-0.05449213
9367,-0.05295538
9368,-0.05308431
9369,-0.05319833
9370,-0.05412182
9371,-0.05295861
9372,-0.05319672
9373,-0.05309495
9374,-65.75288
9375,-0.05843578
9376,-0.05298617
9377,-0.07282384
9378,-0.0529865
9379,-0.05949064
9380,-0.09769626
9381,-0.1577771
9382,-0.0693728
9383,-0.08657163
9384,-0.08514819
9385,-0.09862613
9386,-0.09045172
9387,-0.1241656
9388,-0.1688943
9389,-0.05657018
9390,-0.0565726
9391,-0.05470397
9392,-0.05470582
9393,-0.07278204
9394,-0.09524781
9395,-0.07082087
9396,-0.660549
9397,-0.4557866
9398,-3.325881
9399,-5.919097
9400,-25.89664
9401,-0.05237555
9402,-0.05237611
9403,-0.06008264
9404,-0.06412774
9405,-0.06283226
9406,-0.05688514
9407,-0.05674233
9408,-0.05979696
9409,-0.1721111
9410,-0.2460464
9411,-0.2257621
9412,-0.05785947
9413,-0.05745757
9414,-0.1505808
9415,-0.2382546
9416,-0.1608189
9417,-0.1559805
9418,-0.1278338
9419,-0.1113006
9420,-6.127303
9421,-0.0876068
9422,-0.08188592
9423,-0.07635926
9424,-0.05226731
9425,-0.05226622
9426,-0.3235052
9427,-0.258274
9428,-0.2612119
9429,-0.08592477
9430,-0.1102411
9431,-0.1447771
9432,-0.1587069
9433,-0.2118165
9434,-0.1514516
9435,-0.1507771
9436,-0.150756
9437,-0.6305343
9438,-2.346124
9439,-0.6702088
9440,-14.43861
9441,-14.92455
9442,-0.08205382
9443,-0.07902652
9444,-0.07032175
9445,-0.07522727
9446,-0.09095027
9447,-0.08946881
9448,-0.07968311
9449,-0.07963256
9450,-0.1812558
9451,-0.1862675
9452,-0.2481422
9453,-0.1842403
9454,-0.181318
9455,-0.2303464
9456,-0.3305185
9457,-0.1561883
9458,-0.2504489
9459,-0.3994479
9460,-0.2628877
9461,-0.9844083
9462,-0.07857852
9463,-0.1758277
9464,-0.004941262
9465,-0.004919
9466,-0.1620106
9467,-0.1632214
9468,-0.2241482
9469,-1.463849
9470,-5.192443
9471,-0.6571777
9472,-0.05490129
9473,-0.148493
9474,-0.1199706
9475,-0.05383244
9476,-0.05480665
9477,-0.1484978
9478,-0.1198368
9479,-0.0538211
9480,-3.381128
9481,-2.755262
9482,-0.08988479
9483,-0.07530646
9484,-0.09058983
9485,-0.07748525
9486,-0.09234114
9487,-0.06337911
9488,-0.06954488
9489,-0.09033902
9490,-0.1461665
9491,-0.1488415
9492,-0.1599328
9493,-0.514717
9494,-0.06975084
9495,-0.08213007
9496,-0.2066558
9497,-0.3025452
9498,-0.1983283
9499,-0.3634052
9500,-0.4623956
9501,-0.1524282
9502,-0.2096924
9503,-0.1248571
9504,-0.2401256
9505,-0.1673024
9506,-0.1622934
9507,-0.5472772
9508,-0.5090937
9509,-0.05032685
9510,-0.2806266
9511,-0.1468009
9512,-0.1930673
9513,-1.121645
9514,-0.1099136
9515,-0.07451295
9516,-0.08280007
9517,-0.08023963
9518,-0.08214689
9519,-0.08659217
9520,-1.114576
9521,-0.9735041
9522,-128.7748
9523,-12.49823
9524,-0.08704985
9525,-0.08060481
9526,-0.05665587
9527,-0.07925221
9528,-0.08563813
9529,-0.05665636
9530,-0.2180534
9531,-0.2053154
9532,-0.139204
9533,-0.2028387
9534,-0.144799
9535,-0.8287796
9536,-0.9927128
9537,-0.6303362
9538,-2.508986
9539,-0.05750779
9540,-0.05752192
9541,-0.08173564
9542,-0.1352851
9543,-0.08175147
9544,-0.04556285
9545,-0.04555275
9546,-0.1374249
9547,-0.04079031
9548,-0.04006986
9549,-0.580431
9550,-89.07494
9551,-0.05760337
9552,-0.05760492
9553,-0.09461857
9554,-0.0837659
9555,-0.08505534
9556,-0.2070601
9557,-0.2434044
9558,-0.05453661
9559,-0.05453749
9560,-0.04139058
9561,-0.04104613
9562,-0.8767987
9563,-1.287127
9564,-0.08511706
9565,-0.09222416
9566,-0.09204893
9567,-0.06526904
9568,-0.04508554
9569,-0.09222642
9570,-0.06098295
9571,-0.09611586
9572,-0.06753616
9573,-0.06090377
9574,-0.04508511
9575,-1.348696
9576,-0.8752708
9577,-0.5742119
9578,-1.51303
9579,-1.267722
9580,-0.08324535
9581,-0.08324171
9582,-0.0790946
9583,-0.07167885
9584,-0.07604051
9585,-0.08440326
9586,-0.1571002
9587,-0.1742121
9588,-0.1829543
9589,-0.9794524
9590,-1.04132
9591,-1.028078
9592,-0.05714872
9593,-0.05714425
9594,-0.08797251
9595,-0.088218
9596,-0.1108699
9597,-0.03707298
9598,-0.03417654
9599,-0.3790358
9600,-5.688897
9601,-1.79516
9602,-2.562708
9603,-8.858034
9604,-6.315244
9605,-0.1283234
9606,-0.1444215
9607,-0.6045625
9608,-0.2353993
9609,-0.1257493
9610,-0.1528904
9611,-0.174659
9612,-0.1816409
9613,-0.1745468
9614,-0.1364211
9615,-0.1583577
9616,-0.1617819
9617,-0.4518755
9618,-1.744251
9619,-0.087579
9620,-0.08898993
9621,-0.08978987
9622,-0.09514703
9623,-0.04562098
9624,-0.09185254
9625,-0.04562307
9626,-0.04863659
9627,-0.04863552
9628,-0.6427135
9629,-1.035951
9630,-0.7201405
9631,-2.427525
9632,-0.1060583
9633,-0.05907651
9634,-0.06025948
9635,-0.06025188
9636,-0.05769355
9637,-0.05905394
9638,-0.05767287
9639,-0.3103512
9640,-0.4034843
9641,-0.4093826
9642,-0.8262066
9643,-0.0169923
9644,-0.6281604
9645,-0.04419582
9646,-0.006206408
9647,-1.595356
9648,-0.54782
9649,-0.03673042
9650,-0.1687038
9651,-0.131435
9652,-0.1370839
9653,-0.1230713
9654,-0.185539
9655,-0.1089834
9656,-0.9682004
9657,-0.08621498
9658,-0.09362574
9659,-0.08725324
9660,-0.08085925
9661,-0.09488739
9662,-0.09580816
9663,-0.04503109
9664,-0.04503094
9665,-0.08339135
9666,-0.1048794
9667,-0.5357595
9668,-0.5473282
9669,-1.222819
9670,-3.906474
9671,-5.842517
9672,-1.318723
9673,-0.5136321
9674,-0.114795
9675,-0.1636424
9676,-0.2935178
9677,-0.4845025
9678,-0.2041388
9679,-0.2303908
9680,-0.3522809
9681,-0.55187
9682,-0.8902807
9683,-0.08961624
9684,-0.04887841
9685,-0.09296374
9686,-0.1050424
9687,-0.04888062
9688,-0.09900825
9689,-0.6364602
9690,-0.8952811
9691,-0.09510309
9692,-0.1076214
9693,-7.321512
9694,-0.1010269
9695,-0.1879566
9696,-0.1880444
9697,-0.1172563
9698,-0.1154894
9699,-0.08775085
9700,-0.08864743
9701,-0.09147688
9702,-0.08295375
9703,-0.08021465
9704,-0.0857536
9705,-0.09610417
9706,-0.1711882
9707,-0.1609923
9708,-0.09843245
9709,-0.1795436
9710,-0.199536
9711,-0.9114374
9712,-0.2833722
9713,-0.1954485
9714,0
9715,-0.0526781
9716,-0.05267958
9717,-0.1058472
9718,-0.05176339
9719,-0.05176131
9720,-0.1027631
9721,-0.07454398
9722,-0.9242552
9723,-1.485016
9724,-0.9923657
9725,-13.17922
9726,-7.465856
9727,-0.1469193
9728,-0.06086629
9729,-0.06085586
9730,-0.1468605
9731,-0.6419621
9732,-1.338352
9733,-1.001629
9734,-3.943414
9735,-0.07905834
9736,-0.08643518
9737,-0.0827335
9738,-0.08467542
9739,-0.07875399
9740,-0.07309236
9741,-0.08364715
9742,-0.09831718
9743,-0.1811495
9744,-0.1340458
9745,-0.1854314
9746,-0.1765331
9747,-1.503135
9748,-0.0854188
9749,-0.09218781
9750,-0.09514434
9751,-0.07758786
9752,-0.0469769
9753,-0.04697559
9754,-0.07338205
9755,-0.1055133
9756,-0.6239475
9757,-2.634021
9758,-0.730075
9759,-4.10875
9760,-2.599786
9761,-0.1026866
9762,-0.1007712
9763,-0.1011748
9764,-0.1026917
9765,-0.2255773
9766,-0.834165
9767,-3.075501
9768,-1.537404
9769,-0.06640112
9770,-0.06969099
9771,-0.08581307
9772,-0.06955932
9773,-0.07236391
9774,-0.06503011
9775,-0.06504891
9776,-0.170641
9777,-0.1066094
9778,-0.1933779
9779,-0.1462341
9780,-0.1842017
9781,-0.2275471
9782,-0.1769893
9783,-0.3009557
9784,-0.3068339
9785,-0.395876
9786,-0.05906839
9787,-0.05563737
9788,-0.05560347
9789,-0.09427568
9790,-0.07243355
9791,-0.10059
9792,-0.09011862
9793,-0.08405408
9794,-0.06085888
9795,-0.2208046
9796,-0.1174782
9797,-0.07881136
9798,-0.09616698
9799,-0.1101227
9800,-0.08337601
9801,-0.09104329
9802,-0.08582473
9803,-0.09286072
9804,-5.467546
9805,-1.536453
9806,-3.747724
9807,-0.09514659
9808,-0.06065392
9809,-0.07496589
9810,-0.1048988
9811,-0.04709775
9812,-0.0873265
9813,-0.09006938
9814,-0.06064989
9815,-0.04710007
9816,-0.1048729
9817,-0.07495522
9818,-0.1100741
9819,-0.5952852
9820,-0.7983133
9821,-0.6169165
9822,-29.41194
9823,-0.0619809
9824,-0.06198733
9825,-0.05640245
9826,-0.06401994
9827,-0.06401689
9828,-0.05640321
9829,-0.09970222
9830,-0.1187465
9831,-0.08137862
9832,-0.07871523
9833,-0.05026365
9834,-0.08197055
9835,-0.07036667
9836,-0.02659934
9837,-0.3806367
9838,-0.03864181
9839,-0.08697026
9840,-0.0376436
9841,-0.04386111
9842,-0.1195164
9843,-0.06274426
9844,-0.08685554
9845,-0.05027419
9846,-0.2366561
9847,-0.05901086
9848,-0.08788133
9849,-0.07033613
9850,-0.06278247
9851,-0.135632
9852,-0.0860218
9853,-0.140646
9854,-0.09887996
9855,-0.2786329
9856,-0.09550209
9857,-0.1892757
9858,-0.1499684
9859,-0.09762825
9860,-0.08728728
9861,-0.07474349
9862,-0.08960166
9863,-0.04626302
9864,-0.05166649
9865,-0.05166581
9866,-0.04626257
9867,-0.5235258
9868,-0.3486805
9869,-0.3822253
9870,-6.456166
9871,-0.09985883
9872,-0.09680414
9873,-0.1001023
9874,-0.1113178
9875,-0.08868003
9876,-0.09536984
9877,-0.09492378
9878,-0.1134898
9879,-0.1086891
9880,-0.9831831
9881,-0.02424904
9882,-0.0228774
9883,-1.88624
9884,-0.09643076
9885,-0.05018117
9886,-0.08644216
9887,-0.0876039
9888,-0.06656456
9889,-0.08776095
9890,-0.05017706
9891,-0.09825352
9892,-0.09562276
9893,-0.09390863
9894,-0.2959139
9895,-0.2043641
9896,-0.2234713
9897,-0.1907411
9898,-0.09130917
9899,-0.08764084
9900,-0.07634994
9901,-0.1039158
9902,-0.09595609
9903,-0.0881407
9904,-0.04902304
9905,-0.04902223
9906,-0.1012374
9907,-0.5080827
9908,-0.5018103
9909,-0.08029727
9910,-0.09406675
9911,-0.09407933
9912,-0.09287376
9913,-0.0842339
9914,-0.0920978
9915,-0.0947994
9916,-0.09376935
9917,-0.2503304
9918,-0.2535439
9919,-0.2266875
9920,-0.2569478
9921,-0.03790165
9922,-0.03791687
9923,-0.3207401
9924,-3.999285
9925,-1.233439
9926,-0.07878257
9927,-0.0641133
9928,-0.06142787
9929,-0.1011795
9930,-0.08417294
9931,-1.063876
9932,-0.9847218
9933,-0.5367057
9934,-0.9870413
9935,-1.571368
9936,-8.226317
9937,-0.204693
9938,-29.16101
9939,-0.01452016
9940,-0.01051268
9941,-0.09659356
9942,-0.09331067
9943,-0.09895077
9944,-0.09569867
9945,-0.08330615
9946,-0.09237945
9947,-0.0897132
9948,-0.09258341
9949,-0.1942355
9950,-0.1081306
9951,-0.07825877
9952,-0.1319337
9953,-0.1646582
9954,-0.1055771
9955,-0.7174663
9956,-1.473774
9957,-0.1035068
9958,-0.06075718
9959,-0.1036068
9960,-0.0607572
9961,-0.05557531
9962,-0.05560235
9963,-0.08690742
9964,-0.04766991
9965,-0.0476725
9966,-0.07915536
9967,-0.09710933
9968,-0.09844108
9969,-0.09577093
9970,-0.09547464
9971,-0.09457266
9972,-0.7789528
9973,-35.5844
9974,-0.1946977
9975,-0.1156712
9976,-0.1276765
9977,-0.1019518
9978,-12.21922
9979,-0.08178864
9980,-0.06154786
9981,-0.06154795
9982,-0.1109032
9983,-0.09493355
9984,-0.1026416
9985,-0.08271921
9986,-0.1480789
9987,-0.1149962
9988,-0.119586
9989,-0.08273488
9990,-0.1124214
9991,-0.112248
9992,-0.09790552
9993,-0.3470937
9994,-0.1803074
9995,-0.07206853
9996,-0.07165181
9997,-0.3898177
9998,-0.04825851
9999,-0.0771275
10000,-0.0897414
10001,-0.08634442
10002,-0.08672324
10003,-0.04825912
10004,-0.09489676
10005,-0.09790314
10006,-0.0828504
10007,-0.09801321
10008,-0.6898158
10009,-1.141983
10010,-6.555456
10011,-0.4713866
10012,-0.08497784
10013,-0.09531032
10014,-0.09719855
10015,-0.1907633
10016,-0.1695558
10017,-0.08502142
10018,-420.1695
10019,-0.08865978
10020,-0.09266736
10021,-0.04940112
10022,-0.04940294
10023,-0.09179284
10024,-0.08823705
10025,-0.09335455
10026,-0.7675782
10027,-0.4350328
10028,-3.125421
10029,-3.45181
10030,-5.83383
10031,-0.09908889
10032,-0.08473494
10033,-0.1010318
10034,-0.1201167
10035,-0.1145491
10036,-0.1038484
10037,-16.69988
10038,-17.47632
10039,-0.1392387
10040,-0.1391205
10041,-0.170817
10042,-0.1708866
10043,-0.04957109
10044,-0.09479152
10045,-0.08270871
10046,-0.04535177
10047,-0.08410548
10048,-0.07897274
10049,-0.09123506
10050,-0.04957226
10051,-0.04718897
10052,-0.04719063
10053,-0.04534564
10054,-0.1083906
10055,-0.3089305
10056,-7.246036
10057,-0.07291402
10058,-0.1146662
10059,-0.08005446
10060,-0.08239329
10061,-0.1043408
10062,-0.1189204
10063,-0.07511425
10064,-0.1032304
10065,-4.352391
10066,-200.1694
10067,-3.741842
10068,-0.08647057
10069,-0.04864746
10070,-0.04864733
10071,-0.05199324
10072,-0.09479288
10073,-0.08537776
10074,-0.08524499
10075,-0.09242333
10076,-0.0947763
10077,-0.05198761
10078,-0.08746755
10079,-0.126228
10080,-0.1005904
10081,-0.2168298
10082,-0.1058916
10083,-0.1277382
10084,-0.2026562
10085,-0.1142137
10086,-0.106935
10087,-0.1369591
10088,-0.1619764
10089,-1.684926
10090,-0.1190711
10091,-0.08814866
10092,-0.0900554
10093,-0.05231175
10094,-0.1151228
10095,-0.05231113
10096,-0.09439242
10097,-0.1090508
10098,-0.08652642
10099,-0.09812129
10100,-0.11659
10101,-0.1021872
10102,-0.01118407
10103,-0.01122918
10104,-14.38075
10105,-0.08692206
10106,-0.1371002
10107,-0.1371391
10108,-0.08705703
10109,-1.611447
10110,-0.383614
10111,-0.1034837
10112,-0.09082042
10113,-0.09421878
10114,-0.09477212
10115,-0.08918328
10116,-0.1034276
10117,-0.1264056
10118,-0.1560059
10119,-0.1113268
10120,-0.08327737
10121,-0.08902573
10122,-0.08165434
10123,-0.08998013
10124,-0.1341982
10125,-0.3260402
10126,-0.5611706
10127,-0.09298838
10128,-0.05586874
10129,-0.090481
10130,-0.1043755
10131,-0.0878344
10132,-0.05587162
10133,-0.1059464
10134,-0.2671489
10135,-14.19236
10136,-13.9116
10137,-0.7708207
10138,-3.408359
10139,-0.06473597
10140,-0.05911281
10141,-0.05911028
10142,-0.04993186
10143,-0.08245361
10144,-0.08032116
10145,-0.04898546
10146,-0.1222342
10147,-0.0489863
10148,-0.04993648
10149,-0.03557887
10150,-0.5561264
10151,-2.249915
10152,-0.03568142
10153,-231.2867
10154,-2.515596
10155,-5.610543
10156,-0.09857047
10157,-0.08770689
10158,-0.08219568
10159,-0.04761447
10160,-0.1006364
10161,-0.0975204
10162,-0.04761304
10163,-0.07823363
10164,-0.0637465
10165,-0.06373359
10166,-0.3005345
10167,-6.638549
10168,-0.3767806
10169,-0.06323751
10170,-0.06326453
10171,-0.09445567
10172,-0.09448254
10173,-0.1055539
10174,-0.1055538
10175,-0.1807955
10176,-0.1807576
10177,-0.3943552
10178,-0.5724463
10179,-3.660408
10180,-0.09618872
10181,-0.09545135
10182,-0.08588266
10183,-0.06034371
10184,-0.05505939
10185,-0.05506223
10186,-0.06034971
10187,-0.09023881
10188,-0.08944845
10189,-0.09970272
10190,-0.08624048
10191,-0.09806876
10192,-0.212773
10193,-0.1294984
10194,-0.2332808
10195,-0.2208459
10196,-0.3622977
10197,-0.2115135
10198,-5.525474
10199,-2.771033
10200,-0.113308
10201,-0.1133025
10202,-0.4693323
10203,-0.1573371
10204,-0.1574203
10205,-0.07701258
10206,-0.09984491
10207,-0.1112703
10208,-0.05460437
10209,-0.1302662
10210,-0.05491617
10211,-0.05462885
10212,-0.07699709
10213,-0.1080405
10214,-0.1032116
10215,-0.05491755
10216,-0.1302647
10217,-0.1043421
10218,-2.82538
10219,-1.290774
10220,-1.08184
10221,-1.053809
10222,-0.1115215
10223,-0.6481057
10224,-0.08360201
10225,-0.08358914
10226,-0.05922011
10227,-0.05936743
10228,-0.1050133
10229,-0.08159617
10230,-0.09593014
10231,-0.08072076
10232,-0.08979953
10233,-0.06418974
10234,-0.1677414
10235,-0.1426263
10236,-0.1710469
10237,-0.06418692
10238,-1.627701
10239,-1.189814
10240,-0.1097092
10241,-0.1304668
10242,-0.09635054
10243,-0.1304907
10244,-0.1003892
10245,-0.3363246
10246,-0.1052284
10247,-0.04953765
10248,-0.04955026
10249,-24.33122
10250,-0.1071583
10251,-0.0590973
10252,-0.05908503
10253,-0.1021737
10254,-0.08644194
10255,-0.07258268
10256,-0.07414815
10257,-0.4505754
10258,-5.460543
10259,-2.457234
10260,-2.074057
10261,-0.05961329
10262,-0.09976909
10263,-0.09670972
10264,-0.05702461
10265,-0.05945875
10266,-0.05722902
10267,-0.09801577
10268,-0.01384797
10269,-0.01386669
10270,-0.04959077
10271,-0.1429121
10272,-0.1022516
10273,-0.1014886
10274,-0.1362737
10275,-0.10963
10276,-0.09564892
10277,-0.06237027
10278,-0.05453551
10279,-0.05281626
10280,-0.0527935
10281,-0.0599018
10282,-0.05462246
10283,-0.1264124
10284,-0.05317608
10285,-0.05317558
10286,-0.05453536
10287,-0.1129539
10288,-0.06237443
10289,-0.05989278
10290,-0.05461415
10291,-0.5790331
10292,-2.700945
10293,-2.226001
10294,-0.0978125
10295,-0.07009656
10296,-0.06959201
10297,-0.05809276
10298,-0.05807501
10299,-0.09633148
10300,-0.9855067
10301,-0.04914032
10302,-0.1190597
10303,-0.09416739
10304,-0.0922781
10305,-0.09832873
10306,-0.1016163
10307,-0.1017673
10308,-0.09502164
10309,-25.74777
10310,-0.09427879
10311,-0.06541275
10312,-0.06639434
10313,-0.06502374
10314,-0.06501582
10315,-0.09474744
10316,-0.05481308
10317,-0.05482182
10318,-0.0858157
10319,-0.09966746
10320,-1.24263
10321,-0.9042566
10322,-0.09074946
10323,-0.08565143
10324,-0.09193037
10325,-0.07901271
10326,-0.09954839
10327,-0.07820049
10328,-3.325253
10329,-1.588302
10330,-0.09405854
10331,-0.09961817
10332,-0.05673584
10333,-0.09215487
10334,-0.09432082
10335,-0.07596655
10336,-0.09943961
10337,-0.1022416
10338,-0.05673148
10339,-0.08985993
10340,-6.195033
10341,-0.09801685
10342,-0.101093
10343,-0.08505446
10344,-0.0772955
10345,-0.05109641
10346,-0.09170103
10347,-0.05109962
10348,-0.09301661
10349,-0.09134322
10350,-0.09044903
10351,-0.0907423
10352,-0.08711778
10353,-0.05091901
10354,-0.05091162
10355,-4.650125
10356,-0.8758707
10357,-0.9908983
10358,-0.09095792
10359,-0.07162861
10360,-0.08611112
10361,-0.07285563
10362,-0.07488084
10363,-0.08722703
10364,-3.099953
10365,-1.007036
10366,-0.05730624
10367,-0.09806875
10368,-0.1053247
10369,-0.1020046
10370,-0.0573096
10371,-0.0841978
10372,-0.2064103
10373,-0.1509366
10374,-184.3632
10375,-0.08782664
10376,-0.07999828
10377,-0.1008972
10378,-0.09376678
10379,-0.08284531
10380,-0.08031294
10381,-0.08925506
10382,-0.07423121
10383,-0.07819752
10384,-1.533819
10385,-0.07863959
10386,-0.05286082
10387,-0.05283502
10388,-0.08794152
10389,-0.07301353
10390,-0.07453676
10391,-1.66211
10392,-3.124547
10393,-0.06025359
10394,-0.08207905
10395,-0.08098542
10396,-0.06423893
10397,-0.09150594
10398,-0.08322135
10399,-0.08980559
10400,-0.08813838
10401,-0.09325835
10402,-2.775732
10403,-1.632677
10404,-0.08697431
10405,-0.05684482
10406,-0.08281582
10407,-0.05512641
10408,-0.05511335
10409,-0.05703996
10410,-0.09922628
10411,-0.09614039
10412,-0.08382982
10413,-0.204392
10414,-0.2043745
10415,-0.1079017
10416,-0.1079227
10417,-12.62401
10418,-1.097829
10419,-0.05523567
10420,-0.07860357
10421,-0.09338273
10422,-0.0903187
10423,-0.05523556
10424,-0.09430455
10425,-0.08828874
10426,-0.0945311
10427,-0.1052271
10428,-0.1025704
10429,-4.643929
10430,-0.08210793
10431,-0.08409872
10432,-0.05482037
10433,-0.09303281
10434,-0.05489893
10435,-0.08151291
10436,-0.1043974
10437,-0.0610687
10438,-0.06113118
10439,-0.1206078
10440,-0.05872631
10441,-0.1052059
10442,-0.1205291
10443,-0.05881365
10444,-0.1631596
10445,-0.1632034
10446,-0.5627506
10447,-0.1798243
10448,-0.1114032
10449,-0.09483655
10450,-0.07885191
10451,-4.464753
10452,-0.7969955
10453,-0.1331526
10454,-0.08915514
10455,-0.08380767
10456,-0.07577958
10457,-0.08102527
10458,-0.09076739
10459,-0.08384171
10460,-0.07741538
10461,-0.0822405
10462,-0.09269752
10463,-0.1076903
10464,-0.08283748
10465,-0.09872416
10466,-1.309762
10467,-1.424464
10468,-0.1213059
10469,-0.1308688
10470,-0.1308368
10471,-0.3097665
10472,-0.08976068
10473,-0.09472599
10474,-0.09225722
10475,-0.08100976
10476,-0.08599515
10477,-0.08097338
10478,-0.07777395
10479,-0.08058564
10480,-0.05801434
10481,-0.1019679
10482,-0.05442218
10483,-0.05440778
10484,-0.0642558
10485,-0.06453557
10486,-0.220115
10487,-0.06458108
10488,-0.07985295
10489,-0.09935129
10490,-0.1184653
10491,-0.1088877
10492,-0.1088884
10493,-0.09823722
10494,-11.66956
10495,-1.016347
10496,-0.05716303
10497,-0.05716924
10498,-0.08282697
10499,-0.05278607
10500,-0.07495115
10501,-0.08194239
10502,-0.05279698
10503,-0.09330688
10504,-0.08143328
10505,-0.08915436
10506,-0.0931984
10507,-0.08840922
10508,-0.09287323
10509,-1.088256
10510,-2.563202
10511,-0.8888966
10512,-0.07336736
10513,-0.05293357
10514,-0.05318522
10515,-0.05318552
10516,-0.052932
10517,-0.08153508
10518,-0.09698308
10519,-0.09118818
10520,-0.08492394
10521,-0.1745369
10522,-0.09214461
10523,-0.02554384
10524,-0.02548565
10525,-0.05771566
10526,-0.05774729
10527,-0.06107559
10528,-0.1022529
10529,-0.06111696
10530,-0.06507912
10531,-0.065015
10532,-0.1147112
10533,-0.1047077
10534,-0.09165168
10535,-0.09959758
10536,-0.1126172
10537,-0.103356
10538,-0.09430829
10539,-0.1437584
10540,-0.1313938
10541,-0.1674628
10542,-0.1255485
10543,-2.392352
10544,-6.799391
10545,-6.216501
10546,-0.0890466
10547,-0.07943503
10548,-0.06546774
10549,-0.07912648
10550,-0.1236661
10551,-0.0649228
10552,-0.09738255
10553,-0.08905011
10554,-0.3950689
10555,-0.1223583
10556,-0.06631746
10557,-0.2307907
10558,-0.1214305
10559,-0.1450173
10560,-0.0566874
10561,-0.1099761
10562,-0.1416322
10563,-0.08948675
10564,-0.08800974
10565,-0.08805089
10566,-0.101872
10567,-0.08912021
10568,-0.0845607
10569,-1.26065
10570,-0.05388413
10571,-0.05390878
10572,-0.07804975
10573,-0.07809003
10574,-0.06555904
10575,-0.06545757
10576,-0.06354389
10577,-0.06354532
10578,-0.1022397
10579,-0.07014252
10580,-0.1022404
10581,-0.07010223
10582,-0.08316338
10583,-0.05286625
10584,-0.05286742
10585,-0.08502007
10586,-0.09662937
10587,-0.08957296
10588,-16.97868
10589,-4.083492
10590,-35.90128
10591,-8.323444
10592,-6.472727
10593,-0.09685554
10594,-0.1130717
10595,-0.1080974
10596,-0.2844205
10597,-0.09164854
10598,-0.09494688
10599,-0.06230584
10600,-0.06123266
10601,-0.09772302
10602,-0.09954026
10603,-0.05573781
10604,-0.05501914
10605,-0.05664681
10606,-0.05664059
10607,-0.0676652
10608,-0.1643545
10609,-0.06768514
10610,-0.09012756
10611,-0.08851416
10612,-0.08746626
10613,-0.07827339
10614,-0.09153955
10615,-0.04835859
10616,-0.0483588
10617,-11.76142
10618,-0.06112125
10619,-0.07683193
10620,-0.07552326
10621,-0.06935407
10622,-0.06920987
10623,-0.06313195
10624,-0.05595902
10625,-0.06401208
10626,-0.1311302
10627,-0.06403863
10628,-0.05578013
10629,-0.05814585
10630,-0.07587311
10631,-0.06803461
10632,-0.05814789
10633,-0.05588482
10634,-0.05588865
10635,-0.09963758
10636,-0.07703838
10637,-0.09476998
10638,-0.04887937
10639,-0.04888219
10640,-0.09224567
10641,-0.09941365
10642,-0.0456485
10643,-0.07940818
10644,-0.04564724
10645,-4.490438
10646,-5.752261
10647,-3.153431
10648,-5.510873
10649,-0.05286139
10650,-0.08660329
10651,-0.0840834
10652,-0.07305164
10653,-0.05292977
10654,-0.06562918
10655,-0.4372487
10656,-0.1169046
10657,-0.05341389
10658,-0.0850011
10659,-0.1020384
10660,-0.1959977
10661,-0.1956517
10662,-0.1024959
10663,-0.07844131
10664,-0.08856453
10665,-0.08962031
10666,-0.07684895
10667,-0.04654152
10668,-0.04653987
10669,-0.09000928
10670,-0.1025916
10671,-0.09524967
10672,-0.08928474
10673,-0.09527205
10674,-0.09986819
10675,-0.09104773
10676,-0.0964054
10677,-0.09086997
10678,-1.814472
10679,-5.411061
10680,-1.535401
10681,-0.05269311
10682,-0.05268423
10683,-0.05163024
10684,-0.05166101
10685,-4.854095
10686,-352.2954
10687,-0.05413753
10688,-0.05418913
10689,-0.05414039
10690,-0.05419268
10691,-0.0657194
10692,-0.06602178
10693,-0.05362592
10694,-0.05362532
10695,-0.2542592
10696,-0.09098464
10697,-0.1104587
10698,-0.1068881
10699,-0.1198589
10700,-0.103661
10701,-0.09432257
10702,-0.1081456
10703,-0.1359911
10704,-0.0577882
10705,-0.05778797
10706,-0.09162595
10707,-0.05623204
10708,-0.09050915
10709,-0.05623238
10710,-0.08376072
10711,-0.09075774
10712,-0.0887273
10713,-0.1648056
10714,-0.1242615
10715,-12.3713
10716,-1.764039
10717,-0.05362462
10718,-0.05362492
10719,-0.06327063
10720,-0.06365273
10721,-0.1205436
10722,-0.4116264
10723,-0.1400164
10724,-0.2070509
10725,-0.109414
10726,-0.1542921
10727,-0.1258822
10728,-0.1436505
10729,-0.1440492
10730,-3.707912
10731,-10.14808
10732,-11.31861
10733,-2.732294
10734,-0.467655
10735,-0.4139814
10736,-0.06196684
10737,-0.06812604
10738,-0.07444862
10739,-0.08428349
10740,-0.06704492
10741,-0.06800681
10742,-0.07340129
10743,-0.06742267
10744,-0.2780136
10745,-0.3659395
10746,-0.2246022
10747,-0.3077314
10748,-0.3249888
10749,-0.1536333
10750,-0.1264001
10751,-0.1803263
10752,-0.09692265
10753,-0.1240641
10754,-0.1079215
10755,-0.1081441
10756,-0.1452814
10757,-0.7470405
10758,-0.06669797
10759,-0.06670021
10760,-0.156264
10761,-9.702218
10762,-0.05272286
10763,-0.05271216
10764,-0.05315299
10765,-0.0531539
10766,-0.05348042
10767,-0.05347915
10768,-0.05314405
10769,-0.05314321
10770,-0.184597
10771,-0.2463269
10772,-0.1897528
10773,-0.1937655
10774,-0.3132676
10775,-0.1112388
10776,-0.1217362
10777,-0.1697252
10778,-0.1177625
10779,-0.1657839
10780,-0.1378806
10781,-0.2152264
10782,-0.04459127
10783,-0.04453894
10784,-0.1643585
10785,-0.1643647
10786,-0.1380815
10787,-0.1381041
10788,-5.320632
10789,-0.07990468
10790,-0.1562105
10791,-0.1049795
10792,-0.1557956
10793,-0.0799051
10794,-72.71235
10795,-0.05448964
10796,-0.05448679
10797,-0.05421425
10798,-0.05421418
10799,-0.08067211
10800,-0.07950017
10801,-0.2492268
10802,-0.1787462
10803,-0.1148471
10804,-0.1278581
10805,-0.1997759
10806,-0.1285845
10807,-0.2388285
10808,-0.1327116
10809,-0.1817219
10810,-0.1740494
10811,-0.2738697
10812,-0.1304477
10813,-0.228141
10814,-0.1839772
10815,-2.237677
10816,-0.6290351
10817,-0.6593786
10818,-0.2374201
10819,-0.0755533
10820,-0.08069399
10821,-0.08018338
10822,-0.08797058
10823,-0.08894481
10824,-0.06368686
10825,-0.09657367
10826,-0.1923135
10827,-0.05787215
10828,-0.3854317
10829,-0.058121
10830,-10.32206
10831,-0.05607929
10832,-0.08560749
10833,-0.05593649
10834,-0.08495265
10835,-0.05593766
10836,-0.05607608
10837,-0.2626283
10838,-0.1510592
10839,-0.1796612
10840,-0.3704669
10841,-0.2155926
10842,-0.1873955
10843,-0.2903554
10844,-0.3397153
10845,-0.1917533
10846,-2.077581
10847,-0.2901553
10848,-0.1381833
10849,-0.3752773
10850,-9.346823
10851,-56.38005
10852,-0.05616782
10853,-0.09887387
10854,-0.05615798
10855,-0.05376833
10856,-0.05712449
10857,-0.05711727
10858,-0.05376786
10859,-0.05618344
10860,-0.05617989
10861,-0.1921556
10862,-0.3577406
10863,-0.2853636
10864,-0.4552119
10865,-0.4347322
10866,-0.4803185
10867,-0.09857722
10868,-0.09856995
10869,-0.8300018
10870,-0.872218
10871,-1.863425
10872,-3.42773
10873,-0.0179869
10874,-0.01760362
10875,-7.793617
10876,-67.91631
10877,-0.09793784
10878,-0.09438746
10879,-0.09794658
10880,-0.7637981
10881,-0.1934824
10882,-0.1370215
10883,-0.5067851
10884,-1.012726
10885,-0.5846673
10886,-0.07455986
10887,-0.06720085
10888,-0.07459036
10889,-0.08825352
10890,-0.1037958
10891,-0.06721537
10892,-0.1037828
10893,-1.168811
10894,-3.411543
10895,-1.403222
10896,-17.39945
10897,-0.0764044
10898,-0.04550322
10899,-0.0330326
10900,-0.1492089
10901,-0.0586876
10902,-0.2764813
10903,-0.2213618
10904,-0.1798696
10905,-0.07636429
10906,-0.1491927
10907,-0.04328319
10908,-0.1240209
10909,-0.03766993
10910,-0.2366626
10911,-0.06344944
10912,-0.1109735
10913,-0.2239775
10914,-0.1387712
10915,-0.3594345
10916,-0.166073
10917,-0.1800769
10918,-0.1468941
10919,-0.08204211
10920,-0.717473
10921,-0.6376641
10922,-0.6496869
10923,-0.04891447
10924,-0.10619
10925,-0.06591507
10926,-0.0677701
10927,-0.04891868
10928,-0.100751
10929,-0.1007743
10930,-0.1021964
10931,-0.08171202
10932,-0.05200138
10933,-0.05199881
10934,-0.5721117
10935,-0.05729018
10936,-0.0568793
10937,-1.082523
10938,-1.554145
10939,-0.09812364
10940,-0.1038184
10941,-0.0759292
10942,-0.09878234
10943,-0.07035166
10944,-0.09878759
10945,-0.3084759
10946,-1.309104
10947,-0.5651389
10948,-0.1615681
10949,-0.1870769
10950,-0.09683091
10951,-0.4902788
10952,-0.2219104
10953,-0.2289631
10954,-0.4299028
10955,-0.317161
10956,-0.1967455
10957,-0.5565289
10958,-0.549727
10959,-1.361453
10960,-0.1066627
10961,-0.09060223
10962,-0.08720344
10963,-0.05126445
10964,-0.05126544
10965,-0.1010449
10966,-0.09875875
10967,-6.019833
10968,-4.112283
10969,-2.024896
10970,-1.315821
10971,-0.5162818
10972,-0.08026571
10973,-0.05354467
10974,-0.1105015
10975,-0.09217073
10976,-0.07246636
10977,-0.0535492
10978,-0.06194376
10979,-0.1194819
10980,-0.07434125
10981,-0.06991432
10982,-0.2457067
10983,-0.2564057
10984,-1.505825
10985,-0.333699
10986,-1.964961
10987,-1.139333
10988,-0.7696818
10989,-0.5956376
10990,-0.07404733
10991,-0.09462985
10992,-0.09194468
10993,-0.07678254
10994,-0.09624678
10995,-0.08496149
10996,-3.219433
10997,-2.941774
10998,-6.399413
10999,-0.2702633
11000,-0.8184209
11001,-2.654929
11002,-0.08550332
11003,-0.0918505
11004,-0.08671662
11005,-0.07726767
11006,-0.08044352
11007,-0.07015741
11008,-0.5640258
11009,-0.7726716
11010,-0.7809281
11011,-0.5465741
11012,-0.5774375
11013,-0.4613203
11014,-1.254494
11015,0
11016,-0.09699847
11017,-0.0521092
11018,-0.09961437
11019,-0.09639116
11020,-0.09502127
11021,-0.05211003
11022,-0.09086438
11023,-0.09112762
11024,-0.09858761
11025,-0.8998623
11026,-10.26817
11027,-6.899951
11028,-1.006819
11029,-0.08143825
11030,-0.07553742
11031,-0.08474105
11032,-0.07748518
11033,-0.0737126
11034,-0.0657368
11035,-0.4369774
11036,-0.09524522
11037,-0.09904706
11038,-0.1295955
11039,-0.1533816
11040,-0.1456804
11041,-0.139537
11042,-0.5020561
11043,-1.27979
11044,-0.4204398
11045,-60.12622
11046,-0.1014187
11047,-0.05492536
11048,-0.05492615
11049,-0.04888008
11050,-0.09956665
11051,-0.05202485
11052,-0.05202211
11053,-0.09134699
11054,-0.04887604
11055,-0.1572895
11056,-1.497178
11057,-0.4798473
11058,-0.1586994
11059,-6.231212
11060,-3.295336
11061,-1.931356
11062,-3.676743
11063,-2.45601
11064,-2.605473
11065,-0.06158851
11066,-0.06749425
11067,-0.07796481
11068,-0.0830847
11069,-0.07448368
11070,-0.06158475
11071,-0.08256295
11072,-0.1006298
11073,-0.06661603
11074,-0.1016103
11075,-0.2396405
11076,-0.3278565
11077,-0.2038811
11078,-0.1697263
11079,-0.08485237
11080,-0.2423162
11081,-0.3342711
11082,-0.1332944
11083,-0.2377852
11084,-0.7210872
11085,-0.1842919
11086,-0.0809409
11087,-0.06196859
11088,-0.05862519
11089,-0.08100717
11090,-0.05862443
11091,-0.06200268
11092,-20.96201
11093,-0.09652892
11094,-0.04797087
11095,-0.09413521
11096,-0.105561
11097,-0.04796386
11098,-0.1005569
11099,-0.1147998
11100,-0.8896204
11101,-0.5970003
11102,-0.5730202
11103,-0.1272256
11104,-0.1791767
11105,-18.85022
11106,-0.0790176
11107,-0.07899711
11108,-3.647366
11109,-5.511151
11110,-2.516499
11111,-10.05381
11112,-0.05997124
11113,-0.06165391
11114,-0.06161723
11115,-0.05996951
11116,-0.3324897
11117,-0.1504119
11118,-0.1564862
11119,-0.2751917
11120,-0.1263408
11121,-0.1503875
11122,-0.09174836
11123,-0.0464361
11124,-0.1957474
11125,-0.2291049
11126,-0.08764498
11127,-0.08618154
11128,-0.07605117
11129,-0.07141059
11130,-0.1259723
11131,-0.1043635
11132,-0.07687564
11133,-0.101037
11134,-0.04532815
11135,-0.05138593
11136,-0.09948273
11137,-0.04532564
11138,-0.04804809
11139,-0.04804911
11140,-0.1006465
11141,-0.05138851
11142,-0.4445418
11143,-0.4444658
11144,-4.840219
11145,-5.138785
11146,-0.08353484
11147,-0.08352491
11148,-0.1056256
11149,-2.580379
11150,-3.782624
11151,-11.94972
11152,-0.0911437
11153,-0.0988648
11154,-0.08620779
11155,-0.09564009
11156,-0.0950496
11157,-0.09633506
11158,-0.0972826
11159,-0.4833432
11160,-0.2957314
11161,-0.1831791
11162,-0.07463554
11163,-0.1839146
11164,-0.101826
11165,-0.1141315
11166,-0.09742942
11167,-0.1257893
11168,-0.1257789
11169,-0.09734356
11170,-0.05330724
11171,-0.0533057
11172,-3.312474
11173,-11.26029
11174,-0.09413818
11175,-0.09250027
11176,-0.09701401
11177,-0.09163452
11178,-0.09468238
11179,-0.08834898
11180,-0.09351455
11181,-0.0977791
11182,-0.08690961
11183,-0.09623946
11184,-0.4373573
11185,-0.2039623
11186,-0.2628376
11187,-0.1981757
11188,-0.1996668
11189,-6.818289
11190,-2.006718
11191,-0.5780119
11192,-0.09564172
11193,-0.1045038
11194,-0.0798009
11195,-0.1140577
11196,-0.09550756
11197,-0.08407047
11198,-0.09347361
11199,-0.3618429
11200,-0.8385563
11201,-10.48077
11202,-3.174916
11203,-0.09530675
11204,-0.05332964
11205,-0.09383419
11206,-0.09786857
11207,-0.08976451
11208,-0.04936983
11209,-0.04936713
11210,-0.09205875
11211,-0.06093155
11212,-0.05333088
11213,-0.09517574
11214,-0.06093141
11215,-0.08751712
11216,-0.3406858
11217,-0.2057535
11218,-0.2678383
11219,-3.282826
11220,-0.2742588
11221,-0.2022709
11222,-0.08836621
11223,-0.08817966
11224,-0.2026525
11225,-0.1340134
11226,-0.09521089
11227,-0.04874716
11228,-0.04874863
11229,-0.08918847
11230,-0.1004671
11231,-0.09206103
11232,-0.09545836
11233,-0.09176507
11234,-0.09846132
11235,-0.1088618
11236,-0.7167825
11237,-0.6082543
11238,-0.8901548
11239,-3.038067
11240,-2.161262
11241,-0.1022938
11242,-0.09301113
11243,-0.09846195
11244,-0.101374
11245,-0.08808003
11246,-0.07454247
11247,-0.08355406
11248,-0.08356818
11249,-0.1241479
11250,-0.08355317
11251,-0.1241439
11252,-0.1240955
11253,-0.2986203
11254,-0.0831942
11255,-0.1166285
11256,-0.3199715
11257,-0.3273354
11258,-0.1834773
11259,-0.2184393
11260,-0.07449695
11261,-0.1023366
11262,-0.07449714
11263,-0.09452572
11264,-0.09018076
11265,-0.0894765
11266,-0.08787245
11267,-0.0941949
11268,-0.08783797
11269,-0.08863381
11270,-0.09187219
11271,-0.096673
11272,-0.08930121
11273,-0.08600617
11274,-4.406366
11275,-2.643487
11276,-15.12412
11277,-2.806082
11278,-0.09955113
11279,-0.1046042
11280,-0.04516659
11281,-0.09312382
11282,-0.0451705
11283,-0.1005437
11284,-0.1028268
11285,-0.1079461
11286,-12.51588
11287,-4.991851
11288,-4.628384
11289,-0.1573762
11290,-0.1574459
11291,-0.1863111
11292,-0.1864163
11293,-0.25647
11294,-5.314679
11295,0
11296,-57.45388
11297,-0.03908312
11298,-0.0390412
11299,-0.09551971
11300,-0.09773853
11301,-0.098305
11302,-0.09606328
11303,-0.09828237
11304,-0.09184422
11305,-0.09184514
11306,-0.09744171
11307,-0.08036755
11308,-0.3820025
11309,-7.528638
11310,-3.323932
11311,-0.1372332
11312,-0.1403357
11313,-0.14169
11314,-0.1708302
11315,-0.2145769
11316,-0.1028372
11317,-9.357434E-05
11318,-0.0001095184
11319,-0.09440882
11320,-0.09730436
11321,-0.08808593
11322,-0.08618688
11323,-0.08629286
11324,-0.04918656
11325,-0.0854689
11326,-0.07654542
11327,-0.04920043
11328,-0.07359031
11329,-0.1649317
11330,-0.2884046
11331,-0.2284811
11332,-0.3015593
11333,-4.151046
11334,-7.163929
11335,-0.05829143
11336,-0.1693471
11337,-0.05835611
11338,-0.1335639
11339,-0.1335642
11340,-0.1628213
11341,-0.1798016
11342,-0.3598762
11343,-0.1628113
11344,-0.09498397
11345,-0.08951311
11346,-0.08950595
11347,-0.8466057
11348,-1.451994
11349,-22.9652
11350,-810.3193
11351,-0.4275437
11352,-0.1627571
11353,-0.1626527
11354,-0.07713014
11355,-0.07709905
11356,-0.08481149
11357,-0.09332348
11358,-0.0855634
11359,-0.09207299
11360,-0.1021097
11361,-0.09845597
11362,-0.185777
11363,-0.09871802
11364,-0.2898639
11365,-0.2058195
11366,-0.7888434
11367,-0.3025957
11368,-0.3794129
11369,-0.07375238
11370,-0.05851486
11371,-0.05852405
11372,-0.09466047
11373,-0.09302837
11374,-0.09171218
11375,-21.50739
11376,0
11377,-0.8638808
11378,-4.309959
11379,-0.4254948
11380,-0.2455594
11381,-0.08453231
11382,-0.06438833
11383,-0.0643787
11384,-0.08401205
11385,-0.08450233
11386,-7.809946
11387,-1.223387
11388,-22.80967
11389,-0.1644892
11390,-0.1646018
11391,-0.115938
11392,-0.1157995
11393,-0.05976857
11394,-0.05977729
11395,-0.4930524
11396,-0.8907122
11397,-0.6864914
11398,-1.471298
11399,-0.3493397
11400,-0.1059869
11401,-0.09778085
11402,-0.200577
11403,-0.1287804
11404,-0.09779003
11405,-0.9504253
11406,-16.99514
11407,0
11408,-0.08296582
11409,-0.1273133
11410,-0.1015754
11411,-0.2584463
11412,-0.0829596
11413,-0.7207912
11414,-0.4758483
11415,-2.660185
11416,-1.685469
11417,-0.0436177
11418,-0.04370097
11419,-0.1288991
11420,-0.06700578
11421,-0.06700318
11422,-0.07719483
11423,-0.1063868
11424,-0.07191128
11425,-0.07719675
11426,-0.08464742
11427,-0.1026703
11428,-0.08773872
11429,-0.102654
11430,-0.1181084
11431,-0.09696323
11432,-0.0719173
11433,-0.09314998
11434,-0.9016513
11435,-0.3856277
11436,-1.479132
11437,-0.4589545
11438,-2.683118
11439,-4.561597
11440,0
11441,-0.063086
11442,-0.06307957
11443,-0.2483922
11444,-0.05207844
11445,-0.05208159
11446,-0.1370073
11447,-3.272334
11448,-0.4341386
11449,-0.1091514
11450,-0.1091242
11451,-0.05459941
11452,-0.06329937
11453,-0.05364793
11454,-0.05771113
11455,-0.05364692
11456,-0.05787259
11457,-0.05459944
11458,-0.1753852
11459,-0.1118968
11460,-0.1119068
11461,-0.153195
11462,-0.1192167
11463,-0.5576061
11464,-0.1677376
11465,-0.1066778
11466,-0.1066946
11467,-99.20919
11468,-0.1207024
11469,-0.06365597
11470,-0.05121316
11471,-0.05766174
11472,-0.05766229
11473,-0.1253735
11474,-0.05326497
11475,-0.05326951
11476,-0.06366073
11477,-0.05120829
11478,-0.1265755
11479,-0.1004533
11480,-0.1004605
11481,-0.06027459
11482,-0.06028007
11483,-0.1266644
11484,-0.414109
11485,-0.04250547
11486,-0.04253086
11487,-0.4279421
11488,-0.1674496
11489,-0.1190644
11490,-0.1225861
11491,-0.1324498
11492,-0.1225483
11493,-0.1024387
11494,-0.1190472
11495,-0.1100634
11496,-23.66112
11497,-0.07336781
11498,-0.06556831
11499,-0.1118011
11500,-0.0777811
11501,-0.08957072
11502,-0.071885
11503,-0.07189847
11504,-0.07779934
11505,-0.08962896
11506,-0.06226755
11507,-0.07335553
11508,-6.347916
11509,-2.880922
11510,-0.09355687
11511,-0.08939469
11512,-0.09375242
11513,-0.09997751
11514,-0.06286801
11515,-0.09141036
11516,-0.06288304
11517,-0.7253686
11518,-1.477332
11519,-0.09342256
11520,-0.1619895
11521,-0.1274302
11522,-0.06808377
11523,-0.09278246
11524,-0.1619904
11525,-0.1301713
11526,-0.06810319
11527,-316.3966
11528,-0.08539111
11529,-0.09166688
11530,-0.05589195
11531,-0.113447
11532,-0.05589401
11533,-0.05007349
11534,-0.05007209
11535,-5.364387
11536,-1.269921
11537,-1.320158
11538,-0.09103444
11539,-0.08431052
11540,-0.1019921
11541,-0.08542489
11542,-0.09330256
11543,-0.08977539
11544,-3.488653
11545,-4.422982
11546,-0.08320146
11547,-0.1041292
11548,-0.1260261
11549,-0.09679858
11550,-0.09285796
11551,-0.1088239
11552,-0.1455273
11553,-0.05627809
11554,-0.05627583
11555,-0.0981061
11556,-0.03093534
11557,-0.03145529
11558,-28.70549
11559,-0.0880176
11560,-0.1013167
11561,-0.06270625
11562,-0.06270468
11563,-0.1890804
11564,-0.08546684
11565,-0.1608401
11566,-0.1041546
11567,-1.478862
11568,-1.041158
11569,-0.08428739
11570,-0.08774534
11571,-0.07051826
11572,-0.09964729
11573,-0.08798028
11574,-0.09067496
11575,-4.890522
11576,-0.09151997
11577,-0.09610124
11578,-0.05579817
11579,-0.05583799
11580,-0.08726982
11581,-0.08028283
11582,-0.08979923
11583,-0.0413792
11584,-0.04137969
11585,-0.07113732
11586,-0.07114545
11587,-7.437119
11588,-0.0551118
11589,-0.05511989
11590,-0.05041417
11591,-0.08480831
11592,-0.09250361
11593,-0.08512296
11594,-0.05203406
11595,-0.05210241
11596,-0.1355282
11597,-0.049605
11598,-0.05041383
11599,-0.0939586
11600,-0.04959964
11601,-2.840189
11602,-8.241545
11603,-1.208471
11604,-0.05314698
11605,-0.0534364
11606,-0.08473961
11607,-0.05342913
11608,-0.05367382
11609,-0.05371489
11610,-0.05313646
11611,-3.48132
11612,-2.663974
11613,-0.0478792
11614,-0.08685767
11615,-0.08665685
11616,-0.1021762
11617,-0.08792458
11618,-0.1019709
11619,-0.07254428
11620,-0.1051442
11621,-0.1053456
11622,-0.04787844
11623,-0.08796784
11624,-0.09555832
11625,-0.1110185
11626,-0.08929818
11627,-0.0784719
11628,-3.667101
11629,-0.05307596
11630,-0.05365955
11631,-0.05597699
11632,-0.05588134
11633,-0.05366329
11634,-0.05307308
11635,-0.1011104
11636,-0.1011037
11637,-9.15317
11638,-0.6149548
11639,-0.04864082
11640,-0.04866107
11641,-0.09939673
11642,-0.1002727
11643,-0.09504399
11644,-0.1067218
11645,-0.09346603
11646,-0.04918918
11647,-0.04918905
11648,-0.1011058
11649,-0.1080339
11650,-0.08566689
11651,-5.243891
11652,-13.61269
11653,-0.05113218
11654,-0.05097559
11655,-0.05623454
11656,-0.05621415
11657,-0.09869324
11658,-0.1061658
11659,-0.05268816
11660,-0.05269016
11661,-0.05698233
11662,-0.128004
11663,-0.1137091
11664,-0.1139405
11665,-0.1667032
11666,-0.1279422
11667,-0.0568918
11668,-0.03417069
11669,-0.03513923
11670,-0.03418854
11671,-0.0892911
11672,-0.08923431
11673,-0.1556604
11674,-0.1075135
11675,-0.1607255
11676,-7.675573
11677,-0.0877171
11678,-0.1208306
11679,-0.0952532
11680,-0.09566546
11681,-0.08619156
11682,-0.07282069
11683,-0.09163316
11684,-0.0973514
11685,-0.08296123
11686,-0.09192533
11687,-0.08928606
11688,-0.0862526
11689,-1.823119
11690,-1.223093
11691,-0.1018997
11692,-0.09079657
11693,-0.05491094
11694,-0.05287423
11695,-0.05286698
11696,-0.05486293
11697,-0.05635958
11698,-0.05639984
11699,-0.0593018
11700,-0.05923344
11701,-0.0592526
11702,-0.059224
11703,-0.09465167
11704,-0.09474076
11705,-0.1203967
11706,-0.135471
11707,-0.134379
11708,-0.1455295
11709,-0.05027633
11710,-0.05027978
11711,-0.134363
11712,-0.1613102
11713,-0.1175737
11714,-0.1411392
11715,-19.89861
11716,-0.7476621
11717,-1.104441
11718,-0.4560469
11719,-0.09630768
11720,-0.0841748
11721,-0.09332302
11722,-0.07653662
11723,-0.05056303
11724,-0.05569869
11725,-0.05570245
11726,-0.105624
11727,-0.05055775
11728,-0.0799538
11729,-0.08083598
11730,-0.07002203
11731,-0.8970513
11732,-0.9056894
11733,-0.05310778
11734,-0.0531049
11735,-0.1043101
11736,-0.07119364
11737,-0.05604754
11738,-0.05604618
11739,-0.07892987
11740,-0.07161476
11741,-0.05300576
11742,-0.05279338
11743,-0.07733739
11744,-0.08158804
11745,-0.07939971
11746,-0.05239161
11747,-0.05235915
11748,-0.05686406
11749,-0.05685574
11750,-0.05561631
11751,-0.05546017
11752,-0.05694579
11753,-0.05677712
11754,-0.03740184
11755,-0.03746672
11756,-0.1706033
11757,-0.1700948
11758,-0.1237501
11759,-0.0508582
11760,-0.05085934
11761,-0.09168638
11762,-0.04793161
11763,-0.09503516
11764,-0.04792984
11765,-0.0815433
11766,-0.08780215
11767,-0.09641552
11768,-7.666389
11769,-5.636419
11770,-0.1168443
11771,-0.08865168
11772,-0.0646788
11773,-0.09605319
11774,-0.06467219
11775,-0.08966547
11776,-0.09604505
11777,-0.08683067
11778,-0.08966337
11779,-0.1057398
11780,-0.4051541
11781,-0.1677907
11782,-0.2089926
11783,-0.2597471
11784,-0.2178981
11785,-0.2368541
11786,-0.05315355
11787,-0.05295261
11788,-0.05139803
11789,-0.05137369
11790,-0.05351683
11791,-0.05351858
11792,-0.06491295
11793,-0.05619794
11794,-0.06492209
11795,-0.05620653
11796,-0.05829034
11797,-0.05830793
11798,-0.09482402
11799,-0.09458302
11800,-0.1047622
11801,-0.1048407
11802,-0.09531111
11803,-0.09329912
11804,-0.04368656
11805,-0.04368449
11806,-0.09459086
11807,-0.04884997
11808,-0.04884964
11809,-10.8713
11810,-6.19876
11811,-0.6676787
11812,-0.05940471
11813,-0.1026244
11814,-0.1086931
11815,-0.2507934
11816,-0.0594071
11817,-0.1237706
11818,-0.0559473
11819,-0.05628474
11820,-0.07524783
11821,-0.08902918
11822,-0.05485918
11823,-0.06689781
11824,-0.05486131
11825,-0.1030961
11826,-0.193896
11827,-0.1941079
11828,-0.09237362
11829,-0.06021088
11830,-0.06022372
11831,-0.0735384
11832,-0.07354795
11833,-0.09175567
11834,-0.09160683
11835,-0.09106965
11836,-0.09408444
11837,-0.08012999
11838,-0.09618102
11839,-0.09242378
11840,-0.09509849
11841,-0.09499782
11842,-0.08778709
11843,-4.406657
11844,-16.61991
11845,-110.0747
11846,-0.05339396
11847,-0.05328842
11848,-0.053291
11849,-0.06069705
11850,-0.05345087
11851,-0.05266901
11852,-0.05268478
11853,-0.06980047
11854,-0.06979255
11855,-0.07505824
11856,-0.0750389
11857,-0.1224045
11858,-0.05491601
11859,-0.05491693
11860,-0.05241163
11861,-0.09760419
11862,-0.07714936
11863,-0.1027804
11864,-0.05241152
11865,-0.07643516
11866,-0.08121679
11867,-0.0923499
11868,-0.0810106
11869,-0.0920565
11870,-0.07972255
11871,-0.09346636
11872,-46.33754
11873,-28.05867
11874,-5.412252
11875,-65.80041
11876,-0.06385493
11877,-0.07981507
11878,-0.09158614
11879,-0.07180835
11880,-0.07303198
11881,-0.1301501
11882,-0.06456971
11883,-0.04676645
11884,-0.07377391
11885,-0.04333583
11886,-0.04335669
11887,-0.1510047
11888,-0.05879156
11889,-0.05376266
11890,-0.09645332
11891,-0.1119642
11892,-0.05376336
11893,-0.08465565
11894,-0.04813082
11895,-0.08344873
11896,-0.0560197
11897,-0.07566637
11898,-0.04854655
11899,-0.04854899
11900,-0.09079948
11901,-0.05602449
11902,-0.04812757
11903,-0.08393279
11904,-3.185563
11905,-5.25644
11906,-0.06498064
11907,-0.05497012
11908,-0.05997257
11909,-0.06792074
11910,-0.0586729
11911,-0.0601056
11912,-0.05496391
11913,-0.05812459
11914,-1.9045E-05
11915,-1.930999E-05
11916,-28.65192
11917,-0.05515838
11918,-0.08459742
11919,-0.08148882
11920,-0.06126971
11921,-0.0646135
11922,-0.8353119
11923,-0.05515845
11924,-0.07973749
11925,-0.0785396
11926,-0.5758613
11927,-0.8998767
11928,-0.09450401
11929,-0.09360585
11930,-0.4582353
11931,-0.09113802
11932,-0.1059055
11933,-0.1415432
11934,-0.1098523
11935,-0.08949176
11936,-0.08921697
11937,-0.1307181
11938,-0.08445017
11939,-0.08858916
11940,-0.09184159
11941,-0.07968441
11942,-0.06794776
11943,-0.08977821
11944,-0.07922328
11945,-0.6920097
11946,-0.7001504
11947,-1.681265
11948,-0.5982079
11949,-10.43455
11950,-18.61169
11951,-179.8629
11952,-0.1317864
11953,-0.05361564
11954,-0.05361539
11955,-0.05402212
11956,-0.05402243
11957,-0.2569378
11958,-0.129563
11959,-0.3213866
11960,-0.1257809
11961,-0.1488894
11962,-0.1418719
11963,-0.1350276
11964,-28.64229
11965,-0.05293157
11966,-0.05294245
11967,-0.05323908
11968,-0.07171039
11969,-0.0540847
11970,-0.05408579
11971,-0.05323746
11972,-0.348804
11973,-0.2486671
11974,-0.1102569
11975,-0.2047177
11976,-0.1688035
11977,-0.1216613
11978,-0.1111976
11979,-0.1292824
11980,-0.09929679
11981,-5.155816
11982,-0.15766
11983,-0.12292
11984,-0.1230438
11985,-26.65151
11986,-6.334567
11987,-0.0964288
11988,-0.05256388
11989,-0.05256528
11990,-0.05172518
11991,-0.05172637
11992,-0.07015062
11993,-0.2380563
11994,-0.1835287
11995,-0.2380563
11996,-0.05892493
11997,-0.05866155
11998,-0.6182324
11999,-0.3565727
12000,-0.1752603
12001,-0.1270219
12002,-0.1219441
12003,-0.1558712
12004,-0.08923781
12005,-0.1041279
12006,-0.21687
12007,-0.1695259
12008,-0.1695356
12009,-0.1607066
12010,-0.1607329
12011,-0.1442449
12012,-0.1880513
12013,-0.1442766
12014,-0.1444419
12015,-0.162525
12016,-0.2387027
12017,-0.1780401
12018,-0.1782248
12019,-0.1224642
12020,-0.1224552
12021,-5.793673
12022,-0.0642173
12023,-0.05868448
12024,-0.05365852
12025,-0.06679126
12026,-0.05365678
12027,-0.06420492
12028,-0.06423782
12029,-0.1391636
12030,-0.138181
12031,-0.1332755
12032,-0.1625715
12033,-0.271309
12034,-0.1860517
12035,-0.1940223
12036,-0.2134388
12037,-0.1902273
12038,-1.477564
12039,-0.082011
12040,-0.054436
12041,-0.05443588
12042,-0.05479756
12043,-0.05479988
12044,-0.07363938
12045,-0.07099208
12046,-0.297786
12047,-0.1549606
12048,-0.3092051
12049,-0.07750218
12050,-1.422887
12051,-0.07678423
12052,-0.05173834
12053,-0.09271738
12054,-0.06744561
12055,-0.07513685
12056,-0.05173496
12057,-0.05251664
12058,-0.05251545
12059,-0.7009857
12060,-0.773443
12061,-0.5090955
12062,-0.5796787
12063,-0.4361549
12064,-0.3998162
12065,0
12066,-0.5491139
12067,-0.3153073
12068,-0.2200465
12069,-0.07212464
12070,-0.07213743
12071,-0.05710606
12072,-0.08420297
12073,-0.08421318
12074,-0.0571086
12075,-0.0542003
12076,-0.0542003
12077,-0.6969389
12078,-0.394776
12079,-0.4578392
12080,-0.4797551
12081,-3.080234
12082,-0.7801964
12083,-0.8612424
12084,-0.9338787
12085,-8.70344
12086,-0.05552055
12087,-0.0555222
12088,-0.06259283
12089,-0.06101226
12090,-0.04212392
12091,-0.06259564
12092,-0.04204693
12093,-0.06967691
12094,-0.06106594
12095,-0.2353352
12096,-0.298991
12097,-0.2890956
12098,-0.7790672
12099,-0.5505951
12100,-0.8715174
12101,-0.08327999
12102,-0.06224843
12103,-0.07382796
12104,-0.07380804
12105,-0.06224228
12106,-0.04858193
12107,-0.06130625
12108,-6.148874
12109,-1.349588
12110,-0.8749435
12111,-0.0002202681
12112,-0.0002183431
12113,-6.119765
12114,-9.258262
12115,-0.1014856
12116,-0.1015112
12117,-0.05686113
12118,-0.076939
12119,-0.05687729
12120,-0.07698199
12121,-0.2334386
12122,-0.2128747
12123,-0.09638847
12124,-0.6619018
12125,-0.7126343
12126,-0.1258777
12127,-0.1620366
12128,-0.09978866
12129,-0.08207568
12130,-0.0820639
12131,-0.1145336
12132,-0.1144841
12133,-8.0085
12134,-0.9254179
12135,-1.911532
12136,-0.09219944
12137,-0.09217229
12138,-0.07684413
12139,-0.06624726
12140,-0.07686272
12141,-0.0662268
12142,-0.1252808
12143,-0.2106466
12144,-1.83021
12145,-0.08261951
12146,-0.06087964
12147,-0.06087776
12148,-0.06980842
12149,-0.08096028
12150,-0.08775503
12151,-0.06981011
12152,-0.4361824
12153,-0.2880323
12154,-0.363903
12155,-0.7021127
12156,-0.5511953
12157,-0.9703971
12158,-0.1116958
12159,-0.04621139
12160,-0.06876441
12161,-0.09943016
12162,-0.06850995
12163,-0.1117144
12164,-0.105839
12165,-0.1049652
12166,-0.1004534
12167,-0.04621733
12168,-0.3449878
12169,-4.590605
12170,-1.513202
12171,-1.141598
12172,-1.694807
12173,-0.0615386
12174,-0.2475773
12175,-0.4044578
12176,-0.08755793
12177,-0.07492911
12178,-0.07004322
12179,-0.09301126
12180,-0.05465769
12181,-0.05386949
12182,-0.05386756
12183,-2.204129
12184,-1.10829
12185,-0.7008964
12186,0
12187,-0.09132875
12188,-0.1029216
12189,-0.09607155
12190,-0.08745127
12191,-0.09255309
12192,-0.04715675
12193,-0.04715897
12194,-0.09417181
12195,-0.09799954
12196,-2.031275
12197,-0.3571512
12198,-1.978417
12199,-3.212817
12200,-2.552416
12201,-0.8723143
12202,-1.568429
12203,-0.2409619
12204,-0.08521988
12205,-0.06796601
12206,-0.08398866
12207,-0.0733667
12208,-0.07739972
12209,-0.06878542
12210,-0.08453178
12211,-1.003055
12212,-0.7049848
12213,-0.9966711
12214,-1.041908
12215,-2.670569
12216,-0.9841002
12217,-0.08990269
12218,-0.09042527
12219,-0.08692323
12220,-0.09996645
12221,-0.1007209
12222,-0.08858041
12223,-0.09530026
12224,-1.69215
12225,-2.707098
12226,-1.797664
12227,0
12228,-1.583705
12229,-10.68329
12230,-0.08470397
12231,-0.09084915
12232,-0.09043395
12233,-0.08269145
12234,-0.08040563
12235,-0.06301867
12236,-0.06272522
12237,-0.496861
12238,-0.7407804
12239,-0.7122349
12240,-1.136794
12241,-1.389078
12242,-0.8653467
12243,-0.09295614
12244,-0.08756825
12245,-0.08899222
12246,-0.09147405
12247,-0.09727225
12248,-0.1009262
12249,-1.623663
12250,-6.447811
12251,-1.621137
12252,-0.02520126
12253,-0.02985566
12254,-4.689354
12255,-1.873518
12256,-5.938502
12257,-0.05643779
12258,-0.05877243
12259,-0.0587803
12260,-0.08361501
12261,-0.05643738
12262,-0.07572591
12263,-0.07194479
12264,-0.06142752
12265,-0.06142148
12266,-0.2821774
12267,-0.3320598
12268,-0.2114215
12269,-0.2090207
12270,-0.310993
12271,-0.1823291
12272,-0.4588939
12273,-0.2138439
12274,-1.102592
12275,-0.6796209
12276,-1.102592
12277,-1.102592
12278,-0.08781759
12279,-0.07523451
12280,-0.07529362
12281,-0.08749817
12282,-0.1144611
12283,-0.114374
12284,-1.56671
12285,-3.497048
12286,-0.09296467
12287,-0.08139805
12288,-0.09623773
12289,-0.08860656
12290,-0.09120537
12291,-0.09230978
12292,-0.101889
12293,-5.356337
12294,-1.302118
12295,-10.49926
12296,-2.811558
12297,-2.470027
12298,-0.05892555
12299,-0.05920561
12300,-0.06012817
12301,-0.06718926
12302,-0.05920497
12303,-0.1462762
12304,-0.07533894
12305,-0.07399751
12306,-0.07400707
12307,-0.1067051
12308,-0.04529456
12309,-0.340043
12310,-0.1462693
12311,-0.1724175
12312,-0.4487029
12313,-0.110711
12314,-0.1622915
12315,-0.08828226
12316,-0.04752031
12317,-0.1249105
12318,-0.4010179
12319,-0.05859671
12320,-0.09896009
12321,-0.07635257
12322,-0.08600001
12323,-0.0640652
12324,-0.128326
12325,-0.2587457
12326,-0.05632205
12327,-0.08025346
12328,-0.06884272
12329,-0.3047601
12330,-0.08082359
12331,-0.09038415
12332,-0.08385881
12333,-0.09619237
12334,-0.09295187
12335,-0.09611022
12336,-0.8048487
12337,-2.234029
12338,-1.606718
12339,-2.788799
12340,-8.05908
12341,-19.57
12342,-9.382579
12343,-0.09818277
12344,-0.0471696
12345,-0.04717021
12346,-0.09090278
12347,-0.08868841
12348,-0.04530577
12349,-0.09580699
12350,-0.09614389
12351,-0.04530466
12352,-0.8596848
12353,-0.5603532
12354,-1.840556
12355,-1.273104
12356,-4.219689
12357,-0.1455545
12358,-0.1455915
12359,-2.454911
12360,-6.3291
12361,-0.09408232
12362,-0.04420609
12363,-0.04420765
12364,-0.08144937
12365,-0.08132794
12366,-0.04321184
12367,-0.04321175
12368,-0.9327957
12369,-0.4937778
12370,-0.3035149
12371,-0.5146856
12372,-1.966398
12373,-0.08650715
12374,-0.3866249
12375,-0.08650877
12376,-0.6228899
12377,-0.05023913
12378,-0.05024026
12379,-0.1043262
12380,-0.1832739
12381,-0.1831573
12382,-8.826691
12383,-19.20003
12384,-1.352917
12385,-1.639818
12386,-20.1013
12387,-0.09634263
12388,-0.08854774
12389,-0.09244789
12390,-0.09187947
12391,-0.09948248
12392,-0.04858404
12393,-0.09504403
12394,-0.04858629
12395,-0.05101772
12396,-0.05102448
12397,-0.45988
12398,-0.7506866
12399,-1.813962
12400,-0.7651147
12401,-0.8796316
12402,-0.1533203
12403,-0.1641625
12404,-0.09082395
12405,-0.158697
12406,-0.1910664
12407,-0.09083118
12408,-0.158409
12409,-0.2823772
12410,-0.1533186
12411,-0.09544171
12412,-0.08530825
12413,-0.06492648
12414,-0.06493048
12415,-0.09699675
12416,-0.09546571
12417,-0.08827282
12418,-0.1037783
12419,-15.49216
12420,-5.601856
12421,-0.0218129
12422,-0.044719
12423,-10.885
12424,-0.08537186
12425,-0.08883309
12426,-0.104378
12427,-0.0897733
12428,-0.08995738
12429,-0.08496007
12430,-0.1427951
12431,-0.07601838
12432,-0.3134747
12433,-0.07599969
12434,-0.2627564
12435,-0.5285303
12436,-0.3140577
12437,-0.08033019
12438,-0.1018561
12439,-0.1708613
12440,-0.1180584
12441,-0.1180329
12442,-0.1494148
12443,-0.09964654
12444,-0.146545
12445,-0.06959323
12446,-0.08034161
12447,-0.06955085
12448,-0.1018557
12449,-0.09417687
12450,-0.1299875
12451,-0.06512347
12452,-0.0951308
12453,-0.09374396
12454,-0.04699302
12455,-0.06513325
12456,-0.0470083
12457,-0.1001626
12458,-36.69408
12459,-3.38403
12460,-1.231295
12461,-25.68125
12462,-0.09661226
12463,-0.09662787
12464,-0.07987504
12465,-0.1346301
12466,-0.09765685
12467,-0.09765378
12468,-0.07988055
12469,-0.1532291
12470,-0.05410378
12471,-0.08288257
12472,-0.09011004
12473,-0.05409071
12474,-0.1025717
12475,-0.08891108
12476,-0.09553169
12477,-0.09470347
12478,-13.20177
12479,-2.284256
12480,-4.781796
12481,-2.046966
12482,-1.973241
12483,-0.258026
12484,-1.776604
12485,-9.750745
12486,-3.838379
12487,-0.1032229
12488,-0.08697223
12489,-0.08696054
12490,-0.1043876
12491,-0.1468209
12492,-0.09908057
12493,-0.1080373
12494,-0.1043904
12495,-0.1351961
12496,-0.1032313
12497,-0.1525567
12498,-0.1525625
12499,-0.4969417
12500,-0.03077314
12501,-0.03082659
12502,-0.05180984
12503,-0.09425718
12504,-0.05181523
12505,-0.1089557
12506,-0.09986235
12507,-0.7510882
12508,-14.69572
12509,-2.879654
12510,-11.8503
12511,-3.692826
12512,-26.29386
12513,-0.08858205
12514,-0.08958662
12515,-0.09997979
12516,-0.09999287
12517,-0.07075859
12518,-0.1537583
12519,-0.07075213
12520,-0.1074162
12521,-1.940495
12522,-1.710651
12523,-0.08810703
12524,-0.09597094
12525,-0.09702348
12526,-0.1028309
12527,-0.07212112
12528,-0.0896908
12529,-0.09669093
12530,-0.05417771
12531,-0.05417322
12532,-0.09332789
12533,-0.08151653
12534,-0.07198522
12535,-0.09192441
12536,-0.6100967
12537,-0.3933024
12538,-0.8178841
12539,-35.45551
12540,-36.57056
12541,-0.1355892
12542,-0.1032055
12543,-0.1367988
12544,-0.1650721
12545,-0.08555041
12546,-0.103194
12547,-0.09260973
12548,-0.08557606
12549,-0.08999568
12550,-0.6625475
12551,-0.6954571
12552,-0.08392176
12553,-0.1011607
12554,-0.06446081
12555,-0.0650893
12556,-0.09175564
12557,-0.08662928
12558,-0.08685675
12559,-0.3073751
12560,-0.1130533
12561,-0.1507584
12562,-0.311609
12563,-0.3198155
12564,-1.54014
12565,-0.8161578
12566,-0.2247236
12567,-0.4490429
12568,-0.6185113
12569,-0.5334085
12570,-4.253156
12571,-11.23577
12572,-48.01631
12573,-129.4626
12574,-0.09491719
12575,-0.1229635
12576,-0.1307586
12577,-0.1087921
12578,-0.1297537
12579,-0.1088424
12580,-0.1264762
12581,-0.08597281
12582,-0.0859947
12583,-0.3439311
12584,-0.5932187
12585,-0.5016398
12586,-0.06085397
12587,-0.0860484
12588,-0.08603995
12589,-0.4206396
12590,-8.328383
12591,-68.16985
12592,-0.07970197
12593,-0.1062119
12594,-0.07970174
12595,-0.09563366
12596,-0.1049254
12597,-0.08705672
12598,-0.09831691
12599,-0.1505077
12600,-0.1062057
12601,-0.1409594
12602,-0.1459901
12603,-0.1661683
12604,-0.2712029
12605,-0.1765157
12606,-0.09642746
12607,-0.0964879
12608,-2.175745
12609,-0.5239255
12610,-0.1357936
12611,-0.09287123
12612,-0.1357973
12613,-0.2295505
12614,-0.1978027
12615,-0.09289108
12616,-0.2026241
12617,-0.09674767
12618,-0.096765
12619,-0.1445679
12620,-2.58784
12621,-2.535943
12622,-15.35962
12623,-5.609381
12624,-142.4527
12625,-0.09174354
12626,-0.1268552
12627,-0.1616815
12628,-0.1236053
12629,-0.1295843
12630,-0.1235904
12631,-0.0878694
12632,-0.1450303
12633,-0.08710644
12634,-0.1138308
12635,-0.1374747
12636,-0.1660261
12637,-0.1113421
12638,-0.1022708
12639,-0.1022587
12640,-0.08713192
12641,-0.108177
12642,-0.2579579
12643,-2.092567
12644,-2.008396
12645,-0.1803709
12646,-0.1564177
12647,-0.1462885
12648,-0.09994979
12649,-0.09990152
12650,-0.1937144
12651,-0.1508703
12652,-0.05962519
12653,-0.05613117
12654,-0.07360654
12655,-0.1190216
12656,-0.07360928
12657,-0.05613922
12658,-0.09524777
12659,-0.05961646
12660,-0.2868645
12661,-0.7527329
12662,-1.909731
12663,-185.7757
12664,-0.1633272
12665,-0.08552942
12666,-0.09048107
12667,-0.126102
12668,-0.163691
12669,-0.1621224
12670,-0.08662412
12671,-0.1788741
12672,-0.1270812
12673,-0.06781751
12674,-0.07941229
12675,-0.05003979
12676,-0.05343006
12677,-0.05343506
12678,-0.253995
12679,-0.05004384
12680,-0.1399677
12681,-0.1629753
12682,-0.3901985
12683,-11.54554
12684,-0.06088157
12685,-0.09716037
12686,-0.1049701
12687,-0.1049844
12688,-0.1032687
12689,-0.06089288
12690,-0.1428732
12691,-0.03472482
12692,-0.03473008
12693,-0.07200539
12694,-0.1021606
12695,-0.0705737
12696,-0.05572202
12697,-0.0680346
12698,-0.05572209
12699,-0.06966878
12700,-0.6425288
12701,-0.9589858
12702,-0.3600366
12703,-0.6763301
12704,-2.090532
12705,-1.609952
12706,-0.07983476
12707,-0.1065642
12708,-0.1903002
12709,-0.09317718
12710,-0.1400554
12711,-0.3306665
12712,-0.1090428
12713,-0.109031
12714,-0.09197358
12715,-0.1889105
12716,-0.2145686
12717,-0.2129189
12718,-0.2076887
12719,-0.1710297
12720,-0.06578698
12721,-0.1379613
12722,-0.1550216
12723,-0.06578689
12724,-5.047433
12725,-3.841578
12726,-0.1042862
12727,-0.1600671
12728,-0.05884629
12729,-0.05880982
12730,-0.1601563
12731,-0.1042778
12732,-0.1397548
12733,-0.1213741
12734,-0.1330556
12735,-0.09169035
12736,-0.08218312
12737,-0.0822287
12738,-0.1156061
12739,-0.094738
12740,-0.09672176
12741,-0.1316481
12742,-0.35092
12743,-0.3521837
12744,-0.2293103
12745,-0.3034579
12746,-0.05498407
12747,-0.04893881
12748,-22.88196
12749,-0.1372887
12750,-0.1277149
12751,-0.09409828
12752,-0.1184254
12753,-0.07718807
12754,-0.1216265
12755,-0.09246825
12756,-0.09249005
12757,-0.1210627
12758,-0.09519989
12759,-0.05854896
12760,-0.2161297
12761,-0.1990606
12762,-0.2920315
12763,-0.05920274
12764,-0.09905114
12765,-0.07760577
12766,-0.06413451
12767,-0.06419099
12768,-0.09888799
12769,-0.1537249
12770,-0.1468005
12771,-0.1414599
12772,-0.1020445
12773,-0.09624202
12774,-0.1467154
12775,-0.5698747
12776,-1.046299
12777,-0.3900337
12778,-0.1341107
12779,-0.1341394
12780,-5.908914
12781,-16.25298
12782,-0.09217385
12783,-0.1249765
12784,-0.07726095
12785,-0.1251084
12786,-0.1434644
12787,-0.1270778
12788,-0.128872
12789,-0.07726748
12790,-0.2285407
12791,-0.1615296
12792,-0.1508937
12793,-0.08842949
12794,-0.08839235
12795,-0.05129476
12796,-0.05129002
12797,-1.324967
12798,-3.487189
12799,-1.619955
12800,-0.09245948
12801,-0.1056961
12802,-0.08187526
12803,-0.0897433
12804,-0.08912895
12805,-0.09141573
12806,-0.1622943
12807,-0.04654565
12808,-0.1051171
12809,-0.09445424
12810,-0.1522112
12811,-0.04654318
12812,-0.1056945
12813,-0.0969517
12814,-0.1510993
12815,-0.1438137
12816,-0.1437432
12817,-0.1510487
12818,-0.151044
12819,-0.1522128
12820,-0.1522907
12821,-4.725924
12822,-0.05781258
12823,-0.1147187
12824,-0.1147267
12825,-0.1062607
12826,-0.09734514
12827,-0.05780004
12828,-0.09864812
12829,-0.1657377
12830,-0.1438823
12831,-0.0986566
12832,-0.1000244
12833,-0.1737841
12834,-0.1614549
12835,-0.05768679
12836,-0.05759076
12837,-0.1123103
12838,-0.09832016
12839,-2.787584
12840,-2.123241
12841,-5.089584
12842,-0.07490449
12843,-0.06128021
12844,-0.07562235
12845,-0.09199145
12846,-0.06162823
12847,-0.07479917
12848,-0.0765698
12849,-0.1255866
12850,-0.07832787
12851,-0.09374836
12852,-0.1052664
12853,-0.07832675
12854,-0.1150215
12855,-0.1729162
12856,-0.1149091
12857,-9.8641
12858,-1.135538
12859,-0.08764224
12860,-0.0982786
12861,-0.08467402
12862,-0.08329263
12863,-0.0808928
12864,-0.0309806
12865,-0.03101122
12866,-1.593789
12867,-1.730677
12868,-0.1762166
12869,-0.1193107
12870,-0.1165749
12871,-0.1273826
12872,-0.1319612
12873,-0.1096741
12874,-0.1057592
12875,-0.09174743
12876,-0.08813183
12877,-0.09772941
12878,-0.0881864
12879,-0.08165385
12880,-0.1015246
12881,-0.1460397
12882,-0.05226291
12883,-0.05013947
12884,-0.1141989
12885,-0.1736212
12886,-0.05009003
12887,-0.107281
12888,-0.1232657
12889,-0.05227852
12890,-4.303249
12891,-0.05441688
12892,-0.05444002
12893,-0.07679404
12894,-0.08370301
12895,-0.0518968
12896,-0.05198147
12897,-0.08030288
12898,-0.1243157
12899,-0.0959197
12900,-0.08291899
12901,-0.0829195
12902,-0.04682573
12903,-0.04682523
12904,-0.08030594
12905,-0.06416787
12906,-0.096026
12907,-0.1287975
12908,-18.04665
12909,-0.1885769
12910,-0.1886105
12911,-0.05815297
12912,-0.08384627
12913,-0.08387779
12914,-0.1515371
12915,-0.1173061
12916,-0.06529997
12917,-0.2247159
12918,-0.05819087
12919,-0.128894
12920,-0.06530421
12921,-0.1122309
12922,-0.1069984
12923,-0.05101002
12924,-0.1197862
12925,-0.05101322
12926,-0.100975
12927,-0.1136294
12928,-0.1041694
12929,-6.009277
12930,-4.897648
12931,-0.05454974
12932,-0.05514898
12933,-0.05523395
12934,-0.05455053
12935,-0.07688229
12936,-0.05381918
12937,-0.05371184
12938,-0.08683766
12939,-0.0985281
12940,-0.04557344
12941,-0.04557268
12942,-0.04727682
12943,-0.138851
12944,-0.04728753
12945,-0.09745768
12946,-0.08892518
12947,-0.06478053
12948,-0.06568077
12949,-0.1051933
12950,-0.105101
12951,-11.59185
12952,-7.412261
12953,-18.11284
12954,-0.09869961
12955,-0.1504441
12956,-0.1504473
12957,-0.2734834
12958,-0.1064491
12959,-0.2267374
12960,-0.1307063
12961,-0.130767
12962,-0.1955779
12963,-1.203398
12964,-0.05485144
12965,-0.1018784
12966,-0.110127
12967,-0.1086267
12968,-0.05485003
12969,-0.1252772
12970,-0.1053374
12971,-0.1036055
12972,-0.1679275
12973,-0.1030457
12974,-0.1101211
12975,-0.135264
12976,-0.08225954
12977,-0.05360813
12978,-0.09025881
12979,-0.08546571
12980,-0.06883176
12981,-0.09416605
12982,-0.05360519
12983,-0.08012379
12984,-7.441857
12985,-0.0976518
12986,-0.0566288
12987,-0.08604035
12988,-0.05663276
12989,-0.05577151
12990,-0.05573634
12991,-0.04825747
12992,-0.09254437
12993,-0.04826086
12994,-0.04841741
12995,-0.07855737
12996,-0.1027168
12997,-0.07856316
12998,-0.1027532
12999,-0.08676243
13000,-0.04841799
13001,-0.06640768
13002,-0.09421236
13003,-0.06636094
13004,-0.1842579
13005,-0.1981788
13006,-0.2964478
13007,-0.09421349
13008,-6.328709
13009,-0.1473777
13010,-0.1483766
13011,-0.09140086
13012,-0.1369581
13013,-0.133612
13014,-0.1087457
13015,-0.1571581
13016,-0.09631243
13017,-7.889519
13018,-9.935349
13019,-0.1193769
13020,-0.07261834
13021,-0.1193768
13022,-0.1681794
13023,-0.1367636
13024,-0.154709
13025,-0.1084662
13026,-0.1387938
13027,-0.07572997
13028,-0.07986771
13029,-0.07686512
13030,-0.09349981
13031,-0.05630928
13032,-0.09602257
13033,-0.05630065
13034,-0.04846688
13035,-0.04845897
13036,-0.0502931
13037,-0.05029883
13038,-17.91352
13039,-51.03311
13040,-0.09261608
13041,-0.09058877
13042,-0.1045785
13043,-0.0935748
13044,-0.07408659
13045,-0.1772649
13046,-0.05457824
13047,-0.07412048
13048,-0.1768223
13049,-0.05457853
13050,-0.1369364
13051,-0.136766
13052,-0.07623618
13053,-0.07679404
13054,-0.05139297
13055,-0.05962538
13056,-0.122561
13057,-0.1416425
13058,-0.05139182
13059,-0.1544028
13060,-0.1106742
13061,-0.05962042
13062,-0.04980483
13063,-0.04979727
13064,-0.1183523
13065,-0.2292559
13066,-0.1659957
13067,-0.1222861
13068,-0.3760679
13069,-0.1833212
13070,-17.45761
13071,-0.08580332
13072,-0.1015275
13073,-0.1816292
13074,-0.1015136
13075,-0.2022184
13076,-0.0545889
13077,-0.05458897
13078,-0.09572047
13079,-0.09114603
13080,-22.97098
13081,-0.09309768
13082,-0.1012889
13083,-0.1178312
13084,-0.06432181
13085,-0.1465634
13086,-0.1486766
13087,-0.08616925
13088,-0.05518093
13089,-0.05518711
13090,-0.06432614
13091,-0.148822
13092,-0.1163707
13093,-0.0907807
13094,-0.11634
13095,-0.1168624
13096,-0.1025044
13097,-0.05168039
13098,-0.051682
13099,-0.109907
13100,-0.07772169
13101,-0.09112021
13102,-0.08621865
13103,-0.08052878
13104,-0.08418734
13105,-0.08793446
13106,-0.08204757
13107,-0.09430505
13108,-0.08226536
13109,-0.08092603
13110,-0.09404419
13111,-0.08231544
13112,-9.132536
13113,-0.08527589
13114,-0.1035119
13115,-0.0858544
13116,-0.09235304
13117,-0.08713979
13118,-0.08965542
13119,-0.09975923
13120,-0.07136939
13121,-0.07599555
13122,-0.07563079
13123,-0.2423087
13124,-0.08969734
13125,-0.1019616
13126,-0.05842124
13127,-0.0584174
13128,-0.05239548
13129,-0.05275854
13130,-0.05275076
13131,-0.05233879
13132,-0.09711502
13133,-0.07040907
13134,-0.07041366
13135,-0.1050667
13136,-0.1050716
13137,-0.09712111
13138,-0.1215069
13139,-0.1285634
13140,-0.1254439
13141,-0.04783874
13142,-0.09770411
13143,-0.04783933
13144,-0.1000661
13145,-0.1301058
13146,-0.09464105
13147,-0.1019111
13148,-7.404991
13149,-0.1381638
13150,-0.1363675
13151,-0.09884632
13152,-0.09503491
13153,-0.102508
13154,-0.1025146
13155,-0.09884251
13156,-0.08752316
13157,-8.802886
13158,-0.1599065
13159,-0.05140314
13160,-0.1166792
13161,-0.1091766
13162,-0.05140429
13163,-0.08458303
13164,-0.1598387
13165,-0.1166813
13166,-0.08456633
13167,-0.08138205
13168,-0.08793247
13169,-0.1047735
13170,-0.0877772
13171,-0.08058415
13172,-0.08064026
13173,-0.08790641
13174,-0.3834861
13175,-0.3639607
13176,-0.452462
13177,-0.05282056
13178,-0.05281527
13179,-0.07052519
13180,-0.05639606
13181,-0.05670491
13182,-0.06251236
13183,-0.1377311
13184,-0.0526345
13185,-0.05261361
13186,-0.08025271
13187,-0.08785576
13188,-0.1055526
13189,-0.06036015
13190,-0.07655023
13191,-0.1151451
13192,-0.07652842
13193,-0.09947655
13194,-0.09946787
13195,-0.1151568
13196,-0.1370787
13197,-0.09405993
13198,-0.04736226
13199,-0.09407406
13200,-0.1220282
13201,-0.09640986
13202,-0.04736396
13203,-0.04467196
13204,-0.04467504
13205,-0.1001252
13206,-0.1016648
13207,-0.0955579
13208,-0.09455001
13209,-0.1078336
13210,-0.04894774
13211,-0.04894475
13212,-5.696432
13213,-0.04742127
13214,-0.09509861
13215,-0.04742071
13216,-0.1321702
13217,-0.08024397
13218,-0.0802629
13219,-0.1348066
13220,-0.1523059
13221,-0.1416382
13222,-18.41035
13223,-0.05228206
13224,-0.07708406
13225,-0.05266998
13226,-0.05265063
13227,-0.07444229
13228,-0.05229307
13229,-0.07315419
13230,-0.0738818
13231,-0.05863243
13232,-0.05729806
13233,-0.05862962
13234,-0.05722546
13235,-0.1068398
13236,-0.2684717
13237,-0.2775224
13238,-0.06171403
13239,-0.06171532
13240,-0.1420164
13241,-0.1558923
13242,-0.08324446
13243,-0.2360974
13244,-0.08421249
13245,-0.08321813
13246,-0.2359363
13247,-0.08421138
13248,-0.1399132
13249,-0.1360648
13250,-0.1150088
13251,-0.09133554
13252,-0.115045
13253,-0.1283656
13254,-0.136701
13255,-0.1415957
13256,-0.09141456
13257,-0.08161211
13258,-0.09221074
13259,-0.08328393
13260,-0.09332307
13261,-0.09205046
13262,-0.08409286
13263,-0.09604953
13264,-0.08148377
13265,-27.6142
13266,-0.09424787
13267,-0.1080092
13268,-0.08765136
13269,-0.1023917
13270,-0.1400542
13271,-0.1468955
13272,-0.09034076
13273,-0.1242734
13274,-0.1023916
13275,-8.098002
13276,-0.0844756
13277,-0.06159881
13278,-0.06092006
13279,-0.09716342
13280,-0.08330125
13281,-0.0826674
13282,-0.07959175
13283,-0.08018996
13284,-0.07515337
13285,-0.07506218
13286,-0.06505536
13287,-0.06422223
13288,-0.05751225
13289,-0.05749175
13290,-0.05821088
13291,-0.05158918
13292,-0.058205
13293,-0.05159526
13294,-0.08216572
13295,-0.0993218
13296,-0.1472065
13297,-0.1614484
13298,-0.09489889
13299,-0.1465795
13300,-0.09675924
13301,-0.149598
13302,-0.1347735
13303,-0.0887187
13304,-0.09047887
13305,-0.08100034
13306,-0.04617123
13307,-0.0925413
13308,-0.08952837
13309,-0.0937783
13310,-0.04617453
13311,-0.09303875
13312,-3.815988
13313,-3.715111
13314,-0.1414947
13315,-0.1480421
13316,-0.09520309
13317,-0.1565828
13318,-0.1457477
13319,-0.1494959
13320,-0.1553304
13321,-0.1012645
13322,-0.1288192
13323,-0.09378788
13324,-9.415239
13325,-0.3039877
13326,-0.190314
13327,-0.1903416
13328,-0.08834977
13329,-0.05408627
13330,-0.06350315
13331,-0.05408736
13332,-0.08868915
13333,-0.0527988
13334,-0.05279969
13335,-0.07463489
13336,-0.07460754
13337,-0.05636726
13338,-0.05644673
13339,-0.05944747
13340,-0.05944476
13341,-0.08185524
13342,-0.06116641
13343,-0.07925326
13344,-0.09802723
13345,-0.1212986
13346,-0.1421418
13347,-0.1369227
13348,-0.08344226
13349,-0.08996311
13350,-0.09453619
13351,-0.1487119
13352,-0.1248902
13353,-0.08790633
13354,-0.0839458
13355,-0.09150019
13356,-0.04913459
13357,-0.07746352
13358,-0.08150657
13359,-0.08643762
13360,-0.08392768
13361,-0.09343903
13362,-0.04913561
13363,-0.09552222
13364,-0.08468868
13365,-3.171307
13366,-0.05729455
13367,-0.1003708
13368,-0.1091352
13369,-0.1173531
13370,-0.05728783
13371,-0.05031773
13372,-0.1277172
13373,-0.1320348
13374,-0.113516
13375,-0.0854632
13376,-0.1393288
13377,-0.1097814
13378,-0.08546132
13379,-0.05031638
13380,-17.5062
13381,-0.1310323
13382,-0.1443596
13383,-0.1443817
13384,-0.1241815
13385,-0.09194527
13386,-0.1598506
13387,-0.1598945
13388,-0.3114853
13389,-0.2346506
13390,-0.1878821
13391,-0.07258505
13392,-0.0584908
13393,-0.05309587
13394,-0.05839255
13395,-0.05309499
13396,-0.05133168
13397,-0.1317614
13398,-0.3540803
13399,-0.05138395
13400,-0.1137085
13401,-0.04616322
13402,-0.04616166
13403,-0.1245753
13404,-0.1022131
13405,-0.08326996
13406,-0.08630281
13407,-0.06893046
13408,-0.08631077
13409,-0.1022145
13410,-0.1220549
13411,-0.06894741
13412,-0.08675002
13413,-0.09049937
13414,-0.09765425
13415,-0.08352912
13416,-0.07910168
13417,-0.09003799
13418,-1.407483
13419,-0.5857397
13420,-0.6648515
13421,-0.3863916
13422,-0.1117283
13423,-0.1004312
13424,-0.09582142
13425,-0.09641721
13426,-0.1265327
13427,-0.1188163
13428,-0.1265443
13429,-0.1801195
13430,-0.1227442
13431,-0.122824
13432,-0.1017464
13433,-0.1334101
13434,-0.1076587
13435,-0.2133846
13436,-0.1219041
13437,-0.1219202
13438,-0.1334054
13439,-306.9538
13440,-0.07409605
13441,-0.05444962
13442,-0.05251232
13443,-0.07074491
13444,-0.07420113
13445,-0.05251041
13446,-0.05445101
13447,-0.07967691
13448,-0.1703249
13449,-0.3795674
13450,-0.06580838
13451,-0.08150367
13452,-0.08153926
13453,-0.1531037
13454,-0.1397954
13455,-0.200395
13456,-0.1652642
13457,-0.1096663
13458,-0.1261234
13459,-0.1265877
13460,-0.09682988
13461,-0.1583794
13462,-0.1522629
13463,-0.1536424
13464,-0.1275204
13465,-0.09782379
13466,-0.1015501
13467,-0.1542919
13468,-0.1611595
13469,-0.08706062
13470,-0.06990893
13471,-0.06989767
13472,-0.09503112
13473,-0.0950221
13474,-0.112557
13475,-0.2682771
13476,-11.83573
13477,-0.08548725
13478,-0.1027397
13479,-0.09971091
13480,-0.1679247
13481,-0.1290902
13482,-0.09950552
13483,-0.1290747
13484,-6.335825
13485,-0.06699395
13486,-0.0537213
13487,-0.0661946
13488,-0.06294721
13489,-0.06292658
13490,-0.05372734
13491,-0.0708397
13492,-0.05323054
13493,-0.053231
13494,-0.2891802
13495,-0.08266979
13496,-0.08266901
13497,-0.2064289
13498,-0.1247331
13499,-0.1190748
13500,-0.1112373
13501,-0.1115171
13502,-0.1646381
13503,-0.1171826
13504,-0.1552858
13505,-8.052397E-08
13506,-8.052397E-08
13507,-0.1337092
13508,-0.1267479
13509,-0.1551807
13510,-0.140852
13511,-0.1464517
13512,-0.09458891
13513,-0.0943924
13514,-0.1645465
13515,-0.1016079
13516,-0.1223181
13517,-0.1162397
13518,-0.1162498
13519,-11.382
13520,-0.1072121
13521,-0.1039382
13522,-0.1413114
13523,-0.09801174
13524,-0.108339
13525,-0.1708066
13526,-0.1435839
13527,-0.1385508
13528,-0.05344739
13529,-0.05976464
13530,-0.05344651
13531,-0.06055291
13532,-0.3395278
13533,-0.1374268
13534,-0.1391549
13535,-0.1910607
13536,-0.162255
13537,-0.148026
13538,-0.1603864
13539,-0.08232272
13540,-0.08234203
13541,-0.1516719
13542,-0.1670811
13543,-0.1438861
13544,-0.1818792
13545,-0.1771785
13546,-0.1772201
13547,-0.2441936
13548,-0.1253132
13549,-0.1331917
13550,-0.1365625
13551,-0.0490858
13552,-0.1342957
13553,-0.1301042
13554,-0.04908456
13555,-0.08453979
13556,-0.1398512
13557,-0.05381724
13558,-0.05383289
13559,-0.1058491
13560,-0.1768937
13561,-0.1243289
13562,-0.1502559
13563,-0.101189
13564,-0.148856
13565,-0.109437
13566,-0.2044557
13567,-0.1502747
13568,-0.1679114
13569,-18.57892
13570,-0.093602
13571,-0.09360309
13572,-0.09025194
13573,-0.04970227
13574,-0.04822031
13575,-0.136792
13576,-0.1090539
13577,-0.157813
13578,-0.1284023
13579,-0.04822341
13580,-0.0497081
13581,-23.43291
13582,-22.30538
13583,-0.07742259
13584,-0.07029209
13585,-0.05349327
13586,-0.0855607
13587,-0.09499159
13588,-0.05348995
13589,-0.0756485
13590,-0.05474678
13591,-0.05474465
13592,-0.4521526
13593,-0.3790469
13594,-1.306572
13595,-0.2005333
13596,-0.2288403
13597,-0.2246543
13598,-0.189706
13599,-0.149826
13600,-0.03964376
13601,-0.07432659
13602,-0.0744119
13603,-0.03963309
13604,-0.4824557
13605,-0.2488255
13606,-0.1035677
13607,-0.1306558
13608,-0.06599806
13609,-0.04692205
13610,-0.04692259
13611,-0.09270705
13612,-0.09270315
13613,-0.06601153
13614,-0.1035973
13615,-0.08153469
13616,-0.05455344
13617,-0.05454909
13618,-0.0554756
13619,-0.05547421
13620,-0.07236627
13621,-0.656087
13622,-0.5586416
13623,-1.655817
13624,-0.09197424
13625,-0.1246558
13626,-0.1076124
13627,-0.1326836
13628,-0.1011742
13629,-0.0931873
13630,-0.07486968
13631,-0.1351837
13632,-0.05535948
13633,-0.05536452
13634,-0.08907497
13635,-0.05354136
13636,-0.05354146
13637,-0.7677534
13638,-0.2105709
13639,-0.1661891
13640,-0.1219009
13641,0
13642,-0.2354731
13643,-0.1724829
13644,-0.2193001
13645,-0.06145236
13646,-0.06141906
13647,-0.2337288
13648,-0.1023896
13649,-0.08953716
13650,-0.09421111
13651,-0.1520124
13652,-0.09145931
13653,-0.08237874
13654,-0.1023901
13655,-848.8315
13656,-38.01719
13657,-0.05297444
13658,-0.05297519
13659,-0.05006555
13660,-0.05515824
13661,-0.05515672
13662,-0.05007192
13663,-0.08434422
13664,-0.9915522
13665,-0.9043348
13666,-0.6196591
13667,-0.2690076
13668,-0.1669377
13669,-0.2910867
13670,-13.63809
13671,-0.09036956
13672,-0.1859367
13673,-0.2042961
13674,-0.09685411
13675,-0.04423518
13676,-0.04423625
13677,-0.1322219
13678,-0.1441172
13679,-0.08800711
13680,-0.08800726
13681,-0.122081
13682,-0.1308915
13683,-0.09648369
13684,-0.08355292
13685,-0.132343
13686,-0.1237411
13687,-0.1191856
13688,-0.05592277
13689,-0.06658303
13690,-0.05510934
13691,-0.0551094
13692,-0.05591866
13693,-0.06825102
13694,-0.843922
13695,-0.5899233
13696,-0.7866553
13697,-0.1542866
13698,-0.08986178
13699,-0.145277
13700,-0.4735591
13701,-0.5390662
13702,-0.1704224
13703,-0.1802828
13704,-0.1802337
13705,-6.912335
13706,-1.940237
13707,-4.507659
13708,-0.5975078
13709,-0.1759881
13710,-0.1723341
13711,-0.3227076
13712,-0.1296349
13713,-0.134936
13714,-0.04575482
13715,-0.11661
13716,-0.1325178
13717,-0.04575655
13718,-0.05894167
13719,-0.1166204
13720,-0.05894604
13721,-6.793802
13722,-5.509305
13723,-0.1059007
13724,-0.05280596
13725,-0.06508345
13726,-0.06508236
13727,-0.05280636
13728,-0.05202121
13729,-0.0520208
13730,-0.2029415
13731,-0.247657
13732,-0.2674988
13733,-0.6097886
13734,-0.6554726
13735,-0.1303596
13736,-1.274726
13737,-2.525796
13738,-0.1629103
13739,-0.1578052
13740,-0.2150689
13741,-0.1739907
13742,-0.3028208
13743,-0.1630647
13744,0
13745,-0.0562582
13746,-0.05627909
13747,-0.04963353
13748,-0.04962708
13749,-2.777405
13750,-2.317876
13751,-3.293388
13752,-0.6566657
13753,-0.2712987
13754,-0.5372532
13755,-0.1569176
13756,-0.1074547
13757,-0.1074542
13758,-0.1104897
13759,-0.08960699
13760,-0.127923
13761,-0.08724676
13762,-0.08719552
13763,-0.0615914
13764,-0.06158859
13765,-0.1909854
13766,-3.15009
13767,-0.05356269
13768,-0.05356504
13769,-0.4953197
13770,-2.321899
13771,-0.7291072
13772,-0.8263022
13773,-0.1072135
13774,-0.1479549
13775,-0.1480963
13776,-0.09358004
13777,-0.09357833
13778,-0.2491772
13779,-0.1072116
13780,-0.1403496
13781,-0.1241293
13782,-0.1327146
13783,-0.13688
13784,-0.09527487
13785,-0.1004422
13786,-0.09530337
13787,-6.43441
13788,-7.355994
13789,-0.6062715
13790,-0.5400021
13791,-0.4751046
13792,-0.5775269
13793,-0.06397426
13794,-0.05528755
13795,-0.05526989
13796,-0.05455706
13797,-0.06528119
13798,-0.05456211
13799,-5.162319
13800,-3.570876
13801,-0.7144564
13802,-1.747593
13803,-1.077995
13804,-1.656741
13805,-0.1209563
13806,-0.08051702
13807,-0.08050176
13808,-0.09138233
13809,-0.09138815
13810,-54.16019
13811,-0.1261131
13812,-0.1261092
13813,-0.1094347
13814,-0.08539693
13815,-0.05265825
13816,-0.0526562
13817,-0.1002895
13818,-0.1116734
13819,-0.09668829
13820,-0.08539426
13821,-14.55889
13822,-0.9423057
13823,-0.5745968
13824,-0.5664977
13825,-844.4772
13826,-3.38475
13827,-1.175058
13828,-0.4889075
13829,-0.07952476
13830,-0.05515838
13831,-0.08233898
13832,-0.07004535
13833,-0.07395343
13834,-0.07082021
13835,-0.05516005
13836,-1.148332
13837,-1.368204
13838,-2.198354
13839,-0.9401342
13840,-1.253873
13841,-0.1160794
13842,-0.1315326
13843,-0.1002415
13844,-0.1271438
13845,-0.1547328
13846,-0.116548
13847,-0.09752844
13848,-0.1336333
13849,-0.09005693
13850,-0.08989993
13851,-0.09593168
13852,-0.09329597
13853,-0.0955977
13854,-0.08926724
13855,-233.772
13856,-3.957581
13857,-6.843219
13858,-2.72786
13859,-6.072458
13860,-1.076988
13861,-0.07713461
13862,-0.07928692
13863,-0.08252183
13864,-0.08017088
13865,-0.0768598
13866,-0.08889808
13867,-0.08589549
13868,-0.8012536
13869,-0.4996272
13870,-0.248022
13871,-0.6440878
13872,-0.3434565
13873,-0.05642189
13874,-0.1006104
13875,-0.1450939
13876,-0.1326099
13877,-0.1017425
13878,-0.05643525
13879,-0.1006225
13880,-0.1402235
13881,-0.09294274
13882,-0.09323738
13883,-0.08929896
13884,-0.1028231
13885,-0.09324788
13886,-0.1012074
13887,-0.09614697
13888,-0.1001853
13889,-0.05296922
13890,-0.05296955
13891,-4.456662
13892,-1.380654
13893,-0.7084681
13894,-1.260702
13895,-2.479882
13896,-10.77334
13897,-1.001423
13898,-0.8928332
13899,-0.663333
13900,-0.06829565
13901,-0.06094236
13902,-0.06091252
13903,-0.07887841
13904,-0.08836091
13905,-0.07130243
13906,-0.08836631
13907,-0.9192759
13908,-0.1626756
13909,-0.08828031
13910,-0.1784213
13911,-0.09332871
13912,-0.1362049
13913,-0.1210956
13914,-0.09607245
13915,-0.1194882
13916,-0.1030521
13917,-0.1054998
13918,-0.1271921
13919,-0.1055146
13920,-0.09122743
13921,-0.09811772
13922,-0.1080036
13923,-0.1057151
13924,-0.09685497
13925,-0.0971427
13926,-18.77903
13927,-1.565067
13928,-2.198672
13929,-2.532245
13930,-19.60178
13931,-1.601537
13932,-0.570475
13933,-0.483172
13934,-0.06483175
13935,-0.06349887
13936,-0.0617942
13937,-0.06183231
13938,-0.06538339
13939,-0.06183849
13940,-0.1843544
13941,-0.09520897
13942,-0.09467725
13943,-0.1281253
13944,-0.2718615
13945,-0.08833027
13946,-0.1541807
13947,-0.1216014
13948,-0.09376675
13949,-0.09142559
13950,-0.09194726
13951,-0.1007883
13952,-0.1092014
13953,-0.2010835
13954,-0.09445696
13955,-0.1126079
13956,-0.08280486
13957,-0.1234398
13958,-0.09852599
13959,-0.08465126
13960,-0.09435955
13961,-0.09729648
13962,-0.08643135
13963,-0.08916765
13964,-4.475693
13965,-38.97992
13966,-4.607007
13967,-1.854261
13968,-8.146665
13969,-0.8021923
13970,-1.094798
13971,-0.09510576
13972,-0.09915841
13973,-0.09551465
13974,-0.08553662
13975,-0.1032325
13976,-0.0969949
13977,-0.09190651
13978,-0.1003453
13979,-3.104609
13980,-2.30484
13981,-1.24516
13982,-1.150465
13983,-23.0337
13984,-1.539121
13985,-0.09923211
13986,-0.0920726
13987,-0.1007952
13988,-0.09864584
13989,-0.04723519
13990,-0.04723515
13991,-1.986129
13992,-1.122313
13993,-1.518627
13994,-1.098908
13995,-0.1940447
13996,-0.1737473
13997,-0.3580846
13998,-0.1373116
13999,-0.09688692
14000,-0.2746031
14001,-2.246974
14002,-3.199727
14003,-0.4108236
14004,-0.751792
14005,-1.193766
14006,-1.262006
14007,-0.04293915
14008,-0.04294027
14009,-2.536051
14010,-0.08782101
14011,-0.08397312
14012,-0.07362727
14013,-0.07336461
14014,-0.0835402
14015,-0.08059255
14016,-0.09101784
14017,-0.07019206
14018,-0.08697828
14019,-0.5735431
14020,-0.3906314
14021,-1.010795
14022,-2.082015
14023,-0.8230516
14024,-0.09468346
14025,-0.09468243
14026,-0.09710685
14027,-0.09715199
14028,-0.07708296
14029,-0.05565783
14030,-0.05566484
14031,-0.05625464
14032,-0.0566562
14033,-0.07708766
14034,-0.116638
14035,-74.02111
14036,-2.615538
14037,-3.081777
14038,-1.040792
14039,-1.116652
14040,-1.126396
14041,-0.8190364
14042,-2.143032
14043,-1.921282
14044,-0.7245767
14045,-0.08016505
14046,-0.07467736
14047,-0.09291465
14048,-0.1010429
14049,-0.3532359
14050,-0.1754712
14051,-0.4526642
14052,-0.183378
14053,-0.2354586
14054,-0.7915426
14055,-0.4299613
14056,-0.3317387
14057,-0.1081694
14058,-0.153893
14059,-0.1964713
14060,-0.2620358
14061,-0.08442611
14062,-0.09383997
14063,-0.08442391
14064,-0.07650632
14065,-0.1070711
14066,-0.1553226
14067,-0.1553595
14068,-0.07648797
14069,-0.151608
14070,-0.09790371
14071,-0.06918961
14072,-0.07970215
14073,-0.07301876
14074,-0.06916935
14075,-0.115315
14076,-0.07303101
14077,-5.990178
14078,-1.34419
14079,-0.8951389
14080,-1.302787
14081,-0.4819826
14082,-0.5067171
14083,-0.1001848
14084,-0.07637081
14085,-0.05370464
14086,-0.08394514
14087,-0.1122992
14088,-0.05370853
14089,-0.08482268
14090,-0.1040728
14091,-0.08399858
14092,-0.05012492
14093,-0.05012571
14094,-0.1199617
14095,-0.1200513
14096,-0.08820038
14097,-0.1326889
14098,-0.08932082
14099,-0.1229569
14100,-0.159405
14101,-0.09209131
14102,-13.73624
14103,-2.108996
14104,-7.134922
14105,-0.1245931
14106,-0.1233235
14107,-0.1219572
14108,-0.05637897
14109,-0.1018993
14110,-0.05636869
14111,-0.09232756
14112,-0.09233218
14113,-1.371058
14114,-0.01893722
14115,-0.01845959
14116,-0.05015918
14117,-0.05016915
14118,-0.1080027
14119,-0.1118352
14120,-0.09469943
14121,-0.106447
14122,-0.1055198
14123,-0.1097389
14124,-0.09466226
14125,-0.09391376
14126,-0.09997022
14127,-0.136879
14128,-0.8203286
14129,-1.789268
14130,-0.7785335
14131,-4.68099
14132,-33.7385
14133,-1.870056
14134,-1.752923
14135,-6.588736
14136,-0.0457227
14137,-0.09261877
14138,-0.04572353
14139,-0.08439542
14140,-0.07696688
14141,-0.08193903
14142,-0.08193465
14143,-0.09294561
14144,-0.07691358
14145,-0.1045474
14146,-0.1171934
14147,-0.09713079
14148,-1.595235E-07
14149,-1.595235E-07
14150,-0.0923548
14151,-0.159887
14152,-0.09743933
14153,-0.1069211
14154,-0.1168693
14155,-0.110917
14156,-0.09433137
14157,-0.1001408
14158,-0.1080474
14159,-2.298075
14160,-1.530599
14161,-1.425938
14162,-0.03174843
14163,-0.07921837
14164,-0.07945356
14165,-0.03173766
14166,-0.1340475
14167,-0.03174159
14168,-0.02628652
14169,-1.078137
14170,-4.763738
14171,-0.1019783
14172,-0.08207141
14173,-0.08690692
14174,-0.0820618
14175,-0.0942819
14176,-0.09384164
14177,-0.04767704
14178,-0.1751799
14179,-0.04767654
14180,-0.09480134
14181,-0.07789724
14182,-0.07789623
14183,-7.806424
14184,-0.6878683
14185,-0.08491352
14186,-0.1009663
14187,-0.09604542
14188,-0.08674374
14189,-0.08579958
14190,-0.08755242
14191,-0.7872686
14192,-0.5438994
14193,-0.4984718
14194,-0.6118615
14195,-0.252435
14196,-2.094514
14197,-1.771818
14198,-0.06346115
14199,-0.09286907
14200,-0.06345849
14201,-0.08673182
14202,-0.08867563
14203,-0.07534384
14204,-0.08937257
14205,-0.0753009
14206,-0.1206066
14207,-0.7785782
14208,-0.3041986
14209,-0.3300447
14210,-1.906605
14211,-2.532792
14212,-2.981327
14213,-3.29068
14214,-0.09603348
14215,-0.08181985
14216,-0.1207669
14217,-0.1271301
14218,-0.09101047
14219,-0.09687971
14220,-0.0960175
14221,-0.1160062
14222,-0.08665182
14223,-0.09653371
14224,-0.1182037
14225,-0.1268485
14226,-0.1267853
14227,-0.05620698
14228,-0.08731543
14229,-0.1331787
14230,-0.1332481
14231,-0.423334
14232,-1.62165
14233,-1.151137
14234,-0.1044516
14235,-0.104466
14236,-1.726032
14237,-3.778957
14238,-1.479501
14239,-2.47849
14240,-2.775167
14241,-0.1105555
14242,-0.09004463
14243,-0.1074093
14244,-0.09428968
14245,-0.08281881
14246,-0.09005101
14247,-0.08327093
14248,-0.09396015
14249,-0.1132827
14250,-0.1091383
14251,-0.2917343
14252,-0.2327696
14253,-0.2193417
14254,-0.3990339
14255,-0.1650942
14256,-1.22474
14257,-1.630682
14258,-0.0966218
14259,-0.10451
14260,-0.1765481
14261,-0.1765941
14262,-0.1393743
14263,-0.1045037
14264,-0.09662996
14265,-0.0570297
14266,-0.05703774
14267,-12.07947
14268,-0.1011156
14269,-0.1010981
14270,-0.1464054
14271,-0.1465142
14272,-0.3334506
14273,-0.1407616
14274,-0.1813523
14275,-8.160089
14276,-1.451157
14277,-0.212376
14278,-0.2123158
14279,-2.568004
14280,-20.45369
14281,-0.07598627
14282,-0.06703013
14283,-0.06703203
14284,-0.07517254
14285,-0.06942543
14286,-0.07580938
14287,-0.08976715
14288,-0.09337495
14289,-0.06941833
14290,-0.09467394
14291,-0.08747598
14292,-0.06815503
14293,-0.06810262
14294,-1.224584
14295,-0.3707545
14296,-0.2230161
14297,-0.3428021
14298,-3.487333
14299,-0.1044428
14300,-0.1084895
14301,-0.1080491
14302,-0.04945572
14303,-0.1079471
14304,-0.04946505
14305,-0.0753683
14306,-0.05419736
14307,-0.1046556
14308,-0.0747712
14309,-0.05420482
14310,-0.09199874
14311,-0.1023886
14312,-0.5381093
14313,-0.4828263
14314,-0.341766
14315,-0.1894135
14316,-0.3334368
14317,-0.5478345
14318,-6.711858
14319,-6.769506
14320,-0.09168775
14321,-0.2264621
14322,-0.09394101
14323,-0.09335998
14324,-0.09117089
14325,-0.09511169
14326,-0.07643391
14327,-0.1000693
14328,-0.09397018
14329,-0.1097513
14330,-0.6293461
14331,-0.1620224
14332,-0.2121186
14333,-0.2041696
14334,-0.1712925
14335,-0.07113051
14336,-0.07245734
14337,-2.547971
14338,-0.09373099
14339,-0.09372678
14340,-0.09854955
14341,-0.0862806
14342,-0.09683734
14343,-0.09568801
14344,-0.09528226
14345,-0.04568491
14346,-0.1010761
14347,-0.09175353
14348,-0.04642689
14349,-0.04568699
14350,-0.04642475
14351,-0.0890584
14352,-0.01674401
14353,-0.1585892
14354,-0.2004743
14355,-0.07737403
14356,-0.07879524
14357,-0.01328234
14358,-43.58798
14359,-1.7806
14360,-0.923497
14361,-25.06519
14362,-0.09249026
14363,-0.09218527
14364,-0.08823821
14365,-0.1005948
14366,-0.1181069
14367,-0.1430393
14368,-0.1214535
14369,-0.09844088
14370,-0.103347
14371,-0.09626619
14372,-0.2489159
14373,-0.09493026
14374,-0.2440934
14375,-0.1596492
14376,-0.1042905
14377,-0.7910821
14378,-2.613317
14379,-3.035555
14380,-0.07433805
14381,-0.06517244
14382,-0.07958682
14383,-0.1410719
14384,-0.0807446
14385,-0.06530929
14386,-0.1414266
14387,-0.09457897
14388,-0.09733814
14389,-0.08931256
14390,-0.09617691
14391,-0.09071721
14392,-0.09538808
14393,-0.0439632
14394,-0.04396313
14395,-0.6641848
14396,-2.476945
14397,-6.531186
14398,-1.445951
14399,-0.809791
14400,-2.078956
14401,-2.237011
14402,-0.1166753
14403,-0.08170392
14404,-0.1046367
14405,-0.1484352
14406,-0.1136375
14407,-0.1152733
14408,-0.05364706
14409,-0.05363818
14410,-0.1039336
14411,-0.1139731
14412,-0.08146043
14413,-0.09612163
14414,-0.05134045
14415,-0.05130994
14416,-0.09045082
14417,-0.09207273
14418,-0.07237007
14419,-0.0721232
14420,-0.07214868
14421,-0.07264253
14422,-0.2037478
14423,-0.1509035
14424,-1.355289
14425,-2.575583
14426,-0.09272645
14427,-0.08959129
14428,-0.09588347
14429,-0.09135156
14430,-0.0868042
14431,-0.0921667
14432,-0.09421027
14433,-0.09003976
14434,-0.04696037
14435,-0.08891908
14436,-0.09057864
14437,-0.09708422
14438,-0.09826854
14439,-0.04696122
14440,-1.835904
14441,-3.950407
14442,-0.07021136
14443,-0.05355085
14444,-0.3855708
14445,-1.137104
14446,-0.1019596
14447,-0.07791623
14448,-0.1051304
14449,-0.0973432
14450,-0.09011061
14451,-0.1499148
14452,-0.07788215
14453,-0.07409136
14454,-0.07390715
14455,-0.1301102
14456,-0.1813174
14457,-0.199304
14458,-0.04364287
14459,-0.04364038
14460,-2.646883
14461,-0.09644496
14462,-0.09387234
14463,-0.08618543
14464,-0.1038297
14465,-0.08607655
14466,-0.06674971
14467,-0.06674146
14468,-0.09525578
14469,-0.09342565
14470,-0.1027264
14471,-0.09652467
14472,-0.04371143
14473,-0.04371147
14474,-0.3689834
14475,-0.1024948
14476,-0.0930166
14477,-0.09075139
14478,-0.0987001
14479,-0.08276273
14480,-0.4973283
14481,-0.378869
14482,-0.7370242
14483,-0.642859
14484,-0.1571495
14485,-0.4102766
14486,-0.09980986
14487,-0.1375072
14488,-0.1153984
14489,-0.1169123
14490,-0.1655034
14491,-0.3042005
14492,-0.2739284
14493,-0.2287985
14494,-0.1328692
14495,-0.169134
14496,-0.04493736
14497,-0.04495557
14498,-7.315736
14499,-0.09329648
14500,-0.09839129
14501,-0.05587136
14502,-0.05589794
14503,-0.09997338
14504,-0.08483279
14505,-0.09120787
14506,-0.09631348
14507,-0.04459633
14508,-0.09300362
14509,-0.1089826
14510,-0.0445967
14511,-0.3897621
14512,-0.2417827
14513,-0.1640219
14514,-0.2357768
14515,-0.2866198
14516,-0.2159631
14517,-7.912353
14518,-0.309293
14519,-0.3276008
14520,-0.06262556
14521,-0.1012984
14522,-0.1017224
14523,-0.1633616
14524,-0.08391636
14525,-0.1165123
14526,-0.06264886
14527,-0.06629188
14528,-0.1464696
14529,-0.06620587
14530,-0.1476724
14531,-0.1430562
14532,-0.1653732
14533,-0.1507751
14534,-43.59597
14535,-0.1086059
14536,-0.05377402
14537,-0.05376633
14538,-0.05410714
14539,-0.05407444
14540,-0.0475946
14541,-0.08137199
14542,-0.09956443
14543,-0.08124372
14544,-0.09816291
14545,-0.04757935
14546,-0.09652102
14547,-0.09682713
14548,-0.09702598
14549,-0.2692649
14550,-0.1970679
14551,-0.3133382
14552,-0.2160453
14553,-0.1538102
14554,-0.1905466
14555,-9.749115
14556,-0.09609228
14557,-0.09438355
14558,-0.5596182
14559,-0.2600449
14560,-0.1243002
14561,-0.04868025
14562,-0.04868409
14563,-16.53024
14564,-1.684241
14565,-0.08950438
14566,-0.05123413
14567,-0.05123245
14568,-0.06580542
14569,-0.09412958
14570,-0.08520357
14571,-0.09157094
14572,-0.07635096
14573,-0.06579235
14574,-0.1198609
14575,-0.05277864
14576,-0.05279221
14577,-0.09251221
14578,-0.1139815
14579,-0.1455941
14580,-0.1286197
14581,-0.05539281
14582,-0.08842614
14583,-0.05542886
14584,-5.577302
14585,-0.0556819
14586,-0.05521947
14587,-0.05652976
14588,-0.05660746
14589,-0.05521857
14590,-0.05568074
14591,-0.04719462
14592,-0.04719446
14593,-0.06892356
14594,-0.07066096
14595,-0.06622157
14596,-0.06766322
14597,-0.4183768
14598,-0.5662895
14599,-0.5793071
14600,-0.7963209
14601,-17.19664
14602,-4.614481
14603,-17.66747
14604,-0.09087221
14605,-0.09549657
14606,-0.1026468
14607,-0.09709905
14608,-0.09460665
14609,-0.09778779
14610,-0.09208379
14611,-1.086768
14612,-0.1003091
14613,-0.09846836
14614,-0.08023035
14615,-0.05018785
14616,-0.05019426
14617,-0.04895777
14618,-0.091366
14619,-0.09241189
14620,-0.04895516
14621,-0.05358466
14622,-0.1017974
14623,-0.05358495
14624,-0.06293503
14625,-0.07515902
14626,-0.1017501
14627,-0.09574611
14628,-0.1087503
14629,-0.07020549
14630,-0.05531064
14631,-0.05534479
14632,-0.05549175
14633,-0.05549076
14634,-2.828266
14635,-21.67192
14636,-2.393376
14637,-6.971002
14638,-0.05201871
14639,-0.05202462
14640,-0.05478653
14641,-0.0528724
14642,-0.0526555
14643,-0.0547885
14644,-0.04375486
14645,-0.04380647
14646,-0.04379342
14647,-0.04727864
14648,-0.05070334
14649,-0.05416758
14650,-0.09805436
14651,-0.0870318
14652,-0.05042828
14653,-0.05069578
14654,-0.0472802
14655,-0.05416682
14656,-0.05042028
14657,-0.2529399
14658,-0.2265519
14659,-0.2936559
14660,-4.962722
14661,-6.232452
14662,-0.097138
14663,-0.09744498
14664,-0.09671995
14665,-0.09899603
14666,-0.08259533
14667,-25.94815
14668,-15.67918
14669,-3.990741
14670,-0.1206273
14671,-0.05170825
14672,-0.05951468
14673,-0.05414484
14674,-0.09292949
14675,-0.05414457
14676,-0.05171052
14677,-0.07914311
14678,-0.09707363
14679,-0.05949542
14680,-0.1358788
14681,-0.09364919
14682,-0.1016808
14683,-0.09492684
14684,-0.1228782
14685,-0.1509095
14686,-0.05586369
14687,-0.04162508
14688,-0.04717962
14689,-0.1246436
14690,-0.0567173
14691,-4.244426
14692,-0.10028
14693,-0.09580025
14694,-0.08346757
14695,-0.08221915
14696,-0.09866427
14697,-0.05522928
14698,-0.05523944
14699,-0.1479912
14700,-0.0537114
14701,-0.05379653
14702,-0.05377126
14703,-0.08563328
14704,-0.562961
14705,-0.1061453
14706,-0.05367216
14707,-0.06223368
14708,-0.06201445
14709,-0.05665356
14710,-0.05654728
14711,-0.09902373
14712,-0.04926686
14713,-0.0988395
14714,-0.04926449
14715,-0.09577218
14716,-0.1010867
14717,-0.2605544
14718,-0.3752323
14719,-0.05284229
14720,-0.189614
14721,-0.1319752
14722,-0.05284456
14723,-2.588835
14724,-29.30293
14725,-0.08680807
14726,-0.09008596
14727,-0.05107618
14728,-0.04966885
14729,-0.04965892
14730,-0.09299872
14731,-0.05107423
14732,-0.08625653
14733,-0.09544059
14734,-0.09545759
14735,-2.149197
14736,-0.06491383
14737,-0.09217314
14738,-0.06541708
14739,-0.07794641
14740,-0.09214399
14741,-0.06300449
14742,-0.06298733
14743,-0.07793116
14744,-0.09318894
14745,-0.1024942
14746,-0.166506
14747,-0.07992613
14748,-0.1024757
14749,-0.1024838
14750,-0.09547431
14751,-0.08115932
14752,-0.09132841
14753,-0.09098945
14754,-0.2593765
14755,-0.2191477
14756,-0.1731081
14757,-0.8933198
14758,-0.3718066
14759,-2.751536
14760,-0.05497868
14761,-0.07958717
14762,-0.05380118
14763,-0.05393293
14764,-0.09214575
14765,-0.05508325
14766,-0.109356
14767,-0.06303062
14768,-0.08239966
14769,-0.063005
14770,-0.08243178
14771,-0.04831384
14772,-0.04831368
14773,-0.04849365
14774,-0.04849334
14775,-0.09218469
14776,-0.08332425
14777,-0.07942187
14778,-0.09448712
14779,-0.08146351
14780,-0.07128026
14781,-0.1810483
14782,-0.1279225
14783,-0.151906
14784,-0.1382992
14785,-0.05161707
14786,-0.1509528
14787,-0.1311806
14788,-0.05162332
14789,-0.1095391
14790,-5.111829
14791,-0.09189891
14792,-0.08977801
14793,-0.09656531
14794,-0.04650269
14795,-0.09645956
14796,-0.04650372
14797,-0.09166889
14798,-0.09956946
14799,-9.563802
14800,-8.822252
14801,-5.886298
14802,-0.09143842
14803,-0.07620129
14804,-0.09166446
14805,-0.2099971
14806,-0.08880457
14807,-0.0666026
14808,-0.06660118
14809,-0.05800976
14810,-0.07459613
14811,-0.07459576
14812,-0.05787361
14813,-0.162837
14814,-0.1628665
14815,-0.07398341
14816,-0.07397263
14817,-0.2271803
14818,-0.2134842
14819,-0.2272624
14820,-0.2132562
14821,-0.07315459
14822,-0.09579224
14823,-0.09069744
14824,-0.08876865
14825,-0.09350193
14826,-0.0882495
14827,-0.09349714
14828,-0.09528221
14829,-0.1027534
14830,-0.1806112
14831,-0.08457787
14832,-0.0948968
14833,-0.09532541
14834,-2.401895
14835,-0.09701549
14836,-0.09635364
14837,-0.09685288
14838,-0.09070456
14839,-0.09261077
14840,-0.09601741
14841,-0.3256221
14842,-0.14535
14843,-0.1450668
14844,-0.1685219
14845,-302.9818
14846,-0.05373758
14847,-0.08777338
14848,-0.05373847
14849,-0.07854479
14850,-0.05597926
14851,-0.05508646
14852,-0.08912574
14853,-0.08088603
14854,-0.1625841
14855,-0.08411402
14856,-0.7013094
14857,-0.05429938
14858,-0.1386529
14859,-0.1334931
14860,-0.1366854
14861,-0.05429856
14862,-0.09966558
14863,-0.06355398
14864,-0.09965747
14865,-0.06353644
14866,-0.09731076
14867,-0.09733219
14868,-0.08704481
14869,-0.09101024
14870,-0.09216835
14871,-0.08912899
14872,-0.09078417
14873,-0.0897464
14874,-0.09444256
14875,-0.0896685
14876,-0.09371029
14877,-0.0927616
14878,-0.0933906
14879,-0.102694
14880,-0.08875515
14881,-0.09880365
14882,-0.04694708
14883,-0.04694654
14884,-0.087671
14885,-0.09758379
14886,-0.09370949
14887,-0.09690124
14888,-0.09673087
14889,-0.09459656
14890,-0.09399231
14891,-15.03524
14892,-0.9922671
14893,-3.043062
14894,-0.100083
14895,-0.09606247
14896,-0.09948018
14897,-0.09658666
14898,-0.09086724
14899,-0.09868164
14900,-0.09704105
14901,-0.09734195
14902,-0.09595391
14903,-0.4641467
14904,-0.08973419
14905,-0.1059226
14906,-0.1059204
14907,-0.08975153
14908,-0.2731998
14909,-0.2208685
14910,-0.1366731
14911,-0.136715
14912,-10.1916
14913,-0.1145227
14914,-0.1145415
14915,-0.07596234
14916,-0.06988697
14917,-0.100421
14918,-0.08776838
14919,-0.07916916
14920,-0.05450739
14921,-0.05450776
14922,-0.1116081
14923,-0.1116121
14924,-0.09360984
14925,-0.09364774
14926,-0.06386445
14927,-0.06386789
14928,-0.04587837
14929,-0.04589753
14930,-0.08904193
14931,-0.1282303
14932,-0.1282343
14933,-0.08108673
14934,-0.1042334
14935,-0.1485698
14936,-0.08523282
14937,-0.07827497
14938,-0.09561199
14939,-0.09461629
14940,-0.09214991
14941,-0.09303211
14942,-0.08994668
14943,-0.09123936
14944,-0.09296975
14945,-0.09438804
14946,-0.08504016
14947,-0.09520836
14948,-0.08465806
14949,-0.08459776
14950,-0.09079497
14951,-0.09396374
14952,-0.09782064
14953,-0.09005491
14954,-0.08369216
14955,-0.09620478
14956,-3.148339
14957,-0.09129502
14958,-0.06041285
14959,-0.06041159
14960,-0.0957102
14961,-0.04939254
14962,-0.08973285
14963,-0.09711362
14964,-0.08675577
14965,-0.04938934
14966,-0.08967937
14967,-0.08982489
14968,-0.09612886
14969,-0.08905353
14970,-0.06259708
14971,-0.06323742
14972,-0.40559
14973,-0.1135536
14974,-0.2352577
14975,-0.1564143
14976,-0.2316768
14977,-0.1016572
14978,-0.2232798
14979,-10.7046
14980,-5.294788
14981,-0.1980316
14982,-0.05753022
14983,-0.05752077
14984,-0.1175682
14985,-0.1836035
14986,-0.09830704
14987,-0.1526642
14988,-0.1123325
14989,-0.1527043
14990,-0.05572911
14991,-0.05559729
14992,-0.05559675
14993,-0.05592065
14994,-0.09158418
14995,-0.1060513
14996,-1.351268
14997,-0.9310008
14998,-0.106862
14999,-0.1498032
15000,-0.2022785
15001,-0.0241753
15002,-0.02419186
15003,-0.02975887
15004,-0.1491449
15005,-0.1491457
15006,-0.105488
15007,-0.02975544
15008,-0.03101283
15009,-0.03100693
15010,-0.05376657
15011,-0.08521553
15012,-0.07254224
15013,-0.07254329
15014,-0.08852148
15015,-0.08010141
15016,-0.08289459
15017,-0.0859503
15018,-0.08255
15019,-0.07846716
15020,-0.08596352
15021,-0.08512942
15022,-0.764228
15023,-0.778834
15024,-0.3981111
15025,-0.09561233
15026,-0.09815671
15027,-0.09854165
15028,-0.09259962
15029,-0.08879293
15030,-0.08447787
15031,-0.07732221
15032,-0.09198944
15033,-0.07435449
15034,-0.09427433
15035,-0.0824034
15036,-0.4255226
15037,-0.1280217
15038,-0.07926434
15039,-0.1428733
15040,-0.1403776
15041,-0.2149917
15042,-21.06051
15043,-0.0901212
15044,-0.1059719
15045,-0.2533238
15046,-0.09599854
15047,-0.09427053
15048,-0.1019975
15049,-0.1010557
15050,-0.0997811
15051,-0.1238228
15052,-34.86848
15053,-0.06655498
15054,-0.06225501
15055,-0.06532365
15056,-0.05510912
15057,-0.09961909
15058,-0.07504892
15059,-0.05509906
15060,-0.9078885
15061,-1.084253
15062,-0.1457075
15063,-0.1457179
15064,-0.1504437
15065,-0.08923121
15066,-0.08924149
15067,-0.1562905
15068,-0.09184692
15069,-0.2514911
15070,-0.1562878
15071,-0.0958244
15072,-0.09516943
15073,-0.09088654
15074,-0.09455319
15075,-0.09330838
15076,-0.08417305
15077,-0.1130564
15078,-0.240019
15079,-0.13627
15080,-0.06108176
15081,-0.06106766
15082,-4.322666
15083,-0.09878454
15084,-0.1024271
15085,-0.04783131
15086,-0.0997747
15087,-0.09379781
15088,-0.0478312
15089,-0.101654
15090,-0.09729177
15091,-0.1046379
15092,-0.09765866
15093,-6.082621
15094,-388.931
15095,-0.05477488
15096,-0.06310167
15097,-0.05110298
15098,-0.05477494
15099,-0.05111105
15100,-0.6259713
15101,-0.4494151
15102,-0.6279964
15103,-0.5256947
15104,-0.1488822
15105,-0.1299955
15106,-0.0716712
15107,-0.1437159
15108,-0.0782911
15109,-0.1020414
15110,-0.1300155
15111,-0.1437168
15112,-0.07821768
15113,-0.09861775
15114,-0.09643767
15115,-0.09360692
15116,-0.04484379
15117,-0.09373491
15118,-0.0778584
15119,-0.09516665
15120,-0.04484623
15121,-0.09503991
15122,-0.09946737
15123,-0.1368184
15124,-0.0961383
15125,-0.1303512
15126,-0.1803478
15127,-0.09537929
15128,-0.1163339
15129,-0.07986165
15130,-0.07558343
15131,-11.01717
15132,-0.09267984
15133,-0.1020817
15134,-0.09716938
15135,-0.1036123
15136,-0.07769717
15137,-0.07720404
15138,-0.0939321
15139,-0.04933686
15140,-0.04933623
15141,-0.09287737
15142,-15.64437
15143,-0.05330889
15144,-0.05330829
15145,-0.05263517
15146,-0.05510372
15147,-0.05528823
15148,-0.05517198
15149,-0.05516923
15150,-0.05263516
15151,-0.8832247
15152,-0.4872071
15153,-0.0712143
15154,-0.07126544
15155,-0.5540972
15156,-0.08725425
15157,-0.08730707
15158,-0.2022441
15159,-0.07559518
15160,-0.07555079
15161,-0.06997304
15162,-0.1388895
15163,-0.2185286
15164,-0.0547164
15165,-0.06999177
15166,-0.1048656
15167,-0.05471057
15168,-0.1763874
15169,-0.04417224
15170,-0.04772707
15171,-0.1067783
15172,-0.1068534
15173,-0.04365734
15174,-0.08422457
15175,-0.07630558
15176,-0.04365119
15177,-0.07280409
15178,-0.08258129
15179,-0.09296338
15180,-0.09665389
15181,-0.1108714
15182,-0.1207701
15183,-0.08722956
15184,-0.1199322
15185,-0.09070722
15186,-0.1348632
15187,-0.06696704
15188,-0.06697592
15189,-0.1119398
15190,-0.08686073
15191,-0.08477748
15192,-3.718147
15193,-5.7078
15194,-0.09899393
15195,-0.09531258
15196,-0.09542406
15197,-0.0927441
15198,-0.1022446
15199,-0.1005737
15200,-15.64437
15201,-0.05520673
15202,-0.05520628
15203,-0.05223996
15204,-0.05609804
15205,-0.05609801
15206,-0.05224942
15207,-1.334972
15208,-0.1623194
15209,-0.1216585
15210,-0.1215971
15211,-0.1827389
15212,-0.07610343
15213,-0.2315517
15214,-0.1444106
15215,-0.05958787
15216,-0.07610492
15217,-0.04573424
15218,-0.04574722
15219,-0.1419236
15220,-0.1418667
15221,-0.1089604
15222,-0.1068021
15223,-0.1061883
15224,-0.1050201
15225,-0.06766793
15226,-0.06894565
15227,-0.05390392
15228,-0.090422
15229,-0.0772281
15230,-0.05391232
15231,-2.775022
15232,-0.09741535
15233,-0.09734116
15234,-0.08811265
15235,-0.05008064
15236,-0.09373379
15237,-0.05007978
15238,-0.08957308
15239,-0.1040147
15240,-31.24833
15241,-29.98181
15242,-0.0550242
15243,-0.05502347
15244,-0.0529729
15245,-0.05297366
15246,-0.05399342
15247,-0.05399429
15248,-3.042059
15249,-0.7603855
15250,-0.2487076
15251,-0.05758248
15252,-0.09679145
15253,-0.06925169
15254,-0.06925239
15255,-0.1491642
15256,-0.1120603
15257,-0.1756499
15258,-0.09687114
15259,-0.3336969
15260,-0.1398325
15261,-3.319948
15262,-2.993598
15263,-0.1100649
15264,-0.1786454
15265,-0.2396435
15266,-0.1100685
15267,-0.1302572
15268,-0.1302467
15269,-0.1787468
15270,-0.2326234
15271,-0.04601838
15272,-0.08893359
15273,-0.04601768
15274,-0.1001196
15275,-0.0928427
15276,-0.08975118
15277,-0.08228996
15278,-0.09300992
15279,-0.07068167
15280,-0.08226053
15281,-0.05400338
15282,-0.05400708
15283,-0.05290611
15284,-0.07468917
15285,-0.05290678
15286,-0.6540605
15287,-0.4648935
15288,-0.3101611
15289,-0.09993591
15290,-0.1652172
15291,-0.09928612
15292,-0.107425
15293,-0.113361
15294,-0.155239
15295,-0.05584686
15296,-0.1553048
15297,-0.1830161
15298,-0.1831069
15299,-237.1934
15300,-27.32724
15301,-5.579956
15302,-0.194551
15303,-0.1450682
15304,-0.2350579
15305,-0.0816886
15306,-0.08186366
15307,-0.2034969
15308,-0.1763996
15309,-0.09034545
15310,-0.09412189
15311,-0.09770796
15312,-0.09709016
15313,-0.04788417
15314,-0.08507808
15315,-0.08504042
15316,-0.04788471
15317,-0.09846927
15318,-31.62231
15319,-0.05273177
15320,-0.05273006
15321,-0.05212956
15322,-0.05514746
15323,-0.0521255
15324,-0.05369647
15325,-0.05369481
15326,-0.05514607
15327,-0.5124973
15328,-0.5891979
15329,-0.1639393
15330,-0.4245144
15331,-0.2490394
15332,-0.23247
15333,-0.1597939
15334,-0.2541033
15335,-0.08222526
15336,-0.1283494
15337,-0.08248238
15338,-0.08249594
15339,-0.08220967
15340,-0.4266137
15341,-19.13378
15342,-0.09764283
15343,-0.2054676
15344,-0.1338092
15345,-0.1687318
15346,-0.1319817
15347,-0.1020194
15348,-0.1105735
15349,-0.04547586
15350,-0.08287078
15351,-0.07249986
15352,-0.09523994
15353,-0.0454767
15354,-0.04969219
15355,-0.0874683
15356,-0.08943803
15357,-0.0496896
15358,-25.68712
15359,-42.65054
15360,-0.05860986
15361,-0.05440814
15362,-0.05679369
15363,-0.05679386
15364,-0.05861035
15365,-0.05514469
15366,-0.05514117
15367,-0.054406
15368,-0.3642085
15369,-0.07972866
15370,-0.1577877
15371,-0.1718462
15372,-0.1292653
15373,-0.4031671
15374,-0.1196404
15375,-0.0927356
15376,-0.08931049
15377,-0.07608197
15378,-0.07610922
15379,-0.1066319
15380,-0.1262634
15381,-0.1265245
15382,-0.1518903
15383,-0.0999627
15384,-5.029287
15385,-0.177051
15386,-0.1797345
15387,-0.3361422
15388,-0.1604426
15389,-0.1559334
15390,-0.1343811
15391,-0.1246889
15392,-0.1913355
15393,-0.09185032
15394,-0.08821052
15395,-0.09155915
15396,-0.09920058
15397,-0.06726912
15398,-0.06842286
15399,-0.2271477
15400,-6.213691
15401,-0.05433327
15402,-0.05707324
15403,-0.09477936
15404,-0.05707224
15405,-0.05433566
15406,-0.630129
15407,-0.7565702
15408,-0.4607969
15409,-0.4798526
15410,-0.3093843
15411,-0.1085053
15412,-0.04984523
15413,-0.04732163
15414,-0.1496332
15415,-0.2918817
15416,-0.1427244
15417,-0.04984305
15418,-0.04731886
15419,-0.1496148
15420,-0.1146961
15421,-0.1427653
15422,-117.061
15423,-0.1474411
15424,-0.1271705
15425,-0.1084136
15426,-0.1502937
15427,-0.1271729
15428,-0.1897383
15429,-0.1607833
15430,-4.667233
15431,-8.834417
15432,-0.1443627
15433,-0.1125088
15434,-0.1197778
15435,-0.3905329
15436,-0.2178945
15437,-0.2284315
15438,-0.1978842
15439,-0.05425563
15440,-0.05412973
15441,-0.05420288
15442,-0.06043181
15443,-0.05425314
15444,-0.05412956
15445,-0.06191709
15446,-0.054201
15447,-3.22791
15448,-1.571779
15449,-0.1885639
15450,-0.2485827
15451,-0.3314296
15452,-0.23163
15453,-0.1018531
15454,-0.07391766
15455,-0.05024472
15456,-0.05024124
15457,-0.07391603
15458,-0.04906818
15459,-0.04906108
15460,-0.04865764
15461,-0.04865576
15462,-0.08492081
15463,-0.0955714
15464,-0.09840226
15465,-0.09618048
15466,-0.09718892
15467,-0.1082809
15468,-0.08204014
15469,-0.1043114
15470,-0.1043634
15471,-5.75199
15472,-0.1475375
15473,-0.2129916
15474,-0.1376064
15475,-0.365139
15476,-0.2579866
15477,-0.2001484
15478,-0.247768
15479,-0.2108138
15480,-0.1069618
15481,-0.1946583
15482,-0.06683189
15483,-0.07438149
15484,-0.07826982
15485,-0.07923122
15486,-0.07577769
15487,-0.07838687
15488,-0.08240836
15489,-9.771612
15490,-3.629417
15491,-0.6253586
15492,-0.4016736
15493,-0.2103132
15494,-0.05137693
15495,-0.1184247
15496,-0.04599611
15497,-0.04592431
15498,-0.04599858
15499,-0.1151856
15500,-0.0470182
15501,-0.04700763
15502,-0.0513748
15503,-0.04592261
15504,-0.08720387
15505,0
15506,-0.05663847
15507,-0.05666149
15508,-0.09352365
15509,-0.09600882
15510,-0.09465151
15511,-0.08683517
15512,-0.1014328
15513,-1.320039
15514,-7.74667
15515,-0.4171406
15516,-0.2828507
15517,-0.2545542
15518,-0.1837205
15519,-0.717324
15520,-2.019288
15521,-0.3106409
15522,-1.451693
15523,-0.07951836
15524,-0.07818557
15525,-0.08618887
15526,-0.08623064
15527,-0.08233937
15528,-2.705398
15529,-3.882792
15530,-0.2775948
15531,-0.1935837
15532,-0.1241566
15533,-0.458626
15534,-0.09677722
15535,-0.04998099
15536,-0.04997561
15537,-0.05978503
15538,-0.06114594
15539,-0.05978505
15540,-0.1051237
15541,-0.101291
15542,-0.0999178
15543,-0.06115919
15544,-288.5075
15545,-0.09556632
15546,-0.1086935
15547,-0.05141912
15548,-0.05141471
15549,-0.1009983
15550,-0.1053935
15551,-0.09425969
15552,-0.1015667
15553,-3.342883
15554,-6.771669
15555,-0.6929424
15556,-0.5313545
15557,-1.346058
15558,-7.298391
15559,-6.159541
15560,-0.3863598
15561,-0.04243362
15562,-0.1516428
15563,-0.04240049
15564,-0.1348819
15565,-0.1597422
15566,-0.05894779
15567,-0.055422
15568,-0.07788666
15569,-0.07271003
15570,-0.06801938
15571,-0.07690787
15572,-0.09253033
15573,-0.07935277
15574,-0.05541604
15575,-1.960072
15576,-0.6991373
15577,-0.1873402
15578,-0.7084584
15579,-0.05942541
15580,-0.06212501
15581,-0.05952408
15582,-0.2070676
15583,-0.3659847
15584,-0.3503148
15585,-0.05834038
15586,-0.09468901
15587,-0.1063441
15588,-0.09975438
15589,-0.05834171
15590,-0.05500157
15591,-0.05499549
15592,-82.07467
15593,-0.09455319
15594,-0.09686436
15595,-0.09395155
15596,-0.09445503
15597,-0.09097119
15598,-0.09194445
15599,-0.09848937
15600,-0.09260464
15601,-0.09184402
15602,-1.817049
15603,-12.88964
15604,-1.715838
15605,-6.403459
15606,-0.0679663
15607,-0.07334243
15608,-0.5885773
15609,-0.123336
15610,-0.4075514
15611,-0.2644646
15612,-0.1061629
15613,-0.06479868
15614,-0.05865098
15615,-0.05864877
15616,-0.06478958
15617,-0.1078696
15618,-0.1384766
15619,-0.1366974
15620,-0.1366887
15621,-0.1150726
15622,-0.2207119
15623,-0.1145876
15624,-0.1178916
