# Dii Buffer Dump - 15625 elements
# Index,X,Y,Z,Magnitude
0,-1.600448E-05,-5.050779E-06,-2.293075E-05,2.841607E-05
1,4.966189E-06,-1.220609E-06,-5.757549E-06,7.700798E-06
2,-1.600448E-05,-5.050779E-06,-2.293075E-05,2.841607E-05
3,-1.600448E-05,-5.050779E-06,-2.293075E-05,2.841607E-05
4,-1.600448E-05,-5.050779E-06,-2.293075E-05,2.841607E-05
5,7.005774E-06,2.902141E-05,2.924322E-06,2.999791E-05
6,6.153703E-06,-1.39079E-06,-6.507385E-06,9.063576E-06
7,-1.600448E-05,-5.050779E-06,-2.293075E-05,2.841607E-05
8,-6.098048E-06,2.770486E-05,-8.648649E-06,2.965712E-05
9,-1.600448E-05,-5.050779E-06,-2.293075E-05,2.841607E-05
10,-4.38905E-06,-9.082507E-07,6.068449E-06,7.544186E-06
11,-4.389035E-06,-9.082499E-07,6.068399E-06,7.544138E-06
12,-1.600448E-05,-5.050779E-06,-2.293075E-05,2.841607E-05
13,-4.428455E-06,-9.103197E-07,6.195011E-06,7.669293E-06
14,-4.375284E-06,-9.075308E-07,6.023852E-06,7.500234E-06
15,-4.55698E-06,-9.171378E-07,6.594962E-06,8.068503E-06
16,6.211163E-06,-1.408062E-06,-6.573266E-06,9.152541E-06
17,3.440068E-07,-1.732006E-06,7.759211E-06,7.957609E-06
18,8.710194E-10,-1.75629E-06,8.279882E-06,8.464101E-06
19,-1.472058E-06,5.766446E-06,5.482471E-07,5.976573E-06
20,-3.009035E-06,5.855371E-06,5.622653E-07,6.607253E-06
21,-3.452151E-06,-8.525885E-06,4.074688E-07,9.207285E-06
22,1.106491E-06,-1.019692E-05,9.445412E-07,1.030018E-05
23,1.858341E-06,6.424783E-06,-1.534855E-06,6.862001E-06
24,-3.716157E-07,-3.877005E-06,-4.94051E-07,3.925984E-06
25,0.0001708953,-7.155336E-05,-0.0008824559,0.0009016948
26,-0.0006600429,0.0001285969,-0.0005533441,0.0008708521
27,-0.000365163,-0.0003210523,1.682935E-05,0.0004865201
28,-0.001249406,-0.005795753,0.01014596,0.01175127
29,-0.002407072,0.01051491,-0.008955857,0.01402015
30,0.002774384,-0.001125905,-0.006219261,0.006902469
31,-3.121493E-05,4.01253E-06,-1.479384E-05,3.477542E-05
32,-3.440508E-05,4.277354E-05,4.565108E-06,5.508289E-05
33,-5.109405E-05,-1.71854E-05,1.25649E-05,5.535175E-05
34,-8.787497E-05,9.346745E-05,-5.257057E-05,0.0001386428
35,-4.155475E-06,-1.132133E-05,-2.75901E-06,1.237145E-05
36,-1.676551E-06,-8.206722E-06,-3.259077E-07,8.382561E-06
37,-1.675805E-06,-8.204383E-06,-3.249717E-07,8.380085E-06
38,-4.156868E-06,-1.132529E-05,-2.754533E-06,1.237454E-05
39,-2.542689E-06,-1.170671E-05,2.950521E-07,1.19833E-05
40,-4.791342E-08,7.620772E-06,8.305932E-08,7.621375E-06
41,-0.0007974793,-0.0006117148,0.0009287605,0.00136849
42,-0.0001798905,4.650252E-05,0.0001957123,0.0002698637
43,-0.000457785,0.001923966,-0.002899197,0.003509495
44,-3.334477E-05,3.422543E-05,-1.121888E-05,4.908276E-05
45,9.651004E-05,-4.209317E-06,-2.620177E-07,9.660215E-05
46,-0.0001642358,6.621971E-05,7.087175E-05,0.0001907387
47,2.497553E-05,1.306518E-05,1.738753E-05,3.3118E-05
48,-3.766442E-05,1.299146E-06,6.791887E-06,3.829395E-05
49,-2.64479E-05,8.515167E-06,-7.254646E-06,2.871636E-05
50,-2.383708E-05,7.311025E-06,-3.102083E-06,2.512529E-05
51,0.0001144838,0.0001026406,1.707639E-06,0.0001537678
52,-1.825593E-05,1.937409E-05,2.820309E-05,3.878207E-05
53,-1.840982E-05,-1.064048E-05,7.513479E-06,2.255202E-05
54,2.66404E-05,2.529263E-05,1.114419E-05,3.838777E-05
55,-5.555945E-05,-2.942983E-05,-9.45568E-05,0.0001135515
56,2.356465E-06,-1.079923E-05,1.6272E-06,1.117246E-05
57,-2.292187E-06,-7.996919E-06,-1.812487E-06,8.514102E-06
58,2.345888E-06,-2.535993E-06,-1.42045E-06,3.735255E-06
59,-2.624984E-07,-7.908533E-06,5.549565E-06,9.664961E-06
60,6.104364E-07,3.831741E-06,-3.505374E-06,5.229007E-06
61,-1.594237E-06,4.525544E-06,-9.786899E-07,4.896935E-06
62,-1.771847E-06,-1.161466E-05,7.346279E-07,1.177197E-05
63,5.681235E-07,-1.805066E-06,1.338583E-06,2.317937E-06
64,0.001884501,0.003569094,-0.002610616,0.004806776
65,0,-0.001896715,0.001560115,0.002455909
66,-0.0007027452,-0.0008755263,0.0005504484,0.001250356
67,-1.313338E-05,0.0001167611,8.576166E-06,0.00011781
68,-1.344017E-05,2.914193E-05,-6.679938E-06,3.277975E-05
69,-1.34471E-05,2.914782E-05,-6.711262E-06,3.279422E-05
70,-3.942464E-06,8.79177E-06,2.873476E-05,3.030718E-05
71,-1.631094E-05,3.824352E-06,1.126049E-05,2.018591E-05
72,-1.633792E-05,3.790168E-06,1.123326E-05,2.018611E-05
73,0.002900492,0.0001522541,-0.001270831,0.003170338
74,7.175858E-05,7.343034E-05,1.523631E-05,0.0001037952
75,-5.889441E-05,4.86627E-05,2.674195E-05,8.094282E-05
76,-2.529353E-05,3.944758E-05,4.2375E-05,6.317844E-05
77,7.766708E-05,3.642E-05,3.243138E-05,9.170816E-05
78,-2.769315E-05,-7.729494E-06,1.338628E-05,3.171511E-05
79,0.0001610476,0.003479434,0.0001306971,0.00348561
80,-6.396627E-05,4.596912E-05,1.511875E-05,8.020861E-05
81,7.62119E-05,-1.42404E-05,-3.564972E-05,8.533432E-05
82,3.681816E-05,1.439073E-05,1.083831E-05,4.09895E-05
83,7.942281E-05,4.556161E-05,5.359407E-05,0.0001060951
84,-0.0001749789,9.608114E-05,-4.185272E-05,0.0002039629
85,6.605991E-07,-3.589038E-06,-4.991996E-06,6.183657E-06
86,2.503894E-06,-6.422225E-06,-6.770785E-06,9.662193E-06
87,-6.074259E-06,5.791373E-06,-4.231585E-06,9.399092E-06
88,1.277575E-06,-9.552536E-06,-1.802985E-06,9.804789E-06
89,-6.136812E-07,5.018587E-06,1.17027E-06,5.189639E-06
90,-3.670038E-06,-6.068132E-06,-4.979026E-06,8.664993E-06
91,-1.186708E-06,4.660026E-06,-1.135928E-05,1.233521E-05
92,-1.10341E-06,-1.116873E-08,-7.638057E-06,7.717354E-06
93,0.004105879,-0.001327609,0.00683885,0.008086449
94,0.0005101436,9.815374E-05,0.000899603,0.001038829
95,-0.0002782884,0.0002438228,5.344451E-05,0.0003738319
96,-0.0004259556,-0.0003874289,0.0009625301,0.001121608
97,-0.0001062561,-2.338083E-05,0.0001533118,0.0001879935
98,-0.0003165209,0.0002550668,0.0003612194,0.0005438051
99,-7.946167E-07,5.01567E-07,-1.80565E-07,9.56864E-07
100,2.434664E-06,-1.996719E-06,-1.260647E-06,3.391712E-06
101,2.439513E-06,-1.994537E-06,-1.259519E-06,3.393492E-06
102,-3.544764E-06,-2.37321E-06,-4.629246E-07,4.290894E-06
103,3.061876E-06,1.046325E-06,-8.590488E-09,3.235731E-06
104,-3.545016E-06,-2.376537E-06,-3.559754E-07,4.282731E-06
105,-1.341301E-05,-4.866942E-05,-1.302949E-05,5.213817E-05
106,-2.915674E-06,3.155295E-05,1.540897E-06,3.172482E-05
107,-3.386453E-06,-8.90553E-06,2.995381E-06,9.987434E-06
108,-2.896831E-06,3.156886E-05,1.572259E-06,3.174046E-05
109,-3.38991E-06,-8.926781E-06,2.99625E-06,1.000782E-05
110,-3.059633E-05,-1.743183E-05,3.398689E-05,4.893989E-05
111,-3.0639E-05,-1.739987E-05,3.405996E-05,4.900596E-05
112,0.002219303,-0.001017974,-0.003218728,0.004040023
113,0.007667731,0.007755379,0.006753783,0.01282784
114,3.59368E-05,4.613839E-05,-5.78429E-05,8.225574E-05
115,6.948866E-06,5.018458E-06,-8.00088E-07,8.608821E-06
116,-5.056895E-06,1.220653E-06,-1.075397E-06,5.312123E-06
117,5.105739E-06,4.31528E-06,7.783191E-07,6.73023E-06
118,7.554874E-06,6.99224E-06,9.595669E-07,1.033868E-05
119,-4.550951E-05,6.364786E-05,-7.011415E-06,7.855778E-05
120,-3.215418E-05,3.463564E-05,-8.228506E-05,9.489126E-05
121,1.411618E-06,-2.888755E-06,-1.812312E-06,3.690805E-06
122,-4.704916E-06,-1.275471E-06,8.670107E-07,4.951239E-06
123,-4.79795E-06,-1.730258E-07,2.254453E-06,5.304038E-06
124,-0.0004144253,-8.679136E-07,0.0001216591,0.0004319144
125,0.03254554,0.0575612,-0.001006403,0.06613257
126,-2.214908E-05,0.0001544562,0.0005833732,0.0006038804
127,-0.0001469638,0.0001013774,-0.0002753205,0.000328142
128,-5.699054E-05,2.491654E-05,-3.290954E-05,7.036898E-05
129,-0.001815396,0.0006576445,0.0001316193,0.001935325
130,-8.623575E-07,-2.906475E-06,-8.09841E-06,8.647283E-06
131,8.945478E-07,-9.54966E-08,-8.180165E-06,8.229486E-06
132,-2.551167E-06,3.205394E-06,-9.331786E-06,1.019143E-05
133,-1.112935E-06,2.86693E-06,-9.867315E-06,1.033546E-05
134,8.603012E-09,-4.442262E-07,-9.776685E-06,9.786776E-06
135,2.685439E-06,-1.628388E-06,-1.070175E-05,1.115306E-05
136,4.444574E-05,7.332884E-06,9.710671E-05,0.0001070463
137,2.283767E-05,-9.843873E-06,0.0001137147,0.0001164023
138,-8.071065E-06,-3.809025E-05,-3.309449E-05,5.110044E-05
139,-1.221748E-05,5.700796E-05,-6.651517E-05,8.845023E-05
140,-2.132996E-05,2.551746E-05,-3.573822E-05,4.881935E-05
141,-4.895706E-05,2.449409E-05,0.0002245356,0.0002311125
142,3.582645E-05,-2.215106E-05,-1.913735E-05,4.626491E-05
143,-3.648014E-05,-5.567117E-05,-1.032584E-05,6.735505E-05
144,2.679746E-07,-9.426812E-06,-2.373704E-05,2.554181E-05
145,-2.027994E-05,5.976108E-06,-1.976058E-05,2.893908E-05
146,-2.003397E-05,-2.761026E-06,-1.926252E-05,2.792898E-05
147,-7.720986E-08,-3.460742E-05,8.236815E-06,3.557421E-05
148,-5.529795E-06,3.072362E-05,1.599986E-05,3.507869E-05
149,-6.178302E-05,0.0001229009,1.145662E-05,0.0001380327
150,-1.000984E-05,-1.921823E-05,-7.586118E-06,2.295836E-05
151,5.664247E-06,-2.981095E-05,-1.720196E-06,3.039302E-05
152,-1.06866E-05,1.882366E-05,-1.097697E-05,2.426989E-05
153,-5.544936E-06,3.068594E-05,1.601325E-05,3.505421E-05
154,-1.810649E-05,2.892578E-05,1.047716E-05,3.569758E-05
155,-9.995491E-06,1.561673E-05,4.430104E-06,1.906352E-05
156,-7.368916E-06,2.147589E-05,6.663266E-06,2.36625E-05
157,0.02461977,0.1043527,0.05018061,0.1183796
158,-0.2222728,0.05564013,-0.3751118,0.4395564
159,-0.004341287,-0.0001549012,-0.002229648,0.004882837
160,-0.0006608328,0.0003764936,-0.001011875,0.001265835
161,-0.00273457,-0.0006372943,0.002957452,0.004078056
162,-0.0002744079,0.0007967502,6.410414E-05,0.0008451153
163,3.098797E-05,3.955191E-05,-3.500934E-05,6.123939E-05
164,0.0007370199,7.333833E-05,0.0001428021,0.0007543006
165,-1.772091E-05,1.601224E-05,7.979163E-06,2.518114E-05
166,-9.979931E-07,-2.117539E-05,4.093784E-06,2.159056E-05
167,-9.732083E-07,-2.117745E-05,4.094541E-06,2.159159E-05
168,-2.2461E-06,2.150511E-05,1.66615E-05,2.729689E-05
169,9.310135E-06,-1.4431E-05,-4.780413E-06,1.782652E-05
170,-3.183073E-07,-2.36041E-05,-6.231329E-06,2.441483E-05
171,-1.772623E-05,1.600853E-05,7.969821E-06,2.517957E-05
172,-7.626904E-06,2.295897E-05,1.562389E-05,2.879914E-05
173,-1.981866E-05,8.657583E-06,-4.065583E-06,2.200596E-05
174,2.16397E-06,3.017042E-05,7.65882E-06,3.120247E-05
175,2.166131E-06,3.017095E-05,7.653432E-06,3.120181E-05
176,-4.513078E-06,2.954168E-05,1.254032E-05,3.240893E-05
177,-4.518593E-06,2.954454E-05,1.253242E-05,3.240924E-05
178,-7.185754E-06,9.131506E-06,-9.338616E-06,1.490735E-05
179,5.291452E-06,-5.966974E-06,1.132478E-06,8.055231E-06
180,-1.759831E-06,-3.357258E-06,-3.404538E-06,5.095004E-06
181,0.01112353,0.01223402,-0.001721472,0.0166243
182,-2.879992E-06,3.61147E-06,4.187761E-06,6.234935E-06
183,-2.924133E-06,5.549525E-06,3.368604E-06,7.120062E-06
184,0.003419986,0.001428204,-0.001169652,0.003886407
185,0.004325218,0.0009986594,0.002850336,0.005275344
186,-0.000207922,0.0003948635,-0.0006798863,0.0008132614
187,-7.689433E-06,-1.651139E-05,4.604041E-07,1.821991E-05
188,1.755363E-06,-2.061591E-05,-1.142699E-06,2.072204E-05
189,-5.32595E-06,2.01507E-06,-3.168647E-06,6.516638E-06
190,4.356415E-06,-1.741016E-06,-6.860935E-06,8.311554E-06
191,-2.829957E-06,-2.336608E-05,5.095918E-06,2.408217E-05
192,-3.153753E-07,4.800543E-06,-5.00528E-06,6.942442E-06
193,-4.057922E-09,4.3324E-06,5.018513E-06,6.62987E-06
194,-5.518125E-06,2.531161E-05,1.597543E-05,3.043586E-05
195,-6.419969E-06,2.097498E-05,-3.685172E-06,2.22429E-05
196,-1.924169E-06,-1.917386E-06,-2.466302E-06,3.668984E-06
197,1.427671E-06,-8.22507E-06,-6.887157E-06,1.082234E-05
198,-6.829301E-07,-5.705685E-06,5.107838E-07,5.769067E-06
199,-1.189935E-06,6.739241E-06,8.038447E-07,6.890536E-06
200,-5.513046E-06,2.531404E-05,1.597618E-05,3.043735E-05
201,-6.781224E-06,-3.830634E-06,-2.614106E-06,8.215371E-06
202,4.347865E-06,-2.234497E-06,4.042367E-06,6.343314E-06
203,0.04297653,0.03135072,-0.02148919,0.05737278
204,0.001148346,-0.002581062,0.002332046,0.003663198
205,-3.982902E-05,-0.0002881954,-2.790444E-05,0.0002922697
206,-4.782205E-05,-0.0001059151,0.0003053598,0.0003267256
207,-9.48201E-06,8.632188E-06,-1.702649E-05,2.131489E-05
208,-9.812319E-06,0.0001409365,0.0001688525,0.0002201603
209,-3.309911E-05,-0.0001997033,2.736118E-05,0.0002042684
210,-4.350089E-06,6.775187E-06,1.659472E-06,8.220723E-06
211,-3.611111E-06,-2.296709E-05,-3.077489E-07,2.325128E-05
212,-1.394302E-06,-2.245919E-05,-4.937986E-06,2.303786E-05
213,-1.259438E-06,3.524818E-06,4.71175E-06,6.017567E-06
214,-3.298306E-06,-1.701991E-05,4.040449E-06,1.780116E-05
215,-1.397537E-06,-2.245769E-05,-4.942149E-06,2.303749E-05
216,-1.262928E-06,3.532127E-06,4.710122E-06,6.021309E-06
217,-5.284189E-06,5.959396E-06,-3.577876E-06,8.731452E-06
218,-3.607081E-06,-2.296921E-05,-3.109938E-07,2.325279E-05
219,-2.02857E-06,-1.159324E-07,-2.316306E-06,3.081203E-06
220,-1.67177E-07,1.018648E-06,-1.990581E-05,1.993256E-05
221,-1.703292E-07,1.016722E-06,-1.990585E-05,1.993253E-05
222,-1.431365E-06,1.415357E-05,-3.868293E-06,1.474232E-05
223,4.18999E-06,1.722344E-06,-8.72614E-07,4.613452E-06
224,-4.777857E-06,-2.281981E-06,-8.23052E-06,9.786562E-06
225,-1.058254E-06,2.835973E-06,-1.375705E-05,1.408613E-05
226,5.143484E-06,1.644416E-05,-8.423141E-06,1.917851E-05
227,-2.705475E-06,4.009104E-06,-1.067033E-05,1.171531E-05
228,3.327692E-06,8.461733E-07,-1.48522E-05,1.524393E-05
229,2.132204E-06,4.442073E-06,-1.014687E-05,1.127995E-05
230,-2.759542E-06,2.217191E-07,-5.858209E-06,6.479417E-06
231,3.128803E-06,5.626648E-06,-3.058759E-05,3.125779E-05
232,2.182637E-06,-2.634378E-06,-9.99779E-07,3.564185E-06
233,-1.9574E-06,-6.995654E-06,-7.652138E-07,7.304529E-06
234,-0.0001575337,0.001170971,-0.0002716094,0.001212337
235,6.222072E-05,-3.567434E-05,2.659632E-05,7.649471E-05
236,5.896756E-05,8.675767E-06,1.357618E-05,6.1129E-05
237,-8.5312E-05,-5.290944E-05,3.913036E-05,0.0001077438
238,4.229181E-05,-4.44741E-05,1.152624E-05,6.244515E-05
239,-5.462583E-05,0.000114465,6.053264E-05,0.0001405362
240,-1.234191E-05,4.496406E-06,4.39071E-07,1.31428E-05
241,-1.234576E-05,4.495756E-06,4.499417E-07,1.314656E-05
242,1.204992E-06,3.075764E-07,-1.955983E-07,1.258915E-06
243,9.598021E-06,-2.907402E-07,2.857838E-07,9.606675E-06
244,3.137199E-06,2.827579E-06,-1.758649E-07,4.227073E-06
245,6.957093E-06,-3.584517E-07,-1.350535E-07,6.96763E-06
246,-0.981676,0.3041579,-2.361646,2.575572
247,0.2147005,0.4179707,-0.2166332,0.5174222
248,-0.0003289045,0.000279284,0.0004531785,0.0006257384
249,-7.546107E-05,0.0001675091,0.0001424244,0.0002324616
250,-0.0002947206,-2.913853E-05,-0.0004782519,0.0005625248
251,-6.715039E-07,3.274244E-06,4.727895E-06,5.790041E-06
252,1.51605E-06,-6.135219E-06,1.818545E-06,6.576201E-06
253,-1.043061E-07,-1.740887E-05,4.770856E-06,1.805106E-05
254,-4.209999E-06,-1.888921E-05,2.343994E-06,1.949412E-05
255,3.665373E-06,-1.060672E-05,-2.11247E-06,1.141928E-05
256,-2.236014E-06,-2.286048E-05,-1.40838E-06,2.301271E-05
257,5.343207E-06,-1.705696E-05,-2.186271E-06,1.800748E-05
258,-3.030966E-06,1.416233E-06,-5.428254E-06,6.376395E-06
259,-4.188033E-06,-1.890949E-05,2.323628E-06,1.950661E-05
260,1.623506E-06,1.612506E-06,-4.422119E-06,4.979065E-06
261,0,0,0,0
262,-3.821806E-05,0.0001987877,0.0004917061,0.0005317443
263,0.0001253176,-0.0001813694,-0.0003181111,0.0003870323
264,2.786529E-05,3.762479E-05,3.184042E-05,5.662077E-05
265,2.785599E-05,3.761423E-05,3.18186E-05,5.659691E-05
266,1.610949E-06,3.766641E-08,-5.924137E-06,6.139378E-06
267,-2.031553E-06,1.331355E-06,-4.711582E-06,5.300822E-06
268,-3.432753E-07,6.754535E-07,-4.668524E-06,4.729608E-06
269,3.998844E-07,-4.103617E-07,-6.825621E-06,6.849628E-06
270,2.059624E-07,1.587687E-06,-6.146626E-06,6.351707E-06
271,-1.225515E-06,9.152349E-07,-6.947162E-06,7.11355E-06
272,-7.894471E-07,-3.787953E-07,-6.365016E-06,6.424963E-06
273,8.024303E-07,-1.457231E-06,-7.386129E-06,7.57115E-06
274,5.818869E-05,7.975647E-05,-6.223383E-05,0.000116705
275,-2.458027E-05,-0.0002464443,-9.976058E-05,0.0002670041
276,-5.435E-06,6.076667E-05,-2.764469E-05,6.698027E-05
277,7.607688E-05,5.066122E-05,0.0001287117,0.0001578637
278,-7.974965E-06,1.105394E-06,-6.265404E-06,1.020183E-05
279,6.406659E-05,1.786336E-05,-2.065458E-05,6.964365E-05
280,-7.933385E-06,1.611364E-06,-7.176957E-06,1.081868E-05
281,-6.119462E-06,-1.030503E-05,-5.724195E-06,1.328186E-05
282,-8.299666E-06,4.044915E-06,-7.008506E-06,1.159159E-05
283,-8.311465E-06,4.085641E-06,-7.00593E-06,1.161275E-05
284,-1.337559E-05,-7.461158E-06,4.722739E-05,4.964879E-05
285,3.956393E-05,5.136282E-07,-8.248218E-06,4.041784E-05
286,-0.01274197,0.1983922,0.03671204,0.2021623
287,7.635953E-05,-0.0001204703,-0.0001036417,0.0001763107
288,-0.0002093236,-0.0001851175,-0.0004896958,0.0005638145
289,-0.02006528,0.06660779,-0.009579836,0.07022098
290,3.026516E-06,-1.668359E-05,-2.719733E-06,1.717262E-05
291,1.841341E-07,-9.270695E-06,1.261522E-06,9.357945E-06
292,8.328447E-06,-6.208534E-06,6.766787E-06,1.239751E-05
293,3.694634E-06,-4.422205E-06,-7.564892E-06,9.509669E-06
294,3.675258E-07,-6.195947E-07,1.665218E-06,1.814366E-06
295,1.220103E-06,-1.797773E-05,-5.897735E-06,1.895971E-05
296,3.01043E-06,-1.669635E-05,-2.706254E-06,1.718007E-05
297,-4.698069E-06,1.091166E-06,-4.941047E-07,4.848364E-06
298,2.646256E-05,-2.363067E-06,1.249172E-05,2.935803E-05
299,5.43354E-06,2.442491E-05,8.552405E-06,2.644321E-05
300,6.29113E-06,5.892898E-05,4.261319E-05,7.299375E-05
301,-4.652155E-06,1.683334E-05,-3.459791E-06,1.780377E-05
302,-4.653026E-06,1.680166E-05,-3.474322E-06,1.777687E-05
303,-22.59694,-67.5485,98.43739,121.5045
304,-0.0007435539,0.00288736,0.001788002,0.003476589
305,-0.004415615,0.0008913185,0.006993506,0.008318728
306,-0.002231512,0.001282214,0.0009312457,0.002736957
307,2.991426E-06,-0.0006360467,0.001327792,0.001472276
308,-3.78053E-06,3.81676E-06,2.745258E-06,6.032952E-06
309,1.294655E-06,-1.65065E-05,6.456231E-06,1.777142E-05
310,-3.777183E-06,3.820885E-06,2.750463E-06,6.035836E-06
311,1.914581E-06,1.695413E-06,-2.017255E-06,3.257202E-06
312,-4.010638E-06,1.744505E-06,3.710286E-06,5.735393E-06
313,-2.125295E-06,-1.425554E-05,-9.88581E-07,1.444696E-05
314,1.300325E-06,-1.649745E-05,6.464822E-06,1.776656E-05
315,-1.20276E-06,-1.467645E-05,1.028945E-07,1.472601E-05
316,-3.994997E-06,1.720067E-06,3.711949E-06,5.718146E-06
317,1.337771E-06,-1.022646E-05,2.559075E-06,1.062634E-05
318,-2.894367E-05,4.350666E-05,1.764313E-05,5.515293E-05
319,0.002409343,0.002174632,0.003658421,0.004890603
320,-2.996713E-06,3.694614E-05,-3.659254E-06,3.724765E-05
321,6.274219E-06,-7.147978E-06,3.953284E-06,1.02999E-05
322,-1.161706E-05,4.52763E-06,-5.132496E-06,1.348325E-05
323,5.107461E-06,2.883115E-05,-9.742865E-06,3.085846E-05
324,7.094639E-06,-7.304838E-06,4.718448E-06,1.122311E-05
325,-1.736122E-05,0.000245788,5.396788E-05,0.0002522413
326,-0.003376753,-0.006507411,-0.00207794,0.00762015
327,-0.0001244229,0.0001952481,0.0001229548,0.0002621465
328,0.0001753145,-8.070319E-07,0.0002203983,0.0002816225
329,-8.287845E-06,-6.954812E-06,6.074258E-06,1.240784E-05
330,-4.464682E-06,2.137437E-05,-8.59475E-06,2.346629E-05
331,-4.786143E-05,0.0001287895,-0.0002319089,0.0002695537
332,-6.737933E-06,4.682617E-05,0.000195321,0.0002009686
333,-8.886475E-07,6.487554E-07,5.466964E-06,5.576583E-06
334,-6.921294E-07,6.655168E-07,2.048272E-06,2.262161E-06
335,-1.993679E-06,-1.143915E-06,-5.812012E-06,6.250022E-06
336,5.554759E-07,1.835203E-06,2.855297E-06,3.439367E-06
337,-5.594126E-07,-5.16935E-06,4.144919E-07,5.216026E-06
338,9.870593E-07,-1.458932E-05,-4.221227E-06,1.521976E-05
339,-2.13977E-06,-1.804484E-05,5.806335E-06,1.907639E-05
340,1.626746E-06,-1.020893E-05,-3.492358E-06,1.091169E-05
341,-3.084887E-06,-3.840534E-06,3.824578E-06,6.236476E-06
342,-3.916279E-07,4.296935E-06,-3.36913E-06,5.474309E-06
343,9.71998E-07,-1.457503E-05,-4.239111E-06,1.521008E-05
344,-1.989118E-06,-3.717242E-06,3.88961E-06,5.736161E-06
345,6.262126E-07,-6.084634E-07,-2.02793E-06,2.20791E-06
346,5.915549E-06,2.763007E-05,1.681728E-05,3.288214E-05
347,-8.646319E-06,4.880412E-05,1.104973E-05,5.078088E-05
348,1.631469E-05,-3.288735E-05,-1.023203E-05,3.811091E-05
349,3.701923E-06,4.585725E-05,4.206641E-06,4.619835E-05
350,-3.052048E-05,7.863032E-05,9.426632E-06,8.487101E-05
351,-3.574623E-06,-1.380587E-05,-6.110974E-06,1.551529E-05
352,2.771941E-06,5.45963E-05,-2.261931E-05,5.916142E-05
353,0.0008601678,0.0008259674,-0.000812226,0.001442852
354,-8.886013E-07,1.408498E-05,3.565044E-05,3.834227E-05
355,4.797548E-06,-8.230067E-07,1.934086E-06,5.237795E-06
356,4.731194E-06,-8.337091E-07,2.033611E-06,5.216784E-06
357,-0.0002587817,-0.005416731,0.0077244,0.009437918
358,0.0002426807,-0.0005714622,0.00123844,0.001385351
359,-4.016939E-07,5.601183E-06,1.747868E-05,1.835862E-05
360,-5.790104E-07,-6.163435E-07,1.629728E-05,1.63192E-05
361,-5.076954E-06,2.129064E-05,1.437809E-05,2.618771E-05
362,-3.657064E-06,1.719915E-05,2.088923E-05,2.730467E-05
363,-3.21728E-06,-8.087488E-06,5.57608E-05,5.643602E-05
364,-2.856349E-06,2.452789E-05,-1.085772E-06,2.47175E-05
365,-1.705106E-05,5.797045E-05,-2.714376E-07,6.042669E-05
366,-2.857318E-06,2.452436E-05,6.99863E-07,2.470017E-05
367,0.0004904418,0.000363422,-0.000102802,0.0006190129
368,-0.01906149,0.06811576,0.03632179,0.07951333
369,2.174068E-06,-1.599287E-05,-5.659192E-06,1.710336E-05
370,-2.962374E-06,4.093306E-07,-2.860423E-06,4.138264E-06
371,-5.155602E-06,1.846843E-06,-1.542597E-06,5.689522E-06
372,-1.668589E-06,-1.899094E-05,1.88097E-07,1.906503E-05
373,2.226261E-06,1.770014E-06,-5.021233E-07,2.888133E-06
374,1.641391E-06,-1.332454E-05,-2.797749E-06,1.371368E-05
375,7.504046E-07,4.255371E-06,-1.412041E-06,4.545894E-06
376,1.65599E-06,-1.333952E-05,-2.772574E-06,1.372488E-05
377,-0.0003492178,0.0006724805,-7.627295E-05,0.0007615777
378,0.0005328789,0.0007157894,-0.0005287417,0.001037247
379,0.0007124992,0.0009069664,0.001009236,0.00153258
380,0.001282858,0.0008259066,0.0006529439,0.001659573
381,-1.818775E-05,2.259679E-05,1.570985E-05,3.298801E-05
382,1.52347E-06,2.972948E-05,1.571728E-05,3.366298E-05
383,-2.018162E-05,1.695722E-05,-9.304459E-06,2.795385E-05
384,1.53673E-06,2.972309E-05,1.572813E-05,3.3663E-05
385,-9.049621E-06,1.57334E-05,1.546041E-05,2.384239E-05
386,1.117132E-05,-3.630812E-06,-6.886592E-06,1.36164E-05
387,-1.587963E-05,-2.828194E-06,-6.703068E-06,1.746689E-05
388,-2.017634E-05,1.696178E-05,-9.286501E-06,2.794684E-05
389,9.455812E-08,-1.929139E-07,1.820353E-07,2.815917E-07
390,-7.098781E-07,3.086154E-06,3.00314E-07,3.180953E-06
391,8.274561E-07,4.465126E-07,-8.191437E-08,9.438046E-07
392,5.147255E-07,2.616609E-06,-3.715753E-07,2.692518E-06
393,5.436321E-08,7.529562E-07,-1.028703E-07,7.618929E-07
394,-7.069123E-07,3.08352E-06,-4.441296E-08,3.163826E-06
395,-5.756293E-05,3.446573E-05,-1.82361E-05,6.952649E-05
396,0.0001239586,3.688102E-05,-4.616184E-05,0.0001373203
397,-7.119015E-06,2.080181E-06,-9.211162E-05,9.240973E-05
398,-0.0001481176,-0.0001293287,-3.828873E-05,0.0002003267
399,-1.200429E-05,-2.002339E-05,-1.864985E-05,2.988069E-05
400,3.720366E-05,-8.627499E-06,-2.27674E-05,4.446235E-05
401,-9.110488E-06,-3.904338E-06,-1.478988E-05,1.780408E-05
402,6.569144E-06,6.208038E-06,1.017588E-05,1.361036E-05
403,-6.452816E-06,6.593364E-06,1.140626E-05,1.467018E-05
404,-1.200431E-05,-2.002329E-05,-1.864988E-05,2.988066E-05
405,-0.0005663005,6.073118E-05,0.001467193,0.001573862
406,2.096863E-07,-1.37019E-05,1.444009E-06,1.377937E-05
407,9.794688E-07,-7.278442E-06,7.875663E-06,1.076853E-05
408,-2.380815E-07,-6.090445E-06,-1.490767E-08,6.095115E-06
409,1.094218E-06,-7.860334E-07,5.58097E-06,5.741288E-06
410,2.083969E-07,-1.371396E-05,1.457091E-06,1.379272E-05
411,-1.073172E-06,-1.304456E-05,1.051625E-07,1.308906E-05
412,-9.805568E-07,-8.371608E-06,-3.3186E-06,9.05861E-06
413,-1.07214E-06,-1.3045E-05,1.025747E-07,1.308938E-05
414,-5.496645E-06,-5.449564E-06,-6.43927E-06,1.006852E-05
415,3.013512E-07,2.694545E-05,1.490031E-05,3.079233E-05
416,-6.083035E-05,-4.431768E-05,8.497744E-06,7.574035E-05
417,3.12785E-07,2.693948E-05,1.490708E-05,3.079049E-05
418,6.508718E-06,-5.989728E-06,6.327502E-06,1.087555E-05
419,4.161697E-06,3.844146E-07,-4.119824E-06,5.868599E-06
420,-8.820402E-06,4.388182E-06,3.709885E-07,9.858665E-06
421,-8.798233E-06,4.358358E-06,4.152342E-07,9.82734E-06
422,8.048935E-07,7.452457E-07,-1.446094E-06,1.815057E-06
423,-2.180314E-05,8.19336E-06,-2.836237E-06,2.346385E-05
424,-2.181365E-05,8.215619E-06,-2.821647E-06,2.347964E-05
425,8.170576E-07,7.5117E-07,-1.447279E-06,1.823858E-06
426,-4.079596E-05,-1.508601E-05,1.405925E-06,4.351867E-05
427,0.000149037,-2.387758E-05,0.0002380734,0.0002818885
428,-9.799479E-05,0.0003916007,7.735936E-05,0.0004110213
429,0.0003144882,-0.0001055707,0.000169597,0.0003725737
430,-7.179691E-05,-5.510131E-05,-3.238983E-05,9.612519E-05
431,-5.712511E-05,9.684066E-06,7.657627E-05,9.602596E-05
432,-7.226671E-07,-7.307246E-06,-3.438558E-06,8.10813E-06
433,2.096038E-06,-8.117161E-06,3.728652E-06,9.175213E-06
434,6.74651E-06,-4.216756E-06,-9.324967E-07,8.010367E-06
435,6.205286E-06,-5.621549E-07,-5.230174E-07,6.252611E-06
436,-4.412575E-06,-9.362587E-06,3.30552E-06,1.086533E-05
437,2.092543E-06,-8.109494E-06,3.72335E-06,9.165477E-06
438,-1.558173E-06,1.186896E-06,-4.98396E-06,5.355043E-06
439,-3.113641E-06,-9.348831E-06,4.115341E-06,1.067855E-05
440,-1.121222E-05,-1.155475E-05,-4.49367E-06,1.671584E-05
441,-1.561041E-06,1.186056E-06,-4.983658E-06,5.355411E-06
442,-8.359361E-06,-2.142597E-06,-5.088917E-06,1.001832E-05
443,-6.461261E-05,2.330974E-06,1.574571E-05,6.654434E-05
444,2.843519E-05,0.0001112965,1.361102E-05,0.0001156751
445,9.991918E-06,0.0001353245,-5.805139E-06,0.000135817
446,-5.199206E-06,6.680685E-06,4.154731E-06,9.430009E-06
447,-5.18041E-06,9.180353E-06,6.214416E-06,1.22366E-05
448,0.05755545,0.02101929,0.02688148,0.0669108
449,-5.510169E-05,1.003756E-06,3.270404E-05,6.408399E-05
450,-5.51002E-05,-6.880366E-07,3.270672E-05,6.407991E-05
451,-5.610342E-06,-1.318686E-06,-2.913088E-06,6.457627E-06
452,-5.607197E-06,6.363786E-07,-2.91151E-06,6.350002E-06
453,-4.261438E-06,-3.411908E-06,-5.806105E-06,7.96943E-06
454,-1.007584E-05,-2.281822E-06,2.073953E-06,1.05371E-05
455,-5.486626E-06,-9.386604E-07,-1.124468E-06,5.678783E-06
456,-2.705835E-06,5.033892E-07,3.498588E-06,4.451411E-06
457,4.03194E-06,-2.277011E-06,8.452688E-07,4.706994E-06
458,-1.465678E-05,6.339474E-05,-0.0001416721,0.0001558996
459,-0.0001368813,8.512453E-05,-0.0002744788,0.00031831
460,-0.0438344,0.2220196,0.2073088,0.3069057
461,0.125249,0.1244497,0.2266204,0.2872835
462,-4.127344E-05,-1.328421E-05,4.732316E-05,6.418293E-05
463,0.0001184369,-6.639949E-05,7.498914E-05,0.0001551115
464,-7.324561E-05,1.013059E-05,-5.307294E-05,9.101805E-05
465,-2.702024E-05,1.123539E-05,9.962264E-06,3.091236E-05
466,-5.359323E-05,-5.78102E-05,7.376105E-05,0.0001079581
467,1.478857E-06,-3.872929E-08,-3.456644E-07,1.519211E-06
468,-3.649663E-06,-1.646843E-05,-8.376356E-06,1.883328E-05
469,5.214453E-06,-1.525086E-05,1.806209E-06,1.621856E-05
470,1.3237E-05,-2.075849E-06,6.647761E-06,1.495727E-05
471,9.654429E-06,-1.522826E-06,-6.132343E-06,1.153831E-05
472,7.212966E-06,-1.559818E-05,-1.502768E-05,2.282896E-05
473,5.20687E-06,-1.524638E-05,1.822101E-06,1.621369E-05
474,-5.746411E-07,-2.34497E-06,6.663897E-07,2.50463E-06
475,1.735332E-05,3.858449E-05,-7.796753E-06,4.301965E-05
476,-0.0001707367,0.0001421154,-3.623497E-05,0.0002250795
477,2.22689E-05,4.58548E-05,2.230597E-05,5.564281E-05
478,-8.920493E-07,1.6378E-05,-1.889668E-05,2.502237E-05
479,-0.001827106,0.005634089,0.001226116,0.006048523
480,-1.242436E-06,-2.379477E-09,8.957162E-07,1.531653E-06
481,-2.635512E-06,-5.370088E-08,-6.873729E-07,2.724205E-06
482,-1.64884E-06,6.755673E-08,3.140255E-06,3.547455E-06
483,3.610663E-06,3.691164E-07,3.355537E-06,4.942951E-06
484,2.437148E-06,5.478012E-07,1.591556E-06,2.961896E-06
485,-3.08097E-06,1.215797E-07,-7.252089E-06,7.880352E-06
486,1.833389E-06,-6.98742E-07,-2.120417E-06,2.888897E-06
487,-2.743927E-06,-1.566189E-06,3.444814E-06,4.674273E-06
488,8.453778E-07,1.551906E-06,7.224578E-06,7.43758E-06
489,6.156195E-07,-1.715325E-06,-3.783292E-06,4.199361E-06
490,-8.796562E-07,-4.159313E-06,-5.747978E-06,7.149331E-06
491,-1.456352E-06,5.700626E-06,2.900242E-06,6.559688E-06
492,-1.448213E-06,5.694628E-06,2.930177E-06,6.565976E-06
493,8.495235E-07,1.546588E-06,7.220191E-06,7.432683E-06
494,-2.74562E-06,-1.569299E-06,3.445764E-06,4.677009E-06
495,0.004970361,-0.007787245,0.009085169,0.01295708
496,0.0004471253,-0.002033827,0.0002285756,0.002094903
497,-7.389871E-05,0.0006142445,-0.0002693169,0.0006747511
498,-0.001789626,0.0004691587,0.002024399,0.002742456
499,-2.510244E-05,1.415207E-05,-1.236209E-05,3.135658E-05
500,-4.903483E-05,3.222087E-05,-5.292306E-05,7.90155E-05
501,-2.418406E-05,-7.846138E-06,2.466202E-06,2.554433E-05
502,4.078072E-05,-1.750147E-05,2.359929E-05,5.026226E-05
503,1.035817E-05,1.764653E-05,-3.798329E-05,4.31442E-05
504,0.0001214767,-8.048249E-06,-5.323163E-05,0.000132872
505,0.0001138476,-1.435077E-05,1.238442E-05,0.0001154149
506,-3.681847E-05,-4.1388E-06,-9.051689E-06,3.814004E-05
507,-3.747791E-05,-6.155458E-06,-7.987536E-06,3.881088E-05
508,-6.054801E-06,-7.503593E-07,-4.903448E-06,7.827353E-06
509,-4.950346E-06,-2.594995E-05,-3.901148E-05,4.711477E-05
510,-6.097343E-06,-7.050493E-07,-4.98086E-06,7.90466E-06
511,9.213509E-06,-1.416448E-05,-3.227404E-06,1.720283E-05
512,9.216393E-06,-1.41785E-05,-3.234094E-06,1.721718E-05
513,-2.323456E-05,-2.442005E-05,1.131338E-05,3.555525E-05
514,-1.101886E-05,5.127611E-06,5.579182E-06,1.337292E-05
515,-1.17864E-05,3.118407E-06,8.204125E-06,1.469529E-05
516,-1.003806E-05,-3.025805E-06,-3.507788E-06,1.105544E-05
517,-1.879164E-05,1.844882E-05,5.711413E-06,2.694633E-05
518,-3.422103E-05,3.717113E-07,-1.127596E-06,3.424162E-05
519,-3.39128E-05,5.821241E-06,-2.322197E-05,4.151175E-05
520,-5.746102E-06,1.426841E-05,-5.478423E-05,5.69027E-05
521,-0.004687484,0.004773674,-0.002942991,0.007309013
522,0.002452886,0.003046241,0.001969655,0.004379015
523,0.0005689108,0.002774208,-0.00162819,0.003266633
524,-2.887306E-06,7.708526E-07,4.585115E-07,3.023406E-06
525,-1.721343E-06,-5.323154E-09,7.850431E-08,1.723141E-06
526,1.036246E-06,1.001078E-07,7.551637E-08,1.043806E-06
527,9.138019E-07,9.097573E-07,4.206597E-07,1.356336E-06
528,4.937846E-07,-2.861076E-07,-1.791379E-06,1.880085E-06
529,-2.934827E-06,1.527911E-07,4.773336E-07,2.977314E-06
530,-9.204066E-07,3.347989E-08,-9.951642E-07,1.355958E-06
531,-5.307387E-06,-4.062821E-06,5.107225E-06,8.411815E-06
532,-6.220259E-06,4.579559E-07,-3.486102E-06,7.145226E-06
533,1.171314E-06,-4.616528E-07,4.29338E-06,4.474171E-06
534,-1.029986E-06,-3.257942E-06,-6.181653E-07,3.472346E-06
535,-1.027085E-06,-3.259742E-06,-6.185562E-07,3.473245E-06
536,-2.613921E-06,-3.723339E-07,-2.607645E-06,3.710933E-06
537,-4.920317E-05,-5.143874E-05,6.278547E-05,9.491528E-05
538,0.0002086747,0.0002766968,0.0002965278,0.0004561086
539,-0.0002654443,0.0001143152,0.0001663122,0.0003334492
540,0.002309939,0.0005691325,-0.005632727,0.00611452
541,-0.0002734835,-0.002481583,0.006021071,0.006518155
542,-8.969002E-07,5.192905E-06,-6.470819E-08,5.270188E-06
543,-3.985124E-06,-6.868187E-06,3.831705E-08,7.940697E-06
544,9.00294E-07,-2.463332E-06,-7.40789E-08,2.623742E-06
545,3.102775E-06,-6.214805E-07,-2.156527E-07,3.171743E-06
546,3.099095E-06,-6.183778E-07,-1.827067E-07,3.165464E-06
547,-3.983488E-06,-6.869682E-06,1.003109E-07,7.94171E-06
548,4.082846E-07,-2.027937E-06,4.025747E-07,2.107437E-06
549,-2.604647E-05,5.113971E-06,-1.768448E-05,3.189533E-05
550,-0.000692041,0.0006579075,0.003178843,0.003319158
551,-3.574625E-05,3.159576E-07,-1.705277E-05,3.960671E-05
552,-1.751729E-05,2.225327E-05,-8.490187E-06,2.956597E-05
553,-1.752909E-05,2.224485E-05,-8.4878E-06,2.956595E-05
554,-3.709281E-06,-3.868874E-06,-1.122198E-06,5.475973E-06
555,-3.719136E-06,-3.899263E-06,-1.119715E-06,5.503634E-06
556,-5.230209E-06,-8.272256E-06,-8.674668E-07,9.825366E-06
557,3.655848E-05,-8.100387E-06,-3.396622E-06,3.759888E-05
558,3.629391E-05,-8.242997E-06,-3.37756E-06,3.737114E-05
559,-5.230459E-06,-8.272957E-06,-8.674399E-07,9.826086E-06
560,-1.284779E-06,2.860666E-06,-3.187487E-06,4.471481E-06
561,-9.147535E-06,1.471261E-05,-1.66729E-05,2.404421E-05
562,-2.380061E-05,-3.622693E-05,2.527612E-06,4.341944E-05
563,0.007569904,0.01344897,0.009300746,0.01801894
564,0.0001808401,-0.0001215087,2.960722E-05,0.0002198729
565,-0.0002234998,0.0001416532,-0.00010175,0.0002834976
566,-7.950014E-05,1.055969E-05,-1.41251E-05,8.143278E-05
567,-9.703228E-05,3.731331E-05,8.337008E-05,0.0001332596
568,0.002700054,0.0007826411,0.000482435,0.002852291
569,0.01968567,0.005743905,-0.0456205,0.05001747
570,1.149432E-06,-1.06493E-07,1.771209E-06,2.114171E-06
571,1.00266E-06,-6.989028E-07,-1.444602E-06,1.892265E-06
572,-9.251057E-07,1.989329E-07,2.164474E-08,9.465006E-07
573,-3.29215E-06,3.355242E-07,1.687829E-06,3.714781E-06
574,0.00706361,0.005081438,-0.0003962227,0.008710487
575,3.288848E-06,5.089598E-07,-2.563582E-06,4.200895E-06
576,-4.376323E-06,-3.348767E-07,9.145604E-08,4.390069E-06
577,-9.630458E-06,0.0001420648,0.0006565538,0.000671817
578,-1.876662E-06,1.611905E-06,3.334062E-06,4.151634E-06
579,-7.0664E-07,-8.46258E-07,7.951537E-07,1.359324E-06
580,-3.199841E-06,-1.597395E-07,-6.676782E-06,7.405667E-06
581,1.330099E-06,-8.857738E-06,-2.183443E-06,9.219333E-06
582,2.811159E-06,2.69494E-06,9.629349E-07,4.011553E-06
583,-1.87508E-06,1.612903E-06,3.333678E-06,4.150999E-06
584,-2.673513E-07,-8.573728E-07,6.160357E-06,6.225477E-06
585,-8.251029E-05,0.0002327043,-0.0001143107,0.0002720775
586,-0.0001846697,-7.748264E-05,-0.0001243928,0.0002357542
587,-0.0188684,-0.002271936,-0.005199588,0.01970314
588,-1.286924E-05,-5.315379E-06,1.128674E-05,1.792376E-05
589,-1.078613E-05,-1.80315E-05,-3.007662E-06,2.122549E-05
590,-7.553812E-06,-1.863423E-05,9.255038E-06,2.213482E-05
591,-1.350407E-05,-6.265177E-06,1.174008E-05,1.895895E-05
592,-1.079283E-05,-1.804109E-05,-3.009608E-06,2.123732E-05
593,-7.554047E-06,-1.864119E-05,9.257284E-06,2.21417E-05
594,-2.509948E-06,3.52184E-06,8.984599E-06,9.97127E-06
595,-0.0001133462,-0.0002901886,0.0003360729,0.0004582595
596,1.595247E-05,3.875453E-06,3.032872E-06,1.669427E-05
597,-9.673922E-06,-8.969343E-06,2.766639E-05,3.065067E-05
598,-9.46799E-06,-8.512048E-06,2.775682E-05,3.05375E-05
599,-1.333292E-05,5.687688E-06,2.875223E-05,3.219949E-05
600,-9.149524E-06,2.325014E-05,5.603122E-06,2.56062E-05
601,-2.334305E-05,-8.153298E-06,1.556248E-05,2.921584E-05
602,-2.424565E-05,-7.291069E-06,1.517815E-05,2.951927E-05
603,0.03058633,0.008685283,0.02805165,0.04240109
604,3.650854E-06,1.281956E-06,-2.51016E-07,3.877519E-06
605,1.651223E-06,-1.343591E-06,-1.933118E-06,2.875538E-06
606,-9.991405E-05,0.0002748994,-0.0008913797,0.000938142
607,1.65209E-06,7.349277E-07,-1.937322E-06,2.650045E-06
608,3.661912E-06,2.501113E-07,-2.437356E-07,3.678527E-06
609,-4.405388E-06,-3.971874E-07,2.469863E-06,5.066105E-06
610,-4.398703E-06,9.55225E-08,2.460224E-06,5.040874E-06
611,4.559651E-06,-1.625143E-06,-3.609125E-06,6.037987E-06
612,-1.474104E-06,-3.471622E-06,4.087343E-06,5.561611E-06
613,5.286639E-07,2.462843E-06,1.617212E-06,2.993402E-06
614,-9.571605E-06,2.109182E-06,1.687392E-06,9.945429E-06
615,-2.535119E-06,3.054402E-06,-2.942332E-06,4.941004E-06
616,-9.569909E-06,2.114308E-06,1.68195E-06,9.943963E-06
617,-1.625818E-06,2.01197E-06,-4.326942E-07,2.622696E-06
618,-5.358477E-06,2.345064E-08,3.554895E-08,5.358646E-06
619,-2.533993E-06,3.04822E-06,-2.943412E-06,4.93725E-06
620,-1.165191E-06,-8.509028E-07,-3.263799E-06,3.568486E-06
621,1.882706E-06,1.441039E-06,2.685276E-06,3.582162E-06
622,-0.0002255364,-0.0001472712,-7.473381E-05,0.0002795364
623,-4.196488E-06,6.110397E-05,-6.281031E-05,8.772936E-05
624,-9.75641E-05,-0.0001428164,0.0001047055,0.0002021843
625,-0.00028025,-0.009284806,-0.008824348,0.01281231
626,0.04348193,0.003534155,-0.01065786,0.04490834
627,-1.766374E-05,1.561724E-05,2.108303E-05,3.16291E-05
628,-1.765709E-05,1.561574E-05,2.107228E-05,3.161748E-05
629,4.537313E-06,-1.76302E-06,2.775315E-06,5.603375E-06
630,-1.423268E-05,-8.95181E-06,-1.548934E-06,1.688501E-05
631,-1.422986E-05,-8.957855E-06,-1.554738E-06,1.688636E-05
632,-8.491904E-06,-1.08507E-06,6.073179E-07,8.582461E-06
633,-9.42828E-06,-7.428515E-06,4.493311E-07,1.201154E-05
634,-9.432287E-06,-7.441448E-06,4.375717E-07,1.202226E-05
635,-6.581891E-08,4.866255E-06,4.422656E-07,4.886755E-06
636,2.771434E-06,-1.053533E-05,7.856499E-06,1.343125E-05
637,-2.466609E-06,-4.76753E-05,5.858734E-06,4.809722E-05
638,-1.967068E-06,-1.587595E-05,1.38858E-05,2.118326E-05
639,-3.682287E-06,1.240753E-05,1.063205E-05,1.674952E-05
640,3.486459E-06,-3.885572E-06,1.104036E-05,1.221239E-05
641,3.485826E-06,-3.888065E-06,1.103833E-05,1.221117E-05
642,-8.486126E-06,-1.197364E-06,2.293837E-06,8.871849E-06
643,-9.691723E-06,-2.876624E-06,5.072362E-06,1.131076E-05
644,-8.475022E-06,-1.173299E-06,2.284222E-06,8.855523E-06
645,-3.117993E-06,4.950251E-06,1.451048E-05,1.564548E-05
646,-1.238122E-05,1.152413E-05,6.415979E-06,1.809047E-05
647,-1.769379E-05,3.184785E-06,4.192281E-06,1.846045E-05
648,0.004471275,0.007543045,0.004294278,0.009763741
649,-0.0005573776,0.0006325588,0.002318081,0.002466637
650,0.001059228,0.0002107597,0.0006740727,0.001273089
651,-4.913211E-07,4.218738E-07,-1.114451E-06,1.288944E-06
652,0.0006921454,7.709515E-05,-9.049176E-05,0.0007022804
653,5.497652E-07,-1.093034E-06,-7.565451E-07,1.438515E-06
654,-1.154238E-06,6.001399E-07,1.376823E-06,1.894221E-06
655,1.546365E-07,-7.238003E-07,1.742436E-06,1.893114E-06
656,-0.002106538,0.002549086,-0.001043341,0.00346755
657,-1.954882E-07,2.390713E-07,5.522038E-07,6.326924E-07
658,1.732932E-06,-1.573828E-07,4.376421E-07,1.794255E-06
659,6.73419E-07,-4.738628E-07,2.977593E-06,3.089353E-06
660,-3.047636E-06,-6.90431E-06,2.379594E-06,7.913283E-06
661,5.732077E-06,-3.130519E-06,-3.233874E-06,7.28799E-06
662,-4.697968E-06,-1.4461E-07,-1.408923E-06,4.90682E-06
663,-5.084327E-06,6.994087E-06,8.900221E-07,8.692513E-06
664,-4.695665E-06,-1.415055E-07,-1.405906E-06,4.903658E-06
665,3.304435E-06,1.190178E-06,6.315842E-06,7.226733E-06
666,-2.340851E-06,6.151195E-07,-1.782157E-06,3.005668E-06
667,2.267129E-06,3.296987E-06,1.512223E-06,4.277477E-06
668,-1.074669E-06,2.763136E-06,4.392016E-06,5.299023E-06
669,-0.0002930368,-0.0001806269,0.002931176,0.00295132
670,-0.03854942,0.06293672,-0.2116375,0.2241373
671,-2.89016E-05,1.949588E-05,-4.378773E-06,3.513638E-05
672,-1.494382E-06,1.696392E-05,3.37726E-05,3.782323E-05
673,-2.387244E-05,5.415809E-06,3.131724E-05,3.974914E-05
674,4.043859E-06,2.093633E-05,1.807187E-05,2.79513E-05
675,3.140957E-06,-1.091872E-05,-1.324349E-05,1.744919E-05
676,-2.177755E-06,3.349792E-05,1.574784E-05,3.707894E-05
677,-2.89187E-05,1.949654E-05,-4.362011E-06,3.514874E-05
678,-1.242104E-05,2.626489E-06,1.245713E-05,1.778653E-05
679,0.001485307,-0.007946737,-0.002429932,0.008441643
680,-0.003244759,-0.0001884042,-0.000118121,0.00325237
681,7.147971E-07,-4.389208E-06,-1.358434E-06,4.649884E-06
682,2.119051E-06,3.359467E-06,-1.135761E-06,4.131144E-06
683,-7.183818E-07,-3.298448E-06,4.225329E-06,5.408256E-06
684,2.556601E-06,3.084841E-06,-1.854692E-06,4.415012E-06
685,-2.151506E-06,-8.141777E-06,8.172259E-06,1.173471E-05
686,-1.835381E-06,5.237731E-07,1.010524E-06,2.159657E-06
687,5.46582E-07,3.160704E-06,3.200697E-06,4.531364E-06
688,2.227042E-06,-3.418651E-06,1.242402E-06,4.265027E-06
689,2.23202E-06,-3.433677E-06,1.238308E-06,4.278487E-06
690,-2.157368E-06,-8.140255E-06,8.177156E-06,1.173814E-05
691,-1.461808E-06,-5.550336E-06,8.866049E-07,5.807683E-06
692,-1.47019E-06,-5.547727E-06,8.804372E-07,5.806368E-06
693,1.851699E-07,-5.20757E-06,2.250656E-06,5.676137E-06
694,-1.374655E-05,2.541261E-06,9.583106E-06,1.69488E-05
695,-2.871534E-06,-3.545166E-06,4.542383E-06,6.437946E-06
696,-2.869596E-06,-3.545119E-06,4.543116E-06,6.437574E-06
697,3.592416E-06,7.249193E-07,-7.7368E-06,8.560902E-06
698,-4.161267E-06,-2.219254E-06,8.933674E-06,1.010207E-05
699,-9.316243E-06,1.343696E-05,4.635129E-06,1.699496E-05
700,-1.157412E-05,-5.335434E-06,1.222055E-06,1.280315E-05
701,-1.944182E-06,-4.187189E-06,-9.132966E-06,1.023345E-05
702,-1.94075E-06,-4.183159E-06,-9.131635E-06,1.022996E-05
703,0.006868868,-0.005653488,-0.003394941,0.009522022
704,2.732959E-07,3.507003E-07,1.080143E-07,4.575461E-07
705,1.637488E-06,-5.076675E-07,3.522333E-08,1.71474E-06
706,5.646262E-07,-7.023032E-07,-1.994316E-06,2.188453E-06
707,9.215026E-07,9.558794E-08,-8.446237E-07,1.253672E-06
708,-2.212414E-06,-9.229781E-07,-1.807469E-06,3.002267E-06
709,1.047276E-09,3.676001E-06,1.997402E-06,4.183611E-06
710,-2.211257E-06,-4.896841E-07,-1.802245E-06,2.894397E-06
711,4.22931E-07,-3.290705E-07,1.003939E-06,1.138003E-06
712,1.641197E-06,-5.481512E-07,3.64538E-08,1.730701E-06
713,-0.0007952869,0.0007161374,-0.0002407884,0.001096956
714,1.134111E-09,1.26839E-05,1.257204E-05,1.785883E-05
715,-1.147187E-05,2.390889E-06,7.023516E-06,1.366199E-05
716,-1.144876E-05,2.288698E-06,6.931907E-06,1.357805E-05
717,4.150237E-06,-2.03403E-06,-3.30916E-06,5.684389E-06
718,7.346251E-07,-5.951559E-06,-1.20739E-05,1.348109E-05
719,-4.94449E-06,1.747866E-06,2.488803E-06,5.804925E-06
720,2.833425E-06,6.543756E-06,-1.260469E-06,7.241396E-06
721,-4.624646E-06,-3.124345E-07,-2.827799E-07,4.643805E-06
722,-9.317254E-06,-3.663041E-06,-3.232177E-07,1.001666E-05
723,5.946532E-07,-7.46758E-06,-1.683344E-06,7.678021E-06
724,9.756856E-07,3.658781E-06,-1.897822E-06,4.235607E-06
725,-0.0001094776,-7.277569E-05,8.418685E-05,0.000156106
726,-0.0001529631,-0.0001173645,-2.929178E-05,0.0001950132
727,-0.0003640784,-0.001059875,-0.0009322882,0.001457755
728,0.0005041338,0.0001149945,-0.0008972489,0.001035582
729,1.225376,17.82771,24.13813,30.03295
730,-7.075478E-06,-5.98161E-07,6.958739E-06,9.942044E-06
731,-6.76293E-06,5.832539E-06,-5.535623E-07,8.947746E-06
732,2.436112E-06,-6.782226E-06,-2.703194E-06,7.696784E-06
733,-2.835557E-06,-5.85364E-06,1.848963E-06,6.761963E-06
734,2.448304E-06,-6.76644E-06,-2.708862E-06,7.688748E-06
735,-2.248621E-06,1.792509E-06,2.214868E-06,3.629742E-06
736,-2.828142E-06,-5.851516E-06,1.84849E-06,6.756889E-06
737,-2.248184E-06,1.78983E-06,2.213297E-06,3.627189E-06
738,-6.038824E-07,-1.841035E-06,-3.296835E-06,3.824031E-06
739,0.001033048,-0.0006736876,5.447758E-05,0.001234508
740,7.536763E-06,-1.004718E-05,3.07265E-06,1.293019E-05
741,2.076043E-06,-4.363763E-06,4.473769E-06,6.585362E-06
742,-2.848824E-06,-6.246835E-06,2.238148E-06,7.221361E-06
743,-2.71334E-06,7.781817E-07,-8.700681E-06,9.14711E-06
744,3.816832E-06,3.293978E-06,-5.168258E-06,7.220068E-06
745,5.955594E-06,-2.27888E-06,2.666102E-06,6.91162E-06
746,-8.261402E-07,-2.934012E-06,1.337932E-06,3.328813E-06
747,-1.429203E-06,-1.767634E-06,-5.440197E-06,5.896007E-06
748,-8.33703E-07,-2.931425E-06,1.341663E-06,3.329921E-06
749,-3.026722E-06,-2.784749E-06,-8.142668E-06,9.12244E-06
750,8.557063E-07,2.991639E-06,4.787621E-06,5.709943E-06
751,-4.292787E-05,1.264749E-05,-3.974521E-06,4.492837E-05
752,-1.673974E-06,-7.775679E-06,-8.643582E-07,8.000655E-06
753,9.61897E-06,2.283305E-06,-3.386103E-06,1.045006E-05
754,-3.936045E-06,-6.297916E-06,5.226122E-06,9.081219E-06
755,2.636905E-06,-1.886406E-05,-2.177681E-06,1.917155E-05
756,1.484674E-05,-1.206879E-05,-1.17243E-05,2.243971E-05
757,5.937893E-05,-0.001937774,-0.000140597,0.001943775
758,6.064397E-06,4.780774E-06,-2.029633E-07,7.724889E-06
759,-1.723677E-06,-6.739944E-06,-6.014555E-08,6.95712E-06
760,-1.724349E-06,-6.738317E-06,-7.296365E-08,6.955834E-06
761,-1.560938E-06,-3.085586E-07,1.234797E-07,1.595928E-06
762,-4.587077E-06,3.560046E-06,-3.941182E-07,5.81984E-06
763,8.252687E-07,-2.12058E-06,-1.705237E-07,2.281886E-06
764,0.01244816,0.01812501,1.027393E-06,0.02198801
765,2.260935E-07,-1.359555E-06,-8.148576E-07,1.601094E-06
766,2.60781E-06,1.180493E-05,2.815157E-06,1.241298E-05
767,-1.01505E-07,6.011525E-06,-1.144778E-05,1.29306E-05
768,1.058406E-07,-2.006492E-05,-1.010594E-05,2.246647E-05
769,8.471429E-08,-2.246433E-06,-4.968821E-07,2.302287E-06
770,2.707018E-06,-4.751141E-06,2.89178E-06,6.185764E-06
771,-4.900331E-07,-3.576296E-07,1.941922E-06,2.034476E-06
772,-7.929322E-06,8.292711E-07,2.114397E-06,8.248183E-06
773,-7.938011E-06,8.303877E-07,2.125044E-06,8.259381E-06
774,-3.571129E-05,-2.73728E-06,4.910059E-05,6.077547E-05
775,-1.056878E-05,-1.275918E-06,5.245887E-06,1.186787E-05
776,2.89834E-06,1.139582E-05,-3.269722E-06,1.220476E-05
777,6.036667E-06,-2.200382E-06,1.180331E-06,6.532704E-06
778,4.897193E-06,-1.2163E-05,2.817841E-06,1.341124E-05
779,2.117081E-06,2.704157E-07,-3.138638E-06,3.79555E-06
780,9.0351E-07,-2.457432E-06,6.614913E-06,7.114238E-06
781,9.168796E-07,-4.232051E-06,2.828656E-06,5.172255E-06
782,-1.377139E-06,6.136781E-06,3.172454E-06,7.044222E-06
783,-1.377748E-06,6.136125E-06,3.174228E-06,7.044569E-06
784,-5.415764E-06,-9.312126E-06,3.040837E-06,1.119343E-05
785,-3.209219E-06,1.093595E-05,3.532781E-06,1.193208E-05
786,-3.552526E-05,-7.575991E-05,1.325751E-05,8.471936E-05
787,-5.590981E-05,4.340532E-05,8.129005E-05,0.0001077868
788,-5.560169E-06,-5.625357E-05,6.014762E-05,8.25416E-05
789,-2.122997E-05,-0.0001381035,0.0001016177,0.0001727699
790,0.001617308,0.0002859873,0.0002943241,0.001668563
791,0.001006313,-0.001345683,-0.001038958,0.001975592
792,-8.878173E-06,-6.075469E-07,7.372278E-06,1.155602E-05
793,-2.479279E-07,2.484347E-06,7.596697E-07,2.609703E-06
794,6.000605E-06,-1.891583E-06,1.682119E-06,6.51267E-06
795,-8.877912E-06,-6.106417E-07,7.374409E-06,1.155734E-05
796,-2.463642E-07,2.491484E-06,7.602023E-07,2.616504E-06
797,-1.034285E-06,5.037952E-06,8.781255E-07,5.217452E-06
798,-1.036398E-06,5.037715E-06,8.776813E-07,5.217568E-06
799,5.998389E-06,-1.884066E-06,1.683402E-06,6.50878E-06
800,-0.01135243,0.004175495,-0.0001007647,0.01209639
801,-9.33104E-07,-7.047176E-06,-3.817458E-06,8.068851E-06
802,-9.260682E-07,-7.050674E-06,-3.796765E-06,8.06133E-06
803,-1.904033E-06,1.316041E-06,-1.264777E-05,1.285781E-05
804,-1.923456E-06,1.312753E-06,-1.264842E-05,1.286101E-05
805,2.280844E-06,-3.352297E-06,-1.162562E-05,1.23124E-05
806,7.716135E-06,-7.800741E-06,-2.541193E-06,1.126268E-05
807,-1.831916E-06,-5.677506E-06,-1.39935E-05,1.52121E-05
808,6.089646E-07,-1.029303E-05,-1.736288E-05,2.019373E-05
809,-1.832769E-06,-5.673836E-06,-1.399218E-05,1.520962E-05
810,6.098538E-07,-1.030086E-05,-1.736526E-05,2.01998E-05
811,2.277885E-06,-3.347382E-06,-1.162517E-05,1.231009E-05
812,6.295136E-06,-3.663668E-07,-7.403786E-06,9.725174E-06
813,7.718851E-06,-7.798322E-06,-2.541663E-06,1.126297E-05
814,-2.67494E-06,-9.429309E-07,-1.278496E-05,1.309579E-05
815,8.440097E-06,-2.31044E-05,-1.731803E-05,3.00826E-05
816,-7.794599E-06,-2.082232E-05,-1.147601E-05,2.502046E-05
817,-2.202889E-06,1.281213E-06,-1.444893E-05,1.467194E-05
818,2.815458E-06,4.103972E-06,8.423596E-06,9.783985E-06
819,-1.9853E-08,-2.243941E-06,-1.239783E-05,1.259928E-05
820,-9.551777E-06,-1.316607E-05,-1.272556E-05,2.06524E-05
821,4.264298E-06,2.922319E-06,-1.776399E-05,1.85009E-05
822,4.268968E-05,5.602263E-05,7.573274E-05,0.0001034234
823,2.861029E-05,-2.184404E-06,-6.410509E-06,2.940094E-05
824,4.940142E-06,6.617607E-06,-5.727654E-06,1.005006E-05
825,-3.98253E-06,9.260925E-06,-2.012457E-05,2.25083E-05
826,2.207702E-06,-8.969202E-06,-9.571891E-06,1.330194E-05
827,-1.649756E-05,6.584869E-05,-3.252001E-05,7.527131E-05
828,-2.530839E-06,-1.292076E-06,-6.838474E-07,2.922713E-06
829,-2.525451E-06,-4.028945E-07,-6.723588E-07,2.644294E-06
830,1.679341E-06,2.313961E-06,3.068338E-06,4.19396E-06
831,-1.245602E-06,9.953962E-07,-2.715301E-06,3.148841E-06
832,-3.962247E-07,5.213811E-07,-1.858594E-07,6.807173E-07
833,-1.245636E-06,1.014601E-06,-2.715011E-06,3.154728E-06
834,1.679972E-06,2.426177E-06,3.066908E-06,4.256121E-06
835,-1.260722E-06,1.303558E-05,7.065578E-07,1.311544E-05
836,5.205943E-06,-1.045652E-05,6.354992E-06,1.329762E-05
837,6.006807E-06,-4.696299E-06,-7.761101E-06,1.087987E-05
838,5.895803E-06,1.908522E-06,-7.473711E-06,9.708723E-06
839,5.183439E-06,-1.048178E-05,6.358124E-06,1.33102E-05
840,-4.65834E-05,-1.138121E-05,3.05961E-05,5.688292E-05
841,2.538237E-06,-1.634358E-05,-8.001169E-07,1.655884E-05
842,-3.983009E-07,-9.111627E-06,-8.066204E-06,1.217555E-05
843,2.324803E-06,-4.705648E-06,-3.110691E-06,6.101166E-06
844,3.832138E-06,2.228622E-06,8.564934E-07,4.515044E-06
845,-1.063897E-08,-3.96171E-06,5.883068E-06,7.092654E-06
846,-1.539826E-06,-4.316552E-06,3.886134E-06,6.008804E-06
847,1.601847E-06,-2.656077E-06,-8.612055E-06,9.153588E-06
848,-8.15738E-06,1.984988E-06,-2.632637E-06,8.798511E-06
849,1.792248E-08,-3.781315E-06,-5.155527E-06,6.3936E-06
850,-8.727267E-06,-3.819493E-06,-3.297808E-07,9.53218E-06
851,3.834488E-06,2.223689E-06,8.501476E-07,4.513407E-06
852,-8.53529E-07,5.301855E-07,1.464289E-06,1.77588E-06
853,-8.469567E-07,5.350915E-07,1.460103E-06,1.770751E-06
854,-1.947049E-05,4.366183E-05,2.434938E-05,5.365023E-05
855,-1.362231E-05,-1.146338E-05,-5.265521E-06,1.856615E-05
856,-2.066446E-05,4.789763E-05,-6.341036E-06,5.254914E-05
857,-5.20988E-06,-1.297127E-05,1.548109E-05,2.085812E-05
858,-3.79371E-05,-0.0001243801,-4.695638E-05,0.0001382553
859,0.004118719,0.009944919,-0.01105337,0.01542862
860,0.001487333,-0.000215399,0.001139673,0.00188611
861,-0.001611018,-0.0008133536,0.0007230228,0.001944141
862,2.30891E-06,-4.097816E-07,-7.577761E-06,7.932304E-06
863,3.291645E-07,-4.438405E-06,-3.834903E-06,5.874884E-06
864,-7.60347E-06,1.005692E-05,4.212242E-06,1.329275E-05
865,-3.43738E-06,2.972362E-06,7.11445E-07,4.599638E-06
866,4.485901E-06,-3.258032E-06,5.602344E-06,7.881899E-06
867,2.05456E-06,-1.328331E-06,8.310966E-06,8.663593E-06
868,1.770983E-07,-2.331032E-06,-9.903944E-07,2.538889E-06
869,-6.712702E-05,0.000159837,5.120708E-05,0.0001807652
870,-9.404531E-06,2.017807E-05,-2.710466E-05,3.50751E-05
871,-2.017584E-05,7.658028E-05,6.24293E-05,0.0001008416
872,-0.008543251,0.002908095,-0.006659305,0.01121564
873,-2.688433E-06,-3.829746E-06,4.856138E-07,4.704301E-06
874,1.253569E-06,-5.759945E-07,1.062183E-06,1.741102E-06
875,1.265819E-06,-1.175334E-06,1.07192E-06,2.032909E-06
876,-8.726992E-07,-1.101478E-05,-2.840805E-06,1.140865E-05
877,-2.644596E-06,-3.378621E-06,2.611799E-06,5.022994E-06
878,-2.171608E-06,-1.830245E-06,1.941625E-06,3.440289E-06
879,-5.692743E-07,3.702927E-05,-2.778176E-06,3.713771E-05
880,1.343603E-06,-3.680937E-07,-1.313698E-05,1.321064E-05
881,1.336651E-06,-3.616767E-07,-1.314657E-05,1.32193E-05
882,-8.750177E-06,-1.257935E-05,-1.078023E-06,1.536124E-05
883,-8.759076E-06,-1.257503E-05,-1.08958E-06,1.536359E-05
884,-9.814517E-06,4.569251E-05,9.549549E-06,4.770036E-05
885,-1.873669E-06,3.425776E-06,4.16647E-07,3.926853E-06
886,-1.874884E-06,3.42452E-06,4.186984E-07,3.926555E-06
887,1.023303E-06,2.376898E-07,1.556355E-06,1.877734E-06
888,-2.299562E-06,1.526812E-06,1.607257E-07,2.764954E-06
889,-4.949503E-07,-6.908701E-07,3.099777E-06,3.214171E-06
890,1.64979E-06,-3.290456E-06,4.126757E-06,5.529831E-06
891,-6.656082E-05,1.459837E-06,-3.554591E-06,6.667164E-05
892,-2.473897E-05,-3.515868E-06,-9.02967E-06,2.656902E-05
893,-2.46844E-05,-3.491623E-06,-9.062417E-06,2.652619E-05
894,2.535947E-06,1.478914E-06,-5.478752E-06,6.215701E-06
895,-1.778666E-07,-1.048162E-05,1.510747E-05,1.838835E-05
896,-1.932211E-05,1.681826E-05,-5.644451E-06,2.623085E-05
897,-4.067475E-05,6.969608E-06,7.590595E-06,4.195983E-05
898,-2.817637E-06,2.379357E-05,4.797976E-06,2.44355E-05
899,-1.22881E-05,-3.166303E-05,1.778129E-05,3.833692E-05
900,-4.356966E-06,3.027239E-06,-9.649668E-06,1.101197E-05
901,-4.037E-06,2.537615E-06,-1.70861E-06,5.065195E-06
902,4.841418E-06,-1.964201E-06,-1.183545E-06,5.35707E-06
903,-2.426709E-06,-2.19089E-06,2.872447E-07,3.281985E-06
904,-1.39737E-06,-1.737169E-06,5.345337E-06,5.791634E-06
905,5.343906E-07,-1.23748E-06,-1.236952E-06,1.829475E-06
906,1.136882E-06,-2.498852E-06,3.791636E-06,4.681161E-06
907,-2.496353E-06,2.294391E-06,2.037711E-06,3.95579E-06
908,-4.038937E-06,2.545153E-06,-1.715464E-06,5.072833E-06
909,-2.503701E-06,2.293507E-06,2.042235E-06,3.962249E-06
910,-1.456033E-05,2.375108E-05,3.254996E-05,4.284409E-05
911,-1.407816E-05,2.302077E-05,3.211078E-05,4.194345E-05
912,-2.607393E-06,-0.0001125927,-1.427829E-05,0.0001135244
913,1.906628E-06,-1.261161E-06,3.109295E-06,3.859206E-06
914,2.662613E-06,-1.957768E-06,4.937517E-06,5.941501E-06
915,-4.454687E-07,5.610698E-06,-4.394138E-06,7.140506E-06
916,-4.251937E-07,-2.378179E-06,-4.377165E-06,4.999609E-06
917,8.534223E-07,4.77142E-07,1.787013E-06,2.03701E-06
918,-8.522875E-07,-6.025276E-07,-1.268626E-07,1.051441E-06
919,-8.450357E-07,-6.135321E-07,-1.301515E-07,1.052353E-06
920,-8.588787E-08,-8.259673E-06,-2.441614E-06,8.613423E-06
921,1.126534E-07,-3.939173E-06,1.294293E-06,4.147887E-06
922,-9.20222E-08,-8.263168E-06,-2.437318E-06,8.615621E-06
923,1.965135E-07,-3.952228E-06,1.441284E-06,4.211416E-06
924,-3.687519E-06,-8.966514E-06,5.935151E-06,1.136759E-05
925,3.290156E-06,-6.70508E-07,-1.835779E-05,1.866234E-05
926,-2.173813E-06,2.203368E-07,4.965399E-07,2.240661E-06
927,-5.038208E-07,1.660334E-07,1.610644E-06,1.695753E-06
928,-1.117246E-06,1.780741E-07,7.408428E-07,1.35233E-06
929,-7.67738E-07,1.907597E-06,1.81446E-06,2.742373E-06
930,1.302298E-06,2.038434E-06,-7.40953E-07,2.529862E-06
931,-1.710098E-06,3.64061E-06,-7.134606E-07,4.085034E-06
932,1.030602E-06,2.335144E-06,1.383743E-06,2.903409E-06
933,-3.065713E-06,6.89788E-07,1.145566E-06,3.344656E-06
934,4.465254E-07,-3.197538E-06,-9.916271E-07,3.377419E-06
935,3.755014E-07,2.240435E-06,-7.672564E-07,2.397755E-06
936,-3.064253E-06,6.851935E-07,1.143425E-06,3.34164E-06
937,-7.81474E-06,-6.275105E-06,2.662472E-06,1.036995E-05
938,-2.277654E-06,-2.673026E-08,-4.874439E-06,5.380388E-06
939,-1.232066E-05,2.030662E-06,1.676839E-05,2.090696E-05
940,-1.976032E-05,-2.455484E-06,2.409766E-05,3.126015E-05
941,0.0009613109,-0.001048795,0.002429641,0.002815536
942,-5.636425E-06,6.799368E-07,-4.690886E-07,5.696635E-06
943,-1.777037E-06,-1.585849E-06,-1.182099E-06,2.658973E-06
944,7.092933E-07,4.905835E-06,-2.16786E-06,5.41017E-06
945,-4.822679E-07,2.383656E-06,-2.591299E-06,3.553762E-06
946,-4.919134E-07,2.396248E-06,-2.610603E-06,3.577601E-06
947,-4.466789E-07,1.944689E-06,-3.864621E-06,4.349326E-06
948,-5.260398E-07,1.780722E-06,6.061957E-07,1.953244E-06
949,-5.265824E-07,1.782486E-06,5.998294E-07,1.953034E-06
950,2.833391E-06,-3.5839E-06,-2.648882E-06,5.281006E-06
951,-5.635111E-06,6.768091E-07,-4.639087E-07,5.694537E-06
952,-8.761359E-05,4.973128E-05,-5.161197E-05,0.0001131951
953,-0.0001052736,-5.144002E-05,-4.135391E-05,0.0001242528
954,-0.01915948,0.463163,-0.2113467,0.5094649
955,5.552624E-07,-1.117165E-07,7.501498E-07,9.399583E-07
956,4.852937E-06,-4.694068E-07,-9.653994E-07,4.970245E-06
957,5.53215E-07,-1.116854E-07,7.500423E-07,9.386607E-07
958,-3.568428E-06,-1.202781E-07,4.586323E-06,5.812271E-06
959,-3.010597E-06,2.594843E-06,-2.200245E-07,3.980617E-06
960,-3.56799E-06,-1.187419E-07,4.58311E-06,5.809437E-06
961,-2.208804E-06,-2.113934E-06,-6.783713E-06,7.440853E-06
962,7.469055E-07,-5.353815E-06,-1.478456E-06,5.604198E-06
963,7.426484E-07,-5.358771E-06,-1.488154E-06,5.610932E-06
964,-2.209558E-06,-2.114887E-06,-6.788778E-06,7.445965E-06
965,1.271787E-05,-1.246116E-05,-3.984609E-05,4.364328E-05
966,-3.099721E-06,9.389746E-07,5.644152E-07,3.28763E-06
967,-3.746462E-06,-7.623675E-07,5.005144E-06,6.298305E-06
968,-2.586008E-06,-4.346249E-07,-5.398414E-06,6.001601E-06
969,1.197694E-07,1.134103E-06,1.137747E-07,1.146071E-06
970,1.760486E-06,2.305759E-06,3.304856E-08,2.901194E-06
971,3.195732E-06,-3.767494E-06,1.165627E-06,5.075963E-06
972,1.370027E-06,1.717407E-06,-1.886673E-06,2.895858E-06
973,-2.419481E-06,-3.015143E-06,7.547018E-07,3.938851E-06
974,-2.414372E-06,-3.016649E-06,7.665597E-07,3.939159E-06
975,-3.282314E-06,3.888904E-06,4.492575E-06,6.788254E-06
976,-1.111004E-05,6.157628E-06,6.124073E-06,1.410155E-05
977,2.996549E-06,-1.233161E-06,-1.121506E-05,1.16738E-05
978,3.263719E-06,-2.104409E-06,-6.889523E-06,7.908598E-06
979,-1.740932E-06,2.15929E-06,-1.021568E-05,1.058553E-05
980,3.82597E-07,-3.531541E-06,8.931724E-06,9.612172E-06
981,-9.585224E-06,-1.563276E-07,-9.980889E-07,9.638316E-06
982,-9.187464E-06,-4.628947E-06,2.370612E-06,1.055729E-05
983,-1.967092E-06,1.094348E-05,9.378076E-06,1.454571E-05
984,-4.753645E-06,-2.200307E-06,-1.137946E-05,1.252719E-05
985,-7.780636E-07,1.577074E-06,8.480461E-07,1.952365E-06
986,0.003748121,-3.014655E-05,0.002870723,0.004721269
987,0.003992769,0.009321783,0.006129705,0.01184952
988,0.0007812374,0.0006980084,0.002305771,0.002532613
989,0.0001950782,-0.002239927,-0.002485293,0.003351419
990,1.725224E-06,1.339773E-06,-2.919563E-07,2.203776E-06
991,-6.573743E-06,4.653615E-06,3.17471E-07,8.06046E-06
992,-6.120525E-05,3.211811E-05,1.216274E-07,6.91207E-05
993,-6.562554E-06,4.651647E-06,3.861234E-07,8.053199E-06
994,1.724116E-06,1.343788E-06,6.618301E-08,2.186943E-06
995,-6.11982E-05,3.212129E-05,1.869138E-07,6.911608E-05
996,6.420894E-07,2.601985E-05,6.792681E-08,2.602786E-05
997,6.450543E-07,2.595021E-05,-3.739974E-08,2.595825E-05
998,3.559547E-06,2.704922E-07,-6.128944E-07,3.622041E-06
999,3.557024E-06,2.672562E-07,-6.108377E-07,3.618973E-06
1000,1.128479E-06,4.058177E-06,-8.017773E-07,4.287786E-06
1001,1.864137E-06,-1.680942E-06,4.885625E-06,5.492713E-06
1002,-1.454872E-06,-7.413411E-07,-3.281175E-06,3.665017E-06
1003,1.157802E-06,-9.563678E-07,2.55321E-06,2.962099E-06
1004,-3.38552E-06,2.841285E-07,3.150681E-06,4.633494E-06
1005,1.248379E-06,-1.697045E-07,1.136646E-06,1.696825E-06
1006,1.126546E-06,4.053672E-06,-8.011114E-07,4.282889E-06
1007,-3.011064E-07,-2.272713E-06,-2.805402E-06,3.623006E-06
1008,-0.0001725205,0.000375766,-0.0001455678,0.000438353
1009,-2.153608E-05,-4.17705E-06,1.738976E-05,2.799382E-05
1010,-3.642861E-05,-5.158842E-05,7.396676E-05,9.725992E-05
1011,-2.252208E-05,2.445114E-05,1.761582E-05,3.762206E-05
1012,-2.260682E-05,2.452865E-05,1.7512E-05,3.767483E-05
1013,-0.003315355,0.004401673,-0.005381001,0.007702043
1014,-0.0009265104,-0.002596213,0.008022099,0.008482501
1015,0.006216429,-0.007233595,0.00479419,0.01067488
1016,0.004666579,0.004722226,-0.006874399,0.009556869
1017,-1.166721E-05,1.590394E-05,6.920132E-06,2.090329E-05
1018,-6.242313E-05,4.008599E-05,3.752747E-05,8.313751E-05
1019,-1.164494E-05,1.59226E-05,6.881006E-06,2.089215E-05
1020,0.2286476,0.2113897,-0.1996733,0.3699118
1021,2.095005E-06,-1.075389E-07,-3.078461E-06,3.725256E-06
1022,7.753492E-07,3.936921E-07,-1.891865E-06,2.082141E-06
1023,-1.0415E-06,-2.228389E-06,3.370281E-06,4.172437E-06
1024,-5.699592E-07,-3.446478E-07,1.558816E-07,6.840575E-07
1025,-5.722881E-07,-3.444048E-07,1.574174E-07,6.862278E-07
1026,-2.081952E-08,-1.860889E-06,3.541688E-06,4.000862E-06
1027,-3.746095E-06,-4.897318E-07,-3.087035E-06,4.878817E-06
1028,-3.748097E-06,-4.896949E-07,-3.08674E-06,4.880164E-06
1029,-8.400148E-06,-1.243204E-05,-7.069477E-05,7.226942E-05
1030,-4.144431E-05,-3.623322E-06,-2.572955E-05,4.891594E-05
1031,-6.956222E-06,-9.356499E-06,-2.820656E-05,3.052119E-05
1032,-2.354032E-06,-1.986336E-06,-1.41619E-05,1.449297E-05
1033,2.038182E-06,3.035168E-06,-1.561907E-05,1.604125E-05
1034,2.591544E-06,2.987925E-07,-4.288519E-06,5.019639E-06
1035,2.044579E-06,3.013511E-06,-1.561869E-05,1.603761E-05
1036,1.133714E-07,6.376453E-07,-1.578297E-05,1.579625E-05
1037,8.174864E-07,-3.510373E-07,-4.431626E-06,4.520047E-06
1038,1.138519E-06,9.995515E-07,-1.63321E-05,1.640222E-05
1039,-1.872816E-07,-1.298639E-07,-4.306517E-06,4.312543E-06
1040,7.103553E-07,-7.77199E-07,-1.617964E-05,1.621386E-05
1041,-2.353741E-06,-1.987777E-06,-1.41618E-05,1.449303E-05
1042,1.769541E-06,1.136155E-06,-1.086175E-05,1.106344E-05
1043,6.920321E-06,4.572595E-06,-1.164886E-05,1.430019E-05
1044,8.258142E-07,-1.463824E-06,-1.039005E-05,1.052511E-05
1045,-1.291619E-07,-1.309701E-06,-8.084352E-06,8.190772E-06
1046,1.594257E-06,-2.221291E-06,-1.092396E-05,1.126094E-05
1047,2.483173E-08,-1.466983E-06,-9.831531E-06,9.940406E-06
1048,2.47609E-08,-1.462307E-06,-9.83344E-06,9.941605E-06
1049,1.570647E-06,1.184498E-06,-8.944487E-06,9.158265E-06
1050,-3.30809E-07,-1.897473E-06,-6.244651E-06,6.534945E-06
1051,1.613318E-05,-1.144652E-05,9.100348E-06,2.177426E-05
1052,-8.184602E-05,-4.556207E-05,-7.206246E-06,9.395001E-05
1053,0.0001249617,0.0001195955,-0.0001567815,0.0002334502
1054,2.535418E-06,1.583043E-06,7.911635E-07,3.091975E-06
1055,-1.105249E-06,-1.663205E-06,9.887353E-07,2.228323E-06
1056,7.41133E-07,7.782737E-07,-1.830865E-07,1.090187E-06
1057,-2.489757E-06,-2.241992E-06,1.206511E-08,3.350457E-06
1058,3.37622E-06,-3.025309E-06,1.708695E-06,4.844687E-06
1059,-1.975849E-06,-1.302789E-06,5.988141E-06,6.438872E-06
1060,7.393699E-05,-0.0004639757,-0.0002735928,0.0005436848
1061,0.02377189,0.02829685,-0.1003605,0.1069488
1062,-1.333433E-05,2.873601E-05,6.401689E-06,3.231941E-05
1063,-1.166695E-05,2.822991E-05,1.871468E-05,3.582296E-05
1064,2.201461E-06,-7.21276E-07,-1.112029E-06,2.569684E-06
1065,-1.774761E-05,2.412187E-05,1.020888E-05,3.163959E-05
1066,-1.798448E-05,1.527214E-05,1.841775E-05,2.993148E-05
1067,-1.428439E-05,1.628702E-05,5.91402E-06,2.245632E-05
1068,-1.33227E-05,2.873922E-05,6.426093E-06,3.232231E-05
1069,-2.257182E-05,1.323311E-05,1.398128E-05,2.966612E-05
1070,3.763061E-06,-1.008419E-06,2.257464E-06,4.50263E-06
1071,-7.44513E-07,-9.367487E-07,3.125421E-06,3.346648E-06
1072,-7.445361E-07,-9.365241E-07,3.125945E-06,3.34708E-06
1073,3.266101E-06,-3.476129E-06,-4.153066E-07,4.787835E-06
1074,3.269266E-06,-3.475738E-06,-4.171599E-07,4.789872E-06
1075,0.0003389665,0.0002510622,9.045506E-05,0.0004314078
1076,2.564915E-06,1.992652E-06,-3.770992E-09,3.247994E-06
1077,-3.370828E-06,2.942833E-06,-6.396743E-07,4.520169E-06
1078,-1.446621E-06,2.595175E-06,3.058012E-06,4.263694E-06
1079,-1.447989E-06,2.597416E-06,3.055716E-06,4.263877E-06
1080,1.248806E-06,-6.591018E-06,-4.488787E-06,8.07157E-06
1081,-2.588625E-06,-2.053519E-06,-1.859263E-06,3.791409E-06
1082,2.561338E-06,1.994885E-06,-1.891304E-09,3.24654E-06
1083,-1.97331E-06,3.813513E-07,-2.840097E-06,3.4793E-06
1084,-3.625087E-06,-9.004008E-07,-2.960338E-06,4.766086E-06
1085,-3.604846E-06,1.885409E-06,-6.12596E-06,7.353711E-06
1086,-0.0005985013,0.000434324,0.0002994611,0.0007978209
1087,-3.987888E-05,1.184652E-06,-1.005268E-05,4.114347E-05
1088,-0.4450419,-0.241498,-0.8135356,0.9582399
1089,-1.952275E-06,3.526819E-06,1.520862E-06,4.308462E-06
1090,7.993541E-07,-2.884316E-08,-8.840809E-06,8.876919E-06
1091,-2.853474E-06,2.873708E-07,-3.016463E-07,2.883728E-06
1092,-1.559368E-06,-2.357676E-06,-1.617825E-06,3.256935E-06
1093,-1.793748E-05,1.044032E-05,-1.926119E-05,2.831513E-05
1094,-8.771334E-07,9.447203E-07,1.657795E-06,2.100034E-06
1095,1.389794,0.3503518,2.83891,3.180202
1096,-1.757391E-06,-4.130344E-06,-5.43134E-06,7.046107E-06
1097,-1.756899E-06,-4.126107E-06,-5.445697E-06,7.054578E-06
1098,9.437636E-07,-1.60352E-06,4.402432E-07,1.912009E-06
1099,9.496949E-07,-1.605213E-06,4.242118E-07,1.912742E-06
1100,-1.683179E-06,-1.259175E-05,3.238176E-06,1.310996E-05
1101,-1.488658E-07,-6.889791E-07,4.451733E-07,8.336861E-07
1102,2.780351E-06,-5.941731E-06,-1.074969E-06,6.647561E-06
1103,-1.623706E-07,-6.889254E-07,4.586167E-07,8.433929E-07
1104,-2.885086E-06,0.0001848298,4.790127E-06,0.0001849144
1105,0.0001061093,-1.003269E-05,0.0001127727,0.0001551693
1106,-3.981892E-06,-3.429817E-07,-2.694082E-06,4.819873E-06
1107,-2.497608E-06,8.867878E-07,1.285894E-06,2.945838E-06
1108,1.765771E-06,9.654838E-07,-9.755394E-06,9.960814E-06
1109,-6.931775E-06,1.413481E-06,5.013681E-06,8.670896E-06
1110,7.249672E-07,4.815911E-06,5.259754E-07,4.898493E-06
1111,7.248397E-07,4.827129E-06,5.515859E-07,4.912312E-06
1112,-7.167466E-07,3.315695E-06,4.687353E-06,5.78609E-06
1113,-2.397058E-06,-1.343736E-06,1.9642E-06,3.377809E-06
1114,-3.458743E-06,-2.941945E-06,-3.343217E-06,5.638709E-06
1115,-4.129558E-05,2.741433E-05,6.985985E-05,8.565786E-05
1116,-2.818094E-05,-3.565714E-06,2.533771E-05,3.806414E-05
1117,-2.81641E-05,-3.565897E-06,2.532272E-05,3.804171E-05
1118,-2.209008E-06,1.442164E-05,-7.312925E-06,1.631999E-05
1119,9.448799E-06,1.032509E-05,2.203252E-05,2.610209E-05
1120,-2.285193E-06,5.705001E-06,1.00803E-05,1.1806E-05
1121,0.006546173,0.01362878,0.01895337,0.02424512
1122,3.23762E-07,-7.861307E-06,-5.091993E-06,9.371945E-06
1123,-1.237258E-05,-3.971983E-07,-2.424252E-06,1.261409E-05
1124,-1.130382E-05,8.228362E-06,-1.781048E-06,1.409449E-05
1125,-5.182462E-07,2.435387E-06,-6.977648E-07,2.585839E-06
1126,-1.176633E-05,-1.712543E-07,-2.847086E-06,1.210709E-05
1127,1.003792E-05,-1.243179E-06,-1.577263E-05,1.873717E-05
1128,-4.191003E-06,3.274254E-06,-5.110764E-06,7.375985E-06
1129,-4.427308E-06,5.516524E-06,3.739843E-07,7.083287E-06
1130,3.278145E-06,-1.264569E-06,2.244468E-06,4.169293E-06
1131,9.892241E-07,-2.970488E-07,-1.196708E-06,1.580795E-06
1132,9.9748E-07,-2.974082E-07,-1.211119E-06,1.596943E-06
1133,-5.242501E-07,-6.097172E-07,2.002193E-06,2.15763E-06
1134,-2.166574E-06,-1.506511E-06,-1.145898E-06,2.876925E-06
1135,-1.229506E-06,2.396717E-06,-3.489567E-07,2.716194E-06
1136,-1.219099E-06,2.397299E-06,-3.640275E-07,2.713994E-06
1137,-2.166743E-06,-1.506466E-06,-1.143687E-06,2.876149E-06
1138,-5.25054E-07,-6.076759E-07,2.009313E-06,2.16386E-06
1139,-0.0001401735,0.0003174003,0.0001767136,0.0003893831
1140,0.0001258605,-0.0001080327,-0.0001091111,0.0001985376
1141,4.767035E-05,0.0001186281,3.372764E-05,0.000132222
1142,0.0001324587,-4.443077E-05,2.374654E-05,0.0001417155
1143,1.859291E-08,-3.277571E-06,4.559131E-06,5.615024E-06
1144,-1.059632E-06,2.998599E-06,-2.949642E-06,4.337604E-06
1145,2.344718E-06,-4.106456E-07,3.259558E-06,4.036217E-06
1146,6.363627E-07,-1.021762E-06,8.350103E-07,1.464991E-06
1147,-3.181705E-06,1.24963E-06,4.571175E-06,5.70793E-06
1148,6.571698E-06,1.364624E-06,4.842499E-06,8.276425E-06
1149,5.294166E-07,-4.636854E-06,-2.243569E-06,5.178253E-06
1150,-1.381275E-06,-2.651221E-06,-6.077372E-06,6.772839E-06
1151,-2.195071E-06,3.024222E-06,-8.012882E-06,8.84141E-06
1152,1.302285E-06,-5.165791E-06,2.109764E-06,5.729961E-06
1153,7.595474E-07,1.792628E-06,-1.685732E-06,2.575291E-06
1154,1.931992E-06,2.847109E-06,1.19062E-05,1.23934E-05
1155,-1.019113E-05,7.416486E-06,-9.634896E-06,1.586488E-05
1156,-1.866636E-06,-4.443722E-06,-7.259666E-06,8.713998E-06
1157,-1.877464E-05,-1.282357E-05,2.794493E-05,3.602569E-05
1158,-1.465311E-05,1.664556E-05,3.481808E-06,2.244797E-05
1159,-8.643182E-06,-6.08771E-07,-8.458416E-06,1.210868E-05
1160,-8.639615E-06,-6.084903E-07,-8.460189E-06,1.210735E-05
1161,6.721932E-06,4.221831E-06,-1.217871E-05,1.453717E-05
1162,1.025704E-05,1.796129E-06,-3.182073E-06,1.088846E-05
1163,-0.0003688648,-0.0001207755,-0.0006985607,0.0007991464
1164,0.00208157,-0.001817347,0.0004348245,0.002797276
1165,7.052372E-06,0.0004497683,0.0005098358,0.0006799072
1166,-5.552794E-06,-6.073438E-06,5.313531E-06,9.795601E-06
1167,-5.924674E-06,-4.79654E-06,-3.918364E-07,7.632962E-06
1168,-8.873938E-06,-9.731086E-07,-2.362049E-07,8.930258E-06
1169,-1.543922E-06,-2.430407E-06,6.730408E-06,7.320449E-06
1170,-5.307608E-06,2.778253E-07,-8.06654E-06,9.660071E-06
1171,-2.863484E-06,-7.41239E-06,2.921358E-07,7.95163E-06
1172,3.790871E-06,4.313807E-06,1.569653E-06,5.95344E-06
1173,-1.903355E-06,-4.407953E-06,8.601917E-08,4.802105E-06
1174,-5.556688E-06,-6.074078E-06,5.308338E-06,9.79539E-06
1175,-1.540387E-06,-2.426803E-06,6.730502E-06,7.318594E-06
1176,7.995226E-07,-6.176552E-06,8.745242E-06,1.073631E-05
1177,-0.006163027,0.001641326,-0.001563907,0.006566784
1178,1.11864E-06,-5.39172E-06,4.976025E-07,5.528979E-06
1179,-1.971026E-06,-3.957663E-06,8.467197E-07,4.501664E-06
1180,-1.967134E-06,-3.957298E-06,8.46494E-07,4.499597E-06
1181,1.120551E-06,-5.392002E-06,4.952929E-07,5.529433E-06
1182,-3.634241E-06,-2.840452E-06,-7.393344E-07,4.671455E-06
1183,-3.632543E-06,-2.840567E-06,-7.421212E-07,4.670646E-06
1184,0.0006139957,-0.000408841,0.001428118,0.001607377
1185,-0.0002565012,-0.0002095456,-0.0002598027,0.0004209509
1186,4.210727E-05,2.622236E-05,-2.888172E-05,5.740024E-05
1187,4.096907E-05,3.268231E-05,-2.798436E-05,5.941146E-05
1188,-1.214271E-07,1.684695E-06,-1.091915E-05,1.104902E-05
1189,4.651305E-07,-2.41024E-06,-1.277674E-05,1.301041E-05
1190,-8.885059E-07,-7.844465E-07,-1.442875E-05,1.447735E-05
1191,-6.874597E-07,-7.972889E-07,-1.068603E-05,1.073776E-05
1192,2.38885E-07,-1.588623E-06,-1.181298E-05,1.192172E-05
1193,6.792886E-07,-8.375887E-07,-1.240649E-05,1.245327E-05
1194,-6.869255E-07,-7.972657E-07,-1.068615E-05,1.073784E-05
1195,-4.747079E-06,6.226644E-06,-8.170169E-06,1.131625E-05
1196,3.650687E-06,-6.135797E-07,-3.660154E-06,5.205836E-06
1197,-1.510276E-06,2.089795E-06,-7.184442E-06,7.633112E-06
1198,3.661266E-06,-6.567504E-07,-3.657847E-06,5.216899E-06
1199,-8.045116E-07,1.390123E-06,-9.069424E-06,9.210545E-06
1200,-2.268505E-06,-6.407713E-06,-7.823345E-06,1.036386E-05
1201,2.985384E-05,-1.750676E-05,-5.594533E-06,3.505762E-05
1202,-4.233657E-05,2.036531E-08,-6.006181E-06,4.27605E-05
1203,-8.204475E-06,-7.676229E-06,1.931001E-06,1.140029E-05
1204,1.523809E-06,-1.457611E-06,1.860373E-06,2.812048E-06
1205,3.063777E-07,-4.772271E-06,1.892731E-06,5.143041E-06
1206,3.275753E-06,-2.974545E-06,-5.441337E-07,4.458089E-06
1207,1.09821E-06,3.120107E-06,-4.217518E-06,5.359906E-06
1208,-1.381776E-06,1.194087E-06,-1.30311E-06,2.243489E-06
1209,-1.374744E-06,1.187063E-06,-1.30915E-06,2.238954E-06
1210,8.046976E-06,-8.365831E-07,8.857572E-08,8.090831E-06
1211,1.063403E-06,-1.851785E-06,-2.666327E-06,3.416026E-06
1212,2.801629E-06,4.78531E-06,-3.352972E-07,5.555244E-06
1213,-29.04624,-38.66484,3.247044,48.46852
1214,2.66296E-06,-3.935044E-06,1.243665E-06,4.91148E-06
1215,2.670938E-06,-3.936107E-06,1.237347E-06,4.915066E-06
1216,2.214903E-07,-4.639688E-06,-2.884477E-07,4.653919E-06
1217,-1.320768E-06,-3.84982E-06,3.141301E-07,4.082183E-06
1218,2.210834E-07,-4.640042E-06,-2.823495E-07,4.653879E-06
1219,-5.134514E-07,-3.407225E-06,2.261441E-06,4.121521E-06
1220,-5.127917E-07,-3.407428E-06,2.257887E-06,4.119657E-06
1221,-8.558745E-07,-3.396603E-06,6.173397E-07,3.55676E-06
1222,-0.0001975844,-2.011096E-05,-3.818618E-05,0.000202243
1223,-5.674656E-05,-1.553506E-05,7.205117E-05,9.302086E-05
1224,-2.258274E-06,-5.186433E-05,-0.0003442235,0.0003481161
1225,-7.940331E-06,-2.855164E-06,-7.377429E-06,1.120836E-05
1226,-3.574733E-06,-5.493531E-06,-3.6675E-06,7.510536E-06
1227,-7.072672E-06,-1.072292E-06,-7.963059E-06,1.070434E-05
1228,-5.49853E-07,-1.052976E-07,-5.963686E-07,8.17974E-07
1229,-7.074408E-06,-1.072402E-06,-7.969068E-06,1.070996E-05
1230,-8.648391E-06,-5.704417E-07,5.850738E-06,1.045711E-05
1231,-2.010545E-06,-4.480817E-06,-6.05729E-07,4.948426E-06
1232,-2.113285E-06,9.412119E-07,2.508393E-06,3.412314E-06
1233,3.197659E-06,-4.755435E-06,-4.578392E-06,7.334907E-06
1234,1.753697E-06,-5.556846E-06,3.810912E-07,5.839454E-06
1235,-8.649106E-06,-5.686234E-07,5.846175E-06,1.045505E-05
1236,-8.321873E-07,-3.477066E-06,-2.841638E-06,4.566994E-06
1237,0.6343732,0.4291441,-0.0769205,0.7697472
1238,7.494677E-07,-4.084898E-06,-1.368573E-07,4.155337E-06
1239,8.819017E-07,-4.684228E-06,-2.182119E-06,5.242269E-06
1240,7.467158E-07,-4.084981E-06,-1.351496E-07,4.154867E-06
1241,-2.467083E-08,-3.423587E-06,-5.69079E-07,3.47065E-06
1242,1.377301E-06,-4.098193E-06,2.836081E-07,4.332733E-06
1243,1.37497E-06,-4.09773E-06,2.845098E-07,4.331614E-06
1244,-2.893288E-06,-4.105024E-06,5.474485E-07,5.051934E-06
1245,-2.38457E-07,-4.962093E-06,-7.323591E-07,5.021511E-06
1246,2.704903E-05,-8.007852E-05,9.100962E-05,0.0001242054
1247,3.102756E-06,5.163865E-05,7.127678E-05,8.807132E-05
1248,9.490499E-05,-5.212373E-05,2.390917E-05,0.000110885
1249,-4.602993E-05,0.0004333903,0.0001776483,0.000470643
1250,-0.1189748,-0.003355789,0.09689858,0.1534783
1251,-0.004940407,0.002346916,0.005123838,0.007494621
1252,-7.511124E-07,1.533733E-06,-3.183741E-06,3.612853E-06
1253,3.957581E-06,3.8211E-06,4.733813E-07,5.521534E-06
1254,8.058576E-06,-4.983931E-07,-2.926272E-06,8.587905E-06
1255,-2.525955E-06,2.759768E-06,1.41523E-06,3.999955E-06
1256,1.393076E-07,3.536918E-06,1.764056E-06,3.954881E-06
1257,1.322023E-07,3.553012E-06,1.743423E-06,3.959911E-06
1258,-1.658773E-06,2.010614E-06,1.187211E-06,2.864187E-06
1259,-4.468522E-07,1.049357E-06,-3.284989E-06,3.477352E-06
1260,3.443872E-05,4.629135E-05,3.029299E-06,5.777621E-05
1261,-0.2176593,0.07030249,2.332161,2.343351
1262,0.3169436,0.2730449,-0.01584706,0.4186381
1263,-3.748492E-07,-5.055542E-06,1.89181E-06,5.410911E-06
1264,-1.374211E-07,-4.312113E-06,1.861326E-06,4.698695E-06
1265,-5.861766E-07,-6.065343E-06,-1.178703E-06,6.206556E-06
1266,1.317442E-06,-3.7889E-06,6.987886E-07,4.071821E-06
1267,-1.453579E-05,-1.78517E-05,7.939619E-05,8.266636E-05
1268,-0.0001032549,-5.739746E-05,-1.721998E-05,0.0001193841
1269,-3.202448E-05,0.0001186318,-1.446061E-05,0.0001237262
1270,-2.703581E-05,-3.08148E-05,4.801646E-05,6.313531E-05
1271,-1.638167E-05,-5.003346E-05,-1.707286E-05,5.534608E-05
1272,-0.005291439,-0.01420443,-0.05730999,0.05928069
1273,-3.716104E-07,-9.58753E-07,4.317095E-06,4.437861E-06
1274,-2.557761E-06,-2.858272E-06,-6.528053E-06,7.571482E-06
1275,7.286902E-07,-3.476935E-06,-6.673022E-06,7.559715E-06
1276,1.371822E-07,1.960507E-06,-4.770261E-06,5.159244E-06
1277,2.396886E-06,2.733523E-06,-1.395058E-06,3.894021E-06
1278,-6.593118E-07,2.892647E-06,-2.465801E-06,3.857755E-06
1279,1.388698E-07,1.961071E-06,-4.776046E-06,5.164853E-06
1280,1.675593E-06,4.809706E-06,-2.490647E-06,5.669587E-06
1281,-5.849055E-06,4.308024E-05,1.197142E-05,4.509361E-05
1282,1.79941E-05,3.614682E-05,6.208689E-06,4.085252E-05
1283,-3.896888E-05,7.51919E-05,-3.367491E-05,9.113942E-05
1284,-1.31331E-05,2.614E-05,5.052473E-06,2.968679E-05
1285,-1.31176E-05,2.615198E-05,5.059947E-06,2.969176E-05
1286,-2.258682E-06,-4.823788E-06,-3.107278E-07,5.335459E-06
1287,-1.554067E-08,-4.12062E-06,8.081807E-07,4.199156E-06
1288,-1.779229E-08,-4.119645E-06,8.049905E-07,4.197595E-06
1289,1.177546E-06,-5.098979E-06,-1.690667E-06,5.499505E-06
1290,1.176087E-06,-5.099439E-06,-1.699062E-06,5.502206E-06
1291,-3.314278E-07,-3.219504E-06,1.887731E-06,3.74681E-06
1292,-2.259389E-06,-4.824071E-06,-3.118132E-07,5.336078E-06
1293,-3.547105E-05,-2.088447E-06,-1.361007E-05,3.804985E-05
1294,-1.409131E-05,-2.254801E-06,-4.322441E-06,1.491082E-05
1295,4.593069E-05,-7.56182E-06,-6.805288E-05,8.245001E-05
1296,-1.507936E-05,2.314629E-05,8.983982E-06,2.904909E-05
1297,-1.50809E-05,2.314467E-05,8.973794E-06,2.904545E-05
1298,0.01149252,0.002695091,0.01418418,0.01845353
1299,-4.251623E-08,8.776031E-08,-1.062189E-05,1.062234E-05
1300,-9.409117E-07,-5.694419E-08,-1.122282E-05,1.126234E-05
1301,6.835914E-07,5.835108E-07,-1.254287E-05,1.257503E-05
1302,1.219208E-06,-2.423855E-06,-1.205891E-05,1.236037E-05
1303,4.475218E-07,-9.440783E-09,-1.038348E-05,1.039312E-05
1304,2.352474E-07,-8.162859E-07,-1.179302E-05,1.182358E-05
1305,8.946817E-08,-2.113469E-06,-1.061478E-05,1.08235E-05
1306,1.301149E-05,4.816327E-06,-1.130019E-05,1.789386E-05
1307,-1.166678E-05,-1.020119E-05,-8.170198E-06,1.751943E-05
1308,8.881575E-06,6.223826E-06,-1.415874E-07,1.084613E-05
1309,8.876833E-06,6.213343E-06,-2.188228E-07,1.083751E-05
1310,7.008721E-06,2.640389E-05,5.388704E-07,2.732358E-05
1311,4.563917E-05,3.319621E-05,-3.887036E-07,5.643646E-05
1312,7.005292E-06,2.638971E-05,-1.423877E-07,2.730405E-05
1313,-0.0003672574,6.335168E-05,-0.0002586886,0.0004536642
1314,0.0001160904,0.0007386064,0.0007436269,0.001054513
1315,-0.06837531,0.1797206,-0.03744812,0.1959006
1316,6.071904E-07,-4.816461E-06,-1.729311E-06,5.153396E-06
1317,-1.354888E-06,-3.377162E-06,-1.111173E-06,3.804688E-06
1318,4.750216E-07,-3.414196E-06,-1.175997E-06,3.642163E-06
1319,3.69502E-07,-4.561069E-06,2.527775E-06,5.227765E-06
1320,1.449197E-06,-4.64662E-06,-2.290739E-06,5.379473E-06
1321,-1.359552E-06,-3.378511E-06,-1.113212E-06,3.808144E-06
1322,6.106436E-08,-4.132395E-06,-1.251466E-06,4.318169E-06
1323,3.644212E-06,-2.125332E-05,3.499444E-05,4.110468E-05
1324,4.394672E-05,-6.428166E-05,-0.0001010769,0.000127593
1325,2.43429E-05,-2.689415E-05,-0.000134033,0.000138855
1326,0.0001282859,-0.0002511305,-0.0003133329,0.0004215463
1327,-2.220004E-05,2.82358E-05,7.710481E-06,3.673627E-05
1328,-2.222557E-05,2.821916E-05,7.715467E-06,3.673997E-05
1329,-3.424191E-06,6.167E-05,3.604826E-05,7.151497E-05
1330,2.064358E-05,1.147103E-05,5.860195E-06,2.433277E-05
1331,-1.127629E-05,1.352541E-06,3.37493E-06,1.184797E-05
1332,0,0,0,0
1333,3.710209E-06,3.267493E-05,5.687939E-06,3.337318E-05
1334,3.723999E-06,3.266914E-05,5.676227E-06,3.336706E-05
1335,-8.466302E-06,3.431832E-05,1.287944E-05,3.762054E-05
1336,-5.653163E-06,3.424654E-05,1.386167E-05,3.737552E-05
1337,0.008671041,-0.005394241,0.00874957,0.01344767
1338,1.717714E-06,-5.629526E-06,-4.19995E-08,5.885904E-06
1339,1.710847E-06,-5.632314E-06,-3.696677E-08,5.886537E-06
1340,8.137909E-07,-4.625319E-06,-7.186845E-07,4.751036E-06
1341,9.717787E-07,-1.594152E-06,5.679595E-07,1.951474E-06
1342,9.699928E-07,-1.59328E-06,5.688399E-07,1.95013E-06
1343,1.135468E-06,-4.337108E-06,-1.418321E-06,4.70228E-06
1344,0.0003890631,-0.001239747,-0.0006439446,0.001450175
1345,6.468976E-05,-0.0006390697,-0.001283588,0.001435337
1346,-1.700157E-07,4.582786E-05,1.330615E-05,4.772081E-05
1347,1.582566E-05,-1.253113E-06,-5.887017E-06,1.693159E-05
1348,-2.281436E-05,1.899465E-05,5.254256E-06,3.014795E-05
1349,2.222282E-06,-4.136089E-06,-4.995302E-06,6.855568E-06
1350,-1.622315E-05,1.763202E-06,3.179578E-06,1.662555E-05
1351,3.324918E-06,6.546748E-06,6.564276E-06,9.849097E-06
1352,-5.363943E-06,1.448703E-05,1.234423E-05,1.977437E-05
1353,-1.754614E-07,4.583124E-05,1.332318E-05,4.772882E-05
1354,-2.797402E-06,-8.007749E-06,6.915343E-07,8.510448E-06
1355,2.600337E-06,1.558103E-05,4.07598E-06,1.631392E-05
1356,-6.981616E-06,1.452942E-05,1.385766E-05,2.125751E-05
1357,-5.470387E-06,8.828165E-06,-4.273867E-06,1.123065E-05
1358,1.49271E-06,1.496418E-05,-4.964398E-06,1.583667E-05
1359,-6.69241E-06,1.031686E-05,1.298579E-05,1.788454E-05
1360,-1.306853E-06,2.302154E-05,5.08681E-07,2.306421E-05
1361,3.99757E-06,1.299572E-05,4.089623E-06,1.419839E-05
1362,2.599137E-06,1.558239E-05,4.072072E-06,1.631405E-05
1363,-0.0008987762,-0.0007203342,-0.003277027,0.003473555
1364,-0.004372083,0.0004948324,-0.0005493711,0.00443416
1365,-0.0003514094,-0.000504715,-0.001029806,0.001199469
1366,1.898416E-06,-5.749236E-05,0.0001148729,0.0001284708
1367,8.993685E-07,-4.576031E-06,8.674228E-07,4.743558E-06
1368,-1.269894E-06,-3.422356E-06,9.926114E-08,3.651712E-06
1369,1.679795E-06,-5.744119E-06,7.363543E-07,6.029828E-06
1370,2.855893E-07,-5.495439E-06,1.496609E-06,5.702741E-06
1371,-1.265056E-06,-3.423337E-06,9.862379E-08,3.650936E-06
1372,2.851305E-07,-5.49636E-06,1.490324E-06,5.701959E-06
1373,3.214138E-07,-4.247821E-06,1.477549E-07,4.262526E-06
1374,-0.0006905314,-0.001548362,-0.00414448,0.004477832
1375,-0.00107587,-0.0005654837,0.003266908,0.003485679
1376,9.126961E-06,-5.20316E-06,-2.815647E-06,1.087668E-05
1377,-1.811306E-06,-2.278798E-07,-2.630031E-06,3.201535E-06
1378,8.604818E-06,1.61581E-06,-7.214811E-07,8.784888E-06
1379,1.607283E-07,6.138562E-06,-1.205978E-06,6.257968E-06
1380,7.281979E-07,-5.532113E-06,4.05154E-06,6.895616E-06
1381,4.565677E-06,3.006101E-05,2.691301E-07,3.040694E-05
1382,3.244508E-06,2.454278E-05,3.998885E-06,2.50772E-05
1383,-2.396502E-06,8.7914E-06,1.875621E-06,9.303219E-06
1384,3.251706E-06,2.453521E-05,4.017787E-06,2.507375E-05
1385,1.553301E-06,7.894277E-06,9.877074E-07,8.106042E-06
1386,1.630122E-06,-1.128954E-06,1.125599E-06,2.28009E-06
1387,-2.35872E-06,4.587821E-06,3.635699E-06,6.311099E-06
1388,-0.0002713537,0.0005608452,0.0005107158,0.0008056121
1389,0.0006257257,0.0009491501,0.0007032329,0.00133677
1390,0.0001934611,-0.001119946,-0.0002208836,0.001157798
1391,-0.0009444855,-0.0001200995,-0.0003206765,0.001004644
1392,0.001756964,0.0008502217,0.001191242,0.002286669
1393,1.771486E-06,-4.392207E-06,-2.190924E-07,4.741059E-06
1394,-3.314612E-07,-5.216225E-06,-2.050299E-07,5.230766E-06
1395,-3.286204E-07,-5.220773E-06,-2.165635E-07,5.235586E-06
1396,7.095395E-07,-5.987016E-06,4.146316E-07,6.043155E-06
1397,1.06182E-07,-3.606246E-06,-7.273035E-07,3.680388E-06
1398,1.692456E-07,-3.864141E-06,-3.447696E-07,3.883181E-06
1399,1.224289E-06,-6.139167E-06,-1.496755E-07,6.261842E-06
1400,-0.005460721,-0.0006603474,0.003293299,0.006411034
1401,0.003276463,-0.001976155,-0.00116828,0.00400066
1402,-0.001168912,-0.002612076,0.001178825,0.003094984
1403,5.055525E-07,2.155366E-06,-1.121476E-05,1.143119E-05
1404,5.205784E-07,2.154856E-06,-1.122391E-05,1.144074E-05
1405,-9.988489E-07,1.917848E-06,-7.75067E-06,8.04666E-06
1406,-2.851451E-06,1.059305E-07,-1.995664E-06,3.48205E-06
1407,2.381134E-06,5.646036E-06,-8.606359E-06,1.056489E-05
1408,5.06469E-07,6.683423E-07,-1.258032E-05,1.260824E-05
1409,1.578552E-06,-4.755387E-06,-4.123871E-06,6.489363E-06
1410,3.610591E-06,9.467632E-07,2.89265E-06,4.722304E-06
1411,3.212218E-06,-6.126351E-06,-8.688997E-06,1.110627E-05
1412,3.162182E-06,4.26804E-06,-2.046012E-07,5.315771E-06
1413,-4.465907E-06,-8.153092E-06,-1.066188E-06,9.35703E-06
1414,0,0,0,0
1415,1.735654E-06,-6.132734E-06,-3.971192E-07,6.385971E-06
1416,1.733815E-06,-6.133022E-06,-3.998143E-07,6.385916E-06
1417,-2.868861E-06,2.995291E-07,-2.999693E-06,4.161519E-06
1418,-4.539351E-07,-3.930147E-06,6.28513E-06,7.426639E-06
1419,-3.168226E-06,-3.03078E-06,-5.681919E-06,7.176872E-06
1420,1.247091E-07,6.467071E-06,-3.530125E-06,7.368877E-06
1421,-3.827267E-06,-1.057777E-05,-6.050317E-06,1.277277E-05
1422,0.001378222,0.0002905156,-7.706877E-05,0.001410615
1423,1.323436E-05,-0.0003501791,-0.0009327423,0.0009963978
1424,0.002787826,0.002243136,-0.0007049463,0.003646997
1425,-8.680969E-05,-0.0001447775,0.0002334621,0.000288099
1426,1.350965E-06,-4.997102E-06,-3.102541E-06,6.035055E-06
1427,1.475835E-06,-3.81444E-06,2.893847E-08,4.090095E-06
1428,2.953226E-06,-4.897297E-06,-2.390062E-06,6.198182E-06
1429,1.284625E-06,-4.727406E-06,-1.095739E-06,5.019888E-06
1430,2.101884E-06,-7.762163E-06,-3.215845E-06,8.660874E-06
1431,-3.486202E-07,-6.042647E-06,8.513771E-07,6.11228E-06
1432,2.241565E-06,-4.889981E-06,-2.366791E-06,5.876923E-06
1433,2.175781E-06,-7.760157E-06,-3.352812E-06,8.728998E-06
1434,1.574662E-06,-4.543727E-06,-9.784941E-07,4.907389E-06
1435,-0.0001254841,-6.76873E-05,0.0001672325,0.0002197602
1436,-0.001278869,-0.000754101,6.280377E-05,0.001485974
1437,-3.590003E-05,1.85201E-06,3.269754E-05,4.859394E-05
1438,1.100084E-07,1.841359E-06,-7.261068E-06,7.491716E-06
1439,3.582334E-06,-5.046369E-07,-7.961243E-06,8.744665E-06
1440,-2.031945E-06,-3.358287E-07,-6.283899E-06,6.612788E-06
1441,9.859835E-07,-9.298308E-07,-6.684213E-06,6.820223E-06
1442,3.572207E-06,-5.085162E-07,-7.961035E-06,8.740557E-06
1443,1.14158E-07,1.836783E-06,-7.260434E-06,7.49004E-06
1444,-2.512525E-06,2.380995E-06,-1.218427E-06,3.66967E-06
1445,-2.509275E-06,2.379466E-06,-1.220822E-06,3.667251E-06
1446,7.497409E-07,-4.5715E-06,-6.939834E-06,8.343981E-06
1447,8.379864E-07,6.732448E-06,-5.804058E-07,6.809181E-06
1448,1.484908E-06,-4.871693E-06,1.062504E-06,5.20262E-06
1449,1.457967E-06,7.489969E-06,6.193507E-06,9.827759E-06
1450,1.483226E-06,-4.871539E-06,1.065238E-06,5.202555E-06
1451,-1.001343E-06,5.525718E-06,-2.418967E-06,6.114544E-06
1452,1.048449E-07,-4.382228E-06,3.090785E-06,5.363569E-06
1453,-0.0001641898,-0.0001889551,-0.0004792645,0.0005407003
1454,0.01389057,-0.0642661,0.06548517,0.09279756
1455,2.162394E-06,-3.418466E-06,-9.886273E-06,1.068177E-05
1456,-3.169224E-07,-5.38646E-06,-9.238776E-06,1.069904E-05
1457,-3.207557E-07,-5.386805E-06,-9.238572E-06,1.069915E-05
1458,1.229553E-07,-4.393392E-06,-9.560552E-06,1.052241E-05
1459,2.163754E-06,-3.418174E-06,-9.886244E-06,1.068193E-05
1460,1.278216E-07,-4.394904E-06,-9.55994E-06,1.052255E-05
1461,1.124345E-05,5.747414E-06,-4.713506E-06,1.347832E-05
1462,4.886149E-06,-4.185833E-05,-1.811258E-05,4.587003E-05
1463,2.788165E-06,1.494337E-05,-1.397991E-05,2.065227E-05
1464,1.248822E-05,-3.144092E-05,-8.098339E-06,3.478606E-05
1465,-1.268237E-05,-4.009263E-05,-2.840526E-05,5.074564E-05
1466,8.640072E-07,1.009671E-06,4.252153E-05,4.254229E-05
1467,-3.875834E-07,5.654917E-06,1.230489E-06,5.800207E-06
1468,-5.654E-06,-1.156568E-06,-3.05648E-07,5.779169E-06
1469,3.461211E-06,3.028149E-06,5.780041E-07,4.635058E-06
1470,-5.654624E-06,-1.156475E-06,-3.056516E-07,5.77976E-06
1471,1.715341E-06,3.746897E-06,2.293973E-06,4.716348E-06
1472,0.001254939,0.0002153143,0.001227312,0.001768482
1473,-0.002500878,-0.00209805,-0.002051362,0.003855424
1474,-0.02289111,-0.006804691,0.01924593,0.03067104
1475,0.004329016,4.485717E-05,-0.003645275,0.005659542
1476,-1.319742E-06,-6.357891E-06,1.732645E-06,6.720607E-06
1477,-1.323622E-06,-6.35683E-06,1.731489E-06,6.720068E-06
1478,5.21444E-06,-7.570686E-06,-2.162939E-09,9.192697E-06
1479,1.94572E-07,-5.00881E-06,3.384828E-06,6.048396E-06
1480,-1.196448E-06,6.58348E-06,-2.804805E-06,7.255386E-06
1481,5.217224E-06,-7.56601E-06,-4.85274E-10,9.190427E-06
1482,1.440477E-06,-6.975554E-06,2.044269E-06,7.410288E-06
1483,-0.009486022,0.0008122981,0.003000674,0.009982409
1484,1.563713,0.1667973,1.5203,2.187311
1485,-0.0002737571,5.150191E-05,1.784742E-05,0.0002791307
1486,0.0004268113,0.004113774,0.008369001,0.009335174
1487,-0.01570638,0.005871974,-0.02388637,0.0291844
1488,-1.323524E-06,4.306149E-06,3.913706E-06,5.967556E-06
1489,-3.469849E-06,6.602206E-06,1.133807E-06,7.544169E-06
1490,-2.329665E-06,-6.1802E-06,-7.100456E-07,6.642768E-06
1491,2.809541E-06,-7.696801E-06,-8.664931E-07,8.23924E-06
1492,-4.737198E-06,-8.27573E-06,1.793849E-06,9.702919E-06
1493,5.745385E-07,2.033099E-06,-3.017017E-08,2.112936E-06
1494,3.912339E-06,-9.665807E-06,1.217118E-06,1.049836E-05
1495,-2.950364E-07,-3.564645E-06,3.393397E-06,4.930404E-06
1496,-0.004058377,0.004862948,0.00529539,0.008255898
1497,-1.451201E-05,4.80661E-05,7.040248E-06,5.070023E-05
1498,-1.449811E-05,4.805666E-05,7.064768E-06,5.069072E-05
1499,-0.007060703,-0.002906011,0.005146552,0.009207901
1500,-9.242995E-05,-0.0002639548,4.661323E-05,0.0002835282
1501,-0.0001987116,0.0003224288,-0.0007324502,0.0008245786
1502,0.01121884,0.003185401,-0.00475111,0.01259294
1503,1.737842E-06,2.576624E-06,-1.381717E-06,3.40121E-06
1504,-1.235671E-06,-5.770619E-06,-1.053858E-06,5.994793E-06
1505,1.788247E-07,-7.378846E-06,-1.10143E-05,1.325874E-05
1506,-1.691206E-06,2.280306E-06,-1.395551E-05,1.424135E-05
1507,4.017835E-06,2.990809E-06,-1.124855E-05,1.231332E-05
1508,2.11846E-06,-2.397657E-06,-1.449927E-07,3.202758E-06
1509,-1.540027E-06,-2.950797E-06,-9.339082E-06,9.914501E-06
1510,1.245011E-06,-2.50558E-06,-8.99291E-06,9.41809E-06
1511,0.000852367,-0.001422578,0.002184822,0.002742937
1512,0.0005223635,0.0004666362,0.0003348296,0.0007763529
1513,-4.338079E-07,2.644384E-06,2.274597E-07,2.689367E-06
1514,1.71382E-06,-1.39931E-06,-7.088619E-08,2.213656E-06
1515,-1.599226E-06,-3.125836E-07,1.12709E-07,1.633382E-06
1516,-2.857714E-06,2.516852E-06,-1.315595E-07,3.8103E-06
1517,2.74451E-06,-1.544341E-06,7.271878E-08,3.150018E-06
1518,-3.537548E-07,1.087234E-06,6.054606E-08,1.144939E-06
1519,-4.321546E-07,2.645994E-06,2.194326E-07,2.690017E-06
1520,-1.450066E-05,-1.193278E-05,4.927839E-06,1.941505E-05
1521,7.018852E-06,0.0003316457,2.820797E-05,0.0003329171
1522,-3.33444E-05,1.193013E-05,2.931516E-05,4.597342E-05
1523,-1.450242E-05,-1.194668E-05,4.929705E-06,1.942538E-05
1524,-0.001346757,-0.002136333,-0.0007250735,0.002627433
1525,-1.925989E-05,0.001831918,0.002133669,0.002812266
1526,0.009434163,-0.005617176,0.0010813,0.01103292
1527,-3.315435E-07,-3.65402E-07,-7.795703E-06,7.811301E-06
1528,-3.762342E-07,-2.91259E-07,-8.440405E-06,8.453805E-06
1529,6.059395E-07,3.516946E-07,-8.566948E-06,8.595548E-06
1530,-2.530899E-05,1.483512E-05,-1.55323E-05,3.319456E-05
1531,-1.357141E-05,4.434858E-05,-2.33502E-05,5.192506E-05
1532,-5.309717E-06,-2.874018E-06,-2.773585E-05,2.838539E-05
1533,1.466053E-05,1.953633E-05,3.721935E-05,4.451831E-05
1534,9.56539E-06,-5.64732E-06,2.544155E-05,2.776079E-05
1535,2.224706E-05,6.073587E-05,-3.255766E-05,7.241395E-05
1536,2.091362E-05,2.510208E-05,-3.846649E-05,5.046944E-05
1537,-2.531646E-05,-7.267818E-06,2.141319E-05,3.394509E-05
1538,-3.854702E-06,-1.675389E-05,-2.203504E-06,1.733225E-05
1539,-2.533743E-05,-7.233544E-06,2.141284E-05,3.395319E-05
1540,-3.854714E-06,-1.674856E-05,-2.207309E-06,1.732759E-05
1541,4.597594E-06,-7.027645E-06,-6.075782E-07,8.419905E-06
1542,-3.427419E-06,2.318034E-05,1.327459E-05,2.693121E-05
1543,4.594436E-06,-7.026897E-06,-6.07764E-07,8.417571E-06
1544,3.03029E-07,2.119572E-05,2.400188E-06,2.133333E-05
1545,3.694915E-07,2.118949E-05,2.361577E-06,2.132388E-05
1546,2.512261E-07,2.119803E-05,2.376105E-06,2.133227E-05
1547,-1.353166E-05,1.621511E-05,1.021554E-05,2.346045E-05
1548,1.435383E-05,2.011018E-05,3.633662E-06,2.497309E-05
1549,6.851989E-06,1.677337E-05,4.650184E-06,1.870614E-05
1550,-1.353335E-05,1.62267E-05,1.021177E-05,2.34678E-05
1551,2.835443E-06,2.81325E-05,1.442424E-05,3.174171E-05
1552,0.02010791,-0.004285317,0.04036291,0.04529742
1553,0.447271,-0.1413485,-1.116491,1.211026
1554,-2.627414E-06,-3.844318E-05,1.265709E-05,4.055839E-05
1555,1.192091E-06,-2.814072E-05,1.437441E-06,2.820262E-05
1556,-3.487117E-06,1.560269E-05,3.234122E-06,1.631145E-05
1557,-3.4937E-06,1.558527E-05,3.235039E-06,1.629639E-05
1558,5.313775E-06,-1.361436E-05,1.417959E-05,2.03629E-05
1559,1.909674E-06,1.367389E-05,3.398127E-06,1.421863E-05
1560,-8.223121E-06,5.002033E-06,-1.019451E-06,9.678808E-06
1561,5.290418E-06,-1.363225E-05,1.418628E-05,2.037345E-05
1562,0.005574545,0.003447385,-0.003207685,0.007297209
1563,1.568523E-05,2.570066E-05,5.123272E-05,5.942509E-05
1564,1.567148E-05,2.572283E-05,5.125085E-05,5.944669E-05
1565,-2.549859E-05,3.796102E-05,-4.098151E-05,6.140604E-05
1566,-2.547496E-05,3.797772E-05,-4.096398E-05,6.139485E-05
1567,-4.182751E-06,2.77734E-05,2.883696E-06,2.823425E-05
1568,5.332554E-06,1.02974E-05,-9.445261E-06,1.495612E-05
1569,-7.893541E-07,2.466921E-05,-1.877709E-06,2.475316E-05
1570,-4.174292E-06,2.777671E-05,2.888361E-06,2.823673E-05
1571,-2.63487E-06,1.701538E-05,7.910771E-06,1.894851E-05
1572,-4.522613E-06,1.902064E-05,4.055703E-06,1.996716E-05
1573,0.01692448,-0.02458375,0.01053493,0.03165096
1574,-0.01034577,0.004579739,0.008262149,0.01400972
1575,-1.288405E-06,-2.570707E-05,-5.117125E-06,2.624307E-05
1576,-7.357509E-06,1.355902E-05,-3.063557E-06,1.572785E-05
1577,2.417696E-06,-1.126282E-05,-2.09356E-06,1.170809E-05
1578,5.148184E-06,-1.777167E-05,2.291704E-06,1.864371E-05
1579,-9.979382E-06,-3.138899E-06,1.791755E-05,2.074799E-05
1580,-7.362797E-06,1.355136E-05,-3.084736E-06,1.572786E-05
1581,-6.679221E-06,-1.27533E-05,2.732788E-06,1.465355E-05
1582,-7.369359E-06,1.355266E-05,-3.066481E-06,1.572849E-05
1583,-1.298223E-05,-1.128284E-05,7.940322E-07,1.721834E-05
1584,-1.29667E-05,-1.130495E-05,7.870036E-07,1.722081E-05
1585,-6.168378E-06,-3.949885E-07,-1.766242E-06,6.428414E-06
1586,-6.171498E-06,-3.898896E-07,-1.772305E-06,6.432765E-06
1587,-2.808217E-05,3.177986E-05,1.887875E-05,4.642171E-05
1588,-4.028655E-05,4.021457E-05,1.888731E-05,5.997457E-05
1589,6.385798E-06,2.464247E-05,2.225972E-05,3.381605E-05
1590,2.43463E-06,2.655989E-05,1.314102E-05,2.973284E-05
1591,2.430176E-06,2.656671E-05,1.313224E-05,2.973468E-05
1592,-1.99467E-07,1.249421E-06,2.004747E-07,1.281026E-06
1593,-3.904865E-06,-7.734539E-06,7.314534E-07,8.695177E-06
1594,5.567042E-06,2.656158E-05,1.277172E-06,2.716874E-05
1595,-6.670117E-07,3.152163E-05,-5.223997E-06,3.195855E-05
1596,-6.031058E-06,1.900722E-05,2.376365E-05,3.102192E-05
1597,0.0009925759,0.00139256,0.0005567619,0.001798448
1598,0.005218516,0.005227337,-0.004177989,0.00848608
1599,0.002766487,0.008480498,-0.001110743,0.008989218
1600,-0.007019883,0.01132875,-0.005218374,0.01431261
1601,-0.0194228,-0.01292214,-0.004176455,0.02369957
1602,2.301145E-05,-6.463016E-06,-1.501605E-06,2.394895E-05
1603,-4.370269E-06,-1.454943E-05,9.876931E-06,1.812013E-05
1604,-4.366987E-06,-1.456362E-05,9.876019E-06,1.813023E-05
1605,-1.417956E-05,3.929199E-06,8.593664E-06,1.703965E-05
1606,-1.415432E-05,3.934864E-06,8.614749E-06,1.703062E-05
1607,-1.41646E-05,3.930222E-06,8.60987E-06,1.703562E-05
1608,-1.841603E-06,-1.063695E-05,-4.277087E-06,1.161162E-05
1609,2.475397E-06,-2.483038E-06,-7.065339E-07,3.576627E-06
1610,3.425175E-06,3.970207E-07,-1.551396E-05,1.589252E-05
1611,-8.845064E-07,9.06809E-07,-2.792888E-05,2.795759E-05
1612,2.478652E-06,-2.483229E-06,-7.050118E-07,3.578712E-06
1613,1.631277E-06,-5.130801E-06,-1.53625E-06,5.598772E-06
1614,-2.184435E-06,1.517013E-06,-5.367391E-06,5.990156E-06
1615,4.799341E-07,3.151865E-06,-1.751058E-05,1.779845E-05
1616,-0.01890492,0.05417741,-0.02570517,0.06287563
1617,-6.725018E-07,4.545236E-06,-2.369714E-07,4.600824E-06
1618,1.308253E-06,-2.676568E-07,-2.825069E-07,1.364909E-06
1619,1.242041E-06,-3.236353E-06,-1.215425E-07,3.468634E-06
1620,1.243564E-06,-3.237942E-06,1.165733E-07,3.470492E-06
1621,-6.676679E-07,4.547432E-06,-2.337334E-07,4.602125E-06
1622,0.8601261,2.504718,2.453158,3.609905
1623,-3.70983E-06,1.61007E-05,9.213845E-06,1.891799E-05
1624,8.618312E-06,-1.425914E-05,-5.086847E-06,1.742052E-05
1625,-6.69735E-06,-2.212655E-05,-4.382352E-06,2.352964E-05
1626,-4.771289E-07,-1.161455E-05,-3.380453E-06,1.21059E-05
1627,-4.234653E-07,-1.92985E-05,-1.518252E-06,1.936276E-05
1628,-4.189877E-07,-1.929593E-05,-1.516118E-06,1.935993E-05
1629,3.102327E-06,-2.28717E-06,1.766554E-06,4.239846E-06
1630,-1.803831E-07,-1.67554E-05,-1.956988E-06,1.687027E-05
1631,1.145156E-05,-1.952267E-05,-6.57877E-07,2.2643E-05
1632,3.106891E-06,-2.282738E-06,1.76901E-06,4.241822E-06
1633,-3.807127E-06,7.278487E-06,2.360103E-06,8.546384E-06
1634,-3.8154E-06,7.27913E-06,2.341007E-06,8.545369E-06
1635,-0.0002218368,0.0009726437,0.0009518418,0.001378858
1636,0.0001741629,0.0003881347,0.0007163145,0.0008331193
1637,4.447464E-07,-1.872281E-06,-3.24164E-06,3.769809E-06
1638,-3.049976E-09,1.333856E-06,-5.522955E-06,5.681744E-06
1639,4.705523E-07,2.312136E-06,-7.482035E-06,7.845269E-06
1640,8.123865E-07,2.06008E-06,-4.729649E-06,5.222402E-06
1641,1.329795E-06,2.400101E-06,-5.200965E-06,5.880381E-06
1642,5.274807E-07,-8.909136E-07,-4.134903E-06,4.262556E-06
1643,5.319342E-07,-1.649172E-06,-5.468918E-06,5.736879E-06
1644,-0.000216831,-9.816791E-05,-0.0002453171,0.0003418086
1645,-0.0001334849,-3.13748E-05,0.0002694947,0.0003023739
1646,-0.0001388596,-0.0002418485,0.000348325,0.0004462096
1647,-5.347628E-05,-4.656743E-05,-0.0001438666,0.0001603928
1648,0.0001775462,4.074661E-05,-4.630977E-05,0.0001879562
1649,-0.06901801,0.1915865,0.03403237,0.2064633
1650,1.058162E-06,-1.853242E-05,1.753464E-06,1.864524E-05
1651,5.560321E-07,-1.596265E-06,5.247368E-06,5.512904E-06
1652,1.055725E-06,-1.853587E-05,1.745473E-06,1.864778E-05
1653,-6.637205E-06,-1.061254E-05,4.256002E-06,1.32209E-05
1654,-1.095478E-07,-7.686522E-06,5.596772E-07,7.707649E-06
1655,1.627513E-06,-2.559128E-06,9.461459E-07,3.176968E-06
1656,-2.227722E-06,-1.418947E-05,-1.135512E-06,1.440809E-05
1657,6.248627E-06,-1.843539E-05,-4.856985E-06,2.006239E-05
1658,0.005769668,-0.001978666,0.01156108,0.01307144
1659,5.384233E-06,7.694766E-06,1.102035E-05,1.447921E-05
1660,5.469709E-06,7.655989E-06,1.105847E-05,1.45197E-05
1661,1.132776E-05,2.688939E-05,1.07689E-05,3.110188E-05
1662,1.030658E-05,2.718046E-05,1.05576E-05,3.092679E-05
1663,0.0006514624,6.536037E-05,-0.0001818227,0.0006795106
1664,2.533563E-07,2.996817E-05,-3.931513E-05,4.943516E-05
1665,-7.583928E-05,8.493426E-05,2.738766E-05,0.0001171132
1666,0.001606475,0.003510906,0.0006368387,0.003913156
1667,1.438342,-4.362698,9.796032,10.81962
1668,-3.663749E-06,-1.552858E-06,8.551987E-06,9.432439E-06
1669,-2.326925E-06,4.23675E-06,-3.675746E-06,6.07254E-06
1670,-4.353005E-06,-2.205896E-05,-5.614494E-06,2.317475E-05
1671,-6.408156E-06,-2.501936E-05,3.017784E-06,2.600268E-05
1672,4.124204E-06,6.137672E-06,-3.055103E-06,8.000858E-06
1673,-6.107773E-06,7.034652E-06,2.765282E-06,9.717922E-06
1674,6.192097E-06,-2.375635E-05,-1.358073E-07,2.455045E-05
1675,5.934031E-06,-3.743738E-07,-4.796329E-06,7.639218E-06
1676,-2.090303E-06,-1.803581E-05,2.107473E-06,1.827844E-05
1677,-1.288026E-05,1.452793E-05,-1.822877E-05,2.663174E-05
1678,-4.549323E-06,8.400379E-06,-1.844914E-05,2.077579E-05
1679,4.323815E-05,8.723092E-05,0.0001303956,0.0001627322
1680,7.370696E-05,0.0003753414,-0.0003780357,0.0005377964
1681,2.010628E-05,1.967384E-05,-9.439073E-06,2.967185E-05
1682,-4.068323E-05,-1.241925E-05,-7.13922E-06,4.313156E-05
1683,2.216069E-05,2.193756E-05,2.138521E-06,3.125582E-05
1684,-4.601173E-06,7.041178E-05,-4.443122E-05,8.338539E-05
1685,-0.2239301,-0.3594042,-1.08833,1.167809
1686,3.149074E-06,-1.41136E-05,-4.837232E-07,1.446874E-05
1687,-3.64328E-06,-6.556419E-06,-1.076783E-06,7.577571E-06
1688,-8.396591E-07,-1.183419E-05,3.193334E-06,1.228619E-05
1689,9.08117E-07,3.835588E-07,-2.752432E-06,2.923641E-06
1690,9.038211E-07,3.813882E-07,-2.748189E-06,2.918029E-06
1691,-8.391995E-07,-1.183304E-05,3.196286E-06,1.228582E-05
1692,-4.493743E-06,3.178193E-06,3.357743E-06,6.447408E-06
1693,-4.492546E-06,3.181852E-06,3.351867E-06,6.445321E-06
1694,3.133166E-06,-1.412676E-05,-4.806832E-07,1.447802E-05
1695,-4.654211E-05,9.728104E-05,-5.511162E-05,0.0001211076
1696,-0.0001065507,1.498642E-06,-5.002625E-05,0.0001177197
1697,0.001349421,-0.0003444099,-0.0004107678,0.001451994
1698,1.586339E-05,7.351248E-05,5.662719E-06,7.541749E-05
1699,0.0004854204,0.001731033,-3.180509E-06,0.001797809
1700,0.01366659,0.02321187,0.01008407,0.02876204
1701,-0.0006205481,0.00243136,0.005430558,0.00598227
1702,-3.97309E-07,-1.534057E-05,9.445736E-07,1.537476E-05
1703,-3.925623E-07,-1.533963E-05,9.423263E-07,1.537356E-05
1704,3.489102E-06,2.329844E-06,4.628958E-07,4.220933E-06
1705,-1.907472E-06,-9.502725E-06,2.541919E-06,1.002006E-05
1706,-8.076287E-06,3.332666E-06,-2.873157E-06,9.197179E-06
1707,1.125769E-06,-1.484237E-05,-3.250128E-06,1.52357E-05
1708,1.131972E-06,-1.484384E-05,-3.244684E-06,1.523644E-05
1709,-8.070385E-06,3.332153E-06,-2.872137E-06,9.191493E-06
1710,0.0002574557,0.0001284763,-0.0001343278,0.000317543
1711,3.664604E-05,8.978518E-05,3.205898E-05,0.0001021376
1712,0.00332239,0.0007235862,-0.001345193,0.003656692
1713,0.0003881843,0.0003852385,-0.0002157538,0.0005879162
1714,-1.19901E-05,2.143896E-05,3.478987E-05,4.258786E-05
1715,0.0001620748,7.912391E-05,-5.654539E-05,0.0001890138
1716,-3.254605E-05,1.486367E-05,0.0001885138,0.0001918792
1717,5.830431E-05,-3.258387E-05,-0.0001095178,0.000128278
1718,-3.666831E-05,9.32351E-05,6.409038E-05,0.0001189324
1719,-1.043425E-06,1.751093E-06,1.231428E-07,2.042113E-06
1720,-8.100266E-07,1.278797E-06,-9.195321E-08,1.516549E-06
1721,4.083438E-07,-2.273526E-06,-1.158987E-07,2.312812E-06
1722,-7.069459E-07,-4.279958E-06,3.823027E-07,4.354764E-06
1723,1.510901E-06,-2.143203E-07,5.662148E-08,1.527076E-06
1724,-1.001089E-08,3.338002E-06,3.767309E-08,3.338229E-06
1725,-2.746778E-07,-6.4016E-07,-1.119337E-07,7.055366E-07
1726,3.56135E-05,-2.757254E-05,-7.451858E-06,4.56519E-05
1727,3.578321E-05,-2.830026E-05,-7.460197E-06,4.622767E-05
1728,0.000293104,0.001022166,-0.0001087997,0.001068911
1729,0.04913492,0.09365655,0.03707205,0.112072
1730,-11.13154,5.715046,-20.70635,24.19351
1731,2.294162E-06,-1.139119E-05,1.704639E-06,1.174428E-05
1732,-3.763269E-06,-1.500782E-06,-7.69097E-07,4.12384E-06
1733,-2.117725E-08,-1.152144E-05,-1.971002E-06,1.168883E-05
1734,-5.560782E-06,-1.247727E-05,-1.061706E-06,1.370152E-05
1735,-2.114603E-06,-6.137645E-06,1.111559E-05,1.28724E-05
1736,-5.563182E-06,-1.247672E-05,-1.064612E-06,1.370223E-05
1737,-2.305097E-08,-1.151571E-05,-1.960615E-06,1.168144E-05
1738,3.926517E-07,-2.569282E-06,-1.194252E-06,2.860354E-06
1739,1.785186E-06,-1.153457E-05,-4.578701E-06,1.253785E-05
1740,1.880338E-06,-1.882779E-06,-2.664434E-06,3.765599E-06
1741,1.707798E-06,-1.93871E-06,-1.098133E-06,2.807324E-06
1742,2.527255E-05,2.888604E-05,0.0001333936,0.0001388055
1743,-0.0003132526,-7.031611E-05,-3.925233E-05,0.0003234383
1744,1.29648E-05,0.0001080083,-0.0001291545,0.0001688631
1745,6.320055E-05,-9.347105E-06,6.030409E-05,8.785363E-05
1746,-0.001024994,-0.001751483,0.0006009361,0.002116466
1747,0.0005791624,0.0003198982,-0.00189944,0.002011377
1748,-2.219758E-05,1.694889E-05,5.303916E-06,2.842761E-05
1749,-2.221579E-05,1.694246E-05,5.280627E-06,2.843366E-05
1750,-3.538358E-05,5.077291E-06,3.55761E-05,5.043249E-05
1751,-3.541536E-05,5.075538E-06,3.558995E-05,5.046437E-05
1752,-4.0613E-06,4.969287E-06,7.251786E-06,9.68382E-06
1753,-9.733163E-05,8.685617E-05,-0.0001447964,0.0001948934
1754,0.0002655145,7.426977E-06,-0.0001082052,0.0002868127
1755,1.005733E-05,-1.105802E-05,-1.780431E-05,2.324701E-05
1756,-2.627941E-06,1.194407E-05,1.946152E-05,2.298517E-05
1757,3.986739E-05,0.0001235618,0.0001244407,0.00017984
1758,-9.026399E-05,-7.726488E-06,-1.859821E-05,9.24834E-05
1759,0.0001043309,3.557897E-05,2.760217E-05,0.0001136339
1760,1.005805E-05,-1.106001E-05,-1.781501E-05,2.325646E-05
1761,0.1636517,0.08691702,0.0380512,0.1891675
1762,-0.1700932,-0.08409388,-0.039914,0.1938984
1763,4.438229E-07,-3.859446E-07,2.122162E-06,2.202159E-06
1764,4.937461E-06,-1.314117E-05,-3.980697E-06,1.45916E-05
1765,4.937332E-06,-1.314314E-05,-3.977542E-06,1.459247E-05
1766,-4.307761E-06,-5.085403E-06,-2.76984E-06,7.21735E-06
1767,1.478087E-06,-1.356768E-05,4.209039E-06,1.428225E-05
1768,4.394014E-07,-4.594091E-06,-6.459961E-06,7.939134E-06
1769,-2.846541E-06,-1.061601E-06,-6.498172E-06,7.173287E-06
1770,-5.576929E-06,4.673023E-06,2.05513E-08,7.275968E-06
1771,-2.252207E-06,-9.820684E-06,3.147893E-06,1.055592E-05
1772,5.151105E-06,-2.993904E-06,1.558608E-07,5.960003E-06
1773,-1.513544E-06,1.124788E-06,-4.139664E-06,4.548932E-06
1774,4.781945E-07,-5.338348E-06,7.594743E-06,9.295523E-06
1775,9.589849E-07,-1.264832E-06,5.35737E-06,5.587563E-06
1776,9.643255E-07,-1.264995E-06,5.358525E-06,5.589627E-06
1777,-5.571012E-06,4.703398E-06,1.948655E-08,7.290988E-06
1778,-0.00018319,-0.0001026543,-0.0001016578,0.0002333041
1779,-4.65176E-05,2.273222E-05,-1.363909E-05,5.354125E-05
1780,8.359308E-05,-2.289522E-05,5.870517E-05,0.0001046819
1781,-9.028121E-05,1.613419E-06,-1.244245E-05,9.114886E-05
1782,0.001899694,0.004584283,-0.00103185,0.005068451
1783,0.001909053,0.0003876807,0.0007083803,0.00207282
1784,-2.797831E-05,-8.093028E-09,-7.289902E-06,2.891243E-05
1785,-1.419111E-05,1.356501E-06,6.633042E-06,1.572339E-05
1786,-1.201646E-05,1.087428E-06,4.029293E-06,1.272057E-05
1787,-2.907683E-05,1.02397E-05,1.043103E-05,3.254412E-05
1788,4.765106E-06,-3.306426E-06,-8.399419E-06,1.02073E-05
1789,8.568511E-06,3.100405E-06,6.725687E-06,1.132549E-05
1790,-2.829783E-05,1.45641E-05,-1.96084E-06,3.188613E-05
1791,0.000109832,2.678443E-06,-1.351237E-05,0.0001106925
1792,0.0001395259,-0.0001443157,-0.0003835801,0.0004329298
1793,3.147644E-05,2.966834E-05,-2.050923E-07,4.325527E-05
1794,2.494728E-05,3.501168E-05,-5.342084E-06,4.332115E-05
1795,0.000149474,-1.592079E-05,-0.0002707099,0.0003096446
1796,1.557164E-06,-1.55294E-05,-4.981381E-06,1.638295E-05
1797,1.499591E-06,-1.529813E-05,-4.930993E-06,1.6143E-05
1798,1.007616,-0.3584727,-0.3343244,1.12052
1799,-8.738769E-06,-7.416436E-06,3.405415E-06,1.195686E-05
1800,6.481609E-06,4.470818E-06,-1.295535E-06,7.979843E-06
1801,-7.111184E-06,3.230221E-06,8.85574E-07,7.860503E-06
1802,-8.739408E-06,-7.407678E-06,3.404632E-06,1.195167E-05
1803,-6.250896E-06,-1.67274E-06,-7.83282E-06,1.015996E-05
1804,6.478361E-06,4.47398E-06,-1.297592E-06,7.979311E-06
1805,-1.445635E-06,-3.519092E-06,-1.614303E-06,4.132776E-06
1806,-1.576931E-05,-6.8169E-06,-9.001433E-06,1.939503E-05
1807,-2.790592E-05,1.224705E-05,-1.913867E-05,3.598638E-05
1808,-5.373631E-05,0.0002348963,-6.937488E-05,0.0002507523
1809,2.263562E-05,-2.874113E-05,3.880004E-05,5.332792E-05
1810,-2.884471E-06,3.653677E-05,-4.193824E-05,5.569624E-05
1811,0.0005301475,0.001109766,-0.001171716,0.001698693
1812,-1.893837E-06,-3.42536E-07,5.072055E-07,1.990278E-06
1813,-1.894688E-06,-6.635147E-08,5.078433E-07,1.96269E-06
1814,-3.196336E-05,1.425378E-06,2.997956E-05,4.384589E-05
1815,1.000905E-05,-6.438453E-07,2.318649E-05,2.52628E-05
1816,-3.197487E-05,-8.765563E-07,2.997897E-05,4.383947E-05
1817,1.001582E-05,-6.635788E-07,2.317758E-05,2.525781E-05
1818,-1.20958E-05,8.116393E-06,8.619314E-06,1.692563E-05
1819,-2.82848E-06,-7.163307E-08,6.327404E-06,6.931195E-06
1820,-1.936767E-05,-7.449126E-06,-1.731122E-06,2.08229E-05
1821,-2.263591E-05,4.831848E-06,-3.395314E-06,2.339358E-05
1822,-1.210389E-05,8.11911E-06,8.623363E-06,1.693477E-05
1823,-1.255048E-05,1.821229E-05,-6.594741E-06,2.308013E-05
1824,-1.209625E-05,8.125463E-06,8.614827E-06,1.692802E-05
1825,5.424115E-06,-3.791807E-06,4.632844E-06,8.078494E-06
1826,5.63134E-06,-1.211354E-06,-7.529041E-06,9.479759E-06
1827,-5.411584E-06,1.928508E-06,-1.825692E-06,6.028063E-06
1828,1.850324E-06,2.17337E-05,-9.992366E-07,2.18352E-05
1829,1.874724E-06,2.16005E-05,-1.138055E-06,2.171155E-05
1830,3.583415E-06,3.245172E-05,-3.46619E-06,3.283244E-05
1831,8.629656E-06,3.233751E-05,-6.932109E-06,3.417952E-05
1832,0.0241812,0.2801741,-0.1131885,0.30314
1833,0.0009040298,-0.000354225,-0.0001536809,0.0009830378
1834,0.009553472,-0.0009237172,0.01362186,0.01666365
1835,-0.02180215,0.00369468,-0.01303553,0.02566923
1836,1.962281E-05,-1.238865E-05,-2.141972E-05,3.158066E-05
1837,-3.125935E-06,2.460304E-06,-2.58771E-06,4.745609E-06
1838,6.793303E-06,-1.055034E-05,7.894868E-06,1.482523E-05
1839,-1.075059E-06,-1.972764E-05,-9.38729E-06,2.187365E-05
1840,-3.164875E-06,2.486031E-06,-2.551936E-06,4.765413E-06
1841,1.963528E-05,-1.238294E-05,-2.144142E-05,3.160089E-05
1842,1.120406E-05,-1.39353E-05,-7.469774E-07,1.789641E-05
1843,1.217236E-05,5.686315E-07,1.856809E-06,1.232629E-05
1844,0.0003578441,0.000770208,0.0003180446,0.0009068766
1845,3.335429E-05,0.0001670398,2.494344E-05,0.0001721539
1846,-1.327727E-05,7.87258E-05,-7.914278E-05,0.0001124172
1847,-0.01510487,-0.08203246,-0.01030353,0.08404549
1848,-0.00377772,0.01309365,0.007908896,0.01575644
1849,5.147694E-07,1.067247E-07,-9.128348E-07,1.053397E-06
1850,-6.43048E-06,3.862788E-07,-3.468494E-08,6.442165E-06
1851,9.471382E-07,2.911572E-07,-1.628546E-06,1.906307E-06
1852,-6.430955E-06,-1.846095E-07,-3.448907E-08,6.433696E-06
1853,-1.034619E-05,-2.126537E-06,6.807308E-06,1.256604E-05
1854,-4.075831E-06,2.903596E-06,-5.193833E-07,5.031206E-06
1855,-1.024486E-05,-1.45139E-06,1.232169E-05,1.608999E-05
1856,-6.414351E-06,4.777222E-06,-5.051369E-06,9.459497E-06
1857,-8.964176E-06,-5.237108E-06,1.080824E-05,1.498672E-05
1858,1.033968E-05,5.403229E-06,-3.521131E-06,1.218615E-05
1859,-4.075475E-06,2.898397E-06,-5.204708E-07,5.028031E-06
1860,-5.275334E-06,6.155358E-06,4.710995E-06,9.376089E-06
1861,-0.0008175027,0.0003179952,8.180312E-05,0.0008809787
1862,-1.203746E-06,3.324606E-08,-2.285089E-07,1.225694E-06
1863,5.499612E-06,2.070713E-06,9.484462E-08,5.877293E-06
1864,-3.409747E-06,-8.148257E-06,-1.974514E-07,8.835125E-06
1865,-1.02984E-05,4.936916E-06,1.180235E-07,1.142122E-05
1866,-2.953671E-06,-8.626619E-06,2.66597E-07,9.12216E-06
1867,1.522276E-06,6.860031E-06,-1.29892E-07,7.028103E-06
1868,0.0004162569,0.000573821,-0.001330667,0.001507718
1869,1.444813E-05,5.103625E-06,-1.265463E-05,1.987297E-05
1870,-3.817287E-06,-1.270594E-05,-4.658864E-06,1.406121E-05
1871,0.0002417804,-0.0003050845,0.0001322511,0.0004111261
1872,-3.23005E-06,5.405857E-06,-4.240342E-06,7.591905E-06
1873,1.892538E-05,-1.057121E-05,-3.161913E-05,3.833654E-05
1874,1.533766E-05,-4.414416E-05,3.513618E-06,4.686465E-05
1875,1.239526E-06,-1.076908E-05,-1.497902E-06,1.094318E-05
1876,4.30941E-05,0.0002994446,5.271212E-07,0.0003025301
1877,-4.854795E-06,1.922944E-05,2.447939E-05,3.150525E-05
1878,-6.073819E-06,1.987093E-05,2.459021E-05,3.219353E-05
1879,-2.464849E-05,4.222013E-05,5.666599E-05,7.484064E-05
1880,-0.0002186202,0.0007445255,0.0002159419,0.0008054464
1881,2.919558E-06,-7.451426E-07,1.839429E-06,3.530235E-06
1882,-3.026399E-07,4.959991E-07,2.302882E-07,6.25011E-07
1883,2.960312E-07,1.303335E-07,-2.037282E-07,3.822649E-07
1884,2.118639E-07,2.18056E-07,5.682658E-08,3.09296E-07
1885,1.928001E-06,-6.425471E-08,-2.531029E-07,1.945604E-06
1886,-9.712953E-07,5.470772E-06,6.839426E-06,8.811952E-06
1887,2.961194E-06,-1.483508E-06,2.946134E-06,4.432739E-06
1888,3.59289E-06,-1.749302E-06,-1.003708E-06,4.120236E-06
1889,-3.693823E-06,4.42586E-06,-2.243903E-06,6.186087E-06
1890,-1.618987E-06,-8.646763E-07,5.098316E-06,5.418636E-06
1891,-7.194436E-06,5.669419E-06,2.046617E-06,9.385673E-06
1892,3.964749E-07,1.43714E-06,-7.339536E-06,7.489416E-06
1893,2.960682E-06,-1.475504E-06,2.951387E-06,4.433219E-06
1894,-8.133182E-05,6.495026E-05,-0.0002452876,0.0002664572
1895,0.000152177,-0.0003861043,0.0004425358,0.0006066897
1896,-0.000214464,-0.0002258397,0.0002150979,0.0003785042
1897,-0.0001623672,0.001925852,-0.003716551,0.004189035
1898,-0.01449015,-0.0257568,-0.007156402,0.03040709
1899,0.009755822,0.01072294,-0.002788227,0.01476251
1900,2.68036E-06,-2.21854E-05,1.016614E-06,2.236984E-05
1901,1.127047E-05,-6.674711E-06,-1.358157E-06,1.31689E-05
1902,2.237293E-05,8.071076E-06,6.853729E-06,2.475205E-05
1903,6.667268E-06,-1.000706E-05,1.272506E-05,1.750773E-05
1904,-4.559747E-07,-9.3398E-06,-6.494036E-06,1.138474E-05
1905,6.664358E-06,-1.001545E-05,1.271407E-05,1.750344E-05
1906,2.09871E-05,-1.388548E-05,1.890329E-05,3.147379E-05
1907,1.631825E-05,8.770579E-05,-6.708274E-05,0.0001116185
1908,5.231275E-05,-4.54631E-05,1.054588E-05,7.010516E-05
1909,-4.65307E-05,2.289208E-06,-1.579018E-05,4.91902E-05
1910,-4.634717E-05,1.537308E-06,-1.557387E-05,4.891799E-05
1911,5.722246E-05,0.001163219,-0.004165062,0.004324823
1912,1.305527E-06,9.898431E-07,-2.623882E-06,3.093371E-06
1913,-2.042474E-07,3.320667E-07,2.015582E-06,2.052938E-06
1914,-2.046905E-07,3.404306E-07,2.018008E-06,2.056732E-06
1915,1.304793E-06,9.940547E-07,-2.63442E-06,3.103353E-06
1916,1.18979E-06,2.031565E-07,1.946101E-06,2.290018E-06
1917,-4.582422E-06,6.412722E-07,7.959515E-07,4.695036E-06
1918,-4.585712E-06,4.473734E-07,7.860018E-07,4.674045E-06
1919,1.043362E-06,-6.097046E-07,1.807201E-06,2.17401E-06
1920,-3.642779E-06,6.243633E-06,2.288155E-07,7.23223E-06
1921,5.712361E-06,5.290354E-06,-5.1128E-07,7.802584E-06
1922,-7.776478E-07,9.540042E-06,-3.760507E-06,1.02839E-05
1923,9.38752E-06,-6.837542E-06,2.849854E-06,1.195823E-05
1924,2.804465E-06,5.553691E-07,6.395522E-07,2.929588E-06
1925,5.91485E-07,-8.396492E-06,4.253478E-09,8.417301E-06
1926,2.990635E-06,-1.165381E-05,3.31737E-06,1.248039E-05
1927,8.589526E-06,2.132551E-06,1.192983E-05,1.485425E-05
1928,8.738706E-06,4.336617E-06,8.686025E-06,1.306209E-05
1929,0.0007610022,0.0006189064,0.0006531914,0.001178486
1930,-0.01735942,-0.007439755,0.01576605,0.02460219
1931,7.670346E-06,2.911592E-06,-3.598458E-06,8.958821E-06
1932,-5.774462E-06,1.283739E-05,2.019826E-06,1.42205E-05
1933,8.347571E-07,-5.28765E-06,-2.256971E-07,5.357892E-06
1934,-6.190878E-06,-8.96542E-06,-1.072653E-05,1.528935E-05
1935,-3.39177E-06,-2.371091E-06,8.191922E-07,4.218679E-06
1936,6.968981E-06,-8.595888E-06,8.464071E-07,1.109831E-05
1937,1.211861E-05,-1.528677E-06,1.372034E-05,1.836969E-05
1938,8.534812E-06,-9.800127E-06,-2.259867E-06,1.319062E-05
1939,3.355811E-07,-1.231255E-05,1.076057E-05,1.635547E-05
1940,1.011775E-06,-4.582515E-06,-1.099868E-06,4.820046E-06
1941,1.212691E-05,-1.556339E-06,1.371556E-05,1.837391E-05
1942,8.529245E-06,-9.788983E-06,-2.264421E-06,1.317952E-05
1943,5.138336E-06,-3.014997E-06,3.289592E-06,6.805448E-06
1944,-3.637488E-05,-2.579676E-05,4.171153E-06,4.478843E-05
1945,-3.63685E-05,-2.60705E-05,4.267656E-06,4.495055E-05
1946,-2.694677E-05,-1.219372E-05,-2.718503E-05,4.017264E-05
1947,-2.728504E-05,-1.229242E-05,-2.696209E-05,4.028065E-05
1948,-0.000767426,0.001825659,0.0001200007,0.001984029
1949,-0.001701049,-0.004718286,0.0003603574,0.005028484
1950,-2.9951E-06,-6.427461E-07,1.411564E-06,3.372872E-06
1951,6.617072E-07,1.858562E-07,1.187966E-06,1.372466E-06
1952,-1.1764E-06,2.022836E-07,1.292487E-06,1.759363E-06
1953,3.125775E-07,7.156136E-07,-3.459066E-07,8.540836E-07
1954,-3.004449E-06,-2.4435E-07,1.402471E-06,3.324657E-06
1955,-1.498178E-07,3.767914E-07,7.515853E-07,8.539893E-07
1956,4.312083E-06,-3.187457E-07,8.074056E-07,4.398586E-06
1957,-7.910322E-06,4.050339E-06,1.135293E-07,8.887707E-06
1958,4.310713E-06,-3.233588E-07,8.131234E-07,4.398633E-06
1959,-1.020674E-06,-4.909581E-06,-2.686438E-06,5.688823E-06
1960,1.391213E-06,-6.226768E-06,1.285686E-07,6.381586E-06
1961,3.472239E-06,6.508015E-07,-6.097248E-06,7.046731E-06
1962,-5.532556E-06,3.275507E-07,-7.749938E-06,9.527749E-06
1963,5.948337E-08,3.537237E-06,3.071916E-06,4.685323E-06
1964,3.484711E-06,5.449642E-06,3.753185E-06,7.478516E-06
1965,3.478464E-06,5.450721E-06,3.759175E-06,7.479403E-06
1966,2.622876E-06,-1.163417E-06,-7.409629E-06,7.945792E-06
1967,1.388168E-06,-6.227164E-06,1.258658E-07,6.381255E-06
1968,0.002606631,0.002473596,-0.002129841,0.004177251
1969,3.919829E-05,-0.0001250801,1.647441E-05,0.0001321096
1970,0.0007013537,0.001518328,0.001594811,0.002310982
1971,0.01648613,0.008980981,-0.001732317,0.01885342
1972,0.02211165,-0.0005630303,0.01992686,0.02977116
1973,-4.118477E-06,8.627312E-07,-3.460995E-06,5.448362E-06
1974,-8.845557E-08,-1.234546E-05,1.008799E-05,1.594321E-05
1975,-4.120001E-06,8.612711E-07,-3.464088E-06,5.451248E-06
1976,1.457095E-06,-7.831492E-07,-1.786647E-06,2.434863E-06
1977,-1.079669E-07,-1.231444E-05,1.007705E-05,1.591239E-05
1978,-6.05622E-06,-6.052371E-06,-4.327249E-07,8.572995E-06
1979,1.460197E-06,-7.817193E-07,-1.789023E-06,2.438004E-06
1980,2.69894E-06,1.606423E-07,3.0088E-06,4.045116E-06
1981,-2.209582E-06,-6.134097E-06,-2.10036E-06,6.849884E-06
1982,-2.20887E-06,-6.13534E-06,-2.099243E-06,6.850425E-06
1983,2.417397E-06,-6.259405E-06,-2.896808E-06,7.308588E-06
1984,-1.733175E-05,7.853095E-06,1.54871E-05,2.453388E-05
1985,-5.502666E-05,2.486904E-05,-2.271777E-07,6.038587E-05
1986,-1.722427E-05,7.725676E-06,1.547473E-05,2.44096E-05
1987,7.529333E-06,1.923012E-06,1.318985E-06,7.882167E-06
1988,-4.593004E-05,-1.988455E-05,8.914115E-05,0.0001022307
1989,-2.8347E-05,-5.299958E-06,3.725364E-06,2.907783E-05
1990,-2.005624E-05,1.780535E-05,3.762995E-06,2.708216E-05
1991,-1.327763E-08,-5.698057E-06,-1.192272E-05,1.321436E-05
1992,4.551292E-05,-0.0004292345,0.0004291806,0.0006086951
1993,-0.001212695,0.0004850991,0.001629451,0.002088315
1994,-0.0003847799,0.0003042323,0.0007045892,0.0008585213
1995,2.719542E-07,1.675492E-07,-3.475084E-06,3.489734E-06
1996,-1.311513E-07,-6.644085E-08,1.949008E-06,1.954545E-06
1997,-3.942973E-07,6.938583E-07,-4.158437E-07,8.999087E-07
1998,-9.485822E-08,4.120848E-07,9.434182E-07,1.033852E-06
1999,9.237806E-07,-4.507511E-07,-1.912477E-06,2.171201E-06
2000,1.977204E-07,-1.787422E-07,1.410781E-06,1.435738E-06
2001,-2.79165E-06,6.673744E-07,-5.011919E-07,2.913742E-06
2002,-8.489866E-07,-2.868688E-06,-5.069694E-06,5.886591E-06
2003,-8.646801E-07,-2.873231E-06,-5.073839E-06,5.894656E-06
2004,-1.248105E-06,-8.008162E-06,-1.228341E-06,8.197392E-06
2005,-2.698077E-06,6.84983E-07,-3.26545E-06,4.290919E-06
2006,-7.615704E-07,3.323226E-06,3.358603E-06,4.785816E-06
2007,-2.699253E-06,6.903977E-07,-3.27357E-06,4.298706E-06
2008,3.152617E-06,-8.746661E-07,-1.591553E-06,3.638279E-06
2009,-0.0002263132,0.0005272896,-0.0003763878,0.000686236
2010,0.004164854,-0.01823634,-0.0334521,0.03832692
2011,-7.987467E-06,-6.254998E-06,2.133434E-06,1.036707E-05
2012,-7.98952E-06,-6.255142E-06,2.134243E-06,1.036891E-05
2013,-3.662641E-05,2.53482E-05,1.200184E-05,4.6131E-05
2014,-1.68346E-05,3.298499E-05,1.784906E-06,3.707558E-05
2015,-0.0009206352,0.000611873,8.336613E-05,0.001108561
2016,3.853363E-06,-9.705336E-06,-3.5122E-06,1.101715E-05
2017,3.480119E-07,-2.884829E-06,3.200907E-06,4.323096E-06
2018,3.849324E-06,-9.707607E-06,-3.509926E-06,1.101701E-05
2019,5.725457E-07,7.41974E-07,1.630112E-07,9.512658E-07
2020,-8.088279E-06,-6.243035E-06,-4.048836E-06,1.09904E-05
2021,1.088278E-06,-6.759792E-06,-9.767127E-06,1.192795E-05
2022,-1.283035E-06,-3.286094E-06,3.714312E-06,5.122568E-06
2023,5.731273E-07,7.477854E-07,1.554213E-07,9.548893E-07
2024,-6.81395E-06,-6.503031E-06,5.062291E-06,1.069327E-05
2025,-2.978113E-06,-7.963803E-06,1.31828E-06,8.604021E-06
2026,3.473992E-07,-2.887008E-06,3.201077E-06,4.324626E-06
2027,-8.087277E-06,-6.240924E-06,-4.035575E-06,1.098358E-05
2028,-2.979092E-06,-7.968589E-06,1.314734E-06,8.608247E-06
2029,6.001217E-06,-7.963854E-06,8.692801E-06,1.322885E-05
2030,2.830056E-07,-3.087211E-06,1.518666E-06,3.452146E-06
2031,-1.454711E-05,-9.355923E-06,2.887411E-07,1.729841E-05
2032,-2.915184E-05,-3.821922E-06,1.894388E-05,3.497581E-05
2033,-9.284266E-06,-1.393001E-05,1.264957E-05,2.098224E-05
2034,1.189289E-05,-9.022723E-06,5.122045E-06,1.578245E-05
2035,-1.386741E-05,-1.163779E-05,-2.531822E-06,1.827987E-05
2036,1.160192E-06,5.766431E-06,-7.975755E-07,5.935814E-06
2037,-2.299877E-05,-5.790045E-06,-1.968624E-05,3.082233E-05
2038,-4.523224E-06,4.266608E-06,1.60308E-05,1.719448E-05
2039,-1.724148E-05,2.22372E-05,-8.344565E-06,2.93495E-05
2040,5.885936E-05,-0.0001917432,-0.0004553144,0.000497535
2041,-5.975048E-06,-6.068726E-07,2.380663E-07,6.010505E-06
2042,4.396391E-06,1.657376E-06,1.878422E-07,4.702174E-06
2043,-5.980203E-06,-6.06996E-07,2.613438E-07,6.016608E-06
2044,1.960644E-06,2.346616E-06,-7.589215E-08,3.058838E-06
2045,-4.30081E-06,6.471677E-07,-1.830284E-07,4.353079E-06
2046,1.836118E-06,4.871807E-06,-1.189162E-08,5.206339E-06
2047,1.28141E-06,5.574975E-08,9.59091E-07,1.601554E-06
2048,-3.020785E-06,-2.300046E-07,-2.129286E-06,3.702959E-06
2049,1.290859E-06,-1.602204E-06,9.377817E-07,2.261152E-06
2050,-3.020279E-06,-2.419979E-07,-2.129126E-06,3.703218E-06
2051,4.169462E-06,-3.581236E-06,4.152851E-06,6.88882E-06
2052,4.160247E-06,-3.930306E-06,4.134196E-06,7.060208E-06
2053,3.698083E-05,1.540118E-06,6.328688E-05,7.331563E-05
2054,3.703624E-05,1.524569E-06,6.332773E-05,7.337853E-05
2055,-3.70001E-06,-4.408226E-06,7.970399E-06,9.831062E-06
2056,1.556889E-06,-3.497531E-06,-6.271382E-06,7.347575E-06
2057,6.044594E-07,-2.281852E-06,4.201004E-06,4.818782E-06
2058,-4.495907E-06,1.197287E-06,-5.425949E-06,7.147559E-06
2059,2.123105E-06,-4.850317E-06,-4.059791E-06,6.67196E-06
2060,6.067401E-07,-2.282113E-06,4.203553E-06,4.821414E-06
2061,2.005503E-06,2.991273E-06,-1.247662E-06,3.811354E-06
2062,2.112459E-06,-4.855262E-06,-4.065294E-06,6.675528E-06
2063,-4.495404E-06,1.197447E-06,-5.423831E-06,7.145662E-06
2064,-1.488708E-06,-7.929603E-06,1.704674E-06,8.246258E-06
2065,-0.0002798182,7.896394E-05,0.0003851289,0.0004825534
2066,-0.0001034645,-0.0003684271,0.0002523361,0.0004583851
2067,-0.0003688758,-0.0001761521,0.001804777,0.001850492
2068,-0.0006460612,0.0002948037,-0.001739867,0.001879213
2069,-3.364998E-05,9.6654E-07,-2.176999E-06,3.373417E-05
2070,-2.116167E-05,-2.052159E-06,3.835836E-06,2.160419E-05
2071,-3.629023E-05,5.212959E-06,1.21647E-06,3.66829E-05
2072,-1.302918E-05,-7.528907E-06,2.244967E-05,2.70265E-05
2073,1.086453E-05,-1.890839E-06,-3.648061E-06,1.161557E-05
2074,-1.67785E-05,2.36954E-06,2.770188E-05,3.247348E-05
2075,-6.475177E-05,0.0003288653,-0.0002482593,0.0004171065
2076,5.35345E-05,5.55187E-05,-0.0001312216,0.0001522084
2077,-2.248069E-05,-6.08896E-05,0.0001209645,0.0001372783
2078,2.628405E-06,-4.943076E-06,-1.105414E-05,1.239098E-05
2079,-2.361722E-06,-8.234315E-06,-9.617121E-06,1.287908E-05
2080,3.155984E-06,-9.210492E-06,-1.11067E-05,1.476997E-05
2081,-2.362387E-06,-8.236132E-06,-9.616831E-06,1.288015E-05
2082,-3.199048E-07,-6.287869E-06,-1.286265E-05,1.432088E-05
2083,-3.764468E-06,-4.534144E-06,-9.627746E-06,1.128819E-05
2084,-1.45457E-06,-4.831871E-06,-1.149871E-05,1.255719E-05
2085,-2.269815E-06,1.657274E-07,-9.750829E-06,1.00129E-05
2086,7.4559E-06,-1.039934E-05,6.090332E-06,1.417141E-05
2087,1.58291E-06,-1.377237E-05,-2.496429E-05,2.85552E-05
2088,-1.175652E-05,-1.695712E-05,3.125591E-05,3.745253E-05
2089,-3.604345E-06,9.656447E-06,-2.525777E-05,2.72799E-05
2090,2.172393E-05,-3.250326E-06,-1.428834E-05,2.620402E-05
2091,-2.102543E-05,-3.005119E-06,1.503278E-05,2.602083E-05
2092,-2.531506E-06,1.50116E-05,2.679042E-06,1.545749E-05
2093,-5.228549E-06,5.813519E-06,-1.060234E-06,7.890426E-06
2094,8.346065E-06,6.749576E-06,-1.141926E-05,1.567205E-05
2095,8.144839E-06,8.172406E-06,-1.064718E-05,1.569997E-05
2096,7.443011E-06,-1.039593E-05,6.096173E-06,1.416465E-05
2097,-7.885325E-06,-1.681918E-06,-4.05459E-05,4.133978E-05
2098,-2.350858E-06,3.529252E-07,8.193992E-06,8.531858E-06
2099,2.304016E-05,2.957717E-05,-2.348967E-05,4.424277E-05
2100,3.224708E-08,3.603706E-06,1.698635E-06,3.984106E-06
2101,5.96053E-06,-6.981555E-07,-7.281739E-06,9.43605E-06
2102,7.083152E-06,4.414576E-05,6.957995E-05,8.270665E-05
2103,2.354711E-06,2.08232E-06,2.820069E-06,4.222974E-06
2104,3.973441E-06,-1.965872E-06,-6.330386E-07,4.478127E-06
2105,-1.800542E-06,-8.366374E-06,-3.533391E-06,9.258672E-06
2106,-4.082472E-06,-1.496707E-05,-1.253983E-06,1.556445E-05
2107,-8.350977E-06,0.0002207379,-4.241051E-07,0.0002208963
2108,3.980835E-06,-1.590279E-06,-6.358766E-07,4.333633E-06
2109,7.087789E-06,-8.377082E-06,-1.5075E-05,1.864585E-05
2110,-2.177341E-06,1.463746E-05,5.734261E-06,1.587066E-05
2111,-2.099464E-06,1.299205E-05,6.449598E-06,1.4656E-05
2112,7.100188E-06,-8.372434E-06,-1.503818E-05,1.861873E-05
2113,-1.867905E-06,9.185846E-06,7.796438E-06,1.219234E-05
2114,5.999588E-06,2.780555E-06,1.84056E-06,6.863978E-06
2115,7.613755E-06,2.160902E-06,7.783839E-06,1.110076E-05
2116,-5.529237E-06,4.394343E-06,4.057862E-06,8.145487E-06
2117,-5.51327E-06,4.406627E-06,4.056778E-06,8.140759E-06
2118,-4.44683E-06,-9.890411E-06,-4.84806E-06,1.187848E-05
2119,5.999566E-06,2.785339E-06,1.840515E-06,6.865887E-06
2120,-0.0002331812,0.0002269752,4.571554E-05,0.0003286048
2121,6.437608E-06,4.901669E-05,4.345526E-05,6.582126E-05
2122,-8.476221E-05,4.376301E-05,-2.92664E-05,9.978154E-05
2123,0.005673045,0.006904949,0.002958795,0.00941362
2124,-0.02103142,-0.01057727,-0.006589974,0.02444641
2125,-1.524285E-05,-6.329001E-07,3.706124E-06,1.569969E-05
2126,-4.804494E-06,-3.941391E-06,-3.167682E-06,6.975094E-06
2127,-1.858742E-06,2.47209E-06,8.8395E-06,9.364983E-06
2128,-2.094956E-05,-5.895444E-06,1.29005E-05,2.529948E-05
2129,-3.839947E-07,3.343627E-06,1.025225E-06,3.518292E-06
2130,-1.951164E-05,4.137174E-06,2.011553E-05,2.832763E-05
2131,-1.186874E-05,1.796952E-06,7.682796E-06,1.425206E-05
2132,-2.111304E-06,2.860987E-06,4.704823E-06,5.897306E-06
2133,1.589579E-05,7.203571E-06,-1.03465E-05,2.028836E-05
2134,-1.881936E-06,-4.049494E-06,2.547062E-06,5.140779E-06
2135,0.0004748707,4.493376E-05,-0.0009242776,0.001040101
2136,-0.07048262,-0.001679332,-0.02283606,0.07410874
2137,-0.2441984,0.5029892,0.03311678,0.560114
2138,-3.535819E-07,-1.465365E-06,1.284897E-06,1.980726E-06
2139,-8.244634E-07,-2.950872E-06,-1.232924E-06,3.302649E-06
2140,-1.37367E-06,-1.60491E-06,1.985251E-06,2.898953E-06
2141,-1.372056E-06,-1.583751E-06,1.981192E-06,2.883735E-06
2142,-1.851082E-06,-8.276036E-06,-2.960447E-07,8.485689E-06
2143,-1.550847E-06,-3.462575E-06,-2.468969E-06,4.526628E-06
2144,1.990901E-06,1.301717E-05,2.797372E-06,1.346238E-05
2145,1.992994E-06,1.300694E-05,2.799102E-06,1.345315E-05
2146,-8.604792E-06,-7.53623E-06,1.200202E-05,1.657968E-05
2147,-8.603464E-06,-7.536353E-06,1.201057E-05,1.658523E-05
2148,-3.774856E-06,-1.048978E-06,-3.066378E-06,4.975196E-06
2149,5.276908E-06,-6.990902E-06,1.151709E-05,1.446934E-05
2150,5.26746E-06,-7.009017E-06,1.148941E-05,1.445265E-05
2151,-3.772504E-06,-1.045738E-06,-3.104646E-06,4.996417E-06
2152,-1.618714E-07,-1.87336E-06,9.825631E-06,1.000393E-05
2153,4.907364E-06,-3.931164E-06,1.682861E-06,6.509094E-06
2154,-6.57016E-07,3.142575E-06,1.493485E-07,3.213993E-06
2155,2.681824E-06,4.633353E-06,-2.633527E-06,5.966205E-06
2156,-2.827264E-07,8.098519E-06,1.333146E-06,8.212382E-06
2157,8.373321E-07,-3.599005E-08,8.820709E-07,1.216745E-06
2158,-1.254009E-06,-4.518767E-06,4.246158E-06,6.326267E-06
2159,-8.065721E-05,3.956727E-05,0.0002116254,0.0002299053
2160,-9.141675E-05,0.0001572055,-0.0001221976,0.0002190955
2161,0.002337734,0.0005731002,-0.009079132,0.009392768
2162,-0.03741375,-0.02872212,0.00716253,0.04770797
2163,-0.005195572,0.00636013,0.01310702,0.01546736
2164,7.016952E-07,-4.61418E-06,1.827733E-06,5.012349E-06
2165,3.725763E-06,-5.116859E-06,-1.132892E-06,6.430164E-06
2166,-1.931936E-05,-1.725545E-05,-2.76064E-05,3.785633E-05
2167,1.990399E-06,4.305509E-06,7.182496E-06,8.607401E-06
2168,-1.038208E-05,5.425125E-06,-8.315141E-07,1.174355E-05
2169,-6.567336E-06,-1.028056E-06,-5.493323E-06,8.623422E-06
2170,-6.746665E-06,3.544668E-06,-3.977307E-06,8.596577E-06
2171,2.414455E-07,-4.52022E-06,3.315938E-06,5.61125E-06
2172,-1.261432E-05,9.838727E-06,-1.023823E-05,1.899323E-05
2173,-1.253967E-05,9.783898E-06,-1.01339E-05,1.885905E-05
2174,-4.216611E-05,2.182156E-05,-1.848753E-06,4.751399E-05
2175,-4.223036E-05,2.177384E-05,-1.88634E-06,4.755062E-05
2176,0.2061509,0.0750409,0.04513112,0.223978
2177,-0.0006167598,0.0004898503,0.000396451,0.0008817706
2178,1.428642E-06,-2.990177E-06,-1.233157E-06,3.535937E-06
2179,1.33454E-06,-4.528018E-06,6.092615E-07,4.759742E-06
2180,1.441616E-06,-2.240264E-06,-1.26439E-06,2.94885E-06
2181,1.321381E-06,-4.527683E-06,6.272847E-07,4.758093E-06
2182,-1.018613E-06,-2.814199E-06,-2.380459E-06,3.824117E-06
2183,-1.023499E-06,-2.918755E-06,-2.374689E-06,3.899465E-06
2184,-2.895658E-06,-1.39856E-05,7.055871E-07,1.429964E-05
2185,-2.589924E-06,5.889259E-05,1.705865E-06,5.897419E-05
2186,-1.577206E-06,1.589566E-05,-8.17699E-06,1.794499E-05
2187,-5.646504E-07,2.395855E-06,1.00902E-06,2.660276E-06
2188,-4.877003E-06,-1.283127E-05,-1.425691E-05,1.979106E-05
2189,-4.886745E-06,-1.283658E-05,-1.426152E-05,1.980023E-05
2190,-1.568718E-06,1.592824E-05,-8.167591E-06,1.796884E-05
2191,1.344355E-05,-1.368756E-05,1.341949E-05,2.341283E-05
2192,1.348577E-05,-1.367676E-05,1.346802E-05,2.345863E-05
2193,1.555142E-08,-4.127058E-07,1.230734E-06,1.298181E-06
2194,8.888429E-06,-7.641999E-06,-3.854585E-06,1.233945E-05
2195,-1.799233E-06,3.158787E-06,3.739291E-06,5.215119E-06
2196,-9.916469E-07,-4.354991E-06,-1.348353E-06,4.66555E-06
2197,1.720167E-06,-3.104099E-06,-4.10577E-07,3.572531E-06
2198,3.0181E-06,6.904421E-06,2.517186E-07,7.539451E-06
2199,-1.810581E-06,3.151439E-06,3.74872E-06,5.221367E-06
2200,2.259807E-07,-8.094381E-07,-5.985091E-06,6.043805E-06
2201,-1.007554E-06,-4.749051E-07,-2.490098E-06,2.727872E-06
2202,2.516612E-06,-6.552922E-06,-2.087353E-06,7.32333E-06
2203,-7.363601E-07,4.403246E-06,-2.359349E-06,5.049488E-06
2204,-3.761675E-07,-3.937052E-06,1.156952E-06,4.12073E-06
2205,-1.667628E-06,-1.831824E-05,-2.497774E-06,1.856281E-05
2206,-3.193041E-05,-9.608483E-06,1.570843E-05,3.685959E-05
2207,-9.567888E-06,-2.497398E-05,-8.567325E-06,2.808279E-05
2208,9.587072E-06,0.0001307977,0.0001323665,0.0001863352
2209,-7.067831E-05,8.707725E-06,0.0001101274,0.0001311461
2210,-1.713548E-06,-1.825689E-05,-2.654174E-06,1.852822E-05
2211,0.002435084,-0.002709275,0.002984022,0.004708948
2212,1.071596E-06,2.075196E-07,3.489367E-06,3.6561E-06
2213,-8.999617E-07,4.044006E-06,6.411388E-08,4.143432E-06
2214,-6.755207E-06,-4.611145E-06,-1.133102E-08,8.178974E-06
2215,6.792795E-07,-1.864253E-06,1.194187E-06,2.315803E-06
2216,8.068683E-06,-2.489778E-06,-2.030386E-06,8.684763E-06
2217,-1.069825E-06,2.991708E-06,2.72296E-06,4.184418E-06
2218,6.786429E-07,-1.866687E-06,1.198967E-06,2.320043E-06
2219,-4.188462E-06,-3.673383E-06,-1.414923E-06,5.747953E-06
2220,7.46732E-06,-5.442616E-06,-1.721107E-06,9.399209E-06
2221,-4.266234E-07,2.122259E-06,-7.482913E-06,7.789736E-06
2222,-1.421076E-06,-4.764766E-06,-2.788818E-07,4.979983E-06
2223,-1.421787E-06,-4.759784E-06,-2.710846E-07,4.974988E-06
2224,2.918704E-05,-4.332735E-05,5.355878E-05,7.481768E-05
2225,-3.195821E-05,0.0001312716,9.782691E-05,0.0001668043
2226,0.01148944,0.02986952,0.03504453,0.04745856
2227,-1.284963E-06,1.476216E-07,1.034053E-06,1.655955E-06
2228,-1.277652E-06,1.269332E-07,1.02744E-06,1.644427E-06
2229,8.943774E-07,-2.04549E-06,1.045596E-06,2.465199E-06
2230,8.929877E-07,-2.047231E-06,1.049742E-06,2.467902E-06
2231,3.442487E-06,-9.104169E-08,3.998712E-06,5.277187E-06
2232,3.444982E-06,-8.773247E-08,3.998308E-06,5.278453E-06
2233,2.114308E-05,9.377443E-05,-1.043297E-05,9.669291E-05
2234,9.122485E-06,-2.840599E-06,1.54303E-05,1.814891E-05
2235,9.816362E-07,6.452996E-08,-1.132075E-06,1.499789E-06
2236,9.124752E-06,-2.84066E-06,1.542783E-05,1.814796E-05
2237,1.890512E-05,-1.438648E-05,-8.326547E-06,2.517351E-05
2238,9.274849E-07,8.296951E-08,-1.097286E-06,1.439149E-06
2239,-3.802025E-06,2.418781E-06,7.776991E-07,4.572823E-06
2240,2.450669E-06,4.70288E-06,3.293534E-06,6.242614E-06
2241,-2.092899E-06,-5.508076E-06,-5.206581E-06,7.863054E-06
2242,2.454824E-06,4.715022E-06,3.290868E-06,6.251992E-06
2243,5.665142E-06,1.030103E-06,-2.883046E-06,6.439479E-06
2244,-3.330656E-06,-3.906851E-06,-3.842909E-06,6.412855E-06
2245,-8.829471E-07,-2.261056E-06,-1.033163E-05,1.061295E-05
2246,3.203022E-07,3.102392E-06,-2.070412E-07,3.125748E-06
2247,2.382159E-06,-2.114776E-07,3.380931E-06,4.141268E-06
2248,-4.981474E-06,-1.094854E-05,7.412742E-06,1.41292E-05
2249,-2.331122E-05,9.111674E-06,2.425623E-05,3.485399E-05
2250,-7.619486E-06,1.473865E-06,1.005249E-05,1.269966E-05
2251,-7.759186E-06,-5.018249E-06,1.915923E-05,2.12712E-05
2252,-7.755527E-06,-5.027532E-06,1.915689E-05,2.126995E-05
2253,-3.151952E-06,-3.616299E-06,5.280701E-06,7.134299E-06
2254,-4.853678E-05,0.0001363498,2.572963E-05,0.0001470003
2255,-0.002085003,0.001561682,0.001278756,0.002901948
2256,-6.463256E-05,-9.906742E-05,5.636041E-05,0.0001310276
2257,-9.987854E-06,1.145995E-05,8.589119E-05,8.722605E-05
2258,9.365036E-05,0.0001523068,4.428536E-05,0.0001841982
2259,-3.446963E-06,4.92776E-05,4.013704E-07,4.939964E-05
2260,-3.341058E-06,4.924889E-05,-6.856828E-08,4.936214E-05
2261,-2.710573E-06,1.150176E-05,-6.17356E-06,1.333232E-05
2262,3.78524E-06,-2.583177E-06,4.913329E-06,6.718754E-06
2263,-3.499281E-06,-3.198112E-06,-1.916082E-07,4.744429E-06
2264,1.868069E-06,-1.429147E-06,-8.647909E-08,2.35364E-06
2265,-6.753582E-07,7.706352E-07,-3.428202E-06,3.578066E-06
2266,-1.983938E-06,1.620885E-06,2.11269E-06,3.320653E-06
2267,1.050197E-06,8.813607E-07,-3.247861E-06,3.525381E-06
2268,1.813217E-08,1.441415E-06,-4.953844E-06,5.15932E-06
2269,0.000164796,-8.548762E-07,-3.384529E-05,0.0001682378
2270,0.003092342,-0.002961857,0.0008295096,0.004361566
2271,-0.0004414641,-0.0007242743,0.003786051,0.003879903
2272,1.498104E-06,-1.806994E-06,1.6052E-06,2.843626E-06
2273,-1.235911E-06,-3.76198E-06,3.987894E-06,5.619899E-06
2274,6.811228E-08,-5.566825E-07,-6.136179E-06,6.161756E-06
2275,6.856115E-08,-5.566303E-07,-6.134871E-06,6.160452E-06
2276,-6.510039E-07,-2.866851E-06,2.722399E-06,4.006756E-06
2277,1.497252E-06,-1.807036E-06,1.604626E-06,2.84288E-06
2278,1.5816E-05,-3.254877E-06,-2.673251E-05,3.123087E-05
2279,1.582672E-05,-3.253648E-06,-2.672765E-05,3.123201E-05
2280,3.7157E-05,-4.80536E-06,-3.202091E-05,4.928562E-05
2281,0.0001538162,0.0001828905,7.090353E-05,0.0002492703
2282,-1.417506E-06,-1.557725E-06,-1.183684E-05,1.202276E-05
2283,-1.133841E-07,2.013891E-06,-3.936298E-06,4.423014E-06
2284,2.954386E-07,8.673717E-07,-1.33998E-05,1.343109E-05
2285,1.999509E-06,5.682313E-07,-1.33545E-05,1.351531E-05
2286,1.093245E-06,2.116672E-06,-1.123565E-05,1.148544E-05
2287,-2.723307E-06,-8.242242E-07,-1.449682E-05,1.477341E-05
2288,-2.721659E-06,4.371644E-06,-6.807533E-06,8.535877E-06
2289,1.085547E-06,-2.540157E-06,-1.473513E-05,1.499183E-05
2290,4.404154E-07,-1.802066E-06,-1.305919E-05,1.31903E-05
2291,3.55587E-07,-3.146409E-06,7.703906E-06,8.329255E-06
2292,-1.859324E-06,-2.833785E-06,-1.213624E-05,1.260063E-05
2293,1.564647E-07,-1.688895E-06,7.577182E-06,7.764698E-06
2294,-5.104256E-06,5.452481E-06,-1.965167E-05,2.102311E-05
2295,1.171026E-06,1.847407E-06,-1.827809E-05,1.84085E-05
2296,-3.344341E-07,-1.079605E-06,-1.812176E-05,1.815697E-05
2297,1.509882E-07,1.14233E-06,-1.390241E-05,1.395008E-05
2298,1.622961E-07,-9.686169E-07,-1.535306E-05,1.538444E-05
2299,-3.271643E-06,-1.812635E-06,2.06269E-05,2.096326E-05
2300,3.967329E-05,3.804143E-05,3.673092E-05,6.61081E-05
2301,1.555902E-05,7.032563E-05,-5.786369E-05,9.239039E-05
2302,3.608894E-06,5.926012E-05,-4.736328E-05,7.594779E-05
2303,-9.055819E-06,-3.060223E-05,-5.387615E-05,6.261903E-05
2304,-3.887238E-07,4.359321E-07,4.507143E-06,4.54483E-06
2305,-3.777935E-06,1.703699E-06,-8.684385E-07,4.234332E-06
2306,-1.687912E-06,-6.780193E-07,-8.874766E-07,2.023949E-06
2307,4.477802E-07,-2.711039E-06,1.836709E-06,3.305108E-06
2308,-1.576125E-06,3.016997E-06,3.668481E-06,5.004417E-06
2309,-1.967953E-06,-4.649697E-07,3.71729E-06,4.2317E-06
2310,-1.081919E-06,2.855769E-06,-5.173031E-06,6.00718E-06
2311,-2.733014E-06,1.931458E-06,-2.532081E-06,4.196585E-06
2312,-1.799231E-05,1.432605E-05,-3.188193E-06,2.321904E-05
2313,-1.800021E-05,1.432055E-05,-3.19004E-06,2.322202E-05
2314,0,0,0,0
2315,-1.529597E-06,-2.799609E-06,-1.902222E-06,3.714286E-06
2316,-1.516833E-06,-2.802813E-06,-1.904284E-06,3.712525E-06
2317,1.611776E-06,-9.017739E-07,3.63189E-06,4.074512E-06
2318,1.51157E-06,-1.950849E-06,2.659322E-06,3.628036E-06
2319,1.091699E-06,-6.547573E-08,2.035085E-07,1.112434E-06
2320,1.091821E-06,-6.686902E-08,2.029053E-07,1.112526E-06
2321,3.792687E-06,-8.346831E-07,2.699865E-06,4.72974E-06
2322,1.494108E-06,-1.943423E-06,2.679929E-06,3.631978E-06
2323,-2.201709E-08,-2.121429E-06,-5.679366E-06,6.062684E-06
2324,-2.34762E-08,-2.117745E-06,-5.670673E-06,6.053257E-06
2325,-0.0003002785,-0.0002818102,-8.387516E-05,0.0004202609
2326,-0.0001210311,-0.0001906839,-0.0002512221,0.0003378186
2327,5.676447E-06,7.329885E-07,-9.542768E-06,1.112761E-05
2328,-3.752995E-06,5.854881E-07,3.450025E-06,5.13132E-06
2329,2.387082E-06,-8.451781E-06,6.375094E-06,1.085231E-05
2330,2.299679E-06,5.684466E-06,-3.074435E-06,6.859579E-06
2331,3.110665E-06,3.253116E-06,-6.103218E-06,7.583421E-06
2332,-3.755417E-06,5.91659E-07,3.451213E-06,5.134597E-06
2333,1.285758E-06,2.732906E-06,-2.465193E-06,3.898605E-06
2334,1.282737E-06,2.741861E-06,-2.459597E-06,3.900363E-06
2335,0.0002310746,-0.001266245,0.0001333642,0.001294047
2336,0.00943741,0.0207325,0.01118216,0.02537601
2337,-1.906763E-05,2.325034E-05,2.751162E-05,4.075588E-05
2338,-1.808558E-05,1.203136E-05,1.754498E-06,2.179266E-05
2339,2.68277E-06,9.28627E-06,1.246848E-05,1.577641E-05
2340,1.081113E-06,4.729262E-06,-7.147814E-07,4.903636E-06
2341,7.391856E-07,-4.898805E-06,-6.246162E-07,4.993479E-06
2342,-0.008275605,-0.01575835,0.01129171,0.02107876
2343,-0.0001101134,-1.672609E-05,7.174644E-05,0.000132485
2344,-2.091293E-05,1.792704E-05,-3.152802E-05,4.186581E-05
2345,-2.095193E-05,1.793275E-05,-3.154504E-05,4.190056E-05
2346,-5.458381E-06,-3.424641E-06,9.182165E-07,6.508856E-06
2347,5.877787E-06,1.691737E-06,7.229687E-07,6.15898E-06
2348,2.053009E-06,-3.367172E-06,-7.730308E-07,4.01874E-06
2349,-1.560831E-06,3.914751E-06,1.0726E-05,1.152426E-05
2350,-5.46127E-06,-3.419823E-06,9.258361E-07,6.509826E-06
2351,5.87568E-06,1.711958E-06,7.080707E-07,6.160827E-06
2352,2.049969E-06,-3.37652E-06,-7.660686E-07,4.023696E-06
2353,-4.195836E-08,3.69298E-06,1.980782E-06,4.190867E-06
2354,-6.09764E-05,9.257702E-06,1.109907E-05,6.26659E-05
2355,-6.110615E-05,9.130765E-06,1.101011E-05,6.275791E-05
2356,8.691292E-06,6.597237E-06,8.394475E-05,8.465095E-05
2357,5.826036E-05,0.0001875818,0.0001109868,0.0002256087
2358,0.1095632,0.01147854,-0.04922082,0.1206588
2359,-0.007603993,0.002387752,0.004349704,0.009079758
2360,-6.922528E-06,3.794882E-06,7.834813E-06,1.112236E-05
2361,2.859751E-06,9.45169E-06,2.40795E-05,2.602566E-05
2362,5.280902E-06,-2.77091E-06,-2.910017E-06,6.635817E-06
2363,-1.163572E-05,3.289585E-05,1.706207E-06,3.493476E-05
2364,5.28656E-06,-2.7648E-06,-2.916297E-06,6.640529E-06
2365,-1.604037E-05,3.117832E-05,-1.284263E-05,3.734051E-05
2366,-1.912561E-05,2.310979E-05,1.225832E-05,3.240552E-05
2367,-2.204903E-05,2.036963E-05,1.362694E-06,3.004894E-05
2368,-1.912076E-05,2.310953E-05,1.226745E-05,3.240593E-05
2369,-2.213672E-05,1.622076E-05,-1.26129E-05,3.020319E-05
2370,1.816303E-06,-1.595566E-06,-7.457755E-07,2.530013E-06
2371,6.79461E-07,-5.062556E-07,7.022091E-08,8.502311E-07
2372,6.781041E-07,-5.083934E-07,6.894515E-08,8.50319E-07
2373,1.814191E-06,-1.595585E-06,-7.416562E-07,2.527298E-06
2374,1.766748E-06,-2.385151E-06,-7.967211E-07,3.073289E-06
2375,1.766882E-06,-2.384981E-06,-7.94249E-07,3.072594E-06
2376,-3.652865E-07,2.669936E-06,2.616905E-06,3.756352E-06
2377,-3.972802E-07,1.731957E-06,2.601877E-06,3.150757E-06
2378,-0.0002662475,-0.0003136678,0.0001414603,0.0004350703
2379,-4.198772E-05,-7.928866E-05,-1.984501E-05,9.188843E-05
2380,-3.637059E-05,-5.408589E-05,-6.068974E-08,6.51775E-05
2381,-4.328123E-06,4.27936E-06,-9.668704E-06,1.142495E-05
2382,4.051489E-06,-7.974184E-07,-6.529211E-06,7.72535E-06
2383,3.132841E-07,1.956909E-06,-1.911622E-06,2.753532E-06
2384,3.611923E-07,4.232777E-06,-5.429555E-06,6.893978E-06
2385,-2.035423E-06,5.062582E-06,-1.087462E-05,1.216676E-05
2386,4.054839E-06,-7.878114E-07,-6.51927E-06,7.717723E-06
2387,-7.646534E-06,5.304056E-06,-2.723707E-06,9.696446E-06
2388,3.240993E-07,-1.325497E-06,-6.174201E-06,6.323191E-06
2389,3.252976E-07,-1.330489E-06,-6.18738E-06,6.337168E-06
2390,1.565121E-06,3.426961E-06,-2.434912E-06,4.485807E-06
2391,-3.480125E-06,2.408576E-06,-1.578738E-05,1.634485E-05
2392,-2.380036E-05,5.951437E-06,1.897554E-05,3.101529E-05
2393,-1.148667E-05,6.247225E-06,-1.45888E-05,1.959093E-05
2394,2.685974E-05,-2.559617E-05,3.194813E-05,4.896216E-05
2395,-6.205462E-06,4.279877E-05,1.003122E-05,4.439445E-05
2396,-2.398226E-06,7.545049E-07,-9.983858E-06,1.029554E-05
2397,-2.315965E-06,7.274227E-07,-1.010386E-05,1.039138E-05
2398,-0.01306134,-0.000987686,0.001954201,0.01324361
2399,-0.009781411,-0.03328359,-0.0118422,0.03665666
2400,-3.478233E-05,2.765758E-05,-4.950289E-06,4.471306E-05
2401,9.128926E-06,-1.249054E-05,1.547182E-05,2.187986E-05
2402,4.777345E-06,-4.159137E-06,-3.543032E-06,7.257721E-06
2403,3.47464E-06,1.327963E-05,4.01103E-06,1.43007E-05
2404,-1.928146E-06,-4.943698E-06,-6.102216E-06,8.086713E-06
2405,3.468545E-06,1.327409E-05,3.998889E-06,1.429067E-05
2406,0,0,0,0
2407,9.157808E-07,-3.044215E-06,2.337649E-06,3.945948E-06
2408,9.169276E-07,-3.044062E-06,2.340629E-06,3.947862E-06
2409,3.758843E-06,-2.890416E-06,-1.751638E-07,4.744902E-06
2410,3.762593E-06,-2.890768E-06,-1.783696E-07,4.748206E-06
2411,2.804674E-06,-3.614148E-06,1.783859E-06,4.910236E-06
2412,2.805008E-06,-3.613881E-06,1.781917E-06,4.909525E-06
2413,-2.126526E-05,-0.0001872263,-7.853729E-05,0.0002041421
2414,-0.0002256019,8.099907E-05,0.0001163567,0.0002664506
2415,4.095665E-05,0.0001899416,-7.934294E-06,0.000194469
2416,0.05666471,0.1193728,-0.0351359,0.1367307
2417,1.09527E-07,1.22679E-06,-1.067057E-05,1.074142E-05
2418,-1.888376E-07,-5.232907E-07,-1.08697E-05,1.088393E-05
2419,-1.92873E-07,1.321908E-06,-5.943013E-06,6.091308E-06
2420,1.23051E-06,2.555617E-06,-1.191841E-05,1.225128E-05
2421,-9.961587E-07,-3.911489E-07,-7.130908E-06,7.210768E-06
2422,-1.600758E-06,-1.474542E-06,-7.230714E-06,7.551154E-06
2423,-6.913653E-07,5.314113E-09,-1.118259E-05,1.120394E-05
2424,-2.764703E-05,-2.784079E-06,-1.452602E-05,3.135466E-05
2425,-6.775265E-06,2.403611E-06,-1.000956E-05,1.232367E-05
2426,-2.763645E-05,-2.797316E-06,-1.452354E-05,3.134536E-05
2427,3.520955E-05,-2.309572E-05,-4.861136E-05,6.431321E-05
2428,-0.0009763342,-0.001743149,-0.0005995734,0.002085973
2429,0.0005996913,-0.0001535611,-4.053132E-05,0.0006203656
2430,0.0001085458,0.0001622099,-6.645279E-06,0.0001952906
2431,3.394128E-06,-4.728059E-06,-2.420061E-06,6.30328E-06
2432,-9.722362E-06,4.017637E-07,6.501602E-06,1.170284E-05
2433,1.016447E-07,3.841614E-06,-6.636784E-06,7.669109E-06
2434,-2.483021E-06,1.734953E-06,5.587022E-06,6.355334E-06
2435,2.121089E-06,4.955684E-06,1.054673E-05,1.184447E-05
2436,-1.045541E-05,-2.288851E-06,-7.126152E-06,1.285833E-05
2437,-9.71496E-06,4.04248E-07,6.492963E-06,1.169198E-05
2438,2.898512E-06,6.412467E-06,2.805451E-06,7.575728E-06
2439,-3.577064E-06,-2.377419E-06,-5.716651E-06,7.150357E-06
2440,2.878254E-05,2.478252E-05,-3.129537E-05,4.92139E-05
2441,-0.002199949,0.001067815,0.0002086885,0.002454293
2442,-4.00729E-07,3.246943E-05,-3.438185E-05,4.729203E-05
2443,-4.403574E-05,-2.269586E-05,7.869313E-05,9.298848E-05
2444,-2.925938E-06,-4.472933E-06,-2.708834E-06,5.992164E-06
2445,-2.927036E-06,-4.472234E-06,-2.705631E-06,5.990731E-06
2446,-1.066942E-06,-5.08496E-06,-3.850342E-07,5.209936E-06
2447,-1.066235E-06,-5.085036E-06,-3.864002E-07,5.209967E-06
2448,-7.874626E-07,-3.767168E-06,3.209807E-07,3.861952E-06
2449,-7.893078E-07,-3.766567E-06,3.237583E-07,3.861976E-06
2450,-0.0004010047,-0.0004290201,2.335868E-05,0.0005877148
2451,0.00022446,-0.0003708073,0.0003875008,0.0005814097
2452,0.005858034,0.01231939,-0.004431834,0.01434312
2453,4.333572E-06,6.706153E-07,2.535247E-06,5.065279E-06
2454,-4.637011E-06,-1.160122E-05,6.89525E-06,1.427006E-05
2455,-6.04945E-10,-4.634983E-06,-3.132031E-06,5.593987E-06
2456,-2.07126E-06,1.049652E-05,-1.975163E-06,1.087972E-05
2457,-9.984907E-09,-4.636889E-06,-3.130711E-06,5.594836E-06
2458,-2.058955E-06,1.049803E-05,-1.975785E-06,1.087895E-05
2459,-9.774777E-06,-7.899211E-06,-6.072802E-06,1.395789E-05
2460,0.0340523,0.005386242,-0.01356476,0.03704826
2461,0.2962192,0.04950618,-0.06267909,0.3067986
2462,1.664546E-06,-4.101423E-06,4.889948E-07,4.453257E-06
2463,1.666356E-06,-4.102028E-06,4.911216E-07,4.454726E-06
2464,-1.612385E-06,-3.423298E-06,-1.791835E-06,4.186816E-06
2465,-1.614009E-06,-3.42246E-06,-1.788191E-06,4.185198E-06
2466,-3.009353E-06,-4.458365E-06,-8.508158E-07,5.445835E-06
2467,-2.99985E-06,-4.4593E-06,-8.582808E-07,5.442528E-06
2468,7.636685E-05,-0.0001648168,-9.616234E-05,0.0002055326
2469,-0.0001416467,-8.259129E-05,-7.53656E-05,0.000180458
2470,-5.251561E-05,-4.829685E-05,0.000190405,0.0002033336
2471,0.1491069,0.1714113,-0.1032581,0.2495535
2472,-6.361487E-06,-3.960334E-06,-4.812276E-06,8.905658E-06
2473,-2.11405E-05,-6.984587E-06,6.624621E-06,2.322909E-05
2474,-6.173105E-06,-3.917191E-06,5.43399E-06,9.109328E-06
2475,3.500797E-06,3.909477E-06,5.900384E-06,7.896462E-06
2476,-6.778524E-06,9.981742E-06,-6.859641E-06,1.387942E-05
2477,-1.041042E-05,-4.075285E-06,1.258576E-05,1.683407E-05
2478,-1.026224E-05,-2.249415E-06,1.658325E-06,1.063595E-05
2479,-2.763175E-05,4.773062E-06,7.271185E-06,2.896836E-05
2480,-6.774345E-06,9.983954E-06,-6.854646E-06,1.38765E-05
2481,6.696883E-06,1.946409E-06,-4.957761E-06,8.556643E-06
2482,-4.779377E-05,0.0003492938,0.0002401706,0.0004265821
2483,-4.835598E-07,8.955743E-05,4.842074E-05,0.0001018103
2484,8.079718E-06,-3.078968E-05,-1.637221E-06,3.187424E-05
2485,-9.768255E-05,5.122181E-06,5.623977E-05,0.0001128319
2486,-0.0001593362,-0.0003218183,-0.0001529785,0.0003903299
2487,-4.250834E-05,-5.826003E-06,-3.946474E-05,5.829551E-05
2488,1.312953E-06,-4.934069E-06,2.290752E-07,5.110906E-06
2489,1.058894E-06,-3.550518E-06,-5.783968E-07,3.749931E-06
2490,1.311714E-06,-4.933692E-06,2.247002E-07,5.110029E-06
2491,-2.119109E-06,-5.058371E-06,7.201818E-07,5.531402E-06
2492,1.055478E-06,-3.551557E-06,-5.780654E-07,3.7499E-06
2493,-2.119191E-06,-5.05781E-06,7.25779E-07,5.531651E-06
2494,-1.377409E-06,-4.316632E-06,1.229248E-06,4.69485E-06
2495,-1.376818E-06,-4.315918E-06,1.225296E-06,4.692987E-06
2496,-2.321482E-05,-1.208967E-05,5.799026E-06,2.680889E-05
2497,8.621619E-05,-2.026171E-05,0.000155197,0.0001786893
2498,-7.073313E-05,-3.954788E-06,-1.891911E-05,7.332632E-05
2499,0,0,0,0
2500,0.002228566,-0.0004469016,0.002472507,0.003358499
2501,2.127427E-05,0.002053595,-0.002485681,0.003224332
2502,-1.931417E-06,3.065005E-06,1.138337E-06,3.797426E-06
2503,-2.243324E-06,5.572369E-06,1.005329E-05,1.171121E-05
2504,5.860537E-06,2.21408E-06,-6.412344E-06,8.96472E-06
2505,-5.54363E-06,-3.355168E-06,-4.560825E-06,7.924021E-06
2506,4.38143E-06,1.849041E-06,7.527272E-06,8.90369E-06
2507,-3.256659E-06,-1.804504E-06,-1.182577E-05,1.239802E-05
2508,1.20369E-06,-4.459045E-07,-1.27542E-05,1.281863E-05
2509,2.492746E-06,-2.848753E-06,-9.424683E-06,1.015647E-05
2510,-1.413577E-05,-5.903612E-06,-1.798029E-06,1.542419E-05
2511,-7.695589E-06,2.573508E-06,-9.481701E-06,1.247989E-05
2512,3.47515E-06,1.109774E-06,-3.256694E-06,4.890227E-06
2513,-5.097892E-06,-4.566304E-07,-4.455004E-06,6.785579E-06
2514,0.0001440593,4.645805E-05,6.742719E-05,0.0001657041
2515,-4.617556E-05,0.0001133349,-5.108166E-05,0.0001326134
2516,5.444384E-05,2.204988E-05,-8.887179E-05,0.0001065294
2517,-2.057546E-05,-0.0001095839,0.0001510769,0.0001877663
2518,-0.00696286,0.005644446,0.006657543,0.01116531
2519,-0.005493572,0.02676546,0.04440537,0.05213834
2520,2.419401E-06,-2.779773E-06,-4.755416E-07,3.715747E-06
2521,2.418828E-06,-2.779387E-06,-4.766412E-07,3.715226E-06
2522,-1.045682E-06,-5.690631E-06,-1.295563E-07,5.787359E-06
2523,-1.184055E-06,-3.602907E-06,-1.481143E-06,4.07145E-06
2524,-4.501458E-07,-5.338119E-06,-8.444293E-07,5.42321E-06
2525,-1.185E-06,-3.602096E-06,-1.485248E-06,4.072504E-06
2526,-6.721916E-05,-0.0001057919,-3.967149E-05,0.0001314693
2527,-1.745916E-06,-1.116397E-05,-4.636319E-05,4.772031E-05
2528,-8.442414E-05,-6.021446E-05,-4.493318E-05,0.0001130142
2529,-1.213995E-05,0.0002476973,-2.994626E-05,0.0002497961
2530,9.554595E-07,1.915144E-05,6.037052E-06,2.010315E-05
2531,9.562788E-07,1.914759E-05,6.044946E-06,2.010189E-05
2532,0.0006804591,0.004908953,0.0007580539,0.005013531
2533,-6.18396E-07,1.117854E-06,-6.677066E-06,6.798178E-06
2534,2.206039E-07,3.925341E-08,-1.093111E-05,1.093341E-05
2535,-5.127873E-07,-1.493371E-06,-1.27076E-05,1.280532E-05
2536,-1.541096E-06,-1.283575E-06,-6.574366E-06,6.873488E-06
2537,-1.53953E-06,-1.280055E-06,-6.574847E-06,6.872941E-06
2538,-1.351607E-06,1.394581E-06,-8.607904E-06,8.824268E-06
2539,-4.505293E-07,5.374788E-07,-8.823028E-06,8.850858E-06
2540,-1.881555E-05,4.615535E-06,-4.19166E-06,1.982166E-05
2541,-1.882994E-05,4.630087E-06,-4.188848E-06,1.983811E-05
2542,-3.907198E-05,2.189661E-05,-1.86687E-07,4.478969E-05
2543,-3.907501E-05,2.185221E-05,-1.866674E-07,4.477064E-05
2544,2.886631E-05,3.545853E-05,-3.562935E-05,5.796569E-05
2545,0.03416884,0.05946948,-0.07154001,0.09910651
2546,-0.0001441433,0.0004438388,-0.0004836203,0.0006720556
2547,-4.894704E-07,-3.373559E-06,1.498622E-06,3.723755E-06
2548,-1.144365E-06,-4.865554E-06,8.527562E-07,5.07054E-06
2549,-1.940313E-07,-4.606308E-06,1.399082E-07,4.612516E-06
2550,-1.936883E-07,-4.606338E-06,1.398806E-07,4.61253E-06
2551,-1.138736E-06,-4.86387E-06,8.670474E-07,5.070081E-06
2552,-4.953575E-07,-3.372968E-06,1.490557E-06,3.720759E-06
2553,-5.079195E-05,-0.0003148967,-0.0001663718,0.000359749
2554,-2.040225E-05,0.0002375074,7.159812E-06,0.0002384895
2555,0,0,0,0
2556,1.955479E-05,1.331508E-05,1.784652E-05,2.96341E-05
2557,1.956144E-05,1.33119E-05,1.785455E-05,2.964189E-05
2558,6.118139E-06,1.196283E-05,5.729584E-07,1.344876E-05
2559,-0.0001005235,8.714839E-05,0.001163687,0.001171267
2560,-9.449133E-05,-0.0002732966,0.0003008627,0.0004172984
2561,1.748934E-06,-3.171938E-06,-3.099927E-07,3.63539E-06
2562,7.827216E-07,-3.953311E-06,1.144346E-06,4.189373E-06
2563,9.845212E-07,-4.262753E-06,-7.220984E-07,4.434159E-06
2564,6.647485E-07,-3.798849E-06,1.575199E-06,4.165861E-06
2565,1.747338E-06,-3.171203E-06,-3.167975E-07,3.634567E-06
2566,9.876326E-07,-4.262914E-06,-7.146277E-07,4.433796E-06
2567,-0.002082988,-0.001594395,-0.001208193,0.002888021
2568,-4.668807E-05,0.0006125642,3.233141E-05,0.000615191
2569,-1.320437E-05,2.233542E-05,1.883409E-05,3.206165E-05
2570,-1.339706E-06,3.869423E-05,4.469641E-06,3.897455E-05
2571,-2.637132E-05,1.037102E-05,1.361344E-05,3.143772E-05
2572,-1.320037E-05,2.233292E-05,1.883017E-05,3.205596E-05
2573,-1.275645E-05,1.225147E-05,-1.260656E-05,2.171983E-05
2574,3.393914E-06,8.197353E-06,1.160976E-05,1.46117E-05
2575,3.500113E-06,1.356413E-05,7.764865E-06,1.601654E-05
2576,3.500211E-06,1.356805E-05,7.766219E-06,1.602054E-05
2577,3.399939E-06,8.17468E-06,1.160852E-05,1.459941E-05
2578,-2.940324E-06,5.091962E-06,4.56775E-06,7.445665E-06
2579,-2.938604E-06,5.082419E-06,4.562607E-06,7.435305E-06
2580,-1.333163E-05,3.777795E-06,7.658848E-06,1.583231E-05
2581,6.165378E-06,1.585411E-05,7.936396E-07,1.702922E-05
2582,-0.0001871406,0.0002501504,-0.0008897877,0.0009430371
2583,0.0008588199,-0.000509791,0.0001381721,0.001008241
2584,-0.003304734,0.001984465,0.003245283,0.005038971
2585,-7.37563E-07,-4.679218E-06,-1.101428E-06,4.863355E-06
2586,3.812131E-07,-3.771592E-06,3.480293E-07,3.806751E-06
2587,1.003316E-06,-3.298041E-06,1.394919E-06,3.718806E-06
2588,1.201637E-06,-4.274899E-06,2.016121E-06,4.876827E-06
2589,1.791986E-06,-4.189209E-06,1.487536E-06,4.793063E-06
2590,3.805305E-07,-3.771478E-06,3.497778E-07,3.80673E-06
2591,5.558556E-07,-3.790386E-06,-1.345066E-06,4.060198E-06
2592,0.002282531,-0.002597533,0.00141576,0.003736509
2593,6.548534E-07,-1.086133E-05,-8.999363E-06,1.41204E-05
2594,6.605854E-06,3.368162E-05,1.022993E-05,3.581536E-05
2595,-1.024392E-05,-1.876221E-06,-2.040643E-06,1.061237E-05
2596,6.512634E-06,4.234954E-05,6.112455E-06,4.328118E-05
2597,1.600001E-08,1.617738E-05,3.370033E-06,1.652468E-05
2598,-1.161151E-06,2.795849E-05,1.455299E-05,3.154069E-05
2599,1.559458E-06,-3.853618E-06,3.777391E-06,5.617025E-06
2600,6.946329E-06,-1.564079E-06,-3.348156E-06,7.868162E-06
2601,-1.994599E-05,2.884215E-05,1.023518E-05,3.653041E-05
2602,-1.507314E-05,2.575063E-05,2.890703E-05,4.154408E-05
2603,54.45494,-26.4787,41.14005,73.20496
2604,-4.714938E-06,-1.143461E-05,-1.844111E-07,1.236993E-05
2605,4.608368E-06,2.431514E-06,3.141116E-06,6.084072E-06
2606,4.602286E-06,2.433265E-06,3.14463E-06,6.081983E-06
2607,3.171798E-06,-1.014188E-06,-2.855397E-06,4.38659E-06
2608,-4.451756E-06,4.614153E-06,1.272704E-06,6.536689E-06
2609,4.745692E-06,-1.026804E-06,3.906635E-07,4.871195E-06
2610,-2.644085E-06,-3.359525E-06,7.366414E-06,8.517139E-06
2611,-2.320735E-05,6.353551E-06,-2.440279E-06,2.418478E-05
2612,-0.001515615,0.0003330153,0.000981682,0.001836216
2613,-0.01058359,-0.005493707,0.002573373,0.01219899
2614,0.0002218909,-0.00042494,-0.0003830154,0.0006136044
2615,-0.0002508179,0.0006449376,-0.0002054644,0.0007218516
2616,-1.959561E-06,-3.239361E-06,-9.556869E-07,3.904699E-06
2617,-3.997445E-07,-4.305509E-06,1.215627E-06,4.491653E-06
2618,-4.119316E-07,-4.124773E-06,1.150617E-06,4.302018E-06
2619,-3.616553E-07,-3.868135E-06,-1.410582E-06,4.133159E-06
2620,-1.385623E-06,-3.502267E-06,-2.46891E-06,4.503481E-06
2621,-7.405039E-07,-3.305818E-06,-1.847925E-06,3.858964E-06
2622,-3.620464E-07,-3.86815E-06,-1.415113E-06,4.134756E-06
2623,-1.963183E-06,-3.238613E-06,-9.595789E-07,3.906852E-06
2624,0.001388544,-0.001386544,-0.0005301761,0.002032645
2625,0.0004499008,-0.002537477,0.0001876762,0.002583877
2626,-4.365653E-06,5.93337E-06,-5.101801E-06,8.96059E-06
2627,-7.137161E-06,3.35384E-05,2.025929E-05,3.982715E-05
2628,-4.36453E-06,5.932535E-06,-5.092494E-06,8.954194E-06
2629,-3.073015E-06,-3.379046E-06,-5.586861E-06,7.216259E-06
2630,-1.755509E-06,2.757833E-07,5.24478E-06,5.537651E-06
2631,-3.057874E-06,-3.369282E-06,-5.599249E-06,7.214863E-06
2632,-7.13751E-06,3.353629E-05,2.027873E-05,3.983533E-05
2633,-3.034319E-06,-1.460172E-06,-1.679256E-05,1.712686E-05
2634,-1.063667E-05,1.712035E-08,-1.715312E-06,1.077411E-05
2635,-7.530989E-06,2.246485E-06,-1.582443E-05,1.766848E-05
2636,-7.527629E-06,2.240627E-06,-1.582083E-05,1.766307E-05
2637,-1.450559E-06,1.422866E-05,-1.559004E-05,2.115675E-05
2638,2.299683E-06,-6.32185E-07,-1.712082E-05,1.728614E-05
2639,-6.661391E-06,-8.248757E-06,-2.556237E-06,1.090644E-05
2640,3.995117E-06,3.96298E-06,5.537959E-07,5.654455E-06
2641,3.995371E-06,3.957172E-06,5.551744E-07,5.650701E-06
2642,3.235514E-06,5.636658E-06,-9.792712E-07,6.572628E-06
2643,-6.455069E-06,-6.04305E-06,2.023475E-06,9.070877E-06
2644,-2.06803E-06,-3.362245E-06,-1.813555E-06,4.34401E-06
2645,-0.001376205,0.0001939753,0.0007746577,0.001591119
2646,0.0008703819,-0.000777706,0.0002565326,0.001195073
2647,0.0001521972,-0.0002202739,-2.649796E-05,0.0002690478
2648,-3.502567E-06,-4.435625E-06,5.040325E-07,5.674222E-06
2649,-4.520814E-06,-4.385441E-06,4.747834E-07,6.316271E-06
2650,-2.790231E-06,-4.828212E-06,-3.676363E-07,5.588576E-06
2651,-1.538996E-06,-6.327444E-06,5.038516E-07,6.53138E-06
2652,-2.788152E-06,-4.827539E-06,-3.685124E-07,5.587014E-06
2653,1.021898E-06,-4.001949E-06,5.209546E-07,4.163083E-06
2654,-9.500668E-09,-3.437748E-06,2.002856E-07,3.443591E-06
2655,-1.157191E-06,-6.28614E-06,-6.810204E-07,6.427941E-06
2656,0.0002529511,-0.0004907639,0.0001524571,0.0005727798
2657,0.0003055531,4.718534E-05,0.0003236369,0.0004475824
2658,-1.279901E-06,4.818433E-07,-9.819137E-06,9.913918E-06
2659,-2.061397E-07,-2.013525E-06,-4.637457E-06,5.05992E-06
2660,8.931029E-07,-5.003209E-07,-4.091329E-06,4.217455E-06
2661,-2.193343E-07,-3.171072E-08,-7.050351E-06,7.053833E-06
2662,9.330318E-07,8.533295E-07,-3.552069E-06,3.7704E-06
2663,9.35142E-07,8.524502E-07,-3.552215E-06,3.770861E-06
2664,-7.977807E-08,-2.442011E-06,-8.568914E-06,8.910448E-06
2665,0.01710914,-0.01703369,-0.004639313,0.02458439
2666,-7.43181E-05,-9.877144E-05,-7.982689E-05,0.0001471438
2667,5.676554E-06,-3.503159E-07,-1.42497E-06,5.86315E-06
2668,5.671975E-06,-3.414443E-07,-1.425492E-06,5.85832E-06
2669,-2.787719E-06,2.986004E-06,-3.271348E-06,5.23348E-06
2670,-3.986955E-06,8.254358E-07,4.863932E-06,6.343106E-06
2671,-1.193168E-06,1.425356E-06,6.019458E-06,6.299934E-06
2672,-1.194212E-06,1.420858E-06,6.020233E-06,6.299856E-06
2673,5.361478E-06,-3.972174E-06,2.847223E-06,7.254674E-06
2674,1.987352E-06,4.806064E-06,3.117848E-07,5.210089E-06
2675,-0.002981684,-0.00450482,-0.005927557,0.008019961
2676,-0.006098291,-0.003470717,-0.00172144,0.007224845
2677,-0.000649032,0.001242771,-0.004104696,0.004337539
2678,-1.866711E-06,-4.622862E-06,-1.171509E-05,1.273181E-05
2679,-9.408824E-07,-5.212679E-06,-1.03582E-05,1.163398E-05
2680,-4.004227E-06,-4.728292E-06,-1.122885E-05,1.282489E-05
2681,-2.41747E-06,-5.002536E-06,-1.067087E-05,1.203067E-05
2682,1.717249E-06,-4.639393E-06,-9.762732E-06,1.094458E-05
2683,7.857288E-06,-1.856409E-05,-9.974617E-07,2.01831E-05
2684,-3.180719E-06,-1.809249E-05,-7.850273E-07,1.838672E-05
2685,-1.057456E-05,-2.270817E-05,-2.302744E-06,2.515522E-05
2686,-3.013384E-06,6.200597E-06,-8.741449E-07,6.949245E-06
2687,-1.099013E-05,1.397593E-05,-4.330829E-06,1.829934E-05
2688,5.929007E-06,-1.795736E-05,-7.92524E-07,1.892744E-05
2689,-1.489852E-06,2.762314E-06,-2.764023E-06,4.182088E-06
2690,1.2705E-06,-1.057059E-06,-2.320101E-06,2.848581E-06
2691,-3.54853E-06,4.87485E-06,4.422842E-07,6.045812E-06
2692,-5.522071E-06,-3.794293E-06,-1.022598E-06,6.777583E-06
2693,3.125349E-06,-6.942116E-06,5.810108E-06,9.576958E-06
2694,1.216141E-06,-1.112882E-05,-3.421877E-06,1.170636E-05
2695,7.722861E-06,-9.900915E-06,3.457006E-06,1.302389E-05
2696,-5.850414E-07,-2.204143E-06,3.42844E-06,4.117611E-06
2697,0.0008910501,0.002490666,-0.003164694,0.004124642
2698,-0.03641698,-0.04055279,-0.03711795,0.06594291
2699,0.001207032,-0.002842948,0.002003559,0.003681511
2700,-4.418931E-07,3.913955E-06,1.15512E-06,4.104706E-06
2701,-1.587041E-06,4.71856E-06,-2.106125E-07,4.982757E-06
2702,2.794944E-06,2.157931E-06,-3.007365E-06,4.63817E-06
2703,2.651657E-06,-8.144694E-06,4.264134E-07,8.57608E-06
2704,-6.611306E-07,5.662797E-06,1.500952E-06,5.895525E-06
2705,-1.174978E-07,-9.951594E-07,-1.44135E-06,1.755459E-06
2706,-2.448777E-06,-6.597257E-06,1.643208E-06,7.226372E-06
2707,2.800236E-06,2.130403E-06,-3.005648E-06,4.627511E-06
2708,-0.0001607249,0.0002114077,-0.003785735,0.003795038
2709,0.02145314,0.04802181,-0.03197598,0.06155319
2710,-0.00249502,-0.003917593,0.005184934,0.006961049
2711,-0.03423374,0.001340098,0.0605338,0.06955635
2712,-0.0003432926,0.0007079919,2.652259E-05,0.0007872774
2713,0.001367957,0.002040548,0.002991505,0.003870948
2714,1.26842E-06,-1.123494E-06,-2.919009E-06,3.375165E-06
2715,1.092435E-06,5.563214E-07,1.180228E-06,1.701719E-06
2716,1.207648E-06,-1.97649E-06,5.092057E-07,2.371543E-06
2717,1.213742E-06,-1.973688E-06,5.145177E-07,2.373466E-06
2718,-2.430507E-06,1.859006E-06,1.689323E-06,3.495294E-06
2719,1.096426E-06,5.453528E-07,1.175392E-06,1.697382E-06
2720,-0.003074297,-0.001743318,0.002921927,0.004585642
2721,0.00235774,0.006588178,-0.006310024,0.009422284
2722,-0.004714862,0.00370639,-0.006168578,0.008603406
2723,0.001886669,-0.0002759917,0.002436485,0.003093889
2724,0.01700827,-0.01100998,-0.02158877,0.02960702
2725,-0.0002075108,0.001245427,-0.001716616,0.002130943
2726,7.655983E-07,-1.568279E-06,3.131554E-06,3.585007E-06
2727,-4.699579E-07,5.405232E-06,-7.572404E-06,9.315509E-06
2728,2.742654E-07,3.017178E-07,-5.237462E-06,5.25331E-06
2729,6.362777E-07,-3.107539E-06,-4.81758E-06,5.768078E-06
2730,-6.089624E-07,-4.420806E-06,1.142985E-06,4.606602E-06
2731,1.211906E-06,2.574629E-07,-3.715017E-07,1.293452E-06
2732,7.491107E-07,1.057303E-06,-5.301937E-06,5.457985E-06
2733,-3.308183E-06,2.077049E-06,-4.139163E-06,5.691298E-06
2734,2.035369E-06,-1.117428E-06,-5.284134E-06,5.77178E-06
2735,4.761063E-07,4.307568E-07,-8.623169E-06,8.647039E-06
2736,-0.0006730219,-0.0001586942,-2.415957E-05,0.0006919003
2737,-9.95827E-07,1.57888E-07,4.618138E-07,1.108996E-06
2738,-1.009215E-06,1.621494E-07,-2.003167E-07,1.041601E-06
2739,1.721844E-06,3.174241E-07,2.271424E-09,1.75086E-06
2740,-2.007646E-06,3.873546E-07,-2.127604E-07,2.055713E-06
2741,1.419482E-06,2.249931E-06,-2.807448E-07,2.675058E-06
2742,-1.658253E-06,-8.598034E-07,-3.339562E-07,1.897522E-06
2743,-0.00218617,-0.01304256,-0.008245386,0.01558442
2744,0.0005939626,-0.0001057082,0.004192253,0.004235439
2745,-0.02580965,-0.004797811,-0.01771807,0.03167155
2746,-0.01580502,0.01735352,-0.01757255,0.02932129
2747,-1.043981E-06,2.068795E-06,-8.04582E-06,8.372875E-06
2748,-5.777112E-07,8.998408E-07,-1.146024E-05,1.151002E-05
2749,-5.776654E-07,9.030383E-07,-1.146003E-05,1.151006E-05
2750,-1.207256E-06,3.843058E-07,-1.120864E-05,1.128002E-05
2751,7.923703E-07,6.795703E-07,-1.161241E-05,1.165924E-05
2752,-1.457812E-06,-3.55809E-07,-1.098441E-05,1.108644E-05
2753,-3.835878E-06,-9.6612E-05,6.114211E-05,0.0001143982
2754,-2.057985E-05,-8.148482E-05,-0.0001239523,0.0001497581
2755,-1.82437E-06,5.533759E-06,0.0001914778,0.0001915665
2756,-0.0001833764,0.0001511678,-8.681427E-05,0.0002530125
2757,-0.000715762,-7.198739E-05,0.0004054577,0.0008257683
2758,4.20068E-07,4.541915E-06,6.13542E-07,4.602377E-06
2759,4.223074E-07,4.546821E-06,6.058403E-07,4.606405E-06
2760,-5.151279E-06,1.994508E-05,1.041013E-05,2.308057E-05
2761,7.894093E-07,2.160858E-05,1.221136E-05,2.483287E-05
2762,6.708643E-06,1.214866E-05,-1.02325E-05,1.724239E-05
2763,1.545857E-05,6.280023E-06,-5.883533E-06,1.769242E-05
2764,-0.02279875,0.01178707,-0.01917474,0.0320373
2765,0.001617802,-0.0003772982,-0.0002553088,0.00168072
2766,0.006614832,0.0003518062,0.002045155,0.006932708
2767,-4.082995E-05,7.049369E-06,-2.991912E-05,5.110706E-05
2768,-4.074712E-05,7.051103E-06,-3.001075E-05,5.109491E-05
2769,-3.774683E-05,0.0001105523,0.0001147695,0.000163764
2770,1.400337E-06,9.867697E-07,-7.470679E-06,7.664574E-06
2771,1.44825E-05,4.475157E-05,2.794635E-05,5.471238E-05
2772,1.976594E-06,2.153065E-05,9.538687E-06,2.36318E-05
2773,1.793077E-05,2.525644E-05,-1.163932E-06,3.099605E-05
2774,3.525449E-06,3.443298E-05,2.278591E-06,3.468791E-05
2775,3.523878E-06,3.444896E-05,2.282339E-06,3.470385E-05
2776,2.299675E-06,-4.053199E-06,9.089959E-07,4.747968E-06
2777,3.533374E-07,2.821636E-05,1.087116E-05,3.024021E-05
2778,5.920382E-07,2.896313E-05,-2.350304E-06,2.906437E-05
2779,-0.007658966,-0.0204823,0.0222269,0.03118044
2780,0.01746827,-0.001357026,-0.003107455,0.01779433
2781,-0.004721413,0.004861291,0.001026274,0.006853986
2782,-2.200524E-06,8.234247E-06,-2.053624E-06,8.767126E-06
2783,-3.603962E-05,-3.45903E-06,1.139816E-05,3.795704E-05
2784,-3.602346E-05,-3.45877E-06,1.141286E-05,3.79461E-05
2785,-2.147008E-06,8.233283E-06,-2.04703E-06,8.751395E-06
2786,0.03686251,0.3264813,0.08774719,0.3400712
2787,0.000182416,5.396442E-05,-6.087754E-05,0.0001997344
2788,-3.698759E-05,-1.433659E-05,1.642753E-05,4.29358E-05
2789,-3.709117E-05,-1.431194E-05,1.645614E-05,4.302779E-05
2790,-4.921985E-07,2.1402E-06,5.216974E-06,5.660348E-06
2791,1.003138E-06,2.591385E-05,9.515486E-06,2.762388E-05
2792,-4.860472E-07,2.147126E-06,5.207172E-06,5.653409E-06
2793,2.569808E-06,-4.1577E-06,-2.213142E-07,4.892787E-06
2794,2.019428E-06,2.364584E-05,1.202223E-05,2.660334E-05
2795,-4.036968E-06,-7.05232E-06,1.88148E-06,8.341001E-06
2796,5.929015E-06,1.303217E-06,-3.547624E-07,6.080909E-06
2797,3.102622E-06,1.965613E-07,-1.909109E-06,3.648232E-06
2798,-1.020655E-06,-7.058078E-07,1.378575E-06,1.854823E-06
2799,0.01111301,0.007766287,-0.003518655,0.01400697
2800,0.0004107005,0.001383701,0.001228103,0.001895136
2801,-0.000136987,-0.001713049,-0.01214734,0.0122683
2802,-2.764102E-05,-7.618235E-07,5.752088E-06,2.824345E-05
2803,-1.274264E-05,-5.806357E-06,-1.150223E-05,1.812153E-05
2804,-2.764574E-05,-7.846436E-07,5.742059E-06,2.824666E-05
2805,-1.292638E-05,-5.510591E-06,-1.159249E-05,1.821658E-05
2806,-1.923245E-06,-2.739787E-06,5.072656E-07,3.38565E-06
2807,1.73236E-06,-3.274451E-06,-1.408591E-05,1.456489E-05
2808,3.442762E-06,5.456445E-06,1.281248E-05,1.434521E-05
2809,1.679989E-06,-2.489031E-06,-9.020432E-06,9.507146E-06
2810,1.51733E-06,-7.382604E-07,3.169192E-06,3.590417E-06
2811,1.863572E-06,4.662228E-06,-3.03674E-05,3.077967E-05
2812,-1.066626E-06,2.577051E-06,-1.674497E-05,1.697566E-05
2813,2.900588E-06,-4.950066E-06,2.048367E-06,6.091993E-06
2814,2.71488E-06,3.620776E-06,-2.077133E-05,2.125861E-05
2815,-1.076625E-06,1.341812E-05,-6.323234E-06,1.48724E-05
2816,1.798348E-06,1.343119E-05,-4.463426E-06,1.426721E-05
2817,0.008849296,-0.001338473,0.0009257318,0.008997696
2818,6.655627E-06,-9.575524E-07,-2.236915E-07,6.727876E-06
2819,-6.665303E-07,-4.688239E-07,3.581449E-07,8.901271E-07
2820,-6.720895E-07,-4.709481E-07,2.338532E-07,8.533368E-07
2821,-4.261189E-07,-7.813615E-06,-3.629957E-07,7.83364E-06
2822,1.676245E-06,2.476706E-06,-1.985944E-07,2.997217E-06
2823,1.646884E-06,2.462575E-06,2.170671E-07,2.970458E-06
2824,0.03903603,0.08497948,0.02644899,0.09718474
2825,-1.382871E-05,2.380774E-05,4.169037E-06,2.784641E-05
2826,-1.36653E-05,-1.114716E-05,1.557874E-05,2.353076E-05
2827,-1.383248E-05,2.380991E-05,4.153275E-06,2.784779E-05
2828,-1.369617E-05,-1.113592E-05,1.555933E-05,2.353055E-05
2829,-2.09207E-05,-1.999618E-07,4.927469E-06,2.149409E-05
2830,-2.034471E-05,-3.754629E-05,0.0001906773,0.0001954007
2831,7.817554E-05,5.088457E-05,5.702749E-05,0.0001093288
2832,5.134521E-05,8.255589E-05,0.0001108919,0.0001474748
2833,-2.296115E-05,-1.060681E-05,1.378953E-05,2.880746E-05
2834,4.959677E-06,1.081291E-05,1.147207E-05,1.652652E-05
2835,-1.471849E-07,6.689622E-07,-5.448252E-06,5.491141E-06
2836,1.930927E-07,-3.853611E-07,-6.873614E-06,6.887116E-06
2837,1.148538E-06,-1.727323E-07,-4.060735E-06,4.22357E-06
2838,6.799513E-07,-4.018387E-07,-3.510647E-06,3.598396E-06
2839,-3.766721E-07,8.001003E-07,-7.274492E-06,7.328048E-06
2840,-1.803018E-08,4.907312E-07,-5.263341E-06,5.286199E-06
2841,-2.47537E-05,-0.0002109985,-8.619968E-06,0.0002126203
2842,-0.000636041,0.0006509692,-0.0003800964,0.0009862973
2843,-0.07920196,-0.08020023,-0.03129804,0.1169812
2844,-1.708042E-05,1.906839E-05,8.748649E-06,2.705334E-05
2845,-6.18114E-08,-2.870558E-05,5.896691E-06,2.930503E-05
2846,-1.436544E-05,1.697841E-05,-1.408187E-06,2.228487E-05
2847,-1.708557E-05,1.907359E-05,8.761948E-06,2.706456E-05
2848,1.758402E-06,-1.947824E-05,-2.44496E-07,1.955897E-05
2849,9.489348E-07,-2.579179E-05,-3.89097E-06,2.610089E-05
2850,-2.199352E-06,-9.612058E-06,4.194381E-06,1.071549E-05
2851,-2.190082E-06,-9.628586E-06,4.189693E-06,1.072659E-05
2852,-3.587114E-05,1.700629E-05,9.415415E-07,3.970943E-05
2853,-1.437823E-05,1.697071E-05,-1.405038E-06,2.228705E-05
2854,1.76684E-06,-1.945874E-05,-2.528521E-07,1.954042E-05
2855,0.0008369572,0.004999422,0.003760643,0.006311669
2856,9.693109E-07,-1.781593E-05,-7.626147E-05,7.832087E-05
2857,-5.819157E-07,1.591047E-05,-2.273184E-05,2.77528E-05
2858,1.395598E-05,-1.209194E-05,-2.981122E-05,3.506698E-05
2859,3.164628E-05,-4.886134E-05,1.784498E-05,6.088811E-05
2860,1.420143E-05,-2.879798E-06,1.974873E-05,2.449462E-05
2861,-0.03138782,0.01570085,0.0179511,0.03942022
2862,2.920164E-06,-1.753142E-05,-5.100925E-06,1.849047E-05
2863,-3.474659E-05,-7.202611E-06,3.101113E-05,4.712636E-05
2864,-3.738246E-06,-1.833611E-05,-5.793776E-06,1.958968E-05
2865,1.311772E-06,-1.215531E-05,2.633395E-06,1.250628E-05
2866,1.310321E-06,-1.215668E-05,2.629248E-06,1.250659E-05
2867,-2.893854E-05,-1.193276E-05,2.575534E-05,4.0536E-05
2868,1.298383E-07,2.700478E-06,4.991361E-06,5.676542E-06
2869,3.03841E-06,-9.36738E-06,-6.698227E-06,1.190991E-05
2870,3.035434E-06,-9.364217E-06,-6.702796E-06,1.190924E-05
2871,-1.974623E-06,-4.141812E-07,-3.176721E-06,3.763274E-06
2872,3.113204E-06,-7.732003E-05,-4.173518E-05,8.791987E-05
2873,0.0003850254,-0.0008871889,0.0009837422,0.001379528
2874,-1.766982E-05,2.532913E-05,-1.506455E-05,3.436173E-05
2875,-4.670228E-05,-3.350833E-05,-3.591383E-05,6.777695E-05
2876,-1.727635E-05,2.529022E-05,-1.527209E-05,3.422432E-05
2877,-8.185779E-06,7.481815E-06,4.85057E-08,1.108995E-05
2878,-9.967495E-05,0.0001508877,0.0002038625,0.0002725108
2879,-8.244978E-06,7.456813E-06,5.414468E-08,1.111695E-05
2880,0.0004299488,-0.0004222716,0.0005868005,0.0008411326
2881,0.02571473,-0.009708185,-0.01355518,0.03064701
2882,0.009007886,-0.003884383,0.06374397,0.06449437
2883,-3.662281E-06,8.430216E-06,2.280405E-07,9.194175E-06
2884,-8.468766E-06,-4.409348E-06,8.481446E-06,1.277095E-05
2885,-6.520814E-06,-7.017651E-06,3.474112E-06,1.019009E-05
2886,-6.523037E-06,-6.996649E-06,3.477795E-06,1.017832E-05
2887,-2.754606E-06,-2.440161E-05,3.240743E-06,2.476952E-05
2888,2.802416E-06,-1.12034E-05,-5.000123E-06,1.258455E-05
2889,-3.661986E-06,8.427405E-06,2.22825E-07,9.191352E-06
2890,0.000102604,7.282747E-05,0.0001966852,0.0002334877
2891,-1.647715E-05,1.165855E-05,-2.40038E-06,2.032683E-05
2892,-1.694003E-05,1.135768E-05,-2.765308E-06,2.058175E-05
2893,-5.068601E-05,5.041002E-05,-0.0001015161,0.0001241602
2894,7.680446E-06,7.577016E-05,4.808805E-05,9.006979E-05
2895,-0.0009957033,0.0007021333,-0.0007814676,0.001447449
2896,0.0001273617,0.0001208338,-3.463738E-05,0.0001789457
2897,0.00014124,-0.0006496736,0.001136401,0.001316598
2898,-0.004865983,0.004536267,-0.003915281,0.007719127
2899,0.001678647,0.002781364,0.005294668,0.006211872
2900,-0.008477758,0.004303552,-0.06254026,0.0632588
2901,0.00746833,0.001172734,-0.001907706,0.007796833
2902,1.768414E-06,1.009345E-05,-1.032516E-05,1.454696E-05
2903,-2.554942E-06,-4.113479E-06,6.460305E-07,4.885263E-06
2904,1.719255E-06,-7.091875E-06,-1.983367E-06,7.562029E-06
2905,-2.552107E-06,-4.079507E-06,6.396658E-07,4.854358E-06
2906,1.868515E-06,-8.212385E-06,-4.457884E-06,9.529289E-06
2907,1.012746E-07,-1.29421E-05,3.292515E-06,1.335473E-05
2908,1.719355E-06,-7.096651E-06,-1.982469E-06,7.566295E-06
2909,-8.079878E-06,-2.581066E-05,5.627103E-06,2.762497E-05
2910,-7.268837E-05,2.352914E-05,2.734841E-05,8.114897E-05
2911,7.525534E-05,0.0001681278,0.0001122737,0.0002157214
2912,-0.0001089628,0.0001319211,-0.0001711451,0.0002420057
2913,0.001464667,0.001559589,-0.001192282,0.002449306
2914,0.0001282597,0.0006897922,0.0005024073,0.0008629467
2915,3.448273E-05,6.147567E-05,-4.379896E-05,8.298594E-05
2916,-1.422208E-05,2.471695E-05,1.593692E-05,3.266773E-05
2917,-1.402322E-05,2.444425E-05,1.589028E-05,3.235233E-05
2918,-2.123137E-05,2.175363E-05,-8.122403E-05,8.672562E-05
2919,-4.506579E-07,5.47804E-05,2.153511E-05,5.886303E-05
2920,-4.141752E-05,2.192535E-05,1.560332E-05,4.939227E-05
2921,3.087909E-05,6.43466E-05,0.00019228,0.000205099
2922,-6.067275E-06,7.983303E-06,-1.967029E-06,1.021832E-05
2923,-6.43454E-06,8.913018E-06,-1.659443E-06,1.111751E-05
2924,5.515085E-06,9.453236E-08,2.989934E-08,5.515977E-06
2925,6.205702E-06,1.612357E-07,-3.775035E-07,6.219264E-06
2926,4.449923E-07,-3.239592E-06,-2.817748E-07,3.282129E-06
2927,-8.009226E-07,-7.376817E-07,5.313465E-07,1.211602E-06
2928,-3.230846E-06,1.932004E-06,1.114359E-08,3.764456E-06
2929,-3.230366E-06,1.933333E-06,-8.948917E-08,3.765773E-06
2930,0.000114306,-2.018402E-05,-2.17877E-05,0.0001181015
2931,3.004661E-05,-3.341289E-05,-3.430651E-06,4.50665E-05
2932,0.0002275975,7.912378E-05,-6.857026E-06,0.0002410564
2933,-2.052768E-05,2.179239E-05,-1.512864E-05,3.354355E-05
2934,-4.260143E-07,-9.483374E-06,5.600651E-08,9.493103E-06
2935,-4.274011E-07,-9.484264E-06,6.025253E-08,9.494081E-06
2936,1.676528E-06,4.545284E-06,2.374064E-06,5.395047E-06
2937,8.371389E-07,-1.490839E-05,1.954399E-06,1.505924E-05
2938,1.674647E-06,4.546917E-06,2.375288E-06,5.396378E-06
2939,1.473686E-06,3.570005E-06,6.00666E-06,7.141194E-06
2940,6.768597E-07,-2.717611E-06,1.302367E-06,3.088642E-06
2941,8.664288E-07,-1.154173E-05,-5.25116E-07,1.158611E-05
2942,-6.687352E-07,-1.77487E-06,3.119376E-06,3.650737E-06
2943,8.371828E-07,-1.491261E-05,1.950895E-06,1.506296E-05
2944,5.944352E-07,-3.226732E-06,6.105423E-06,6.931186E-06
2945,-3.24036E-06,5.65157E-06,-4.099822E-06,7.697318E-06
2946,8.607973E-07,-1.153766E-05,-5.295627E-07,1.158183E-05
2947,8.098359E-05,0.0001183811,-6.72325E-05,0.0001584066
2948,-7.950022E-05,0.0007970244,0.00135424,0.001573383
2949,-0.0009056515,0.0009546138,-8.913704E-05,0.001318877
2950,2.769245E-05,0.0002910825,0.0004807809,0.0005627132
2951,-2.101138E-05,2.550141E-05,-7.854426E-05,8.52115E-05
2952,0.0008397727,0.0005685076,0.0002555459,0.001045812
2953,-1.303757E-05,1.328633E-05,1.201792E-05,2.215706E-05
2954,-1.305318E-05,1.329384E-05,1.19929E-05,2.21572E-05
2955,-1.305913E-05,1.327582E-05,1.20053E-05,2.215661E-05
2956,7.015092E-06,-6.086483E-05,3.989024E-06,6.139748E-05
2957,-4.734741E-06,4.171443E-05,-2.598143E-05,4.937151E-05
2958,2.012668E-05,-2.318793E-06,1.921856E-05,2.792513E-05
2959,6.485105E-05,2.473097E-05,1.345433E-06,6.941966E-05
2960,1.202691E-06,-1.239844E-05,6.048932E-06,1.384765E-05
2961,3.947996E-06,-1.856773E-06,9.927935E-07,4.474362E-06
2962,2.790479E-06,-1.652814E-05,-9.926451E-07,1.679141E-05
2963,1.636782E-06,-7.559996E-06,3.068788E-06,8.321662E-06
2964,5.215327E-06,-2.104419E-08,-4.632742E-06,6.975843E-06
2965,1.63563E-06,-7.562864E-06,3.068727E-06,8.324018E-06
2966,-8.955978E-06,-4.249376E-07,-3.047636E-06,9.469857E-06
2967,1.525849E-05,-1.96828E-06,2.921605E-06,1.565987E-05
2968,1.541326E-05,-4.286685E-07,2.117227E-06,1.55639E-05
2969,-0.0001766464,0.002539811,0.003906273,0.004662705
2970,-0.01781805,0.1708327,-0.04353144,0.1771899
2971,0.0002373433,0.0001795504,-0.0006615718,0.0007254292
2972,0.3472136,0.3728275,0.2428291,0.564379
2973,-8.093063E-06,-0.0001157231,-1.850599E-05,0.0001174725
2974,-5.019384E-05,8.472967E-05,-5.217365E-05,0.0001114479
2975,-1.007616,0.3584727,0.3343244,1.12052
2976,1.402687E-07,-1.049093E-05,1.123916E-06,1.055189E-05
2977,1.365924E-07,-1.049114E-05,1.123973E-06,1.055206E-05
2978,1.697199E-06,-4.066306E-06,-7.04801E-07,4.462294E-06
2979,-2.191208E-06,-1.698474E-06,-8.602722E-07,2.902804E-06
2980,3.840003E-06,-1.260134E-05,-9.441669E-06,1.620754E-05
2981,2.827188E-06,-1.502805E-05,-1.372329E-08,1.529168E-05
2982,-5.702272E-07,-4.115155E-06,5.132867E-07,4.186063E-06
2983,3.839007E-06,-1.260829E-05,-9.443691E-06,1.621389E-05
2984,6.50803E-06,-1.53984E-05,-8.755827E-06,1.88714E-05
2985,-3.027717E-06,4.287084E-06,-2.342977E-06,5.747669E-06
2986,2.453206E-07,-2.651262E-06,-1.87416E-06,3.256048E-06
2987,9.270475E-06,-1.64501E-05,-1.072587E-05,2.171616E-05
2988,-4.926105E-05,-2.505588E-05,1.985058E-05,5.872388E-05
2989,-0.0002315862,-0.0006666227,0.0008249964,0.001085651
2990,-4.138757E-05,5.618807E-05,8.694597E-06,7.032515E-05
2991,0.0001266364,0.0001801985,-0.0004153664,0.0004701463
2992,0.0001115411,0.0001604314,0.0001646858,0.0002555407
2993,0.02227511,0.1018037,0.01079785,0.10477
2994,-0.0002645219,7.114827E-05,-0.0001687218,0.0003217156
2995,-4.05986E-06,2.638938E-07,3.170982E-05,3.196975E-05
2996,-4.064602E-06,-3.493633E-07,3.171735E-05,3.197864E-05
2997,-1.158559E-06,7.889801E-06,1.925712E-05,2.084294E-05
2998,-1.152383E-06,7.869231E-06,1.926622E-05,2.084322E-05
2999,-0.001336919,-5.663973E-05,0.0003304153,0.001378308
3000,0.0002422795,0.002955581,-0.003141976,0.004320436
3001,-0.0002843896,-0.0002260371,-0.0002472119,0.0004394132
3002,-3.473626E-05,2.011304E-05,0.0001507114,0.000155965
3003,2.250967E-06,-1.004797E-05,6.912242E-06,1.240192E-05
3004,4.021465E-06,1.121068E-05,-4.637578E-06,1.278119E-05
3005,-1.581461E-05,-3.688325E-06,5.690002E-06,1.720702E-05
3006,-9.110456E-06,2.229472E-05,5.356424E-06,2.467279E-05
3007,3.991873E-06,-7.079106E-06,-1.474256E-06,8.259674E-06
3008,-2.131703E-07,-1.010249E-05,1.420015E-05,1.742843E-05
3009,1.206529E-06,2.341884E-06,6.105836E-08,2.635121E-06
3010,7.715599E-07,-2.168287E-06,-4.440401E-06,5.001393E-06
3011,-2.757907E-06,7.33249E-07,-1.201488E-06,3.096333E-06
3012,4.033164E-06,1.37852E-05,2.165526E-05,2.598554E-05
3013,-1.580793E-05,-3.679343E-06,5.689124E-06,1.719867E-05
3014,-3.632628E-07,-8.37639E-06,2.830523E-07,8.38904E-06
3015,3.848697E-06,-7.603878E-06,-3.497786E-06,9.212271E-06
3016,1.739509E-05,3.257251E-06,4.801805E-05,5.11755E-05
3017,-4.483246E-05,0.0001001532,2.614318E-05,0.0001128011
3018,0.0002166742,1.592838E-05,5.000315E-05,0.0002229389
3019,4.943691E-05,8.530295E-05,6.759591E-05,0.00011954
3020,0.00128154,0.0006281068,-0.0008816152,0.001677531
3021,0.0002105259,0.0006217085,0.0003392186,0.0007388585
3022,4.567965E-06,4.790346E-07,1.080434E-05,1.174009E-05
3023,-3.129169E-05,4.773376E-07,-3.768423E-07,3.12976E-05
3024,4.569351E-06,4.767228E-07,1.080272E-05,1.173904E-05
3025,-3.128944E-05,3.960486E-07,-3.725963E-07,3.129417E-05
3026,-1.592901E-06,-8.821015E-07,5.228347E-07,1.894411E-06
3027,-1.576589E-06,-7.381626E-07,5.228501E-07,1.81766E-06
3028,-2.430346E-05,1.125542E-05,1.536115E-05,3.087568E-05
3029,-2.430474E-05,1.124908E-05,1.537641E-05,3.088197E-05
3030,0.0002791618,0.0001231575,0.0002788361,0.0004133384
3031,-0.0006185501,-0.002387917,0.002367918,0.003419326
3032,-0.001177212,-0.0001809073,-0.001168999,0.001668866
3033,-0.001822539,0.004968544,-0.002288868,0.005766022
3034,-6.973382E-08,1.001461E-06,8.180872E-08,1.007214E-06
3035,-1.999533E-05,-6.304733E-07,-2.415582E-07,2.000672E-05
3036,-3.919429E-06,-4.688564E-06,-7.607325E-08,6.111492E-06
3037,-3.919803E-06,-4.687065E-06,-4.459881E-07,6.126364E-06
3038,-2.715933E-08,9.745659E-07,4.910626E-08,9.761801E-07
3039,-2.556125E-05,0.000122058,-2.513324E-06,0.0001247311
3040,0.0001456364,-8.981217E-05,-1.409377E-07,0.0001711029
3041,-0.0004075603,-8.499544E-05,-1.589911E-05,0.0004166322
3042,-7.010334E-06,-2.87044E-06,-1.242418E-05,1.455144E-05
3043,-4.201735E-06,4.661939E-07,-6.093206E-06,7.416136E-06
3044,-4.238249E-06,-1.083205E-05,-8.140006E-07,1.166013E-05
3045,-1.97818E-06,7.01619E-08,-1.037114E-06,2.234664E-06
3046,-7.009019E-06,-2.888884E-06,-1.243089E-05,1.456019E-05
3047,-4.236606E-06,-1.084E-05,-8.141187E-07,1.166693E-05
3048,-1.977227E-06,7.729333E-08,-1.040275E-06,2.235526E-06
3049,1.674252E-05,-8.679714E-06,3.389854E-06,1.916092E-05
3050,1.673853E-05,-8.677111E-06,3.387798E-06,1.915588E-05
3051,-2.382532E-06,-5.418698E-06,1.415431E-06,6.08623E-06
3052,2.772957E-05,1.28695E-06,-3.986897E-05,4.858107E-05
3053,0.0001491537,-0.0001255276,-1.562445E-05,0.0001955713
3054,0.0006660526,0.001348479,-0.000159336,0.001512418
3055,0.0005259214,0.0005410427,-0.0002716468,0.000801943
3056,-0.003290587,0.003634209,0.001123905,0.005029771
3057,-3.416461E-06,-1.452624E-06,-2.795344E-07,3.722964E-06
3058,-3.013487E-06,4.001012E-07,-6.580681E-07,3.110343E-06
3059,7.997618E-07,2.25468E-07,5.096316E-08,8.324974E-07
3060,-4.053079E-06,-2.634096E-07,-1.65016E-06,4.384047E-06
3061,4.595718E-07,-3.302633E-07,-4.909573E-06,4.942084E-06
3062,2.707702E-06,7.142646E-07,1.508893E-06,3.180972E-06
3063,-8.037412E-06,1.254278E-05,3.210625E-07,1.490048E-05
3064,-8.037011E-06,1.254258E-05,3.258691E-07,1.49002E-05
3065,-1.682785E-05,1.600122E-05,3.990915E-06,2.356147E-05
3066,-1.674823E-05,1.605903E-05,4.197801E-06,2.358001E-05
3067,-1.240503E-05,7.445313E-06,2.426965E-06,1.466996E-05
3068,-2.833131E-05,1.796132E-05,8.986386E-06,3.47279E-05
3069,-4.291948E-06,-3.308507E-06,-8.717816E-07,5.488811E-06
3070,-1.451179E-05,6.743472E-06,1.028943E-05,1.902469E-05
3071,-1.450313E-05,6.737172E-06,1.028276E-05,1.901224E-05
3072,-9.374007E-07,3.819513E-06,7.494577E-08,3.933575E-06
3073,-1.870923E-06,-6.531808E-07,-6.489685E-06,6.7855E-06
3074,-0.004168647,-0.003109787,-0.001117771,0.005319568
3075,0.0005436928,0.0001109967,0.0003426689,0.0006521841
3076,-7.393025E-07,4.084793E-06,1.645473E-06,4.465388E-06
3077,-6.565038E-06,-7.158742E-06,4.451999E-06,1.068492E-05
3078,-1.041213E-06,-6.122067E-06,7.363893E-06,9.632795E-06
3079,-5.057612E-06,2.170465E-06,-1.317649E-06,5.659201E-06
3080,-5.635724E-06,-1.30183E-06,-6.057842E-06,8.375774E-06
3081,-7.327999E-07,4.093121E-06,1.66609E-06,4.479564E-06
3082,-4.801049E-06,-2.821773E-06,-3.013063E-08,5.568966E-06
3083,1.29784E-05,7.953643E-06,2.111814E-05,2.60322E-05
3084,-1.041652E-06,-6.11279E-06,7.358166E-06,9.62257E-06
3085,-8.956694E-07,-5.910918E-06,3.031784E-06,6.7032E-06
3086,-4.814584E-06,-2.8285E-06,-2.723293E-08,5.584029E-06
3087,0.00140923,-0.0009652284,-0.0004053803,0.001755542
3088,0.0002593247,-0.0003113425,-0.0005001297,0.0006436715
3089,6.17879E-06,3.322987E-05,1.22673E-05,3.595676E-05
3090,-0.000117295,-0.0001236896,5.166735E-05,0.00017812
3091,-0.01541517,-0.007605896,0.01254136,0.02127823
3092,-0.002483607,0.008406627,-0.004363088,0.009791641
3093,-1.891075E-09,-9.363734E-07,-3.109069E-06,3.247015E-06
3094,1.267838E-07,-2.572194E-07,-1.687957E-06,1.712143E-06
3095,1.325057E-07,-5.664438E-07,-1.689913E-06,1.787238E-06
3096,-2.971226E-06,-9.575653E-08,1.999229E-06,3.582495E-06
3097,-2.968501E-06,-1.866994E-08,2.001383E-06,3.580207E-06
3098,-1.129886E-06,8.114785E-06,2.532792E-05,2.66201E-05
3099,1.81386E-06,-3.118217E-06,3.017871E-06,4.703287E-06
3100,1.814744E-06,-3.120261E-06,3.024008E-06,4.708922E-06
3101,-1.555594E-06,3.758346E-06,3.863766E-06,5.610145E-06
3102,-6.233916E-06,8.196356E-06,8.067241E-06,1.308137E-05
3103,7.137198E-07,3.411581E-05,-1.525559E-06,3.415736E-05
3104,6.606303E-06,-1.264184E-06,-3.022289E-06,7.373983E-06
3105,-9.354542E-06,1.42273E-06,8.168387E-06,1.250017E-05
3106,-0.0002709898,0.0007010673,0.0001844236,0.000773914
3107,-0.004781223,-0.002679339,-0.001624761,0.005716537
3108,-0.002008065,-0.005061816,0.005613002,0.007820493
3109,-0.01314856,-0.05308839,0.1250415,0.1364794
3110,3.96177E-06,-1.150752E-06,7.853565E-06,8.871208E-06
3111,-2.683013E-06,-5.702283E-06,-4.29084E-06,7.624034E-06
3112,-2.681982E-06,-5.697049E-06,-4.29125E-06,7.619989E-06
3113,3.185336E-06,-6.459616E-06,3.084524E-06,7.835004E-06
3114,-1.386264E-06,4.092587E-06,1.242739E-06,4.496154E-06
3115,3.177559E-06,-6.462194E-06,3.082626E-06,7.833225E-06
3116,2.621755E-06,-6.810937E-06,-7.911744E-07,7.340873E-06
3117,-8.290377E-07,-4.958801E-06,7.736367E-06,9.226505E-06
3118,5.58355E-06,-6.82544E-06,1.71697E-06,8.98391E-06
3119,-2.289269E-06,-9.298074E-07,-6.402541E-07,2.552493E-06
3120,-1.213763E-06,-7.163592E-07,2.380381E-06,2.766334E-06
3121,0.0003063321,-0.0004095752,-8.393021E-05,0.0005183005
3122,0.0002452838,-2.525891E-06,-0.0001029168,0.000266012
3123,-0.0002852829,-1.933198E-05,0.0001952802,0.0003462577
3124,-0.003296308,0.00121149,0.005318183,0.006373102
3125,-0.0002323386,0.0005766268,0.0006278876,0.0008835851
3126,2.013491E-06,-3.504278E-07,7.142319E-07,2.164965E-06
3127,9.734548E-07,-1.097241E-06,-4.027313E-06,4.286117E-06
3128,2.810451E-06,1.050003E-06,1.821394E-06,3.509789E-06
3129,2.806949E-06,-9.288787E-07,1.827496E-06,3.475848E-06
3130,-1.122014E-06,-4.495117E-08,2.413083E-06,2.661561E-06
3131,9.602328E-07,9.134641E-07,-4.040547E-06,4.25235E-06
3132,1.491872E-06,-3.682425E-06,2.933398E-06,4.9387E-06
3133,-3.492089E-06,-6.503796E-06,-1.211757E-06,7.480802E-06
3134,-1.27155E-06,4.376825E-06,-2.194031E-06,5.058379E-06
3135,4.561772E-06,-8.658597E-07,5.267792E-06,7.022044E-06
3136,2.030005E-06,-5.327644E-06,1.484742E-06,5.891448E-06
3137,-7.067244E-06,-2.02197E-07,2.904858E-06,7.643625E-06
3138,-0.0005783199,-0.0009721373,0.004112999,0.004265708
3139,-2.024749E-05,5.592134E-06,-1.645739E-05,2.66848E-05
3140,-1.816466E-05,-2.44272E-05,-2.274611E-05,3.800038E-05
3141,-0.134636,0.02266694,0.0884257,0.1626645
3142,0.002676113,0.01260645,-0.005262568,0.01392044
3143,0.02141127,0.05202741,-0.03015108,0.06383088
3144,1.408478E-06,-6.127772E-06,4.589712E-08,6.287727E-06
3145,-3.810434E-06,-3.197104E-06,-6.198978E-08,4.974407E-06
3146,1.404031E-06,-6.136061E-06,4.647443E-08,6.294816E-06
3147,1.050172E-06,-1.745179E-06,-3.978899E-06,4.469916E-06
3148,-4.140743E-06,-9.625349E-06,-1.17084E-06,1.054343E-05
3149,2.230052E-06,-3.394467E-06,-1.384848E-06,4.291077E-06
3150,-8.525321E-07,-7.394167E-06,-1.205748E-06,7.540182E-06
3151,8.580752E-06,-1.158028E-05,3.518114E-06,1.483608E-05
3152,-1.412803E-07,-7.949489E-06,3.654008E-06,8.750207E-06
3153,-5.821659E-06,2.966611E-06,2.705528E-07,6.539548E-06
3154,5.323495E-06,-2.702036E-06,-3.343546E-06,6.842507E-06
3155,5.410384E-07,-1.029602E-05,-1.158006E-06,1.037506E-05
3156,-8.038277E-06,8.819747E-06,6.125295E-05,6.240454E-05
3157,-3.731836E-05,-6.158171E-05,3.366887E-05,7.948937E-05
3158,-0.0003897814,0.0002808267,-4.157656E-05,0.0004822051
3159,-0.00011131,-2.658216E-05,-3.730161E-05,0.0001203658
3160,0.00905912,-0.01266787,-0.02063909,0.02585565
3161,0.002559457,0.00178923,0.002107647,0.003767538
3162,-1.192196E-06,-6.291653E-09,1.20871E-06,1.697749E-06
3163,1.001678E-06,6.948465E-07,-4.61718E-07,1.303593E-06
3164,-9.9547E-07,-1.183876E-06,-1.101899E-06,1.899132E-06
3165,3.739194E-07,-7.620452E-09,-2.478768E-07,4.486833E-07
3166,1.003331E-06,2.291586E-07,-4.738683E-07,1.133021E-06
3167,-9.999545E-07,3.810746E-07,-1.100768E-06,1.535193E-06
3168,3.735505E-07,2.878377E-08,-2.515764E-07,4.512861E-07
3169,2.309572E-05,8.061913E-07,2.1181E-06,2.320665E-05
3170,2.306615E-05,7.799951E-07,1.889351E-06,2.315654E-05
3171,-2.863642E-06,5.54769E-06,5.854523E-09,6.243184E-06
3172,1.634409E-06,8.736316E-06,6.526402E-06,1.102671E-05
3173,-6.694394E-07,-3.718216E-06,-3.863556E-06,5.403734E-06
3174,2.068705E-06,-2.749363E-06,-7.627598E-06,8.367723E-06
3175,-2.579449E-08,-7.745959E-06,7.910152E-07,7.786286E-06
3176,-8.505379E-06,-8.187361E-06,-8.172992E-06,1.43587E-05
3177,-2.655673E-06,-1.612731E-06,-1.180343E-06,3.323659E-06
3178,8.383502E-06,1.226002E-06,-1.029055E-05,1.332973E-05
3179,2.291373E-07,-1.100112E-06,-2.435429E-06,2.682175E-06
3180,6.602492E-05,-0.0001502744,0.000512332,0.000537983
3181,0.01678066,0.00878449,0.004918298,0.01956904
3182,0.01224499,0.004496498,0.005830237,0.01428811
3183,0.0002392195,-0.001170908,-0.0001116128,0.001200296
3184,-4.290332E-07,-6.236829E-06,3.837478E-06,7.335417E-06
3185,-2.229418E-06,1.444236E-06,1.394079E-06,2.99993E-06
3186,-1.28558E-06,7.445066E-06,-3.73745E-06,8.429131E-06
3187,9.502469E-07,-5.89433E-06,-8.292202E-06,1.021796E-05
3188,2.210311E-06,-3.633578E-06,2.085437E-06,4.736814E-06
3189,-1.281992E-06,7.447729E-06,-3.732292E-06,8.428652E-06
3190,6.026181E-06,-8.553618E-06,-8.281154E-06,1.334379E-05
3191,-3.033814E-06,-4.40296E-06,4.229495E-06,6.81753E-06
3192,2.21262E-06,-3.633587E-06,2.074877E-06,4.73326E-06
3193,-2.120818E-06,-1.280203E-05,-8.219399E-06,1.536061E-05
3194,6.153487E-06,-2.379338E-06,-4.672753E-06,8.084632E-06
3195,-0.0001681662,-2.099206E-05,-1.818855E-07,0.0001694714
3196,0.0004525761,-0.0001087357,0.0008753634,0.000991418
3197,0.0002872397,-0.001716854,-0.0009874604,0.002001293
3198,-4.238325E-06,-6.104633E-07,-1.57608E-08,4.282093E-06
3199,-7.189845E-06,3.29362E-06,-2.95857E-08,7.908393E-06
3200,5.065205E-07,-1.829152E-06,-2.135115E-08,1.898109E-06
3201,5.135402E-07,-1.815546E-06,-2.22551E-08,1.886909E-06
3202,-5.590017E-06,2.67803E-06,-3.491016E-07,6.208221E-06
3203,-5.587624E-06,2.677159E-06,1.374909E-08,6.195879E-06
3204,0.1111481,0.3098195,-0.03568295,0.331082
3205,-6.036335E-07,-9.794609E-08,-3.071797E-06,3.132076E-06
3206,3.136541E-06,8.510601E-07,-1.874529E-06,3.751807E-06
3207,3.139752E-06,7.688733E-07,-1.877661E-06,3.738292E-06
3208,-1.75668E-06,-4.038406E-06,3.552676E-06,5.658282E-06
3209,-1.79693E-06,-2.665999E-06,3.627848E-06,4.847452E-06
3210,-2.250461E-05,-1.950209E-06,2.867585E-05,3.650432E-05
3211,-2.250647E-05,-1.998409E-06,2.868205E-05,3.651294E-05
3212,3.307432E-06,3.245405E-06,-7.486325E-06,8.804363E-06
3213,2.384435E-06,-3.826721E-06,3.447316E-06,5.675677E-06
3214,2.393445E-06,-3.811155E-06,3.447813E-06,5.669294E-06
3215,6.474567E-06,-9.172474E-06,2.355989E-06,1.147192E-05
3216,-0.002074666,0.0005381588,0.0008789966,0.002316569
3217,-0.002423555,0.002725469,0.00064677,0.003704067
3218,-0.05852435,-0.002229159,0.006356371,0.05891072
3219,0.005459199,0.12584,0.1289351,0.1802492
3220,-4.0447E-05,-2.363299E-06,5.728659E-05,7.016622E-05
3221,3.523703E-05,3.741279E-06,-4.797297E-05,5.964102E-05
3222,-0.0004561867,0.0007597953,-0.001586438,0.001817191
3223,-0.006151818,-0.002263404,0.001783366,0.00679325
3224,-1.491327E-07,-5.330055E-06,-1.383249E-05,1.482463E-05
3225,-8.135397E-08,-5.384065E-06,-1.380542E-05,1.481838E-05
3226,-3.578861E-07,-3.535397E-06,-8.74657E-06,9.440847E-06
3227,-3.578713E-07,-3.535124E-06,-8.74643E-06,9.440615E-06
3228,-9.065266E-08,-6.408753E-06,-1.111202E-05,1.282799E-05
3229,1.989317E-06,-4.008752E-06,-1.14737E-05,1.231557E-05
3230,-1.410868E-07,-6.456848E-06,-1.111957E-05,1.285906E-05
3231,3.270498E-06,-4.415076E-06,-6.771763E-06,8.720425E-06
3232,3.271841E-06,-4.412128E-06,-6.767904E-06,8.716442E-06
3233,1.995647E-06,-4.00411E-06,-1.147259E-05,1.231405E-05
3234,4.601418E-06,1.924181E-06,2.297305E-05,2.350823E-05
3235,-3.64733E-05,3.578648E-05,6.527379E-05,8.289536E-05
3236,1.648848E-05,3.326704E-05,-3.883793E-05,5.373035E-05
3237,-1.220701E-05,-9.554228E-06,-2.37831E-05,2.838891E-05
3238,-3.700843E-05,7.536707E-06,-3.693291E-05,5.282486E-05
3239,-6.997527E-06,1.225728E-06,-6.229728E-06,9.448667E-06
3240,-3.343458E-06,2.698248E-05,-1.317247E-05,3.02117E-05
3241,-3.392272E-05,2.988255E-05,-2.209169E-05,5.03166E-05
3242,-1.080839E-05,1.205148E-05,2.682005E-05,3.132689E-05
3243,-9.610791E-06,6.99915E-07,-1.35271E-05,1.660842E-05
3244,-3.17755E-05,3.937832E-05,-2.343146E-05,5.576171E-05
3245,7.73799E-06,6.617339E-05,0.0001252598,0.0001418761
3246,2.166919E-06,-9.057764E-06,1.535024E-06,9.439011E-06
3247,2.170735E-06,-9.052495E-06,1.543033E-06,9.436138E-06
3248,-1.064937E-06,-1.849557E-05,3.312863E-07,1.852917E-05
3249,-3.156566E-07,4.447646E-06,6.062143E-08,4.459245E-06
3250,-1.587152E-07,-3.167047E-06,-8.228385E-08,3.172089E-06
3251,-5.590967E-07,4.001007E-05,-3.21632E-06,4.014303E-05
3252,-5.816064E-07,3.998662E-05,-3.198562E-06,4.011856E-05
3253,1.439164E-05,4.358772E-05,7.880579E-07,4.590892E-05
3254,1.440462E-05,4.358427E-05,7.968214E-07,4.590987E-05
3255,-3.265581E-05,6.759217E-06,4.298837E-05,5.44067E-05
3256,5.13978E-06,-2.554331E-05,-7.194068E-06,2.703021E-05
3257,-3.264957E-05,6.774519E-06,4.299436E-05,5.440959E-05
3258,-1.145484E-05,-2.898148E-06,-2.768475E-06,1.213578E-05
3259,-1.145694E-05,-2.898029E-06,-2.767716E-06,1.213756E-05
3260,1.395882E-05,-1.546041E-05,-2.076447E-06,2.093286E-05
3261,-2.20892E-06,-3.155592E-06,2.837184E-06,4.784004E-06
3262,-2.256486E-06,8.52434E-07,-2.926738E-06,3.792647E-06
3263,8.427343E-07,-5.318015E-06,9.651392E-08,5.385239E-06
3264,-2.089526E-06,5.412005E-06,4.883198E-06,7.582976E-06
3265,-2.086893E-06,5.409032E-06,4.881319E-06,7.578919E-06
3266,-5.254011E-06,5.317378E-06,1.316965E-06,7.590359E-06
3267,-5.252139E-06,5.320122E-06,1.320141E-06,7.591537E-06
3268,-3.320537E-09,2.039311E-06,9.358324E-07,2.243787E-06
3269,-2.111548E-07,9.690522E-06,8.48787E-07,9.729915E-06
3270,-6.436146E-05,0.0001809149,4.694696E-06,0.0001920797
3271,-4.58119E-05,0.0001236567,0.0001172238,0.0001764402
3272,0.005743279,0.0009200925,-0.002229649,0.006229218
3273,0.02167574,-0.0390483,-0.0235262,0.0504786
3274,0.05311833,-0.0188638,0.01988594,0.05977332
3275,-3.435186E-05,1.707981E-06,1.579218E-06,3.443053E-05
3276,-3.435011E-05,1.695413E-06,1.570321E-06,3.442775E-05
3277,-6.733267E-06,5.837106E-05,3.334762E-05,6.756169E-05
3278,5.004757E-05,-2.125482E-05,-6.167368E-05,8.222025E-05
3279,-0.005877139,-0.001166412,-0.0006244405,0.006024218
3280,0.005341175,0.0005380753,-0.001150733,0.00549016
3281,0.006681776,0.002354864,0.001531278,0.007248195
3282,-9.281216E-07,-7.233642E-06,1.969932E-06,7.554311E-06
3283,-1.66069E-06,7.706069E-06,-2.880409E-06,8.392744E-06
3284,-1.648416E-06,-3.602208E-06,-2.788028E-06,4.8442E-06
3285,3.817148E-06,-1.340933E-05,-1.118823E-06,1.398687E-05
3286,-9.336549E-07,-7.237639E-06,1.971986E-06,7.559356E-06
3287,3.821658E-06,-1.341383E-05,-1.090021E-06,1.399014E-05
3288,2.246458E-06,1.409462E-05,8.944637E-06,1.684374E-05
3289,2.443977E-06,-6.057411E-06,9.645893E-06,1.16494E-05
3290,2.192947E-06,-4.738187E-06,8.823758E-06,1.025271E-05
3291,-1.969836E-08,-1.685657E-06,2.149351E-06,2.731581E-06
3292,3.270622E-09,-1.806494E-06,2.207837E-06,2.852714E-06
3293,2.186719E-06,-4.41311E-06,8.777929E-06,1.006525E-05
3294,-4.91226E-06,-1.278002E-06,1.502472E-06,5.293487E-06
3295,2.546553E-06,-2.137407E-06,1.119099E-06,3.507965E-06
3296,4.480361E-06,-2.51449E-06,1.707948E-08,5.137761E-06
3297,3.683775E-08,-1.842225E-06,1.973852E-06,2.70023E-06
3298,-1.743321E-08,-2.15944E-06,1.204201E-06,2.472566E-06
3299,-1.222764E-06,-9.924273E-07,3.287538E-06,3.645266E-06
3300,-2.112029E-06,-5.211313E-06,2.37731E-06,6.10492E-06
3301,-5.393954E-05,0.0001280776,4.481531E-05,0.0001460197
3302,-6.780121E-05,2.182414E-07,-3.462997E-05,7.613335E-05
3303,3.241022E-05,-7.084768E-05,3.085967E-05,8.379819E-05
3304,-9.500123E-07,6.519095E-05,-7.250363E-05,9.750661E-05
3305,7.462283E-05,7.613541E-05,-0.0001163417,0.0001577991
3306,-0.0001852808,-3.005442E-05,0.0002232665,0.000291685
3307,0.01388593,0.008058122,0.009064534,0.01843687
3308,-2.255934E-05,7.47476E-06,3.693705E-06,2.405077E-05
3309,-1.811521E-05,3.529099E-06,8.407844E-06,2.028071E-05
3310,-1.81181E-05,3.532448E-06,8.402443E-06,2.028163E-05
3311,-1.880594E-05,4.34903E-06,1.990628E-06,1.940464E-05
3312,-2.137122E-05,2.409435E-05,2.801825E-05,4.268828E-05
3313,0.01424875,0.00603599,0.004288923,0.01605786
3314,-0.005282849,0.0007086935,-0.004411631,0.006919048
3315,-1.877925E-06,-5.937749E-07,4.329971E-06,4.756871E-06
3316,3.850289E-06,-2.527034E-06,-2.048992E-07,4.610054E-06
3317,-1.876039E-06,-7.091162E-07,4.331002E-06,4.772834E-06
3318,3.850105E-06,-2.533967E-06,-2.086613E-07,4.613874E-06
3319,1.571737E-06,-2.382411E-07,6.866845E-06,7.048452E-06
3320,1.244181E-06,-1.610312E-07,7.12313E-06,7.232766E-06
3321,7.449788E-06,-3.59969E-06,-8.756805E-07,8.320091E-06
3322,2.278733E-06,-6.751015E-06,3.297879E-06,7.851422E-06
3323,-1.218357E-06,-4.36452E-07,4.947791E-06,5.114247E-06
3324,1.380819E-06,-2.883678E-06,7.859566E-07,3.292414E-06
3325,1.029625E-06,-8.154469E-07,-6.41447E-06,6.547557E-06
3326,-7.861315E-06,-3.90321E-06,-8.358138E-06,1.211997E-05
3327,-1.689876E-06,-4.15092E-07,2.13539E-06,2.754609E-06
3328,-4.446146E-07,-5.586303E-07,-1.093973E-06,1.306341E-06
3329,7.267708E-07,2.183684E-06,-1.325354E-07,2.305263E-06
3330,-2.223826E-06,-5.222802E-06,3.173164E-08,5.676625E-06
3331,-4.673979E-07,3.314606E-06,-2.078866E-06,3.9404E-06
3332,-4.259416E-06,-4.78194E-06,6.350391E-07,6.435282E-06
3333,-1.919926E-06,-2.328332E-06,1.394276E-06,3.324342E-06
3334,-1.093107E-06,4.543588E-07,1.172897E-06,1.666437E-06
3335,1.281725E-06,2.863743E-06,8.846526E-07,3.259824E-06
3336,1.403512E-06,-5.186455E-06,7.151571E-07,5.420388E-06
3337,-1.833421E-06,4.269489E-07,-2.403475E-06,3.052935E-06
3338,-1.892793E-06,-1.500614E-05,7.690812E-05,7.838129E-05
3339,7.243771E-06,2.92132E-05,8.345438E-06,3.123347E-05
3340,2.782401E-06,-5.382069E-05,4.999486E-06,5.412396E-05
3341,2.102034E-05,-1.376162E-05,-1.583721E-05,2.969939E-05
3342,-3.589312E-05,3.041421E-05,1.200512E-05,4.855372E-05
3343,-0.0008643671,-0.0009405783,0.0008633759,0.001541829
3344,-2.02663E-05,1.857826E-05,9.661818E-06,2.914147E-05
3345,-1.317193E-05,6.784375E-06,-2.525065E-06,1.503009E-05
3346,-1.156695E-05,-1.049747E-05,4.843533E-06,1.635393E-05
3347,-1.938305E-05,-2.766203E-06,1.080101E-05,2.236105E-05
3348,-2.216118E-06,1.457268E-05,-4.894573E-06,1.553161E-05
3349,0.03692428,-0.05027063,-0.07305696,0.09606174
3350,0.01509649,-0.01917477,0.01089,0.02672392
3351,0.03795294,0.08467279,-0.1861661,0.2080089
3352,1.470484E-07,1.33623E-06,-2.347138E-06,2.704845E-06
3353,1.484474E-07,1.336304E-06,-2.344985E-06,2.703091E-06
3354,2.535496E-06,-3.597504E-06,1.897952E-06,4.793015E-06
3355,2.534768E-06,-3.59713E-06,1.899861E-06,4.793106E-06
3356,8.135199E-07,-3.892731E-06,-2.289298E-06,4.588688E-06
3357,6.635057E-07,-1.2372E-06,-2.31081E-06,2.70384E-06
3358,5.986624E-06,-1.13243E-06,-1.235333E-06,6.216761E-06
3359,1.078811E-05,-1.62528E-06,-2.161368E-07,1.091199E-05
3360,-1.345762E-05,-1.242815E-06,5.911156E-06,1.475106E-05
3361,5.446927E-06,1.975638E-05,-1.199581E-06,2.052858E-05
3362,-1.346035E-05,-1.243182E-06,5.917592E-06,1.475616E-05
3363,3.292155E-06,-4.551912E-06,6.104257E-07,5.650735E-06
3364,-3.550991E-06,-2.966344E-06,-1.265391E-06,4.796868E-06
3365,-1.395997E-06,2.431167E-08,9.812408E-08,1.399652E-06
3366,-2.602306E-07,2.036445E-06,-7.036535E-06,7.329916E-06
3367,-3.975326E-06,2.710003E-06,-1.392776E-06,5.008708E-06
3368,1.945773E-06,-1.870191E-06,-4.318869E-07,2.733162E-06
3369,-1.064396E-06,3.002459E-07,-2.165734E-06,2.431766E-06
3370,-2.835428E-06,1.757353E-07,-4.908862E-06,5.671637E-06
3371,-2.971598E-06,2.51976E-06,-9.349177E-07,4.006702E-06
3372,-2.834918E-06,1.736847E-07,-4.91547E-06,5.677039E-06
3373,-2.53015E-07,2.068149E-06,-7.050826E-06,7.352238E-06
3374,2.535045E-06,6.333347E-07,-2.404091E-06,3.550665E-06
3375,-7.400013E-07,2.151814E-05,1.496813E-05,2.622257E-05
3376,-2.022509E-05,1.535612E-05,3.944682E-06,2.569874E-05
3377,5.061169E-06,-9.036739E-06,-1.030227E-05,1.460872E-05
3378,2.52846E-06,-7.682479E-06,9.750521E-06,1.266832E-05
3379,-4.198351E-05,1.46449E-05,-1.825084E-05,4.806434E-05
3380,-2.030394E-05,1.513397E-05,3.839244E-06,2.561302E-05
3381,2.556264E-06,-7.59385E-06,9.935913E-06,1.276415E-05
3382,-3.248146E-05,-2.997151E-05,4.984184E-05,6.661491E-05
3383,-1.44439E-05,4.426505E-05,-1.058699E-05,4.775045E-05
3384,-0.0002476201,7.779811E-05,0.0003258229,0.0004165679
3385,-4.46746E-06,-9.16606E-08,5.206841E-06,6.861326E-06
3386,-4.471624E-06,-9.02912E-08,5.204605E-06,6.862324E-06
3387,-1.983708E-05,2.409769E-05,9.737868E-06,3.269609E-05
3388,8.635314E-06,1.224914E-05,-8.457358E-07,1.501084E-05
3389,-1.983937E-05,2.410626E-05,9.730241E-06,3.270153E-05
3390,-7.117714E-06,-4.670039E-08,-5.423241E-06,8.948496E-06
3391,-2.342323E-05,-1.057128E-05,-8.251242E-06,2.699042E-05
3392,-3.7683E-06,4.832503E-06,-1.420115E-06,6.290461E-06
3393,-0.0004058124,-0.000145597,-0.0001159911,0.0004464708
3394,-1.352623E-06,-1.342288E-06,3.84687E-06,4.292986E-06
3395,-1.352887E-06,-1.34284E-06,3.849367E-06,4.29548E-06
3396,7.063095E-07,1.605653E-05,2.237186E-07,1.607361E-05
3397,2.449784E-06,-1.169581E-05,1.976582E-07,1.195125E-05
3398,-2.19275E-07,7.027717E-05,-1.741363E-07,7.027773E-05
3399,-3.570109E-06,-7.595313E-06,-2.830138E-06,8.85687E-06
3400,3.272909E-06,-9.372628E-06,-1.95725E-06,1.011874E-05
3401,3.23328E-07,-9.31611E-06,4.505052E-07,9.332599E-06
3402,-2.679882E-06,1.842805E-05,-2.165709E-06,1.87474E-05
3403,-3.404703E-06,-5.776841E-06,-1.014513E-05,1.21609E-05
3404,1.0534E-05,-2.135274E-05,-9.026386E-06,2.546331E-05
3405,-8.52302E-06,-3.72204E-06,-4.97742E-06,1.054847E-05
3406,1.91307E-06,-5.057595E-06,2.38784E-07,5.412589E-06
3407,7.904495E-07,-1.353803E-05,1.105723E-06,1.360609E-05
3408,2.794988E-06,-1.177637E-05,1.769803E-06,1.223221E-05
3409,1.724351E-05,1.85571E-05,-7.512367E-06,2.642235E-05
3410,1.726687E-05,1.81296E-05,-7.587539E-06,2.6161E-05
3411,1.90033E-06,-2.162516E-06,-1.126352E-05,1.16256E-05
3412,1.14833E-06,1.011777E-06,-1.211629E-05,1.221256E-05
3413,-6.348467E-07,4.981252E-07,-1.092441E-05,1.095417E-05
3414,5.831687E-08,-8.94994E-07,-1.036162E-05,1.040037E-05
3415,-2.850686E-07,2.565486E-06,-1.310183E-05,1.335369E-05
3416,-2.868054E-07,2.563849E-06,-1.310191E-05,1.335349E-05
3417,-2.099035E-07,-8.988499E-07,-8.528164E-06,8.57797E-06
3418,2.063079E-05,8.194722E-06,-2.110889E-05,3.06328E-05
3419,-8.378104E-06,5.6405E-07,-2.80622E-05,2.92916E-05
3420,-2.673799E-05,1.861086E-05,-2.05302E-05,3.850679E-05
3421,1.853927E-07,6.475089E-06,-1.618774E-05,1.743571E-05
3422,-8.718579E-06,8.272768E-06,-1.682132E-05,2.067387E-05
3423,-2.037991E-05,-5.109374E-06,2.881031E-05,3.565782E-05
3424,-1.805724E-05,7.926317E-06,-2.164748E-05,2.928317E-05
3425,-0.000119598,-4.247621E-05,-9.383242E-05,0.0001578367
3426,-6.154616E-05,2.391206E-05,0.0001248922,0.000141272
3427,1.820977E-06,-2.62603E-05,-4.815162E-05,5.487712E-05
3428,8.454711E-05,5.479513E-05,-0.000125331,0.000160806
3429,-3.746487E-06,2.243542E-06,-2.262666E-06,4.918263E-06
3430,-5.647691E-05,1.615293E-05,7.30757E-06,5.919424E-05
3431,-1.592418E-05,-9.620038E-07,-1.953838E-06,1.607241E-05
3432,-2.983489E-06,2.13925E-06,5.642689E-06,6.73183E-06
3433,7.781731E-06,4.168941E-06,-4.807228E-07,8.841183E-06
3434,5.739265E-06,4.931025E-06,-5.869491E-07,7.589379E-06
3435,-3.38493E-06,2.297177E-06,-2.564933E-06,4.828421E-06
3436,0.0001788882,0.0001796242,-4.585656E-06,0.0002535486
3437,0.0005397176,-0.0005177888,-1.975663E-05,0.0007481916
3438,0.001573088,0.006590257,-0.005409315,0.008669877
3439,-8.352577E-07,-1.802989E-06,1.104473E-06,2.273386E-06
3440,-8.416852E-07,-1.804408E-06,1.110864E-06,2.279987E-06
3441,-1.167194E-06,-2.08237E-07,-4.975258E-07,1.285783E-06
3442,-1.164504E-06,-2.080289E-07,-4.956877E-07,1.282595E-06
3443,2.395757E-05,-4.522325E-05,-5.579365E-05,7.571023E-05
3444,1.437852E-05,1.994538E-05,-9.510954E-06,2.63632E-05
3445,4.476936E-05,-2.877765E-05,-1.245698E-05,5.465918E-05
3446,1.454294E-05,2.040581E-05,-9.369393E-06,2.675219E-05
3447,-1.574914E-05,4.323586E-06,7.993531E-06,1.818311E-05
3448,-1.15035E-05,9.78243E-06,9.102056E-06,1.763161E-05
3449,-1.147065E-05,9.759095E-06,9.072454E-06,1.758196E-05
3450,-1.790906E-05,-5.651058E-06,1.056654E-05,2.15481E-05
3451,-1.747967E-06,1.8976E-06,-4.735658E-06,5.39284E-06
3452,8.643347E-06,-5.659136E-07,-4.553444E-06,9.785784E-06
3453,-1.494777E-05,4.361466E-06,8.481096E-06,1.773097E-05
3454,-4.022579E-06,-5.664736E-06,2.57174E-06,7.408389E-06
3455,-0.002883748,0.001378996,0.0120697,0.0124858
3456,9.059809E-07,-1.3685E-06,6.772289E-07,1.775452E-06
3457,-5.836029E-07,-6.82182E-06,-7.285008E-07,6.885386E-06
3458,-1.837519E-06,1.055184E-05,-7.803653E-07,1.073903E-05
3459,-1.838666E-06,1.054321E-05,-7.797051E-07,1.07307E-05
3460,-9.47811E-07,-5.271405E-06,-2.105727E-08,5.355978E-06
3461,4.257994E-07,1.205785E-05,2.289182E-06,1.228061E-05
3462,9.078983E-07,-1.368311E-06,6.774568E-07,1.776374E-06
3463,4.96058E-07,5.22498E-06,2.285651E-06,5.724569E-06
3464,3.402265E-05,-1.147462E-05,5.060462E-06,3.626039E-05
3465,3.122998E-05,-6.51839E-06,6.681219E-06,3.259509E-05
3466,7.884701E-05,-4.563429E-05,-2.269623E-05,9.388535E-05
3467,6.996826E-07,8.863046E-07,-4.393E-07,1.211642E-06
3468,-6.103773E-06,-6.62689E-06,-6.053617E-06,1.08544E-05
3469,-2.288241E-06,9.704454E-06,-6.876224E-06,1.211177E-05
3470,-3.8761E-06,-3.273751E-06,8.843138E-06,1.019523E-05
3471,2.188148E-06,4.198562E-06,-3.281869E-06,5.760779E-06
3472,6.916759E-06,-3.605489E-06,-3.338652E-07,7.807213E-06
3473,-4.655187E-06,1.623866E-06,-7.672644E-07,4.989629E-06
3474,5.781963E-05,6.318913E-05,5.44481E-05,0.0001014917
3475,-5.056045E-07,-0.0002353292,0.0006393785,0.0006813112
3476,-3.252556E-05,2.193915E-05,1.98503E-05,4.3969E-05
3477,-0.02940561,0.02465142,-0.0291262,0.04817383
3478,3.70949E-07,-9.227241E-06,5.169064E-07,9.24915E-06
3479,-4.009987E-07,-2.541537E-06,-2.751406E-07,2.587646E-06
3480,-4.055121E-07,-2.544168E-06,-2.571644E-07,2.589086E-06
3481,-2.508098E-06,5.646878E-06,1.048033E-06,6.267069E-06
3482,-2.507328E-06,5.655555E-06,1.048102E-06,6.274593E-06
3483,3.219243E-07,-9.232296E-06,6.000608E-07,9.257375E-06
3484,-0.001137036,-0.0009628939,-0.001750538,0.002298782
3485,-3.814308E-05,-0.0001063413,-0.0001229691,0.0001669874
3486,-1.223803E-06,-7.646612E-07,-6.019679E-06,6.190229E-06
3487,-1.51397E-06,1.878584E-06,-1.016041E-07,2.414851E-06
3488,1.120276E-05,-4.842025E-06,-6.493113E-06,1.382416E-05
3489,-3.785325E-06,-1.099128E-05,1.153258E-05,1.63749E-05
3490,1.200777E-06,-1.207663E-06,-7.697134E-06,7.883285E-06
3491,-2.28735E-07,4.090843E-06,-9.140909E-07,4.197961E-06
3492,1.7793E-06,3.121543E-06,-1.805084E-07,3.597572E-06
3493,6.189005E-07,2.005655E-06,-1.30626E-06,2.472246E-06
3494,-3.151676E-07,2.777239E-07,-1.038835E-05,1.039684E-05
3495,1.980534E-06,-9.228429E-07,-1.162188E-05,1.182549E-05
3496,-7.705174E-06,-1.807492E-06,-4.131278E-06,8.92772E-06
3497,-6.454643E-06,-2.258747E-05,-7.555669E-07,2.350377E-05
3498,-1.272781E-05,-5.854304E-06,-3.524146E-07,1.401407E-05
3499,1.323025E-06,-1.380276E-05,2.699276E-05,3.034593E-05
3500,-9.791142E-06,-1.068053E-05,1.404635E-05,2.018019E-05
3501,1.710335E-05,1.202528E-05,3.292839E-05,3.900527E-05
3502,3.585347E-06,-2.843427E-05,-3.010836E-05,4.156773E-05
3503,-0.01041073,0.03640759,0.005603983,0.03827924
3504,-2.033343E-05,1.428594E-05,2.647476E-05,3.631046E-05
3505,2.902091E-06,1.80374E-05,2.511608E-06,1.844121E-05
3506,-2.032501E-05,1.428417E-05,2.648763E-05,3.631443E-05
3507,-6.395702E-05,-1.372144E-05,2.932027E-05,7.168303E-05
3508,-7.681974E-06,1.639548E-05,9.257505E-06,2.033533E-05
3509,9.72843E-05,9.30911E-05,3.356526E-05,0.0001387689
3510,-0.0003081633,6.590576E-05,0.0002558565,0.0004059197
3511,3.004582,-3.580035,11.42109,12.3404
3512,-2.060588E-06,-9.897291E-06,-1.956427E-06,1.029709E-05
3513,-3.50356E-06,-1.200397E-05,-1.329287E-06,1.257526E-05
3514,1.86984E-06,-8.976162E-06,-6.507284E-07,9.191912E-06
3515,1.86677E-06,-8.976087E-06,-6.480878E-07,9.191027E-06
3516,-4.30973E-06,-4.525989E-06,-4.929846E-06,7.960008E-06
3517,-4.313088E-06,-4.531717E-06,-4.93111E-06,7.965866E-06
3518,6.316361E-07,-5.985186E-06,1.459738E-06,6.192919E-06
3519,6.226875E-07,-5.993467E-06,1.463446E-06,6.200892E-06
3520,-0.0004712136,-0.0009054345,-0.0001515674,0.001031904
3521,0.0008608645,-0.0002759845,-0.0001874401,0.0009232491
3522,-9.470368E-08,-1.133896E-06,-7.601305E-06,7.685996E-06
3523,2.124276E-07,-7.222039E-07,-6.202682E-06,6.248197E-06
3524,-4.077735E-07,9.046358E-08,-6.916556E-06,6.929156E-06
3525,4.192938E-07,4.542736E-07,-5.632678E-06,5.666501E-06
3526,9.301525E-07,-1.06698E-06,-9.952528E-06,1.005268E-05
3527,2.973994E-07,-1.29545E-07,-8.191553E-06,8.197973E-06
3528,3.01328E-07,-1.267249E-07,-8.189852E-06,8.196374E-06
3529,-6.670121E-05,-2.762148E-05,-3.372733E-05,7.968394E-05
3530,-0.0001465485,7.073532E-05,-0.0001219768,0.0002033674
3531,2.610905E-05,1.42606E-05,-3.314779E-05,4.454013E-05
3532,-5.219021E-05,-1.406075E-05,1.4434E-05,5.594518E-05
3533,-3.720686E-05,2.332308E-06,-3.327628E-06,3.742811E-05
3534,-2.285865E-05,-7.054519E-05,-4.196717E-06,7.427485E-05
3535,7.636507E-06,-3.068291E-05,-3.550623E-06,3.181766E-05
3536,-2.223473E-05,1.03951E-05,2.925776E-05,3.818976E-05
3537,-9.697477E-06,-2.427622E-05,-9.737741E-06,2.789623E-05
3538,-1.443176E-05,3.201633E-05,1.401366E-05,3.781142E-05
3539,-2.226396E-05,1.041947E-05,2.925722E-05,3.821301E-05
3540,-1.442728E-05,3.200946E-05,1.397803E-05,3.77907E-05
3541,-9.691199E-06,-2.428347E-05,-9.749489E-06,2.790446E-05
3542,-1.53667E-05,2.24413E-07,-1.02949E-05,1.849785E-05
3543,-1.537862E-05,2.279595E-07,-1.027991E-05,1.849947E-05
3544,4.743315E-05,0.0003889618,-0.0005650026,0.0006875821
3545,6.642342E-05,-4.86471E-05,-5.078071E-05,9.67331E-05
3546,-0.02842505,0.002273491,0.02505717,0.03796069
3547,1.893398E-06,-6.496648E-06,1.267647E-06,6.884644E-06
3548,1.892844E-06,-6.497183E-06,1.27063E-06,6.885546E-06
3549,-2.416134E-06,-8.599909E-06,1.25728E-06,9.020914E-06
3550,-2.416059E-06,-8.599138E-06,1.255656E-06,9.019933E-06
3551,-9.538866E-05,-0.001329711,-0.0006049045,0.001463947
3552,-0.0005597264,-0.0004541505,0.0005827891,0.0009269248
3553,6.933378E-05,-3.120409E-05,-6.677502E-06,7.632468E-05
3554,-6.958239E-05,3.192081E-05,6.485883E-06,7.682912E-05
3555,-2.430403E-05,-3.633667E-06,1.417258E-05,2.836814E-05
3556,0.0003570555,1.724121E-05,-9.672153E-05,0.0003703255
3557,-2.431117E-05,-3.613744E-06,1.418729E-05,2.837907E-05
3558,-4.31824E-05,2.071227E-06,1.639071E-05,4.623489E-05
3559,-4.153515E-06,-1.847753E-05,6.84988E-07,1.895099E-05
3560,3.251822E-05,-1.652719E-05,-1.887723E-05,4.107228E-05
3561,-1.124265E-05,9.847897E-06,1.341424E-05,2.008283E-05
3562,-5.185968E-06,-1.394589E-05,-6.928321E-06,1.641291E-05
3563,-1.126109E-05,9.844684E-06,1.340213E-05,2.00835E-05
3564,-4.311606E-05,1.950318E-06,1.642722E-05,4.618064E-05
3565,-0.000476191,0.001745378,0.002078517,0.002755601
3566,-0.003098914,-0.03125137,0.02050442,0.03750577
3567,-4.869143E-09,-1.234366E-05,2.39473E-06,1.257381E-05
3568,-4.036222E-09,-1.234328E-05,2.394401E-06,1.257338E-05
3569,-1.388822E-06,-2.459306E-06,2.201261E-06,3.58086E-06
3570,9.527197E-06,1.489077E-05,2.247646E-07,1.767917E-05
3571,7.821324E-08,-3.027969E-06,3.884598E-07,3.053787E-06
3572,2.706847E-07,-2.927244E-06,1.81366E-06,3.454185E-06
3573,-1.388304E-06,-2.45888E-06,2.199666E-06,3.579386E-06
3574,9.493169E-06,1.488132E-05,2.572085E-07,1.765333E-05
3575,-0.0006660164,-0.0002143215,0.0002755974,0.0007519744
3576,-9.890032E-05,0.0003500527,0.0001164284,0.0003819342
3577,0.001226887,0.002662493,-0.0005104393,0.00297568
3578,-7.317006E-05,0.0002175835,-8.03858E-05,0.0002432249
3579,-1.007441E-06,-1.295081E-05,-1.692599E-05,2.133606E-05
3580,-7.945026E-06,-1.456564E-06,5.464515E-06,9.752228E-06
3581,-2.471387E-06,-7.427223E-06,-4.60737E-06,9.08291E-06
3582,-2.4793E-06,-7.431036E-06,-4.607487E-06,9.088243E-06
3583,-7.918052E-06,-1.449141E-06,5.434365E-06,9.712254E-06
3584,-1.582132E-05,-4.07365E-06,-2.058102E-05,2.627712E-05
3585,-1.528865E-05,-3.989718E-06,-2.035823E-05,2.577049E-05
3586,-0.006832757,0.009667872,-0.01414048,0.018442
3587,-0.0473071,0.01701688,0.01111173,0.05148793
3588,8.978654E-06,9.217233E-06,-6.440948E-07,1.288365E-05
3589,8.991016E-06,9.229554E-06,-5.824137E-07,1.289815E-05
3590,2.863792E-06,-9.246036E-06,4.905324E-07,9.691807E-06
3591,8.069031E-07,-9.758264E-06,8.586051E-07,9.829141E-06
3592,2.863583E-06,-9.245217E-06,4.878069E-07,9.690826E-06
3593,2.205562E-07,-9.432883E-06,-8.77747E-07,9.4762E-06
3594,4.07362E-07,-6.600686E-06,-4.830847E-07,6.630865E-06
3595,4.610616E-07,-5.986031E-06,8.627062E-07,6.065427E-06
3596,-4.528067E-06,-1.465783E-05,-1.036778E-06,1.537629E-05
3597,-3.631943E-06,-8.840591E-06,1.771331E-07,9.559208E-06
3598,-4.433914E-06,-6.326004E-06,1.462783E-07,7.726533E-06
3599,6.525595E-05,-4.963126E-06,4.689509E-05,8.051161E-05
3600,-2.236445E-05,-9.281233E-06,6.61091E-05,7.0404E-05
3601,-0.0001979354,-0.0003134822,-0.0002080496,0.0004251284
3602,1.451635E-05,9.250593E-06,1.452541E-07,1.721392E-05
3603,-4.625821E-06,2.49298E-07,-9.063559E-06,1.017883E-05
3604,-6.623158E-06,-1.653321E-06,7.078116E-06,9.833587E-06
3605,8.593623E-06,-3.664411E-06,3.689625E-06,1.004448E-05
3606,8.581688E-06,-3.667536E-06,3.691048E-06,1.003594E-05
3607,1.451227E-05,9.248868E-06,1.34081E-07,1.720946E-05
3608,2.498846E-06,-3.432312E-06,2.846345E-08,4.245681E-06
3609,9.546925E-06,4.673028E-06,-1.043008E-05,1.489186E-05
3610,-1.129404E-07,3.443957E-06,-1.084982E-05,1.138386E-05
3611,-9.613334E-06,-7.27414E-07,-8.040945E-06,1.255397E-05
3612,3.725926E-06,1.499962E-06,-3.025812E-06,5.028713E-06
3613,-1.374946E-06,3.307634E-06,3.360232E-05,3.37927E-05
3614,-9.798798E-05,-1.426731E-05,1.736323E-05,0.000100532
3615,-0.01044845,0.1532393,-0.03240706,0.1569767
3616,-0.006162425,-0.004317412,0.02588891,0.02696018
3617,-1.845731E-06,-6.510537E-06,1.259581E-06,6.88334E-06
3618,1.116204E-06,-6.769099E-06,-9.70395E-07,6.928801E-06
3619,1.117052E-06,-6.769023E-06,-9.738804E-07,6.929352E-06
3620,-3.022476E-07,-5.900044E-06,-9.547199E-07,5.984426E-06
3621,-3.016118E-07,-5.899828E-06,-9.531299E-07,5.983929E-06
3622,1.291554E-06,-8.312191E-06,1.997641E-06,8.645878E-06
3623,-3.205157E-07,-7.155085E-06,-6.806873E-07,7.194533E-06
3624,-8.209651E-05,-0.0002395102,0.000128987,0.0002841525
3625,4.480632E-06,3.029856E-05,7.789294E-06,3.160304E-05
3626,3.326533E-07,2.323541E-05,-6.927848E-06,2.424851E-05
3627,3.37206E-07,2.326014E-05,-6.936656E-06,2.427478E-05
3628,-1.623427E-05,1.898635E-05,1.171581E-05,2.759154E-05
3629,-1.627549E-05,1.898578E-05,1.170284E-05,2.760993E-05
3630,-1.59587E-06,-2.262825E-05,-7.798246E-06,2.398744E-05
3631,1.387157E-05,3.872927E-07,3.01608E-05,3.320007E-05
3632,1.386811E-05,3.874991E-07,3.016592E-05,3.320328E-05
3633,1.143433E-05,4.15988E-05,8.848107E-06,4.403967E-05
3634,0.001740428,0.002465073,0.005405978,0.006191144
3635,1.708816E-07,-2.07755E-06,-6.904822E-06,7.212626E-06
3636,4.587632E-06,-1.353386E-07,-1.098405E-05,1.190437E-05
3637,4.082554E-06,1.726008E-06,-8.425193E-06,9.519991E-06
3638,1.15441E-07,1.028945E-06,-6.283021E-06,6.367763E-06
3639,1.162368E-07,1.031551E-06,-6.28289E-06,6.36807E-06
3640,3.507031E-05,0.0001778735,0.0002148374,0.0002811121
3641,0.0001274676,4.492988E-05,-5.835902E-05,0.0001472157
3642,-3.958989E-05,-7.592495E-06,-1.969304E-05,4.486448E-05
3643,-3.959228E-05,-7.601165E-06,-1.969409E-05,4.486852E-05
3644,-0.001155923,0.003382192,-0.0006625376,0.003635153
3645,0.01126083,0.09347815,-0.08013475,0.1236388
3646,7.25243E-07,-6.310033E-06,3.983152E-07,6.364051E-06
3647,1.332866E-07,-4.638339E-06,2.53599E-06,5.288024E-06
3648,8.688207E-07,-6.529965E-06,-5.216554E-08,6.587717E-06
3649,2.481206E-06,-7.047218E-06,-7.772702E-07,7.511579E-06
3650,2.198812E-06,-7.165759E-06,-1.495683E-07,7.497016E-06
3651,1.081772E-07,-4.816206E-06,2.454009E-06,5.40645E-06
3652,7.261547E-07,-6.307236E-06,3.889604E-07,6.360803E-06
3653,2.479523E-06,-7.049766E-06,-7.772013E-07,7.513407E-06
3654,7.765772E-06,5.159571E-06,6.068237E-06,1.112438E-05
3655,7.774414E-06,5.160052E-06,6.068373E-06,1.113071E-05
3656,-0.0003870567,-0.0004919184,-0.0007047772,0.0009426068
3657,-0.000174358,-0.0002575748,-0.0001643031,0.0003517684
3658,-1.821585E-05,4.925951E-06,1.763002E-05,2.58244E-05
3659,-1.263617E-05,1.332656E-05,2.149619E-05,2.827289E-05
3660,4.121984E-06,1.612924E-06,-2.724787E-06,5.197763E-06
3661,4.122122E-06,1.596412E-06,-2.733575E-06,5.197389E-06
3662,-3.627469E-06,-3.675553E-06,-1.64227E-05,1.721549E-05
3663,-0.002951932,-0.005821513,-0.006257095,0.009041856
3664,-1.690654E-05,4.698919E-05,2.40495E-05,5.542737E-05
3665,-1.688937E-05,4.699636E-05,2.40546E-05,5.543043E-05
3666,0.0002346976,-0.0003864252,0.001899578,0.00195264
3667,-1.204313E-06,-4.968598E-06,2.484231E-06,5.684077E-06
3668,-1.290668E-06,-5.000863E-06,1.374229E-06,5.344433E-06
3669,-6.559306E-07,-5.43918E-06,2.71266E-06,6.113383E-06
3670,1.699048E-07,-4.905572E-06,9.62733E-07,5.002035E-06
3671,1.341527E-06,-5.167436E-06,1.939945E-07,5.342259E-06
3672,1.807132E-06,-5.189025E-06,1.175015E-07,5.495954E-06
3673,-1.718723E-07,-4.934631E-06,6.410552E-07,4.979063E-06
3674,0.001553319,-0.002633876,-0.0009098388,0.003190283
3675,-2.523968E-06,-5.392488E-06,1.26217E-05,1.395552E-05
3676,-2.52389E-06,-5.435026E-06,1.260263E-05,1.395478E-05
3677,-6.706776E-06,-2.653672E-05,1.442091E-05,3.09377E-05
3678,-0.004212834,0.001279262,0.002717808,0.005174067
3679,0.001263417,0.0003703884,-6.061812E-06,0.001316604
3680,-4.303619E-05,-0.0002268937,3.335482E-06,0.0002309632
3681,-0.0001281346,9.155273E-05,-0.000256518,0.0003010014
3682,0.0001375382,0.0001366442,0.0001561031,0.0002489107
3683,5.351289E-07,-4.633293E-06,-1.930445E-06,5.04781E-06
3684,-1.299011E-06,-4.083196E-06,-1.323742E-06,4.484664E-06
3685,-3.400486E-07,-4.348008E-06,-1.582326E-06,4.639458E-06
3686,-3.189846E-07,-4.093324E-06,-7.196692E-07,4.16833E-06
3687,1.314056E-06,-5.28492E-06,3.855444E-07,5.459466E-06
3688,-1.833228E-06,-4.981145E-06,-1.76716E-06,5.594227E-06
3689,-1.561143E-06,-4.684412E-06,2.200356E-07,4.942601E-06
3690,-0.004292494,-0.004259861,0.01053317,0.01214576
3691,-0.0001790373,0.001631824,6.181633E-05,0.00164278
3692,-2.842081E-05,8.047405E-06,9.51366E-06,3.103245E-05
3693,-2.843392E-05,8.055314E-06,9.535779E-06,3.105329E-05
3694,-5.069845E-05,4.009097E-05,-1.003369E-06,6.464229E-05
3695,-54.45494,26.4787,-41.14005,73.20496
3696,-5.70507E-06,2.984641E-06,1.065089E-06,6.526126E-06
3697,-2.798437E-05,-7.090255E-06,6.534366E-06,2.95989E-05
3698,-1.925071E-05,-1.073805E-05,4.753913E-06,2.254984E-05
3699,-2.253427E-05,-2.731933E-05,-3.503859E-06,3.558674E-05
3700,-1.058516E-05,-1.30987E-05,1.681643E-05,2.379945E-05
3701,0.004990354,9.044933E-05,0.002123453,0.0054241
3702,-0.004046484,-0.001719938,-0.002760216,0.005191437
3703,-0.0002019817,0.0001252898,-4.568077E-05,0.0002420348
3704,-0.0005785283,0.002324217,4.29842E-06,0.002395141
3705,-1.005642E-06,-3.618564E-06,-2.461189E-06,4.490298E-06
3706,2.863823E-06,-4.120107E-06,3.352424E-07,5.028832E-06
3707,4.846167E-06,-3.577172E-06,1.933144E-06,6.326021E-06
3708,5.184642E-07,-4.709422E-06,-5.407564E-07,4.768635E-06
3709,-1.00482E-06,-3.618475E-06,-2.458947E-06,4.488813E-06
3710,5.200014E-07,-4.711734E-06,-5.317211E-07,4.77007E-06
3711,2.864301E-06,-4.120033E-06,3.357122E-07,5.029076E-06
3712,8.609901E-07,-5.436884E-06,2.677766E-07,5.511145E-06
3713,2.617491E-06,-2.402423E-06,1.154642E-06,3.735786E-06
3714,-0.0002088324,0.0004330448,0.000309469,0.0005717603
3715,0.0003779683,-0.001235368,0.0002820466,0.001322325
3716,1.245758E-05,-4.3255E-07,-2.262612E-05,2.583253E-05
3717,-1.308548E-05,1.176792E-05,2.527968E-05,3.080221E-05
3718,-8.282184E-06,2.238747E-05,5.305809E-05,5.818037E-05
3719,-3.288086E-05,2.838286E-05,-4.187506E-06,4.363798E-05
3720,-6.891042E-06,3.238323E-05,-1.046383E-05,3.47225E-05
3721,-3.280029E-05,2.846967E-05,-4.114063E-06,4.36269E-05
3722,1.321678E-05,-8.270965E-06,-1.968699E-05,2.511314E-05
3723,-6.926444E-06,3.238341E-05,-1.044596E-05,3.472433E-05
3724,-0.9688249,0.6233544,-0.1225115,1.158534
3725,-8.036704E-06,-1.379468E-05,1.075611E-05,1.925034E-05
3726,1.835283E-06,6.262829E-06,1.788214E-06,6.766757E-06
3727,-1.757124E-06,-6.841786E-06,1.513451E-06,7.22413E-06
3728,-8.668916E-06,4.699499E-06,5.563751E-06,1.132213E-05
3729,9.732385E-07,6.529272E-06,5.734537E-06,8.744341E-06
3730,9.774601E-07,6.531741E-06,5.732355E-06,8.745225E-06
3731,-9.104449E-06,1.022139E-05,6.271777E-06,1.505666E-05
3732,-1.128755E-05,1.774703E-05,8.482391E-06,2.267856E-05
3733,3.181356E-06,-1.271543E-05,6.275928E-06,1.453239E-05
3734,0.006395225,-0.0004727179,0.01620224,0.01742513
3735,6.374302E-05,0.000154847,-0.0001338279,0.0002143611
3736,0.0002563992,0.0001828645,-4.08612E-05,0.0003175683
3737,1.13193E-05,-4.279713E-06,-2.265909E-06,1.231166E-05
3738,7.59275E-06,-2.940613E-06,5.227595E-06,9.675991E-06
3739,5.764362E-06,-2.420557E-06,-9.613378E-07,6.325436E-06
3740,5.512095E-06,-3.487997E-06,5.469348E-06,8.512525E-06
3741,4.530898E-06,-3.206308E-06,4.407844E-06,7.087915E-06
3742,4.606533E-06,-3.461827E-06,1.485572E-07,5.76424E-06
3743,-6.816986E-06,-2.044649E-06,-2.554014E-06,7.561407E-06
3744,-4.624619E-05,4.44026E-05,8.824521E-05,0.0001090757
3745,-3.142513E-05,-0.0004437924,-7.271638E-05,0.000450807
3746,2.126192E-06,1.500116E-06,-3.788007E-06,4.595654E-06
3747,-1.863889E-06,-5.497707E-08,-6.574416E-06,6.833743E-06
3748,2.12949E-06,1.493683E-06,-3.789017E-06,4.595919E-06
3749,-1.860294E-06,-4.743101E-08,-6.573816E-06,6.83213E-06
3750,-4.018778E-06,-7.836587E-06,-1.010098E-06,8.864703E-06
3751,-3.394046E-06,3.838235E-06,2.433314E-07,5.129406E-06
3752,3.103226E-08,1.512817E-06,2.697516E-06,3.092923E-06
3753,-3.874723E-06,-4.321543E-06,5.710779E-07,5.832268E-06
3754,-4.030696E-07,2.897419E-06,2.247561E-06,3.689042E-06
3755,-1.677572E-06,-4.699329E-06,-1.400582E-06,5.182622E-06
3756,-0.01023044,0.005038588,-0.007651106,0.01373276
3757,0.002732284,-0.002607266,-0.001046735,0.003919039
3758,5.770328E-06,-3.42393E-06,-1.151919E-05,1.333085E-05
3759,1.040273E-05,-3.317042E-06,-3.037901E-06,1.133351E-05
3760,3.435046E-06,-4.250648E-06,-1.179648E-05,1.300094E-05
3761,5.767032E-06,-3.42348E-06,-1.151896E-05,1.332912E-05
3762,3.308293E-06,-4.183915E-06,-1.18089E-05,1.295763E-05
3763,-1.94892E-06,-2.563168E-06,-1.037244E-05,1.086074E-05
3764,-1.946296E-06,-2.563279E-06,-1.037256E-05,1.086041E-05
3765,-6.631421E-05,9.854526E-05,0.0002093466,0.0002406964
3766,-1.619886E-05,-1.842977E-05,-1.66581E-05,2.965724E-05
3767,-4.630481E-06,-4.087619E-05,9.99746E-05,0.0001081075
3768,4.155103E-06,1.626349E-05,-1.616193E-05,2.33018E-05
3769,6.444888E-06,-2.128048E-05,-1.177729E-05,2.516148E-05
3770,-9.206144E-06,-2.440325E-05,-4.183479E-06,2.64154E-05
3771,-1.249892E-06,1.994505E-06,-2.504819E-06,3.437208E-06
3772,-3.458067E-06,6.449702E-06,2.018698E-06,7.591575E-06
3773,4.044575E-06,-7.284878E-06,-8.082308E-07,8.371456E-06
3774,1.590745E-06,-4.607981E-06,-2.2077E-06,5.35144E-06
3775,9.073271E-07,6.381457E-06,-2.603112E-06,6.951434E-06
3776,3.085531E-07,6.61899E-07,-1.992087E-06,2.121727E-06
3777,3.102904E-07,6.65266E-07,-1.993372E-06,2.124239E-06
3778,-6.931164E-06,-9.90955E-06,-3.108707E-06,1.248616E-05
3779,-5.833796E-06,-1.266258E-05,3.095477E-06,1.428132E-05
3780,0.002657711,0.005401946,0.01683208,0.01787633
3781,-0.01283612,-0.003184499,-0.007102285,0.01501164
3782,-0.0007906508,0.00276574,-0.001348224,0.003176815
3783,-0.004780981,-0.005189915,-0.01864222,0.01993302
3784,-7.855123E-07,1.108963E-06,3.651993E-06,3.89665E-06
3785,-8.797868E-07,-4.70086E-06,-2.69634E-06,5.490206E-06
3786,-8.834973E-07,-4.70627E-06,-2.702905E-06,5.498658E-06
3787,-2.386435E-06,4.548154E-06,1.775188E-06,5.434341E-06
3788,-0.02304326,-0.0192485,-0.007894682,0.03104549
3789,8.103505E-07,-2.81437E-06,3.64962E-07,2.951363E-06
3790,-1.576627E-06,-1.230357E-06,5.020946E-06,5.404574E-06
3791,-1.407765E-06,2.17305E-06,9.84264E-07,2.769968E-06
3792,3.11086E-07,2.701206E-06,3.52894E-06,4.454964E-06
3793,1.532186E-06,-3.764872E-06,5.061136E-07,4.096096E-06
3794,9.358344E-07,1.501116E-06,-1.221331E-06,2.149601E-06
3795,3.963895E-07,4.076427E-06,1.868553E-06,4.501763E-06
3796,-1.099332E-06,-3.233756E-06,-9.424123E-07,3.543141E-06
3797,1.298331E-06,2.020064E-06,9.45231E-07,2.580655E-06
3798,0.003688275,2.284314E-07,0.0009437342,0.003807099
3799,-0.007118925,0.009219388,-0.001377666,0.0117292
3800,0.01766674,-0.005927427,-0.04297002,0.04683663
3801,0.002696255,0.004957727,0.005097895,0.007605089
3802,-0.1097277,0.1206359,-0.03309373,0.1663982
3803,-2.406873E-06,1.723402E-06,-2.580577E-06,3.927153E-06
3804,-3.346971E-06,-7.119868E-07,-9.337707E-06,9.944943E-06
3805,-1.374588E-06,-3.064558E-06,-7.925761E-06,8.608059E-06
3806,3.348699E-06,-3.012447E-06,-6.382723E-06,7.812027E-06
3807,-1.021978E-06,-1.514522E-06,-1.793688E-06,2.560378E-06
3808,1.660396E-06,1.922031E-06,7.912558E-07,2.660301E-06
3809,7.885516E-07,-5.749688E-07,-1.884346E-06,2.122066E-06
3810,2.897344E-06,4.135388E-06,-9.63711E-06,1.087979E-05
3811,3.009541E-08,-1.730684E-06,1.809982E-06,2.504438E-06
3812,0.00096397,0.001304163,0.0005840643,0.00172372
3813,-1.827103E-05,0.0001581369,3.633777E-05,0.0001632836
3814,-1.721641E-07,2.741825E-06,3.055772E-08,2.747395E-06
3815,9.307569E-07,3.041875E-06,9.081037E-08,3.182382E-06
3816,-5.221279E-07,-8.530282E-08,4.297871E-08,5.30793E-07
3817,2.478304E-06,1.452006E-06,4.43465E-08,2.872678E-06
3818,-3.837095E-07,-2.225736E-07,-2.155051E-07,4.931678E-07
3819,-2.030103E-06,2.288457E-05,3.982953E-06,2.331713E-05
3820,-2.043218E-06,2.288302E-05,3.985522E-06,2.33172E-05
3821,1.555242E-05,1.587709E-05,1.351335E-05,2.601097E-05
3822,3.090139E-05,3.943605E-05,2.261942E-05,5.497032E-05
3823,-0.003165297,0.003573097,0.0101252,0.01119401
3824,-6.62399E-07,-9.195468E-07,-1.364725E-05,1.369423E-05
3825,1.184895E-06,2.453776E-06,-1.083293E-05,1.117038E-05
3826,1.18688E-06,2.450514E-06,-1.083303E-05,1.116997E-05
3827,3.145412E-06,1.119877E-06,-1.201773E-05,1.247291E-05
3828,2.791201E-06,3.667136E-06,-5.050387E-06,6.837039E-06
3829,-0.0002079657,0.0001529926,0.0003264961,0.0004162405
3830,2.474946E-05,-1.761715E-05,-9.073787E-05,9.568835E-05
3831,-5.649038E-05,4.888099E-05,-6.948512E-05,0.000102023
3832,4.673493E-05,4.428403E-05,2.764195E-05,7.006644E-05
3833,-9.964222E-07,6.455276E-07,3.777198E-07,1.245887E-06
3834,3.479044E-06,2.476301E-05,9.672921E-06,2.681186E-05
3835,1.139808E-05,2.237225E-05,8.982339E-06,2.666676E-05
3836,1.215321E-05,1.668166E-05,9.781911E-06,2.283997E-05
3837,2.439386E-07,-8.241734E-06,-2.189271E-08,8.245372E-06
3838,9.469424E-06,2.417909E-05,4.477683E-06,2.635049E-05
3839,1.752358E-05,3.744895E-05,3.258704E-06,4.147432E-05
3840,-2.647996E-08,-6.595144E-06,3.118346E-06,7.295252E-06
3841,2.446027E-07,-8.242972E-06,-3.048397E-08,8.246657E-06
3842,4.906369E-06,2.139339E-05,-3.878714E-06,2.228888E-05
3843,0.01742142,-0.01246179,-0.03181406,0.03835279
3844,0.0001402125,-0.00212966,0.0002646201,0.002150613
3845,-1.115098E-05,2.457467E-05,-2.151774E-06,2.707192E-05
3846,-1.109352E-05,2.45795E-05,-2.207282E-06,2.705716E-05
3847,-1.333574E-05,3.264468E-05,-1.375583E-07,3.52638E-05
3848,-1.334091E-05,3.265807E-05,-1.281128E-07,3.527812E-05
3849,1.603076E-05,2.556057E-05,4.269751E-07,3.017466E-05
3850,2.443141E-06,2.335397E-05,7.70218E-06,2.471235E-05
3851,2.436024E-06,2.335608E-05,7.695959E-06,2.471171E-05
3852,-1.379501E-06,6.836943E-07,-3.924704E-06,4.215894E-06
3853,1.10929E-06,7.3196E-07,-1.60714E-07,1.338701E-06
3854,0.08974696,0.2543493,-0.2122387,0.3432104
3855,-0.000257139,0.0003984559,-0.0003651181,0.0005984971
3856,-0.0004966111,-0.0006130738,0.0002716522,0.0008344321
3857,4.360507E-06,5.64025E-05,-1.967663E-06,5.660501E-05
3858,4.410775E-06,5.639296E-05,-1.940259E-06,5.659846E-05
3859,-0.706104,-0.07272488,-0.5022348,0.8695468
3860,9.914691E-06,2.536732E-05,5.453149E-06,2.777659E-05
3861,9.128753E-07,-1.66753E-06,-2.825168E-06,3.405227E-06
3862,7.72494E-06,8.704761E-06,1.203816E-05,1.67441E-05
3863,-1.508172E-06,6.8221E-06,4.022442E-06,8.061989E-06
3864,3.551686E-06,7.828798E-07,4.910379E-06,6.110581E-06
3865,-6.043622E-06,-6.017339E-06,3.325879E-07,8.53489E-06
3866,1.289605E-05,1.841559E-05,2.056166E-05,3.046677E-05
3867,-1.5122E-06,6.819579E-06,4.021822E-06,8.060301E-06
3868,-1.216605E-07,3.095398E-06,-4.577018E-06,5.526788E-06
3869,-2.289453E-06,-1.653754E-06,-2.272087E-06,3.624759E-06
3870,-2.257542E-06,2.329546E-06,4.869607E-06,5.851184E-06
3871,-5.449093E-06,-1.148917E-06,-1.863218E-06,5.872325E-06
3872,-0.04353661,-0.03147647,-0.01537543,0.0558803
3873,-0.00148214,0.00169219,0.006273319,0.006664442
3874,-0.0009624314,0.002087998,-0.009141535,0.009426223
3875,-0.002790256,0.02355273,-0.0002222682,0.02371847
3876,2.136494E-08,-2.350313E-07,-2.283953E-05,2.284075E-05
3877,-4.258166E-06,-3.580359E-06,-9.224224E-06,1.077206E-05
3878,-1.815028E-06,-5.21939E-06,-7.703803E-06,9.480767E-06
3879,-1.53387E-06,-2.933042E-07,-1.245943E-05,1.255692E-05
3880,-5.550261E-07,4.045963E-06,-1.307115E-05,1.369426E-05
3881,-2.884508E-06,-4.798781E-06,-7.466392E-07,5.648553E-06
3882,4.468143E-07,-3.220169E-06,-2.543998E-06,4.128081E-06
3883,4.396005E-07,-3.203249E-06,-2.539459E-06,4.111314E-06
3884,-3.69363E-07,-3.553024E-06,2.69032E-06,4.471939E-06
3885,-2.475628E-06,-1.231827E-06,-9.544365E-06,9.936852E-06
3886,-0.004230121,-0.0005558847,0.006313386,0.007619828
3887,0.0007229022,0.0002844595,0.001196048,0.001426196
3888,4.018014E-06,-8.844398E-08,4.365538E-08,4.019225E-06
3889,-1.532377E-06,-4.627846E-06,-2.53431E-07,4.881534E-06
3890,-2.055852E-06,-1.783461E-06,8.912918E-08,2.723087E-06
3891,1.720357E-06,-2.32022E-06,1.322823E-07,2.891461E-06
3892,-2.06217E-06,-1.78741E-06,3.35921E-07,2.749586E-06
3893,-2.798645E-06,-1.517957E-06,8.352274E-08,3.184899E-06
3894,0.002506105,0.07465023,0.2109392,0.2237729
3895,-0.105546,-0.09986137,0.0891424,0.1704659
3896,0,0,0,0
3897,-0.002340929,-0.006775744,-0.01272635,0.01460652
3898,-6.69228E-06,-1.161692E-05,4.022561E-05,4.240093E-05
3899,-6.854465E-06,-1.155783E-05,4.025156E-05,4.243531E-05
3900,6.82826E-05,-0.001350907,0.001929729,0.002356579
3901,-3.466649E-05,-2.583737E-05,2.569315E-06,4.331208E-05
3902,1.375961E-07,-2.555385E-07,-6.056739E-06,6.063688E-06
3903,-3.668481E-07,-9.614218E-07,-4.121676E-06,4.248191E-06
3904,5.103266E-07,5.595657E-07,-5.195214E-06,5.250123E-06
3905,7.381987E-08,6.484253E-07,-5.237028E-06,5.277534E-06
3906,2.168079E-07,1.826305E-06,-6.198037E-06,6.465142E-06
3907,1.273403E-06,1.090689E-06,-7.168479E-06,7.361946E-06
3908,0.000153763,-3.852575E-05,-0.0001220072,0.0002000326
3909,-2.114932E-06,-0.000156255,-5.66772E-05,0.0001662299
3910,0.09935701,0.1885647,-0.06087665,0.2216629
3911,0,0,0,0
3912,-7.547947E-06,2.059079E-05,2.081779E-05,3.023793E-05
3913,-6.18138E-06,-7.762472E-06,2.295742E-05,2.501017E-05
3914,5.388854E-06,-1.386099E-06,-5.177923E-06,7.600784E-06
3915,-1.997799E-05,2.903118E-05,1.003717E-05,3.664252E-05
3916,-7.577933E-06,2.056427E-05,2.084061E-05,3.02431E-05
3917,-6.186866E-06,-7.759502E-06,2.29597E-05,2.50127E-05
3918,-0.01228041,0.01768128,0.02436037,0.03250945
3919,-4.614621E-07,4.582393E-05,-1.847685E-05,4.941093E-05
3920,1.924537E-05,-3.244131E-06,1.012127E-05,2.198519E-05
3921,1.950396E-05,-3.499948E-06,1.023801E-05,2.230406E-05
3922,-6.981377E-05,4.988159E-05,1.876073E-05,8.782995E-05
3923,1.97948E-05,3.925251E-05,1.226957E-06,4.397839E-05
3924,6.272771E-05,-1.620737E-05,-4.332494E-05,7.793905E-05
3925,10.14269,1.268483,-7.576864,12.72368
3926,0,0,0,0
3927,4.78063E-06,-1.761929E-06,-3.804823E-06,6.358891E-06
3928,-2.390452E-06,-6.696845E-06,2.218199E-06,7.448651E-06
3929,2.324266E-06,2.64676E-05,1.334609E-06,2.660296E-05
3930,-5.675401E-06,-1.912576E-06,-1.939624E-06,6.295257E-06
3931,-5.67392E-06,-1.926377E-06,-1.941682E-06,6.298764E-06
3932,-2.390331E-06,-6.69542E-06,2.218756E-06,7.447497E-06
3933,3.326166E-06,-2.786498E-05,-8.468675E-06,2.931278E-05
3934,2.303281E-06,2.647735E-05,1.337199E-06,2.661096E-05
3935,-9.842149E-06,1.996449E-05,-2.038324E-07,2.225962E-05
3936,-2.106729E-05,-3.979195E-05,2.318457E-05,5.06434E-05
3937,-3.160661E-05,7.936668E-05,7.134321E-06,8.572599E-05
3938,-7.672049E-06,1.809658E-05,-3.872657E-06,2.003358E-05
3939,0.0002428252,2.739069E-05,8.232034E-05,0.0002578585
3940,0.0001024899,-2.75128E-05,0.0001099082,0.0001527774
3941,0.01759218,-0.04415344,0.00926926,0.04842448
3942,0,0,0,0
3943,5.230342E-06,-2.330155E-05,-3.458956E-06,2.413054E-05
3944,-5.669015E-06,8.367655E-06,4.743444E-06,1.116493E-05
3945,5.798506E-06,-1.11794E-05,1.883501E-06,1.273378E-05
3946,-4.252328E-05,-3.06137E-05,5.268877E-05,7.430703E-05
3947,-1.402811E-06,-5.653966E-06,2.763029E-06,6.447444E-06
3948,-1.399997E-06,-5.659193E-06,2.763301E-06,6.451534E-06
3949,5.79029E-06,-1.116966E-05,1.888062E-06,1.272216E-05
3950,-0.0006783578,4.763218E-05,0.0008183154,0.001063992
3951,0.0002355324,0.0001529043,-0.0001183421,0.0003047295
3952,-4.903002E-06,3.910959E-05,1.001756E-05,4.066879E-05
3953,-2.259282E-06,1.536692E-05,1.810382E-05,2.385362E-05
3954,2.955784E-05,-2.317141E-06,1.115652E-05,3.167811E-05
3955,-1.542669E-05,1.158843E-05,3.091421E-05,3.644123E-05
3956,3.135384E-05,-1.727979E-06,1.655047E-05,3.549602E-05
3957,-1.162963E-05,-4.428778E-06,2.964802E-05,3.215381E-05
3958,-1.366882E-07,5.902163E-05,-1.739972E-05,6.153309E-05
3959,-1.591779E-05,4.634869E-05,-3.909245E-05,6.268809E-05
3960,6.902211E-05,-0.0001421636,0.000409669,0.0004390937
3961,0.0002423037,-0.001667265,0.005905379,0.006141008
3962,3.807407E-06,-8.505539E-06,-9.60429E-07,9.368189E-06
3963,2.86759E-06,-4.02784E-06,-3.585328E-07,4.957329E-06
3964,-4.339681E-06,-6.803929E-06,5.889335E-06,9.990523E-06
3965,-5.350559E-06,-4.329777E-06,2.144792E-06,7.209409E-06
3966,3.805672E-06,-8.502443E-06,-9.623717E-07,9.364872E-06
3967,5.043438E-06,1.043494E-05,-3.473379E-06,1.209912E-05
3968,-4.34784E-06,-6.834306E-06,5.878486E-06,1.00084E-05
3969,-1.370604E-06,-9.145254E-06,2.783641E-06,9.657271E-06
3970,-2.366787E-06,-1.568118E-05,2.684641E-06,1.608442E-05
3971,-0.0003101964,0.001088899,5.71709E-05,0.001133663
3972,0.0003276358,-0.0007050078,0.001727053,0.001893963
3973,3.513856E-05,-2.842911E-05,1.389732E-05,4.728708E-05
3974,9.086121E-05,-5.337581E-06,-6.388356E-05,0.0001111996
3975,7.789344E-06,2.830528E-05,-2.340068E-05,3.75427E-05
3976,2.334533E-05,0.0001609912,1.498875E-05,0.0001633641
3977,3.827875E-05,8.53253E-05,-4.357845E-05,0.0001031734
3978,2.691813E-05,-1.019851E-06,-1.889227E-06,2.700362E-05
3979,1.592257E-05,-3.529032E-07,-2.095046E-07,1.592786E-05
3980,-1.676038E-05,-8.147115E-07,-8.974725E-07,1.680416E-05
3981,-1.675501E-05,4.386345E-07,-9.104906E-07,1.678546E-05
3982,2.691812E-05,-1.019853E-06,-1.889218E-06,2.70036E-05
3983,1.591313E-05,5.58345E-07,-2.096546E-07,1.59243E-05
3984,-1.948483E-05,4.418937E-06,3.434714E-05,3.973553E-05
3985,-1.9494E-05,4.485957E-06,3.436779E-05,3.976537E-05
3986,1.828897E-07,1.313207E-05,1.465484E-07,1.313416E-05
3987,-3.989046E-06,-1.217299E-06,-1.157345E-07,4.172254E-06
3988,-3.982562E-06,-1.217648E-06,1.331814E-07,4.166678E-06
3989,-3.93018E-06,-8.84063E-06,3.779882E-07,9.682248E-06
3990,-3.936158E-06,-8.836751E-06,3.670887E-07,9.680716E-06
3991,-1.358433E-06,7.261884E-05,7.699736E-05,0.0001058486
3992,1.452258E-06,7.730968E-06,-3.551639E-05,3.637707E-05
3993,-6.054824E-08,3.259909E-05,-3.689437E-05,4.923311E-05
3994,-4.907663E-06,9.094174E-06,4.150137E-05,4.27686E-05
3995,-8.111749E-05,-5.916354E-06,-6.237772E-05,0.0001024989
3996,1.186136E-05,2.706844E-06,4.3468E-05,4.513852E-05
3997,-0.4969642,0.02350189,-0.7258965,0.8800293
3998,-4.509164E-07,-2.846168E-06,-4.169333E-06,5.068268E-06
3999,-6.727813E-07,-8.914389E-06,-1.31057E-06,9.035295E-06
4000,-7.59198E-07,-1.125637E-05,3.345243E-06,1.176745E-05
4001,-6.773688E-07,-8.91834E-06,-1.305604E-06,9.038817E-06
4002,-1.616605E-06,-1.192697E-05,-1.654764E-06,1.214925E-05
4003,-2.332613E-07,2.424195E-06,-3.99368E-06,4.677672E-06
4004,-5.265175E-06,-1.512893E-05,1.673583E-06,1.610613E-05
4005,-4.480106E-07,-2.842079E-06,-4.176406E-06,5.071537E-06
4006,1.226266E-06,-7.195407E-06,-9.28371E-06,1.180952E-05
4007,1.844512E-06,-7.265337E-06,-5.698664E-07,7.517452E-06
4008,1.843529E-06,-7.268061E-06,-5.627911E-07,7.519312E-06
4009,2.6906E-06,-1.164184E-05,-5.095727E-07,1.195957E-05
4010,2.692663E-06,-1.163477E-05,-5.132853E-07,1.195331E-05
4011,-0.0001475315,-3.598741E-05,-0.0002400738,0.0002840706
4012,0.0002784509,0.0002515545,1.439665E-05,0.0003755288
4013,5.295841E-05,3.117038E-05,2.152081E-05,6.511015E-05
4014,-1.202099E-06,0.0001274003,4.692072E-05,0.0001357712
4015,-6.985106E-05,-0.0001149608,-0.000130157,0.0001871791
4016,-6.26635E-05,-0.0001578034,-3.54134E-05,0.0001734438
4017,1.056526E-05,-5.970895E-07,-5.070428E-07,1.059426E-05
4018,1.057348E-05,-7.960788E-07,-5.349187E-07,1.061689E-05
4019,5.560932E-06,1.327251E-05,-1.53922E-06,1.447248E-05
4020,1.174603E-05,-5.341356E-06,1.876706E-06,1.303922E-05
4021,5.561123E-06,1.320533E-05,-1.53914E-06,1.441096E-05
4022,1.174755E-05,-5.274358E-06,1.887831E-06,1.30149E-05
4023,4.817815E-05,-9.588335E-06,1.970557E-05,5.292806E-05
4024,-5.885533E-06,-1.774483E-05,2.904218E-05,3.453935E-05
4025,-3.269414E-05,2.097928E-05,3.439272E-05,5.188349E-05
4026,6.498919E-05,-5.87178E-05,-6.394085E-05,0.0001084426
4027,3.05607E-05,-1.223356E-06,5.078579E-05,5.928448E-05
4028,-0.001627962,0.02929696,0.06023608,0.06700259
4029,-1.146173E-06,-9.356568E-07,4.896335E-06,5.115004E-06
4030,-1.15037E-05,-2.003624E-05,5.435986E-06,2.37347E-05
4031,-7.365506E-06,-7.416171E-06,8.130446E-06,1.324215E-05
4032,-1.145976E-06,-9.369186E-07,4.902717E-06,5.1213E-06
4033,2.463632E-06,-7.591438E-06,2.837877E-06,8.470712E-06
4034,-1.669047E-06,8.76917E-06,-1.032667E-05,1.365006E-05
4035,-2.800366E-06,-1.398797E-07,6.869461E-06,7.419643E-06
4036,2.447245E-06,-7.614148E-06,2.814932E-06,8.478685E-06
4037,3.605427E-07,-3.499119E-06,1.316145E-06,3.755804E-06
4038,1.42215E-06,-0.0001433963,0.0002940818,0.0003271829
4039,-0.0003810834,0.0001703002,-0.000161685,0.0004476257
4040,0.0005722484,-0.001382295,-0.0002849303,0.001522955
4041,-3.983848E-05,9.501396E-06,-0.0003038385,0.0003065864
4042,-1.666754E-06,0.000151448,-0.0005017272,0.0005240892
4043,0.0008846885,0.0005124099,0.00234348,0.002556783
4044,1.016872E-05,-1.110189E-05,3.100505E-07,1.505826E-05
4045,1.564294E-05,-2.439392E-05,-4.32938E-07,2.898193E-05
4046,1.016495E-05,-1.110145E-05,3.177908E-07,1.505554E-05
4047,1.131575E-05,3.594975E-05,8.234476E-07,3.769759E-05
4048,1.131653E-05,3.599257E-05,8.232786E-07,3.773867E-05
4049,4.059562E-05,3.759669E-05,-7.948221E-05,9.684492E-05
4050,4.939601E-05,-6.839505E-05,-3.172981E-05,9.013673E-05
4051,-6.327855E-05,-4.552955E-05,-9.167485E-05,0.0001203387
4052,-2.964177E-05,2.472222E-05,-1.643603E-05,4.195195E-05
4053,0.001600512,-0.02776883,-0.06015214,0.06627178
4054,-5.884452E-06,3.142967E-06,-3.146418E-08,6.671282E-06
4055,8.951252E-07,-1.692436E-05,1.338257E-06,1.700077E-05
4056,-5.885728E-06,3.14819E-06,-2.750314E-08,6.674852E-06
4057,1.460048E-06,-7.721555E-06,-2.048424E-06,8.120973E-06
4058,5.811666E-06,7.647496E-06,-1.211213E-07,9.605953E-06
4059,-1.402597E-06,-8.376287E-06,-1.08389E-06,8.561792E-06
4060,4.786265E-06,-8.01833E-06,1.480372E-06,9.454811E-06
4061,4.792248E-06,-8.016865E-06,1.484979E-06,9.457322E-06
4062,2.176782E-06,-1.340018E-05,2.661468E-06,1.383426E-05
4063,1.464903E-06,-7.733847E-06,-2.015518E-06,8.125309E-06
4064,2.916723E-06,-1.302334E-05,8.521307E-07,1.337313E-05
4065,-1.939786E-06,2.666584E-06,1.892092E-06,3.801769E-06
4066,-1.939938E-06,2.66674E-06,1.89288E-06,3.802349E-06
4067,0.001227924,0.00038519,0.0007338611,0.001481459
4068,-0.0009201505,0.00112492,-0.00507778,0.005281664
4069,1.30059E-05,1.709614E-07,4.47526E-07,1.301472E-05
4070,1.356691E-05,-1.323731E-05,-8.512841E-08,1.895507E-05
4071,1.356654E-05,-1.322593E-05,-9.131126E-08,1.894689E-05
4072,-0.001941885,0.002796776,-0.002415858,0.004174835
4073,-5.288952E-05,-4.79084E-05,-2.696218E-05,7.628548E-05
4074,8.656555E-05,3.336228E-05,5.286299E-05,0.0001067761
4075,5.008791E-06,4.874613E-05,-0.0001873083,0.0001936122
4076,-9.955079E-05,-0.0002845917,-0.0002506004,0.0003920502
4077,0.0003146468,0.003861437,0.04556612,0.04573052
4078,0.002142245,0.001447012,-0.0001481726,0.002589404
4079,-0.0007223756,-3.193675E-05,0.0004190193,0.0008357175
4080,8.161588E-06,-1.411977E-05,2.494126E-06,1.649849E-05
4081,1.915826E-06,-5.039262E-06,1.486277E-06,5.592278E-06
4082,3.015683E-06,-5.705347E-06,-2.221086E-06,6.824848E-06
4083,3.270593E-06,1.411348E-06,-1.094893E-06,3.72659E-06
4084,2.840166E-06,-1.062201E-05,3.263217E-07,1.100001E-05
4085,1.192882E-06,-1.005718E-05,-1.183368E-06,1.019657E-05
4086,-2.105094E-06,9.268816E-06,-2.351997E-06,9.79154E-06
4087,-6.260507E-07,-1.068845E-05,2.740414E-06,1.105191E-05
4088,3.042663E-06,-1.232216E-06,2.943297E-06,4.408986E-06
4089,3.020405E-06,-5.715916E-06,-2.230029E-06,6.838682E-06
4090,-7.913867E-05,4.17714E-05,6.404273E-06,8.971507E-05
4091,0.000101304,0.0002712767,-8.558367E-05,0.0003019572
4092,3.399307E-05,0.0002014711,0.00033674,0.0003938781
4093,0.0001622979,-0.006932101,0.002725233,0.007450319
4094,5.338693E-05,-4.1216E-06,-1.45494E-05,5.548727E-05
4095,-0.01072909,0.002750312,0.001795049,0.01122051
4096,1.373803E-05,3.898953E-07,-1.924668E-06,1.387767E-05
4097,1.724919E-05,-2.628862E-07,1.142886E-06,1.728901E-05
4098,1.725167E-05,-2.752757E-07,1.124911E-06,1.72905E-05
4099,1.740005E-05,-5.303846E-07,-1.187457E-06,1.744859E-05
4100,1.373986E-05,7.756288E-08,-1.929308E-06,1.387487E-05
4101,2.086499E-06,1.104496E-06,1.063816E-07,2.363198E-06
4102,2.086229E-06,1.071612E-06,1.075413E-07,2.347822E-06
4103,-9.988993E-06,5.491062E-07,2.000984E-05,2.237131E-05
4104,-9.801842E-06,-7.003494E-07,2.010554E-05,2.237855E-05
4105,-9.966871E-06,4.775525E-07,2.001686E-05,2.236607E-05
4106,-0.001133909,-0.03624049,-0.01794916,0.04045777
4107,0.001019452,-0.0002532483,3.540463E-05,0.001051033
4108,0.002104872,-0.003626797,-0.001528638,0.004463281
4109,1.23991E-05,9.596386E-06,1.721093E-07,1.567986E-05
4110,1.239808E-05,9.597837E-06,2.240771E-07,1.568059E-05
4111,5.36282E-06,1.576522E-05,3.638715E-07,1.665636E-05
4112,-1.258968E-05,-1.14241E-05,-5.670851E-08,1.700039E-05
4113,-3.033552E-06,-5.164924E-06,-1.668103E-07,5.99222E-06
4114,-2.998938E-06,-5.177614E-06,-1.705667E-07,5.985851E-06
4115,-0.0003437747,0.0003049047,-0.0001865222,0.0004959218
4116,-2.520758E-05,-0.0002511315,-0.0009469356,0.0009799945
4117,6.437612E-07,-4.273377E-06,-2.289467E-06,4.890587E-06
4118,4.323208E-06,-1.326415E-05,-8.877735E-07,1.397913E-05
4119,-8.598321E-07,-7.459581E-06,-1.127285E-06,7.593117E-06
4120,3.186556E-06,-1.181988E-06,-1.384941E-06,3.670054E-06
4121,2.920092E-06,1.585412E-06,5.72255E-07,3.371638E-06
4122,4.585895E-07,-6.042025E-06,-6.47975E-07,6.093951E-06
4123,7.991722E-06,-3.794985E-06,-1.059519E-06,8.910225E-06
4124,-4.687908E-06,1.840805E-07,3.070436E-06,5.606955E-06
4125,4.526791E-07,-6.039063E-06,-6.347248E-07,6.089177E-06
4126,4.748892E-06,3.379267E-06,-9.465722E-07,5.904864E-06
4127,-0.004170089,0.002045557,-0.000130436,0.004646607
4128,-5.60493E-05,-3.12812E-06,-4.763775E-05,7.362516E-05
4129,-0.001341168,0.004608878,0.0006952128,0.004850135
4130,1.312226E-05,3.628425E-05,1.979585E-07,3.858471E-05
4131,1.312043E-05,3.620681E-05,1.839952E-07,3.85112E-05
4132,1.741068E-05,-3.288668E-06,1.288219E-06,1.776532E-05
4133,1.897228E-05,-2.433051E-05,-1.372368E-06,3.088373E-05
4134,1.741341E-05,-3.42273E-06,1.269901E-06,1.779198E-05
4135,2.378864E-06,-3.240966E-06,2.561879E-07,4.02846E-06
4136,3.532416E-06,-4.339939E-07,2.542942E-06,4.374114E-06
4137,-7.981732E-06,4.030564E-07,2.620351E-05,2.739516E-05
4138,4.201661E-06,4.060878E-07,8.518475E-06,9.507012E-06
4139,-7.981211E-06,1.100261E-06,2.620281E-05,2.741345E-05
4140,-4.537019E-06,-6.756392E-07,2.112299E-06,5.050033E-06
4141,4.193647E-06,-1.342264E-06,8.533691E-06,9.60272E-06
4142,-1.563649E-07,6.987935E-07,2.447833E-06,2.550421E-06
4143,-4.545097E-06,3.653499E-07,2.096657E-06,5.018701E-06
4144,-8.261958E-06,1.029925E-05,5.897667E-06,1.446088E-05
4145,-8.270937E-06,1.030339E-05,5.88958E-06,1.446566E-05
4146,0.01406103,-0.01104201,0.004045349,0.0183304
4147,0.006863941,-0.009135974,0.009682163,0.01497745
4148,2.647186E-05,0.0003128986,-0.0001819771,0.0003629352
4149,0.009074911,-0.003578585,-0.01783334,0.02032704
4150,2.173042E-07,7.527796E-07,-1.104642E-06,1.354301E-06
4151,8.191325E-07,-7.681609E-07,-3.947475E-06,4.104096E-06
4152,2.170801E-06,-1.205376E-05,2.817278E-06,1.256752E-05
4153,2.717394E-06,-3.281632E-06,8.913474E-07,4.352912E-06
4154,-3.379762E-06,8.275147E-07,1.182795E-06,3.67513E-06
4155,8.222353E-07,-7.703349E-07,-3.946004E-06,4.10371E-06
4156,4.751171E-07,-2.44062E-06,-1.533512E-06,2.921305E-06
4157,3.888643E-06,1.992492E-06,4.110613E-06,5.999059E-06
4158,-7.719364E-08,-8.688698E-06,1.424554E-07,8.690208E-06
4159,-1.741969E-07,-6.461145E-06,1.920969E-06,6.742912E-06
4160,-5.868902E-07,-6.921556E-06,-3.554582E-06,7.80304E-06
4161,2.703163E-06,-1.817432E-06,4.500773E-06,5.555817E-06
4162,-4.258777E-07,1.526123E-06,-3.445082E-07,1.621453E-06
4163,2.703821E-06,-1.820366E-06,4.501629E-06,5.557791E-06
4164,-0.0001723283,0.0001125811,1.181419E-05,0.0002061823
4165,0.01541689,0.00945852,-0.01008188,0.02070721
4166,1.844837E-05,-2.311042E-07,2.388258E-07,1.845136E-05
4167,1.845196E-05,5.22305E-07,2.249286E-07,1.846072E-05
4168,1.764199E-05,-1.272028E-05,4.595241E-07,2.175446E-05
4169,1.764196E-05,-1.271904E-05,4.591807E-07,2.17537E-05
4170,-1.801122E-06,1.167136E-06,9.449811E-07,2.345045E-06
4171,1.783399E-07,-1.026278E-06,-1.033278E-06,1.467214E-06
4172,1.66499E-06,8.235498E-08,9.798821E-07,1.933686E-06
4173,1.661618E-06,1.480612E-08,9.794942E-07,1.928886E-06
4174,1.326906E-06,6.746803E-07,2.112637E-06,2.584397E-06
4175,2.018541E-07,-1.123618E-06,-8.653329E-07,1.432503E-06
4176,-2.217703E-06,-3.179999E-07,-2.612209E-07,2.255563E-06
4177,-8.091981E-07,5.82973E-07,2.094645E-06,2.319956E-06
4178,-8.065138E-06,1.411306E-05,1.085471E-05,1.954609E-05
4179,-8.910189E-06,9.140963E-06,5.619089E-06,1.394714E-05
4180,-2.334795E-05,9.768224E-06,1.848742E-05,3.134214E-05
4181,-1.790608E-05,3.132676E-05,3.173968E-06,3.622247E-05
4182,-6.373953E-06,1.665041E-05,9.332076E-06,2.01234E-05
4183,-0.0005784628,0.004355961,-0.002291888,0.004955983
4184,3.134207E-05,-0.000826144,0.0006588044,0.001057128
4185,0.0009156744,0.0004185177,-0.000225369,0.001031701
4186,-1.487193E-06,-5.041381E-07,-1.301459E-06,2.039533E-06
4187,3.271004E-06,-7.959898E-07,5.065162E-06,6.081853E-06
4188,1.016751E-06,-4.140464E-06,1.985987E-06,4.703336E-06
4189,1.595925E-06,-4.229746E-06,1.88055E-06,4.896345E-06
4190,4.108596E-06,-8.563308E-07,1.619416E-06,4.498485E-06
4191,4.297457E-06,-6.68036E-06,5.153375E-07,7.959957E-06
4192,6.609931E-06,-1.479428E-06,2.944541E-06,7.385811E-06
4193,-2.033038E-07,-7.546133E-06,1.315616E-06,7.662657E-06
4194,-1.985393E-07,-7.549872E-06,1.327287E-06,7.668225E-06
4195,-1.316816E-06,-6.292375E-06,-1.567519E-06,6.617031E-06
4196,-0.001038002,-0.002712429,-0.0008948355,0.003038988
4197,-0.001341086,-0.01083459,0.008808833,0.01402792
4198,-0.001303037,-0.004908145,0.0007591796,0.005134603
4199,1.695459E-05,1.505994E-05,-7.890759E-08,2.267744E-05
4200,1.695377E-05,1.501595E-05,-7.789946E-08,2.264763E-05
4201,1.731795E-05,-1.798496E-06,-1.285639E-07,1.741156E-05
4202,1.707182E-05,-1.083258E-05,-8.826105E-08,2.02188E-05
4203,1.731567E-05,-1.52153E-06,-1.179806E-07,1.738279E-05
4204,-1.111618E-06,1.644456E-07,-3.690938E-06,3.858207E-06
4205,-4.861924E-07,2.316889E-07,-8.506293E-07,1.006793E-06
4206,-7.00207E-08,5.802982E-07,-1.040972E-06,1.193848E-06
4207,-1.561182E-06,4.499441E-07,-2.415214E-07,1.642581E-06
4208,-4.841826E-07,-9.04451E-07,-8.480441E-07,1.331031E-06
4209,1.31664E-05,5.013954E-07,1.69115E-05,2.143838E-05
4210,1.318176E-05,4.958232E-07,1.689545E-05,2.143504E-05
4211,1.319134E-05,4.898615E-07,1.688171E-05,2.142997E-05
4212,5.107828E-07,-8.933804E-06,-3.10032E-07,8.953763E-06
4213,4.510142E-06,1.315924E-06,-9.233558E-06,1.03601E-05
4214,-2.370976E-05,2.207592E-05,1.385323E-05,3.523366E-05
4215,-8.352393E-06,1.61765E-05,1.973042E-05,2.684644E-05
4216,-9.559789E-07,5.887296E-06,1.231928E-06,6.090303E-06
4217,-9.626129E-06,-6.342671E-06,3.284941E-06,1.198677E-05
4218,2.122259E-06,1.009407E-05,8.422923E-06,1.33169E-05
4219,-6.075005E-06,-8.864125E-06,-7.803119E-07,1.077438E-05
4220,2.076232E-06,6.999185E-06,-6.064392E-06,9.490847E-06
4221,-8.354743E-06,1.618258E-05,1.972785E-05,2.684895E-05
4222,2.51866E-07,7.697462E-06,9.619891E-07,7.76143E-06
4223,0.003611388,0.008891777,0.001891634,0.009781825
4224,-0.1103863,-0.02141396,-0.1584444,0.1942893
4225,-8.180844E-05,-0.0009448228,0.001111739,0.001461282
4226,-0.03971506,-0.0334391,0.01556954,0.05420212
4227,1.250406E-06,4.560158E-06,-3.110951E-06,5.660086E-06
4228,7.204817E-07,-1.802682E-06,-1.339653E-06,2.358692E-06
4229,-7.470722E-07,-1.953357E-06,-1.232763E-06,2.427638E-06
4230,6.194269E-06,1.869377E-06,1.356064E-06,6.610782E-06
4231,-1.652682E-06,-8.220191E-06,-7.966805E-07,8.422447E-06
4232,-6.94558E-07,-8.641132E-06,-2.989373E-06,9.169947E-06
4233,9.541645E-07,3.600052E-06,3.657522E-07,3.742269E-06
4234,1.523197E-06,-6.555005E-06,1.892223E-06,6.990617E-06
4235,1.105677E-06,-8.097199E-06,-2.71646E-06,8.611986E-06
4236,-4.585169E-07,-1.010327E-06,1.249055E-06,1.67067E-06
4237,-1.6737E-06,3.437504E-06,2.421282E-06,4.525518E-06
4238,6.864186E-07,-4.262737E-06,1.537463E-06,4.583218E-06
4239,9.092293E-05,2.233808E-05,4.890453E-05,0.0001056297
4240,-0.0003494554,0.0003171242,0.000216292,0.0005191041
4241,-0.0003661654,0.0002419012,0.0003781943,0.0005793308
4242,0.0002592042,-5.703838E-05,8.382398E-05,0.0002783283
4243,-0.0005537871,0.001794187,-0.0002426094,0.001893317
4244,-0.000647179,-0.000600045,0.001937442,0.002128984
4245,-9.936908E-07,-3.049597E-06,1.222611E-07,3.209737E-06
4246,1.949953E-05,-5.588747E-06,1.154093E-06,2.031743E-05
4247,7.908866E-08,-2.337216E-06,6.560105E-07,2.428824E-06
4248,1.949958E-05,-5.590629E-06,1.155234E-06,2.031805E-05
4249,-5.03293E-07,-8.605198E-08,-7.504444E-08,5.160818E-07
4250,1.846349E-05,4.090121E-07,-2.844443E-08,1.846804E-05
4251,1.844265E-05,-7.765832E-07,2.190467E-07,1.846029E-05
4252,0,0,0,0
4253,-2.21169E-06,-2.284195E-07,2.015227E-06,3.000815E-06
4254,2.239368E-06,2.464868E-07,-1.747194E-06,2.851002E-06
4255,-2.122862E-06,8.658454E-07,2.176689E-06,3.161362E-06
4256,-2.135661E-06,-6.521174E-07,2.190202E-06,3.127825E-06
4257,-2.217064E-06,-9.307665E-08,2.020696E-06,3.001207E-06
4258,2.240803E-06,2.50535E-07,-1.743371E-06,2.850142E-06
4259,-8.176872E-06,1.857908E-06,-1.36366E-05,1.600844E-05
4260,-2.045595E-06,5.194252E-07,6.802626E-06,7.122499E-06
4261,-2.045225E-06,5.327994E-07,6.802102E-06,7.12288E-06
4262,3.285157E-06,-3.02292E-06,-9.425288E-06,1.042911E-05
4263,-8.019597E-06,1.819059E-06,-1.374159E-05,1.601419E-05
4264,3.970424E-07,6.8829E-06,7.810853E-07,6.938447E-06
4265,1.775012E-06,-2.635087E-06,-5.81533E-06,6.626644E-06
4266,1.241619E-05,-5.495425E-06,-3.590442E-06,1.404467E-05
4267,3.724067E-06,-2.409394E-06,-3.378148E-06,5.575459E-06
4268,-5.372153E-06,-5.546252E-08,2.566744E-06,5.954098E-06
4269,8.13993E-06,3.070006E-06,3.145803E-06,9.250917E-06
4270,8.137869E-06,3.064396E-06,3.151691E-06,9.249248E-06
4271,-0.4813077,0.4487275,0.2972447,0.7220581
4272,0.005171185,0.003056758,-0.001338714,0.006154435
4273,0.0004848172,-0.0001418585,-0.0003435774,0.0006109149
4274,0.004093818,-0.0004344492,-0.0004746375,0.004144077
4275,-6.094615E-05,0.0006457802,9.945724E-05,0.0006562304
4276,-0.003681271,0.007525222,5.57417E-05,0.008377579
4277,0.004520125,0.001071043,0.001640309,0.004926386
4278,-0.003264589,0.0009987525,0.002023116,0.00396838
4279,-1.945763E-06,-6.938024E-06,1.142998E-06,7.295795E-06
4280,1.034548E-06,-5.101526E-06,-7.654765E-06,9.256959E-06
4281,-1.401255E-06,-3.424238E-06,-2.39534E-06,4.407558E-06
4282,4.492785E-07,-9.709146E-06,-1.776657E-06,9.880581E-06
4283,-1.637164E-06,-5.457366E-06,-1.876873E-06,5.998817E-06
4284,1.144234E-06,3.745102E-06,-3.626963E-06,5.337595E-06
4285,2.632489E-06,-4.144675E-06,-9.830531E-06,1.098852E-05
4286,-1.393973E-06,-3.43016E-06,-2.386044E-06,4.404812E-06
4287,3.145682E-07,2.912208E-06,-1.136228E-06,3.141803E-06
4288,-1.339121E-06,-6.851737E-06,-6.648451E-06,9.640615E-06
4289,2.840905E-07,-9.086287E-06,-2.530471E-06,9.436344E-06
4290,9.018614E-07,6.120021E-07,-1.823586E-06,2.124469E-06
4291,-1.636627E-06,-5.455832E-06,-1.875567E-06,5.996866E-06
4292,2.703815E-06,-7.16026E-06,-1.420808E-06,7.784512E-06
4293,2.704629E-06,-7.161781E-06,-1.415222E-06,7.785176E-06
4294,7.159442E-05,0.0001038269,-5.353523E-05,0.0001370103
4295,1.737102E-05,2.627772E-05,-2.158125E-05,3.818405E-05
4296,7.02999E-06,5.495213E-05,8.126526E-05,9.835243E-05
4297,1.160194E-05,0.000158564,1.929988E-05,0.0001601551
4298,-0.0002286713,6.288195E-05,0.0001533113,0.0002823988
4299,-0.003279156,0.004400936,0.001949874,0.005824355
4300,-1.550741E-05,4.47944E-05,7.4386E-07,4.740856E-05
4301,-1.551597E-05,4.481453E-05,2.511226E-08,4.742455E-05
4302,1.843421E-05,-9.318709E-07,2.990936E-07,1.846018E-05
4303,1.808083E-05,-4.349521E-08,1.512527E-07,1.808151E-05
4304,-1.582195E-07,6.721091E-07,-4.444618E-07,8.21164E-07
4305,1.808071E-05,-2.905512E-08,1.503194E-07,1.808136E-05
4306,1.740382E-05,-3.189845E-06,2.701972E-07,1.769579E-05
4307,1.740383E-05,-3.189854E-06,2.701066E-07,1.769581E-05
4308,-1.189758E-06,-1.510584E-06,5.589373E-08,1.923671E-06
4309,1.055736E-06,-1.894668E-07,6.214713E-07,1.239638E-06
4310,9.252245E-07,-3.470568E-06,-3.895803E-06,5.298883E-06
4311,-1.189201E-06,-1.475704E-06,5.906377E-08,1.896151E-06
4312,3.542376E-06,6.023794E-06,-6.012035E-07,7.013984E-06
4313,3.542521E-06,6.098984E-06,-6.023805E-07,7.078836E-06
4314,1.028853E-06,-2.814589E-07,-3.886753E-06,4.03046E-06
4315,1.058093E-06,-4.675261E-07,6.215669E-07,1.313197E-06
4316,-2.713316E-06,8.718998E-06,7.045412E-06,1.153347E-05
4317,-2.975287E-07,-1.258013E-06,2.409096E-06,2.73402E-06
4318,-6.683087E-06,-1.697144E-06,-6.501836E-06,9.477227E-06
4319,-2.173795E-06,-3.04634E-06,3.488238E-06,5.115993E-06
4320,2.482272E-06,-5.779299E-06,2.468389E-07,6.294672E-06
4321,1.079967E-06,-1.886533E-07,2.106229E-06,2.374472E-06
4322,-4.400472E-07,5.027423E-06,3.521869E-06,6.154038E-06
4323,-4.464466E-07,5.029719E-06,3.51778E-06,6.154036E-06
4324,0.003887902,0.02045529,-0.01292055,0.0245046
4325,0.0008820888,-0.00185299,-0.001523922,0.002556168
4326,-0.001864427,0.00071553,0.001536329,0.002519599
4327,-4.575327E-05,1.746855E-06,3.550687E-06,4.592407E-05
4328,-4.467742E-05,2.34932E-06,3.392551E-06,4.486759E-05
4329,-2.186742E-05,3.842745E-06,1.281623E-05,2.563604E-05
4330,0.0003053026,-1.640806E-05,-1.087059E-05,0.0003059364
4331,-2.187924E-05,2.684138E-06,1.286135E-05,2.552097E-05
4332,0.0003486709,-0.0002648621,-0.0003922489,0.0005878627
4333,0.006832111,0.001591269,0.01069655,0.01279164
4334,-7.854838E-07,-5.544917E-06,-1.358134E-05,1.469067E-05
4335,5.844007E-09,-5.728214E-06,-1.204578E-05,1.333842E-05
4336,5.78632E-09,-5.734161E-06,-1.204583E-05,1.334101E-05
4337,-8.902863E-07,-1.740943E-06,-1.14129E-05,1.157919E-05
4338,-7.862957E-07,-5.529241E-06,-1.358055E-05,1.468408E-05
4339,1.235184E-07,-2.67368E-06,-1.15338E-05,1.184028E-05
4340,1.951547E-05,8.909886E-05,-5.329645E-06,9.136665E-05
4341,4.099739E-05,-8.084322E-05,3.901348E-05,9.868365E-05
4342,7.420174E-05,-4.552686E-05,4.246323E-05,9.685928E-05
4343,-1.437608E-05,8.406396E-05,-7.488389E-05,0.0001134946
4344,-5.214534E-05,-3.104221E-05,-7.197737E-05,9.414615E-05
4345,-4.045448E-05,-1.361764E-05,-7.3168E-05,8.470868E-05
4346,6.249728E-06,8.245392E-05,7.070979E-05,0.0001088007
4347,9.844731E-07,6.244668E-05,4.350375E-05,7.611264E-05
4348,-1.229222E-06,-1.018407E-06,-4.610961E-07,1.661551E-06
4349,-1.050704E-06,-1.433069E-06,1.783667E-06,2.517764E-06
4350,1.947196E-05,-2.93617E-06,1.068824E-06,1.972107E-05
4351,1.947167E-05,-2.936218E-06,1.066595E-06,1.972067E-05
4352,1.911865E-05,-2.968374E-06,-1.181216E-06,1.938374E-05
4353,2.405717E-07,-1.156383E-06,3.923837E-07,1.244613E-06
4354,1.911958E-05,-2.967284E-06,-1.181946E-06,1.938453E-05
4355,-1.032922E-06,-5.655519E-06,1.502958E-06,5.942281E-06
4356,-1.811573E-06,-3.413297E-06,2.08339E-06,4.390092E-06
4357,-9.549238E-07,-5.100428E-06,1.498759E-06,5.40116E-06
4358,1.662641E-06,8.98862E-07,7.996179E-08,1.891751E-06
4359,1.664693E-06,1.133417E-06,7.445807E-08,2.015287E-06
4360,-2.574512E-06,-3.16674E-06,3.005432E-06,5.068429E-06
4361,5.241621E-06,-1.233635E-05,1.729711E-05,2.188265E-05
4362,-2.617325E-05,3.053825E-05,3.711228E-05,5.472609E-05
4363,-2.617432E-05,3.055019E-05,3.712505E-05,5.474193E-05
4364,5.247495E-06,-1.23226E-05,1.727948E-05,2.186236E-05
4365,5.014438E-06,7.310261E-06,-1.255199E-06,8.953213E-06
4366,-8.049499E-06,1.847063E-06,-1.097477E-06,8.331299E-06
4367,1.262429E-06,-1.360927E-08,-2.575023E-06,2.867866E-06
4368,-6.931743E-06,7.823393E-06,-1.21577E-07,1.04532E-05
4369,2.695448E-06,-1.498126E-06,7.385552E-06,8.003512E-06
4370,1.254344E-06,-1.830839E-09,-2.569624E-06,2.859432E-06
4371,2.273712E-06,2.330001E-06,-7.297014E-06,7.990312E-06
4372,-1.870728E-06,-2.244877E-06,5.457115E-07,2.972692E-06
4373,-1.874385E-06,-2.238058E-06,5.469825E-07,2.970087E-06
4374,3.298037E-06,-8.040663E-06,-3.553188E-06,9.38906E-06
4375,2.411643E-06,-3.392294E-06,9.004375E-07,4.258458E-06
4376,-3.516963E-06,-1.400164E-06,-1.957601E-06,4.261653E-06
4377,7.740597E-05,0.0005349089,-0.0001635774,0.0005646918
4378,0.0005882109,0.0002777972,0.002989328,0.003059288
4379,-0.004483087,-0.004900165,-0.01453313,0.01597879
4380,0.03696465,0.007408644,0.006528411,0.03826087
4381,1.943498E-05,-4.265504E-06,1.382287E-06,1.994552E-05
4382,-3.994798E-06,-2.233005E-06,1.417617E-06,4.791071E-06
4383,-3.992927E-06,-2.233254E-06,1.416728E-06,4.789364E-06
4384,-1.002733E-06,-1.891414E-06,-1.16939E-06,2.439343E-06
4385,1.943684E-05,-4.267466E-06,1.37265E-06,1.994709E-05
4386,1.936168E-05,-2.742119E-06,6.102679E-07,1.956441E-05
4387,-2.544046E-06,4.811405E-05,-1.689853E-06,4.821088E-05
4388,-2.509681E-06,4.814779E-05,-1.701408E-06,4.824316E-05
4389,-3.207249E-06,-5.669508E-06,3.072565E-06,7.202113E-06
4390,-3.19994E-06,-5.670779E-06,3.070076E-06,7.198799E-06
4391,-3.714331E-06,-2.607436E-06,2.111259E-06,5.005237E-06
4392,-3.691817E-06,-2.617679E-06,2.107346E-06,4.99226E-06
4393,-2.803698E-06,-1.783818E-05,-1.394981E-06,1.811098E-05
4394,2.65817E-05,1.277718E-05,1.077179E-05,3.139864E-05
4395,-7.711969E-06,-4.159954E-06,1.151258E-06,8.837708E-06
4396,2.659603E-05,1.27858E-05,1.075043E-05,3.140696E-05
4397,-7.72721E-06,-4.163033E-06,1.149695E-06,8.852255E-06
4398,-2.243063E-06,6.883432E-06,-1.611658E-05,1.766796E-05
4399,1.115347E-06,-6.731804E-06,-2.281792E-06,7.194982E-06
4400,-1.857474E-06,7.589862E-06,-1.18752E-06,7.90357E-06
4401,9.843848E-07,-1.419229E-06,5.709694E-06,5.965218E-06
4402,-3.56209E-07,-1.124377E-06,-7.46771E-07,1.395985E-06
4403,-9.032466E-07,-4.494765E-06,1.001696E-06,4.692777E-06
4404,-1.025198E-06,-2.505564E-06,-5.173636E-06,5.839126E-06
4405,1.3143E-06,-2.517903E-06,3.343359E-06,4.386943E-06
4406,4.926927E-07,2.535521E-06,-4.09983E-06,4.84564E-06
4407,-6.522404E-08,-1.904521E-06,4.186665E-06,4.599958E-06
4408,-2.350152E-06,-6.221339E-06,-3.364299E-06,7.452971E-06
4409,-4.336812E-07,-3.096131E-07,-4.109617E-06,4.144018E-06
4410,-0.0001022792,4.250745E-05,0.0002217263,0.0002478517
4411,-4.789924E-05,0.0007152859,0.000936907,0.001179713
4412,0.007451172,-0.01074604,0.007603387,0.01512643
4413,-0.02152564,-0.009478111,0.002139168,0.02361702
4414,0.04084185,0.01278753,-0.09033251,0.09995769
4415,-4.419455E-06,-2.773427E-06,1.093497E-07,5.218758E-06
4416,2.280333E-05,-6.072201E-06,1.112427E-06,2.362416E-05
4417,2.116777E-05,-3.813075E-06,-9.385865E-07,2.152893E-05
4418,-4.078412E-06,-2.6472E-06,2.630483E-07,4.869323E-06
4419,2.14637E-05,-4.065767E-06,3.079497E-07,2.184756E-05
4420,2.116716E-05,-3.812586E-06,-9.358549E-07,2.152813E-05
4421,-3.966328E-06,-3.188318E-06,-3.394642E-07,5.100232E-06
4422,2.146351E-05,-4.066765E-06,3.067397E-07,2.184753E-05
4423,-1.172985E-07,-1.324093E-06,-1.957636E-06,2.366288E-06
4424,-1.213572E-07,-1.32282E-06,-1.959039E-06,2.366942E-06
4425,3.632847E-06,7.724083E-08,-2.131033E-08,3.63373E-06
4426,3.646341E-06,1.345475E-07,-1.596064E-08,3.648857E-06
4427,-2.901807E-06,-1.013137E-05,2.064719E-07,1.054077E-05
4428,-2.891417E-06,-1.005394E-05,1.243893E-07,1.046219E-05
4429,-1.81281E-05,3.628599E-05,-4.834821E-07,4.056519E-05
4430,3.054412E-06,-1.457663E-06,2.039023E-06,3.951181E-06
4431,4.571056E-06,-1.027795E-06,1.579234E-06,4.944178E-06
4432,2.290617E-06,-8.123684E-06,3.719458E-06,9.22364E-06
4433,-1.812915E-05,3.62773E-05,-4.971278E-07,4.055805E-05
4434,-9.54438E-07,-1.028695E-05,-1.464392E-06,1.04344E-05
4435,-9.549773E-07,-1.028271E-05,-1.447873E-06,1.042796E-05
4436,-4.218576E-07,-1.170728E-05,-3.292143E-06,1.216867E-05
4437,-4.206798E-07,-1.170549E-05,-3.295959E-06,1.216794E-05
4438,9.323287E-07,3.541495E-06,3.629453E-06,5.156001E-06
4439,2.024539E-06,3.198993E-06,5.601149E-07,3.827015E-06
4440,7.003243E-07,-3.86083E-07,1.021534E-06,1.297322E-06
4441,-4.579771E-06,4.256759E-07,2.494616E-06,5.232457E-06
4442,-1.314779E-06,-2.508665E-06,1.516764E-06,3.212883E-06
4443,-2.550285E-06,-1.045652E-06,-1.897527E-07,2.762851E-06
4444,-9.811139E-07,1.845929E-06,6.632757E-07,2.193165E-06
4445,-7.666867E-05,6.220664E-05,3.777338E-05,0.0001057099
4446,-4.501026E-05,6.267733E-05,3.031457E-06,7.72241E-05
4447,-5.073198E-05,3.825115E-05,-4.888822E-05,8.016821E-05
4448,-5.721926E-05,1.468191E-05,-4.373254E-06,5.923451E-05
4449,0.008096064,0.008575944,0.006032509,0.01324705
4450,-0.0008624319,0.00271513,-0.001672577,0.003303519
4451,-0.01044508,0.001104995,0.009571776,0.01421055
4452,-3.830339E-06,-2.792276E-06,1.163604E-06,4.880807E-06
4453,2.094547E-05,-5.849919E-06,7.697819E-07,2.176067E-05
4454,-7.559301E-06,-3.723841E-06,-5.611888E-07,8.44541E-06
4455,-5.160784E-06,-2.385015E-06,1.103941E-06,5.791431E-06
4456,2.266425E-05,-6.177645E-06,1.421867E-06,2.353409E-05
4457,2.266361E-05,-6.177267E-06,1.423985E-06,2.35335E-05
4458,2.094498E-05,-5.850315E-06,7.740592E-07,2.176046E-05
4459,-5.260026E-06,-5.223059E-07,1.838242E-06,5.59641E-06
4460,1.638491E-06,-4.631733E-06,-1.67546E-06,5.190836E-06
4461,1.642544E-06,-4.634618E-06,-1.679257E-06,5.195915E-06
4462,-5.230756E-06,-5.242729E-07,1.813426E-06,5.560951E-06
4463,-1.378581E-06,-4.70752E-06,4.029567E-06,6.348121E-06
4464,-2.213046E-06,-5.751029E-06,-2.801681E-06,6.769145E-06
4465,1.873032E-06,-1.747739E-06,-4.720817E-06,5.371122E-06
4466,-1.379104E-06,-4.704722E-06,4.036121E-06,6.350323E-06
4467,-3.848327E-09,-7.90385E-06,-6.50264E-07,7.930555E-06
4468,6.277439E-07,-2.68498E-06,-2.138573E-06,3.489509E-06
4469,-3.488244E-06,-4.287114E-06,-6.966799E-06,8.892889E-06
4470,4.133254E-06,1.763742E-06,-5.605982E-06,7.184818E-06
4471,8.082139E-07,1.748561E-07,-1.50515E-06,1.717341E-06
4472,-1.172869E-06,-5.33051E-07,-4.839876E-06,5.00841E-06
4473,-3.227854E-06,4.166963E-06,-2.38768E-06,5.786505E-06
4474,2.256016E-07,2.505496E-06,-7.365658E-06,7.783401E-06
4475,-2.105155E-06,8.574535E-06,-1.769454E-07,8.830948E-06
4476,3.252237E-07,-3.537756E-06,-6.50126E-06,7.408634E-06
4477,7.940788E-07,-9.929859E-07,-7.991535E-06,8.092046E-06
4478,4.136469E-06,1.768571E-06,-5.606567E-06,7.188311E-06
4479,-9.981093E-07,-1.032528E-06,-1.473171E-07,1.44362E-06
4480,-7.633392E-06,-4.912173E-05,2.642418E-05,5.629787E-05
4481,-0.0005426251,0.0002202493,0.0001929985,0.0006166038
4482,-0.0002444275,-0.0004715874,-0.0007125136,0.0008887154
4483,-0.001132289,0.001351955,0.0005911991,0.00185994
4484,0.0007109919,-0.000320106,0.0006878038,0.001039736
4485,-1.379498E-05,3.143569E-05,-2.828461E-06,3.444567E-05
4486,-1.380775E-05,3.143027E-05,-2.819081E-06,3.444507E-05
4487,0.227022,0.1737744,-0.03145211,0.2876208
4488,0.001560273,-0.002439149,0.003203011,0.004317774
4489,-0.0005031032,-0.005757246,-0.006793904,0.008919424
4490,0.0005818189,0.01123502,-0.01804287,0.02126286
4491,0,0,0,0
4492,2.150751E-05,-5.169118E-06,-3.348505E-07,2.212249E-05
4493,2.018862E-05,-6.132651E-06,-2.021493E-06,2.119614E-05
4494,2.018923E-05,-6.133034E-06,-2.024771E-06,2.119715E-05
4495,-5.121831E-06,-2.252658E-06,-1.186961E-06,5.719834E-06
4496,2.150737E-05,-5.168987E-06,-3.348127E-07,2.212233E-05
4497,-1.070563E-06,-3.662936E-06,-6.975126E-08,3.816814E-06
4498,-1.454613E-06,-3.201703E-06,1.518431E-06,3.830461E-06
4499,-4.735752E-07,-3.563982E-06,3.004982E-06,4.68574E-06
4500,6.655061E-07,-6.828836E-06,-2.955582E-07,6.867551E-06
4501,-4.700254E-07,-6.49617E-06,5.48153E-06,8.512832E-06
4502,-4.642865E-07,-6.479028E-06,5.625811E-06,8.593202E-06
4503,1.711924E-07,-8.13444E-06,-1.266302E-06,8.234193E-06
4504,3.100644E-06,0.0001695271,-2.494914E-06,0.0001695738
4505,7.961245E-07,-8.675062E-06,4.288272E-06,9.709778E-06
4506,-3.777468E-06,-2.754205E-06,2.166768E-06,5.152649E-06
4507,-4.198219E-06,-8.487994E-06,5.636762E-06,1.102017E-05
4508,-1.882139E-06,5.075108E-05,1.104372E-05,5.197286E-05
4509,-3.602302E-06,-5.773552E-06,5.294886E-06,8.62243E-06
4510,8.754851E-06,-7.459484E-06,-6.5985E-06,1.326015E-05
4511,8.756016E-06,-7.460111E-06,-6.601525E-06,1.326277E-05
4512,-1.740717E-07,-6.642903E-07,-9.199897E-06,9.225491E-06
4513,6.830293E-07,1.626554E-06,-1.038598E-05,1.053474E-05
4514,4.896931E-07,-1.534707E-06,-8.761384E-06,8.908253E-06
4515,8.81178E-07,9.814132E-07,-1.19279E-05,1.20006E-05
4516,-2.572246E-07,-2.121392E-07,-9.993514E-06,9.999075E-06
4517,-1.462892E-07,-1.672125E-07,-9.643155E-06,9.645714E-06
4518,-3.744811E-06,7.72577E-06,3.557935E-05,3.660056E-05
4519,1.055903E-05,-1.526736E-05,-1.985496E-05,2.718097E-05
4520,-1.690886E-05,-7.085124E-06,-1.953703E-05,2.679187E-05
4521,-1.051577E-06,-7.917083E-06,-1.850521E-05,2.015512E-05
4522,-9.839069E-06,4.600146E-06,-1.351229E-05,1.73364E-05
4523,1.323331E-06,6.594602E-06,-1.395454E-05,1.549094E-05
4524,-1.497365E-05,-6.402927E-06,4.115174E-05,4.425691E-05
4525,-2.780949E-05,7.771724E-06,-1.519198E-05,3.262765E-05
4526,-0.0001569191,-0.0001519232,-0.0001113971,0.0002451808
4527,1.833084E-05,-0.0001573734,-3.77203E-05,0.0001628657
4528,9.742616E-06,6.796003E-05,-1.942204E-05,7.134914E-05
4529,1.604002E-06,4.439109E-05,9.194996E-06,4.536177E-05
4530,3.566829E-06,1.349221E-05,6.878588E-06,1.555882E-05
4531,6.429292E-06,4.023221E-05,1.931908E-05,4.509095E-05
4532,6.472904E-06,4.021061E-05,1.929243E-05,4.50665E-05
4533,-0.0007717669,-9.027038E-05,-0.0002709203,0.0008229039
4534,0.0001857775,0.001171369,0.002591792,0.002850265
4535,-0.003323708,0.00111572,0.006461582,0.007351456
4536,3.440199,3.968761,-3.077233,6.087315
4537,2.114736E-05,-4.616905E-06,1.564297E-06,2.170193E-05
4538,2.114524E-05,-4.617813E-06,1.553026E-06,2.169925E-05
4539,2.352025E-05,-3.702354E-06,3.406235E-06,2.405228E-05
4540,-4.145288E-06,-2.826536E-06,2.142467E-06,5.455537E-06
4541,5.970704E-06,-3.294474E-06,8.254753E-08,6.819801E-06
4542,-7.232318E-06,-2.486214E-06,3.656748E-07,7.656462E-06
4543,-3.576182E-06,-4.290343E-06,-6.408253E-07,5.621991E-06
4544,-1.176228E-07,-2.255684E-06,-1.448266E-06,2.683174E-06
4545,-1.756034E-06,-5.035454E-06,-1.601181E-06,5.568055E-06
4546,-5.132923E-07,4.371007E-06,-1.799189E-06,4.754604E-06
4547,-5.148156E-07,4.370653E-06,-1.798087E-06,4.754026E-06
4548,-3.577729E-06,-4.291006E-06,-6.409975E-07,5.6235E-06
4549,-3.112525E-06,-8.615648E-06,-4.471903E-06,1.019388E-05
4550,-1.383548E-06,-5.032531E-05,-3.701412E-05,6.248677E-05
4551,1.62448E-05,-1.650109E-05,-1.230111E-05,2.622016E-05
4552,-2.86979E-06,-6.616771E-06,4.463622E-06,8.481821E-06
4553,6.209368E-06,-8.361126E-06,-1.253869E-06,1.048985E-05
4554,1.757682E-05,-1.786746E-05,-1.964455E-05,3.184493E-05
4555,-1.522544E-05,1.253834E-05,-9.801382E-06,2.202478E-05
4556,1.742112E-06,3.170048E-05,-1.499149E-05,3.510983E-05
4557,-1.183787E-05,-8.404787E-06,-1.894067E-05,2.386472E-05
4558,-1.977062E-05,-7.019866E-06,-1.587519E-05,2.630927E-05
4559,-2.753879E-08,2.468625E-05,2.146189E-05,3.271123E-05
4560,1.979681E-05,6.163484E-06,4.562384E-06,2.123011E-05
4561,1.936117E-05,1.555733E-05,4.513412E-06,2.524393E-05
4562,1.726598E-05,1.27915E-05,1.839592E-05,2.828686E-05
4563,2.044618E-05,1.048057E-05,7.597664E-06,2.419945E-05
4564,-3.688036E-06,1.148486E-06,8.193362E-07,3.948664E-06
4565,2.044287E-05,1.047316E-05,7.602465E-06,2.419495E-05
4566,1.755689E-05,1.831685E-05,1.435625E-05,2.915224E-05
4567,1.55609E-05,-9.883125E-06,5.186093E-06,1.914976E-05
4568,-3.497849E-05,6.267123E-06,2.470425E-05,4.3279E-05
4569,-1.309776E-08,-6.412933E-06,3.795659E-06,7.45204E-06
4570,1.556176E-05,-9.888592E-06,5.189629E-06,1.915424E-05
4571,-3.455515E-05,3.761931E-05,-1.816598E-06,5.111331E-05
4572,-1.744069E-06,2.086916E-05,1.398095E-05,2.517997E-05
4573,-3.454791E-05,3.762239E-05,-1.822483E-06,5.11109E-05
4574,-1.745488E-06,2.087391E-05,1.398317E-05,2.518523E-05
4575,3.223272E-06,2.113544E-06,1.111724E-05,1.176646E-05
4576,-0.0008861322,-0.001250722,0.005040892,0.005268788
4577,0.1312286,0.04412181,0.1927875,0.2373494
4578,0.01457617,0.0009552402,0.00400436,0.01514636
4579,2.192322E-05,-5.777461E-06,-1.516692E-06,2.272239E-05
4580,2.250412E-05,-3.471195E-06,1.58313E-06,2.282523E-05
4581,-7.185066E-06,-1.356015E-06,2.139133E-07,7.315033E-06
4582,2.192238E-05,-5.775088E-06,-1.511369E-06,2.272062E-05
4583,-6.251857E-06,-1.875046E-06,-2.366763E-06,6.942844E-06
4584,-6.707881E-06,-4.284239E-06,1.088093E-06,8.033326E-06
4585,2.249462E-05,-3.467575E-06,1.578553E-06,2.281499E-05
4586,-7.12862E-06,-8.584677E-06,-4.74506E-06,1.212557E-05
4587,1.918169E-06,-1.615792E-06,7.109738E-07,2.606845E-06
4588,1.679503E-06,-3.517552E-06,-1.671279E-06,4.241117E-06
4589,-2.633892E-06,-2.448824E-06,-2.682255E-07,3.606393E-06
4590,-2.645492E-06,-2.444128E-06,-2.51802E-07,3.610512E-06
4591,6.4479E-07,-3.577722E-06,-2.339815E-06,4.32326E-06
4592,1.025008E-07,-3.006346E-06,6.19382E-07,3.071198E-06
4593,-2.336634E-06,-1.475969E-05,-2.940491E-06,1.523007E-05
4594,8.096391E-06,-5.111257E-05,-5.387811E-06,5.202956E-05
4595,1.652933E-05,-2.472285E-05,-2.236253E-05,3.720915E-05
4596,8.867893E-06,-2.086639E-05,-3.581746E-05,4.239028E-05
4597,5.402983E-05,6.71563E-05,-4.599224E-05,9.769584E-05
4598,-1.884943E-05,6.603349E-05,1.222555E-05,6.975089E-05
4599,1.158991E-05,4.034451E-05,-7.446684E-06,4.263167E-05
4600,-1.307093E-05,2.047279E-05,1.999339E-05,3.145981E-05
4601,2.322696E-05,8.068423E-06,2.643028E-06,2.473008E-05
4602,1.963857E-05,2.107386E-06,-1.106688E-06,1.97823E-05
4603,-5.104789E-06,-2.657316E-06,-1.367885E-06,5.915345E-06
4604,1.959554E-05,6.27728E-06,-2.810506E-06,2.076749E-05
4605,2.73681E-05,-7.449397E-06,-3.753343E-06,2.861108E-05
4606,-1.299427E-06,-1.163748E-06,-2.16065E-06,2.77691E-06
4607,2.322684E-05,8.067816E-06,2.645268E-06,2.473001E-05
4608,-3.243794E-06,-5.347821E-06,7.904162E-06,1.007954E-05
4609,-1.518607E-06,9.318162E-06,7.68098E-06,1.217094E-05
4610,-6.54819E-06,6.835789E-06,2.615997E-06,9.820908E-06
4611,-5.531242E-05,6.269848E-06,8.610551E-06,5.632865E-05
4612,-1.465337E-06,4.392989E-06,-6.473148E-06,7.959096E-06
4613,7.520789E-06,9.382605E-08,-8.444084E-06,1.130812E-05
4614,1.645234E-05,8.306186E-06,-2.736518E-06,1.863225E-05
4615,-5.535201E-05,6.217236E-06,8.616909E-06,5.636267E-05
4616,4.749398E-06,3.216835E-06,-5.84656E-06,8.19067E-06
4617,-8.176907E-08,3.798717E-06,1.226432E-06,3.992627E-06
4618,0.0002849005,0.0001558661,0.0005577975,0.000645446
4619,-0.0001654465,3.641477E-05,0.0002265201,0.0002828603
4620,-0.0001180631,-0.0002015979,0.0001240374,0.0002645107
4621,-0.0004331944,0.000228487,0.0001728402,0.0005193625
4622,-0.05766375,0.003833407,-0.02016569,0.06120832
4623,0.0004879716,0.0007590671,0.0004711285,0.001017969
4624,0.004237132,0.001464133,0.007578214,0.008804902
4625,1.516759E-05,-2.873863E-06,-2.309747E-06,1.560928E-05
4626,2.595597E-05,-6.062166E-06,-3.098686E-06,2.683401E-05
4627,1.693241E-05,-3.145294E-06,-1.007749E-06,1.725152E-05
4628,-2.862409E-06,-3.892601E-06,8.145295E-07,4.899917E-06
4629,-9.045394E-07,-3.898675E-06,-5.612123E-07,4.041388E-06
4630,1.691749E-05,-3.133274E-06,-1.287099E-06,1.725327E-05
4631,-4.209452E-06,-3.89021E-06,-3.593128E-06,6.764894E-06
4632,2.595635E-05,-6.061955E-06,-3.102365E-06,2.683475E-05
4633,-2.808944E-06,-1.184966E-05,1.497503E-06,1.226977E-05
4634,-6.202908E-06,-9.693511E-06,-5.049433E-06,1.25673E-05
4635,-6.556145E-06,-1.002099E-05,-6.581403E-06,1.366449E-05
4636,-2.809174E-06,-1.184968E-05,1.497957E-06,1.226989E-05
4637,-6.54504E-06,-8.062064E-06,-2.170443E-06,1.060873E-05
4638,-3.460658E-06,-7.775311E-06,-3.285401E-06,9.122799E-06
4639,-5.118196E-07,-1.298018E-05,5.369417E-08,1.299038E-05
4640,-5.136263E-07,-1.297921E-05,5.903398E-08,1.29895E-05
4641,-4.009342E-05,-6.820504E-05,-0.0002076681,0.0002222284
4642,8.611991E-05,-4.006007E-05,0.0001385389,0.0001679716
4643,8.000822E-05,-1.715211E-05,5.331072E-06,8.199958E-05
4644,5.625479E-06,-3.195438E-06,1.502377E-06,6.641835E-06
4645,1.367338E-05,-1.772656E-06,-1.175638E-06,1.383783E-05
4646,1.800183E-05,2.229877E-06,3.241175E-06,1.842671E-05
4647,1.760207E-05,-9.891772E-08,7.234857E-06,1.903118E-05
4648,1.643807E-05,1.720789E-07,5.009024E-06,1.718517E-05
4649,1.367299E-05,-1.775387E-06,-1.172779E-06,1.383756E-05
4650,1.643807E-05,1.690222E-07,5.007053E-06,1.718457E-05
4651,-1.35561E-05,2.060317E-05,-5.514963E-06,2.527198E-05
4652,-5.984695E-07,-3.536076E-08,-1.733812E-06,1.834536E-06
4653,-6.159659E-07,-3.028244E-08,-1.720813E-06,1.827985E-06
4654,-5.850747E-06,-2.89974E-06,-1.022272E-05,1.213029E-05
4655,-1.324274E-06,2.518785E-06,9.177306E-06,9.608379E-06
4656,-3.311481E-06,6.849298E-06,4.397848E-06,8.787483E-06
4657,-6.544344E-07,3.699974E-06,6.274316E-06,7.313353E-06
4658,3.442496E-06,2.128472E-06,-3.933383E-06,5.643817E-06
4659,1.03653E-05,-3.715148E-06,-6.169148E-06,1.262142E-05
4660,-3.358192E-05,2.965583E-06,9.786158E-06,3.510426E-05
4661,-3.361599E-05,2.985674E-06,9.747522E-06,3.512781E-05
4662,-2.047755E-05,-7.870951E-05,-0.0001008938,0.000129592
4663,-2.137619E-05,2.746305E-05,1.673393E-05,3.861586E-05
4664,1.081723E-05,-4.272565E-06,-6.277522E-05,6.384352E-05
4665,-0.0007213164,-0.001601227,-0.002228954,0.002837686
4666,0.002966989,-0.0007334207,0.0008684564,0.003177286
4667,0.01728534,-0.0127975,-0.002437622,0.02164488
4668,1.753012E-05,-5.505281E-06,-9.005042E-07,1.839631E-05
4669,-7.264271E-06,-4.112177E-06,5.722476E-06,1.012059E-05
4670,1.115187E-05,-5.368217E-06,3.081761E-08,1.237671E-05
4671,1.755201E-05,-5.496109E-06,-1.189982E-06,1.843086E-05
4672,6.987261E-07,-5.535138E-06,6.399195E-07,5.615645E-06
4673,-5.059566E-06,-8.357332E-06,3.248813E-06,1.029558E-05
4674,-5.859731E-07,-1.183726E-05,5.272302E-06,1.297156E-05
4675,-6.626683E-06,-7.651171E-06,-2.396542E-06,1.040177E-05
4676,-6.626977E-06,-7.651121E-06,-2.396429E-06,1.040189E-05
4677,-6.015983E-07,-1.178857E-05,5.563449E-06,1.30493E-05
4678,0.0004012132,-0.000167343,-5.983792E-05,0.0004388123
4679,-3.326885E-05,-6.660767E-05,-0.0001835734,0.0001980974
4680,0.0007707022,-0.0003299851,-4.687056E-06,0.0008383878
4681,0.0001973889,0.001731282,-0.0005431147,0.001825177
4682,2.682539E-06,-1.573559E-06,-5.024652E-06,5.90925E-06
4683,2.085568E-05,-1.325411E-06,-6.364582E-06,2.184546E-05
4684,2.153499E-06,4.761869E-07,-4.18348E-07,2.244844E-06
4685,2.047909E-05,-1.018644E-06,-2.221576E-06,2.062441E-05
4686,2.050631E-05,1.83695E-07,6.724055E-07,2.051815E-05
4687,1.938531E-05,7.245715E-06,2.345294E-06,2.082765E-05
4688,1.93862E-05,7.245322E-06,2.341421E-06,2.08279E-05
4689,2.047875E-05,-1.020742E-06,-2.222866E-06,2.062432E-05
4690,2.050564E-05,1.793601E-07,6.859144E-07,2.05179E-05
4691,-1.191142E-07,-2.436068E-07,4.104991E-07,4.919776E-07
4692,1.972239E-05,-3.799832E-06,-5.181459E-06,2.074268E-05
4693,-133.9059,60.48671,-75.90855,165.383
4694,1.54129E-06,-7.202499E-07,-7.42738E-06,7.619731E-06
4695,-1.451257E-08,-2.016104E-06,-1.171657E-05,1.188877E-05
4696,-1.036096E-06,1.613165E-06,-1.601872E-05,1.613304E-05
4697,6.385864E-07,-7.701555E-06,-2.767648E-06,8.208631E-06
4698,4.057992E-07,-1.766355E-06,-1.305704E-05,1.318222E-05
4699,1.086298E-06,1.139639E-06,-1.137118E-05,1.147966E-05
4700,0.0005251066,-0.0002321738,-0.0003650259,0.0006803569
4701,7.036745E-06,-0.0001225364,-0.0002022925,0.0002366156
4702,0.003633866,-0.008542188,-0.003309373,0.009855247
4703,-0.0005254879,-4.838682E-05,-0.0002073767,0.0005669955
4704,-0.002389489,-0.001511976,-0.0004165163,0.002858183
4705,0.01217709,0.008228304,0.004259839,0.0153014
4706,-7.038515E-06,-3.694746E-06,8.386109E-07,7.993442E-06
4707,3.250015E-06,-2.693165E-06,2.212263E-06,4.765484E-06
4708,6.07222E-06,4.921783E-06,3.890098E-06,8.730903E-06
4709,2.2377E-05,-1.335227E-06,2.014102E-05,3.013592E-05
4710,2.691167E-06,-2.366402E-06,5.155275E-06,6.278463E-06
4711,3.941771E-06,-3.854112E-06,-2.472988E-06,6.042136E-06
4712,6.072449E-06,4.922802E-06,3.893615E-06,8.733204E-06
4713,2.558302E-06,-2.362274E-06,5.180974E-06,6.242414E-06
4714,3.303508E-06,-2.389383E-06,5.026846E-06,6.472364E-06
4715,3.942167E-06,-3.854588E-06,-2.47451E-06,6.043321E-06
4716,3.241088E-06,-2.596076E-06,2.91544E-06,5.07386E-06
4717,3.428017E-06,-2.27642E-06,6.886353E-06,8.022173E-06
4718,2.236791E-05,-1.334121E-06,2.015721E-05,3.013995E-05
4719,-3.964953E-06,-2.344421E-06,9.008928E-06,1.01182E-05
4720,3.303424E-06,-2.389502E-06,5.025226E-06,6.471107E-06
4721,-7.018738E-06,-4.112738E-06,-9.046799E-07,8.185092E-06
4722,-9.91777E-06,-1.677547E-05,9.204214E-06,2.155217E-05
4723,1.273282E-06,-1.262329E-05,-2.988396E-06,1.303454E-05
4724,-1.21168E-06,2.072272E-05,-9.008558E-06,2.26286E-05
4725,-6.198865E-06,-1.181507E-05,6.554153E-06,1.486536E-05
4726,-9.283634E-06,-1.171873E-05,6.965389E-06,1.649337E-05
4727,1.272976E-06,-1.262373E-05,-2.990535E-06,1.303543E-05
4728,-0.001024959,-0.0001039768,-0.0008766688,0.001352738
4729,2.069964E-05,8.917607E-07,3.266266E-06,2.097472E-05
4730,2.279833E-05,-1.318144E-06,2.718789E-06,2.299768E-05
4731,2.172569E-05,1.714861E-06,3.340822E-06,2.204784E-05
4732,2.299643E-05,6.53838E-07,-2.388005E-06,2.312933E-05
4733,-3.673986E-06,2.469694E-06,-7.322695E-07,4.487068E-06
4734,-1.975381E-07,-4.969089E-07,-1.644884E-06,1.729619E-06
4735,-7.563136E-07,8.690735E-08,1.112378E-06,1.347942E-06
4736,2.396272E-05,-5.02129E-05,9.716403E-05,0.0001119661
4737,4.641463E-05,1.735406E-05,6.434594E-05,8.121502E-05
4738,9.223662E-05,-0.0002060852,-0.0001766343,0.0002866678
4739,-9.302032E-05,-0.0001738458,0.0003471343,0.000399221
4740,-0.0003274463,0.02092743,-0.02391267,0.03177861
4741,0,0,0,0
4742,0.000686862,-0.001653289,0.003068398,0.003552494
4743,6.848379E-06,2.457087E-06,-6.374769E-06,9.67343E-06
4744,1.477672E-05,-1.080466E-05,-2.271387E-05,2.917211E-05
4745,-4.322988E-06,-5.440335E-06,-5.88135E-06,9.103613E-06
4746,-6.995246E-06,-4.706005E-06,-3.439032E-06,9.105323E-06
4747,-5.198348E-06,-8.971785E-06,-1.63553E-05,1.936522E-05
4748,-2.956235E-06,4.588852E-06,-5.486592E-07,5.486157E-06
4749,-2.958904E-06,4.58979E-06,-5.457643E-07,5.488092E-06
4750,1.530627E-06,-5.676805E-06,-7.394113E-06,9.446791E-06
4751,-5.095832E-06,-7.308709E-06,-2.102535E-06,9.154528E-06
4752,-5.097735E-06,-7.308917E-06,-2.094494E-06,9.15391E-06
4753,-4.127842E-07,2.079686E-06,-6.249239E-06,6.599127E-06
4754,-2.958073E-06,4.590638E-06,-5.466872E-07,5.488444E-06
4755,2.724309E-05,-9.04128E-06,-9.179575E-06,3.013628E-05
4756,1.477143E-05,-1.080421E-05,-2.270877E-05,2.916529E-05
4757,6.849736E-06,2.456693E-06,-6.379853E-06,9.677641E-06
4758,-1.869959E-05,-1.11766E-05,1.700002E-06,2.185134E-05
4759,-1.320422E-05,-1.099464E-05,-1.310402E-06,1.723225E-05
4760,1.626052E-06,-1.454258E-05,3.025757E-07,1.463633E-05
4761,2.127918E-06,-1.328974E-05,-2.120508E-06,1.362504E-05
4762,-4.917172E-06,-1.548771E-05,-2.388836E-07,1.62513E-05
4763,6.721336E-06,1.849135E-05,7.248822E-06,2.096788E-05
4764,-1.815207E-06,-1.747387E-05,3.711681E-07,1.757182E-05
4765,-1.207544E-05,-1.455888E-05,-5.070836E-06,1.958292E-05
4766,0.0006451033,-0.0004184437,0.0002653091,0.000813414
4767,0.0004520563,-0.001061651,0.0004024772,0.001222066
4768,0.0006149376,0.001627118,4.450624E-05,0.001740013
4769,8.674817E-07,1.4775E-06,7.540604E-07,1.871934E-06
4770,2.340047E-05,-4.671891E-06,5.837523E-06,2.456594E-05
4771,2.395701E-05,-5.919058E-06,-4.456338E-06,2.507653E-05
4772,7.011678E-07,-1.25751E-07,-6.731927E-06,6.769512E-06
4773,2.152518E-05,1.375547E-06,4.825228E-06,2.210223E-05
4774,2.152542E-05,1.375982E-06,4.828836E-06,2.210328E-05
4775,2.503229E-05,6.358772E-06,-3.986412E-07,2.583038E-05
4776,2.053142E-05,2.204454E-06,-2.270552E-06,2.077388E-05
4777,2.053131E-05,2.19617E-06,-2.270464E-06,2.077289E-05
4778,-4.138915E-06,-1.297733E-06,3.050513E-06,5.302863E-06
4779,-2.869872E-06,-2.013814E-05,-3.595834E-05,4.131323E-05
4780,0.000145779,4.237579E-05,-0.000150966,0.000214098
4781,-0.0003235594,9.970096E-05,0.0001505966,0.000370554
4782,-1.286611E-05,-4.849891E-06,-5.567224E-06,1.483416E-05
4783,-2.650085E-05,4.313084E-05,3.795185E-05,6.326853E-05
4784,-2.644023E-05,-4.492191E-05,3.183806E-05,6.107966E-05
4785,-3.249615E-05,3.265407E-06,2.248807E-05,3.96532E-05
4786,-1.285235E-05,-4.839167E-06,-5.551047E-06,1.481265E-05
4787,-5.487529E-05,2.549818E-05,6.524934E-05,8.898838E-05
4788,-9.158239E-05,0.003078828,0.0009535644,0.003224415
4789,0.04629315,0.01874296,-0.04567847,0.06768218
4790,2.154448E-05,-4.625693E-06,2.86665E-06,2.222114E-05
4791,2.154708E-05,-4.627077E-06,2.870992E-06,2.222451E-05
4792,2.036792E-05,-8.458816E-06,-2.002662E-06,2.21453E-05
4793,2.391264E-07,-7.479934E-06,2.658816E-06,7.942033E-06
4794,2.036759E-05,-8.460048E-06,-2.006774E-06,2.214584E-05
4795,-1.034964E-05,-1.30266E-05,1.256223E-05,2.084747E-05
4796,-3.29552E-06,-1.02952E-05,2.195558E-06,1.10305E-05
4797,-1.008728E-06,-6.414507E-06,-3.258672E-07,6.50151E-06
4798,-5.399436E-06,-1.396496E-05,4.904172E-07,1.498047E-05
4799,-1.301318E-06,-3.981932E-06,-1.517626E-06,4.455603E-06
4800,-1.909128E-05,1.107158E-05,-8.485606E-06,2.36445E-05
4801,-1.909815E-05,1.107151E-05,-8.488414E-06,2.365102E-05
4802,-0.0001849313,-1.801327E-05,-0.0001211506,0.0002218142
4803,9.679345E-06,-0.0001138848,3.960673E-05,0.0001209634
4804,-0.0002391793,-0.0001569988,-0.0006260544,0.000688331
4805,2.488473E-05,2.965589E-06,5.733862E-06,2.57084E-05
4806,-5.694586E-06,-5.943163E-07,4.307873E-06,7.165145E-06
4807,2.140966E-05,8.888732E-07,-2.895709E-06,2.162287E-05
4808,2.407196E-05,-7.867607E-07,2.495354E-06,2.421374E-05
4809,2.354888E-05,4.323668E-06,-1.146596E-07,2.394279E-05
4810,2.400094E-05,-5.914857E-06,-5.156012E-06,2.525105E-05
4811,-6.402509E-07,2.120009E-06,-9.879557E-08,2.216781E-06
4812,2.046681E-05,-2.699143E-07,-5.524319E-07,2.047604E-05
4813,-5.885712E-06,-1.036365E-06,-3.49863E-06,6.925032E-06
4814,-5.966572E-06,3.335129E-06,1.579435E-06,7.015532E-06
4815,-2.766565E-05,2.403967E-05,3.039812E-05,4.761659E-05
4816,-1.984627E-06,2.624233E-05,-1.282506E-06,2.63485E-05
4817,-1.858394E-05,6.845469E-05,-1.931718E-05,7.351572E-05
4818,-4.598905E-05,-5.68433E-05,-0.0003797934,0.0003867676
4819,0.001278773,0.001127267,-0.003735733,0.004106299
4820,-0.0008724934,-0.000231984,0.0002138663,0.0009277932
4821,-1.2607E-05,1.430193E-05,-2.025703E-05,2.781778E-05
4822,-7.806973E-06,-2.046616E-06,-1.797614E-06,8.268548E-06
4823,4.808454E-06,1.292583E-05,-1.561134E-05,2.083056E-05
4824,-1.910669E-06,-2.229382E-05,6.792201E-06,2.338373E-05
4825,-1.910321E-06,-2.230366E-05,6.79431E-06,2.33937E-05
4826,1.127333E-05,-1.48191E-07,7.300396E-05,7.38694E-05
4827,0.001474233,0.001248501,0.001159267,0.002253002
4828,-0.0001601267,-0.000448885,-2.538322E-07,0.0004765904
4829,0.004742825,-0.0005332575,-0.003645102,0.006005458
4830,-9.867355E-06,-7.488686E-06,6.859832E-06,1.415989E-05
4831,-1.12006E-05,-4.112929E-06,4.327371E-06,1.269235E-05
4832,1.597354E-05,-1.254438E-05,1.19276E-06,2.034547E-05
4833,2.053058E-05,-1.511458E-05,-4.280711E-06,2.58511E-05
4834,1.582702E-05,-1.251094E-05,2.411493E-06,2.031831E-05
4835,3.271864E-06,9.558536E-06,1.244454E-06,1.017936E-05
4836,-2.501037E-06,-4.939624E-06,2.191845E-06,5.954767E-06
4837,-3.354242E-06,-8.12284E-06,3.306475E-06,9.389581E-06
4838,8.430429E-06,9.954744E-06,6.597009E-06,1.461813E-05
4839,-3.029719E-06,-5.722233E-06,6.890056E-07,6.511365E-06
4840,-4.394354E-06,-8.421542E-06,2.469841E-06,9.814928E-06
4841,-3.729844E-06,-7.561356E-06,3.521496E-08,8.431315E-06
4842,-4.278491E-07,-1.330533E-05,1.810802E-06,1.34348E-05
4843,0.0001494604,-2.690169E-05,-2.350902E-05,0.000153671
4844,-0.0001033911,-0.0002157496,0.0009327331,0.0009629271
4845,-0.001363006,-0.0004445119,0.001003808,0.001750144
4846,2.102592E-05,-2.297998E-07,5.733914E-06,2.179495E-05
4847,2.162979E-05,-3.08343E-06,5.648284E-06,2.256675E-05
4848,1.803405E-05,2.296029E-07,3.127854E-06,1.830473E-05
4849,2.211341E-05,1.843713E-06,-4.979986E-06,2.274208E-05
4850,1.344691E-06,3.716005E-06,2.291069E-07,3.958457E-06
4851,1.343928E-06,3.715872E-06,2.319399E-07,3.958238E-06
4852,-1.490646E-06,-1.295514E-06,1.073456E-07,1.977854E-06
4853,1.800691E-05,2.951395E-07,3.078199E-06,1.82705E-05
4854,-1.830723E-05,7.054534E-06,1.435191E-05,2.43084E-05
4855,-2.718689E-06,1.020333E-05,-4.241189E-07,1.056784E-05
4856,2.567986E-06,2.820524E-05,2.436744E-05,3.736178E-05
4857,0.05206224,-0.01875857,0.07169582,0.09056849
4858,0.006922251,0.006616639,0.01355302,0.01659463
4859,2.330526E-05,2.418021E-05,-6.201557E-06,3.415079E-05
4860,1.197404E-05,2.425965E-05,1.785505E-05,3.241467E-05
4861,1.197156E-05,2.426261E-05,1.786081E-05,3.241915E-05
4862,-3.830132E-06,1.554473E-05,3.95963E-06,1.649204E-05
4863,-2.901642E-05,2.889093E-06,4.150376E-05,5.072339E-05
4864,-2.902961E-05,2.890452E-06,4.154963E-05,5.076854E-05
4865,-4.62157E-06,2.8206E-06,-9.32561E-06,1.07834E-05
4866,-7.976351E-06,-1.785323E-06,-7.699841E-06,1.12293E-05
4867,3.612043E-06,-1.811762E-05,4.000641E-06,1.890239E-05
4868,-1.367166E-07,1.613279E-06,-4.976545E-07,1.693819E-06
4869,-7.978917E-06,-1.785885E-06,-7.697934E-06,1.12299E-05
4870,-1.379991E-07,1.613763E-06,-4.74212E-07,1.687647E-06
4871,-3.477094E-06,5.092247E-07,-5.854502E-06,6.828227E-06
4872,2.719004E-06,-3.999441E-06,-1.240798E-05,1.331715E-05
4873,-6.093306E-05,-5.746828E-05,-5.689742E-05,0.0001012559
4874,0.0001546588,0.0001625048,-4.805922E-05,0.0002294272
4875,-0.0001822981,-0.0003125407,-0.0003154393,0.0004800169
4876,0.1063082,0.08226855,-0.1614099,0.2100541
4877,0.002387667,0.001244456,0.004584544,0.005316735
4878,1.551292E-05,-1.215124E-05,-1.03149E-06,1.97324E-05
4879,1.771005E-05,1.316625E-05,9.651129E-07,2.208908E-05
4880,1.957447E-05,-1.379508E-05,5.330614E-06,2.453323E-05
4881,1.898172E-05,-1.341027E-05,4.478414E-06,2.366849E-05
4882,3.713297E-06,-8.249978E-06,4.077753E-06,9.923648E-06
4883,1.859522E-05,-1.062229E-05,3.283732E-06,2.16656E-05
4884,-2.721618E-06,-8.670304E-06,2.58629E-06,9.448295E-06
4885,-1.586394E-06,-1.240232E-05,2.185608E-06,1.269296E-05
4886,-1.830819E-06,-7.813527E-06,2.471273E-06,8.397041E-06
4887,1.266554E-07,-5.245805E-06,-1.373398E-06,5.424088E-06
4888,-1.66836E-06,-5.362124E-06,3.596898E-07,5.627182E-06
4889,-3.476582E-06,-5.833146E-06,-5.065573E-07,6.809465E-06
4890,-1.151998E-06,-8.27192E-06,-2.9859E-06,8.869461E-06
4891,-1.587772E-06,-1.240201E-05,2.183164E-06,1.26924E-05
4892,0.001082014,-0.0009237301,-0.00151203,0.002076118
4893,-0.00040753,-0.000128035,-0.0002088242,0.00047548
4894,-0.0002394762,0.001942211,0.0003121387,0.001981657
4895,4.226382E-07,5.976759E-06,2.93659E-06,6.672618E-06
4896,1.278239E-06,-4.347683E-06,-2.691791E-06,5.270861E-06
4897,1.994753E-05,4.198373E-06,-3.589793E-06,2.069823E-05
4898,4.307321E-07,5.965618E-06,2.918362E-06,6.655146E-06
4899,1.277832E-06,-4.348749E-06,-2.68555E-06,5.268459E-06
4900,1.994806E-05,4.200594E-06,-3.591395E-06,2.069948E-05
4901,2.079708E-05,4.145247E-06,2.635125E-06,2.136926E-05
4902,9.154746E-07,4.431492E-06,4.360919E-06,6.284412E-06
4903,1.806243E-05,-1.440003E-06,-3.116686E-07,1.812242E-05
4904,1.934997E-05,-2.11541E-06,1.046811E-06,1.949338E-05
4905,1.861627E-05,1.705488E-06,1.201181E-07,1.869462E-05
4906,2.77721E-06,-2.218154E-06,-2.43831E-06,4.310274E-06
4907,1.90633E-05,1.285043E-06,-1.04558E-06,1.913515E-05
4908,-6.100508E-06,2.433195E-05,-1.879204E-07,2.508576E-05
4909,-7.774689E-06,1.524184E-05,5.173855E-06,1.787535E-05
4910,-6.161667E-07,1.569838E-05,-3.064907E-06,1.600664E-05
4911,-2.713997E-05,-2.966224E-05,1.452983E-06,4.023105E-05
4912,-6.774236E-06,1.195061E-05,1.768018E-05,2.238964E-05
4913,1.664465E-05,-4.711118E-06,1.917401E-06,1.740446E-05
4914,-5.749687E-05,-5.474018E-05,1.545082E-06,7.940255E-05
4915,0.01778539,0.009114829,-0.02837091,0.03470315
4916,-3.936569E-06,-6.62195E-07,-9.339336E-07,4.099672E-06
4917,3.001816E-05,-1.953119E-07,6.725735E-07,3.002633E-05
4918,1.745246E-05,2.674039E-05,4.184159E-05,5.263417E-05
4919,1.58462E-05,2.707783E-05,2.96794E-05,4.31877E-05
4920,2.405622E-05,4.711702E-05,3.082511E-05,6.122828E-05
4921,2.360641E-05,8.179636E-06,2.906445E-06,2.515186E-05
4922,2.463064E-05,-5.338728E-06,3.154375E-06,2.539923E-05
4923,3.001911E-05,-1.996088E-07,6.773006E-07,3.002742E-05
4924,7.040733E-05,4.813763E-05,1.805142E-05,8.717957E-05
4925,-0.0004481813,6.961572E-05,0.0001846018,0.0004896842
4926,-3.226818E-05,0.0001495175,7.822552E-06,0.0001531597
4927,2.597704E-05,-1.330953E-05,-5.569142E-05,6.287674E-05
4928,2.274488E-05,-8.780566E-06,-1.415789E-06,2.442196E-05
4929,2.00872E-05,-9.615621E-06,1.947908E-06,2.235509E-05
4930,2.273741E-05,-9.048006E-06,-2.781081E-06,2.462906E-05
4931,-3.402837E-06,-5.864464E-06,-2.788704E-06,7.33131E-06
4932,7.30616E-07,-5.055008E-06,-2.740747E-06,5.79643E-06
4933,-2.667556E-06,-6.450353E-06,-3.102638E-06,7.63867E-06
4934,-8.107537E-07,-6.342812E-06,9.8924E-07,6.470486E-06
4935,-4.770333E-06,-6.835036E-06,1.892406E-06,8.547222E-06
4936,-3.161271E-06,-6.786699E-06,-2.083356E-06,7.771312E-06
4937,-2.090813E-07,-4.817678E-06,1.204764E-06,4.970431E-06
4938,-4.95807E-09,-2.971461E-06,-1.139169E-06,3.182343E-06
4939,-3.912175E-06,-8.114202E-06,3.765231E-06,9.763316E-06
4940,-8.117354E-07,-6.339075E-06,1.004158E-06,6.469244E-06
4941,-2.405449E-06,-1.222956E-05,-7.188797E-06,1.438844E-05
4942,-0.001179075,-0.002651775,-0.001534557,0.003282834
4943,-0.001639092,-0.003994573,-0.002042688,0.00477659
4944,1.862474E-05,-5.395466E-06,1.874623E-06,1.948092E-05
4945,1.772661E-05,2.87574E-07,1.481727E-07,1.772956E-05
4946,1.853151E-05,-1.669384E-06,-1.451856E-06,1.866311E-05
4947,1.665515E-05,4.693623E-07,2.197765E-06,1.680608E-05
4948,-2.899306E-06,1.016203E-05,4.892075E-06,1.164497E-05
4949,-1.364296E-05,-4.567077E-05,-3.890425E-06,4.782348E-05
4950,5.523756E-06,3.141164E-05,-2.279124E-05,3.920005E-05
4951,3.066398E-06,-3.901518E-05,-1.510768E-05,4.195031E-05
4952,-7.486138E-06,2.381105E-05,-8.484412E-06,2.636273E-05
4953,-4.199546E-05,-4.363752E-07,-1.28025E-05,4.390573E-05
4954,-2.096796E-05,-1.77155E-05,-1.860851E-05,3.316279E-05
4955,2.820606,0.1028056,1.136191,3.042584
4956,-8.296036E-06,6.733558E-08,5.819496E-06,1.013387E-05
4957,2.654246E-05,-1.606757E-06,-3.663107E-07,2.659357E-05
4958,-2.160529E-06,4.471021E-06,3.302135E-07,4.976641E-06
4959,2.663001E-05,2.459594E-06,2.638397E-07,2.674466E-05
4960,2.050985E-05,3.158416E-06,-1.944517E-07,2.075253E-05
4961,2.327031E-05,2.705496E-06,-2.926788E-06,2.360918E-05
4962,-6.157782E-07,-2.86005E-06,-5.50436E-06,6.233542E-06
4963,2.268559E-05,-1.102102E-06,2.004591E-06,2.280063E-05
4964,-8.502492E-06,-2.804356E-06,-2.368569E-06,9.261043E-06
4965,0.0001296817,3.880159E-05,-5.104158E-05,0.0001446657
4966,-0.0004001368,0.000212166,-0.0002018311,0.0004958424
4967,-5.082532E-05,3.955395E-05,-1.435816E-05,6.598397E-05
4968,2.06612E-05,-9.29665E-06,-2.203341E-07,2.265748E-05
4969,1.824833E-05,-8.535691E-06,1.069005E-06,2.01743E-05
4970,2.05935E-05,-7.419075E-06,-1.241474E-06,2.192432E-05
4971,2.059361E-05,-7.418987E-06,-1.243413E-06,2.192451E-05
4972,-6.384908E-06,-8.427836E-06,1.809621E-06,1.072708E-05
4973,1.82485E-05,-8.536454E-06,1.040068E-06,2.017327E-05
4974,-3.953367E-06,-8.815726E-06,-4.294131E-06,1.057287E-05
4975,-9.920333E-07,-2.070846E-06,-2.373134E-06,3.302166E-06
4976,-1.402166E-06,-3.297783E-06,-4.223168E-07,3.608296E-06
4977,-5.411648E-07,-4.97515E-06,3.631416E-06,6.183216E-06
4978,-2.271635E-06,-2.290388E-06,-2.514675E-06,4.090207E-06
4979,-5.500163E-06,-6.221237E-06,1.069052E-06,8.372483E-06
4980,-2.340015E-06,-4.610387E-06,4.940262E-06,7.151051E-06
4981,-2.340319E-06,-4.610351E-06,4.940359E-06,7.151194E-06
4982,0.001503703,0.003422863,0.002258688,0.004367927
4983,-0.0005991324,-0.0008803653,0.0004251613,0.001146632
4984,68.68342,-22.7838,93.90937,118.5558
4985,1.663963E-05,1.595671E-06,1.986629E-06,1.68336E-05
4986,1.664054E-05,1.595264E-06,1.989372E-06,1.683479E-05
4987,2.342269E-05,2.488061E-06,3.796216E-06,2.385842E-05
4988,-4.253519E-06,3.778458E-06,-2.943791E-07,5.697002E-06
4989,-4.254672E-06,3.782896E-06,-3.042869E-07,5.701327E-06
4990,2.232914E-05,-1.628371E-06,-5.158665E-07,2.239438E-05
4991,-1.00841E-05,-3.144076E-06,3.096692E-06,1.100744E-05
4992,-9.80932E-06,-5.756228E-06,-1.326109E-06,1.145057E-05
4993,2.2281E-05,-1.549896E-06,1.763114E-06,2.240432E-05
4994,2.446654E-05,-8.851259E-07,-2.906317E-06,2.465445E-05
4995,2.567108E-05,6.703854E-06,5.035148E-06,2.700553E-05
4996,7.976023E-08,2.54604E-05,1.071601E-05,2.762375E-05
4997,6.334692E-08,2.547013E-05,1.071575E-05,2.763257E-05
4998,-5.795759E-05,0.0002595157,7.632517E-05,0.0002766461
4999,-0.005373551,0.0001619409,-0.001231323,0.0055152
5000,2.74998E-05,-2.614304E-06,-6.512846E-06,2.838117E-05
5001,2.579126E-05,3.159455E-06,1.390466E-05,2.947051E-05
5002,2.644092E-05,1.133241E-06,1.71932E-06,2.652098E-05
5003,-5.596233E-06,6.511686E-07,9.890886E-07,5.720152E-06
5004,2.436283E-05,-1.898936E-06,-2.261576E-06,2.454115E-05
5005,-7.177751E-06,1.746876E-06,-2.513403E-07,7.39154E-06
5006,2.644121E-05,1.124076E-06,1.712198E-06,2.652042E-05
5007,-6.079215E-06,4.090852E-06,-5.451257E-06,9.132805E-06
5008,0.006788038,0.00174842,-0.001564088,0.007181977
5009,0.0001577241,0.0001699743,-0.0003984447,0.0004610057
5010,-0.0002754876,1.085864E-05,0.001603505,0.001627034
5011,2.583384E-05,-8.137235E-06,-5.064282E-06,2.755447E-05
5012,2.245944E-05,-7.890002E-06,7.956782E-06,2.509958E-05
5013,-9.780254E-06,-7.03432E-06,2.786075E-06,1.236516E-05
5014,-6.610429E-06,-8.657144E-06,2.541875E-06,1.118504E-05
5015,2.24654E-05,-7.891602E-06,7.961955E-06,2.510706E-05
5016,1.899202E-05,-5.104069E-06,3.044213E-06,1.990014E-05
5017,1.896836E-05,-5.123016E-06,3.068212E-06,1.988612E-05
5018,6.815491E-07,-4.893825E-06,3.256222E-06,5.917517E-06
5019,2.167139E-06,-4.099743E-06,3.321819E-06,5.704285E-06
5020,7.468402E-07,-1.314833E-06,-2.194534E-07,1.527978E-06
5021,1.646217E-06,-8.140635E-07,2.030024E-06,2.737467E-06
5022,-6.318461E-06,-3.773423E-06,-1.171276E-05,1.383294E-05
5023,1.50764E-06,-3.081423E-06,6.574684E-07,3.492909E-06
5024,1.58292E-06,-3.161338E-06,5.989969E-07,3.585873E-06
5025,-1.061615E-05,-4.224141E-06,-1.14582E-05,1.618136E-05
5026,-0.001226468,-0.0004266673,-0.0003652895,0.001348965
5027,-3.347883E-05,1.670407E-05,-1.172471E-05,3.920876E-05
5028,-3.348019E-05,1.670312E-05,-1.17329E-05,3.921197E-05
5029,2.443121,-0.798412,0.8581457,2.709745
5030,8.909553,-6.094999,-2.705493,11.12874
5031,-1.134762E-05,1.565971E-06,-2.900877E-06,1.181676E-05
5032,2.083879E-05,-5.105977E-06,3.812145E-06,2.179125E-05
5033,2.679501E-05,5.725517E-06,1.133717E-07,2.740012E-05
5034,2.164712E-05,3.041996E-06,1.766619E-06,2.193108E-05
5035,2.602154E-05,4.947148E-06,-4.040684E-09,2.648764E-05
5036,2.35175E-05,-1.333674E-06,7.19609E-07,2.356628E-05
5037,-9.435948E-06,-2.869261E-06,1.142284E-07,9.863205E-06
5038,-9.440383E-06,-2.861222E-06,1.049884E-07,9.865011E-06
5039,-9.330545E-06,-9.148353E-06,3.058514E-05,3.325962E-05
5040,-2.692488E-05,1.457138E-05,1.093882E-05,3.25105E-05
5041,-1.790306E-05,2.345757E-05,1.77678E-05,3.44452E-05
5042,-1.458099E-05,5.236302E-06,6.579856E-06,1.683207E-05
5043,-1.45869E-05,5.231544E-06,6.579662E-06,1.683564E-05
5044,-1.895148E-05,5.894747E-06,9.480123E-06,2.199498E-05
5045,0.07318305,0.01624681,-0.08971491,0.1169123
5046,-0.002503942,-0.002520865,-0.01857446,0.01891124
5047,-9.245911E-06,-2.14207E-06,-1.094E-06,9.553647E-06
5048,3.569163E-06,-3.111879E-07,-1.689462E-06,3.961066E-06
5049,3.000576E-05,-3.809534E-06,4.420753E-06,3.056798E-05
5050,-1.634304E-05,-2.835385E-07,3.779416E-06,1.677675E-05
5051,2.767511E-05,-1.547662E-06,6.823357E-06,2.854584E-05
5052,2.623878E-05,3.17863E-06,4.529433E-06,2.681591E-05
5053,2.875332E-05,1.078169E-05,-6.106861E-06,3.130962E-05
5054,-7.246628E-06,2.915165E-06,-2.227092E-07,7.81418E-06
5055,-0.0007319163,-0.0004016095,-0.000688103,0.001081886
5056,0.0001128637,0.001047487,0.0006140142,0.001219418
5057,-6.404291E-07,-5.494669E-06,-5.841232E-06,8.04497E-06
5058,-9.983074E-06,-5.435498E-06,2.567444E-06,1.165325E-05
5059,-9.985473E-06,-5.435504E-06,2.563651E-06,1.165447E-05
5060,1.678556E-05,-3.436652E-06,6.04472E-06,1.816877E-05
5061,1.770014E-05,-3.972278E-06,-7.728829E-06,1.971824E-05
5062,-1.909092E-05,-1.334762E-05,-6.504935E-06,2.418546E-05
5063,1.770395E-05,-3.975004E-06,-7.736881E-06,1.972536E-05
5064,1.67866E-05,-3.436779E-06,6.04614E-06,1.817023E-05
5065,-6.633927E-07,-5.496652E-06,-5.835161E-06,8.043779E-06
5066,4.975352E-06,-4.413925E-06,1.232792E-05,1.400766E-05
5067,1.179314E-05,-4.312305E-06,2.145653E-06,1.273884E-05
5068,-1.747479E-05,-2.350013E-06,-5.075024E-06,1.834794E-05
5069,-7.810277E-06,-2.351601E-06,2.252724E-06,8.461986E-06
5070,-2.597905E-06,-2.610697E-06,5.576393E-06,6.682889E-06
5071,-1.537368E-05,-2.305162E-06,-2.050348E-06,1.568017E-05
5072,-1.252995E-05,-4.178934E-06,-9.702085E-06,1.638883E-05
5073,0.000121406,-0.001522285,-0.0005878661,0.001636361
5074,-0.0005500692,0.002680423,-0.0003418307,0.002757552
5075,2.499162E-06,1.299462E-06,-2.847016E-07,2.83116E-06
5076,-1.691409E-07,-4.224979E-07,-3.20592E-06,3.238061E-06
5077,5.886064E-07,-1.568788E-06,2.553344E-07,1.694919E-06
5078,-2.345587E-06,5.893829E-08,5.326597E-07,2.40603E-06
5079,-1.973753E-06,2.535974E-06,-4.081495E-07,3.23936E-06
5080,6.373115E-07,-1.008995E-06,-5.909258E-07,1.331702E-06
5081,1.019792E-06,-5.302586E-07,-3.02847E-07,1.18864E-06
5082,1.682813E-06,3.793945E-06,-1.850643E-07,4.154531E-06
5083,-2.281299E-06,-2.112422E-07,-2.578072E-07,2.305518E-06
5084,5.541708E-06,9.634362E-06,-6.750417E-06,1.300383E-05
5085,7.080892E-06,1.057073E-05,-6.732777E-06,1.439478E-05
5086,0.09956519,0.03547294,-0.03708546,0.1120129
5087,0.002463776,0.0005549391,0.001728208,0.003060205
5088,2.010107E-05,-2.50749E-06,2.331911E-06,2.039065E-05
5089,-4.729781E-06,6.783228E-06,1.728869E-06,8.448195E-06
5090,2.043789E-05,-3.006968E-06,-1.739808E-06,2.073104E-05
5091,2.366428E-05,1.451943E-07,-5.508571E-07,2.367114E-05
5092,2.042086E-05,-3.721171E-06,1.680262E-06,2.082503E-05
5093,2.175707E-05,-1.106686E-06,-8.274762E-07,2.180091E-05
5094,-3.940132E-06,1.659468E-06,2.369055E-06,4.887831E-06
5095,-1.013431E-05,8.332441E-07,1.485544E-06,1.027644E-05
5096,2.314163E-05,3.711531E-06,-6.624752E-07,2.344674E-05
5097,-1.01223E-05,8.682802E-07,1.465479E-06,1.026462E-05
5098,-4.729842E-06,6.783408E-06,1.729451E-06,8.448493E-06
5099,-2.975929E-05,1.27454E-05,3.115533E-05,4.493012E-05
5100,-1.017728E-05,2.904574E-05,-1.749751E-06,3.082684E-05
5101,-1.626114E-05,-1.997425E-06,-1.189376E-06,1.642648E-05
5102,-1.169933E-05,-5.073365E-06,3.428524E-06,1.320485E-05
5103,-2.817706E-05,-3.586354E-06,1.168091E-05,3.071242E-05
5104,0.00585366,-1.833385E-05,-0.01290575,0.01417124
5105,-0.005553492,0.001118329,0.01230013,0.01354198
5106,2.513974E-05,3.891535E-06,-3.715223E-06,2.570901E-05
5107,-5.092813E-06,5.77118E-06,4.007004E-06,8.67752E-06
5108,-4.170492E-06,2.864558E-07,-4.441804E-06,6.099564E-06
5109,2.363296E-05,1.929263E-06,-5.556458E-06,2.435392E-05
5110,2.800029E-05,4.541729E-06,5.77616E-07,2.837212E-05
5111,-0.002682497,0.001352621,-0.0005156892,0.003048165
5112,1.119665E-05,-2.490359E-06,-2.83222E-06,1.181475E-05
5113,1.120494E-05,-2.490409E-06,-2.832242E-06,1.182262E-05
5114,-1.240553E-05,-3.157235E-06,-3.497161E-06,1.32701E-05
5115,6.99456E-06,-2.478701E-06,-2.83568E-06,7.944112E-06
5116,1.152623E-05,-9.498904E-07,-5.819998E-07,1.157993E-05
5117,-1.24003E-05,-3.156781E-06,-3.496327E-06,1.326488E-05
5118,1.100096E-05,-2.489197E-06,-2.831725E-06,1.16291E-05
5119,-1.416354E-05,-3.034528E-06,-3.399976E-06,1.487864E-05
5120,2.452525E-06,-5.664437E-06,-1.817632E-05,1.919581E-05
5121,-1.43754E-05,-2.281747E-06,-1.042084E-05,1.790118E-05
5122,2.442207E-06,-5.662279E-06,-1.817382E-05,1.91915E-05
5123,-1.497634E-05,-2.500581E-06,-3.096427E-06,1.549618E-05
5124,-1.440826E-05,-2.283339E-06,-1.042319E-05,1.792915E-05
5125,3.791187E-05,-3.021772E-06,6.564691E-06,3.859451E-05
5126,1.612386E-05,6.273368E-06,-1.64221E-05,2.385413E-05
5127,3.888249E-05,-3.995879E-05,-3.774892E-05,6.733152E-05
5128,-3.352346E-05,-2.405995E-05,-1.832354E-05,4.514926E-05
5129,9.638569E-05,-3.682457E-05,0.0002306698,0.0002526951
5130,-1.715973E-05,5.027198E-05,-3.109078E-05,6.154969E-05
5131,2.031378E-05,1.003055E-05,-3.837975E-06,2.297807E-05
5132,2.03142E-05,1.003521E-05,-3.833127E-06,2.297966E-05
5133,2.181853E-05,1.966211E-06,1.206569E-06,2.194015E-05
5134,2.077745E-05,2.944576E-06,-1.563377E-06,2.104322E-05
5135,2.212495E-05,6.631459E-06,1.000079E-06,2.311904E-05
5136,2.212287E-05,6.626643E-06,1.00349E-06,2.311581E-05
5137,-1.232425E-06,1.490867E-06,3.132332E-06,3.681448E-06
5138,3.799633E-06,-1.516516E-06,-1.077127E-06,4.230512E-06
5139,-2.414533E-06,1.201783E-06,5.919907E-07,2.761287E-06
5140,-1.55785E-05,7.540703E-06,2.611574E-06,1.750349E-05
5141,-6.190006E-06,-4.259954E-06,3.017102E-06,8.097301E-06
5142,-8.744247E-06,1.467184E-06,4.852372E-06,1.010742E-05
5143,-8.103503E-06,1.567894E-05,1.987495E-06,1.77608E-05
5144,-1.261445E-05,2.050313E-06,-1.052669E-06,1.282327E-05
5145,-1.59331E-05,-1.042554E-05,-4.886769E-07,1.904716E-05
5146,-2.840154E-06,-2.988162E-06,2.097994E-06,4.625707E-06
5147,-2.837938E-06,-3.008583E-06,2.097224E-06,4.637221E-06
5148,-0.05325921,0.04387091,0.0239776,0.07304879
5149,2.653744E-05,-2.245888E-06,4.049752E-06,2.693846E-05
5150,-4.782982E-06,-1.073645E-06,-5.651752E-06,7.481439E-06
5151,2.151078E-05,-5.530429E-07,4.257634E-06,2.193506E-05
5152,2.684351E-05,5.172868E-06,3.586022E-06,2.757158E-05
5153,-7.570786E-06,-7.749598E-07,6.48804E-06,1.00006E-05
5154,2.684613E-05,5.176138E-06,3.588515E-06,2.757507E-05
5155,2.731465E-05,-5.307884E-06,3.63511E-06,2.806204E-05
5156,1.142068E-05,6.837563E-06,8.294244E-07,1.333687E-05
5157,1.138554E-05,6.837234E-06,8.331325E-07,1.330686E-05
5158,-0.2852108,0.299426,0.04260783,0.4157121
5159,-0.3489361,-0.1306539,0.2830439,0.467911
5160,-1.481815E-06,-2.869687E-07,7.099287E-06,7.257961E-06
5161,2.517206E-05,-2.91919E-06,8.110379E-07,2.535374E-05
5162,2.594576E-05,6.055922E-06,-1.233969E-06,2.667169E-05
5163,2.416417E-05,1.836761E-06,-2.79397E-06,2.439441E-05
5164,2.757777E-05,7.672741E-06,2.081266E-06,2.87008E-05
5165,-1.786338E-06,1.759513E-06,-4.468093E-06,5.123548E-06
5166,2.394164E-05,-2.086163E-06,-1.057836E-06,2.405562E-05
5167,-6.247963E-06,1.477881E-06,5.36448E-07,6.442744E-06
5168,2.283371E-05,-4.276173E-06,2.611896E-06,2.337704E-05
5169,-5.878272E-06,7.384659E-07,-6.89126E-07,5.96442E-06
5170,-6.631095E-06,6.186175E-06,3.605698E-06,9.759162E-06
5171,-4.63915E-06,-5.070252E-06,7.284025E-06,1.00143E-05
5172,3.235021E-06,-3.086903E-06,-1.378437E-06,4.679147E-06
5173,1.865536E-06,1.433502E-06,3.022573E-06,3.830287E-06
5174,-7.000144E-07,-8.796861E-07,2.794374E-06,3.012042E-06
5175,-5.291782E-06,4.260479E-06,6.653287E-06,9.508988E-06
5176,2.858519E-06,4.435722E-07,4.169947E-06,5.075071E-06
5177,2.86382E-06,4.455597E-07,4.170077E-06,5.07834E-06
5178,-5.307818E-06,4.252406E-06,6.674712E-06,9.529306E-06
5179,0.008854404,-0.01729771,0.0142755,0.02411226
5180,-0.01862792,0.01039798,0.04419429,0.04907395
5181,2.304837E-05,-2.480167E-06,4.489266E-06,2.361212E-05
5182,-1.517176E-06,-2.005274E-06,-2.069663E-06,3.256754E-06
5183,2.059466E-05,-7.362106E-06,-7.509435E-07,2.188389E-05
5184,-1.520045E-06,-2.036209E-06,-2.060837E-06,3.271656E-06
5185,1.963509E-05,-3.838108E-06,-8.855885E-07,2.002628E-05
5186,2.159326E-05,-4.515717E-06,-3.352513E-06,2.231367E-05
5187,-3.764173E-06,-6.373155E-06,1.120393E-06,7.486079E-06
5188,2.126053E-05,4.829607E-06,2.83962E-06,2.198633E-05
5189,-8.6165E-06,-5.032867E-06,2.400972E-06,1.026345E-05
5190,-6.210479E-06,2.038283E-05,-1.560627E-06,2.136505E-05
5191,-6.211461E-06,2.038489E-05,-1.561871E-06,2.136739E-05
5192,-0.02734996,-0.007333748,0.001967061,0.02838439
5193,9.207189E-06,2.236437E-05,2.989263E-05,3.845136E-05
5194,5.027029E-05,1.976009E-05,1.174716E-05,5.527711E-05
5195,-3.543437E-06,-5.418211E-06,-7.498051E-06,9.906247E-06
5196,6.006905E-06,2.291302E-05,2.993375E-05,3.817222E-05
5197,-1.572132E-05,3.435435E-05,6.060138E-06,3.826365E-05
5198,2.964514E-05,4.172189E-07,-2.089068E-06,2.972158E-05
5199,2.964164E-05,4.106163E-07,-2.091684E-06,2.971818E-05
5200,-1.135482E-05,3.509349E-05,8.549783E-06,3.786269E-05
5201,-1.018761E-05,7.807901E-07,1.124512E-06,1.027918E-05
5202,2.615819E-05,-3.077235E-06,1.957787E-06,2.641123E-05
5203,-9.102279E-06,5.946842E-07,-7.97628E-07,9.156493E-06
5204,2.136386E-05,2.001412E-06,-2.245585E-06,2.157459E-05
5205,2.149679E-05,4.124584E-06,-4.041301E-06,2.225885E-05
5206,2.173966E-05,6.458253E-06,1.143283E-06,2.270747E-05
5207,-1.609313E-06,1.2558E-06,-1.499246E-06,2.532718E-06
5208,2.173873E-05,6.45633E-06,1.145248E-06,2.270613E-05
5209,-1.618931E-06,1.261599E-06,-1.500626E-06,2.542528E-06
5210,-4.545915E-07,-4.079822E-06,-1.630956E-06,4.417196E-06
5211,-1.429698E-06,2.742625E-06,-1.008687E-06,3.253226E-06
5212,-5.364375E-08,2.584425E-07,-1.079249E-06,1.111058E-06
5213,-1.210843E-07,-1.39686E-06,3.387173E-07,1.442431E-06
5214,-1.536026E-06,1.655311E-06,2.225046E-06,3.170215E-06
5215,-1.649613E-06,-1.542883E-06,1.303346E-06,2.607761E-06
5216,1.417826E-06,1.049969E-06,-5.544633E-07,1.849349E-06
5217,1.839682E-06,4.606119E-06,-2.211482E-08,4.959964E-06
5218,1.817051E-06,1.746059E-06,7.395104E-07,2.626266E-06
5219,-1.106717E-06,-2.105411E-06,-9.50418E-07,2.56142E-06
5220,-0.01028556,-0.003310878,0.006099284,0.0124079
5221,2.055968E-05,2.822336E-06,-7.011981E-06,2.190511E-05
5222,-6.380264E-06,-1.436226E-06,-2.025255E-06,6.846325E-06
5223,1.640173E-06,1.184365E-06,3.252438E-06,3.830306E-06
5224,1.95342E-05,-1.245944E-06,-7.682528E-06,2.102756E-05
5225,1.638725E-06,1.182661E-06,3.275881E-06,3.849091E-06
5226,2.616773E-05,-4.483724E-06,1.812153E-06,2.661086E-05
5227,-5.963944E-06,-1.406851E-06,-1.448617E-06,6.296534E-06
5228,2.512521E-05,3.286181E-06,1.621318E-06,2.539102E-05
5229,3.381857E-05,1.887575E-05,1.469145E-06,3.875756E-05
5230,2.820074E-06,3.850079E-05,1.199434E-05,4.042434E-05
5231,1.015847E-05,1.437637E-05,1.742168E-05,2.47667E-05
5232,1.947765E-05,3.195363E-05,1.434456E-05,4.007717E-05
5233,-3.905776E-05,-8.945973E-06,5.514534E-05,6.816559E-05
5234,-0.06798106,0.04370364,0.1006365,0.1290703
5235,-1.567606E-05,8.259003E-06,-1.578485E-05,2.372997E-05
5236,2.830969E-05,-4.572062E-06,9.553029E-06,3.022586E-05
5237,2.192084E-05,-9.471679E-07,1.037656E-06,2.196581E-05
5238,-1.072067E-05,-4.40504E-07,4.324043E-06,1.156824E-05
5239,2.972797E-05,1.067299E-05,8.039389E-06,3.259289E-05
5240,-1.425353E-05,2.565018E-06,5.174816E-06,1.537924E-05
5241,3.467775E-05,1.125082E-05,7.884598E-07,3.646572E-05
5242,2.971934E-05,1.062841E-05,8.030474E-06,3.256825E-05
5243,2.560553E-05,-2.667231E-06,-4.35222E-06,2.610936E-05
5244,3.008792E-05,-6.283298E-07,-8.704757E-06,3.132811E-05
5245,2.307136E-05,1.793318E-06,5.191226E-06,2.371608E-05
5246,2.541752E-05,-2.16989E-06,-8.73739E-06,2.696481E-05
5247,2.311722E-05,-3.375521E-06,6.101396E-06,2.414595E-05
5248,-5.719155E-06,2.064229E-06,-3.975783E-06,7.264752E-06
5249,2.251912E-05,-3.250515E-06,6.665954E-06,2.370889E-05
5250,2.382212E-05,2.561794E-06,6.860604E-06,2.492236E-05
5251,2.424122E-05,-1.570592E-06,-4.808243E-06,2.476333E-05
5252,-6.940706E-06,8.847916E-08,3.368418E-06,7.715405E-06
5253,2.544273E-05,-2.106075E-06,-8.737389E-06,2.698351E-05
5254,-5.722437E-06,2.070923E-06,-3.976487E-06,7.269625E-06
5255,2.080001E-06,1.660472E-06,-5.533295E-06,6.140108E-06
5256,-2.51799E-06,-3.200538E-06,-7.33552E-07,4.137852E-06
5257,-8.611446E-06,-8.273059E-06,7.60236E-07,1.196572E-05
5258,9.227831E-08,2.874431E-07,2.066971E-06,2.088901E-06
5259,2.274657E-07,-6.66438E-07,-9.595708E-06,9.621513E-06
5260,-4.571795E-07,1.905168E-06,-6.095415E-07,2.051881E-06
5261,3.15328E-06,4.599553E-07,2.484408E-06,4.04067E-06
5262,-2.190781E-06,-1.862124E-06,-8.487115E-06,8.960924E-06
5263,1.530856E-06,1.884333E-06,-9.517173E-06,9.821955E-06
5264,1.399082E-06,8.133481E-07,-5.556012E-06,5.786902E-06
5265,1.38003E-06,1.353339E-07,1.462611E-06,2.015448E-06
5266,-0.004957947,0.001676947,0.006142736,0.008070106
5267,0.0001537116,0.0002754813,0.0008401495,0.0008974232
5268,8.654101E-05,-0.0005500953,0.0009656437,0.001114703
5269,-2.645776E-07,-4.535811E-06,-2.825852E-08,4.543609E-06
5270,-1.33545E-06,-6.747585E-06,1.165398E-07,6.879456E-06
5271,-1.343819E-06,-6.742781E-06,2.603014E-08,6.875437E-06
5272,-2.966534E-06,3.227574E-06,4.482408E-08,4.384012E-06
5273,-2.913003E-07,-4.539159E-06,-1.436247E-08,4.548519E-06
5274,-2.968602E-06,3.228725E-06,-5.154263E-08,4.386333E-06
5275,0.005654047,0.0123891,-0.001534866,0.01370452
5276,0.0002947341,-6.13626E-05,-1.834885E-05,0.0003016128
5277,2.19392E-05,3.426943E-05,4.401189E-05,5.993971E-05
5278,1.911751E-05,-3.202165E-06,6.137328E-06,2.033224E-05
5279,-4.538769E-06,3.257788E-07,-8.777613E-07,4.63433E-06
5280,2.29436E-05,-3.428698E-06,-1.394685E-06,2.324027E-05
5281,1.911621E-05,-3.209135E-06,6.133512E-06,2.033096E-05
5282,-4.53833E-06,3.281077E-07,-8.754894E-07,4.633635E-06
5283,2.548622E-05,-1.249522E-05,-1.562893E-06,2.842746E-05
5284,2.455533E-05,-3.560862E-06,8.591072E-07,2.482704E-05
5285,8.096087E-06,1.392586E-05,1.265696E-05,2.048597E-05
5286,1.734307E-05,9.596095E-06,-9.578867E-06,2.201413E-05
5287,8.095513E-06,1.391581E-05,1.264731E-05,2.047295E-05
5288,-4.023595E-06,-3.371877E-07,5.55546E-06,6.867761E-06
5289,1.335088E-05,4.691278E-06,-8.005795E-07,1.417374E-05
5290,1.887297E-06,-5.420908E-06,5.518373E-06,7.962448E-06
5291,5.636373E-06,1.562257E-05,4.590494E-06,1.723096E-05
5292,1.335431E-05,4.697537E-06,-7.94516E-07,1.41787E-05
5293,5.643292E-06,1.561601E-05,4.55563E-06,1.721802E-05
5294,-0.014924,0.0108477,0.01667012,0.02486546
5295,2.439062E-05,6.020141E-06,-6.190026E-06,2.587395E-05
5296,2.499173E-07,-4.851948E-06,-3.699747E-06,6.106717E-06
5297,-8.106099E-07,-1.053125E-06,3.955905E-06,4.17317E-06
5298,2.78714E-05,-5.08976E-06,9.155779E-06,2.977497E-05
5299,2.78597E-05,-5.078613E-06,9.126741E-06,2.975319E-05
5300,-7.067888E-06,-1.241456E-06,2.909997E-06,7.743664E-06
5301,4.231804E-06,1.956106E-06,-6.608857E-06,8.087738E-06
5302,-8.127294E-07,-1.053274E-06,3.956592E-06,4.174271E-06
5303,2.400053E-05,4.695738E-06,-6.855961E-06,2.539842E-05
5304,1.981674E-05,2.138155E-06,-1.23291E-05,2.343676E-05
5305,1.764902E-05,-9.486974E-07,-1.182798E-05,2.126708E-05
5306,1.764911E-05,-9.486394E-07,-1.182798E-05,2.126716E-05
5307,3.151112E-07,3.738048E-06,-1.321594E-05,1.373803E-05
5308,1.981577E-05,2.137166E-06,-1.232895E-05,2.343577E-05
5309,8.62637E-07,7.328513E-07,-9.502663E-06,9.569839E-06
5310,-1.178368E-06,-1.135812E-06,-1.163679E-05,1.175132E-05
5311,8.901354E-07,1.502122E-06,-1.102886E-05,1.116622E-05
5312,8.863308E-07,1.511913E-06,-1.102935E-05,1.116772E-05
5313,6.842854E-07,1.455411E-06,-1.05041E-05,1.06265E-05
5314,-1.802639E-07,-2.271574E-06,-1.018006E-05,1.043198E-05
5315,2.611756E-06,-2.273238E-06,-9.840416E-06,1.043181E-05
5316,-2.455943E-05,-5.243918E-05,0.0001238761,0.0001367418
5317,6.092774E-05,0.0002515856,-9.527038E-05,0.0002758332
5318,0.0001301749,0.0001135541,-0.0001101636,0.0002048806
5319,-0.0001679057,-1.595648E-05,-0.000126593,0.0002108856
5320,-6.623171E-06,1.102243E-06,-5.161065E-07,6.73407E-06
5321,2.574102E-05,3.604968E-06,-6.046464E-06,2.668624E-05
5322,2.512804E-05,2.778185E-08,5.547044E-06,2.573303E-05
5323,-8.574262E-06,-1.462537E-06,2.536724E-06,9.060461E-06
5324,2.757447E-05,6.285393E-07,-3.128376E-06,2.775848E-05
5325,2.843606E-05,-2.625806E-06,3.129223E-06,2.872797E-05
5326,-1.087136E-05,4.132256E-06,2.373665E-06,1.186997E-05
5327,-3.335354E-06,1.08203E-05,-5.141936E-06,1.243555E-05
5328,3.600168E-07,2.458242E-05,1.235572E-05,2.751524E-05
5329,-1.080806E-05,3.208841E-06,2.460044E-06,1.153961E-05
5330,4.673242E-06,-4.074783E-06,-8.168961E-06,1.025548E-05
5331,5.758133E-06,1.042249E-05,2.574818E-07,1.191011E-05
5332,6.051618E-06,1.672695E-05,2.775859E-06,1.800329E-05
5333,-1.009696E-06,-4.208604E-06,-4.927152E-06,6.558098E-06
5334,3.258362E-07,1.55957E-06,3.596785E-06,3.933864E-06
5335,3.006934E-07,1.545337E-06,3.602092E-06,3.9311E-06
5336,2.340711E-06,7.636365E-07,2.180398E-06,3.2888E-06
5337,2.338739E-06,7.621027E-07,2.179685E-06,3.286568E-06
5338,0.03972992,0.02466393,0.04316588,0.06364015
5339,2.272316E-05,-1.528131E-06,-4.62657E-06,2.323967E-05
5340,2.272035E-05,-1.593939E-06,-4.554006E-06,2.3227E-05
5341,2.522973E-05,6.777611E-08,2.244855E-06,2.532949E-05
5342,2.884309E-05,7.224718E-06,-1.912497E-06,2.97956E-05
5343,2.52283E-05,5.014682E-08,2.264586E-06,2.532978E-05
5344,-7.393358E-06,2.490005E-06,3.098446E-06,8.394179E-06
5345,-9.582728E-06,6.156019E-07,1.10227E-06,9.665539E-06
5346,-7.454624E-06,3.16856E-06,-3.208701E-06,8.71246E-06
5347,-0.09582713,0.1287603,0.04999935,0.168113
5348,2.599527E-05,1.334096E-06,-8.146056E-07,2.604223E-05
5349,2.697912E-05,2.910152E-06,-6.546496E-07,2.714352E-05
5350,-1.121977E-05,-2.982465E-07,-1.649657E-06,1.134432E-05
5351,2.319267E-05,3.243229E-07,9.319065E-07,2.321365E-05
5352,-1.087389E-05,2.188061E-06,3.316801E-06,1.157714E-05
5353,2.788575E-05,-1.570875E-06,-2.406623E-06,2.803345E-05
5354,2.633553E-05,-3.008841E-07,6.676045E-07,2.634571E-05
5355,-4.604277E-06,1.627767E-06,4.450631E-06,6.607353E-06
5356,2.84351E-05,1.26083E-06,-2.005604E-06,2.853361E-05
5357,3.878213E-06,5.399339E-06,1.791173E-06,6.884889E-06
5358,-7.340076E-07,4.512088E-06,-3.514054E-06,5.765959E-06
5359,1.784239E-05,1.870116E-05,4.665437E-06,2.6265E-05
5360,1.943303E-06,3.240975E-06,-8.617965E-07,3.875957E-06
5361,-4.199449E-07,-2.176751E-06,-2.164988E-06,3.098673E-06
5362,-4.222806E-07,-2.175612E-06,-2.166359E-06,3.099148E-06
5363,1.946951E-06,3.247685E-06,-8.670679E-07,3.88457E-06
5364,1.056433E-05,1.154248E-05,9.20515E-06,1.815403E-05
5365,-2.434532E-06,4.108558E-06,-1.094295E-07,4.776942E-06
5366,-5.441038E-06,-1.197076E-06,1.949688E-06,5.902472E-06
5367,-4.13303E-06,1.741451E-06,1.409137E-06,4.701091E-06
5368,2.859261E-05,1.067463E-06,3.623835E-07,2.861482E-05
5369,-9.789867E-06,-4.696085E-06,9.500591E-07,1.089942E-05
5370,2.859255E-05,1.058514E-06,3.645187E-07,2.861445E-05
5371,-7.616613E-06,1.500287E-06,4.750225E-07,7.777487E-06
5372,-0.1111733,0.02853595,-0.06748226,0.1331452
5373,-0.004536514,0.002870281,-0.001069677,0.005473818
5374,-4.288047E-06,-6.199043E-07,-1.576729E-06,4.610608E-06
5375,-7.598099E-06,2.467573E-06,4.904625E-07,8.003785E-06
5376,2.795262E-05,-1.969468E-06,-2.589701E-06,2.814133E-05
5377,2.339358E-05,6.547405E-07,3.432372E-06,2.36531E-05
5378,2.984259E-05,-1.216614E-06,3.997762E-07,2.987005E-05
5379,-7.179534E-06,-1.764629E-06,-1.081418E-06,7.471886E-06
5380,-6.037403E-06,-1.695255E-06,-2.087003E-06,6.609062E-06
5381,2.339287E-05,6.597451E-07,3.426831E-06,2.365174E-05
5382,2.79947E-05,-1.23618E-06,-7.368997E-07,2.803167E-05
5383,-7.947243E-06,-1.843891E-07,-2.351501E-07,7.952859E-06
5384,3.992563E-06,1.188317E-06,-1.069136E-08,4.165665E-06
5385,-3.036301E-06,-1.10129E-08,7.053381E-08,3.03714E-06
5386,3.565068E-06,-8.869808E-06,7.412274E-07,9.58815E-06
5387,-4.17578E-06,-2.74788E-06,4.970415E-06,7.049327E-06
5388,1.945703E-06,-4.302947E-06,-2.810307E-06,5.495357E-06
5389,4.003E-06,1.165919E-06,-1.672348E-08,4.169371E-06
5390,0.05739304,-0.1990912,0.2176536,0.3005069
5391,-0.2963786,-0.0872324,0.08968753,0.3217042
5392,2.547871E-05,-5.721548E-06,2.816289E-06,2.626466E-05
5393,2.179046E-05,-8.751997E-07,1.353613E-06,2.185E-05
5394,2.521935E-05,1.095349E-05,5.956725E-06,2.81332E-05
5395,2.049207E-05,-1.010477E-06,-2.628247E-06,2.068462E-05
5396,1.559978E-05,-4.212573E-06,-2.645947E-07,1.616072E-05
5397,2.521946E-05,1.744026E-06,7.041587E-07,2.52895E-05
5398,2.52196E-05,1.095822E-05,5.943377E-06,2.813245E-05
5399,-6.99714E-06,1.873471E-06,6.200455E-07,7.270097E-06
5400,19.18406,29.59107,15.94343,38.7021
5401,-0.004454759,0.02799387,-0.01723606,0.03317504
5402,0.001209411,0.0008506417,-3.49107E-05,0.001479015
5403,2.699548E-05,-1.124423E-06,-6.544855E-06,2.780027E-05
5404,2.357071E-05,-2.696053E-06,-3.77322E-06,2.402258E-05
5405,2.736129E-05,6.061231E-07,-7.764697E-06,2.844816E-05
5406,-6.189335E-06,-3.465542E-06,6.922396E-07,7.127205E-06
5407,-4.345532E-06,-1.40721E-06,-5.819708E-07,4.604626E-06
5408,2.534114E-05,4.420752E-06,1.067645E-06,2.5746E-05
5409,2.565776E-05,5.737661E-06,1.426656E-06,2.633015E-05
5410,-8.424206E-06,2.823274E-06,2.518408E-06,9.234744E-06
5411,2.606224E-05,-2.810872E-06,2.354327E-06,2.631889E-05
5412,4.32506E-06,1.599655E-07,-6.437495E-06,7.757131E-06
5413,4.338454E-06,1.438496E-07,-6.411211E-06,7.742512E-06
5414,-2.589323E-06,-1.263192E-07,-1.352499E-05,1.377119E-05
5415,4.86152E-06,9.729948E-07,2.444304E-06,5.527723E-06
5416,-2.052903E-06,3.476926E-06,6.162116E-06,7.367164E-06
5417,-3.063742E-06,-3.599373E-06,-1.878605E-06,5.08637E-06
5418,2.406895E-06,8.449999E-07,-1.679463E-05,1.698726E-05
5419,8.477218E-07,-5.570722E-07,4.351178E-06,4.467853E-06
5420,-2.831691E-06,-2.148197E-08,-1.335849E-05,1.365533E-05
5421,0.02074686,-0.0008100186,0.02002503,0.02884597
5422,-0.0009045493,-0.0009088143,0.0003590764,0.001331574
5423,-7.156918E-06,-7.575209E-07,-5.082957E-07,7.214823E-06
5424,-7.156597E-06,-7.682926E-07,4.857042E-07,7.214088E-06
5425,2.299602E-07,-1.991511E-06,-8.74183E-08,2.006649E-06
5426,-1.255516E-05,1.726792E-05,6.709973E-07,2.136032E-05
5427,2.099525E-07,-1.995743E-06,5.074479E-07,2.069921E-06
5428,-1.258783E-05,1.731908E-05,-6.006736E-07,2.14188E-05
5429,-3.957426E-05,3.016562E-05,-1.087188E-06,4.977217E-05
5430,-3.951893E-05,3.011358E-05,5.847085E-07,4.968818E-05
5431,2.003113E-05,1.054801E-06,4.875224E-06,2.064283E-05
5432,1.953441E-05,7.651327E-06,3.523094E-07,2.098238E-05
5433,-1.857126E-07,-2.28245E-06,-1.211984E-06,2.590941E-06
5434,-4.70237E-07,3.439365E-06,-4.016259E-06,5.308549E-06
5435,-1.856039E-07,-2.274128E-06,-1.212771E-06,2.583974E-06
5436,2.194298E-05,5.395114E-06,-6.524574E-06,2.35196E-05
5437,2.058574E-05,-4.862495E-06,6.645314E-06,2.217153E-05
5438,2.540262E-05,-9.19329E-07,-7.390618E-06,2.647186E-05
5439,0,0,0,0
5440,-2.358113E-06,5.669459E-06,8.919127E-06,1.08284E-05
5441,-2.410778E-06,6.93662E-06,9.858866E-06,1.229332E-05
5442,7.328638E-06,-1.160655E-05,3.904914E-05,4.13915E-05
5443,7.324336E-06,-1.142177E-05,3.908239E-05,4.137071E-05
5444,-1.721172E-06,4.94949E-07,-1.601246E-05,1.61123E-05
5445,-2.852711E-06,-1.336944E-06,-4.566068E-06,5.547464E-06
5446,2.064709E-05,-1.070891E-06,-1.100239E-05,2.342012E-05
5447,2.192242E-05,1.903774E-06,-1.026807E-05,2.428271E-05
5448,2.064718E-05,-1.067106E-06,-1.100279E-05,2.342021E-05
5449,-1.722187E-06,4.817574E-07,-1.601285E-05,1.611239E-05
5450,-3.379779E-06,2.573305E-06,-1.503102E-05,1.561974E-05
5451,-3.428792E-06,6.903284E-07,-1.481517E-05,1.522243E-05
5452,8.780984E-07,-4.023641E-07,-7.494514E-06,7.5565E-06
5453,1.756256E-06,1.856131E-06,-7.959785E-06,8.359894E-06
5454,-3.597176E-07,-6.232156E-07,-8.685437E-06,8.715194E-06
5455,7.020693E-07,3.237963E-06,-6.954539E-06,7.703436E-06
5456,4.036579E-07,-1.345641E-06,-8.487318E-06,8.602805E-06
5457,1.359316E-06,-3.081802E-06,-7.274465E-06,8.016426E-06
5458,-4.197393E-05,1.419999E-05,-7.566465E-05,8.76846E-05
5459,1.318473E-05,-4.600545E-05,-3.655153E-05,6.021921E-05
5460,2.317535E-05,-3.759924E-06,-5.069196E-06,2.401938E-05
5461,3.063056E-05,5.595767E-08,5.851276E-06,3.118448E-05
5462,2.317169E-05,-3.742261E-06,-5.079804E-06,2.401533E-05
5463,2.70909E-05,-6.076995E-08,6.461309E-07,2.709867E-05
5464,-6.574046E-06,1.524725E-06,-1.274895E-06,6.867913E-06
5465,2.916634E-06,1.020721E-06,-7.311668E-06,7.937829E-06
5466,-10.24717,3.805545,10.95855,15.47826
5467,4.348207E-05,9.486777E-05,7.119125E-06,0.0001046005
5468,2.773771E-05,6.81883E-05,3.498576E-05,8.150478E-05
5469,-1.275508E-05,2.117317E-05,6.189546E-06,2.548148E-05
5470,-1.300017E-05,1.423191E-06,2.937374E-05,3.215349E-05
5471,-0.001481532,0.007333042,0.006562788,0.009951815
5472,1.510763E-05,7.128879E-06,-2.817165E-06,1.694101E-05
5473,-1.468163E-05,1.642087E-05,2.214265E-05,3.123287E-05
5474,-2.993713E-05,2.285439E-05,-1.628635E-05,4.103414E-05
5475,-1.492129E-05,5.1401E-06,2.347603E-06,1.595547E-05
5476,1.510342E-05,7.094351E-06,-2.805612E-06,1.692083E-05
5477,-1.265129E-06,-1.478922E-06,7.379831E-06,7.632148E-06
5478,-1.2969E-06,-1.527515E-06,7.420731E-06,7.686514E-06
5479,9.714845E-07,-4.025797E-07,-3.44472E-07,1.106577E-06
5480,2.506838E-05,3.377303E-06,-3.591902E-06,2.554861E-05
5481,2.642166E-05,-5.212351E-06,-3.961785E-06,2.722074E-05
5482,2.410131E-05,1.22866E-06,2.492863E-06,2.426102E-05
5483,1.707352E-05,-2.56294E-08,-9.762525E-07,1.710143E-05
5484,1.706905E-05,-2.55736E-08,-9.763297E-07,1.709697E-05
5485,2.683975E-05,3.15872E-06,4.88362E-06,2.746269E-05
5486,-6.884427E-06,4.439543E-06,-1.146592E-06,8.271611E-06
5487,-8.502253E-06,-1.571914E-07,2.90633E-06,8.986644E-06
5488,-3.480131E-05,4.220972E-05,-2.907896E-06,5.478365E-05
5489,-7.289937E-06,2.821751E-06,-1.056216E-06,7.888032E-06
5490,3.440298E-05,1.631539E-05,-1.502738E-05,4.093384E-05
5491,3.007504E-05,4.877282E-06,1.861978E-05,3.570703E-05
5492,4.297537E-05,6.259656E-05,2.303368E-06,7.596392E-05
5493,3.007102E-05,4.860236E-06,1.862353E-05,3.570328E-05
5494,4.078615E-06,2.876399E-05,2.023431E-05,3.540381E-05
5495,4.115025E-06,2.876442E-05,2.024571E-05,3.541489E-05
5496,2.128154E-07,-1.143628E-05,-6.152006E-07,1.14548E-05
5497,-2.363741E-05,1.16797E-05,1.506045E-05,3.036379E-05
5498,-6.420836E-06,-4.619332E-06,6.204917E-06,1.005318E-05
5499,-6.421008E-06,-4.625065E-06,6.206302E-06,1.005678E-05
5500,-2.363952E-05,1.168712E-05,1.504813E-05,3.036218E-05
5501,2.598873E-07,4.651701E-07,1.814778E-07,5.629021E-07
5502,0.01148706,-0.003809724,-0.01622264,0.02023957
5503,0.0002274811,0.0002481291,0.0002048952,0.0003940784
5504,1.355506E-05,1.687566E-06,1.078916E-05,1.740671E-05
5505,1.856682E-05,-9.158032E-06,-2.764395E-05,3.453671E-05
5506,2.530197E-05,3.93983E-05,1.71068E-06,4.685447E-05
5507,3.183317E-05,1.597663E-05,-7.867707E-06,3.647607E-05
5508,0,0,0,0
5509,2.516136E-05,1.004111E-06,-5.631118E-08,2.518145E-05
5510,2.58801E-05,1.929701E-06,3.97072E-06,2.625395E-05
5511,2.512583E-05,2.307245E-06,-2.8301E-06,2.538976E-05
5512,2.719555E-05,-1.12325E-06,4.555583E-06,2.759734E-05
5513,-7.904545E-06,1.665288E-06,-2.229056E-06,8.379959E-06
5514,6.746556E-07,-5.394571E-07,5.891155E-07,1.045577E-06
5515,-8.378202E-06,9.617071E-07,3.482344E-06,9.123918E-06
5516,-0.918358,-0.2085374,2.829846,2.982432
5517,2.670782E-05,1.374851E-06,8.351148E-06,2.801677E-05
5518,-6.067975E-07,-1.799557E-06,-1.658286E-06,2.521214E-06
5519,-9.466719E-06,6.314954E-07,3.252118E-06,1.002965E-05
5520,2.670616E-05,1.370586E-06,8.371391E-06,2.802102E-05
5521,2.635761E-05,4.655183E-06,-1.416438E-06,2.680299E-05
5522,2.659707E-05,-5.529778E-07,3.326797E-06,2.681002E-05
5523,-9.64824E-06,3.549678E-06,-2.583159E-06,1.060007E-05
5524,4.026686E-05,-3.66608E-06,3.924556E-06,4.062342E-05
5525,0,0,0,0
5526,-1.606485E-06,6.734279E-06,3.795329E-06,7.895304E-06
5527,-2.536826E-06,-1.185925E-05,2.93745E-06,1.247822E-05
5528,-1.604423E-06,6.744847E-06,3.798696E-06,7.905519E-06
5529,-1.423983E-05,3.006363E-06,3.586627E-05,3.870659E-05
5530,4.60782E-06,-8.474462E-06,-1.991205E-06,9.849539E-06
5531,-1.429909E-06,1.530445E-06,1.075855E-06,2.354647E-06
5532,3.391092E-06,-1.000871E-05,-2.43728E-06,1.0845E-05
5533,-4.261508E-05,1.125126E-05,2.199107E-05,4.925691E-05
5534,-1.424982E-05,3.009282E-06,3.587825E-05,3.87216E-05
5535,-4.258267E-05,1.125482E-05,2.19845E-05,4.922675E-05
5536,0.002138305,0.001192466,0.0004147758,0.002483217
5537,0.003136314,0.002318125,-0.006092746,0.007234067
5538,0.0001381317,-0.0002173376,-0.0001425342,0.0002943331
5539,2.260278E-05,1.188192E-05,-1.742149E-05,3.091236E-05
5540,-4.195054E-06,-8.838709E-06,-2.58029E-05,2.759549E-05
5541,-9.027473E-06,-1.137784E-05,3.048739E-05,3.377027E-05
5542,-6.543553E-07,9.947382E-06,-4.52668E-06,1.094849E-05
5543,9.664272E-05,4.669437E-05,8.078322E-06,0.0001076357
5544,-1.420251E-05,-4.852128E-05,-5.864496E-05,7.742905E-05
5545,-1.650233E-05,-3.637678E-06,-1.633137E-05,2.35005E-05
5546,8.523E-07,8.072332E-07,-1.449532E-05,1.454278E-05
5547,-9.366774E-06,-1.437016E-06,3.535256E-05,3.660062E-05
5548,8.480501E-07,8.917373E-07,-1.449586E-05,1.4548E-05
5549,-9.339248E-06,-1.673435E-06,3.535162E-05,3.660272E-05
5550,2.437741E-05,5.383128E-08,5.683398E-07,2.438409E-05
5551,-2.861811E-06,4.009924E-07,-1.520036E-06,3.26516E-06
5552,2.494379E-05,-6.625915E-06,-4.404882E-06,2.618202E-05
5553,2.378557E-05,2.084789E-06,1.371916E-06,2.391614E-05
5554,2.609276E-05,3.10626E-06,-1.078925E-05,2.840579E-05
5555,-8.138753E-06,1.653818E-06,-2.7116E-06,8.736544E-06
5556,2.494068E-05,-6.615985E-06,-4.413972E-06,2.617808E-05
5557,-6.993489E-06,-3.016875E-07,2.025465E-06,7.28714E-06
5558,-8.137004E-06,1.650286E-06,-2.715612E-06,8.735493E-06
5559,2.434686E-05,-9.322607E-07,-1.077695E-05,2.664172E-05
5560,-5.869946E-06,-3.2251E-06,-1.816998E-07,6.700041E-06
5561,2.390679E-05,-4.485113E-07,4.427097E-06,2.431738E-05
5562,-0.005896742,0.0008930044,0.006698984,0.008969137
5563,-0.02725575,-0.005594591,-0.01969813,0.03409093
5564,-8.912928E-06,4.146409E-06,9.633243E-07,9.877296E-06
5565,3.946623E-05,1.03782E-06,2.401869E-06,3.955287E-05
5566,-1.152527E-05,-4.142265E-06,1.199366E-06,1.230563E-05
5567,2.296146E-05,7.651754E-06,3.461649E-06,2.444915E-05
5568,2.296227E-05,7.650869E-06,3.467987E-06,2.445054E-05
5569,2.889237E-05,2.307376E-06,-7.00338E-07,2.899282E-05
5570,0,0,0,0
5571,-3.006249E-07,-8.562421E-06,2.291674E-06,8.868889E-06
5572,-1.606102E-05,1.131532E-05,2.625677E-05,3.279346E-05
5573,2.652743E-06,-1.022546E-05,-8.845912E-07,1.060092E-05
5574,-1.800251E-06,3.016868E-07,1.198517E-06,2.183657E-06
5575,-5.460955E-07,-1.197777E-05,2.085384E-06,1.217021E-05
5576,-1.605254E-05,1.128491E-05,2.625262E-05,3.27755E-05
5577,2.367605E-06,-5.109021E-06,-1.099111E-06,5.73722E-06
5578,-9.669277E-07,-7.913056E-06,-4.497884E-07,7.984592E-06
5579,-9.574474E-07,-7.921962E-06,-4.631082E-07,7.993038E-06
5580,1.030226E-06,5.795144E-06,-2.36901E-06,6.344862E-06
5581,-0.006167007,0.004992182,0.006026483,0.009963551
5582,-6.08853E-05,5.006598E-05,4.650323E-06,7.896358E-05
5583,-5.268092E-05,6.191877E-05,7.143693E-06,8.161033E-05
5584,0.0001128428,9.095253E-05,-0.0001986867,0.0002459314
5585,3.619071E-05,-2.086016E-05,2.765537E-05,5.009724E-05
5586,9.821964E-06,9.40019E-06,-1.016245E-06,1.363332E-05
5587,-8.481738E-06,3.575625E-05,-1.202518E-06,3.676813E-05
5588,1.693574E-05,1.352105E-06,1.436631E-05,2.224946E-05
5589,6.215247E-06,-7.811141E-08,-2.951797E-06,6.881025E-06
5590,1.694388E-05,4.319431E-07,1.43783E-05,2.22265E-05
5591,2.170819E-06,-9.545997E-07,6.783004E-06,7.185601E-06
5592,-4.180361E-06,-2.56581E-07,-2.710009E-06,4.988527E-06
5593,2.178393E-06,2.591248E-07,6.77331E-06,7.11971E-06
5594,-0.0002065535,0.0007871336,-0.0001186008,0.0008223806
5595,-3.836827E-07,1.5301E-06,-1.465307E-05,1.473774E-05
5596,1.98648E-05,6.629548E-07,-1.119505E-05,2.281182E-05
5597,2.076108E-05,-3.684273E-07,-1.04044E-05,2.32252E-05
5598,1.948358E-05,2.735127E-06,-9.26156E-06,2.174551E-05
5599,2.07704E-05,-3.169497E-07,-1.039411E-05,2.322816E-05
5600,2.005047E-05,-1.407694E-06,-9.439839E-06,2.220616E-05
5601,-3.841197E-07,1.532344E-06,-1.465359E-05,1.473849E-05
5602,9.603072E-06,-9.440959E-06,3.149537E-07,1.347033E-05
5603,2.891148E-06,-4.33468E-07,-6.691442E-08,2.924228E-06
5604,3.467171E-06,1.609816E-05,-6.271198E-08,1.646742E-05
5605,3.458468E-06,1.608515E-05,-3.458934E-09,1.645275E-05
5606,2.889853E-06,-4.296563E-07,-1.707889E-07,2.926606E-06
5607,9.604E-06,-9.442952E-06,3.168697E-07,1.347244E-05
5608,-0.0001316018,5.598189E-05,-5.784108E-05,0.000154268
5609,-5.222992E-06,-3.374325E-06,-2.072549E-06,6.554477E-06
5610,-3.580235E-05,5.241729E-05,-7.996587E-05,0.0001020976
5611,-8.404118E-06,1.895921E-06,3.542805E-06,9.315319E-06
5612,2.524026E-05,-7.274724E-06,5.325614E-07,2.62731E-05
5613,1.947053E-05,4.446436E-06,-3.520055E-06,2.027962E-05
5614,1.992666E-05,3.651242E-06,-3.910091E-06,2.063231E-05
5615,1.884627E-05,-4.63177E-06,2.014995E-07,1.940814E-05
5616,1.499125E-05,-4.356817E-06,1.842279E-06,1.571984E-05
5617,-4.313606E-06,1.61464E-06,4.957093E-06,6.766612E-06
5618,0.04291371,-0.03606162,0.02926911,0.06323534
5619,-3.260269E-06,-1.577591E-05,2.700753E-07,1.611154E-05
5620,-5.823792E-07,-2.846977E-06,-3.226029E-08,2.906112E-06
5621,1.184579E-06,-1.782153E-05,1.557656E-06,1.792865E-05
5622,3.622632E-06,1.969572E-06,-7.187269E-06,8.286103E-06
5623,3.190191E-06,-9.169439E-06,3.174771E-06,1.021446E-05
5624,-3.350109E-06,-1.383964E-05,5.274416E-06,1.518481E-05
5625,2.489872E-06,-2.683013E-05,-5.291916E-06,2.746015E-05
5626,3.186618E-06,-9.173537E-06,3.180153E-06,1.021869E-05
5627,5.974372E-06,-1.571749E-05,-4.007731E-06,1.728568E-05
5628,-8.315577E-06,-5.991902E-06,3.531935E-06,1.084095E-05
5629,-8.274319E-06,-8.095193E-06,-3.054751E-06,1.197197E-05
5630,-0.01104489,0.002876868,-0.01283931,0.01717888
5631,-0.001683295,-0.0004817552,0.0010583,0.002045867
5632,-4.354394E-05,5.472318E-05,-8.575548E-05,0.0001106558
5633,4.817633E-05,-2.641891E-05,-0.0002767735,0.0002821746
5634,4.061731E-05,0.0001323536,-0.0001205803,0.0001835943
5635,1.326064E-05,-3.987088E-07,-1.402471E-06,1.334056E-05
5636,3.894525E-06,4.582986E-07,1.507436E-06,4.201157E-06
5637,-1.655696E-06,-1.420907E-06,-3.119239E-06,3.806568E-06
5638,2.754692E-06,2.81194E-07,3.597336E-06,4.539628E-06
5639,3.74718E-06,3.410554E-07,1.517794E-06,4.057262E-06
5640,-1.779802E-06,1.134387E-06,-3.126704E-06,3.772375E-06
5641,4.328847E-06,-8.924763E-07,3.312615E-06,5.523482E-06
5642,1.327187E-05,-4.306691E-07,-1.404368E-06,1.335291E-05
5643,0,0,0,0
5644,1.950401E-05,4.571567E-05,1.477975E-05,5.185335E-05
5645,-3.794208E-05,5.606689E-05,4.334888E-05,8.038795E-05
5646,-1.800265E-05,0.0001034945,7.700142E-05,0.0001302476
5647,-2.823137E-05,3.208308E-05,4.179931E-05,5.977889E-05
5648,2.295272E-05,0.000108928,-6.252795E-05,0.0001276789
5649,-2.370251E-05,8.142483E-06,2.925024E-06,2.523222E-05
5650,2.251323E-05,1.976634E-07,-3.660258E-06,2.280969E-05
5651,2.029781E-05,2.867485E-06,1.902878E-06,2.058749E-05
5652,2.232833E-05,-1.031538E-06,1.405145E-06,2.239627E-05
5653,-5.570389E-06,1.191001E-06,-1.321048E-06,5.847468E-06
5654,-5.593824E-07,-1.783547E-06,8.67466E-08,1.871222E-06
5655,2.251242E-05,2.027296E-07,-3.662252E-06,2.280926E-05
5656,2.029663E-05,2.865333E-06,1.908842E-06,2.058657E-05
5657,-5.565691E-06,1.190142E-06,-1.322112E-06,5.843059E-06
5658,2.232652E-05,-1.046103E-06,1.370375E-06,2.239298E-05
5659,-3.463326E-06,2.463541E-06,6.181448E-07,4.294853E-06
5660,-0.03593296,0.02573472,-0.007127968,0.04476898
5661,-1.689479E-06,1.590552E-05,-1.093251E-06,1.603231E-05
5662,4.879749E-06,1.621074E-06,-8.312913E-07,5.208731E-06
5663,-3.486887E-06,-1.802283E-05,1.643326E-06,1.843045E-05
5664,3.481993E-06,-1.014507E-06,1.642926E-06,3.981546E-06
5665,-4.47958E-06,-1.360088E-05,4.699174E-06,1.507093E-05
5666,-2.45751E-06,-2.056516E-05,-4.474332E-07,2.071631E-05
5667,1.452433E-06,1.493998E-05,-8.749644E-07,1.503589E-05
5668,-4.980553E-07,-7.613189E-06,1.214653E-06,7.725548E-06
5669,-0.001473049,0.001505009,-0.0009227737,0.002299225
5670,-0.0001629496,-0.0006168645,-0.0008480907,0.001061288
5671,-0.0003637261,0.0006067303,0.0007804548,0.001053341
5672,-1.135954E-08,-7.487871E-07,7.873207E-07,1.086593E-06
5673,5.315389E-07,-9.337389E-07,2.738425E-06,2.941662E-06
5674,6.094084E-06,1.223415E-07,-1.25537E-07,6.096604E-06
5675,5.496483E-06,-4.907787E-07,5.19598E-06,7.579604E-06
5676,-4.996098E-09,-7.922978E-07,7.876277E-07,1.117192E-06
5677,4.403565E-06,-1.093234E-06,3.225786E-06,5.567068E-06
5678,4.390334E-06,-1.799773E-06,3.183464E-06,5.7139E-06
5679,3.417283E-06,2.593278E-06,1.565165E-07,4.292716E-06
5680,-0.01046307,0.0008921401,0.008250658,0.01335459
5681,3.350919E-06,2.323298E-06,1.798797E-06,4.456685E-06
5682,0.0001226026,0.0001235835,2.108285E-05,0.0001753533
5683,3.078381E-05,2.544353E-06,-2.714437E-05,4.112096E-05
5684,-7.739221E-05,-3.410562E-05,-9.28524E-05,0.0001255958
5685,7.610425E-05,0.0002037851,-0.0001210812,0.0002489596
5686,-4.974443E-06,-2.961636E-06,-9.909055E-07,5.873522E-06
5687,2.686154E-05,-2.218936E-06,-8.364726E-07,2.696601E-05
5688,-7.559491E-06,3.162775E-07,2.565247E-06,7.989144E-06
5689,2.537837E-05,4.886754E-06,2.0611E-06,2.592663E-05
5690,2.53802E-05,4.891881E-06,2.046452E-06,2.592823E-05
5691,2.564844E-05,-7.029216E-07,2.357789E-06,2.576618E-05
5692,2.21223E-05,-1.626794E-06,-1.483212E-06,2.223156E-05
5693,-4.527154E-06,6.826427E-06,3.373556E-06,8.858674E-06
5694,3.743501E-07,-1.293737E-06,-6.103248E-07,1.478645E-06
5695,2.935011E-07,-1.352444E-05,-9.38361E-08,1.352795E-05
5696,2.542487E-06,-1.036167E-05,-2.97841E-06,1.107698E-05
5697,2.720552E-06,-1.101226E-05,7.155947E-07,1.136589E-05
5698,8.223793E-07,-1.152711E-05,-1.441159E-06,1.164592E-05
5699,-9.06286E-07,4.111608E-06,2.826124E-06,5.070863E-06
5700,-5.934713E-07,-1.573989E-06,-2.304782E-07,1.697872E-06
5701,-2.341951E-07,-1.067524E-05,1.803194E-06,1.0829E-05
5702,-1.140668E-06,-7.025834E-06,2.524896E-07,7.122304E-06
5703,-2.203304E-06,-1.135576E-05,6.47953E-07,1.158567E-05
5704,-6.416305E-06,-1.088553E-05,1.651249E-07,1.263689E-05
5705,1.165535E-05,3.950796E-07,-0.0007296699,0.0007297631
5706,-0.005156491,0.002812417,0.002291437,0.006304742
5707,0.0007838452,0.0002339894,-0.0001853756,0.000838766
5708,0.0004467777,8.665248E-07,-0.001047471,0.001138774
5709,-1.471867E-06,-9.980563E-07,2.202005E-06,2.83043E-06
5710,1.766595E-06,-2.037315E-06,-1.666036E-06,3.169729E-06
5711,4.34948E-06,6.189088E-07,-6.517413E-07,4.441373E-06
5712,4.136111E-06,2.858424E-07,2.964975E-06,5.097078E-06
5713,4.806729E-06,-4.420806E-07,2.852213E-06,5.60671E-06
5714,1.765035E-06,-2.054405E-06,-1.665069E-06,3.179368E-06
5715,5.523068E-06,1.631996E-07,-1.434058E-06,5.708541E-06
5716,1.313E-06,3.256351E-07,-1.4592E-07,1.360625E-06
5717,-0.02217046,0.005770985,-0.01111518,0.02546332
5718,0.0004424422,0.0006287399,-0.0005595752,0.0009508908
5719,-0.000129537,0.001458319,0.0009034339,0.001720368
5720,4.508172E-05,0.0003482587,0.000121519,0.0003715957
5721,-4.30724E-05,0.0002033144,0.000109419,0.0002348712
5722,8.205137E-05,4.12741E-05,-2.877671E-05,9.625008E-05
5723,2.510461E-05,2.655574E-07,1.304184E-06,2.513986E-05
5724,-1.113427E-05,3.335307E-07,-2.094271E-06,1.133442E-05
5725,-5.26782E-06,-2.278893E-06,-4.056203E-06,7.028233E-06
5726,2.63557E-05,1.486071E-06,-6.961213E-06,2.73E-05
5727,2.273153E-05,1.720273E-07,-8.175665E-06,2.415768E-05
5728,2.441529E-05,2.145081E-07,6.680349E-07,2.442537E-05
5729,2.273139E-05,1.468898E-07,-8.172607E-06,2.415635E-05
5730,-8.836555E-06,-4.89633E-07,-5.082833E-06,1.020586E-05
5731,-8.835263E-06,-4.964111E-07,-5.077257E-06,1.02023E-05
5732,2.555594E-05,-6.998875E-09,9.91584E-07,2.557517E-05
5733,-4.780973E-06,4.175323E-07,-1.503358E-06,5.029127E-06
5734,2.635506E-05,1.496464E-06,-6.959409E-06,2.729949E-05
5735,-5.268568E-06,-2.284692E-06,-4.063846E-06,7.035089E-06
5736,-0.07972214,0.1506752,0.3182962,0.3610694
5737,3.473929E-06,-2.977681E-06,-8.069601E-07,4.646068E-06
5738,-3.183442E-06,-1.158255E-05,2.581603E-06,1.228635E-05
5739,-2.188607E-06,1.303614E-06,7.774448E-07,2.663425E-06
5740,2.497875E-06,-5.185324E-06,-3.777527E-07,5.767986E-06
5741,-5.385763E-06,-1.63798E-05,-3.023203E-06,1.750554E-05
5742,2.072881E-07,-7.447818E-06,-1.151191E-06,7.539112E-06
5743,-4.195318E-06,-1.03166E-05,2.34386E-06,1.138097E-05
5744,8.786404E-08,-3.947341E-06,3.690296E-06,5.404397E-06
5745,-2.378646E-06,1.469547E-05,1.290199E-06,1.494254E-05
5746,1.191708E-07,-1.814481E-06,-1.181637E-06,2.168596E-06
5747,-0.0007361218,-0.000118828,0.0004666389,0.0008796291
5748,-0.02821992,0.06067107,0.1520991,0.166167
5749,0.0001628503,0.0003296428,8.549995E-05,0.0003774849
5750,6.231974E-07,1.489461E-07,1.398265E-06,1.538085E-06
5751,3.926527E-06,-1.447034E-06,-2.888844E-06,5.084973E-06
5752,8.45392E-07,8.423707E-07,-1.687361E-06,2.066752E-06
5753,4.419915E-06,-3.740913E-08,-2.792052E-06,5.228059E-06
5754,1.07147E-06,-9.48299E-07,2.522382E-06,2.899953E-06
5755,-0.0006085777,0.001576,-0.000456758,0.001750078
5756,0.005936582,0.01003736,0.0001920446,0.01166312
5757,6.335416E-05,8.571987E-05,-2.379739E-05,0.0001092152
5758,4.127642E-05,5.698792E-05,2.177699E-05,7.365869E-05
5759,2.036947E-05,-3.788455E-07,-1.17723E-05,2.352968E-05
5760,2.465584E-05,5.225187E-08,-1.060855E-05,2.684129E-05
5761,2.037202E-05,-3.881624E-07,-1.177179E-05,2.353179E-05
5762,-1.441701E-06,-1.258372E-06,-8.981985E-06,9.183575E-06
5763,2.428392E-05,2.080078E-06,-1.292281E-05,2.758685E-05
5764,-4.113944E-06,-3.44478E-07,-1.100866E-05,1.175729E-05
5765,-3.042375E-05,-8.683964E-06,-3.191537E-07,3.164045E-05
5766,-3.034246E-05,-8.588522E-06,8.014077E-08,3.153464E-05
5767,-0.04533019,0.003719315,0.05532238,0.0716186
5768,-0.005248763,-0.001083095,-0.0005415449,0.005386638
5769,0.0007009256,0.001558607,-0.0001487014,0.00171542
5770,-2.151743E-06,-6.19358E-06,-5.277917E-07,6.577918E-06
5771,2.741311E-07,1.233598E-07,-2.030166E-06,2.052301E-06
5772,-1.57662E-06,8.838642E-06,-4.084291E-06,9.863506E-06
5773,1.379428E-06,-1.403246E-06,-1.06987E-06,2.239764E-06
5774,-1.246363E-06,-5.98175E-07,1.170355E-06,1.811344E-06
5775,1.878434E-06,-4.190747E-06,-1.190892E-06,4.744376E-06
5776,1.883228E-06,-4.15169E-06,-1.175546E-06,4.70797E-06
5777,-2.151461E-06,-6.185225E-06,-5.248295E-07,6.569721E-06
5778,1.373237E-06,-1.397712E-06,-1.070815E-06,2.23294E-06
5779,4.727248E-07,-4.924006E-06,1.910084E-07,4.950332E-06
5780,-7.001933E-08,-2.039913E-06,2.054456E-07,2.051428E-06
5781,2.94913E-07,-5.286293E-06,-3.016668E-07,5.3031E-06
5782,-3.451115E-05,5.213484E-06,-7.452833E-05,8.229624E-05
5783,1.65094E-05,3.799879E-05,2.928775E-05,5.073697E-05
5784,-3.88573E-05,3.433411E-05,-1.54793E-05,5.411404E-05
5785,3.571087E-05,-0.0001092633,-0.0004341477,0.000449108
5786,-0.0002948054,0.0005155172,0.001658923,0.001762014
5787,6.884132E-05,4.79649E-05,0.0007598789,0.000764497
5788,-1.899171E-05,4.407506E-05,8.950607E-06,4.882018E-05
5789,1.471637E-06,8.189252E-07,-2.405044E-06,2.936084E-06
5790,-1.596145E-06,-5.633323E-07,-7.147604E-07,1.837363E-06
5791,1.687725E-08,-2.317607E-07,1.018077E-06,1.04426E-06
5792,-2.430739E-06,-1.239407E-07,-9.8517E-07,2.625721E-06
5793,-1.032282E-07,-4.472092E-06,-5.908133E-07,4.512131E-06
5794,-1.635692E-06,-2.569781E-07,-2.406628E-07,1.673154E-06
5795,-7.001547E-07,-4.15295E-06,-7.391016E-07,4.275919E-06
5796,-2.709331E-05,5.362255E-07,3.521575E-05,4.443517E-05
5797,1.685333E-06,-1.134451E-06,-6.279988E-06,6.600422E-06
5798,1.691198E-06,-3.558414E-07,-6.281706E-06,6.515106E-06
5799,-1.586371E-05,-1.218227E-07,4.146383E-05,4.439506E-05
5800,-2.708837E-05,1.576015E-07,3.521418E-05,4.442795E-05
5801,-1.587883E-05,-1.163299E-07,4.147534E-05,4.44112E-05
5802,-0.0077244,0.01387132,-0.006963301,0.01733688
5803,-0.003542718,0.001282775,0.00639837,0.007425328
5804,0.001360596,0.001736012,-0.0001603376,0.002211486
5805,-3.089353E-06,-8.828468E-06,-2.32657E-06,9.638406E-06
5806,-5.510095E-07,-1.24957E-05,2.226634E-06,1.270449E-05
5807,-4.474861E-06,-8.679885E-06,-8.439036E-07,9.801886E-06
5808,1.251162E-06,-5.02985E-06,-8.533138E-07,5.252899E-06
5809,-1.465398E-07,-1.968722E-06,-6.596406E-07,2.081458E-06
5810,4.18071E-07,6.019931E-07,1.299155E-06,1.491638E-06
5811,1.18394E-06,-7.75977E-06,7.43697E-07,7.884721E-06
5812,1.221495E-06,-8.298857E-07,-6.290576E-07,1.60514E-06
5813,1.20445E-06,-8.226605E-07,-6.347361E-07,1.59071E-06
5814,-1.769584E-06,9.405238E-06,3.337342E-06,1.013547E-05
5815,-1.759508E-06,2.365369E-06,5.87866E-07,3.006064E-06
5816,-1.510175E-06,-3.526782E-07,1.341853E-06,2.050751E-06
5817,-0.0003555188,0.006917532,-0.0003089187,0.006933547
5818,0.0005055193,-0.0007095911,-1.647186E-05,0.0008714015
5819,6.257215E-06,1.576039E-05,3.129195E-06,1.724339E-05
5820,1.681821E-05,1.35819E-05,2.176752E-05,3.067808E-05
5821,1.687275E-05,1.355481E-05,2.176264E-05,3.069259E-05
5822,6.265367E-06,1.576032E-05,3.13005E-06,1.724644E-05
5823,3.251657E-06,-6.687486E-07,2.107456E-07,3.326396E-06
5824,-2.310922E-06,1.512867E-06,1.183761E-06,3.005065E-06
5825,-2.313038E-06,1.525181E-06,1.182528E-06,3.012423E-06
5826,3.381471E-06,8.688683E-07,-1.205722E-06,3.693649E-06
5827,6.387687E-07,2.466292E-07,-5.293589E-08,6.867705E-07
5828,3.246891E-06,-4.814254E-08,2.102542E-07,3.254047E-06
5829,-1.067082E-06,-5.101401E-07,-8.376835E-07,1.449352E-06
5830,-9.290974E-07,2.723286E-07,-9.08845E-07,1.327925E-06
5831,-1.74603E-06,2.219864E-07,3.688688E-07,1.798322E-06
5832,9.137097E-07,3.395962E-07,3.335234E-06,3.474763E-06
5833,9.164742E-07,-1.039341E-07,3.327475E-06,3.452944E-06
5834,2.222597E-06,1.827939E-07,-1.181186E-06,2.523599E-06
5835,-6.258994E-06,6.123394E-07,-1.837824E-06,6.551913E-06
5836,9.039664E-07,-9.942936E-07,2.361913E-06,2.717427E-06
5837,-3.276501E-06,2.233131E-05,7.288834E-06,2.371813E-05
5838,2.425479E-07,2.097416E-05,5.836966E-06,2.177256E-05
5839,0.00245208,-0.004284485,0.0002585299,0.004943313
5840,0.0003298828,-9.817437E-05,0.0001810151,0.0003888796
5841,-0.0002820159,-0.0005553584,-0.0003248472,0.0007024825
5842,-4.700501E-05,0.0003166458,0.0002846117,0.0004283432
5843,-2.432064E-06,-6.184855E-06,1.521775E-06,6.817857E-06
5844,-2.431306E-06,-6.173525E-06,1.522952E-06,6.807572E-06
5845,-2.038805E-06,-1.368541E-05,1.777081E-06,1.39501E-05
5846,-1.309028E-06,-2.737002E-06,1.029668E-08,3.033948E-06
5847,4.155106E-07,-2.077404E-06,-5.966678E-07,2.20097E-06
5848,8.855843E-08,-6.744243E-06,1.458315E-06,6.900677E-06
5849,5.213785E-07,6.305856E-06,-2.789334E-07,6.333519E-06
5850,-2.274506E-06,-1.178096E-05,3.463893E-07,1.200352E-05
5851,-1.775084E-06,-7.371075E-06,1.142882E-06,7.667454E-06
5852,-6.029045E-07,1.828596E-06,8.234197E-07,2.094105E-06
5853,-6.965672E-07,-4.243513E-06,2.441388E-07,4.307228E-06
5854,-1.668654E-06,-3.464812E-06,-6.818441E-07,3.905668E-06
5855,-0.0002954908,-0.0003941676,0.0004926905,0.0006967258
5856,-0.000659079,-0.002269209,0.0009886208,0.002561458
5857,0.00358971,-0.001419571,0.002245822,0.004465973
5858,-4.225532E-05,-8.379501E-05,-0.0009067013,0.0009115451
5859,0.002742654,-0.0001017457,0.001571575,0.003162649
5860,-0.001085184,-0.002833418,0.000544242,0.003082545
5861,-0.0003566159,0.0005021382,5.691646E-05,0.000618512
5862,-2.033512E-06,2.309566E-05,5.605537E-06,2.385302E-05
5863,2.708837E-05,-3.550925E-07,-1.687594E-06,2.714321E-05
5864,3.077393E-05,1.169661E-06,7.657929E-06,3.1734E-05
5865,1.749337E-05,2.127395E-05,-1.116247E-06,2.756528E-05
5866,-1.136963E-05,-2.998133E-06,1.364441E-08,1.175829E-05
5867,2.408247E-05,3.43188E-05,-3.217222E-06,4.204873E-05
5868,2.406815E-05,3.431616E-05,-3.209022E-06,4.203774E-05
5869,2.946419E-05,1.024898E-05,2.638485E-06,3.130722E-05
5870,-2.01004E-06,2.309972E-05,5.594576E-06,2.385239E-05
5871,-1.137284E-05,-2.99816E-06,8.42063E-09,1.17614E-05
5872,3.120258E-06,-5.34829E-08,2.091297E-06,3.756647E-06
5873,6.944702E-07,-6.349775E-07,1.113376E-06,1.457769E-06
5874,-2.096943E-06,3.527957E-07,-1.09531E-06,2.391932E-06
5875,1.274553E-06,4.070245E-08,1.940002E-06,2.321584E-06
5876,-3.26759E-06,4.283207E-08,5.772491E-07,3.318463E-06
5877,1.734515E-06,-6.506356E-08,-8.909249E-07,1.951031E-06
5878,2.001668E-06,-2.451603E-06,7.618472E-07,3.255372E-06
5879,2.636955E-06,-4.489522E-07,-6.880919E-08,2.675785E-06
5880,-4.626593E-07,2.349474E-07,-1.221688E-06,1.327319E-06
5881,2.992709E-06,-2.535442E-07,2.001963E-06,3.609494E-06
5882,-4.5618E-06,-6.706218E-07,1.113027E-08,4.610844E-06
5883,-1.933231E-06,5.915414E-08,-1.203999E-07,1.937879E-06
5884,2.921018E-06,6.28047E-07,-5.693355E-07,3.041534E-06
5885,-9.326705E-07,4.143006E-07,1.292632E-06,1.646942E-06
5886,0,0,0,0
5887,2.352615E-06,8.262889E-06,7.899805E-06,1.167121E-05
5888,2.348588E-06,8.26163E-06,7.896958E-06,1.166758E-05
5889,2.45937E-06,1.579217E-05,1.897538E-06,1.609477E-05
5890,-2.089301E-05,1.148591E-05,-7.824796E-06,2.509326E-05
5891,-2.088761E-05,1.148013E-05,-7.832515E-06,2.508852E-05
5892,3.08492E-06,1.439975E-05,-2.459513E-06,1.493046E-05
5893,0.001094395,0.002058238,-0.0003238445,0.002353491
5894,0.002129908,-6.933925E-05,0.00202757,0.002941489
5895,2.484479,0.09782936,6.846382,7.283897
5896,1.958453E-06,4.315508E-06,-3.946666E-06,6.167278E-06
5897,1.061685E-07,-1.624719E-05,-3.50998E-06,1.662235E-05
5898,-4.040538E-06,-4.093356E-06,1.062181E-06,5.848909E-06
5899,-1.509616E-06,2.480086E-06,1.453643E-06,3.246975E-06
5900,-4.438156E-07,1.778021E-06,-2.16506E-06,2.836515E-06
5901,-1.383557E-06,2.120309E-06,-4.562915E-08,2.532197E-06
5902,-8.581658E-07,3.206E-06,1.218327E-06,3.535421E-06
5903,-1.929149E-06,-1.005089E-05,-1.727018E-06,1.037905E-05
5904,-1.304385E-06,-4.794869E-06,-4.840066E-07,4.99264E-06
5905,5.515008E-07,-1.088401E-05,-5.243954E-06,1.2094E-05
5906,1.029808E-06,-6.863771E-07,-1.103918E-06,1.658389E-06
5907,5.527617E-07,-1.087969E-05,-5.248454E-06,1.209212E-05
5908,-3.185775E-06,8.04822E-06,2.280944E-06,8.951297E-06
5909,-0.002314135,0.0002064072,0.001310849,0.002667611
5910,-0.0001805784,5.911951E-05,9.18861E-05,0.0002110609
5911,-0.0002845351,-0.000109809,-0.0004277428,0.00052534
5912,-0.0001598296,0.0005531614,-1.977092E-05,0.0005761284
5913,-0.0001619709,-6.499953E-05,0.0003127438,0.0003581455
5914,3.522406E-05,1.023533E-05,-6.559503E-06,3.72629E-05
5915,2.607129E-05,1.363179E-05,4.016538E-06,2.969293E-05
5916,2.132885E-05,4.768802E-06,-1.812038E-05,2.83903E-05
5917,4.14968E-05,-5.975804E-06,-2.42973E-05,4.845672E-05
5918,2.132608E-05,4.763186E-06,-1.811996E-05,2.838701E-05
5919,-1.254345E-05,1.247368E-06,-1.128671E-05,1.691993E-05
5920,-1.254071E-05,1.246049E-06,-1.129374E-05,1.692249E-05
5921,2.607067E-05,1.362848E-05,4.01641E-06,2.969085E-05
5922,-3.003991E-06,1.399408E-05,-8.978116E-06,1.68957E-05
5923,-7.075475E-07,-6.251105E-07,-5.512843E-07,1.093298E-06
5924,-1.317069E-06,4.910875E-07,2.061831E-07,1.420686E-06
5925,6.288639E-07,-2.850622E-07,6.483675E-07,9.471593E-07
5926,5.674598E-07,5.449822E-07,-3.827216E-07,8.74924E-07
5927,-7.096849E-07,-3.988691E-07,8.766832E-07,1.196379E-06
5928,-1.565336E-06,-6.73293E-07,9.455489E-07,1.948759E-06
5929,-2.007294E-06,1.303641E-07,-5.906973E-07,2.09646E-06
5930,2.440508E-08,5.715639E-08,-1.581291E-07,1.699038E-07
5931,2.470624E-08,-6.302752E-07,-1.57848E-07,6.502102E-07
5932,-2.007467E-06,1.895128E-07,-5.894957E-07,2.100796E-06
5933,3.468449E-06,-2.966244E-07,-1.224699E-06,3.690259E-06
5934,3.465534E-06,-2.639489E-07,-1.222388E-06,3.684268E-06
5935,-2.72697E-06,-2.389731E-07,-2.44202E-05,2.457315E-05
5936,-1.829431E-05,-2.116082E-07,-1.503322E-05,2.367962E-05
5937,-1.505782E-05,1.309906E-07,9.72098E-06,1.792352E-05
5938,-1.502092E-05,1.954427E-07,9.747127E-06,1.790733E-05
5939,-1.830044E-05,-2.175242E-07,-1.504371E-05,2.369107E-05
5940,2.670741E-06,1.966014E-05,1.185699E-05,2.311368E-05
5941,-8.155882E-06,2.258733E-05,-7.900456E-06,2.528088E-05
5942,-2.463393E-05,1.044523E-06,1.36209E-05,2.816826E-05
5943,-1.914631E-06,4.112847E-06,-1.712069E-07,4.539894E-06
5944,-4.128196E-06,-3.93642E-07,4.802856E-07,4.174641E-06
5945,-2.509148E-05,2.306656E-06,1.045581E-05,2.728052E-05
5946,-8.135111E-06,2.257881E-05,-7.905869E-06,2.526827E-05
5947,5.54847E-07,2.830485E-06,-4.316828E-06,5.191773E-06
5948,-4.917773E-06,2.460117E-05,6.686941E-06,2.596377E-05
5949,0.0717089,0.3909809,0.2540091,0.4717297
5950,-9.41222E-05,-9.969242E-05,-0.0001097349,0.0001756113
5951,2.222373E-05,1.088377E-05,3.207905E-05,4.05144E-05
5952,1.421781E-05,-0.0002305225,0.0001802663,0.0002929824
5953,9.842316E-05,7.355288E-05,-0.0001260264,0.0001760108
5954,-2.452804E-05,3.384365E-05,2.599683E-05,4.922248E-05
5955,0.0002379973,-0.000187275,-0.0005064522,0.0005900919
5956,0.002609641,-0.001167682,0.002245419,0.003635329
5957,8.380497E-05,8.370445E-05,0.0001650387,0.000203144
5958,1.891316E-05,0.0001509447,6.466013E-06,0.0001522623
5959,3.738267E-05,0.0003443763,0.0002095252,0.0004048374
5960,0.0002403251,-0.0001174754,-3.402603E-05,0.000269656
5961,-1.514812E-06,-1.791187E-06,-3.707127E-06,4.387003E-06
5962,-3.362823E-06,7.113636E-07,-1.968951E-07,3.442875E-06
5963,-2.569415E-06,-5.389997E-06,-4.611093E-06,7.544279E-06
5964,-6.470539E-07,-5.329788E-06,-2.168696E-06,5.790385E-06
5965,4.247579E-06,-7.736082E-06,-2.193915E-06,9.094072E-06
5966,-3.005501E-06,-3.275438E-06,-2.322043E-06,5.015318E-06
5967,2.767687E-06,-6.135101E-06,2.361927E-07,6.734637E-06
5968,-1.517507E-06,-1.772838E-06,-3.708592E-06,4.381716E-06
5969,2.766717E-06,-6.129286E-06,2.306788E-07,6.728751E-06
5970,-3.601116E-06,8.778962E-07,2.591157E-06,4.522481E-06
5971,4.252263E-06,-7.746676E-06,-2.176736E-06,9.101149E-06
5972,-1.282957E-06,-6.832267E-07,-4.102775E-06,4.352647E-06
5973,-2.234818E-07,-7.439421E-06,-3.68249E-06,8.303954E-06
5974,2.398143E-07,-4.298155E-06,-6.865456E-06,8.103464E-06
5975,6.196825E-07,-2.463339E-06,1.472065E-06,2.935817E-06
5976,-0.000457034,0.0003320159,0.001938974,0.002019588
5977,-6.85521E-06,-5.09699E-05,3.247161E-05,6.082212E-05
5978,-0.0001309686,-1.038413E-05,-0.0001534391,0.0002020005
5979,-0.0001131804,0.0002597129,5.663115E-06,0.0002833596
5980,0.0005329332,0.001043904,0.0004192036,0.001244784
5981,0.0002079573,0.000411832,0.0001919734,0.0004997055
5982,5.534192E-05,0.0001326281,-0.0002816538,0.000316199
5983,-3.982897E-06,-2.742367E-06,-4.593929E-06,6.66995E-06
5984,1.914732E-05,-6.69961E-07,-4.630021E-06,1.971055E-05
5985,-6.910589E-06,3.636584E-06,-1.872765E-06,8.030457E-06
5986,-3.982232E-06,-2.740666E-06,-4.593751E-06,6.668731E-06
5987,1.914764E-05,-6.679073E-07,-4.629921E-06,1.971077E-05
5988,2.298618E-05,-5.827703E-07,-4.011412E-06,2.334086E-05
5989,-6.911021E-06,3.635E-06,-1.873121E-06,8.030194E-06
5990,2.298614E-05,-5.827606E-07,-4.005562E-06,2.333981E-05
5991,-9.69108E-07,-3.840683E-07,8.702143E-09,1.042475E-06
5992,4.920907E-07,-1.801203E-06,1.113663E-06,2.174104E-06
5993,7.103467E-07,-7.329597E-07,-9.675933E-07,1.406435E-06
5994,1.317281,1.080263,-0.001840862,1.703585
5995,-1.835065E-06,7.112963E-08,3.440541E-07,1.868394E-06
5996,4.875939E-07,-1.801581E-06,1.117455E-06,2.17535E-06
5997,8.834593E-07,-2.281747E-07,-1.548638E-06,1.797455E-06
5998,-1.371386E-06,-1.452039E-07,2.905254E-07,1.409322E-06
5999,-1.677628E-06,-2.416792E-07,-3.227796E-07,1.725407E-06
6000,-8.971271E-07,-8.901429E-07,4.287365E-07,1.334544E-06
6001,-8.919552E-07,1.528811E-06,4.180068E-07,1.818675E-06
6002,4.89345E-06,9.400789E-07,1.828015E-06,5.307659E-06
6003,-1.690629E-06,-1.42997E-06,-3.188843E-07,2.237125E-06
6004,4.304165E-05,-2.860063E-06,2.62123E-05,5.047621E-05
6005,4.307722E-05,-2.858002E-06,2.615622E-05,5.047735E-05
6006,9.988637E-06,-6.862086E-06,3.057858E-07,1.212248E-05
6007,-4.178075E-06,1.244952E-05,5.729142E-07,1.31444E-05
6008,4.74846E-06,6.438159E-06,-4.521445E-06,9.189191E-06
6009,-4.184547E-06,-2.194021E-06,-2.945767E-06,5.567918E-06
6010,-9.317294E-07,2.411002E-06,5.773539E-07,2.648469E-06
6011,1.605403E-06,-1.684613E-06,1.083416E-06,2.566911E-06
6012,-4.167866E-06,1.246247E-05,5.651173E-07,1.315309E-05
6013,7.373086E-08,1.391425E-05,7.888249E-07,1.393679E-05
6014,-2.322104E-06,-1.938951E-06,1.505535E-07,3.028921E-06
6015,-2.113742E-06,2.192794E-06,-5.757947E-07,3.099644E-06
6016,6.08447E-07,2.830624E-05,7.618298E-06,2.931982E-05
6017,-1.954915E-06,2.841341E-05,6.092666E-06,2.912497E-05
6018,0.0001636362,0.001046492,0.002062985,0.002319015
6019,0.02008184,0.005075616,-0.004702604,0.02124045
6020,-0.0001961514,0.000130815,8.659415E-05,0.0002511702
6021,0.001101162,-4.750477E-05,8.098906E-05,0.001105158
6022,0.0001252517,-7.463388E-05,2.243659E-05,0.0001475181
6023,0.0005112083,0.001187035,0.001075136,0.001681162
6024,-0.0001302046,-0.0008005807,-0.003366704,0.003463031
6025,4.88002E-06,6.29778E-05,-3.069827E-05,7.023106E-05
6026,0.0008258658,0.0004008577,6.684923E-05,0.0009204401
6027,-3.812074E-07,-6.394017E-06,-1.278559E-05,1.430035E-05
6028,8.090016E-08,-1.743393E-06,-1.286152E-05,1.297939E-05
6029,2.348923E-07,-1.071237E-05,-1.271529E-05,1.662795E-05
6030,-3.18952E-07,-1.975598E-06,-1.197171E-05,1.213782E-05
6031,-1.460789E-06,-5.65923E-06,-1.360111E-05,1.480375E-05
6032,1.999415E-06,2.618676E-06,-1.099492E-05,1.147796E-05
6033,-3.83536E-07,-6.402138E-06,-1.278543E-05,1.430391E-05
6034,-7.902192E-07,-2.319863E-06,-1.189097E-05,1.21409E-05
6035,-1.037976E-06,-1.116907E-05,-1.318377E-05,1.731004E-05
6036,-1.429247E-05,1.946156E-05,-1.902603E-05,3.074112E-05
6037,1.136774E-05,-3.215249E-05,1.300187E-05,3.649735E-05
6038,2.390476E-05,-2.010537E-05,-2.442322E-05,3.965044E-05
6039,-6.373038E-06,4.420516E-05,2.959315E-05,5.357674E-05
6040,8.581188E-07,1.095089E-05,3.009814E-05,3.203992E-05
6041,-1.737456E-05,1.428493E-05,-1.733869E-05,2.840008E-05
6042,2.405214E-05,-2.015104E-05,-2.440956E-05,3.97542E-05
6043,3.903553E-05,2.804032E-06,-2.267333E-05,4.522958E-05
6044,3.311317E-07,8.552408E-05,-2.233363E-05,8.83927E-05
6045,-3.528839E-05,-1.721229E-05,-4.662367E-05,6.095326E-05
6046,-2.870325E-05,-3.664265E-05,-1.65488E-05,4.940064E-05
6047,-4.75167E-11,-2.535073E-06,1.013375E-07,2.537097E-06
6048,-7.473361E-08,-2.481864E-06,-2.511926E-07,2.495663E-06
6049,-1.367039E-07,-2.169591E-06,5.159923E-07,2.234292E-06
6050,3.34137E-07,-2.481703E-06,1.808878E-06,3.089099E-06
6051,-1.104284E-06,-7.45226E-07,-1.281493E-06,1.848521E-06
6052,1.375544E-06,-3.368535E-06,8.839156E-07,3.74439E-06
6053,7.125972E-07,-1.889017E-07,2.12437E-07,7.67208E-07
6054,-2.432578E-06,-1.27835E-06,-1.320419E-06,3.04879E-06
6055,7.081888E-07,-2.027247E-07,2.239923E-07,7.699358E-07
6056,-2.390983E-06,-2.934164E-06,-1.326105E-06,4.010571E-06
6057,1.457009E-06,5.896683E-06,8.44041E-07,6.132385E-06
6058,-9.150989E-05,-1.989315E-05,-1.787553E-05,9.533799E-05
6059,8.368693E-06,-2.463679E-06,1.995898E-05,2.178223E-05
6060,8.326224E-06,-2.311689E-06,1.996998E-05,2.175936E-05
6061,-1.673064E-06,5.437963E-06,-1.293283E-06,5.834653E-06
6062,-1.672798E-06,5.438493E-06,-1.292237E-06,5.834838E-06
6063,3.463133E-06,-1.010068E-06,2.155718E-06,4.202458E-06
6064,-1.741619E-06,1.415205E-06,4.17481E-06,4.739734E-06
6065,-1.742094E-06,1.411633E-06,4.17132E-06,4.735769E-06
6066,2.924819E-06,-1.905283E-07,2.090224E-06,3.599986E-06
6067,-0.02510615,0.138466,-0.2259164,0.2661604
6068,0.003698004,-0.001958682,-0.005667411,0.007044943
6069,0.08804625,0.05417527,-0.1646344,0.1944006
6070,0.00795585,-0.006726095,-0.006457814,0.01225721
6071,-1.412139E-06,-1.817175E-06,7.062408E-08,2.302444E-06
6072,3.173501E-07,-1.571753E-06,-5.576758E-07,1.697681E-06
6073,1.290335E-06,-2.340174E-06,-1.060365E-06,2.875022E-06
6074,-9.816321E-07,-1.648248E-06,6.565044E-07,2.027639E-06
6075,-8.777064E-07,-1.612872E-06,1.085882E-06,2.133276E-06
6076,1.430853E-06,-3.58571E-06,-5.471115E-07,3.899229E-06
6077,-3.867728E-06,-6.846211E-06,-7.090914E-07,7.895108E-06
6078,5.682709E-06,9.190689E-06,1.946668E-07,1.08074E-05
6079,2.70203E-06,-2.804893E-06,-9.878137E-07,4.01798E-06
6080,2.700239E-06,-2.814717E-06,-9.845677E-07,4.022846E-06
6081,5.678492E-06,9.269924E-06,1.927648E-07,1.087262E-05
6082,4.23919E-06,-6.89634E-06,1.214708E-05,1.459732E-05
6083,-9.660789E-06,-1.257033E-05,2.531694E-06,1.60547E-05
6084,8.714931E-06,8.427603E-06,-1.823592E-06,1.225969E-05
6085,8.714105E-06,8.436437E-06,-1.826505E-06,1.226561E-05
6086,-9.670193E-06,-1.257436E-05,2.55029E-06,1.606646E-05
6087,4.252042E-06,-6.899927E-06,1.213536E-05,1.4593E-05
6088,-4.185526E-06,-1.183895E-06,-6.752102E-07,4.401835E-06
6089,-4.189145E-06,-1.183871E-06,-6.687479E-07,4.404283E-06
6090,-5.370617E-06,1.021404E-05,-2.621392E-06,1.183393E-05
6091,-7.973506E-07,2.345101E-06,-1.801208E-06,3.062617E-06
6092,-3.700571E-06,-8.903432E-07,-4.763505E-06,6.09737E-06
6093,-3.974787E-06,2.628513E-06,-1.914846E-07,4.769138E-06
6094,-7.959479E-07,2.340895E-06,-1.799947E-06,3.058288E-06
6095,4.439509E-06,-3.485436E-07,1.00353E-07,4.4543E-06
6096,-0.0572006,0.05225792,0.06131045,0.09880167
6097,-0.004940277,0.001435473,0.0008857491,0.005220294
6098,-0.0004469483,-0.0002176771,-0.001118042,0.001223587
6099,-0.0001880628,-3.345617E-05,0.001849408,0.001859247
6100,0.007201894,0.002284027,0.01543807,0.01718773
6101,-0.0006529848,-0.0009048331,-0.0008558139,0.001406247
6102,0.009483892,3.43392E-05,-0.003102804,0.009978617
6103,0.009015146,-0.00634856,0.00354162,0.01158103
6104,0.000404405,0.0002422351,0.0008571867,0.0009782588
6105,-2.40326E-06,-2.857486E-06,7.688071E-08,3.734541E-06
6106,-1.066324E-06,-3.810258E-06,9.792163E-07,4.076025E-06
6107,3.372446E-07,-3.59516E-06,-4.464349E-07,3.638436E-06
6108,1.329129E-06,-3.574915E-06,2.526406E-07,3.822359E-06
6109,-1.304423E-06,-2.441539E-06,-1.310709E-06,3.062775E-06
6110,-2.606324E-06,-3.580213E-06,5.584812E-07,4.463491E-06
6111,3.132914E-06,-3.274232E-07,-3.448499E-06,4.6706E-06
6112,2.373581E-06,-1.705891E-06,-3.82802E-06,4.816398E-06
6113,3.131878E-06,-3.27361E-07,-3.445535E-06,4.667712E-06
6114,-3.96048E-06,-3.930411E-06,1.968966E-06,5.916956E-06
6115,3.906794E-06,-2.74111E-06,4.911234E-06,6.848134E-06
6116,3.916482E-06,-2.740276E-06,4.906678E-06,6.850068E-06
6117,3.482774E-06,-2.657351E-06,-6.991672E-08,4.381337E-06
6118,-3.372985E-06,-2.684162E-06,-4.93292E-06,6.550989E-06
6119,-3.378927E-06,-2.685489E-06,-4.92555E-06,6.549049E-06
6120,-5.063797E-06,-5.855533E-06,1.709518E-06,7.92791E-06
6121,-1.893685E-06,-1.61472E-05,8.675219E-06,1.842763E-05
6122,-5.066152E-06,-6.413973E-06,7.289294E-07,8.205869E-06
6123,-1.904173E-06,-1.614145E-05,8.660897E-06,1.841693E-05
6124,7.462101E-06,5.688828E-07,6.929534E-07,7.515767E-06
6125,7.462123E-06,6.953057E-07,6.901024E-07,7.526153E-06
6126,3.989485E-07,-5.152987E-06,1.727243E-07,5.171293E-06
6127,2.680579E-06,-2.601209E-06,1.687761E-06,4.098821E-06
6128,-1.043238E-06,6.847808E-06,2.353547E-06,7.315737E-06
6129,-1.229511E-06,-7.498581E-07,4.251237E-06,4.488541E-06
6130,9.236576E-07,-5.179325E-06,2.667225E-06,5.898529E-06
6131,3.628886E-06,3.506518E-06,1.002239E-06,5.1448E-06
6132,-1.22234E-06,-7.576816E-07,4.249635E-06,4.486379E-06
6133,-4.213605E-06,-1.218548E-06,1.615319E-06,4.674246E-06
6134,-4.215031E-06,-1.216994E-06,1.614566E-06,4.674868E-06
6135,-0.0003127488,0.0004509485,-0.0004078649,0.0006837545
6136,0.001613534,0.0003517208,0.002285446,0.002819657
6137,-0.0002269427,-0.0002159821,0.0001414328,0.0003437361
6138,-0.00118215,-0.01430964,-0.01217996,0.01882856
6139,-2.686905E-09,1.141935E-08,3.358631E-09,1.220251E-08
6140,2.686905E-09,-1.141935E-08,-3.358631E-09,1.220251E-08
6141,-0.09057402,-0.09350665,0.02209907,0.1320436
6142,-0.005092501,-0.004829085,-0.004435125,0.008302046
6143,0.001252719,0.0003077888,5.90929E-05,0.001291329
6144,0.0006495311,-0.0003607867,5.06129E-05,0.0007447278
6145,0.0008363531,0.001582958,0.0001005315,0.00179314
6146,-0.0004227623,-0.0003975439,0.00149364,0.001602413
6147,-1.543962E-07,-2.633726E-06,5.248289E-07,2.689943E-06
6148,1.248325E-06,-1.636828E-06,2.056977E-07,2.068776E-06
6149,-1.98662E-06,-3.338151E-06,2.940321E-07,3.895685E-06
6150,-1.077553E-06,-4.170644E-06,1.063625E-06,4.436969E-06
6151,-5.634925E-07,-3.229157E-06,8.402949E-07,3.383944E-06
6152,2.804145E-07,-3.596532E-06,9.600651E-07,3.733015E-06
6153,-3.211419E-06,-3.136767E-06,-4.931671E-07,4.516164E-06
6154,3.862659E-06,2.134439E-05,3.093121E-07,2.169329E-05
6155,3.089049E-06,-5.779727E-06,6.135484E-06,8.977284E-06
6156,-9.357513E-06,-3.460709E-06,-2.002837E-06,1.0176E-05
6157,-9.285053E-06,-3.511585E-06,-2.012364E-06,1.012882E-05
6158,-2.156466E-07,-1.278346E-05,-2.69796E-06,1.306684E-05
6159,-3.433688E-06,3.11795E-05,-2.355343E-06,3.14563E-05
6160,3.125592E-06,-2.36499E-06,-3.466377E-06,5.232425E-06
6161,3.139754E-06,-2.643041E-06,-3.458388E-06,5.366952E-06
6162,-3.288085E-06,-5.007259E-06,-1.314914E-07,5.99178E-06
6163,-6.254908E-06,-2.003417E-06,-1.289085E-06,6.693228E-06
6164,-6.623754E-06,-2.499506E-06,-2.814126E-06,7.618461E-06
6165,3.888608E-06,7.192814E-06,6.364879E-06,1.036193E-05
6166,8.473524E-07,6.278568E-06,-2.651677E-07,6.341036E-06
6167,8.469518E-07,6.263968E-06,-2.665339E-07,6.326584E-06
6168,-7.798437E-08,-1.099183E-07,-4.624819E-06,4.626782E-06
6169,1.051161E-06,-3.687198E-06,-7.133207E-06,8.098334E-06
6170,-2.514878E-06,-1.423636E-06,-7.495741E-06,8.033522E-06
6171,-9.915177E-07,-3.093284E-06,-5.469055E-06,6.360981E-06
6172,-1.118711E-06,-1.279393E-06,-7.986749E-06,8.165569E-06
6173,1.626572E-08,-1.297338E-06,-1.203094E-05,1.21007E-05
6174,4.199993E-07,4.116978E-06,-1.977737E-07,4.143069E-06
6175,-4.572843E-07,-6.733703E-07,1.030252E-06,1.312995E-06
6176,-1.121359E-06,-1.275967E-06,-7.986735E-06,8.165382E-06
6177,-7.349351E-07,-1.794184E-06,-1.540265E-06,2.476215E-06
6178,-2.977201E-06,-4.211706E-07,-4.207237E-06,5.171262E-06
6179,4.154139E-07,-2.908741E-06,5.66361E-06,6.380425E-06
6180,0.00109272,0.0005767848,-0.00095936,0.001564318
6181,-0.001429064,-4.385393E-06,0.001262145,0.001906634
6182,0.004498497,0.0005651494,0.002834733,0.00534711
6183,-9.686691E-06,-2.385113E-06,-4.107887E-06,1.078867E-05
6184,2.921032E-05,5.205446E-06,2.082807E-05,3.625118E-05
6185,2.922779E-05,5.235643E-06,2.087641E-05,3.629739E-05
6186,-4.889904E-06,2.113544E-06,1.596116E-07,5.329513E-06
6187,2.175389E-05,-1.168385E-06,-7.578313E-06,2.306572E-05
6188,-4.885046E-06,2.116703E-06,-1.521519E-07,5.326091E-06
6189,2.178281E-05,-1.103195E-06,-8.111167E-06,2.327012E-05
6190,-9.688464E-06,-2.383989E-06,-4.106502E-06,1.078949E-05
6191,0.07194013,0.1131195,-0.01686869,0.1351146
6192,0.001169311,0.002016367,-0.000550426,0.002394993
6193,-8.640644E-05,-0.0005191594,3.054728E-05,0.0005271866
6194,0.0008999077,0.000321089,-0.0004842369,0.001071176
6195,-1.161245E-06,-3.115664E-06,-6.117928E-07,3.38085E-06
6196,-1.247099E-07,-2.87827E-06,-1.007847E-06,3.052171E-06
6197,-3.160504E-06,-2.130423E-06,3.345986E-07,3.826152E-06
6198,-1.985869E-06,-2.506723E-06,4.24238E-07,3.226037E-06
6199,3.085572E-07,-3.083267E-06,-9.18422E-08,3.100029E-06
6200,1.220635E-06,-3.474951E-06,-5.260417E-07,3.720478E-06
6201,-8.933703E-06,-1.26017E-05,6.015107E-07,1.545884E-05
6202,3.433922E-06,5.826784E-05,7.343058E-06,5.882902E-05
6203,-7.50489E-06,-1.274809E-05,1.538969E-07,1.479395E-05
6204,1.714006E-06,-1.593056E-05,4.00594E-06,1.651569E-05
6205,-7.403807E-06,-1.041648E-05,-3.154339E-06,1.316318E-05
6206,-7.40979E-06,-1.041782E-05,-3.149558E-06,1.316646E-05
6207,-1.766127E-06,-4.489445E-06,-1.685247E-05,1.75294E-05
6208,-1.899279E-06,-4.485225E-06,-1.678756E-05,1.74799E-05
6209,-1.265135E-05,-3.773979E-06,-1.19523E-05,1.78089E-05
6210,-7.249084E-06,-2.454398E-06,-3.685096E-07,7.662185E-06
6211,-1.719927E-05,-2.693965E-06,-3.977719E-06,1.785762E-05
6212,-4.54776E-07,-1.872602E-06,-7.687295E-06,7.925148E-06
6213,3.866882E-08,-2.167204E-06,-8.813992E-06,9.076603E-06
6214,-5.717597E-07,1.113459E-06,-1.088568E-05,1.095741E-05
6215,8.436347E-07,-1.979625E-07,-8.321805E-06,8.3668E-06
6216,7.66919E-08,-2.061297E-06,-9.367694E-06,9.592107E-06
6217,-8.46662E-07,7.807641E-07,-1.123596E-05,1.129484E-05
6218,-7.798539E-06,2.590574E-05,-2.33981E-05,3.576864E-05
6219,-1.426146E-05,2.272517E-05,1.645001E-06,2.687989E-05
6220,-3.388906E-05,6.498361E-05,-6.022348E-05,9.485888E-05
6221,6.472864E-05,1.042417E-05,0.0001869403,0.0001981038
6222,0.0001288342,2.461829E-05,-0.0001280192,0.0001832846
6223,2.044864E-05,6.227017E-06,0.0001565616,0.0001580141
6224,0.000103478,-0.0002823729,0.0006591828,0.0007245441
6225,6.962263E-05,-2.488008E-05,-4.343843E-05,8.575096E-05
6226,5.235353E-05,6.858978E-05,-2.286051E-05,8.926395E-05
6227,-8.930786E-06,2.345262E-05,2.553276E-05,3.580092E-05
6228,6.969846E-06,3.568074E-05,1.718175E-05,4.021078E-05
6229,0,0,0,0
6230,0.001612172,0.001039334,-0.001937647,0.002726498
6231,0.001788658,-5.441142E-05,-0.0003458652,0.001822602
6232,-0.0005799675,0.0005401133,-0.0003866607,0.0008818113
6233,-0.000672964,0.08616542,-0.06612635,0.1086169
6234,-0.001285857,0.003653854,-0.01076299,0.01143879
6235,-3.880627E-07,-3.117264E-06,1.291883E-06,3.3966E-06
6236,6.526527E-07,-2.235938E-06,1.208796E-07,2.332378E-06
6237,-3.412486E-06,-3.541719E-06,-5.583269E-08,4.918531E-06
6238,-1.652439E-06,-4.466414E-06,-3.232635E-08,4.7624E-06
6239,-2.73316E-06,-1.784052E-06,6.754473E-07,3.333052E-06
6240,1.140634E-06,-2.768068E-06,2.463622E-07,3.003988E-06
6241,-6.293146E-06,-8.645933E-06,-7.34754E-06,1.297467E-05
6242,9.430164E-08,1.441903E-05,-4.26681E-06,1.503739E-05
6243,-1.137026E-06,-1.364429E-05,-2.771091E-07,1.369439E-05
6244,-2.028406E-06,-1.261898E-05,3.659752E-06,1.329461E-05
6245,-9.2736E-07,-1.286818E-05,-3.583234E-07,1.290653E-05
6246,2.655623E-06,-1.660032E-05,1.935913E-06,1.692249E-05
6247,1.017569E-05,0.0001421989,1.242929E-05,0.0001431033
6248,1.022052E-06,-2.38485E-05,-2.12326E-05,3.194713E-05
6249,8.706949E-06,-2.063901E-05,-2.064009E-07,2.240139E-05
6250,-1.774323E-05,-4.707526E-06,-7.09614E-06,1.968091E-05
6251,-8.968244E-06,-2.105697E-05,4.49285E-06,2.332405E-05
6252,-2.000188E-05,-5.25723E-06,-3.014844E-06,2.089983E-05
6253,-3.269376E-06,3.312622E-05,4.021053E-07,3.328959E-05
6254,-6.11259E-06,1.363683E-05,9.691076E-06,1.781134E-05
6255,-2.150997E-06,-1.361433E-05,-4.68297E-06,1.455702E-05
6256,-8.13233E-06,2.26442E-05,5.588996E-06,2.470084E-05
6257,-9.815562E-06,2.872446E-05,-3.314534E-06,3.053565E-05
6258,-9.811388E-06,2.872245E-05,-3.309618E-06,3.053188E-05
6259,-2.052072E-05,2.012291E-05,1.699544E-05,3.338977E-05
6260,-0.1178487,-0.02938205,0.04958963,0.1311897
6261,0.0001989818,-0.0001387681,0.00025486,0.0003518579
6262,0.01693577,0.006962874,0.01221928,0.02201392
6263,1.048274E-05,-3.709195E-06,4.44883E-05,4.585689E-05
6264,1.442019E-05,2.417997E-05,-1.489977E-05,3.185304E-05
6265,0.0002283539,-0.0006299377,-0.0003056824,0.000736484
6266,-5.164152E-07,-1.868256E-06,7.478563E-08,1.939757E-06
6267,-6.280695E-07,-4.085522E-06,9.974033E-08,4.13472E-06
6268,-5.023991E-07,-3.181316E-06,4.384485E-07,3.250449E-06
6269,7.199698E-07,-3.027291E-06,4.567955E-07,3.145077E-06
6270,-2.737989E-06,-2.492733E-06,-1.867458E-06,4.147011E-06
6271,2.240247E-07,-2.751032E-06,-6.73975E-07,2.841233E-06
6272,-5.074663E-06,-3.952506E-06,8.459535E-07,6.487692E-06
6273,8.6811E-07,4.223484E-06,1.619594E-06,4.605922E-06
6274,2.385124E-06,4.800169E-06,-8.17594E-06,9.77632E-06
6275,2.150215E-06,1.099381E-05,-8.683096E-06,1.417333E-05
6276,3.220502E-07,2.630607E-05,5.8017E-06,2.694017E-05
6277,-1.840585E-05,-3.168682E-05,1.124883E-06,3.666191E-05
6278,-8.123543E-06,-2.110851E-05,-5.076057E-06,2.318032E-05
6279,-1.308586E-05,-9.890602E-06,9.792938E-07,1.643237E-05
6280,-5.775566E-06,-2.413356E-05,-3.917082E-06,2.512229E-05
6281,-5.786915E-06,-2.413482E-05,-3.92208E-06,2.512689E-05
6282,-1.530554E-05,2.302325E-05,-3.706286E-06,2.789383E-05
6283,-1.326923E-05,-6.158706E-05,2.473875E-05,6.768341E-05
6284,-1.880573E-05,-6.104616E-05,-1.639729E-05,6.594816E-05
6285,-1.223412E-05,3.302195E-05,-2.224579E-05,4.165331E-05
6286,1.22191E-05,-2.651255E-06,1.35898E-06,1.257706E-05
6287,-1.917096E-05,1.009716E-05,1.21519E-05,2.484244E-05
6288,-7.263465E-06,9.132525E-06,1.036487E-05,1.560742E-05
6289,-7.113974E-06,-1.084154E-05,2.586176E-06,1.322255E-05
6290,-7.110139E-06,-1.084161E-05,2.587088E-06,1.322073E-05
6291,-1.916476E-05,1.009472E-05,1.21448E-05,2.48332E-05
6292,-9.949194E-06,2.023215E-05,1.153343E-05,2.532482E-05
6293,1.22198E-05,-2.649701E-06,1.362498E-06,1.257779E-05
6294,2.895268E-06,-3.93616E-05,1.832362E-05,4.351406E-05
6295,2.972429E-06,-3.931261E-05,1.826696E-05,4.34511E-05
6296,-7.714663E-06,1.050891E-05,3.436682E-06,1.348199E-05
6297,0.0005240213,-0.00274923,-0.002216979,0.003570414
6298,0.009206481,-0.004987794,0.006097735,0.01211692
6299,-0.0002596624,0.000670606,0.00139466,0.001569145
6300,-0.008614131,-0.0159543,0.00964033,0.02053482
6301,0.05202495,0.06441414,-0.1694251,0.1885753
6302,-0.008864103,0.007766396,0.0008275472,0.01181415
6303,0.01170225,-0.01602199,0.0001223622,0.01984091
6304,-3.004135E-06,-4.239685E-06,-9.745632E-07,5.286731E-06
6305,-2.683979E-07,-3.92159E-06,3.480426E-07,3.946142E-06
6306,-2.425402E-06,-3.806489E-06,-4.328473E-07,4.534235E-06
6307,1.135098E-06,-4.129306E-06,-4.276972E-07,4.303782E-06
6308,9.035076E-07,-3.96589E-06,-3.773232E-07,4.08497E-06
6309,1.582423E-06,-1.409353E-05,1.436317E-06,1.425463E-05
6310,3.716079E-06,-1.030283E-05,-3.312821E-06,1.144256E-05
6311,-4.039233E-06,-2.106769E-05,1.511094E-07,2.145195E-05
6312,-7.424458E-06,-2.080375E-05,-3.438388E-06,2.235489E-05
6313,-6.477246E-06,-2.538304E-05,-6.706768E-06,2.704134E-05
6314,-1.033721E-05,1.000807E-05,7.488888E-06,1.622044E-05
6315,-1.749693E-05,-0.0002046173,5.878244E-05,0.0002136112
6316,1.613302E-05,-5.769903E-05,-3.51586E-06,6.001511E-05
6317,1.255846E-05,6.319062E-05,-7.996063E-05,0.0001026863
6318,-1.028145E-05,9.883932E-06,7.461102E-06,1.60956E-05
6319,-4.564639E-06,1.89516E-06,4.865955E-06,6.935782E-06
6320,-3.655647E-06,-4.851423E-06,-3.213689E-06,6.872253E-06
6321,4.340136E-06,3.470975E-06,-2.349829E-06,6.033751E-06
6322,9.749135E-06,8.121308E-07,-1.33949E-06,9.874179E-06
6323,-4.569087E-06,1.894228E-06,4.862774E-06,6.936226E-06
6324,4.338096E-06,3.474591E-06,-2.353228E-06,6.035689E-06
6325,9.751131E-06,8.16411E-07,-1.342129E-06,9.876861E-06
6326,-4.240422E-06,4.016209E-06,7.466933E-06,9.479779E-06
6327,-4.238992E-06,4.012732E-06,7.457295E-06,9.470074E-06
6328,5.562093E-07,-1.652919E-06,3.647789E-06,4.043251E-06
6329,1.926195E-06,4.241964E-06,-1.291893E-05,1.373329E-05
6330,-4.927577E-05,4.055487E-05,3.067372E-05,7.080732E-05
6331,-1.366217E-05,1.04312E-05,-1.882855E-05,2.549469E-05
6332,-3.682602E-06,1.405812E-06,-5.803074E-07,3.984297E-06
6333,-3.664597E-06,1.380889E-06,-4.120494E-07,3.937754E-06
6334,-9.455057E-06,4.643477E-06,-1.599882E-05,1.915521E-05
6335,-1.289773E-05,1.016096E-05,1.782826E-05,2.423723E-05
6336,-1.108673E-05,1.092037E-05,4.472667E-06,1.619182E-05
6337,-8.055521E-06,-3.060141E-06,-3.561754E-06,9.324268E-06
6338,0.0009727405,-0.0005467387,0.0009547565,0.001468573
6339,0.0001402442,-0.0001335153,-3.081137E-06,0.0001936602
6340,0.001167202,0.002098686,-0.00132222,0.00274137
6341,1.707057E-06,3.132211E-07,6.271669E-08,1.736687E-06
6342,1.792653E-05,-2.41361E-06,1.739619E-07,1.808912E-05
6343,1.792633E-05,-2.416617E-06,2.276527E-07,1.808992E-05
6344,1.707043E-06,3.085651E-07,7.834235E-08,1.736475E-06
6345,1.792668E-05,-2.404399E-06,2.756591E-07,1.80893E-05
6346,-0.01224282,0.0128618,0.0004588937,0.01776297
6347,0.03564806,-0.005598023,0.03461079,0.05000029
6348,-9.134433E-07,-5.014884E-06,2.517237E-06,5.685061E-06
6349,-3.335109E-07,-6.65161E-06,-4.942046E-06,8.293308E-06
6350,-1.230002E-06,-4.601496E-06,8.31772E-07,4.835133E-06
6351,-9.308126E-07,-4.448305E-06,-3.526068E-07,4.558307E-06
6352,1.085233E-07,-3.903104E-06,2.029848E-06,4.400713E-06
6353,1.227322E-06,-5.079365E-06,-2.771503E-06,5.915023E-06
6354,1.210731E-06,-8.282506E-06,-6.508547E-06,1.060316E-05
6355,3.021571E-06,-4.589004E-06,-1.865324E-07,5.497603E-06
6356,-4.889186E-07,1.589149E-05,-2.264773E-05,2.767125E-05
6357,-3.847193E-07,1.594514E-05,-2.266622E-05,2.771558E-05
6358,-1.754202E-05,-2.123232E-05,-1.147201E-05,2.983523E-05
6359,3.108142E-05,-0.0001530754,2.092915E-05,0.0001575949
6360,-2.677415E-05,-2.210534E-05,-1.366396E-05,3.731226E-05
6361,3.595373E-06,9.568314E-06,-2.737955E-05,2.922532E-05
6362,-3.649139E-05,-2.949846E-05,-8.959792E-06,4.77709E-05
6363,9.431391E-05,-1.983711E-05,-0.0001369972,0.0001675018
6364,-0.0001466451,-1.154289E-05,7.1061E-06,0.0001472703
6365,-9.39326E-06,1.030241E-06,2.874079E-07,9.453959E-06
6366,1.446984E-06,7.473825E-06,6.698287E-06,1.013996E-05
6367,-1.972893E-06,4.715845E-06,-2.052762E-08,5.111939E-06
6368,-9.93571E-06,-3.5143E-07,4.363023E-06,1.085715E-05
6369,-2.478171E-06,-1.769103E-06,-6.130063E-06,6.844613E-06
6370,-7.363219E-07,-5.559099E-06,-5.603451E-06,7.927447E-06
6371,4.567081E-07,-6.882449E-07,-1.419269E-06,1.642129E-06
6372,4.574935E-07,-6.891281E-07,-1.414009E-06,1.638175E-06
6373,-7.12353E-07,1.077874E-06,-1.138574E-05,1.145881E-05
6374,-1.566521E-06,1.522028E-06,-7.955724E-06,8.250097E-06
6375,1.004007E-06,3.313028E-08,-1.996252E-06,2.234759E-06
6376,-9.31439E-07,-4.604404E-07,-7.442006E-06,7.514189E-06
6377,-7.783564E-07,-1.024463E-06,-1.329194E-05,1.335407E-05
6378,-6.110129E-07,-8.49386E-07,-9.653206E-08,1.050767E-06
6379,-6.90714E-07,1.547656E-07,-6.786462E-06,6.823276E-06
6380,2.317501E-07,6.296551E-07,-1.525958E-06,1.66695E-06
6381,2.064194E-05,-1.068345E-05,-2.3502E-05,3.305404E-05
6382,1.804074E-05,-2.472842E-05,-2.105968E-05,3.715472E-05
6383,-3.077471E-05,4.703444E-05,0.0003726567,0.0003768718
6384,0.0001119299,-1.184908E-05,8.133535E-05,0.0001388673
6385,0.0001539332,-2.134214E-05,-4.89032E-05,0.0001629185
6386,-5.264258E-05,-0.0002644256,-1.280717E-05,0.0002699188
6387,0.0001638506,-1.340238E-05,-0.0002100267,0.0002667168
6388,1.999234,-0.7260396,1.600505,2.661895
6389,0.002446984,0.00140276,0.0002454814,0.002831206
6390,7.390125E-07,-5.354575E-06,-3.961721E-07,5.419831E-06
6391,-2.020183E-05,-4.74454E-06,3.980409E-06,2.11298E-05
6392,-1.094273E-05,-4.242635E-06,9.19019E-06,1.490647E-05
6393,1.508569E-06,-4.725925E-06,1.348517E-06,5.14088E-06
6394,3.306684E-06,-3.783339E-06,5.975093E-07,5.060121E-06
6395,1.318684E-05,-3.245474E-05,-1.088703E-05,3.66842E-05
6396,5.481445E-06,-4.002519E-05,3.222545E-05,5.167728E-05
6397,-5.17532E-06,-3.911895E-05,-5.90469E-06,3.989915E-05
6398,-1.004681E-05,-1.68689E-05,-9.061647E-07,1.965501E-05
6399,-1.113342E-05,1.21057E-05,1.003814E-05,1.926825E-05
6400,-4.301393E-06,-1.840962E-05,6.858E-06,2.01109E-05
6401,0.0007847117,0.002608704,0.0004453727,0.002760338
6402,0.0001684777,-0.0007041876,0.0003903804,0.0008225944
6403,-4.718649E-06,-3.397079E-06,5.773138E-06,8.19359E-06
6404,-2.904874E-06,9.819145E-07,-1.219399E-07,3.068765E-06
6405,-4.291683E-08,1.204329E-06,1.090333E-07,1.210016E-06
6406,-2.334166E-06,9.544585E-07,-5.225053E-07,2.575332E-06
6407,-2.903967E-06,9.805109E-07,-1.183616E-07,3.067318E-06
6408,1.653942E-06,3.558311E-06,-3.93918E-07,3.943637E-06
6409,0.002361807,-0.00811612,0.004318249,0.009491934
6410,-2.921362E-05,1.081164E-05,1.388084E-05,3.410285E-05
6411,-2.923251E-05,1.082811E-05,1.385287E-05,3.411289E-05
6412,-4.743513E-05,-3.015157E-05,3.487043E-05,6.614496E-05
6413,-6.809082E-05,-6.296085E-06,-9.699452E-05,0.0001186758
6414,0.002528669,-0.005380174,-0.002667427,0.006515797
6415,-0.0007620461,0.005426978,0.004010109,0.006790713
6416,0.05695556,-0.005589367,0.01958249,0.06048678
6417,-1.480208E-06,-4.946562E-06,-1.955462E-06,5.52117E-06
6418,4.138543E-06,-4.761047E-06,6.023119E-06,8.721987E-06
6419,2.221761E-06,-4.720021E-06,3.478299E-06,6.270039E-06
6420,4.955147E-06,-8.23876E-06,-1.309298E-07,9.614977E-06
6421,-2.457384E-05,-9.756136E-06,2.379412E-06,2.654651E-05
6422,-4.911834E-06,-9.64239E-06,-7.468243E-06,1.314825E-05
6423,1.018798E-06,-7.460336E-06,1.874133E-07,7.531911E-06
6424,-8.907049E-06,1.569626E-05,1.269363E-05,2.206437E-05
6425,-1.117627E-05,-4.456368E-05,4.960981E-06,4.621084E-05
6426,1.673381E-06,-1.537491E-05,2.368354E-06,1.5646E-05
6427,1.772494E-06,-1.530934E-05,2.088581E-06,1.555248E-05
6428,-1.10157E-05,-1.894347E-05,-1.609785E-07,2.191407E-05
6429,-8.360231E-05,-0.0001370289,4.527901E-05,0.0001667826
6430,-0.0003230846,0.0005034259,0.0001634358,0.0006201069
6431,-1.313682E-07,1.815931E-06,-1.427121E-06,2.313339E-06
6432,-1.108976E-06,-4.158523E-06,1.457724E-06,4.544018E-06
6433,1.128612E-06,-7.659787E-07,-2.016727E-06,2.434682E-06
6434,-5.873746E-07,1.753237E-06,-3.173753E-06,3.673086E-06
6435,2.4619E-06,-1.283426E-06,-5.194467E-06,5.889875E-06
6436,-9.785141E-07,2.409502E-07,2.554672E-06,2.746251E-06
6437,2.026276E-06,2.836867E-06,-7.191947E-06,7.992353E-06
6438,2.946238E-05,-0.0001142271,8.270033E-05,0.0001440667
6439,2.255001E-05,0.000615173,-0.0003436389,0.0007050064
6440,2.417412E-05,4.373636E-06,-0.000103328,0.0001062083
6441,0.0007232567,0.0001219797,0.0005063448,0.0008912712
6442,0.0001031707,0.0001066049,8.43281E-05,0.0001706459
6443,-7.955356E-07,-7.581215E-06,-2.956968E-06,8.176267E-06
6444,-2.892657E-06,-7.407201E-06,3.53424E-06,8.702008E-06
6445,3.698209E-06,-8.980996E-06,3.718114E-06,1.039997E-05
6446,-8.906874E-06,1.242293E-05,2.196294E-05,2.675878E-05
6447,5.710291E-07,-9.848713E-06,2.419316E-06,1.015757E-05
6448,3.963782E-06,-1.35462E-05,2.00068E-06,1.42553E-05
6449,-9.703479E-08,-2.115572E-05,-5.866621E-06,2.19543E-05
6450,-4.381927E-07,-7.060877E-06,3.096234E-06,7.722349E-06
6451,-2.952771E-06,-7.278261E-06,-4.543329E-06,9.073797E-06
6452,4.084757E-06,-1.27202E-05,5.996541E-06,1.464401E-05
6453,2.782143E-06,-9.85416E-06,-2.991699E-06,1.066748E-05
6454,8.054895E-07,-1.433161E-05,1.302721E-05,1.938432E-05
6455,-7.22118E-06,-1.214027E-05,8.044128E-06,1.625545E-05
6456,0.000192395,-5.351518E-05,-8.575255E-05,0.000217332
6457,-2.157762E-05,-0.001126626,0.0002387505,0.001151848
6458,0.3171651,0.1681401,-0.01840221,0.3594488
6459,2.051183E-06,-4.45029E-08,-2.419857E-06,3.172545E-06
6460,-3.384318E-06,4.110452E-06,5.61311E-06,7.736694E-06
6461,-3.669576E-06,2.677554E-06,-9.639502E-08,4.543608E-06
6462,-4.858269E-07,3.82477E-06,-5.474648E-06,6.696019E-06
6463,-3.382153E-06,4.109433E-06,5.606991E-06,7.730767E-06
6464,-2.960421E-05,2.341817E-05,5.039366E-05,6.296301E-05
6465,-9.315898E-05,9.307043E-05,-2.047856E-05,0.0001332669
6466,-4.009366E-05,0.0002070972,-0.0001730395,0.0002728358
6467,0.005802226,-0.0002233026,0.005495292,0.007994618
6468,-2.834567E-05,2.469992E-05,-1.336409E-05,3.99019E-05
6469,-2.852595E-05,2.490821E-05,-1.336904E-05,4.016067E-05
6470,-2.991512E-05,4.412446E-06,1.433199E-05,3.346327E-05
6471,-2.343562E-05,-6.871011E-07,7.977919E-06,2.476586E-05
6472,-5.924634E-05,1.56974E-05,-2.94503E-05,6.799895E-05
6473,1.940088E-05,-6.547526E-06,1.737743E-05,2.68559E-05
6474,1.851719E-05,-6.043152E-06,1.755026E-05,2.621865E-05
6475,-0.001888342,0.002163666,0.001200399,0.003112595
6476,5.707255E-05,-0.0001323484,7.843422E-05,0.0001640893
6477,0.0008202172,-0.000504025,-0.0002004,0.00098334
6478,0.001328316,0.0006370614,-0.001918478,0.002418848
6479,9.122193E-05,0.001586801,0.0003580121,0.001629243
6480,5.926839E-06,-0.0001030554,-2.964816E-05,0.0001073991
6481,3.777145E-06,-2.945774E-05,-9.095605E-06,3.106051E-05
6482,-2.35354E-06,-1.753729E-05,-1.057465E-05,2.061356E-05
6483,8.933693E-06,-2.116869E-05,-1.727335E-05,2.874531E-05
6484,-1.408723E-05,2.221734E-05,5.418266E-07,2.631262E-05
6485,8.984841E-06,-2.118481E-05,-1.723799E-05,2.875191E-05
6486,5.377324E-06,2.122175E-06,-1.746287E-05,1.839486E-05
6487,4.842867E-06,3.457813E-06,-5.406113E-06,8.039645E-06
6488,-1.967881E-06,-1.144945E-05,3.849475E-06,1.22385E-05
6489,-2.70591E-07,-1.600484E-05,8.552775E-06,1.814878E-05
6490,3.114369E-07,1.802257E-05,-9.647219E-06,2.044454E-05
6491,3.258639E-06,-1.735467E-05,-1.096575E-05,2.078583E-05
6492,-7.856032E-06,-1.824085E-05,-1.005888E-05,2.226268E-05
6493,1.253231E-05,5.68379E-06,1.223329E-05,1.841243E-05
6494,4.182532E-06,-1.448324E-05,6.919048E-07,1.509094E-05
6495,-1.452415E-06,-1.882862E-05,-1.387728E-06,1.893547E-05
6496,-0.0003472586,0.001050416,-0.001437744,0.001814131
6497,26.86842,-32.91899,12.08306,44.17661
6498,-7.434343E-07,-1.331544E-06,-2.049743E-06,2.554829E-06
6499,-4.611822E-07,-4.574942E-06,2.512268E-06,5.239683E-06
6500,-2.657707E-06,-2.989725E-06,4.114278E-06,5.738393E-06
6501,8.811554E-07,1.583156E-06,-9.441103E-07,2.043077E-06
6502,-3.90438E-06,1.639613E-06,5.477297E-06,6.923388E-06
6503,8.803675E-07,1.580901E-06,-9.403789E-07,2.039266E-06
6504,-7.439159E-07,-1.328464E-06,-2.041569E-06,2.546809E-06
6505,-4.701293E-05,3.567627E-05,-2.430568E-05,6.382616E-05
6506,-1.103228E-05,4.994119E-05,3.030602E-05,5.944988E-05
6507,-2.209094E-05,-1.630379E-05,3.926919E-05,4.791547E-05
6508,-1.548934E-05,4.692047E-05,9.731809E-06,5.036029E-05
6509,3.823767E-06,-6.987186E-07,2.921091E-05,2.94684E-05
6510,3.799986E-06,-7.168568E-07,2.919367E-05,2.944867E-05
6511,0.01532423,0.09536587,-0.08336991,0.1275932
6512,-0.001179909,0.001839316,-0.001238206,0.002511658
6513,2.283457E-05,2.663446E-05,2.033882E-05,4.055219E-05
6514,2.586807E-06,-2.45255E-06,1.755922E-05,1.791739E-05
6515,-1.603609E-05,2.654013E-05,4.470433E-05,5.440599E-05
6516,-4.327662E-06,2.01085E-06,-1.178501E-07,4.773475E-06
6517,2.215435E-06,1.912744E-06,1.940144E-07,2.933323E-06
6518,2.645465E-06,2.032324E-07,1.133153E-07,2.655678E-06
6519,2.336154E-06,-2.24154E-06,-5.453381E-07,3.283216E-06
6520,2.206496E-06,1.905161E-06,2.604596E-07,2.92679E-06
6521,2.345112E-06,-2.245988E-06,-1.257782E-07,3.24959E-06
6522,1.040843E-05,-2.480246E-05,-1.986456E-05,3.343798E-05
6523,0.0007239676,-0.0004966232,-0.0003215782,0.0009349739
6524,5.970766E-06,-2.118319E-05,-1.954817E-05,2.943652E-05
6525,-0.0002768,0.0001555684,-0.000151639,0.0003518724
6526,0.0006265101,-8.104629E-06,-8.563207E-05,0.0006323871
6527,0.0001269546,3.774219E-07,-2.989388E-05,0.0001304272
6528,8.934447E-05,1.190233E-05,-2.294898E-05,9.300943E-05
6529,-2.890629E-06,-1.804434E-05,5.046521E-06,1.895841E-05
6530,-1.805835E-05,3.926537E-05,-7.106816E-05,8.317787E-05
6531,-6.967634E-05,-2.179827E-05,1.920903E-05,7.549135E-05
6532,-1.528763E-05,-2.698245E-05,6.097451E-06,3.160606E-05
6533,-3.25861E-06,2.34356E-05,-3.905157E-06,2.398116E-05
6534,-6.155275E-05,-8.618781E-05,-3.468722E-05,0.0001114463
6535,-1.65043E-05,-1.107453E-05,1.050556E-05,2.248119E-05
6536,-1.944353E-05,-1.08723E-05,7.618617E-07,2.228987E-05
6537,-8.370185E-06,-8.194681E-06,1.701418E-06,1.183671E-05
6538,-8.860077E-06,-7.729441E-06,2.40723E-06,1.200167E-05
6539,5.729535E-06,-8.840117E-06,9.888448E-06,1.444841E-05
6540,6.091804E-06,-9.448277E-06,6.914735E-06,1.319824E-05
6541,-0.02822322,-0.03245183,-0.01476563,0.04547192
6542,1.17715E-06,2.669732E-07,-5.990457E-06,6.110854E-06
6543,-2.608526E-06,4.310152E-06,-1.390927E-06,5.226519E-06
6544,-5.760386E-07,-3.893401E-06,-7.53165E-07,4.0072E-06
6545,-4.872986E-07,3.561949E-06,4.291332E-06,5.598256E-06
6546,6.511108E-07,2.468981E-06,1.414719E-06,2.919117E-06
6547,2.845461E-06,3.900889E-06,-1.018429E-06,4.934651E-06
6548,4.118884E-08,-4.809116E-07,2.253919E-06,2.305021E-06
6549,1.435918E-06,-1.128062E-06,-1.064251E-06,2.113531E-06
6550,-1.145777E-05,1.438915E-06,-2.532941E-05,2.783757E-05
6551,-7.006777E-06,-5.052974E-06,3.906361E-06,9.480882E-06
6552,-6.733201E-06,-4.674044E-06,4.724529E-06,9.460648E-06
6553,1.316752E-05,1.427227E-05,-6.53217E-05,6.814694E-05
6554,-3.244692E-05,-2.204661E-05,3.30106E-05,5.126944E-05
6555,-0.005156512,-0.001177324,-0.004914728,0.007220129
6556,-1.811711E-05,5.130648E-05,7.452016E-06,5.491919E-05
6557,-1.874806E-06,-6.752418E-06,-6.075922E-06,9.275067E-06
6558,4.42866E-07,1.851555E-05,2.296568E-05,2.950329E-05
6559,-4.055808E-06,-2.553302E-06,1.601115E-06,5.05297E-06
6560,-1.193288E-05,4.154831E-06,1.674773E-06,1.274602E-05
6561,3.333155E-06,8.514014E-07,-2.408002E-06,4.1992E-06
6562,2.95148E-06,5.901755E-07,5.302408E-06,6.097137E-06
6563,-9.507138E-06,3.707765E-05,9.005077E-06,3.932212E-05
6564,9.41082E-06,4.030966E-06,-6.78876E-06,1.228411E-05
6565,-9.492168E-06,3.703659E-05,8.985258E-06,3.927525E-05
6566,0.0001842935,0.001831028,0.002480189,0.00308836
6567,2.059203E-06,-2.31169E-06,-2.032749E-06,3.703552E-06
6568,-1.915573E-05,-1.852679E-06,6.803547E-06,2.041232E-05
6569,-3.433318E-06,-3.893728E-06,3.567581E-06,6.298922E-06
6570,-9.226855E-06,-9.702427E-07,2.981359E-06,9.744985E-06
6571,-2.234596E-05,-2.472205E-06,1.341496E-05,2.618044E-05
6572,-1.199712E-07,-1.062059E-06,2.601198E-06,2.812222E-06
6573,2.058725E-06,-2.311533E-06,-2.024513E-06,3.698673E-06
6574,-4.597927E-06,-8.191859E-06,3.425578E-06,9.999103E-06
6575,2.122643E-06,-8.959707E-06,4.938598E-06,1.044853E-05
6576,5.443296E-07,-1.371705E-05,-7.496939E-07,1.37483E-05
6577,3.347782E-06,-1.173335E-05,5.950139E-07,1.22161E-05
6578,2.579638E-06,-8.80072E-06,4.885083E-06,1.039092E-05
6579,5.479934E-07,-1.371682E-05,-7.494054E-07,1.37482E-05
6580,6.572838E-06,9.342541E-06,3.632586E-06,1.19867E-05
6581,0.01622695,-0.01068946,0.005870078,0.02029868
6582,0,0,0,0
6583,-5.628981E-06,-6.549771E-07,-7.028148E-07,5.710374E-06
6584,2.430834E-06,-3.15182E-06,-1.370474E-06,4.209646E-06
6585,-2.946679E-06,-1.02296E-06,5.72065E-07,3.171218E-06
6586,-3.678213E-06,2.517504E-06,-5.256702E-06,6.892024E-06
6587,3.995853E-06,5.025644E-06,-3.507042E-06,7.315961E-06
6588,-4.640383E-07,-1.916591E-06,-1.801777E-07,1.980181E-06
6589,-4.62425E-07,-1.916967E-06,-1.80088E-07,1.980159E-06
6590,6.4252E-07,-6.462682E-06,-1.324002E-06,6.628127E-06
6591,3.9946E-06,5.031789E-06,-3.523707E-06,7.327499E-06
6592,7.020138E-07,2.17179E-06,-3.588426E-06,4.252799E-06
6593,-8.16348E-06,-7.013549E-06,-2.698545E-06,1.109569E-05
6594,-0.0001078249,-1.125842E-05,-5.012402E-06,0.0001085268
6595,-0.01048225,0.008115052,-0.008004885,0.01548579
6596,-0.001805231,-0.02221889,0.0009654208,0.022313
6597,0.002762976,-0.001631847,-0.002597339,0.004128333
6598,-1.845913E-06,-7.506095E-07,-1.773309E-06,2.667477E-06
6599,6.008945E-06,1.974559E-06,-1.842775E-06,6.588029E-06
6600,-3.0281E-06,-4.269115E-06,2.508079E-06,5.803895E-06
6601,2.760508E-07,-6.179143E-06,8.683405E-07,6.245961E-06
6602,-3.921366E-06,-5.874001E-07,2.341851E-06,4.605042E-06
6603,4.199356E-07,-1.004869E-06,-6.374767E-07,1.261936E-06
6604,-3.107795E-07,4.824224E-07,-8.321422E-07,1.010829E-06
6605,2.9062E-06,2.42243E-08,-8.422726E-07,3.02589E-06
6606,-0.00022191,0.000284479,0.0003560128,0.0005068703
6607,-0.0003204859,0.0007449585,-0.0003315319,0.0008761209
6608,6.36141E-05,-0.0001443605,-0.0002587436,0.0003030428
6609,-9.010585E-06,-3.243054E-06,-2.529177E-07,9.57977E-06
6610,-2.523185E-06,-8.193043E-06,1.418236E-06,8.689292E-06
6611,2.660306E-06,-8.665605E-06,-4.338255E-06,1.00494E-05
6612,-3.336226E-06,-2.912676E-06,3.45673E-08,4.428915E-06
6613,3.833257E-06,-9.415462E-06,-1.803593E-06,1.032462E-05
6614,-2.374721E-06,-9.785719E-06,3.705247E-06,1.072979E-05
6615,9.977249E-07,-9.072949E-06,1.804134E-06,9.304234E-06
6616,6.170683E-06,-4.425503E-06,-5.612895E-06,9.442828E-06
6617,-3.272226E-06,-8.058533E-06,8.028733E-07,8.734531E-06
6618,-1.195549E-05,-1.13544E-05,3.292556E-06,1.68136E-05
6619,-1.044423E-05,-1.066337E-05,2.26342E-06,1.509676E-05
6620,-2.200257E-06,-1.046159E-05,-5.183619E-07,1.070303E-05
6621,2.184331E-07,-6.838219E-06,-4.018885E-07,6.853501E-06
6622,1.663976E-06,-6.698985E-06,-1.861017E-06,7.149028E-06
6623,4.35089E-07,-6.615692E-06,9.79421E-06,1.182722E-05
6624,4.234722E-07,-6.616345E-06,9.791599E-06,1.182501E-05
6625,0.008456039,-0.005868842,0.003660522,0.01092462
6626,-0.0002749221,-0.002041719,8.974403E-05,0.0020621
6627,-7.661909E-05,0.002413913,0.001117452,0.002661117
6628,0.0009367766,0.0006536953,0.0004778619,0.001238233
6629,4.293073E-06,-2.247485E-07,5.088268E-07,4.32896E-06
6630,4.622944E-06,5.670821E-07,2.507083E-07,4.664338E-06
6631,3.877331E-06,-7.48799E-06,-3.601567E-06,9.169241E-06
6632,-5.330216E-07,-4.478216E-06,-2.612685E-06,5.211972E-06
6633,-5.223749E-07,-4.491369E-06,-2.590148E-06,5.210963E-06
6634,-5.393752E-05,0.000125412,2.24058E-05,0.0001383454
6635,0.0001513046,9.397471E-05,0.0001267241,0.000218594
6636,0.007058511,-0.005553223,-0.002937225,0.009449241
6637,-1.318527E-06,7.573379E-07,-5.663147E-06,5.863728E-06
6638,-4.869052E-06,-1.17617E-06,-6.566167E-07,5.051949E-06
6639,1.162326E-06,-3.342749E-07,-4.387276E-07,1.286555E-06
6640,1.237607E-06,-4.393051E-06,-7.70163E-06,8.952412E-06
6641,3.19003E-06,4.168684E-07,-2.414127E-06,4.022199E-06
6642,3.826728E-06,-3.878899E-07,-1.465911E-06,4.116212E-06
6643,-4.134622E-06,1.550275E-06,-4.525787E-06,6.323069E-06
6644,-1.181411E-06,-4.221241E-06,4.981278E-06,6.63534E-06
6645,-2.195827E-06,-2.828213E-06,-2.507256E-06,4.37113E-06
6646,-0.0002831844,-0.002145191,0.000455199,0.002211163
6647,3.074387E-06,-7.254032E-06,-8.752726E-07,7.927101E-06
6648,-3.407117E-06,-5.234547E-06,-2.293276E-06,6.653423E-06
6649,3.625335E-06,-7.893186E-06,-2.196515E-06,8.95936E-06
6650,2.254638E-06,-8.320169E-06,-4.555985E-06,9.75016E-06
6651,-6.36192E-06,-6.032712E-06,4.124292E-07,8.777114E-06
6652,-6.619639E-06,-3.099974E-06,4.253332E-06,8.456967E-06
6653,-5.908154E-06,-3.179395E-06,5.23655E-06,8.51095E-06
6654,4.002869E-06,-2.20691E-06,-1.393527E-05,1.466578E-05
6655,4.001403E-06,-2.206896E-06,-1.393795E-05,1.466792E-05
6656,3.326031E-06,-3.445605E-06,1.007718E-06,4.893891E-06
6657,3.32572E-06,-3.444461E-06,1.000762E-06,4.891447E-06
6658,0.004725539,-0.001443337,0.001251475,0.005097071
6659,0.001087845,-0.003716639,-0.005348711,0.006603448
6660,-0.005191088,0.002422313,-0.004963417,0.007579611
6661,0.000333827,0.0005348917,2.568228E-06,0.0006305206
6662,1.905805,1.293511,-0.3672768,2.332414
6663,6.281919E-06,5.046362E-06,6.379113E-06,1.027723E-05
6664,-8.962523E-06,1.705755E-06,6.692768E-06,1.131501E-05
6665,8.08447E-06,-3.164467E-06,3.443826E-06,9.339831E-06
6666,3.749452E-06,-1.619057E-06,7.030951E-06,8.131052E-06
6667,1.379994E-05,7.341565E-07,4.347127E-06,1.448706E-05
6668,-3.601362E-06,-3.061711E-08,-5.377642E-06,6.472232E-06
6669,-3.174132E-06,2.41212E-05,-7.982076E-06,2.56051E-05
6670,-6.627389E-05,4.417279E-05,-2.775691E-05,8.4344E-05
6671,-2.449912E-05,2.554321E-05,2.297423E-05,4.219571E-05
6672,2.757854E-06,4.74988E-05,2.212309E-05,5.247069E-05
6673,-6.166253E-05,1.375324E-05,4.64378E-05,7.840846E-05
6674,0.01558434,-0.006806912,-0.003482707,0.01735901
6675,-0.0236691,0.02609299,-0.01328417,0.03765022
6676,-2.575474E-06,2.081984E-06,1.567938E-06,3.664172E-06
6677,1.624297E-06,4.213927E-07,4.353618E-06,4.665822E-06
6678,-4.263385E-06,4.070178E-06,-1.052182E-06,5.987477E-06
6679,5.012357E-06,-1.774418E-06,-1.421899E-06,5.504005E-06
6680,4.964485E-06,-1.223527E-06,-2.559045E-06,5.717678E-06
6681,4.8072E-06,-1.598052E-07,-2.015499E-06,5.215069E-06
6682,5.011921E-06,-1.779468E-06,-1.420176E-06,5.504794E-06
6683,4.810771E-06,-1.571321E-07,-2.020942E-06,5.220385E-06
6684,0.03027697,-0.005847681,0.05291375,0.06124341
6685,2.033482E-06,-8.123882E-06,1.870479E-07,8.376604E-06
6686,-1.318256E-05,-6.71761E-06,-1.585617E-06,1.48802E-05
6687,4.261734E-06,-9.850622E-06,-1.449587E-05,1.803684E-05
6688,1.836597E-06,-8.99422E-06,-2.671705E-07,9.183706E-06
6689,-1.174553E-05,-1.376887E-05,-7.413951E-06,1.955776E-05
6690,-5.255692E-06,-9.374208E-06,-2.6758E-08,1.074704E-05
6691,2.906272E-06,-8.603932E-06,-8.974519E-06,1.276777E-05
6692,2.906198E-06,-8.602928E-06,-8.966168E-06,1.276121E-05
6693,2.230553E-06,-4.696096E-07,4.228692E-06,4.80393E-06
6694,1.776611E-06,-5.124369E-07,2.883062E-06,3.425052E-06
6695,-4.359809E-06,-5.161111E-07,1.470653E-06,4.630024E-06
6696,-2.282631E-06,-5.127101E-07,1.349922E-06,2.70103E-06
6697,1.746547E-06,-5.178473E-07,3.688687E-06,4.114001E-06
6698,-2.534909E-06,-3.169564E-06,3.33924E-07,4.072273E-06
6699,1.622969E-06,-4.914251E-07,2.310323E-06,2.865854E-06
6700,1.064778E-06,-5.489709E-07,3.685239E-06,3.875062E-06
6701,-1.402418E-06,-3.154796E-06,-1.515251E-07,3.455789E-06
6702,2.071489E-06,-5.379337E-07,4.117066E-06,4.640115E-06
6703,-2.955039E-06,-4.784799E-07,1.029069E-06,3.165467E-06
6704,0.0006162187,-0.000145726,0.0006569991,0.0009124742
6705,2.524898E-05,-0.0001432787,0.000123627,0.0001909186
6706,1.036563E-06,6.857211E-07,-2.316644E-08,1.243066E-06
6707,-4.57308E-06,7.019814E-07,2.851678E-08,4.626732E-06
6708,3.697893E-06,-1.91162E-06,3.29449E-07,4.175792E-06
6709,-5.813372E-06,-1.924436E-06,-2.64633E-07,6.129337E-06
6710,-5.806588E-06,-1.928295E-06,-1.68318E-07,6.120712E-06
6711,-4.677296E-07,-1.405978E-06,1.019909E-07,1.485244E-06
6712,-7.580422E-06,8.814802E-06,-1.247132E-06,1.169268E-05
6713,8.858957E-05,1.215891E-05,-2.913744E-07,8.942056E-05
6714,0.0001017202,0.0002787772,-0.0003102871,0.0004293504
6715,2.506385E-06,1.533297E-06,-2.200551E-06,3.670884E-06
6716,4.581307E-06,6.269202E-06,-3.294178E-07,7.77173E-06
6717,-2.685016E-06,9.701548E-06,-1.365283E-05,1.696258E-05
6718,8.935491E-06,-5.394019E-06,-9.196639E-06,1.391103E-05
6719,8.961821E-07,-5.449348E-06,-5.938257E-06,8.109343E-06
6720,1.524507E-06,-5.07941E-06,-5.779751E-06,7.844109E-06
6721,-2.087586E-06,7.128557E-06,-9.77938E-07,7.492043E-06
6722,-2.080514E-06,7.123348E-06,-9.775965E-07,7.485073E-06
6723,1.085496E-05,9.32133E-06,-3.086575E-07,1.431128E-05
6724,1.845216E-06,2.456172E-05,4.751599E-06,2.508506E-05
6725,-3.267037E-05,1.664444E-05,-1.69399E-05,4.038998E-05
6726,-1.323809E-05,1.072363E-05,-4.236939E-06,1.755548E-05
6727,5.600686E-06,-4.664074E-05,-2.005801E-05,5.107886E-05
6728,-0.05683459,-0.01409647,-0.0208601,0.06216128
6729,-5.616545E-06,-4.979601E-06,6.549204E-06,9.96163E-06
6730,-2.730807E-06,-2.468144E-06,4.130949E-06,5.532972E-06
6731,4.67904E-06,-5.091441E-06,-2.066582E-06,7.217128E-06
6732,5.602963E-06,-1.848895E-06,-2.556607E-06,6.430229E-06
6733,-6.414868E-06,1.17059E-06,-4.167657E-06,7.738875E-06
6734,7.625777E-06,-5.613112E-07,-8.341807E-07,7.691776E-06
6735,3.313364E-06,-2.492146E-06,-9.730195E-06,1.057667E-05
6736,5.550233E-06,-3.346207E-06,-5.072335E-06,8.229871E-06
6737,-5.338522E-06,-5.502829E-07,1.483609E-06,5.568099E-06
6738,6.788342E-07,2.758244E-06,-3.015417E-06,4.14264E-06
6739,0.002422881,-6.048856E-05,0.0008028408,0.002553148
6740,-1.516493E-05,-5.603778E-06,-7.531517E-06,1.783539E-05
6741,6.306977E-06,-6.01444E-06,-7.645725E-06,1.159347E-05
6742,-1.518067E-05,-5.603773E-06,-7.534342E-06,1.784997E-05
6743,7.164135E-06,-5.941964E-06,-8.144709E-06,1.236802E-05
6744,-4.573394E-07,-1.152225E-06,-1.103853E-05,1.110792E-05
6745,-4.589915E-07,-1.152258E-06,-1.103886E-05,1.110832E-05
6746,-6.841564E-06,-1.29398E-06,-1.174521E-05,1.365399E-05
6747,-6.840212E-06,-1.294E-06,-1.174583E-05,1.365384E-05
6748,-4.606311E-06,-1.212378E-06,-1.128973E-05,1.22534E-05
6749,2.564017E-05,-3.033074E-06,-1.739114E-05,3.112988E-05
6750,2.563373E-05,-3.032082E-06,-1.738885E-05,3.11232E-05
6751,-4.599726E-06,-1.212377E-06,-1.129094E-05,1.225205E-05
6752,6.75563E-07,-4.34226E-07,-2.356851E-07,8.369499E-07
6753,1.15903E-06,-4.031509E-07,3.872973E-07,1.28681E-06
6754,-3.526304E-06,-4.892484E-07,-1.007284E-06,3.699838E-06
6755,1.838238E-06,-4.644457E-07,-1.291017E-06,2.293808E-06
6756,-1.866352E-07,-3.978484E-07,-3.687802E-07,5.736854E-07
6757,-1.024438E-06,-4.597452E-07,-7.98171E-07,1.377648E-06
6758,4.091709E-07,-4.30544E-07,-3.944232E-07,7.129927E-07
6759,-1.294329E-05,3.249909E-05,-2.005385E-05,4.032216E-05
6760,-9.923382E-06,-1.37067E-05,-1.476308E-05,2.245653E-05
6761,9.649271E-06,-1.186053E-05,-1.511595E-05,2.150053E-05
6762,5.977556E-06,-2.889227E-05,-2.417237E-05,3.814181E-05
6763,-1.223876E-05,-1.943739E-05,6.961852E-05,7.330987E-05
6764,-1.665107E-05,-7.574016E-06,1.211684E-05,2.194178E-05
6765,-3.766678E-06,-4.183443E-06,-3.197513E-06,6.474036E-06
6766,-6.115224E-06,-8.926271E-06,4.209343E-06,1.161003E-05
6767,1.995439E-06,6.230471E-06,5.317714E-09,6.542215E-06
6768,-5.87417E-06,4.500258E-06,-5.166352E-06,9.024931E-06
6769,4.00046E-06,-2.485919E-06,2.818325E-06,5.488755E-06
6770,-1.001689E-05,5.553348E-06,5.007511E-06,1.250011E-05
6771,-6.262858E-05,-8.232801E-06,3.054268E-05,7.01639E-05
6772,-3.608327E-06,1.549416E-05,6.992992E-06,1.737788E-05
6773,-2.22554E-05,-1.09333E-05,4.81921E-06,2.525994E-05
6774,2.576054E-06,3.791561E-05,4.098277E-05,5.589112E-05
6775,-0.00426411,-0.003227068,0.003686887,0.006495362
6776,-0.235396,-0.02923798,0.06649025,0.2463475
6777,9.229637E-07,-9.068323E-07,6.29077E-07,1.43873E-06
6778,5.722248E-07,-3.636781E-06,-5.379019E-06,6.518241E-06
6779,4.108472E-06,-7.706918E-06,-3.965626E-06,9.591784E-06
6780,-8.726644E-07,2.953963E-06,-8.572152E-07,3.197227E-06
6781,2.833368E-06,-3.681716E-06,4.035182E-06,6.153512E-06
6782,-1.808492E-06,-2.224373E-06,-4.612955E-07,2.903665E-06
6783,7.096006E-07,6.363472E-06,7.567541E-06,9.912869E-06
6784,9.26462E-07,-9.082655E-07,6.283866E-07,1.441578E-06
6785,4.037724E-05,5.833781E-05,-1.672399E-05,7.289248E-05
6786,-2.67563E-05,-3.932601E-06,-1.032078E-05,2.894622E-05
6787,-2.14086E-05,5.164185E-05,9.594275E-06,5.672088E-05
6788,1.191593E-06,7.629108E-06,-5.970848E-06,9.760851E-06
6789,6.409351E-07,-5.066628E-07,-6.441328E-06,6.492935E-06
6790,-2.314964E-06,-2.135484E-06,-5.643226E-07,3.199658E-06
6791,-1.970964E-07,2.46517E-06,-6.049595E-07,2.545955E-06
6792,-5.686952E-07,-1.210197E-06,-6.590889E-07,1.490768E-06
6793,1.556598E-06,5.194842E-08,2.641799E-07,1.579711E-06
6794,2.905803E-06,-4.411085E-07,-3.791969E-06,4.797635E-06
6795,3.886826E-07,3.243521E-06,3.366121E-06,4.690658E-06
6796,6.982373E-07,-1.110575E-06,2.419296E-07,1.333957E-06
6797,-7.273658E-06,-2.918272E-06,8.59347E-06,1.163057E-05
6798,6.923042E-07,-1.114888E-06,2.465564E-07,1.335309E-06
6799,-1.44412E-05,-6.009039E-06,9.308179E-06,1.820162E-05
6800,-7.277295E-06,-2.921278E-06,8.595242E-06,1.163491E-05
6801,-5.332929E-06,-3.911618E-06,3.113963E-05,3.183422E-05
6802,-1.507334E-05,4.887454E-06,3.090177E-05,3.472768E-05
6803,-0.008154498,-0.01169963,-0.005884141,0.01542726
6804,9.616541E-07,-4.157079E-06,-3.626689E-06,5.599908E-06
6805,2.055425E-06,-2.459491E-06,-7.134058E-06,7.82104E-06
6806,-2.418149E-06,5.530839E-07,-1.917975E-06,3.135598E-06
6807,-5.375117E-06,1.498162E-06,-1.635654E-06,5.814786E-06
6808,-1.018377E-06,-1.920504E-06,6.032936E-06,6.412624E-06
6809,3.227754E-07,-1.249761E-06,4.361158E-06,4.548162E-06
6810,-4.215214E-08,-3.351162E-06,-6.427654E-06,7.248917E-06
6811,-6.911152E-07,-6.011505E-06,-2.758565E-07,6.057387E-06
6812,-6.705552E-07,-6.018548E-06,-2.795838E-07,6.062239E-06
6813,9.175164E-05,-4.570363E-05,6.271277E-05,0.0001201669
6814,-2.047174E-05,-2.654565E-05,-9.736566E-06,3.490794E-05
6815,-2.574692E-06,1.62344E-05,9.269796E-06,1.887098E-05
6816,-2.048136E-05,-2.655516E-05,-9.736803E-06,3.492088E-05
6817,-1.146027E-05,-2.606324E-05,2.870251E-05,4.042851E-05
6818,-1.144606E-05,-2.604373E-05,2.868899E-05,4.040231E-05
6819,-0.1622022,-0.2782584,-0.1481209,0.3545096
6820,-1.842155E-05,1.227716E-05,2.662247E-05,3.462424E-05
6821,-1.844064E-05,1.225246E-05,2.660924E-05,3.461548E-05
6822,-1.049867E-06,-5.25091E-06,-2.694636E-06,5.99461E-06
6823,-6.637258E-06,2.680248E-05,1.16961E-05,2.998708E-05
6824,-6.653458E-06,2.68456E-05,1.176059E-05,3.005439E-05
6825,4.174602E-06,2.957757E-05,1.715643E-05,3.44471E-05
6826,0.0160419,-0.003297039,0.02294247,0.02818812
6827,1.383141E-06,-7.678591E-06,-1.646094E-06,7.973924E-06
6828,1.30204E-06,2.363315E-06,1.939511E-06,3.322991E-06
6829,-1.463007E-06,-4.106933E-06,3.52124E-10,4.359735E-06
6830,-7.907132E-07,-2.043833E-06,-8.725119E-07,2.358762E-06
6831,2.637183E-06,7.64479E-07,-2.470803E-06,3.693783E-06
6832,7.076836E-07,-1.962224E-06,1.064709E-07,2.088654E-06
6833,-9.382345E-07,-6.270243E-06,-4.460209E-06,7.751754E-06
6834,6.830749E-07,3.328554E-06,-1.076763E-06,3.564447E-06
6835,6.82386E-07,3.333074E-06,-1.076371E-06,3.568418E-06
6836,5.016093E-06,-4.774412E-06,3.488834E-06,7.754235E-06
6837,5.011223E-06,-4.765694E-06,3.482956E-06,7.743072E-06
6838,-4.564469E-06,-3.435592E-06,-4.418164E-06,7.222039E-06
6839,-4.556016E-06,-3.434787E-06,-4.416466E-06,7.215277E-06
6840,-3.59327E-06,7.944672E-07,6.339886E-06,7.330547E-06
6841,-6.838673E-08,2.72905E-06,4.673912E-06,5.412749E-06
6842,-3.591197E-06,7.927354E-07,6.338706E-06,7.328323E-06
6843,-1.961344E-06,1.497737E-06,3.176671E-06,4.022602E-06
6844,-7.842377E-06,6.422871E-07,2.473064E-06,8.248118E-06
6845,-5.881187E-06,-2.389005E-06,2.782024E-06,6.930755E-06
6846,-0.01272156,-0.005633099,0.01344179,0.01934558
6847,1.395676E-06,9.940854E-07,2.957686E-06,3.41819E-06
6848,1.212343E-05,-7.196438E-06,3.216223E-06,1.446065E-05
6849,-1.511642E-06,-3.191251E-06,-2.612086E-07,3.540815E-06
6850,1.154773E-06,-5.584295E-06,-4.587898E-06,7.318925E-06
6851,-3.301458E-06,2.772895E-06,3.595388E-06,5.613857E-06
6852,-3.304225E-06,2.77651E-06,3.603584E-06,5.62252E-06
6853,-1.103273E-06,-7.579903E-06,-8.235083E-07,7.703915E-06
6854,-7.845974E-06,-9.385231E-06,3.722428E-06,1.278665E-05
6855,-1.471343E-05,9.40796E-06,1.11681E-05,2.072972E-05
6856,3.657892E-06,-3.26331E-06,9.609651E-06,1.078771E-05
6857,4.974807E-05,-1.905232E-05,6.601021E-05,8.482458E-05
6858,-5.608131E-06,-2.236853E-05,1.198201E-05,2.59879E-05
6859,-5.604435E-06,-2.236334E-05,1.198271E-05,2.598296E-05
6860,3.665192E-06,-3.265327E-06,9.621916E-06,1.080172E-05
6861,0.01334119,0.01842517,0.009239696,0.02455293
6862,3.086977E-06,-5.831696E-06,-7.354127E-06,9.880348E-06
6863,-2.821656E-06,-5.679481E-06,-2.166283E-06,6.701569E-06
6864,-1.69978E-05,1.648854E-05,-1.650545E-06,2.373861E-05
6865,-3.000225E-06,-7.252701E-06,-4.314224E-06,8.956314E-06
6866,-4.745358E-06,-1.881474E-06,-3.811863E-06,6.370924E-06
6867,-4.809162E-06,2.749466E-05,2.299641E-05,3.616517E-05
6868,-2.823027E-06,-5.670633E-06,-2.171838E-06,6.696449E-06
6869,-2.202776E-06,1.180167E-05,1.369265E-05,1.821044E-05
6870,0,0,0,0
6871,6.599183E-07,1.376799E-06,1.749147E-06,2.321763E-06
6872,3.196669E-06,1.189189E-06,-3.099167E-06,4.608438E-06
6873,1.385092E-06,-3.119008E-06,-1.752566E-06,3.836428E-06
6874,-5.892646E-06,-7.871231E-07,-8.852942E-07,6.010539E-06
6875,2.391341E-06,-1.442521E-06,-1.538503E-06,3.188475E-06
6876,6.585666E-07,1.367116E-06,1.765334E-06,2.327901E-06
6877,4.304615E-07,-6.660184E-07,-8.927611E-07,1.19411E-06
6878,-5.121881E-06,1.910317E-06,5.57955E-06,7.811168E-06
6879,5.388926E-06,4.071727E-06,4.729564E-06,8.245499E-06
6880,-7.774329E-06,6.911275E-06,-1.8067E-06,1.055794E-05
6881,-7.771283E-06,6.917695E-06,-1.799544E-06,1.055868E-05
6882,6.44113E-07,-1.675086E-06,4.539294E-06,4.881187E-06
6883,1.627436E-06,1.314792E-06,1.154887E-06,2.389768E-06
6884,-2.503178E-06,-5.442108E-06,-3.712532E-06,7.047364E-06
6885,1.291969E-07,6.091619E-06,-8.614058E-06,1.055114E-05
6886,3.444331E-06,-1.163127E-05,-4.258111E-06,1.285618E-05
6887,-2.706808E-06,1.649443E-06,1.858076E-06,3.674224E-06
6888,6.151803E-06,-3.976287E-06,-7.586774E-06,1.054584E-05
6889,7.613461E-06,-1.416217E-05,-9.775354E-06,1.881726E-05
6890,4.777889E-06,-1.21211E-05,-2.339274E-06,1.323713E-05
6891,-0.0006581264,-3.532929E-05,0.00124046,0.001404678
6892,0.00701535,0.002385257,-0.005158683,0.009028655
6893,-2.927067E-07,7.649552E-07,-4.655115E-07,9.420906E-07
6894,2.689531E-06,-2.314389E-06,2.360165E-07,3.556076E-06
6895,2.332887E-06,4.452805E-06,6.602691E-08,5.027344E-06
6896,-4.115379E-07,9.150676E-07,1.596599E-07,1.015974E-06
6897,-4.232428E-07,9.129916E-07,1.768976E-07,1.021754E-06
6898,2.685762E-06,-2.31767E-06,1.16906E-07,3.549447E-06
6899,2.331722E-06,4.45342E-06,6.600309E-08,5.027348E-06
6900,-1.694576E-05,2.464151E-05,-2.399399E-05,3.834155E-05
6901,-1.81438E-05,2.387866E-05,2.508868E-05,3.910025E-05
6902,8.088923E-07,-5.789993E-06,7.833847E-07,5.898476E-06
6903,8.585493E-06,-3.912232E-06,-5.045626E-06,1.069928E-05
6904,-5.08587E-06,-1.026191E-06,-3.561078E-06,6.292887E-06
6905,7.306443E-06,2.663584E-06,-5.998737E-06,9.82159E-06
6906,1.641865E-06,2.026077E-06,1.283429E-06,2.906527E-06
6907,2.026781E-07,3.682315E-06,1.030236E-07,3.689327E-06
6908,2.260371E-06,4.766608E-06,2.405494E-07,5.28088E-06
6909,2.008026E-07,3.682431E-06,9.536329E-08,3.689134E-06
6910,1.549992E-06,9.010453E-07,3.55035E-07,1.827678E-06
6911,-4.095553E-06,-3.566715E-06,2.5219E-06,5.987904E-06
6912,-6.457635E-06,1.252236E-05,-9.32364E-06,1.6895E-05
6913,7.303868E-06,-9.508213E-06,2.130602E-05,2.444788E-05
6914,-4.020371E-05,-7.750476E-06,-2.534507E-05,4.815372E-05
6915,0.00121739,0.001657399,-0.02092876,0.02102955
6916,-4.350717E-06,-4.678982E-06,3.327052E-06,7.203533E-06
6917,-3.904E-06,1.009508E-06,-2.197597E-06,4.592358E-06
6918,3.061582E-06,2.982599E-06,-8.19366E-07,4.352074E-06
6919,1.172786E-06,3.250992E-06,-5.340914E-06,6.361583E-06
6920,-3.894143E-06,1.014564E-06,-2.199986E-06,4.586243E-06
6921,0,0,0,0
6922,0.01962731,0.1777246,-0.2438244,0.30236
6923,6.850557E-07,-4.099696E-06,-1.064188E-06,4.290606E-06
6924,9.927105E-07,1.138636E-06,-1.56958E-05,1.576833E-05
6925,-1.034898E-06,-8.899513E-06,-1.593568E-05,1.828164E-05
6926,9.761948E-07,1.78223E-08,-1.628064E-05,1.630989E-05
6927,-3.37365E-06,1.658097E-06,-1.374248E-05,1.424733E-05
6928,-1.035075E-06,-8.894596E-06,-1.593412E-05,1.827789E-05
6929,9.867126E-07,4.889785E-09,-1.627926E-05,1.630914E-05
6930,9.973684E-07,1.151317E-06,-1.569629E-05,1.577002E-05
6931,-2.511147E-06,1.430977E-06,-9.455569E-06,9.887433E-06
6932,1.77738E-06,1.289024E-07,-1.034132E-05,1.049374E-05
6933,7.390219E-07,-2.53875E-06,-1.004261E-05,1.038487E-05
6934,3.114067E-06,-1.41729E-06,-9.288308E-06,9.898424E-06
6935,6.365611E-07,8.541976E-07,-1.130742E-05,1.135749E-05
6936,1.853763E-06,-1.316185E-06,-1.048173E-05,1.072546E-05
6937,8.93586E-05,-9.589743E-05,-9.181872E-05,0.0001600374
6938,-2.032727E-05,2.802357E-06,-8.350254E-05,8.598678E-05
6939,1.801958E-06,1.567736E-06,-4.926923E-06,5.475346E-06
6940,2.408714E-06,1.830411E-06,1.759763E-06,3.499867E-06
6941,-3.903939E-06,-2.445301E-06,1.582167E-06,4.870677E-06
6942,-3.688105E-06,-1.745378E-06,2.084192E-06,4.581737E-06
6943,7.194716E-07,5.308967E-06,4.023012E-06,6.699805E-06
6944,-9.778738E-06,1.218065E-05,1.910395E-05,2.467697E-05
6945,-4.642414E-05,-1.94402E-05,1.073504E-06,5.034158E-05
6946,-9.460681E-06,-2.193173E-06,-1.114444E-06,9.7753E-06
6947,-6.255289E-06,-3.324773E-06,1.585644E-05,1.736691E-05
6948,3.759943E-06,-5.562699E-06,5.388875E-06,8.609341E-06
6949,-6.845212E-07,-5.682549E-06,1.530888E-06,5.924825E-06
6950,-1.110246E-05,2.517372E-06,-2.055474E-06,1.156835E-05
6951,7.669642E-06,-5.73652E-06,4.465312E-06,1.056741E-05
6952,-9.46021E-06,-2.193391E-06,-1.116063E-06,9.775077E-06
6953,-1.228367E-05,1.39486E-05,1.918127E-05,2.670905E-05
6954,0.989211,1.63122,5.627389,5.941964
6955,2.028189E-06,-1.913971E-06,2.184452E-06,3.54241E-06
6956,-1.452304E-06,3.275624E-06,2.817454E-07,3.594201E-06
6957,-5.641214E-06,6.483982E-07,5.312515E-06,7.776022E-06
6958,3.096401E-06,-8.514758E-07,1.556787E-06,3.568795E-06
6959,-2.781066E-06,-4.246696E-08,2.693886E-06,3.8721E-06
6960,4.985368E-06,8.314302E-07,-2.985856E-06,5.870308E-06
6961,-1.130474E-06,3.993376E-06,-4.322623E-07,4.172754E-06
6962,-2.778589E-06,-4.481432E-08,2.688444E-06,3.866561E-06
6963,-7.01281E-07,-2.002905E-06,9.029499E-07,2.30624E-06
6964,-0.2069137,-0.07138936,0.1146243,0.2470799
6965,0.0007297295,0.001931014,0.01008467,0.01029378
6966,-9.034217E-07,-1.24013E-06,1.654564E-06,2.256474E-06
6967,-3.195328E-06,4.943268E-07,-1.864847E-07,3.238712E-06
6968,2.927847E-06,7.15781E-07,-1.121982E-06,3.216127E-06
6969,2.581176E-06,3.482621E-06,3.997733E-06,5.896863E-06
6970,2.308734E-06,-1.071677E-07,2.658736E-06,3.52287E-06
6971,-1.619164E-06,9.824327E-07,-1.00421E-06,2.143666E-06
6972,-9.582546E-07,-1.278772E-06,1.918994E-07,1.609452E-06
6973,-4.743432E-06,7.608199E-07,2.755201E-06,5.538061E-06
6974,-9.565637E-07,-1.275818E-06,1.95167E-07,1.606492E-06
6975,4.975977E-06,4.629332E-06,1.335257E-06,6.926325E-06
6976,-3.132518E-06,-1.596187E-06,-9.657131E-07,3.645968E-06
6977,-1.058096E-05,1.827183E-05,-4.068607E-06,2.15028E-05
6978,-6.663376E-06,1.973225E-05,-4.329511E-06,2.127221E-05
6979,-1.525528E-06,-5.29622E-06,-5.474417E-06,7.768296E-06
6980,-5.435666E-06,1.339789E-06,-1.306174E-05,1.421093E-05
6981,-3.668255E-06,-2.724423E-06,3.306301E-06,5.640053E-06
6982,2.757939E-07,6.345682E-06,-7.110041E-06,9.533962E-06
6983,0.009844311,-0.04827214,0.004320103,0.04945476
6984,5.522748E-06,-6.680492E-07,9.023772E-06,1.060073E-05
6985,2.659059E-06,-4.017935E-06,2.083966E-06,5.249506E-06
6986,-3.784626E-06,-3.314638E-06,-2.721215E-07,5.038281E-06
6987,3.379665E-06,1.313011E-06,-5.658461E-06,6.72044E-06
6988,1.698681E-06,6.370464E-06,-5.098222E-06,8.334278E-06
6989,-2.956352E-06,2.057556E-06,1.817116E-06,4.034287E-06
6990,3.917682E-06,-8.424794E-07,-6.361123E-06,7.518104E-06
6991,-2.482938E-06,-4.781834E-06,1.642395E-06,5.632795E-06
6992,-1.179548E-05,-2.372633E-06,-1.930373E-05,2.274635E-05
6993,0.001251382,0.001437119,0.002377916,0.003047254
6994,-1.169504E-05,-2.368611E-06,-1.933425E-05,2.271998E-05
6995,0.0001252374,0.0002226091,0.0004798978,0.0005436369
6996,9.468347E-07,2.453158E-06,3.225091E-05,3.235793E-05
6997,9.245733E-07,2.464623E-06,3.224296E-05,3.235024E-05
6998,2.309294E-06,-2.680521E-06,2.598988E-07,3.547616E-06
6999,1.237359E-06,-1.025547E-06,2.011287E-06,2.574506E-06
7000,-3.322697E-07,-3.565229E-07,-5.911084E-08,4.909234E-07
7001,-1.004926E-06,3.137411E-07,3.374809E-07,1.105533E-06
7002,-4.939999E-06,8.901798E-07,-1.183902E-06,5.15729E-06
7003,-4.623417E-07,2.772147E-06,-3.84365E-06,4.761534E-06
7004,2.304727E-06,5.214946E-07,2.360357E-06,3.339911E-06
7005,3.015331E-06,1.948435E-06,7.386907E-08,3.590833E-06
7006,-4.425274E-07,-4.06677E-07,3.48132E-06,3.532818E-06
7007,-5.371421E-06,4.711168E-06,4.323056E-06,8.350813E-06
7008,-9.264451E-06,-2.951219E-06,7.582219E-06,1.233004E-05
7009,-2.009222E-06,-6.403071E-06,-1.80024E-06,6.948176E-06
7010,6.188642E-06,8.975057E-06,7.106599E-06,1.301363E-05
7011,-3.280301E-06,6.996051E-06,1.658837E-06,7.902964E-06
7012,-9.265664E-06,-2.952409E-06,7.585633E-06,1.233333E-05
7013,2.881806E-06,-3.291086E-07,-4.781521E-06,5.592501E-06
7014,-1.963156E-06,2.217212E-06,4.82343E-07,3.000444E-06
7015,0.191182,0.01959231,0.004684343,0.1922404
7016,1.05067E-06,-6.454387E-07,3.260159E-07,1.275454E-06
7017,-6.990284E-06,2.551838E-06,9.885804E-07,7.50688E-06
7018,-1.287656E-06,-1.428495E-06,6.094245E-07,2.017438E-06
7019,4.468021E-07,1.810983E-06,-5.278567E-06,5.598443E-06
7020,-2.95672E-08,2.979006E-06,1.947964E-06,3.559482E-06
7021,2.633474E-06,1.500223E-06,4.052994E-06,5.060891E-06
7022,-1.288992E-06,-1.427158E-06,6.17719E-07,2.019866E-06
7023,5.149679E-08,2.290965E-06,-3.480588E-06,4.167213E-06
7024,-6.980663E-08,4.975353E-06,-2.347764E-06,5.501909E-06
7025,-0.007920622,-0.002025989,0.00251539,0.008553834
7026,0.02997328,-0.004559746,0.02337829,0.0382849
7027,-0.0002504998,0.0004409958,-1.436535E-05,0.0005073794
7028,8.098636E-07,1.932384E-05,-6.739215E-07,1.935254E-05
7029,-0.0002108609,-0.0003621948,-0.001032018,0.001113871
7030,8.360221E-07,1.925795E-05,-6.853614E-07,1.928827E-05
7031,-1.672839E-06,-2.74168E-06,-3.075295E-05,3.09202E-05
7032,-1.6732E-06,-2.738832E-06,-3.074386E-05,3.091093E-05
7033,-9.87326E-05,0.001735585,0.0003129497,0.001766335
7034,-2.956699E-06,3.759914E-06,-7.90383E-07,4.848065E-06
7035,-2.584213E-06,3.790166E-06,-8.401786E-08,4.588091E-06
7036,-1.000572E-06,-3.816849E-07,-9.706462E-07,1.445331E-06
7037,-9.949001E-07,-3.895832E-07,-9.726326E-07,1.444858E-06
7038,-3.130794E-07,8.087679E-07,-7.407926E-07,1.140569E-06
7039,-3.914794E-06,1.028285E-06,-2.001515E-06,4.515422E-06
7040,1.613823E-06,-6.840863E-07,2.473273E-07,1.770189E-06
7041,-2.101361E-07,-5.192982E-07,-1.202238E-06,1.32635E-06
7042,-1.808183E-06,8.614258E-07,-1.994252E-06,2.826415E-06
7043,-5.437643E-07,1.998591E-06,-1.112619E-06,2.351163E-06
7044,2.991599E-06,4.359953E-06,-1.07742E-05,1.200176E-05
7045,-3.683891E-07,-1.003208E-06,-8.343489E-06,8.411655E-06
7046,3.409058E-06,4.533669E-06,-8.282107E-06,1.003838E-05
7047,-2.561268E-06,3.59235E-06,-7.828084E-07,4.480833E-06
7048,-3.870561E-06,1.142398E-06,3.371976E-06,5.258948E-06
7049,3.302245E-06,-2.85228E-06,-1.570768E-06,4.637633E-06
7050,2.175992E-06,-5.992724E-06,-7.290228E-07,6.417099E-06
7051,-7.738274E-07,-6.711944E-06,-9.885154E-06,1.197352E-05
7052,-7.561441E-06,2.263977E-07,2.855054E-06,8.085665E-06
7053,-1.07732E-07,2.504014E-07,-9.300616E-06,9.304609E-06
7054,2.579473E-07,1.034048E-06,-2.325275E-06,2.55787E-06
7055,-1.123661E-07,2.392191E-07,-9.298449E-06,9.302204E-06
7056,-2.994466E-06,9.983854E-08,-1.599416E-05,1.627237E-05
7057,-1.848512E-06,6.800737E-07,-1.01298E-05,1.031951E-05
7058,0.007720891,-0.00390448,0.009551293,0.01288737
7059,-2.422969E-05,3.435932E-05,3.303997E-09,4.204332E-05
7060,7.78936E-06,1.952434E-05,-1.068481E-07,2.102107E-05
7061,7.798339E-06,1.951249E-05,2.345844E-08,2.101314E-05
7062,-2.422835E-05,3.436504E-05,5.801394E-09,4.204722E-05
7063,1.178596E-06,-3.592471E-06,7.627593E-07,3.857037E-06
7064,-3.845682E-06,3.8833E-06,-4.845327E-06,7.303868E-06
7065,-1.46994E-06,-4.355646E-06,2.935902E-06,5.45453E-06
7066,-3.019526E-06,1.255144E-06,-8.933753E-07,3.389844E-06
7067,-6.559392E-07,3.464359E-06,3.373624E-06,4.879896E-06
7068,4.552723E-06,-3.603458E-06,6.349595E-06,8.604043E-06
7069,1.835395E-06,2.925379E-06,2.192388E-07,3.460431E-06
7070,-1.746815E-06,-3.116415E-06,-5.18285E-06,6.294866E-06
7071,-9.43926E-06,-5.338846E-07,1.645139E-06,9.596413E-06
7072,-6.602639E-07,3.467007E-06,3.370724E-06,4.880355E-06
7073,0.008974934,-0.00135662,-0.0009250561,0.009123902
7074,-1.484532E-06,-1.898453E-05,5.138639E-06,1.972364E-05
7075,-2.72713E-05,-2.020042E-05,3.404937E-05,4.807432E-05
7076,-1.343093E-06,-1.893932E-05,5.126519E-06,1.96668E-05
7077,-2.727201E-05,-2.019963E-05,3.404864E-05,4.807387E-05
7078,-1.22072E-06,-1.50816E-06,-3.641015E-07,1.974152E-06
7079,1.425376E-07,-2.648754E-06,-1.508552E-05,1.531696E-05
7080,-2.100316E-06,-7.9084E-07,-1.570041E-05,1.586E-05
7081,8.6893E-07,-7.674004E-07,-1.630899E-05,1.635014E-05
7082,-3.865554E-06,-3.276925E-06,-1.761005E-05,1.83247E-05
7083,-1.805143E-06,-1.712514E-07,-1.930284E-06,2.648371E-06
7084,1.410344E-07,-2.656747E-06,-1.508632E-05,1.531911E-05
7085,-2.098317E-06,-7.782618E-07,-1.570215E-05,1.586083E-05
7086,-1.352579E-06,-1.247271E-06,-5.730013E-06,6.018156E-06
7087,-1.891481E-06,3.429146E-06,-6.155731E-06,7.295873E-06
7088,-2.972825E-06,3.673124E-06,-6.675044E-06,8.17837E-06
7089,1.31611E-06,-9.028334E-07,-6.30145E-06,6.500425E-06
7090,1.975256E-06,5.116536E-07,-5.652478E-06,6.009487E-06
7091,-1.564845E-07,6.43037E-07,-6.452743E-06,6.486593E-06
7092,-3.721013E-07,-1.073745E-06,-7.299372E-06,7.387301E-06
7093,-3.398508E-09,3.158531E-06,-7.104828E-06,7.775276E-06
7094,-2.522904E-07,1.116421E-06,-7.999125E-06,8.080597E-06
7095,-0.0001410793,0.0002636358,0.0007095666,0.0007699947
7096,-5.099135E-06,-1.168803E-05,-1.867652E-05,2.261467E-05
7097,-0.0004815489,0.0003140921,-0.0005970144,0.0008288362
7098,-4.962442E-06,-1.256483E-05,-1.859662E-05,2.298554E-05
7099,-5.281564E-06,3.126787E-06,-3.631202E-06,7.131433E-06
7100,2.021759E-06,-1.865353E-06,-2.802054E-06,3.926647E-06
7101,-3.401755E-07,1.008296E-06,-1.119829E-06,1.544797E-06
7102,9.106395E-07,-5.389066E-07,-4.265791E-08,1.059011E-06
7103,5.703712E-06,-1.337011E-06,4.027224E-06,7.109041E-06
7104,1.167072E-06,-1.358528E-06,3.999392E-06,4.3821E-06
7105,2.439006E-06,-1.973142E-06,1.186658E-06,3.354132E-06
7106,-1.456605E-06,1.17329E-06,4.743937E-06,5.099338E-06
7107,-4.143587E-06,-1.137123E-06,-4.218869E-06,6.021729E-06
7108,2.91036E-05,-1.159757E-05,-4.51395E-06,3.165279E-05
7109,3.032686E-05,-2.236802E-06,1.394176E-05,3.345287E-05
7110,-0.07331564,0.0377261,-0.01586406,0.08396493
7111,0.009305052,-0.02071796,0.09154603,0.09432122
7112,-1.61769E-05,3.759538E-05,7.721612E-06,4.165006E-05
7113,-1.620144E-05,3.764717E-05,7.737391E-06,4.170927E-05
7114,0.0003155493,0.002204691,-1.633992E-05,0.002227218
7115,-3.143157E-05,-2.174319E-05,-7.179649E-06,3.888775E-05
7116,1.056217E-05,1.571448E-05,-4.900651E-06,1.955814E-05
7117,2.728333E-05,1.336722E-06,5.198617E-06,2.780635E-05
7118,-2.040305E-05,3.928678E-05,1.464691E-05,4.662904E-05
7119,-1.89448E-05,-4.259031E-06,6.759034E-06,2.056038E-05
7120,-1.893993E-05,-4.234945E-06,6.76831E-06,2.055397E-05
7121,-2.040308E-05,3.929007E-05,1.46527E-05,4.663364E-05
7122,1.41941E-05,-1.572758E-06,-1.28277E-05,1.919625E-05
7123,6.372798E-07,-2.443143E-06,-3.620411E-06,4.413892E-06
7124,-2.199615E-06,3.634965E-06,-1.058973E-06,4.378664E-06
7125,-5.101828E-06,8.807965E-07,-3.741615E-07,5.190805E-06
7126,4.854804E-06,-6.506711E-07,2.932765E-06,5.709081E-06
7127,1.521722E-06,5.133963E-07,9.269847E-07,1.854323E-06
7128,-1.146879E-06,4.026235E-06,7.640068E-07,4.255538E-06
7129,1.550487E-06,2.175198E-06,1.347169E-06,2.991715E-06
7130,2.726794E-05,5.718887E-06,1.629893E-05,3.22785E-05
7131,2.264732E-05,-3.670982E-05,2.968478E-05,5.236123E-05
7132,1.860283E-05,1.62205E-05,-8.232834E-06,2.601826E-05
7133,2.153688E-05,2.842601E-06,1.985846E-05,2.943257E-05
7134,-0.005927088,0.03913521,0.03232602,0.05110447
7135,6.980727E-06,1.874538E-05,8.035542E-06,2.155667E-05
7136,-5.510584E-05,6.696693E-05,-1.099065E-05,8.741864E-05
7137,-5.240981E-07,6.032901E-05,4.020303E-05,7.249929E-05
7138,1.115866E-05,-2.118416E-06,-1.289881E-05,1.71867E-05
7139,-6.418973E-06,7.474282E-06,1.994075E-06,1.005209E-05
7140,3.806111E-06,1.676649E-05,3.376972E-07,1.719639E-05
7141,3.806185E-06,1.676498E-05,3.288934E-07,1.719476E-05
7142,-1.623637E-05,1.690112E-07,2.125883E-05,2.675045E-05
7143,-1.622992E-05,1.538565E-07,2.126443E-05,2.675089E-05
7144,1.712894E-07,5.661453E-06,2.30994E-05,2.378368E-05
7145,6.298416E-06,-3.075661E-06,2.913427E-05,2.996557E-05
7146,6.328099E-06,-3.073339E-06,2.909731E-05,2.993566E-05
7147,0.0008557169,-0.002265172,-0.002818182,0.003715563
7148,-0.0001824408,0.0002434134,0.0001495653,0.0003389757
7149,4.041959E-05,2.622934E-05,9.84134E-06,4.917899E-05
7150,-2.709371E-05,3.204586E-07,-1.403763E-05,3.051601E-05
7151,1.473757E-05,8.946845E-06,6.685172E-06,1.849144E-05
7152,-2.419347E-05,2.576452E-07,4.136832E-06,2.454596E-05
7153,-1.542458E-05,1.335737E-05,1.811347E-05,2.728434E-05
7154,-2.419571E-05,2.399418E-07,4.133312E-06,2.454738E-05
7155,-1.54294E-05,1.334743E-05,1.811869E-05,2.728566E-05
7156,1.48377E-05,8.809146E-06,6.578478E-06,1.846712E-05
7157,-3.309609E-05,-1.185846E-09,1.48881E-05,3.629058E-05
7158,-7.092027E-06,4.596147E-07,-2.827011E-06,7.648535E-06
7159,-1.46969E-06,-1.272299E-06,-2.515717E-06,3.179239E-06
7160,2.240002E-06,1.610541E-06,-1.621822E-06,3.200275E-06
7161,-9.963438E-07,-3.566601E-06,1.461048E-06,3.980955E-06
7162,-2.486084E-07,3.307625E-06,-1.758111E-06,3.754083E-06
7163,-7.096585E-06,4.621413E-07,-2.830798E-06,7.654314E-06
7164,-3.652624E-06,-2.133336E-06,1.766573E-06,4.584055E-06
7165,-9.919128E-07,-3.564608E-06,1.465283E-06,3.97962E-06
7166,9.349338E-08,3.533458E-06,-2.725569E-06,4.463495E-06
7167,-3.766948E-06,-4.44984E-06,2.854993E-06,6.491684E-06
7168,1.379963E-06,-2.395499E-06,-2.356405E-06,3.632542E-06
7169,1.529809E-05,2.931056E-05,1.100085E-06,3.308097E-05
7170,1.526448E-05,2.932625E-05,1.076517E-06,3.307857E-05
7171,-7.560803E-06,1.958858E-05,4.790892E-07,2.100256E-05
7172,1.724706E-05,1.264884E-05,3.863296E-06,2.173429E-05
7173,1.775127E-05,7.664378E-06,1.026655E-05,2.189183E-05
7174,1.507677E-05,1.322698E-05,7.101278E-06,2.127652E-05
7175,0.701942,0.08115586,0.08923811,0.7122305
7176,0.04728882,0.1254834,0.04246886,0.1406624
7177,-2.2491E-06,-3.525136E-06,-1.743426E-06,4.530405E-06
7178,3.109806E-06,1.378574E-05,8.977424E-06,1.674251E-05
7179,-9.757421E-06,2.530026E-05,2.091113E-05,3.424304E-05
7180,3.946656E-07,-4.634788E-06,-2.968482E-06,5.518053E-06
7181,-8.817361E-06,5.271478E-06,4.411503E-06,1.118015E-05
7182,7.130443E-06,2.125884E-06,-4.943935E-06,8.93337E-06
7183,-8.818881E-06,5.275818E-06,4.419997E-06,1.118675E-05
7184,-9.753846E-06,2.529691E-05,2.089751E-05,3.423122E-05
7185,0.1462595,0.07407999,-0.01038142,0.1642786
7186,-1.293872E-07,1.418663E-05,4.971304E-06,1.5033E-05
7187,-4.009398E-06,-1.188303E-06,-2.769911E-06,5.015949E-06
7188,-4.014608E-06,-1.180117E-06,-2.769239E-06,5.017813E-06
7189,1.255465E-05,-1.388497E-06,-1.080098E-05,1.661952E-05
7190,-1.157031E-07,1.418342E-05,4.966126E-06,1.502815E-05
7191,0.000553627,0.000266913,0.0007892241,0.00100031
7192,0.0007578001,0.0009300342,0.0002017465,0.001216522
7193,-2.66188E-05,-3.604172E-06,1.988879E-05,3.342326E-05
7194,-5.185615E-06,1.365578E-05,-1.076944E-06,1.464687E-05
7195,3.532639E-05,2.128834E-05,-4.194762E-05,5.882814E-05
7196,-5.183792E-06,1.364582E-05,-1.073741E-06,1.46367E-05
7197,-2.288786E-05,-1.622039E-08,-2.634041E-05,3.489515E-05
7198,-1.699443E-05,1.305633E-05,-1.095158E-05,2.406689E-05
7199,5.111983E-05,6.60849E-07,-7.397216E-06,5.165649E-05
7200,9.561687E-06,1.282478E-06,1.920793E-05,2.149454E-05
7201,4.731156E-06,1.191186E-06,3.913315E-05,3.94361E-05
7202,6.275229E-06,4.171415E-07,-7.569971E-06,9.841594E-06
7203,4.712762E-06,1.272169E-06,3.912799E-05,3.943131E-05
7204,6.234972E-06,-2.389993E-06,-7.548006E-06,1.007767E-05
7205,9.554773E-06,1.407127E-06,1.921894E-05,2.15091E-05
7206,-1.435994E-06,4.198523E-06,1.893969E-06,4.824603E-06
7207,-9.957831E-08,-3.99048E-06,2.638115E-06,4.784715E-06
7208,5.929193E-07,3.728307E-06,-2.16027E-06,4.349551E-06
7209,4.605989E-06,-2.174233E-06,-3.562846E-06,6.215811E-06
7210,2.319392E-06,-5.412043E-07,-3.094055E-06,3.904569E-06
7211,4.606666E-06,-2.174849E-06,-3.561873E-06,6.215969E-06
7212,2.315236E-06,-5.417888E-07,-3.083166E-06,3.893555E-06
7213,-1.864214E-06,2.204063E-07,-2.475607E-06,3.106848E-06
7214,-1.892999E-06,-4.346552E-06,-3.647728E-06,5.981795E-06
7215,1.334067E-06,-1.127498E-06,-5.323E-06,5.60226E-06
7216,2.727073E-05,1.860169E-05,4.417505E-07,3.30138E-05
7217,2.710128E-05,1.852704E-05,6.200023E-07,3.283466E-05
7218,-7.042702E-06,4.202055E-05,-2.815736E-05,5.107018E-05
7219,1.980435E-05,3.717283E-05,3.735361E-06,4.228456E-05
7220,2.787122E-05,1.614554E-05,-1.77718E-05,3.67875E-05
7221,2.78905E-05,1.614087E-05,-1.779422E-05,3.681089E-05
7222,0.02034575,0.007561611,-0.002344004,0.02183167
7223,-3.509978E-06,1.818132E-06,-6.25363E-06,7.398205E-06
7224,6.958961E-06,2.484229E-06,2.892212E-06,7.934949E-06
7225,2.245915E-06,6.139252E-06,1.393883E-06,6.68412E-06
7226,6.711175E-06,5.17453E-06,-2.141895E-07,8.477116E-06
7227,1.53316E-06,-4.803025E-06,-4.606538E-07,5.062789E-06
7228,2.127379E-06,-6.487713E-07,3.809492E-06,4.411221E-06
7229,-7.512434E-06,-5.013131E-07,4.370908E-06,8.705907E-06
7230,2.250316E-06,6.138601E-06,1.394569E-06,6.685145E-06
7231,1.266489E-06,-2.793932E-06,-3.562801E-07,3.088201E-06
7232,2.837089E-06,-5.012078E-06,9.956561E-07,5.844769E-06
7233,2.842251E-06,-4.971871E-06,1.007425E-06,5.814877E-06
7234,-1.413499E-06,-1.368E-05,4.118111E-06,1.435616E-05
7235,6.805647E-06,5.581129E-06,1.593119E-05,1.820078E-05
7236,-2.729149E-06,-1.135322E-05,-2.477414E-06,1.193656E-05
7237,6.805705E-06,5.58147E-06,1.594234E-05,1.821068E-05
7238,-4.689485E-07,5.719421E-07,-2.995651E-06,3.085605E-06
7239,-1.410172E-06,-1.368271E-05,4.120054E-06,1.435897E-05
7240,1.301918E-05,3.398876E-05,1.590322E-05,3.971961E-05
7241,1.299996E-05,3.397435E-05,1.594056E-05,3.971595E-05
7242,-3.03601E-07,-8.117544E-06,-4.787551E-07,8.137315E-06
7243,-1.078969E-05,2.712665E-06,4.863206E-06,1.214195E-05
7244,-1.078689E-05,2.714561E-06,4.85763E-06,1.213764E-05
7245,0.001509701,-0.0008067235,-0.0008498678,0.001911093
7246,-2.474581E-05,-1.340807E-07,2.770302E-06,2.490075E-05
7247,3.853573E-05,-2.480556E-07,1.26492E-05,4.055942E-05
7248,4.30501E-05,-6.978002E-06,-1.160029E-05,4.512838E-05
7249,4.117021E-05,-1.329421E-05,7.840852E-06,4.396819E-05
7250,-4.16408E-05,-2.083651E-06,5.902141E-06,4.210859E-05
7251,-1.117807E-05,1.229916E-05,1.140422E-05,2.015625E-05
7252,-9.849648E-06,-6.368381E-07,-3.562171E-06,1.049334E-05
7253,-8.721205E-06,1.698525E-07,7.523663E-06,1.151928E-05
7254,-3.747289E-08,-1.12238E-07,8.31592E-06,8.316762E-06
7255,6.412547E-06,2.136991E-07,5.015106E-06,8.143568E-06
7256,6.022497E-06,1.273767E-07,5.161551E-06,7.932736E-06
7257,-3.524694E-08,-1.056757E-07,8.313617E-06,8.314364E-06
7258,-8.706586E-06,-7.356975E-07,7.502919E-06,1.151693E-05
7259,-9.847236E-06,-9.924685E-07,-3.543078E-06,1.051221E-05
7260,1.213218E-06,-9.480572E-07,-1.463698E-05,1.471774E-05
7261,-5.05638E-07,4.688625E-07,-1.172053E-05,1.17408E-05
7262,-6.182087E-07,-1.569268E-06,-1.2691E-05,1.280258E-05
7263,-4.233509E-07,-4.383544E-07,-1.429978E-05,1.431276E-05
7264,-2.108621E-06,4.994617E-06,-5.155871E-06,7.481677E-06
7265,-4.289482E-07,-4.281968E-07,-1.429568E-05,1.430852E-05
7266,-1.237309E-06,8.16916E-07,-1.381425E-05,1.389359E-05
7267,-1.739485E-06,-2.175671E-06,-1.524393E-05,1.549635E-05
7268,-4.672237E-06,-6.926094E-06,-1.92455E-06,8.573475E-06
7269,3.803277E-06,4.591579E-06,-1.094061E-06,6.061723E-06
7270,-6.624717E-06,-7.068298E-07,-1.773646E-07,6.664679E-06
7271,-6.63015E-06,-7.048981E-07,-1.807796E-07,6.669966E-06
7272,3.800295E-06,4.598615E-06,-1.09946E-06,6.066162E-06
7273,-4.670844E-06,-6.922043E-06,-1.923632E-06,8.569237E-06
7274,-2.039638E-06,-4.978322E-08,-5.657211E-06,6.01387E-06
7275,-2.037233E-06,-5.332857E-08,-5.657215E-06,6.013089E-06
7276,-9.275251E-06,1.531216E-05,0.0002776199,0.0002781965
7277,0.0002565335,-9.788078E-05,0.0008043084,0.0008498836
7278,-0.0005257635,0.0002341821,-0.0004623302,0.0007382532
7279,-0.0003406597,-0.0006108973,-0.0002730091,0.0007508519
7280,-3.228714E-06,4.17769E-07,1.066274E-06,3.425794E-06
7281,-5.7647E-07,5.745489E-07,-4.410636E-06,4.485102E-06
7282,-5.799221E-07,5.805827E-07,-4.411737E-06,4.487405E-06
7283,2.624769E-06,3.538166E-06,-4.363109E-08,4.405671E-06
7284,3.880891E-06,-6.378768E-06,-1.757884E-06,7.670734E-06
7285,-4.366416E-06,1.316872E-06,-6.172163E-07,4.602249E-06
7286,8.04377E-07,1.58648E-06,-1.971559E-06,2.655369E-06
7287,2.627258E-06,3.540775E-06,-4.677441E-08,4.409281E-06
7288,0.02809937,0.006033479,0.006408551,0.02944566
7289,-1.996517E-06,8.025461E-06,3.163375E-06,8.854437E-06
7290,-2.163582E-06,1.000743E-05,-2.894609E-06,1.063994E-05
7291,-1.184967E-06,-2.351537E-05,-2.036327E-06,2.36331E-05
7292,1.487149E-07,-2.330945E-06,-3.766864E-06,4.432232E-06
7293,1.481302E-07,-2.330507E-06,-3.771209E-06,4.435676E-06
7294,8.575288E-07,-2.707206E-05,-3.576042E-06,2.732068E-05
7295,2.587688E-07,-1.139696E-06,3.050908E-06,3.267095E-06
7296,2.583673E-07,-1.153286E-06,3.058803E-06,3.279192E-06
7297,0.0005925909,0.003680945,0.001356228,0.003967351
7298,0.0001047213,0.0007264736,0.0003612548,0.0008180681
7299,7.552721E-06,2.744529E-06,1.208494E-05,1.451281E-05
7300,-1.232095E-05,-2.838619E-07,-1.252825E-05,1.757394E-05
7301,-8.520268E-06,9.731332E-06,-5.146346E-06,1.392044E-05
7302,1.563699E-07,1.744506E-05,2.3367E-06,1.760155E-05
7303,-8.521735E-06,9.729149E-06,-5.149299E-06,1.39209E-05
7304,4.753403E-07,1.741644E-05,2.424465E-06,1.75908E-05
7305,-2.260281E-05,7.495982E-06,1.316577E-06,2.384974E-05
7306,-8.488574E-06,-6.170148E-06,-8.556404E-07,1.052895E-05
7307,2.866493E-07,8.324205E-07,1.452469E-06,1.698458E-06
7308,5.285451E-07,-7.401974E-07,-1.961903E-06,2.162479E-06
7309,5.197099E-07,-1.276136E-06,-1.953536E-06,2.390591E-06
7310,2.978827E-07,8.043306E-07,1.456016E-06,1.689871E-06
7311,-0.0003565866,-0.001844008,0.002223312,0.002910436
7312,-1.36867E-05,-3.074378E-05,4.698104E-05,5.779034E-05
7313,-1.353001E-05,-3.061185E-05,4.69949E-05,5.76946E-05
7314,-2.229517E-05,-4.734543E-05,1.496334E-05,5.442946E-05
7315,-4.922461E-06,-5.463243E-06,-3.755036E-06,8.256993E-06
7316,3.326264E-06,6.95894E-06,5.989071E-06,9.765236E-06
7317,1.908841E-06,-4.928521E-06,-8.053875E-07,5.346274E-06
7318,-4.904807E-07,-8.872578E-07,8.1498E-07,1.300765E-06
7319,-8.311521E-07,-5.026423E-06,-1.614676E-06,5.344429E-06
7320,-1.503386E-06,3.276279E-07,2.427591E-06,2.874145E-06
7321,-5.126492E-06,5.345478E-06,5.15997E-06,9.026647E-06
7322,-3.66417E-06,3.560843E-07,-4.635513E-06,5.919537E-06
7323,3.441561E-06,-8.23617E-06,3.367993E-06,9.540557E-06
7324,1.198445E-06,-1.557405E-05,-2.695135E-06,1.58509E-05
7325,8.181831E-07,-6.33457E-06,-3.801659E-07,6.398494E-06
7326,4.735444E-06,-1.038611E-05,2.982051E-06,1.179781E-05
7327,-1.99174E-06,-1.227341E-05,-3.743125E-07,1.24396E-05
7328,7.96455E-08,-1.759502E-05,-1.771122E-06,1.768412E-05
7329,3.446831E-06,-8.212191E-06,3.367592E-06,9.521627E-06
7330,-5.149791E-06,1.787343E-05,3.232653E-06,1.887935E-05
7331,0.01012722,0.005325038,0.0002430601,0.01144447
7332,-5.335686E-05,8.423843E-05,-0.0002598451,0.0002783209
7333,0.0003742571,0.0001230616,0.0004396927,0.0005903746
7334,-4.071962E-05,1.939671E-05,7.815262E-06,4.577552E-05
7335,8.569274E-05,-7.184173E-06,-1.813697E-05,8.78852E-05
7336,-6.589056E-06,1.633423E-05,-2.158181E-06,1.774487E-05
7337,-1.594531E-05,1.60773E-05,-2.131135E-05,3.109512E-05
7338,-2.797345E-05,4.283776E-06,-8.381231E-06,2.951457E-05
7339,-2.672279E-06,5.137376E-07,-4.768361E-06,5.490197E-06
7340,1.121819E-06,-4.27906E-07,2.988323E-06,3.220506E-06
7341,1.28337E-07,5.231994E-07,4.871235E-07,7.262901E-07
7342,-1.100073E-06,4.606508E-07,4.307891E-07,1.268045E-06
7343,2.521283E-06,5.965701E-07,4.604028E-06,5.282976E-06
7344,2.527887E-06,6.931449E-07,4.605056E-06,5.298793E-06
7345,-2.703498E-06,4.794744E-07,-4.776923E-06,5.50979E-06
7346,-0.0003930282,2.167537E-05,-0.0005417295,0.0006696356
7347,-3.083647E-05,2.359298E-05,-2.215999E-05,4.47055E-05
7348,-2.330143E-05,2.881829E-05,-2.726177E-07,3.70611E-05
7349,-0.0001016877,0.0001635001,-0.0001310989,0.0002329369
7350,-2.330451E-05,2.872154E-05,-2.667024E-07,3.698781E-05
7351,1.591275E-05,3.682295E-07,-2.559131E-05,3.013746E-05
7352,1.5934E-05,6.820855E-07,-2.556371E-05,3.013073E-05
7353,-2.964538E-06,-5.455698E-06,6.454896E-07,6.242578E-06
7354,-1.379503E-06,8.767353E-06,9.14778E-07,8.922239E-06
7355,1.339195E-06,-5.622608E-06,-3.204813E-06,6.608932E-06
7356,-4.471909E-06,2.166844E-06,9.032777E-07,5.050652E-06
7357,-3.558407E-06,1.67417E-06,-2.570805E-06,4.698313E-06
7358,3.316162E-06,-6.403897E-06,-2.271613E-06,7.56089E-06
7359,-2.176531E-06,1.046737E-06,3.773441E-06,4.480156E-06
7360,-2.973989E-06,-5.45115E-06,6.425634E-07,6.242799E-06
7361,0.132677,0.8637866,0.2115921,0.8991672
7362,-4.021912E-07,3.474901E-06,1.286346E-06,3.727115E-06
7363,4.937367E-06,-1.042225E-05,-3.943471E-07,1.153934E-05
7364,-3.145136E-06,5.802768E-06,5.221931E-06,8.416208E-06
7365,3.712773E-07,6.015034E-06,-1.218484E-06,6.14843E-06
7366,2.978449E-06,-1.721054E-05,2.324348E-06,1.762034E-05
7367,-1.282564E-07,-1.110287E-05,5.374956E-06,1.233614E-05
7368,-2.303178E-06,-7.166189E-06,-8.34187E-07,7.573293E-06
7369,-3.993633E-07,-8.532047E-06,-1.792266E-06,8.727401E-06
7370,-3.992815E-07,-8.535336E-06,-1.788876E-06,8.729918E-06
7371,5.198915E-06,-9.724033E-06,-1.295395E-06,1.110241E-05
7372,-9.961151E-07,1.22184E-06,9.58982E-07,1.845206E-06
7373,-9.976244E-07,1.235577E-06,9.575444E-07,1.854399E-06
7374,0.0007677631,0.0004279209,9.7624E-05,0.0008843681
7375,0.000165076,0.0005381262,-9.057707E-05,0.0005701176
7376,0.0003578392,-0.0001864458,6.852001E-05,0.0004092748
7377,-7.522626E-05,-5.614452E-05,-5.252317E-05,0.0001075634
7378,0.0004192,-0.0004695813,0.0001878121,0.0006568931
7379,3.609321E-05,-6.393074E-06,-1.965824E-05,4.159372E-05
7380,1.677167E-06,1.110083E-07,7.620994E-07,1.845537E-06
7381,-1.066926E-06,-6.504534E-07,-1.046466E-06,1.629881E-06
7382,-1.961189E-06,1.655079E-07,-8.947626E-07,2.162003E-06
7383,-1.583572E-06,5.205505E-08,2.050665E-07,1.597643E-06
7384,-2.812542E-06,3.963127E-07,-2.042093E-07,2.847658E-06
7385,-6.037102E-07,9.697237E-08,-6.862783E-08,6.152881E-07
7386,-0.07444246,0.2155296,0.4132206,0.4719597
7387,-0.0007336031,-0.004055379,-0.001301159,0.004321723
7388,2.499789E-05,0.0003191323,0.0003159582,0.0004497776
7389,-2.763953E-05,8.322763E-05,-5.663452E-06,8.787978E-05
7390,-3.040375E-06,7.424352E-07,-7.251994E-06,7.898513E-06
7391,-6.352425E-07,-2.561889E-07,-1.020333E-05,1.022629E-05
7392,6.465793E-07,-4.736513E-06,-4.55686E-06,6.604362E-06
7393,-6.267969E-07,-2.675636E-07,-1.020137E-05,1.022411E-05
7394,1.677555E-06,9.407003E-07,-3.467059E-06,3.964796E-06
7395,2.40382E-06,4.215789E-08,-5.511944E-06,6.013456E-06
7396,-1.051932E-06,6.432857E-07,3.295335E-07,1.276311E-06
7397,1.205697E-07,9.973452E-07,-8.846584E-06,8.903442E-06
7398,1.993631E-06,2.614352E-07,-1.301671E-05,1.317109E-05
7399,1.679162E-06,9.397883E-07,-3.458676E-06,3.957932E-06
7400,-17.84955,-8.866275,-2.768883,20.12173
7401,8.856496E-07,-8.332833E-06,9.509811E-07,8.433555E-06
7402,8.825205E-07,-8.328069E-06,9.467765E-07,8.428046E-06
7403,-1.686937E-06,-9.213817E-06,1.482283E-06,9.48353E-06
7404,2.684477E-06,-2.196433E-07,2.874561E-06,3.939259E-06
7405,-2.034538E-06,-1.807193E-05,-3.0322E-07,1.818862E-05
7406,-1.687972E-06,-9.208326E-06,1.483872E-06,9.478628E-06
7407,-2.167558E-06,-3.359388E-07,-2.253647E-06,3.144851E-06
7408,-4.568472E-06,-1.466066E-05,2.00916E-06,1.548685E-05
7409,1.542857E-06,-7.802548E-06,1.988677E-07,7.956111E-06
7410,-9.340339E-08,2.009945E-06,-2.535102E-06,3.236564E-06
7411,-6.437089E-07,-1.081301E-05,1.045375E-06,1.088248E-05
7412,-6.385916E-07,-1.080465E-05,1.032391E-06,1.087263E-05
7413,4.246923E-07,-4.715362E-06,-1.904642E-06,5.103202E-06
7414,-4.376408E-05,0.0002522432,0.0002411891,0.0003517302
7415,-0.0002385771,0.0001198934,9.150587E-05,0.0002822531
7416,0.001294555,-0.0001050545,-0.0003745279,0.001351732
7417,-0.0004224677,0.001196016,-0.0003357088,0.00131211
7418,-0.0001588671,0.0001465698,-1.345725E-05,0.00021657
7419,1.636687E-07,2.728289E-07,1.152584E-06,1.19569E-06
7420,-2.444821E-06,3.377492E-07,1.2307E-06,2.75787E-06
7421,1.84517E-06,-9.587263E-07,-1.449734E-08,2.079428E-06
7422,3.574878E-07,1.189094E-06,-5.950232E-07,1.376879E-06
7423,2.590061E-07,3.112936E-07,6.367391E-08,4.099296E-07
7424,4.506316E-07,7.872968E-08,3.121835E-07,5.538283E-07
7425,-1.986762E-05,-4.820606E-05,3.497206E-05,6.278209E-05
7426,-6.16348E-05,2.621912E-05,3.409944E-05,7.516025E-05
7427,-3.443652E-05,3.784536E-05,-2.454069E-05,5.674848E-05
7428,-0.0001205384,2.827361E-05,-0.0001206261,0.0001728571
7429,-1.742078E-06,5.286366E-07,-9.601113E-06,9.772188E-06
7430,7.66755E-07,5.789961E-07,-1.197187E-05,1.201036E-05
7431,-2.633331E-06,3.123955E-06,-9.626885E-06,1.045803E-05
7432,-1.262852E-06,-4.430055E-08,-9.399754E-06,9.48431E-06
7433,-1.339262E-06,1.933674E-06,-1.127165E-05,1.151446E-05
7434,-1.336844E-06,1.926707E-06,-1.127175E-05,1.151311E-05
7435,2.565436E-07,3.391648E-07,-9.995603E-06,1.000465E-05
7436,-19.09646,11.56538,-0.05902018,22.32569
7437,7.531617E-07,-3.250913E-06,-5.658921E-06,6.569557E-06
7438,1.52526E-06,6.832288E-06,5.396028E-06,8.838761E-06
7439,3.787633E-07,-7.191294E-06,2.792322E-06,7.723679E-06
7440,-2.703022E-06,-8.098734E-06,-4.239399E-06,9.532488E-06
7441,-7.308944E-07,-9.477322E-06,5.490643E-06,1.097729E-05
7442,-2.844539E-06,-8.565812E-06,-8.113771E-08,9.026136E-06
7443,6.250571E-07,1.45525E-06,-1.021417E-06,1.884606E-06
7444,-1.393733E-06,-1.027161E-05,-1.067833E-07,1.036629E-05
7445,2.699405E-06,-6.211679E-06,1.028081E-07,6.773648E-06
7446,2.512385E-06,-1.567309E-05,-9.561671E-07,1.590195E-05
7447,0.0002505776,0.0004862357,-0.0002148619,0.0005876904
7448,-0.001407403,0.0004097009,-0.0004540716,0.001534542
7449,-1.303664E-06,-2.422832E-07,-7.458671E-07,1.521367E-06
7450,4.628893E-08,-1.387512E-07,3.064306E-08,1.494441E-07
7451,-8.348807E-07,-2.899242E-07,7.352932E-07,1.149669E-06
7452,2.643266E-06,9.338097E-08,6.470695E-09,2.644923E-06
7453,-1.301007E-06,-2.492887E-07,-3.357682E-07,1.366567E-06
7454,2.416695E-06,-7.975169E-08,-6.436581E-07,2.502213E-06
7455,-1.958121E-05,5.313807E-07,5.40926E-05,5.753013E-05
7456,-1.958104E-05,1.121177E-07,5.409245E-05,5.752758E-05
7457,0.112993,0.401183,-0.2514116,0.4867474
7458,-0.002150601,0.02562601,-0.02317542,0.03461817
7459,0.000102851,5.022445E-05,-3.350998E-05,0.0001192633
7460,-3.12277E-05,3.490936E-05,1.355468E-05,4.876025E-05
7461,8.919209E-05,8.69515E-05,-2.733417E-06,0.0001245924
7462,-4.685326E-05,3.028933E-05,-1.863838E-05,5.882228E-05
7463,-1.998943E-05,1.559249E-05,4.965746E-05,5.575451E-05
7464,-2.557686E-05,2.630463E-05,-4.372274E-06,3.694896E-05
7465,-2.437178E-05,7.1047E-06,-7.191646E-06,2.638523E-05
7466,1.79727E-06,-7.014281E-06,-1.386938E-06,7.372511E-06
7467,-6.543875E-07,-1.124854E-05,4.226601E-06,1.203421E-05
7468,-2.228182E-06,-1.230458E-05,3.557712E-06,1.300095E-05
7469,9.863325E-07,-7.276223E-06,-5.142197E-07,7.360754E-06
7470,1.392944E-06,-5.356071E-06,1.849809E-06,5.835202E-06
7471,1.392968E-06,-5.349023E-06,1.852447E-06,5.829578E-06
7472,9.913778E-07,-7.252095E-06,-4.980346E-07,7.336467E-06
7473,2.583729E-07,-8.004164E-06,-3.337296E-06,8.675882E-06
7474,5.262438E-07,3.19683E-06,1.326284E-06,3.500812E-06
7475,2.144933E-07,-7.615756E-07,1.557638E-07,8.063915E-07
7476,5.289574E-07,3.196345E-06,1.324264E-06,3.500013E-06
7477,0.0004322938,0.0003760205,0.000357772,0.0006754777
7478,-0.001046408,0.001431809,0.009569152,0.009732097
7479,0.005041081,-0.003135117,-0.003687201,0.006988341
7480,-0.0001852438,0.0005464371,0.0001426494,0.0005943548
7481,-8.786366E-05,-0.0001662435,0.0003672077,0.0004125511
7482,-3.214358E-05,2.19887E-05,-0.000109099,0.0001158417
7483,2.555429E-07,2.499139E-05,1.997746E-05,3.199585E-05
7484,-1.632218E-05,1.362167E-05,1.648147E-05,2.689986E-05
7485,-1.63208E-05,1.36268E-05,1.649077E-05,2.690732E-05
7486,2.421785E-07,2.497158E-05,1.998187E-05,3.198302E-05
7487,1.139653E-06,-2.285428E-07,7.337231E-07,1.374551E-06
7488,2.130084E-06,4.519561E-08,8.873074E-07,2.307946E-06
7489,-8.515327E-08,-5.684631E-07,1.542782E-07,5.951496E-07
7490,1.515038E-06,3.178947E-07,-4.148567E-08,1.548585E-06
7491,1.848734E-06,-8.24566E-07,-6.585673E-07,2.128717E-06
7492,8.440889E-07,2.739398E-08,1.082644E-06,1.373082E-06
7493,5.839469E-07,3.179729E-07,-2.368498E-07,7.058318E-07
7494,-5.801401E-06,8.839636E-09,3.872299E-06,6.975029E-06
7495,-7.294343E-06,-1.212482E-06,-6.223976E-06,9.665167E-06
7496,-3.615334E-06,8.782879E-07,9.853201E-07,3.848751E-06
7497,-3.611208E-06,-6.993032E-07,9.838197E-07,3.807591E-06
7498,3.334092E-07,-1.433543E-06,3.292927E-06,3.606879E-06
7499,-7.292629E-06,7.523895E-07,-6.219422E-06,9.614038E-06
7500,-5.796238E-06,1.09276E-06,3.871473E-06,7.055409E-06
7501,0.009113377,5.56775E-05,0.00934296,0.01305173
7502,3.343737E-05,6.461672E-06,4.836481E-06,3.439771E-05
7503,-1.364136E-05,-1.722438E-06,1.048956E-05,1.729406E-05
7504,-1.86192E-05,1.04088E-05,1.993527E-05,2.919645E-05
7505,-4.130157E-05,-2.770258E-05,7.547962E-05,9.039041E-05
7506,-1.760637E-05,-7.048614E-06,-6.835821E-06,2.015925E-05
7507,0.0001728654,3.921271E-05,6.953128E-05,0.0001904067
7508,-5.656932E-05,-4.245256E-05,3.030861E-05,7.694751E-05
7509,5.334359E-05,-1.208522E-06,3.039082E-05,6.140522E-05
7510,3.147774E-05,3.311312E-05,7.165971E-06,4.624584E-05
7511,0.0002524117,1.304808E-05,-8.318449E-07,0.0002527501
7512,-9.372453E-05,6.978126E-05,5.487626E-07,0.0001168504
7513,-1.377138E-06,-4.140968E-06,-5.297032E-06,6.863139E-06
7514,1.833061E-06,-7.04756E-06,2.649916E-06,7.749211E-06
7515,1.426233E-06,-5.132577E-06,1.555836E-06,5.549605E-06
7516,2.010524E-06,2.162105E-07,1.704932E-06,2.644947E-06
7517,1.790483E-06,2.980658E-06,2.329529E-06,4.185315E-06
7518,-1.97367E-06,2.276457E-08,2.9618E-06,3.559235E-06
7519,-1.656749E-06,-2.543949E-06,-4.241055E-06,5.215653E-06
7520,3.572955E-06,-8.204878E-06,-1.222079E-06,9.032137E-06
7521,-8.199621E-08,-4.740652E-06,-8.056389E-07,4.80932E-06
7522,3.573354E-06,-8.218341E-06,-1.220447E-06,9.044307E-06
7523,-5.118324E-07,-3.364354E-06,-4.063285E-07,3.427237E-06
7524,0.002142972,-0.004318038,-0.00760098,0.009000704
7525,-0.0005047631,0.0004393599,-0.0009636889,0.001173252
7526,-0.0001120547,0.0001994693,-5.826691E-05,0.0002360917
7527,1.351085E-06,4.246695E-05,1.319864E-05,4.449125E-05
7528,-6.455128E-06,7.045505E-06,1.385135E-05,1.682759E-05
7529,-6.459648E-06,7.043145E-06,1.384727E-05,1.682498E-05
7530,9.230113E-07,4.090521E-05,1.170454E-05,4.255684E-05
7531,5.18451E-06,-5.076009E-07,-4.778458E-06,7.068979E-06
7532,2.294096E-06,1.245859E-07,4.894614E-06,5.406999E-06
7533,-1.981642E-08,-1.679541E-07,4.073663E-07,4.410767E-07
7534,-3.446677E-07,-5.419051E-07,6.028909E-07,8.808714E-07
7535,1.34447E-06,3.703609E-07,-2.368982E-07,1.414527E-06
7536,1.509048E-07,-5.448618E-07,-6.818342E-08,5.694696E-07
7537,1.513551E-06,4.217402E-07,-5.95865E-07,1.680403E-06
7538,-2.8464E-06,3.697016E-07,-5.169756E-07,2.916494E-06
7539,4.60166E-08,-6.087038E-07,-3.808789E-06,3.857397E-06
7540,1.807206E-06,-3.6291E-07,-1.950474E-06,2.683663E-06
7541,-3.843752E-06,3.765742E-07,-3.766037E-06,5.394374E-06
7542,2.183356E-08,-5.70884E-08,-3.821912E-06,3.822401E-06
7543,6.939055E-05,7.750284E-07,-4.630336E-06,6.954918E-05
7544,6.937862E-05,7.582547E-07,-4.532181E-06,6.953063E-05
7545,-1.199842E-05,2.173828E-05,1.56654E-05,2.935847E-05
7546,1.473978E-05,2.851765E-05,1.234866E-05,3.439486E-05
7547,1.353071E-06,1.383374E-05,1.167871E-05,1.815476E-05
7548,-1.201083E-05,2.172821E-05,1.566107E-05,2.935378E-05
7549,0.004118509,0.0005352395,0.003659305,0.005535261
7550,0.0158766,0.002893802,0.006250174,0.01730622
7551,-8.723206E-05,-1.986247E-05,-6.524031E-05,0.000110726
7552,3.495909E-05,-1.948305E-06,-4.846772E-06,3.534721E-05
7553,8.962438E-05,-1.926483E-05,1.562613E-05,9.299376E-05
7554,-3.000893E-05,6.255343E-07,-2.013865E-06,3.008293E-05
7555,4.411343E-05,1.639715E-05,-3.206899E-05,5.694981E-05
7556,-3.005358E-05,-1.752878E-05,-2.5241E-05,4.298353E-05
7557,0.0001489396,0.0001150246,-0.0001512249,0.000241418
7558,-0.0007493025,-0.0004672425,-0.0004271447,0.0009809294
7559,-1.662471E-05,1.320902E-05,2.563977E-05,3.32905E-05
7560,-3.091989E-05,9.050807E-06,2.218531E-05,3.911706E-05
7561,0.0002876899,-6.024071E-05,1.838044E-05,0.0002945034
7562,5.387684E-05,-3.33296E-05,1.197939E-05,6.447544E-05
7563,-3.423006E-05,1.819197E-05,-1.433515E-05,4.132967E-05
7564,-6.092209E-07,-4.537381E-07,5.979685E-07,9.667444E-07
7565,2.648227E-07,2.848875E-06,-1.690768E-06,3.32339E-06
7566,8.148298E-07,-2.220813E-06,-2.40127E-06,3.370765E-06
7567,6.89726E-06,-1.43986E-05,-2.959496E-07,1.596807E-05
7568,2.613956E-06,-1.13121E-05,-4.972277E-06,1.263012E-05
7569,8.81714E-07,2.555704E-06,4.346803E-06,5.118958E-06
7570,-1.334986E-06,5.201289E-06,6.774736E-07,5.412445E-06
7571,-1.333833E-06,5.200526E-06,6.743812E-07,5.411041E-06
7572,2.559051E-06,-4.382936E-06,3.006343E-07,5.084216E-06
7573,6.149286E-07,-9.326391E-06,2.045379E-06,9.567825E-06
7574,-5.701718E-06,-1.103613E-05,2.770408E-06,1.272717E-05
7575,5.720199E-07,5.773788E-06,1.804129E-06,6.076077E-06
7576,5.697477E-07,5.77054E-06,1.807066E-06,6.073651E-06
7577,0.001199988,-0.0004324929,0.0003792795,0.001330742
7578,-1.587988E-05,0.0004730295,0.000132313,0.0004914426
7579,1.800003E-06,1.834134E-06,-5.742605E-06,6.291389E-06
7580,-6.46044E-06,-1.589159E-06,-9.070912E-06,1.124918E-05
7581,1.822419E-06,1.831074E-06,-5.769463E-06,6.321451E-06
7582,1.266919E-05,2.944739E-05,7.020678E-06,3.281688E-05
7583,1.431075E-06,-1.704315E-05,-1.484582E-05,2.264764E-05
7584,5.083827E-07,3.085382E-06,-1.784578E-05,1.811767E-05
7585,-6.463486E-06,-1.588765E-06,-9.066388E-06,1.124723E-05
7586,1.268598E-05,2.943626E-05,7.000905E-06,3.280915E-05
7587,-5.933081E-05,3.57281E-05,1.261217E-05,7.03968E-05
7588,4.961735E-07,3.071135E-06,-1.784625E-05,1.811537E-05
7589,3.012306E-08,1.907731E-07,-6.764949E-07,7.035248E-07
7590,9.925692E-07,6.814298E-08,3.633223E-07,1.05917E-06
7591,2.140968E-06,-6.859365E-07,1.444663E-07,2.252804E-06
7592,6.986998E-07,-8.759302E-08,3.502514E-07,7.864668E-07
7593,1.760035E-06,6.486626E-08,-1.819107E-07,1.770599E-06
7594,3.747201E-07,2.575464E-08,1.210944E-07,3.946419E-07
7595,3.411063E-07,-1.013312E-06,2.378763E-06,2.608001E-06
7596,-2.423074E-06,-3.48417E-07,2.857919E-07,2.464622E-06
7597,3.981394E-07,-1.865396E-07,-2.858886E-06,2.892498E-06
7598,-2.426486E-06,-3.386688E-07,2.845132E-07,2.466471E-06
7599,8.764002E-07,1.011358E-06,1.999083E-06,2.405671E-06
7600,1.302453E-06,7.34078E-08,3.312607E-06,3.560216E-06
7601,3.416218E-07,-7.131507E-07,2.379441E-06,2.507395E-06
7602,-4.70753E-06,2.040087E-05,5.511115E-06,2.165015E-05
7603,-6.598238E-06,-9.112151E-06,1.065239E-07,1.125075E-05
7604,-5.359205E-06,1.818535E-05,5.720347E-06,1.980279E-05
7605,-8.144433E-06,1.677435E-05,3.109867E-06,1.890455E-05
7606,-3.503315E-06,1.753992E-05,6.057686E-06,1.888432E-05
7607,-8.116449E-07,3.953472E-06,-2.131384E-06,4.564155E-06
7608,0.005071072,0.002600039,-0.00819772,0.009983917
7609,-0.0002541642,-0.0009871632,-2.957488E-05,0.001019787
7610,-4.045207E-05,-0.0001009137,7.101123E-06,0.0001089513
7611,-9.760282E-06,-2.425025E-05,4.633861E-05,5.320343E-05
7612,-0.0001920327,-0.0001667994,0.0001525221,0.0002965832
7613,-0.0005647977,0.0004898167,0.0004716231,0.0008839373
7614,2.896821E-05,6.969747E-06,3.161287E-05,4.344086E-05
7615,-8.478761E-05,-2.559665E-05,3.583391E-05,9.55416E-05
7616,-5.627093E-05,8.563838E-07,6.268999E-05,8.424479E-05
7617,7.270684E-07,-3.130412E-06,-2.465E-06,4.050226E-06
7618,1.577498E-06,-6.27093E-06,-8.729467E-06,1.086355E-05
7619,7.649626E-07,-4.600615E-06,-9.108325E-06,1.023291E-05
7620,-7.2531E-07,-1.114027E-05,4.952238E-07,1.117484E-05
7621,3.703174E-07,5.344151E-06,5.916852E-09,5.35697E-06
7622,3.648427E-07,-1.110254E-06,-1.438398E-06,1.853312E-06
7623,-3.591939E-06,-2.579132E-06,-4.552718E-06,6.346746E-06
7624,-1.754694E-07,2.119284E-06,1.326902E-06,2.506556E-06
7625,7.98681E-07,-5.559743E-06,-2.431064E-06,6.120352E-06
7626,-1.378586E-06,2.214136E-06,-9.520719E-06,9.871524E-06
7627,4.262139E-06,-5.361725E-06,-4.175094E-06,8.021554E-06
7628,2.719525E-07,1.392196E-07,3.443699E-07,4.603595E-07
7629,6.845478E-05,0.0001126876,0.0001366746,0.0001899066
7630,0.0005541454,0.000155733,-0.001194816,0.001326241
7631,-0.0002552781,-2.243113E-05,0.0004729562,0.0005379197
7632,-0.003411135,-0.007584838,0.0004997682,0.008331589
7633,-0.0003652685,0.000458864,0.0001402315,0.0006030275
7634,-2.237272E-07,2.816794E-06,-4.407909E-06,5.235843E-06
7635,-2.399035E-07,2.820929E-06,-4.408503E-06,5.239284E-06
7636,-2.716095E-06,1.842279E-06,-4.380728E-06,5.47375E-06
7637,3.416798E-06,5.26883E-07,-4.91367E-06,6.008016E-06
7638,1.79573E-06,-1.369602E-06,5.427385E-07,2.322719E-06
7639,2.305019E-07,-1.039347E-06,-4.748198E-07,1.165687E-06
7640,-1.41197E-07,-1.07702E-06,4.862376E-07,1.190099E-06
7641,5.956546E-07,-6.023467E-07,8.058201E-07,1.169176E-06
7642,7.371457E-07,-9.358349E-07,2.880765E-07,1.225626E-06
7643,1.091331E-06,-2.170186E-07,-1.502365E-07,1.122796E-06
7644,1.411603E-06,6.372885E-08,-9.899691E-08,1.416504E-06
7645,-2.345492E-06,-1.815229E-06,-1.645589E-06,3.391806E-06
7646,-4.533018E-06,1.671112E-06,-1.891346E-06,5.188262E-06
7647,-1.147103E-06,1.854381E-06,2.484494E-08,2.18064E-06
7648,-6.174529E-07,9.63487E-07,-2.520173E-06,2.76782E-06
7649,5.964547E-06,-6.858752E-07,-9.361953E-07,6.076406E-06
7650,5.966226E-06,-3.002643E-07,-9.349561E-07,6.046499E-06
7651,-6.14413E-07,9.564782E-07,-2.522737E-06,2.767048E-06
7652,-4.347674E-05,5.752779E-06,3.321817E-05,5.501607E-05
7653,-4.351331E-05,5.797043E-06,3.33028E-05,5.510073E-05
7654,4.491252E-08,9.416046E-08,2.882238E-06,2.884125E-06
7655,-3.082572E-06,5.396649E-06,4.185795E-06,7.493127E-06
7656,-5.782657E-07,6.830251E-06,2.193979E-08,6.854721E-06
7657,-1.429783E-06,2.727614E-05,4.684281E-06,2.771235E-05
7658,-5.760052E-07,6.834181E-06,2.443757E-08,6.858455E-06
7659,3.773731E-06,6.676176E-06,-1.030689E-06,7.737874E-06
7660,-1.441123E-06,2.728321E-05,4.67998E-06,2.771918E-05
7661,-4.715449E-06,1.992479E-05,8.348014E-06,2.211158E-05
7662,-4.716345E-06,1.99143E-05,8.340241E-06,2.209939E-05
7663,-1.382564E-05,-0.0001886328,0.0001159964,0.0002218753
7664,-4.758753E-06,-7.695754E-06,-4.152102E-06,9.955416E-06
7665,-5.454587E-06,-1.643132E-05,1.856062E-05,2.538183E-05
7666,-1.584252E-05,-9.740394E-05,-2.107243E-05,0.0001009087
7667,-4.946136E-06,-9.324722E-06,-5.93795E-06,1.21109E-05
7668,-3.037212E-05,-5.350523E-05,-6.553844E-05,8.989195E-05
7669,0.01908796,0.02106793,-0.1032183,0.1070618
7670,-4.817072E-05,-2.41022E-05,-1.463775E-05,5.581754E-05
7671,-2.679968E-06,-8.053885E-06,-9.373652E-06,1.264566E-05
7672,2.334633E-05,1.45753E-05,-2.192394E-05,3.518735E-05
7673,-0.0001019659,4.064255E-05,-8.692409E-05,0.0001400166
7674,0.0001087635,3.602551E-05,-6.843927E-05,0.0001334588
7675,-7.983191E-07,-3.852337E-06,-1.385031E-05,1.439823E-05
7676,6.531761E-07,-4.279791E-06,-1.028819E-05,1.1162E-05
7677,6.086494E-07,-1.971982E-06,-8.222085E-06,8.477137E-06
7678,1.740077E-06,-7.825636E-06,-1.307102E-05,1.533362E-05
7679,-4.269693E-06,-1.279925E-05,-6.630526E-06,1.50338E-05
7680,6.084405E-07,-1.971637E-06,-8.222099E-06,8.477055E-06
7681,1.738585E-06,-7.816273E-06,-1.306949E-05,1.532737E-05
7682,6.532269E-07,-4.280883E-06,-1.028836E-05,1.116257E-05
7683,-7.991167E-07,-3.85502E-06,-1.385065E-05,1.439931E-05
7684,0.0001192314,-8.295447E-05,0.0001972578,0.0002449657
7685,2.077637E-05,-1.098893E-05,-3.289292E-05,4.04272E-05
7686,1.298926E-05,4.515205E-05,9.645458E-05,0.0001072889
7687,4.974348E-05,6.126455E-05,-1.487125E-05,8.030512E-05
7688,3.480612E-06,-4.326717E-05,-4.171152E-05,6.019978E-05
7689,2.922099E-05,3.068924E-05,-1.958868E-05,4.668417E-05
7690,2.327677E-05,4.005839E-06,-1.236739E-05,2.666097E-05
7691,9.229426E-06,1.275598E-05,-1.521113E-05,2.189237E-05
7692,9.239752E-06,1.300985E-05,-1.518946E-05,2.203063E-05
7693,-9.693509E-05,3.445988E-05,-3.521677E-05,0.0001087388
7694,1.799394E-05,7.458018E-05,0.000111449,0.0001353028
7695,-6.572599E-05,-1.810524E-05,-2.611431E-05,7.300454E-05
7696,9.989742E-07,-1.181611E-06,-1.665216E-07,1.55624E-06
7697,-4.927031E-08,-1.805415E-07,6.824776E-08,1.991998E-07
7698,5.257058E-07,-8.630226E-07,-3.368294E-07,1.06519E-06
7699,4.648622E-07,-2.36388E-06,-1.433182E-07,2.413414E-06
7700,-4.955896E-07,-1.135445E-06,1.990117E-07,1.25477E-06
7701,1.108112E-06,-1.710436E-06,-3.380432E-07,2.065859E-06
7702,-4.380415E-09,-9.266308E-07,2.208103E-07,9.525864E-07
7703,-9.958482E-08,4.997376E-06,3.536498E-06,6.122949E-06
7704,-2.555E-06,-4.244206E-06,5.298351E-06,7.253539E-06
7705,-2.588379E-06,-2.124035E-06,3.816981E-06,5.077457E-06
7706,-2.534492E-06,1.160479E-06,3.815217E-06,4.725065E-06
7707,-8.48331E-08,5.936268E-06,3.551358E-06,6.917993E-06
7708,-2.852452E-06,1.01582E-06,2.790497E-06,4.117675E-06
7709,5.089535E-07,5.054908E-06,-6.324552E-07,5.11968E-06
7710,-6.350842E-07,-3.102787E-07,4.837293E-06,4.888661E-06
7711,-6.342025E-07,-3.086789E-07,4.832954E-06,4.884152E-06
7712,6.77798E-06,-3.043054E-06,-5.3824E-06,9.174498E-06
7713,-2.102224E-06,4.529949E-06,-1.553754E-06,5.230099E-06
7714,-2.10902E-06,4.529172E-06,-1.561735E-06,5.234537E-06
7715,-3.301838E-06,-5.149117E-06,-2.532854E-06,6.62049E-06
7716,1.435555E-06,-2.268732E-06,1.208295E-06,2.944136E-06
7717,1.439193E-06,-2.268424E-06,1.208788E-06,2.945877E-06
7718,9.605282E-07,-4.98383E-06,3.149214E-06,5.973167E-06
7719,0.2967289,-0.1626808,-0.1219724,0.3597088
7720,-0.0001072804,-0.0006454542,0.0005944622,0.000884028
7721,-7.614247E-05,4.607348E-05,-0.0002748507,0.0002889002
7722,-0.0002080705,0.0003118556,-0.0004364086,0.0005753257
7723,0.000149738,-5.244973E-05,-0.0002267735,0.0002767647
7724,-0.001708454,0.002650916,0.003490747,0.004704411
7725,-4.77086E-05,9.76518E-06,0.0001288083,0.0001377064
7726,-9.886208E-05,-3.084883E-05,-1.623507E-05,0.0001048281
7727,-7.535322E-05,-9.817095E-05,-4.128958E-05,0.0001304625
7728,-4.641376E-06,-2.219307E-05,-4.009898E-05,4.60652E-05
7729,-3.522869E-07,-9.47137E-07,-9.23344E-07,1.368846E-06
7730,1.083473E-06,-1.859144E-06,1.038565E-07,2.154325E-06
7731,5.626587E-07,-2.18489E-06,1.087329E-06,2.504519E-06
7732,-1.368432E-07,-2.134344E-06,7.348557E-07,2.261452E-06
7733,-9.069569E-08,-1.921396E-06,3.335222E-07,1.952236E-06
7734,4.402299E-07,-1.791272E-06,3.140097E-07,1.871112E-06
7735,5.907834E-07,-2.17704E-06,-2.612727E-07,2.270857E-06
7736,-2.918993E-06,-5.917533E-06,1.332143E-06,6.731443E-06
7737,-2.922211E-06,-5.918612E-06,1.332595E-06,6.733876E-06
7738,-1.784667E-06,-5.454258E-06,3.729968E-06,6.84446E-06
7739,-1.824242E-06,1.012351E-05,3.884124E-06,1.099545E-05
7740,1.649685E-06,8.61909E-07,-6.834175E-09,1.861289E-06
7741,1.65009E-06,1.029946E-06,-5.407937E-09,1.945152E-06
7742,3.816759E-07,-2.691854E-06,-1.480404E-06,3.095699E-06
7743,3.98917E-07,-1.140162E-06,-1.525238E-06,1.945624E-06
7744,-2.427152E-05,5.586553E-05,2.534438E-05,6.597274E-05
7745,2.354524E-06,-2.377098E-05,2.950504E-06,2.406883E-05
7746,6.082861E-06,-7.864469E-06,3.534055E-06,1.055181E-05
7747,2.351982E-06,-2.376948E-05,2.950226E-06,2.406707E-05
7748,1.829313E-06,-2.664879E-06,-2.524285E-06,4.101217E-06
7749,-2.428768E-05,5.588885E-05,2.541965E-05,6.602737E-05
7750,1.826739E-06,-2.664893E-06,-2.523509E-06,4.0996E-06
7751,6.089561E-06,-7.866133E-06,3.542534E-06,1.055975E-05
7752,4.460359E-06,-5.263205E-08,4.712377E-06,6.488765E-06
7753,-3.02876E-06,4.384307E-06,2.165033E-06,5.751774E-06
7754,2.946554E-06,1.21876E-06,-5.509326E-07,3.235905E-06
7755,7.330942E-07,8.312716E-07,6.203048E-06,6.301289E-06
7756,2.142353E-06,5.946776E-09,2.349874E-06,3.179877E-06
7757,-2.969834E-06,-4.361215E-07,2.000561E-06,3.607265E-06
7758,-6.026288E-06,-8.138306E-06,-2.569797E-06,1.044758E-05
7759,-0.003284495,-0.002777027,0.001319558,0.004499002
7760,0.005312021,0.006816707,-0.001517175,0.008774217
7761,-0.001715985,0.002554723,-0.003777672,0.004872579
7762,-0.001154775,0.0008074321,0.0008656551,0.001653726
7763,0.001166032,0.0002564708,-0.0002577524,0.001221411
7764,0.0002009409,6.263834E-05,-6.965716E-05,0.0002217046
7765,0.0001355583,8.232742E-05,6.537163E-05,0.0001715439
7766,-0.0004885489,0.0003511838,-0.0001091317,0.0006114898
7767,-1.465738E-07,-1.784543E-06,-1.00223E-06,2.051961E-06
7768,-4.163517E-07,-2.954644E-06,8.538647E-08,2.985056E-06
7769,-3.724014E-08,-2.860799E-06,1.322167E-07,2.864095E-06
7770,-3.791387E-07,-3.021106E-06,6.101445E-07,3.105335E-06
7771,-1.490945E-06,-1.244681E-06,4.228881E-08,1.942662E-06
7772,1.51383E-06,-3.294301E-06,3.459822E-07,3.641951E-06
7773,-5.992432E-06,1.331128E-05,3.979398E-07,1.460335E-05
7774,-5.993625E-06,1.371902E-05,4.089466E-07,1.497672E-05
7775,3.023642E-06,1.145824E-05,-5.255248E-06,1.296346E-05
7776,3.092598E-06,1.341864E-05,-5.298484E-06,1.47546E-05
7777,-3.826826E-06,-1.050497E-05,-3.948323E-06,1.185699E-05
7778,-1.84789E-06,-5.459492E-06,6.198773E-07,5.796981E-06
7779,-3.522451E-07,-1.191298E-05,5.954055E-06,1.332268E-05
7780,-6.028339E-07,-5.192098E-06,-3.892335E-06,6.517021E-06
7781,-5.895103E-06,3.098777E-08,4.290555E-08,5.89534E-06
7782,-5.950959E-06,1.581506E-07,2.17701E-06,6.338636E-06
7783,5.981353E-06,-2.444149E-06,1.21061E-06,6.57389E-06
7784,5.982453E-06,-2.44491E-06,1.207346E-06,6.574573E-06
7785,-1.720222E-06,-6.5466E-07,6.217445E-06,6.484163E-06
7786,7.941767E-06,-4.913177E-06,-4.649107E-06,1.043193E-05
7787,-3.778389E-06,-1.006688E-06,-4.452452E-06,5.925704E-06
7788,-3.77362E-06,-1.019762E-06,-4.454039E-06,5.926094E-06
7789,-1.688863E-06,-6.519691E-07,6.199116E-06,6.458046E-06
7790,3.801513E-06,8.538616E-08,2.504901E-07,3.810714E-06
7791,3.803812E-06,8.640452E-08,2.518633E-07,3.81312E-06
7792,-4.209297E-07,1.44024E-06,-3.086523E-06,3.431923E-06
7793,1.971057E-06,2.806307E-06,6.090668E-06,6.989754E-06
7794,-1.079066E-06,7.442126E-07,2.305015E-06,2.651666E-06
7795,6.42787E-07,-1.001274E-06,-6.382861E-06,6.492814E-06
7796,3.45473E-06,6.086116E-06,-1.316703E-07,6.999521E-06
7797,-6.571191E-07,-3.261658E-06,1.953973E-06,3.858527E-06
7798,-2.253275E-06,2.955434E-06,-2.721694E-06,4.606458E-06
7799,-3.362226E-06,-2.087873E-06,-1.299001E-06,4.165474E-06
7800,-1.076241E-06,7.548604E-07,2.303998E-06,2.652643E-06
7801,1.422451E-05,0.000121132,0.0002384157,0.000267801
7802,-8.86523E-05,-0.0001625893,-0.0003623332,0.0004069151
7803,0.001079419,-9.992353E-05,-0.0002585654,0.001114444
7804,-0.0003692948,-0.0003501081,0.0003369792,0.0006103354
7805,-0.0001019925,0.0006463627,-0.002229734,0.002323769
7806,0.0004116811,0.0004856113,-0.0005791036,0.0008606164
7807,-0.0001006033,0.0002624997,-0.0001955079,0.0003424186
7808,-0.0001457735,0.0002352955,4.101123E-06,0.0002768225
7809,-9.335086E-05,-8.372195E-06,0.0001450117,0.0001726641
7810,-5.832164E-05,2.8784E-05,-3.211774E-05,7.253607E-05
7811,-0.0002820265,0.0004482634,8.281688E-05,0.0005360388
7812,3.78467E-07,-1.846105E-06,2.782102E-07,1.904926E-06
7813,-1.203674E-06,-9.608577E-07,5.104937E-07,1.622554E-06
7814,-4.828467E-07,-2.794791E-06,-1.314668E-07,2.83924E-06
7815,7.229531E-07,-2.808222E-06,8.0474E-09,2.8998E-06
7816,-6.174174E-07,-1.023273E-06,8.331221E-07,1.456841E-06
7817,-1.09704E-07,-2.902013E-06,3.439239E-08,2.90429E-06
7818,4.828204E-06,-5.03122E-06,-1.574942E-06,7.148788E-06
7819,4.821849E-06,-5.033995E-06,-1.571241E-06,7.145637E-06
7820,-4.151198E-06,-2.054149E-06,-3.20091E-06,5.63008E-06
7821,-2.664167E-06,-1.551356E-06,-3.082804E-06,4.359836E-06
7822,-9.707018E-07,-1.244399E-06,-1.988861E-06,2.538968E-06
7823,-9.869805E-07,-1.876472E-06,-1.956919E-06,2.885274E-06
7824,-2.437399E-06,-7.185291E-06,5.872049E-07,7.610134E-06
7825,2.598717E-06,2.990074E-06,4.889693E-06,6.293089E-06
7826,2.033245E-06,-3.742289E-06,-1.639637E-06,4.563685E-06
7827,2.027277E-06,-3.743309E-06,-1.642965E-06,4.563064E-06
7828,-4.78028E-06,3.2461E-06,-5.337674E-06,7.866322E-06
7829,9.395428E-05,7.101265E-05,-5.322058E-05,0.0001292387
7830,-8.659264E-06,-1.432109E-06,7.224144E-06,1.136759E-05
7831,-1.404486E-06,9.116218E-07,-7.529317E-06,7.713252E-06
7832,3.749527E-06,2.274156E-06,-2.11079E-06,4.866844E-06
7833,4.744916E-07,-1.028925E-06,-8.752724E-06,8.825758E-06
7834,1.503991E-06,2.057147E-07,-7.717826E-06,7.865694E-06
7835,5.442303E-07,-5.016012E-06,-6.679172E-06,8.370656E-06
7836,1.259875E-06,-1.810187E-06,-1.147439E-05,1.168442E-05
7837,-7.660257E-07,5.752942E-06,-5.554521E-06,8.03342E-06
7838,-3.93978E-06,7.514764E-06,-1.637717E-06,8.641508E-06
7839,-1.937706E-06,1.767236E-06,9.690078E-07,2.795855E-06
7840,-1.93814E-06,1.789556E-06,9.847828E-07,2.815794E-06
7841,-1.631339E-06,-5.751744E-06,-9.068613E-06,1.086202E-05
7842,1.503597E-06,1.92157E-07,-7.713155E-06,7.860693E-06
7843,-0.01443804,-0.007327585,-0.008752511,0.01840535
7844,-0.0001424093,3.177116E-05,0.0001901104,0.0002396492
7845,0.0001604064,6.360692E-05,0.0002408774,0.0002963072
7846,2.868888E-06,3.365317E-07,4.389946E-07,2.921727E-06
7847,9.942289E-07,-2.49552E-06,-6.456289E-08,2.687058E-06
7848,-2.804664E-06,-1.131765E-06,2.442559E-07,3.034254E-06
7849,2.861239E-06,3.461412E-07,-4.90306E-07,2.923508E-06
7850,-5.079165E-05,3.418019E-05,3.043782E-05,6.837059E-05
7851,-2.934621E-05,5.30838E-05,4.453012E-05,7.52464E-05
7852,0.0002027989,8.47621E-06,4.986372E-05,0.0002090111
7853,-2.727358E-05,-2.49756E-05,-7.664444E-05,8.509993E-05
7854,-1.540084E-05,4.036185E-05,-6.682583E-05,7.957359E-05
7855,0.0001989399,0.0033435,-0.001167973,0.003547214
7856,-1.318281E-06,-1.98647E-06,5.185388E-07,2.439838E-06
7857,6.504985E-07,-4.223306E-06,-1.197567E-07,4.274787E-06
7858,-2.798308E-07,-1.440325E-06,-7.605217E-07,1.652645E-06
7859,2.213989E-07,-9.673583E-07,-2.134163E-07,1.01506E-06
7860,7.282518E-08,-2.851848E-06,-4.651319E-07,2.890448E-06
7861,-1.053829E-06,-1.755599E-06,5.014114E-07,2.108103E-06
7862,8.624876E-08,-2.528687E-06,6.683211E-07,2.616935E-06
7863,-2.411316E-06,-1.821518E-06,-7.080726E-06,7.69864E-06
7864,-7.330081E-06,-1.923844E-06,-8.113192E-06,1.110203E-05
7865,7.664983E-06,0.0001223334,6.659182E-06,0.0001227541
7866,-1.121297E-05,-1.152801E-06,-1.07029E-05,1.554386E-05
7867,2.526309E-06,-9.844464E-06,2.887031E-06,1.056554E-05
7868,2.538279E-06,-9.853507E-06,2.897135E-06,1.05796E-05
7869,1.908138E-07,-1.072165E-06,-2.033148E-05,2.036062E-05
7870,-2.825923E-06,-2.686397E-05,4.466521E-07,2.701589E-05
7871,5.225924E-06,-1.334179E-06,-1.271664E-05,1.381316E-05
7872,-5.213137E-06,-6.232989E-07,-1.288677E-06,5.406107E-06
7873,9.358088E-08,-1.185419E-07,-8.141436E-06,8.142836E-06
7874,-4.383296E-07,7.63384E-07,-6.679403E-06,6.737159E-06
7875,5.393106E-08,-5.293535E-07,-7.052331E-06,7.072375E-06
7876,1.577826E-06,-9.888016E-07,-9.191011E-06,9.377736E-06
7877,3.608088E-07,1.00862E-06,-7.981223E-06,8.052789E-06
7878,-7.484714E-05,5.960725E-05,-1.233056E-05,9.647363E-05
7879,8.535331E-06,-3.291558E-06,-1.322099E-05,1.607734E-05
7880,8.713933E-06,-3.398134E-06,-1.326053E-05,1.622719E-05
7881,-1.429717E-06,5.278953E-06,-8.002616E-07,5.527374E-06
7882,1.629453E-05,-7.842693E-06,-6.620839E-07,1.80958E-05
7883,-4.861774E-06,8.824884E-06,-2.414208E-06,1.036069E-05
7884,-1.018516E-05,-1.74002E-05,-7.935637E-07,2.017756E-05
7885,-4.398896E-06,8.631206E-06,-2.015801E-06,9.895021E-06
7886,-5.232836E-06,-3.337584E-06,-3.60292E-07,6.217061E-06
7887,-5.658105E-06,-4.781889E-06,-3.725638E-07,7.417508E-06
7888,-3.596942E-06,5.611154E-06,-8.55018E-07,6.71968E-06
7889,-4.525428E-06,-5.38266E-07,-3.765868E-07,4.57286E-06
7890,1.629377E-05,-7.838909E-06,-6.61959E-07,1.809347E-05
7891,0.01274197,-0.1983922,-0.03671204,0.2021623
7892,-0.001116951,-0.001239393,-0.001973204,0.002584029
7893,-0.004309756,-0.003782183,0.0119693,0.01327189
7894,0.002657331,-0.004411212,-0.005121659,0.007263029
7895,-2.076985E-05,-0.0001290844,0.001032756,0.001040999
7896,-4.574692E-07,-2.142012E-06,3.812808E-07,2.223256E-06
7897,-3.805777E-08,-2.069594E-06,-3.070411E-07,2.092592E-06
7898,1.278153E-06,-1.538246E-06,-5.854175E-07,2.083888E-06
7899,-1.20081E-06,-3.171651E-06,9.816576E-07,3.530576E-06
7900,1.612966E-07,-1.553174E-06,-6.642541E-07,1.696938E-06
7901,-5.751953E-05,-1.383699E-05,3.639671E-05,6.945991E-05
7902,-2.068674E-05,-8.829278E-07,-9.076681E-06,2.260768E-05
7903,-2.767814E-05,-3.763942E-06,-7.334636E-06,2.887981E-05
7904,-6.540388E-07,-8.904695E-06,2.576519E-06,9.292999E-06
7905,-4.15077E-06,-6.011643E-06,-8.021174E-06,1.084933E-05
7906,5.819734E-06,-4.325186E-05,-1.689869E-05,4.679913E-05
7907,1.302632E-05,-1.413742E-05,1.115296E-05,2.222477E-05
7908,-1.093728E-05,-3.822577E-05,-3.577572E-05,5.348585E-05
7909,4.101862E-06,-1.765121E-05,-1.268631E-07,1.812199E-05
7910,-9.379354E-06,1.340062E-05,1.706608E-05,2.363896E-05
7911,-16.82329,15.28003,44.10031,49.61189
7912,0.0001181258,-1.902305E-05,-7.030347E-05,0.0001387738
7913,-0.000325496,-0.0001171742,0.0006213768,0.0007111867
7914,-0.0009929239,0.0008519889,-0.0002171466,0.001326249
7915,0.00881678,0.009270567,-0.01496792,0.01969055
7916,-4.009988E-05,-0.0004220428,-3.796655E-05,0.0004256402
7917,-0.0001234756,0.000338847,-3.503628E-06,0.0003606602
7918,-1.151099E-06,-2.530171E-06,8.737689E-07,2.913806E-06
7919,-7.749346E-07,-3.726184E-06,-7.51791E-07,3.879454E-06
7920,4.150358E-07,-3.15891E-06,6.246839E-07,3.246721E-06
7921,-1.37289E-06,-2.55457E-06,8.39693E-07,3.019228E-06
7922,6.824528E-07,-2.779257E-06,3.365119E-07,2.881536E-06
7923,4.83377E-07,-3.111599E-06,-5.654623E-07,3.199288E-06
7924,3.110916E-08,-8.007079E-07,-6.247439E-07,1.016074E-06
7925,-2.317136E-06,4.870535E-06,-9.981922E-06,1.134592E-05
7926,-3.674806E-06,2.364078E-05,-9.275325E-06,2.565974E-05
7927,-1.382337E-06,-1.876563E-05,-5.809526E-07,1.882544E-05
7928,-4.031962E-05,-3.022057E-05,9.563737E-06,5.128762E-05
7929,-1.119109E-06,-1.881974E-05,-1.048267E-06,1.888211E-05
7930,2.394329E-05,-3.79617E-05,-1.115692E-05,4.624769E-05
7931,3.780069E-06,2.852211E-05,-4.243118E-05,5.126602E-05
7932,3.847921E-05,7.918802E-06,8.186646E-05,9.080459E-05
7933,-3.153182E-05,-6.968881E-05,2.506106E-05,8.049126E-05
7934,-1.700067E-05,2.654189E-05,1.354664E-05,3.430753E-05
7935,-3.471184E-07,2.491117E-05,1.872541E-06,2.498386E-05
7936,-1.700427E-05,2.65325E-05,1.353677E-05,3.429814E-05
7937,-1.981317E-05,1.799218E-05,5.449293E-06,2.731254E-05
7938,-1.992706E-05,1.788493E-05,5.377454E-06,2.731072E-05
7939,1.432057E-06,2.503378E-05,2.490505E-06,2.519809E-05
7940,-5.579669E-06,2.263285E-05,9.903149E-06,2.532688E-05
7941,-0.02118287,0.01378438,-0.01511075,0.02944585
7942,-7.081037E-06,-4.793975E-05,-5.8309E-05,7.581754E-05
7943,-9.129129E-06,-7.844916E-06,-9.358413E-06,1.524676E-05
7944,-5.813731E-06,6.497236E-05,3.924155E-05,7.612559E-05
7945,-1.258997E-05,1.459532E-07,4.479824E-06,1.336404E-05
7946,-0.0003742493,0.0005222539,0.0115289,0.01154679
7947,-0.0003259758,6.041556E-05,3.571929E-05,0.0003334458
7948,0.004211883,-0.001059323,-0.0005694006,0.004380221
7949,-3.99274E-05,-4.61146E-05,-0.0001442689,0.0001566342
7950,-1.6824E-05,5.615561E-05,-2.923326E-05,6.550636E-05
7951,-7.931903E-07,-2.762989E-06,-1.102031E-06,3.078592E-06
7952,-4.957496E-07,-3.344771E-06,-8.309551E-07,3.481917E-06
7953,8.996454E-08,-3.949352E-06,3.283602E-07,3.963999E-06
7954,9.462169E-08,-2.376466E-06,7.391751E-08,2.379497E-06
7955,-3.538353E-07,-2.71179E-06,-1.204735E-06,2.988376E-06
7956,3.241143E-07,-2.519973E-06,2.801517E-07,2.556129E-06
7957,-6.796961E-07,-3.334291E-06,4.052288E-07,3.426908E-06
7958,6.904616E-07,-2.925198E-06,-1.796119E-07,3.010943E-06
7959,-6.004015E-06,-3.548645E-05,1.59947E-05,3.938485E-05
7960,-1.045417E-05,1.057225E-05,-1.472067E-05,2.092272E-05
7961,-1.044717E-05,1.05703E-05,-1.473815E-05,2.093054E-05
7962,-2.868915E-06,-2.699728E-05,1.675557E-05,3.190349E-05
7963,-7.581001E-06,-2.952741E-05,9.899263E-06,3.205207E-05
7964,8.871118E-06,-2.241854E-06,1.227051E-05,1.530647E-05
7965,2.556903E-06,-4.13911E-05,3.087627E-06,4.158479E-05
7966,5.893993E-06,-3.875838E-05,1.185763E-06,3.92219E-05
7967,2.795469E-05,-2.135131E-05,-2.866193E-05,4.537455E-05
7968,1.742186E-06,-1.016836E-05,-2.003406E-05,2.253429E-05
7969,4.483562E-06,-2.331276E-05,-2.011737E-05,3.111745E-05
7970,-2.739761E-05,1.096958E-05,7.805611E-06,3.052685E-05
7971,-2.222803E-06,-4.101198E-06,-1.233735E-06,4.825223E-06
7972,-3.390804E-06,3.811719E-06,-6.170336E-06,8.006235E-06
7973,-3.403753E-06,3.80778E-06,-6.19072E-06,8.025568E-06
7974,2.787591E-06,1.117712E-05,1.582844E-05,1.957647E-05
7975,-2.150184E-06,1.479466E-06,-6.105554E-07,2.680464E-06
7976,-2.742066E-05,1.098205E-05,7.814405E-06,3.055426E-05
7977,2.542685E-06,1.863075E-05,1.68981E-06,1.887924E-05
7978,-8.046692E-06,2.694655E-05,6.27063E-06,2.881296E-05
7979,-8.043013E-06,2.695149E-05,6.272574E-06,2.881698E-05
7980,-6.238667E-05,-0.0003225702,0.0004149092,0.0005292384
7981,0.000462745,0.001942011,0.004225762,0.004673608
7982,-2.128686E-06,-1.633441E-05,1.102663E-05,1.982248E-05
7983,-1.89528E-06,-2.043808E-05,2.008763E-05,2.871968E-05
7984,-1.99116E-05,-1.622142E-06,8.554254E-05,8.784435E-05
7985,-9.193443E-06,-3.697943E-06,1.935952E-05,2.174822E-05
7986,-1.125025E-05,-7.466631E-06,1.86913E-05,2.305826E-05
7987,-3.006625E-06,-4.896622E-06,1.963354E-07,5.749369E-06
7988,-3.006086E-06,-4.88632E-06,1.987945E-07,5.7404E-06
7989,8.159105E-06,4.857151E-06,-4.113393E-07,9.504321E-06
7990,8.154272E-06,4.860235E-06,-8.255427E-08,9.4932E-06
7991,3.608154E-07,1.380967E-06,-1.932972E-07,1.440355E-06
7992,-0.0004617127,-0.0003494418,-9.481632E-05,0.0005867524
7993,-0.0005714546,0.001281988,-0.001043487,0.001748976
7994,1.891841E-06,-2.762995E-06,7.870014E-09,3.348622E-06
7995,1.182876E-06,-5.144709E-06,-4.469688E-07,5.297831E-06
7996,2.29678E-06,-2.170259E-06,-6.718524E-08,3.160654E-06
7997,4.082578E-08,-3.459006E-06,1.993641E-06,3.992617E-06
7998,1.709541E-07,-5.102692E-06,1.247565E-06,5.255769E-06
7999,3.697308E-05,6.19116E-05,3.524872E-05,8.026536E-05
8000,2.071877E-05,-3.019597E-05,-1.938098E-05,4.143292E-05
8001,-7.318823E-06,-2.363941E-05,-1.297859E-05,2.794335E-05
8002,8.500326E-07,-7.344005E-05,-3.990241E-05,8.358448E-05
8003,1.883177E-06,-1.542818E-05,1.539762E-05,2.187835E-05
8004,0.0005260311,-0.0001642055,-0.0001648553,0.0005751951
8005,0.0001906316,-0.0002856906,0.0003567561,0.0004952115
8006,5.468318E-06,-6.907081E-07,2.42088E-06,6.019986E-06
8007,5.471534E-06,-6.820654E-07,2.413813E-06,6.019086E-06
8008,2.195909E-06,-5.281543E-07,1.105788E-07,2.261236E-06
8009,2.194973E-06,-5.326044E-07,1.077263E-07,2.261234E-06
8010,9.498499E-07,3.332866E-06,-1.846054E-06,3.926592E-06
8011,-5.891071E-06,-1.123559E-05,4.936659E-06,1.3613E-05
8012,-1.2161E-06,1.529559E-06,2.96004E-06,3.54687E-06
8013,-1.21525E-06,1.526259E-06,2.97347E-06,3.556378E-06
8014,5.369305E-06,-3.082077E-07,-5.454592E-06,7.660092E-06
8015,1.178897E-05,-5.909927E-06,8.977756E-07,1.32179E-05
8016,6.123396E-05,3.220496E-05,0.0002156884,0.0002265133
8017,1.072665E-05,-2.365447E-05,6.225318E-06,2.67086E-05
8018,3.401986E-05,5.524205E-07,1.392173E-05,3.676235E-05
8019,-1.697722E-07,1.170346E-06,2.956784E-07,1.218999E-06
8020,1.608189E-07,-3.20316E-06,-2.882983E-07,3.220126E-06
8021,-1.2073E-07,1.932098E-06,-2.290435E-06,2.998944E-06
8022,3.979862E-08,-1.691258E-06,-6.710816E-07,1.819969E-06
8023,8.734661E-07,-1.501207E-06,-1.358599E-07,1.742132E-06
8024,-4.230665E-07,1.03534E-06,4.453116E-08,1.119329E-06
8025,-1.32162E-05,1.762757E-05,-2.87297E-05,3.62049E-05
8026,-0.0001866654,0.0002913477,0.0002717861,0.0004399945
8027,-6.709131E-05,-2.023624E-05,-3.945296E-05,8.041944E-05
8028,-1.973503E-06,-9.946544E-06,-3.592071E-06,1.075785E-05
8029,-1.536908E-06,-3.76397E-06,-2.63315E-06,4.843866E-06
8030,1.633639E-06,4.267587E-06,-3.172409E-06,5.562847E-06
8031,5.116374E-05,8.302492E-06,-7.637327E-06,5.239264E-05
8032,-3.977901E-06,8.142663E-06,-4.528606E-06,1.013089E-05
8033,-1.598567E-06,-2.35506E-06,-2.522274E-06,3.803103E-06
8034,-1.536847E-06,-3.766651E-06,-2.633401E-06,4.846066E-06
8035,-4.428326E-06,-1.045507E-06,1.918666E-05,1.97188E-05
8036,-5.609969E-06,1.168554E-05,-7.072948E-06,1.476652E-05
8037,-3.973947E-06,8.12939E-06,-4.523074E-06,1.01162E-05
8038,-1.664321E-06,-7.748343E-06,-3.187326E-06,8.542003E-06
8039,-0.07484457,0.02306013,0.1164049,0.1402982
8040,-0.000178293,-2.831837E-05,6.580912E-05,0.0001921488
8041,0.0002362805,0.0001363808,5.190787E-05,0.0002777096
8042,-8.816053E-05,-0.0001102689,1.897824E-05,0.0001424489
8043,-4.862027E-07,-3.844239E-06,-1.032734E-06,4.010125E-06
8044,1.914538E-06,-4.185278E-06,-1.378773E-06,4.804479E-06
8045,-1.425977E-06,-4.752249E-06,1.520218E-06,5.189253E-06
8046,-2.681689E-07,-4.695532E-06,-7.761401E-08,4.703824E-06
8047,5.632514E-07,-6.025089E-06,-2.574034E-06,6.576062E-06
8048,-5.216878E-08,-4.873344E-06,-1.610322E-07,4.876283E-06
8049,-2.686956E-07,-4.70591E-06,1.220572E-07,4.715154E-06
8050,-1.341159E-06,-3.377743E-06,-1.032379E-06,3.77805E-06
8051,1.305291E-05,-2.889408E-05,7.934578E-06,3.268339E-05
8052,6.863139E-06,1.619831E-05,2.288625E-05,2.886639E-05
8053,-8.229616E-06,3.127469E-05,-1.41433E-05,3.529682E-05
8054,-1.371358E-06,-1.42771E-05,3.847379E-07,1.434797E-05
8055,-1.073788E-05,-9.090985E-06,1.153032E-06,1.411657E-05
8056,4.545223E-06,4.422844E-05,-1.281051E-05,4.627011E-05
8057,-9.450261E-06,-1.354832E-05,-2.097435E-06,1.665124E-05
8058,-1.869477E-06,-1.188238E-05,9.776553E-06,1.550055E-05
8059,-0.0003669359,-0.0003531301,0.000387466,0.0006399006
8060,3.805686E-06,-2.283136E-06,-2.061371E-06,4.893384E-06
8061,3.801999E-06,-2.288002E-06,-2.066058E-06,4.894767E-06
8062,2.488609E-06,2.896506E-06,-4.714854E-06,6.067352E-06
8063,-3.594517E-06,3.657013E-06,6.38438E-06,8.188687E-06
8064,2.495411E-06,2.899094E-06,-4.725236E-06,6.079447E-06
8065,2.259929E-06,3.338198E-06,4.147453E-06,5.783789E-06
8066,-3.659128E-05,1.36226E-05,2.417929E-05,4.592532E-05
8067,0.04723628,-0.01029078,-0.1290057,0.1377666
8068,0.0007365702,0.005909347,0.001554321,0.006154578
8069,3.903011E-05,-3.474053E-05,-0.0003116725,0.0003160222
8070,-0.0002066802,0.0001612753,-1.882464E-05,0.0002628322
8071,0.0001080459,-0.0003189458,0.0001766752,0.0003802821
8072,2.617875E-06,-4.482896E-06,-2.131854E-06,5.61199E-06
8073,1.348888E-07,-4.971724E-06,-9.533279E-07,5.064096E-06
8074,1.624005E-08,-4.039045E-06,1.11498E-06,4.190147E-06
8075,-1.543225E-06,-4.397449E-06,5.976366E-07,4.698539E-06
8076,-6.854571E-07,-4.089943E-06,-1.231007E-06,4.325837E-06
8077,-9.802727E-07,-5.424556E-06,-2.415251E-06,6.01832E-06
8078,2.91145E-06,-5.596239E-06,-3.916561E-07,6.320429E-06
8079,2.080087E-06,1.10559E-05,-3.7928E-07,1.125627E-05
8080,1.038808E-05,-2.133249E-05,-3.410428E-06,2.39712E-05
8081,-1.27385E-05,-1.304558E-05,-1.263387E-05,2.218268E-05
8082,1.133967E-06,1.025704E-05,6.276387E-07,1.03386E-05
8083,1.038462E-05,-2.133144E-05,-3.410668E-06,2.39688E-05
8084,-1.622402E-05,-2.090458E-05,1.860397E-05,3.234699E-05
8085,-1.798558E-05,-1.581618E-05,-2.300188E-05,3.320721E-05
8086,-0.0003367266,0.0005535037,-4.585212E-05,0.0006495026
8087,0.0001688487,-0.0002023097,0.0001299347,0.0002938063
8088,-1.659648E-05,-0.0001973513,0.0001349059,0.00023963
8089,5.01844E-06,-2.3656E-06,3.573686E-06,6.599396E-06
8090,-5.700763E-06,2.973593E-06,-1.066625E-07,6.430578E-06
8091,3.467288E-06,-1.769605E-06,-2.806342E-06,4.798869E-06
8092,-4.864565E-06,1.127365E-06,3.943236E-06,6.362708E-06
8093,-9.957855E-07,9.91163E-07,2.346995E-06,2.735394E-06
8094,2.348699E-06,-1.745411E-06,2.218535E-06,3.672158E-06
8095,-5.899848E-07,-1.603382E-07,5.931861E-07,8.518568E-07
8096,1.21522E-06,6.54321E-08,-1.290106E-06,1.773532E-06
8097,-5.896732E-07,-1.47754E-07,5.72748E-07,8.352162E-07
8098,-2.97336E-06,4.071605E-06,2.381011E-06,5.575665E-06
8099,0.01496645,0.007429632,0.01171045,0.02040414
8100,-0.0003528704,-0.001342562,0.0005339875,0.001487324
8101,4.799929E-05,-4.994588E-05,-5.132077E-05,8.621105E-05
8102,0.0006420432,-3.671291E-06,-0.0002522161,0.0006898159
8103,-0.0002496781,-0.0003979351,0.0001025154,0.0004808335
8104,2.919954E-07,-8.467336E-06,1.2223E-06,8.560085E-06
8105,6.727236E-06,-2.168196E-06,4.838135E-06,8.565298E-06
8106,2.384708E-06,-5.305997E-06,2.187719E-06,6.215026E-06
8107,9.726792E-07,-4.207966E-06,3.334337E-06,5.45627E-06
8108,1.903305E-06,2.997147E-06,-4.637644E-06,5.840651E-06
8109,4.354662E-06,-5.209021E-06,3.895804E-06,7.827788E-06
8110,8.684131E-06,-1.695554E-05,9.44953E-06,2.126495E-05
8111,3.050514E-06,-1.326435E-05,7.99538E-07,1.363407E-05
8112,-1.208639E-06,-1.710115E-05,7.398106E-06,1.867196E-05
8113,-8.52692E-06,-2.426698E-05,6.000906E-06,2.641222E-05
8114,-2.739494E-06,2.160373E-05,2.148449E-05,3.0591E-05
8115,-2.656876E-05,-3.461313E-05,9.896455E-06,4.474269E-05
8116,-2.672065E-05,1.824931E-05,3.592207E-06,3.255663E-05
8117,2.328732E-05,-0.000130047,3.612321E-05,0.000136965
8118,0.0005827184,-8.980166E-05,-0.0001398466,0.0006059555
8119,-0.0003138369,-0.0002424421,-0.0006430492,0.0007555025
8120,-0.0001102793,0.002405473,-0.0009136804,0.002575515
8121,-0.0001036131,0.004285883,0.004009813,0.005870104
8122,-1.799652E-06,4.728077E-06,-4.682998E-06,6.89376E-06
8123,8.0064E-07,1.054396E-06,4.784946E-07,1.40774E-06
8124,-1.092514E-07,-4.238704E-06,-3.262003E-06,5.349693E-06
8125,7.210892E-07,2.585449E-06,-1.320075E-06,2.991173E-06
8126,1.021673E-06,-2.389696E-06,2.650694E-06,3.712229E-06
8127,7.246019E-07,2.608127E-06,-1.323215E-06,3.013017E-06
8128,2.965086E-06,1.862056E-06,2.323759E-06,4.202243E-06
8129,-4.715973E-06,5.983291E-07,-2.240584E-06,5.255342E-06
8130,-4.717989E-06,5.952375E-07,-2.229275E-06,5.251989E-06
8131,3.808662E-05,6.368475E-06,2.264785E-05,4.476688E-05
8132,-6.95355E-05,3.311054E-05,-1.035077E-05,7.770864E-05
8133,-0.0008868743,0.004153725,-0.001008173,0.004365363
8134,-0.01566458,-0.0195197,0.03879427,0.04616702
8135,-0.001238724,0.001360762,1.934801E-06,0.00184014
8136,4.493944E-05,-3.282929E-05,3.294134E-05,6.467184E-05
8137,-3.314232E-05,3.07635E-05,6.178884E-05,7.656805E-05
8138,-0.0002006637,-7.496552E-05,3.03607E-05,0.0002163505
8139,9.07847E-07,-2.910841E-06,7.023064E-06,7.65641E-06
8140,-2.201988E-05,6.067915E-06,-2.7932E-05,3.608173E-05
8141,-1.924689E-05,-6.042327E-06,-1.433691E-05,2.474872E-05
8142,-2.090774E-05,-8.771322E-06,-1.347294E-05,2.637403E-05
8143,3.597845E-06,-7.71886E-06,5.039131E-06,9.895359E-06
8144,-2.050949E-05,5.318084E-05,-4.671652E-05,7.369718E-05
8145,-7.734781E-06,-1.156586E-05,3.640291E-06,1.43822E-05
8146,-2.972374E-06,-1.053945E-05,-5.729366E-06,1.235883E-05
8147,-7.443075E-06,-1.118901E-05,-2.530116E-06,1.36746E-05
8148,-4.555509E-06,-1.187407E-05,-1.249817E-06,1.277921E-05
8149,-3.590818E-07,-1.166884E-05,-4.464215E-06,1.249879E-05
8150,-5.304754E-06,-1.585865E-05,2.641676E-08,1.672238E-05
8151,-1.13591E-05,-1.279241E-05,6.227771E-07,1.711908E-05
8152,-0.01780158,-0.06137693,0.0669862,0.09258064
8153,-7.139058E-05,0.0003742961,-0.001085594,0.001150525
8154,-0.0006993026,0.0007392785,0.001051519,0.001463301
8155,-7.394729E-07,5.065951E-06,1.147022E-06,5.246555E-06
8156,4.295066E-06,-2.698889E-06,1.084597E-06,5.187287E-06
8157,6.289134E-07,-1.671718E-06,-9.385514E-07,2.017685E-06
8158,-7.404421E-07,5.065878E-06,1.152482E-06,5.247818E-06
8159,-3.447883E-07,1.440411E-06,-5.014113E-06,5.228287E-06
8160,-1.457281E-06,6.309183E-06,5.57891E-07,6.499285E-06
8161,9.231152E-07,-1.115923E-06,-2.382688E-07,1.467719E-06
8162,-3.432332E-07,1.445069E-06,-5.012415E-06,5.227842E-06
8163,2.237581E-06,-8.712665E-06,7.301578E-07,9.024989E-06
8164,0.0001510485,-0.0008375813,-0.0002726472,0.0008936971
8165,9.709644E-06,-7.638874E-05,-1.776605E-05,7.902626E-05
8166,-4.848693E-05,-0.0001285166,4.310635E-05,0.0001439641
8167,-0.002573976,0.001205073,-0.0003786926,0.002867222
8168,0.001267444,-0.00147291,-0.0001521476,0.001949109
8169,-3.265608E-06,1.870409E-06,-1.213065E-07,3.765281E-06
8170,2.001092E-06,-8.094684E-07,5.519353E-07,2.228057E-06
8171,2.945225E-06,-1.689045E-06,-5.118669E-08,3.395563E-06
8172,-3.435494E-07,9.67605E-07,3.180796E-07,1.074923E-06
8173,2.001147E-06,-8.103846E-07,-1.552049E-07,2.164579E-06
8174,-3.397722E-07,9.69607E-07,-4.480764E-07,1.120873E-06
8175,-3.601588E-05,3.387545E-05,2.761851E-05,5.663455E-05
8176,-1.246709E-05,5.825576E-06,-1.325661E-05,1.910768E-05
8177,-1.275552E-05,5.942428E-06,-1.32195E-05,1.930728E-05
8178,-1.316365E-06,-6.284122E-06,-4.911436E-06,8.083638E-06
8179,-1.538369E-06,-6.428425E-06,9.763659E-06,1.179069E-05
8180,-1.281787E-06,-5.735008E-06,-4.880513E-06,7.638894E-06
8181,-1.316397E-06,-6.284611E-06,-4.911464E-06,8.084041E-06
8182,-3.731348E-06,1.870352E-05,-7.896209E-06,2.064206E-05
8183,-2.376122E-06,7.748335E-06,8.070613E-06,1.143755E-05
8184,3.643799E-05,1.905215E-05,3.109768E-05,5.155364E-05
8185,-1.339455E-06,3.567366E-06,-5.187883E-06,6.436953E-06
8186,-1.163094E-06,-1.009711E-06,-4.818844E-06,5.059008E-06
8187,-1.416445E-06,4.739567E-06,-5.333428E-06,7.274288E-06
8188,-1.339412E-06,3.566641E-06,-5.187801E-06,6.436476E-06
8189,-6.117179E-06,7.701968E-06,2.951858E-05,3.111409E-05
8190,-4.043761E-06,-1.198182E-05,3.421556E-05,3.647767E-05
8191,-7.470112E-08,-6.003481E-07,-3.604937E-07,7.042399E-07
8192,-8.650369E-08,1.242767E-07,-5.220888E-08,1.601666E-07
8193,1.020714E-06,-2.573238E-07,2.794872E-07,1.089121E-06
8194,9.033067E-07,-3.200344E-07,6.356635E-07,1.14998E-06
8195,-3.626251E-08,1.70366E-07,-8.753226E-08,1.949396E-07
8196,-1.382672E-08,1.597183E-08,-7.083155E-08,7.391472E-08
8197,-1.166106E-07,1.314745E-07,-2.009106E-08,1.768819E-07
8198,7.410483E-05,-3.597399E-06,1.761516E-05,7.625458E-05
8199,-1.206501E-07,1.330876E-07,-1.862296E-08,1.805978E-07
8200,-1.259428E-07,-2.547536E-08,-8.644733E-08,1.548668E-07
8201,-2.78212E-08,1.688693E-07,-8.620273E-08,1.916293E-07
8202,-1.166977E-07,6.355795E-08,-3.797994E-08,1.382044E-07
8203,-2.420249E-08,1.262104E-07,-6.787447E-08,1.453333E-07
8204,3.490443E-06,-5.972714E-07,-3.120674E-07,3.5549E-06
8205,-1.259331E-07,1.304645E-07,3.137686E-08,1.840235E-07
8206,-4.614417E-08,2.065766E-07,-1.732958E-07,2.735592E-07
8207,-7.005393E-08,9.211962E-08,-6.681216E-08,1.336317E-07
8208,-9.827073E-08,8.765203E-08,1.648319E-08,1.327091E-07
8209,-1.173522E-07,9.783066E-08,3.211295E-08,1.561205E-07
8210,8.543187E-08,-5.207125E-08,-1.347128E-07,1.678021E-07
8211,4.8792E-05,-4.974223E-06,2.39517E-05,5.4581E-05
8212,6.304935E-08,3.068056E-08,-1.175332E-07,1.368597E-07
8213,-1.061674E-07,5.68648E-08,-1.3663E-08,1.212097E-07
8214,-1.242304E-07,5.167222E-08,-3.563186E-10,1.345487E-07
8215,-1.09014E-07,8.449975E-08,6.398226E-08,1.52046E-07
8216,-1.065535E-07,8.395981E-08,5.461338E-08,1.462379E-07
8217,-9.943549E-08,8.905103E-08,2.035381E-08,1.350251E-07
8218,-1.35973E-07,6.915814E-08,-7.260465E-08,1.689466E-07
8219,1.211736E-07,-3.124771E-07,6.81778E-08,3.420134E-07
8220,2.863472E-08,9.751731E-09,-3.311445E-08,4.485098E-08
8221,-1.617245E-08,4.52322E-09,-6.22978E-08,6.452149E-08
8222,-1.526236E-07,2.076058E-07,-1.556483E-07,3.010324E-07
8223,-1.492562E-07,2.145253E-07,-1.609201E-07,3.069101E-07
8224,1.492602E-07,-8.80805E-08,-6.435882E-08,1.848752E-07
8225,-1.519046E-07,2.113561E-07,-1.609204E-07,3.060094E-07
8226,-1.257505E-07,9.361357E-08,8.531519E-08,1.784808E-07
8227,-1.872903E-07,-4.660888E-07,-3.813389E-07,6.30663E-07
8228,-1.47619E-07,2.131869E-07,-1.556647E-07,3.024425E-07
8229,-1.232598E-07,9.640073E-08,9.577619E-08,1.834644E-07
8230,-1.550247E-07,-5.32882E-07,-3.267266E-07,6.440079E-07
8231,-1.497724E-07,2.82024E-07,-1.538762E-07,3.544675E-07
8232,-1.49894E-07,2.099728E-07,-1.576924E-07,3.023635E-07
8233,-1.476963E-07,2.413918E-07,-1.528201E-07,3.216181E-07
8234,-1.503272E-07,2.100484E-07,-1.540348E-07,3.007413E-07
8235,-4.072051E-05,0.0002100043,-3.519787E-05,0.0002167922
8236,-3.696533E-06,-1.587239E-05,-7.449984E-06,1.791925E-05
8237,-3.189829E-06,-7.839179E-06,1.115881E-05,1.400524E-05
8238,-9.494566E-07,-4.721012E-06,9.88932E-06,1.099946E-05
8239,8.341191E-06,-1.138758E-05,3.733532E-06,1.460109E-05
8240,3.364255E-06,-1.438616E-05,-9.946033E-06,1.78102E-05
8241,-2.583608E-06,-7.014951E-06,-1.722406E-06,7.671457E-06
8242,0.001228691,0.0006161522,-0.0004253327,0.001438831
8243,-0.0009684217,-0.0006644719,0.0003615524,0.001228855
8244,-0.0001051089,0.0002926535,-0.0001216606,0.0003339091
8245,-1.012895E-06,-0.001364579,0.0003058401,0.001398433
8246,-5.687748E-07,7.884638E-06,3.910151E-06,8.819315E-06
8247,-2.578453E-06,-1.733029E-06,3.04772E-07,3.121649E-06
8248,1.920124E-06,5.573972E-06,4.651882E-07,5.91375E-06
8249,-1.931259E-06,1.712009E-06,-1.478002E-06,2.974093E-06
8250,1.690773E-06,2.33638E-06,-4.133813E-07,2.913463E-06
8251,-3.297956E-06,1.004687E-05,4.189528E-08,1.057439E-05
8252,1.918972E-06,5.577676E-06,4.678315E-07,5.917076E-06
8253,-2.575118E-06,-1.72424E-06,2.981332E-07,3.113377E-06
8254,-5.801401E-07,2.113108E-06,-1.052971E-06,2.43116E-06
8255,2.911076E-06,2.635779E-06,-2.902877E-06,4.883481E-06
8256,2.073025E-05,5.93495E-07,7.404712E-05,7.68965E-05
8257,9.403109E-05,-0.0002810817,0.0002889387,0.0004139255
8258,-2.870212E-05,-5.182242E-05,-6.465054E-05,8.768733E-05
8259,-8.278705E-05,4.636946E-05,-1.785496E-05,9.655373E-05
8260,-0.03554053,-0.0615923,0.1394111,0.1564998
8261,-0.003905747,0.00776432,-0.003059954,0.009214275
8262,-9.306224E-06,1.624874E-05,2.480981E-05,3.108302E-05
8263,-9.301202E-06,1.625109E-05,2.481184E-05,3.108436E-05
8264,-1.715032E-05,1.673538E-05,-1.519371E-05,2.83735E-05
8265,-3.362698E-05,1.763568E-05,7.129751E-06,3.863449E-05
8266,-3.362551E-05,1.762518E-05,7.146474E-06,3.863152E-05
8267,-1.666335E-05,-3.450573E-06,3.975658E-06,1.747511E-05
8268,-5.594528E-07,2.731638E-05,1.498063E-05,3.115954E-05
8269,0.0004045254,0.0003041244,0.0007655799,0.0009177391
8270,-0.0003762854,-0.0001032145,-0.0006013627,0.000716855
8271,-2.092397E-05,-5.726021E-06,2.971725E-05,3.679286E-05
8272,0.0001838269,0.000227087,-0.0001556685,0.0003310491
8273,2.622601E-05,-8.284313E-06,-6.509995E-05,7.067133E-05
8274,1.84329E-06,-6.573835E-07,-1.248033E-06,2.32109E-06
8275,2.734492E-06,3.545328E-06,-6.075154E-05,6.09163E-05
8276,-5.04085E-06,-5.072669E-06,-3.159913E-06,7.818388E-06
8277,-1.957075E-05,-3.363079E-06,-8.647759E-06,2.165891E-05
8278,-2.725068E-05,-1.964065E-05,1.166877E-05,3.556002E-05
8279,-7.03145E-06,-1.644587E-05,3.065177E-06,1.814672E-05
8280,-8.476435E-06,-1.023546E-05,-8.552352E-06,1.580371E-05
8281,-8.478727E-06,-1.023218E-05,-8.535904E-06,1.579392E-05
8282,-6.748466E-06,-4.132174E-06,-5.241443E-06,9.491542E-06
8283,0.00148512,-0.001771023,-0.0003427588,0.002336576
8284,-1.711791E-05,5.493511E-06,0.0001426353,0.0001437638
8285,-2.519464E-06,0.0002672599,0.0001865519,0.0003259384
8286,-1.591517E-05,7.24047E-05,-4.84948E-05,8.8586E-05
8287,1.001512E-06,-6.075329E-06,-5.463893E-06,8.232058E-06
8288,-3.292021E-06,-3.218928E-06,-3.251698E-06,5.636705E-06
8289,-3.273838E-06,-3.196613E-06,-3.267349E-06,5.622448E-06
8290,-1.62206E-06,-3.32213E-06,-2.373989E-06,4.393569E-06
8291,-2.659192E-06,-2.774281E-06,9.480088E-08,3.844077E-06
8292,-2.42547E-06,3.063562E-06,-3.381557E-06,5.167519E-06
8293,-2.701469E-06,4.495507E-07,4.142135E-06,4.965613E-06
8294,1.058046E-06,2.171004E-06,1.36706E-06,2.775171E-06
8295,4.84868E-05,-0.0001076641,4.194288E-05,0.0001253066
8296,-3.611562E-05,0.0002312955,-0.0001977102,0.0003064169
8297,7.945322E-05,0.0001066773,0.000247245,0.0002807543
8298,-7.271715E-05,-0.0002548218,5.880018E-05,0.0002714395
8299,-1.609839E-06,-1.248783E-06,-1.00413E-07,2.039884E-06
8300,-1.502165E-05,1.308374E-05,7.351817E-06,2.123401E-05
8301,-1.5018E-05,1.307974E-05,7.356367E-06,2.123055E-05
8302,1.154355E-06,3.577089E-06,2.945415E-06,4.775308E-06
8303,-1.873659E-05,1.56949E-05,1.879918E-05,3.083503E-05
8304,-1.873198E-05,1.569562E-05,1.880318E-05,3.083503E-05
8305,-1.258833E-05,1.010107E-05,1.49292E-05,2.198588E-05
8306,-6.521979E-06,-7.658152E-06,1.096882E-05,1.488282E-05
8307,-0.002464756,-0.002431161,-0.002068668,0.004032983
8308,0.0008909738,0.002038726,0.0001607493,0.002230713
8309,0.002504306,-0.001356878,0.003715968,0.004681996
8310,8.668421E-07,-4.444298E-07,1.003401E-05,1.008119E-05
8311,-1.954137E-06,-2.298912E-06,3.186106E-06,4.388043E-06
8312,-8.10543E-06,-8.356425E-06,1.001825E-05,1.535881E-05
8313,-6.471759E-06,-5.457119E-06,4.305356E-06,9.497363E-06
8314,-2.563075E-06,-1.409643E-06,3.726646E-06,4.737545E-06
8315,-4.780832E-06,-3.142541E-06,9.200914E-06,1.083461E-05
8316,-2.36984E-05,-1.356821E-05,1.21129E-06,2.733455E-05
8317,2.195417E-06,-1.174767E-05,7.69304E-07,1.197578E-05
8318,2.201905E-06,-1.1747E-05,7.566742E-07,1.197552E-05
8319,5.389343E-06,-1.786398E-05,2.817776E-06,1.887079E-05
8320,-0.0158302,-0.006895564,0.00299305,0.01752434
8321,-4.832104E-05,5.171937E-05,2.137332E-05,7.39367E-05
8322,-9.650097E-05,5.444254E-05,0.000177783,0.0002094833
8323,0.0001584747,7.137716E-05,7.335659E-06,0.0001739619
8324,-0.0002305732,0.0001940622,9.505725E-05,0.0003160063
8325,-4.276525E-06,-2.368882E-07,6.219346E-07,4.328E-06
8326,2.34096E-06,-6.230105E-06,1.898203E-06,6.9208E-06
8327,-2.726374E-07,-4.078265E-06,4.394994E-07,4.110929E-06
8328,3.273276E-06,-1.776525E-06,-2.669886E-06,4.58243E-06
8329,1.358107E-06,-3.200791E-06,2.979506E-06,4.578971E-06
8330,1.357073E-06,-3.205173E-06,2.981568E-06,4.58307E-06
8331,3.613875E-06,-4.335335E-06,-5.702364E-06,8.023228E-06
8332,-2.724436E-06,-1.03292E-06,1.042792E-06,3.094656E-06
8333,-4.943537E-06,8.434145E-06,-4.088006E-06,1.059647E-05
8334,-1.896442E-06,7.825908E-06,-6.449511E-06,1.031686E-05
8335,-0.0001005932,0.0002398202,0.0001889589,0.0003214626
8336,-2.623833E-05,0.0001091603,8.113014E-05,0.0001385154
8337,0.03491051,-0.01457757,0.06071245,0.07153497
8338,6.683428E-07,3.251659E-06,-6.460018E-07,3.381906E-06
8339,-1.184445E-06,3.149358E-06,9.564595E-08,3.366083E-06
8340,5.736516E-06,3.181299E-06,1.673728E-06,6.76976E-06
8341,-2.011625E-06,4.371424E-06,-2.32878E-06,5.345952E-06
8342,4.295146E-06,-3.869048E-06,-7.361072E-06,9.359658E-06
8343,-3.786606E-06,1.309887E-05,1.346175E-05,1.916084E-05
8344,-1.336408E-05,1.169161E-05,-1.492375E-07,1.77571E-05
8345,-2.296467E-06,-7.609949E-06,-9.272867E-06,1.221356E-05
8346,-2.539188E-07,-7.447552E-06,-7.729466E-07,7.491858E-06
8347,1.012441E-06,-7.316111E-06,-3.148501E-06,8.028921E-06
8348,-2.385911E-07,-1.02173E-05,-6.06471E-07,1.023806E-05
8349,1.997079E-06,-9.043514E-06,-2.330969E-06,9.55023E-06
8350,1.300246E-07,-3.828913E-06,-2.126641E-07,3.837018E-06
8351,-5.595978E-06,-1.168789E-05,1.359627E-05,1.878245E-05
8352,-3.832976E-08,-2.660757E-06,-1.075567E-05,1.107996E-05
8353,-1.533552E-05,-1.30962E-05,4.097634E-06,2.057861E-05
8354,-8.996046E-06,-8.234072E-06,5.227602E-07,1.220664E-05
8355,-6.428445E-06,-1.327557E-05,1.176557E-05,1.886781E-05
8356,4.231948E-06,-3.436947E-06,-1.686638E-05,1.77256E-05
8357,-7.212489E-06,-5.563923E-06,-7.558572E-06,1.183678E-05
8358,0.0008845858,-0.005770654,0.001012204,0.005925158
8359,-5.000804E-05,4.160293E-05,-1.299057E-05,6.633523E-05
8360,8.798909E-05,3.864928E-05,-2.446771E-05,9.916913E-05
8361,-3.295152E-06,2.010267E-05,5.989464E-05,6.326407E-05
8362,-7.985682E-06,0.0001095501,1.209024E-05,0.0001105042
8363,-3.877606E-06,-2.199799E-05,2.562786E-05,3.39961E-05
8364,-5.236999E-06,-1.018191E-05,-1.063387E-05,1.562615E-05
8365,-2.544652E-06,5.330327E-06,1.309463E-06,6.049986E-06
8366,-9.255687E-06,4.761937E-06,1.545758E-06,1.052298E-05
8367,-7.696964E-06,7.772366E-06,1.975382E-06,1.111553E-05
8368,1.023453E-05,-5.216797E-06,-6.175243E-06,1.304201E-05
8369,2.056871E-06,7.671711E-06,-1.8143E-06,8.147242E-06
8370,2.392205E-06,-9.490416E-06,-2.133356E-06,1.001708E-05
8371,-5.365322E-06,4.472345E-08,5.4067E-06,7.617157E-06
8372,-7.928268E-06,-1.010295E-06,-6.186829E-06,1.010717E-05
8373,3.302798E-06,-7.577318E-06,-2.571441E-06,8.656589E-06
8374,-5.897864E-05,7.08812E-05,3.151423E-06,9.226352E-05
8375,0.001171315,0.0006482759,0.0002073995,0.001354716
8376,-5.275369E-05,-5.115984E-06,2.557376E-05,5.884847E-05
8377,-4.294411E-06,6.027349E-05,7.532572E-05,9.656759E-05
8378,0.003572599,-0.008416397,-0.003110945,0.009658011
8379,-0.02232363,0.0117005,0.002611728,0.02533904
8380,7.817904E-08,6.486679E-06,-3.862846E-06,7.550146E-06
8381,-5.48389E-06,3.270583E-06,-1.172708E-06,6.491919E-06
8382,-3.129453E-06,-1.366711E-06,9.446719E-07,3.543132E-06
8383,-1.894375E-06,-2.680217E-06,-1.628117E-06,3.663739E-06
8384,5.193662E-07,1.454345E-06,-2.800526E-06,3.198094E-06
8385,-1.318476E-05,6.807847E-06,-4.105766E-06,1.539617E-05
8386,2.056063E-07,2.663457E-06,7.952668E-06,8.389351E-06
8387,-1.892959E-06,-2.6747E-06,-1.63102E-06,3.660265E-06
8388,5.187506E-07,1.458706E-06,-2.804881E-06,3.203792E-06
8389,-1.764991E-06,-2.954234E-06,4.617359E-06,5.758706E-06
8390,9.582466E-06,-4.701094E-06,7.027015E-06,1.2779E-05
8391,-1.006298E-06,0.0007971396,0.0005782587,0.0009847921
8392,0.01251638,-0.04259944,-0.1966796,0.201629
8393,-0.01499566,-0.02930744,-0.03421045,0.04747789
8394,-3.633933E-06,-1.020537E-05,2.130696E-06,1.10406E-05
8395,-3.844418E-06,-9.049898E-06,-6.51671E-06,1.179609E-05
8396,2.566751E-06,-9.20093E-06,-1.124924E-05,1.475773E-05
8397,4.236827E-07,-9.730456E-06,2.384319E-06,1.002728E-05
8398,2.565067E-06,-9.200407E-06,-1.124596E-05,1.475461E-05
8399,1.060296E-06,-7.951241E-06,3.369357E-06,8.700519E-06
8400,-3.846583E-06,-9.048644E-06,-6.511501E-06,1.179296E-05
8401,5.721462E-06,-7.410504E-06,-2.640603E-07,9.365917E-06
8402,-3.926574E-06,-9.051671E-06,1.443515E-06,9.971684E-06
8403,7.021803E-06,-7.636366E-06,-1.583845E-07,1.037521E-05
8404,-6.300412E-07,-9.794176E-06,7.158073E-06,1.214746E-05
8405,-5.012574E-06,9.575838E-06,-2.470582E-05,2.696665E-05
8406,-7.428989E-06,-1.444513E-05,1.484331E-05,2.200399E-05
8407,5.163277E-06,1.785804E-05,-1.360407E-05,2.303562E-05
8408,1.109703E-05,-1.264964E-05,-1.304397E-06,1.687776E-05
8409,1.163749E-05,-9.140401E-06,-1.452258E-06,1.4869E-05
8410,-1.995765E-05,-2.421602E-05,-1.943783E-05,3.691277E-05
8411,4.660993E-05,0.0003120247,8.977416E-05,0.0003280111
8412,-1.748477E-05,-2.493702E-05,4.569881E-05,5.49177E-05
8413,-0.000121535,0.0007106086,0.001116912,0.001329371
8414,1.368816E-06,-2.163762E-05,4.461023E-05,4.959973E-05
8415,1.760051E-05,-1.938519E-05,4.412722E-05,5.131058E-05
8416,6.422419E-05,-2.787406E-05,4.603235E-05,8.378955E-05
8417,1.398505E-06,3.783512E-06,-4.692312E-08,4.033979E-06
8418,-1.479669E-06,2.193953E-06,7.018572E-07,2.737783E-06
8419,-5.933524E-06,1.358953E-06,-7.983348E-08,6.087679E-06
8420,5.306415E-06,1.631806E-06,8.993476E-08,5.55238E-06
8421,5.292589E-06,1.627173E-06,-1.6707E-08,5.5371E-06
8422,-1.084391E-06,9.218372E-07,-2.708462E-07,1.448808E-06
8423,-0.0001347538,2.161413E-05,-1.163338E-05,0.0001369711
8424,1.060437E-05,4.024348E-05,6.944454E-08,4.161725E-05
8425,0.0005846826,0.0002879712,-0.0001181581,0.0006623764
8426,-2.405893E-06,-9.804082E-06,1.843218E-05,2.101555E-05
8427,-9.333111E-08,3.216602E-06,-9.236683E-06,9.781184E-06
8428,-9.698809E-07,3.335456E-06,-9.316359E-06,9.942861E-06
8429,-5.279145E-06,2.742152E-05,-1.927836E-05,3.393324E-05
8430,-5.279393E-06,2.742353E-05,-1.927893E-05,3.393522E-05
8431,-2.02348E-06,1.721483E-05,7.111273E-06,1.87354E-05
8432,-9.102446E-06,-7.474378E-06,-9.658324E-06,1.523168E-05
8433,-9.114131E-06,-7.516622E-06,-9.641272E-06,1.524864E-05
8434,-4.296552E-06,-2.090219E-05,5.273083E-06,2.198107E-05
8435,-2.707394E-08,5.638045E-06,7.977475E-06,9.768745E-06
8436,-3.044156E-07,-4.199155E-06,-8.263832E-06,9.274508E-06
8437,-4.432993E-06,-1.529764E-05,-7.140787E-06,1.745451E-05
8438,5.219099E-06,-8.13803E-06,5.772281E-06,1.125992E-05
8439,-5.908498E-06,-3.670346E-06,-2.371635E-06,7.348907E-06
8440,-2.514737E-08,5.63597E-06,7.979087E-06,9.76886E-06
8441,-0.0002334858,9.51425E-05,0.0001015245,0.0002717994
8442,-6.8733E-05,-3.319009E-05,-6.729843E-05,0.000101759
8443,-2.997468E-05,5.031151E-05,-5.948256E-05,8.347398E-05
8444,0.01483307,-0.01608137,0.05622349,0.06033001
8445,2.07739E-06,1.390083E-06,3.283343E-06,4.126527E-06
8446,2.066044E-06,1.392543E-06,3.281565E-06,4.120241E-06
8447,-5.183757E-07,1.878602E-06,1.270962E-06,2.326629E-06
8448,-1.294436E-06,-2.936917E-06,1.460808E-06,3.52633E-06
8449,-2.75969E-06,1.554648E-06,3.522738E-06,4.737351E-06
8450,-5.312041E-06,-2.455197E-06,-2.661008E-07,5.858035E-06
8451,1.872496E-06,-2.576215E-07,2.337096E-06,3.005766E-06
8452,0.0002753119,0.0004897902,0.0004293513,0.0007071306
8453,6.222633E-05,7.261217E-05,0.0001294559,0.0001609455
8454,1.188619E-05,2.60338E-05,5.594615E-06,2.916059E-05
8455,1.189202E-05,2.603743E-05,5.598091E-06,2.916688E-05
8456,-0.002751843,0.0011709,-0.002851739,0.004132319
8457,7.158912E-06,-3.804258E-06,-5.615852E-06,9.862058E-06
8458,2.486298E-06,-4.791815E-06,-6.085855E-06,8.135158E-06
8459,2.486961E-06,-4.794756E-06,-6.08908E-06,8.139506E-06
8460,2.24421E-06,-3.332254E-06,-4.952342E-06,6.376997E-06
8461,7.1554E-06,-3.80402E-06,-5.614068E-06,9.858401E-06
8462,5.630076E-05,-1.948834E-05,-3.745458E-05,7.037341E-05
8463,5.629741E-05,-1.949561E-05,-3.747667E-05,7.03845E-05
8464,2.141464E-05,-9.81466E-06,-2.21323E-05,3.232264E-05
8465,1.222722E-05,5.009814E-06,-2.955947E-05,3.237847E-05
8466,1.364961E-05,-5.599579E-06,-2.074988E-05,2.546026E-05
8467,3.360636E-05,4.700154E-05,5.33477E-05,7.864166E-05
8468,8.612496E-07,-4.82369E-06,-2.701879E-06,5.595523E-06
8469,-6.273855E-07,-6.226424E-06,-2.161179E-05,2.249959E-05
8470,1.164434E-06,-4.482984E-06,-2.029277E-05,2.081465E-05
8471,1.105867E-05,-8.009292E-06,1.093631E-05,1.749417E-05
8472,7.634158E-06,2.02897E-05,1.970268E-05,2.929416E-05
8473,6.727917E-06,1.63076E-06,5.217827E-06,8.668908E-06
8474,-1.84593E-06,-1.814524E-06,6.521021E-06,7.015958E-06
8475,-1.847335E-06,-1.818833E-06,6.528714E-06,7.024593E-06
8476,-8.947883E-06,-1.232612E-05,1.561593E-05,2.18141E-05
8477,6.726532E-06,1.628634E-06,5.229266E-06,8.674324E-06
8478,-9.778511E-06,5.472366E-06,2.038522E-05,2.326205E-05
8479,-9.517902E-06,4.921556E-06,2.027414E-05,2.293149E-05
8480,5.046523E-06,1.287727E-06,-5.806514E-06,7.800079E-06
8481,5.122413E-06,1.239348E-06,-5.643474E-06,7.721651E-06
8482,-4.578067E-05,7.026047E-06,3.215178E-05,5.638237E-05
8483,0.004457063,0.01629248,0.07250777,0.07444923
8484,2.943765E-06,2.807725E-07,2.089846E-06,3.621055E-06
8485,2.302909E-06,4.139133E-06,-3.59857E-07,4.750296E-06
8486,-4.3168E-06,-6.641219E-06,1.359279E-06,8.036678E-06
8487,2.657345E-06,2.266268E-06,-4.803771E-06,5.939164E-06
8488,-3.070731E-06,-1.696219E-06,6.229806E-06,7.149617E-06
8489,-2.198122E-06,6.070235E-06,-4.905827E-07,6.474578E-06
8490,-8.3629E-06,-3.577288E-06,1.768146E-06,9.266144E-06
8491,1.460272E-07,2.560464E-07,1.063929E-06,1.104006E-06
8492,3.502735E-05,-4.690417E-05,-5.5745E-05,8.083577E-05
8493,-0.000114961,-0.0001188073,-9.027049E-05,0.0001883613
8494,2.824935E-05,-2.079176E-06,5.558628E-05,6.238736E-05
8495,5.700812E-06,4.674781E-05,1.483974E-05,4.937686E-05
8496,-6.250918E-05,-0.0001478772,-9.95381E-05,0.0001888991
8497,-0.002962175,-0.001210239,0.001796694,0.003669778
8498,0.02230738,0.02013152,-0.02051899,0.03638579
8499,0.004181951,0.01533553,0.01022633,0.01890093
8500,-3.815221E-06,1.739732E-06,5.46443E-07,4.228614E-06
8501,1.669126E-06,-3.669212E-06,-2.948068E-06,4.994017E-06
8502,5.040753E-06,9.525772E-07,9.340456E-06,1.065649E-05
8503,2.540652E-06,1.592174E-06,6.545763E-06,7.199787E-06
8504,-2.502264E-06,8.297005E-06,8.653016E-07,8.709212E-06
8505,-2.243792E-06,1.096735E-06,-7.961755E-06,8.344277E-06
8506,-5.310103E-06,2.225579E-06,-4.82906E-06,7.514667E-06
8507,5.67373E-07,-5.584528E-06,-1.864084E-06,5.914701E-06
8508,-6.122588E-06,-1.367811E-05,3.845398E-05,4.127088E-05
8509,-1.06959E-05,7.486362E-06,5.035813E-06,1.399311E-05
8510,-2.744203E-05,3.878487E-05,7.265644E-06,4.806372E-05
8511,-1.069623E-05,7.489422E-06,5.045975E-06,1.399867E-05
8512,-7.548522E-06,7.52756E-06,1.112377E-05,1.540722E-05
8513,4.481296E-06,1.724841E-05,5.700681E-06,1.871062E-05
8514,0.004316956,-0.002353108,-0.01232413,0.01326866
8515,0.03762399,-0.05612833,-0.05814746,0.0891464
8516,0.0001858039,-2.924824E-05,0.0004334509,0.0004725021
8517,7.42135E-06,1.786465E-06,-4.41915E-06,8.820249E-06
8518,-6.398923E-06,-9.663179E-08,-5.071744E-07,6.419718E-06
8519,-6.397468E-06,-9.973172E-08,-5.037616E-07,6.418047E-06
8520,4.724874E-06,-4.533107E-06,-2.165088E-06,6.896455E-06
8521,2.475749E-07,1.880917E-08,3.690756E-06,3.699098E-06
8522,-4.114272E-06,-1.717052E-06,1.959998E-08,4.458238E-06
8523,-2.130123E-06,3.106438E-06,-2.960144E-06,4.790599E-06
8524,-1.116155E-06,-9.715704E-07,-6.381284E-06,6.550614E-06
8525,5.127404E-06,2.592348E-06,-4.50307E-06,7.299875E-06
8526,3.22095E-06,1.808367E-06,4.168902E-06,5.56996E-06
8527,-0.0002107441,2.337751E-05,-0.0003329992,0.0003947759
8528,-0.0001701726,0.0001211846,0.0001964606,0.0002867772
8529,0.007945964,0.001012244,0.02437016,0.02565283
8530,0.001527364,0.01943223,-0.008784343,0.02138011
8531,2.497032E-06,-2.920576E-06,2.485357E-06,4.576235E-06
8532,8.505372E-07,-4.291098E-06,1.813888E-06,4.735729E-06
8533,3.539906E-06,-6.411424E-06,2.217152E-06,7.651997E-06
8534,1.261482E-06,9.582677E-07,8.454139E-06,8.601283E-06
8535,2.735025E-07,3.443499E-06,-2.950874E-06,4.543142E-06
8536,-2.588295E-07,-2.555653E-06,-2.058053E-06,3.291495E-06
8537,-7.081755E-07,-2.633095E-06,3.201735E-06,4.20545E-06
8538,2.654551E-07,3.455747E-06,-2.956326E-06,4.555494E-06
8539,-9.146223E-06,9.32594E-06,-6.587323E-06,1.46294E-05
8540,-9.15685E-06,9.302513E-06,-6.605901E-06,1.462951E-05
8541,-1.118036E-06,1.677499E-05,-3.26136E-06,1.712562E-05
8542,-1.661262E-05,-1.184545E-05,9.686419E-06,2.258584E-05
8543,-1.659984E-05,-1.18394E-05,9.69069E-06,2.257511E-05
8544,-1.69215E-05,3.672548E-07,2.884659E-06,1.716954E-05
8545,-4.394491E-06,2.549649E-06,8.966979E-06,1.030626E-05
8546,-0.0002065641,0.001719018,-0.0006932776,0.001865027
8547,0.004865793,-0.001795238,0.01133806,0.01246798
8548,2.932473E-06,-1.06355E-06,1.392889E-06,3.416237E-06
8549,3.020158E-06,1.35874E-06,-1.242587E-06,3.537167E-06
8550,1.209349E-06,1.381123E-06,6.735671E-06,6.981353E-06
8551,-2.015004E-06,-1.373599E-06,-1.873068E-07,2.445833E-06
8552,-1.446453E-06,-2.543027E-06,3.540849E-07,2.946962E-06
8553,2.988281E-08,1.9538E-06,2.096544E-06,2.865959E-06
8554,-1.661994E-06,-2.258512E-06,-9.347134E-07,2.955806E-06
8555,3.017429E-06,1.356174E-06,-1.244673E-06,3.534586E-06
8556,-1.44731E-06,-2.542938E-06,3.536244E-07,2.947251E-06
8557,6.235181E-06,-1.650999E-05,-2.284018E-05,2.886401E-05
8558,-3.851555E-05,1.951886E-05,-7.915702E-05,9.0168E-05
8559,-5.763148E-05,-3.700639E-05,4.391363E-05,8.135888E-05
8560,-3.483591E-05,3.106684E-05,3.365455E-05,5.754405E-05
8561,-0.002034487,-0.007682485,-0.02393365,0.02521863
8562,-7.830063E-06,3.031234E-05,1.596309E-05,3.514211E-05
8563,-1.721173E-05,1.79997E-05,1.040293E-05,2.698988E-05
8564,-1.49083E-05,4.146174E-05,1.039925E-05,4.527116E-05
8565,-1.177253E-05,6.280926E-06,2.7022E-05,3.013687E-05
8566,-6.048917E-05,4.382738E-05,3.606746E-05,8.294963E-05
8567,8.220136E-06,-2.983993E-06,4.55308E-06,9.859279E-06
8568,-7.814112E-06,3.030929E-05,1.59703E-05,3.513921E-05
8569,-1.177723E-05,6.301374E-06,2.702394E-05,3.014471E-05
8570,-1.720588E-05,1.800187E-05,1.042082E-05,2.69945E-05
8571,-0.01264643,0.006645379,-0.02905971,0.03238147
8572,-1.387027E-06,9.438272E-07,2.982672E-06,3.422132E-06
8573,1.370605E-06,2.515696E-06,-2.20255E-08,2.864921E-06
8574,3.317481E-07,4.391976E-08,3.8254E-06,3.840009E-06
8575,-1.972778E-07,2.029771E-06,-4.332227E-06,4.788224E-06
8576,-1.770211E-06,-1.148944E-06,-7.072375E-06,7.380529E-06
8577,-1.584104E-06,2.918231E-07,2.335673E-06,2.837236E-06
8578,-1.57187E-06,-1.202396E-06,-4.259805E-06,4.697071E-06
8579,4.337208E-06,-1.667999E-06,2.105928E-06,5.101816E-06
8580,8.439987E-07,-1.557468E-06,2.70401E-07,1.79197E-06
8581,-8.24238E-08,6.713572E-06,9.340994E-07,6.778746E-06
8582,-1.828142E-06,2.429536E-06,-8.390703E-06,8.92461E-06
8583,-1.193579E-06,-5.009161E-06,5.90307E-06,7.833426E-06
8584,-1.383517E-05,-5.031704E-06,1.855507E-05,2.368587E-05
8585,-2.033434E-06,-2.223951E-06,-3.389933E-06,4.535687E-06
8586,9.773971E-08,-2.926935E-06,-2.132903E-06,3.622951E-06
8587,-4.826786E-06,-4.568886E-07,-2.845662E-07,4.856706E-06
8588,-1.779768E-06,3.393939E-06,-3.243788E-06,5.020812E-06
8589,-5.326161E-06,1.134728E-05,1.503555E-05,1.957541E-05
8590,2.242384E-06,2.259806E-07,-2.322952E-06,3.236581E-06
8591,-2.528589E-06,-2.580891E-06,3.154613E-06,4.796493E-06
8592,1.058178E-06,-1.926137E-06,-6.342331E-06,6.712296E-06
8593,-4.35908E-06,3.378393E-06,-3.886764E-06,6.747003E-06
8594,-0.0003635766,0.0008312842,0.001033353,0.001375151
8595,-4.131919E-06,-3.58254E-06,1.121853E-07,5.469912E-06
8596,1.741108E-05,1.29138E-05,-3.279177E-07,2.167994E-05
8597,-4.131941E-06,-3.584668E-06,1.017523E-07,5.471119E-06
8598,4.528436E-06,4.97186E-06,2.353135E-07,6.729153E-06
8599,1.74154E-05,1.292494E-05,-3.31916E-07,2.16901E-05
8600,4.529659E-06,4.971677E-06,8.321193E-08,6.72624E-06
8601,-2.45562E-06,1.73403E-05,7.766901E-06,1.915831E-05
8602,-1.77347E-06,-7.469531E-05,-1.447076E-05,7.610478E-05
8603,-2.728631E-06,-1.133382E-06,2.244065E-06,3.710231E-06
8604,-5.590935E-06,-3.012446E-06,1.585594E-06,6.545799E-06
8605,1.963696E-06,2.163272E-06,1.370469E-06,3.227078E-06
8606,1.243994E-06,-1.352417E-06,4.117002E-06,4.508465E-06
8607,1.730699E-06,2.584031E-06,3.707884E-06,4.839519E-06
8608,8.995805E-07,1.882198E-06,9.597605E-07,2.296313E-06
8609,-0.0001084825,6.690966E-05,-6.875543E-06,0.0001276426
8610,0.2443594,0.1369732,0.008124558,0.2802484
8611,5.751108E-06,5.517924E-06,-4.096735E-06,8.96136E-06
8612,-1.605494E-05,1.504032E-05,3.256935E-06,2.223916E-05
8613,-8.241715E-06,-4.14698E-06,4.510399E-08,9.22634E-06
8614,-1.163151E-06,6.753502E-06,-1.850087E-06,7.098277E-06
8615,-1.341417E-05,7.563985E-06,1.107737E-05,1.897002E-05
8616,-6.226538E-06,1.567424E-05,-1.451694E-07,1.686632E-05
8617,-0.2286476,-0.2113897,0.1996733,0.3699118
8618,4.3175E-06,1.716052E-06,-1.555435E-05,1.623341E-05
8619,1.183308E-06,-3.395702E-06,-2.808796E-06,4.562932E-06
8620,3.406953E-06,2.310736E-06,-1.347429E-05,1.408912E-05
8621,-3.246528E-06,9.052476E-07,-1.480193E-05,1.51808E-05
8622,-3.35914E-06,2.55102E-06,-1.508656E-05,1.566512E-05
8623,-1.362111E-07,5.335454E-07,-1.557167E-05,1.55814E-05
8624,2.984932E-07,6.245647E-07,-1.55754E-05,1.559078E-05
8625,-8.695598E-07,-8.348828E-06,-2.128762E-06,8.659717E-06
8626,2.833151E-06,-1.297161E-06,-1.29624E-05,1.333167E-05
8627,-2.118898E-06,1.164322E-07,-1.556908E-05,1.571304E-05
8628,-1.435151E-06,3.508943E-06,-1.244982E-05,1.301424E-05
8629,-2.175922E-06,1.589299E-06,-9.34955E-06,9.730087E-06
8630,-7.002176E-06,-9.7192E-08,2.975517E-06,7.608785E-06
8631,9.785532E-05,5.086854E-05,-4.850081E-05,0.0001204807
8632,3.446345E-05,-5.376674E-05,0.0001307472,0.0001455109
8633,3.064383E-05,-1.244956E-05,-4.604555E-05,5.669417E-05
8634,-2.131459E-05,2.108095E-05,-1.778835E-05,3.485891E-05
8635,-1.12876E-05,0.0002073631,0.0003632647,0.0004184353
8636,-2.457743E-05,1.318693E-05,-6.488847E-05,7.062902E-05
8637,-1.933759E-06,5.17382E-06,1.835802E-06,5.820482E-06
8638,3.720808E-06,-1.124204E-06,-5.031643E-06,6.358119E-06
8639,3.721706E-06,-1.129682E-06,-5.028582E-06,6.357194E-06
8640,-1.686702E-06,3.33864E-06,-1.877806E-06,4.185408E-06
8641,-1.11712E-06,2.208003E-06,3.476731E-06,4.267422E-06
8642,-9.868648E-07,-2.354986E-06,4.236412E-07,2.588307E-06
8643,-7.665366E-07,-8.627035E-08,3.170454E-06,3.262943E-06
8644,8.375754E-07,2.765503E-07,7.887559E-07,1.183279E-06
8645,-6.556217E-07,3.495893E-06,1.313059E-06,3.791469E-06
8646,8.401716E-07,2.701723E-07,7.895242E-07,1.184158E-06
8647,-1.115573E-06,2.208021E-06,3.474586E-06,4.265279E-06
8648,-5.768349E-05,2.98255E-07,9.809859E-06,5.851246E-05
8649,-1.687601E-05,2.771586E-05,2.631408E-05,4.177798E-05
8650,-2.584396E-05,3.97138E-05,3.828621E-05,6.091741E-05
8651,-3.925413E-05,3.312163E-05,3.052809E-05,5.974859E-05
8652,-0.0001764717,2.12525E-05,3.045078E-05,0.0001803363
8653,7.972492E-05,-0.0003560997,0.0001405458,0.000391045
8654,-1.991171E-05,-2.929087E-06,6.319956E-05,6.632676E-05
8655,-0.0006242149,-0.00404875,-0.002107001,0.004606677
8656,-0.006957228,0.01165909,0.01066842,0.0172671
8657,3.956546E-07,-9.67521E-07,1.949699E-06,2.212231E-06
8658,3.173099E-06,1.695233E-06,5.677002E-06,6.720917E-06
8659,-3.683931E-07,1.405019E-06,-1.298009E-06,1.947978E-06
8660,7.63471E-06,2.608131E-06,-6.738124E-07,8.095996E-06
8661,-3.710371E-07,1.403349E-06,-1.297525E-06,1.946954E-06
8662,-1.476564E-06,2.393743E-06,-4.091929E-06,4.965292E-06
8663,6.649076E-06,5.181419E-07,-1.249227E-06,6.785222E-06
8664,-9.667499E-06,2.622936E-06,-1.945925E-06,1.020426E-05
8665,5.066816E-06,1.806548E-06,3.141573E-06,6.229423E-06
8666,-0.1978786,0.05550339,0.01134628,0.2058283
8667,-8.997794E-07,1.896505E-06,-9.941542E-07,2.322644E-06
8668,3.854283E-06,-2.968571E-07,6.717155E-07,3.923624E-06
8669,2.117734E-07,6.916616E-06,5.672259E-06,8.947567E-06
8670,2.014104E-06,-7.952592E-07,-6.254411E-07,2.253936E-06
8671,8.324905E-07,-1.409461E-06,3.398394E-06,3.772096E-06
8672,3.554663E-07,-3.565168E-06,-1.256012E-06,3.796623E-06
8673,-2.354694E-06,-8.29841E-07,-2.814778E-06,3.762472E-06
8674,-2.502716E-06,-7.615416E-07,-3.273072E-06,4.190052E-06
8675,-5.193637E-06,7.788285E-06,3.250282E-06,9.909369E-06
8676,-9.455845E-05,-5.008995E-05,-9.377105E-05,0.000142279
8677,-0.1896792,0.4509363,-0.3117564,0.5800981
8678,-3.701917E-06,2.330956E-07,1.340381E-06,3.944001E-06
8679,1.606705E-06,-1.970366E-06,-1.262942E-06,2.838814E-06
8680,-8.049242E-06,3.027062E-06,-2.254766E-06,8.890296E-06
8681,-1.799343E-06,-1.312363E-06,4.56911E-06,5.082981E-06
8682,-1.88406E-07,-1.301678E-06,2.090556E-06,2.469876E-06
8683,7.264521E-06,1.921315E-06,4.53855E-06,8.778562E-06
8684,-5.458945E-06,-1.22317E-06,8.450959E-07,5.657774E-06
8685,2.002011E-06,9.247714E-07,-6.024286E-07,2.286082E-06
8686,2.488988E-06,1.168113E-06,-2.628343E-06,3.803647E-06
8687,-1.350986,20.97657,25.10819,32.74543
8688,3.736023E-06,1.287658E-05,9.473412E-06,1.641675E-05
8689,2.642267E-06,1.416869E-05,8.675907E-06,1.682275E-05
8690,-5.260198E-05,0.0002550474,-0.0003013014,0.0003982445
8691,2.893113E-06,1.41164E-05,8.509041E-06,1.673459E-05
8692,-2.116929E-06,9.144038E-07,5.103651E-07,2.361778E-06
8693,-1.594369E-06,-4.301947E-07,-4.231406E-07,1.704737E-06
8694,-2.118865E-06,9.188527E-07,5.090603E-07,2.364957E-06
8695,-2.326429E-06,3.557936E-07,6.39253E-07,2.438751E-06
8696,-5.72738E-07,-2.694527E-07,-1.635483E-06,1.753692E-06
8697,-1.642866E-06,1.918977E-06,6.990496E-06,7.432935E-06
8698,-1.646743E-06,1.910998E-06,7.0003E-06,7.44096E-06
8699,-8.156289E-06,3.023463E-05,1.201228E-05,3.354032E-05
8700,-6.414016E-06,-6.355611E-06,1.590511E-05,1.82895E-05
8701,-1.73423E-05,-4.176624E-06,3.093377E-06,1.810438E-05
8702,-1.217962E-05,6.663779E-06,1.448649E-05,2.006508E-05
8703,2.865628E-06,-3.032947E-06,-1.784489E-06,4.538171E-06
8704,-5.690497E-06,-6.59738E-06,2.8404E-05,2.971017E-05
8705,-6.41833E-06,-6.36745E-06,1.591154E-05,1.830073E-05
8706,1.498599E-06,4.757715E-06,8.631435E-06,9.969119E-06
8707,-1.217627E-05,6.667991E-06,1.44855E-05,2.006374E-05
8708,0.001788698,0.0005943449,-0.001539423,0.00243362
8709,-0.001389448,0.0003814482,0.001424548,0.00202618
8710,6.139485E-06,-3.535569E-06,-1.774674E-06,7.303629E-06
8711,8.461413E-07,-4.213296E-07,-8.315387E-07,1.25894E-06
8712,-7.00781E-07,-5.418653E-06,3.587452E-06,6.536261E-06
8713,-2.484639E-06,-5.600768E-06,-7.733861E-07,6.175772E-06
8714,-5.318685E-06,6.596514E-06,-3.37728E-06,9.121865E-06
8715,-1.513878,-0.446549,-2.847663,3.255828
8716,3.64945E-06,-1.143848E-07,1.182426E-05,1.237517E-05
8717,3.245875E-06,-8.678557E-08,1.177011E-05,1.220978E-05
8718,-0.0002910916,0.001064033,0.0002850005,0.001139353
8719,5.775638E-07,-2.901542E-06,5.1991E-07,3.003803E-06
8720,1.09665E-06,-2.871147E-07,1.073919E-06,1.56153E-06
8721,2.785516E-06,1.409339E-06,-5.707442E-06,6.5054E-06
8722,-1.396179E-06,1.468779E-06,2.389442E-06,3.133059E-06
8723,2.7895E-06,1.37918E-06,-5.702435E-06,6.496246E-06
8724,6.333148E-07,2.278174E-06,7.879966E-08,2.365877E-06
8725,5.744505E-06,4.135263E-07,8.206801E-07,5.817547E-06
8726,-5.21511E-08,2.87223E-06,-2.455769E-06,3.779316E-06
8727,6.291108E-07,2.277382E-06,7.246654E-08,2.363789E-06
8728,3.464569E-07,1.519271E-08,2.436027E-06,2.460587E-06
8729,1.116863E-05,8.256736E-06,-1.215953E-05,1.845985E-05
8730,-2.124148E-05,1.308934E-06,4.111958E-05,4.630047E-05
8731,-1.29123E-05,2.389962E-07,8.232176E-06,1.531513E-05
8732,-2.288845E-06,-3.96603E-07,-7.723041E-06,8.064829E-06
8733,-4.539835E-06,3.091629E-06,-7.511561E-06,9.305473E-06
8734,-2.292034E-06,2.050461E-06,8.01136E-06,8.581357E-06
8735,-2.289124E-06,-3.968467E-07,-7.73043E-06,8.071996E-06
8736,-2.61562E-06,7.697008E-06,-1.213647E-05,1.460751E-05
8737,-0.0009061834,0.001140165,0.0008968378,0.001710398
8738,0.0007306481,-0.001584455,0.0009048766,0.001965489
8739,-1.814906E-06,1.072283E-07,3.484386E-06,3.930182E-06
8740,-2.635911E-06,6.743673E-06,-7.714941E-06,1.058043E-05
8741,-2.636371E-06,6.748891E-06,-7.717803E-06,1.058596E-05
8742,-2.123911E-06,1.903463E-06,-4.026757E-06,4.934464E-06
8743,-2.570515E-06,4.19559E-06,-4.126292E-06,6.421589E-06
8744,-1.821201E-06,1.30265E-07,3.48026E-06,3.930134E-06
8745,-5.109133E-05,-4.871872E-05,-7.668229E-05,0.0001042306
8746,7.180342E-05,0.0001435686,7.23725E-05,0.0001760837
8747,2.179203E-06,3.261907E-06,-1.444588E-05,1.496905E-05
8748,-2.063251E-07,3.259556E-06,-1.468206E-05,1.504095E-05
8749,1.064643E-06,-2.291498E-06,-1.553698E-05,1.57411E-05
8750,1.013526E-06,9.533003E-07,-1.409404E-05,1.416256E-05
8751,-8.723552E-07,-8.764687E-07,-7.427324E-06,7.529565E-06
8752,1.961017E-06,4.013102E-06,-6.535828E-06,7.916288E-06
8753,4.545265E-07,1.077948E-06,-7.726126E-06,7.814191E-06
8754,-6.928334E-07,-2.786279E-06,-7.413305E-06,7.949871E-06
8755,3.663653E-07,-1.092617E-06,-7.954409E-06,8.037453E-06
8756,2.224363E-08,-1.638025E-06,-7.878378E-06,8.046891E-06
8757,2.350083E-06,3.904446E-06,-6.937737E-06,8.300589E-06
8758,0.000104676,0.0001381307,-3.116095E-05,0.0001760913
8759,-0.0005565735,0.001134878,-0.0008338226,0.00151426
8760,4.842615E-05,1.446158E-05,-2.717706E-05,5.738311E-05
8761,1.187835E-06,2.077404E-07,1.00554E-07,1.21005E-06
8762,-4.464665E-06,-1.902277E-07,1.907815E-07,4.472787E-06
8763,-2.073172E-06,3.0475E-07,3.019416E-06,3.675294E-06
8764,-3.681008E-07,-1.832562E-06,6.725297E-06,6.980215E-06
8765,-2.28259E-06,2.216504E-06,4.104242E-06,5.193064E-06
8766,5.101761E-06,1.88665E-06,-3.13947E-06,6.280422E-06
8767,1.659143E-06,-2.255341E-06,-1.032078E-06,2.984042E-06
8768,8.459543E-07,-1.076803E-06,5.351896E-07,1.470228E-06
8769,-6.820328E-06,-9.973922E-07,3.556364E-08,6.892962E-06
8770,0.00010281,3.919666E-05,1.328891E-05,0.0001108281
8771,-3.283775E-05,3.334143E-05,1.188808E-05,4.828348E-05
8772,-4.378564E-07,4.928598E-05,4.593583E-05,6.737507E-05
8773,-3.284584E-05,3.332535E-05,1.190378E-05,4.828176E-05
8774,7.399183E-06,1.682508E-05,1.73088E-05,2.524729E-05
8775,7.378938E-06,1.679785E-05,1.730173E-05,2.521837E-05
8776,0.004653643,-0.01067245,-0.004197969,0.01237661
8777,-4.055461E-06,-1.786169E-06,-1.94157E-06,4.838063E-06
8778,-4.056506E-06,-1.782009E-06,-1.941564E-06,4.837403E-06
8779,1.514366E-06,-6.458734E-07,-3.067491E-06,3.481373E-06
8780,-1.463917E-06,-5.567593E-08,2.201649E-06,2.644506E-06
8781,-1.463033E-06,-5.758321E-08,2.199874E-06,2.64258E-06
8782,-1.094409E-06,4.131276E-06,-6.792891E-06,8.025493E-06
8783,-1.099979E-06,4.129189E-06,-6.790572E-06,8.023218E-06
8784,-7.463502E-06,-2.025038E-06,3.79323E-06,8.61355E-06
8785,-1.20884E-06,5.155508E-05,-2.812124E-07,5.157002E-05
8786,-4.866792E-05,-3.808544E-05,8.459228E-06,6.237489E-05
8787,-1.183241E-06,5.157683E-05,-2.716027E-07,5.159112E-05
8788,-4.866098E-05,-3.810586E-05,8.47999E-06,6.238475E-05
8789,-1.721811E-06,5.398508E-05,0.0001822684,0.000190103
8790,-0.01906968,0.01890002,-0.07881195,0.08325975
8791,-2.075204E-05,1.747492E-05,2.350968E-05,3.589882E-05
8792,-2.075682E-05,1.749927E-05,2.357559E-05,3.595662E-05
8793,-1.80044E-05,1.136204E-05,-1.099495E-05,2.396129E-05
8794,-9.626936E-06,3.232469E-05,1.160324E-05,3.566789E-05
8795,-9.611481E-06,3.232714E-05,1.159139E-05,3.566209E-05
8796,-1.822582E-05,3.900724E-05,4.252405E-05,6.051479E-05
8797,-0.01364065,0.01340162,-0.00542574,0.01987736
8798,0.01809143,0.02447172,0.01800422,0.03535981
8799,3.929621E-06,2.056159E-06,8.933581E-06,9.973895E-06
8800,3.946176E-06,3.185479E-06,-4.859848E-06,7.02408E-06
8801,-7.852129E-07,-5.385061E-06,5.148805E-06,7.491705E-06
8802,3.92542E-06,3.185798E-06,-4.890704E-06,7.034004E-06
8803,-7.867988E-07,-5.389174E-06,5.143648E-06,7.491285E-06
8804,1.091396E-06,1.759134E-06,4.474182E-07,2.11799E-06
8805,-3.513572E-05,9.722107E-06,2.012015E-05,4.163963E-05
8806,5.472324E-06,5.187222E-05,-4.667319E-06,5.236848E-05
8807,-1.585346E-05,3.811038E-05,-1.947589E-05,4.564037E-05
8808,5.315699E-06,-1.609239E-06,5.527369E-06,7.835695E-06
8809,3.345789E-05,-1.839199E-05,1.816048E-05,4.227882E-05
8810,-0.01001319,0.02746124,0.07368452,0.07927038
8811,-2.648461E-06,8.839501E-06,2.378731E-05,2.551445E-05
8812,5.764963E-06,2.08814E-06,-6.676452E-06,9.064775E-06
8813,-3.104828E-05,2.224733E-05,9.033573E-06,3.924977E-05
8814,-1.305897E-06,2.919051E-05,1.288141E-05,3.193309E-05
8815,-3.112033E-05,2.230388E-05,9.030547E-06,3.933813E-05
8816,-1.29307E-06,2.919133E-05,1.288325E-05,3.193405E-05
8817,-2.278389E-05,2.853649E-06,3.564122E-06,2.323687E-05
8818,-0.1731298,-0.09255249,-0.001480804,0.1963214
8819,-1.345841E-06,-1.513811E-05,-4.001656E-06,1.571582E-05
8820,2.711504E-06,5.158067E-06,-5.095358E-06,7.740839E-06
8821,-6.658433E-06,-2.23805E-05,1.943066E-06,2.343069E-05
8822,5.394847E-06,-6.839839E-06,4.954924E-06,1.002193E-05
8823,5.394596E-06,-6.845812E-06,4.94998E-06,1.002343E-05
8824,-1.633496E-05,1.687764E-06,1.61084E-05,2.300348E-05
8825,1.888129E-06,8.059525E-06,-1.813345E-06,8.47403E-06
8826,-1.633084E-05,1.662526E-06,1.609167E-05,2.2987E-05
8827,-0.0004867562,0.001676084,0.001821945,0.002523028
8828,-1.612418E-05,-1.682223E-06,1.343041E-05,2.105219E-05
8829,-1.610921E-05,-3.294453E-07,1.337354E-05,2.09396E-05
8830,4.611702E-06,1.082273E-06,7.804298E-06,9.129412E-06
8831,4.614781E-06,-1.08115E-06,7.805754E-06,9.13208E-06
8832,-6.716797E-07,2.648475E-07,-6.213445E-06,6.255253E-06
8833,-3.114159E-06,3.538271E-06,1.680685E-06,5.004204E-06
8834,2.377253E-06,9.344863E-07,-8.432214E-06,8.810609E-06
8835,6.452102E-06,-2.571083E-06,1.00785E-06,7.018251E-06
8836,-4.632726E-06,-1.108291E-06,-1.019604E-05,1.125388E-05
8837,-1.103782E-06,-5.47703E-07,-3.285894E-06,3.509333E-06
8838,-5.692626E-06,-1.152424E-07,1.564517E-06,5.904827E-06
8839,2.383439E-06,9.368115E-07,-8.426252E-06,8.806823E-06
8840,1.692876E-06,-5.601962E-06,-2.591991E-06,6.400486E-06
8841,5.630491E-06,-8.989011E-06,-1.972517E-05,2.239614E-05
8842,1.407093E-05,3.488997E-05,3.64209E-05,5.236204E-05
8843,-8.477016E-06,-5.392958E-06,-1.903652E-05,2.152517E-05
8844,-2.998531E-05,-2.924181E-06,3.276589E-05,4.451149E-05
8845,-2.145958E-05,3.10119E-06,1.151171E-05,2.454894E-05
8846,3.094888E-06,-1.096107E-05,8.713525E-06,1.434047E-05
8847,6.373191E-06,2.189285E-05,-2.468106E-05,3.360162E-05
8848,-3.254366E-05,-1.275366E-05,7.438224E-06,3.573615E-05
8849,-0.006293527,0.003339254,0.003464113,0.007922069
8850,-2.476676E-06,-5.008849E-06,3.981023E-06,6.860833E-06
8851,-8.084466E-06,-7.009822E-07,-2.994972E-06,8.649845E-06
8852,2.816738E-06,7.696746E-06,1.572254E-06,8.345412E-06
8853,-1.004138E-05,1.918416E-05,1.68689E-05,2.744852E-05
8854,-2.677025E-05,2.836941E-05,2.502313E-05,4.634249E-05
8855,-1.655052E-06,8.245712E-06,9.851035E-06,1.295276E-05
8856,1.166044E-05,2.917732E-06,3.874582E-06,1.262899E-05
8857,2.578546E-06,1.378345E-05,5.842719E-06,1.519111E-05
8858,1.177621E-08,-4.69741E-06,4.405302E-07,4.718037E-06
8859,-2.945275E-06,-5.495835E-06,6.167227E-07,6.265715E-06
8860,2.347159E-06,4.25787E-06,-6.271714E-08,4.862361E-06
8861,2.367959E-06,4.327559E-06,-4.002436E-08,4.933214E-06
8862,1.308874E-06,-8.424687E-06,3.51302E-06,9.221161E-06
8863,1.308476E-06,-8.427732E-06,3.509657E-06,9.222606E-06
8864,4.466333E-06,1.612661E-05,2.558406E-05,3.057057E-05
8865,-2.0485E-05,2.821351E-05,9.958759E-06,3.626036E-05
8866,6.426201E-09,-4.701048E-06,4.336541E-07,4.721011E-06
8867,4.476055E-06,1.613069E-05,2.557682E-05,3.056809E-05
8868,0.003500626,0.0006178999,-0.0009853531,0.003688781
8869,0.000264235,0.0002171997,-0.0002890628,0.0004478316
8870,0.0007441312,0.01593046,0.009456861,0.01854092
8871,3.524045E-06,-8.145872E-07,2.033121E-06,4.14922E-06
8872,3.542863E-06,2.333376E-07,2.053145E-06,4.10143E-06
8873,-6.248185E-06,-2.568951E-07,4.675853E-06,7.808291E-06
8874,-2.051482E-05,-4.058984E-07,1.689483E-05,2.657927E-05
8875,-2.052386E-05,5.767814E-07,1.690587E-05,2.659643E-05
8876,-8.619448E-08,-7.727463E-08,8.465587E-09,1.160712E-07
8877,7.769889E-08,8.654217E-08,-1.296247E-08,1.170243E-07
8878,-7.227951E-07,-3.478072E-07,-1.482273E-05,1.484442E-05
8879,5.737743E-07,2.167137E-07,-1.063868E-05,1.065635E-05
8880,2.925295E-06,3.66226E-06,-5.72479E-06,7.398833E-06
8881,3.315542E-07,2.161375E-06,-1.205092E-05,1.22477E-05
8882,1.145728E-06,-7.772966E-07,-1.290037E-05,1.297445E-05
8883,-8.271519E-07,2.509841E-06,-1.26347E-05,1.29081E-05
8884,-2.17019E-05,8.54877E-06,-1.304033E-05,2.672273E-05
8885,9.298728E-07,-5.871091E-06,-1.253825E-05,1.387595E-05
8886,1.723936E-06,3.773006E-06,-5.498489E-06,6.887736E-06
8887,1.151504E-05,2.821192E-06,-1.121364E-05,1.631873E-05
8888,-5.549581E-06,-1.411964E-06,-1.191137E-05,1.321636E-05
8889,-1.0781E-06,5.690089E-06,-1.315583E-05,1.437412E-05
8890,0.0006104392,-8.41746E-05,-0.0001223801,0.0006282501
8891,-0.0002414114,0.0005875245,-0.001267356,0.001417623
8892,-7.688547E-05,-0.003731821,0.002089932,0.004277875
8893,5.257991E-06,4.184419E-06,5.476018E-06,8.668483E-06
8894,1.688171E-06,3.102355E-06,-1.281844E-06,3.757346E-06
8895,-5.221141E-07,-5.797748E-06,1.20805E-06,5.945239E-06
8896,2.622979E-06,-1.373393E-06,-3.750873E-07,2.984446E-06
8897,-2.746702E-06,-2.220555E-06,-1.026893E-06,3.67828E-06
8898,-4.785915E-06,4.780166E-06,-1.555572E-06,6.940805E-06
8899,-2.324227E-06,5.14751E-06,1.523937E-06,5.849895E-06
8900,3.567752E-06,9.366811E-06,1.667224E-06,1.016099E-05
8901,-0.02951355,-0.009053708,-0.005591827,0.03137336
8902,1.368646E-06,-5.370211E-06,4.982928E-08,5.542097E-06
8903,3.748585E-06,-2.472233E-05,-1.157272E-05,2.75531E-05
8904,1.388888E-06,1.65872E-06,-1.830248E-07,2.171143E-06
8905,1.550569E-06,-6.910333E-06,-1.514687E-06,7.242323E-06
8906,-1.317764E-06,-2.793897E-05,8.383217E-06,2.919933E-05
8907,2.587261E-06,-2.567093E-05,-2.790884E-07,2.580249E-05
8908,1.55157E-06,-6.908401E-06,-1.512938E-06,7.240328E-06
8909,-2.081335E-06,-2.950011E-05,-2.996589E-06,2.972487E-05
8910,-6.351464E-07,8.996866E-06,-2.131533E-06,9.26771E-06
8911,-1.453255E-06,1.682951E-05,2.890472E-06,1.713765E-05
8912,1.830991E-06,-1.170195E-05,2.045597E-06,1.201967E-05
8913,-0.0005807231,0.001405793,0.0002082762,0.001535211
8914,9.610031E-05,-0.0006084368,0.002109604,0.002197694
8915,-0.0002893559,0.002604001,-0.001059904,0.002826295
8916,-8.522882E-07,1.034841E-06,-6.302441E-07,1.481384E-06
8917,-2.954573E-06,3.785098E-07,-3.275386E-06,4.427293E-06
8918,1.944235E-06,9.0331E-07,2.193171E-06,3.066923E-06
8919,1.951838E-06,8.699192E-07,2.19225E-06,3.061436E-06
8920,1.86032E-06,-1.245353E-07,9.438266E-07,2.089763E-06
8921,-2.952253E-06,4.188185E-07,-3.276775E-06,4.430402E-06
8922,-8.515856E-07,9.766588E-07,-6.305727E-07,1.44107E-06
8923,6.371519E-06,-1.546769E-06,3.066496E-06,7.238241E-06
8924,-5.629253E-06,1.179738E-06,-5.917096E-07,5.781902E-06
8925,5.469254E-06,4.951879E-06,-3.05995E-07,7.384273E-06
8926,6.559494E-06,7.479836E-06,-5.735515E-07,9.965132E-06
8927,3.847641E-06,-2.292171E-06,3.212714E-06,5.511798E-06
8928,2.907757E-06,-2.052565E-06,-1.446736E-06,3.84202E-06
8929,1.254371E-06,-1.431646E-06,-1.327997E-06,2.320912E-06
8930,1.651423E-06,3.016187E-06,1.128326E-08,3.438708E-06
8931,0.3915246,0.06662667,0.184231,0.4378033
8932,-0.3915246,-0.06662667,-0.184231,0.4378033
8933,4.216415E-06,-1.039556E-05,1.959941E-06,1.138803E-05
8934,-6.666187E-06,-8.076761E-06,7.145093E-06,1.267772E-05
8935,-5.814657E-06,-3.078487E-06,-2.420745E-06,7.010515E-06
8936,3.366079E-06,-1.059092E-05,6.124146E-06,1.268871E-05
8937,1.212969E-06,-8.648344E-06,4.909905E-07,8.746783E-06
8938,1.212421E-06,-8.673429E-06,4.889371E-07,8.771396E-06
8939,-1.056717E-08,-1.939292E-05,3.699972E-07,1.939646E-05
8940,9.748301E-07,-1.851437E-07,-1.884737E-06,2.129977E-06
8941,6.061603E-06,-7.83687E-07,-3.167202E-06,6.883921E-06
8942,3.361652E-06,-1.059303E-05,6.128716E-06,1.26915E-05
8943,-5.625063E-07,1.263005E-05,4.055362E-06,1.327706E-05
8944,1.30842E-05,-0.0004260594,0.0002346867,0.000486596
8945,-0.0001331888,0.0004246028,0.0001468813,0.0004686159
8946,-1.154807E-06,-3.077999E-07,2.253885E-06,2.551141E-06
8947,4.488258E-06,5.770909E-07,-1.842232E-06,4.885828E-06
8948,1.067782E-07,3.360298E-07,2.803184E-06,2.825271E-06
8949,-2.583747E-06,-6.627461E-07,-2.744805E-06,3.827392E-06
8950,-2.589285E-06,-6.285482E-07,-2.749329E-06,3.828613E-06
8951,4.488191E-06,-2.430045E-08,-1.841206E-06,4.851236E-06
8952,-1.147051E-06,9.704129E-08,2.245797E-06,2.523638E-06
8953,0.002505267,-0.0005362289,-0.002030452,0.003269042
8954,0.2640993,-0.3230085,0.03680627,0.4188528
8955,6.476478E-07,-1.698982E-07,1.186019E-06,1.361967E-06
8956,9.583211E-06,2.195831E-06,3.429405E-08,9.831621E-06
8957,4.499891E-07,2.057146E-06,-3.340145E-06,3.948532E-06
8958,-1.767776E-06,3.026447E-08,-1.15735E-06,2.113151E-06
8959,-1.768939E-06,2.710307E-08,-1.164523E-06,2.118016E-06
8960,-4.574312E-07,-7.577011E-07,-4.776996E-06,4.858297E-06
8961,-4.582825E-07,-7.521217E-07,-4.782035E-06,4.862466E-06
8962,-0.02513058,0.04076132,0.1099362,0.1199124
8963,-5.134222,54.61301,1.050766,54.86388
8964,-6.063627E-07,-1.235871E-05,-1.708436E-06,1.249096E-05
8965,4.743965E-06,-1.337446E-05,1.218497E-06,1.424311E-05
8966,2.808255E-06,-9.307647E-06,-5.484931E-07,9.737527E-06
8967,-1.409617E-07,1.690432E-06,3.325854E-06,3.733462E-06
8968,2.683199E-07,-7.498192E-06,1.299895E-06,7.614763E-06
8969,6.681393E-07,-1.065105E-05,4.440074E-06,1.155878E-05
8970,-7.781784E-08,-9.279963E-06,1.873556E-06,9.467522E-06
8971,1.55433E-06,-1.004981E-05,1.219637E-06,1.024218E-05
8972,2.809936E-06,-9.310993E-06,-5.631649E-07,9.742047E-06
8973,-4.85842E-08,8.132554E-06,-3.465193E-07,8.140079E-06
8974,-3.374853E-06,-4.093326E-06,5.464157E-07,5.333247E-06
8975,-3.375943E-06,-4.086155E-06,5.36261E-07,5.327403E-06
8976,-0.0001894149,0.0001055278,-0.000304543,0.0003738456
8977,-7.399837E-05,-0.0008239608,-0.0004489939,0.0009412665
8978,8.364239E-07,-1.823192E-07,7.43219E-07,1.133675E-06
8979,-1.078452E-06,-6.846235E-07,-3.817975E-07,1.333243E-06
8980,3.165334E-06,-2.598144E-07,5.493267E-07,3.223136E-06
8981,9.954154E-08,2.447154E-07,-2.368167E-06,2.382857E-06
8982,-2.198464E-06,-6.070358E-07,5.461469E-07,2.345211E-06
8983,6.443868E-07,-5.003572E-07,2.574406E-06,2.700585E-06
8984,0.002499454,-0.002576537,-0.0002723228,0.003599996
8985,0.003749061,-0.001673125,0.004891469,0.006386022
8986,-4.348005E-06,2.538226E-06,3.687734E-06,6.240763E-06
8987,-4.341482E-06,2.536229E-06,3.687576E-06,6.235314E-06
8988,1.301873E-07,-2.099619E-06,5.99021E-06,6.348856E-06
8989,1.59703E-06,2.368388E-06,-9.363048E-06,9.789098E-06
8990,3.449443E-06,-4.198846E-06,9.56264E-07,5.517554E-06
8991,-3.174736E-06,-1.668553E-06,-8.214756E-06,8.96355E-06
8992,1.563904E-06,2.361244E-06,-9.370029E-06,9.788703E-06
8993,1.267378E-06,-4.408407E-06,1.912197E-06,4.969587E-06
8994,-8.448827E-06,3.229996E-06,-7.829551E-07,9.079018E-06
8995,1.28882E-06,-4.410834E-06,1.905527E-06,4.97469E-06
8996,2.191654E-06,-3.653438E-06,1.815578E-07,4.26426E-06
8997,-3.177207E-06,-1.665951E-06,-8.214417E-06,8.963631E-06
8998,-0.2475884,-0.09791363,-0.2441692,0.3612557
8999,-1.756416E-06,6.38244E-06,1.912961E-06,6.890571E-06
9000,3.838509E-06,-5.419361E-06,-6.630898E-06,9.384691E-06
9001,-1.074474E-06,-7.584437E-06,-4.28264E-07,7.672131E-06
9002,2.771421E-06,1.486944E-06,-2.010718E-06,3.73293E-06
9003,1.688905E-06,-1.123909E-06,1.281389E-06,2.399485E-06
9004,-2.992715E-06,-1.471742E-05,6.980869E-07,1.503483E-05
9005,2.837384E-06,-6.445956E-06,-1.56483E-06,7.214554E-06
9006,1.403762E-06,-1.039218E-05,1.447241E-06,1.058596E-05
9007,2.839432E-06,-6.458571E-06,-1.557619E-06,7.225074E-06
9008,0.002808544,0.00585465,-0.001119342,0.006589217
9009,-0.0006488153,-0.0005704451,0.001842327,0.002034831
9010,-6.945792E-07,1.415705E-07,-2.578699E-07,7.543072E-07
9011,-5.713354E-07,9.412254E-07,1.240026E-06,1.658311E-06
9012,-2.368925E-07,4.120103E-07,-4.824161E-07,6.77197E-07
9013,-1.01156E-06,-5.500357E-07,-1.521724E-07,1.161442E-06
9014,4.119186E-07,-2.729822E-07,6.905838E-07,8.491773E-07
9015,2.283444E-06,1.264711E-07,-2.576148E-07,2.301407E-06
9016,3.274906E-07,-2.736158E-07,-5.408291E-07,6.889207E-07
9017,0.0004631887,-0.0009114992,-0.001458804,0.001781428
9018,5.586336E-07,1.916755E-07,-9.490866E-06,9.509225E-06
9019,2.767916E-06,4.884766E-07,-8.661456E-06,9.106086E-06
9020,-2.701163E-07,1.874778E-06,-8.333306E-06,8.545861E-06
9021,2.391461E-06,-6.280492E-07,-1.056448E-05,1.084996E-05
9022,-8.326788E-07,1.413392E-06,-1.11027E-05,1.122324E-05
9023,7.899353E-07,1.191864E-06,-9.783637E-06,9.887573E-06
9024,0.01009517,0.0003696732,-0.006659103,0.01209928
9025,5.556524E-07,-6.479078E-06,-6.081634E-07,6.531238E-06
9026,1.992009E-06,-7.190005E-06,-1.878862E-06,7.693789E-06
9027,-1.876383E-06,-4.648918E-06,1.533446E-07,5.015652E-06
9028,6.063914E-07,-9.234612E-06,-4.31403E-07,9.26455E-06
9029,6.07203E-07,-9.236524E-06,-4.328543E-07,9.266576E-06
9030,2.68339E-06,-1.123857E-05,-2.955237E-06,1.192642E-05
9031,8.648925E-07,-3.717766E-06,-2.726537E-06,4.690824E-06
9032,-6.048856E-07,1.066505E-06,1.56202E-07,1.236009E-06
9033,5.320648E-06,-2.919407E-06,1.192474E-06,6.185E-06
9034,3.177814E-07,-7.493152E-07,5.025617E-07,9.565701E-07
9035,-8.535321E-07,-1.254296E-05,-4.195079E-07,1.257897E-05
9036,8.012199E-05,2.125447E-05,-0.001311068,0.001313686
9037,-0.0007168045,0.0004673859,8.833795E-05,0.0008602685
9038,-9.500222E-07,-6.767935E-08,4.1637E-07,1.039465E-06
9039,9.060172E-07,-9.046501E-07,-7.180766E-07,1.467955E-06
9040,-1.260101E-06,8.287881E-07,-1.472975E-07,1.515401E-06
9041,-1.859901E-06,-3.505899E-07,-1.081395E-06,2.179808E-06
9042,7.136653E-07,6.653059E-08,-3.623113E-07,8.031276E-07
9043,-7.130757E-07,1.311807E-07,4.284096E-07,8.421521E-07
9044,-0.0251816,0.03774202,0.01002887,0.04646667
9045,-1.862951E-07,-1.052589E-05,2.917707E-06,1.092438E-05
9046,-1.4772E-06,-2.193065E-06,1.256818E-06,2.927669E-06
9047,-4.440699E-06,-5.839991E-06,-2.676242E-06,7.809454E-06
9048,-3.236676E-08,-9.718731E-07,2.716666E-06,2.885456E-06
9049,5.312732E-06,-9.39027E-06,-5.689838E-07,1.080398E-05
9050,1.61143E-07,1.938572E-06,3.170796E-06,3.719943E-06
9051,5.319488E-06,-9.398973E-06,-5.528502E-07,1.081403E-05
9052,-3.485431E-08,-9.644964E-07,2.7126E-06,2.879178E-06
9053,-1.771839E-06,-5.077663E-06,-9.250958E-07,5.456911E-06
9054,-1.527414E-06,-5.931421E-06,-4.523945E-07,6.141613E-06
9055,2.940731E-06,-9.043303E-06,4.261233E-07,9.518972E-06
9056,3.929125E-06,3.167585E-06,3.308768E-07,5.057776E-06
9057,3.930905E-06,3.166131E-06,3.280275E-07,5.058063E-06
9058,-0.0007938622,0.0004816019,-0.0009101038,0.001300172
9059,-0.003200861,-0.001165767,0.001120788,0.003586181
9060,-6.436947E-05,0.003298448,-0.0003097272,0.003313583
9061,-1.766251E-05,3.778277E-05,1.58133E-05,4.460451E-05
9062,-2.948706E-05,4.005551E-05,1.6538E-05,5.241599E-05
9063,1.319591E-06,-7.333291E-07,-1.800242E-07,1.520362E-06
9064,-4.075947E-06,3.88154E-07,-2.57979E-07,4.102507E-06
9065,3.425274E-07,-7.927492E-07,1.114417E-07,8.707443E-07
9066,-2.455095E-06,2.036123E-08,-3.947346E-07,2.486709E-06
9067,1.314441E-06,7.933061E-07,-1.814457E-07,1.545966E-06
9068,5.39184E-07,-3.134288E-07,1.342687E-06,1.480461E-06
9069,-2.635517E-06,6.106913E-07,2.569861E-05,2.584062E-05
9070,-7.726977E-06,1.509807E-07,-4.795014E-06,9.095116E-06
9071,-2.773532E-05,-3.592829E-07,1.610493E-05,3.207407E-05
9072,-2.708926E-06,-2.33965E-07,2.571206E-05,2.585543E-05
9073,-7.721975E-06,-7.40504E-07,-4.79695E-06,9.120744E-06
9074,5.675074E-05,9.686768E-05,-3.279226E-05,0.0001169587
9075,2.404234E-06,-2.347438E-06,2.738128E-06,4.33453E-06
9076,1.572869E-06,-2.379562E-06,9.404863E-07,3.003456E-06
9077,-9.663665E-07,-1.707205E-05,7.387586E-07,1.711533E-05
9078,-9.465581E-07,7.321995E-07,-1.236066E-06,1.72045E-06
9079,3.063577E-06,-1.320949E-05,3.546621E-06,1.401623E-05
9080,-1.226789E-06,5.869604E-06,4.26275E-08,5.996589E-06
9081,-7.738515E-08,-1.487345E-06,4.587492E-07,1.558408E-06
9082,2.798585E-06,-1.841693E-05,2.038218E-06,1.873952E-05
9083,2.560804E-06,-4.125291E-06,1.659442E-06,5.131227E-06
9084,-1.796092E-06,7.787011E-06,-3.395658E-07,7.998674E-06
9085,2.179758E-06,1.085291E-05,-1.407421E-06,1.115876E-05
9086,1.862384E-06,2.478232E-06,-2.211417E-06,3.807949E-06
9087,-1.779323E-06,-1.90305E-06,-1.064801E-08,2.605322E-06
9088,0.006450871,0.0002805941,-0.003825509,0.00750513
9089,-1.987215E-05,2.738493E-05,3.190472E-05,4.650535E-05
9090,-4.325664E-06,5.234659E-06,5.104901E-07,6.809818E-06
9091,-1.212352E-05,3.394846E-05,4.664391E-06,3.634879E-05
9092,-4.324678E-06,5.225536E-06,5.082777E-07,6.802016E-06
9093,-1.212465E-05,3.395256E-05,4.661185E-06,3.635258E-05
9094,-1.405465E-07,-5.681799E-08,-6.97088E-07,7.133816E-07
9095,-2.169985E-07,1.146709E-07,7.663794E-07,8.047206E-07
9096,-7.278393E-07,-2.218477E-08,6.620814E-07,9.841718E-07
9097,1.057224E-06,-1.430573E-07,-1.330492E-07,1.075124E-06
9098,-2.069444E-07,1.985596E-06,-4.812345E-07,2.053534E-06
9099,8.148049E-07,-9.147608E-08,1.60125E-06,1.798965E-06
9100,1.011948E-06,7.672927E-07,6.207427E-06,6.336002E-06
9101,1.004431E-06,7.907029E-07,6.203419E-06,6.333758E-06
9102,1.143548E-06,-1.183584E-06,-7.409323E-07,1.804869E-06
9103,1.147758E-06,-2.618181E-07,-7.446014E-07,1.392956E-06
9104,-1.460973E-06,-1.812606E-07,-1.47534E-06,2.084209E-06
9105,1.444693E-06,5.042461E-07,6.764231E-06,6.935144E-06
9106,-4.796966E-05,3.004169E-06,-9.848949E-05,0.0001095915
9107,1.001105E-05,-9.232904E-08,4.115826E-05,4.235838E-05
9108,1.313707E-05,-7.461961E-07,5.175779E-05,5.34042E-05
9109,1.309555E-05,-7.34565E-07,5.176098E-05,5.339693E-05
9110,1.000761E-05,-8.7795E-08,4.115468E-05,4.235408E-05
9111,-1.93304E-05,7.127337E-07,-1.099693E-05,2.225095E-05
9112,-1.932895E-05,7.001501E-07,-1.100035E-05,2.225098E-05
9113,6.984345E-06,2.124933E-05,8.213321E-06,2.382801E-05
9114,-0.002455877,0.002909212,-0.002286133,0.004440861
9115,0.0001117465,0.0003942044,-0.0009875763,0.001069201
9116,-0.0001893879,0.0009735835,0.002100145,0.002322573
9117,-7.024543E-05,-0.0002646674,0.0007654612,0.0008129663
9118,-3.855864E-06,-3.066155E-06,9.448454E-07,5.016146E-06
9119,-3.949905E-07,3.801518E-06,9.099313E-08,3.823067E-06
9120,-1.894555E-06,-2.01833E-06,9.767057E-07,2.935464E-06
9121,7.955545E-07,1.35512E-06,1.566047E-06,2.218504E-06
9122,2.612459E-06,-9.167923E-06,-5.926606E-06,1.122499E-05
9123,1.836281E-07,-1.096708E-05,-2.562471E-06,1.126396E-05
9124,1.829706E-06,-2.715432E-06,-2.61531E-06,4.190613E-06
9125,7.955913E-07,1.350141E-06,1.561558E-06,2.212309E-06
9126,3.745367E-06,-7.213918E-06,-3.120124E-06,8.706524E-06
9127,2.29768E-06,-5.237056E-06,2.804932E-06,6.369752E-06
9128,-1.446107E-06,-1.055649E-05,-2.476716E-07,1.065795E-05
9129,0.001068671,0.0003787487,0.0008325272,0.00140663
9130,-0.0001138446,-0.001849267,-0.0003658604,0.001888546
9131,-4.10354E-07,-5.383577E-06,-1.299338E-05,1.407051E-05
9132,-1.503926E-05,3.829207E-05,-2.027077E-06,4.118945E-05
9133,3.593776E-06,2.726881E-05,9.327028E-06,2.904301E-05
9134,1.032434E-05,-1.115156E-05,-1.593963E-05,2.202319E-05
9135,-1.503902E-05,3.829797E-05,-2.036719E-06,4.119533E-05
9136,-4.127894E-07,-5.385952E-06,-1.298539E-05,1.406411E-05
9137,6.871318E-06,4.867334E-06,-4.908028E-06,9.746522E-06
9138,3.602628E-06,2.726692E-05,9.333999E-06,2.904458E-05
9139,5.770666E-06,-5.540099E-06,-2.429581E-05,2.557889E-05
9140,6.872977E-06,4.870719E-06,-4.901077E-06,9.745885E-06
9141,-4.888374E-07,1.954902E-07,5.604862E-07,7.689754E-07
9142,-4.089605E-07,-8.546289E-07,1.698912E-07,9.625498E-07
9143,-7.944041E-07,8.664243E-09,-3.018389E-07,8.498586E-07
9144,-5.737657E-07,-9.374436E-08,-5.099137E-07,7.733092E-07
9145,4.507171E-07,-7.235618E-07,-9.270901E-07,1.259438E-06
9146,-4.65917E-08,-3.02097E-08,5.838899E-07,5.865244E-07
9147,3.311542E-06,1.683178E-06,-2.770173E-06,4.633925E-06
9148,5.743245E-07,1.666861E-07,1.670632E-06,1.774442E-06
9149,2.243481E-06,1.441218E-06,3.554624E-06,4.44361E-06
9150,-2.550207E-06,-1.37558E-06,-1.826308E-06,3.425081E-06
9151,-4.980456E-07,1.423621E-07,-1.733753E-06,1.809479E-06
9152,3.287996E-06,-1.120411E-06,-2.740405E-06,4.424484E-06
9153,-3.92252E-06,-1.134596E-06,4.316167E-06,5.941613E-06
9154,-4.410012E-05,-2.04525E-07,1.882164E-05,4.79491E-05
9155,-7.469409E-06,4.79272E-07,-3.11943E-05,3.207968E-05
9156,9.619703E-06,1.633031E-07,-1.253587E-05,1.580232E-05
9157,9.620483E-06,1.875588E-07,-1.253386E-05,1.580147E-05
9158,1.743491E-05,-3.03253E-07,-3.789199E-06,1.78445E-05
9159,-7.484183E-06,-5.673765E-07,-3.119604E-05,3.208625E-05
9160,-1.427483E-05,2.314661E-05,1.048887E-05,2.914709E-05
9161,-1.139707E-05,2.834771E-05,8.024989E-06,3.158934E-05
9162,4.589266E-06,6.609098E-06,1.812235E-05,1.98283E-05
9163,2.301685E-06,1.638943E-05,8.252195E-07,1.657082E-05
9164,2.30411E-06,1.639052E-05,8.263917E-07,1.657229E-05
9165,1.700256E-06,4.665518E-06,1.172532E-05,1.273346E-05
9166,0.003943023,0.001216254,-0.002768726,0.00496916
9167,-0.0006529433,-0.000371433,-0.0009603912,0.001219282
9168,-5.090077E-05,0.0008800823,0.002794641,0.002930385
9169,-8.460709E-07,-3.2917E-06,-3.964054E-06,5.221576E-06
9170,-4.607766E-07,6.549856E-06,-2.410765E-06,6.99462E-06
9171,-3.00833E-06,-6.401937E-06,8.672652E-07,7.1265E-06
9172,-2.427826E-06,-1.668577E-05,-5.939468E-07,1.687193E-05
9173,-2.592054E-06,-1.268118E-05,-3.383631E-06,1.337834E-05
9174,1.404493E-06,-4.825422E-06,-3.188252E-06,5.95166E-06
9175,4.29179E-07,-3.985466E-06,-8.297869E-06,9.215354E-06
9176,1.405178E-06,-4.823593E-06,-3.192426E-06,5.952576E-06
9177,7.048654E-08,-5.353988E-06,-2.065702E-06,5.739101E-06
9178,-1.092188E-06,-2.733515E-06,-6.574146E-06,7.20308E-06
9179,7.31796E-07,-7.176326E-07,-4.090427E-06,4.216885E-06
9180,2.32508E-06,1.464224E-06,2.955693E-07,2.763569E-06
9181,-3.00689E-06,-6.400654E-06,8.675887E-07,7.124779E-06
9182,1.26518E-06,-3.41696E-06,-6.928664E-06,7.828326E-06
9183,-1.466883E-06,-3.556351E-06,-2.070125E-06,4.368615E-06
9184,-0.0001033186,-5.445468E-05,0.0001629594,0.0002004889
9185,-0.0001276925,0.001159796,-0.001064293,0.001579288
9186,-6.65531E-05,-0.0002611245,0.0002237156,0.0003502342
9187,-0.0001400646,-9.737457E-05,3.383409E-05,0.0001739099
9188,-1.295996E-07,-1.396062E-06,-4.322944E-06,4.544627E-06
9189,-1.226857E-07,-1.398139E-06,-4.324027E-06,4.546103E-06
9190,2.438755E-06,-1.018634E-06,-1.916093E-06,3.264438E-06
9191,1.14995E-06,1.987813E-07,-2.430775E-06,2.696399E-06
9192,2.181205E-06,-4.809089E-07,-1.07739E-07,2.236187E-06
9193,-9.887058E-08,3.68619E-07,-2.875578E-06,2.900794E-06
9194,-1.356589E-06,7.427801E-07,-3.282183E-06,3.62833E-06
9195,1.151085E-06,1.971249E-07,-2.431308E-06,2.697242E-06
9196,1.787281E-07,-2.1148E-06,-8.266516E-07,2.277647E-06
9197,4.119949E-08,-1.289241E-06,-1.237085E-07,1.295818E-06
9198,2.262837E-07,3.68722E-06,-4.595376E-07,3.722629E-06
9199,-1.125014E-07,2.951926E-07,-1.192623E-07,3.376666E-07
9200,8.970424E-08,-2.175228E-06,4.453284E-07,2.222157E-06
9201,0,0,0,0
9202,-7.680704E-07,-6.835044E-07,1.404742E-07,1.037711E-06
9203,-4.498095E-07,-3.097992E-06,9.912745E-08,3.132046E-06
9204,-4.31212E-07,-4.64392E-07,1.718722E-07,6.566154E-07
9205,1.214268E-06,-4.267695E-06,-4.276222E-06,6.162284E-06
9206,-1.764294E-06,-2.964868E-07,2.115965E-06,2.770911E-06
9207,-1.791414E-06,1.015957E-06,2.108915E-06,2.947686E-06
9208,6.012135E-07,-2.650126E-06,3.16636E-06,4.172584E-06
9209,5.99483E-07,-2.650592E-06,3.166305E-06,4.172589E-06
9210,3.334794E-06,-5.330862E-06,-7.603724E-06,9.866892E-06
9211,-2.477766E-05,8.16744E-06,5.277109E-05,5.886788E-05
9212,-2.474811E-05,8.16145E-06,5.278585E-05,5.886786E-05
9213,1.89135E-06,-1.038884E-06,2.135593E-06,3.035992E-06
9214,1.890993E-06,-1.035873E-06,2.13908E-06,3.037195E-06
9215,1.671022E-06,2.550784E-05,7.402146E-06,2.661266E-05
9216,-5.418021E-06,2.244473E-05,7.409699E-06,2.424921E-05
9217,-8.187014E-06,2.014541E-05,4.344133E-06,2.217513E-05
9218,-9.682208E-06,1.844074E-05,4.672078E-06,2.134559E-05
9219,5.338773E-07,3.911946E-09,-5.56174E-06,5.587307E-06
9220,-3.357194E-07,2.816062E-05,1.168736E-05,3.049143E-05
9221,1.80901E-06,1.61987E-06,-3.867256E-06,4.566417E-06
9222,0.002861539,-0.0004354537,-0.002593501,0.003886421
9223,0.0006317936,0.000762592,-0.0009686928,0.001385307
9224,-9.864336E-07,-9.584052E-07,-9.990297E-06,1.008452E-05
9225,-5.655589E-07,-1.569285E-06,-1.069155E-05,1.082089E-05
9226,-1.195549E-06,-2.183449E-06,-1.001057E-05,1.031544E-05
9227,-1.064442E-06,-1.102318E-05,-1.266398E-05,1.682319E-05
9228,1.166262E-07,-1.939228E-06,-1.260781E-05,1.275661E-05
9229,-1.06216E-06,-1.102154E-05,-1.266341E-05,1.682155E-05
9230,-5.628892E-07,-1.565981E-06,-1.069142E-05,1.082015E-05
9231,1.141441E-07,-1.911624E-06,-1.260469E-05,1.274933E-05
9232,-4.912542E-06,-5.329911E-06,-1.732195E-05,1.87774E-05
9233,2.594743E-07,7.392516E-06,-8.453448E-06,1.123287E-05
9234,-7.603179E-06,-8.255373E-06,-4.849019E-06,1.22259E-05
9235,-2.395492E-06,3.633727E-08,-4.355311E-06,4.970758E-06
9236,7.858334E-07,5.98398E-06,-1.087976E-05,1.244165E-05
9237,1.412417E-05,3.76707E-06,-1.701434E-06,1.471658E-05
9238,-1.111137E-06,-1.161731E-07,-2.529488E-07,1.145471E-06
9239,-1.599504E-07,2.095467E-07,8.32824E-07,8.735501E-07
9240,-7.45452E-07,-7.161041E-07,4.075224E-07,1.111116E-06
9241,-1.352689E-07,3.254029E-07,-1.205527E-06,1.255977E-06
9242,3.520262E-07,-2.178662E-07,1.32694E-07,4.347365E-07
9243,-2.95509E-08,-1.513355E-06,-4.081714E-07,1.567712E-06
9244,-3.412148E-06,-3.45255E-07,6.647555E-06,7.480103E-06
9245,-3.343268E-06,-4.763501E-06,6.568922E-06,8.776054E-06
9246,-2.704621E-06,-9.2138E-06,-2.860577E-06,1.001958E-05
9247,2.551556E-06,-6.254469E-06,-1.975351E-06,7.037815E-06
9248,2.549813E-06,-6.254688E-06,-1.971002E-06,7.036158E-06
9249,-6.232586E-07,-6.730524E-06,-1.46041E-06,6.915287E-06
9250,-6.219208E-07,-6.729842E-06,-1.458106E-06,6.914017E-06
9251,-2.704813E-06,-9.208388E-06,-2.87344E-06,1.001834E-05
9252,1.272489E-05,-2.275284E-06,-2.1158E-06,1.309872E-05
9253,-4.784021E-06,2.31147E-06,2.076161E-06,5.704401E-06
9254,1.27374E-05,-2.296559E-06,-2.112865E-06,1.31141E-05
9255,-4.796804E-06,2.298002E-06,2.073132E-06,5.708592E-06
9256,3.982013E-05,-3.122746E-06,3.48835E-05,5.303068E-05
9257,3.982109E-05,-2.44588E-06,3.4852E-05,5.297512E-05
9258,-5.539443E-06,-6.123294E-06,-1.373117E-05,1.602264E-05
9259,-5.452468E-06,-4.433261E-06,-1.38047E-05,1.549041E-05
9260,1.083017E-06,-1.89259E-06,-3.43135E-06,4.065586E-06
9261,-2.454169E-06,-2.025107E-06,1.381769E-06,3.468903E-06
9262,-9.240055E-06,1.640065E-05,1.339033E-05,2.31011E-05
9263,-3.412278E-06,9.121006E-06,4.181342E-06,1.059811E-05
9264,-2.078162E-06,8.77747E-08,-9.125986E-07,2.271408E-06
9265,2.820012E-07,7.99001E-06,3.196547E-06,8.610325E-06
9266,2.875899E-07,7.989284E-06,3.204337E-06,8.612732E-06
9267,7.500299E-06,1.342701E-05,9.76614E-06,1.821858E-05
9268,7.501445E-06,1.342602E-05,9.760492E-06,1.821529E-05
9269,0.02034412,-0.003963798,-0.01262532,0.02426919
9270,0.001734084,-0.000962267,0.004683691,0.005086253
9271,7.028361E-07,-4.243058E-06,-1.39498E-07,4.303136E-06
9272,9.427602E-07,-9.789097E-07,5.570265E-07,1.468788E-06
9273,-1.334802E-06,-5.295443E-07,2.906915E-07,1.465133E-06
9274,5.312179E-07,-1.850416E-06,2.374286E-07,1.939743E-06
9275,-9.750825E-07,-2.352411E-06,2.436273E-07,2.55812E-06
9276,9.063369E-07,-7.020824E-06,2.276206E-06,7.43603E-06
9277,-9.487439E-07,-2.114732E-06,-8.600229E-08,2.319397E-06
9278,-1.429884E-07,-7.778612E-06,-3.5588E-06,8.55525E-06
9279,3.772083E-06,-9.253496E-06,6.890216E-06,1.213799E-05
9280,3.103791E-07,1.753074E-05,-7.478228E-06,1.906166E-05
9281,3.852547E-06,-9.258537E-06,6.884216E-06,1.216368E-05
9282,-3.159945E-07,2.82241E-05,7.546812E-06,2.921736E-05
9283,1.417711E-05,-1.068452E-05,1.453085E-05,2.294112E-05
9284,4.525614E-06,-7.03326E-06,-6.925042E-06,1.085837E-05
9285,2.869929E-07,-4.777642E-06,-6.056779E-07,4.824425E-06
9286,2.756403E-07,-4.777771E-06,-5.978465E-07,4.822913E-06
9287,4.526258E-06,-7.034039E-06,-6.920356E-06,1.085615E-05
9288,1.685748E-06,5.725046E-06,-1.197934E-06,6.087113E-06
9289,-1.68837E-06,-8.415791E-07,-6.669054E-07,2.000903E-06
9290,-2.393012E-06,-3.903701E-06,1.583434E-06,4.844859E-06
9291,6.156284E-08,3.390808E-06,2.2072E-07,3.398542E-06
9292,-3.767218E-06,3.373353E-06,-1.573309E-06,5.295918E-06
9293,-1.481645E-06,2.749817E-06,-3.658016E-07,3.144929E-06
9294,4.282027E-06,-3.760554E-06,2.585813E-07,5.704769E-06
9295,2.49632E-06,2.364457E-06,1.133214E-07,3.44022E-06
9296,-3.607781E-06,1.367403E-06,3.029033E-06,4.905192E-06
9297,1.679892E-06,5.72388E-06,-1.209007E-06,6.086587E-06
9298,-1.572972E-06,9.195976E-08,-4.609883E-06,4.871727E-06
9299,-1.585266E-06,9.889225E-08,-4.610579E-06,4.876503E-06
9300,-0.1851971,0.2574147,-0.1028513,0.3333747
9301,-0.001800539,0.0005186987,-0.0006058459,0.001969274
9302,-0.01906882,0.01247947,-0.02160659,0.03140385
9303,-0.00156411,8.710692E-05,-0.0005773517,0.00166954
9304,0.0009032742,-0.0002897175,0.001083215,0.001439859
9305,0.0004742559,-8.717066E-06,0.000366425,0.0005993846
9306,-2.705755E-07,-1.917793E-06,-1.69392E-07,1.94418E-06
9307,1.839995E-07,8.764591E-07,-1.27634E-07,9.046142E-07
9308,-8.526914E-08,-2.587565E-06,-2.275948E-07,2.598955E-06
9309,-1.576945E-07,-3.220288E-06,4.050166E-07,3.249487E-06
9310,-4.715632E-07,-2.24333E-06,5.226591E-07,2.351186E-06
9311,-1.368937E-08,1.752844E-07,-1.320767E-06,1.332418E-06
9312,-3.752317E-06,8.106486E-05,-3.5286E-06,8.122834E-05
9313,7.160018E-06,-1.249534E-05,-8.100033E-06,1.652301E-05
9314,7.160119E-06,-1.2495E-05,-8.10205E-06,1.652379E-05
9315,-5.839524E-06,-4.986252E-06,2.288855E-06,8.01259E-06
9316,-5.835718E-06,-5.010681E-06,2.28457E-06,8.023827E-06
9317,1.281421E-06,-8.2902E-06,-1.423575E-06,8.508585E-06
9318,-3.745819E-06,8.111801E-05,-3.527119E-06,8.128102E-05
9319,6.132907E-06,-1.040201E-05,-6.629138E-06,1.377534E-05
9320,-3.172496E-06,-1.242802E-07,3.620642E-06,4.815519E-06
9321,-1.978333E-06,-9.762945E-08,8.695672E-06,8.918411E-06
9322,4.853638E-06,-3.561527E-07,-3.677788E-08,4.866827E-06
9323,-2.728622E-06,-1.074025E-06,4.738437E-06,5.572405E-06
9324,-2.730788E-06,-1.075026E-06,4.736933E-06,5.57238E-06
9325,8.553392E-07,-2.710702E-06,4.633814E-06,5.436152E-06
9326,1.323303E-06,-1.070995E-07,1.020254E-06,1.674371E-06
9327,1.321123E-06,-1.073959E-07,1.019677E-06,1.672316E-06
9328,3.8343E-07,-1.839003E-06,-6.72616E-08,1.879754E-06
9329,1.520684E-06,2.983756E-06,8.530724E-07,3.455867E-06
9330,-1.442098E-06,5.451712E-06,-4.183312E-06,7.021461E-06
9331,-2.771735E-06,-4.199333E-06,2.883096E-06,5.799065E-06
9332,-3.283833E-06,1.659342E-06,1.963628E-06,4.170469E-06
9333,-0.0006984932,-9.253877E-05,-5.998885E-05,0.0007071455
9334,0.004287395,-0.00286501,-0.000931974,0.005240097
9335,-4.997615E-07,-2.979604E-06,-2.237133E-07,3.029497E-06
9336,7.982824E-08,-3.519096E-06,4.208667E-07,3.545073E-06
9337,-1.447128E-07,-1.770244E-06,8.166874E-07,1.954913E-06
9338,-2.30727E-07,-1.75053E-06,3.681988E-07,1.803652E-06
9339,-1.38092E-06,-2.62841E-06,9.636426E-07,3.121552E-06
9340,3.167246E-07,-2.2499E-06,7.975244E-07,2.407989E-06
9341,-1.41545E-06,-4.334691E-06,-1.049031E-06,4.67905E-06
9342,-1.555828E-05,-2.595343E-05,-2.689089E-05,4.048161E-05
9343,-1.046508E-05,-1.908517E-06,5.806532E-06,1.211925E-05
9344,3.694676E-06,0.0002093912,-5.615557E-05,0.000216822
9345,-2.243781E-05,-2.142724E-06,-4.140419E-06,2.291702E-05
9346,-2.244273E-05,-2.141152E-06,-4.159719E-06,2.292518E-05
9347,-1.391908E-06,-2.64935E-07,-2.825603E-06,3.160954E-06
9348,-1.387482E-06,-2.652295E-07,-2.828597E-06,3.161711E-06
9349,-4.60251E-06,-5.918945E-07,-7.988013E-06,9.238061E-06
9350,7.174814E-07,-6.553626E-06,-3.380118E-06,7.408778E-06
9351,7.174384E-07,-6.55317E-06,-3.380186E-06,7.408402E-06
9352,2.623415E-06,1.412453E-06,-3.411723E-06,4.52959E-06
9353,-2.713923E-07,-1.035299E-06,-3.356685E-06,3.523185E-06
9354,-4.603408E-06,-5.912675E-07,-7.984574E-06,9.235496E-06
9355,-2.719856E-06,3.730553E-06,-7.938318E-06,9.18322E-06
9356,4.14817E-06,-5.07937E-06,-2.594821E-07,6.563127E-06
9357,1.153343E-06,2.239554E-06,-9.81644E-06,1.013451E-05
9358,4.703311E-07,5.500036E-06,-2.524631E-06,6.070039E-06
9359,-2.719243E-06,3.731389E-06,-7.93754E-06,9.182705E-06
9360,4.72346E-07,5.501208E-06,-2.52187E-06,6.070109E-06
9361,-1.815223E-07,2.489679E-06,-1.113011E-05,1.140661E-05
9362,-1.576106E-06,3.296263E-06,-9.030023E-07,3.763625E-06
9363,1.505457E-06,1.067479E-06,-6.690406E-06,6.940277E-06
9364,3.866048E-06,1.080057E-06,-1.091865E-05,1.163313E-05
9365,0.001966636,-0.00733506,-0.004126828,0.008643001
9366,8.173485E-07,-2.003188E-07,-1.346377E-07,8.522402E-07
9367,-1.823901E-06,1.138363E-06,-4.390967E-08,2.150445E-06
9368,4.723601E-07,1.296541E-06,2.616299E-07,1.40449E-06
9369,2.995346E-06,-2.043969E-06,-4.185019E-07,3.650349E-06
9370,1.763158E-06,1.348046E-07,1.929427E-07,1.778799E-06
9371,-1.865636E-06,1.142623E-06,2.870666E-08,2.187923E-06
9372,2.999933E-06,-2.045344E-06,4.084244E-07,3.653744E-06
9373,4.741352E-07,1.299386E-06,-4.527762E-07,1.455409E-06
9374,-0.9442294,0.2410031,-1.421168,1.723186
9375,-2.146204E-06,-2.352935E-06,-3.578999E-07,3.204776E-06
9376,1.670707E-07,-2.007163E-06,-1.319794E-06,2.408002E-06
9377,-4.625151E-07,-2.771554E-06,-1.98795E-06,3.442002E-06
9378,1.674867E-07,-2.007483E-06,-1.331257E-06,2.414598E-06
9379,-1.872119E-06,-2.273409E-06,-5.596544E-07,2.997738E-06
9380,-1.218536E-06,-2.605733E-06,1.335831E-05,1.366452E-05
9381,-8.561145E-06,-8.640151E-06,2.836713E-05,3.086486E-05
9382,-2.666772E-05,-5.07696E-06,4.686279E-08,2.714673E-05
9383,4.086897E-07,-3.240166E-06,-3.775579E-06,4.992064E-06
9384,4.924678E-07,-1.953903E-06,-6.455452E-06,6.762627E-06
9385,2.201767E-06,-3.765305E-06,6.40398E-06,7.748307E-06
9386,2.471752E-06,-1.422407E-06,-8.257806E-06,8.736371E-06
9387,7.696281E-06,-1.088796E-05,-3.729685E-06,1.384525E-05
9388,2.003347E-05,-2.215729E-05,-2.757955E-06,2.999819E-05
9389,-1.859794E-06,1.390163E-06,-6.735862E-06,7.124832E-06
9390,-1.858714E-06,1.384642E-06,-6.736258E-06,7.123848E-06
9391,-5.670808E-07,-2.001681E-06,-6.131387E-06,6.474737E-06
9392,-5.635579E-07,-2.014659E-06,-6.130762E-06,6.477861E-06
9393,-1.037807E-06,-2.994997E-06,-8.36717E-06,8.947434E-06
9394,-1.105579E-06,-1.432974E-06,-7.43262E-06,7.649807E-06
9395,-1.048556E-06,-5.318802E-07,-7.132177E-06,7.228438E-06
9396,0.0001003175,9.029079E-05,-7.378806E-05,0.0001538204
9397,-9.10157E-05,9.37493E-05,-2.72995E-06,0.0001306914
9398,-0.002170232,0.00184604,-0.003741606,0.004702913
9399,0.00811673,0.003909407,-0.0151415,0.01761902
9400,-0.1685049,0.01253447,-0.0002478364,0.1689706
9401,1.060243E-06,-1.417319E-06,-4.592702E-07,1.828616E-06
9402,1.058354E-06,-1.417881E-06,-4.583192E-07,1.827718E-06
9403,-1.770785E-06,-4.346315E-06,6.747401E-07,4.741456E-06
9404,-1.432929E-06,-1.568367E-06,6.748268E-07,2.229003E-06
9405,-1.286189E-06,-1.246481E-06,-4.566719E-07,1.84839E-06
9406,6.091452E-07,-1.546558E-06,8.395367E-07,1.862182E-06
9407,2.353902E-07,-1.83795E-06,2.172545E-07,1.865655E-06
9408,-1.429588E-06,-4.667647E-06,-1.73046E-07,4.884731E-06
9409,1.641947E-05,4.27403E-06,-2.954526E-05,3.407035E-05
9410,5.137168E-05,6.660848E-08,-3.058965E-05,5.978947E-05
9411,1.190414E-05,-1.822453E-05,-4.861098E-05,5.326227E-05
9412,-5.101241E-06,-9.400678E-06,-2.775253E-06,1.104977E-05
9413,-4.994154E-06,-9.087125E-06,-2.595457E-06,1.068896E-05
9414,8.333835E-06,-2.158621E-05,-6.925619E-06,2.415329E-05
9415,4.057788E-05,-2.758808E-05,1.543246E-05,5.143761E-05
9416,1.413235E-05,-2.496865E-05,7.371636E-06,2.962259E-05
9417,-2.86512E-06,2.766324E-05,-6.984495E-06,2.867485E-05
9418,-9.934855E-06,-1.743409E-05,1.163864E-05,2.319713E-05
9419,-4.855855E-06,-1.626874E-05,4.00422E-06,1.744377E-05
9420,0.008397153,0.01042018,-0.008539363,0.01587492
9421,-7.083977E-07,-2.998325E-06,1.140058E-06,3.285044E-06
9422,-3.670277E-08,-1.849465E-06,1.208094E-06,2.20938E-06
9423,7.975805E-07,-1.607915E-06,1.417573E-06,2.287147E-06
9424,6.904552E-07,-2.832258E-06,8.70044E-07,3.042268E-06
9425,6.887443E-07,-2.832413E-06,8.567442E-07,3.038246E-06
9426,-3.697615E-05,3.037747E-05,8.769315E-05,9.990053E-05
9427,2.703157E-05,-4.165996E-05,2.659358E-05,5.633362E-05
9428,1.136005E-05,-5.281586E-05,2.026488E-05,5.769949E-05
9429,-9.768714E-06,-1.122831E-05,-6.288597E-06,1.615701E-05
9430,-3.497629E-05,-6.662021E-06,1.11027E-05,3.729602E-05
9431,8.674513E-06,-2.061876E-05,-3.692788E-06,2.267195E-05
9432,1.202352E-05,-2.400352E-05,3.687992E-06,2.709862E-05
9433,3.207005E-05,-2.635295E-05,-1.13727E-05,4.303841E-05
9434,5.395756E-06,-2.37592E-05,-2.68967E-06,2.45122E-05
9435,-2.507129E-05,2.543133E-05,2.499835E-05,4.359174E-05
9436,-2.50696E-05,2.542984E-05,2.499038E-05,4.358533E-05
9437,7.163806E-05,0.0002259645,7.216343E-06,0.0002371583
9438,0.001322814,-0.0003416407,0.0002463642,0.001388255
9439,-9.163556E-05,5.203909E-05,8.013657E-05,0.0001323896
9440,-0.04267868,0.04490333,-0.02721179,0.06766284
9441,0.0006094436,0.01668438,0.05176204,0.05438795
9442,4.102944E-08,-3.6327E-06,1.335378E-07,3.635385E-06
9443,1.744631E-07,-3.368514E-06,8.486014E-07,3.478139E-06
9444,-8.797174E-07,-3.239375E-06,-2.271258E-07,3.364378E-06
9445,-2.482337E-07,-2.198746E-06,1.528075E-07,2.217985E-06
9446,4.491329E-07,-4.515066E-06,2.885413E-07,4.546515E-06
9447,-3.452074E-07,-1.943143E-06,-1.25487E-06,2.338733E-06
9448,7.195574E-06,1.787561E-05,1.436777E-05,2.403636E-05
9449,7.510018E-06,1.777553E-05,1.431147E-05,2.402474E-05
9450,8.098945E-06,-3.231144E-05,3.804957E-07,3.331316E-05
9451,-1.082361E-06,3.513538E-05,3.117191E-06,3.528999E-05
9452,9.407456E-06,-5.076934E-05,2.238785E-05,5.627825E-05
9453,1.097728E-05,-2.852168E-05,1.103616E-05,3.249283E-05
9454,5.705485E-06,3.880029E-05,-2.075877E-05,4.437276E-05
9455,1.681813E-05,-4.740207E-05,-2.947336E-06,5.038346E-05
9456,-4.843734E-06,-3.328173E-05,-7.921505E-05,8.605904E-05
9457,9.860561E-06,-2.214618E-05,-1.354665E-05,2.777041E-05
9458,2.997868E-05,-4.534086E-05,6.203527E-06,5.470831E-05
9459,6.977893E-06,9.434014E-05,-3.492215E-05,0.000100838
9460,-3.462934E-06,5.061246E-05,3.023208E-05,5.905583E-05
9461,-0.0001783049,0.0001455944,-9.558065E-06,0.0002303947
9462,-6.385547E-06,-2.083865E-06,3.279735E-06,7.474916E-06
9463,-3.313677E-05,4.797702E-06,1.194353E-05,3.554872E-05
9464,8.408493E-06,-3.864926E-06,1.121128E-06,9.321874E-06
9465,8.318178E-06,-3.849791E-06,1.076707E-06,9.228882E-06
9466,7.784906E-06,3.057106E-05,-1.24476E-05,3.391367E-05
9467,-8.134441E-08,3.534287E-05,-1.005382E-06,3.535726E-05
9468,-5.348142E-06,2.629019E-05,3.652692E-05,4.532099E-05
9469,0.0003944408,0.0008005225,-9.840057E-05,0.0008978321
9470,0.005800636,-0.00990404,0.00226005,0.01169809
9471,-9.714601E-05,-6.257449E-05,0.0001582117,0.000195918
9472,7.007283E-06,1.420715E-06,3.531274E-07,7.158572E-06
9473,-4.73203E-07,4.017927E-05,2.44132E-07,4.01828E-05
9474,-1.221794E-05,3.32968E-05,2.016905E-07,3.546824E-05
9475,-8.706426E-07,-1.975798E-06,-4.427548E-07,2.204049E-06
9476,6.982202E-06,1.397656E-06,3.401113E-07,7.128834E-06
9477,-4.390207E-07,4.018855E-05,5.258003E-07,4.019438E-05
9478,-1.220273E-05,3.325365E-05,1.525331E-07,3.542224E-05
9479,-8.715938E-07,-1.977482E-06,-2.146119E-07,2.171675E-06
9480,-0.00304823,-0.0003308431,0.000379412,0.003089517
9481,0.002238887,-5.388945E-05,-0.0009560334,0.00243506
9482,5.336195E-07,-6.376406E-06,-7.898461E-07,6.44726E-06
9483,-1.154117E-06,-6.031347E-06,-1.276351E-07,6.142102E-06
9484,-1.189472E-06,-3.814393E-06,-1.544739E-07,3.998538E-06
9485,-1.704526E-07,-5.128059E-06,-5.861943E-07,5.164268E-06
9486,-5.345894E-07,-6.580222E-06,4.816659E-07,6.61945E-06
9487,-1.906941E-06,-4.291913E-06,-2.299456E-06,5.229191E-06
9488,-2.208176E-06,-4.629882E-06,-6.058157E-07,5.165159E-06
9489,-2.132037E-07,-6.543498E-06,9.660257E-07,6.617857E-06
9490,-7.68221E-06,-2.145515E-05,-4.911748E-06,2.331234E-05
9491,-1.067478E-05,-1.400936E-05,5.742864E-06,1.852548E-05
9492,6.460518E-06,-2.887444E-05,-3.882763E-06,2.984204E-05
9493,3.393214E-05,0.0001366372,-4.433013E-05,0.0001476018
9494,5.598652E-06,1.018921E-05,-8.107643E-06,1.417388E-05
9495,4.57124E-06,1.731242E-05,-7.795283E-06,1.952901E-05
9496,1.853879E-05,-3.777632E-05,-1.611501E-06,4.211097E-05
9497,2.038697E-05,-2.375927E-05,-3.141203E-06,3.146425E-05
9498,3.727543E-05,1.485439E-05,-4.687339E-05,6.170272E-05
9499,6.821274E-05,-7.27748E-05,-1.544645E-05,0.0001009343
9500,0.0001371722,-6.790684E-05,5.138943E-06,0.0001531468
9501,-2.17004E-05,-5.093174E-06,1.817124E-05,2.875833E-05
9502,-3.549801E-05,1.463856E-05,8.152138E-09,3.839787E-05
9503,-6.662097E-06,4.398903E-06,-1.678077E-05,1.858301E-05
9504,-2.489017E-05,1.494107E-05,3.449732E-05,4.508682E-05
9505,-1.911571E-05,3.172565E-05,1.072839E-05,3.856197E-05
9506,-2.003161E-05,3.06904E-05,6.534304E-06,3.722719E-05
9507,8.607503E-05,-0.0001610798,-5.50114E-05,0.0001907403
9508,6.68584E-05,3.388074E-05,0.0001590089,0.000175789
9509,-5.799386E-06,-7.198524E-07,4.730457E-06,7.518529E-06
9510,-7.569482E-05,6.128091E-06,1.304507E-05,7.705474E-05
9511,3.797576E-05,-3.183532E-06,7.975351E-07,3.811731E-05
9512,-7.405894E-05,1.341216E-06,4.402035E-05,8.616447E-05
9513,0.0003617238,-0.000218753,0.0004321855,0.0006045504
9514,1.712439E-06,-3.842512E-06,-2.597834E-05,2.631675E-05
9515,-3.754641E-07,1.358315E-06,-3.605446E-06,3.871077E-06
9516,1.846671E-07,-9.506964E-08,8.87351E-08,2.25863E-07
9517,4.799648E-08,-7.30527E-07,-6.841713E-08,7.35292E-07
9518,-9.465595E-08,-4.892763E-07,-3.226691E-07,5.936888E-07
9519,-7.743377E-07,2.966466E-07,-7.66056E-07,1.128911E-06
9520,-8.826591E-05,-0.0001247258,-0.0006621138,0.0006795161
9521,6.394684E-05,0.0003502879,-0.0001869831,0.0004021859
9522,-21.09325,-62.8043,-24.54741,70.65324
9523,-0.001885587,-0.04723886,-0.03730449,0.06022201
9524,2.284126E-07,-3.712668E-06,-1.585446E-06,4.043478E-06
9525,-2.288534E-06,-6.999609E-06,-2.084428E-06,7.653545E-06
9526,-3.430246E-07,-6.693194E-06,2.048101E-07,6.705107E-06
9527,-9.571663E-07,-7.545996E-06,-1.473953E-07,7.607887E-06
9528,5.023779E-07,-5.271216E-06,6.070869E-07,5.329789E-06
9529,-3.429502E-07,-6.693429E-06,2.061402E-07,6.705378E-06
9530,-1.984167E-05,-2.316324E-05,1.166304E-05,3.265354E-05
9531,-2.198507E-05,-1.507774E-05,-1.737914E-05,3.182319E-05
9532,1.161596E-06,-1.010897E-05,-5.520302E-06,1.157646E-05
9533,-2.108148E-05,-3.096133E-05,5.822993E-06,3.790699E-05
9534,-5.293008E-06,-1.073611E-05,-7.412679E-06,1.407934E-05
9535,0.0001733132,0.0003118066,-2.364991E-05,0.0003575194
9536,0.000189728,-0.000146904,-0.0002696076,0.0003609235
9537,0.000120771,-4.866199E-05,-0.0001896725,0.0002300636
9538,-0.0006957521,-0.000835582,-0.003274746,0.00345054
9539,-4.463465E-06,-8.759284E-06,-1.043394E-06,9.886165E-06
9540,-4.471066E-06,-8.769088E-06,-1.039205E-06,9.897843E-06
9541,-1.534919E-05,1.067453E-05,2.033351E-06,1.880632E-05
9542,-2.021865E-05,1.193214E-05,8.184139E-06,2.486261E-05
9543,-1.535023E-05,1.067807E-05,2.035633E-06,1.880943E-05
9544,3.644065E-06,-1.365195E-06,-2.841407E-06,4.818357E-06
9545,3.64521E-06,-1.358577E-06,-2.832635E-06,4.812183E-06
9546,-1.246487E-05,1.759641E-05,9.030096E-07,2.158291E-05
9547,-9.243578E-06,-1.540152E-05,1.8488E-05,2.577706E-05
9548,-8.966299E-06,-1.488898E-05,1.803667E-05,2.504791E-05
9549,0.0001635091,-0.0001472013,-0.0001453008,0.0002636584
9550,0.2945901,1.07852,1.761031,2.085958
9551,-5.58322E-06,-4.938197E-06,-5.045624E-07,7.470791E-06
9552,-5.583466E-06,-4.93821E-06,-5.019298E-07,7.470806E-06
9553,1.014226E-06,-5.818274E-06,-1.837203E-06,6.185166E-06
9554,6.765953E-07,-3.91943E-06,1.614765E-06,4.292689E-06
9555,1.510843E-06,-3.274629E-06,2.910446E-06,4.634278E-06
9556,-1.120747E-05,-3.079462E-05,-2.860585E-05,4.349955E-05
9557,-2.662424E-05,4.820255E-05,-1.324019E-05,5.663602E-05
9558,5.802054E-06,-7.494997E-06,-2.321995E-06,9.75861E-06
9559,5.659556E-06,-7.417622E-06,-2.861167E-06,9.758995E-06
9560,1.427956E-05,-8.649979E-06,3.218633E-06,1.700258E-05
9561,1.425439E-05,-8.810671E-06,1.699943E-06,1.684356E-05
9562,-5.546643E-05,0.0004131113,-3.065804E-05,0.0004179442
9563,-0.0001671931,-0.0004376384,0.0006839046,0.0008289791
9564,6.291484E-07,-4.82916E-06,2.096734E-06,5.30216E-06
9565,-4.852303E-06,1.478033E-06,1.185924E-07,5.073804E-06
9566,3.636868E-06,4.581161E-06,-4.131841E-06,7.161421E-06
9567,1.156531E-06,-7.151552E-07,2.434147E-06,2.788205E-06
9568,1.677083E-06,-2.13642E-06,-6.502336E-08,2.716822E-06
9569,-2.589338E-06,-5.381453E-06,-6.873694E-06,9.105624E-06
9570,-7.528877E-06,6.632049E-06,4.143324E-06,1.085519E-05
9571,4.797791E-07,4.136716E-06,-3.679737E-06,5.557254E-06
9572,1.529286E-06,-1.9116E-06,5.736377E-06,6.236902E-06
9573,-7.497406E-06,6.614393E-06,4.099684E-06,1.080596E-05
9574,1.680801E-06,-2.133832E-06,-6.680849E-08,2.71713E-06
9575,0.0006120576,-0.0003708015,0.0005713803,0.0009157421
9576,0.0002731026,0.0003676781,-0.0001596825,0.0004850471
9577,-5.599974E-05,-0.0002061836,-0.000212874,0.0003016007
9578,0.0004636134,0.0003479605,-0.0005027572,0.0007673192
9579,0.00031518,-0.0007681033,-1.619303E-05,0.0008304116
9580,1.343918E-05,-1.701407E-06,2.943213E-05,3.239995E-05
9581,1.34487E-05,-1.701387E-06,2.943016E-05,3.24021E-05
9582,-9.488122E-06,-1.013955E-05,-5.822693E-06,1.505784E-05
9583,-7.36436E-06,-3.42249E-06,-7.521238E-06,1.106871E-05
9584,-9.52137E-06,-3.790779E-06,-8.126969E-06,1.307953E-05
9585,-1.179227E-05,-9.11487E-06,-8.533833E-06,1.717454E-05
9586,8.932388E-06,-1.683111E-05,1.044549E-05,2.172975E-05
9587,9.150084E-06,-1.586942E-05,8.151429E-06,2.005015E-05
9588,-5.487715E-07,-2.797407E-05,6.15354E-06,2.864814E-05
9589,8.73641E-05,-0.0004009386,-0.0001675856,0.0004432485
9590,-3.447111E-05,-0.0003614259,9.74395E-05,0.000375914
9591,-0.0005628053,-0.0003742457,-0.0003319919,0.0007530128
9592,-3.537695E-06,7.93825E-06,3.96714E-06,9.553496E-06
9593,-3.538176E-06,7.933479E-06,3.968927E-06,9.550453E-06
9594,4.217426E-07,1.920992E-06,2.128855E-06,2.898293E-06
9595,-4.60762E-06,-2.465575E-06,-1.260765E-06,5.375756E-06
9596,-1.188388E-05,-1.452951E-05,-4.638344E-06,1.933514E-05
9597,-4.075032E-06,-1.397676E-05,1.966455E-05,2.446733E-05
9598,-6.435787E-06,-1.166036E-05,1.631118E-05,2.105797E-05
9599,7.84708E-05,-2.115373E-05,-1.070074E-05,8.197349E-05
9600,0.01410135,0.002443234,-0.002138282,0.01447031
9601,0.001493966,0.000665581,0.0008650871,0.001850219
9602,-0.002292983,0.001354226,-0.002008385,0.003335463
9603,-0.002395267,-0.0008545064,0.02401537,0.02414965
9604,-0.007060236,-0.005217412,0.009426938,0.01288159
9605,1.090354E-05,-2.093226E-06,4.206827E-07,1.111062E-05
9606,1.140798E-05,-1.925677E-06,4.325664E-06,1.235158E-05
9607,0.0002177443,-3.190415E-05,-3.103665E-05,0.000222247
9608,5.844418E-05,-6.068591E-07,-1.401777E-05,6.010481E-05
9609,4.573506E-06,-2.029715E-05,-3.901989E-07,2.08097E-05
9610,-3.560666E-06,1.335598E-05,-2.723641E-05,3.054313E-05
9611,-1.382705E-05,-2.968561E-05,-1.526024E-05,3.61289E-05
9612,2.00781E-05,1.31722E-05,1.930089E-06,2.409071E-05
9613,3.611384E-06,-2.94656E-05,6.94986E-06,3.048876E-05
9614,-2.054667E-05,-9.677398E-06,5.335309E-06,2.332988E-05
9615,4.348973E-06,-1.797E-05,1.464838E-05,2.358833E-05
9616,1.191902E-05,-1.419494E-05,9.390199E-07,1.855913E-05
9617,8.023234E-05,4.424082E-05,1.942886E-05,9.365874E-05
9618,0.0009995518,-0.0007090782,0.0003054411,0.001263008
9619,-3.890515E-06,-1.022739E-06,5.361902E-06,6.703141E-06
9620,-2.157919E-06,-4.050973E-06,5.935383E-06,7.503051E-06
9621,2.796897E-06,4.946779E-06,-1.649441E-06,5.917256E-06
9622,-1.672879E-06,-5.818146E-07,-2.820599E-07,1.793485E-06
9623,3.118595E-06,4.715949E-06,3.40756E-07,5.664091E-06
9624,7.988514E-07,5.100416E-06,2.013788E-09,5.162598E-06
9625,3.124854E-06,4.715836E-06,3.491836E-07,5.667958E-06
9626,7.160945E-07,2.616034E-06,5.600466E-06,6.222671E-06
9627,7.141657E-07,2.614611E-06,5.59824E-06,6.219848E-06
9628,-2.401447E-05,-0.0002242182,-0.0001879092,0.0002935308
9629,0.0004588639,0.0004274878,0.0001486815,0.0006445216
9630,0.0002621344,-2.460833E-05,7.570883E-05,0.0002739559
9631,0.000974988,-0.001395546,0.002707912,0.003198584
9632,1.887008E-06,1.058684E-05,-1.413142E-08,1.075371E-05
9633,-3.025335E-06,6.663803E-06,-6.035252E-07,7.34324E-06
9634,-5.434681E-06,-5.008521E-06,3.230683E-08,7.390675E-06
9635,-5.42487E-06,-5.014268E-06,3.152483E-08,7.387361E-06
9636,5.614914E-06,2.819646E-06,-1.329329E-07,6.284532E-06
9637,-3.024368E-06,6.661309E-06,3.125296E-07,7.322398E-06
9638,5.589981E-06,2.861507E-06,1.617166E-07,6.281899E-06
9639,-6.703582E-05,-5.245328E-05,3.228906E-05,9.103698E-05
9640,-0.000125461,6.291207E-05,-2.947346E-05,0.0001434122
9641,1.545468E-05,0.0001150967,-3.537854E-06,0.0001161836
9642,-0.0001746185,0.0003080714,-7.611092E-05,0.000362205
9643,-3.931287E-07,2.849769E-07,6.181074E-07,7.860145E-07
9644,-6.906151E-06,-9.172596E-08,9.401679E-06,1.166597E-05
9645,-4.469455E-07,-3.943524E-07,1.191352E-06,1.332139E-06
9646,-3.443204E-07,-1.004867E-07,2.88896E-07,4.605595E-07
9647,-0.0004704192,-5.719361E-05,9.752872E-07,0.0004738843
9648,5.536767E-05,-2.164734E-05,-8.742114E-05,0.0001057196
9649,-6.923763E-07,-4.808277E-07,8.523801E-07,1.198804E-06
9650,-9.821279E-06,-2.820906E-05,7.381524E-06,3.076842E-05
9651,2.41233E-06,-1.692455E-05,-1.887072E-05,2.546299E-05
9652,1.243537E-05,-1.139164E-05,1.11912E-05,2.023983E-05
9653,-8.01403E-06,-1.420397E-05,-1.535131E-05,2.239732E-05
9654,5.718586E-06,-1.488688E-05,-3.372743E-05,3.730765E-05
9655,-1.164263E-06,-6.425858E-06,-1.824362E-06,6.780521E-06
9656,0.0003164046,-0.0003938424,-0.0001354012,0.0005230269
9657,-4.005018E-07,-1.867638E-06,6.16186E-06,6.451123E-06
9658,5.141648E-07,-1.443066E-06,6.358118E-08,1.533248E-06
9659,2.42357E-06,-1.53528E-06,7.716736E-07,2.970902E-06
9660,-1.677443E-06,-3.933183E-06,3.371133E-06,5.445023E-06
9661,2.732736E-06,-5.978874E-06,4.491105E-06,7.961457E-06
9662,2.87289E-06,5.217027E-06,-5.559676E-06,8.147445E-06
9663,-2.710958E-06,-2.258992E-06,3.305457E-06,4.83512E-06
9664,-2.70647E-06,-2.258644E-06,3.308767E-06,4.834707E-06
9665,2.892669E-07,-1.389618E-06,-4.358163E-06,4.583481E-06
9666,4.067038E-06,6.752241E-06,-8.987065E-06,1.195412E-05
9667,-3.310714E-05,0.0001751838,9.756764E-06,0.0001785515
9668,-0.0001631863,-6.291981E-05,1.041809E-05,0.0001752062
9669,-0.0004081959,0.0006727731,0.0006502678,0.001020831
9670,0.001237445,0.004570515,-0.0001389805,0.004737108
9671,0.005875308,0.009769147,-0.003429414,0.01190447
9672,-4.410488E-05,0.000528826,5.883931E-05,0.0005339141
9673,3.807703E-07,0.0001813295,-0.0001043567,0.0002092148
9674,-1.377481E-05,-8.028462E-06,-2.087433E-05,2.62667E-05
9675,1.091052E-05,-8.331749E-06,2.757819E-05,3.080607E-05
9676,-1.654437E-05,-8.210794E-06,-4.846796E-05,5.186787E-05
9677,-2.70049E-05,-0.000105505,-0.0001053069,0.000151493
9678,-4.528374E-05,-1.806968E-05,-1.154017E-05,5.010295E-05
9679,-3.255629E-05,6.848985E-06,-9.896431E-06,3.470965E-05
9680,-2.589022E-05,-8.299523E-05,1.271878E-05,8.786512E-05
9681,6.018305E-05,-0.0001733637,4.81869E-05,0.0001897339
9682,0.000444617,0.0001784369,0.0001083188,0.0004911792
9683,-2.648972E-07,5.692971E-06,-4.361287E-06,7.176413E-06
9684,2.363343E-06,1.667627E-06,6.716363E-07,2.969422E-06
9685,4.616116E-07,8.898065E-08,-2.283279E-06,2.331172E-06
9686,3.665663E-06,-1.086689E-05,3.481665E-06,1.198534E-05
9687,2.367174E-06,1.66585E-06,6.83404E-07,2.974157E-06
9688,1.317E-07,-5.129908E-06,-7.110178E-06,8.768577E-06
9689,-0.0001977527,-0.000131315,4.700436E-05,0.00024199
9690,-0.0002674831,0.0002657246,0.0002229855,0.0004380403
9691,-4.1645E-05,9.215251E-06,-3.517761E-06,4.279722E-05
9692,4.063449E-05,9.231649E-06,-3.312743E-05,5.323355E-05
9693,0.01170016,-0.006617285,-0.002533429,0.01367847
9694,-3.882274E-06,4.709897E-06,-8.214297E-06,1.023376E-05
9695,7.543607E-06,4.666684E-05,1.678656E-05,5.016462E-05
9696,7.54314E-06,4.66917E-05,1.6792E-05,5.018949E-05
9697,-2.415858E-05,1.612013E-05,-3.086892E-06,2.920658E-05
9698,-2.324594E-05,1.661297E-05,-3.945395E-06,2.884321E-05
9699,1.710375E-08,-8.079202E-06,-2.352053E-06,8.414627E-06
9700,1.17503E-05,2.988421E-06,1.19588E-06,1.21832E-05
9701,4.046864E-06,-7.810406E-06,2.036236E-05,2.21812E-05
9702,2.604316E-06,-5.763634E-06,1.779997E-05,1.889023E-05
9703,3.102353E-06,-1.019189E-05,1.931043E-06,1.082719E-05
9704,1.607568E-06,-7.472805E-06,3.981841E-06,8.618709E-06
9705,5.807195E-06,-1.103872E-05,4.202565E-07,1.248012E-05
9706,-1.988329E-05,-2.733347E-05,1.515577E-06,3.383432E-05
9707,-2.714188E-05,-7.776799E-06,2.474913E-05,3.75457E-05
9708,4.031712E-06,-1.956167E-05,4.353534E-06,2.04418E-05
9709,-2.490927E-05,-1.120813E-05,1.336491E-05,3.040912E-05
9710,-1.744965E-05,-8.422082E-06,4.633788E-05,5.02257E-05
9711,0.0003321561,0.0002163869,-0.0003349785,0.0005190005
9712,7.36421E-05,-1.407961E-05,-7.080245E-05,0.0001031231
9713,5.39022E-05,-6.880378E-06,3.202284E-05,6.307336E-05
9714,0,0,0,0
9715,-2.896551E-06,-4.027479E-06,-5.637442E-07,4.992835E-06
9716,-2.891918E-06,-4.033008E-06,-5.53649E-07,4.993483E-06
9717,-9.024235E-06,4.42635E-06,-2.085956E-06,1.026551E-05
9718,-3.500104E-06,-3.943228E-06,1.69137E-06,5.537193E-06
9719,-3.497978E-06,-3.940523E-06,1.69521E-06,5.535097E-06
9720,7.406327E-06,-9.244098E-06,-2.84232E-06,1.218137E-05
9721,-1.331819E-06,-9.891637E-07,7.250709E-06,7.438075E-06
9722,5.660313E-05,-0.0004361027,0.0003058356,0.0005356537
9723,-0.0007604439,-5.51225E-06,-0.001112578,0.00134764
9724,-0.0005285242,-0.0001205079,0.0002413283,0.0005933795
9725,-0.01285516,0.04615493,0.005557024,0.0482329
9726,0.008222978,-0.01324226,0.008303927,0.01766154
9727,-2.627114E-05,2.393352E-05,2.255029E-05,4.208921E-05
9728,-1.100921E-05,-4.557139E-06,-2.207007E-06,1.21178E-05
9729,-1.10043E-05,-4.554845E-06,-2.206212E-06,1.211234E-05
9730,-2.625906E-05,2.393041E-05,2.253539E-05,4.207193E-05
9731,-9.832298E-05,7.631099E-05,7.02039E-05,0.0001428963
9732,-0.000498955,-0.0001457398,0.0009530959,0.001085628
9733,4.506347E-05,0.0004725035,-0.0003888106,0.0006135665
9734,0.003322172,0.002699252,-0.004423413,0.006155434
9735,-1.052863E-06,-5.737798E-06,7.377138E-07,5.880057E-06
9736,2.064921E-06,-6.953438E-06,2.618142E-07,7.258288E-06
9737,1.902385E-06,-7.566866E-06,-2.362755E-06,8.152248E-06
9738,-1.260341E-06,-4.435439E-06,2.578685E-06,5.283104E-06
9739,-1.449862E-06,-8.961034E-06,-3.499884E-06,9.728896E-06
9740,-8.68262E-07,-8.103582E-06,-4.40273E-06,9.263151E-06
9741,-1.309647E-06,-6.790693E-06,-8.55884E-07,6.968588E-06
9742,1.080305E-05,-7.374299E-06,-5.931374E-06,1.436201E-05
9743,-8.523813E-06,-3.140169E-05,-1.0753E-05,3.426877E-05
9744,-1.265407E-05,-1.528707E-05,8.527422E-06,2.159946E-05
9745,-5.557097E-06,-2.845701E-05,4.195193E-06,2.929646E-05
9746,-1.369858E-05,-2.603275E-05,-1.659518E-05,3.377507E-05
9747,0.0003586301,-0.001160325,-0.0003463952,0.001262917
9748,8.464709E-06,-4.285524E-06,4.0656E-06,1.032212E-05
9749,2.034492E-06,5.851531E-07,4.691387E-06,5.146909E-06
9750,-4.02497E-06,2.997347E-06,6.175214E-06,7.957245E-06
9751,2.467527E-06,-4.015713E-06,-2.801766E-06,5.483113E-06
9752,2.057247E-06,-1.404201E-06,2.732542E-06,3.69741E-06
9753,2.057832E-06,-1.403282E-06,2.725907E-06,3.692485E-06
9754,-1.381001E-06,-3.085803E-06,-2.174365E-06,4.019603E-06
9755,-6.767626E-07,-3.372965E-06,-7.172534E-06,7.954882E-06
9756,-7.519719E-05,-0.0002108591,8.280508E-05,0.0002386899
9757,0.002460099,-0.0002439698,0.0006822985,0.002564593
9758,-1.944675E-05,0.0001406093,0.0002616471,0.0002976716
9759,-0.0006103041,0.005469913,0.0032785,0.006406324
9760,-0.0009368302,0.001525723,-0.002151619,0.002799098
9761,-2.235319E-05,1.191388E-05,-2.263056E-06,2.543083E-05
9762,-9.994063E-07,2.301158E-06,6.327619E-06,6.806828E-06
9763,-1.810452E-06,3.674705E-06,8.22415E-07,4.178225E-06
9764,-2.234768E-05,1.191722E-05,-2.278386E-06,2.542892E-05
9765,-4.652276E-05,1.795988E-05,5.57762E-06,5.018002E-05
9766,4.793581E-05,-0.0001216833,0.0004161042,0.0004361735
9767,0.0007231819,-0.001028421,0.002029788,0.002387609
9768,0.0003725231,0.001057788,-0.0001261381,0.001128539
9769,-1.226333E-07,-7.988706E-06,-4.434925E-06,9.137999E-06
9770,-1.161322E-07,-8.07151E-06,-8.388792E-06,1.164193E-05
9771,3.423493E-06,-7.00302E-06,-1.549452E-06,7.947539E-06
9772,1.145571E-06,-6.144619E-06,-1.622792E-06,6.457719E-06
9773,-1.346826E-06,-6.926415E-06,-8.860429E-07,7.111557E-06
9774,2.989591E-06,-7.554327E-06,-6.222011E-06,1.023323E-05
9775,2.991957E-06,-7.554685E-06,-6.234434E-06,1.024174E-05
9776,-5.685342E-06,-1.057623E-05,3.089668E-05,3.314792E-05
9777,-3.581694E-06,-1.464467E-05,1.657388E-06,1.516713E-05
9778,-1.242094E-05,-3.072126E-05,2.089185E-05,3.917327E-05
9779,2.088268E-07,-2.166416E-05,-1.692939E-05,2.749515E-05
9780,-2.610085E-05,-2.051355E-05,9.477007E-06,3.452353E-05
9781,3.721284E-05,-3.987463E-05,-1.182154E-05,5.580798E-05
9782,1.305572E-05,-3.594984E-05,4.886268E-06,3.855799E-05
9783,2.433146E-06,4.036938E-05,6.47204E-05,7.631734E-05
9784,2.758901E-05,-3.523967E-05,6.279852E-05,7.711447E-05
9785,1.401213E-05,7.353224E-05,4.320003E-05,8.642669E-05
9786,2.425128E-06,-4.861745E-08,1.351921E-07,2.429379E-06
9787,3.809054E-06,1.837819E-06,6.137859E-07,4.273547E-06
9788,3.819335E-06,1.852841E-06,2.064024E-07,4.250052E-06
9789,-3.272403E-06,2.371316E-06,-5.589456E-07,4.079728E-06
9790,-2.170836E-06,-2.491037E-06,-1.391988E-07,3.307139E-06
9791,1.901681E-07,-4.23207E-07,-5.666913E-07,7.323981E-07
9792,-9.655744E-06,-8.422048E-06,2.068564E-07,1.281433E-05
9793,-5.809224E-05,-2.121257E-05,-4.586679E-09,6.184401E-05
9794,4.117265E-05,3.016907E-06,-7.76682E-10,4.128303E-05
9795,3.31305E-05,-1.992628E-05,-2.237712E-05,4.467015E-05
9796,1.101133E-05,-1.400071E-05,8.7023E-06,1.982421E-05
9797,-8.339642E-07,1.972287E-06,-6.706446E-06,7.040016E-06
9798,9.422864E-06,3.741218E-06,4.106489E-07,1.014671E-05
9799,1.132089E-05,-1.331725E-05,2.005721E-06,1.75936E-05
9800,-6.763355E-06,5.823747E-06,4.362169E-06,9.934159E-06
9801,2.442083E-06,6.798059E-06,-7.491193E-06,1.040651E-05
9802,8.289438E-07,9.195111E-06,1.969109E-06,9.440054E-06
9803,9.528369E-06,-5.652931E-06,-1.114038E-05,1.571157E-05
9804,0.006738836,-0.008576358,0.001963879,0.01108254
9805,0.0007873967,0.0007402934,3.852662E-05,0.00108144
9806,-0.005318418,-0.001317638,-0.003729422,0.006627996
9807,3.574302E-06,1.624978E-06,2.642844E-07,3.93523E-06
9808,-6.848654E-07,3.294418E-06,1.07932E-05,1.130555E-05
9809,-1.053266E-05,1.116578E-05,1.952056E-07,1.535088E-05
9810,-2.24359E-05,1.582201E-05,1.669831E-06,2.750443E-05
9811,-3.155443E-06,-2.635344E-06,8.0581E-07,4.189414E-06
9812,6.550139E-07,1.393364E-06,4.154992E-06,4.43108E-06
9813,4.592873E-06,2.627574E-06,1.716153E-06,5.562716E-06
9814,-6.826949E-07,3.298287E-06,1.078862E-05,1.130217E-05
9815,-3.16076E-06,-2.634407E-06,8.071581E-07,4.193091E-06
9816,-2.24319E-05,1.581558E-05,1.660001E-06,2.749688E-05
9817,-1.052837E-05,1.116718E-05,1.803952E-07,1.534877E-05
9818,-1.078854E-05,-7.75223E-07,1.361155E-06,1.090167E-05
9819,2.157597E-06,-2.886497E-05,0.0002052831,0.0002073137
9820,-0.0004612162,-6.536523E-06,0.0001694224,0.000491393
9821,-8.163213E-05,-0.0002206846,-0.0001165428,0.000262579
9822,0.1257707,0.1774208,0.02979391,0.2195087
9823,-2.088068E-06,-4.276298E-06,-7.489329E-06,8.873376E-06
9824,-2.091225E-06,-4.276325E-06,-7.490253E-06,8.874913E-06
9825,-4.248157E-06,-3.397784E-06,-5.410994E-06,7.67272E-06
9826,1.576658E-06,-5.101387E-06,-8.147569E-06,9.741298E-06
9827,1.573482E-06,-5.101581E-06,-8.147455E-06,9.740791E-06
9828,-4.248593E-06,-3.397796E-06,-5.411071E-06,7.673021E-06
9829,-2.230936E-06,-5.716398E-07,5.20054E-06,5.687659E-06
9830,-4.915504E-06,-8.009147E-07,-4.002255E-06,6.389185E-06
9831,2.085732E-06,-2.183528E-07,4.490834E-06,4.956364E-06
9832,4.155531E-06,-7.72457E-07,-2.343823E-06,4.833077E-06
9833,1.347213E-06,-7.151237E-07,-3.275729E-06,3.613418E-06
9834,3.823088E-06,-7.868819E-07,-3.059657E-06,4.959505E-06
9835,3.515939E-06,-7.598808E-07,-2.688795E-06,4.490976E-06
9836,1.946361E-06,-5.828546E-07,1.330964E-06,2.42889E-06
9837,-8.41836E-06,1.688825E-05,-6.743039E-06,2.003872E-05
9838,-2.828883E-06,-5.943363E-07,1.002163E-06,3.059436E-06
9839,-6.74057E-07,-5.474294E-07,5.117725E-06,5.190871E-06
9840,-6.100142E-07,-6.713271E-07,-2.8652E-06,3.005357E-06
9841,-2.233845E-06,-5.67318E-07,2.389931E-06,3.320193E-06
9842,-4.988803E-06,-8.019918E-07,-3.959904E-06,6.419672E-06
9843,2.491562E-06,-5.580143E-07,3.311684E-06,4.181688E-06
9844,-5.014826E-06,-7.128905E-07,-9.934458E-07,5.161747E-06
9845,1.345531E-06,-7.151375E-07,-3.276925E-06,3.613878E-06
9846,-6.011982E-06,1.963593E-05,-9.51815E-06,2.263424E-05
9847,5.731539E-07,-5.427273E-07,3.950308E-06,4.028399E-06
9848,-5.032694E-06,-7.162983E-07,-1.108269E-06,5.202822E-06
9849,3.514686E-06,-7.598147E-07,-2.688349E-06,4.489717E-06
9850,2.492013E-06,-5.578287E-07,3.313438E-06,4.183321E-06
9851,-4.579812E-08,-1.298566E-05,-1.748182E-05,2.177713E-05
9852,-3.03305E-06,-8.71094E-06,1.130704E-05,1.459209E-05
9853,9.227166E-08,-1.053848E-05,-2.002084E-05,2.262526E-05
9854,5.029664E-06,-1.408701E-05,-3.405901E-06,1.534085E-05
9855,-2.893381E-05,2.958803E-05,5.304654E-05,6.727965E-05
9856,-3.052705E-06,-8.853474E-06,1.317355E-05,1.616309E-05
9857,-7.034153E-06,-6.801849E-06,3.131273E-05,3.280597E-05
9858,1.524387E-05,1.082442E-05,-2.048051E-05,2.773076E-05
9859,9.809693E-06,1.218736E-06,-1.203796E-05,1.557652E-05
9860,5.089535E-06,-1.200443E-05,-6.246124E-06,1.445766E-05
9861,3.013674E-06,6.979772E-06,-7.195998E-06,1.046813E-05
9862,-1.637161E-06,-1.814014E-06,-1.165546E-05,1.190885E-05
9863,-2.053308E-06,5.289224E-06,1.089324E-06,5.77742E-06
9864,-2.119384E-06,4.653324E-06,-4.525059E-06,6.827984E-06
9865,-2.119268E-06,4.651974E-06,-4.525048E-06,6.827021E-06
9866,-2.052919E-06,5.287661E-06,1.092574E-06,5.776466E-06
9867,0.0001317944,-8.821606E-05,6.1923E-05,0.0001702536
9868,-4.701597E-05,-3.730987E-05,7.711933E-05,9.772369E-05
9869,-2.597983E-05,3.360107E-05,0.0001064177,0.0001145806
9870,-0.004738206,0.02105589,-0.00721088,0.02275517
9871,-8.193839E-06,-7.054173E-07,-7.839646E-06,1.136207E-05
9872,1.909516E-06,3.980348E-06,-1.78106E-06,4.760419E-06
9873,-4.814928E-06,-2.677786E-06,-1.031666E-06,5.605212E-06
9874,-1.182091E-05,6.331462E-06,5.683673E-06,1.456453E-05
9875,1.122592E-06,-6.043125E-06,-6.36279E-07,6.179355E-06
9876,3.727334E-06,5.900196E-07,-4.334173E-06,5.746843E-06
9877,-2.555013E-06,-1.09345E-05,-3.653654E-06,1.180849E-05
9878,-1.486279E-05,1.646418E-06,-2.136656E-06,1.510558E-05
9879,1.119892E-05,-2.472165E-06,-3.364904E-06,1.195199E-05
9880,-0.0002490713,0.0004938344,0.0002493263,0.0006066898
9881,1.095696E-05,1.980383E-05,2.007641E-05,3.025407E-05
9882,8.572986E-06,1.930756E-05,1.905009E-05,2.844615E-05
9883,0.0004650653,-0.001519146,0.000469084,0.001656542
9884,-1.508992E-06,1.618341E-06,4.648967E-06,5.148687E-06
9885,3.07821E-06,6.105813E-06,1.665324E-06,7.037729E-06
9886,1.49509E-07,-1.773977E-06,-1.773308E-06,2.512761E-06
9887,-1.680843E-06,-2.474724E-06,-1.131818E-06,3.198516E-06
9888,1.094362E-06,-2.408834E-06,3.66067E-06,4.516704E-06
9889,5.698177E-07,-5.182076E-07,-4.131385E-07,8.740222E-07
9890,3.073481E-06,6.094313E-06,1.67099E-06,7.02703E-06
9891,2.066073E-06,3.861951E-06,-2.577766E-06,5.082145E-06
9892,-3.311152E-06,-5.79929E-06,1.988744E-08,6.678015E-06
9893,6.152678E-08,-5.109736E-07,-1.401334E-06,1.492856E-06
9894,-1.214451E-05,4.633056E-05,5.641839E-05,7.400706E-05
9895,1.214269E-05,-6.395056E-06,2.273421E-05,2.655533E-05
9896,4.389401E-06,4.690518E-05,8.688367E-06,4.79046E-05
9897,2.066207E-05,2.215579E-05,-5.822395E-06,3.084964E-05
9898,3.852283E-06,3.184781E-06,3.197939E-06,5.933779E-06
9899,-4.122932E-06,2.50215E-06,-2.655418E-06,5.505503E-06
9900,-3.126111E-06,5.583599E-06,1.267455E-08,6.399165E-06
9901,6.3181E-06,-2.751043E-06,5.604855E-06,8.882625E-06
9902,1.475776E-07,4.612639E-06,2.24107E-06,5.130362E-06
9903,9.438065E-08,5.583167E-06,1.109541E-05,1.24213E-05
9904,2.86814E-06,2.449624E-07,2.87482E-06,4.068271E-06
9905,2.869319E-06,2.446998E-07,2.872084E-06,4.067153E-06
9906,3.567501E-06,-7.487878E-06,1.749045E-06,8.476706E-06
9907,-0.0001626663,3.05187E-05,-6.118159E-05,0.0001764508
9908,0.0001514844,-5.990122E-05,-3.779633E-05,0.0001672252
9909,4.457146E-07,-1.75573E-06,1.082082E-07,1.814651E-06
9910,1.129418E-07,-3.478719E-06,2.361419E-06,4.206012E-06
9911,2.071337E-06,-2.673537E-06,1.420593E-06,3.668286E-06
9912,-3.679429E-06,1.144543E-06,5.077024E-07,3.886636E-06
9913,-3.701545E-06,-1.207409E-07,-4.8114E-07,3.734637E-06
9914,1.071661E-07,1.630494E-06,-6.293233E-07,1.751012E-06
9915,-2.819564E-06,4.874452E-06,2.127884E-06,6.01981E-06
9916,1.54069E-06,-3.398011E-06,-2.494234E-06,4.487918E-06
9917,-1.368514E-05,-5.003724E-05,1.528841E-05,5.408091E-05
9918,-3.10264E-05,4.717018E-05,1.888886E-05,5.953531E-05
9919,8.020871E-06,5.162367E-05,1.037581E-05,5.326345E-05
9920,2.211617E-05,3.861319E-05,-4.434224E-05,6.281988E-05
9921,1.193218E-05,-8.334204E-06,-5.074099E-06,1.541371E-05
9922,1.181359E-05,-8.484119E-06,-5.167522E-06,1.543517E-05
9923,-8.404911E-05,5.982902E-06,2.053457E-05,8.672784E-05
9924,0.00613065,0.00513967,-0.000632641,0.008025043
9925,-0.0001854157,0.0001119769,-0.0004726033,0.0005198767
9926,1.108869E-06,3.368644E-06,2.464522E-06,4.318706E-06
9927,3.305816E-06,2.581548E-06,-2.555886E-06,4.911757E-06
9928,3.283377E-06,-4.625905E-08,-1.458649E-06,3.593099E-06
9929,-4.188516E-06,2.339587E-06,5.80367E-06,7.529934E-06
9930,-1.963208E-06,-3.684083E-06,-2.296276E-06,4.764403E-06
9931,0.0001846467,0.0002576028,0.000353079,0.0004744664
9932,-0.0004664106,0.0002166891,0.0003716941,0.0006345467
9933,-6.707629E-05,-3.355616E-05,-0.0001307578,0.000150741
9934,0.0004609263,-0.0003690836,-0.000294522,0.0006598629
9935,0.0005827147,-0.0004005684,-0.0002765774,0.0007592803
9936,-0.01174852,-0.01141238,-0.02094055,0.02658527
9937,-3.365038E-05,1.456515E-05,7.044941E-06,3.733795E-05
9938,0.1338057,0.09010429,-0.104393,0.1921475
9939,-4.235893E-07,-9.451477E-06,2.266596E-05,2.456126E-05
9940,-2.058557E-06,9.567048E-06,-1.353174E-05,1.669953E-05
9941,-7.279752E-06,3.229785E-06,-1.054109E-05,1.321139E-05
9942,3.533104E-06,2.192726E-06,1.232807E-06,4.337129E-06
9943,3.391194E-06,1.604049E-06,-8.279851E-06,9.090055E-06
9944,4.131324E-06,-9.262318E-08,-5.246462E-07,4.165534E-06
9945,9.454774E-08,1.220128E-06,-3.984632E-06,4.168327E-06
9946,-3.933827E-06,-3.412617E-06,3.102576E-06,6.061925E-06
9947,-3.609483E-06,7.935524E-07,-7.496826E-06,8.358259E-06
9948,-1.33917E-06,1.39E-06,6.166205E-07,2.026252E-06
9949,-3.490142E-05,1.086745E-05,1.619843E-05,3.998249E-05
9950,-4.155069E-06,9.940744E-06,5.06125E-07,1.078606E-05
9951,5.338424E-06,9.200033E-07,4.914531E-06,7.314218E-06
9952,-1.822762E-05,3.899497E-06,1.161574E-05,2.19631E-05
9953,-1.394864E-05,5.387874E-07,2.944311E-05,3.258453E-05
9954,7.910303E-07,3.248542E-06,1.142473E-05,1.190392E-05
9955,5.838508E-06,-9.118197E-05,0.0002167623,0.0002352321
9956,0.0008147581,-0.001157217,0.0006623361,0.001562585
9957,-2.393661E-05,1.107927E-05,5.266776E-07,2.63816E-05
9958,-4.38114E-06,-9.874669E-06,1.843207E-07,1.080451E-05
9959,-2.395383E-05,1.109814E-05,-4.451643E-07,2.640366E-05
9960,-4.383936E-06,-9.875073E-06,7.903971E-09,1.080445E-05
9961,5.044351E-06,-1.751344E-06,3.564677E-07,5.351612E-06
9962,5.040781E-06,-1.75425E-06,-6.942296E-07,5.382269E-06
9963,1.813408E-06,-7.207883E-06,2.158742E-06,7.739651E-06
9964,-3.394503E-06,5.023141E-06,-2.667759E-06,6.623559E-06
9965,-3.395962E-06,5.024366E-06,-2.67441E-06,6.627917E-06
9966,6.523689E-07,1.745922E-06,2.491983E-06,3.111882E-06
9967,1.371439E-06,2.393226E-06,-2.204404E-06,3.530973E-06
9968,6.003488E-06,-7.166826E-06,1.436682E-06,9.458823E-06
9969,5.391238E-06,6.69343E-08,6.87145E-06,8.734229E-06
9970,3.830304E-06,1.295679E-06,2.858518E-06,4.951882E-06
9971,2.515569E-06,2.020573E-06,-2.493995E-06,4.07809E-06
9972,-0.0003038673,-8.477728E-05,-6.915575E-05,0.0003229629
9973,-0.05144201,-0.288259,0.1169876,0.3153183
9974,-1.21217E-05,3.285865E-05,1.069851E-05,3.662083E-05
9975,-4.950813E-06,6.839581E-06,1.188863E-05,1.458184E-05
9976,-1.715702E-05,2.183406E-05,3.833266E-07,2.777114E-05
9977,-7.772528E-06,1.85128E-05,-4.032556E-06,2.04792E-05
9978,-0.03136662,0.01326525,-0.006767365,0.03472216
9979,-3.954409E-07,-7.242637E-07,-1.036053E-05,1.039334E-05
9980,1.886635E-06,2.97717E-08,-1.012069E-05,1.029508E-05
9981,1.884885E-06,2.677904E-08,-1.012083E-05,1.029488E-05
9982,1.470713E-06,4.910419E-06,-1.330066E-05,1.425422E-05
9983,2.4445E-07,-3.591739E-07,-1.094865E-05,1.095727E-05
9984,-3.779829E-06,-1.857834E-06,1.162635E-06,4.369253E-06
9985,-4.580828E-06,-1.2547E-06,-1.671613E-05,1.737778E-05
9986,-1.195618E-05,2.633727E-06,2.28611E-05,2.593292E-05
9987,1.683721E-06,-3.73993E-06,-1.56753E-05,1.620299E-05
9988,5.197565E-07,-4.778236E-08,-1.756192E-05,1.756967E-05
9989,-4.582217E-06,-1.241639E-06,-1.67185E-05,1.737948E-05
9990,3.619828E-06,3.57653E-06,-1.739583E-05,1.812484E-05
9991,1.742184E-06,-5.726216E-07,-1.68861E-05,1.698539E-05
9992,2.177618E-06,-1.353421E-06,-1.460268E-05,1.482606E-05
9993,-5.476102E-05,-2.817519E-05,7.066286E-05,9.373287E-05
9994,-2.198699E-05,-2.082132E-05,-5.368438E-06,3.075346E-05
9995,7.517795E-06,5.157388E-06,-2.112004E-05,2.300374E-05
9996,6.223976E-06,7.681956E-06,-2.053851E-05,2.279432E-05
9997,4.300371E-05,8.802229E-05,-8.163242E-05,0.000127519
9998,-1.999186E-07,-3.534158E-07,-3.849913E-06,3.871266E-06
9999,1.291632E-06,-4.418346E-06,3.053337E-07,4.613385E-06
10000,-1.145396E-06,-4.721045E-06,-3.1175E-08,4.858103E-06
10001,5.073122E-07,-6.838774E-07,1.956783E-06,2.134023E-06
10002,3.273537E-07,-9.765469E-06,2.928998E-06,1.020052E-05
10003,-1.986889E-07,-3.491876E-07,-3.8523E-06,3.873193E-06
10004,-1.519887E-06,2.239709E-07,1.448739E-06,2.11165E-06
10005,2.678236E-06,-3.758293E-06,1.835335E-06,4.966504E-06
10006,2.494861E-06,-5.383109E-06,3.651083E-06,6.966534E-06
10007,3.251427E-06,-2.967048E-06,2.248646E-07,4.407462E-06
10008,-0.0002169544,-2.488982E-05,-9.48501E-05,0.0002380867
10009,-0.000314377,0.0004194456,-0.0002854404,0.0005968615
10010,0.01397063,0.002614179,-0.004398065,0.01487802
10011,-8.37999E-05,3.300198E-05,4.914071E-05,0.0001025981
10012,-1.886749E-05,-1.478331E-06,-2.147004E-06,1.904671E-05
10013,-4.553317E-06,-7.391651E-08,1.033923E-06,4.669813E-06
10014,4.43698E-07,-4.087435E-06,-2.404299E-06,4.76284E-06
10015,-6.554054E-06,2.46683E-05,2.943121E-05,3.895737E-05
10016,-2.3847E-05,2.08154E-05,4.686631E-06,3.199882E-05
10017,-1.888664E-05,-1.470303E-06,-2.111815E-06,1.906113E-05
10018,41.39107,15.94589,2.8815,44.44992
10019,1.9629E-06,-9.114598E-07,2.382471E-07,2.177268E-06
10020,-1.054404E-06,2.129395E-06,-1.035503E-06,2.591979E-06
10021,-3.477293E-06,3.790193E-06,-2.238344E-06,5.609573E-06
10022,-3.480813E-06,3.795808E-06,-2.228554E-06,5.611655E-06
10023,-1.849636E-06,-2.523894E-06,2.494795E-07,3.139018E-06
10024,-4.845344E-06,-4.237782E-06,-5.785217E-06,8.654762E-06
10025,-3.207937E-06,-2.204311E-06,-8.24467E-06,9.117261E-06
10026,5.373012E-05,0.0002903686,5.939144E-06,0.0002953576
10027,-3.798622E-05,6.977818E-05,9.379134E-05,0.0001229177
10028,-0.003207854,0.000798024,-0.001182228,0.003510674
10029,0.003852549,-0.0007463032,-0.003307607,0.00513219
10030,-0.005356709,-0.01159778,-0.008104878,0.01512917
10031,-3.961647E-06,-7.264198E-06,5.3264E-08,8.274422E-06
10032,-4.532804E-06,1.547033E-06,5.752174E-06,7.485127E-06
10033,3.837856E-06,2.694995E-06,1.000532E-05,1.104982E-05
10034,1.299506E-05,-5.978181E-06,6.487409E-06,1.570658E-05
10035,1.102502E-05,-4.340809E-06,6.574167E-06,1.35504E-05
10036,-1.514807E-05,1.542814E-06,5.518375E-06,1.619558E-05
10037,-0.01791474,0.04256891,0.05632711,0.07284088
10038,0.02405034,-0.04975186,-0.05345383,0.07688288
10039,-6.750356E-06,6.720741E-05,2.561815E-05,7.224052E-05
10040,-6.760982E-06,6.715691E-05,2.557112E-05,7.217786E-05
10041,3.116178E-05,-1.061859E-05,3.016402E-05,4.465063E-05
10042,3.117988E-05,-1.060492E-05,3.017289E-05,4.466601E-05
10043,1.345447E-06,-6.572705E-06,-4.803773E-07,6.726176E-06
10044,-7.820043E-07,5.959575E-07,2.992758E-06,3.150127E-06
10045,-2.25626E-06,3.451272E-06,6.113483E-06,7.374053E-06
10046,8.815624E-07,1.673939E-06,4.734305E-06,5.09832E-06
10047,6.596191E-07,4.181459E-06,5.555928E-06,6.984843E-06
10048,1.663145E-06,-1.310654E-06,8.381279E-07,2.27735E-06
10049,-8.221294E-07,-3.294021E-06,-2.514466E-06,4.224809E-06
10050,1.343691E-06,-6.573404E-06,-4.789786E-07,6.726408E-06
10051,-2.04104E-06,3.159278E-06,-2.830535E-06,4.707314E-06
10052,-2.043809E-06,3.160834E-06,-2.833922E-06,4.711596E-06
10053,8.713866E-07,1.665119E-06,4.722825E-06,5.083013E-06
10054,5.837102E-06,-6.021364E-06,1.123905E-05,1.402301E-05
10055,-6.715566E-05,4.867469E-05,5.03303E-06,8.309296E-05
10056,0.02167513,0.006170768,-0.008444476,0.02406655
10057,3.791958E-06,-4.41734E-06,2.940939E-06,6.522343E-06
10058,-1.214916E-05,-8.884033E-06,4.102291E-07,1.505644E-05
10059,-1.191278E-05,5.524409E-06,1.017315E-05,1.661103E-05
10060,1.905803E-06,8.161417E-06,4.717567E-06,9.617497E-06
10061,-1.439332E-06,3.794077E-06,9.560355E-06,1.038591E-05
10062,1.470303E-05,7.652334E-06,-5.338199E-06,1.741361E-05
10063,-4.826401E-06,1.901732E-06,3.468558E-06,6.240322E-06
10064,-1.398126E-05,-2.113713E-06,6.596264E-06,1.560301E-05
10065,-0.003156094,0.002130951,0.002697888,0.004666956
10066,2.546451,-0.7450335,-9.900952,10.25029
10067,0.001401675,0.00127698,0.002871267,0.003440865
10068,-7.583089E-07,2.598672E-06,-8.476493E-06,8.898262E-06
10069,-2.101087E-06,7.979011E-07,-3.968001E-06,4.56029E-06
10070,-2.101022E-06,7.97657E-07,-3.967705E-06,4.55996E-06
10071,-6.738707E-07,-5.73412E-07,-5.972085E-06,6.037276E-06
10072,2.550246E-07,-3.912161E-06,3.161564E-07,3.933192E-06
10073,6.278142E-07,1.554096E-06,8.574801E-07,1.882721E-06
10074,2.504872E-06,-1.629925E-06,-8.869664E-06,9.359593E-06
10075,-1.155769E-06,2.209523E-06,-2.167378E-06,3.303834E-06
10076,1.693178E-08,-5.406627E-06,-1.443198E-06,5.595955E-06
10077,-6.711683E-07,-5.737197E-07,-5.966469E-06,6.031449E-06
10078,-8.903956E-08,3.21552E-06,-8.884127E-06,9.448556E-06
10079,-7.019737E-06,-9.701344E-06,-2.909746E-06,1.232312E-05
10080,2.83601E-06,1.569366E-06,2.790408E-06,4.276943E-06
10081,-4.471191E-05,1.410155E-05,-3.220588E-06,4.699341E-05
10082,2.449743E-06,-2.125682E-06,-1.068245E-05,1.116398E-05
10083,-1.475745E-05,7.043903E-06,9.924551E-06,1.91284E-05
10084,2.117119E-06,3.570065E-05,4.223047E-05,5.533924E-05
10085,-1.616885E-06,2.170595E-06,7.482096E-06,7.956605E-06
10086,7.629147E-08,3.476487E-06,2.057941E-06,4.040656E-06
10087,-4.552647E-06,1.112459E-05,2.319559E-05,2.612505E-05
10088,-2.3354E-05,-7.06449E-06,1.629394E-05,2.933954E-05
10089,-9.835255E-05,0.0005404028,0.0007741637,0.0009492302
10090,1.628529E-05,6.886291E-06,-2.446427E-06,1.784983E-05
10091,1.336517E-06,-4.380551E-06,5.790073E-07,4.616357E-06
10092,2.628615E-06,-2.982819E-06,-8.70563E-07,4.069976E-06
10093,2.125539E-06,4.936971E-06,-1.498202E-06,5.579982E-06
10094,-1.199571E-05,4.8858E-06,8.976404E-06,1.575893E-05
10095,2.133615E-06,4.932513E-06,-1.525715E-06,5.586573E-06
10096,4.148485E-06,6.346439E-06,3.855504E-06,8.506006E-06
10097,-2.870453E-06,1.053981E-05,5.339176E-06,1.21587E-05
10098,7.394231E-06,-5.88281E-06,-5.783138E-06,1.107821E-05
10099,1.150964E-05,-4.098485E-06,-1.538064E-06,1.231402E-05
10100,-1.040153E-05,-9.213884E-06,-3.065398E-06,1.422969E-05
10101,3.721672E-06,-5.466826E-06,7.687559E-06,1.014079E-05
10102,1.486009E-05,1.339462E-05,1.319833E-07,2.000639E-05
10103,1.504329E-05,1.326758E-05,-1.315653E-06,2.010125E-05
10104,-0.04472199,0.02539657,-0.01790686,0.05445822
10105,-1.942032E-05,-1.364709E-06,1.752383E-06,1.954692E-05
10106,-2.368233E-05,-4.135628E-05,3.551698E-05,5.943611E-05
10107,-2.370594E-05,-4.13806E-05,3.550318E-05,5.94542E-05
10108,-1.948864E-05,-1.322229E-06,1.731421E-06,1.961003E-05
10109,0.0005403475,-0.0004676391,-0.000342439,0.000792418
10110,2.684709E-05,0.0001038623,5.869787E-07,0.0001072776
10111,1.048989E-06,4.684264E-07,-1.28594E-05,1.291061E-05
10112,-6.841295E-07,-1.801875E-06,-1.297597E-05,1.311833E-05
10113,4.560991E-08,-4.35711E-07,-1.151551E-05,1.152384E-05
10114,-1.036683E-06,1.701919E-06,-1.181099E-05,1.197793E-05
10115,4.36067E-08,-8.788011E-07,-1.173731E-05,1.177025E-05
10116,1.188089E-06,1.983537E-06,-1.208639E-05,1.230556E-05
10117,1.149002E-06,2.694003E-05,-7.821288E-06,2.807593E-05
10118,-2.041107E-05,1.90452E-05,8.031608E-06,2.904889E-05
10119,-1.059219E-05,2.209186E-06,-1.842423E-05,2.13665E-05
10120,1.786709E-06,1.046452E-05,-7.927907E-06,1.324954E-05
10121,-4.552425E-06,-2.705808E-07,-1.329306E-05,1.405359E-05
10122,-8.835349E-07,1.444499E-06,-8.512877E-06,8.679647E-06
10123,-2.385576E-06,5.848966E-06,-8.656737E-06,1.071636E-05
10124,-1.754242E-05,1.373449E-05,-1.124137E-06,2.230777E-05
10125,-5.098937E-06,5.114105E-05,-3.484335E-05,6.209239E-05
10126,-0.0001059457,7.401247E-05,-0.0001221592,0.0001778348
10127,-3.712635E-06,-7.132786E-06,1.869863E-06,8.255706E-06
10128,-4.793325E-06,-2.064177E-06,-8.724023E-06,1.016589E-05
10129,-7.45111E-07,5.13661E-06,-2.306363E-06,5.679724E-06
10130,-5.713709E-06,-1.004105E-05,-3.481413E-06,1.206604E-05
10131,-5.050095E-06,-4.506762E-06,9.052313E-07,6.828895E-06
10132,-4.797506E-06,-2.055281E-06,-8.722412E-06,1.016468E-05
10133,-5.597637E-06,3.996966E-06,-1.006472E-05,1.219048E-05
10134,-5.832273E-05,-2.888566E-05,3.563674E-06,6.518145E-05
10135,-0.03616086,-0.03170612,-0.0165608,0.05086399
10136,0.03587043,0.03173859,0.01357638,0.04978297
10137,0.0002581587,-5.952174E-05,-0.0001540816,0.0003064798
10138,-0.002306565,-0.001862482,0.005897842,0.006601032
10139,-2.069039E-06,-1.523269E-06,-4.10955E-06,4.846615E-06
10140,-1.845653E-06,1.187734E-05,2.997793E-07,1.202362E-05
10141,-1.839412E-06,1.18791E-05,3.001645E-07,1.202442E-05
10142,5.345764E-08,4.565979E-06,2.51173E-07,4.573195E-06
10143,-5.325852E-06,-2.685913E-06,-3.888727E-07,5.977462E-06
10144,-3.400411E-07,7.226705E-07,1.516988E-07,8.129534E-07
10145,3.020413E-06,-6.006002E-07,-1.494766E-06,3.423148E-06
10146,-7.31019E-06,-1.548757E-05,8.449148E-06,1.90969E-05
10147,3.022051E-06,-6.024545E-07,-1.493936E-06,3.424557E-06
10148,4.613634E-08,4.579849E-06,2.31246E-07,4.585915E-06
10149,-1.253988E-05,1.114682E-05,-1.483872E-05,2.239839E-05
10150,-3.476056E-05,-8.517195E-05,0.0001311398,0.0001601881
10151,-0.001194158,-0.002158212,-0.001983376,0.003165071
10152,-1.264391E-05,1.113425E-05,-1.495966E-05,2.253068E-05
10153,-10.75887,8.098453,-0.1406638,13.46692
10154,0.0005513728,0.0006543101,0.002359826,0.002510162
10155,0.007864516,0.0006063488,0.006340848,0.01012051
10156,2.535211E-06,-1.003703E-05,4.505404E-06,1.129017E-05
10157,4.033358E-06,-1.996295E-06,8.819847E-06,9.90166E-06
10158,4.463923E-06,-3.846996E-06,1.350292E-06,6.0456E-06
10159,-2.417551E-06,-1.450992E-06,2.146352E-06,3.543551E-06
10160,3.869569E-06,-4.490636E-06,-3.347921E-06,6.807933E-06
10161,2.315778E-06,-1.442015E-06,-3.025162E-06,4.073554E-06
10162,-2.42396E-06,-1.446174E-06,2.14321E-06,3.544058E-06
10163,-9.204669E-07,2.607193E-06,4.845762E-06,5.579079E-06
10164,-1.159823E-05,8.508669E-06,2.460088E-06,1.459344E-05
10165,-1.159351E-05,8.50458E-06,2.45624E-06,1.458665E-05
10166,-4.028214E-05,-3.586799E-05,4.425767E-05,6.977038E-05
10167,0.01413113,0.002995068,0.01008972,0.01761992
10168,-5.019972E-05,6.648374E-05,3.569228E-05,9.063133E-05
10169,1.8862E-06,8.550322E-06,3.000543E-06,9.255755E-06
10170,1.888051E-06,8.57329E-06,2.995328E-06,9.275669E-06
10171,-1.394692E-05,-6.751022E-06,1.422256E-05,2.10327E-05
10172,-1.39521E-05,-6.751653E-06,1.422775E-05,2.103984E-05
10173,5.122656E-06,-2.810974E-06,2.345319E-05,2.417013E-05
10174,5.117702E-06,-2.818084E-06,2.34541E-05,2.417079E-05
10175,-8.78895E-06,4.579325E-05,7.210685E-06,4.718328E-05
10176,-8.825708E-06,4.578101E-05,7.216241E-06,4.71791E-05
10177,-1.81372E-05,8.093875E-05,-4.646345E-05,9.507308E-05
10178,-0.0001583918,0.0001046272,3.435054E-05,0.0001929113
10179,0.001385518,0.005909603,0.004306725,0.007442509
10180,-1.945543E-06,2.21029E-06,-6.543971E-07,3.016415E-06
10181,7.545559E-07,3.44557E-07,1.811415E-06,1.99231E-06
10182,1.910814E-06,-5.812179E-06,-6.322436E-07,6.150802E-06
10183,-2.905629E-06,-2.285999E-06,-1.072472E-05,1.134407E-05
10184,-5.616405E-06,-3.380079E-06,-6.596891E-06,9.299888E-06
10185,-5.613516E-06,-3.38573E-06,-6.595031E-06,9.298879E-06
10186,-2.91396E-06,-2.28311E-06,-1.072643E-05,1.134725E-05
10187,3.910042E-06,-2.550238E-06,-1.388006E-06,4.870185E-06
10188,3.78037E-06,1.214553E-06,-1.454408E-06,4.228669E-06
10189,-2.88691E-07,-1.386399E-06,-4.834109E-06,5.037266E-06
10190,-4.663635E-06,-4.598493E-06,-2.81078E-07,6.555504E-06
10191,1.203226E-06,-5.627814E-06,-1.465011E-06,5.938543E-06
10192,-2.635218E-05,3.408016E-05,-3.224006E-06,4.320057E-05
10193,2.980337E-06,1.94355E-06,-5.895163E-06,6.885691E-06
10194,-3.39663E-05,3.433242E-05,-9.838887E-06,4.928721E-05
10195,-3.817735E-05,2.219821E-05,7.59856E-06,4.481081E-05
10196,-7.71792E-05,-4.643501E-05,3.284499E-05,9.5873E-05
10197,-1.345985E-05,3.347619E-06,4.07955E-05,4.308882E-05
10198,-0.0003858735,-0.007698931,0.01238339,0.01458666
10199,-0.001494275,-0.001405087,0.003412646,0.003981617
10200,-1.074341E-05,2.476873E-05,1.368949E-05,3.027066E-05
10201,-1.07601E-05,2.475663E-05,1.369381E-05,3.026864E-05
10202,-5.971357E-05,7.755827E-05,5.415138E-05,0.0001118632
10203,-2.507553E-05,3.159295E-05,1.932757E-05,4.472641E-05
10204,-2.509409E-05,3.160526E-05,1.934074E-05,4.47512E-05
10205,-4.603563E-06,-3.006508E-06,1.764823E-05,1.848491E-05
10206,3.727707E-07,7.890957E-06,-2.908206E-06,8.418066E-06
10207,3.303059E-06,-1.929953E-05,9.14924E-06,2.161228E-05
10208,-4.012172E-06,7.582331E-07,5.251052E-07,4.116816E-06
10209,3.280313E-05,-1.891977E-06,2.149919E-05,3.926627E-05
10210,1.899353E-07,-3.457727E-06,-2.360491E-06,4.190927E-06
10211,-4.03541E-06,7.561329E-07,5.239492E-07,4.138937E-06
10212,-4.597405E-06,-3.016145E-06,1.763847E-05,1.847563E-05
10213,3.600067E-06,-1.294848E-05,9.023624E-06,1.618794E-05
10214,4.501052E-06,-1.320287E-05,4.509318E-06,1.465978E-05
10215,1.882253E-07,-3.469307E-06,-2.355545E-06,4.197631E-06
10216,3.280886E-05,-1.89123E-06,2.149506E-05,3.926876E-05
10217,-1.214828E-06,1.315225E-05,-4.367935E-06,1.391174E-05
10218,0.001280183,-0.001461662,0.001643915,0.002545148
10219,0.0008957681,0.0003570458,-0.0001335974,0.0009735145
10220,-0.0006568047,-0.0003823051,0.0001367775,0.0007721772
10221,-0.0004207316,0.0003245657,0.0002149494,0.0005732026
10222,-7.870274E-06,-1.428259E-06,1.611001E-05,1.798648E-05
10223,-0.0001398924,3.02319E-06,2.480324E-05,0.0001421064
10224,-1.417607E-05,2.880429E-07,1.564035E-05,2.111077E-05
10225,-1.417818E-05,1.083834E-07,1.563019E-05,2.110297E-05
10226,1.999094E-05,-7.534582E-06,4.671536E-05,5.136859E-05
10227,2.022594E-05,-8.256536E-06,4.660476E-05,5.147099E-05
10228,-8.566881E-07,7.782721E-07,-9.122858E-06,9.195986E-06
10229,-1.198976E-06,-1.155817E-06,-9.899113E-06,1.003822E-05
10230,-3.931711E-07,-1.4339E-06,-9.101861E-06,9.222501E-06
10231,-5.907025E-07,-1.123085E-06,-8.824076E-06,8.914851E-06
10232,6.830879E-07,3.160274E-07,-8.533704E-06,8.566831E-06
10233,-8.759644E-06,3.962341E-06,-7.046262E-06,1.191979E-05
10234,-1.069184E-05,-3.058414E-06,-2.121297E-05,2.395118E-05
10235,-2.025691E-05,1.137958E-05,-1.098081E-05,2.569855E-05
10236,-3.711223E-05,1.033204E-05,-1.572201E-05,4.16083E-05
10237,-8.756776E-06,3.967901E-06,-7.045814E-06,1.191926E-05
10238,0.0005049239,-0.0007089742,-0.0006757251,0.001101906
10239,-5.132392E-05,-1.14326E-05,0.0005185913,0.0005212502
10240,-9.492834E-06,-6.747E-06,4.467499E-06,1.247375E-05
10241,-2.336943E-05,2.378762E-05,-3.720771E-06,3.355332E-05
10242,-8.369283E-06,-4.196589E-06,-6.971291E-06,1.167284E-05
10243,-2.338487E-05,2.378291E-05,-3.716912E-06,3.356031E-05
10244,-6.278351E-06,-4.186983E-06,1.962854E-06,7.797519E-06
10245,-1.676184E-05,5.939992E-05,4.064507E-05,7.390082E-05
10246,4.383982E-06,-6.342655E-06,-8.462322E-06,1.144812E-05
10247,-5.493409E-06,4.315403E-06,1.083457E-06,7.069238E-06
10248,-5.498692E-06,4.323771E-06,1.101368E-06,7.081216E-06
10249,0.06643596,-0.04934666,0.1239334,0.1490246
10250,-7.949386E-07,-1.678119E-05,6.646435E-06,1.806697E-05
10251,-6.189201E-06,1.050311E-06,2.829107E-06,6.885725E-06
10252,-6.185335E-06,1.038355E-06,2.822915E-06,6.877892E-06
10253,2.357517E-06,-1.41121E-05,-1.985984E-06,1.444484E-05
10254,5.318045E-07,-9.690074E-06,1.321128E-06,9.794168E-06
10255,1.416842E-06,-4.192518E-06,-3.789817E-06,5.826437E-06
10256,4.904525E-06,-3.447831E-06,1.978378E-06,6.313151E-06
10257,3.142929E-05,-0.0001125555,-5.75226E-05,0.0001302513
10258,-0.0004959936,0.008605821,0.005919314,0.01045679
10259,0.001416922,0.0008434342,-0.001564528,0.002273059
10260,-0.0009145506,0.0008040161,-0.0007952002,0.001454369
10261,1.224694E-07,-1.607778E-06,-5.600763E-06,5.82825E-06
10262,-1.583283E-06,2.606644E-07,-1.160484E-06,1.980266E-06
10263,5.68895E-07,-8.518037E-07,1.053806E-06,1.469598E-06
10264,-5.299674E-06,2.428153E-08,3.010221E-07,5.308272E-06
10265,1.157327E-07,7.416117E-07,-5.602869E-06,5.652922E-06
10266,-5.285084E-06,-1.643684E-06,3.04316E-07,5.543141E-06
10267,4.987239E-07,5.472883E-07,8.384436E-07,1.118587E-06
10268,1.617145E-05,8.784938E-06,1.396057E-06,1.845643E-05
10269,1.620307E-05,8.798647E-06,1.406959E-06,1.849149E-05
10270,3.265986E-06,-3.970886E-05,-2.054621E-05,4.482864E-05
10271,8.765108E-06,1.043291E-05,1.987215E-05,2.409512E-05
10272,-4.783478E-06,4.992593E-06,-3.147989E-07,6.92147E-06
10273,-1.086972E-06,-5.069176E-07,4.901906E-06,5.046499E-06
10274,-2.123088E-05,-5.91275E-06,-3.058456E-06,2.225006E-05
10275,-3.71144E-06,-6.212732E-06,-4.432878E-06,8.486651E-06
10276,1.242867E-06,2.040254E-06,-1.108412E-06,2.633616E-06
10277,-2.619367E-06,-1.1586E-05,2.643413E-06,1.216898E-05
10278,1.991912E-06,-3.374227E-06,4.047868E-06,5.63368E-06
10279,-3.223296E-06,-4.919005E-06,-7.702545E-07,5.931235E-06
10280,-3.221359E-06,-4.90208E-06,-7.632275E-07,5.915239E-06
10281,-2.546947E-07,-8.444069E-06,4.119502E-06,9.398801E-06
10282,-4.95799E-06,-2.603384E-07,-2.616535E-06,5.612103E-06
10283,-1.285972E-05,-4.165444E-06,1.277856E-05,1.860148E-05
10284,2.092998E-07,-2.84569E-06,-3.31202E-07,2.872534E-06
10285,2.08562E-07,-2.845587E-06,-3.332668E-07,2.872617E-06
10286,1.997528E-06,-3.373111E-06,4.040491E-06,5.629704E-06
10287,9.253198E-06,-1.087626E-05,-4.408164E-06,1.494478E-05
10288,-2.6179E-06,-1.158903E-05,2.638696E-06,1.217053E-05
10289,-2.494228E-07,-8.440078E-06,4.114303E-06,9.392797E-06
10290,-4.951843E-06,-2.645999E-07,-2.616331E-06,5.606777E-06
10291,-0.0001506003,5.501908E-05,7.780475E-05,0.0001782165
10292,0.002610858,-0.002181671,-0.001677406,0.00379341
10293,-0.000987745,0.002295321,0.001264172,0.002800405
10294,2.556368E-06,-8.037064E-07,2.378875E-06,3.583296E-06
10295,2.153739E-07,5.475443E-07,-1.746563E-06,1.843006E-06
10296,1.655667E-06,-1.080973E-08,-1.501625E-06,2.235224E-06
10297,-6.319848E-06,6.203057E-07,7.135101E-07,6.390177E-06
10298,-6.326678E-06,-3.785179E-07,7.213353E-07,6.378907E-06
10299,2.565636E-06,-1.013782E-06,1.314874E-06,3.056E-06
10300,0.0003656089,-0.0004835194,0.0001703509,0.0006296668
10301,1.086102E-05,-2.774704E-05,-3.29079E-05,4.439358E-05
10302,-6.868268E-06,-9.875603E-06,-1.46262E-05,1.893743E-05
10303,-3.676875E-06,-3.308219E-06,-8.305626E-07,5.015333E-06
10304,4.038417E-07,3.548329E-06,-4.670062E-06,5.879048E-06
10305,3.945248E-06,-1.012593E-07,2.86877E-06,4.879045E-06
10306,-5.388214E-06,-6.562194E-06,-1.983376E-06,8.719462E-06
10307,6.239092E-06,3.955184E-06,-2.711803E-06,7.869156E-06
10308,6.599274E-06,4.081028E-06,-2.33601E-06,8.103219E-06
10309,0.01156964,0.1659104,0.06038086,0.1769349
10310,6.96696E-06,-5.172682E-06,-3.612412E-06,9.399186E-06
10311,-9.426749E-07,-4.224612E-06,2.868786E-06,5.192871E-06
10312,-3.041514E-06,2.277149E-07,3.176968E-06,4.404065E-06
10313,-2.160902E-07,-1.477349E-05,1.209752E-06,1.482451E-05
10314,-2.118825E-07,-1.477031E-05,1.207982E-06,1.482114E-05
10315,1.024073E-06,-7.25424E-06,6.217731E-07,7.352504E-06
10316,-3.652544E-07,-9.506442E-06,1.819868E-06,9.685958E-06
10317,-3.712228E-07,-9.513369E-06,1.820204E-06,9.693046E-06
10318,1.002722E-06,2.342827E-06,-9.819639E-07,2.731034E-06
10319,-1.587715E-05,2.55931E-07,-2.371549E-06,1.605533E-05
10320,-0.00049686,-0.0001619004,-0.001026952,0.001152264
10321,0.0004410568,0.0002900066,-0.000232626,0.0005768447
10322,-3.121119E-07,3.469963E-07,2.312002E-06,2.358639E-06
10323,-2.80296E-07,2.471967E-07,-4.289278E-07,5.689034E-07
10324,2.275836E-06,8.861854E-07,1.168087E-06,2.707246E-06
10325,-1.157396E-06,-1.058796E-07,5.525795E-07,1.286904E-06
10326,-1.293968E-06,6.091522E-07,-1.185452E-06,1.85761E-06
10327,6.381705E-07,2.972796E-07,-1.07564E-06,1.28555E-06
10328,0.002404957,-0.00209698,0.0001350164,0.003193646
10329,-0.0006780381,0.0005581852,0.0007451829,0.001151783
10330,-9.923203E-07,-2.775868E-06,3.860081E-06,4.856991E-06
10331,1.030717E-06,4.908047E-06,4.511367E-06,6.745645E-06
10332,-6.602501E-06,6.848524E-06,4.190782E-06,1.039509E-05
10333,-2.75752E-06,2.877852E-06,-3.168564E-06,5.091733E-06
10334,-6.205189E-06,-3.571486E-06,-1.191845E-05,1.390357E-05
10335,4.301104E-06,-2.107803E-06,-8.872869E-06,1.008316E-05
10336,-6.464003E-07,1.88374E-06,-1.085219E-05,1.103341E-05
10337,4.818353E-06,-3.151438E-06,-1.077447E-05,1.221627E-05
10338,-6.609267E-06,6.85052E-06,4.17509E-06,1.039439E-05
10339,5.934306E-07,4.699423E-06,-1.054592E-06,4.852721E-06
10340,-0.008805527,-0.0006857503,0.006116881,0.01074355
10341,2.31342E-06,-9.555741E-06,-1.686657E-06,9.975415E-06
10342,3.311233E-06,-1.426109E-05,-2.927613E-06,1.49303E-05
10343,-2.441109E-06,-1.410528E-07,5.076033E-06,5.634271E-06
10344,3.813964E-06,-4.245121E-06,-1.548758E-06,5.913208E-06
10345,-3.653335E-06,-4.362856E-06,1.45883E-07,5.692332E-06
10346,-4.548316E-07,-3.752759E-06,-5.263697E-07,3.816692E-06
10347,-3.645687E-06,-4.370095E-06,1.411621E-07,5.692862E-06
10348,-3.00011E-07,-1.461129E-06,2.614632E-07,1.514354E-06
10349,1.834199E-06,-1.426351E-07,3.069109E-06,3.578276E-06
10350,-4.535916E-07,-5.770229E-06,-3.086435E-06,6.559525E-06
10351,-3.654985E-06,-9.612017E-06,2.01887E-06,1.047977E-05
10352,-2.563586E-06,-1.987386E-06,-1.03049E-06,3.403467E-06
10353,2.596972E-06,-3.995521E-06,8.799745E-07,4.845906E-06
10354,2.596333E-06,-3.984037E-06,8.806667E-07,4.836224E-06
10355,-0.0009228388,0.007052429,0.004315676,0.008319462
10356,-0.0001350759,0.0004180153,-0.0001945346,0.0004804435
10357,6.393486E-05,-0.0003767532,0.0005667224,0.0006835238
10358,-1.3964E-06,-5.888748E-07,-1.807186E-07,1.526226E-06
10359,-1.87624E-06,-1.868625E-07,-2.578292E-07,1.903069E-06
10360,-1.389826E-06,9.058411E-08,-1.044714E-07,1.396688E-06
10361,-3.011598E-07,7.167558E-07,-7.063772E-07,1.050431E-06
10362,5.466746E-07,4.626062E-07,-2.951877E-07,7.745924E-07
10363,9.939703E-07,-9.599036E-07,-2.829905E-07,1.410488E-06
10364,2.236999E-05,-0.001212291,-0.002465512,0.002747526
10365,8.173219E-05,-0.0004087375,0.0001562039,0.0004451362
10366,1.533015E-06,1.457915E-06,-8.033903E-06,8.307783E-06
10367,-1.011568E-06,1.880556E-06,-9.318926E-06,9.560447E-06
10368,-1.385899E-06,1.174457E-06,-9.637108E-06,9.806829E-06
10369,-4.228756E-06,-1.459361E-06,-1.004613E-05,1.099713E-05
10370,1.538029E-06,1.452443E-06,-8.03327E-06,8.307139E-06
10371,-2.104074E-07,3.369369E-07,-5.374891E-06,5.38955E-06
10372,7.877811E-05,4.624634E-05,-4.846422E-06,9.147788E-05
10373,-2.062242E-05,5.18046E-05,-7.346638E-06,5.624033E-05
10374,4.611767,7.18781,0,8.540083
10375,-5.268067E-07,1.647874E-06,1.535529E-06,2.313194E-06
10376,-1.554251E-06,-1.116248E-05,4.579403E-06,1.216501E-05
10377,3.172405E-06,7.873809E-06,5.969574E-06,1.037771E-05
10378,8.195806E-07,-5.617808E-06,2.369593E-06,6.151947E-06
10379,-3.816934E-07,-9.438102E-06,2.255098E-06,9.711279E-06
10380,-2.281616E-06,-4.831723E-06,-1.146039E-06,5.464863E-06
10381,-3.766502E-06,2.332452E-06,2.041464E-06,4.877955E-06
10382,1.088352E-06,-5.836911E-06,2.307423E-06,6.370105E-06
10383,-1.325337E-06,2.281348E-06,-2.10564E-06,3.375616E-06
10384,0.0002267156,0.001187679,-0.0004401239,0.001286737
10385,-7.610986E-07,2.473327E-08,-3.288943E-07,8.294904E-07
10386,-1.71485E-06,-5.63059E-07,6.599925E-07,1.921805E-06
10387,-1.711544E-06,-3.799643E-08,6.564569E-07,1.833511E-06
10388,1.630343E-07,-7.834646E-08,8.790549E-07,8.97472E-07
10389,-8.019728E-08,4.436055E-07,-3.538728E-07,5.730998E-07
10390,-1.356266E-07,2.563437E-08,-3.906557E-07,4.14323E-07
10391,0.0007812992,-0.000567692,0.0006292112,0.001152653
10392,-0.0008124757,-0.0006319367,-0.003194043,0.003355796
10393,8.666365E-07,-4.023734E-06,-4.201966E-07,4.137398E-06
10394,-4.217763E-07,-5.117156E-06,4.527316E-07,5.15443E-06
10395,3.672133E-07,-1.376446E-05,-8.637898E-09,1.376936E-05
10396,2.447183E-08,-8.239424E-06,-2.223017E-07,8.242459E-06
10397,-2.401341E-06,-1.013927E-05,8.576818E-07,1.045499E-05
10398,-2.218018E-06,-1.150071E-05,-1.531488E-06,1.181234E-05
10399,-3.471623E-06,-1.308019E-06,-5.323989E-08,3.710245E-06
10400,1.585431E-06,2.698494E-06,-2.09942E-07,3.136804E-06
10401,-1.251823E-06,3.052964E-06,5.681145E-07,3.348194E-06
10402,-0.001948566,-0.001539617,-0.0007545199,0.002595501
10403,0.0003530069,0.0004858763,0.001138848,0.001287504
10404,-1.377811E-06,-4.144948E-07,-1.913897E-06,2.394404E-06
10405,-3.401454E-06,9.928831E-08,-1.286142E-06,3.637844E-06
10406,1.887086E-06,-6.716336E-07,1.390214E-06,2.438213E-06
10407,-6.333784E-07,1.225005E-06,-1.269219E-06,1.874225E-06
10408,-6.31177E-07,1.155056E-06,-1.267293E-06,1.827176E-06
10409,-3.103974E-06,3.194158E-07,-4.766008E-07,3.156553E-06
10410,-2.533441E-06,-9.504379E-08,-1.315591E-06,2.856245E-06
10411,1.417447E-06,5.417169E-07,1.592243E-06,2.199511E-06
10412,1.174739E-06,1.481233E-08,-2.558039E-07,1.202359E-06
10413,3.00746E-06,3.912745E-07,5.672177E-05,5.680279E-05
10414,3.007748E-06,-3.558639E-07,5.671671E-05,5.679752E-05
10415,8.525321E-07,2.5012E-05,1.175082E-05,2.764794E-05
10416,8.587652E-07,2.502351E-05,1.17387E-05,2.76534E-05
10417,0.04292674,0.00523094,0.01885214,0.04717489
10418,0.0001734561,0.0003295305,-0.000261381,0.0004549696
10419,1.864526E-06,-7.240156E-06,-6.671368E-07,7.50609E-06
10420,1.923039E-06,2.651288E-06,-2.896151E-07,3.288051E-06
10421,-2.223532E-06,-1.257195E-05,7.330668E-08,1.276728E-05
10422,-1.913036E-07,-6.882142E-06,5.104742E-07,6.903699E-06
10423,1.871053E-06,-7.241432E-06,-6.56357E-07,7.507994E-06
10424,-7.57717E-07,9.255406E-06,-3.395238E-06,9.887583E-06
10425,-1.534729E-06,5.339588E-07,3.853227E-07,1.670024E-06
10426,-3.387679E-06,-8.162485E-06,-1.597795E-06,8.98084E-06
10427,3.622392E-06,-1.260516E-05,1.628165E-06,1.321601E-05
10428,1.369065E-06,-1.484767E-05,-1.749081E-06,1.501289E-05
10429,-0.003254564,-0.002722323,0.009097531,0.01003834
10430,-5.188874E-07,3.331242E-07,-4.295682E-07,7.51495E-07
10431,-9.668923E-07,-8.422096E-07,1.752323E-06,2.171367E-06
10432,-3.251668E-06,2.850009E-08,6.514308E-07,3.316401E-06
10433,-6.24095E-07,-2.787096E-07,-4.835624E-08,6.852094E-07
10434,-3.246598E-06,-9.910453E-07,6.583718E-07,3.457749E-06
10435,-1.802984E-06,-1.259801E-06,2.94788E-07,2.219178E-06
10436,2.219071E-06,9.166804E-07,-7.825759E-07,2.525273E-06
10437,8.830568E-06,-1.882467E-07,-1.004311E-06,8.889489E-06
10438,8.83061E-06,-8.933367E-07,-1.008442E-06,8.932787E-06
10439,-2.077515E-05,1.074277E-06,2.624963E-05,3.349335E-05
10440,-5.822517E-06,-1.757833E-07,3.045844E-06,6.573414E-06
10441,7.574677E-06,-1.836382E-08,-3.020296E-06,8.154646E-06
10442,-2.076454E-05,-6.550871E-07,2.623795E-05,3.346678E-05
10443,-5.811845E-06,1.118619E-06,3.04834E-06,6.657419E-06
10444,-3.232391E-06,8.373666E-06,5.918855E-05,5.986528E-05
10445,-3.173159E-06,8.227536E-06,5.922732E-05,5.988019E-05
10446,0.0001544274,-2.265635E-05,-2.515028E-05,0.0001580938
10447,1.152732E-05,3.311231E-05,1.488589E-06,3.509302E-05
10448,-2.431569E-06,1.4323E-05,9.392611E-06,1.729977E-05
10449,2.034064E-06,1.511693E-05,1.129351E-05,1.8979E-05
10450,-1.346102E-06,5.258887E-06,1.064962E-05,1.195334E-05
10451,0.001179845,-0.001731791,0.008441633,0.008697833
10452,0.0002438223,-0.0001570361,-0.000223719,0.0003662783
10453,3.445773E-06,-2.078079E-05,1.682635E-06,2.113163E-05
10454,2.825017E-06,-5.24507E-07,3.63347E-06,4.63227E-06
10455,-2.313998E-07,-2.482899E-06,-2.145286E-06,3.289466E-06
10456,-2.276759E-06,-1.31675E-06,4.118274E-06,4.886475E-06
10457,2.045665E-06,1.81741E-07,1.950854E-06,2.832598E-06
10458,-3.959327E-06,-6.889424E-06,3.357353E-07,7.953186E-06
10459,1.220885E-06,-4.613536E-06,-7.077835E-06,8.536453E-06
10460,-1.885621E-06,-4.165133E-06,-3.154704E-06,5.554823E-06
10461,1.601734E-06,-6.77263E-06,-7.063379E-07,6.995211E-06
10462,1.53702E-06,-7.578462E-07,1.548896E-06,2.309944E-06
10463,-2.720311E-06,-1.755747E-05,-2.202553E-06,1.790296E-05
10464,-3.543577E-08,2.408586E-06,-4.458508E-07,2.44976E-06
10465,2.343628E-06,1.107493E-05,2.81275E-06,1.16644E-05
10466,0.0001566108,0.0008300701,9.017795E-05,0.0008495147
10467,-0.0009501791,0.0002251579,-8.535859E-06,0.0009765292
10468,2.282747E-06,9.866738E-06,-2.083087E-05,2.316222E-05
10469,-2.121932E-05,2.682685E-05,6.404917E-07,3.421037E-05
10470,-2.121324E-05,2.682265E-05,6.427308E-07,3.420335E-05
10471,-3.595211E-05,5.330118E-05,2.563213E-05,6.921399E-05
10472,-6.520904E-06,1.260173E-05,-1.135079E-06,1.423427E-05
10473,-1.017173E-06,1.752289E-07,3.174478E-07,1.07987E-06
10474,1.465529E-07,-6.532878E-07,1.02743E-06,1.226325E-06
10475,-2.809807E-06,2.811194E-07,-9.04328E-08,2.825282E-06
10476,9.916425E-07,1.481732E-06,-1.323875E-06,2.220705E-06
10477,4.498544E-08,-2.358892E-07,7.253831E-07,7.640995E-07
10478,-1.391202E-06,2.584038E-07,1.305096E-06,1.924966E-06
10479,-7.765138E-09,-2.124596E-07,-3.581637E-07,4.165101E-07
10480,6.688282E-07,3.319465E-07,-1.319296E-06,1.515936E-06
10481,-7.707393E-07,-8.956062E-07,-1.843664E-06,2.189805E-06
10482,-1.985607E-07,8.770057E-07,4.537827E-06,4.626061E-06
10483,-2.007186E-07,8.550834E-07,4.533389E-06,4.617691E-06
10484,9.980625E-07,-4.280931E-07,-6.321111E-06,6.413723E-06
10485,5.682909E-06,8.360381E-07,3.56489E-06,6.760388E-06
10486,3.89644E-05,-6.137761E-06,-2.024466E-05,4.43367E-05
10487,5.755302E-06,7.13105E-07,3.553556E-06,6.801455E-06
10488,9.178659E-07,1.287145E-06,4.63388E-07,1.647407E-06
10489,-1.420399E-07,5.471266E-06,1.408573E-07,5.474922E-06
10490,1.208055E-05,1.049637E-05,3.958847E-07,1.600844E-05
10491,5.556339E-06,2.516572E-05,5.861732E-06,2.643003E-05
10492,5.553964E-06,2.516325E-05,5.873279E-06,2.642974E-05
10493,2.150366E-06,6.782997E-06,4.230896E-06,8.278502E-06
10494,-0.02308946,0.02098923,-0.029975,0.0432686
10495,-0.0002320281,0.0003623607,1.527206E-05,0.0004305526
10496,-2.029964E-06,-1.050097E-05,2.44086E-06,1.097037E-05
10497,-2.035561E-06,-1.050845E-05,2.423497E-06,1.097471E-05
10498,-9.279914E-07,-1.256942E-06,-6.109766E-06,6.306371E-06
10499,2.485484E-06,-5.859746E-06,-1.236854E-06,6.484139E-06
10500,1.720843E-06,3.669902E-06,-1.201496E-07,4.05511E-06
10501,1.739029E-06,-2.09274E-06,-7.422615E-06,7.90563E-06
10502,2.484822E-06,-5.871097E-06,-1.234513E-06,6.4937E-06
10503,4.573906E-07,-5.396832E-06,-1.656703E-06,5.663891E-06
10504,-1.048737E-06,-4.136851E-06,-3.397527E-06,5.454959E-06
10505,-6.945137E-08,-2.148976E-07,-3.261094E-06,3.268905E-06
10506,-2.323383E-06,-7.140647E-06,-6.797258E-07,7.539826E-06
10507,-1.278073E-07,6.477055E-06,-1.503577E-06,6.650513E-06
10508,5.651679E-07,2.258136E-07,-6.165357E-06,6.195323E-06
10509,0.0001572759,0.0002599997,0.0005336112,0.0006140654
10510,-0.002052985,0.002228123,0.002829581,0.004145577
10511,8.180345E-05,7.099769E-05,0.000456008,0.0004686959
10512,-9.193419E-07,-5.511027E-07,-1.757986E-06,2.058985E-06
10513,-4.951926E-07,-5.379658E-07,-3.197043E-06,3.27959E-06
10514,-9.301849E-07,-1.424489E-06,1.362127E-07,1.706741E-06
10515,-9.327664E-07,-1.425205E-06,1.334092E-07,1.708526E-06
10516,-4.99919E-07,-5.420624E-07,-3.19764E-06,3.281563E-06
10517,2.447813E-07,2.993027E-07,-2.162154E-07,4.430001E-07
10518,8.548032E-07,2.906183E-07,-1.934225E-07,9.233416E-07
10519,-7.204559E-07,-1.270968E-06,-3.528135E-07,1.502961E-06
10520,-1.022496E-06,-6.182248E-07,-7.86419E-07,1.430439E-06
10521,3.73177E-05,1.681727E-05,1.890484E-05,4.508685E-05
10522,-4.460701E-08,-7.486778E-07,1.544144E-07,7.657363E-07
10523,5.888502E-07,2.579141E-05,1.56969E-05,3.019828E-05
10524,5.435976E-07,2.571924E-05,1.566819E-05,3.012088E-05
10525,-5.215276E-06,1.256383E-06,1.586014E-06,5.594018E-06
10526,-5.217126E-06,-1.294218E-06,1.586049E-06,5.60437E-06
10527,-1.912783E-06,7.573648E-07,6.512594E-06,6.829804E-06
10528,2.773736E-06,1.821439E-09,-4.553629E-06,5.3319E-06
10529,-1.907912E-06,-1.067453E-06,6.480675E-06,6.839498E-06
10530,-2.509977E-06,-4.349388E-06,5.013569E-05,5.038655E-05
10531,-2.483587E-06,-4.350828E-06,5.008922E-05,5.033912E-05
10532,7.283736E-06,2.284506E-05,7.884612E-06,2.524117E-05
10533,4.852885E-06,-7.676966E-06,-6.032119E-06,1.090288E-05
10534,2.170504E-06,-3.688994E-06,8.375922E-07,4.361345E-06
10535,1.18524E-06,-8.732638E-06,3.995498E-07,8.821758E-06
10536,1.351981E-05,2.10272E-05,1.180027E-06,2.50264E-05
10537,3.198865E-06,-1.106878E-05,2.04308E-06,1.170148E-05
10538,-3.021626E-06,-2.326626E-06,-1.552378E-06,4.117438E-06
10539,4.364667E-06,2.347903E-05,1.269855E-05,2.704752E-05
10540,7.470293E-06,2.343295E-05,3.239257E-06,2.480728E-05
10541,1.392503E-06,2.966529E-05,5.737225E-06,3.024705E-05
10542,8.035692E-06,1.48092E-05,7.074097E-06,1.827369E-05
10543,-0.001558741,0.001310291,0.001995974,0.002851394
10544,0.005038066,0.00588626,-0.00908022,0.01193652
10545,0.005776538,0.003121577,-0.01217181,0.01382988
10546,4.175302E-06,-1.319643E-05,-1.299568E-05,1.898595E-05
10547,2.698071E-06,-1.261203E-05,7.610686E-07,1.291983E-05
10548,-2.034284E-06,3.731667E-06,-1.096723E-05,1.176196E-05
10549,2.095951E-07,-1.213554E-05,1.552125E-06,1.223619E-05
10550,-2.281111E-06,-1.389765E-05,-1.818076E-05,2.299757E-05
10551,3.616237E-07,2.890918E-06,-1.092731E-05,1.130904E-05
10552,-1.784954E-07,2.919326E-06,-1.533514E-05,1.561156E-05
10553,4.176688E-06,-1.319766E-05,-1.299569E-05,1.898712E-05
10554,-5.847035E-06,-3.57887E-06,8.967662E-05,8.993827E-05
10555,-6.678099E-06,1.747826E-05,-7.086536E-06,2.000764E-05
10556,-2.916915E-06,1.356334E-06,-2.191452E-06,3.892364E-06
10557,-1.307735E-05,3.715143E-05,-3.052111E-05,4.982755E-05
10558,-1.091065E-05,4.671724E-06,-1.271875E-05,1.739637E-05
10559,-6.718575E-06,2.424567E-05,-7.599062E-06,2.628188E-05
10560,3.451959E-06,1.419896E-06,-1.417334E-06,3.992613E-06
10561,-1.521656E-06,-1.270285E-05,-1.362907E-06,1.286605E-05
10562,-1.100597E-06,2.669694E-05,3.100359E-06,2.689889E-05
10563,1.584459E-06,-7.142677E-06,4.153719E-07,7.328088E-06
10564,-3.184475E-08,-7.168223E-06,1.103646E-06,7.252756E-06
10565,-1.958757E-07,-1.656982E-06,-7.5034E-07,1.829472E-06
10566,-3.298359E-07,5.806273E-07,-6.929142E-08,6.713576E-07
10567,-8.643327E-07,-2.020162E-06,-2.049643E-07,2.206839E-06
10568,8.918811E-07,-3.102501E-06,2.323514E-06,3.977396E-06
10569,2.20811E-05,0.0003174706,1.883272E-05,0.0003187944
10570,4.565611E-06,-1.419797E-06,1.514511E-06,5.015414E-06
10571,4.568246E-06,-1.518016E-06,1.510132E-06,5.04517E-06
10572,5.313245E-06,1.635379E-05,4.839997E-06,1.786344E-05
10573,5.302717E-06,1.636978E-05,4.844308E-06,1.787612E-05
10574,-6.679034E-06,-2.960237E-06,3.656295E-06,8.169516E-06
10575,-4.697677E-06,-4.993548E-06,4.19689E-06,8.038505E-06
10576,7.323565E-06,-4.990894E-06,5.153356E-06,1.025186E-05
10577,7.333942E-06,-5.005805E-06,5.135843E-06,1.025776E-05
10578,-1.093364E-05,1.22108E-05,2.519219E-05,3.005485E-05
10579,9.316373E-06,-4.25543E-06,7.643537E-06,1.277995E-05
10580,-1.093012E-05,1.217882E-05,2.521376E-05,3.005869E-05
10581,9.297411E-06,-4.249747E-06,7.640117E-06,1.276219E-05
10582,-5.510133E-07,3.738847E-06,5.1812E-06,6.413066E-06
10583,-9.796877E-07,6.104447E-06,-3.714492E-06,7.212594E-06
10584,-9.83122E-07,6.106174E-06,-3.71307E-06,7.213791E-06
10585,-1.466971E-06,7.640068E-06,1.856782E-06,7.998143E-06
10586,5.644188E-07,-1.176154E-06,-3.217855E-06,3.472247E-06
10587,-3.136924E-07,-5.749439E-06,2.351406E-06,6.21961E-06
10588,0.01187513,0.07574306,-0.005138706,0.07684033
10589,0.005579262,0.001598196,0.005889123,0.008268262
10590,-0.1183016,-0.3842624,-0.02040114,0.4025781
10591,-0.01545266,-0.006877127,0.00834984,0.01886265
10592,-0.009941915,-0.02389193,0.00804009,0.02709814
10593,-7.605263E-07,-6.933481E-06,1.528416E-06,7.140562E-06
10594,3.540025E-07,-1.268327E-05,-2.184805E-06,1.287493E-05
10595,1.236296E-06,-1.216792E-05,7.834958E-07,1.225564E-05
10596,-9.604486E-06,7.097129E-05,-1.739104E-05,7.369951E-05
10597,-1.771822E-07,-4.869398E-06,1.194063E-07,4.874084E-06
10598,-8.124924E-07,-6.938934E-06,-4.486132E-07,7.000729E-06
10599,5.288588E-06,4.421408E-06,-3.869957E-06,7.905352E-06
10600,4.867833E-06,-2.984334E-06,-4.115908E-06,7.038661E-06
10601,5.342906E-07,-4.843283E-06,-3.372325E-06,5.925828E-06
10602,-8.06114E-06,-7.006513E-06,5.850954E-06,1.217813E-05
10603,8.071305E-07,-3.615442E-06,-2.571627E-06,4.509561E-06
10604,8.082393E-07,-2.058302E-06,-2.704748E-06,3.49364E-06
10605,-1.760637E-06,-4.478734E-07,4.076238E-07,1.861879E-06
10606,-1.76016E-06,-4.470845E-07,4.109363E-07,1.861966E-06
10607,-1.104125E-05,-4.32684E-06,-3.982362E-06,1.250959E-05
10608,2.933457E-05,-2.412937E-06,3.457741E-06,2.963604E-05
10609,-1.104816E-05,-4.325889E-06,-3.983113E-06,1.251561E-05
10610,4.777858E-07,2.202602E-06,-1.023498E-06,2.475336E-06
10611,-1.908677E-07,-2.091878E-06,8.8618E-07,2.279846E-06
10612,1.037323E-06,3.696826E-07,1.825214E-06,2.131692E-06
10613,-4.570524E-07,4.634961E-06,-2.589088E-06,5.328709E-06
10614,5.894729E-06,2.446501E-06,-8.03032E-07,6.432578E-06
10615,-3.783467E-07,-6.169356E-06,2.940277E-06,6.844657E-06
10616,-3.741713E-07,-6.171038E-06,2.938093E-06,6.845006E-06
10617,-0.04418158,-0.03843013,0.03917958,0.07045513
10618,-6.167239E-07,-2.495555E-06,-1.802445E-06,3.139578E-06
10619,-5.882519E-07,-2.126478E-06,-4.630532E-07,2.254411E-06
10620,-5.652283E-07,5.865567E-07,-6.637625E-07,1.050768E-06
10621,-8.350684E-07,3.201108E-07,3.406978E-07,9.570189E-07
10622,-1.033346E-06,-1.585337E-07,4.4514E-07,1.136259E-06
10623,-1.571089E-07,-8.276247E-07,-6.187784E-07,1.045243E-06
10624,-1.374489E-06,-3.160366E-06,5.539036E-07,3.49055E-06
10625,-1.154692E-05,-2.349743E-06,1.836328E-06,1.19258E-05
10626,-1.905866E-06,-1.789609E-05,-8.374719E-06,1.98504E-05
10627,-1.15446E-05,-2.458743E-06,1.828981E-06,1.194439E-05
10628,-1.23718E-06,-3.15159E-06,5.238909E-07,3.426017E-06
10629,-5.296006E-06,6.172007E-08,-6.072174E-07,5.33106E-06
10630,-3.23587E-06,-6.796143E-07,8.832315E-06,9.430934E-06
10631,-8.595862E-07,-1.080033E-07,1.624956E-06,1.841476E-06
10632,-5.297645E-06,6.246248E-08,-6.06492E-07,5.332614E-06
10633,3.006987E-06,-5.301435E-07,-3.558558E-06,4.688961E-06
10634,3.011301E-06,-5.29794E-07,-3.549525E-06,4.684842E-06
10635,6.337532E-06,-3.766747E-06,1.652663E-06,7.555395E-06
10636,1.109836E-06,-5.470341E-07,-6.541968E-07,1.399627E-06
10637,1.78282E-07,-5.435645E-06,-1.505646E-06,5.643136E-06
10638,3.451433E-06,1.734245E-06,5.34785E-06,6.596931E-06
10639,3.448615E-06,1.739594E-06,5.350413E-06,6.598943E-06
10640,-2.621326E-06,2.356916E-06,2.770347E-07,3.535979E-06
10641,9.942795E-07,-6.662523E-06,2.181277E-07,6.739836E-06
10642,1.735844E-06,-9.704547E-08,1.080004E-06,2.0467E-06
10643,6.97978E-07,2.137155E-06,5.108278E-07,2.305548E-06
10644,1.73498E-06,-9.71092E-08,1.076542E-06,2.044145E-06
10645,-0.002216232,-0.001036354,0.008313523,0.008666047
10646,-0.01303185,-0.0005451211,-0.008824412,0.0157479
10647,-0.006851369,0.0003207384,0.0003477834,0.006867684
10648,-0.00667387,-0.002002367,0.0135883,0.01527062
10649,-1.297696E-06,2.353283E-06,2.61853E-08,2.687497E-06
10650,3.45813E-07,-3.557026E-06,1.589095E-07,3.577327E-06
10651,-3.291668E-07,1.564768E-07,-2.417815E-06,2.445131E-06
10652,1.696426E-07,-1.835407E-06,-1.764136E-06,2.551406E-06
10653,-1.349771E-06,-2.430341E-06,-1.399652E-08,2.780042E-06
10654,-9.869777E-08,-2.437492E-06,8.756281E-07,2.591878E-06
10655,-1.700925E-05,-7.85484E-05,-7.184238E-05,0.0001077984
10656,1.521084E-05,-4.813707E-06,-2.398707E-05,2.880835E-05
10657,-8.03963E-07,-3.704385E-06,-4.619791E-06,5.975893E-06
10658,-3.481228E-05,-5.132594E-06,2.053978E-05,4.074458E-05
10659,9.540382E-06,-3.876162E-06,-2.389239E-05,2.60171E-05
10660,-2.977703E-06,5.275602E-05,-1.10079E-05,5.397443E-05
10661,-2.96148E-06,5.266536E-05,-1.097131E-05,5.387746E-05
10662,3.101953E-06,-1.024696E-06,3.463598E-07,3.28513E-06
10663,2.060831E-06,2.990794E-06,-4.450822E-06,5.74471E-06
10664,-1.420717E-06,5.131963E-07,-2.699886E-06,3.093735E-06
10665,-9.173955E-07,3.331609E-07,-6.119405E-06,6.196752E-06
10666,-3.559429E-06,-6.531189E-07,-3.179534E-06,4.817212E-06
10667,2.260972E-06,1.922216E-06,-2.6636E-06,3.987691E-06
10668,2.258441E-06,1.924216E-06,-2.661116E-06,3.985562E-06
10669,2.138435E-06,-1.028427E-06,-2.232107E-06,3.25774E-06
10670,7.191557E-08,3.122496E-06,-1.391686E-05,1.426303E-05
10671,1.138104E-06,-2.635934E-06,5.297273E-08,2.871626E-06
10672,-7.675112E-07,-1.832834E-06,-6.144358E-06,6.457669E-06
10673,2.23593E-06,5.17772E-06,-3.202406E-06,6.485644E-06
10674,1.962516E-06,-1.258772E-06,-1.102504E-05,1.126888E-05
10675,-2.806675E-06,-6.293464E-07,-2.801069E-06,4.014908E-06
10676,-3.314605E-06,2.069614E-06,-1.190964E-05,1.253433E-05
10677,-1.958128E-06,7.881405E-07,-8.33825E-06,8.60127E-06
10678,-8.338442E-05,-0.0009512492,-0.0007663679,0.001224397
10679,0.004098348,0.003260401,0.01317875,0.01418119
10680,0.0001951208,0.000367544,0.0007051886,0.0008188111
10681,1.174058E-07,5.505975E-07,5.24677E-07,7.695633E-07
10682,1.160474E-07,5.480028E-07,4.411743E-07,7.130279E-07
10683,1.463814E-06,1.543445E-07,3.089095E-08,1.472253E-06
10684,1.466555E-06,1.669119E-07,-6.54015E-07,1.614428E-06
10685,-0.002998196,0.006592717,-0.001830056,0.007470088
10686,-13.07048,12.76262,25.35111,31.24741
10687,-9.352445E-07,-1.720252E-06,7.81525E-07,2.108253E-06
10688,6.538637E-07,-4.058954E-06,8.409377E-07,4.196406E-06
10689,-9.289707E-07,-1.717592E-06,7.784951E-07,2.102181E-06
10690,6.516945E-07,-4.058161E-06,8.499695E-07,4.197121E-06
10691,1.633137E-07,-2.795146E-06,-1.028558E-07,2.801802E-06
10692,6.517124E-07,-2.50602E-06,-2.949839E-07,2.606124E-06
10693,-1.895319E-06,-3.326653E-06,7.27348E-07,3.897165E-06
10694,-1.898462E-06,-3.325374E-06,7.274153E-07,3.897615E-06
10695,-1.758518E-05,1.42566E-05,5.261864E-05,5.728185E-05
10696,-3.056538E-05,9.679969E-06,1.906002E-05,3.729917E-05
10697,-3.972777E-05,8.005965E-06,2.77921E-05,4.914054E-05
10698,-1.61054E-05,4.720056E-06,-6.648855E-05,6.857398E-05
10699,3.027818E-06,-5.133149E-06,-7.074681E-06,9.250298E-06
10700,6.639159E-08,-1.650712E-06,-3.249946E-06,3.645738E-06
10701,-2.986639E-06,-2.701106E-06,2.53449E-06,4.758112E-06
10702,-1.154948E-05,-4.174075E-06,-1.377407E-05,1.845368E-05
10703,6.811688E-06,-1.613074E-05,4.679749E-06,1.812457E-05
10704,1.662678E-06,-6.518859E-07,-8.18796E-06,8.380462E-06
10705,1.661608E-06,-6.552261E-07,-8.188286E-06,8.380829E-06
10706,5.991357E-08,5.751806E-07,-6.527792E-06,6.553357E-06
10707,3.65053E-07,-2.09637E-06,-6.76732E-06,7.093987E-06
10708,9.723165E-07,-3.74618E-07,-7.22663E-06,7.301364E-06
10709,3.643076E-07,-2.092005E-06,-6.767299E-06,7.09264E-06
10710,8.247646E-07,-8.375916E-07,-8.835136E-06,8.912992E-06
10711,1.430472E-06,-2.180025E-06,-8.583082E-06,8.970398E-06
10712,2.1424E-06,2.688446E-08,-8.903933E-06,9.158091E-06
10713,4.182426E-05,5.067479E-05,-9.127327E-06,6.633635E-05
10714,-1.887677E-05,1.510053E-05,-1.25879E-05,2.725461E-05
10715,-0.002594868,-0.06171756,-0.01371842,0.06327706
10716,-0.0002458497,0.001377158,0.0002323777,0.0014181
10717,-9.323799E-07,-3.37536E-06,-9.807187E-07,3.636509E-06
10718,-9.298716E-07,-3.375771E-06,-9.758572E-07,3.63494E-06
10719,-9.303469E-08,-2.40784E-06,2.416196E-07,2.42172E-06
10720,2.710829E-07,-2.402413E-06,1.618369E-07,2.423069E-06
10721,1.924424E-06,4.056581E-05,-1.403294E-05,4.296756E-05
10722,-4.621881E-05,-8.123478E-05,5.181172E-05,0.0001068631
10723,-6.112415E-07,4.804227E-05,-1.458702E-05,5.021169E-05
10724,-1.100338E-05,4.333635E-05,-3.526996E-06,4.485035E-05
10725,-2.978473E-06,-1.568194E-05,3.460285E-06,1.633304E-05
10726,8.758495E-06,-2.376553E-05,1.524325E-05,2.956127E-05
10727,-2.546371E-06,-1.810271E-05,-1.267083E-05,2.22428E-05
10728,9.271785E-06,2.42754E-05,-7.301607E-07,2.599604E-05
10729,-9.12091E-06,-1.937512E-05,-1.403213E-05,2.560248E-05
10730,-0.003000137,-0.0003367876,0.001757625,0.00349335
10731,-0.02495003,-0.0120282,-0.006704051,0.02849782
10732,0.0266887,0.01815292,0.003818472,0.03250224
10733,0.00215945,-0.0025064,0.002394737,0.004084119
10734,-0.0001507104,-2.299233E-06,0.0001218335,0.00019381
10735,0.0001000897,2.460611E-05,-0.0001329648,0.0001682351
10736,-5.868047E-07,-1.295396E-06,-1.772191E-06,2.272235E-06
10737,-8.717154E-07,-2.524789E-06,1.518876E-06,3.072691E-06
10738,-2.270935E-06,-1.216851E-06,-2.665156E-08,2.576544E-06
10739,3.968425E-07,-1.29118E-06,-1.125688E-07,1.355471E-06
10740,1.543256E-06,-9.900115E-07,-7.984788E-07,1.999833E-06
10741,-1.498297E-06,-3.131492E-06,2.088723E-06,4.051407E-06
10742,-1.89939E-07,-8.83647E-07,9.54919E-07,1.31483E-06
10743,2.054647E-06,-1.233968E-06,1.230176E-07,2.399872E-06
10744,2.441004E-05,-3.580625E-05,-5.343109E-05,6.879548E-05
10745,2.327212E-05,-8.524943E-05,-6.587573E-05,0.000110221
10746,-2.099719E-05,-1.640775E-05,4.475082E-05,5.208389E-05
10747,4.589108E-05,-7.44984E-06,-3.948087E-05,6.099369E-05
10748,-5.897269E-05,-4.339583E-05,4.222367E-05,8.452109E-05
10749,8.253202E-06,-1.559093E-05,1.739701E-05,2.477597E-05
10750,3.361637E-06,-1.671129E-05,1.231655E-05,2.10301E-05
10751,-3.406944E-06,3.401328E-05,3.500112E-06,3.43622E-05
10752,2.299828E-06,-1.02482E-05,-6.046237E-07,1.052048E-05
10753,6.178462E-06,-1.876907E-05,2.060985E-06,1.986703E-05
10754,-2.017313E-06,2.389581E-05,-2.049697E-06,2.406825E-05
10755,-2.054296E-06,2.395969E-05,-1.988543E-06,2.412967E-05
10756,-1.388493E-05,-2.334775E-05,4.99686E-07,2.716907E-05
10757,-1.619786E-05,0.0001640262,-4.310509E-05,0.0001703673
10758,-8.149558E-06,-1.004533E-05,1.823333E-05,2.235572E-05
10759,-8.125897E-06,-1.006489E-05,1.823717E-05,2.235903E-05
10760,7.335863E-06,-2.983304E-05,-2.908417E-05,4.230502E-05
10761,0.01927177,-0.01995549,-0.04582441,0.05356771
10762,1.831597E-06,-1.073478E-06,-1.477835E-06,2.586716E-06
10763,1.821938E-06,-1.074111E-06,-1.463714E-06,2.572087E-06
10764,-1.33451E-06,-2.693894E-06,-9.179817E-07,3.143354E-06
10765,-1.33598E-06,-2.693604E-06,-9.171535E-07,3.143488E-06
10766,-2.61339E-06,-6.095904E-07,-1.730887E-06,3.193333E-06
10767,-2.612641E-06,-6.095328E-07,-1.729356E-06,3.19188E-06
10768,3.379628E-07,-2.800093E-07,7.193477E-07,8.426655E-07
10769,3.406483E-07,-2.801606E-07,7.229576E-07,8.468759E-07
10770,-2.006256E-05,-2.300652E-05,2.156459E-05,3.737429E-05
10771,-2.531573E-05,4.009283E-05,2.153408E-06,4.746534E-05
10772,2.277551E-05,-2.999949E-05,1.995535E-05,4.262522E-05
10773,-2.556108E-05,-2.58657E-05,1.039271E-05,3.782078E-05
10774,-1.903252E-05,-3.029569E-05,7.2008E-05,8.040658E-05
10775,8.333319E-07,-9.503439E-06,-1.371455E-05,1.670625E-05
10776,-3.130921E-06,-1.815246E-05,1.621547E-06,1.849173E-05
10777,2.274028E-05,2.844016E-05,-1.456053E-05,3.921698E-05
10778,3.434091E-06,-1.968737E-05,1.974289E-06,2.008191E-05
10779,7.849062E-06,-2.805089E-05,1.662602E-06,2.917575E-05
10780,1.368347E-05,-2.043321E-05,-5.379202E-06,2.517318E-05
10781,-1.418767E-09,-3.76255E-05,-2.574397E-05,4.55898E-05
10782,7.362686E-07,-2.971031E-05,1.351017E-05,3.264612E-05
10783,7.419869E-07,-2.963913E-05,1.355042E-05,3.25982E-05
10784,-5.312743E-06,3.966526E-05,-1.69038E-05,4.344303E-05
10785,-5.316024E-06,3.967079E-05,-1.689572E-05,4.344534E-05
10786,5.103891E-06,3.034362E-05,1.259553E-05,3.324804E-05
10787,5.092554E-06,3.034434E-05,1.260867E-05,3.325194E-05
10788,-0.001505211,-0.005726841,-0.005621771,0.008164966
10789,-3.322817E-06,1.710417E-05,9.166613E-08,1.742418E-05
10790,-2.985825E-05,2.895966E-05,-7.946865E-07,4.160298E-05
10791,2.960837E-07,-6.800854E-06,1.197168E-07,6.808349E-06
10792,-2.983652E-05,2.884637E-05,3.804276E-07,4.150272E-05
10793,-3.320816E-06,1.710511E-05,1.486029E-07,1.742512E-05
10794,-1.254362,-0.2840701,0.3354958,1.329165
10795,1.089351E-06,-4.169118E-06,-2.881673E-08,4.309184E-06
10796,1.090809E-06,-4.168516E-06,-1.58663E-08,4.308902E-06
10797,6.343288E-07,-3.886053E-06,-1.478713E-07,3.94026E-06
10798,6.339542E-07,-3.886067E-06,-1.48225E-07,3.940226E-06
10799,9.93067E-07,-2.339922E-06,2.592614E-06,3.630849E-06
10800,1.189074E-06,-3.372014E-06,-5.728175E-07,3.621117E-06
10801,-8.547941E-06,4.347354E-05,-3.610564E-05,5.715447E-05
10802,-7.366094E-06,-2.179597E-05,-2.91309E-05,3.712052E-05
10803,2.55792E-06,-2.065281E-05,-3.883841E-06,2.116993E-05
10804,-9.676662E-06,-2.253215E-05,1.005082E-06,2.454274E-05
10805,4.284644E-06,-2.781512E-05,-2.459965E-05,3.737889E-05
10806,-1.215254E-05,-1.96188E-05,9.867535E-06,2.50988E-05
10807,2.643324E-05,5.078546E-05,7.187193E-06,5.770212E-05
10808,-1.192847E-05,2.381277E-05,-5.424208E-06,2.718011E-05
10809,2.957858E-05,5.032588E-06,-2.009502E-05,3.611135E-05
10810,-7.549941E-06,-3.313909E-05,-9.825494E-06,3.537996E-05
10811,-3.300987E-05,5.499611E-05,3.717071E-06,6.424983E-05
10812,3.033874E-06,-1.514668E-05,-1.542951E-06,1.55244E-05
10813,2.39952E-05,-3.096157E-05,-3.294603E-05,5.118427E-05
10814,-2.499093E-06,-3.043412E-05,8.747066E-06,3.176464E-05
10815,-0.001053022,0.0001465751,0.0006222739,0.001231894
10816,0.0001968831,-1.819616E-05,-3.611736E-05,0.0002009938
10817,-1.373033E-05,-0.000144349,0.0001027608,0.0001777215
10818,-5.188226E-05,1.184192E-05,1.659528E-05,5.574409E-05
10819,-7.642327E-07,4.424966E-06,-2.821702E-07,4.499333E-06
10820,2.525272E-06,4.931031E-07,-8.297529E-08,2.574303E-06
10821,6.170085E-07,-3.077883E-07,3.252333E-07,7.623712E-07
10822,4.982171E-07,-5.494128E-07,-4.726659E-07,8.794815E-07
10823,7.232924E-07,-8.056198E-07,-1.930643E-06,2.213494E-06
10824,-3.958018E-07,2.54567E-06,-3.797112E-07,2.604089E-06
10825,-2.165737E-06,3.576203E-06,-2.391101E-06,4.816327E-06
10826,3.838714E-05,1.977954E-06,-2.166073E-07,3.843868E-05
10827,2.77691E-05,-8.734886E-06,-1.164875E-05,3.135466E-05
10828,7.946286E-05,-8.276286E-05,-4.856917E-06,0.0001148374
10829,-2.39564E-06,3.010261E-05,-7.44151E-06,3.110116E-05
10830,-0.001722057,0.008869473,0.02949988,0.03085249
10831,-1.108716E-06,-6.827936E-06,1.587303E-06,7.097147E-06
10832,-1.891209E-07,-7.199664E-06,-1.324841E-06,7.322986E-06
10833,-1.087954E-06,-4.146666E-06,1.554061E-06,4.559998E-06
10834,1.306939E-06,-6.289037E-06,1.262098E-06,6.546218E-06
10835,-1.08861E-06,-4.146509E-06,1.557354E-06,4.561135E-06
10836,-1.107727E-06,-6.825931E-06,1.599713E-06,7.09785E-06
10837,-1.724733E-05,-4.962633E-05,-1.534195E-05,5.473225E-05
10838,1.39022E-05,-9.653205E-06,1.777915E-05,2.454697E-05
10839,-3.656336E-05,-1.479069E-05,7.7036E-06,4.018693E-05
10840,-0.0001044974,-1.228081E-05,-8.134654E-05,0.0001329954
10841,7.600824E-06,-3.980504E-05,-1.260287E-05,4.243873E-05
10842,-1.241253E-05,-2.654893E-05,5.025696E-06,2.973507E-05
10843,1.193817E-05,-5.401941E-05,-4.061549E-06,5.547173E-05
10844,-2.747624E-05,7.655536E-05,2.133138E-05,8.408743E-05
10845,1.551763E-05,-3.339611E-05,-2.722287E-05,4.579499E-05
10846,-0.0002767556,-0.0006896999,0.001200484,0.001411893
10847,-6.072507E-05,-4.541513E-05,2.984534E-05,8.149118E-05
10848,2.247502E-05,6.120183E-05,-1.387947E-05,6.665906E-05
10849,9.342861E-05,-1.840957E-05,-6.928926E-05,0.000117766
10850,0.01986998,-0.0006222054,-0.02243589,0.02997619
10851,-0.702556,0.2985523,-0.218462,0.794005
10852,2.957302E-06,-5.196906E-06,-2.977631E-07,5.986829E-06
10853,3.152354E-06,-6.505243E-06,1.864891E-06,7.465476E-06
10854,2.957305E-06,-5.197095E-06,-3.077583E-07,5.987501E-06
10855,-1.156557E-06,-6.327546E-06,2.761409E-06,7.000061E-06
10856,2.492002E-06,-4.380672E-06,-4.693437E-06,6.88685E-06
10857,2.490898E-06,-4.380684E-06,-4.68605E-06,6.881427E-06
10858,-1.155525E-06,-6.327298E-06,2.760799E-06,6.999425E-06
10859,-5.127101E-07,-5.064364E-06,5.050254E-06,7.170475E-06
10860,-5.114803E-07,-5.064451E-06,5.048929E-06,7.169516E-06
10861,-2.304048E-05,-7.091688E-06,3.085554E-05,3.915636E-05
10862,-3.858812E-05,-3.125269E-05,8.882794E-05,0.0001017653
10863,-6.412152E-05,-1.339228E-06,3.427902E-06,6.422705E-05
10864,-6.677109E-05,-1.636852E-05,-0.0001287706,0.0001459732
10865,3.605725E-05,-0.0001256466,-6.134319E-05,0.0001443959
10866,0.0001281674,-5.321616E-05,-2.909944E-06,0.0001388068
10867,-1.009701E-05,2.005101E-05,7.041655E-06,2.352823E-05
10868,-1.009667E-05,2.004617E-05,7.047992E-06,2.352586E-05
10869,-0.0004306503,0.0001428005,-0.0002989774,0.0005433591
10870,0.0001645406,0.0002813458,0.0002191389,0.000392748
10871,-0.0003710043,0.001226422,4.479642E-05,0.001282093
10872,0.001583981,0.006282714,-0.003992611,0.007610679
10873,-1.549294E-05,-3.896521E-06,-7.675333E-06,1.772356E-05
10874,-1.486944E-05,-6.102391E-06,-5.515611E-06,1.699298E-05
10875,0.01690073,-0.005290583,-0.01060824,0.02064364
10876,0.04386251,0.3012587,-1.377822,1.411054
10877,1.309994E-05,-6.361997E-06,-1.729615E-05,2.261063E-05
10878,5.905146E-06,-6.32301E-06,3.921612E-07,8.660542E-06
10879,1.310033E-05,-6.362178E-06,-1.729872E-05,2.261287E-05
10880,-0.0001761224,0.0002795102,5.885409E-05,0.0003355725
10881,-3.228456E-05,-2.504212E-05,-5.083648E-08,4.085833E-05
10882,-9.593184E-06,-1.009683E-05,6.005699E-06,1.516719E-05
10883,-6.566363E-05,0.0001498799,1.873896E-05,0.0001647023
10884,0.0004392891,-0.0001709858,0.0002031623,0.0005133089
10885,-0.0001101354,-0.0001982691,0.0001797795,0.0002894151
10886,-1.495184E-05,1.033712E-05,-1.117096E-06,1.821158E-05
10887,-8.832849E-06,8.511116E-06,4.867977E-06,1.31968E-05
10888,-1.497042E-05,1.033642E-05,-1.095198E-06,1.822511E-05
10889,7.213163E-06,2.607489E-06,-2.932516E-06,8.211478E-06
10890,-8.53738E-06,2.317283E-05,9.256074E-06,2.637313E-05
10891,-8.835469E-06,8.518327E-06,4.870977E-06,1.320431E-05
10892,-8.526481E-06,2.317636E-05,9.245756E-06,2.636909E-05
10893,-0.0002340892,0.0003269433,0.0003959392,0.0005643204
10894,0.003887644,-0.00160622,0.002086864,0.004695606
10895,0.0006094986,0.001263379,0.0001029627,0.001406491
10896,0.02870196,0.06884862,0.08476023,0.1129081
10897,-6.913867E-06,-2.439542E-06,-1.907927E-06,7.575823E-06
10898,-3.560963E-06,-2.206071E-06,-3.058552E-06,5.186709E-06
10899,-2.672788E-06,-2.073548E-06,-2.173413E-06,4.020836E-06
10900,4.35749E-06,-1.644324E-06,1.215597E-05,1.301765E-05
10901,-5.48247E-06,-5.029394E-06,2.690911E-06,7.911592E-06
10902,-8.576583E-06,-2.2596E-06,2.122686E-05,2.300529E-05
10903,-3.39179E-06,2.05286E-05,7.819259E-06,2.222765E-05
10904,-1.336909E-05,7.058487E-06,-3.683344E-06,1.556026E-05
10905,-6.914161E-06,-2.438692E-06,-1.895379E-06,7.572668E-06
10906,4.360068E-06,-1.644297E-06,1.215376E-05,1.301644E-05
10907,4.483568E-06,-1.838784E-06,-3.781955E-07,4.860714E-06
10908,7.498745E-06,-2.355528E-06,-7.249628E-06,1.069284E-05
10909,-3.552792E-06,-1.927986E-06,1.677946E-06,4.376639E-06
10910,1.137707E-06,-3.85911E-06,-1.847675E-05,1.890972E-05
10911,-3.713357E-06,-5.27678E-06,1.16944E-05,1.335636E-05
10912,-1.677536E-05,-1.943158E-05,2.952129E-06,2.584016E-05
10913,-1.050265E-05,-1.954808E-05,4.291842E-05,4.831588E-05
10914,5.881894E-07,-1.949416E-05,2.459089E-06,1.965745E-05
10915,4.887278E-06,9.21403E-05,2.963617E-05,9.691244E-05
10916,-9.486961E-06,-2.607048E-05,9.422306E-06,2.929936E-05
10917,-2.070186E-06,-3.320072E-05,-1.663549E-05,3.719292E-05
10918,-9.791629E-06,-1.546348E-05,1.080443E-05,2.125396E-05
10919,-1.097786E-05,7.647424E-06,-1.497149E-08,1.337897E-05
10920,-0.0001542518,-0.0001548343,0.0002113912,0.0003040617
10921,-7.897824E-05,-0.0002820891,-1.486533E-05,0.0002933135
10922,-0.0002124472,-0.0001478956,-7.870124E-06,0.0002589766
10923,-6.507289E-07,4.008605E-06,-2.216892E-06,4.626767E-06
10924,-8.358638E-07,-1.501162E-05,-2.83568E-06,1.529995E-05
10925,-8.174961E-06,2.219822E-06,1.038721E-05,1.340343E-05
10926,-8.475519E-06,4.289995E-06,1.067984E-05,1.429327E-05
10927,-6.54388E-07,4.013977E-06,-2.219355E-06,4.633117E-06
10928,-1.881353E-05,1.420238E-05,-2.55449E-06,2.371037E-05
10929,-1.881231E-05,1.421524E-05,-2.556574E-06,2.371734E-05
10930,-4.461178E-06,2.257411E-07,1.008215E-06,4.579254E-06
10931,-1.030702E-06,-9.010936E-06,-3.903026E-06,9.873851E-06
10932,2.066364E-06,4.476922E-06,3.224211E-06,5.891369E-06
10933,2.067551E-06,4.473397E-06,3.221849E-06,5.887814E-06
10934,0.0001557448,0.0001295953,8.97384E-05,0.000221595
10935,-2.111989E-05,-8.026131E-06,-3.714337E-05,4.347526E-05
10936,-2.085662E-05,-8.042156E-06,-3.690761E-05,4.314912E-05
10937,0.0003206107,0.0004596396,-0.000311069,0.0006409553
10938,-0.001320493,-0.0004352637,0.0008191214,0.001613727
10939,2.655658E-06,-4.867608E-06,-1.289644E-07,5.546419E-06
10940,-2.045764E-06,8.20958E-07,9.837165E-08,2.206536E-06
10941,-1.057366E-05,1.388536E-06,1.570934E-06,1.077952E-05
10942,-1.776772E-05,1.282009E-05,-2.531956E-07,2.191143E-05
10943,-9.233264E-06,3.302926E-06,-6.7844E-07,9.829688E-06
10944,-1.777028E-05,1.282021E-05,-2.567724E-07,2.191362E-05
10945,-3.369917E-05,5.198259E-05,-4.791949E-05,7.83205E-05
10946,0.0004539938,0.0004794094,-0.0003662236,0.0007550255
10947,9.326911E-05,2.835714E-05,0.0001518161,0.00018042
10948,2.14594E-05,-5.354408E-06,1.914359E-05,2.925154E-05
10949,1.497688E-05,-1.666697E-05,-3.576047E-05,4.220078E-05
10950,-1.217383E-05,-1.108835E-05,1.213393E-06,1.651139E-05
10951,-5.237045E-05,0.0001510869,-1.105346E-05,0.0001602875
10952,-3.875676E-06,5.501505E-05,-5.583532E-06,5.543332E-05
10953,-3.112654E-05,4.99879E-05,2.197485E-06,5.892776E-05
10954,-6.131861E-05,-0.000124832,-6.02904E-05,0.0001515847
10955,1.963955E-05,-4.386399E-05,-6.212835E-05,7.85474E-05
10956,-5.020996E-06,-3.842696E-05,-2.737575E-05,4.744758E-05
10957,0.0001334314,-6.171427E-05,0.000124679,0.0001927627
10958,2.020766E-05,-0.0002323974,-6.481727E-05,0.0002421119
10959,-0.0008064593,-0.0005722254,-0.0004131001,0.001071667
10960,-1.714999E-06,6.9754E-06,2.84295E-06,7.72527E-06
10961,-2.41503E-07,-3.817498E-06,-6.150716E-07,3.874265E-06
10962,5.148549E-06,5.678493E-06,-3.108628E-06,8.271421E-06
10963,-4.327901E-06,3.065752E-06,4.906378E-06,7.225103E-06
10964,-4.331591E-06,3.065837E-06,4.905175E-06,7.226533E-06
10965,-6.615217E-06,1.122175E-05,-2.356723E-07,1.30286E-05
10966,-5.048813E-07,6.665243E-06,-1.760737E-06,6.912349E-06
10967,0.01191701,-0.01453936,-0.004233019,0.01926984
10968,0.004083784,0.0004375046,-0.00633998,0.007554075
10969,0.0006476011,0.001227526,-0.0009037853,0.001656211
10970,0.0004718155,0.0004072232,-2.618596E-05,0.0006237999
10971,2.289629E-05,9.952729E-05,8.287874E-05,0.0001315249
10972,2.619635E-06,-7.307602E-06,-4.340013E-06,8.893775E-06
10973,-3.771528E-06,-4.16039E-06,-2.875517E-06,6.308872E-06
10974,2.304945E-05,-6.61091E-06,8.058332E-06,2.52966E-05
10975,-3.528832E-06,-7.380656E-06,-3.967705E-06,9.092273E-06
10976,1.489771E-05,-5.84602E-06,4.263475E-06,1.656185E-05
10977,-3.775311E-06,-4.159936E-06,-2.86423E-06,6.3057E-06
10978,5.972957E-08,-5.123942E-06,-3.08541E-07,5.133571E-06
10979,6.687774E-06,-6.787828E-06,1.88534E-05,2.112467E-05
10980,-4.952375E-06,-5.526381E-06,-2.094795E-06,7.710712E-06
10981,-4.080586E-06,-5.838307E-06,-3.495053E-06,7.934255E-06
10982,-1.920032E-05,-8.13353E-05,6.480082E-08,8.357086E-05
10983,7.811017E-06,8.499869E-05,2.550656E-05,8.908633E-05
10984,-0.0003993315,-0.0003310074,-0.0007757776,0.0009332001
10985,-1.818093E-05,2.568049E-05,-8.642577E-05,9.197526E-05
10986,-0.0004725879,0.002094757,-0.001251514,0.002485485
10987,-9.148516E-05,0.0004247525,-5.824102E-05,0.0004383791
10988,-0.0002538693,-0.0001460621,-0.0001068125,0.0003117574
10989,4.944818E-05,-0.0001372991,0.0001670612,0.0002218234
10990,-7.25287E-07,-2.20815E-07,8.883421E-07,1.167884E-06
10991,-6.378579E-06,-5.057611E-06,4.68835E-07,8.153865E-06
10992,-4.179899E-06,3.18718E-06,-1.6845E-06,5.519711E-06
10993,2.85582E-07,-2.639163E-06,2.343325E-06,3.540891E-06
10994,-4.196554E-06,3.576724E-06,-1.008468E-07,5.514906E-06
10995,2.23089E-07,-3.624584E-06,1.395425E-07,3.634123E-06
10996,-0.0001278325,5.312723E-05,-0.005485767,0.005487513
10997,0.0004482686,0.003692718,0.001478828,0.004003004
10998,-0.01062887,0.003790456,0.003501198,0.01181519
10999,5.123378E-05,-3.987079E-05,-5.612781E-05,8.581905E-05
11000,0.0001116111,0.000395858,0.0001569767,0.0004402298
11001,-0.00274431,0.00201455,0.001100121,0.003577697
11002,-1.440608E-06,-6.729388E-06,-3.143728E-06,7.565913E-06
11003,-2.447578E-06,-6.271868E-06,-1.271739E-06,6.851591E-06
11004,-3.035311E-06,-7.225779E-06,1.02728E-06,7.904448E-06
11005,-5.465409E-07,-7.136021E-06,2.013999E-06,7.434897E-06
11006,-1.55268E-06,-6.817099E-06,1.307049E-06,7.112807E-06
11007,1.719753E-06,-7.808682E-06,4.23517E-07,8.007024E-06
11008,-9.696802E-05,-8.169887E-05,0.0001457645,0.0001931963
11009,0.0001196632,0.0002679356,-0.0001999256,0.000355076
11010,-9.643831E-05,-0.0002491939,0.0001997763,0.0003336293
11011,5.585275E-05,0.0001081052,-0.0001846819,0.0002211643
11012,5.167084E-05,-0.0002536381,-4.376921E-05,0.0002625222
11013,-0.0001327947,-5.403113E-05,2.331876E-05,0.00014525
11014,0.0001322747,0.0006509158,0.0001953727,0.0006923573
11015,0,0,0,0
11016,-8.370724E-07,2.222328E-06,2.319147E-07,2.386046E-06
11017,4.847013E-06,-1.633768E-06,-3.802246E-06,6.373367E-06
11018,1.294484E-06,7.898826E-06,-3.047488E-06,8.564713E-06
11019,1.02944E-06,-9.080676E-06,-5.270024E-07,9.154024E-06
11020,-5.039544E-06,-4.332457E-06,-3.759088E-07,6.656463E-06
11021,4.848016E-06,-1.644922E-06,-3.80793E-06,6.380389E-06
11022,-5.078145E-07,3.496094E-06,-2.620387E-06,4.39852E-06
11023,-2.286089E-07,-2.63436E-06,4.934503E-06,5.598342E-06
11024,4.032308E-06,6.028753E-06,-2.198056E-06,7.578708E-06
11025,-2.510926E-05,0.0002043632,0.0005638807,0.0006002968
11026,0.003202447,-0.02775312,-0.002586372,0.02805674
11027,-0.01751417,-0.0108659,0.0124126,0.02406006
11028,4.287881E-05,0.0004325785,-0.0001476455,0.0004590882
11029,-2.589469E-07,-6.317706E-06,2.943374E-07,6.329858E-06
11030,-1.207474E-06,-9.945016E-06,-2.082333E-06,1.023218E-05
11031,4.155426E-07,-6.234465E-06,9.616306E-07,6.321864E-06
11032,1.873153E-07,-7.620658E-06,-2.957835E-06,8.176693E-06
11033,-3.659698E-07,-6.320698E-06,-4.730863E-07,6.348934E-06
11034,-1.929618E-06,-9.615228E-06,-2.833472E-06,1.020807E-05
11035,-8.341963E-05,-8.846795E-05,3.283077E-05,0.0001259495
11036,-1.27956E-05,3.07492E-05,9.554952E-06,3.464878E-05
11037,-1.542876E-05,3.160512E-05,9.660148E-06,3.647258E-05
11038,-2.901027E-05,-1.82302E-05,1.096919E-05,3.597581E-05
11039,6.538246E-06,-3.014347E-05,3.927567E-06,3.109346E-05
11040,6.838465E-06,-2.062055E-05,1.682327E-05,2.747715E-05
11041,-2.08607E-05,-1.486748E-05,3.030929E-05,3.968455E-05
11042,0.0001612501,-3.117916E-05,3.39697E-06,0.000164272
11043,-0.0005442498,-0.0001091008,-0.0001833879,0.000584587
11044,1.655901E-05,-6.894489E-05,8.576127E-05,0.0001112771
11045,-0.667423,-0.1247428,0.6059395,0.9100422
11046,-3.174056E-06,6.634916E-06,2.534023E-06,7.779332E-06
11047,-6.266751E-06,-3.68485E-06,-2.076772E-06,7.560639E-06
11048,-6.266107E-06,-3.686031E-06,-2.079882E-06,7.561537E-06
11049,9.767398E-07,6.947211E-06,5.793793E-07,7.03942E-06
11050,2.961943E-06,-5.296466E-06,-3.713047E-06,7.114237E-06
11051,6.716527E-08,7.637908E-06,-6.70692E-06,1.016489E-05
11052,7.571172E-08,7.636037E-06,-6.705513E-06,1.016261E-05
11053,4.215018E-06,5.162772E-06,-1.128492E-06,6.75974E-06
11054,9.78947E-07,6.941825E-06,5.802258E-07,7.034482E-06
11055,4.235409E-05,3.189208E-05,-5.008709E-06,5.325468E-05
11056,-1.717136E-05,0.0009788772,-0.0006984524,0.001202635
11057,-4.578477E-06,0.0001586435,6.066133E-05,0.0001699073
11058,-2.651043E-05,-4.792669E-05,-1.086487E-05,5.58374E-05
11059,-0.01257806,-0.004038194,-0.009629039,0.01634726
11060,0.0009918085,-0.005623998,-0.002137482,0.006097694
11061,-0.001424497,0.001473441,0.0012677,0.00240983
11062,0.004168593,0.0007194746,0.002331377,0.004830128
11063,-0.002197714,0.0005614579,-0.0006249716,0.002352822
11064,0.002673866,0.0007756177,-0.0008902597,0.002922961
11065,-1.649739E-06,-6.227096E-06,-6.679728E-06,9.279932E-06
11066,8.09561E-07,-9.75814E-06,3.062311E-06,1.025936E-05
11067,-7.613993E-07,-1.166825E-05,-7.667851E-06,1.398298E-05
11068,-1.246193E-06,-1.015675E-05,5.679893E-07,1.024866E-05
11069,-9.744008E-07,-8.606947E-06,2.828616E-06,9.112083E-06
11070,-1.651242E-06,-6.228089E-06,-6.677713E-06,9.279415E-06
11071,-2.7533E-07,-1.045099E-05,-9.61518E-07,1.049874E-05
11072,-2.606587E-06,-8.865124E-06,-2.89907E-06,9.684489E-06
11073,7.800882E-07,-1.020815E-05,1.790209E-06,1.039326E-05
11074,-2.551115E-05,1.424658E-05,1.293771E-05,3.195573E-05
11075,-1.677372E-05,-3.948886E-05,-3.558462E-05,5.574041E-05
11076,-3.403693E-05,-7.016492E-05,6.54723E-06,7.825915E-05
11077,2.18476E-07,-4.211274E-05,3.545778E-06,4.226231E-05
11078,7.601918E-06,2.314245E-05,2.172839E-05,3.264177E-05
11079,-1.715533E-05,1.260499E-05,1.3466E-05,2.518977E-05
11080,-1.277713E-07,-2.008519E-05,3.264268E-05,3.832722E-05
11081,1.119934E-05,3.631136E-05,4.052031E-05,5.55503E-05
11082,-1.939722E-05,1.623782E-05,2.461508E-06,2.54161E-05
11083,-2.087138E-05,-4.004164E-05,3.35696E-05,5.626603E-05
11084,-0.0001826129,-0.0001373733,0.0001399081,0.0002679425
11085,1.153108E-05,-2.386461E-05,2.342833E-05,3.537473E-05
11086,-9.487166E-06,-1.363856E-05,2.80222E-07,1.661611E-05
11087,6.603485E-06,5.202315E-06,-1.879892E-07,8.408652E-06
11088,-2.544892E-06,-5.578075E-06,2.750542E-07,6.137349E-06
11089,-9.497226E-06,-1.365911E-05,-1.03963E-07,1.663669E-05
11090,-2.54318E-06,-5.578344E-06,2.584864E-07,6.136163E-06
11091,6.625323E-06,5.20972E-06,4.602589E-07,8.440848E-06
11092,0.1355945,0.1274692,0.02705616,0.1880593
11093,-1.437637E-06,7.67293E-06,-9.738487E-07,7.866959E-06
11094,1.440508E-06,7.199229E-06,1.652507E-06,7.525605E-06
11095,1.128851E-06,-1.841554E-06,-4.473346E-06,4.96754E-06
11096,-1.273256E-06,-1.43762E-05,7.257987E-07,1.445071E-05
11097,1.43681E-06,7.191338E-06,1.650025E-06,7.516804E-06
11098,3.527999E-06,-1.037227E-05,5.354198E-06,1.219418E-05
11099,1.933245E-06,1.638176E-05,2.842992E-06,1.673864E-05
11100,0.0004397156,-4.880451E-05,-0.000114616,0.0004570213
11101,-9.572585E-05,0.0002182897,5.109366E-05,0.0002437712
11102,-5.677007E-05,-5.19363E-05,0.000164796,0.0001818734
11103,-1.021254E-05,3.737428E-05,-2.228946E-05,4.469847E-05
11104,-6.129551E-05,-2.443452E-05,-4.137059E-05,7.788268E-05
11105,-0.01137883,0.07950331,0.0676948,0.1050373
11106,-1.460596E-05,3.17185E-06,9.220048E-06,1.756144E-05
11107,-1.460013E-05,3.17277E-06,9.211635E-06,1.755234E-05
11108,0.003738656,0.0007100531,0.0064945,0.007527301
11109,0.001436335,0.009558002,-0.007102765,0.01199449
11110,-0.001151467,0.0008022477,-0.001345097,0.001943904
11111,-0.02758469,0.009944281,0.04822383,0.05643884
11112,3.80529E-07,-5.154075E-06,-6.997441E-06,8.69905E-06
11113,-1.767635E-06,-5.629287E-06,-6.915777E-06,9.090731E-06
11114,-1.750163E-06,-5.628401E-06,-6.914983E-06,9.086196E-06
11115,3.785106E-07,-5.154157E-06,-6.997191E-06,8.69881E-06
11116,3.436179E-05,-2.624971E-05,3.03596E-05,5.283451E-05
11117,-2.28704E-05,-3.324178E-05,-3.146121E-05,5.116521E-05
11118,-7.161113E-06,1.373488E-05,2.717728E-05,3.128151E-05
11119,-5.920709E-06,-3.687334E-06,-5.833606E-05,5.875157E-05
11120,-4.560063E-06,3.362382E-06,2.010862E-05,2.089154E-05
11121,-2.284807E-05,-3.325196E-05,-3.146926E-05,5.11668E-05
11122,9.662909E-07,-8.011222E-06,-1.14781E-05,1.403069E-05
11123,2.150203E-07,1.278592E-06,-6.606867E-06,6.732883E-06
11124,-6.809903E-06,1.848564E-05,2.034847E-05,2.832232E-05
11125,-8.123254E-06,2.725526E-05,-2.743374E-05,3.951514E-05
11126,-7.397967E-07,-7.817456E-06,-1.073489E-05,1.330029E-05
11127,-5.160776E-07,-9.926138E-06,-8.689371E-06,1.320226E-05
11128,1.664742E-06,-1.060562E-05,-6.384571E-06,1.249053E-05
11129,-3.663423E-07,-7.297113E-07,-1.09316E-05,1.096205E-05
11130,6.375198E-08,-1.090625E-05,1.258075E-05,1.66501E-05
11131,1.575291E-06,-9.014312E-06,-1.149992E-05,1.469651E-05
11132,2.153079E-06,8.017068E-06,5.863082E-06,1.016292E-05
11133,7.988654E-06,8.159745E-07,3.097448E-06,8.606892E-06
11134,-1.020757E-07,-1.124737E-06,1.343818E-06,1.755363E-06
11135,1.422766E-06,2.434416E-06,-6.726581E-06,7.293664E-06
11136,5.165341E-06,-8.141949E-06,-1.680277E-06,9.787513E-06
11137,-1.028416E-07,-1.098133E-06,1.35531E-06,1.74738E-06
11138,-3.28115E-06,2.758782E-06,3.492165E-06,5.529199E-06
11139,-3.283842E-06,2.765168E-06,3.490378E-06,5.532857E-06
11140,7.197198E-06,-8.669616E-06,-1.457669E-06,1.136163E-05
11141,1.427965E-06,2.433768E-06,-6.729073E-06,7.296762E-06
11142,-9.218893E-05,-0.000111344,-1.018313E-05,0.0001449137
11143,-7.064931E-05,-9.299498E-05,4.625649E-05,0.0001256147
11144,0.009209753,-0.005528343,-0.009872498,0.01458932
11145,0.007010673,0.003436982,-0.000247061,0.007811749
11146,-1.695175E-05,1.061817E-05,4.356109E-06,2.047151E-05
11147,-1.695251E-05,1.061029E-05,4.356847E-06,2.046822E-05
11148,-1.899919E-06,5.707163E-06,-1.234131E-06,6.140398E-06
11149,-0.001019171,-0.002303337,-0.001090524,0.002744688
11150,-0.0004630181,0.004124565,0.00119912,0.004320221
11151,0.02249882,0.03311406,-0.01404509,0.04242643
11152,1.95805E-06,7.040418E-06,-3.325205E-08,7.307705E-06
11153,2.341433E-06,-2.701527E-06,-3.843652E-06,5.249211E-06
11154,8.486792E-07,1.258433E-07,-9.003082E-07,1.243643E-06
11155,-2.006683E-07,-3.682526E-06,3.572661E-06,5.134702E-06
11156,-1.908469E-06,-1.476172E-06,4.620519E-06,5.212537E-06
11157,-7.777761E-07,2.656171E-06,4.482711E-06,5.268289E-06
11158,3.866063E-06,2.413695E-06,4.150183E-06,6.16412E-06
11159,-0.000141754,-2.940808E-07,7.552614E-05,0.0001606191
11160,-5.980764E-06,-6.325017E-05,5.855476E-06,6.380157E-05
11161,-5.305612E-07,-1.497396E-05,-3.274448E-06,1.533699E-05
11162,2.260436E-06,-1.631049E-07,2.421052E-06,3.316273E-06
11163,-2.539448E-05,2.400395E-05,-1.116773E-06,3.496164E-05
11164,-1.390995E-06,1.148886E-06,-9.682986E-06,9.849621E-06
11165,8.918709E-06,-8.432013E-06,-1.097956E-05,1.646794E-05
11166,-1.659561E-05,1.327996E-05,1.193142E-05,2.437479E-05
11167,-2.115137E-05,6.936515E-06,2.072266E-05,3.041257E-05
11168,-2.114339E-05,6.9298E-06,2.072821E-05,3.040927E-05
11169,-1.660417E-05,1.323306E-05,1.191664E-05,2.434787E-05
11170,-2.547913E-06,3.355901E-06,3.251223E-06,5.322066E-06
11171,-2.549258E-06,3.357698E-06,3.247859E-06,5.321789E-06
11172,-0.003065947,-0.0003979895,-0.001054542,0.003266571
11173,0.0137257,-0.03552049,0.0122741,0.04000942
11174,-4.556414E-09,2.867414E-06,-5.331355E-06,6.053547E-06
11175,2.878789E-06,7.033879E-07,3.500116E-06,4.586174E-06
11176,6.882413E-06,4.079375E-06,4.58099E-06,9.21924E-06
11177,2.054948E-07,4.859551E-06,1.399416E-06,5.061208E-06
11178,-1.631242E-07,-1.210149E-06,2.771564E-06,3.028637E-06
11179,-2.614279E-06,-6.933361E-07,2.065693E-06,3.403271E-06
11180,1.644101E-06,1.241735E-06,5.339634E-07,2.128401E-06
11181,1.114315E-07,1.376055E-06,5.301109E-07,1.478838E-06
11182,-7.232863E-07,-3.483649E-06,1.436754E-06,3.837084E-06
11183,-5.410207E-07,-1.961977E-06,3.625108E-06,4.157338E-06
11184,4.279477E-05,5.800764E-05,0.0001235298,0.0001430241
11185,-3.990067E-06,1.565577E-05,-1.074424E-05,1.940264E-05
11186,2.407462E-05,1.92551E-05,-4.361964E-05,5.341366E-05
11187,1.794724E-05,-2.056407E-06,-1.310122E-06,1.811211E-05
11188,-2.946541E-07,1.193816E-05,-3.230673E-05,3.444316E-05
11189,0.005291157,0.01649054,-0.007604494,0.01891462
11190,0.001981187,0.001828347,-3.531375E-05,0.002696146
11191,-0.0001288107,8.866317E-05,0.00017051,0.000231359
11192,2.290016E-06,-2.704557E-06,-1.830878E-06,3.988849E-06
11193,-1.484325E-05,1.554222E-06,8.225372E-07,1.494705E-05
11194,-3.876542E-06,-4.945241E-06,3.101357E-06,7.007239E-06
11195,-1.304587E-05,1.148181E-05,-6.76661E-06,1.864977E-05
11196,5.1315E-06,4.817169E-06,2.487579E-06,7.464949E-06
11197,-5.248551E-06,-1.084554E-06,2.831322E-06,6.061347E-06
11198,-3.588933E-06,4.386987E-06,-6.568197E-06,8.675674E-06
11199,-2.756467E-05,-3.197326E-05,5.540852E-05,6.965777E-05
11200,-0.0001793944,-0.0001084587,-0.0002718558,0.0003432947
11201,0.02247778,-0.004730993,-0.01603163,0.02801153
11202,0.0005447285,0.002788304,-0.0002299007,0.002850302
11203,2.290481E-06,2.819739E-06,-9.311009E-06,9.994605E-06
11204,-1.318711E-06,-4.504772E-06,-6.712444E-06,8.19078E-06
11205,-2.437776E-06,1.689614E-06,-7.684161E-07,3.063986E-06
11206,2.818035E-06,-3.458761E-06,-7.218381E-06,8.485834E-06
11207,-3.283805E-06,-8.958595E-09,-3.298523E-06,4.654429E-06
11208,-4.407884E-06,1.871892E-06,-3.323464E-07,4.800404E-06
11209,-4.406489E-06,1.885534E-06,-3.227357E-07,4.803805E-06
11210,3.736219E-06,1.375973E-07,3.460408E-06,5.094378E-06
11211,1.00624E-05,-2.354281E-06,-6.250611E-06,1.207744E-05
11212,-1.315072E-06,-4.503487E-06,-6.719598E-06,8.195352E-06
11213,-3.292451E-06,-1.817001E-06,-2.480945E-06,4.505199E-06
11214,1.006151E-05,-2.354904E-06,-6.251324E-06,1.20772E-05
11215,2.264124E-06,1.614321E-06,-4.871048E-06,5.608868E-06
11216,1.303483E-05,-9.826702E-05,4.770422E-06,9.924248E-05
11217,5.734194E-06,-1.628469E-05,2.180284E-05,2.781072E-05
11218,-5.777234E-05,1.972591E-05,2.6453E-05,6.653207E-05
11219,0.003740863,1.183268E-05,-0.005262318,0.006456484
11220,2.498871E-05,-3.23164E-05,-6.153177E-05,7.385759E-05
11221,-4.43237E-05,3.530253E-05,3.98928E-07,5.666584E-05
11222,-1.658658E-05,2.08188E-05,5.3168E-07,2.662367E-05
11223,-1.657219E-05,2.07629E-05,-5.755949E-07,2.657192E-05
11224,-4.435457E-05,3.543307E-05,3.071357E-07,5.67708E-05
11225,-3.569595E-05,-2.575638E-06,-1.342833E-07,3.5789E-05
11226,-1.675103E-06,1.529945E-06,2.022384E-06,3.0392E-06
11227,-1.552813E-06,3.71549E-06,1.85455E-06,4.433447E-06
11228,-1.550307E-06,3.718903E-06,1.855564E-06,4.435854E-06
11229,-3.638865E-06,-2.07394E-06,3.960105E-06,5.764113E-06
11230,-2.034098E-06,-1.109396E-05,3.878658E-07,1.128556E-05
11231,-1.598809E-06,-2.991035E-06,1.016156E-06,3.540488E-06
11232,-2.542532E-06,4.703103E-06,2.596862E-06,5.943681E-06
11233,-6.44321E-06,-3.062284E-06,4.510904E-06,8.440426E-06
11234,-8.126472E-06,6.100726E-06,-4.461681E-06,1.109797E-05
11235,6.991843E-06,-1.098629E-05,-2.764444E-06,1.331264E-05
11236,-9.328358E-05,0.0001342206,-0.0002021437,0.0002599598
11237,2.823444E-05,-0.0002108721,-4.328454E-05,0.0002171124
11238,-0.0001791079,0.0002761336,-1.119726E-05,0.0003293247
11239,0.001318302,0.00228808,0.003750825,0.004587147
11240,-0.002093721,-0.001541015,0.000444251,0.002637377
11241,-2.057093E-06,1.571138E-07,-1.287408E-05,1.303834E-05
11242,1.829604E-06,8.720698E-07,-1.247155E-05,1.263517E-05
11243,-1.383504E-06,1.463077E-07,-1.191918E-05,1.20001E-05
11244,-4.712945E-07,3.700342E-08,-1.191416E-05,1.192353E-05
11245,2.180955E-06,3.668873E-07,-8.87405E-06,9.145487E-06
11246,2.120586E-06,5.350911E-07,-1.205718E-05,1.225393E-05
11247,-5.930919E-06,-1.402497E-05,-1.99914E-05,2.513029E-05
11248,-5.92563E-06,-1.403574E-05,-1.999249E-05,2.513593E-05
11249,-8.286886E-06,1.144E-06,-2.032056E-05,2.197513E-05
11250,-5.674396E-06,-7.889001E-06,-1.59124E-05,1.864509E-05
11251,-1.169501E-05,9.226703E-06,2.913172E-05,3.271945E-05
11252,-1.167035E-05,9.196033E-06,2.91304E-05,3.270083E-05
11253,-2.890166E-05,-3.594999E-05,7.333779E-05,8.663798E-05
11254,-3.408479E-06,-5.620224E-06,-1.570052E-05,1.70209E-05
11255,-5.570008E-07,7.909564E-06,-1.986996E-05,2.139361E-05
11256,-5.691952E-05,6.892824E-06,-3.731114E-05,6.840661E-05
11257,-4.521763E-05,7.190071E-05,-4.255657E-06,8.504385E-05
11258,-1.028319E-05,-7.809177E-06,-7.617589E-06,1.499183E-05
11259,1.103925E-05,-2.045307E-05,-2.593009E-05,3.482187E-05
11260,5.396356E-08,-4.173276E-06,-1.699146E-05,1.749654E-05
11261,8.040211E-07,-3.929887E-06,2.198233E-06,4.574133E-06
11262,5.889738E-08,-4.185166E-06,-1.698909E-05,1.74971E-05
11263,1.540725E-06,2.384109E-06,6.386682E-07,2.909589E-06
11264,8.666349E-07,-6.270237E-06,-1.973096E-06,6.630236E-06
11265,-2.184091E-06,-7.936574E-06,1.796098E-06,8.425285E-06
11266,2.45985E-06,-3.603496E-06,5.516742E-06,7.033526E-06
11267,-5.698809E-06,6.872892E-06,-1.016786E-06,8.98593E-06
11268,-1.10723E-06,-8.034572E-06,-1.696458E-06,8.286029E-06
11269,-1.366384E-06,-4.203696E-06,6.385842E-07,4.466078E-06
11270,-8.207942E-06,9.387242E-06,3.251594E-06,1.288656E-05
11271,-1.078004E-06,-3.070351E-06,7.899923E-07,3.348617E-06
11272,-3.987496E-06,-9.785789E-07,-2.768738E-06,4.952136E-06
11273,-4.879847E-06,1.13539E-05,-1.410217E-06,1.243836E-05
11274,-0.00124215,-0.001488153,-0.009043586,0.009248999
11275,0.002818034,0.0009808608,0.001422083,0.003305408
11276,0.001944244,0.05336852,0.02550182,0.05918042
11277,0.001400048,-0.001016888,0.001713576,0.00243527
11278,1.976123E-06,6.698112E-06,5.542816E-08,6.983756E-06
11279,-1.012224E-05,4.24148E-07,1.847244E-06,1.029815E-05
11280,1.942344E-07,3.719747E-07,-3.014472E-06,3.04354E-06
11281,-3.29271E-06,3.353522E-06,-5.567229E-08,4.700122E-06
11282,1.941285E-07,3.820768E-07,-3.017811E-06,3.04809E-06
11283,4.006199E-06,1.397532E-06,5.57053E-06,7.002394E-06
11284,2.793253E-06,5.801559E-06,-1.302943E-07,6.440289E-06
11285,9.865646E-06,-7.074842E-06,-6.639345E-06,1.38371E-05
11286,0.004524828,0.03260285,0.01208121,0.03506245
11287,0.004046545,0.009097206,0.0008819254,0.009995573
11288,0.002351786,-0.002622623,-0.007457478,0.008247607
11289,-3.32219E-05,2.470604E-05,3.322094E-06,4.153455E-05
11290,-3.322996E-05,2.472424E-05,3.306052E-06,4.155055E-05
11291,-3.105049E-05,2.144609E-05,2.534933E-05,4.546049E-05
11292,-3.106846E-05,2.1464E-05,2.53554E-05,4.54846E-05
11293,0.0001041128,-1.477106E-05,1.426533E-05,0.0001061186
11294,0.006734975,-0.004745046,-0.0009108968,0.008288853
11295,0,0,0,0
11296,-1.204571,0.7674382,-0.3693473,1.475252
11297,-3.41808E-05,-2.128751E-05,-3.550229E-06,4.042387E-05
11298,-3.416219E-05,-2.124136E-05,-3.55209E-06,4.0384E-05
11299,1.060892E-06,-3.494599E-06,-1.64302E-06,4.00465E-06
11300,-3.158681E-06,4.626353E-06,-3.497951E-06,6.604246E-06
11301,3.437357E-06,-1.126139E-06,-3.588615E-06,5.095269E-06
11302,-7.269426E-07,1.441102E-06,-1.618507E-06,2.285779E-06
11303,-5.357739E-06,-2.245301E-06,-1.813516E-06,6.085686E-06
11304,1.049264E-06,9.976761E-07,-2.804768E-06,3.156428E-06
11305,7.326064E-06,3.678047E-06,1.729947E-06,8.378064E-06
11306,-5.43533E-08,3.525742E-06,-2.880921E-07,3.537911E-06
11307,-2.933667E-06,-1.18864E-06,-2.346304E-07,3.174007E-06
11308,-5.13549E-05,-2.449596E-05,4.68928E-05,7.373135E-05
11309,0.01799981,0.01156784,0.01212862,0.02459495
11310,-0.001931265,0.005325652,0.002858598,0.006345387
11311,-2.127153E-05,8.549556E-07,8.767498E-06,2.302342E-05
11312,-2.03716E-05,-7.742259E-06,6.613088E-06,2.27745E-05
11313,-2.703879E-05,9.500167E-06,2.993171E-06,2.881507E-05
11314,-3.257851E-05,8.787323E-08,9.047167E-06,3.381151E-05
11315,-3.930397E-05,-1.01693E-06,9.417315E-06,4.042922E-05
11316,9.10866E-06,3.740421E-06,-7.87026E-06,1.260553E-05
11317,-1.689055E-07,2.229983E-06,5.725188E-08,2.237103E-06
11318,-2.703586E-08,2.489119E-06,1.878348E-07,2.496342E-06
11319,-2.462134E-06,3.487113E-06,3.84156E-06,5.742791E-06
11320,2.597022E-06,2.462818E-06,-8.482195E-06,9.20639E-06
11321,1.602204E-07,-8.694554E-07,7.992795E-07,1.191835E-06
11322,1.533074E-06,4.343883E-06,-8.512916E-06,9.679326E-06
11323,-2.505739E-06,-2.835944E-07,-1.049986E-06,2.731597E-06
11324,1.790333E-06,3.929419E-07,-4.829236E-06,5.165386E-06
11325,3.582339E-06,-1.329477E-06,-1.981073E-06,4.304104E-06
11326,-4.348963E-06,2.244105E-06,-5.640761E-06,7.467776E-06
11327,1.786655E-06,3.9697E-07,-4.844106E-06,5.178328E-06
11328,-1.196858E-06,-1.225824E-06,2.212784E-06,2.798486E-06
11329,-1.297643E-05,1.864101E-05,2.062235E-05,3.067827E-05
11330,4.76149E-05,-2.324359E-05,2.171906E-05,5.726395E-05
11331,-3.26997E-05,-5.769369E-06,-2.636465E-05,4.239871E-05
11332,-3.518912E-05,1.295089E-06,6.439411E-05,7.339314E-05
11333,0.008953488,0.0007708108,0.001675687,0.009141499
11334,-0.03399266,0.006264087,-0.002719915,0.03467186
11335,-9.806954E-06,3.041483E-06,-4.269843E-06,1.112019E-05
11336,-3.501462E-05,-5.138404E-06,-3.290433E-06,3.554228E-05
11337,-9.853744E-06,3.027244E-06,-4.269546E-06,1.115749E-05
11338,-1.428634E-05,2.921499E-05,4.333374E-06,3.280844E-05
11339,-1.426768E-05,2.92173E-05,4.378418E-06,3.280835E-05
11340,-2.202444E-05,-3.3017E-05,3.267387E-06,3.982303E-05
11341,-3.567561E-05,1.048314E-06,-1.904813E-05,4.045589E-05
11342,-7.456214E-05,2.100446E-06,3.558695E-05,8.264597E-05
11343,-2.19821E-05,-3.302833E-05,3.393536E-06,3.981958E-05
11344,-5.368162E-06,1.559797E-06,4.489805E-06,7.169971E-06
11345,-2.020005E-05,-5.668245E-06,5.700949E-06,2.174101E-05
11346,-2.018604E-05,-5.670389E-06,5.74462E-06,2.174006E-05
11347,-0.0001797198,-0.000196477,8.042316E-05,0.0002781552
11348,-0.0007252024,0.0004427103,-3.061195E-06,0.0008496589
11349,0.07383793,0.05001586,0.1090351,0.1408627
11350,133.9059,-60.48671,75.90855,165.383
11351,-0.0001112215,-7.134139E-05,5.190816E-05,0.0001419658
11352,4.224946E-06,4.382275E-05,2.757577E-05,5.194908E-05
11353,4.281584E-06,4.37828E-05,2.75655E-05,5.191457E-05
11354,2.38323E-05,-1.557843E-05,-6.234206E-06,2.914672E-05
11355,2.380043E-05,-1.558544E-05,-6.225287E-06,2.912251E-05
11356,-8.700719E-07,2.030069E-06,-1.121863E-05,1.143398E-05
11357,8.479165E-07,-2.961499E-07,-1.061411E-05,1.065204E-05
11358,-9.524203E-07,1.41954E-06,-1.003115E-05,1.017576E-05
11359,-2.267642E-07,-1.334322E-06,-1.072542E-05,1.081048E-05
11360,9.418469E-07,1.909603E-06,-1.176923E-05,1.196029E-05
11361,-2.189143E-05,5.92558E-06,-4.916234E-06,2.320596E-05
11362,-2.420597E-05,-8.677023E-06,-1.880968E-05,3.185943E-05
11363,-2.197679E-05,5.958881E-06,-4.913126E-06,2.329434E-05
11364,-2.493407E-05,1.494641E-05,-6.093596E-05,6.751514E-05
11365,7.5096E-06,1.867341E-05,2.194E-05,2.977337E-05
11366,-0.0001235611,0.0001279705,0.0003243758,0.0003699506
11367,3.835403E-05,1.826271E-05,-3.973764E-05,5.816904E-05
11368,-4.745476E-05,2.466371E-05,-7.750339E-05,9.416491E-05
11369,3.241187E-06,3.150579E-06,6.817187E-07,4.571235E-06
11370,-1.592998E-06,-2.51208E-06,-9.347874E-06,9.809737E-06
11371,-1.584341E-06,-2.502193E-06,-9.35835E-06,9.815795E-06
11372,-1.701655E-06,4.917402E-06,-7.415059E-07,5.256073E-06
11373,-4.654508E-06,7.398026E-06,7.980489E-06,1.183569E-05
11374,-4.88434E-06,4.607171E-06,-3.431964E-06,7.540635E-06
11375,-0.03983543,-0.05189499,-0.1154141,0.1326664
11376,0,0,0,0
11377,-0.0002768585,0.0001251695,0.0001657792,0.0003461225
11378,0.006994868,0.005141393,0.001033241,0.008742408
11379,1.309756E-05,6.203352E-05,-9.269247E-05,0.0001123014
11380,-1.587777E-05,4.423906E-05,2.03966E-05,5.123689E-05
11381,-7.083263E-07,-1.985182E-05,-3.080621E-07,1.986684E-05
11382,5.613414E-06,-1.108268E-05,-3.961386E-06,1.303951E-05
11383,5.628229E-06,-1.106006E-05,-3.99046E-06,1.303555E-05
11384,-7.550392E-06,8.345772E-06,-1.04605E-06,1.130286E-05
11385,-6.938755E-07,-1.984315E-05,-2.929243E-07,1.985744E-05
11386,-0.00521771,-0.01502205,0.003830933,0.01635734
11387,0.0006399021,-0.0001485741,0.0004660169,0.000805432
11388,0.01600487,-0.074571,-0.1236148,0.1452501
11389,3.501915E-05,1.920488E-05,1.644895E-05,4.319417E-05
11390,3.501433E-05,1.92558E-05,1.6467E-05,4.32198E-05
11391,1.822551E-05,-1.414007E-05,2.163507E-05,3.162574E-05
11392,1.827183E-05,-1.410756E-05,2.158242E-05,3.160197E-05
11393,2.65544E-06,1.109497E-06,1.041534E-05,1.080563E-05
11394,2.655881E-06,1.136473E-06,1.041713E-05,1.081027E-05
11395,3.890387E-05,0.0001007648,1.657516E-05,0.0001092785
11396,0.0005547443,6.515452E-05,1.865274E-05,0.0005588687
11397,1.095962E-05,9.673619E-05,0.0002481016,0.0002665191
11398,0.0008695043,-0.0001458346,0.000450986,0.0009902999
11399,7.778189E-05,-3.188187E-06,4.060468E-05,8.78005E-05
11400,-3.951989E-06,-1.006473E-05,9.144086E-07,1.085141E-05
11401,-4.133055E-06,1.861651E-05,1.560188E-05,2.463889E-05
11402,3.89822E-06,4.361873E-05,4.984254E-06,4.407531E-05
11403,7.637952E-06,1.272354E-05,1.187453E-05,1.900608E-05
11404,-4.123499E-06,1.862418E-05,1.559854E-05,2.464098E-05
11405,3.294721E-05,0.0003575837,0.0001554804,0.0003913129
11406,0.029556,-0.0739287,0.06087963,0.1002264
11407,0,0,0,0
11408,9.359191E-06,-1.420344E-05,8.18433E-06,1.887632E-05
11409,2.756222E-06,-1.946344E-05,6.600725E-06,2.073625E-05
11410,-5.216854E-06,2.38921E-06,9.527138E-06,1.112161E-05
11411,4.1198E-06,4.418546E-05,-2.687758E-05,5.188191E-05
11412,9.347888E-06,-1.420075E-05,8.198916E-06,1.887503E-05
11413,-0.0002972853,-6.321214E-05,-8.227601E-05,0.0003148709
11414,0.0001045878,2.222962E-05,-0.0001024268,0.0001480677
11415,0.0019704,0.002582335,-0.001035653,0.003409327
11416,0.0003979367,0.0003107675,-0.001358029,0.001448852
11417,-5.799732E-06,1.713523E-05,1.282023E-05,2.217231E-05
11418,-5.674213E-06,1.717998E-05,1.287778E-05,2.220778E-05
11419,1.092539E-05,-3.861387E-05,-1.980093E-05,4.474899E-05
11420,-1.401205E-05,-6.865035E-07,-5.221575E-06,1.496909E-05
11421,-1.401112E-05,-6.824432E-07,-5.219842E-06,1.496743E-05
11422,-8.35681E-06,-2.994011E-07,-1.510095E-05,1.726165E-05
11423,2.045773E-06,-7.295336E-06,-8.866788E-06,1.166306E-05
11424,2.916506E-07,6.359814E-06,-1.555711E-05,1.68094E-05
11425,-8.350092E-06,-3.068821E-07,-1.510692E-05,1.726375E-05
11426,-2.470853E-06,-9.587596E-07,3.680738E-06,4.535655E-06
11427,-2.650527E-05,-6.207024E-06,-3.664402E-06,2.746788E-05
11428,-2.167012E-06,5.123594E-06,-2.974971E-06,6.308534E-06
11429,-2.64969E-05,-6.206642E-06,-3.66234E-06,2.745944E-05
11430,-1.297947E-05,1.646815E-06,8.218884E-06,1.545084E-05
11431,-2.50246E-07,5.351589E-06,-3.733749E-07,5.370432E-06
11432,2.897364E-07,6.359823E-06,-1.555817E-05,1.681035E-05
11433,-6.288545E-06,5.899724E-07,6.088194E-06,8.772683E-06
11434,0.0001898506,0.0004998854,0.0002369611,0.0005848754
11435,-2.111058E-05,0.0001018143,3.120077E-05,0.0001085601
11436,-0.0007263435,0.0008512185,0.0008641403,0.00141382
11437,-6.418839E-05,8.113524E-05,-5.87924E-05,0.0001189942
11438,-0.0006807628,-0.0006659677,0.002211469,0.00240781
11439,-0.001423133,0.01097056,0.006463883,0.01281251
11440,0,0,0,0
11441,-7.259704E-06,7.711882E-06,-3.002329E-06,1.100865E-05
11442,-7.258415E-06,7.708871E-06,-3.001644E-06,1.100551E-05
11443,-4.494369E-06,-5.233903E-05,7.21679E-06,5.302504E-05
11444,-7.399233E-06,-2.390983E-06,-1.929767E-06,8.011832E-06
11445,-7.405018E-06,-2.393913E-06,-1.936691E-06,8.019719E-06
11446,5.15285E-06,-1.517185E-05,1.257987E-05,2.03713E-05
11447,-0.002025001,0.0008581104,-0.001965014,0.002949282
11448,-9.583088E-05,6.449837E-05,-3.753147E-06,0.0001155754
11449,3.794839E-05,-2.170594E-05,3.620005E-06,4.386722E-05
11450,3.794221E-05,-2.170236E-05,3.573327E-06,4.385627E-05
11451,8.586681E-07,-1.104678E-06,-7.562042E-06,7.690391E-06
11452,-1.835691E-06,-6.59148E-07,-5.985686E-06,6.295448E-06
11453,-5.926339E-07,2.286285E-06,-3.451003E-06,4.181834E-06
11454,6.777476E-07,2.748831E-06,-5.873688E-06,6.520401E-06
11455,-5.866608E-07,2.285281E-06,-3.451282E-06,4.180673E-06
11456,3.886731E-07,1.37292E-06,-6.174675E-06,6.337396E-06
11457,8.584115E-07,-1.105358E-06,-7.561997E-06,7.690415E-06
11458,-2.370281E-05,3.203432E-05,-9.910696E-06,4.106389E-05
11459,-3.399722E-05,-1.071528E-06,-1.068063E-05,3.565158E-05
11460,-3.400154E-05,-1.067901E-06,-1.068076E-05,3.565563E-05
11461,1.971502E-05,1.473698E-05,-1.486478E-05,2.875452E-05
11462,-2.803438E-05,1.433168E-06,-8.278671E-06,2.926631E-05
11463,8.611016E-05,0.0001316146,-2.359924E-05,0.0001590418
11464,-9.331214E-06,2.751892E-05,1.220629E-05,3.151755E-05
11465,-1.711516E-05,1.252518E-05,1.57093E-05,2.639301E-05
11466,-1.712339E-05,1.253691E-05,1.570311E-05,2.640023E-05
11467,1.800323,2.390174,-3.05751,4.278137
11468,-1.011798E-05,3.365403E-06,9.841448E-07,1.070831E-05
11469,2.472955E-06,1.143673E-05,-3.234701E-06,1.213992E-05
11470,-1.901953E-06,-4.677222E-06,1.693032E-06,5.325428E-06
11471,-4.961797E-06,-2.092527E-06,4.98088E-06,7.335343E-06
11472,-4.958755E-06,-2.098689E-06,4.981202E-06,7.335265E-06
11473,5.638867E-07,1.182837E-05,-6.277558E-06,1.340284E-05
11474,-6.495752E-06,-2.635927E-06,-6.079385E-06,9.279106E-06
11475,-6.494305E-06,-2.644644E-06,-6.086249E-06,9.285072E-06
11476,2.468999E-06,1.144247E-05,-3.231838E-06,1.214376E-05
11477,-1.902876E-06,-4.671819E-06,1.690895E-06,5.320334E-06
11478,-3.738532E-06,4.025574E-09,2.864741E-05,2.889032E-05
11479,6.830795E-06,2.361335E-07,2.124894E-05,2.232113E-05
11480,6.821901E-06,-7.9995E-07,2.123941E-05,2.232242E-05
11481,-1.751652E-06,7.203926E-08,-9.391574E-06,9.553803E-06
11482,-1.757757E-06,1.229842E-07,-9.396759E-06,9.560539E-06
11483,-3.739084E-06,8.745425E-07,2.865736E-05,2.891349E-05
11484,5.679015E-05,-5.757246E-06,6.007851E-05,8.287156E-05
11485,-4.118549E-06,-1.853687E-05,-5.657512E-06,1.981377E-05
11486,-4.19805E-06,-1.853039E-05,-5.731801E-06,1.984572E-05
11487,0.0001416322,3.60211E-05,2.453934E-05,0.000148187
11488,-1.361248E-05,2.808978E-05,1.831856E-06,3.126805E-05
11489,-9.174647E-06,1.625558E-05,2.543344E-05,3.154802E-05
11490,-2.390625E-05,1.513852E-05,9.896458E-06,2.997705E-05
11491,6.625407E-07,2.100658E-05,2.648672E-06,2.118327E-05
11492,-2.39141E-05,1.511818E-05,9.884438E-06,2.996908E-05
11493,6.963385E-06,5.813752E-06,6.011823E-06,1.088258E-05
11494,-9.20404E-06,1.624351E-05,2.542417E-05,3.15429E-05
11495,-2.774998E-06,-1.108045E-05,-1.048958E-05,1.550832E-05
11496,-0.0648182,0.04920154,-0.1198272,0.1448473
11497,-1.752198E-05,9.138556E-07,-1.333374E-05,2.203732E-05
11498,-1.200419E-05,-8.636472E-06,-4.329444E-06,1.540887E-05
11499,-3.764097E-06,-4.371193E-06,-4.292758E-06,7.190516E-06
11500,-1.827333E-05,-4.98398E-06,5.433157E-06,1.970467E-05
11501,-1.945278E-05,9.02079E-06,-1.561492E-05,2.652567E-05
11502,1.528999E-06,1.645477E-05,2.454798E-06,1.670698E-05
11503,1.536589E-06,1.646252E-05,2.446895E-06,1.671415E-05
11504,-1.827813E-05,-5.000287E-06,5.433645E-06,1.971338E-05
11505,-1.948002E-05,9.011932E-06,-1.56276E-05,2.655011E-05
11506,-1.258045E-05,-4.176709E-06,-3.27682E-06,1.365468E-05
11507,-1.751546E-05,8.931697E-07,-1.333948E-05,2.203476E-05
11508,-0.01922855,0.008387882,0.003948756,0.02134681
11509,0.0009647338,-0.001185706,0.002056954,0.002562747
11510,-3.645037E-06,3.674205E-07,-1.968561E-06,4.158909E-06
11511,-4.784948E-06,-1.428566E-06,4.367591E-06,6.634183E-06
11512,3.723497E-06,1.514345E-07,-2.939011E-06,4.746066E-06
11513,3.60425E-06,5.181908E-07,3.08809E-06,4.774457E-06
11514,3.945573E-06,1.194689E-07,7.550297E-06,8.519906E-06
11515,2.174993E-07,3.978643E-07,2.727228E-06,2.764665E-06
11516,3.946883E-06,4.44722E-07,7.550944E-06,8.531847E-06
11517,-0.0001735225,-0.0001909008,-0.0002034299,0.0003285375
11518,-0.000697133,-0.00127278,7.264669E-05,0.001453011
11519,-2.609973E-06,-1.56382E-05,-7.953496E-07,1.587444E-05
11520,-1.316875E-05,3.492864E-05,1.702705E-05,4.10286E-05
11521,-5.722251E-06,9.427449E-06,1.576512E-05,1.923954E-05
11522,-1.218138E-06,1.57655E-05,-1.072681E-06,1.584884E-05
11523,9.185977E-06,8.437353E-06,2.947883E-06,1.281644E-05
11524,-1.31715E-05,3.492438E-05,1.70311E-05,4.102754E-05
11525,-5.072815E-06,-2.180937E-05,-7.625104E-06,2.365427E-05
11526,-1.222795E-06,1.577584E-05,-1.072999E-06,1.58595E-05
11527,14.20702,7.852781,-22.87819,28.05204
11528,-3.396495E-06,-2.602233E-06,4.590949E-06,6.275715E-06
11529,-3.962296E-06,-5.549322E-06,1.060645E-05,1.260919E-05
11530,-5.791194E-06,8.742902E-06,4.618425E-06,1.145889E-05
11531,-1.007632E-05,6.484251E-06,2.788567E-06,1.23026E-05
11532,-5.785696E-06,8.74529E-06,4.623531E-06,1.145999E-05
11533,-2.131657E-06,1.111374E-05,5.185948E-06,1.244802E-05
11534,-2.126883E-06,1.110601E-05,5.190426E-06,1.244217E-05
11535,-0.004790667,0.006420797,-0.007426628,0.01092392
11536,-0.0007716524,-8.861068E-05,0.0009425669,0.001221365
11537,-0.0007091814,0.0008337147,-0.0005881764,0.001242566
11538,1.981238E-06,-1.10971E-06,7.919005E-07,2.404967E-06
11539,-2.973601E-07,-6.04573E-07,3.439079E-07,7.564418E-07
11540,6.229311E-07,3.442634E-07,-7.357296E-07,1.02365E-06
11541,1.558793E-06,7.045347E-08,1.236297E-06,1.990786E-06
11542,-5.264736E-06,6.635026E-08,-1.490892E-06,5.472166E-06
11543,2.167522E-06,2.468671E-07,-1.211278E-06,2.495253E-06
11544,0.001148369,-0.0035485,-0.002547261,0.004516541
11545,-0.001743721,0.004465952,0.003613993,0.006003852
11546,-1.247238E-06,-2.623691E-06,-2.81268E-06,4.043578E-06
11547,-7.255137E-06,-9.535923E-06,-1.244611E-05,1.727647E-05
11548,1.223235E-05,8.225197E-06,1.207064E-05,1.905216E-05
11549,1.986298E-06,-2.063109E-07,-1.334685E-05,1.349542E-05
11550,1.386211E-06,-1.113398E-05,-1.873424E-07,1.12215E-05
11551,1.597526E-05,2.651612E-06,-2.313913E-06,1.635831E-05
11552,-8.187182E-06,-1.011115E-05,-2.56727E-05,2.878112E-05
11553,-1.85963E-06,-7.61141E-06,5.155583E-06,9.37933E-06
11554,-1.854104E-06,-7.611174E-06,5.153737E-06,9.377029E-06
11555,6.7217E-06,4.302844E-06,-1.065648E-05,1.331376E-05
11556,1.920424E-05,1.285946E-05,2.091453E-05,3.117027E-05
11557,1.769182E-05,1.318885E-05,2.2846E-05,3.176297E-05
11558,-0.05504319,0.196484,0.03727187,0.2074245
11559,-1.308199E-05,-3.863184E-06,-9.274001E-07,1.367197E-05
11560,-1.851326E-06,-7.415626E-06,-4.081857E-06,8.664899E-06
11561,-5.111341E-06,-3.09903E-06,-1.329529E-05,1.457719E-05
11562,-5.111699E-06,-3.096529E-06,-1.32914E-05,1.457323E-05
11563,-3.748719E-05,-6.852324E-06,1.027479E-05,3.946916E-05
11564,-8.581036E-06,6.11614E-06,5.438062E-06,1.185807E-05
11565,-1.58986E-05,2.398711E-05,1.170523E-05,3.106701E-05
11566,1.465908E-05,-2.604792E-06,6.398945E-06,1.620555E-05
11567,-0.0001954688,0.0009759889,0.0003410519,0.001052178
11568,1.679531E-05,-1.229218E-05,0.0005715429,0.0005719218
11569,-1.373476E-06,-6.515602E-07,-5.175608E-07,1.605876E-06
11570,1.987244E-08,-1.11704E-07,5.286707E-07,5.407083E-07
11571,-1.692429E-06,-6.659742E-08,-3.484622E-07,1.729213E-06
11572,1.900363E-06,-7.770781E-07,-4.201624E-07,2.095654E-06
11573,-8.369784E-07,9.92158E-08,-7.015871E-08,8.457534E-07
11574,-8.904187E-07,7.912682E-07,4.644128E-07,1.278526E-06
11575,-0.00365653,-0.006333058,-0.004295683,0.008481198
11576,1.143289E-07,-4.074992E-07,-6.66705E-06,6.68047E-06
11577,-3.646416E-07,-7.568993E-08,-8.911944E-06,8.919722E-06
11578,1.393153E-06,1.741864E-06,-6.530659E-06,6.901049E-06
11579,1.421773E-06,1.8218E-06,-6.512051E-06,6.909935E-06
11580,-1.493128E-06,-1.397598E-06,-7.259196E-06,7.541792E-06
11581,1.249052E-06,7.758491E-07,-6.8646E-06,7.020314E-06
11582,8.722941E-07,-5.127332E-07,-5.740045E-06,5.828542E-06
11583,-7.485408E-06,-4.969721E-06,-7.029597E-06,1.14081E-05
11584,-7.501595E-06,-4.941988E-06,-7.025363E-06,1.140407E-05
11585,-1.238983E-05,4.99573E-05,-3.416281E-06,5.158402E-05
11586,-1.238468E-05,4.996436E-05,-3.415836E-06,5.158958E-05
11587,-3.619688,-15.21318,0,15.63787
11588,-6.335521E-06,4.245756E-06,-2.566765E-06,8.046959E-06
11589,-6.33612E-06,4.257982E-06,-2.563154E-06,8.052738E-06
11590,-1.428213E-06,-3.948267E-06,8.504376E-07,4.283906E-06
11591,-5.866247E-06,-4.031584E-06,-1.326571E-06,7.240601E-06
11592,-1.331066E-05,3.688721E-06,3.175469E-06,1.417265E-05
11593,-3.5255E-06,-6.217561E-06,7.514291E-07,7.186923E-06
11594,-1.656279E-06,-4.277301E-06,-1.82148E-06,4.935216E-06
11595,-1.694139E-06,-4.327667E-06,-1.874412E-06,5.011211E-06
11596,4.620193E-06,-2.15665E-05,-4.721734E-06,2.25556E-05
11597,-3.673552E-06,-2.899927E-06,2.409317E-06,5.263969E-06
11598,-1.434223E-06,-3.944889E-06,8.492619E-07,4.282568E-06
11599,-1.080626E-05,-8.672428E-06,5.323018E-06,1.484321E-05
11600,-3.669644E-06,-2.900829E-06,2.397447E-06,5.256315E-06
11601,0.001051402,0.002798159,0.0005034509,0.003031271
11602,0.01243336,-0.02330438,-0.008039316,0.02761002
11603,0.0001452711,-7.019922E-05,-0.0006827779,0.000701582
11604,-9.955348E-07,4.587329E-07,-4.30332E-07,1.177587E-06
11605,4.056835E-07,4.022629E-07,-4.303852E-08,5.729283E-07
11606,5.053152E-08,-4.782063E-07,-1.676411E-06,1.744016E-06
11607,4.064126E-07,2.640588E-07,-4.318292E-08,4.86583E-07
11608,1.920659E-06,1.318304E-07,5.06105E-07,1.990591E-06
11609,1.922874E-06,-7.221767E-07,5.068806E-07,2.115635E-06
11610,-9.935408E-07,2.554489E-07,-4.277246E-07,1.111452E-06
11611,0.005760218,0.002614614,-0.00335147,0.007158818
11612,-0.001384222,0.0007853116,-0.001250162,0.002023781
11613,2.076776E-06,2.305093E-06,-1.362915E-06,3.388803E-06
11614,3.501053E-06,-8.026741E-06,-1.616067E-06,8.904921E-06
11615,-1.211731E-06,-7.986006E-06,1.241719E-06,8.172298E-06
11616,-2.784652E-06,-8.732379E-06,2.589575E-06,9.524422E-06
11617,1.465257E-06,-6.902391E-06,1.768867E-06,7.274536E-06
11618,8.319499E-08,-1.318741E-05,3.155677E-06,1.355998E-05
11619,-6.588084E-06,8.957083E-08,5.581172E-07,6.612289E-06
11620,1.318495E-06,-1.522473E-05,2.61361E-06,1.55036E-05
11621,2.196236E-06,1.163839E-05,3.088083E-06,1.223976E-05
11622,2.074482E-06,2.31826E-06,-1.366808E-06,3.397936E-06
11623,-4.478646E-07,2.832108E-06,1.078946E-06,3.063583E-06
11624,-1.073445E-06,-1.250347E-05,2.204614E-06,1.274164E-05
11625,-1.485295E-06,-4.927208E-06,9.553879E-06,1.085173E-05
11626,-3.576254E-06,-1.525009E-06,-6.918488E-07,3.948912E-06
11627,-8.090508E-06,7.865199E-06,-4.858014E-07,1.129397E-05
11628,0.0004029118,0.005999214,0.001004497,0.006096059
11629,1.210041E-06,-1.733662E-07,-2.832825E-06,3.085312E-06
11630,7.098477E-07,7.553502E-07,2.858153E-06,3.040309E-06
11631,-1.184113E-06,-3.544332E-07,4.668761E-06,4.829604E-06
11632,-9.193895E-07,5.378926E-08,4.932398E-06,5.017641E-06
11633,7.0775E-07,7.931848E-07,2.857382E-06,3.048718E-06
11634,1.2052E-06,-2.121749E-08,-2.83195E-06,3.077807E-06
11635,7.259425E-06,3.175615E-05,1.644119E-05,3.648924E-05
11636,7.267641E-06,3.173979E-05,1.646516E-05,3.648745E-05
11637,-0.02222736,-0.01018869,-0.01973249,0.03142031
11638,0.0001126694,8.272386E-05,-0.0001008706,0.0001723731
11639,9.563454E-06,2.541068E-05,1.422421E-05,3.065111E-05
11640,9.580074E-06,2.541913E-05,1.423919E-05,3.067025E-05
11641,-1.686636E-06,-1.174555E-05,-1.631613E-06,1.197768E-05
11642,-1.268427E-07,-1.407585E-05,7.438132E-08,1.407662E-05
11643,3.872636E-06,1.901718E-06,-3.157579E-06,5.346414E-06
11644,4.215042E-06,-1.255123E-05,-2.145501E-06,1.34128E-05
11645,3.36527E-06,-5.537023E-06,-1.789104E-06,6.721946E-06
11646,3.125903E-07,-2.883961E-06,8.812556E-08,2.902191E-06
11647,3.125553E-07,-2.884377E-06,8.359982E-08,2.902466E-06
11648,-1.92579E-06,1.010757E-05,-1.628014E-06,1.04174E-05
11649,-3.023537E-06,-1.43731E-05,1.780329E-06,1.479518E-05
11650,-1.976297E-06,-4.225745E-06,2.219545E-06,5.166145E-06
11651,-0.0005714301,-0.002086406,0.007606819,0.007908433
11652,-0.07624862,-0.008675036,0.04254485,0.08774492
11653,-6.798073E-07,-1.600699E-06,2.213653E-06,2.815073E-06
11654,-6.762002E-07,-6.970939E-07,2.220924E-06,2.423982E-06
11655,2.574037E-06,8.5916E-07,-1.241909E-06,2.984319E-06
11656,2.54021E-06,-1.019854E-06,-1.23144E-06,3.001535E-06
11657,-1.431849E-06,-5.453335E-07,-4.981837E-06,5.212129E-06
11658,1.932396E-06,-1.057335E-06,-3.132799E-07,2.224918E-06
11659,1.652831E-06,-4.781418E-07,1.717904E-06,2.431391E-06
11660,1.653961E-06,5.526761E-07,1.702188E-06,2.4369E-06
11661,6.747387E-06,-1.116958E-06,-4.760786E-06,8.333061E-06
11662,-1.261384E-05,4.287814E-07,2.824017E-05,3.093218E-05
11663,-2.479502E-05,1.196123E-06,1.374379E-05,2.837456E-05
11664,-2.485495E-05,-9.266628E-07,1.377603E-05,2.843249E-05
11665,-2.218818E-05,6.877258E-07,1.942745E-05,2.94994E-05
11666,-1.259158E-05,-6.260285E-07,2.823051E-05,3.091765E-05
11667,6.747287E-06,-6.672585E-09,-4.765602E-06,8.260562E-06
11668,1.016664E-05,1.52385E-07,1.559333E-05,1.861547E-05
11669,9.82906E-06,-7.511253E-07,1.63086E-05,1.905637E-05
11670,1.026489E-05,-4.57789E-07,1.553879E-05,1.862878E-05
11671,5.346865E-06,2.480247E-05,2.563165E-06,2.55014E-05
11672,5.341287E-06,2.478305E-05,2.547044E-06,2.547972E-05
11673,-2.258865E-05,-5.073965E-06,1.296742E-05,2.653575E-05
11674,1.609311E-06,4.06647E-06,5.630337E-06,7.129289E-06
11675,-1.57062E-05,1.291438E-05,2.245907E-05,3.029647E-05
11676,-0.01385962,-0.001975874,-0.006398188,0.01539253
11677,-2.137178E-06,4.463932E-06,8.711784E-07,5.025253E-06
11678,-3.892417E-06,-1.824773E-05,2.279858E-06,1.879703E-05
11679,3.054029E-06,-8.02516E-06,-1.778517E-06,8.768889E-06
11680,1.773407E-06,-5.225515E-06,3.30467E-07,5.528127E-06
11681,3.456128E-07,-1.024778E-05,-7.081193E-06,1.246113E-05
11682,-1.605819E-06,-1.336321E-05,4.882821E-08,1.345943E-05
11683,-4.167029E-07,-1.046705E-05,-2.841059E-07,1.047919E-05
11684,2.884503E-06,-1.106267E-05,-3.422623E-06,1.193387E-05
11685,-5.132125E-06,-1.361701E-05,8.454992E-07,1.457658E-05
11686,-6.424561E-07,-4.275391E-06,-3.641435E-06,5.65259E-06
11687,-2.426114E-06,-5.747923E-06,-2.688149E-06,6.793438E-06
11688,1.957064E-06,1.099357E-08,2.187856E-06,2.935461E-06
11689,0.001088048,-0.001217429,0.0005991034,0.001739226
11690,-0.0006725433,0.0002930628,-0.0005073626,0.0008919737
11691,-4.815521E-07,2.452717E-07,2.096368E-06,2.164904E-06
11692,-1.329251E-06,-1.137151E-06,2.480552E-06,3.035319E-06
11693,1.524431E-07,3.762431E-06,-2.438511E-06,4.486141E-06
11694,-2.465983E-07,3.126303E-07,-2.564831E-07,4.73637E-07
11695,-2.504762E-07,5.596568E-08,-2.583896E-07,3.641918E-07
11696,1.528704E-07,3.680215E-06,-2.439004E-06,4.417702E-06
11697,-6.291236E-08,-1.975594E-07,-3.459553E-07,4.033271E-07
11698,-5.82382E-08,7.299149E-07,-3.483165E-07,8.108587E-07
11699,-3.919415E-06,-1.149517E-06,3.652417E-07,4.100805E-06
11700,4.171476E-06,-8.769583E-07,1.135597E-07,4.264172E-06
11701,-3.925223E-06,8.125044E-07,3.704818E-07,4.025518E-06
11702,4.166091E-06,8.287799E-07,1.095576E-07,4.249141E-06
11703,-2.054972E-05,-4.605624E-06,5.28263E-06,2.171195E-05
11704,-2.059289E-05,-4.57301E-06,5.286894E-06,2.174697E-05
11705,-1.165892E-05,9.936114E-06,-4.447081E-07,1.532496E-05
11706,-1.129838E-05,1.554292E-05,2.728682E-06,1.940828E-05
11707,1.031727E-05,2.673733E-05,1.405957E-05,3.192182E-05
11708,1.146953E-05,2.805631E-05,2.444331E-06,3.040857E-05
11709,1.259066E-06,4.168528E-06,1.799277E-06,4.71161E-06
11710,1.262987E-06,4.169633E-06,1.802829E-06,4.714993E-06
11711,1.03246E-05,2.673589E-05,1.40459E-05,3.191696E-05
11712,1.540715E-05,2.238398E-05,1.145463E-05,2.948952E-05
11713,-1.018231E-05,-9.418072E-06,-7.965874E-06,1.599483E-05
11714,-9.168199E-06,2.679777E-05,6.681109E-06,2.910006E-05
11715,-0.03043862,-0.1069313,-0.02835728,0.1147386
11716,0.0001239626,0.0002484043,6.350238E-05,0.0002847876
11717,-0.00042101,-0.0001365325,-0.0003053146,0.0005376873
11718,-1.767956E-05,-8.639453E-05,3.8932E-05,9.639648E-05
11719,-1.064694E-06,-1.715669E-06,-7.819259E-06,8.07576E-06
11720,1.357521E-06,-7.655916E-06,-3.361333E-06,8.470801E-06
11721,9.965922E-07,-5.155687E-06,1.924532E-06,5.592685E-06
11722,2.537053E-06,-1.068173E-05,-1.088708E-07,1.097943E-05
11723,1.451207E-07,-5.556885E-06,1.213006E-06,5.689588E-06
11724,2.810013E-06,-6.91361E-06,-1.4893E-07,7.464339E-06
11725,2.806183E-06,-6.919239E-06,-1.489953E-07,7.468114E-06
11726,-2.159395E-06,-1.597759E-05,1.682324E-06,1.621038E-05
11727,1.448261E-07,-5.552857E-06,1.204659E-06,5.683872E-06
11728,-4.135989E-07,-2.585601E-06,3.185533E-06,4.123593E-06
11729,-1.101715E-06,-4.205263E-06,-3.287397E-07,4.359596E-06
11730,2.335176E-06,-3.813203E-06,-2.290758E-07,4.477281E-06
11731,-0.0003004204,-0.0002377036,7.928228E-05,0.0003912046
11732,0.0002017515,-0.0003325722,0.0003055095,0.0004946151
11733,-2.715837E-06,-4.30327E-07,-6.198621E-07,2.81872E-06
11734,-2.722323E-06,-4.26146E-07,-6.196956E-07,2.8243E-06
11735,7.243501E-07,9.391626E-08,-1.805884E-07,7.524064E-07
11736,2.405996E-06,-1.345757E-06,-1.126843E-07,2.75909E-06
11737,-1.689653E-06,-3.319423E-06,1.167082E-07,3.726542E-06
11738,-1.688831E-06,-3.319345E-06,1.282943E-09,3.724273E-06
11739,3.31609E-06,2.174426E-06,1.477157E-07,3.968174E-06
11740,-1.272602E-06,-2.140722E-06,1.120887E-07,2.492944E-06
11741,-1.898735E-06,-2.147931E-06,1.391194E-06,3.186569E-06
11742,-1.92508E-06,-1.325975E-06,1.414711E-06,2.732316E-06
11743,-1.667539E-06,-7.995618E-07,-2.590082E-06,3.182532E-06
11744,-9.173207E-07,-1.64117E-06,1.168002E-06,2.213401E-06
11745,-1.962642E-06,-2.609642E-07,-2.545512E-06,3.224856E-06
11746,1.704225E-06,6.232505E-07,-9.029044E-07,2.026835E-06
11747,1.709193E-06,-1.907209E-07,-9.138754E-07,1.947533E-06
11748,-1.517818E-06,1.851591E-06,-3.421725E-06,4.176165E-06
11749,-1.517444E-06,1.822462E-06,-3.422981E-06,4.164229E-06
11750,-3.964326E-06,-1.351501E-06,-9.170965E-07,4.287599E-06
11751,-3.973501E-06,1.463768E-07,-9.118311E-07,4.079408E-06
11752,-2.047775E-07,-2.132585E-06,2.490974E-06,3.285545E-06
11753,-2.13037E-07,-1.598269E-06,2.501657E-06,2.976263E-06
11754,-1.712649E-05,3.37811E-06,3.669875E-05,4.063897E-05
11755,-1.700154E-05,3.448665E-06,3.681107E-05,4.069399E-05
11756,-3.010572E-05,6.62642E-06,-3.807479E-05,4.898932E-05
11757,-2.998036E-05,6.663643E-06,-3.800346E-05,4.886194E-05
11758,-1.077337E-05,8.739263E-06,1.20563E-05,1.837919E-05
11759,4.377624E-06,3.149117E-06,-1.805128E-06,5.68674E-06
11760,4.380345E-06,3.153958E-06,-1.807992E-06,5.692425E-06
11761,2.834088E-07,1.183766E-06,-1.99746E-06,2.339117E-06
11762,-2.872605E-06,4.586205E-06,-2.656571E-06,6.028475E-06
11763,-2.104761E-06,-2.721982E-07,-5.639709E-06,6.025814E-06
11764,-2.868977E-06,4.584413E-06,-2.658993E-06,6.026452E-06
11765,3.508105E-06,-1.202871E-06,1.5346E-06,4.013564E-06
11766,-3.427514E-06,2.379602E-06,-1.268011E-06,4.360987E-06
11767,-6.580715E-06,5.67019E-06,8.060128E-06,1.185E-05
11768,0.01864658,0.003778423,0.004911975,0.0196494
11769,0.005926052,-0.003947494,-0.009169387,0.01160941
11770,1.202392E-06,-1.415993E-06,-1.492387E-05,1.503904E-05
11771,-3.530098E-06,4.254283E-06,-1.306686E-05,1.418814E-05
11772,4.368088E-07,1.607692E-07,-1.217933E-05,1.218822E-05
11773,3.876022E-06,-1.306879E-05,-1.556924E-05,2.069343E-05
11774,4.37981E-07,1.670823E-07,-1.217849E-05,1.218751E-05
11775,-3.533012E-06,-1.041235E-05,-1.662607E-05,1.993302E-05
11776,3.874377E-06,-1.306507E-05,-1.556812E-05,2.068993E-05
11777,2.334266E-06,4.811467E-06,-1.324902E-05,1.42876E-05
11778,-3.533531E-06,-1.041137E-05,-1.662619E-05,1.99327E-05
11779,1.047326E-06,-1.470056E-05,-1.708827E-06,1.483656E-05
11780,-1.208825E-05,-1.622453E-05,9.394452E-05,9.609856E-05
11781,-4.206857E-06,-7.387931E-06,-2.866601E-05,2.990016E-05
11782,-3.275062E-05,1.057309E-05,-2.796172E-05,4.434243E-05
11783,2.671017E-05,1.422966E-05,-4.675738E-05,5.569712E-05
11784,-1.301793E-05,2.47152E-05,-3.497742E-05,4.476302E-05
11785,-1.353521E-05,-3.301469E-05,-4.230304E-05,5.534184E-05
11786,-1.392454E-06,-3.005133E-06,-1.053671E-06,3.475626E-06
11787,-1.415232E-06,-2.550031E-06,-1.051481E-06,3.100186E-06
11788,1.382301E-06,-6.122683E-07,-1.815162E-07,1.522688E-06
11789,1.381523E-06,-2.462018E-07,-1.820198E-07,1.415045E-06
11790,-5.395972E-07,-4.333441E-06,2.058978E-06,4.827967E-06
11791,-5.461371E-07,-4.338077E-06,2.058749E-06,4.832766E-06
11792,-2.682939E-06,8.517772E-06,3.582894E-06,9.622252E-06
11793,-3.879344E-06,-2.807819E-06,-3.681567E-06,6.040454E-06
11794,-2.683628E-06,8.525347E-06,3.580024E-06,9.628083E-06
11795,-3.870451E-06,-2.804657E-06,-3.688874E-06,6.037738E-06
11796,5.734932E-07,-3.844925E-06,2.587592E-06,4.669901E-06
11797,5.72762E-07,-3.869126E-06,2.588652E-06,4.690342E-06
11798,-1.939387E-05,-2.985714E-06,3.337447E-05,3.871553E-05
11799,-1.938602E-05,-1.508502E-06,3.336886E-05,3.862091E-05
11800,2.153708E-05,-1.441897E-05,1.933927E-05,3.233822E-05
11801,2.154649E-05,-1.440335E-05,1.937986E-05,3.236181E-05
11802,-9.120165E-07,-7.359255E-06,4.325131E-06,8.584705E-06
11803,3.076239E-06,-1.632295E-06,7.517064E-06,8.284557E-06
11804,-3.686887E-07,2.144499E-06,1.52552E-06,2.657446E-06
11805,-3.610672E-07,2.148444E-06,1.539E-06,2.667339E-06
11806,-5.141551E-06,3.8391E-06,4.981798E-06,8.123579E-06
11807,2.218926E-06,1.002247E-06,-1.585496E-06,2.9055E-06
11808,2.220632E-06,1.000649E-06,-1.584639E-06,2.905784E-06
11809,-0.05746181,-0.01281008,0.02704528,0.06478738
11810,0.008290539,-0.005430249,0.001992611,0.01010896
11811,2.921697E-05,0.000141897,-2.878939E-05,0.0001477066
11812,-1.825398E-06,-8.402075E-06,-3.159995E-06,9.160377E-06
11813,-1.340368E-06,-1.372949E-05,2.926401E-06,1.410174E-05
11814,-1.285305E-06,-1.71274E-05,2.821652E-06,1.740579E-05
11815,-9.101563E-06,4.802849E-05,7.915944E-06,4.952006E-05
11816,-1.817677E-06,-8.405756E-06,-3.159712E-06,9.16212E-06
11817,-4.396507E-07,-1.667717E-05,-1.943607E-06,1.67958E-05
11818,-4.535412E-06,7.873494E-07,7.404215E-07,4.662415E-06
11819,-4.739315E-06,-1.348817E-06,8.602042E-07,5.002036E-06
11820,2.897618E-06,-1.128331E-05,-1.086108E-05,1.592709E-05
11821,-4.743218E-06,-2.549451E-06,-1.000349E-06,5.47709E-06
11822,-3.180353E-06,1.046271E-06,1.143663E-06,3.537979E-06
11823,3.625127E-06,-8.13087E-06,-5.418814E-06,1.042191E-05
11824,-3.18129E-06,1.049261E-06,1.139308E-06,3.538302E-06
11825,-9.512146E-06,-4.309559E-06,-4.40468E-07,1.045214E-05
11826,3.743461E-05,3.409383E-05,-1.473002E-06,5.06548E-05
11827,3.749189E-05,3.411575E-05,-1.481555E-06,5.071214E-05
11828,-2.970493E-06,-6.971738E-06,-2.625455E-06,8.020099E-06
11829,-8.012382E-06,1.502814E-06,5.199217E-06,9.668949E-06
11830,-8.006545E-06,1.541802E-06,5.203581E-06,9.672599E-06
11831,4.72337E-06,-1.37054E-05,4.160733E-06,1.508177E-05
11832,4.731616E-06,-1.370618E-05,4.162401E-06,1.508553E-05
11833,1.171176E-06,2.759545E-07,-9.892641E-07,1.557706E-06
11834,4.007218E-06,-1.16347E-06,-4.917995E-08,4.172994E-06
11835,-2.876956E-06,-5.125643E-06,7.953913E-07,5.931419E-06
11836,4.785386E-06,1.030853E-06,4.252098E-07,4.913592E-06
11837,-3.293196E-06,-3.906399E-06,2.708208E-06,5.782688E-06
11838,-3.370738E-06,-6.934123E-06,-7.748661E-07,7.748829E-06
11839,-6.029118E-07,1.4181E-06,-5.415474E-07,1.633335E-06
11840,2.255781E-06,-1.845139E-06,-1.447605E-06,3.25402E-06
11841,1.228589E-06,1.538538E-06,1.690552E-06,2.595091E-06
11842,-2.802443E-06,-4.621802E-06,-1.661592E-06,5.6547E-06
11843,-0.007525148,0.004720157,-0.000665024,0.008907861
11844,0.06845035,0.02950549,0.01780698,0.07663624
11845,-2.842324,0.7812437,-1.283509,3.215049
11846,-5.302439E-07,2.490533E-06,1.16064E-06,2.798392E-06
11847,4.337801E-07,1.225611E-06,-1.028892E-06,1.657983E-06
11848,4.336743E-07,1.238458E-06,-1.028942E-06,1.667506E-06
11849,-1.998525E-06,-3.787078E-06,-1.162425E-06,4.437036E-06
11850,-5.301901E-07,2.629238E-06,1.161085E-06,2.922689E-06
11851,1.053138E-07,-2.579501E-06,-4.814243E-07,2.626154E-06
11852,1.035442E-07,-2.616396E-06,-4.822866E-07,2.66249E-06
11853,-1.178052E-05,-5.847802E-08,1.111837E-05,1.619883E-05
11854,-1.176909E-05,-5.431233E-08,1.112013E-05,1.619172E-05
11855,-4.649507E-06,-1.925502E-06,-1.659656E-05,1.734276E-05
11856,-4.651743E-06,-1.771134E-06,-1.660493E-05,1.733492E-05
11857,-8.009567E-06,-8.668905E-07,1.537204E-05,1.735524E-05
11858,8.942156E-07,-1.17788E-06,6.704718E-07,1.623747E-06
11859,8.930577E-07,-1.17812E-06,6.667469E-07,1.621749E-06
11860,-2.075128E-06,-1.962315E-06,-2.908312E-06,4.076164E-06
11861,8.207495E-06,-2.88976E-06,1.1536E-06,8.777498E-06
11862,-3.064499E-06,-3.120839E-06,-3.321418E-06,5.49205E-06
11863,-2.934833E-07,1.428828E-05,-3.248671E-06,1.465589E-05
11864,-2.073424E-06,-1.964787E-06,-2.896755E-06,4.068251E-06
11865,-2.739474E-06,3.819978E-06,-9.497016E-07,4.795716E-06
11866,2.651019E-06,3.786666E-06,-3.126627E-06,5.58055E-06
11867,3.253329E-08,3.211843E-06,7.462546E-08,3.212875E-06
11868,4.036033E-06,-1.736037E-06,-1.982363E-06,4.820078E-06
11869,-4.864453E-07,-4.546287E-06,7.865714E-07,4.639402E-06
11870,-4.651248E-07,-1.221424E-06,-4.223598E-06,4.421198E-06
11871,-1.241086E-06,-5.372816E-07,2.139312E-06,2.530933E-06
11872,0.5384971,0.6795423,0.07371849,0.8701674
11873,-0.07032723,0.2032342,0.0378008,0.2183551
11874,0.002481351,-0.00228759,-0.007031084,0.007799122
11875,-0.5875698,0.8560562,0.2596488,1.070275
11876,-1.306265E-06,-2.871433E-06,-2.043882E-06,3.758844E-06
11877,2.627523E-06,-6.499374E-06,2.567367E-06,7.465729E-06
11878,9.051319E-08,-2.365419E-06,-3.011424E-06,3.830414E-06
11879,-1.580665E-06,-3.573901E-06,3.908217E-06,5.526792E-06
11880,-2.642031E-06,-3.485266E-06,3.814951E-06,5.803555E-06
11881,3.8639E-06,2.32242E-05,2.978574E-06,2.37311E-05
11882,-3.15131E-07,-3.278072E-06,-2.676943E-06,4.243947E-06
11883,1.922017E-07,-2.047088E-07,-6.373031E-06,6.379214E-06
11884,-1.114203E-05,-1.839879E-07,-1.084015E-05,1.55463E-05
11885,-9.528997E-07,-1.42786E-06,1.747771E-07,1.725499E-06
11886,-9.498076E-07,-1.429364E-06,1.927946E-07,1.726958E-06
11887,8.387229E-06,-1.016585E-07,-3.600675E-05,3.697083E-05
11888,1.854173E-06,-2.42163E-06,-1.350925E-06,3.335753E-06
11889,1.466866E-06,3.825857E-07,1.260985E-07,1.521174E-06
11890,-2.213683E-06,-1.814134E-06,1.353601E-06,3.166025E-06
11891,4.974424E-06,-2.165508E-06,2.000907E-06,5.782555E-06
11892,1.45421E-06,3.460807E-07,1.203533E-07,1.499661E-06
11893,-3.043698E-08,6.184846E-07,2.491748E-06,2.567539E-06
11894,-6.003303E-06,-4.374623E-07,-1.766455E-07,6.021812E-06
11895,5.091958E-07,-2.983573E-06,-5.85099E-06,6.587494E-06
11896,-3.024954E-06,7.415081E-06,-5.841052E-06,9.912197E-06
11897,1.975383E-06,-9.350665E-08,-6.789342E-06,7.071496E-06
11898,4.560216E-07,5.771199E-06,-2.741641E-06,6.405567E-06
11899,4.538731E-07,5.774203E-06,-2.741251E-06,6.407955E-06
11900,3.409742E-06,1.534703E-06,-5.041095E-06,6.276488E-06
11901,-3.024998E-06,7.404837E-06,-5.856106E-06,9.913435E-06
11902,-6.008328E-06,-4.341223E-07,-1.542483E-07,6.025966E-06
11903,3.403433E-07,-3.032667E-06,-2.941969E-06,4.238878E-06
11904,-0.001221679,0.001989996,0.00414605,0.004758394
11905,-0.004863816,-0.000621989,-0.01237697,0.01331288
11906,-1.656818E-07,1.108995E-06,-1.245966E-07,1.128204E-06
11907,4.35135E-06,-4.031469E-07,1.446322E-07,4.372378E-06
11908,1.466034E-06,5.564956E-06,1.095595E-07,5.755866E-06
11909,-3.091425E-08,3.480296E-06,1.111577E-07,3.482208E-06
11910,-2.832527E-06,-6.441819E-07,4.526352E-08,2.905207E-06
11911,4.100885E-06,3.441383E-06,-6.708183E-07,5.395403E-06
11912,4.405756E-06,-3.577785E-07,-1.031561E-07,4.421463E-06
11913,-2.090933E-06,-7.280718E-07,-1.341392E-08,2.214107E-06
11914,7.892207E-07,2.930159E-07,-8.099052E-09,8.418986E-07
11915,7.942696E-07,3.1271E-07,-2.421599E-08,8.539544E-07
11916,-0.03708786,-0.1021464,0.1756512,0.2065496
11917,2.661082E-06,-2.933227E-06,2.860592E-07,3.970769E-06
11918,2.003061E-06,-1.11378E-05,1.431819E-06,1.140671E-05
11919,-1.905192E-06,-1.050602E-05,1.424704E-06,1.0772E-05
11920,-1.3216E-06,-2.905214E-06,-3.661978E-07,3.21263E-06
11921,-1.653825E-06,-4.946598E-06,1.673756E-07,5.218427E-06
11922,-1.767745E-06,0.0001718506,2.056255E-05,0.0001730855
11923,2.66093E-06,-2.933666E-06,2.855074E-07,3.970952E-06
11924,1.332612E-06,-9.406383E-06,-7.845178E-07,9.532647E-06
11925,-1.316688E-06,-9.122288E-06,-1.435771E-06,9.327982E-06
11926,6.156722E-05,-0.0001897399,3.581075E-05,0.0002026677
11927,-1.594605E-05,0.0003141838,7.514087E-05,0.0003234376
11928,4.345246E-05,-4.120743E-07,-2.456273E-05,4.991607E-05
11929,4.299555E-05,-4.043883E-07,-2.429692E-05,4.938746E-05
11930,-1.287934E-05,-6.890195E-05,0.0001509881,0.0001664655
11931,4.622779E-06,2.930134E-06,-3.20299E-06,6.341524E-06
11932,3.230862E-06,-2.713464E-06,-7.521804E-06,8.62432E-06
11933,2.124674E-06,-5.908759E-06,-2.032084E-05,2.126886E-05
11934,-1.027025E-05,-6.310867E-07,-5.291762E-06,1.157061E-05
11935,5.159103E-10,-1.401668E-06,-3.679685E-06,3.937608E-06
11936,3.742476E-06,3.277859E-06,6.654494E-07,5.019294E-06
11937,6.05E-06,-8.236727E-06,-4.849187E-06,1.131197E-05
11938,-8.331498E-07,-1.835408E-06,-8.008928E-06,8.258679E-06
11939,6.836493E-07,-3.871219E-06,-8.57566E-06,9.433751E-06
11940,-1.235075E-06,2.206704E-07,-7.262414E-06,7.369991E-06
11941,6.764599E-07,-2.157151E-06,-9.144062E-06,9.419382E-06
11942,5.037951E-07,-3.27761E-06,-8.682569E-06,9.294275E-06
11943,-9.328564E-07,-1.781796E-06,-6.76698E-06,7.059535E-06
11944,4.080378E-07,8.893055E-07,-8.843283E-06,8.897248E-06
11945,0.0001884008,0.000211384,-0.0002083654,0.0003515597
11946,0.0001886573,0.0001842773,-0.0001475348,0.0003021857
11947,-0.0002965069,0.000102847,0.0009497463,0.001000256
11948,-0.0001323648,0.0001352934,-9.897685E-05,0.0002135911
11949,-0.001585977,0.03074886,-0.04867888,0.05759897
11950,0.09959408,-0.1440795,-0.004069603,0.1751983
11951,10.98501,-4.941725,0.51126,12.05623
11952,2.938053E-07,1.911562E-05,-7.219262E-06,2.043554E-05
11953,9.690624E-07,-2.086615E-06,-9.906472E-07,2.504881E-06
11954,9.695849E-07,-2.085873E-06,-9.928036E-07,2.505318E-06
11955,-4.996782E-07,-3.257611E-06,-2.824059E-07,3.307788E-06
11956,-5.004062E-07,-3.258839E-06,-2.776456E-07,3.308705E-06
11957,-5.147373E-05,-1.73927E-06,1.105843E-05,5.267693E-05
11958,-3.447942E-06,2.746659E-05,-1.129807E-05,2.989897E-05
11959,8.086378E-05,-3.170215E-05,5.74404E-06,8.70458E-05
11960,-8.83833E-06,-2.158886E-05,4.78515E-06,2.38137E-05
11961,5.036342E-06,-1.798616E-05,1.324775E-05,2.289912E-05
11962,1.052103E-05,-2.673982E-05,4.223735E-06,2.904393E-05
11963,-1.8259E-05,-2.111022E-05,-4.452958E-06,2.826413E-05
11964,0.1884795,0.03263897,-0.08211416,0.2081648
11965,9.07788E-07,-1.356972E-06,1.038959E-06,1.935171E-06
11966,9.049293E-07,-1.399572E-06,1.05543E-06,1.972722E-06
11967,-1.390987E-06,-3.121291E-06,1.531666E-06,3.74477E-06
11968,1.842324E-06,-1.020775E-06,1.487937E-06,2.578778E-06
11969,3.748638E-07,-1.026056E-06,2.938776E-06,3.135238E-06
11970,3.759306E-07,-1.026385E-06,2.941443E-06,3.137974E-06
11971,-1.3862E-06,-3.122517E-06,1.535917E-06,3.745758E-06
11972,-6.588647E-05,-6.333637E-05,3.612833E-05,9.827399E-05
11973,-1.23385E-05,1.145775E-06,3.018227E-05,3.2627E-05
11974,6.337383E-06,-1.433067E-05,5.119162E-06,1.648443E-05
11975,8.975044E-06,4.367089E-05,-6.187765E-07,4.45879E-05
11976,-3.498587E-06,-2.865587E-05,1.167399E-05,3.11397E-05
11977,6.96461E-07,-1.524176E-05,4.619165E-06,1.594155E-05
11978,-1.299074E-08,-9.112685E-06,-2.000241E-06,9.329638E-06
11979,2.209761E-06,-2.064257E-05,-1.055017E-06,2.07873E-05
11980,7.26693E-06,-9.1886E-06,3.762412E-06,1.230424E-05
11981,0.00149741,-7.83358E-05,0.007077164,0.007234268
11982,5.414262E-06,2.902456E-05,1.361318E-07,2.952554E-05
11983,1.403103E-06,3.023167E-05,3.917369E-06,3.051669E-05
11984,1.478444E-06,3.025468E-05,4.042315E-06,3.055931E-05
11985,0.1303534,0.2021165,-0.07669943,0.2524399
11986,0.0144983,0.007713679,0.003118119,0.01671599
11987,6.401936E-07,-9.819163E-07,-1.645422E-06,2.020253E-06
11988,6.966467E-07,-1.148397E-06,1.073631E-06,1.719539E-06
11989,7.043254E-07,-1.147674E-06,1.061632E-06,1.714728E-06
11990,9.950594E-08,-2.184838E-06,-1.661063E-07,2.193401E-06
11991,9.729449E-08,-2.184846E-06,-1.630012E-07,2.193077E-06
11992,1.165443E-06,-1.358888E-06,1.347429E-06,2.240625E-06
11993,2.452158E-05,-4.236216E-05,2.083279E-05,5.319648E-05
11994,1.399208E-05,-2.765754E-05,2.185903E-05,3.792803E-05
11995,2.452158E-05,-4.236216E-05,2.083279E-05,5.319648E-05
11996,2.338328E-06,-1.636398E-06,1.258694E-05,1.290645E-05
11997,2.880944E-06,-1.702364E-06,1.223184E-05,1.268132E-05
11998,-4.860358E-05,0.0002109464,-6.145451E-05,0.0002250274
11999,-6.58533E-06,6.182015E-05,4.705556E-05,7.797002E-05
12000,-9.786108E-07,-3.023274E-05,-9.537873E-06,3.171667E-05
12001,-1.974832E-06,-1.915178E-05,-6.062403E-06,2.018523E-05
12002,1.432248E-05,1.944507E-05,-7.228126E-06,2.520893E-05
12003,-4.655822E-06,-2.614706E-05,-9.218782E-06,2.811283E-05
12004,-6.659354E-06,-1.726479E-06,-2.49288E-06,7.317252E-06
12005,2.196869E-06,-1.530725E-05,9.092602E-07,1.54908E-05
12006,3.064135E-06,-3.968229E-05,-1.675483E-05,4.31833E-05
12007,3.540733E-05,-2.876495E-05,-1.937912E-06,4.566024E-05
12008,3.540128E-05,-2.877844E-05,-1.899863E-06,4.566244E-05
12009,2.314836E-05,-3.854206E-05,3.317858E-05,5.587625E-05
12010,2.316629E-05,-3.853811E-05,3.319113E-05,5.588841E-05
12011,5.65419E-06,1.940638E-05,1.581891E-05,2.56674E-05
12012,7.820639E-06,3.517511E-05,-4.552342E-06,3.632044E-05
12013,1.337769E-05,2.884202E-05,1.277207E-05,3.426296E-05
12014,1.338452E-05,2.888471E-05,1.277042E-05,3.430095E-05
12015,3.253862E-06,8.521638E-06,-2.839104E-05,2.982042E-05
12016,3.643007E-06,3.729253E-05,-2.471783E-05,4.488848E-05
12017,-3.29867E-06,4.994675E-05,7.620866E-08,5.005562E-05
12018,-3.257123E-06,4.999748E-05,-3.897785E-08,5.010348E-05
12019,-5.108365E-06,3.011465E-05,-4.712015E-07,3.054848E-05
12020,-5.107322E-06,3.011306E-05,3.868357E-07,3.054555E-05
12021,-0.008580956,-0.0009548021,0.003070759,0.009163734
12022,-1.582235E-06,-1.601535E-06,1.007292E-06,2.466378E-06
12023,1.583828E-06,-1.431163E-06,-2.819721E-07,2.153194E-06
12024,1.306293E-06,-1.555474E-06,-1.076395E-06,2.29881E-06
12025,-1.250229E-06,-1.374572E-06,-1.719393E-07,1.866035E-06
12026,1.306798E-06,-1.555443E-06,-1.068622E-06,2.295447E-06
12027,4.921829E-06,-2.911621E-06,1.103921E-05,1.243246E-05
12028,5.028237E-06,-2.920821E-06,1.104273E-05,1.248024E-05
12029,-1.844344E-05,-2.881113E-06,-2.899868E-05,3.448746E-05
12030,-1.858662E-05,-2.907907E-06,-2.861662E-05,3.42466E-05
12031,1.213382E-05,-4.694838E-06,-1.990349E-05,2.377856E-05
12032,-1.899322E-05,-3.316356E-06,1.888498E-05,2.698857E-05
12033,2.0585E-05,1.348338E-05,-5.667259E-05,6.178451E-05
12034,-2.179159E-05,-2.022763E-05,-1.461965E-05,3.313254E-05
12035,6.087812E-06,-3.585759E-05,-4.049305E-06,3.659543E-05
12036,5.98902E-06,-3.588296E-05,-2.325386E-05,4.317635E-05
12037,7.386834E-06,2.907695E-05,-5.646248E-06,3.052727E-05
12038,0.0001228727,0.0003649648,0.0006837497,0.000784736
12039,-2.019053E-06,6.077279E-06,-5.555206E-06,8.47763E-06
12040,-2.114486E-07,-2.854585E-07,-1.212175E-07,3.753542E-07
12041,-2.135638E-07,-3.022779E-07,-1.230487E-07,3.900287E-07
12042,-4.731938E-06,2.100356E-06,-1.735801E-07,5.180045E-06
12043,-4.734533E-06,2.103756E-06,-1.736176E-07,5.183796E-06
12044,5.58859E-07,4.307495E-06,-4.005185E-06,5.908328E-06
12045,-1.182649E-06,7.576461E-06,-3.632219E-06,8.484953E-06
12046,2.424703E-05,-9.69869E-06,-4.022811E-05,4.796127E-05
12047,2.250265E-05,1.969927E-05,-1.290439E-05,3.257228E-05
12048,-5.746835E-05,-1.309097E-05,-6.005293E-05,8.414475E-05
12049,-1.084925E-05,-1.457431E-05,-1.119705E-05,2.134222E-05
12050,-0.0001371026,-0.0002457532,0.0004862519,0.000561812
12051,-1.117771E-05,-1.388787E-05,-1.140226E-05,2.116189E-05
12052,1.108687E-06,-1.567511E-06,1.036542E-06,2.181902E-06
12053,3.924169E-07,-2.825647E-06,-9.857774E-09,2.852783E-06
12054,3.203128E-07,-6.558342E-06,-2.25013E-06,6.941003E-06
12055,1.079172E-07,-5.980027E-06,-4.1019E-06,7.252444E-06
12056,1.106556E-06,-1.567503E-06,1.035984E-06,2.180549E-06
12057,-1.051846E-07,-3.350148E-06,-9.115084E-07,3.473529E-06
12058,-1.042798E-07,-3.35017E-06,-9.038586E-07,3.471524E-06
12059,0.0002469486,-5.473847E-05,-9.814744E-05,0.0002713169
12060,-0.0003111741,-0.0001003503,-0.0001878656,0.0003770849
12061,-0.0001441648,-4.833372E-05,6.329254E-05,0.0001646985
12062,0.0001879178,-0.0001114472,-0.0001285631,0.0002534996
12063,-4.316038E-05,-3.282662E-05,-0.0001279961,0.0001390086
12064,-7.260584E-05,-7.902515E-05,-2.594596E-06,0.0001073467
12065,0,0,0,0
12066,6.582031E-05,4.933819E-05,-0.0001899887,0.0002070321
12067,3.543108E-05,-3.847895E-05,-6.662783E-05,8.470689E-05
12068,-4.802189E-06,-9.442483E-07,-3.930937E-05,3.961286E-05
12069,1.175641E-05,2.40514E-06,2.15911E-05,2.470169E-05
12070,1.176624E-05,2.396843E-06,2.15967E-05,2.471046E-05
12071,3.021356E-06,-5.139828E-06,-2.880515E-06,6.621465E-06
12072,-4.088879E-06,-6.913828E-06,2.769398E-06,8.496441E-06
12073,-1.789164E-06,-6.041547E-06,4.309081E-06,7.633451E-06
12074,3.022029E-06,-5.138641E-06,-2.889106E-06,6.624592E-06
12075,-1.147847E-06,-3.872916E-06,3.52996E-06,5.36448E-06
12076,-1.146573E-06,-3.873294E-06,3.529031E-06,5.363869E-06
12077,-0.0002747568,-0.0001406109,0.0001914304,0.0003631918
12078,9.594534E-05,-1.302232E-05,4.497552E-05,0.0001067609
12079,-6.432587E-05,-5.895033E-05,-4.523011E-05,9.827879E-05
12080,-0.0001256635,-3.412525E-05,-4.934829E-05,0.0001392519
12081,-0.001729355,0.001557634,0.003321169,0.004055497
12082,-5.284509E-05,-0.0002700131,0.0002215138,0.0003532252
12083,0.0005072989,-2.492511E-05,0.0002670197,0.0005738231
12084,-0.0001784183,0.0003295795,-0.0004333515,0.0005729304
12085,-0.01191418,0.007386865,0.01710681,0.02211688
12086,-2.562186E-06,-3.523208E-06,-1.454632E-06,4.592793E-06
12087,-2.560411E-06,-3.523216E-06,-1.460846E-06,4.593781E-06
12088,2.277953E-06,-3.387974E-06,-7.792867E-06,8.797512E-06
12089,-3.993965E-06,-5.570128E-06,7.987391E-07,6.90044E-06
12090,-2.68399E-06,-4.898051E-06,2.934515E-06,6.309206E-06
12091,2.277617E-06,-3.387944E-06,-7.794716E-06,8.799051E-06
12092,-2.668212E-06,-4.90005E-06,2.917615E-06,6.296214E-06
12093,7.891303E-06,-5.35707E-06,8.65292E-07,9.577034E-06
12094,-2.500255E-06,-5.381746E-06,2.66019E-06,6.503159E-06
12095,4.123256E-05,-2.534125E-05,-1.399368E-05,5.037983E-05
12096,5.877171E-06,-4.689294E-05,5.793077E-05,7.476272E-05
12097,-2.985498E-05,-1.571967E-05,-6.076169E-05,6.950115E-05
12098,-7.421708E-05,0.0002517384,6.458973E-05,0.0002702817
12099,-0.000150324,-7.02654E-05,3.385889E-06,0.0001659699
12100,0.0003007123,-5.253902E-05,-0.0003380901,0.0004555142
12101,2.327879E-06,1.953771E-06,3.303567E-06,4.488852E-06
12102,-1.815369E-06,1.032309E-05,-3.775953E-06,1.114089E-05
12103,5.800523E-06,9.299216E-06,9.834331E-06,1.472534E-05
12104,5.795604E-06,9.297708E-06,9.826023E-06,1.47169E-05
12105,-1.815899E-06,1.031891E-05,-3.778964E-06,1.113814E-05
12106,-1.530746E-05,-1.863719E-05,-1.195463E-05,2.691796E-05
12107,1.798191E-05,2.628488E-05,2.565506E-05,4.089531E-05
12108,0.007297517,-0.00833586,0.01502124,0.01866489
12109,-0.0002723281,0.0002227601,0.001159739,0.001211932
12110,0.0003963771,0.0001688161,-0.0002432647,0.000494764
12111,-1.073434E-08,3.309647E-06,2.280427E-07,3.317511E-06
12112,-5.367613E-09,3.287432E-06,2.201183E-07,3.294797E-06
12113,-0.01546226,0.003227037,0.01426514,0.02128355
12114,0.01092624,0.02518528,0.003195652,0.02763862
12115,1.926048E-05,-5.762397E-06,-2.159679E-06,2.021968E-05
12116,1.926588E-05,-5.762996E-06,-2.162346E-06,2.022528E-05
12117,-4.343276E-06,-4.539506E-06,4.588052E-06,7.779548E-06
12118,1.023216E-05,-7.282343E-06,-7.627563E-06,1.469386E-05
12119,-4.352503E-06,-4.540169E-06,4.587298E-06,7.784646E-06
12120,1.024321E-05,-7.283365E-06,-7.626301E-06,1.47014E-05
12121,2.085227E-05,-3.650899E-05,-2.001535E-05,4.656542E-05
12122,-3.17788E-05,-2.335603E-05,1.395269E-05,4.183389E-05
12123,-1.812784E-05,1.129196E-05,1.787044E-06,2.143176E-05
12124,-0.0001083872,-9.869637E-05,0.0001017138,0.0001784221
12125,0.0002960526,-1.51212E-05,-2.745359E-05,0.0002977071
12126,-5.068801E-06,1.313957E-05,1.475264E-05,2.039562E-05
12127,1.175084E-06,2.212723E-05,2.007519E-05,2.989997E-05
12128,6.449462E-06,-3.693273E-06,-2.7426E-06,7.921974E-06
12129,-3.187758E-06,1.215955E-05,1.554799E-05,1.999391E-05
12130,-3.188836E-06,1.216808E-05,1.553879E-05,1.999212E-05
12131,-2.435293E-06,2.857244E-05,3.617725E-06,2.890334E-05
12132,-2.412329E-06,2.85675E-05,3.606819E-06,2.889517E-05
12133,-0.0008825554,0.01506408,0.007259684,0.0167454
12134,0.0005666345,5.34308E-05,-0.0002892452,0.0006384296
12135,-0.0004601454,0.0006769322,-0.001147955,0.001409883
12136,-1.237973E-05,1.93054E-05,7.915039E-07,2.294738E-05
12137,-1.237377E-05,1.929713E-05,8.160648E-07,2.293808E-05
12138,1.368345E-05,-3.450487E-06,-3.341842E-07,1.411575E-05
12139,-6.153095E-06,9.335711E-06,-4.617496E-07,1.119059E-05
12140,1.36918E-05,-3.457865E-06,-3.212625E-07,1.412535E-05
12141,-6.141161E-06,9.337168E-06,-1.169103E-07,1.117632E-05
12142,1.367447E-05,-7.420043E-07,1.763366E-07,1.369573E-05
12143,-2.702192E-05,-9.288833E-07,-2.865537E-05,3.939768E-05
12144,-0.0005670721,0.001455117,0.0009783151,0.001842834
12145,-6.582231E-06,-5.12929E-06,-2.310341E-07,8.347979E-06
12146,-3.114755E-06,-5.02224E-06,7.237742E-06,9.343955E-06
12147,-3.112014E-06,-5.020738E-06,7.242204E-06,9.345692E-06
12148,7.644511E-06,-6.15542E-06,5.861079E-06,1.143154E-05
12149,-2.685818E-06,-5.445364E-06,-1.152936E-06,6.1802E-06
12150,-5.241527E-06,-4.476778E-06,-3.466269E-06,7.715579E-06
12151,7.644297E-06,-6.154593E-06,5.865201E-06,1.143306E-05
12152,-5.555566E-05,-6.583054E-05,-0.0001149472,0.0001436417
12153,-3.962336E-05,-3.896593E-05,5.568104E-05,7.866849E-05
12154,-6.667502E-05,-7.273565E-05,4.286691E-05,0.0001075807
12155,4.866407E-05,0.0001844412,-0.0001721362,0.0002569389
12156,-0.0002177986,6.93355E-05,-8.4408E-05,0.0002436562
12157,0.0002237862,-4.377711E-05,-0.0004274494,0.0004844685
12158,-1.307231E-05,2.207008E-05,1.059108E-05,2.775148E-05
12159,8.859199E-07,4.300015E-07,3.473582E-06,3.610475E-06
12160,-1.17469E-05,1.224349E-05,-2.120398E-06,1.709938E-05
12161,7.076482E-07,7.351E-06,-2.556889E-06,7.815092E-06
12162,-1.145287E-05,1.230855E-05,-2.450873E-06,1.699045E-05
12163,-1.307598E-05,2.207461E-05,1.058663E-05,2.775512E-05
12164,-3.761872E-06,9.077844E-06,1.131312E-05,1.498485E-05
12165,1.805936E-06,-1.259679E-05,8.064911E-06,1.506596E-05
12166,-1.394184E-06,-4.875564E-06,-1.16902E-06,5.203987E-06
12167,8.862904E-07,4.370356E-07,3.482146E-06,3.619648E-06
12168,-9.54651E-05,6.802283E-05,2.897226E-06,0.0001172565
12169,-0.004709644,-0.002374942,-0.007867265,0.009471798
12170,0.0001766805,-0.0004284275,0.0009873792,0.001090726
12171,0.0001869737,0.000454985,-0.0003355715,0.0005954652
12172,-1.002256E-05,0.0008526879,0.0007356113,0.001126189
12173,-2.163885E-06,-4.393668E-06,-1.780344E-06,5.211175E-06
12174,-1.167425E-05,2.980163E-05,-5.086922E-05,6.010077E-05
12175,-3.421274E-05,5.485618E-05,7.855921E-05,0.0001017411
12176,-1.820138E-06,1.941465E-05,1.494897E-05,2.457058E-05
12177,-3.13226E-08,-5.253416E-06,-2.645183E-06,5.881866E-06
12178,-6.724952E-07,-4.920984E-06,-3.691251E-06,6.188187E-06
12179,-3.798318E-07,-9.394072E-06,8.893106E-07,9.443714E-06
12180,1.167961E-06,-4.736987E-06,-1.943303E-06,5.251628E-06
12181,-1.577365E-06,-6.63155E-06,-4.040239E-07,6.828527E-06
12182,-1.584423E-06,-6.630801E-06,-3.994395E-07,6.829163E-06
12183,0.0007744044,-0.001559941,-0.002132172,0.002753049
12184,-0.0001768219,-0.0003352029,0.0005693731,0.0006839684
12185,-5.672626E-05,-0.0001820798,-3.717936E-05,0.0001943019
12186,0,0,0,0
12187,1.6025E-06,2.84636E-06,-1.805178E-06,3.732082E-06
12188,6.813588E-06,-9.000872E-06,7.210285E-06,1.339511E-05
12189,3.681074E-06,1.95075E-06,1.079493E-06,4.303607E-06
12190,4.776615E-07,-2.728713E-06,-2.169572E-06,3.518675E-06
12191,-1.356721E-06,-4.663807E-07,-3.371752E-06,3.664275E-06
12192,-3.447042E-07,2.521681E-06,-1.617926E-06,3.015855E-06
12193,-3.419244E-07,2.525824E-06,-1.619397E-06,3.019792E-06
12194,4.210224E-06,4.38116E-06,2.847453E-06,6.710331E-06
12195,-4.072323E-06,-9.403496E-06,-1.590478E-06,1.037011E-05
12196,0.00204762,0.0001856346,0.0008589253,0.002228219
12197,0.0001116991,-5.547376E-05,4.374744E-07,0.0001247166
12198,-0.001807072,-0.0003182161,-0.0004840433,0.001897648
12199,-0.004614062,-0.001304852,0.004653172,0.006681633
12200,0.0009549923,-0.002541559,-0.002410002,0.003630377
12201,-0.0003302885,4.980785E-05,-0.0003727752,0.0005005324
12202,-0.0002244126,0.000499816,-1.218467E-05,0.0005480196
12203,1.86681E-05,3.726064E-05,-5.638277E-05,7.011327E-05
12204,2.42024E-06,-7.583668E-06,-6.884655E-07,7.990217E-06
12205,-6.594344E-07,-6.827438E-06,-9.727918E-07,6.927849E-06
12206,2.365095E-06,-5.005438E-06,5.308398E-07,5.561463E-06
12207,9.707446E-07,-7.941892E-06,-4.185409E-08,8.00111E-06
12208,-2.367163E-06,-6.683492E-06,1.848979E-06,7.327432E-06
12209,-2.803371E-07,-7.217209E-06,-1.70054E-06,7.420143E-06
12210,-1.302634E-06,-6.305278E-06,2.266569E-06,6.82574E-06
12211,-0.0003736731,-0.0004138378,-2.301453E-05,0.0005580528
12212,-2.050028E-05,-0.0002798835,-0.0001499091,0.0003181632
12213,-8.095807E-05,0.0005344765,0.0001763505,0.0005686114
12214,-0.0001467121,0.0005189395,0.0002792416,0.0006072878
12215,-0.001570015,-0.002286214,0.002687475,0.003861896
12216,-0.0001157536,-0.0005540817,1.698573E-05,0.0005662984
12217,2.882091E-06,-2.156411E-06,2.717092E-06,4.509895E-06
12218,-3.857213E-06,-3.300184E-06,-2.756404E-07,5.083825E-06
12219,3.07765E-06,7.140959E-06,-2.53292E-06,8.178074E-06
12220,-5.157151E-06,3.883594E-06,1.061325E-06,6.542547E-06
12221,4.62533E-06,-8.650021E-06,-9.147823E-07,9.851567E-06
12222,1.52448E-06,-7.065117E-07,-1.293565E-06,2.120497E-06
12223,-4.31553E-06,2.734898E-06,3.170266E-06,6.012824E-06
12224,-0.0009940718,0.0003547324,0.0006285922,0.001228471
12225,0.002393552,0.0007296955,-0.0007659505,0.002616912
12226,-0.001060161,-0.0007052099,0.0008272423,0.001518418
12227,0,0,0,0
12228,-0.0009116858,0.0002662289,0.000598709,0.00112272
12229,0.0004900208,0.01130373,-0.05264826,0.05385029
12230,-7.448652E-07,-8.329671E-06,2.842891E-06,8.832909E-06
12231,7.503098E-07,-8.320239E-06,-3.855776E-06,9.20089E-06
12232,1.240656E-06,-7.769942E-06,1.85859E-06,8.084899E-06
12233,-6.685211E-07,-8.725331E-06,-8.062234E-07,8.787964E-06
12234,2.51985E-07,-6.379943E-06,2.699871E-06,6.932277E-06
12235,4.787542E-07,-7.52307E-06,-2.467073E-07,7.542324E-06
12236,-5.946118E-07,-7.075983E-06,-5.977505E-07,7.126037E-06
12237,-4.347354E-05,0.0001862575,3.467151E-05,0.0001943809
12238,-1.524213E-05,-0.0003263495,0.0001605602,0.0003640273
12239,-0.0002043131,-0.0002098491,0.0001442117,0.000326462
12240,0.0006530989,0.0003921515,-0.0006400748,0.0009949958
12241,0.0002866302,-0.000722912,-0.0001927996,0.0008012055
12242,0.000204599,-0.0001654536,0.0002148506,0.0003397005
12243,-3.492643E-06,-6.538015E-06,3.468005E-06,8.183597E-06
12244,4.604122E-06,5.253526E-06,-6.621677E-07,7.016833E-06
12245,5.5804E-06,2.40663E-06,-1.290441E-06,6.212726E-06
12246,1.704998E-06,-7.905264E-07,1.608026E-06,2.473397E-06
12247,-1.777845E-06,-3.185291E-06,1.04287E-06,3.793994E-06
12248,-3.785437E-06,8.090935E-06,-1.161777E-06,9.007912E-06
12249,-0.0009853876,0.001244951,-0.0009217104,0.001835876
12250,-0.01476099,-0.002386226,0.003401042,0.01533453
12251,0.001278257,-0.0003071414,0.0006327523,0.00145899
12252,1.700417E-05,9.197283E-07,-1.113898E-06,1.706542E-05
12253,1.061364E-05,-1.034785E-05,-2.021652E-05,2.50686E-05
12254,-0.008140639,0.004335877,-0.003324925,0.009804334
12255,-0.001183405,-0.001013339,0.0006372095,0.001683253
12256,0.01594745,0.007184283,0.01187426,0.0211408
12257,-5.919941E-07,-7.112109E-06,-9.831139E-07,7.2041E-06
12258,1.273944E-06,-8.011852E-06,-3.560804E-06,8.859573E-06
12259,1.272804E-06,-8.012028E-06,-3.567243E-06,8.862158E-06
12260,-7.57736E-07,-1.073491E-05,-3.636149E-06,1.135931E-05
12261,-5.875125E-07,-7.113845E-06,-9.627289E-07,7.202695E-06
12262,4.167461E-06,-7.901294E-06,-2.108344E-06,9.178415E-06
12263,1.97102E-06,-7.922705E-06,-9.726303E-07,8.221933E-06
12264,1.427095E-06,-4.728116E-06,-6.25209E-06,7.967453E-06
12265,1.426381E-06,-4.727495E-06,-6.24908E-06,7.964595E-06
12266,-3.287881E-05,-4.481907E-05,4.425099E-05,7.104868E-05
12267,2.77467E-05,-2.942846E-05,5.721729E-05,7.006947E-05
12268,-2.328712E-05,-4.193234E-05,-8.814509E-07,4.797279E-05
12269,1.688377E-05,-3.163618E-05,-1.247667E-05,3.79681E-05
12270,7.478044E-05,2.63292E-05,-2.173874E-06,7.930995E-05
12271,-2.073848E-05,1.466382E-05,-8.034025E-07,2.541176E-05
12272,-7.010454E-05,0.0001308194,0.0001129396,0.0001865039
12273,1.636233E-06,3.183632E-05,1.756319E-05,3.639635E-05
12274,0.0001905645,-0.0002369719,0.0002786614,0.0004124593
12275,-0.000110304,0.0002904954,0.0002097841,0.0003749185
12276,0.0001905645,-0.0002369719,0.0002786614,0.0004124593
12277,0.0001905645,-0.0002369719,0.0002786614,0.0004124593
12278,-3.27523E-05,1.18655E-06,-8.67164E-07,3.278525E-05
12279,-1.249643E-05,-4.032019E-06,-4.05946E-08,1.313086E-05
12280,-1.251424E-05,-4.054678E-06,-5.530418E-07,1.316634E-05
12281,-3.25987E-05,1.28484E-06,3.224641E-07,3.26256E-05
12282,-3.27574E-05,3.969289E-05,5.626148E-07,5.146736E-05
12283,-3.276954E-05,3.962939E-05,-7.507324E-08,5.142312E-05
12284,0.0009361207,-0.0005100854,-2.13951E-05,0.001066286
12285,-0.002361797,0.002430015,0,0.003388666
12286,8.160578E-06,-9.416558E-06,4.919615E-06,1.339661E-05
12287,1.854391E-06,1.407597E-06,4.180695E-06,4.785217E-06
12288,-1.177421E-07,-5.696314E-06,1.481132E-06,5.886901E-06
12289,5.470997E-07,-2.664655E-07,-2.39832E-06,2.47432E-06
12290,-5.217788E-07,-3.738547E-06,2.961758E-07,3.786384E-06
12291,-3.053464E-06,-4.482175E-07,7.495264E-07,3.175899E-06
12292,-1.471579E-06,-1.075797E-05,1.448494E-06,1.095434E-05
12293,-0.005405369,-0.00512118,0.004853867,0.008888449
12294,0.0003301589,-0.0001473684,0.0006101481,0.0007092271
12295,-0.003272948,-0.05125116,-0.04156309,0.06606727
12296,0.003088518,-0.002460879,0.001126944,0.004106686
12297,-0.0004392654,-0.001807287,-0.003140938,0.003650306
12298,1.508959E-06,-5.995132E-06,-7.488825E-06,9.710874E-06
12299,-2.993818E-07,-5.397188E-06,-7.454472E-06,9.208063E-06
12300,5.976324E-07,-6.059771E-06,-7.465423E-06,9.633822E-06
12301,1.276466E-06,-5.98376E-06,-7.447968E-06,9.638827E-06
12302,-3.000884E-07,-5.397185E-06,-7.454608E-06,9.208194E-06
12303,6.582882E-06,1.426746E-05,-1.021983E-06,1.574609E-05
12304,5.26891E-06,-5.873883E-06,-3.131669E-06,8.48948E-06
12305,5.128039E-06,-5.847482E-06,-3.113111E-06,8.377428E-06
12306,5.129052E-06,-5.847671E-06,-3.113243E-06,8.378228E-06
12307,-1.018454E-05,-6.212993E-06,5.801971E-07,1.194415E-05
12308,2.452117E-07,-5.154754E-06,-2.632217E-06,5.793115E-06
12309,2.942951E-05,-1.327179E-05,-9.890548E-06,3.376477E-05
12310,6.581919E-06,1.426668E-05,-1.02458E-06,1.574514E-05
12311,7.498691E-06,1.711651E-05,-8.382445E-07,1.870582E-05
12312,-8.848051E-06,-1.611196E-05,5.110116E-05,5.430664E-05
12313,-1.029707E-05,-6.144423E-06,-2.91525E-06,1.234027E-05
12314,-1.802447E-06,1.750507E-05,-1.249484E-05,2.158234E-05
12315,-8.063235E-06,-5.598494E-06,-2.711735E-06,1.018393E-05
12316,-2.340468E-06,-5.018288E-06,-2.523752E-06,6.085254E-06
12317,-4.263355E-06,1.017818E-05,5.477394E-06,1.231964E-05
12318,-5.163863E-06,6.379501E-05,-3.585929E-05,7.336455E-05
12319,1.991555E-07,-3.749657E-06,-6.798198E-06,7.766279E-06
12320,5.684168E-06,-5.311053E-06,9.213727E-06,1.20586E-05
12321,6.161738E-06,-5.784001E-06,-6.825187E-06,1.0863E-05
12322,2.953088E-06,-5.004266E-06,8.647041E-06,1.0418E-05
12323,-2.240528E-06,-3.910226E-06,-7.223498E-06,8.514033E-06
12324,5.106367E-06,1.288264E-05,-8.129159E-06,1.606614E-05
12325,-6.698906E-06,3.922929E-05,1.806999E-05,4.37074E-05
12326,-1.850787E-06,1.277575E-06,-7.160525E-06,7.50538E-06
12327,3.49009E-06,-7.282303E-06,-7.931334E-06,1.131895E-05
12328,5.09082E-06,-4.594429E-06,-6.417877E-06,9.39225E-06
12329,-1.362019E-05,-1.88487E-05,3.474887E-05,4.181228E-05
12330,2.605731E-06,2.945432E-06,1.759758E-06,4.308382E-06
12331,-1.580605E-06,-4.960656E-06,-2.292938E-06,5.688935E-06
12332,-1.266987E-06,5.725687E-06,-5.321616E-06,7.91886E-06
12333,-7.043014E-07,1.132507E-06,-2.943688E-06,3.231704E-06
12334,6.001838E-09,-3.059524E-06,3.202331E-06,4.428955E-06
12335,2.391448E-07,-5.1421E-06,-7.044305E-06,8.724714E-06
12336,-0.0002108694,-0.0001629168,-0.0001391054,0.0003005963
12337,-0.0009287583,0.001395497,0.002782356,0.003248309
12338,-0.001355144,0.0002045912,0.001027269,0.001712762
12339,-0.001454007,-0.003137556,0.0003490641,0.003475664
12340,0.01984456,-0.003070466,-0.005254839,0.02075687
12341,0.0968504,-0.003522409,0.01713472,0.09841751
12342,0.01484456,0.0009687823,0.03418275,0.03727949
12343,-4.570005E-06,5.707047E-06,2.489328E-06,7.723476E-06
12344,2.253736E-06,-2.273493E-06,2.407431E-06,4.005473E-06
12345,2.255987E-06,-2.273463E-06,2.404803E-06,4.005145E-06
12346,1.411587E-06,-7.885466E-07,-2.594138E-06,3.056785E-06
12347,-1.992874E-06,3.643375E-06,1.039588E-06,4.280942E-06
12348,-4.430267E-07,-3.40984E-07,-1.26635E-06,1.384263E-06
12349,-2.129864E-06,1.838794E-06,-4.370892E-06,5.198287E-06
12350,4.535382E-07,7.760763E-06,9.810011E-07,7.835656E-06
12351,-4.397086E-07,-3.40288E-07,-1.271308E-06,1.387574E-06
12352,-0.0002858225,0.0001192432,0.0004050761,0.000509902
12353,-9.706155E-05,-9.318902E-05,-9.771455E-05,0.0001662927
12354,-0.001497827,0.00162315,-0.0004887228,0.002262068
12355,0.000895322,-0.0001917612,-0.0005552995,0.001070855
12356,0.005303388,-0.003854975,0.003774724,0.007565402
12357,-4.731954E-06,3.213972E-05,1.24167E-05,3.477826E-05
12358,-4.728966E-06,3.214851E-05,1.24201E-05,3.478719E-05
12359,-0.0001991205,0.001507617,-0.0009879572,0.001813455
12360,-0.009917524,-0.001093398,0.01167226,0.0153556
12361,-8.428332E-07,1.8615E-06,2.548561E-06,3.266605E-06
12362,-1.090905E-06,1.402107E-07,5.208203E-07,1.216958E-06
12363,-1.09209E-06,1.284662E-07,5.200695E-07,1.216403E-06
12364,-1.31712E-06,-3.371933E-06,-1.532593E-06,3.931103E-06
12365,-1.692547E-06,-6.171194E-07,2.750084E-06,3.287631E-06
12366,5.418079E-07,-5.8355E-07,2.867429E-06,2.975943E-06
12367,5.428455E-07,-5.827247E-07,2.864235E-06,2.972893E-06
12368,0.0004467776,-0.0004361387,-3.038425E-05,0.0006251003
12369,-4.818108E-05,-0.0001110245,8.872798E-05,0.0001500684
12370,-5.989765E-05,-4.434888E-05,-1.052803E-05,7.526879E-05
12371,9.168789E-05,0.0001779346,9.140364E-05,0.0002200501
12372,0.001032938,-0.001857947,0.001400975,0.00254591
12373,-5.640625E-06,-1.564913E-05,7.157196E-06,1.810904E-05
12374,8.123755E-05,-2.908768E-06,-5.538328E-07,8.12915E-05
12375,-5.637263E-06,-1.5654E-05,7.150693E-06,1.810963E-05
12376,6.877849E-05,4.30548E-05,0.0001080712,0.0001351428
12377,9.838969E-07,4.538465E-06,-3.61782E-06,5.886794E-06
12378,9.809223E-07,4.53763E-06,-3.624269E-06,5.889619E-06
12379,2.245866E-06,1.336731E-05,1.447118E-05,1.982785E-05
12380,-1.338288E-05,3.876281E-05,6.9854E-06,4.159871E-05
12381,-1.337538E-05,3.873913E-05,6.978038E-06,4.1573E-05
12382,-0.01811248,0.01424565,-0.003009953,0.0232392
12383,-0.06612681,-0.1217679,-0.09258719,0.1666511
12384,0.0006352024,0.0005480436,0.0002174507,0.000866671
12385,0.001306957,0.0003942972,-0.0001068072,0.001369312
12386,0.09959017,0.02020728,0.007522167,0.1018976
12387,2.48593E-06,-5.106463E-06,2.053167E-06,6.039148E-06
12388,-2.199094E-06,-2.800349E-06,-4.408194E-06,5.666581E-06
12389,-2.943978E-06,9.109127E-07,-1.013045E-05,1.058881E-05
12390,-8.467605E-07,1.207353E-06,-4.279429E-06,4.526391E-06
12391,-6.626707E-06,-2.1269E-06,2.402687E-07,6.963812E-06
12392,6.969075E-07,-7.34526E-07,-5.483616E-06,5.576312E-06
12393,1.376172E-06,1.354647E-06,1.673423E-06,2.555242E-06
12394,6.875506E-07,-7.352136E-07,-5.492348E-06,5.58383E-06
12395,2.310003E-07,1.483748E-06,-5.391777E-06,5.596974E-06
12396,2.273779E-07,1.483339E-06,-5.401107E-06,5.605707E-06
12397,-0.0001592049,-2.375116E-06,-7.09043E-05,0.0001742964
12398,0.0002147635,-0.0003370538,0.0001341288,0.0004215675
12399,0.001291672,0.001661148,-0.0005508942,0.002175159
12400,0.000147868,-0.0001047339,0.0002559769,0.0003136213
12401,-0.0002922628,0.0002718899,-5.734959E-05,0.0004032749
12402,1.946097E-05,-2.683661E-05,1.246819E-05,3.541735E-05
12403,4.646359E-06,-2.586194E-05,1.619744E-05,3.086722E-05
12404,-1.91802E-05,-7.212408E-06,6.249075E-06,2.142311E-05
12405,2.92123E-05,1.900418E-05,1.328208E-05,3.729519E-05
12406,-1.105346E-05,3.013073E-05,1.87757E-05,3.718288E-05
12407,-1.917946E-05,-7.221237E-06,6.249075E-06,2.142543E-05
12408,2.92114E-05,1.889984E-05,1.327204E-05,3.723784E-05
12409,2.922812E-05,4.478152E-05,1.035124E-05,5.446849E-05
12410,1.946025E-05,-2.683654E-05,1.246727E-05,3.541657E-05
12411,-2.387995E-05,8.688724E-06,9.275052E-06,2.70513E-05
12412,-1.476826E-05,8.054998E-06,4.426778E-06,1.739486E-05
12413,-7.122931E-06,1.019761E-05,6.803795E-06,1.417812E-05
12414,-7.123058E-06,1.020248E-05,6.797181E-06,1.417851E-05
12415,-1.429111E-06,2.361133E-06,-2.98837E-06,4.067881E-06
12416,-2.388803E-05,8.683051E-06,9.275291E-06,2.705669E-05
12417,-1.492735E-05,9.159208E-06,7.031127E-06,1.887203E-05
12418,-2.536179E-07,1.90611E-06,9.662175E-06,9.85166E-06
12419,0.05173294,-0.01284514,0.03408945,0.06327231
12420,0.003629965,0.01864519,-0.008150919,0.0206702
12421,8.954793E-06,3.798297E-06,8.62989E-06,1.300348E-05
12422,4.054622E-05,1.663429E-05,3.154172E-06,4.39391E-05
12423,-0.01484618,0.007172852,-0.02747346,0.03204138
12424,-1.671399E-06,-3.900118E-07,-1.037051E-05,1.051158E-05
12425,1.462736E-06,-3.605765E-06,-1.07985E-05,1.147818E-05
12426,-2.776733E-06,1.895914E-06,-1.101803E-05,1.151963E-05
12427,4.567666E-07,7.950524E-07,-1.075885E-05,1.079785E-05
12428,9.537849E-07,1.399946E-06,-9.671335E-06,9.818567E-06
12429,2.250558E-07,-1.879656E-06,-1.097777E-05,1.11398E-05
12430,1.435138E-05,-5.356798E-06,1.21449E-05,1.954881E-05
12431,-1.32273E-05,-1.468206E-06,-1.554221E-05,2.04616E-05
12432,-1.726057E-05,-6.933744E-05,-2.754349E-05,7.65784E-05
12433,-1.321759E-05,-1.380141E-06,-1.554991E-05,2.045505E-05
12434,-1.169822E-05,2.25299E-05,-5.342576E-05,5.915028E-05
12435,0.0001253277,7.975676E-05,-9.864385E-05,0.0001783221
12436,-1.448933E-05,4.259318E-05,7.37126E-05,8.635778E-05
12437,-7.96619E-06,-1.893178E-05,-2.752596E-07,2.054138E-05
12438,2.045078E-05,-1.306806E-05,4.870853E-06,2.475346E-05
12439,2.818198E-05,1.973424E-05,1.561791E-05,3.778338E-05
12440,2.2792E-05,-1.417394E-05,-9.745558E-06,2.855437E-05
12441,2.279247E-05,-1.415912E-05,-9.746425E-06,2.854768E-05
12442,2.94766E-05,7.733404E-06,1.143531E-05,3.254907E-05
12443,-9.994425E-06,1.865429E-06,1.538553E-06,1.028278E-05
12444,2.352401E-05,-9.808244E-06,-2.298309E-06,2.559029E-05
12445,-3.921377E-06,-1.529415E-05,6.001247E-06,1.689092E-05
12446,-7.965451E-06,-1.893497E-05,-2.728419E-07,2.0544E-05
12447,-3.920554E-06,-1.527316E-05,6.013676E-06,1.687615E-05
12448,2.0451E-05,-1.306293E-05,4.875627E-06,2.475187E-05
12449,-1.310243E-06,5.543851E-06,5.496449E-06,7.915932E-06
12450,-1.483566E-05,1.463294E-05,1.657626E-06,2.090376E-05
12451,-6.972271E-06,1.11043E-05,6.523766E-07,1.312797E-05
12452,3.240014E-06,-1.067408E-06,1.407734E-06,3.690361E-06
12453,1.837971E-07,5.775313E-07,2.173656E-06,2.256569E-06
12454,2.414551E-06,2.911835E-06,-1.263218E-06,3.988052E-06
12455,-6.980149E-06,1.110541E-05,6.671779E-07,1.313384E-05
12456,2.429436E-06,2.92167E-06,-1.255567E-06,4.001844E-06
12457,-1.555867E-05,1.299218E-05,1.401021E-06,2.031826E-05
12458,0.1892055,-0.04483249,-0.2890271,0.3483466
12459,-0.003165372,0.002616996,-0.003860778,0.00563683
12460,0.0003527896,-0.0006734354,5.446786E-05,0.0007621959
12461,0.2017849,0.05723648,0.2002004,0.289954
12462,-6.685072E-06,-2.31788E-05,-6.072433E-06,2.487612E-05
12463,-6.690561E-06,-2.318415E-05,-6.062271E-06,2.48801E-05
12464,1.88886E-05,1.198841E-06,2.753024E-06,1.912578E-05
12465,1.992644E-05,8.392182E-07,1.431066E-06,1.999538E-05
12466,1.690015E-05,-1.559745E-05,2.086547E-06,2.309219E-05
12467,1.690361E-05,-1.559551E-05,2.092866E-06,2.309399E-05
12468,1.889002E-05,1.204545E-06,2.750042E-06,1.912711E-05
12469,2.309433E-05,-1.202382E-05,-1.761326E-06,2.609641E-05
12470,-3.828643E-06,5.083657E-06,2.637771E-06,6.889116E-06
12471,-5.023717E-07,2.854359E-06,1.186742E-06,3.131788E-06
12472,-1.776524E-06,4.591293E-06,5.321898E-07,4.951691E-06
12473,-3.830558E-06,5.086562E-06,2.592257E-06,6.875034E-06
12474,3.716158E-06,2.707387E-06,-5.289326E-06,7.008334E-06
12475,-2.201258E-06,8.922058E-06,2.666786E-07,9.193463E-06
12476,-3.901331E-06,1.066451E-05,1.662377E-06,1.147674E-05
12477,3.257261E-06,-2.219587E-07,-2.751296E-06,4.269502E-06
12478,-0.003203422,0.02118534,0.06045462,0.06413924
12479,-0.0005341613,9.427737E-05,-0.002625136,0.002680589
12480,0.0002268956,-0.003362339,0.01063111,0.01115245
12481,-0.0008280952,0.00112413,-0.001029467,0.001734709
12482,0.001426371,0.0002946768,-0.002333334,0.002750603
12483,-9.245058E-05,5.611658E-05,6.567552E-06,0.0001083481
12484,0.0008243175,0.0001825661,0.0009603425,0.001278705
12485,0.0015238,-0.01961042,0.02091969,0.02871452
12486,0.004661909,-0.001092482,-0.005740813,0.00747555
12487,1.901624E-05,-1.555524E-05,2.935941E-06,2.474273E-05
12488,1.68045E-05,-1.045438E-05,-2.721377E-06,1.997726E-05
12489,1.68031E-05,-1.044636E-05,-2.72236E-06,1.997203E-05
12490,2.600051E-05,2.378858E-06,-4.709404E-06,2.653044E-05
12491,2.278297E-05,-6.327368E-06,-4.258718E-06,2.402573E-05
12492,-5.001501E-06,7.534169E-06,-3.689524E-06,9.766846E-06
12493,-1.329851E-05,2.882407E-06,5.016783E-06,1.450265E-05
12494,2.600126E-05,2.376075E-06,-4.706522E-06,2.653041E-05
12495,5.223575E-07,-2.064933E-05,-2.03926E-06,2.075635E-05
12496,1.901764E-05,-1.555707E-05,2.938379E-06,2.474525E-05
12497,4.016735E-05,4.026125E-05,-1.1737E-05,5.807014E-05
12498,4.014088E-05,4.029305E-05,-1.174096E-05,5.80747E-05
12499,9.246442E-06,8.286869E-05,0.0001803832,0.000198723
12500,-7.265985E-06,3.119099E-05,-1.00284E-05,3.355952E-05
12501,-7.259089E-06,3.125275E-05,-1.004282E-05,3.361974E-05
12502,-1.020207E-06,5.232182E-06,4.900805E-06,7.241163E-06
12503,6.763873E-07,-1.38135E-06,3.712049E-06,4.018076E-06
12504,-1.020311E-06,5.236869E-06,4.903344E-06,7.246283E-06
12505,4.99151E-06,8.236651E-06,-4.699013E-07,9.64253E-06
12506,-7.017332E-06,1.43473E-08,4.187479E-06,8.171789E-06
12507,-6.988821E-05,0.0002424807,0.0001921558,0.000317183
12508,-0.0113831,0.04451555,-0.03072037,0.05527161
12509,-0.000438245,0.0003531453,-0.005523899,0.005552497
12510,-0.007719725,0.0007607842,-0.05267806,0.05324613
12511,0.001624782,0.007427895,0.004404555,0.008787129
12512,0.04824634,0.1624992,-0.03807816,0.1737344
12513,1.474242E-05,-1.332289E-05,-7.869725E-07,1.988612E-05
12514,1.489736E-05,-1.380291E-05,-1.115078E-06,2.033949E-05
12515,1.919041E-05,-1.432855E-05,1.949898E-06,2.402876E-05
12516,1.919214E-05,-1.43325E-05,1.941326E-06,2.40318E-05
12517,1.589174E-05,4.453727E-06,2.337073E-07,1.650568E-05
12518,-4.094064E-06,-2.894615E-05,2.794348E-06,2.936749E-05
12519,1.588969E-05,4.452742E-06,2.066761E-07,1.650309E-05
12520,1.661263E-05,-3.102429E-06,6.348618E-06,1.805297E-05
12521,-0.0005113553,-0.0005091078,-0.0008729543,0.001132574
12522,0.0001913419,0.0008310573,0.0004700693,0.0009737725
12523,-2.731098E-06,-3.766757E-06,-1.372494E-06,4.850886E-06
12524,-2.971493E-08,1.644999E-07,-5.641354E-06,5.64383E-06
12525,8.137276E-07,-5.197235E-06,-5.147105E-06,7.359762E-06
12526,-1.747365E-06,4.771217E-06,-8.847744E-06,1.020296E-05
12527,1.490203E-06,-1.881319E-06,-4.634814E-06,5.219345E-06
12528,3.119852E-06,1.595041E-06,-8.986859E-08,3.505097E-06
12529,-6.429318E-06,5.566734E-06,6.689015E-06,1.081978E-05
12530,-2.938047E-06,-3.412252E-06,-4.707013E-06,6.513951E-06
12531,-2.937312E-06,-3.410832E-06,-4.701951E-06,6.509218E-06
12532,-4.918056E-06,1.148513E-06,-7.853547E-06,9.337266E-06
12533,1.190738E-06,-1.034358E-06,7.70546E-07,1.755419E-06
12534,-2.33294E-06,-1.643447E-07,-3.918707E-06,4.563538E-06
12535,2.130202E-06,3.148669E-06,-6.640234E-06,7.651444E-06
12536,-0.0001186736,-7.334018E-05,0.0001542532,0.0002079813
12537,-5.721804E-05,-4.672087E-05,9.639214E-05,0.0001214421
12538,-0.0002357588,-1.895E-05,-0.0001866987,0.0003013266
12539,0.1866926,-0.2604636,0.166431,0.361102
12540,0.06008219,0.2579338,-0.2034096,0.3339389
12541,1.896362E-05,1.127795E-05,1.704551E-06,2.212954E-05
12542,1.309234E-05,-1.87861E-05,-5.461137E-06,2.354041E-05
12543,2.023485E-05,7.067466E-06,1.020839E-06,2.145788E-05
12544,1.861806E-05,-2.146066E-05,8.779322E-07,2.842469E-05
12545,-4.187354E-06,-2.124401E-05,-3.692962E-06,2.196542E-05
12546,1.309253E-05,-1.878975E-05,-5.446933E-06,2.354013E-05
12547,8.393339E-07,2.946337E-06,-3.659373E-06,4.772462E-06
12548,-4.189209E-06,-2.125283E-05,-3.694631E-06,2.197459E-05
12549,-5.900496E-07,1.565675E-08,2.654624E-06,2.719454E-06
12550,-1.944222E-05,3.026936E-05,0.0001956258,0.0001989062
12551,-9.141889E-05,0.0001296781,9.714757E-05,0.0001860416
12552,1.699072E-06,1.992199E-06,1.265998E-05,1.292791E-05
12553,-1.458961E-06,-5.416819E-08,-1.056427E-05,1.066467E-05
12554,-2.0424E-07,1.96747E-08,-5.875449E-06,5.87903E-06
12555,-7.729541E-07,3.690377E-07,-7.089044E-06,7.140601E-06
12556,3.768079E-07,1.212562E-06,-1.039507E-05,1.047233E-05
12557,9.889096E-08,1.580015E-06,-7.827702E-06,7.986185E-06
12558,4.753794E-07,-4.817267E-08,-6.277235E-06,6.295394E-06
12559,1.046172E-05,5.212767E-06,7.500809E-05,7.591333E-05
12560,-1.67544E-05,2.078637E-05,-3.609795E-05,4.489816E-05
12561,2.463478E-05,6.12232E-05,-2.639228E-05,7.107534E-05
12562,4.055194E-05,3.27208E-05,-4.551653E-05,6.918718E-05
12563,-2.561686E-05,2.887036E-05,4.379691E-05,5.837714E-05
12564,-0.0004056449,0.0001493161,0.0006952585,0.0008186742
12565,-0.0001281228,5.340976E-05,0.0002335592,0.0002716946
12566,2.095266E-05,2.787361E-06,-3.222974E-05,3.854269E-05
12567,-4.423134E-05,7.126464E-06,0.0001179374,0.0001261603
12568,-4.143798E-05,7.027598E-05,-0.0001961337,0.0002124247
12569,9.600294E-05,0.0001029413,9.100932E-05,0.0001676192
12570,-0.001105914,0.004516791,-0.0008208879,0.004722108
12571,0.0003274463,-0.02092743,0.02391267,0.03177861
12572,-0.104156,-0.6481385,0.01439871,0.656612
12573,-3.729597,1.866913,-0.6376851,4.21923
12574,-3.845166E-06,2.718828E-06,4.109665E-06,6.250334E-06
12575,-5.037585E-06,-1.702063E-05,-3.654548E-07,1.775423E-05
12576,1.846887E-05,4.588684E-06,-2.089564E-06,1.914475E-05
12577,1.834135E-05,-1.827169E-05,2.19466E-06,2.598223E-05
12578,2.055289E-05,2.486004E-06,1.893089E-06,2.078907E-05
12579,1.834812E-05,-1.827814E-05,2.172402E-06,2.598967E-05
12580,1.529595E-05,-1.011786E-05,5.937471E-06,1.927669E-05
12581,-1.258698E-05,-1.455473E-05,1.446314E-05,2.407187E-05
12582,-1.260985E-05,-1.455158E-05,1.444255E-05,2.406957E-05
12583,3.149967E-05,9.162226E-07,7.543088E-05,8.174892E-05
12584,-3.392635E-05,-2.451138E-05,0.0002510673,0.0002545321
12585,-3.348987E-05,0.0001550903,-0.0001000156,0.0001875572
12586,3.972701E-06,5.563026E-06,-1.105761E-06,6.924761E-06
12587,3.13272E-05,4.72025E-06,-1.851415E-05,3.669397E-05
12588,3.132534E-05,4.729179E-06,-1.850436E-05,3.66886E-05
12589,3.927424E-05,7.805031E-05,-9.240554E-05,0.0001271735
12590,0.02042356,-0.02726046,-0.01975636,0.03937725
12591,0.8855189,0.09701595,1.049764,1.376793
12592,1.855199E-05,5.256911E-06,2.442347E-06,1.943647E-05
12593,2.042486E-05,-1.500588E-05,2.323279E-06,2.545092E-05
12594,1.855229E-05,5.256478E-06,2.436517E-06,1.943591E-05
12595,-1.881466E-06,5.555383E-07,-5.202964E-06,5.560519E-06
12596,-6.206923E-06,-1.263543E-05,-1.375063E-06,1.414464E-05
12597,2.473902E-06,-5.019452E-06,1.996613E-06,5.941511E-06
12598,-2.940956E-07,-1.807512E-05,-1.038116E-06,1.81073E-05
12599,2.574187E-05,2.06262E-06,-9.083315E-07,2.584034E-05
12600,2.042488E-05,-1.500593E-05,2.311442E-06,2.544989E-05
12601,2.71071E-05,-1.178724E-05,-1.321587E-06,2.958852E-05
12602,-6.281352E-06,6.203256E-06,-1.988577E-05,2.175729E-05
12603,-9.469304E-06,-3.029488E-05,-3.390656E-06,3.19209E-05
12604,-2.135945E-05,-5.083379E-05,9.967048E-06,5.603251E-05
12605,-3.985225E-06,1.395544E-05,3.286358E-05,3.592564E-05
12606,3.339103E-06,2.044548E-05,1.347947E-05,2.471565E-05
12607,3.314413E-06,2.045805E-05,1.349308E-05,2.473015E-05
12608,0.001598198,-0.001274742,0.0004803367,0.002099983
12609,-0.0001457009,-5.707104E-06,-8.043065E-05,0.0001665246
12610,-1.761525E-05,2.967687E-05,8.016944E-07,3.452038E-05
12611,2.297284E-05,6.380693E-06,2.45598E-06,2.396865E-05
12612,-1.761333E-05,2.968127E-05,7.933348E-07,3.452298E-05
12613,8.877103E-06,3.684553E-05,2.172292E-05,4.368388E-05
12614,3.290312E-05,2.063537E-05,7.809263E-06,3.961589E-05
12615,2.297475E-05,6.380851E-06,2.462629E-06,2.397121E-05
12616,-4.029967E-05,1.031606E-05,1.743692E-05,4.510577E-05
12617,-1.035598E-05,2.728279E-05,6.570012E-06,2.991257E-05
12618,-1.036791E-05,2.728299E-05,6.578617E-06,2.991878E-05
12619,-3.930566E-06,-5.371782E-06,2.793832E-05,2.872029E-05
12620,-0.0002054386,-0.002559962,-5.497071E-05,0.00256878
12621,-0.0004144043,0.00209022,-0.002101008,0.002992488
12622,0.0748513,-0.07134677,0.0004832329,0.1034085
12623,0.01366829,0.002632079,0.0119898,0.01837132
12624,0.463167,11.51794,75.37585,76.25218
12625,-2.270315E-06,-1.545716E-06,-3.344441E-07,2.766843E-06
12626,2.107722E-05,6.604555E-06,1.418367E-06,2.213326E-05
12627,2.402456E-05,-1.793318E-05,5.200042E-06,3.042727E-05
12628,2.326565E-05,-1.739161E-05,-2.330232E-06,2.914084E-05
12629,2.234514E-05,-2.643872E-07,-1.268799E-06,2.23827E-05
12630,2.326433E-05,-1.738714E-05,-2.328053E-06,2.913694E-05
12631,-3.104762E-06,-1.430689E-05,-2.860908E-06,1.491682E-05
12632,2.26013E-05,8.603492E-06,2.450264E-06,2.430725E-05
12633,2.260166E-05,5.245489E-06,7.951236E-06,2.452697E-05
12634,-8.320442E-06,-1.607352E-05,1.333202E-05,2.247956E-05
12635,-1.687078E-05,6.413316E-06,-2.420329E-05,3.019194E-05
12636,-9.687156E-06,2.58804E-05,-9.065811E-06,2.908307E-05
12637,-5.484808E-06,-1.069166E-05,2.965913E-06,1.237705E-05
12638,-8.264375E-06,2.51476E-05,-1.505763E-06,2.651356E-05
12639,-8.28227E-06,2.513885E-05,-1.519038E-06,2.651161E-05
12640,2.263344E-05,5.236779E-06,7.909477E-06,2.454091E-05
12641,-1.433332E-05,-6.031849E-06,3.885192E-06,1.602878E-05
12642,-1.325163E-05,-1.950236E-05,-5.654497E-05,6.126403E-05
12643,0.0009416341,-0.0004082252,0.002681629,0.002871316
12644,-0.0007865953,1.660393E-05,-0.001807104,0.001970947
12645,1.52202E-05,2.928104E-05,1.031699E-05,3.457562E-05
12646,2.623811E-05,-5.190087E-07,-1.468181E-06,2.628428E-05
12647,6.66592E-06,2.227975E-05,-1.740242E-06,2.33206E-05
12648,2.360327E-05,2.604986E-06,3.013954E-06,2.393709E-05
12649,2.359903E-05,2.570432E-06,2.987156E-06,2.392581E-05
12650,3.285044E-05,2.311303E-05,-2.500503E-07,4.016747E-05
12651,7.804611E-06,2.247713E-05,8.352795E-06,2.521711E-05
12652,-6.734323E-06,1.098442E-05,1.823579E-06,1.301284E-05
12653,9.688992E-06,-8.637774E-07,8.287555E-07,9.762659E-06
12654,1.145971E-05,7.888832E-06,-8.866874E-06,1.649788E-05
12655,6.802824E-07,6.131298E-06,-1.049256E-05,1.217166E-05
12656,1.14616E-05,7.886942E-06,-8.874856E-06,1.650258E-05
12657,9.69218E-06,-8.603587E-07,8.314231E-07,9.765748E-06
12658,-3.809721E-06,-3.674899E-07,8.134691E-06,8.990118E-06
12659,-6.727354E-06,1.098057E-05,1.819164E-06,1.300537E-05
12660,8.701293E-06,-3.560503E-05,-5.65839E-05,6.741787E-05
12661,8.388366E-05,0.0001475318,0.0001897295,0.0002545572
12662,0.0002006784,0.002401002,0.001007493,0.002611537
12663,6.664273,-4.57351,-3.345815,8.7478
12664,2.178234E-05,-2.125704E-05,4.566949E-06,3.077643E-05
12665,-4.870059E-06,3.58415E-07,2.292923E-06,5.394759E-06
12666,-7.915384E-07,3.296137E-06,-2.514114E-06,4.220406E-06
12667,-6.720273E-06,-1.747105E-05,3.245071E-06,1.899816E-05
12668,2.607517E-05,-1.561914E-05,-7.058051E-06,3.120398E-05
12669,2.409044E-05,1.473885E-05,-5.7044E-07,2.824728E-05
12670,1.742472E-06,-1.312167E-05,-4.204564E-06,1.388859E-05
12671,2.396712E-05,-2.234459E-05,-8.335956E-06,3.381111E-05
12672,2.134491E-05,5.468647E-06,-4.942884E-06,2.258193E-05
12673,-9.041954E-06,-6.687142E-06,-7.856966E-06,1.371885E-05
12674,-1.501227E-05,-1.261622E-05,-6.022698E-06,2.051366E-05
12675,7.27399E-06,1.403729E-05,1.627034E-06,1.589351E-05
12676,2.660913E-06,5.879133E-07,6.035063E-06,6.621789E-06
12677,2.66684E-06,5.884872E-07,6.047305E-06,6.635379E-06
12678,-4.680265E-05,6.674803E-06,-3.997252E-05,6.190996E-05
12679,7.271361E-06,1.404251E-05,1.622809E-06,1.589649E-05
12680,2.998759E-06,-8.268352E-06,6.804111E-06,1.111999E-05
12681,-1.93127E-05,-3.05701E-06,-2.04839E-06,1.966016E-05
12682,-9.231699E-05,-6.589152E-05,-4.005321E-05,0.0001202846
12683,0.004185278,0.03576802,0.005301435,0.03640018
12684,-6.510656E-07,1.42532E-05,1.430868E-06,1.433963E-05
12685,-5.919063E-06,7.804323E-07,4.259175E-08,5.970444E-06
12686,2.626475E-05,4.126984E-06,6.850526E-07,2.659583E-05
12687,2.627176E-05,4.137806E-06,6.768012E-07,2.660422E-05
12688,-9.657448E-06,1.218018E-07,-6.826635E-07,9.682311E-06
12689,-6.515813E-07,1.425808E-05,1.432062E-06,1.434462E-05
12690,2.340678E-05,-2.640143E-06,-7.595231E-08,2.355533E-05
12691,-2.616389E-05,-1.021376E-05,2.505729E-05,3.763957E-05
12692,-2.619358E-05,-1.023998E-05,2.502434E-05,3.764543E-05
12693,-3.95449E-07,1.190392E-06,-1.177923E-05,1.184583E-05
12694,8.304838E-07,2.551255E-07,-1.472408E-05,1.474969E-05
12695,-4.998236E-07,2.405279E-06,-8.635062E-06,8.977721E-06
12696,2.966048E-08,3.141355E-07,-7.612448E-06,7.618984E-06
12697,8.146437E-07,2.502026E-07,-9.863038E-06,9.899786E-06
12698,3.102163E-08,3.140575E-07,-7.61197E-06,7.618509E-06
12699,-6.458728E-07,2.380517E-06,-1.12617E-05,1.152865E-05
12700,0.0002080768,-2.879724E-06,-0.000148487,0.0002556416
12701,0.0001276482,0.0001649316,-0.0008202755,0.0008463737
12702,-1.443111E-05,0.0001111255,-1.240616E-05,0.0001127433
12703,-2.297557E-05,3.368546E-05,0.0001288081,0.0001351078
12704,-0.0007660132,0.001015513,-0.00174983,0.002163319
12705,-0.0009164838,0.00135511,-0.0003408253,0.001671056
12706,-2.87822E-06,6.610516E-06,9.346649E-07,7.270259E-06
12707,-2.886643E-06,6.497183E-06,5.141688E-06,8.773998E-06
12708,3.059529E-05,-1.225921E-05,1.714751E-05,3.71537E-05
12709,-1.840847E-06,-3.216524E-06,-5.431912E-07,3.745638E-06
12710,2.520833E-05,-7.159676E-07,-1.826201E-06,2.528453E-05
12711,1.366903E-05,1.541497E-05,1.635312E-05,2.630377E-05
12712,2.388154E-05,-1.08546E-05,-8.740925E-06,2.765057E-05
12713,2.388114E-05,-1.085585E-05,-8.728037E-06,2.764665E-05
12714,2.540883E-07,-1.357198E-06,-1.345483E-06,1.927919E-06
12715,-1.943263E-05,-1.30187E-05,2.937172E-05,3.754746E-05
12716,-3.203902E-05,2.023336E-05,-1.920406E-05,4.248157E-05
12717,1.569799E-05,5.446784E-06,2.504492E-05,3.005566E-05
12718,-2.214333E-05,3.24001E-05,-1.033337E-05,4.058167E-05
12719,-2.862972E-05,1.298637E-05,1.306213E-06,3.146447E-05
12720,-1.373334E-05,6.914264E-06,7.887141E-06,1.728059E-05
12721,-3.229592E-06,-1.555107E-05,-3.945793E-06,1.636567E-05
12722,-1.978183E-05,7.626687E-06,6.361505E-06,2.213495E-05
12723,-1.373056E-05,6.915145E-06,7.886771E-06,1.727856E-05
12724,-0.001233496,0.008099506,0.001500399,0.008329147
12725,0.004761777,-0.0036215,0.006023494,0.008489538
12726,1.848842E-06,9.989685E-07,2.527224E-05,2.535946E-05
12727,-2.481474E-05,-9.523609E-08,3.585143E-05,4.360167E-05
12728,-3.4E-06,-5.42058E-07,-3.854354E-06,5.16816E-06
12729,-3.370336E-06,-3.971388E-07,-3.841402E-06,5.125745E-06
12730,-2.481946E-05,-1.738487E-07,3.587563E-05,4.36245E-05
12731,1.85322E-06,1.02619E-06,2.526758E-05,2.535622E-05
12732,2.39553E-05,3.862013E-06,5.552091E-06,2.489171E-05
12733,2.166201E-05,4.261678E-06,1.005245E-06,2.210012E-05
12734,2.17985E-05,-1.081675E-06,-2.089228E-06,2.192509E-05
12735,-2.640684E-06,-2.191959E-06,-2.013498E-06,3.978953E-06
12736,2.030763E-05,-1.077357E-06,-2.12307E-06,2.044671E-05
12737,2.0322E-05,-1.082845E-06,-2.162396E-06,2.046539E-05
12738,2.08711E-05,1.829162E-06,1.090656E-06,2.097947E-05
12739,-1.193463E-07,1.255187E-06,1.797781E-06,2.195849E-06
12740,-3.443165E-06,3.111125E-06,3.974503E-06,6.109923E-06
12741,2.199927E-05,4.040101E-06,3.59507E-06,2.265425E-05
12742,6.378785E-05,-5.151622E-05,3.848611E-05,9.057589E-05
12743,7.233967E-05,-4.222404E-06,4.268841E-05,8.410207E-05
12744,1.827726E-05,2.788527E-05,7.552102E-06,3.418597E-05
12745,5.476649E-05,3.532181E-05,-5.750847E-05,8.691503E-05
12746,-6.141207E-06,-1.241143E-05,-1.272538E-05,1.880674E-05
12747,-1.068647E-06,-1.276497E-05,-2.131785E-06,1.298579E-05
12748,-0.07859166,0.1091742,0.03765839,0.1396918
12749,-3.47564E-06,6.945959E-06,-8.028646E-06,1.117075E-05
12750,-5.906822E-06,6.143493E-06,-6.143604E-06,1.050604E-05
12751,6.729495E-06,1.176551E-06,2.401005E-06,7.241215E-06
12752,2.854336E-05,-3.262946E-06,6.286054E-06,2.940892E-05
12753,-7.828769E-06,-6.788231E-06,-3.291868E-06,1.087226E-05
12754,3.145365E-05,-8.496167E-06,-7.174427E-07,3.258883E-05
12755,2.165875E-05,-5.979056E-06,1.364185E-06,2.251026E-05
12756,2.166268E-05,-5.999678E-06,1.369567E-06,2.251985E-05
12757,1.532225E-05,-6.306158E-06,3.912619E-06,1.702491E-05
12758,4.063013E-06,-4.059055E-06,2.192051E-06,6.147283E-06
12759,-5.526651E-06,1.269343E-05,8.495104E-06,1.624296E-05
12760,3.177612E-06,4.756214E-05,-1.220367E-06,4.768378E-05
12761,7.329044E-06,3.615729E-05,1.35421E-05,3.929952E-05
12762,-1.007163E-06,-2.125033E-05,7.210958E-05,7.518232E-05
12763,-5.537076E-06,1.321373E-05,8.437392E-06,1.662683E-05
12764,-1.273988E-06,-1.385866E-06,2.299012E-06,2.971384E-06
12765,4.611258E-06,-1.587521E-07,1.062752E-05,1.15859E-05
12766,-5.890536E-06,-1.34213E-08,4.138773E-06,7.199169E-06
12767,-5.939451E-06,6.440991E-07,4.132965E-06,7.264526E-06
12768,-8.090912E-06,-1.789627E-06,7.129476E-07,8.317086E-06
12769,2.668354E-05,-4.626097E-06,-3.859289E-06,2.735518E-05
12770,2.447128E-05,-2.029344E-06,6.967594E-06,2.552468E-05
12771,2.41946E-05,-1.420053E-06,1.638729E-06,2.429157E-05
12772,-7.721834E-06,7.243573E-06,4.299267E-06,1.142715E-05
12773,-5.993945E-06,-8.466662E-07,3.103104E-06,6.802461E-06
12774,2.492934E-05,2.070194E-06,4.133092E-06,2.535429E-05
12775,-0.0001439058,5.827897E-06,3.630583E-05,0.0001485293
12776,0.0001242095,0.0003974841,-0.0003552903,0.0005474054
12777,-3.752007E-05,-7.968306E-05,-4.7873E-05,0.0001002445
12778,-3.415011E-05,1.756939E-05,-4.331656E-06,3.864811E-05
12779,-3.414267E-05,1.758857E-05,-4.365269E-06,3.865405E-05
12780,0.008986665,0.004621822,-0.0007305786,0.01013189
12781,0.04289272,0.04683849,-0.0165199,0.06562421
12782,-7.135199E-07,6.624736E-06,-1.472117E-06,6.823735E-06
12783,2.156275E-05,7.559925E-06,-2.216809E-07,2.285068E-05
12784,-3.977484E-06,-1.318722E-05,-9.803482E-06,1.690655E-05
12785,2.295531E-05,-5.646398E-07,9.853221E-08,2.296247E-05
12786,2.567636E-05,-1.350078E-05,4.604912E-08,2.900946E-05
12787,1.782737E-05,1.284587E-06,-2.012732E-06,1.798656E-05
12788,2.131482E-05,-1.095759E-05,2.465838E-06,2.409295E-05
12789,-3.982656E-06,-1.31889E-05,-9.802862E-06,1.690872E-05
12790,3.21817E-05,-5.659595E-06,3.225764E-05,4.591566E-05
12791,-1.745504E-05,-1.318541E-05,1.69046E-05,2.764595E-05
12792,-1.691608E-05,-1.286209E-06,-7.934422E-06,1.872867E-05
12793,-1.634257E-05,1.91006E-06,-2.012779E-05,2.599723E-05
12794,-1.632852E-05,1.917655E-06,-2.011765E-05,2.598111E-05
12795,-4.009242E-06,-2.680083E-06,1.797515E-05,1.861082E-05
12796,-4.005215E-06,-2.673549E-06,1.797321E-05,1.860715E-05
12797,4.739242E-05,0.0007436781,-0.0005668447,0.0009362777
12798,0.0006866537,0.005613517,0.001367936,0.005818446
12799,-0.001461535,-0.0005244278,0.0008505026,0.001770442
12800,5.28504E-07,5.189486E-07,-1.069728E-06,1.301131E-06
12801,1.513882E-07,2.716606E-07,1.590461E-06,1.620581E-06
12802,1.856784E-06,6.735895E-08,9.039834E-08,1.860203E-06
12803,-2.866072E-06,8.618783E-08,-4.938477E-07,2.909584E-06
12804,2.125544E-06,2.993399E-07,-1.328922E-06,2.524594E-06
12805,-4.421693E-06,2.111618E-07,2.307158E-06,4.991887E-06
12806,2.818426E-05,2.150598E-06,-9.103134E-06,2.969587E-05
12807,-6.417633E-06,2.954679E-07,1.755789E-07,6.42683E-06
12808,2.491298E-05,3.923261E-07,2.928857E-06,2.508763E-05
12809,-6.049405E-06,-1.861055E-06,2.814451E-07,6.335459E-06
12810,2.592768E-05,7.804015E-07,-9.253855E-06,2.754065E-05
12811,-6.415706E-06,2.930325E-07,1.726399E-07,6.424715E-06
12812,2.485866E-05,2.485946E-06,3.058352E-06,2.516916E-05
12813,-3.217202E-06,-3.392695E-07,-3.13291E-06,4.503401E-06
12814,2.422192E-05,-1.849766E-07,1.452132E-05,2.824189E-05
12815,-3.430331E-05,1.157697E-05,-1.698339E-05,3.998974E-05
12816,-3.428043E-05,1.156938E-05,-1.698795E-05,3.996985E-05
12817,-2.026101E-05,7.138738E-06,2.973645E-05,3.668415E-05
12818,-2.026711E-05,7.12183E-06,2.974062E-05,3.668761E-05
12819,-4.349703E-05,1.709898E-05,1.337518E-05,4.86134E-05
12820,-4.35228E-05,1.710391E-05,1.337395E-05,4.863784E-05
12821,-0.001702023,0.003429642,0.008168974,0.009021722
12822,-9.206341E-06,2.580928E-06,3.276107E-06,1.010697E-05
12823,2.574621E-05,-1.801334E-06,3.868412E-06,2.609744E-05
12824,2.574933E-05,-1.783694E-06,3.867066E-06,2.609911E-05
12825,-9.688481E-06,7.990589E-06,-3.267944E-06,1.297673E-05
12826,-9.212552E-06,-4.873337E-06,1.55441E-06,1.05374E-05
12827,-9.197804E-06,2.564305E-06,3.291456E-06,1.009995E-05
12828,2.126098E-05,-8.384359E-06,-4.928916E-07,2.285978E-05
12829,2.812534E-05,-8.806158E-06,2.688675E-06,2.959412E-05
12830,2.418894E-05,-6.862912E-06,-2.701693E-06,2.52884E-05
12831,2.126326E-05,-8.382845E-06,-4.964549E-07,2.286143E-05
12832,-5.601541E-06,-1.114585E-05,1.264003E-05,1.775888E-05
12833,-1.791276E-06,-2.869072E-05,1.67167E-05,3.325378E-05
12834,-2.988863E-05,2.556682E-06,1.158925E-05,3.215863E-05
12835,6.905886E-06,5.927838E-06,2.117857E-05,2.305129E-05
12836,6.868164E-06,5.917989E-06,2.109547E-05,2.296112E-05
12837,-3.388378E-06,-8.313851E-06,2.250612E-05,2.42307E-05
12838,1.131684E-05,-2.348994E-06,2.71207E-06,1.187198E-05
12839,-0.000352992,0.003302363,0.001009305,0.003471152
12840,0.001169772,-0.00292237,0.001055345,0.003319995
12841,0.002464571,0.009678123,0.004972585,0.01115647
12842,1.618917E-06,3.689145E-07,-5.144968E-07,1.738303E-06
12843,1.086419E-08,-1.826088E-07,1.713963E-06,1.723698E-06
12844,1.838187E-07,9.631417E-08,1.073119E-06,1.093001E-06
12845,7.873318E-07,6.702809E-07,-1.79755E-06,2.07373E-06
12846,-6.932105E-07,5.838689E-07,1.992288E-07,9.27974E-07
12847,5.557923E-07,4.223143E-07,-4.751016E-09,6.980523E-07
12848,6.837896E-07,-9.442969E-07,-3.454133E-07,1.215967E-06
12849,2.639001E-05,-2.065718E-06,4.7946E-06,2.690145E-05
12850,1.835927E-05,8.314932E-07,-2.410972E-06,1.853556E-05
12851,-4.886811E-06,-1.355328E-06,-1.411995E-06,5.264177E-06
12852,-1.277164E-05,-1.427218E-06,-1.527165E-06,1.294156E-05
12853,1.835891E-05,8.313026E-07,-2.410415E-06,1.853512E-05
12854,2.098693E-05,7.543625E-07,-3.651558E-06,2.131559E-05
12855,2.671303E-05,4.534137E-07,-1.385854E-05,3.009736E-05
12856,2.209805E-05,-3.299323E-06,-1.483539E-06,2.23922E-05
12857,-0.01023584,-0.02950295,-0.002896327,0.03136216
12858,-0.0001117696,-0.0004706801,0.0001653022,0.0005112309
12859,1.411451E-07,-1.960554E-06,5.684996E-08,1.96645E-06
12860,1.096908E-06,-1.030486E-07,-3.19594E-06,3.380512E-06
12861,-3.336586E-07,-4.823163E-08,-2.589463E-06,2.611317E-06
12862,-2.53092E-07,8.165493E-07,-2.783284E-06,2.911611E-06
12863,-2.01947E-06,2.37732E-06,1.599153E-07,3.123377E-06
12864,-1.523217E-05,1.463537E-05,6.848038E-06,2.220605E-05
12865,-1.500735E-05,1.482098E-05,7.086835E-06,2.225096E-05
12866,0.0004318036,0.0003781882,-0.0007707791,0.0009610312
12867,0.0007299857,4.333062E-05,0.0008805763,0.001144627
12868,-3.421904E-05,6.022833E-06,5.777121E-06,3.522204E-05
12869,-1.603759E-05,1.743235E-06,7.238687E-06,1.768168E-05
12870,2.338433E-05,-1.098575E-05,-2.21607E-06,2.593115E-05
12871,2.035885E-05,-3.339704E-06,-4.795868E-07,2.063653E-05
12872,2.606229E-05,-1.350364E-05,-5.134862E-06,2.979862E-05
12873,-1.135706E-05,3.944174E-06,-2.493671E-06,1.227835E-05
12874,2.329209E-05,-9.70119E-07,6.406868E-06,2.417665E-05
12875,1.669426E-05,-8.723437E-06,-3.586583E-06,1.917447E-05
12876,1.853334E-05,-3.810156E-06,-2.25457E-06,1.905479E-05
12877,-4.056681E-06,-4.982287E-06,-7.405068E-06,9.803819E-06
12878,1.855069E-05,-3.803536E-06,-2.251351E-06,1.906997E-05
12879,1.71187E-05,1.31054E-06,2.11528E-07,1.717009E-05
12880,2.139728E-05,-1.826482E-07,6.07537E-06,2.224381E-05
12881,-4.347217E-06,-1.548964E-05,-3.647028E-06,1.64963E-05
12882,-3.648308E-06,-7.719887E-06,2.273791E-06,8.836116E-06
12883,-2.198439E-06,1.860521E-06,4.30096E-06,5.176189E-06
12884,-3.140532E-06,-9.33927E-06,-5.47456E-06,1.12719E-05
12885,-3.199981E-05,1.096356E-06,-9.025106E-06,3.326623E-05
12886,-2.182215E-06,1.656065E-06,4.34191E-06,5.133887E-06
12887,-1.252595E-05,3.760226E-06,-4.217349E-06,1.374135E-05
12888,-1.419585E-05,-9.238682E-06,-1.215705E-05,2.084872E-05
12889,-3.648525E-06,-7.737415E-06,2.266851E-06,8.849743E-06
12890,-0.004108195,0.0004747396,-0.004849348,0.006373289
12891,-4.040808E-07,-2.029788E-07,-4.636676E-07,6.476645E-07
12892,-4.012147E-07,5.798091E-07,-4.660603E-07,8.452006E-07
12893,-2.010003E-06,-5.825453E-08,1.176244E-06,2.329604E-06
12894,6.845402E-07,3.614543E-07,-8.280576E-07,1.133545E-06
12895,3.153839E-07,-5.887047E-07,-1.251063E-06,1.418167E-06
12896,1.767128E-07,2.74553E-07,-1.061329E-06,1.110417E-06
12897,1.873004E-05,1.034212E-06,4.246589E-06,1.923324E-05
12898,2.675182E-05,-3.19779E-06,-1.384699E-07,2.694263E-05
12899,-6.657745E-06,-1.547397E-06,-1.211317E-06,6.941706E-06
12900,1.950251E-05,1.88384E-06,-2.639735E-06,1.977031E-05
12901,1.950282E-05,1.884351E-06,-2.637834E-06,1.97704E-05
12902,-4.365872E-06,-2.85489E-06,-2.659129E-06,5.855101E-06
12903,-4.364123E-06,-2.858755E-06,-2.657476E-06,5.854933E-06
12904,1.873171E-05,1.031365E-06,4.252438E-06,1.923601E-05
12905,-6.746615E-06,1.221189E-05,1.762092E-05,2.247541E-05
12906,5.913296E-06,-1.732227E-06,1.588056E-05,1.703408E-05
12907,8.054215E-06,2.343936E-05,1.966906E-05,3.164089E-05
12908,0.06398291,-0.05233726,0.02480772,0.08630425
12909,8.018584E-06,3.348823E-05,3.087587E-05,4.625017E-05
12910,7.996367E-06,3.348723E-05,3.089861E-05,4.626079E-05
12911,-9.022797E-06,-6.145271E-06,5.347839E-06,1.215626E-05
12912,-1.888282E-05,-8.169255E-06,2.524057E-06,2.072845E-05
12913,-1.888356E-05,-8.192476E-06,2.517952E-06,2.073754E-05
12914,2.627945E-05,1.851863E-06,-6.783862E-07,2.635335E-05
12915,2.049724E-05,1.042316E-06,-1.796512E-06,2.060221E-05
12916,-5.374212E-06,-9.903741E-06,6.165769E-06,1.284457E-05
12917,3.842625E-05,-1.298239E-05,6.510325E-08,4.056012E-05
12918,-9.024398E-06,-6.141615E-06,5.38425E-06,1.217166E-05
12919,2.501535E-05,-9.712998E-07,-1.591539E-06,2.508474E-05
12920,-5.392808E-06,-9.904962E-06,6.155065E-06,1.284817E-05
12921,-8.888621E-06,2.707272E-06,5.568917E-06,1.083281E-05
12922,-7.023011E-06,6.271342E-06,8.058795E-06,1.239341E-05
12923,-4.319802E-06,-8.418728E-07,-3.340299E-07,4.41373E-06
12924,-6.346967E-06,5.506809E-06,1.156789E-05,1.429773E-05
12925,-4.324063E-06,-8.447223E-07,-3.29821E-07,4.418129E-06
12926,-1.997287E-08,6.622246E-06,-2.437115E-07,6.626759E-06
12927,-1.11452E-06,-1.203743E-05,-4.447341E-06,1.288102E-05
12928,-3.963293E-06,-1.084242E-05,-2.226353E-06,1.17568E-05
12929,-0.008388156,0.009903051,-0.001113459,0.0130258
12930,0.005543484,0.008830287,-0.01014231,0.01454546
12931,3.643352E-07,-8.07392E-08,-2.389966E-06,2.418924E-06
12932,-1.481602E-06,7.434722E-07,2.81612E-06,3.267786E-06
12933,-1.482366E-06,-1.289227E-06,2.809894E-06,3.42856E-06
12934,3.624045E-07,-7.634195E-08,-2.390469E-06,2.418989E-06
12935,-7.12069E-07,-6.59844E-07,1.45666E-06,1.750513E-06
12936,-4.482409E-07,-1.017912E-06,2.198667E-06,2.463981E-06
12937,-3.295466E-07,5.540318E-07,1.943998E-06,2.048092E-06
12938,2.093677E-05,5.115631E-07,-2.610346E-06,2.110507E-05
12939,1.944897E-05,2.090788E-07,1.023744E-06,1.947702E-05
12940,-1.389776E-06,-1.355567E-07,1.132589E-06,1.797946E-06
12941,-1.391773E-06,-1.235919E-07,1.12582E-06,1.794374E-06
12942,1.656949E-06,4.721545E-06,-1.220413E-06,5.150522E-06
12943,2.250037E-05,3.596841E-06,3.846149E-06,2.310837E-05
12944,1.658661E-06,4.734246E-06,-1.215178E-06,5.161483E-06
12945,1.89299E-05,-2.120411E-06,7.536419E-07,1.906319E-05
12946,2.080981E-05,-9.580397E-07,-3.118591E-06,2.106399E-05
12947,2.430765E-07,-2.303277E-06,-2.86344E-05,2.872792E-05
12948,5.317926E-07,-2.921559E-06,-2.925353E-05,2.940386E-05
12949,1.437329E-05,3.4609E-05,-1.335276E-06,3.749876E-05
12950,1.451019E-05,3.453179E-05,-1.32017E-06,3.747977E-05
12951,0.03573649,0.005082116,-0.03334552,0.04914111
12952,-0.002458126,0.02122556,7.734924E-05,0.02136756
12953,0.01777755,-0.00428741,0.1127161,0.11419
12954,-7.561522E-06,-6.374903E-06,3.041185E-07,9.894872E-06
12955,3.063181E-05,1.723285E-05,5.594545E-06,3.558901E-05
12956,3.06335E-05,1.723354E-05,5.582042E-06,3.558884E-05
12957,-2.192362E-05,4.824197E-05,2.377861E-05,5.808059E-05
12958,-1.419448E-05,-6.880103E-07,-3.249113E-06,1.457784E-05
12959,3.762433E-06,4.096384E-05,2.319701E-05,4.722599E-05
12960,3.074683E-05,5.884699E-06,2.581424E-06,3.141116E-05
12961,3.078434E-05,5.673865E-06,2.745185E-06,3.142299E-05
12962,3.127309E-05,6.465307E-07,2.009484E-05,3.717831E-05
12963,-0.0001257249,0.0006192815,9.004584E-05,0.0006382982
12964,-7.643543E-06,-5.427348E-06,-2.91871E-06,9.818285E-06
12965,-8.143254E-06,-4.476381E-06,-9.645464E-06,1.339349E-05
12966,2.420952E-05,-5.655077E-06,-8.914358E-07,2.487721E-05
12967,2.463445E-05,-7.416754E-06,2.555083E-06,2.585329E-05
12968,-7.642666E-06,-5.428926E-06,-2.91406E-06,9.817093E-06
12969,2.135041E-05,1.51422E-06,3.512329E-06,2.169031E-05
12970,-1.263401E-05,-1.266945E-06,7.770057E-06,1.488614E-05
12971,2.320501E-05,-8.616766E-06,2.641001E-06,2.48937E-05
12972,2.974424E-05,-2.511423E-07,1.01139E-06,2.976249E-05
12973,1.529635E-05,-9.644839E-07,-2.397708E-06,1.551314E-05
12974,2.420862E-05,-5.651982E-06,-8.913322E-07,2.487562E-05
12975,-1.755336E-05,-4.808298E-06,7.713354E-06,1.976704E-05
12976,-2.080704E-06,-8.527331E-06,5.304438E-06,1.025582E-05
12977,1.247987E-06,5.775759E-07,3.849713E-06,4.087953E-06
12978,-7.491025E-06,-1.04909E-05,2.998969E-06,1.323511E-05
12979,-4.079967E-06,-7.884343E-06,-3.564552E-07,8.884597E-06
12980,4.69525E-07,-6.186887E-06,2.426715E-06,6.662355E-06
12981,7.221774E-06,-5.739386E-06,7.163722E-06,1.167962E-05
12982,1.247317E-06,5.67294E-07,3.84373E-06,4.080672E-06
12983,-1.130194E-07,1.782202E-06,1.597459E-06,2.396015E-06
12984,0.01351345,-0.001046679,-0.006682337,0.01511167
12985,-3.190018E-07,9.230913E-07,-2.100389E-06,2.316354E-06
12986,-2.41436E-06,6.488779E-07,3.803003E-07,2.528795E-06
12987,-7.234696E-07,-8.563911E-07,-3.606232E-07,1.177651E-06
12988,-2.414774E-06,6.619038E-07,3.810484E-07,2.532676E-06
12989,-8.994112E-07,-9.339423E-07,-4.556385E-07,1.374334E-06
12990,-8.96867E-07,1.064261E-07,-4.443696E-07,1.006559E-06
12991,-7.72375E-06,3.461633E-08,1.014376E-05,1.274964E-05
12992,1.804136E-05,2.345636E-07,-7.490955E-06,1.953612E-05
12993,-7.731141E-06,2.401299E-08,1.014471E-05,1.275486E-05
12994,3.47026E-06,6.375765E-07,3.477331E-06,4.953892E-06
12995,1.858532E-05,3.494697E-07,-2.141624E-06,1.871157E-05
12996,2.204136E-05,3.540592E-06,-1.113394E-05,2.494638E-05
12997,1.85866E-05,3.487612E-07,-2.148249E-06,1.871358E-05
12998,2.204744E-05,3.543661E-06,-1.114993E-05,2.495933E-05
12999,-2.443008E-06,1.807965E-06,-1.259216E-06,3.289779E-06
13000,3.473624E-06,6.399299E-07,3.47951E-06,4.958081E-06
13001,4.979916E-06,2.224247E-07,1.083679E-05,1.192833E-05
13002,-1.611883E-05,-1.900282E-05,-1.556458E-05,2.937993E-05
13003,4.872445E-06,4.229728E-07,1.069069E-05,1.17563E-05
13004,1.739658E-05,1.836022E-05,1.894066E-05,3.159885E-05
13005,2.70683E-05,2.839127E-05,-5.238274E-06,3.95752E-05
13006,-8.695879E-05,9.069315E-06,1.252023E-06,8.743942E-05
13007,-1.612134E-05,-1.900322E-05,-1.556241E-05,2.938041E-05
13008,-0.005858422,-0.006063974,0.01473506,0.0169769
13009,2.637644E-05,-1.584567E-06,-1.291216E-06,2.645552E-05
13010,2.677044E-05,-3.154948E-06,-3.386712E-06,2.716763E-05
13011,-6.66899E-06,4.17835E-06,1.565713E-06,8.024057E-06
13012,2.634718E-05,-6.278156E-06,-1.272696E-06,2.711474E-05
13013,2.565403E-05,1.62069E-06,-6.966057E-07,2.571461E-05
13014,-1.187055E-05,4.697156E-06,1.855046E-06,1.290018E-05
13015,2.832395E-05,1.160432E-06,-1.31238E-06,2.837808E-05
13016,-2.471795E-06,-4.928077E-06,-3.956015E-07,5.527406E-06
13017,0.01900959,0.02052481,-0.02346195,0.03651157
13018,0.04117658,0.001792989,-0.008777359,0.04213986
13019,2.671107E-05,-8.441713E-06,-1.154687E-06,2.803706E-05
13020,-9.555042E-06,-5.944515E-06,2.391343E-06,1.150455E-05
13021,2.671105E-05,-8.44135E-06,-1.151794E-06,2.803681E-05
13022,2.852866E-05,-5.536682E-06,-6.990451E-07,2.906936E-05
13023,2.390483E-05,1.68166E-07,-1.237268E-06,2.393742E-05
13024,2.718197E-05,-6.859529E-08,-1.693574E-06,2.723477E-05
13025,-1.283229E-05,-6.287173E-06,2.711805E-06,1.454476E-05
13026,2.449174E-05,4.331941E-06,7.666658E-07,2.48837E-05
13027,-6.069024E-06,-4.850758E-06,1.59209E-06,7.930805E-06
13028,-1.027456E-05,-7.23426E-06,5.793834E-08,1.2566E-05
13029,2.278206E-07,-5.284621E-06,-1.729464E-06,5.565085E-06
13030,9.634715E-07,-1.316158E-05,-3.566502E-06,1.367023E-05
13031,2.375051E-06,-7.100085E-06,-4.480132E-06,8.724887E-06
13032,-1.737613E-06,-1.000908E-05,1.194489E-06,1.022877E-05
13033,2.359443E-06,-7.092346E-06,-4.489759E-06,8.719305E-06
13034,-3.50818E-06,3.170296E-06,-2.283036E-06,5.250748E-06
13035,-3.506795E-06,3.132719E-06,-2.291683E-06,5.230999E-06
13036,1.717989E-06,-4.934588E-06,-1.689995E-07,5.22783E-06
13037,1.717572E-06,-4.941657E-06,-1.672155E-07,5.234308E-06
13038,-0.04122775,0.1115927,-0.0736797,0.1399334
13039,-0.6865143,0.8740814,-0.01738122,1.111585
13040,2.268601E-06,-5.130004E-06,-1.045903E-06,5.70591E-06
13041,2.384703E-07,-7.804464E-07,2.038322E-06,2.195614E-06
13042,-1.306995E-06,-2.447334E-06,3.212188E-07,2.793002E-06
13043,1.191522E-06,-1.287268E-05,1.617759E-06,1.302853E-05
13044,-8.273511E-06,-5.931394E-07,1.183835E-05,1.445508E-05
13045,-2.008257E-05,1.262286E-06,4.752729E-05,5.16115E-05
13046,1.841772E-06,-5.573134E-07,-2.500929E-06,3.15553E-06
13047,-8.271828E-06,-9.95827E-07,1.183046E-05,1.446978E-05
13048,-1.99966E-05,-1.453268E-06,4.742198E-05,5.148611E-05
13049,1.84169E-06,5.442417E-07,-2.50228E-06,3.154272E-06
13050,-3.179737E-05,-1.727024E-06,6.488827E-06,3.249862E-05
13051,-3.179301E-05,-1.824329E-07,6.519211E-06,3.245503E-05
13052,1.235058E-05,1.256448E-07,-2.942286E-07,1.235472E-05
13053,1.241798E-05,2.303924E-06,-2.805445E-07,1.263301E-05
13054,-7.130224E-06,1.71122E-06,-2.679E-06,7.806754E-06
13055,5.461418E-06,6.988959E-06,-4.021687E-06,9.738922E-06
13056,2.081615E-05,2.498458E-06,4.728068E-06,2.149207E-05
13057,2.141209E-05,-4.388712E-06,-1.823269E-06,2.193314E-05
13058,-7.13087E-06,1.715892E-06,-2.674251E-06,7.806741E-06
13059,2.699056E-05,-2.574822E-06,4.917652E-06,2.755546E-05
13060,1.700283E-05,3.828165E-06,-6.479422E-07,1.744049E-05
13061,5.456505E-06,6.988167E-06,-4.020858E-06,9.735257E-06
13062,-1.444158E-05,-3.795981E-06,9.181092E-06,1.752886E-05
13063,-1.446673E-05,-3.749342E-06,9.148093E-06,1.752232E-05
13064,-1.021761E-05,3.462664E-06,2.031533E-06,1.097801E-05
13065,-1.616065E-05,-2.186602E-05,4.486463E-05,5.246069E-05
13066,-1.033595E-05,-2.554093E-05,1.863943E-05,3.326559E-05
13067,-1.480229E-05,-6.081672E-06,3.018057E-06,1.628506E-05
13068,-3.983812E-05,2.531754E-05,9.586374E-05,0.0001068546
13069,-1.276548E-05,2.232269E-05,2.385841E-05,3.507825E-05
13070,0.03341938,-0.03527535,0.07662539,0.09073398
13071,-1.836456E-06,2.162568E-06,1.282613E-06,3.113578E-06
13072,2.504293E-05,1.09327E-06,3.321281E-06,2.528586E-05
13073,3.077849E-05,1.362547E-05,-7.533156E-07,3.366804E-05
13074,2.504084E-05,1.083154E-06,3.304049E-06,2.528109E-05
13075,3.516068E-05,-9.975322E-06,-6.191161E-06,3.706901E-05
13076,-9.389935E-06,2.838764E-06,-2.157631E-07,9.812034E-06
13077,-9.39035E-06,2.839236E-06,-2.117008E-07,9.812479E-06
13078,-5.841058E-06,-5.094835E-06,-9.333881E-07,7.806824E-06
13079,-3.470986E-06,-3.708628E-06,3.800346E-07,5.09373E-06
13080,0.1192749,0.11832,-0.08588189,0.1886844
13081,-3.755092E-06,-8.047834E-06,9.5379E-06,1.303226E-05
13082,-1.113334E-05,7.14415E-06,-4.275631E-06,1.39022E-05
13083,1.71521E-05,1.262953E-05,-6.048893E-06,2.214246E-05
13084,-1.300154E-05,-3.346126E-06,3.595523E-06,1.389836E-05
13085,2.362002E-05,8.217893E-06,8.970666E-06,2.656901E-05
13086,2.148417E-05,-9.315801E-06,1.081838E-05,2.579517E-05
13087,-6.166987E-06,2.637889E-07,4.350911E-06,7.551936E-06
13088,-7.806702E-06,3.004813E-06,-7.83576E-06,1.146179E-05
13089,-7.807145E-06,3.000103E-06,-7.841039E-06,1.146447E-05
13090,-1.300413E-05,-3.346504E-06,3.592484E-06,1.390008E-05
13091,2.149446E-05,-9.397253E-06,1.075065E-05,2.580497E-05
13092,1.725407E-05,-1.31085E-06,-6.457361E-06,1.846941E-05
13093,-1.411481E-05,-4.139049E-06,9.617679E-07,1.474057E-05
13094,1.725108E-05,-1.300772E-06,-6.461724E-06,1.846742E-05
13095,1.700237E-05,1.216726E-05,-6.837454E-06,2.199713E-05
13096,-3.439444E-06,-1.059784E-05,-7.122911E-06,1.322422E-05
13097,-1.228999E-07,-1.660664E-06,-3.280436E-06,3.678882E-06
13098,-1.226697E-07,-1.664467E-06,-3.280922E-06,3.681025E-06
13099,-6.534395E-06,-1.960743E-05,-3.327699E-06,2.093378E-05
13100,-1.348209E-06,-8.415712E-06,2.148224E-06,8.789581E-06
13101,-6.509857E-06,-1.105264E-05,-3.134434E-06,1.320469E-05
13102,1.244721E-06,-1.311589E-05,2.463803E-06,1.340322E-05
13103,-9.18663E-06,-1.005479E-05,-4.875249E-06,1.446585E-05
13104,5.781725E-07,-8.989606E-06,-4.776291E-06,1.019609E-05
13105,3.723272E-07,-2.083776E-06,3.175573E-06,3.816414E-06
13106,-3.16363E-06,-8.075275E-06,-4.178495E-06,9.626965E-06
13107,1.844752E-06,8.660191E-06,2.267919E-06,9.140322E-06
13108,-1.422542E-05,-1.222454E-05,-3.930673E-07,1.87605E-05
13109,-4.23057E-07,-4.259107E-06,-8.696163E-07,4.367516E-06
13110,-1.336525E-06,-7.690634E-06,-6.190449E-06,9.96262E-06
13111,-1.422658E-05,-1.224804E-05,-3.85673E-07,1.877654E-05
13112,-0.003198191,-0.01220773,0.02109408,0.02458084
13113,2.946382E-06,3.118718E-08,-9.317816E-08,2.94802E-06
13114,-3.146542E-06,-1.516472E-06,2.666292E-07,3.503071E-06
13115,-3.005457E-06,-8.050705E-07,-2.409675E-07,3.120733E-06
13116,-1.734795E-06,1.444904E-06,1.475438E-07,2.262528E-06
13117,6.770911E-07,-4.808063E-07,-1.662974E-07,8.469249E-07
13118,4.047444E-06,1.625551E-06,-4.97262E-08,4.361959E-06
13119,1.485815E-06,-4.201665E-06,-1.980736E-06,4.876982E-06
13120,3.094199E-07,-2.69522E-07,9.222159E-07,1.009388E-06
13121,-4.023632E-07,-3.586467E-06,-8.3947E-07,3.705314E-06
13122,-1.30681E-06,1.295674E-07,-1.09158E-06,1.707656E-06
13123,-4.228872E-07,5.031211E-05,1.086672E-06,5.032562E-05
13124,1.166503E-06,-3.770517E-06,2.254563E-06,4.545392E-06
13125,3.666912E-06,5.609416E-07,-3.044941E-07,3.722045E-06
13126,-8.844901E-06,4.888888E-07,-1.1939E-06,8.938495E-06
13127,-8.841479E-06,4.509068E-07,-1.195309E-06,8.933299E-06
13128,1.065575E-06,-1.177981E-06,-3.442556E-06,3.791343E-06
13129,2.547012E-06,-9.373352E-07,-9.343523E-07,2.870345E-06
13130,2.547642E-06,-8.924994E-07,-9.368435E-07,2.857396E-06
13131,1.067129E-06,-8.677896E-07,-3.436335E-06,3.701381E-06
13132,-2.063813E-05,-1.374641E-06,3.059087E-06,2.090885E-05
13133,-7.161069E-06,-2.695531E-07,-6.116238E-08,7.166402E-06
13134,-7.163709E-06,-2.650607E-07,-5.986178E-08,7.168861E-06
13135,2.19903E-05,-1.597233E-06,-6.321846E-06,2.293665E-05
13136,2.200706E-05,-1.360322E-06,-6.324841E-06,2.293828E-05
13137,-2.063964E-05,-1.384016E-06,3.05914E-06,2.091096E-05
13138,2.307252E-05,1.191727E-05,-1.048429E-06,2.598964E-05
13139,2.428701E-05,9.511204E-06,-2.82259E-06,2.623526E-05
13140,1.731433E-05,-1.85252E-06,3.245091E-06,1.771294E-05
13141,5.663658E-07,-5.620452E-07,-1.20791E-06,1.447657E-06
13142,-5.747788E-06,-8.902839E-06,-6.52635E-06,1.244552E-05
13143,5.72373E-07,-5.648366E-07,-1.219446E-06,1.460719E-06
13144,-2.139731E-06,3.775997E-06,1.062293E-05,1.147533E-05
13145,-1.163638E-06,-1.592625E-05,6.823599E-07,1.598327E-05
13146,-1.22253E-05,-2.971362E-06,8.869692E-06,1.539345E-05
13147,-1.223584E-05,3.507525E-06,1.389994E-05,1.884746E-05
13148,-0.01407772,0.004397735,-0.01187696,0.01893633
13149,2.189449E-05,3.521155E-06,-5.348831E-06,2.281178E-05
13150,2.078458E-05,-8.754912E-07,5.240038E-06,2.145281E-05
13151,2.330571E-05,5.253209E-06,-1.169442E-06,2.391903E-05
13152,-7.033764E-06,3.239343E-06,3.145045E-06,8.358139E-06
13153,2.411698E-05,5.979187E-06,1.390208E-06,2.488598E-05
13154,2.411702E-05,5.991735E-06,1.381873E-06,2.488857E-05
13155,2.330554E-05,5.252917E-06,-1.16723E-06,2.391869E-05
13156,-2.653971E-06,1.295416E-06,4.510673E-06,5.39146E-06
13157,-0.00999819,0.01409524,0.009982313,0.01995711
13158,2.668483E-05,-8.079291E-06,-1.046743E-05,2.978124E-05
13159,-1.13511E-06,-5.994624E-06,-5.66871E-06,8.328161E-06
13160,1.885406E-05,7.12836E-06,-1.139229E-05,2.315326E-05
13161,-8.05522E-06,5.005236E-06,-1.271097E-05,1.585899E-05
13162,-1.1333E-06,-5.993836E-06,-5.669552E-06,8.327921E-06
13163,-8.582986E-06,-2.151191E-06,-1.3293E-05,1.59687E-05
13164,2.667237E-05,-8.06591E-06,-1.047042E-05,2.97675E-05
13165,1.885433E-05,7.129167E-06,-1.139249E-05,2.315382E-05
13166,-8.57982E-06,-2.149053E-06,-1.329169E-05,1.596561E-05
13167,-1.05736E-06,-1.869553E-06,-1.090456E-05,1.111407E-05
13168,-2.464868E-06,-9.565726E-06,-1.516042E-05,1.809467E-05
13169,2.015051E-06,-1.969217E-06,-1.039543E-05,1.077048E-05
13170,-3.26755E-06,-6.828884E-06,-1.065867E-05,1.307355E-05
13171,-1.884929E-06,-1.146175E-05,-1.054311E-05,1.5687E-05
13172,-1.881616E-06,-1.14855E-05,-1.054779E-05,1.57071E-05
13173,-2.463646E-06,-9.551108E-06,-1.515972E-05,1.80862E-05
13174,-6.994028E-05,8.383338E-05,-4.157702E-05,0.0001168261
13175,-6.943906E-05,-9.369266E-06,-6.757776E-05,9.734639E-05
13176,-2.344215E-05,-3.206505E-05,0.0001175054,0.0001240371
13177,1.02572E-06,7.375958E-07,-1.841777E-06,2.233448E-06
13178,1.025036E-06,6.932079E-07,-1.841606E-06,2.218727E-06
13179,2.763413E-08,-5.348498E-07,-3.592822E-08,5.367669E-07
13180,-2.081242E-06,1.391288E-07,-1.095081E-06,2.355871E-06
13181,-1.410427E-06,4.387851E-07,-2.586226E-07,1.499574E-06
13182,5.983464E-06,7.999824E-06,3.528245E-06,1.059469E-05
13183,-9.097223E-07,3.018157E-05,2.77634E-06,3.032264E-05
13184,4.329554E-06,5.598203E-06,-5.402856E-06,8.903694E-06
13185,4.332409E-06,5.583486E-06,-5.402278E-06,8.895488E-06
13186,-6.201626E-07,-1.152132E-05,2.325194E-06,1.176996E-05
13187,6.950197E-06,-8.117753E-06,1.670638E-06,1.081638E-05
13188,-4.530553E-06,-6.902576E-06,1.882279E-06,8.468438E-06
13189,6.357529E-06,-5.65142E-06,3.328682E-06,9.134377E-06
13190,-1.216874E-05,8.839701E-06,-1.870175E-06,1.515639E-05
13191,-1.745539E-05,-1.298027E-05,1.439993E-05,2.608709E-05
13192,-1.218046E-05,8.805631E-06,-1.872001E-06,1.514619E-05
13193,1.271946E-05,-5.662408E-06,1.977066E-05,2.418112E-05
13194,1.271752E-05,-5.666883E-06,1.976654E-05,2.417778E-05
13195,-1.748158E-05,-1.293448E-05,1.441544E-05,2.609044E-05
13196,2.2578E-05,-4.382595E-07,4.116374E-06,2.295437E-05
13197,2.250476E-05,1.644609E-06,-1.751404E-06,2.263264E-05
13198,-2.153001E-06,-3.334755E-07,-5.435899E-08,2.179352E-06
13199,2.25065E-05,1.610237E-06,-1.769798E-06,2.263333E-05
13200,1.865425E-05,-5.094037E-06,-1.743575E-06,1.941572E-05
13201,-5.521025E-06,-3.60985E-06,7.507336E-06,9.99364E-06
13202,-2.15858E-06,-3.244806E-07,-6.957461E-08,2.183941E-06
13203,-2.852746E-06,1.130696E-06,2.871076E-06,4.202346E-06
13204,-2.856397E-06,1.138398E-06,2.87152E-06,4.207206E-06
13205,-2.78859E-06,2.197657E-07,-7.06439E-07,2.885062E-06
13206,-4.71358E-06,-9.216421E-06,-8.912741E-07,1.039012E-05
13207,-2.522567E-06,-3.658503E-06,4.571692E-07,4.467325E-06
13208,-4.636064E-07,-7.121924E-06,3.80235E-06,8.086693E-06
13209,-8.283789E-06,-3.444417E-06,5.801198E-06,1.068359E-05
13210,6.576792E-07,3.686538E-06,8.179647E-07,3.833037E-06
13211,6.56684E-07,3.685522E-06,8.093227E-07,3.830053E-06
13212,0.007632749,0.002399849,0.006264918,0.01016205
13213,-4.098452E-06,1.783253E-06,-3.889311E-07,4.486487E-06
13214,-4.745213E-06,4.106332E-06,2.38272E-06,6.712403E-06
13215,-4.097655E-06,1.787024E-06,-3.900266E-07,4.487355E-06
13216,2.439703E-05,2.697487E-06,-6.204619E-06,2.531775E-05
13217,1.769038E-05,-6.343545E-06,-2.637498E-06,1.897753E-05
13218,1.769223E-05,-6.342067E-06,-2.655618E-06,1.898129E-05
13219,2.166983E-05,-5.630453E-06,-1.579616E-06,2.244502E-05
13220,2.660837E-05,-2.409501E-06,-3.730199E-07,2.671984E-05
13221,2.155412E-05,-2.367308E-06,6.252169E-06,2.25671E-05
13222,0.086947,-0.04293198,-0.004483249,0.09707232
13223,5.709779E-07,-5.75642E-07,1.031581E-06,1.312074E-06
13224,2.704194E-06,-4.081909E-06,1.423433E-06,5.099099E-06
13225,-1.98917E-06,-2.708338E-06,-1.878178E-06,3.849603E-06
13226,-1.991582E-06,-2.661804E-06,-1.880841E-06,3.819576E-06
13227,1.836048E-06,-1.458711E-06,2.034525E-06,3.104545E-06
13228,5.671295E-07,-6.820767E-07,1.029638E-06,1.359051E-06
13229,2.033053E-06,-1.389741E-05,-2.917348E-06,1.434511E-05
13230,2.752158E-06,-1.403093E-05,-3.098899E-06,1.463027E-05
13231,-2.665505E-06,-4.743544E-06,-6.39278E-06,8.394865E-06
13232,1.249485E-07,-2.441021E-06,3.742661E-06,4.470091E-06
13233,-2.664309E-06,-4.743739E-06,-6.39036E-06,8.392753E-06
13234,-1.521847E-06,1.113608E-06,3.830589E-06,4.269608E-06
13235,2.387644E-06,-1.223979E-05,-1.426856E-06,1.255186E-05
13236,7.054682E-06,7.207464E-05,-1.177704E-06,7.242865E-05
13237,6.245215E-06,7.483226E-05,-1.943417E-06,7.511755E-05
13238,3.441518E-06,-8.496469E-06,3.629971E-06,9.85955E-06
13239,3.440164E-06,-8.494841E-06,3.632017E-06,9.858428E-06
13240,1.428511E-06,-2.57545E-05,-5.83885E-06,2.644669E-05
13241,-6.308376E-06,-2.86677E-05,-1.359129E-06,2.938502E-05
13242,-1.817059E-06,1.625326E-05,-9.558509E-06,1.894295E-05
13243,-1.726281E-05,5.627727E-05,1.53385E-05,6.083096E-05
13244,-8.673107E-06,-1.672499E-05,3.832364E-07,1.884396E-05
13245,-1.81882E-06,1.62444E-05,-9.555963E-06,1.893423E-05
13246,-1.72507E-05,5.624333E-05,1.531284E-05,6.078965E-05
13247,-8.683341E-06,-1.672149E-05,3.957024E-07,1.884583E-05
13248,2.606113E-05,-5.130815E-07,3.782837E-06,2.633924E-05
13249,2.149186E-05,-4.662622E-06,4.082823E-06,2.23676E-05
13250,2.687372E-05,-4.127231E-06,1.806602E-06,2.724875E-05
13251,-2.954251E-07,4.394097E-07,3.792001E-07,6.512677E-07
13252,2.688124E-05,-4.165467E-06,1.779311E-06,2.72602E-05
13253,2.257769E-05,-9.899937E-07,4.98744E-08,2.259944E-05
13254,2.477777E-05,-4.703583E-08,-7.133179E-07,2.478808E-05
13255,2.443964E-05,9.230647E-07,-6.2316E-07,2.446501E-05
13256,-1.982388E-06,-1.436754E-06,-3.884597E-07,2.478917E-06
13257,1.686353E-06,2.591529E-06,5.260788E-06,6.102106E-06
13258,2.999903E-06,-3.482994E-07,-9.604955E-07,3.169114E-06
13259,4.068414E-07,2.595955E-06,5.389257E-06,5.995715E-06
13260,9.75307E-07,2.92942E-06,-1.983196E-06,3.669577E-06
13261,-1.097183E-06,-2.063065E-06,-2.617998E-06,3.509125E-06
13262,-4.094111E-06,-2.295339E-06,5.60913E-06,7.313868E-06
13263,1.470763E-06,-3.652885E-06,2.500142E-06,4.664485E-06
13264,9.140098E-07,8.706593E-07,3.430876E-08,1.26279E-06
13265,0.1518965,0.07043401,-0.2080564,0.2670598
13266,-4.142997E-06,4.009524E-06,-3.740716E-06,6.872675E-06
13267,-1.3059E-05,8.788147E-07,1.219114E-07,1.30891E-05
13268,3.102729E-06,7.8028E-07,1.446457E-06,3.511126E-06
13269,2.512212E-05,2.978925E-06,2.212604E-06,2.539469E-05
13270,2.398075E-05,-8.880844E-08,1.73327E-06,2.404347E-05
13271,2.636303E-05,6.158235E-06,-3.255375E-07,2.70747E-05
13272,2.341925E-06,-1.126633E-06,5.542593E-06,6.121622E-06
13273,1.877251E-05,8.011006E-07,-1.219586E-06,1.882913E-05
13274,2.512211E-05,2.978787E-06,2.212391E-06,2.539465E-05
13275,0.02016543,-0.01208117,-0.006926082,0.02450652
13276,-7.311064E-07,1.079266E-06,2.422692E-07,1.325906E-06
13277,3.902423E-06,3.749272E-07,2.973552E-06,4.920517E-06
13278,3.977786E-06,-1.680286E-06,1.899419E-06,4.717408E-06
13279,-2.144038E-06,6.432836E-07,2.456409E-08,2.238597E-06
13280,2.336668E-06,7.095342E-07,-2.31034E-07,2.452923E-06
13281,9.843021E-07,-1.478393E-06,-1.948632E-07,1.786748E-06
13282,-1.634891E-05,1.035174E-07,-9.186056E-06,1.875316E-05
13283,-1.662899E-05,7.668683E-08,-9.337659E-06,1.907147E-05
13284,5.914254E-06,-4.088524E-06,-1.515718E-05,1.677601E-05
13285,5.856428E-06,-4.217828E-06,-1.510494E-05,1.674058E-05
13286,1.00589E-05,-2.129237E-06,1.084944E-06,1.033887E-05
13287,9.415693E-06,-2.223195E-06,9.73636E-07,9.723469E-06
13288,-3.645331E-06,-8.350356E-06,2.323569E-06,9.402971E-06
13289,-3.624998E-06,-8.349136E-06,2.327167E-06,9.394913E-06
13290,5.175122E-06,1.118663E-06,-2.733772E-07,5.301701E-06
13291,-1.328101E-06,-8.530254E-07,-3.916489E-06,4.222605E-06
13292,5.163057E-06,1.128049E-06,-2.786111E-07,5.292191E-06
13293,-1.321769E-06,-8.532678E-07,-3.917905E-06,4.22198E-06
13294,-7.268498E-08,-9.108164E-07,-2.697893E-06,2.84842E-06
13295,-1.035599E-05,-3.008329E-06,1.584814E-07,1.078525E-05
13296,2.665013E-05,3.160944E-06,-1.642002E-06,2.688712E-05
13297,3.043736E-05,-6.030964E-06,1.159552E-06,3.105076E-05
13298,-8.579724E-06,1.949394E-06,-9.240189E-07,8.846785E-06
13299,2.617315E-05,-3.053747E-06,2.703386E-06,2.648901E-05
13300,-1.010833E-05,-3.486251E-09,-1.80348E-06,1.026795E-05
13301,2.674766E-05,1.645796E-06,1.462146E-06,2.68381E-05
13302,2.416704E-05,-3.905211E-06,-6.247907E-07,2.44885E-05
13303,-6.116204E-07,-5.712391E-06,-2.15503E-06,6.135931E-06
13304,-1.76415E-06,-9.958339E-07,2.967147E-08,2.026029E-06
13305,4.771406E-07,1.080227E-06,-1.039313E-07,1.185477E-06
13306,6.863275E-07,4.508467E-06,-8.197143E-09,4.560415E-06
13307,4.489991E-07,-4.87284E-07,-1.276928E-06,1.438607E-06
13308,3.590109E-07,3.42155E-06,1.302631E-06,3.678688E-06
13309,1.094518E-06,2.626698E-06,2.592716E-07,2.8574E-06
13310,6.817133E-07,4.514809E-06,-1.596682E-09,4.565986E-06
13311,7.237282E-07,2.056846E-06,-1.239967E-07,2.183981E-06
13312,-0.0008044868,-0.003669281,0.006621579,0.007612892
13313,0.001046057,0.006935752,-0.001211463,0.007118043
13314,2.58186E-05,-7.586057E-07,7.713006E-07,2.584126E-05
13315,2.775677E-05,2.014273E-06,-5.195422E-06,2.831057E-05
13316,-5.966598E-06,1.151212E-06,1.018032E-06,6.161328E-06
13317,2.630381E-05,5.367744E-08,1.037244E-06,2.632431E-05
13318,2.765215E-05,3.782487E-06,1.739807E-06,2.796383E-05
13319,2.665691E-05,-4.650941E-06,-1.011776E-06,2.707852E-05
13320,2.827933E-05,1.780637E-06,-2.529257E-06,2.8448E-05
13321,-1.036935E-05,4.781593E-06,-6.539894E-06,1.315892E-05
13322,2.437527E-05,4.546288E-06,-3.617583E-06,2.505812E-05
13323,-3.201351E-06,1.401549E-06,-1.548305E-06,3.822334E-06
13324,-0.004981943,-0.02167867,0.01285856,0.02569294
13325,-3.27706E-05,2.070391E-05,5.132096E-05,6.431489E-05
13326,-7.028763E-07,3.861437E-05,1.927395E-05,4.316305E-05
13327,-6.87855E-07,3.86175E-05,1.927866E-05,4.316771E-05
13328,6.157788E-07,-3.555479E-07,1.579424E-06,1.732102E-06
13329,3.351205E-07,-3.505059E-07,1.617287E-06,1.688424E-06
13330,2.802755E-06,-2.178115E-06,-2.404841E-06,4.287526E-06
13331,3.3148E-07,-3.505022E-07,1.617036E-06,1.687464E-06
13332,5.074805E-06,-2.863248E-06,8.290955E-07,5.885511E-06
13333,-5.610569E-07,-1.800161E-07,-1.358392E-06,1.480682E-06
13334,-5.585912E-07,-1.800937E-07,-1.356257E-06,1.4778E-06
13335,-5.926737E-07,8.50404E-07,2.841883E-05,2.843773E-05
13336,-4.977978E-07,8.578875E-07,2.839811E-05,2.841542E-05
13337,-7.694901E-06,-3.104657E-07,-1.292828E-06,7.808924E-06
13338,-7.754136E-06,-3.092152E-07,-1.362534E-06,7.879006E-06
13339,-7.932913E-07,-1.626031E-06,-7.640985E-06,7.852257E-06
13340,-7.912948E-07,-1.626832E-06,-7.639521E-06,7.850796E-06
13341,4.262748E-06,-4.259545E-07,-3.690004E-06,5.654077E-06
13342,3.206694E-07,6.839696E-06,-1.30805E-06,6.97103E-06
13343,7.281163E-07,-1.465881E-06,-1.734722E-06,2.384999E-06
13344,2.254149E-05,1.965965E-07,-4.858015E-06,2.305987E-05
13345,2.510632E-05,4.002986E-06,-4.40625E-06,2.580244E-05
13346,2.777479E-05,3.749637E-07,-8.85195E-06,2.915368E-05
13347,2.641537E-05,-2.208328E-07,2.820751E-07,2.64178E-05
13348,-6.41064E-06,-9.279392E-07,-5.877378E-06,8.746482E-06
13349,-8.320349E-06,-2.357115E-06,4.31904E-06,9.66635E-06
13350,-7.73327E-06,3.499342E-06,3.543853E-06,9.198247E-06
13351,2.530828E-05,3.386441E-06,-1.434006E-07,2.553424E-05
13352,2.340221E-05,-1.263085E-06,2.77628E-06,2.360014E-05
13353,1.46542E-06,3.710275E-06,2.30472E-06,4.607095E-06
13354,-7.608237E-07,1.009383E-06,-3.939032E-06,4.136869E-06
13355,-8.669198E-07,1.26584E-07,-6.820035E-06,6.876078E-06
13356,1.333916E-06,1.453417E-06,1.981262E-06,2.795917E-06
13357,-3.674721E-06,2.186473E-06,-3.808387E-06,5.726085E-06
13358,7.012908E-07,2.739423E-06,-3.83255E-06,4.762844E-06
13359,1.075244E-06,1.113966E-07,-1.660519E-06,1.981384E-06
13360,7.304703E-06,-1.590112E-08,-2.067134E-06,7.591573E-06
13361,1.212724E-06,-2.521275E-07,-1.270819E-05,1.276842E-05
13362,1.333212E-06,1.455986E-06,1.980998E-06,2.79673E-06
13363,1.566641E-06,-1.764043E-06,-8.89927E-07,2.521544E-06
13364,-1.004653E-06,6.688671E-07,-1.076866E-05,1.083609E-05
13365,0.001537422,0.001650933,-0.002194147,0.003146987
13366,1.337134E-07,3.6994E-06,2.774921E-07,3.712202E-06
13367,-2.160059E-06,6.496455E-06,1.004038E-07,6.846888E-06
13368,-1.024451E-06,-3.362289E-06,-7.970581E-08,3.515799E-06
13369,5.843538E-06,-2.397867E-06,-6.077528E-08,6.316676E-06
13370,1.39685E-07,3.698917E-06,2.09586E-07,3.707483E-06
13371,-5.976458E-06,-7.436786E-07,2.418879E-06,6.490153E-06
13372,2.291018E-05,-6.816986E-07,-4.762222E-06,2.340982E-05
13373,2.104918E-05,3.918118E-06,2.619887E-06,2.157043E-05
13374,2.089023E-05,1.658627E-06,1.93347E-06,2.104497E-05
13375,2.052441E-05,3.422121E-06,3.480973E-06,2.10969E-05
13376,2.407176E-05,-3.179922E-06,-7.274842E-06,2.534728E-05
13377,2.058166E-05,-1.761379E-06,1.250417E-06,2.06947E-05
13378,2.052396E-05,3.417431E-06,3.483145E-06,2.109607E-05
13379,-5.975372E-06,-7.495448E-07,2.414584E-06,6.488228E-06
13380,0.07405822,-0.02382121,0.01539297,0.0793033
13381,2.665329E-05,3.640836E-06,-3.851795E-06,2.717517E-05
13382,-1.278428E-06,2.75715E-05,1.949837E-05,3.379362E-05
13383,-1.33265E-06,2.757206E-05,1.949803E-05,3.379598E-05
13384,2.650436E-05,3.12325E-06,4.791889E-06,2.711453E-05
13385,-2.568419E-06,-1.969126E-06,-2.300061E-06,3.970455E-06
13386,3.067869E-05,1.991213E-05,2.660733E-06,3.667089E-05
13387,3.070848E-05,1.987942E-05,2.650983E-06,3.667737E-05
13388,-4.931703E-05,4.115462E-05,1.22348E-05,6.538779E-05
13389,4.451605E-05,7.044983E-06,2.593303E-06,4.514461E-05
13390,3.631277E-05,-2.020922E-06,-1.201969E-06,3.638882E-05
13391,2.32279E-06,-9.078119E-07,-4.453009E-06,5.103799E-06
13392,-1.292774E-06,2.288324E-06,2.448954E-06,3.592362E-06
13393,3.930603E-07,-6.5022E-07,-7.469766E-07,1.065484E-06
13394,-2.373787E-08,-1.038859E-06,6.878137E-07,1.246146E-06
13395,3.959184E-07,-6.511372E-07,-7.518894E-07,1.070546E-06
13396,8.19528E-06,-4.770099E-07,3.642169E-06,8.980844E-06
13397,-2.297463E-05,1.061433E-06,-1.876535E-05,2.968331E-05
13398,8.988308E-07,-2.145484E-07,-7.861948E-05,7.862491E-05
13399,8.235057E-06,-4.767875E-07,3.61971E-06,9.008096E-06
13400,-1.233767E-05,-7.37521E-07,-1.404317E-05,1.870756E-05
13401,9.169084E-06,-2.089092E-06,7.763384E-06,1.219453E-05
13402,9.167517E-06,-2.089947E-06,7.757852E-06,1.218998E-05
13403,-1.445361E-05,-8.816854E-06,-6.804407E-07,1.694423E-05
13404,2.053587E-05,-5.387597E-07,-1.086089E-05,2.323728E-05
13405,1.037149E-06,2.584471E-06,-5.491084E-06,6.15688E-06
13406,1.668952E-05,-2.780134E-06,-1.167979E-05,2.055935E-05
13407,1.749108E-07,6.554371E-07,-1.409167E-05,1.410799E-05
13408,1.668998E-05,-2.781698E-06,-1.16797E-05,2.055988E-05
13409,2.053563E-05,-5.409574E-07,-1.086121E-05,2.323727E-05
13410,1.805185E-05,5.680948E-07,-1.272046E-05,2.209077E-05
13411,1.647793E-07,6.679399E-07,-1.409139E-05,1.410818E-05
13412,1.698219E-06,-2.354037E-06,-7.218181E-06,7.779947E-06
13413,5.652109E-07,9.719033E-07,-9.032415E-06,9.102119E-06
13414,7.055706E-08,4.474495E-07,-1.025274E-05,1.026275E-05
13415,-1.019228E-07,5.573195E-07,-8.965972E-06,8.983854E-06
13416,1.241544E-06,9.29106E-07,-7.763851E-06,7.9172E-06
13417,6.893154E-07,7.11438E-07,-7.280047E-06,7.347134E-06
13418,0.0001528768,-0.0001299833,0.0006641657,0.0006938177
13419,-7.333756E-05,-5.431482E-05,0.0001562928,0.000180986
13420,0.0001407733,-5.560273E-05,-0.0001692881,0.0002270842
13421,-5.630947E-05,7.261866E-05,-5.119555E-05,0.0001051913
13422,2.262753E-05,-1.659121E-06,-7.034998E-06,2.375393E-05
13423,-6.070736E-06,2.124283E-06,5.456287E-06,8.434304E-06
13424,-3.997759E-06,3.220423E-06,5.070437E-06,7.215437E-06
13425,1.560783E-06,-6.046398E-06,6.921785E-08,6.244979E-06
13426,2.909943E-05,7.78713E-06,5.195322E-06,3.056808E-05
13427,2.518633E-05,4.450096E-06,-7.227002E-06,2.657789E-05
13428,2.910179E-05,7.793564E-06,5.209376E-06,3.057436E-05
13429,1.164667E-05,3.553717E-05,-9.323266E-06,3.854165E-05
13430,1.816467E-05,2.101475E-05,9.583979E-06,2.938413E-05
13431,1.81747E-05,2.103281E-05,9.581433E-06,2.940242E-05
13432,-3.812441E-06,3.05652E-06,-7.810208E-06,9.212838E-06
13433,3.101732E-05,-3.432068E-06,2.185332E-06,3.128305E-05
13434,-1.00531E-05,-6.864672E-06,1.591453E-06,1.227686E-05
13435,4.114206E-05,1.954297E-06,-6.353756E-06,4.167564E-05
13436,2.819344E-05,5.506611E-06,7.523246E-06,2.969498E-05
13437,2.819648E-05,5.531374E-06,7.521526E-06,2.970204E-05
13438,3.101669E-05,-3.420997E-06,2.172311E-06,3.128031E-05
13439,-19.96553,5.845093,11.39729,23.72099
13440,-4.672162E-07,1.535843E-07,-5.595742E-07,7.449848E-07
13441,2.211289E-06,-2.769128E-07,2.27209E-07,2.240112E-06
13442,1.046592E-06,1.512633E-07,8.623809E-07,1.364528E-06
13443,-1.535894E-06,-6.400504E-07,1.147065E-07,1.667871E-06
13444,-5.626064E-07,-1.960135E-07,1.21038E-06,1.349062E-06
13445,1.049196E-06,1.380356E-07,8.522314E-07,1.358736E-06
13446,2.212102E-06,-2.769343E-07,2.278602E-07,2.240983E-06
13447,-8.986292E-06,-8.025278E-06,-3.988044E-05,4.166063E-05
13448,-4.180439E-05,-2.051894E-05,2.930022E-06,4.666068E-05
13449,-2.213238E-05,-2.79868E-06,0.0001059976,0.0001083197
13450,-1.928918E-05,-5.749517E-06,3.470705E-06,2.042487E-05
13451,1.117631E-05,1.430066E-05,5.866736E-06,1.907453E-05
13452,1.119177E-05,1.430215E-05,5.871976E-06,1.908631E-05
13453,1.701641E-05,-2.511723E-05,3.854451E-07,3.03411E-05
13454,4.578649E-06,-2.03559E-05,-1.45405E-05,2.543134E-05
13455,-3.811475E-07,-2.899018E-05,2.124186E-05,3.594151E-05
13456,1.794367E-05,-1.97236E-05,1.589875E-05,3.104458E-05
13457,3.627471E-06,-1.70394E-05,-3.200683E-06,1.771282E-05
13458,9.966378E-06,5.388594E-06,-1.523679E-05,1.89875E-05
13459,1.434653E-05,-1.268709E-05,-2.450476E-06,1.930777E-05
13460,-8.705525E-06,1.038485E-06,-1.059166E-06,8.830993E-06
13461,2.750971E-05,-2.830057E-06,-1.972504E-06,2.772515E-05
13462,2.74323E-05,3.820456E-06,-5.073221E-07,2.770171E-05
13463,2.785514E-05,2.127453E-06,-2.284118E-07,2.793719E-05
13464,2.576915E-05,2.526493E-07,-6.489596E-07,2.577856E-05
13465,-9.388056E-06,-1.578502E-06,-1.874685E-07,9.521681E-06
13466,-1.221349E-05,4.264596E-07,-2.586657E-06,1.249168E-05
13467,2.746832E-05,1.619787E-06,3.481907E-06,2.773547E-05
13468,2.844008E-05,1.186065E-06,4.734003E-06,2.885578E-05
13469,-5.29325E-06,7.320301E-07,-1.241482E-06,5.485949E-06
13470,1.2877E-05,5.083805E-06,7.785777E-06,1.588334E-05
13471,1.28745E-05,5.079659E-06,7.78298E-06,1.587862E-05
13472,1.060183E-05,1.949059E-05,-7.960822E-06,2.357237E-05
13473,1.059236E-05,1.949082E-05,-7.963762E-06,2.35693E-05
13474,-9.540699E-06,-6.924877E-06,-7.371095E-06,1.390366E-05
13475,7.034718E-06,4.647247E-05,2.08813E-05,5.143157E-05
13476,0.05594553,0.001923805,-0.01610281,0.05824864
13477,-5.339789E-06,-4.875981E-07,-6.278316E-06,8.256413E-06
13478,-6.457586E-06,-4.616739E-06,-3.845765E-06,8.820692E-06
13479,-5.649121E-06,-9.572941E-07,5.927143E-06,8.243786E-06
13480,2.870962E-05,-3.074768E-06,-8.907417E-07,2.888754E-05
13481,2.940788E-05,-4.58308E-06,-3.047503E-06,2.991848E-05
13482,-6.590051E-07,1.399838E-07,4.118155E-08,6.74966E-07
13483,2.940643E-05,-4.591979E-06,-3.011805E-06,2.99148E-05
13484,0.002870684,0.01461753,-0.004669325,0.0156114
13485,-1.021181E-06,-1.662259E-06,-1.575526E-06,2.507628E-06
13486,-2.335416E-06,-1.069409E-06,3.199345E-07,2.588467E-06
13487,1.563127E-06,-1.706131E-06,3.031243E-07,2.333695E-06
13488,8.703074E-07,-8.204328E-07,1.399809E-06,1.841198E-06
13489,4.151863E-07,-1.272545E-06,1.522154E-06,2.026994E-06
13490,-2.335348E-06,-1.098242E-06,3.194922E-07,2.600396E-06
13491,-3.198859E-06,-9.236111E-07,-2.795818E-08,3.329645E-06
13492,-7.39884E-08,-2.138648E-07,-1.285006E-06,1.304781E-06
13493,-7.207113E-08,-2.125014E-07,-1.300516E-06,1.319733E-06
13494,-6.038424E-05,-1.744413E-05,-2.430566E-05,6.738931E-05
13495,1.757064E-05,-3.396819E-06,2.636057E-05,3.186135E-05
13496,1.757929E-05,-3.396764E-06,2.635333E-05,3.186013E-05
13497,2.17491E-05,-1.202204E-05,-1.788581E-05,3.061788E-05
13498,-7.850554E-06,1.415975E-05,-1.598743E-06,1.626916E-05
13499,9.341378E-06,-1.696939E-05,-3.435216E-06,1.967288E-05
13500,5.06169E-06,2.184444E-05,7.086087E-06,2.351623E-05
13501,5.068483E-06,2.19126E-05,7.103774E-06,2.358633E-05
13502,-1.267522E-05,-2.672277E-05,-3.498277E-06,2.978264E-05
13503,1.963817E-06,-1.907853E-05,2.575418E-06,1.935148E-05
13504,-4.704413E-06,-2.554348E-05,1.62316E-05,3.062785E-05
13505,-1.47763E-08,-3.895569E-08,3.584931E-08,5.496415E-08
13506,1.47763E-08,3.895569E-08,-3.584931E-08,5.496415E-08
13507,2.503E-05,1.243125E-06,-1.571313E-06,2.511007E-05
13508,2.604986E-05,-3.441477E-06,-1.749664E-06,2.63344E-05
13509,2.739917E-05,-8.780362E-07,1.372271E-06,2.744756E-05
13510,2.66809E-05,-2.916883E-07,1.921381E-06,2.675158E-05
13511,2.480091E-05,6.828384E-07,-1.726562E-06,2.487031E-05
13512,-6.472717E-06,2.338611E-06,2.16604E-06,7.215046E-06
13513,-5.966819E-06,1.725675E-06,-3.034946E-06,6.91316E-06
13514,1.086636E-05,3.46986E-05,-4.280499E-06,3.661139E-05
13515,3.105249E-06,1.148165E-06,8.234689E-06,8.8753E-06
13516,1.198802E-05,2.139122E-05,-3.14E-06,2.472158E-05
13517,1.382045E-05,2.190499E-05,1.134673E-05,2.827688E-05
13518,1.381504E-05,2.191358E-05,1.13412E-05,2.827867E-05
13519,-0.03258063,-0.001983145,-0.004054698,0.03289181
13520,2.214005E-05,1.332212E-06,-1.99664E-06,2.226978E-05
13521,-8.430509E-06,1.336358E-06,-4.445332E-06,9.623945E-06
13522,3.120297E-05,-6.255533E-06,2.624541E-07,3.182493E-05
13523,-1.040248E-05,4.698689E-06,1.739275E-06,1.154618E-05
13524,-9.243682E-06,1.845981E-06,7.004571E-06,1.174382E-05
13525,3.114045E-05,-4.359193E-07,1.121431E-05,3.310103E-05
13526,2.624592E-05,3.922322E-06,5.152334E-06,2.703293E-05
13527,2.226924E-05,-1.677021E-06,2.344372E-07,2.233353E-05
13528,-2.1473E-06,-1.884897E-06,-2.425369E-07,2.8675E-06
13529,-1.419694E-06,-3.758412E-06,-1.223371E-06,4.199741E-06
13530,-2.149218E-06,-1.884322E-06,-2.420711E-07,2.868519E-06
13531,-1.108836E-06,-3.849241E-06,-9.135978E-07,4.108629E-06
13532,-4.190539E-05,-4.465325E-05,-6.065493E-05,8.619162E-05
13533,-2.163589E-05,2.583475E-05,-1.30872E-05,3.614997E-05
13534,-2.181596E-05,2.629096E-05,-1.316852E-05,3.661367E-05
13535,-2.838073E-05,-1.484167E-05,-2.352695E-05,3.973988E-05
13536,1.941571E-06,-9.505773E-06,2.397038E-05,2.58594E-05
13537,-2.14527E-05,-6.809632E-06,1.857405E-05,2.918193E-05
13538,2.606757E-06,-1.990306E-05,-1.072016E-05,2.275629E-05
13539,3.873504E-06,2.189252E-05,8.67253E-07,2.224946E-05
13540,3.869368E-06,2.190087E-05,8.687179E-07,2.225702E-05
13541,-5.125199E-06,-2.276088E-05,-4.883324E-06,2.383637E-05
13542,9.718432E-06,-2.678146E-05,-7.395062E-06,2.943436E-05
13543,-1.186766E-05,1.734189E-05,-1.227422E-05,2.433596E-05
13544,-9.722679E-06,-2.964683E-05,-1.043108E-05,3.289791E-05
13545,-3.556498E-05,3.118677E-05,5.284902E-06,4.759635E-05
13546,-3.557886E-05,3.118104E-05,5.313016E-06,4.76061E-05
13547,3.752921E-05,-2.675122E-05,4.543191E-05,6.471575E-05
13548,2.465083E-05,-1.306396E-07,-7.732437E-07,2.46633E-05
13549,2.477476E-05,-2.148047E-06,3.609547E-06,2.51283E-05
13550,2.378142E-05,3.899593E-06,-1.260204E-05,2.719511E-05
13551,-5.45723E-06,2.505454E-06,-2.772145E-06,6.613883E-06
13552,2.295352E-05,8.672421E-06,2.954192E-06,2.471442E-05
13553,2.630673E-05,1.510931E-06,-2.727885E-06,2.649091E-05
13554,-5.455214E-06,2.503795E-06,-2.773517E-06,6.612166E-06
13555,-5.982617E-06,1.150106E-06,-2.331381E-06,6.52302E-06
13556,2.508729E-05,1.212253E-05,-8.978647E-06,2.927361E-05
13557,2.707001E-06,9.952593E-07,-9.284716E-06,9.722363E-06
13558,2.721639E-06,9.829971E-07,-9.294398E-06,9.734446E-06
13559,-8.081797E-07,1.392917E-05,1.378259E-06,1.40205E-05
13560,1.043927E-05,2.788365E-05,-1.784121E-05,3.471001E-05
13561,2.587295E-06,1.643479E-05,1.344683E-05,2.139191E-05
13562,2.096117E-05,2.799143E-05,2.223298E-06,3.504046E-05
13563,-8.870827E-06,-2.438184E-06,1.644234E-06,9.345577E-06
13564,6.719244E-06,4.170681E-06,-2.505803E-05,2.627637E-05
13565,1.75037E-06,9.517452E-06,8.916149E-06,1.31584E-05
13566,1.623421E-05,3.037762E-05,-2.184668E-05,4.078758E-05
13567,2.097766E-05,2.798414E-05,2.190871E-06,3.504246E-05
13568,4.580686E-06,-6.573021E-06,-2.965929E-05,3.072232E-05
13569,0.1257604,0.1120345,0.1051294,0.1985437
13570,2.230308E-05,-5.135013E-07,-9.328924E-07,2.232848E-05
13571,2.230343E-05,-5.160143E-07,-9.322139E-07,2.232887E-05
13572,-5.093144E-06,1.175568E-06,-3.369813E-06,6.219142E-06
13573,-2.321567E-06,3.418542E-06,2.991101E-06,5.101253E-06
13574,-1.980877E-06,-2.273024E-06,-4.759183E-06,5.633856E-06
13575,2.65733E-05,-3.524484E-06,-5.733176E-06,2.741225E-05
13576,-1.383288E-05,-6.266151E-06,4.54972E-07,1.519277E-05
13577,2.582964E-05,1.65254E-06,-4.643144E-06,2.629563E-05
13578,1.884778E-05,-3.697881E-06,-1.518613E-06,1.926705E-05
13579,-1.977944E-06,-2.261839E-06,-4.77287E-06,5.639899E-06
13580,-2.321827E-06,3.432224E-06,2.989568E-06,5.109654E-06
13581,-0.07135317,0.005412109,-0.1373478,0.1548709
13582,0.02215258,0.02271182,0.152107,0.1553805
13583,-9.819827E-07,-1.625816E-06,-2.688799E-09,1.899362E-06
13584,-1.366016E-06,-2.433645E-06,2.62185E-07,2.8031E-06
13585,-6.900609E-08,-2.764016E-06,2.380144E-06,3.648237E-06
13586,-4.154113E-07,-1.504158E-06,4.660785E-07,1.628584E-06
13587,1.85702E-06,-3.019249E-06,7.609916E-08,3.545445E-06
13588,-7.14115E-08,-2.764849E-06,2.388819E-06,3.654579E-06
13589,-1.114802E-06,-2.456003E-06,-2.010391E-06,3.363987E-06
13590,1.289829E-07,-4.267763E-06,-1.409121E-06,4.496227E-06
13591,1.289644E-07,-4.267801E-06,-1.406694E-06,4.495503E-06
13592,-6.879025E-05,-0.0001198982,-9.743999E-06,0.0001385736
13593,-9.29101E-05,-3.145827E-05,-3.118637E-05,0.0001029296
13594,-0.0003974758,0.000441396,-0.0004677483,0.0007560462
13595,-1.372114E-05,-2.380044E-05,-2.705608E-05,3.855855E-05
13596,4.515647E-05,-2.516973E-05,-4.23062E-06,5.187022E-05
13597,-1.884409E-05,-3.02511E-05,-3.025119E-05,4.674787E-05
13598,3.202404E-05,-1.913753E-05,1.190567E-05,3.91603E-05
13599,1.470667E-05,-2.901788E-05,2.03175E-06,3.259526E-05
13600,-1.25736E-05,-6.967468E-06,-5.181631E-06,1.528039E-05
13601,1.044325E-05,-2.717728E-06,-1.869398E-05,2.158501E-05
13602,1.052557E-05,-2.665173E-06,-1.870504E-05,2.162798E-05
13603,-1.258078E-05,-6.944789E-06,-5.15772E-06,1.526788E-05
13604,-6.376717E-05,-2.379635E-05,0.0001009891,0.0001217839
13605,2.898627E-05,6.651406E-06,5.389795E-05,6.155838E-05
13606,1.992337E-05,9.328297E-07,-1.108844E-05,2.282026E-05
13607,2.178237E-05,2.834453E-07,-9.611449E-06,2.381033E-05
13608,-9.59134E-07,-3.056442E-08,-1.451732E-05,1.4549E-05
13609,-2.141698E-06,-2.09088E-06,-2.107072E-06,3.660383E-06
13610,-2.154502E-06,-2.092368E-06,-2.099215E-06,3.664231E-06
13611,1.88682E-05,9.329647E-07,-8.478736E-06,2.070672E-05
13612,1.886885E-05,9.35573E-07,-8.478542E-06,2.070735E-05
13613,-9.600303E-07,-1.633689E-08,-1.451806E-05,1.454977E-05
13614,1.992762E-05,9.382179E-07,-1.108981E-05,2.282485E-05
13615,1.667256E-06,4.987986E-06,-5.917851E-06,7.917115E-06
13616,4.345443E-06,1.733692E-06,-2.573748E-06,5.339733E-06
13617,4.343846E-06,1.732126E-06,-2.574012E-06,5.338051E-06
13618,1.963342E-06,-4.448198E-07,-3.113883E-06,3.707944E-06
13619,1.9632E-06,-4.504284E-07,-3.114892E-06,3.709392E-06
13620,2.426284E-06,4.349125E-06,-5.372106E-06,7.325385E-06
13621,-0.0002268136,6.923211E-05,-6.045276E-05,0.0002447284
13622,-0.0001930177,8.427793E-05,-4.633873E-05,0.0002156522
13623,-0.0004277411,0.001270514,0.001079831,0.001721396
13624,7.68663E-07,-2.618063E-06,9.20607E-06,9.601918E-06
13625,1.877703E-05,-7.429702E-06,-2.563571E-08,2.019352E-05
13626,2.091807E-05,5.585678E-06,7.182388E-06,2.281123E-05
13627,2.598156E-05,1.497286E-07,-4.367447E-06,2.634651E-05
13628,-9.785565E-06,-6.180256E-07,3.635688E-06,1.045741E-05
13629,1.882921E-05,1.062694E-06,8.748564E-06,2.078956E-05
13630,-4.689132E-06,-3.913927E-06,8.952325E-06,1.083748E-05
13631,2.599572E-05,7.9297E-06,-4.116958E-06,2.748831E-05
13632,-8.462847E-07,-2.92461E-06,1.942589E-06,3.611536E-06
13633,-8.510278E-07,-2.92527E-06,1.947047E-06,3.615584E-06
13634,2.230587E-06,-2.780548E-06,9.732074E-07,3.695145E-06
13635,1.40347E-07,-3.618422E-06,8.601244E-07,3.721894E-06
13636,1.39908E-07,-3.618169E-06,8.590486E-07,3.721382E-06
13637,-0.0002530779,-0.0001094696,-0.00011231,0.000297734
13638,5.555137E-05,-1.843023E-05,1.526711E-05,6.048729E-05
13639,5.100137E-06,-1.204233E-05,-3.358558E-05,3.604193E-05
13640,2.26656E-05,-1.357607E-05,-4.616775E-07,2.642447E-05
13641,0,0,0,0
13642,1.993562E-05,-1.485162E-05,-4.705569E-05,5.321877E-05
13643,4.278119E-06,-7.501469E-06,-2.885813E-05,3.012251E-05
13644,3.581633E-05,-6.839533E-06,-2.853446E-05,4.630123E-05
13645,-7.888466E-06,-4.973157E-06,1.618062E-05,1.867546E-05
13646,-7.869131E-06,-4.925641E-06,1.616392E-05,1.864021E-05
13647,1.810029E-05,3.786082E-05,-2.300611E-05,4.785753E-05
13648,2.528334E-05,-2.038594E-06,-2.384677E-07,2.536652E-05
13649,-4.57193E-06,2.454754E-06,9.760161E-07,5.280243E-06
13650,-6.955475E-06,-2.320424E-07,2.515491E-06,7.400012E-06
13651,2.500053E-05,2.053265E-07,8.200847E-06,2.631202E-05
13652,-4.362702E-06,5.250544E-07,-5.101368E-06,6.732964E-06
13653,-3.294425E-06,-1.489668E-06,2.73252E-06,4.531998E-06
13654,2.52834E-05,-2.037649E-06,-2.431681E-07,2.536654E-05
13655,167.4085,25.56333,-65.24978,181.4845
13656,0.3322173,-0.5327294,-0.1344037,0.642054
13657,1.576939E-06,-2.670223E-06,-5.00934E-07,3.141299E-06
13658,1.578565E-06,-2.670367E-06,-5.007191E-07,3.142204E-06
13659,-1.367594E-06,-1.610732E-06,-8.412783E-07,2.274317E-06
13660,-7.634267E-08,-5.623395E-06,4.557679E-08,5.624098E-06
13661,-7.296206E-08,-5.624243E-06,4.830611E-08,5.624924E-06
13662,-1.371132E-06,-1.610768E-06,-8.385284E-07,2.275458E-06
13663,1.206586E-06,-3.133513E-06,-1.986656E-06,3.901481E-06
13664,-0.0002676753,-0.0004125442,0.0004465276,0.0006642512
13665,-0.0001123992,-0.0004603754,0.0003533447,0.0005911274
13666,0.0001085045,0.0001689889,4.73832E-05,0.0002063386
13667,4.341623E-05,-4.801062E-05,-2.127142E-05,6.813562E-05
13668,-1.253962E-05,-1.775657E-05,-7.256848E-06,2.291724E-05
13669,6.036204E-05,-2.487561E-05,-3.087704E-05,7.222025E-05
13670,-0.03937528,0.02687326,0.02637497,0.05448141
13671,2.477313E-05,4.871898E-07,1.127203E-06,2.480354E-05
13672,5.174442E-06,-2.321924E-05,-2.899938E-05,3.750829E-05
13673,-9.948128E-07,-2.181915E-05,-2.682339E-05,3.459131E-05
13674,1.523172E-05,2.177117E-05,1.463107E-06,2.661071E-05
13675,-1.449621E-06,8.805181E-08,6.852839E-07,1.605854E-06
13676,-1.449871E-06,8.399902E-08,6.873353E-07,1.606739E-06
13677,2.472379E-05,-4.588378E-06,-2.328733E-06,2.525355E-05
13678,2.515317E-05,3.684501E-06,1.485184E-06,2.546494E-05
13679,2.164622E-05,-1.576662E-06,1.354285E-06,2.174577E-05
13680,2.164626E-05,-1.577647E-06,1.356129E-06,2.1746E-05
13681,2.408023E-05,3.525419E-06,1.451227E-06,2.438016E-05
13682,2.484025E-05,-4.893785E-06,4.187585E-07,2.532118E-05
13683,-8.109261E-06,-1.740444E-06,-7.321211E-07,8.326179E-06
13684,-4.811972E-06,-1.287859E-07,-1.574989E-06,5.064805E-06
13685,2.077867E-05,-2.306043E-06,3.472317E-09,2.090625E-05
13686,2.032848E-05,2.165053E-06,5.543205E-07,2.045096E-05
13687,-1.534609,0.7505466,1.395124,2.205611
13688,3.981716E-06,-4.701818E-06,-2.461181E-06,6.63465E-06
13689,1.575156E-06,-4.957561E-06,1.031572E-06,5.30308E-06
13690,-4.041579E-06,-6.544337E-06,2.350611E-06,8.04289E-06
13691,-4.042655E-06,-6.54414E-06,2.35099E-06,8.043382E-06
13692,3.982118E-06,-4.702012E-06,-2.456057E-06,6.633129E-06
13693,2.229599E-06,-5.422308E-06,-1.35586E-06,6.017549E-06
13694,0.0004086469,-0.00021705,-0.0001691578,0.0004926635
13695,-4.141102E-05,-1.415529E-05,0.0001893662,0.0001943574
13696,-0.0003395848,5.571871E-05,0.0002187619,0.0004077734
13697,4.289361E-05,-1.864754E-08,3.323516E-05,5.426267E-05
13698,-1.102859E-05,-2.339527E-07,-4.409593E-06,1.187977E-05
13699,4.495898E-05,-1.618418E-07,-1.81435E-05,4.848219E-05
13700,0.0001024993,-1.046027E-05,0.000105107,0.0001471835
13701,-0.0001584086,-3.235415E-05,-7.817848E-05,0.0001795883
13702,5.463947E-06,2.824495E-05,1.202514E-05,3.11807E-05
13703,1.106298E-05,3.894412E-05,1.898778E-05,4.471655E-05
13704,1.104595E-05,3.893987E-05,1.897746E-05,4.470425E-05
13705,0.02193394,-0.006991283,-0.01496969,0.02746029
13706,4.608476E-05,0.001341998,0.0004225255,0.001407697
13707,-0.0004709946,-0.001290068,-0.00821104,0.0083251
13708,0.000184067,-1.328177E-06,0.0001149742,0.0002170288
13709,-1.494062E-05,2.572819E-06,-2.409739E-05,2.846973E-05
13710,4.377334E-06,-5.382448E-06,9.531902E-06,1.178936E-05
13711,7.307373E-05,4.301416E-05,9.457539E-06,8.53196E-05
13712,2.14171E-05,2.695037E-07,3.045421E-06,2.163421E-05
13713,2.39803E-05,-9.551625E-07,3.761037E-06,2.429224E-05
13714,-2.988796E-06,3.433968E-06,-2.210141E-06,5.060609E-06
13715,2.527515E-05,3.55735E-07,-9.251003E-06,2.691729E-05
13716,2.492364E-05,5.1135E-06,-7.705989E-06,2.658417E-05
13717,-2.990049E-06,3.435662E-06,-2.210475E-06,5.062645E-06
13718,-9.734492E-06,-1.063164E-06,-5.352764E-06,1.115987E-05
13719,2.527688E-05,3.558771E-07,-9.255099E-06,2.692033E-05
13720,-9.73477E-06,-1.053085E-06,-5.354507E-06,1.115999E-05
13721,-0.02313606,0.01318485,0.01420914,0.03018306
13722,-0.002607123,-0.006586601,0.009340452,0.01172282
13723,-9.975152E-06,-6.399548E-06,4.811289E-06,1.279087E-05
13724,-1.504218E-06,-3.223419E-06,5.993145E-07,3.607254E-06
13725,-9.143102E-06,-5.691162E-06,-2.491523E-06,1.105411E-05
13726,-9.140313E-06,-5.690778E-06,-2.498564E-06,1.105319E-05
13727,-1.504161E-06,-3.223221E-06,6.008026E-07,3.607301E-06
13728,-8.118248E-08,-5.728396E-06,1.571337E-06,5.940557E-06
13729,-8.122331E-08,-5.728633E-06,1.573611E-06,5.941387E-06
13730,-4.235472E-05,-1.249188E-05,-1.597305E-06,4.418734E-05
13731,2.50102E-05,-1.380716E-05,5.781886E-05,6.449162E-05
13732,1.01261E-05,-3.366598E-05,-4.706122E-05,5.874261E-05
13733,-8.227623E-05,0.0002452526,0.0001153831,0.0002832517
13734,-0.0001280635,-0.0001327843,-0.0001448061,0.0002345224
13735,-6.778313E-06,-1.560389E-06,-3.820307E-05,3.883111E-05
13736,0.0003539439,-0.0003127581,-0.0003642055,0.0005964391
13737,0.002739107,7.116041E-05,2.950006E-05,0.00274019
13738,3.485049E-05,2.057769E-05,3.536468E-06,4.06264E-05
13739,3.135005E-05,-9.167361E-08,-6.072962E-07,3.135607E-05
13740,-7.878927E-06,3.65736E-05,1.464956E-05,4.017854E-05
13741,3.328492E-05,6.543191E-06,1.290035E-06,3.394648E-05
13742,-1.017179E-05,4.82446E-05,3.476833E-05,6.033112E-05
13743,3.485423E-05,2.063563E-05,3.555985E-06,4.066069E-05
13744,0,0,0,0
13745,3.172403E-06,5.290275E-06,-1.586534E-06,6.36932E-06
13746,3.167793E-06,5.314996E-06,-1.58623E-06,6.387505E-06
13747,-4.653221E-06,-3.905651E-06,2.188515E-06,6.457258E-06
13748,-4.663063E-06,-3.880484E-06,2.190964E-06,6.450011E-06
13749,-0.0008190903,-0.002605152,-0.0003973935,0.002759646
13750,-0.000321602,-0.002023002,-0.0001569799,0.002054412
13751,0.001271635,0.003188924,-0.0003917166,0.003455392
13752,0.0001629688,-0.0002288524,-4.857328E-05,0.0002851168
13753,1.533511E-05,-4.311154E-05,3.185796E-05,5.575573E-05
13754,7.90148E-05,5.314425E-07,-0.0001691444,0.0001866908
13755,2.584181E-05,-5.396657E-07,-9.369969E-06,2.74934E-05
13756,2.308937E-05,1.116435E-06,-8.573125E-06,2.465489E-05
13757,2.30914E-05,1.070438E-06,-8.572438E-06,2.465452E-05
13758,-6.472253E-06,-1.303689E-06,-1.321123E-05,1.47691E-05
13759,-3.624184E-06,-1.535813E-07,-1.014546E-05,1.077444E-05
13760,-1.810402E-05,1.630124E-05,-1.066987E-06,2.438492E-05
13761,4.587611E-06,2.32226E-05,6.612453E-06,2.457763E-05
13762,4.58891E-06,2.320756E-05,6.601264E-06,2.456066E-05
13763,-6.874021E-06,-4.637348E-06,-1.916529E-06,8.510596E-06
13764,-6.870908E-06,-4.643744E-06,-1.915441E-06,8.511324E-06
13765,3.172234E-05,4.225322E-05,-1.280868E-05,5.436639E-05
13766,-0.003464095,0.003932029,-0.001720226,0.005515432
13767,-4.002387E-06,-4.67522E-06,-3.075483E-07,6.162091E-06
13768,-4.004349E-06,-4.675192E-06,-3.085574E-07,6.163395E-06
13769,0.0001072799,2.054114E-05,-0.0001821395,0.0002123811
13770,-0.000661745,-0.001704836,-0.001005876,0.002087141
13771,0.0001357811,-3.783925E-06,0.000227983,0.000265381
13772,-0.0002909798,-0.0002295065,-1.978877E-06,0.0003706028
13773,-5.898643E-06,2.371943E-05,1.249441E-05,2.745024E-05
13774,2.936894E-05,1.721376E-05,1.145301E-05,3.591685E-05
13775,2.934902E-05,1.727695E-05,1.149616E-05,3.594467E-05
13776,2.344284E-05,3.284396E-06,-7.173302E-07,2.368266E-05
13777,2.344221E-05,3.282994E-06,-7.184829E-07,2.368188E-05
13778,4.643583E-05,7.61929E-06,-1.190531E-05,4.853943E-05
13779,-5.900555E-06,2.371907E-05,1.249371E-05,2.745001E-05
13780,-7.766518E-06,2.692731E-05,1.65326E-06,2.807369E-05
13781,-1.924588E-05,2.251093E-05,1.430746E-06,2.965118E-05
13782,-8.275528E-06,1.276967E-05,2.023462E-05,2.531775E-05
13783,-2.120938E-05,2.148558E-05,1.008009E-05,3.182886E-05
13784,3.633764E-06,1.776469E-05,1.407883E-05,2.295652E-05
13785,-3.131102E-06,4.681346E-06,2.406955E-06,6.124723E-06
13786,3.640771E-06,1.777872E-05,1.407143E-05,2.296395E-05
13787,-0.002759589,-0.008360389,0.01035679,0.01359318
13788,-0.00408421,-0.02184804,0.01182593,0.02517678
13789,0.000156671,0.0001778171,-0.0001335173,0.0002720139
13790,0.0002101715,6.4416E-05,-7.227378E-05,0.0002313979
13791,-8.887338E-05,0.0001018147,5.572175E-05,0.0001461835
13792,0.0001549922,1.713102E-05,9.868961E-05,0.0001845419
13793,2.343283E-06,-6.864649E-06,2.901837E-06,7.812493E-06
13794,-2.81745E-06,-5.394016E-06,-1.523513E-06,6.273318E-06
13795,-2.809893E-06,-5.394016E-06,-1.519847E-06,6.269038E-06
13796,3.767117E-06,-3.935718E-06,5.894628E-07,5.479828E-06
13797,2.122842E-06,-6.425373E-06,1.574596E-06,6.94775E-06
13798,3.764611E-06,-3.935227E-06,5.983182E-07,5.478712E-06
13799,-0.007993773,-0.0006114651,0.01015485,0.01293813
13800,-0.001733116,-0.003511106,-0.0005312759,0.003951432
13801,-8.946456E-05,0.0002320073,-0.0001280833,0.0002797081
13802,0.0004751311,0.001182028,-0.0006689205,0.001438886
13803,-0.0001746898,-0.0006662505,-0.0002455804,0.0007312428
13804,0.001602747,-0.0006267346,-7.005856E-05,0.001722354
13805,1.749102E-05,-4.654557E-06,-2.513174E-06,1.827339E-05
13806,1.964317E-05,1.171225E-06,3.584086E-06,2.000179E-05
13807,1.964073E-05,1.183763E-06,3.57848E-06,1.999913E-05
13808,2.237998E-05,5.853014E-06,-3.76809E-06,2.343757E-05
13809,2.238003E-05,5.852544E-06,-3.775431E-06,2.343868E-05
13810,0.4614623,0.3445182,-0.4690565,0.7427343
13811,-1.165458E-05,2.667092E-05,8.804555E-06,3.040867E-05
13812,-1.16612E-05,2.667265E-05,8.789195E-06,3.040829E-05
13813,-2.679412E-06,1.389172E-05,4.99559E-07,1.415658E-05
13814,-2.134783E-06,1.926355E-05,6.339451E-06,2.039192E-05
13815,-4.428247E-06,5.217026E-06,2.515261E-06,7.290629E-06
13816,-4.429509E-06,5.211577E-06,2.5192E-06,7.288858E-06
13817,6.999305E-06,3.315172E-06,-4.342991E-06,8.879314E-06
13818,4.199383E-06,-1.244462E-05,4.186963E-06,1.378528E-05
13819,3.167105E-06,8.949342E-06,6.048653E-06,1.125644E-05
13820,-2.142526E-06,1.926233E-05,6.336635E-06,2.03907E-05
13821,-0.05230743,-0.015903,-0.01569144,0.05687876
13822,0.0002991789,-0.0002715242,1.145351E-05,0.0004041838
13823,0.0001873016,2.950798E-05,-5.19251E-05,0.000196593
13824,0.0002208854,-2.278647E-05,-7.138502E-06,0.0002221723
13825,89.81978,-103.5856,116.0522,179.6265
13826,0.002391549,0.002438699,-8.902181E-05,0.003416823
13827,0.000179717,0.0002980835,-0.0004195645,0.000545148
13828,-4.166925E-05,0.0001480981,-7.499173E-05,0.0001711523
13829,1.988197E-06,-5.616625E-06,1.122215E-06,6.062901E-06
13830,5.551684E-07,-6.035187E-06,1.251348E-06,6.188503E-06
13831,6.496383E-07,-5.935089E-06,5.346151E-07,5.994425E-06
13832,4.124691E-07,-7.750912E-06,2.850042E-07,7.76711E-06
13833,2.347123E-06,-5.545949E-06,8.660696E-07,6.084128E-06
13834,1.012007E-07,-7.483443E-06,9.264414E-07,7.54125E-06
13835,5.483076E-07,-6.033732E-06,1.255457E-06,6.187305E-06
13836,-0.0005147843,0.000605609,-0.0003241602,0.0008583968
13837,-6.408122E-05,0.0008812642,-1.013339E-05,0.0008836491
13838,-0.001102115,-0.001004669,-2.666321E-05,0.001491552
13839,0.0002471934,-0.000506614,0.0001722523,0.0005894347
13840,1.461338E-05,-0.0007089736,0.0005120847,0.000874693
13841,2.229745E-05,3.51915E-06,4.700455E-06,2.305764E-05
13842,2.514941E-05,-1.979052E-06,2.206206E-06,2.532345E-05
13843,-1.005749E-05,-6.055918E-06,1.177747E-06,1.179891E-05
13844,2.573922E-05,3.657643E-06,2.894917E-06,2.615848E-05
13845,2.685331E-05,-3.451368E-06,-4.838668E-06,2.750318E-05
13846,-1.684727E-05,8.898032E-06,5.536298E-07,1.906074E-05
13847,-1.739723E-06,1.082298E-06,5.108717E-06,5.504271E-06
13848,2.511973E-05,9.649314E-07,3.96157E-06,2.54485E-05
13849,5.81955E-07,6.878123E-06,1.828345E-06,7.140734E-06
13850,-6.387114E-06,-1.446176E-06,-2.260889E-06,6.928079E-06
13851,-1.795988E-06,3.411763E-06,6.972044E-07,3.918136E-06
13852,-3.077003E-06,-1.378231E-06,-9.807322E-06,1.037068E-05
13853,2.886863E-06,-5.108716E-06,-1.957215E-08,5.867993E-06
13854,2.684315E-06,1.434394E-06,5.557392E-06,6.336216E-06
13855,-10.13293,9.103382,-1.557984,13.71041
13856,-0.005173009,0.007173688,0.003165025,0.009393573
13857,-0.01900031,-0.0005243567,-0.008770077,0.02093325
13858,0.002676508,0.001966435,-0.002123455,0.003942033
13859,0.01113935,0.007558105,0.01155802,0.01774255
13860,0.0002277789,-0.000228972,0.0004452525,0.0005500556
13861,5.542329E-07,-3.84621E-06,-3.162484E-08,3.886065E-06
13862,1.533274E-06,-3.202364E-06,-1.732475E-06,3.950637E-06
13863,8.661304E-08,-7.355583E-06,-7.612734E-07,7.39538E-06
13864,4.774758E-07,-7.211441E-06,-1.024944E-06,7.299546E-06
13865,1.112746E-07,-6.467782E-06,-5.095616E-07,6.488778E-06
13866,-6.765259E-07,-6.721411E-06,1.016412E-06,6.831409E-06
13867,1.555297E-06,-8.087959E-06,-2.097209E-07,8.238811E-06
13868,-7.135601E-05,0.0003952282,4.050041E-05,0.0004036549
13869,6.050327E-05,-0.0001919391,0.0001179878,0.0002332861
13870,-3.010728E-05,-2.922813E-05,6.212058E-05,7.496465E-05
13871,8.074404E-05,-0.0001631937,0.0001592091,0.0002418663
13872,2.922317E-05,8.036594E-05,3.81838E-05,9.365191E-05
13873,-5.715985E-06,-9.904754E-07,-8.195092E-06,1.004057E-05
13874,2.183E-05,-9.315227E-07,-1.326968E-05,2.556367E-05
13875,2.464362E-05,1.225996E-06,2.727694E-06,2.482442E-05
13876,1.997592E-05,-1.866104E-07,1.032626E-05,2.248786E-05
13877,-9.141219E-06,3.264121E-06,-5.646091E-06,1.122919E-05
13878,-5.716939E-06,-9.842573E-07,-8.203424E-06,1.00473E-05
13879,2.182713E-05,-9.142644E-07,-1.327921E-05,2.556554E-05
13880,2.329782E-05,3.158037E-06,1.595949E-06,2.356499E-05
13881,7.720775E-06,-6.868978E-06,4.738587E-08,1.033419E-05
13882,-3.447729E-06,-6.878221E-06,5.355441E-07,7.712559E-06
13883,8.095028E-07,-2.210221E-06,-5.607121E-07,2.419663E-06
13884,-6.847169E-06,-8.730301E-06,4.867723E-06,1.211596E-05
13885,-1.951406E-07,1.72958E-08,-1.0582E-06,1.076181E-06
13886,4.489213E-06,-8.884629E-06,2.067151E-06,1.016675E-05
13887,4.005955E-06,6.702579E-06,2.969556E-06,8.354071E-06
13888,2.498693E-06,7.041646E-06,1.334087E-06,7.589995E-06
13889,-3.266919E-06,7.599805E-06,-2.015433E-06,8.514209E-06
13890,-3.263088E-06,7.598937E-06,-2.012259E-06,8.511215E-06
13891,0.00635368,0.006607817,0.003217355,0.009715136
13892,-8.705342E-05,0.0007792226,0.0001210498,0.0007933594
13893,7.056544E-05,-0.0002724229,-0.0001869067,0.0003378282
13894,0.0003567522,-0.0006428962,0.0004826475,0.0008795091
13895,-0.001439753,-0.00222748,-0.0003338024,0.002673196
13896,0.02279254,-0.003704229,0.02509945,0.03410577
13897,0.0004713149,-0.0002391795,0.0005091333,0.0007338673
13898,0.00040108,8.539365E-05,0.0001808461,0.0004481769
13899,0.0002076504,-0.0001459873,-5.966686E-05,0.0002607511
13900,1.513252E-06,-9.074511E-06,-3.471334E-06,9.832946E-06
13901,-2.402615E-06,-4.877951E-06,-5.469813E-06,7.712704E-06
13902,-2.410992E-06,-4.879812E-06,-5.406224E-06,7.671551E-06
13903,6.04168E-09,-4.793882E-06,2.750801E-07,4.801771E-06
13904,-1.293726E-06,-5.718243E-06,7.546373E-07,5.911134E-06
13905,-7.320431E-07,-4.094187E-06,4.003736E-07,4.178344E-06
13906,5.751078E-07,-2.929488E-05,2.422785E-06,2.940052E-05
13907,-0.0001655245,-5.838638E-05,0.0002473232,0.0003032756
13908,2.130068E-05,-1.24361E-05,4.598179E-05,5.21795E-05
13909,3.934675E-06,-2.907321E-05,3.732006E-06,2.957466E-05
13910,-2.245698E-05,-2.402535E-05,2.113806E-05,3.909413E-05
13911,7.914226E-06,-2.03527E-06,8.753724E-06,1.197518E-05
13912,2.651594E-05,-2.215798E-05,1.903863E-05,3.945302E-05
13913,1.789706E-05,-1.541183E-05,1.835754E-05,2.991368E-05
13914,-5.317146E-06,1.396692E-06,-8.598641E-06,1.020585E-05
13915,2.44245E-05,2.166275E-06,-1.291303E-05,2.771273E-05
13916,-6.149136E-06,5.772147E-07,-8.379593E-06,1.040974E-05
13917,2.299438E-05,-5.854517E-08,-9.490869E-06,2.487612E-05
13918,2.066187E-05,-3.223289E-07,-6.598697E-06,2.169239E-05
13919,2.299551E-05,-6.369878E-08,-9.491701E-06,2.48775E-05
13920,-4.1191E-06,-5.717195E-06,3.439425E-06,7.841106E-06
13921,2.198607E-06,-7.940449E-06,2.012695E-06,8.481483E-06
13922,2.48725E-06,-1.108404E-05,3.765729E-06,1.196758E-05
13923,2.108628E-06,-9.060858E-06,-3.816921E-06,1.005556E-05
13924,6.801367E-07,6.821265E-06,3.065762E-06,7.509404E-06
13925,-3.881411E-07,-6.451479E-06,-1.60907E-06,6.660431E-06
13926,0.05924441,-0.07946311,0.01818132,0.1007713
13927,0.001417751,0.0002760761,0.0008931943,0.001698243
13928,0.001578069,0.0003167365,-0.001283373,0.00205856
13929,-0.002259756,-0.001386279,0.0005392751,0.002705381
13930,0.09195317,-0.0917213,0.08966006,0.1578199
13931,0.0006039412,-0.000601772,4.258824E-05,0.0008536324
13932,0.0001566873,8.098291E-05,-9.794713E-05,0.0002017493
13933,-2.13947E-05,0.0001511779,0.0001341538,0.0002032479
13934,2.109131E-08,-3.794238E-06,-8.223075E-06,9.05625E-06
13935,-8.923649E-07,-4.1638E-06,-8.795841E-06,9.77243E-06
13936,-2.975671E-07,-4.847774E-06,-8.725299E-06,9.986005E-06
13937,-6.493283E-07,-3.893718E-06,-8.457466E-06,9.333348E-06
13938,3.241682E-07,-5.837394E-06,-8.243783E-06,1.010644E-05
13939,-3.315338E-07,-3.815969E-06,-8.448304E-06,9.276064E-06
13940,4.402673E-06,3.333109E-05,-8.859056E-06,3.476821E-05
13941,-8.536545E-06,-1.849261E-05,-5.317602E-06,2.105056E-05
13942,-9.717146E-06,-1.831226E-05,-5.123698E-06,2.135449E-05
13943,-1.248717E-05,-2.10333E-05,-5.590104E-06,2.50914E-05
13944,-2.478965E-05,-3.574274E-06,4.194861E-05,4.885681E-05
13945,-5.831868E-06,3.571996E-06,-1.238394E-05,1.41468E-05
13946,-1.428862E-05,-1.676939E-05,-6.149875E-06,2.287353E-05
13947,-4.349015E-06,-6.741399E-06,1.19243E-05,1.437182E-05
13948,-6.767772E-06,-4.909026E-06,-8.868069E-06,1.218786E-05
13949,7.746771E-06,-1.963796E-06,-7.864017E-06,1.121212E-05
13950,7.886528E-06,-2.002934E-06,-7.922925E-06,1.135702E-05
13951,9.496673E-06,-3.105411E-06,-9.238604E-06,1.360817E-05
13952,1.204568E-05,-2.163694E-06,5.504544E-06,1.341939E-05
13953,-8.907045E-06,1.898553E-05,-1.154427E-05,2.393858E-05
13954,8.988024E-06,1.063222E-06,-8.708513E-06,1.255998E-05
13955,-7.471139E-06,-6.400825E-06,-1.115162E-05,1.487102E-05
13956,5.669979E-06,-5.310746E-06,1.025143E-05,1.286252E-05
13957,-1.210034E-06,-9.338206E-06,1.75875E-05,1.99496E-05
13958,7.087579E-07,-7.686842E-06,2.582802E-06,8.14007E-06
13959,-1.582059E-06,-5.26742E-06,1.923712E-06,5.826602E-06
13960,1.426943E-06,5.279348E-07,-1.20358E-06,1.939971E-06
13961,5.323337E-07,7.290066E-06,-1.864292E-06,7.543475E-06
13962,-1.30018E-06,-7.81248E-06,1.758196E-06,8.112741E-06
13963,-1.28168E-06,-6.965056E-06,9.656691E-07,7.147533E-06
13964,0.006470496,-0.001987516,0.002289595,0.007145613
13965,0.6474058,0.2697977,0.2104204,0.732258
13966,0.005544643,-0.0007826765,-0.000655613,0.005637861
13967,-0.0009018073,0.001074767,0.0009429905,0.001690447
13968,-0.02036535,0.003893502,0.003578576,0.02104075
13969,0.0002456065,0.0002257719,7.952163E-05,0.0003429566
13970,0.000653287,-0.0001727251,-0.0002053604,0.0007062512
13971,-2.729601E-06,-9.969976E-06,1.17889E-07,1.033756E-05
13972,8.985504E-07,8.097081E-06,2.797594E-07,8.151588E-06
13973,3.041271E-06,1.066139E-06,-1.917865E-06,3.750225E-06
13974,-2.280029E-07,2.503066E-07,-6.234546E-07,7.094607E-07
13975,1.600679E-06,-1.015226E-05,3.666813E-06,1.09122E-05
13976,4.941474E-06,-5.610206E-06,-2.093718E-06,7.763777E-06
13977,7.281419E-07,6.455384E-06,-2.197745E-06,6.858007E-06
13978,8.430972E-07,-9.211687E-06,1.081091E-06,9.313149E-06
13979,0.004047289,0.002450997,-0.0006205672,0.00477211
13980,-0.0002663739,0.002117078,0.0005975873,0.002215871
13981,-0.0005799862,2.637726E-05,0.0006280906,0.0008553231
13982,0.0001842036,-3.665503E-05,0.0005611076,0.0005917063
13983,0.04270755,-0.09165826,0.1089641,0.1486551
13984,0.0007399124,-0.0001082429,-0.0001266406,0.0007584357
13985,-4.886272E-07,-1.013216E-05,-9.411323E-07,1.01875E-05
13986,3.342274E-06,3.337257E-06,-1.041668E-06,4.836646E-06
13987,1.680606E-06,7.19495E-06,8.627912E-07,7.438827E-06
13988,1.511996E-06,-6.333672E-06,-6.118878E-06,8.935445E-06
13989,1.673898E-06,-1.389755E-06,-2.496315E-06,3.311336E-06
13990,1.673157E-06,-1.387523E-06,-2.498235E-06,3.311472E-06
13991,-0.001693348,0.0005176119,0.0005610152,0.001857441
13992,-0.0002429544,0.0006305588,0.0003449622,0.0007587029
13993,-0.0003052006,0.0001225974,-0.0008197132,0.0008832369
13994,0.0002153667,-0.0005254764,0.0004892031,0.0007495518
13995,8.408654E-06,3.592332E-05,9.091143E-06,3.799789E-05
13996,3.247256E-05,2.336887E-05,8.626561E-06,4.092662E-05
13997,-3.324511E-05,6.079946E-06,7.339409E-05,8.080158E-05
13998,4.490072E-06,2.582611E-05,-3.953083E-06,2.650992E-05
13999,3.695686E-06,-1.651217E-05,1.435267E-06,1.698146E-05
14000,-9.298808E-06,2.882622E-05,4.618916E-05,5.523457E-05
14001,-0.001073036,0.001450515,0.0002475693,0.001821179
14002,0.001001008,-0.002122277,-0.00150734,0.002788934
14003,0.0001128484,-5.381147E-05,8.185293E-06,0.0001252894
14004,3.040327E-05,0.0004106637,6.896291E-05,0.0004175224
14005,-0.0002956473,-0.0001197781,-0.0006064432,0.0006852208
14006,0.0004076335,4.945455E-05,0.0009162923,0.001004093
14007,-4.350965E-06,2.231302E-05,3.096168E-05,3.841129E-05
14008,-4.207364E-06,2.24437E-05,3.088308E-05,3.840815E-05
14009,0.0002194509,0.001628206,0.002454764,0.002953824
14010,5.674675E-07,2.458507E-06,-3.891661E-06,4.638027E-06
14011,7.431844E-07,-1.532838E-06,1.826273E-06,2.497437E-06
14012,2.392723E-06,-3.900605E-06,-7.639572E-06,8.905218E-06
14013,3.181248E-06,-4.739201E-07,-6.573842E-06,7.318493E-06
14014,1.806873E-07,-3.279622E-06,2.029407E-06,3.860966E-06
14015,-8.867636E-07,-3.577392E-06,5.09442E-07,3.720701E-06
14016,4.852829E-06,3.930701E-06,-9.172392E-08,6.245701E-06
14017,1.606171E-07,2.866314E-06,-9.433364E-06,9.860522E-06
14018,-1.374101E-06,2.525991E-06,-5.133529E-06,5.884038E-06
14019,-9.112722E-05,-0.0001135487,0.0001301195,0.0001952654
14020,-6.730891E-05,6.182162E-05,1.368973E-05,9.24111E-05
14021,0.0005604163,0.0002967297,-0.0002972041,0.0007003179
14022,-0.001231305,0.001136738,0.001033427,0.001968821
14023,0.0002855552,-0.0001799588,0.0002404958,0.0004144456
14024,2.096851E-05,-4.718954E-07,2.603987E-08,2.097384E-05
14025,2.096842E-05,-4.720966E-07,2.609046E-09,2.097373E-05
14026,2.123356E-05,1.860399E-06,-1.367993E-06,2.135876E-05
14027,2.123367E-05,1.857391E-06,-1.566191E-06,2.137222E-05
14028,-3.936659E-06,-1.844916E-05,-1.334779E-06,1.891165E-05
14029,6.002506E-06,-2.398741E-06,5.537685E-06,8.511755E-06
14030,6.007601E-06,-2.407099E-06,5.536934E-06,8.51722E-06
14031,3.280312E-06,-2.948778E-06,-1.849102E-06,4.782773E-06
14032,3.137274E-06,-3.852991E-06,-1.665724E-06,5.240483E-06
14033,-3.93296E-06,-1.845102E-05,-1.335791E-06,1.891277E-05
14034,-6.53505E-06,3.995596E-06,1.249433E-05,1.465537E-05
14035,-0.2055664,-0.7901667,1.118922,1.385138
14036,0.001360706,-0.0005244918,0.002636726,0.003013127
14037,0.001759656,0.0009208525,0.001746385,0.002644659
14038,0.0001713949,1.482453E-05,-3.067514E-05,0.0001747482
14039,0.0004292207,0.0002965275,-0.0002395885,0.0005740746
14040,9.058122E-05,-0.0004715917,-0.0002040176,0.0005217537
14041,0.0002880799,-0.0003752927,-2.070602E-05,0.0004735645
14042,0.0009209909,0.0007999339,-0.0004789975,0.001310556
14043,0.0008364643,0.0001955607,-0.00178921,0.001984739
14044,1.420204E-05,-0.0001685366,0.0002372011,0.0002913256
14045,-1.14491E-06,-1.370888E-06,-9.055954E-06,9.23041E-06
14046,-9.014254E-07,4.360996E-07,-8.534649E-06,8.593194E-06
14047,-2.324385E-07,2.395066E-06,-8.965736E-06,9.283038E-06
14048,-1.423438E-06,-1.706301E-06,-1.118139E-05,1.140004E-05
14049,-2.011546E-05,2.304819E-05,6.878368E-05,7.527978E-05
14050,-2.77575E-06,-2.184142E-05,-3.017596E-05,3.735426E-05
14051,1.365811E-05,8.528793E-07,0.0001386355,0.0001393093
14052,1.002476E-05,-1.749976E-05,-3.504229E-05,4.043142E-05
14053,-9.43767E-06,3.778806E-05,-4.173018E-05,5.708253E-05
14054,6.705989E-05,-6.490367E-05,0.0002920275,0.0003065772
14055,4.802066E-05,0.0001050336,-3.762656E-05,0.0001214652
14056,3.908186E-05,9.677716E-07,-6.988961E-05,8.00805E-05
14057,-8.692091E-06,6.602778E-06,1.892763E-05,2.184959E-05
14058,3.91437E-05,-2.56369E-06,1.703419E-05,4.276641E-05
14059,2.342026E-05,-3.573575E-05,-2.678003E-05,5.042541E-05
14060,-5.336985E-06,4.414883E-05,3.655865E-05,5.756855E-05
14061,7.359065E-07,-2.170557E-05,1.473662E-06,2.176798E-05
14062,7.889759E-07,-1.751704E-06,2.416375E-06,3.08704E-06
14063,7.442175E-07,-2.170532E-05,1.475596E-06,2.176815E-05
14064,-3.439487E-06,-1.785248E-05,-3.127188E-06,1.844778E-05
14065,-9.981087E-07,1.312464E-05,2.027601E-06,1.331779E-05
14066,-9.727557E-06,3.30708E-05,2.638893E-05,4.341289E-05
14067,-9.729649E-06,3.307163E-05,2.640562E-05,4.342414E-05
14068,-3.436724E-06,-1.784619E-05,-3.128092E-06,1.844133E-05
14069,1.607566E-06,2.143346E-05,1.713077E-05,2.748528E-05
14070,-4.184953E-06,1.377403E-05,7.379338E-06,1.617691E-05
14071,2.603621E-06,1.458397E-05,3.845376E-06,1.530549E-05
14072,-1.384105E-05,3.459425E-06,-1.388869E-07,1.42675E-05
14073,-1.076926E-05,1.216485E-05,3.164692E-06,1.655221E-05
14074,2.603286E-06,1.456802E-05,3.863114E-06,1.52947E-05
14075,2.503654E-06,1.272646E-05,1.405794E-05,1.912738E-05
14076,-1.077447E-05,1.216589E-05,3.177654E-06,1.655886E-05
14077,-0.01073561,0.0017187,-0.006038078,0.01243647
14078,-0.0009639674,-9.252065E-05,-0.0003935724,0.001045319
14079,5.484677E-05,-0.0002223652,-0.000198572,0.0003031259
14080,6.397015E-05,0.0005173019,-0.0002106961,0.0005622155
14081,-0.0001065575,-7.965209E-05,-3.629981E-05,0.0001379008
14082,1.677568E-05,-0.0001448101,1.288384E-05,0.0001463467
14083,-3.066316E-06,-7.09374E-06,2.595177E-06,8.152201E-06
14084,3.488639E-06,-1.130737E-06,-2.346766E-06,4.353904E-06
14085,8.508095E-06,-1.334997E-06,-7.623328E-06,1.150152E-05
14086,3.565739E-06,-2.016361E-05,2.983828E-06,2.069272E-05
14087,-7.250381E-06,-1.737439E-05,2.988961E-06,1.90623E-05
14088,8.508983E-06,-1.333887E-06,-7.627727E-06,1.150497E-05
14089,-1.660579E-06,9.891958E-06,-3.139054E-06,1.051009E-05
14090,1.042493E-05,-5.174868E-06,-5.718737E-06,1.296775E-05
14091,3.529756E-06,-2.018123E-05,2.997151E-06,2.070565E-05
14092,-5.671771E-06,5.497618E-06,9.005877E-07,7.950085E-06
14093,-5.67433E-06,5.494432E-06,9.09695E-07,7.950745E-06
14094,-2.576428E-05,1.537486E-05,-6.237268E-07,3.000955E-05
14095,-2.578742E-05,1.537604E-05,-6.098177E-07,3.002974E-05
14096,-2.014034E-06,-1.659337E-06,-1.521392E-07,2.613978E-06
14097,-5.454648E-06,1.867298E-05,1.070144E-05,2.220257E-05
14098,-2.396476E-06,1.231804E-05,4.216753E-06,1.323852E-05
14099,-8.08981E-06,1.64053E-05,-6.430401E-06,1.938889E-05
14100,-1.114131E-05,2.596817E-05,7.254973E-06,2.917378E-05
14101,-1.980032E-06,-7.16619E-06,1.031473E-06,7.505914E-06
14102,0.03245115,-0.0505008,0.05027461,0.07830034
14103,-9.747924E-05,0.002296132,-0.001058498,0.002530246
14104,-0.01115291,-0.0002231587,0.0111558,0.01577622
14105,-1.491909E-06,-2.481751E-05,-6.16861E-06,2.561613E-05
14106,1.058536E-06,-2.000573E-05,-1.877775E-06,2.012153E-05
14107,-1.903684E-07,-2.491558E-05,-5.203877E-07,2.492174E-05
14108,1.315892E-06,1.151727E-05,5.332769E-06,1.276E-05
14109,4.678464E-06,-1.773154E-05,8.182631E-07,1.835661E-05
14110,1.32497E-06,1.151537E-05,5.32185E-06,1.275466E-05
14111,1.721667E-06,-2.157669E-05,8.075587E-06,2.310266E-05
14112,1.722413E-06,-2.157418E-05,8.083005E-06,2.310297E-05
14113,-0.0005748596,0.0007075326,0.0001079746,0.0009180002
14114,1.998316E-05,1.529448E-05,-2.662671E-06,2.53049E-05
14115,1.988354E-05,1.344951E-05,-5.029668E-06,2.452636E-05
14116,-2.113192E-05,3.824984E-05,-1.092553E-05,4.504415E-05
14117,-2.11549E-05,3.825439E-05,-1.090124E-05,4.505292E-05
14118,-4.184199E-06,3.198898E-06,1.032567E-05,1.159137E-05
14119,-7.510725E-06,2.568772E-05,3.534596E-06,2.699562E-05
14120,-3.88607E-06,-1.180379E-06,1.51264E-06,4.333926E-06
14121,-3.954143E-06,2.571846E-05,1.688581E-06,2.607539E-05
14122,-2.92035E-06,2.553977E-05,1.908544E-06,2.577694E-05
14123,-8.783463E-06,2.496233E-05,1.817661E-06,2.652491E-05
14124,6.536264E-07,-2.913775E-06,-4.000993E-06,4.99252E-06
14125,8.114723E-07,8.850174E-08,6.593718E-07,1.049329E-06
14126,-1.032698E-05,7.746042E-06,-3.875763E-06,1.347847E-05
14127,-1.294869E-05,2.142808E-05,4.40258E-06,2.542074E-05
14128,6.459041E-06,-0.0003043388,0.000235736,0.0003850134
14129,-0.001443388,0.0004537535,-0.0005586911,0.001612885
14130,-0.0001929341,0.000145139,-0.0001913976,0.000308094
14131,0.006017118,-0.003348882,0.0007013379,0.006921892
14132,-0.06917978,0.2253986,-0.2375556,0.3346984
14133,7.015991E-05,-0.001331586,-0.000259106,0.001358374
14134,0.001573211,0.0003008831,0.0003037047,0.001630264
14135,0.001832709,0.0006194121,-0.01765743,0.01776309
14136,2.829058E-06,-8.562146E-07,-6.500929E-07,3.026432E-06
14137,-2.828196E-06,-1.567021E-06,-8.108971E-07,3.333437E-06
14138,2.828811E-06,-8.540658E-07,-6.492837E-07,3.02542E-06
14139,2.161362E-06,4.072532E-06,1.512313E-06,4.852226E-06
14140,5.759085E-07,-1.794831E-05,-4.587928E-06,1.853436E-05
14141,9.05398E-07,-2.042884E-05,3.551319E-06,2.075497E-05
14142,9.052345E-07,-2.042728E-05,3.550111E-06,2.075323E-05
14143,6.789919E-06,2.876813E-08,-2.701141E-06,7.307529E-06
14144,5.85516E-07,-1.791956E-05,-4.612868E-06,1.851302E-05
14145,6.581025E-06,7.8632E-06,-3.868026E-06,1.095908E-05
14146,-3.217717E-06,-2.1241E-05,-2.055009E-07,2.148432E-05
14147,2.186114E-06,8.280092E-06,3.116898E-06,9.113401E-06
14148,-3.089406E-08,-2.619279E-08,6.591223E-08,7.736231E-08
14149,3.089406E-08,2.619279E-08,-6.591223E-08,7.736231E-08
14150,2.525356E-06,-3.147803E-07,-1.253109E-06,2.836686E-06
14151,-1.658144E-05,1.161747E-05,-2.265972E-05,3.038705E-05
14152,-2.206735E-06,2.583634E-06,-5.958651E-06,6.859327E-06
14153,-4.606587E-06,3.531611E-06,-7.754153E-06,9.686062E-06
14154,-3.130252E-06,4.795417E-06,1.570954E-05,1.672077E-05
14155,-3.394518E-06,3.627666E-07,-1.278741E-05,1.323527E-05
14156,1.677406E-06,-6.535115E-07,4.424769E-07,1.853794E-06
14157,3.926897E-06,1.007021E-06,-1.26352E-05,1.326963E-05
14158,6.084483E-06,-1.347939E-06,-1.031827E-05,1.205424E-05
14159,4.403185E-05,0.0003569179,0.001921041,0.001954412
14160,0.000703235,-0.0008345162,-0.0004412726,0.001177148
14161,0.0002620101,-0.0003918333,0.0008403903,0.0009635551
14162,1.522824E-05,2.420819E-06,3.041617E-07,1.542245E-05
14163,5.528708E-06,1.376899E-05,-8.179035E-06,1.69425E-05
14164,5.51547E-06,1.3751E-05,-8.398337E-06,1.703063E-05
14165,1.523074E-05,2.332841E-06,-2.633014E-07,1.541061E-05
14166,1.660299E-05,-8.074639E-06,-4.504056E-07,1.846786E-05
14167,1.522799E-05,2.428831E-06,-1.242846E-07,1.542097E-05
14168,-0.7950791,-0.5218815,-0.4103754,1.035818
14169,0.0002082657,0.0001895908,0.0006529249,0.0007110768
14170,0.006795196,0.004417736,-0.00288768,0.008604055
14171,-1.396374E-06,-5.01944E-06,-6.246121E-06,8.133798E-06
14172,5.261958E-06,-1.892514E-05,1.36194E-06,1.96902E-05
14173,-8.516785E-09,-2.213297E-06,3.821811E-06,4.416446E-06
14174,5.266203E-06,-1.892063E-05,1.354998E-06,1.968652E-05
14175,3.224374E-06,5.621153E-06,-5.936738E-07,6.50741E-06
14176,-6.056612E-07,-8.158557E-07,4.833691E-06,4.939333E-06
14177,-3.314301E-06,3.519211E-06,9.585725E-07,4.928316E-06
14178,-1.373144E-05,-2.842146E-05,-1.284772E-05,3.407926E-05
14179,-3.314155E-06,3.519051E-06,9.597201E-07,4.928327E-06
14180,-2.94139E-06,5.047382E-06,1.23079E-07,5.843201E-06
14181,3.936653E-06,-1.832879E-05,-1.354406E-07,1.874727E-05
14182,3.934886E-06,-1.832859E-05,-1.409646E-07,1.874675E-05
14183,-0.01113343,0.008512716,0.007925631,0.01610078
14184,-0.0001232194,1.037491E-05,0.0002079164,0.0002419088
14185,-2.150768E-07,6.110258E-07,-7.336385E-06,7.364928E-06
14186,-4.377359E-08,1.360711E-06,-1.016486E-05,1.025562E-05
14187,6.018598E-07,-5.998701E-07,-7.467639E-06,7.51583E-06
14188,-2.6754E-07,-1.027833E-06,-1.00414E-05,1.009741E-05
14189,5.206567E-07,-7.970266E-08,-7.516469E-06,7.534902E-06
14190,3.587983E-07,-1.413813E-07,-9.947626E-06,9.955099E-06
14191,8.28109E-05,0.0003190842,-0.0003300346,0.000466471
14192,-0.0001127529,-2.437467E-05,-0.0002111602,0.0002406159
14193,0.0001458106,2.03834E-05,-4.942653E-05,0.0001553036
14194,5.306626E-05,9.394927E-05,0.0002255131,0.0002499973
14195,6.080703E-05,7.807636E-07,-1.731567E-05,6.322924E-05
14196,0.001435603,0.000166918,-0.0006887984,0.001601018
14197,0.0003430416,0.0005028538,0.0008495453,0.001045116
14198,2.761091E-06,-1.110396E-05,6.447529E-06,1.313363E-05
14199,-4.875115E-06,7.198992E-06,3.664581E-06,9.435114E-06
14200,2.762955E-06,-1.109893E-05,6.454767E-06,1.313333E-05
14201,-4.228546E-06,-1.091543E-06,-3.871632E-06,5.836231E-06
14202,-2.608917E-06,7.352747E-07,6.428987E-07,2.785748E-06
14203,-2.525565E-06,-1.779566E-05,-1.370594E-06,1.802617E-05
14204,2.603477E-06,-9.343862E-07,-2.162063E-06,3.510795E-06
14205,-2.491914E-06,-1.7786E-05,-1.385457E-06,1.801308E-05
14206,-1.460696E-06,-2.618612E-05,6.179656E-07,2.623411E-05
14207,-0.0002338997,0.000103431,-0.000216122,0.0003348369
14208,-2.973496E-05,-5.46636E-05,-4.170819E-05,7.491228E-05
14209,-1.555643E-05,8.40594E-05,1.766916E-05,8.729367E-05
14210,8.241105E-05,0.001603216,0.0006544063,0.001733592
14211,-0.002661991,-0.001562134,-0.003221049,0.004461123
14212,-0.0003737169,-0.000869342,0.002964493,0.003111854
14213,0.002687884,0.003172062,-0.00105862,0.004290382
14214,-1.834604E-06,-1.037791E-05,-2.839519E-06,1.091466E-05
14215,7.465539E-07,-1.204105E-05,3.322075E-06,1.251321E-05
14216,-1.054893E-05,-2.395441E-05,-1.279458E-06,2.620555E-05
14217,-4.978123E-06,-2.060475E-05,3.729231E-06,2.152311E-05
14218,1.32475E-07,4.672776E-06,-8.248012E-07,4.74686E-06
14219,-2.348209E-06,-5.65952E-08,1.458658E-06,2.764954E-06
14220,-3.123416E-07,6.862839E-06,1.399092E-06,7.010961E-06
14221,7.87571E-07,-1.778379E-05,-5.534037E-07,1.780982E-05
14222,-7.579038E-07,-1.497106E-07,3.65349E-06,3.734277E-06
14223,-3.301195E-07,-1.580949E-05,4.112531E-07,1.581828E-05
14224,4.759092E-06,-1.883631E-05,2.709946E-06,1.96163E-05
14225,1.7936E-06,3.956107E-05,2.096907E-05,4.481068E-05
14226,1.808087E-06,3.954822E-05,2.094591E-05,4.478909E-05
14227,1.028462E-05,-1.454319E-06,5.605899E-06,1.180316E-05
14228,-1.659017E-05,9.417667E-06,3.114135E-05,3.652E-05
14229,-3.802191E-05,2.334314E-05,-4.608836E-06,4.48532E-05
14230,-3.804099E-05,2.336685E-05,-4.600075E-06,4.488082E-05
14231,1.454563E-05,8.652237E-05,8.849559E-05,0.0001246161
14232,-8.540329E-05,0.0001473807,0.001861388,0.001869166
14233,0.0002170203,0.0002518893,-0.000455279,0.0005637598
14234,-6.142322E-06,2.46552E-05,4.971334E-06,2.589056E-05
14235,-6.138742E-06,2.466081E-05,4.970259E-06,2.589485E-05
14236,-4.497769E-05,0.0006030608,-0.0002804775,0.0006666131
14237,-0.001911771,0.002637329,0.002466534,0.00408585
14238,0.0002449404,-0.001108018,0.0004001286,0.001203247
14239,0.002028853,-0.0007485041,-0.002621879,0.00339864
14240,0.001759678,0.002293785,0.002374761,0.003741311
14241,-2.831379E-06,-1.464199E-05,6.971149E-07,1.492952E-05
14242,-1.783083E-06,-3.967378E-06,1.00666E-06,4.46462E-06
14243,-7.35448E-07,-1.618629E-05,4.042478E-06,1.669966E-05
14244,2.13096E-06,-9.472467E-07,6.920865E-10,2.332009E-06
14245,6.121637E-07,-2.335538E-06,1.091738E-06,2.649787E-06
14246,-6.023786E-07,-2.983942E-06,8.992786E-07,3.174189E-06
14247,-1.213635E-06,-1.403798E-05,-8.893671E-07,1.411838E-05
14248,-9.976765E-07,-2.617395E-06,-7.401281E-07,2.897224E-06
14249,9.178565E-07,-1.421152E-05,-2.836715E-06,1.452091E-05
14250,1.000489E-06,-1.478332E-05,4.885725E-06,1.560185E-05
14251,2.718813E-05,6.437089E-05,5.667426E-06,7.010654E-05
14252,3.349696E-07,1.919648E-05,-9.804664E-06,2.155802E-05
14253,3.616778E-05,2.26886E-05,-2.541312E-06,4.277078E-05
14254,-8.856213E-05,-6.671325E-05,6.000013E-05,0.0001260711
14255,-4.197774E-05,5.600267E-06,2.438098E-05,4.88664E-05
14256,4.70736E-05,0.0007989871,-0.0006512174,0.001031833
14257,0.0002515099,0.0001563067,-0.001222906,0.001258248
14258,-6.44666E-06,2.250675E-05,1.340295E-05,2.697688E-05
14259,-5.978525E-06,2.401971E-05,1.13636E-05,2.723638E-05
14260,-1.244741E-05,3.727465E-05,1.999313E-05,4.409153E-05
14261,-1.24145E-05,3.731038E-05,1.996341E-05,4.4099E-05
14262,-1.674575E-05,-1.735491E-05,7.791257E-06,2.534397E-05
14263,-5.966712E-06,2.401597E-05,1.137571E-05,2.723555E-05
14264,-6.436586E-06,2.250653E-05,1.340845E-05,2.697703E-05
14265,6.403714E-06,-1.122195E-06,-1.070238E-05,1.252229E-05
14266,6.410962E-06,-1.121589E-06,-1.070177E-05,1.252543E-05
14267,0.0250908,0.01890628,-0.008886614,0.03264916
14268,-1.956359E-05,-3.053726E-06,-1.42944E-05,2.442109E-05
14269,-1.954815E-05,-3.036759E-06,-1.430901E-05,2.441516E-05
14270,-4.773875E-06,-3.679802E-06,4.574868E-05,4.614404E-05
14271,-4.779612E-06,-3.676378E-06,4.578004E-05,4.617545E-05
14272,-6.825128E-05,-1.992339E-05,8.843936E-06,7.16477E-05
14273,-1.099023E-05,2.337545E-05,1.504216E-06,2.587392E-05
14274,-9.530572E-06,2.732276E-05,-3.338628E-05,4.418154E-05
14275,0.01753915,-0.007730173,0.01124687,0.02222317
14276,-0.0003925861,2.766912E-05,-0.001207885,0.001270384
14277,4.838404E-05,5.119424E-05,-1.05118E-07,7.044058E-05
14278,4.833678E-05,5.120435E-05,-1.202393E-07,7.041551E-05
14279,0.0004777106,-0.0004051469,-0.00325017,0.003309979
14280,0.02732457,0.1000734,-0.03806603,0.1105004
14281,6.031121E-08,2.229748E-06,9.945232E-07,2.44223E-06
14282,1.83783E-06,-1.467031E-05,-4.557223E-06,1.547139E-05
14283,1.841951E-06,-1.467071E-05,-4.558507E-06,1.547264E-05
14284,1.071094E-06,8.177382E-07,2.236204E-06,2.610852E-06
14285,-3.592207E-06,-1.525289E-05,-3.279461E-06,1.600967E-05
14286,5.048922E-07,-1.253073E-05,5.224488E-08,1.254101E-05
14287,1.045493E-06,-5.314312E-07,3.447656E-06,3.641676E-06
14288,-1.558722E-06,-1.380907E-06,-4.237387E-06,4.721437E-06
14289,-3.591418E-06,-1.524867E-05,-3.287377E-06,1.600709E-05
14290,-8.04455E-07,2.038953E-07,-3.633689E-06,3.727253E-06
14291,-5.283248E-06,-1.365495E-05,1.406906E-06,1.470883E-05
14292,-3.60413E-06,-1.498176E-05,1.141491E-06,1.545141E-05
14293,-3.599502E-06,-1.495868E-05,1.138E-06,1.542769E-05
14294,-0.0001937652,0.0006854687,-0.0001954168,0.0007386474
14295,-5.013317E-05,-6.865807E-05,4.554133E-05,9.644313E-05
14296,2.952008E-06,4.629105E-05,2.140124E-05,5.108413E-05
14297,-2.944621E-05,8.603081E-05,1.194774E-05,9.171221E-05
14298,-0.002853438,0.007153706,0.003457082,0.008442099
14299,-1.422811E-05,9.797711E-06,-3.31127E-06,1.758974E-05
14300,-1.2821E-05,-1.111056E-06,2.858874E-06,1.318278E-05
14301,-8.744287E-06,2.18603E-05,1.73259E-05,2.923221E-05
14302,-6.526244E-06,-1.109322E-06,-1.69236E-06,6.832754E-06
14303,-8.758939E-06,2.181968E-05,1.731519E-05,2.919988E-05
14304,-6.535849E-06,-1.114102E-06,-1.688704E-06,6.841803E-06
14305,9.737614E-07,2.097298E-06,1.426096E-07,2.316724E-06
14306,-1.270948E-07,6.176207E-07,-2.757039E-06,2.828228E-06
14307,-1.073848E-06,1.762346E-06,-9.59627E-06,9.815672E-06
14308,1.515985E-06,4.052299E-07,-1.464829E-06,2.146659E-06
14309,-1.316921E-07,6.15885E-07,-2.771357E-06,2.84202E-06
14310,1.702079E-06,-2.568882E-07,-9.949535E-08,1.724228E-06
14311,-3.498333E-07,-1.715387E-07,4.035203E-07,5.609256E-07
14312,-3.041406E-05,0.0001766478,-4.310725E-05,0.0001843575
14313,-6.984518E-05,9.913681E-05,-8.3845E-05,0.0001474328
14314,8.578904E-05,4.881206E-05,2.433317E-05,0.0001016586
14315,1.703223E-05,-4.553273E-06,-2.229086E-05,2.842027E-05
14316,6.654574E-05,9.789394E-06,-4.444185E-05,8.06179E-05
14317,6.490299E-05,6.076647E-06,0.0001273085,0.0001430272
14318,0.002435209,-0.001068332,0.01443577,0.01467866
14319,-0.00138143,0.002957474,0.02765108,0.02784308
14320,9.586106E-06,-1.098829E-05,1.94907E-07,1.458335E-05
14321,-3.698876E-05,-7.889354E-06,2.118225E-05,4.334856E-05
14322,-6.680473E-07,2.063746E-07,1.315298E-06,1.489592E-06
14323,2.341405E-06,-1.099378E-05,-7.168848E-06,1.333183E-05
14324,4.279256E-06,1.223571E-06,-1.271054E-06,4.628686E-06
14325,2.464996E-06,-1.60052E-05,2.244303E-06,1.634869E-05
14326,2.180326E-07,1.196881E-06,4.939545E-06,5.087157E-06
14327,8.27498E-07,-5.795581E-06,-5.166306E-06,7.807959E-06
14328,2.226801E-07,1.012543E-06,-2.410943E-06,2.6244E-06
14329,-9.440056E-07,-1.284844E-05,1.435599E-07,1.288388E-05
14330,-0.0001869745,0.0001270759,7.704596E-05,0.0002388385
14331,7.084946E-06,1.332493E-06,-2.064661E-05,2.186903E-05
14332,4.203894E-06,5.040745E-05,-4.526826E-06,5.078461E-05
14333,-3.219203E-05,2.372684E-05,-1.916161E-05,4.434475E-05
14334,-1.728955E-06,1.40314E-05,-2.960976E-06,1.444427E-05
14335,-1.906688E-05,-3.070052E-06,1.632067E-05,2.528508E-05
14336,-1.962284E-05,-2.552797E-06,1.690684E-05,2.602718E-05
14337,0.002353059,-0.00206332,0.002996283,0.004332654
14338,-2.179839E-05,-4.846708E-07,1.676313E-06,2.186812E-05
14339,-2.179541E-05,-5.234722E-07,1.671697E-06,2.186569E-05
14340,6.663291E-06,-6.573297E-06,3.095102E-06,9.858363E-06
14341,3.584321E-06,4.430338E-07,-8.41253E-07,3.70828E-06
14342,-8.896474E-07,-6.981277E-06,1.874214E-06,7.28302E-06
14343,-2.537904E-06,1.272125E-06,-1.646416E-06,3.28176E-06
14344,-4.469812E-06,2.075665E-06,2.560831E-08,4.928312E-06
14345,-6.903193E-07,-2.572965E-06,2.011347E-06,3.337994E-06
14346,-4.706687E-06,-2.289942E-06,4.220934E-06,6.724063E-06
14347,-3.599158E-06,-4.333447E-06,7.241758E-08,5.633644E-06
14348,-5.191302E-06,6.027353E-07,-4.188992E-07,5.242936E-06
14349,-7.036429E-07,-2.566813E-06,2.008555E-06,3.334357E-06
14350,-5.185766E-06,6.390114E-07,-4.38276E-07,5.243338E-06
14351,2.111565E-06,-2.599319E-06,-1.313754E-06,3.597376E-06
14352,1.077542E-05,-2.310262E-05,1.327976E-05,2.874357E-05
14353,-1.575616E-06,-2.631243E-05,-3.681854E-06,2.661546E-05
14354,-1.368569E-05,1.47302E-05,4.29995E-05,4.746824E-05
14355,-4.17601E-05,7.331918E-06,-8.110131E-06,4.316755E-05
14356,-4.343926E-05,6.404374E-06,-5.308767E-06,4.422859E-05
14357,1.231386E-06,-1.891018E-05,1.421466E-05,2.368897E-05
14358,-0.2635437,0.4396708,-0.1482368,0.5336102
14359,0.001600037,0.0004702844,0.0002823276,0.001691447
14360,0.0003655375,4.302603E-05,0.0004520499,0.0005829391
14361,0.01880614,0.05513138,-0.1509545,0.1618036
14362,2.95181E-07,7.242079E-06,-5.953787E-07,7.272504E-06
14363,-2.184342E-06,5.165519E-07,2.186428E-06,3.133471E-06
14364,1.745152E-06,-7.414995E-07,-1.929078E-06,2.704943E-06
14365,1.010895E-05,-7.146082E-06,4.301931E-06,1.310587E-05
14366,3.972154E-06,-1.916514E-05,3.141913E-06,1.982302E-05
14367,-1.95083E-05,-1.186246E-05,-1.380334E-05,2.668003E-05
14368,1.143719E-06,-1.62493E-05,5.347391E-06,1.714475E-05
14369,4.153458E-06,-1.150885E-05,-1.507862E-08,1.22354E-05
14370,-3.165126E-06,1.125225E-05,-2.682808E-06,1.199286E-05
14371,1.981564E-06,-1.168148E-06,3.138272E-08,2.300468E-06
14372,-4.212296E-05,4.44728E-05,-9.217573E-06,6.194463E-05
14373,7.999101E-07,-1.422827E-06,-8.567978E-06,8.722071E-06
14374,5.293517E-05,2.127382E-05,2.928324E-05,6.412656E-05
14375,9.274981E-06,2.002933E-05,1.277506E-05,2.550297E-05
14376,-8.212541E-06,-1.679241E-06,-8.213116E-06,1.173546E-05
14377,0.0002929636,0.0001637255,-0.0003252959,0.0004673876
14378,0.001767648,0.001129743,0.0004991868,0.002156405
14379,0.0008516086,0.004816664,0.001863077,0.005234171
14380,-1.093798E-06,4.523654E-07,3.119538E-06,3.336547E-06
14381,-3.320969E-06,-1.59205E-07,8.945606E-06,9.543483E-06
14382,-1.973182E-06,4.808306E-07,1.491911E-06,2.520009E-06
14383,-6.530932E-06,3.362987E-07,4.686713E-05,4.732118E-05
14384,7.364382E-06,1.118954E-06,9.712249E-06,1.223985E-05
14385,-3.295298E-06,-1.465324E-06,8.937564E-06,9.63775E-06
14386,-6.560129E-06,4.542134E-07,4.698272E-05,4.744068E-05
14387,-6.912393E-07,1.208894E-07,-2.838275E-08,7.023045E-07
14388,-8.099586E-07,-8.372878E-07,-1.004909E-06,1.538481E-06
14389,9.975779E-07,-1.640491E-06,-5.423038E-07,1.995111E-06
14390,-3.058355E-06,-1.886133E-06,3.261899E-07,3.607968E-06
14391,-2.503841E-06,2.955409E-06,3.398961E-07,3.88834E-06
14392,-1.471902E-06,-1.123314E-06,-5.799548E-06,6.087946E-06
14393,1.808769E-07,-6.529647E-07,-1.659309E-06,1.792312E-06
14394,1.772669E-07,-6.561162E-07,-1.653765E-06,1.787974E-06
14395,-0.0001470061,0.0001320685,-0.0001639576,0.000256778
14396,-0.001624022,-0.0004513102,-0.002065661,0.002666099
14397,-0.009164806,-0.005951087,0.002996852,0.01133094
14398,-0.0004599831,0.001003012,-0.0003108537,0.001146406
14399,0.0003481277,-6.564236E-05,-0.0001553404,0.0003868235
14400,0.001246235,0.0004889847,0.0008655128,0.001594152
14401,0.001000087,-0.0003366891,-0.001278067,0.001657404
14402,-3.376397E-06,-1.292398E-05,-6.799477E-06,1.498873E-05
14403,-5.064442E-06,5.098283E-07,7.281473E-06,8.884163E-06
14404,-3.132111E-06,2.633542E-06,-1.12211E-05,1.194399E-05
14405,-1.20566E-06,-2.377093E-05,-8.60483E-06,2.530917E-05
14406,1.592792E-06,-1.429396E-05,-9.570765E-06,1.727582E-05
14407,2.36302E-07,-1.531512E-05,5.627565E-06,1.631804E-05
14408,4.343535E-06,6.988342E-06,-2.881578E-06,8.718183E-06
14409,4.343301E-06,6.979739E-06,-2.885767E-06,8.712558E-06
14410,-1.708449E-06,3.818352E-06,-9.785706E-06,1.06423E-05
14411,3.471099E-06,-9.618736E-06,-1.158464E-05,1.545227E-05
14412,-2.523024E-06,-1.93735E-07,5.628616E-06,6.171264E-06
14413,-2.016886E-06,3.058557E-06,6.247594E-06,7.242584E-06
14414,-5.475204E-06,1.341366E-05,2.478542E-06,1.469855E-05
14415,-5.31061E-06,1.348476E-05,2.324613E-06,1.467805E-05
14416,-2.997519E-05,2.244772E-05,6.839354E-06,3.806821E-05
14417,-3.01486E-05,2.344888E-05,7.563181E-06,3.893572E-05
14418,2.412453E-05,-2.195784E-06,6.711642E-06,2.513684E-05
14419,-1.855723E-05,-8.944603E-06,1.21346E-05,2.390868E-05
14420,-1.859921E-05,-8.857825E-06,1.210618E-05,2.389459E-05
14421,2.427717E-05,-2.133795E-06,6.790173E-06,2.529903E-05
14422,-7.843062E-06,6.077063E-06,-2.788835E-05,2.960075E-05
14423,1.529572E-05,1.836935E-05,-6.135916E-06,2.467877E-05
14424,8.579003E-05,0.0004783212,0.001445588,0.001525082
14425,-0.002035583,0.0002412451,-0.0006250922,0.002143021
14426,6.081316E-07,4.378163E-07,1.877064E-06,2.021108E-06
14427,-7.289858E-07,-1.263924E-07,-4.010811E-07,8.415826E-07
14428,-2.037596E-06,-5.245465E-07,-1.465854E-06,2.564308E-06
14429,-8.168535E-07,1.635758E-07,-8.095745E-07,1.161644E-06
14430,-2.156957E-06,2.4082E-07,-3.148871E-06,3.824376E-06
14431,5.48286E-07,-8.666404E-08,4.127735E-06,4.164892E-06
14432,-1.857751E-06,-5.176382E-06,4.119716E-06,6.871552E-06
14433,-6.111592E-07,-1.972041E-06,3.91274E-06,4.424025E-06
14434,-1.784899E-06,-1.321145E-06,-2.033642E-06,3.011144E-06
14435,-3.251903E-08,-1.174792E-06,4.596852E-07,1.261945E-06
14436,1.013482E-06,2.180327E-07,7.516467E-07,1.280491E-06
14437,-2.038631E-06,-1.444414E-07,-1.307874E-07,2.047922E-06
14438,3.425864E-06,-1.013674E-06,-5.734805E-06,6.756632E-06
14439,-1.782776E-06,-1.329202E-06,-2.034754E-06,3.014182E-06
14440,-0.001444107,-0.0006247288,0.001312861,0.002049228
14441,0.0008688506,-0.001619278,-0.005939978,0.00621774
14442,-1.202217E-05,3.44193E-05,2.911689E-05,4.665849E-05
14443,-9.045372E-06,2.983079E-05,7.721279E-06,3.211406E-05
14444,0.0001024808,-1.455363E-05,-2.820735E-05,0.0001072837
14445,0.0004784533,-0.0002596552,0.0002933303,0.0006183697
14446,4.88826E-06,2.970678E-06,-1.265022E-05,1.388338E-05
14447,9.556807E-06,-1.383992E-05,-9.586328E-07,1.684621E-05
14448,-1.045281E-05,-2.281154E-06,7.675694E-06,1.316743E-05
14449,-6.929659E-07,-5.215983E-06,6.612854E-06,8.450829E-06
14450,5.728637E-06,5.680275E-06,-9.056665E-06,1.212873E-05
14451,-1.930055E-05,-2.678862E-07,2.128494E-05,2.873381E-05
14452,9.545479E-06,-1.383233E-05,-9.502428E-07,1.683308E-05
14453,-5.391931E-06,1.910686E-05,-1.235068E-05,2.338128E-05
14454,-5.388792E-06,1.897826E-05,-1.237515E-05,2.328858E-05
14455,1.195967E-05,1.204738E-05,3.784222E-06,1.739234E-05
14456,1.961102E-05,1.22849E-05,-9.582671E-06,2.504672E-05
14457,4.86993E-07,3.766424E-05,-2.026423E-05,4.277232E-05
14458,1.088067E-05,5.884825E-06,5.937583E-06,1.372133E-05
14459,1.087765E-05,5.877301E-06,5.936727E-06,1.371534E-05
14460,-0.001566378,0.002350236,-0.003386564,0.004409758
14461,1.130335E-07,2.228698E-07,5.536676E-07,6.074499E-07
14462,1.504119E-06,8.028406E-07,1.098526E-06,2.028223E-06
14463,-1.350992E-08,-1.359672E-06,-9.341638E-07,1.649712E-06
14464,1.485959E-07,-1.408481E-06,-2.356045E-06,2.748972E-06
14465,6.260314E-07,5.058476E-08,8.657165E-08,6.3401E-07
14466,8.659248E-07,3.600661E-07,1.737226E-06,1.974191E-06
14467,-1.158743E-06,-1.449196E-06,-3.181557E-06,3.683091E-06
14468,-1.417382E-06,5.342645E-06,-6.620012E-07,5.566963E-06
14469,-2.472508E-06,5.734258E-06,-2.42049E-06,6.697296E-06
14470,6.608711E-06,7.258157E-06,2.52274E-06,1.013509E-05
14471,-7.339687E-07,-1.37494E-06,4.419525E-06,4.686296E-06
14472,-1.468786E-06,-6.124474E-07,2.682153E-06,3.118713E-06
14473,-1.464254E-06,-6.124073E-07,2.683996E-06,3.118159E-06
14474,3.086116E-05,0.0001041781,-1.036273E-05,0.0001091461
14475,-1.475702E-06,3.879869E-06,-3.581675E-07,4.166458E-06
14476,-5.188327E-06,-1.984672E-06,9.657681E-08,5.555806E-06
14477,2.751721E-06,-5.700454E-06,-2.047475E-07,6.333172E-06
14478,2.331146E-06,2.140393E-06,-8.829487E-08,3.165962E-06
14479,-3.341104E-06,-5.145079E-06,-2.206651E-08,6.134762E-06
14480,4.054993E-05,8.903435E-05,-0.000119819,0.0001546868
14481,8.994641E-05,1.664135E-06,7.257352E-05,0.0001155856
14482,0.0003476553,-0.0001664586,-2.612875E-05,0.0003863359
14483,0.0001998017,0.0001573174,-9.629053E-05,0.0002719216
14484,-2.995298E-07,-2.806653E-05,5.311824E-06,2.856633E-05
14485,-7.816442E-05,-8.714721E-05,-6.543908E-06,0.0001172482
14486,1.069808E-05,-9.384793E-06,-3.453819E-06,1.464418E-05
14487,-8.979995E-06,-2.064154E-05,8.720359E-06,2.414038E-05
14488,1.336056E-06,-4.171019E-06,2.451654E-06,5.019268E-06
14489,1.222786E-05,-1.499716E-05,-6.424257E-07,1.9361E-05
14490,-2.380773E-05,-4.887186E-06,1.580664E-05,2.899211E-05
14491,-4.02572E-05,6.077249E-05,-3.052321E-05,7.902914E-05
14492,-2.836357E-05,1.350796E-05,-6.695007E-05,7.395451E-05
14493,-3.96464E-05,-2.643075E-05,1.372495E-05,4.958624E-05
14494,2.226348E-06,7.794197E-06,4.018306E-06,9.047259E-06
14495,-1.08664E-05,1.757425E-05,2.852594E-05,3.522303E-05
14496,-6.604637E-06,-6.876902E-06,4.903568E-06,1.072185E-05
14497,-6.620081E-06,-6.87183E-06,4.934871E-06,1.074246E-05
14498,-0.01979148,0.00630641,-0.01014062,0.02311505
14499,-1.114285E-06,-5.027084E-07,2.964885E-07,1.257876E-06
14500,-1.019849E-07,2.333581E-07,-4.411848E-06,4.419192E-06
14501,1.790334E-06,-5.840888E-07,-1.73128E-06,2.558082E-06
14502,1.788873E-06,8.101296E-07,-1.734292E-06,2.619952E-06
14503,-1.123184E-06,-3.944264E-07,1.001012E-06,1.555358E-06
14504,1.488239E-06,-8.372651E-08,-2.92597E-06,3.283773E-06
14505,5.219194E-08,-9.797745E-07,1.346453E-06,1.666019E-06
14506,2.68286E-07,-3.016127E-06,4.903761E-06,5.763321E-06
14507,2.75212E-06,3.662735E-06,-3.971874E-07,4.598646E-06
14508,-3.458876E-06,2.95632E-06,-4.566462E-06,6.446412E-06
14509,-1.845552E-06,-8.288813E-06,9.545292E-06,1.277588E-05
14510,2.753271E-06,3.664288E-06,-3.954448E-07,4.600422E-06
14511,7.233966E-05,6.29452E-05,7.873354E-05,0.0001240729
14512,-3.381288E-06,-2.134042E-05,-2.469407E-05,3.281225E-05
14513,2.169514E-05,5.006854E-06,1.908665E-05,2.932657E-05
14514,-2.088392E-05,-1.072896E-05,4.70362E-05,5.257045E-05
14515,1.588849E-05,1.795617E-05,5.468831E-05,5.97133E-05
14516,-1.708716E-05,-1.524806E-05,4.072799E-05,4.672519E-05
14517,0.02503378,0.01197097,0.00283166,0.02789287
14518,-2.713844E-05,3.700433E-05,4.611136E-05,6.505439E-05
14519,-2.260083E-05,5.028433E-05,5.548495E-05,7.821695E-05
14520,-4.204402E-06,-1.267355E-05,5.337011E-06,1.437983E-05
14521,3.525491E-06,8.835596E-06,6.217127E-06,1.13644E-05
14522,5.685591E-06,-8.846896E-06,1.641469E-06,1.064368E-05
14523,1.107647E-05,-2.660227E-05,4.679755E-06,2.919364E-05
14524,1.078231E-06,-5.368704E-06,-7.511451E-06,9.295562E-06
14525,-7.59318E-06,-4.143468E-06,1.486935E-05,1.720239E-05
14526,-4.201609E-06,-1.269485E-05,5.319855E-06,1.439144E-05
14527,-6.972166E-06,6.697006E-06,1.744194E-05,1.994197E-05
14528,-1.183968E-05,-7.009422E-06,1.307879E-05,1.898327E-05
14529,-6.991546E-06,6.667517E-06,1.739289E-05,1.989598E-05
14530,9.607826E-07,-8.395981E-06,2.011451E-06,8.68686E-06
14531,-1.544239E-05,-1.438769E-05,-5.926733E-06,2.192257E-05
14532,-1.840807E-05,1.685271E-05,1.776904E-06,2.502056E-05
14533,1.058581E-05,2.646372E-06,-1.895384E-05,2.187032E-05
14534,0.2296398,0.4723799,0.07505297,0.5305753
14535,3.653285E-07,-5.757735E-07,-1.386111E-06,1.54476E-06
14536,1.868193E-06,3.331908E-07,-2.31729E-06,2.995161E-06
14537,1.868898E-06,-1.123574E-07,-2.316132E-06,2.978233E-06
14538,-4.660667E-07,7.87425E-07,3.269766E-06,3.395383E-06
14539,-4.698937E-07,-4.441736E-07,3.268703E-06,3.332043E-06
14540,7.09301E-07,-1.189636E-06,3.168232E-06,3.45775E-06
14541,-1.25607E-06,4.040379E-06,-8.958364E-07,4.324916E-06
14542,4.494422E-06,8.178712E-07,-1.785124E-06,4.904632E-06
14543,7.927739E-08,4.068697E-06,-6.011826E-06,7.259658E-06
14544,-2.176686E-07,-3.701251E-06,-5.591662E-07,3.749574E-06
14545,7.081113E-07,-1.163509E-06,3.150639E-06,3.432448E-06
14546,4.310811E-06,2.034118E-06,-1.471885E-07,4.768899E-06
14547,-3.438555E-07,-2.463539E-06,7.359211E-07,2.594001E-06
14548,-1.888979E-06,-6.256728E-07,2.586476E-07,2.006641E-06
14549,-6.304494E-05,-2.428343E-06,-2.202817E-05,6.682665E-05
14550,2.542527E-05,-1.652844E-05,-2.953936E-05,4.233447E-05
14551,-5.438217E-05,4.170669E-06,-6.202998E-05,8.259862E-05
14552,-3.007398E-05,-2.969203E-07,-1.873848E-05,3.543534E-05
14553,1.68818E-05,1.261904E-05,-1.246559E-05,2.448726E-05
14554,-4.110019E-05,1.751668E-06,-1.389015E-06,4.116094E-05
14555,-0.005678516,0.02723988,0.01489323,0.03156049
14556,2.333722E-06,2.349724E-06,9.37188E-07,3.44177E-06
14557,-1.465106E-06,-2.827818E-06,-2.200739E-06,3.87122E-06
14558,-5.90023E-05,0.0001021097,1.783306E-05,0.0001192715
14559,-3.418977E-05,4.196098E-05,1.763376E-05,5.692639E-05
14560,3.30382E-06,1.014325E-05,1.446379E-05,1.797225E-05
14561,6.76922E-07,4.34659E-06,-8.268584E-07,4.47602E-06
14562,6.71761E-07,4.356473E-06,-8.124202E-07,4.482203E-06
14563,-0.002316114,0.004919517,0.07008028,0.07029091
14564,7.297944E-05,0.0005514442,0.0006227688,0.0008350196
14565,-1.032266E-05,-1.198312E-05,1.216924E-06,1.586296E-05
14566,4.447747E-06,-1.754274E-06,-2.555915E-06,5.421497E-06
14567,4.439464E-06,-1.757006E-06,-2.560845E-06,5.417918E-06
14568,3.287664E-06,-6.48378E-06,1.065117E-05,1.289557E-05
14569,2.557468E-06,-3.542699E-06,2.789148E-06,5.183696E-06
14570,-2.514211E-06,-1.250804E-06,-4.016521E-06,4.900838E-06
14571,8.423954E-07,2.390906E-06,-6.029445E-06,6.540662E-06
14572,-5.826994E-07,-2.392556E-07,-1.5238E-06,1.648863E-06
14573,3.289907E-06,-6.469611E-06,1.065091E-05,1.28888E-05
14574,-2.255399E-06,-1.355581E-06,1.767127E-05,1.786612E-05
14575,-2.608244E-06,1.372389E-05,-6.579472E-06,1.544143E-05
14576,-2.650288E-06,1.370616E-05,-6.653424E-06,1.54645E-05
14577,-6.029143E-07,-2.361746E-06,4.173381E-06,4.833058E-06
14578,-3.112674E-06,-5.375591E-06,1.344916E-05,1.481437E-05
14579,1.070097E-05,-1.457453E-05,1.909484E-05,2.629716E-05
14580,-6.141242E-06,-1.175228E-05,1.472898E-05,1.981852E-05
14581,-6.167199E-07,6.412254E-06,9.598753E-06,1.155999E-05
14582,-2.19083E-06,-1.077219E-06,-7.011619E-07,2.540032E-06
14583,-6.317021E-07,6.466254E-06,9.604464E-06,1.159557E-05
14584,-0.01008106,0.001501462,0.003808785,0.01088067
14585,2.469229E-06,2.185875E-07,-1.481071E-06,2.887637E-06
14586,4.078008E-06,-6.603524E-07,1.300523E-06,4.331001E-06
14587,-3.189374E-06,-9.559098E-08,8.248328E-07,3.295693E-06
14588,-3.160936E-06,8.649421E-07,8.055215E-07,3.374686E-06
14589,4.072268E-06,-6.816068E-07,1.299202E-06,4.328496E-06
14590,2.46849E-06,2.174064E-07,-1.480134E-06,2.886435E-06
14591,2.925888E-06,3.157324E-06,1.377341E-06,4.519578E-06
14592,2.922702E-06,3.163817E-06,1.364467E-06,4.518152E-06
14593,-1.138734E-06,-9.676205E-07,8.491598E-07,1.718743E-06
14594,-2.839105E-06,7.200746E-06,-5.653776E-06,9.58522E-06
14595,-3.63611E-06,6.673584E-07,-6.901481E-07,3.760713E-06
14596,-1.649001E-06,-1.335883E-06,1.952753E-07,2.131178E-06
14597,-0.0001283446,-3.681026E-06,2.719142E-05,0.0001312451
14598,8.633848E-05,9.807147E-05,0.0001898431,0.0002304621
14599,3.889524E-05,-6.954258E-05,-0.0002003248,0.0002155899
14600,7.778752E-05,0.0001800685,-0.0004553246,0.0004957782
14601,-0.0847546,-0.04498988,-0.06483218,0.1158043
14602,-0.0006808639,-0.01059775,0.006300156,0.01234779
14603,0.0007173012,0.05889535,-0.07729973,0.09718243
14604,6.74777E-07,4.581348E-06,1.472981E-06,4.859397E-06
14605,4.423573E-06,-5.696459E-06,-3.377472E-06,7.963979E-06
14606,-4.96539E-06,-3.168663E-06,-5.274723E-06,7.906847E-06
14607,-1.057559E-07,1.120923E-06,-5.200928E-06,5.321401E-06
14608,2.590326E-06,4.240721E-06,3.416341E-06,6.03033E-06
14609,2.817067E-08,-7.257317E-07,-4.491433E-06,4.549775E-06
14610,2.604815E-06,2.715861E-07,5.583435E-06,6.167136E-06
14611,0.0001767083,-0.000150207,-0.0004204401,0.0004801645
14612,4.307499E-06,-6.1617E-06,3.292677E-06,8.207485E-06
14613,5.772958E-06,-5.539982E-06,-6.278721E-07,8.025751E-06
14614,-5.933924E-06,-6.518694E-06,2.521201E-06,9.168494E-06
14615,4.181236E-06,-7.581083E-06,-1.402311E-06,8.770521E-06
14616,4.181582E-06,-7.586784E-06,-1.403155E-06,8.775749E-06
14617,2.426806E-06,-7.400122E-07,-3.128879E-06,4.028261E-06
14618,-2.355426E-06,-3.373599E-06,-8.341061E-06,9.300672E-06
14619,-9.627084E-07,-2.34606E-06,1.613664E-06,3.00578E-06
14620,2.431604E-06,-7.393643E-07,-3.127016E-06,4.029589E-06
14621,-3.66664E-06,-2.45006E-07,-1.355562E-06,3.916864E-06
14622,6.311946E-06,4.412685E-06,-1.037207E-05,1.291868E-05
14623,-3.667778E-06,-2.431978E-07,-1.352637E-06,3.916806E-06
14624,1.964324E-06,-8.037077E-07,7.190261E-06,7.496957E-06
14625,2.130612E-06,-6.040549E-06,-4.262104E-06,7.693716E-06
14626,9.021941E-06,-9.339205E-06,2.445357E-07,1.298753E-05
14627,-5.237464E-06,-7.016896E-06,-1.743368E-07,8.757755E-06
14628,-1.120604E-06,-1.257607E-05,-4.553011E-06,1.342174E-05
14629,-2.62665E-06,-2.245102E-06,-1.062872E-06,3.615173E-06
14630,2.407724E-06,-5.840121E-06,-4.183836E-06,7.576848E-06
14631,2.405365E-06,-5.860673E-06,-4.203451E-06,7.60278E-06
14632,-7.170028E-06,-4.038103E-06,-3.696468E-06,9.021056E-06
14633,-7.169788E-06,-4.037853E-06,-3.69542E-06,9.020324E-06
14634,-0.001620582,0.003239409,2.753534E-05,0.003622267
14635,0.1202616,0.06648352,-0.02252647,0.1392493
14636,0.002041603,0.002880342,0.0006847691,0.003596307
14637,0.009561803,0.006810164,0.001813594,0.01187836
14638,2.017372E-06,1.279897E-07,-1.828041E-06,2.725418E-06
14639,2.016143E-06,-3.034521E-07,-1.828299E-06,2.738539E-06
14640,3.092047E-06,1.053914E-06,2.153987E-07,3.273818E-06
14641,-3.002306E-06,-2.337183E-06,8.758562E-07,3.904279E-06
14642,-3.022488E-06,-1.613337E-06,8.97149E-07,3.541633E-06
14643,3.092298E-06,1.067393E-06,2.14907E-07,3.278386E-06
14644,-6.246534E-06,9.350938E-07,1.870343E-05,1.974112E-05
14645,-6.270945E-06,9.042641E-07,1.871728E-05,1.976054E-05
14646,-6.251722E-06,9.377262E-07,1.871733E-05,1.975606E-05
14647,3.456713E-06,1.245286E-06,-2.519493E-06,4.455047E-06
14648,3.854916E-06,2.169037E-06,1.014653E-06,4.538129E-06
14649,4.383191E-06,-7.021168E-06,2.742315E-06,8.719488E-06
14650,-5.186789E-07,4.208959E-06,-1.598669E-06,4.532119E-06
14651,2.594622E-06,4.233447E-06,-4.057268E-06,6.412142E-06
14652,6.206251E-07,-2.23628E-06,3.744645E-06,4.405507E-06
14653,3.845257E-06,2.17819E-06,1.01882E-06,4.535252E-06
14654,3.461552E-06,1.243119E-06,-2.523182E-06,4.460283E-06
14655,4.387476E-06,-7.021318E-06,2.742263E-06,8.721746E-06
14656,5.994196E-07,-2.229186E-06,3.747009E-06,4.400983E-06
14657,-2.117754E-05,-1.84806E-05,4.32078E-05,5.154546E-05
14658,-3.198755E-05,-3.744807E-05,1.631771E-06,4.927702E-05
14659,-5.721338E-05,5.39774E-06,-1.664065E-06,5.749153E-05
14660,-0.007533005,-0.002357109,0.006985119,0.01054011
14661,0.01329453,-0.007399621,0.006440434,0.01652205
14662,-8.313268E-07,6.558905E-06,-3.29397E-06,7.386514E-06
14663,4.39184E-07,1.375521E-06,-2.40415E-06,2.804439E-06
14664,-4.313687E-06,-1.266873E-06,2.164967E-06,4.989985E-06
14665,1.118072E-06,2.092384E-06,-6.906181E-06,7.302294E-06
14666,1.278804E-06,3.686655E-06,3.411097E-06,5.18289E-06
14667,-0.001274042,-0.123633,0.1973391,0.2328722
14668,-0.0693506,0.01613593,0.005966451,0.07145259
14669,0.002846323,-0.0001088413,0.005486942,0.006182227
14670,-1.940833E-05,1.060988E-06,8.138459E-06,2.107234E-05
14671,2.418976E-06,-6.009254E-06,-7.070646E-06,9.589401E-06
14672,5.572678E-06,-8.496935E-06,-8.249886E-06,1.308867E-05
14673,-1.002707E-05,-4.131302E-06,-1.770656E-06,1.09884E-05
14674,4.556395E-06,-5.512351E-06,-3.799328E-09,7.151696E-06
14675,-1.002733E-05,-4.125282E-06,-1.777392E-06,1.098747E-05
14676,2.41862E-06,-6.017693E-06,-7.066238E-06,9.591354E-06
14677,-4.160387E-07,6.0602E-07,1.370028E-06,1.554775E-06
14678,-5.486971E-06,-7.079919E-06,3.873723E-06,9.758987E-06
14679,5.585373E-06,-8.489745E-06,-8.229994E-06,1.307689E-05
14680,-1.257433E-05,-1.220741E-05,1.34439E-05,2.208785E-05
14681,-7.503175E-07,-1.027334E-05,-7.179759E-06,1.255601E-05
14682,7.675375E-07,-1.735525E-05,-2.955286E-06,1.762179E-05
14683,2.274769E-06,-1.133419E-05,-4.857401E-07,1.157041E-05
14684,3.494067E-06,-1.067891E-05,-1.046729E-05,1.535617E-05
14685,1.202109E-05,-3.221173E-07,2.311599E-05,2.605685E-05
14686,1.834024E-07,7.999591E-06,6.30852E-06,1.018943E-05
14687,6.718286E-08,8.193362E-06,1.305937E-06,8.297058E-06
14688,-1.588001E-06,8.991247E-06,-2.369549E-07,9.133478E-06
14689,-7.569052E-06,-5.293117E-06,3.146309E-07,9.241571E-06
14690,5.252831E-06,5.839014E-06,4.492837E-06,9.048309E-06
14691,0.00552715,-0.002823648,0.002812369,0.006814088
14692,-2.180477E-06,-1.654813E-06,1.691964E-08,2.737366E-06
14693,2.74909E-06,2.558537E-06,2.022645E-07,3.76092E-06
14694,1.847021E-06,-5.393647E-07,-2.707695E-07,1.943121E-06
14695,-1.100874E-06,4.967309E-06,2.55207E-07,5.094234E-06
14696,9.81943E-07,1.335427E-06,-6.869257E-07,1.794281E-06
14697,-3.489949E-07,-2.564058E-07,-2.724516E-06,2.758719E-06
14698,-3.500958E-07,4.903405E-07,-2.721805E-06,2.787692E-06
14699,-1.020522E-05,4.426881E-06,-1.71183E-05,2.041519E-05
14700,-2.29207E-06,-9.21492E-07,1.469E-06,2.874142E-06
14701,-2.166908E-06,-2.360336E-06,1.608302E-06,3.585151E-06
14702,-2.005787E-06,-2.220999E-06,1.511817E-06,3.352851E-06
14703,1.491266E-06,4.939116E-08,1.574745E-07,1.500371E-06
14704,-0.000131827,-0.0001368321,-2.908468E-05,0.0001922168
14705,1.224957E-06,-1.48949E-07,3.258658E-07,1.276281E-06
14706,-2.295411E-06,-4.113851E-07,1.484682E-06,2.764495E-06
14707,-2.083646E-06,-1.682861E-06,8.82683E-06,9.224236E-06
14708,-2.100891E-06,7.099676E-07,8.792174E-06,9.06753E-06
14709,-5.841783E-06,-1.419401E-06,1.443636E-06,6.182654E-06
14710,-5.838985E-06,-8.05734E-07,1.447167E-06,6.06937E-06
14711,6.353472E-06,9.975048E-06,-5.304808E-07,1.183848E-05
14712,-4.834895E-09,-5.722015E-06,-4.573343E-07,5.740264E-06
14713,-5.96378E-06,2.744366E-06,2.010689E-06,6.865937E-06
14714,-7.751161E-09,-5.722045E-06,-4.341572E-07,5.738498E-06
14715,-5.376909E-06,1.280227E-06,-9.275859E-06,1.079776E-05
14716,2.486616E-07,7.942539E-07,3.564195E-06,3.660076E-06
14717,-2.974552E-05,-3.744475E-05,4.016791E-05,6.245291E-05
14718,-6.983584E-05,-1.649185E-05,9.570237E-05,0.0001196159
14719,-7.452334E-06,-5.980321E-06,2.903239E-06,9.986506E-06
14720,-1.797823E-05,-2.655498E-05,1.662362E-05,3.612103E-05
14721,-1.112794E-05,-4.790797E-06,1.083017E-05,1.62504E-05
14722,-7.451093E-06,-5.98167E-06,2.9056E-06,9.987075E-06
14723,0.002364447,-0.002162383,0.002200844,0.003887187
14724,-0.2332559,-0.07687588,0.1612134,0.2937821
14725,-2.503332E-06,2.566796E-06,-1.547769E-06,3.905214E-06
14726,2.475262E-07,3.807076E-06,4.20467E-06,5.67753E-06
14727,1.138033E-06,-3.173188E-06,5.481639E-06,6.435263E-06
14728,-2.029222E-06,-1.642131E-06,3.421754E-07,2.632758E-06
14729,-2.041558E-06,-1.606822E-06,3.35212E-07,2.61958E-06
14730,2.344166E-06,-1.785809E-06,1.009856E-06,3.11513E-06
14731,1.141472E-06,-3.173555E-06,5.476109E-06,6.431344E-06
14732,-2.89007E-06,-2.316948E-09,-2.5642E-07,2.901424E-06
14733,-4.81014E-07,-1.060837E-06,-5.399973E-07,1.283879E-06
14734,1.36817E-06,2.687731E-06,-3.729337E-06,4.796222E-06
14735,0.001248627,8.467992E-05,-0.002002715,0.00236159
14736,4.339578E-06,8.249663E-07,-1.306045E-05,1.378724E-05
14737,6.443442E-06,-1.233378E-05,-1.562404E-05,2.09225E-05
14738,4.323432E-06,9.008018E-07,-1.317713E-05,1.389749E-05
14739,-6.214976E-06,-8.945653E-06,-1.455787E-05,1.818192E-05
14740,6.443337E-06,-1.232282E-05,-1.562097E-05,2.091371E-05
14741,-4.823441E-06,1.569165E-07,-1.293071E-05,1.380193E-05
14742,-4.81867E-06,1.496931E-07,-1.292792E-05,1.379758E-05
14743,-6.211477E-06,-8.938975E-06,-1.455589E-05,1.817585E-05
14744,1.145646E-06,-1.044285E-06,-1.154628E-05,1.164988E-05
14745,-1.24496E-07,1.07448E-05,-1.904824E-05,2.187011E-05
14746,3.103074E-05,-6.534552E-06,-9.162063E-06,3.300835E-05
14747,2.902242E-06,-8.233417E-06,-1.46264E-05,1.703361E-05
14748,-1.277709E-07,1.074153E-05,-1.904724E-05,2.186765E-05
14749,1.915783E-06,-7.188743E-06,-1.162718E-05,1.380361E-05
14750,8.503318E-06,9.014933E-06,-8.872938E-06,1.524154E-05
14751,3.324351E-06,-8.801923E-06,-1.484761E-05,1.757773E-05
14752,3.087671E-06,-5.222071E-06,-1.181009E-05,1.327712E-05
14753,2.084141E-06,-3.486951E-06,-9.452259E-06,1.028823E-05
14754,1.220398E-05,3.350129E-06,-6.732187E-05,6.850105E-05
14755,4.317363E-05,-7.46755E-06,2.443346E-05,5.016693E-05
14756,2.42378E-05,-2.086113E-05,-2.787796E-05,4.242451E-05
14757,0.0001625434,0.000234849,-0.0004051717,0.0004957202
14758,4.400601E-05,5.1593E-05,8.793594E-05,0.0001110455
14759,0.0004609607,0.0003995518,0.002132281,0.002217826
14760,2.581815E-06,6.409063E-07,2.373134E-06,3.564869E-06
14761,-4.227698E-08,-2.605973E-07,8.640683E-07,9.035001E-07
14762,4.098153E-07,-1.16197E-06,9.27343E-07,1.542105E-06
14763,4.095663E-07,-1.730116E-06,9.104834E-07,1.997505E-06
14764,1.113797E-06,6.25359E-07,-5.762433E-09,1.277361E-06
14765,2.574161E-06,-1.299527E-06,2.380362E-06,3.739144E-06
14766,5.609488E-06,-5.354759E-06,3.530525E-07,7.763017E-06
14767,5.968932E-07,-7.500934E-06,-5.146711E-06,9.11641E-06
14768,-1.278506E-05,2.62499E-06,1.098433E-05,1.705884E-05
14769,5.599095E-07,-7.497817E-06,-5.127146E-06,9.100461E-06
14770,-1.278692E-05,2.662379E-06,1.099123E-05,1.707047E-05
14771,-4.547191E-06,-2.863387E-06,3.318706E-06,6.315833E-06
14772,-4.546673E-06,-2.859359E-06,3.321161E-06,6.314925E-06
14773,4.77625E-07,1.637219E-06,3.415841E-07,1.739336E-06
14774,4.75689E-07,1.640408E-06,3.446177E-07,1.742406E-06
14775,-3.002751E-06,6.680427E-06,5.777973E-06,9.328965E-06
14776,-3.179591E-06,-4.79861E-06,2.507542E-06,6.278871E-06
14777,2.052173E-06,1.948224E-06,2.048944E-06,3.493588E-06
14778,-6.452168E-06,-1.887214E-06,-1.004557E-06,6.797145E-06
14779,1.643682E-06,-9.407939E-06,4.072501E-06,1.03825E-05
14780,2.721009E-06,-5.095816E-06,-3.642388E-07,5.788256E-06
14781,-3.927141E-06,-4.907313E-05,2.673487E-05,5.602096E-05
14782,-1.548855E-05,1.948443E-07,5.042958E-06,1.629001E-05
14783,-1.915998E-05,-2.182871E-05,-4.177398E-06,2.934362E-05
14784,-7.032879E-06,-1.043546E-05,1.621378E-05,2.05243E-05
14785,-6.648716E-06,-2.596183E-06,6.68311E-06,9.778013E-06
14786,-2.057018E-05,-3.775355E-06,1.311044E-05,2.468338E-05
14787,-6.522798E-06,2.887598E-07,-1.14464E-06,6.628761E-06
14788,-6.652501E-06,-2.597302E-06,6.686988E-06,9.783535E-06
14789,-1.04664E-05,8.878761E-07,-8.248812E-06,1.335578E-05
14790,0.01025325,-0.00496218,-0.005023904,0.01244958
14791,-5.963585E-07,-2.668245E-06,5.337299E-06,5.996827E-06
14792,-1.152097E-07,1.099289E-06,9.029015E-07,1.427215E-06
14793,-5.089137E-06,-3.393646E-06,1.88703E-06,6.40133E-06
14794,-5.926941E-07,-2.011138E-06,-7.483072E-07,2.226191E-06
14795,-4.482431E-06,-2.79865E-06,3.682127E-06,6.440705E-06
14796,-5.884937E-07,-2.006951E-06,-7.55735E-07,2.223806E-06
14797,3.675218E-07,1.948488E-06,3.831491E-08,1.983216E-06
14798,2.996897E-06,2.154146E-06,-8.64972E-07,3.790767E-06
14799,-0.01815463,0.02393982,0.004111568,0.03032508
14800,-0.02556688,0.01715687,0.02248199,0.03812431
14801,0.007798255,-0.002766218,0.005441882,0.009903476
14802,-1.439011E-06,-6.530638E-06,-2.015019E-06,6.984289E-06
14803,-1.744507E-06,-4.378398E-06,-4.309893E-07,4.732803E-06
14804,8.602799E-07,-6.538122E-07,2.065323E-06,2.330904E-06
14805,5.722124E-07,4.308721E-05,1.440676E-06,4.311509E-05
14806,1.254871E-06,-1.113091E-05,2.460409E-06,1.146845E-05
14807,1.325818E-06,-1.026668E-05,1.369409E-06,1.044211E-05
14808,1.329158E-06,-1.026542E-05,1.367085E-06,1.0441E-05
14809,8.728478E-07,-3.909989E-06,4.535176E-06,6.051256E-06
14810,-2.178813E-06,1.4322E-05,1.95268E-06,1.461779E-05
14811,-2.173576E-06,1.432354E-05,1.949732E-06,1.461813E-05
14812,8.993769E-07,-3.949741E-06,4.310045E-06,5.914882E-06
14813,-3.050801E-05,-3.058088E-06,1.164953E-05,3.279942E-05
14814,-3.051243E-05,-3.060405E-06,1.165578E-05,3.280597E-05
14815,9.695243E-06,-5.272261E-06,8.25241E-06,1.37803E-05
14816,9.685565E-06,-5.276176E-06,8.257684E-06,1.377815E-05
14817,-1.896382E-05,-3.657169E-05,3.904702E-05,5.676076E-05
14818,-1.523362E-05,4.897835E-05,-5.665848E-06,5.160469E-05
14819,-1.896653E-05,-3.659108E-05,3.905494E-05,5.677961E-05
14820,-1.523473E-05,4.892406E-05,-5.674059E-06,5.155439E-05
14821,-1.618581E-08,7.339502E-07,2.499442E-08,7.34554E-07
14822,-2.581318E-06,-1.255455E-06,-1.927129E-06,3.45734E-06
14823,3.985695E-07,1.736272E-06,-5.063735E-07,1.852003E-06
14824,9.909512E-07,7.764826E-07,1.579633E-06,2.019938E-06
14825,-1.485902E-08,-1.004163E-06,2.008521E-06,2.2456E-06
14826,-4.137897E-07,2.151678E-06,-3.102963E-06,3.798594E-06
14827,5.197158E-07,3.529344E-06,1.666741E-06,3.937563E-06
14828,-3.012944E-06,-2.776831E-06,-9.822966E-09,4.097403E-06
14829,-2.088732E-06,-7.928881E-06,-2.778425E-06,8.657344E-06
14830,-9.353136E-06,-4.648643E-06,3.578004E-05,3.727334E-05
14831,-3.28692E-07,-2.380499E-07,-8.738563E-07,9.634994E-07
14832,3.815053E-08,-4.364289E-06,7.709702E-06,8.859344E-06
14833,-7.201173E-06,4.355515E-06,3.288056E-06,9.035414E-06
14834,0.0001277619,0.001620018,-0.002132663,0.002681237
14835,-3.275235E-06,2.087923E-06,3.703897E-06,5.36707E-06
14836,1.494643E-07,-9.009427E-07,-3.979559E-07,9.961958E-07
14837,1.470473E-06,-2.327277E-06,-1.089409E-06,2.960628E-06
14838,1.367555E-06,-3.362424E-06,1.935539E-06,4.113686E-06
14839,-1.664266E-06,-2.529527E-06,3.176259E-06,4.38827E-06
14840,2.292102E-06,1.978737E-06,-5.570119E-06,6.339981E-06
14841,-4.51353E-05,-3.014211E-06,6.720645E-05,8.101227E-05
14842,5.214833E-05,2.281979E-05,2.129056E-05,6.0774E-05
14843,5.206363E-05,2.274681E-05,2.126439E-05,6.066476E-05
14844,1.588204E-05,3.804783E-05,1.281943E-05,4.317655E-05
14845,22.8618,3.162808,1.20559,23.11101
14846,-3.040959E-06,-3.097899E-06,-2.285717E-06,4.906008E-06
14847,4.693808E-07,-1.177622E-06,4.394284E-06,4.573494E-06
14848,-3.041647E-06,-3.099106E-06,-2.287528E-06,4.90804E-06
14849,2.095007E-06,2.031176E-07,3.891749E-07,2.140507E-06
14850,2.33719E-06,-3.599119E-06,-1.570547E-06,4.569762E-06
14851,2.422778E-06,-1.268182E-06,-1.648894E-06,3.193272E-06
14852,-1.390033E-06,-1.820645E-06,-2.946392E-06,3.732046E-06
14853,6.570518E-08,-6.970796E-07,-1.667191E-06,1.808249E-06
14854,2.688447E-06,-2.785428E-05,-6.364332E-06,2.869832E-05
14855,1.686816E-06,-1.028654E-05,6.20202E-06,1.212944E-05
14856,4.198097E-05,0.000120294,5.401916E-05,0.0001383875
14857,-7.679662E-06,-2.008016E-06,-2.719716E-06,8.39084E-06
14858,5.353631E-06,-2.270292E-05,7.443404E-06,2.448445E-05
14859,-5.640748E-06,2.598656E-05,-9.10016E-06,2.810573E-05
14860,-6.064017E-06,2.658318E-05,-9.15672E-06,2.876253E-05
14861,-7.67517E-06,-2.007329E-06,-2.724263E-06,8.38804E-06
14862,-1.938317E-05,-3.157526E-07,-2.942471E-06,1.960778E-05
14863,9.332653E-06,-6.799256E-07,4.395537E-08,9.357492E-06
14864,-1.938179E-05,-3.036453E-07,-2.94493E-06,1.96066E-05
14865,9.325765E-06,-6.796074E-07,3.743719E-08,9.35057E-06
14866,-1.93691E-05,6.168216E-07,2.000532E-06,1.94819E-05
14867,-1.937047E-05,6.985348E-07,2.000018E-06,1.948597E-05
14868,-2.724042E-07,-1.24838E-06,-7.343066E-07,1.473725E-06
14869,1.425549E-06,1.045528E-06,1.306402E-06,2.198183E-06
14870,-8.790261E-07,-3.990962E-06,-1.840354E-06,4.481893E-06
14871,6.045197E-07,-7.246446E-07,5.600495E-07,1.097365E-06
14872,1.255021E-06,1.052569E-06,-7.902576E-07,1.818649E-06
14873,-9.353928E-07,-4.244289E-07,-8.198554E-07,1.314254E-06
14874,-2.069209E-06,2.690809E-06,-1.705702E-07,3.398702E-06
14875,2.553711E-06,1.17991E-06,8.818882E-07,2.94811E-06
14876,-4.232818E-07,3.035562E-08,-2.363791E-07,4.857613E-07
14877,-9.15034E-08,9.318691E-07,1.9497E-07,9.564341E-07
14878,-1.205453E-06,-4.272707E-06,-7.771898E-07,4.507013E-06
14879,5.367264E-06,-1.692016E-06,3.891581E-07,5.641089E-06
14880,-6.630501E-06,4.870619E-06,4.725497E-06,9.487718E-06
14881,-7.315068E-06,2.363286E-06,9.2353E-06,1.201608E-05
14882,-2.502683E-06,9.931595E-07,7.681404E-07,2.799969E-06
14883,-2.507004E-06,9.943739E-07,7.638846E-07,2.8031E-06
14884,-1.197293E-06,1.741749E-06,1.701416E-06,2.713303E-06
14885,1.472667E-06,-3.722421E-06,5.027759E-06,6.426782E-06
14886,-2.816409E-06,-6.035683E-07,5.047485E-07,2.924248E-06
14887,-5.199376E-06,3.390381E-06,-1.180481E-06,6.318365E-06
14888,-4.715174E-06,2.648297E-07,-2.946682E-06,5.566501E-06
14889,-1.87198E-06,-7.047918E-07,1.939557E-06,2.786202E-06
14890,3.476817E-06,-4.878023E-06,-2.497366E-06,6.490008E-06
14891,-0.02687753,0.04550971,0.02146201,0.05704518
14892,0.0001730433,-0.0002018765,8.566944E-06,0.0002660291
14893,-0.001477827,-0.001496704,0.002238472,0.003071621
14894,-5.457636E-07,1.813308E-06,-7.184548E-06,7.429918E-06
14895,1.822984E-06,1.64956E-06,4.692962E-06,5.297944E-06
14896,-2.593131E-06,-2.819473E-06,2.682996E-07,3.840018E-06
14897,1.199002E-07,1.90827E-07,-2.18359E-06,2.195189E-06
14898,-2.689907E-06,-1.485664E-06,4.275489E-07,3.102514E-06
14899,-1.849988E-07,5.976839E-08,-4.242089E-06,4.246541E-06
14900,-2.990248E-06,5.279571E-06,2.045089E-06,6.402956E-06
14901,2.667471E-06,4.011945E-07,1.576007E-06,3.124125E-06
14902,1.936857E-06,4.910686E-06,-3.1813E-06,6.163353E-06
14903,-5.903533E-05,7.698331E-05,-1.926527E-05,9.890779E-05
14904,7.318289E-06,-2.528773E-05,-4.96814E-06,2.679009E-05
14905,-2.746767E-05,-8.758697E-06,-3.277739E-06,2.901606E-05
14906,-2.746754E-05,-8.758288E-06,-3.273186E-06,2.901529E-05
14907,7.318964E-06,-2.529461E-05,-4.973688E-06,2.67978E-05
14908,2.237055E-05,5.258854E-05,-2.036158E-07,5.714926E-05
14909,3.35377E-05,8.484437E-06,2.313509E-05,4.161724E-05
14910,1.74469E-05,2.207225E-05,1.791083E-05,3.335231E-05
14911,1.745265E-05,2.208841E-05,1.790709E-05,3.336401E-05
14912,-0.02097955,-0.01580194,0.01288481,0.0292551
14913,3.174255E-07,2.564913E-05,1.601456E-05,3.023979E-05
14914,3.112193E-07,2.565665E-05,1.601323E-05,3.02454E-05
14915,8.339078E-07,-2.437549E-06,1.317035E-06,2.893376E-06
14916,-1.308477E-06,-1.016852E-06,3.767448E-06,4.115795E-06
14917,-4.244299E-06,-6.047134E-06,-9.184155E-07,7.444823E-06
14918,-7.292609E-07,-2.223052E-06,2.6422E-06,3.529165E-06
14919,5.670325E-07,-2.376703E-06,3.829461E-06,4.542578E-06
14920,-1.499671E-06,-4.524805E-07,2.70234E-07,1.589584E-06
14921,-1.462396E-06,-2.618781E-07,2.801452E-07,1.511841E-06
14922,2.973941E-05,2.910752E-07,-1.456318E-05,3.3115E-05
14923,3.006988E-05,-3.522962E-07,-1.419471E-05,3.325374E-05
14924,1.014385E-05,-2.670017E-07,-1.67994E-05,1.962623E-05
14925,1.014603E-05,-2.66451E-07,-1.681175E-05,1.963792E-05
14926,1.140334E-05,-4.851923E-06,5.059853E-06,1.338579E-05
14927,1.140619E-05,-4.851558E-06,5.062201E-06,1.338898E-05
14928,-7.99331E-06,-8.659636E-06,-6.032248E-06,1.323897E-05
14929,-7.999015E-06,-8.65945E-06,-6.086627E-06,1.326715E-05
14930,9.624937E-06,-2.414956E-06,-1.168227E-06,9.991805E-06
14931,-2.494703E-05,-1.817857E-06,-5.045519E-06,2.551697E-05
14932,-2.494813E-05,-1.818161E-06,-5.048455E-06,2.551866E-05
14933,8.610112E-06,-1.440195E-06,3.015149E-06,9.235762E-06
14934,9.546969E-06,-3.858071E-06,-5.569645E-06,1.170685E-05
14935,-2.839979E-05,-1.979231E-06,1.492048E-06,2.850775E-05
14936,1.236057E-06,-4.466161E-06,-1.524965E-06,4.878519E-06
14937,3.378554E-08,-1.625429E-06,-4.302351E-06,4.599282E-06
14938,-2.168453E-06,-4.147907E-06,3.558684E-06,5.879758E-06
14939,-3.009877E-06,3.252262E-06,-5.864851E-06,7.350717E-06
14940,-4.703218E-09,-2.404501E-06,2.872119E-06,3.74576E-06
14941,5.19701E-07,-3.986419E-06,2.899179E-06,4.956498E-06
14942,1.798357E-06,8.181235E-07,-3.40519E-08,1.976E-06
14943,-4.525332E-07,3.337493E-06,-3.386441E-06,4.776152E-06
14944,3.850994E-07,-2.224075E-06,4.416851E-06,4.96018E-06
14945,4.59573E-07,1.61759E-06,-5.413712E-07,1.766603E-06
14946,-2.296539E-06,8.420139E-07,-7.934211E-06,8.302697E-06
14947,-3.18935E-06,-9.081497E-07,1.241769E-06,3.541E-06
14948,-2.985496E-07,1.144819E-06,7.940772E-08,1.185769E-06
14949,4.145684E-06,1.856832E-07,-6.614022E-06,7.808103E-06
14950,-2.747936E-06,1.137006E-06,3.244819E-06,4.401453E-06
14951,5.140194E-06,5.109173E-06,-7.861499E-06,1.069245E-05
14952,-4.917213E-06,-3.510413E-06,-9.098809E-06,1.092201E-05
14953,-1.204984E-07,2.20287E-06,-3.27691E-06,3.950354E-06
14954,-1.668065E-06,2.050371E-06,-3.530885E-06,4.410625E-06
14955,-6.591773E-07,5.111644E-06,-9.172423E-06,1.052125E-05
14956,-0.001521011,-0.0006701945,0.006196174,0.006415232
14957,-3.130178E-06,4.095381E-06,-2.617202E-07,5.161265E-06
14958,-7.951114E-06,-2.51795E-06,-2.376466E-07,8.343666E-06
14959,-7.949555E-06,-2.517963E-06,-2.332121E-07,8.342059E-06
14960,1.542224E-06,-2.16033E-06,3.296126E-07,2.67472E-06
14961,-5.67188E-07,3.619428E-06,-2.396811E-06,4.377975E-06
14962,2.606175E-06,-6.710949E-06,2.312755E-06,7.561601E-06
14963,-1.448743E-07,-1.68278E-06,-1.165572E-06,2.052144E-06
14964,3.296835E-06,-1.188013E-06,-1.601616E-06,3.853008E-06
14965,-5.652926E-07,3.613716E-06,-2.397757E-06,4.373527E-06
14966,7.736157E-07,-4.187503E-06,1.716999E-06,4.591487E-06
14967,-1.311454E-06,-1.536587E-07,8.481196E-07,1.56934E-06
14968,6.674736E-06,-6.154872E-06,8.762402E-08,9.07977E-06
14969,1.105318E-05,2.693329E-06,-4.747692E-06,1.232751E-05
14970,-1.151674E-05,1.337704E-05,-1.577908E-06,1.772202E-05
14971,-1.145759E-05,1.411133E-05,-1.104438E-06,1.82106E-05
14972,-0.000121177,0.0001080727,-1.915942E-05,0.0001634951
14973,1.117394E-05,4.383127E-06,9.412166E-06,1.525312E-05
14974,3.073176E-05,4.434271E-05,-6.904463E-07,5.395548E-05
14975,2.673253E-05,5.058821E-06,-9.91901E-06,2.895871E-05
14976,1.553745E-05,4.354295E-05,-2.26002E-06,4.628724E-05
14977,-3.8607E-06,9.338229E-06,-3.193955E-06,1.059759E-05
14978,-3.18497E-05,2.823135E-05,-7.928611E-06,4.329291E-05
14979,0.007754186,-0.01883168,-0.0225967,0.0304199
14980,0.001794731,0.01038177,0.002509075,0.01083041
14981,-9.854769E-06,3.111735E-05,2.08536E-05,3.873343E-05
14982,5.337288E-06,6.502677E-06,6.66297E-06,1.073157E-05
14983,5.335994E-06,6.500885E-06,6.654479E-06,1.072457E-05
14984,2.197242E-06,4.722562E-06,1.95273E-05,2.021004E-05
14985,-2.771913E-06,2.15484E-05,2.811103E-05,3.552812E-05
14986,4.402868E-07,-5.174112E-07,2.176625E-06,2.280189E-06
14987,-5.902826E-06,3.637507E-05,1.546644E-05,3.996498E-05
14988,-7.020316E-06,-1.356779E-05,8.158953E-06,1.731872E-05
14989,-5.903582E-06,3.63819E-05,1.547768E-05,3.997566E-05
14990,2.162637E-06,-7.712622E-07,1.920738E-06,2.993506E-06
14991,-1.181353E-06,-1.728255E-06,-3.712606E-06,4.262148E-06
14992,-1.183547E-06,-1.727597E-06,-3.71173E-06,4.261727E-06
14993,2.140903E-06,1.728533E-06,1.93476E-06,3.363717E-06
14994,3.823367E-06,-1.004867E-06,1.352435E-06,4.178155E-06
14995,-1.039124E-07,-2.012178E-05,-3.483326E-05,4.022751E-05
14996,0.001119559,-0.000958178,-0.001007655,0.001785185
14997,5.38465E-05,0.0004115801,-4.266443E-05,0.0004172743
14998,-8.242172E-07,-2.035552E-05,-3.540105E-05,4.084434E-05
14999,-2.621033E-05,-1.381339E-06,1.268753E-05,2.91524E-05
15000,-1.506973E-05,3.576847E-06,2.206376E-05,2.695737E-05
15001,6.134929E-07,-7.170175E-07,3.743656E-06,3.860757E-06
15002,6.087586E-07,-7.168146E-07,3.746802E-06,3.863021E-06
15003,4.393645E-06,-1.110922E-06,-2.650113E-07,4.539658E-06
15004,2.896533E-05,-2.353973E-06,1.013608E-05,3.077778E-05
15005,2.896796E-05,-2.354568E-06,1.013544E-05,3.078009E-05
15006,-5.127297E-06,-4.94957E-07,1.049137E-05,1.168773E-05
15007,4.393202E-06,-1.110941E-06,-2.65318E-07,4.539252E-06
15008,-3.856625E-06,-1.249721E-06,-2.610384E-06,4.82177E-06
15009,-3.856541E-06,-1.24959E-06,-2.60933E-06,4.821098E-06
15010,-4.154258E-06,-6.275395E-07,5.715353E-06,7.093442E-06
15011,-8.621195E-07,7.556717E-07,-1.286158E-05,1.291258E-05
15012,-3.339105E-06,2.123272E-06,-1.57405E-05,1.623025E-05
15013,-3.338645E-06,2.131478E-06,-1.574002E-05,1.623078E-05
15014,1.838001E-06,-2.274907E-06,-6.48951E-06,7.118089E-06
15015,-1.83235E-06,7.902512E-07,-8.38117E-06,8.615452E-06
15016,2.496791E-06,-1.073085E-06,-6.427797E-06,6.978685E-06
15017,-1.493549E-06,4.124888E-07,-8.097699E-06,8.244608E-06
15018,1.959478E-06,2.668906E-07,-9.210908E-06,9.420807E-06
15019,-2.81637E-06,-1.139325E-06,-8.428143E-06,8.958995E-06
15020,1.112948E-06,-9.805155E-08,-8.517628E-06,8.590591E-06
15021,1.280221E-06,-1.263175E-06,-6.732897E-06,6.968965E-06
15022,0.000312031,0.0001221384,-5.266512E-05,0.0003391972
15023,-0.0003223212,0.0001593513,-0.0002517496,0.0004389324
15024,3.619875E-06,5.152681E-05,-3.199492E-05,6.076011E-05
15025,8.216536E-07,5.8139E-06,1.3589E-06,6.026869E-06
15026,2.611501E-06,-2.501488E-06,-8.171818E-07,3.707447E-06
15027,5.662996E-06,-4.182065E-06,-7.223559E-07,7.076792E-06
15028,-1.018059E-07,-2.56029E-06,-1.92639E-07,2.569544E-06
15029,-8.127547E-07,2.139228E-06,3.062639E-06,3.823169E-06
15030,6.497298E-07,-1.842823E-06,-9.824121E-07,2.187071E-06
15031,-4.771228E-07,-1.253833E-06,-1.826536E-06,2.266269E-06
15032,-2.049112E-06,2.083669E-06,2.743642E-06,4.008504E-06
15033,9.788997E-07,-1.641706E-06,2.062153E-07,1.92249E-06
15034,1.928073E-06,1.885724E-07,-5.669539E-07,2.018529E-06
15035,-2.71877E-06,-2.359345E-06,2.71294E-06,4.507578E-06
15036,-5.967375E-05,9.502356E-05,1.605269E-05,0.0001133496
15037,-2.651033E-05,1.107785E-05,6.178882E-07,2.873845E-05
15038,-3.000632E-06,-5.882129E-06,3.757503E-06,7.597504E-06
15039,-2.83844E-06,3.210835E-05,-4.917632E-06,3.260653E-05
15040,-1.509751E-05,1.857745E-05,6.040186E-06,2.468886E-05
15041,1.919318E-05,4.475484E-05,-3.021259E-05,5.730772E-05
15042,-0.1315354,0.08586515,0.09279423,0.1824422
15043,-4.153362E-06,-5.137675E-06,3.361582E-06,7.412581E-06
15044,3.00147E-07,1.352867E-05,2.036657E-06,1.368441E-05
15045,-1.176275E-05,4.738966E-05,-6.162728E-07,4.883157E-05
15046,5.93375E-06,5.01817E-06,-2.45818E-06,8.15071E-06
15047,7.598165E-07,-8.456718E-06,3.888485E-06,9.338829E-06
15048,7.223001E-07,-6.924962E-06,8.07703E-06,1.066373E-05
15049,6.784723E-06,1.874466E-07,-1.235987E-05,1.410085E-05
15050,-5.813583E-06,-8.58591E-06,-1.074614E-05,1.493302E-05
15051,-3.112141E-06,2.075051E-05,2.207499E-06,2.109839E-05
15052,-0.1431789,0.246681,0.1198194,0.3093678
15053,-2.705902E-06,-9.531323E-07,-2.5446E-06,3.834757E-06
15054,-9.947659E-07,-1.443003E-06,1.757595E-06,2.482127E-06
15055,-3.143972E-06,3.580366E-07,-1.117456E-06,3.355809E-06
15056,3.082314E-06,1.172573E-06,-8.326833E-07,3.401316E-06
15057,2.524478E-06,-8.956919E-07,1.436105E-07,2.682513E-06
15058,-9.0672E-07,-4.007627E-07,1.177216E-06,1.539022E-06
15059,3.086288E-06,1.14167E-06,-8.59611E-07,3.401105E-06
15060,-0.0001386357,-0.0002044037,0.0002975412,0.000386693
15061,-4.615974E-05,0.0004016668,-0.000458088,0.0006109923
15062,-2.137216E-05,2.068504E-05,-9.315248E-06,3.116751E-05
15063,-2.137407E-05,2.068899E-05,-9.316365E-06,3.117178E-05
15064,1.721293E-05,-1.31991E-05,-5.842472E-06,2.24641E-05
15065,-4.969359E-06,-2.328462E-06,-8.569078E-06,1.017572E-05
15066,-4.9696E-06,-2.328655E-06,-8.56991E-06,1.017659E-05
15067,-2.11786E-05,-1.576992E-05,-6.685085E-06,2.72381E-05
15068,6.376767E-06,-1.127412E-05,-1.240935E-06,1.301187E-05
15069,2.756852E-05,2.501091E-05,3.035559E-06,3.73468E-05
15070,-2.11814E-05,-1.577075E-05,-6.681475E-06,2.723987E-05
15071,-8.647194E-07,2.156096E-06,-7.104059E-06,7.474232E-06
15072,-3.959051E-06,2.280056E-06,5.19628E-06,6.919109E-06
15073,7.208125E-07,-6.107394E-06,1.060921E-06,6.240623E-06
15074,3.468272E-06,-1.723214E-06,5.914218E-07,3.917672E-06
15075,8.293168E-08,6.51702E-09,4.270117E-07,4.350392E-07
15076,-1.510537E-06,9.728433E-07,-1.467496E-06,2.319847E-06
15077,-2.174531E-05,1.281238E-05,6.459917E-07,2.524743E-05
15078,2.731462E-05,3.022111E-05,2.984238E-05,5.049724E-05
15079,-1.823342E-05,3.26321E-06,-8.066949E-06,2.020351E-05
15080,9.467912E-06,4.972157E-06,5.114534E-06,1.18542E-05
15081,9.47021E-06,4.954462E-06,5.110634E-06,1.184695E-05
15082,-0.004906149,0.002755038,-0.008042813,0.00981567
15083,4.910972E-06,5.485966E-06,-4.45445E-07,7.376441E-06
15084,-1.345805E-06,6.930622E-06,-2.705689E-06,7.560785E-06
15085,6.610115E-06,8.379167E-07,2.760786E-07,6.668728E-06
15086,-4.89001E-06,1.483462E-07,1.125363E-06,5.020024E-06
15087,-8.006685E-07,1.396892E-06,-1.565708E-06,2.245845E-06
15088,6.610027E-06,8.345555E-07,2.683235E-07,6.667904E-06
15089,-2.07394E-06,7.642976E-06,-6.994127E-07,7.950188E-06
15090,4.996021E-07,3.144303E-06,-5.87517E-06,6.682355E-06
15091,2.944498E-06,-8.933746E-06,1.755079E-06,9.568814E-06
15092,7.329785E-06,-3.870454E-06,4.896337E-07,8.303366E-06
15093,-0.0007830238,-0.01493488,0.001672316,0.0150486
15094,-3.248723,-0.2308005,-42.70784,42.83185
15095,8.565307E-07,-1.612276E-07,-1.581985E-06,1.806188E-06
15096,-1.173072E-06,3.441869E-06,1.392059E-06,3.893634E-06
15097,5.152698E-08,-4.560875E-07,7.935186E-07,9.16702E-07
15098,8.552435E-07,-1.636331E-07,-1.58011E-06,1.804152E-06
15099,5.002392E-08,-5.386605E-07,7.918601E-07,9.590099E-07
15100,-0.0001760796,-8.831878E-05,-0.000114294,0.0002277441
15101,4.391776E-05,-7.762077E-05,0.0001256728,0.0001541019
15102,-9.09037E-05,0.0001612901,-3.037304E-05,0.0001876179
15103,-0.0001000467,-7.835818E-05,9.461607E-05,0.0001584347
15104,2.286474E-05,-7.90161E-06,1.987004E-06,2.427302E-05
15105,-1.393958E-05,-4.662868E-06,1.101668E-05,1.836904E-05
15106,6.609263E-06,-6.228144E-06,2.190116E-06,9.341775E-06
15107,-2.5452E-05,-5.070838E-06,6.145737E-06,2.666998E-05
15108,8.022841E-06,-4.179158E-06,5.949896E-06,1.08274E-05
15109,1.391071E-05,-7.443023E-06,3.484485E-06,1.615698E-05
15110,-1.394269E-05,-4.662508E-06,1.101849E-05,1.837239E-05
15111,-2.545402E-05,-5.072571E-06,6.14284E-06,2.667157E-05
15112,8.010937E-06,-4.178995E-06,5.955719E-06,1.082172E-05
15113,3.738916E-06,-1.479196E-06,8.128225E-07,4.102218E-06
15114,-1.058251E-06,-4.235808E-06,-3.508162E-06,5.600818E-06
15115,6.925504E-07,6.509587E-07,2.842857E-07,9.920643E-07
15116,-1.209568E-06,1.022756E-07,-3.198337E-06,3.420946E-06
15117,-9.30254E-07,-1.463896E-06,-2.493935E-06,3.037774E-06
15118,-3.126986E-06,4.745958E-06,2.633935E-06,6.264167E-06
15119,-1.060627E-06,7.651875E-07,-2.222537E-06,2.578782E-06
15120,-1.203666E-06,1.217733E-07,-3.202069E-06,3.422994E-06
15121,-2.554029E-06,-1.409419E-06,-1.48809E-06,3.274743E-06
15122,-5.029268E-06,3.503654E-06,2.871739E-06,6.768752E-06
15123,2.164321E-05,1.194877E-05,1.021153E-05,2.67484E-05
15124,3.57318E-06,1.306686E-06,4.204392E-06,5.67027E-06
15125,1.814091E-05,1.446176E-05,6.105611E-06,2.398986E-05
15126,-2.576686E-05,-4.581049E-06,2.135159E-05,3.377584E-05
15127,-5.02511E-06,-2.953788E-06,1.645481E-06,6.056748E-06
15128,-9.927035E-06,1.292369E-06,-1.116279E-05,1.499414E-05
15129,-2.140638E-06,-5.035118E-06,1.336014E-06,5.632022E-06
15130,-3.200518E-06,-2.148962E-06,2.126478E-06,4.402642E-06
15131,0.001804162,-0.02025172,0.03049469,0.03665124
15132,4.585618E-06,1.433583E-06,-6.944737E-06,8.444668E-06
15133,4.036423E-06,-5.892382E-06,-8.344205E-07,7.190906E-06
15134,-1.344379E-06,-1.065483E-06,-3.448153E-06,3.851281E-06
15135,-7.016915E-06,-2.038725E-06,3.647853E-06,8.167027E-06
15136,-1.626071E-06,-4.477009E-06,2.695934E-06,5.473188E-06
15137,-1.686947E-07,-6.832134E-07,5.995864E-06,6.037021E-06
15138,1.2152E-06,7.135208E-06,-5.22561E-06,8.927201E-06
15139,1.525024E-06,-5.22414E-07,6.213001E-06,6.418722E-06
15140,1.525842E-06,-5.258678E-07,6.210224E-06,6.416511E-06
15141,2.090914E-06,-2.012384E-06,-1.656969E-06,3.34173E-06
15142,-0.0163255,-0.007615555,0.05891668,0.0616092
15143,5.560033E-07,-1.862885E-06,1.355891E-06,2.370215E-06
15144,5.568577E-07,-1.861365E-06,1.354271E-06,2.368295E-06
15145,1.834652E-06,-1.625611E-06,7.658758E-07,2.568098E-06
15146,2.792664E-06,-6.941133E-07,7.73896E-07,2.97988E-06
15147,2.356486E-06,-3.340565E-07,7.649699E-07,2.49996E-06
15148,3.342854E-06,-4.532266E-07,2.366623E-07,3.381729E-06
15149,3.339975E-06,-4.520606E-07,2.430906E-07,3.379184E-06
15150,1.834414E-06,-1.625566E-06,7.658929E-07,2.567904E-06
15151,-0.0003321682,-0.0002817718,-1.599771E-05,0.000435875
15152,-1.469494E-05,-0.0001511703,6.017589E-05,0.0001633693
15153,2.370962E-05,-1.925811E-05,-1.350453E-05,3.33975E-05
15154,2.38057E-05,-1.924375E-05,-1.34937E-05,3.345315E-05
15155,-1.039804E-05,0.0001808223,-6.625156E-05,0.0001928577
15156,-4.692451E-06,1.073877E-05,-2.048666E-06,1.189695E-05
15157,-4.69327E-06,1.073923E-05,-2.060796E-06,1.189978E-05
15158,2.173773E-05,-5.919278E-06,-3.933505E-06,2.287005E-05
15159,-6.061382E-06,-4.978778E-06,4.537667E-06,9.061953E-06
15160,-6.059216E-06,-4.978465E-06,4.530955E-06,9.056973E-06
15161,-1.613899E-06,-3.979297E-06,-8.39586E-06,9.430268E-06
15162,-8.321924E-06,-4.094405E-06,-1.650294E-05,1.893055E-05
15163,2.928308E-05,-8.308291E-06,-3.987522E-06,3.069897E-05
15164,-5.132019E-06,-4.637573E-06,6.379224E-08,6.91728E-06
15165,-1.612936E-06,-3.979196E-06,-8.398773E-06,9.432653E-06
15166,-6.486441E-06,-4.104737E-06,-1.111822E-05,1.351065E-05
15167,-5.131689E-06,-4.637301E-06,6.021698E-08,6.916821E-06
15168,3.19539E-05,-9.807029E-06,-9.822832E-06,3.483845E-05
15169,3.349774E-05,-1.542079E-05,1.852472E-05,4.126821E-05
15170,3.619476E-05,-1.890448E-05,1.768634E-05,4.449996E-05
15171,4.139141E-05,1.655082E-05,3.470231E-05,5.649273E-05
15172,4.141052E-05,1.657008E-05,3.473892E-05,5.653487E-05
15173,-6.198496E-07,1.384196E-06,-2.635449E-06,3.040691E-06
15174,2.760765E-07,4.165014E-06,1.655714E-06,4.49054E-06
15175,1.982629E-07,-5.819469E-06,-2.242712E-06,6.239814E-06
15176,-6.173099E-07,1.371837E-06,-2.628457E-06,3.028496E-06
15177,-2.929834E-06,-2.148506E-06,-4.335558E-06,5.656595E-06
15178,-5.02991E-07,-3.94876E-06,3.735683E-06,5.459033E-06
15179,2.332691E-06,-3.534491E-06,-1.448941E-06,4.47588E-06
15180,-2.621385E-06,4.331081E-06,-6.027123E-09,5.062604E-06
15181,-5.18186E-06,8.597841E-06,-7.923753E-07,1.006988E-05
15182,5.823627E-06,3.091236E-06,-1.183005E-05,1.354328E-05
15183,1.12453E-06,-1.074689E-07,-9.497584E-07,1.475859E-06
15184,1.408113E-05,3.231751E-06,-5.411232E-06,1.542737E-05
15185,7.033581E-07,-5.55516E-06,3.860579E-06,6.801366E-06
15186,-1.016218E-05,1.113551E-06,-1.933143E-05,2.186811E-05
15187,1.776968E-06,7.955273E-06,-1.350501E-05,1.577432E-05
15188,1.782574E-06,7.960898E-06,-1.350654E-05,1.57791E-05
15189,-1.57333E-06,8.278366E-06,-1.373136E-05,1.611077E-05
15190,-2.535944E-07,1.791326E-06,-3.784352E-06,4.194578E-06
15191,-2.243395E-06,4.235151E-06,-1.044009E-05,1.148759E-05
15192,-0.002741882,-0.004892202,0.005900999,0.008140844
15193,-0.004423028,0.001294365,0.009422607,0.01048924
15194,6.23157E-06,3.1299E-06,-7.189626E-07,7.010396E-06
15195,4.916789E-06,-6.028729E-06,-4.855315E-07,7.794622E-06
15196,-3.909461E-07,2.652704E-07,1.506225E-06,1.578582E-06
15197,1.66866E-06,3.757547E-07,-6.002805E-07,1.81272E-06
15198,-2.857616E-06,2.376774E-06,7.15752E-06,8.065055E-06
15199,6.215209E-06,2.481482E-06,-2.952272E-06,7.31454E-06
15200,0.0163255,0.007615555,-0.05891668,0.0616092
15201,5.745513E-07,-2.523757E-06,-2.139645E-06,3.358205E-06
15202,5.754695E-07,-2.524561E-06,-2.141778E-06,3.360326E-06
15203,-1.022152E-06,-2.422606E-06,5.57624E-07,2.687892E-06
15204,5.839552E-07,-3.700096E-06,-7.781352E-07,3.825861E-06
15205,5.846424E-07,-3.699954E-06,-7.802396E-07,3.826256E-06
15206,-1.028863E-06,-2.423501E-06,5.652186E-07,2.69284E-06
15207,5.851458E-05,-0.0001710951,-0.0007846121,0.0008051793
15208,-9.736055E-06,2.473211E-05,1.781201E-05,3.199587E-05
15209,-7.446285E-06,-7.245387E-06,1.190271E-05,1.579928E-05
15210,-7.443576E-06,-7.242549E-06,1.189512E-05,1.579099E-05
15211,3.194107E-05,-8.408161E-06,2.808179E-06,3.314838E-05
15212,-1.562285E-05,-7.072593E-06,1.754692E-06,1.723874E-05
15213,-4.290495E-05,2.125156E-05,2.781129E-05,5.537085E-05
15214,1.356916E-05,-5.430588E-06,7.769637E-06,1.655237E-05
15215,-3.423666E-06,-7.66821E-06,4.261297E-06,9.41709E-06
15216,-1.562264E-05,-7.07219E-06,1.754416E-06,1.723835E-05
15217,-3.488335E-05,1.7077E-05,-1.803791E-05,4.282334E-05
15218,-3.476666E-05,1.72132E-05,-1.816146E-05,4.283519E-05
15219,-3.212793E-05,5.631687E-05,-1.043135E-05,6.567044E-05
15220,-3.212387E-05,5.629056E-05,-1.041937E-05,6.564398E-05
15221,-2.215413E-06,2.204779E-07,-1.736045E-05,1.750262E-05
15222,-1.376826E-06,-6.514794E-07,-1.455894E-05,1.46384E-05
15223,1.44611E-06,2.432997E-07,-1.555549E-05,1.562446E-05
15224,-9.161655E-08,-2.924746E-06,-1.657891E-05,1.683516E-05
15225,-7.272507E-08,4.813488E-06,-6.948922E-06,8.453549E-06
15226,1.580818E-06,1.444899E-06,-6.527381E-06,6.869747E-06
15227,-2.438559E-06,1.564891E-06,-5.186953E-06,5.941375E-06
15228,6.315461E-07,-2.639932E-06,-4.277162E-06,5.065788E-06
15229,-8.700719E-07,4.35655E-06,-5.269546E-06,6.892363E-06
15230,-2.444189E-06,1.554366E-06,-5.186571E-06,5.940592E-06
15231,0.002943479,0.001560333,-0.001806947,0.003789956
15232,-4.748294E-07,1.502017E-06,7.20375E-06,7.373977E-06
15233,7.664601E-07,9.56862E-07,6.653623E-08,1.227792E-06
15234,2.633005E-06,-2.999356E-06,2.538542E-06,4.730015E-06
15235,-6.069859E-07,5.169665E-06,-2.516397E-06,5.781533E-06
15236,4.21395E-06,1.572808E-06,-1.11698E-06,4.634517E-06
15237,-6.033163E-07,5.166239E-06,-2.52143E-06,5.780279E-06
15238,1.320549E-06,-1.347652E-06,1.718981E-06,2.552433E-06
15239,8.279041E-06,-3.271671E-07,-5.356078E-06,9.865958E-06
15240,-0.1575465,0.1875978,-0.01897853,0.2457113
15241,0.1732039,-0.1588653,0.009169092,0.2352059
15242,6.35351E-07,-1.554717E-06,2.346511E-06,2.885642E-06
15243,6.358117E-07,-1.554615E-06,2.3444E-06,2.883972E-06
15244,2.065598E-07,-2.764963E-06,1.361146E-06,3.088755E-06
15245,2.070213E-07,-2.764419E-06,1.362835E-06,3.089044E-06
15246,-6.793605E-07,-1.992084E-06,7.319436E-07,2.228379E-06
15247,-6.764611E-07,-1.992279E-06,7.310617E-07,2.227381E-06
15248,0.002857055,-0.001871283,0.001391201,0.003687805
15249,0.0002897145,-8.74294E-06,5.493259E-05,0.0002950059
15250,3.360488E-05,-8.495461E-06,-2.553484E-06,3.475603E-05
15251,-5.881866E-06,-4.903658E-06,-1.421089E-06,7.788563E-06
15252,-7.089216E-06,-5.683251E-06,-8.584059E-06,1.24997E-05
15253,-5.436134E-06,6.14827E-06,3.868902E-06,9.073102E-06
15254,-5.43614E-06,6.148277E-06,3.869093E-06,9.073192E-06
15255,9.488329E-06,-1.738961E-05,-1.340781E-05,2.392062E-05
15256,-1.276022E-05,9.21681E-06,-5.913108E-06,1.68148E-05
15257,-1.02471E-05,-8.197223E-06,-1.699336E-05,2.147026E-05
15258,-7.091731E-06,-5.68517E-06,-8.593774E-06,1.250867E-05
15259,4.566639E-05,3.949432E-05,-1.873521E-05,6.321573E-05
15260,1.459962E-05,-5.418702E-06,-4.671771E-06,1.625844E-05
15261,0.0005166998,-0.002518413,0.001026058,0.002768064
15262,-0.0007854781,0.002243571,-0.0006886295,0.002474833
15263,-1.934878E-05,1.405683E-05,7.872537E-06,2.51783E-05
15264,2.550281E-06,9.207194E-06,4.421572E-05,4.523612E-05
15265,3.295777E-05,-1.189347E-05,4.233532E-05,5.495406E-05
15266,-1.934892E-05,1.405765E-05,7.87374E-06,2.517924E-05
15267,-3.199728E-05,-6.46554E-07,1.965158E-06,3.206408E-05
15268,-3.199511E-05,-6.593164E-07,1.959407E-06,3.206183E-05
15269,2.548135E-06,9.225172E-06,4.423862E-05,4.526204E-05
15270,-3.907455E-05,1.054163E-05,-3.269158E-05,5.202582E-05
15271,8.768001E-08,1.591441E-06,-1.145031E-06,1.962516E-06
15272,-1.457246E-06,-1.63095E-06,2.956167E-06,3.677294E-06
15273,8.668012E-08,1.583348E-06,-1.144094E-06,1.955365E-06
15274,6.059297E-06,8.412246E-08,2.053655E-06,6.39841E-06
15275,4.304926E-07,-7.309457E-07,5.8723E-07,1.031719E-06
15276,-2.55203E-06,-6.331006E-07,3.745016E-06,4.575896E-06
15277,-1.611165E-06,-5.824753E-07,2.162191E-06,2.758659E-06
15278,9.220943E-07,2.353493E-07,-7.163848E-06,7.226781E-06
15279,-8.440114E-07,-2.915571E-06,1.132322E-06,3.239609E-06
15280,1.640066E-06,-2.68644E-06,-8.863438E-07,3.269921E-06
15281,8.148572E-07,-3.059393E-06,1.690144E-07,3.170559E-06
15282,8.211563E-07,-3.057421E-06,1.648382E-07,3.170062E-06
15283,5.283574E-07,-3.729735E-06,2.679411E-07,3.77649E-06
15284,3.725535E-07,-3.116702E-06,2.362065E-06,3.928355E-06
15285,5.310722E-07,-3.729682E-06,2.701793E-07,3.776978E-06
15286,-0.0002222589,-9.807527E-05,-3.014784E-05,0.0002447992
15287,0.0001159858,-6.554013E-05,1.735013E-06,0.0001332337
15288,2.999219E-05,6.919224E-07,4.353793E-05,5.287307E-05
15289,-3.474314E-06,1.436372E-05,5.890827E-06,1.590877E-05
15290,1.324842E-05,-1.521985E-05,-2.579902E-05,3.275292E-05
15291,-4.50008E-06,-1.43769E-05,3.421751E-06,1.544844E-05
15292,-4.231129E-06,-1.509096E-05,4.517066E-06,1.631084E-05
15293,-1.614626E-06,1.682458E-05,2.472975E-06,1.708184E-05
15294,-8.96146E-06,-2.427323E-05,1.021999E-05,2.781988E-05
15295,-2.432987E-06,4.178331E-06,5.427886E-06,7.2691E-06
15296,-8.980202E-06,-2.427944E-05,1.023285E-05,2.783607E-05
15297,-4.26821E-06,2.721573E-05,-1.452708E-05,3.114402E-05
15298,-4.26977E-06,2.723426E-05,-1.454187E-05,3.116732E-05
15299,9.079175,7.578566,7.793665,14.16359
15300,0.1580479,-0.04269741,-0.08766865,0.1857094
15301,-0.01597422,-0.0004187671,0.008082636,0.01790754
15302,2.964826E-05,1.711913E-05,-1.960633E-05,3.94524E-05
15303,-3.092287E-05,8.880069E-06,-9.040868E-07,3.218535E-05
15304,-4.721182E-05,3.592959E-06,2.208113E-05,5.224406E-05
15305,2.206271E-05,1.35827E-05,1.636188E-05,3.064251E-05
15306,2.21901E-05,1.355516E-05,1.647975E-05,3.078515E-05
15307,-3.575386E-05,-8.440702E-06,1.898697E-05,4.135323E-05
15308,-9.462745E-06,3.068343E-05,1.779249E-05,3.670952E-05
15309,-3.308342E-06,4.231157E-06,-1.059167E-06,5.474455E-06
15310,1.271082E-07,5.29698E-06,6.357968E-07,5.336515E-06
15311,2.251209E-06,2.846483E-06,1.530725E-06,3.938721E-06
15312,-1.617592E-06,-2.457178E-06,-3.991545E-06,4.958504E-06
15313,-4.790423E-06,2.527008E-06,2.055265E-06,5.79293E-06
15314,-7.732214E-07,1.266143E-06,5.564842E-07,1.584507E-06
15315,1.728852E-06,-1.272115E-07,3.895459E-07,1.776755E-06
15316,-4.791541E-06,2.524891E-06,2.056227E-06,5.793273E-06
15317,1.048759E-06,-3.916639E-06,1.225377E-06,4.235741E-06
15318,-0.1656725,-0.2218115,0.2247258,0.3565801
15319,3.009336E-07,-3.739232E-06,-1.127475E-07,3.753016E-06
15320,3.044563E-07,-3.737764E-06,-1.069041E-07,3.751667E-06
15321,2.127009E-07,-3.084151E-06,-8.697771E-07,3.211502E-06
15322,2.600017E-06,-6.054298E-06,8.942669E-07,6.649385E-06
15323,2.189249E-07,-3.087019E-06,-8.77385E-07,3.21674E-06
15324,6.576878E-07,-1.678285E-06,4.901618E-07,1.868008E-06
15325,6.574087E-07,-1.677261E-06,4.931837E-07,1.867785E-06
15326,2.603317E-06,-6.054814E-06,8.874777E-07,6.650237E-06
15327,0.0001018349,9.603237E-05,-1.271771E-05,0.00014055
15328,2.98382E-05,-0.0001367112,0.0001226626,0.0001860817
15329,8.957271E-06,-2.288301E-05,1.205608E-06,2.460322E-05
15330,0.0001104663,-6.817294E-05,5.413179E-05,0.0001406435
15331,3.35728E-06,5.388571E-05,1.515539E-05,5.607697E-05
15332,1.300596E-06,-4.794277E-05,1.33778E-05,4.979122E-05
15333,-2.192819E-05,1.512757E-05,-1.624373E-05,3.120173E-05
15334,3.584536E-05,-1.041927E-05,-5.11191E-06,3.767735E-05
15335,-1.355434E-05,-5.096548E-06,-8.546996E-06,1.681506E-05
15336,2.248477E-05,-4.567865E-06,-7.446823E-06,2.41223E-05
15337,-6.951127E-06,-1.042012E-05,-4.94527E-06,1.346673E-05
15338,-6.952482E-06,-1.041876E-05,-4.949597E-06,1.346796E-05
15339,-1.356135E-05,-5.095636E-06,-8.558035E-06,1.682604E-05
15340,-2.153526E-05,9.306457E-05,3.418741E-05,0.0001014572
15341,-0.03820421,0.06819545,0.07135431,0.1058377
15342,-1.988383E-05,-5.050184E-06,-7.638321E-06,2.189098E-05
15343,2.248759E-05,1.784028E-05,-2.581987E-05,3.860872E-05
15344,2.16772E-05,-4.839071E-06,4.762869E-06,2.271569E-05
15345,-1.473354E-05,3.05853E-05,-4.138664E-07,3.395156E-05
15346,-2.368256E-05,1.839803E-06,-8.401092E-06,2.519577E-05
15347,-2.046296E-05,-1.66668E-06,-1.100843E-05,2.329584E-05
15348,1.694845E-05,3.914221E-06,-9.644772E-06,1.988952E-05
15349,-3.435931E-06,3.162698E-06,2.476454E-07,4.676496E-06
15350,2.097778E-06,-5.84375E-07,-1.30609E-06,2.539299E-06
15351,2.483392E-07,-3.968047E-06,-4.631725E-06,6.104092E-06
15352,-8.211093E-07,3.257601E-06,-3.143292E-06,4.600704E-06
15353,-3.439022E-06,3.157915E-06,2.463761E-07,4.675468E-06
15354,1.27064E-06,2.037417E-06,-6.120376E-06,6.574542E-06
15355,-1.949826E-06,4.27634E-08,-8.323942E-06,8.549366E-06
15356,1.777174E-06,8.751947E-07,-2.905178E-06,3.516301E-06
15357,1.273704E-06,2.041546E-06,-6.115782E-06,6.57214E-06
15358,0.1138522,-0.06081336,-0.1425902,0.1923345
15359,0.2919081,-0.06205142,0.5913557,0.6623914
15360,6.178048E-06,-2.933023E-06,-2.095016E-06,7.152621E-06
15361,-6.939279E-08,-4.313642E-06,3.473229E-07,4.328158E-06
15362,3.87902E-06,-5.133392E-06,-1.156342E-06,6.53725E-06
15363,3.879203E-06,-5.133439E-06,-1.155791E-06,6.537298E-06
15364,6.178937E-06,-2.932958E-06,-2.0953E-06,7.153446E-06
15365,-1.386289E-06,-4.316272E-06,2.932686E-07,4.542907E-06
15366,-1.392617E-06,-4.314054E-06,2.673537E-07,4.541136E-06
15367,-7.179359E-08,-4.313635E-06,3.586987E-07,4.329118E-06
15368,6.846124E-05,-5.445984E-05,3.472845E-05,9.412163E-05
15369,7.687852E-06,1.466441E-05,-3.28188E-06,1.687954E-05
15370,1.086497E-05,-1.326673E-05,-1.003177E-05,1.986681E-05
15371,1.39612E-05,-1.646024E-05,-5.695848E-06,2.232257E-05
15372,1.456689E-05,3.054909E-05,-1.936165E-05,3.899122E-05
15373,8.457475E-05,3.724028E-05,8.833715E-05,0.0001278404
15374,1.947699E-05,-5.703494E-06,-4.787687E-06,2.085198E-05
15375,-5.71157E-06,-1.970082E-05,2.963895E-06,2.072509E-05
15376,-4.268562E-06,-2.050387E-05,-1.557858E-06,2.100134E-05
15377,-1.992036E-05,-6.185956E-06,5.315103E-07,2.08655E-05
15378,-1.990761E-05,-6.193544E-06,5.072031E-07,2.085498E-05
15379,8.883726E-07,-1.164568E-05,-2.078168E-06,1.186296E-05
15380,-5.3038E-06,2.90652E-05,1.864252E-05,3.493508E-05
15381,-5.315723E-06,2.913255E-05,1.867835E-05,3.501205E-05
15382,-1.085367E-05,2.187187E-05,-1.300322E-05,2.766342E-05
15383,-2.738273E-06,-5.54254E-06,-4.194839E-06,7.470915E-06
15384,-0.004060681,0.00580377,0.005922486,0.009233023
15385,-3.103738E-05,-5.478816E-06,1.164579E-05,3.360002E-05
15386,-3.616768E-05,5.64685E-06,-1.729227E-06,3.664667E-05
15387,7.913936E-05,8.660178E-07,1.129348E-05,7.99458E-05
15388,-2.78377E-05,-1.023962E-06,5.191207E-06,2.83361E-05
15389,-2.673419E-05,5.384103E-06,9.860524E-06,2.899889E-05
15390,-2.435976E-05,9.05669E-07,4.101079E-06,2.471917E-05
15391,-1.657136E-05,-4.939876E-06,-1.097885E-05,2.048286E-05
15392,3.055239E-05,1.256428E-05,1.63528E-05,3.686087E-05
15393,-1.509036E-06,-1.014785E-07,-1.171324E-05,1.181048E-05
15394,-7.346609E-07,1.205967E-06,-1.004467E-05,1.014344E-05
15395,1.447891E-06,3.13667E-07,-1.141695E-05,1.151267E-05
15396,-6.269756E-07,1.076171E-06,-1.050112E-05,1.057472E-05
15397,-4.891933E-06,1.004688E-05,-1.622812E-06,1.129178E-05
15398,-4.417896E-06,1.101919E-05,-1.384539E-06,1.195229E-05
15399,-3.015074E-05,3.97596E-05,-8.403248E-06,5.060145E-05
15400,0.0003913065,0.01343903,-0.001380594,0.01351542
15401,1.675257E-06,-4.445193E-06,1.219997E-06,4.904551E-06
15402,3.420839E-06,-4.433733E-06,1.402847E-06,5.77305E-06
15403,-7.899289E-07,-3.855658E-06,7.114451E-07,3.99953E-06
15404,2.895514E-06,-4.512961E-06,1.751226E-06,5.64071E-06
15405,1.689112E-06,-4.441698E-06,1.186772E-06,4.89798E-06
15406,-6.986174E-05,-0.0001022177,-9.734779E-05,0.0001574983
15407,-3.459408E-05,0.0001663441,-0.0004868559,0.0005156508
15408,0.0001310384,-5.678834E-05,-8.316078E-05,0.0001652625
15409,-1.378524E-05,-4.451323E-05,-0.0001070307,0.0001167349
15410,-7.629738E-06,5.717037E-05,-3.574774E-05,6.785695E-05
15411,8.961836E-06,-5.805638E-06,-8.143136E-06,1.342872E-05
15412,-5.019393E-06,-6.063432E-06,8.352455E-07,7.915627E-06
15413,-3.506102E-06,-3.568201E-06,-2.981175E-06,5.823419E-06
15414,-1.129238E-05,3.525137E-05,-6.973401E-06,3.766704E-05
15415,-3.404156E-05,5.340337E-05,1.124523E-05,6.43211E-05
15416,-7.182829E-06,2.030458E-05,2.599667E-05,3.375938E-05
15417,-5.018976E-06,-6.059131E-06,8.313021E-07,7.911653E-06
15418,-3.50405E-06,-3.565476E-06,-2.981701E-06,5.820784E-06
15419,-1.130852E-05,3.524141E-05,-6.967503E-06,3.766146E-05
15420,-1.454041E-05,-2.319887E-06,2.409245E-06,1.492012E-05
15421,-7.197816E-06,2.03099E-05,2.599717E-05,3.376616E-05
15422,-0.2234223,3.15202,-1.383654,3.449586
15423,-2.055169E-05,1.284427E-05,5.736499E-06,2.490491E-05
15424,2.409446E-06,2.869435E-05,1.14318E-05,3.098156E-05
15425,2.258325E-06,-1.325746E-05,-6.926692E-06,1.512744E-05
15426,-1.219653E-05,2.325111E-05,1.29537E-05,2.927743E-05
15427,2.405739E-06,2.869032E-05,1.144606E-05,3.098281E-05
15428,-6.93063E-06,3.487422E-05,1.022528E-05,3.699731E-05
15429,-3.899851E-06,2.780756E-05,6.95979E-06,2.892936E-05
15430,-0.005325959,0.003892903,0.009642641,0.01168337
15431,-0.006749769,0.002802012,-0.02192387,0.02310989
15432,-2.453159E-05,9.410077E-07,4.548463E-06,2.496744E-05
15433,-1.969781E-05,-7.871219E-06,-6.479218E-06,2.217972E-05
15434,-1.91552E-05,-1.16438E-05,-1.082185E-05,2.489201E-05
15435,7.392615E-05,-3.016502E-05,-1.77335E-05,8.178925E-05
15436,3.101059E-05,2.270519E-06,3.302934E-05,4.536242E-05
15437,-8.220974E-06,9.2641E-06,5.18541E-05,5.331281E-05
15438,-2.364967E-05,1.67707E-05,2.913012E-05,4.109899E-05
15439,-9.269174E-07,-4.53401E-06,-2.3368E-06,5.184309E-06
15440,6.305271E-07,-3.520245E-06,1.288907E-06,3.801443E-06
15441,-1.008814E-06,-3.257999E-06,1.230038E-06,3.625639E-06
15442,1.907223E-06,-4.910284E-06,1.68481E-07,5.270368E-06
15443,-9.192822E-07,-4.53431E-06,-2.335525E-06,5.182637E-06
15444,6.306888E-07,-3.520832E-06,1.285015E-06,3.800696E-06
15445,1.666024E-06,-4.86358E-06,-1.408502E-06,5.330471E-06
15446,-1.007835E-06,-3.257998E-06,1.234924E-06,3.627027E-06
15447,0.001773499,-0.002685007,-0.002097706,0.003841215
15448,0.0008383976,0.000774422,0.0001810462,0.001155603
15449,-1.816441E-05,-2.076994E-05,1.475665E-05,3.12905E-05
15450,-1.584533E-05,-5.651674E-05,-1.741101E-05,6.122385E-05
15451,-3.321345E-05,-1.951383E-05,0.0001098868,0.0001164433
15452,-2.27389E-05,5.209521E-05,-1.185256E-05,5.80642E-05
15453,3.977468E-06,1.897712E-06,4.841752E-06,6.547069E-06
15454,-2.929534E-06,1.654736E-05,7.745392E-06,1.850374E-05
15455,-5.313626E-06,6.882634E-07,1.453717E-06,5.551723E-06
15456,-5.305183E-06,6.871715E-07,1.458788E-06,5.544838E-06
15457,-2.931852E-06,1.654296E-05,7.751358E-06,1.850267E-05
15458,-9.536508E-07,-1.568278E-07,-5.039906E-06,5.131735E-06
15459,-9.513333E-07,-1.546195E-07,-5.034593E-06,5.126019E-06
15460,-2.641142E-06,-5.420339E-06,-1.633744E-06,6.246986E-06
15461,-2.629665E-06,-5.426004E-06,-1.637004E-06,6.247915E-06
15462,-2.298244E-06,-3.810673E-06,2.584286E-06,5.146036E-06
15463,-8.195445E-07,-4.420971E-06,-2.667576E-06,5.228059E-06
15464,-2.228453E-06,-5.020932E-06,5.001064E-06,7.428755E-06
15465,1.736742E-06,9.261691E-06,-2.122904E-06,9.659292E-06
15466,-1.062578E-06,8.149114E-07,2.779815E-06,3.085535E-06
15467,1.958978E-06,-1.217405E-05,-2.302649E-06,1.254381E-05
15468,-2.249156E-06,7.433413E-06,3.025832E-06,8.334866E-06
15469,3.660764E-06,2.318962E-05,1.005043E-05,2.553764E-05
15470,3.66111E-06,2.320339E-05,1.005532E-05,2.555212E-05
15471,0.01649458,0.002024789,-0.0002182478,0.01661982
15472,-1.857245E-05,-3.696284E-06,-1.684808E-05,2.534672E-05
15473,-3.134795E-05,-2.861687E-05,2.709265E-06,4.253186E-05
15474,-1.916106E-05,1.302629E-05,3.205502E-06,2.339029E-05
15475,8.382489E-05,-1.325006E-05,3.72208E-06,8.494722E-05
15476,-3.798438E-05,-1.755132E-05,-4.337855E-05,6.027073E-05
15477,2.822253E-05,-1.609168E-05,-2.207494E-05,3.927794E-05
15478,-3.477091E-05,2.492711E-05,-2.97677E-05,5.211999E-05
15479,-7.892768E-06,-1.845938E-05,-5.27514E-05,5.644249E-05
15480,-6.393404E-06,-8.771865E-06,-2.410453E-05,2.643577E-05
15481,-1.287302E-05,1.665511E-05,-2.992076E-05,3.658359E-05
15482,-7.808448E-07,-3.530856E-06,-2.584293E-07,3.62539E-06
15483,-7.284185E-08,-4.708618E-06,-3.948589E-07,4.725707E-06
15484,-5.943653E-07,-3.955406E-06,9.627415E-07,4.114047E-06
15485,1.086662E-07,-4.189988E-06,4.088996E-07,4.211295E-06
15486,2.600509E-07,-4.052063E-06,-5.514455E-07,4.097674E-06
15487,-7.309744E-07,-5.197946E-06,1.523485E-06,5.465709E-06
15488,-4.182151E-07,-3.931088E-06,-1.082063E-06,4.098685E-06
15489,0.0336113,-0.02579688,-0.01163761,0.04393896
15490,0.004073182,-2.240354E-05,-0.002284656,0.004670221
15491,0.00020861,-7.75308E-05,2.479974E-05,0.0002239289
15492,-8.830641E-05,-5.703461E-05,2.12104E-05,0.000107242
15493,-2.622052E-05,-1.687367E-05,3.66292E-05,4.810337E-05
15494,-2.057026E-06,5.531492E-06,5.122545E-07,5.92378E-06
15495,-1.102467E-05,-5.519831E-06,1.300233E-05,1.791849E-05
15496,-3.396512E-06,-2.193927E-06,2.581744E-06,4.797396E-06
15497,1.05781E-06,1.253131E-06,-7.680294E-07,1.810848E-06
15498,-3.388798E-06,-2.196309E-06,2.592254E-06,4.798698E-06
15499,9.179351E-06,-3.597153E-06,8.614514E-06,1.309236E-05
15500,-7.808347E-07,2.555736E-07,5.510332E-06,5.571246E-06
15501,-7.867318E-07,2.390706E-07,5.498502E-06,5.559643E-06
15502,-2.053314E-06,5.529429E-06,5.168881E-07,5.920967E-06
15503,1.043553E-06,1.246153E-06,-7.766423E-07,1.801409E-06
15504,-7.839089E-06,1.20947E-06,-2.208646E-07,7.934917E-06
15505,0,0,0,0
15506,1.705802E-06,9.397055E-06,3.437954E-06,1.015056E-05
15507,1.705894E-06,9.411776E-06,3.43944E-06,1.016471E-05
15508,3.755344E-06,-8.797025E-06,2.419475E-06,9.866312E-06
15509,1.771987E-06,4.809169E-06,7.738395E-06,9.281745E-06
15510,3.097331E-07,-1.759865E-06,3.424832E-06,3.862969E-06
15511,-4.055864E-06,1.143848E-05,3.731695E-06,1.269703E-05
15512,2.860317E-06,-7.156845E-06,-2.518483E-06,8.108304E-06
15513,-5.522359E-05,0.0009119569,0.0002240929,0.0009407086
15514,0.01909375,-0.003978554,0.004422296,0.01999892
15515,0.0001139084,2.422403E-05,4.48932E-06,0.0001165422
15516,-4.994004E-05,-1.960995E-05,-2.964479E-05,6.12974E-05
15517,-6.940639E-05,-1.59783E-05,9.670769E-06,7.187542E-05
15518,2.798893E-05,-2.377198E-05,-1.482919E-05,3.960293E-05
15519,0.0001551579,0.0001040761,-7.787767E-05,0.0002024123
15520,0.0008300196,0.0004169834,0.001230711,0.001541901
15521,-4.126024E-05,-0.0001004337,3.853121E-05,0.0001152128
15522,0.0007723669,-0.0006800386,-0.0001784172,0.001044431
15523,9.161813E-08,-8.474422E-06,-7.546498E-07,8.50845E-06
15524,-4.265489E-07,-5.553853E-06,5.889768E-07,5.601261E-06
15525,-3.756691E-07,-6.871202E-06,-2.555874E-06,7.34078E-06
15526,1.129507E-06,-5.245714E-06,1.750077E-06,5.644118E-06
15527,-1.55408E-06,-8.38482E-06,-7.676051E-07,8.562102E-06
15528,-0.001451513,-0.0001079425,0.002366723,0.002778475
15529,0.001918886,-0.005286409,-0.001431236,0.005803161
15530,-3.677877E-05,-5.414909E-05,1.224316E-05,6.659352E-05
15531,-1.025983E-05,-3.757816E-05,-2.083031E-05,4.417334E-05
15532,-1.010476E-05,-2.130996E-05,8.390832E-06,2.503251E-05
15533,-2.729917E-05,0.0001236169,-1.62511E-05,0.0001276342
15534,-1.060256E-06,5.352555E-06,-7.035802E-06,8.903735E-06
15535,-5.07907E-06,2.629027E-06,-2.483496E-06,6.235101E-06
15536,-5.075105E-06,2.625852E-06,-2.481476E-06,6.229728E-06
15537,2.082442E-07,1.155235E-06,-1.236551E-05,1.24211E-05
15538,-2.721517E-06,3.295663E-06,-9.067009E-06,1.002391E-05
15539,2.047042E-07,1.149784E-06,-1.236639E-05,1.242141E-05
15540,5.94883E-06,5.654904E-06,-9.237057E-06,1.235677E-05
15541,4.718264E-06,2.149917E-06,-2.821715E-06,5.90307E-06
15542,-4.618645E-06,-4.402692E-06,-1.72607E-06,6.610212E-06
15543,-2.695882E-06,3.279802E-06,-9.086099E-06,1.002906E-05
15544,18.50091,9.624281,2.0538,20.9554
15545,-1.097746E-06,-2.063008E-06,-4.600165E-06,5.159706E-06
15546,3.456697E-06,-1.148255E-05,-7.802663E-06,1.430662E-05
15547,-2.100231E-06,6.405065E-06,5.249029E-07,6.761017E-06
15548,-2.103415E-06,6.398728E-06,5.141472E-07,6.755177E-06
15549,-2.861936E-07,-7.117075E-06,-2.164355E-06,7.4444E-06
15550,-4.441735E-06,-1.033901E-05,2.953118E-06,1.163379E-05
15551,2.949527E-06,-2.244465E-06,-3.753523E-06,5.275061E-06
15552,-2.159666E-06,1.035718E-05,1.820568E-06,1.073545E-05
15553,-0.003328417,-0.003247669,0.002807685,0.005432201
15554,-0.01435284,-0.006429621,-0.003159077,0.01604132
15555,-0.0001632379,0.0001164818,-0.0001838618,0.0002720658
15556,-6.566463E-05,-1.608578E-05,-0.0001558667,0.0001698971
15557,6.443841E-05,-0.0009932418,-0.0005052348,0.001116219
15558,0.0008857403,-0.01901026,-0.003416369,0.0193351
15559,-0.001862081,0.01551802,0.002839292,0.01588514
15560,0.0001392219,4.798047E-05,1.065842E-05,0.000147643
15561,9.524636E-06,-8.477959E-06,-8.19654E-06,1.515842E-05
15562,-3.180723E-05,1.086582E-05,1.183609E-05,3.563508E-05
15563,9.50673E-06,-8.371228E-06,-8.255174E-06,1.511963E-05
15564,-2.64566E-05,-3.380668E-06,-9.400963E-07,2.668828E-05
15565,-2.263235E-05,-3.263724E-07,1.99391E-05,3.016451E-05
15566,-8.5174E-07,-6.240628E-06,-2.943744E-06,6.952448E-06
15567,-9.000443E-07,-5.784207E-06,-1.169118E-06,5.969419E-06
15568,-3.821449E-07,-5.732996E-06,-6.114107E-07,5.778157E-06
15569,-2.254209E-08,-6.608158E-06,-4.029969E-06,7.740085E-06
15570,1.833194E-06,-9.4379E-06,-5.471774E-06,1.106232E-05
15571,-1.034751E-07,-4.480155E-06,-7.006605E-07,4.535793E-06
15572,4.056747E-07,-5.600624E-06,3.959507E-06,6.8709E-06
15573,2.229939E-07,-7.894652E-06,-6.074818E-06,9.963868E-06
15574,-9.015693E-07,-5.782688E-06,-1.175904E-06,5.969511E-06
15575,0.0003143376,-0.0009008885,0.0009544052,0.001349555
15576,7.607999E-05,0.0001944107,0.0002033618,0.0002914442
15577,1.736779E-05,-7.209018E-06,5.358358E-05,5.678742E-05
15578,4.483223E-05,0.0002266868,1.969076E-06,0.000231086
15579,3.324225E-06,-1.81652E-06,7.305411E-06,8.229171E-06
15580,1.040799E-06,-1.778601E-06,7.816907E-06,8.083979E-06
15581,2.142446E-06,-1.802598E-06,7.614065E-06,8.112547E-06
15582,-4.011262E-05,-2.943032E-05,1.40715E-05,5.170274E-05
15583,-5.482604E-05,-1.444437E-05,4.331191E-05,7.134743E-05
15584,-5.830884E-06,5.675846E-05,4.77033E-05,7.437154E-05
15585,-4.531213E-06,-3.241606E-06,-7.035895E-06,8.974615E-06
15586,1.292042E-06,-8.779814E-07,-4.748011E-06,4.998383E-06
15587,2.251836E-06,-2.498616E-07,-7.31591E-06,7.658704E-06
15588,2.664277E-07,-1.977467E-06,-7.536131E-06,7.795808E-06
15589,-4.533793E-06,-3.238523E-06,-7.035413E-06,8.974427E-06
15590,-6.328711E-07,4.95751E-07,-5.554109E-06,5.611989E-06
15591,-6.259855E-07,4.92454E-07,-5.554135E-06,5.610952E-06
15592,-1.519484,-0.9369963,0.002023664,1.78516
15593,1.020304E-06,-4.310559E-06,-1.72458E-07,4.433022E-06
15594,2.641694E-06,2.732659E-06,1.049881E-06,3.943123E-06
15595,-1.564139E-06,2.777434E-06,1.537951E-06,3.539204E-06
15596,-5.14939E-06,-3.027143E-06,4.040553E-06,7.21151E-06
15597,1.733681E-07,-8.505772E-06,3.803168E-07,8.516035E-06
15598,-2.011262E-06,-2.337012E-06,-2.415271E-07,3.092756E-06
15599,1.18366E-06,-8.063521E-06,-5.086221E-06,9.606824E-06
15600,1.109384E-06,-3.780478E-06,4.293794E-06,5.82747E-06
15601,2.511784E-06,1.742983E-06,2.801426E-06,4.146689E-06
15602,0.0005605528,0.0001209409,0.001281293,0.001403765
15603,-0.002709717,0.05238701,0.0218504,0.05682589
15604,-0.001275154,-0.0006655331,0.0006423538,0.0015753
15605,-0.007567658,-0.01429332,-0.001212098,0.01621843
15606,1.598014E-05,9.306473E-06,-3.578386E-06,1.883561E-05
15607,2.084925E-05,8.666989E-06,9.285033E-07,2.259801E-05
15608,-0.0002034813,4.925823E-05,5.263463E-05,0.0002158736
15609,-2.723068E-05,-1.633312E-05,8.325111E-06,3.282664E-05
15610,9.581156E-05,-4.704545E-05,2.755968E-05,0.0001102391
15611,-5.201798E-05,-2.041731E-05,3.387688E-06,5.598404E-05
15612,-2.108848E-05,1.285218E-05,-5.591466E-06,2.532128E-05
15613,5.101643E-07,-3.179677E-06,-9.694617E-06,1.021549E-05
15614,8.550481E-07,-2.577063E-06,-8.69808E-06,9.112023E-06
15615,8.594987E-07,-2.577594E-06,-8.697378E-06,9.111921E-06
15616,4.934263E-07,-3.182268E-06,-9.694649E-06,1.02155E-05
15617,4.389158E-06,1.173524E-05,-1.532561E-05,1.979532E-05
15618,-1.019716E-05,-1.328518E-05,1.970694E-05,2.586197E-05
15619,1.265654E-05,-1.46901E-05,-1.92143E-05,2.729792E-05
15620,1.265178E-05,-1.46886E-05,-1.921528E-05,2.729559E-05
15621,-9.010619E-06,3.974133E-06,-1.678437E-05,1.946022E-05
15622,-6.495836E-06,-1.885006E-05,-2.580681E-05,3.261153E-05
15623,9.879049E-06,-8.078875E-06,1.501828E-05,1.970818E-05
15624,3.41604E-06,-9.640206E-06,2.021676E-05,2.265658E-05
