# IntermediateAccelerations Buffer Dump - 15625 elements
# Index,X,Y,Z,Magnitude
0,3.378665,-9.8,-3.685732,11.00182
1,3.378665,-9.8,-3.685732,11.00182
2,3.378665,-9.8,-3.685732,11.00182
3,3.378665,-9.8,-3.685732,11.00182
4,3.378665,-9.8,-3.685732,11.00182
5,3.378665,-9.8,-3.685732,11.00182
6,3.378665,-9.8,-3.685732,11.00182
7,3.378665,-9.8,-3.685732,11.00182
8,3.378665,-9.8,-3.685732,11.00182
9,3.378665,-9.8,-3.685732,11.00182
10,3.378665,-9.8,-3.685732,11.00182
11,3.378665,-9.8,-3.685732,11.00182
12,3.378665,-9.8,-3.685732,11.00182
13,3.378665,-9.8,-3.685732,11.00182
14,3.378665,-9.8,-3.685732,11.00182
15,3.378665,-9.8,-3.685732,11.00182
16,3.378665,-9.8,-3.685732,11.00182
17,3.378665,-9.8,-3.685732,11.00182
18,3.378665,-9.8,-3.685732,11.00182
19,3.378665,-9.8,-3.685732,11.00182
20,3.378665,-9.8,-3.685732,11.00182
21,3.378665,-9.8,-3.685732,11.00182
22,3.378665,-9.8,-3.685732,11.00182
23,3.378665,-9.8,-3.685732,11.00182
24,3.378665,-9.8,-3.685732,11.00182
25,3.378665,-9.8,-3.685732,11.00182
26,3.378665,-9.8,-3.685732,11.00182
27,3.378665,-9.8,-3.685732,11.00182
28,3.378665,-9.8,-3.685732,11.00182
29,3.378665,-9.8,-3.685732,11.00182
30,3.378665,-9.8,-3.685732,11.00182
31,3.378665,-9.8,-3.685732,11.00182
32,3.378665,-9.8,-3.685732,11.00182
33,3.378665,-9.8,-3.685732,11.00182
34,3.378665,-9.8,-3.685732,11.00182
35,3.378665,-9.8,-3.685732,11.00182
36,3.378665,-9.8,-3.685732,11.00182
37,3.378665,-9.8,-3.685732,11.00182
38,3.378665,-9.8,-3.685732,11.00182
39,3.378665,-9.8,-3.685732,11.00182
40,3.378665,-9.8,-3.685732,11.00182
41,3.378665,-9.8,-3.685732,11.00182
42,3.378665,-9.8,-3.685732,11.00182
43,3.378665,-9.8,-3.685732,11.00182
44,3.378665,-9.8,-3.685732,11.00182
45,3.378665,-9.8,-3.685732,11.00182
46,3.378665,-9.8,-3.685732,11.00182
47,3.378665,-9.8,-3.685732,11.00182
48,3.378665,-9.8,-3.685732,11.00182
49,3.378665,-9.8,-3.685732,11.00182
50,3.378665,-9.8,-3.685732,11.00182
51,3.378665,-9.8,-3.685732,11.00182
52,3.378665,-9.8,-3.685732,11.00182
53,3.378665,-9.8,-3.685732,11.00182
54,3.378665,-9.8,-3.685732,11.00182
55,3.378665,-9.8,-3.685732,11.00182
56,3.378665,-9.8,-3.685732,11.00182
57,3.378665,-9.8,-3.685732,11.00182
58,3.378665,-9.8,-3.685732,11.00182
59,3.378665,-9.8,-3.685732,11.00182
60,3.378665,-9.8,-3.685732,11.00182
61,3.378665,-9.8,-3.685732,11.00182
62,3.378665,-9.8,-3.685732,11.00182
63,3.378665,-9.8,-3.685732,11.00182
64,3.378665,-9.8,-3.685732,11.00182
65,3.378665,-9.8,-3.685732,11.00182
66,3.378665,-9.8,-3.685732,11.00182
67,3.378665,-9.8,-3.685732,11.00182
68,3.378665,-9.8,-3.685732,11.00182
69,3.378665,-9.8,-3.685732,11.00182
70,3.378665,-9.8,-3.685732,11.00182
71,3.378665,-9.8,-3.685732,11.00182
72,3.378665,-9.8,-3.685732,11.00182
73,3.378665,-9.8,-3.685732,11.00182
74,3.378665,-9.8,-3.685732,11.00182
75,3.378665,-9.8,-3.685732,11.00182
76,3.378665,-9.8,-3.685732,11.00182
77,3.378665,-9.8,-3.685732,11.00182
78,3.378665,-9.8,-3.685732,11.00182
79,3.378665,-9.8,-3.685732,11.00182
80,3.378665,-9.8,-3.685732,11.00182
81,3.378665,-9.8,-3.685732,11.00182
82,3.378665,-9.8,-3.685732,11.00182
83,3.378665,-9.8,-3.685732,11.00182
84,3.378665,-9.8,-3.685732,11.00182
85,3.378665,-9.8,-3.685732,11.00182
86,3.378665,-9.8,-3.685732,11.00182
87,3.378665,-9.8,-3.685732,11.00182
88,3.378665,-9.8,-3.685732,11.00182
89,3.378665,-9.8,-3.685732,11.00182
90,3.378665,-9.8,-3.685732,11.00182
91,3.378665,-9.8,-3.685732,11.00182
92,3.378665,-9.8,-3.685732,11.00182
93,3.378665,-9.8,-3.685732,11.00182
94,3.378665,-9.8,-3.685732,11.00182
95,3.378665,-9.8,-3.685732,11.00182
96,3.378665,-9.8,-3.685732,11.00182
97,3.378665,-9.8,-3.685732,11.00182
98,3.378665,-9.8,-3.685732,11.00182
99,3.378665,-9.8,-3.685732,11.00182
100,3.378665,-9.8,-3.685732,11.00182
101,3.378665,-9.8,-3.685732,11.00182
102,3.378665,-9.8,-3.685732,11.00182
103,3.378665,-9.8,-3.685732,11.00182
104,3.378665,-9.8,-3.685732,11.00182
105,3.378665,-9.8,-3.685732,11.00182
106,3.378665,-9.8,-3.685732,11.00182
107,3.378665,-9.8,-3.685732,11.00182
108,3.378665,-9.8,-3.685732,11.00182
109,3.378665,-9.8,-3.685732,11.00182
110,3.378665,-9.8,-3.685732,11.00182
111,3.378665,-9.8,-3.685732,11.00182
112,3.378665,-9.8,-3.685732,11.00182
113,3.378665,-9.8,-3.685732,11.00182
114,3.378665,-9.8,-3.685732,11.00182
115,3.378665,-9.8,-3.685732,11.00182
116,3.378665,-9.8,-3.685732,11.00182
117,3.378665,-9.8,-3.685732,11.00182
118,3.378665,-9.8,-3.685732,11.00182
119,3.378665,-9.8,-3.685732,11.00182
120,3.378665,-9.8,-3.685732,11.00182
121,3.378665,-9.8,-3.685732,11.00182
122,3.378665,-9.8,-3.685732,11.00182
123,3.378665,-9.8,-3.685732,11.00182
124,3.378665,-9.8,-3.685732,11.00182
125,3.378665,-9.8,-3.685732,11.00182
126,3.378665,-9.8,-3.685732,11.00182
127,3.378665,-9.8,-3.685732,11.00182
128,3.378665,-9.8,-3.685732,11.00182
129,3.378665,-9.8,-3.685732,11.00182
130,3.378665,-9.8,-3.685732,11.00182
131,3.378665,-9.8,-3.685732,11.00182
132,3.378665,-9.8,-3.685732,11.00182
133,3.378665,-9.8,-3.685732,11.00182
134,3.378665,-9.8,-3.685732,11.00182
135,3.378665,-9.8,-3.685732,11.00182
136,3.378665,-9.8,-3.685732,11.00182
137,3.378665,-9.8,-3.685732,11.00182
138,3.378665,-9.8,-3.685732,11.00182
139,3.378665,-9.8,-3.685732,11.00182
140,3.378665,-9.8,-3.685732,11.00182
141,3.378665,-9.8,-3.685732,11.00182
142,3.378665,-9.8,-3.685732,11.00182
143,3.378665,-9.8,-3.685732,11.00182
144,3.378665,-9.8,-3.685732,11.00182
145,3.378665,-9.8,-3.685732,11.00182
146,3.378665,-9.8,-3.685732,11.00182
147,3.378665,-9.8,-3.685732,11.00182
148,3.378665,-9.8,-3.685732,11.00182
149,3.378665,-9.8,-3.685732,11.00182
150,3.378665,-9.8,-3.685732,11.00182
151,3.378665,-9.8,-3.685732,11.00182
152,3.378665,-9.8,-3.685732,11.00182
153,3.378665,-9.8,-3.685732,11.00182
154,3.378665,-9.8,-3.685732,11.00182
155,3.378665,-9.8,-3.685732,11.00182
156,3.378665,-9.8,-3.685732,11.00182
157,3.378665,-9.8,-3.685732,11.00182
158,3.378665,-9.8,-3.685732,11.00182
159,3.378665,-9.8,-3.685732,11.00182
160,3.378665,-9.8,-3.685732,11.00182
161,3.378665,-9.8,-3.685732,11.00182
162,3.378665,-9.8,-3.685732,11.00182
163,3.378665,-9.8,-3.685732,11.00182
164,3.378665,-9.8,-3.685732,11.00182
165,3.378665,-9.8,-3.685732,11.00182
166,3.378665,-9.8,-3.685732,11.00182
167,3.378665,-9.8,-3.685732,11.00182
168,3.378665,-9.8,-3.685732,11.00182
169,3.378665,-9.8,-3.685732,11.00182
170,3.378665,-9.8,-3.685732,11.00182
171,3.378665,-9.8,-3.685732,11.00182
172,3.378665,-9.8,-3.685732,11.00182
173,3.378665,-9.8,-3.685732,11.00182
174,3.378665,-9.8,-3.685732,11.00182
175,3.378665,-9.8,-3.685732,11.00182
176,3.378665,-9.8,-3.685732,11.00182
177,3.378665,-9.8,-3.685732,11.00182
178,3.378665,-9.8,-3.685732,11.00182
179,3.378665,-9.8,-3.685732,11.00182
180,3.378665,-9.8,-3.685732,11.00182
181,3.378665,-9.8,-3.685732,11.00182
182,3.378665,-9.8,-3.685732,11.00182
183,3.378665,-9.8,-3.685732,11.00182
184,3.378665,-9.8,-3.685732,11.00182
185,3.378665,-9.8,-3.685732,11.00182
186,3.378665,-9.8,-3.685732,11.00182
187,3.378665,-9.8,-3.685732,11.00182
188,3.378665,-9.8,-3.685732,11.00182
189,3.378665,-9.8,-3.685732,11.00182
190,3.378665,-9.8,-3.685732,11.00182
191,3.378665,-9.8,-3.685732,11.00182
192,3.378665,-9.8,-3.685732,11.00182
193,3.378665,-9.8,-3.685732,11.00182
194,3.378665,-9.8,-3.685732,11.00182
195,3.378665,-9.8,-3.685732,11.00182
196,3.378665,-9.8,-3.685732,11.00182
197,3.378665,-9.8,-3.685732,11.00182
198,3.378665,-9.8,-3.685732,11.00182
199,3.378665,-9.8,-3.685732,11.00182
200,3.378665,-9.8,-3.685732,11.00182
201,3.378665,-9.8,-3.685732,11.00182
202,3.378665,-9.8,-3.685732,11.00182
203,3.378665,-9.8,-3.685732,11.00182
204,3.378665,-9.8,-3.685732,11.00182
205,3.378665,-9.8,-3.685732,11.00182
206,3.378665,-9.8,-3.685732,11.00182
207,3.378665,-9.8,-3.685732,11.00182
208,3.378665,-9.8,-3.685732,11.00182
209,3.378665,-9.8,-3.685732,11.00182
210,3.378665,-9.8,-3.685732,11.00182
211,3.378665,-9.8,-3.685732,11.00182
212,3.378665,-9.8,-3.685732,11.00182
213,3.378665,-9.8,-3.685732,11.00182
214,3.378665,-9.8,-3.685732,11.00182
215,3.378665,-9.8,-3.685732,11.00182
216,3.378665,-9.8,-3.685732,11.00182
217,3.378665,-9.8,-3.685732,11.00182
218,3.378665,-9.8,-3.685732,11.00182
219,3.378665,-9.8,-3.685732,11.00182
220,3.378665,-9.8,-3.685732,11.00182
221,3.378665,-9.8,-3.685732,11.00182
222,3.378665,-9.8,-3.685732,11.00182
223,3.378665,-9.8,-3.685732,11.00182
224,3.378665,-9.8,-3.685732,11.00182
225,3.378665,-9.8,-3.685732,11.00182
226,3.378665,-9.8,-3.685732,11.00182
227,3.378665,-9.8,-3.685732,11.00182
228,3.378665,-9.8,-3.685732,11.00182
229,3.378665,-9.8,-3.685732,11.00182
230,3.378665,-9.8,-3.685732,11.00182
231,3.378665,-9.8,-3.685732,11.00182
232,3.378665,-9.8,-3.685732,11.00182
233,3.378665,-9.8,-3.685732,11.00182
234,3.378665,-9.8,-3.685732,11.00182
235,3.378665,-9.8,-3.685732,11.00182
236,3.378665,-9.8,-3.685732,11.00182
237,3.378665,-9.8,-3.685732,11.00182
238,3.378665,-9.8,-3.685732,11.00182
239,3.378665,-9.8,-3.685732,11.00182
240,3.378665,-9.8,-3.685732,11.00182
241,3.378665,-9.8,-3.685732,11.00182
242,3.378665,-9.8,-3.685732,11.00182
243,3.378665,-9.8,-3.685732,11.00182
244,3.378665,-9.8,-3.685732,11.00182
245,3.378665,-9.8,-3.685732,11.00182
246,3.378665,-9.8,-3.685732,11.00182
247,3.378665,-9.8,-3.685732,11.00182
248,3.378665,-9.8,-3.685732,11.00182
249,3.378665,-9.8,-3.685732,11.00182
250,3.378665,-9.8,-3.685732,11.00182
251,3.378665,-9.8,-3.685732,11.00182
252,3.378665,-9.8,-3.685732,11.00182
253,3.378665,-9.8,-3.685732,11.00182
254,3.378665,-9.8,-3.685732,11.00182
255,3.378665,-9.8,-3.685732,11.00182
256,3.378665,-9.8,-3.685732,11.00182
257,3.378665,-9.8,-3.685732,11.00182
258,3.378665,-9.8,-3.685732,11.00182
259,3.378665,-9.8,-3.685732,11.00182
260,3.378665,-9.8,-3.685732,11.00182
261,3.378665,-9.8,-3.685732,11.00182
262,3.378665,-9.8,-3.685732,11.00182
263,3.378665,-9.8,-3.685732,11.00182
264,3.378665,-9.8,-3.685732,11.00182
265,3.378665,-9.8,-3.685732,11.00182
266,3.378665,-9.8,-3.685732,11.00182
267,3.378665,-9.8,-3.685732,11.00182
268,3.378665,-9.8,-3.685732,11.00182
269,3.378665,-9.8,-3.685732,11.00182
270,3.378665,-9.8,-3.685732,11.00182
271,3.378665,-9.8,-3.685732,11.00182
272,3.378665,-9.8,-3.685732,11.00182
273,3.378665,-9.8,-3.685732,11.00182
274,3.378665,-9.8,-3.685732,11.00182
275,3.378665,-9.8,-3.685732,11.00182
276,3.378665,-9.8,-3.685732,11.00182
277,3.378665,-9.8,-3.685732,11.00182
278,3.378665,-9.8,-3.685732,11.00182
279,3.378665,-9.8,-3.685732,11.00182
280,3.378665,-9.8,-3.685732,11.00182
281,3.378665,-9.8,-3.685732,11.00182
282,3.378665,-9.8,-3.685732,11.00182
283,3.378665,-9.8,-3.685732,11.00182
284,3.378665,-9.8,-3.685732,11.00182
285,3.378665,-9.8,-3.685732,11.00182
286,3.378665,-9.8,-3.685732,11.00182
287,3.378665,-9.8,-3.685732,11.00182
288,3.378665,-9.8,-3.685732,11.00182
289,3.378665,-9.8,-3.685732,11.00182
290,3.378665,-9.8,-3.685732,11.00182
291,3.378665,-9.8,-3.685732,11.00182
292,3.378665,-9.8,-3.685732,11.00182
293,3.378665,-9.8,-3.685732,11.00182
294,3.378665,-9.8,-3.685732,11.00182
295,3.378665,-9.8,-3.685732,11.00182
296,3.378665,-9.8,-3.685732,11.00182
297,3.378665,-9.8,-3.685732,11.00182
298,3.378665,-9.8,-3.685732,11.00182
299,3.378665,-9.8,-3.685732,11.00182
300,3.378665,-9.8,-3.685732,11.00182
301,3.378665,-9.8,-3.685732,11.00182
302,3.378665,-9.8,-3.685732,11.00182
303,3.378665,-9.8,-3.685732,11.00182
304,3.378665,-9.8,-3.685732,11.00182
305,3.378665,-9.8,-3.685732,11.00182
306,3.378665,-9.8,-3.685732,11.00182
307,3.378665,-9.8,-3.685732,11.00182
308,3.378665,-9.8,-3.685732,11.00182
309,3.378665,-9.8,-3.685732,11.00182
310,3.378665,-9.8,-3.685732,11.00182
311,3.378665,-9.8,-3.685732,11.00182
312,3.378665,-9.8,-3.685732,11.00182
313,3.378665,-9.8,-3.685732,11.00182
314,3.378665,-9.8,-3.685732,11.00182
315,3.378665,-9.8,-3.685732,11.00182
316,3.378665,-9.8,-3.685732,11.00182
317,3.378665,-9.8,-3.685732,11.00182
318,3.378665,-9.8,-3.685732,11.00182
319,3.378665,-9.8,-3.685732,11.00182
320,3.378665,-9.8,-3.685732,11.00182
321,3.378665,-9.8,-3.685732,11.00182
322,3.378665,-9.8,-3.685732,11.00182
323,3.378665,-9.8,-3.685732,11.00182
324,3.378665,-9.8,-3.685732,11.00182
325,3.378665,-9.8,-3.685732,11.00182
326,3.378665,-9.8,-3.685732,11.00182
327,3.378665,-9.8,-3.685732,11.00182
328,3.378665,-9.8,-3.685732,11.00182
329,3.378665,-9.8,-3.685732,11.00182
330,3.378665,-9.8,-3.685732,11.00182
331,3.378665,-9.8,-3.685732,11.00182
332,3.378665,-9.8,-3.685732,11.00182
333,3.378665,-9.8,-3.685732,11.00182
334,3.378665,-9.8,-3.685732,11.00182
335,3.378665,-9.8,-3.685732,11.00182
336,3.378665,-9.8,-3.685732,11.00182
337,3.378665,-9.8,-3.685732,11.00182
338,3.378665,-9.8,-3.685732,11.00182
339,3.378665,-9.8,-3.685732,11.00182
340,3.378665,-9.8,-3.685732,11.00182
341,3.378665,-9.8,-3.685732,11.00182
342,3.378665,-9.8,-3.685732,11.00182
343,3.378665,-9.8,-3.685732,11.00182
344,3.378665,-9.8,-3.685732,11.00182
345,3.378665,-9.8,-3.685732,11.00182
346,3.378665,-9.8,-3.685732,11.00182
347,3.378665,-9.8,-3.685732,11.00182
348,3.378665,-9.8,-3.685732,11.00182
349,3.378665,-9.8,-3.685732,11.00182
350,3.378665,-9.8,-3.685732,11.00182
351,3.378665,-9.8,-3.685732,11.00182
352,3.378665,-9.8,-3.685732,11.00182
353,3.378665,-9.8,-3.685732,11.00182
354,3.378665,-9.8,-3.685732,11.00182
355,3.378665,-9.8,-3.685732,11.00182
356,3.378665,-9.8,-3.685732,11.00182
357,3.378665,-9.8,-3.685732,11.00182
358,3.378665,-9.8,-3.685732,11.00182
359,3.378665,-9.8,-3.685732,11.00182
360,3.378665,-9.8,-3.685732,11.00182
361,3.378665,-9.8,-3.685732,11.00182
362,3.378665,-9.8,-3.685732,11.00182
363,3.378665,-9.8,-3.685732,11.00182
364,3.378665,-9.8,-3.685732,11.00182
365,3.378665,-9.8,-3.685732,11.00182
366,3.378665,-9.8,-3.685732,11.00182
367,3.378665,-9.8,-3.685732,11.00182
368,3.378665,-9.8,-3.685732,11.00182
369,3.378665,-9.8,-3.685732,11.00182
370,3.378665,-9.8,-3.685732,11.00182
371,3.378665,-9.8,-3.685732,11.00182
372,3.378665,-9.8,-3.685732,11.00182
373,3.378665,-9.8,-3.685732,11.00182
374,3.378665,-9.8,-3.685732,11.00182
375,3.378665,-9.8,-3.685732,11.00182
376,3.378665,-9.8,-3.685732,11.00182
377,3.378665,-9.8,-3.685732,11.00182
378,3.378665,-9.8,-3.685732,11.00182
379,3.378665,-9.8,-3.685732,11.00182
380,3.378665,-9.8,-3.685732,11.00182
381,3.378665,-9.8,-3.685732,11.00182
382,3.378665,-9.8,-3.685732,11.00182
383,3.378665,-9.8,-3.685732,11.00182
384,3.378665,-9.8,-3.685732,11.00182
385,3.378665,-9.8,-3.685732,11.00182
386,3.378665,-9.8,-3.685732,11.00182
387,3.378665,-9.8,-3.685732,11.00182
388,3.378665,-9.8,-3.685732,11.00182
389,3.378665,-9.8,-3.685732,11.00182
390,3.378665,-9.8,-3.685732,11.00182
391,3.378665,-9.8,-3.685732,11.00182
392,3.378665,-9.8,-3.685732,11.00182
393,3.378665,-9.8,-3.685732,11.00182
394,3.378665,-9.8,-3.685732,11.00182
395,3.378665,-9.8,-3.685732,11.00182
396,3.378665,-9.8,-3.685732,11.00182
397,3.378665,-9.8,-3.685732,11.00182
398,3.378665,-9.8,-3.685732,11.00182
399,3.378665,-9.8,-3.685732,11.00182
400,3.378665,-9.8,-3.685732,11.00182
401,3.378665,-9.8,-3.685732,11.00182
402,3.378665,-9.8,-3.685732,11.00182
403,3.378665,-9.8,-3.685732,11.00182
404,3.378665,-9.8,-3.685732,11.00182
405,3.378665,-9.8,-3.685732,11.00182
406,3.378665,-9.8,-3.685732,11.00182
407,3.378665,-9.8,-3.685732,11.00182
408,3.378665,-9.8,-3.685732,11.00182
409,3.378665,-9.8,-3.685732,11.00182
410,3.378665,-9.8,-3.685732,11.00182
411,3.378665,-9.8,-3.685732,11.00182
412,3.378665,-9.8,-3.685732,11.00182
413,3.378665,-9.8,-3.685732,11.00182
414,3.378665,-9.8,-3.685732,11.00182
415,3.378665,-9.8,-3.685732,11.00182
416,3.378665,-9.8,-3.685732,11.00182
417,3.378665,-9.8,-3.685732,11.00182
418,3.378665,-9.8,-3.685732,11.00182
419,3.378665,-9.8,-3.685732,11.00182
420,3.378665,-9.8,-3.685732,11.00182
421,3.378665,-9.8,-3.685732,11.00182
422,3.378665,-9.8,-3.685732,11.00182
423,3.378665,-9.8,-3.685732,11.00182
424,3.378665,-9.8,-3.685732,11.00182
425,3.378665,-9.8,-3.685732,11.00182
426,3.378665,-9.8,-3.685732,11.00182
427,3.378665,-9.8,-3.685732,11.00182
428,3.378665,-9.8,-3.685732,11.00182
429,3.378665,-9.8,-3.685732,11.00182
430,3.378665,-9.8,-3.685732,11.00182
431,3.378665,-9.8,-3.685732,11.00182
432,3.378665,-9.8,-3.685732,11.00182
433,3.378665,-9.8,-3.685732,11.00182
434,3.378665,-9.8,-3.685732,11.00182
435,3.378665,-9.8,-3.685732,11.00182
436,3.378665,-9.8,-3.685732,11.00182
437,3.378665,-9.8,-3.685732,11.00182
438,3.378665,-9.8,-3.685732,11.00182
439,3.378665,-9.8,-3.685732,11.00182
440,3.378665,-9.8,-3.685732,11.00182
441,3.378665,-9.8,-3.685732,11.00182
442,3.378665,-9.8,-3.685732,11.00182
443,3.378665,-9.8,-3.685732,11.00182
444,3.378665,-9.8,-3.685732,11.00182
445,3.378665,-9.8,-3.685732,11.00182
446,3.378665,-9.8,-3.685732,11.00182
447,3.378665,-9.8,-3.685732,11.00182
448,3.378665,-9.8,-3.685732,11.00182
449,3.378665,-9.8,-3.685732,11.00182
450,3.378665,-9.8,-3.685732,11.00182
451,3.378665,-9.8,-3.685732,11.00182
452,3.378665,-9.8,-3.685732,11.00182
453,3.378665,-9.8,-3.685732,11.00182
454,3.378665,-9.8,-3.685732,11.00182
455,3.378665,-9.8,-3.685732,11.00182
456,3.378665,-9.8,-3.685732,11.00182
457,3.378665,-9.8,-3.685732,11.00182
458,3.378665,-9.8,-3.685732,11.00182
459,3.378665,-9.8,-3.685732,11.00182
460,3.378665,-9.8,-3.685732,11.00182
461,3.378665,-9.8,-3.685732,11.00182
462,3.378665,-9.8,-3.685732,11.00182
463,3.378665,-9.8,-3.685732,11.00182
464,3.378665,-9.8,-3.685732,11.00182
465,3.378665,-9.8,-3.685732,11.00182
466,3.378665,-9.8,-3.685732,11.00182
467,3.378665,-9.8,-3.685732,11.00182
468,3.378665,-9.8,-3.685732,11.00182
469,3.378665,-9.8,-3.685732,11.00182
470,3.378665,-9.8,-3.685732,11.00182
471,3.378665,-9.8,-3.685732,11.00182
472,3.378665,-9.8,-3.685732,11.00182
473,3.378665,-9.8,-3.685732,11.00182
474,3.378665,-9.8,-3.685732,11.00182
475,3.378665,-9.8,-3.685732,11.00182
476,3.378665,-9.8,-3.685732,11.00182
477,3.378665,-9.8,-3.685732,11.00182
478,3.378665,-9.8,-3.685732,11.00182
479,3.378665,-9.8,-3.685732,11.00182
480,3.378665,-9.8,-3.685732,11.00182
481,3.378665,-9.8,-3.685732,11.00182
482,3.378665,-9.8,-3.685732,11.00182
483,3.378665,-9.8,-3.685732,11.00182
484,3.378665,-9.8,-3.685732,11.00182
485,3.378665,-9.8,-3.685732,11.00182
486,3.378665,-9.8,-3.685732,11.00182
487,3.378665,-9.8,-3.685732,11.00182
488,3.378665,-9.8,-3.685732,11.00182
489,3.378665,-9.8,-3.685732,11.00182
490,3.378665,-9.8,-3.685732,11.00182
491,3.378665,-9.8,-3.685732,11.00182
492,3.378665,-9.8,-3.685732,11.00182
493,3.378665,-9.8,-3.685732,11.00182
494,3.378665,-9.8,-3.685732,11.00182
495,3.378665,-9.8,-3.685732,11.00182
496,3.378665,-9.8,-3.685732,11.00182
497,3.378665,-9.8,-3.685732,11.00182
498,3.378665,-9.8,-3.685732,11.00182
499,3.378665,-9.8,-3.685732,11.00182
500,3.378665,-9.8,-3.685732,11.00182
501,3.378665,-9.8,-3.685732,11.00182
502,3.378665,-9.8,-3.685732,11.00182
503,3.378665,-9.8,-3.685732,11.00182
504,3.378665,-9.8,-3.685732,11.00182
505,3.378665,-9.8,-3.685732,11.00182
506,3.378665,-9.8,-3.685732,11.00182
507,3.378665,-9.8,-3.685732,11.00182
508,3.378665,-9.8,-3.685732,11.00182
509,3.378665,-9.8,-3.685732,11.00182
510,3.378665,-9.8,-3.685732,11.00182
511,3.378665,-9.8,-3.685732,11.00182
512,3.378665,-9.8,-3.685732,11.00182
513,3.378665,-9.8,-3.685732,11.00182
514,3.378665,-9.8,-3.685732,11.00182
515,3.378665,-9.8,-3.685732,11.00182
516,3.378665,-9.8,-3.685732,11.00182
517,3.378665,-9.8,-3.685732,11.00182
518,3.378665,-9.8,-3.685732,11.00182
519,3.378665,-9.8,-3.685732,11.00182
520,3.378665,-9.8,-3.685732,11.00182
521,3.378665,-9.8,-3.685732,11.00182
522,3.378665,-9.8,-3.685732,11.00182
523,3.378665,-9.8,-3.685732,11.00182
524,3.378665,-9.8,-3.685732,11.00182
525,3.378665,-9.8,-3.685732,11.00182
526,3.378665,-9.8,-3.685732,11.00182
527,3.378665,-9.8,-3.685732,11.00182
528,3.378665,-9.8,-3.685732,11.00182
529,3.378665,-9.8,-3.685732,11.00182
530,3.378665,-9.8,-3.685732,11.00182
531,3.378665,-9.8,-3.685732,11.00182
532,3.378665,-9.8,-3.685732,11.00182
533,3.378665,-9.8,-3.685732,11.00182
534,3.378665,-9.8,-3.685732,11.00182
535,3.378665,-9.8,-3.685732,11.00182
536,3.378665,-9.8,-3.685732,11.00182
537,3.378665,-9.8,-3.685732,11.00182
538,3.378665,-9.8,-3.685732,11.00182
539,3.378665,-9.8,-3.685732,11.00182
540,3.378665,-9.8,-3.685732,11.00182
541,3.378665,-9.8,-3.685732,11.00182
542,3.378665,-9.8,-3.685732,11.00182
543,3.378665,-9.8,-3.685732,11.00182
544,3.378665,-9.8,-3.685732,11.00182
545,3.378665,-9.8,-3.685732,11.00182
546,3.378665,-9.8,-3.685732,11.00182
547,3.378665,-9.8,-3.685732,11.00182
548,3.378665,-9.8,-3.685732,11.00182
549,3.378665,-9.8,-3.685732,11.00182
550,3.378665,-9.8,-3.685732,11.00182
551,3.378665,-9.8,-3.685732,11.00182
552,3.378665,-9.8,-3.685732,11.00182
553,3.378665,-9.8,-3.685732,11.00182
554,3.378665,-9.8,-3.685732,11.00182
555,3.378665,-9.8,-3.685732,11.00182
556,3.378665,-9.8,-3.685732,11.00182
557,3.378665,-9.8,-3.685732,11.00182
558,3.378665,-9.8,-3.685732,11.00182
559,3.378665,-9.8,-3.685732,11.00182
560,3.378665,-9.8,-3.685732,11.00182
561,3.378665,-9.8,-3.685732,11.00182
562,3.378665,-9.8,-3.685732,11.00182
563,3.378665,-9.8,-3.685732,11.00182
564,3.378665,-9.8,-3.685732,11.00182
565,3.378665,-9.8,-3.685732,11.00182
566,3.378665,-9.8,-3.685732,11.00182
567,3.378665,-9.8,-3.685732,11.00182
568,3.378665,-9.8,-3.685732,11.00182
569,3.378665,-9.8,-3.685732,11.00182
570,3.378665,-9.8,-3.685732,11.00182
571,3.378665,-9.8,-3.685732,11.00182
572,3.378665,-9.8,-3.685732,11.00182
573,3.378665,-9.8,-3.685732,11.00182
574,3.378665,-9.8,-3.685732,11.00182
575,3.378665,-9.8,-3.685732,11.00182
576,3.378665,-9.8,-3.685732,11.00182
577,3.378665,-9.8,-3.685732,11.00182
578,3.378665,-9.8,-3.685732,11.00182
579,3.378665,-9.8,-3.685732,11.00182
580,3.378665,-9.8,-3.685732,11.00182
581,3.378665,-9.8,-3.685732,11.00182
582,3.378665,-9.8,-3.685732,11.00182
583,3.378665,-9.8,-3.685732,11.00182
584,3.378665,-9.8,-3.685732,11.00182
585,3.378665,-9.8,-3.685732,11.00182
586,3.378665,-9.8,-3.685732,11.00182
587,3.378665,-9.8,-3.685732,11.00182
588,3.378665,-9.8,-3.685732,11.00182
589,3.378665,-9.8,-3.685732,11.00182
590,3.378665,-9.8,-3.685732,11.00182
591,3.378665,-9.8,-3.685732,11.00182
592,3.378665,-9.8,-3.685732,11.00182
593,3.378665,-9.8,-3.685732,11.00182
594,3.378665,-9.8,-3.685732,11.00182
595,3.378665,-9.8,-3.685732,11.00182
596,3.378665,-9.8,-3.685732,11.00182
597,3.378665,-9.8,-3.685732,11.00182
598,3.378665,-9.8,-3.685732,11.00182
599,3.378665,-9.8,-3.685732,11.00182
600,3.378665,-9.8,-3.685732,11.00182
601,3.378665,-9.8,-3.685732,11.00182
602,3.378665,-9.8,-3.685732,11.00182
603,3.378665,-9.8,-3.685732,11.00182
604,3.378665,-9.8,-3.685732,11.00182
605,3.378665,-9.8,-3.685732,11.00182
606,3.378665,-9.8,-3.685732,11.00182
607,3.378665,-9.8,-3.685732,11.00182
608,3.378665,-9.8,-3.685732,11.00182
609,3.378665,-9.8,-3.685732,11.00182
610,3.378665,-9.8,-3.685732,11.00182
611,3.378665,-9.8,-3.685732,11.00182
612,3.378665,-9.8,-3.685732,11.00182
613,3.378665,-9.8,-3.685732,11.00182
614,3.378665,-9.8,-3.685732,11.00182
615,3.378665,-9.8,-3.685732,11.00182
616,3.378665,-9.8,-3.685732,11.00182
617,3.378665,-9.8,-3.685732,11.00182
618,3.378665,-9.8,-3.685732,11.00182
619,3.378665,-9.8,-3.685732,11.00182
620,3.378665,-9.8,-3.685732,11.00182
621,3.378665,-9.8,-3.685732,11.00182
622,3.378665,-9.8,-3.685732,11.00182
623,3.378665,-9.8,-3.685732,11.00182
624,3.378665,-9.8,-3.685732,11.00182
625,3.378665,-9.8,-3.685732,11.00182
626,3.378665,-9.8,-3.685732,11.00182
627,3.378665,-9.8,-3.685732,11.00182
628,3.378665,-9.8,-3.685732,11.00182
629,3.378665,-9.8,-3.685732,11.00182
630,3.378665,-9.8,-3.685732,11.00182
631,3.378665,-9.8,-3.685732,11.00182
632,3.378665,-9.8,-3.685732,11.00182
633,3.378665,-9.8,-3.685732,11.00182
634,3.378665,-9.8,-3.685732,11.00182
635,3.378665,-9.8,-3.685732,11.00182
636,3.378665,-9.8,-3.685732,11.00182
637,3.378665,-9.8,-3.685732,11.00182
638,3.378665,-9.8,-3.685732,11.00182
639,3.378665,-9.8,-3.685732,11.00182
640,3.378665,-9.8,-3.685732,11.00182
641,3.378665,-9.8,-3.685732,11.00182
642,3.378665,-9.8,-3.685732,11.00182
643,3.378665,-9.8,-3.685732,11.00182
644,3.378665,-9.8,-3.685732,11.00182
645,3.378665,-9.8,-3.685732,11.00182
646,3.378665,-9.8,-3.685732,11.00182
647,3.378665,-9.8,-3.685732,11.00182
648,3.378665,-9.8,-3.685732,11.00182
649,3.378665,-9.8,-3.685732,11.00182
650,3.378665,-9.8,-3.685732,11.00182
651,3.378665,-9.8,-3.685732,11.00182
652,3.378665,-9.8,-3.685732,11.00182
653,3.378665,-9.8,-3.685732,11.00182
654,3.378665,-9.8,-3.685732,11.00182
655,3.378665,-9.8,-3.685732,11.00182
656,3.378665,-9.8,-3.685732,11.00182
657,3.378665,-9.8,-3.685732,11.00182
658,3.378665,-9.8,-3.685732,11.00182
659,3.378665,-9.8,-3.685732,11.00182
660,3.378665,-9.8,-3.685732,11.00182
661,3.378665,-9.8,-3.685732,11.00182
662,3.378665,-9.8,-3.685732,11.00182
663,3.378665,-9.8,-3.685732,11.00182
664,3.378665,-9.8,-3.685732,11.00182
665,3.378665,-9.8,-3.685732,11.00182
666,3.378665,-9.8,-3.685732,11.00182
667,3.378665,-9.8,-3.685732,11.00182
668,3.378665,-9.8,-3.685732,11.00182
669,3.378665,-9.8,-3.685732,11.00182
670,3.378665,-9.8,-3.685732,11.00182
671,3.378665,-9.8,-3.685732,11.00182
672,3.378665,-9.8,-3.685732,11.00182
673,3.378665,-9.8,-3.685732,11.00182
674,3.378665,-9.8,-3.685732,11.00182
675,3.378665,-9.8,-3.685732,11.00182
676,3.378665,-9.8,-3.685732,11.00182
677,3.378665,-9.8,-3.685732,11.00182
678,3.378665,-9.8,-3.685732,11.00182
679,3.378665,-9.8,-3.685732,11.00182
680,3.378665,-9.8,-3.685732,11.00182
681,3.378665,-9.8,-3.685732,11.00182
682,3.378665,-9.8,-3.685732,11.00182
683,3.378665,-9.8,-3.685732,11.00182
684,3.378665,-9.8,-3.685732,11.00182
685,3.378665,-9.8,-3.685732,11.00182
686,3.378665,-9.8,-3.685732,11.00182
687,3.378665,-9.8,-3.685732,11.00182
688,3.378665,-9.8,-3.685732,11.00182
689,3.378665,-9.8,-3.685732,11.00182
690,3.378665,-9.8,-3.685732,11.00182
691,3.378665,-9.8,-3.685732,11.00182
692,3.378665,-9.8,-3.685732,11.00182
693,3.378665,-9.8,-3.685732,11.00182
694,3.378665,-9.8,-3.685732,11.00182
695,3.378665,-9.8,-3.685732,11.00182
696,3.378665,-9.8,-3.685732,11.00182
697,3.378665,-9.8,-3.685732,11.00182
698,3.378665,-9.8,-3.685732,11.00182
699,3.378665,-9.8,-3.685732,11.00182
700,3.378665,-9.8,-3.685732,11.00182
701,3.378665,-9.8,-3.685732,11.00182
702,3.378665,-9.8,-3.685732,11.00182
703,3.378665,-9.8,-3.685732,11.00182
704,3.378665,-9.8,-3.685732,11.00182
705,3.378665,-9.8,-3.685732,11.00182
706,3.378665,-9.8,-3.685732,11.00182
707,3.378665,-9.8,-3.685732,11.00182
708,3.378665,-9.8,-3.685732,11.00182
709,3.378665,-9.8,-3.685732,11.00182
710,3.378665,-9.8,-3.685732,11.00182
711,3.378665,-9.8,-3.685732,11.00182
712,3.378665,-9.8,-3.685732,11.00182
713,3.378665,-9.8,-3.685732,11.00182
714,3.378665,-9.8,-3.685732,11.00182
715,3.378665,-9.8,-3.685732,11.00182
716,3.378665,-9.8,-3.685732,11.00182
717,3.378665,-9.8,-3.685732,11.00182
718,3.378665,-9.8,-3.685732,11.00182
719,3.378665,-9.8,-3.685732,11.00182
720,3.378665,-9.8,-3.685732,11.00182
721,3.378665,-9.8,-3.685732,11.00182
722,3.378665,-9.8,-3.685732,11.00182
723,3.378665,-9.8,-3.685732,11.00182
724,3.378665,-9.8,-3.685732,11.00182
725,3.378665,-9.8,-3.685732,11.00182
726,3.378665,-9.8,-3.685732,11.00182
727,3.378665,-9.8,-3.685732,11.00182
728,3.378665,-9.8,-3.685732,11.00182
729,3.378665,-9.8,-3.685732,11.00182
730,3.378665,-9.8,-3.685732,11.00182
731,3.378665,-9.8,-3.685732,11.00182
732,3.378665,-9.8,-3.685732,11.00182
733,3.378665,-9.8,-3.685732,11.00182
734,3.378665,-9.8,-3.685732,11.00182
735,3.378665,-9.8,-3.685732,11.00182
736,3.378665,-9.8,-3.685732,11.00182
737,3.378665,-9.8,-3.685732,11.00182
738,3.378665,-9.8,-3.685732,11.00182
739,3.378665,-9.8,-3.685732,11.00182
740,3.378665,-9.8,-3.685732,11.00182
741,3.378665,-9.8,-3.685732,11.00182
742,3.378665,-9.8,-3.685732,11.00182
743,3.378665,-9.8,-3.685732,11.00182
744,3.378665,-9.8,-3.685732,11.00182
745,3.378665,-9.8,-3.685732,11.00182
746,3.378665,-9.8,-3.685732,11.00182
747,3.378665,-9.8,-3.685732,11.00182
748,3.378665,-9.8,-3.685732,11.00182
749,3.378665,-9.8,-3.685732,11.00182
750,3.378665,-9.8,-3.685732,11.00182
751,3.378665,-9.8,-3.685732,11.00182
752,3.378665,-9.8,-3.685732,11.00182
753,3.378665,-9.8,-3.685732,11.00182
754,3.378665,-9.8,-3.685732,11.00182
755,3.378665,-9.8,-3.685732,11.00182
756,3.378665,-9.8,-3.685732,11.00182
757,3.378665,-9.8,-3.685732,11.00182
758,3.378665,-9.8,-3.685732,11.00182
759,3.378665,-9.8,-3.685732,11.00182
760,3.378665,-9.8,-3.685732,11.00182
761,3.378665,-9.8,-3.685732,11.00182
762,3.378665,-9.8,-3.685732,11.00182
763,3.378665,-9.8,-3.685732,11.00182
764,3.378665,-9.8,-3.685732,11.00182
765,3.378665,-9.8,-3.685732,11.00182
766,3.378665,-9.8,-3.685732,11.00182
767,3.378665,-9.8,-3.685732,11.00182
768,3.378665,-9.8,-3.685732,11.00182
769,3.378665,-9.8,-3.685732,11.00182
770,3.378665,-9.8,-3.685732,11.00182
771,3.378665,-9.8,-3.685732,11.00182
772,3.378665,-9.8,-3.685732,11.00182
773,3.378665,-9.8,-3.685732,11.00182
774,3.378665,-9.8,-3.685732,11.00182
775,3.378665,-9.8,-3.685732,11.00182
776,3.378665,-9.8,-3.685732,11.00182
777,3.378665,-9.8,-3.685732,11.00182
778,3.378665,-9.8,-3.685732,11.00182
779,3.378665,-9.8,-3.685732,11.00182
780,3.378665,-9.8,-3.685732,11.00182
781,3.378665,-9.8,-3.685732,11.00182
782,3.378665,-9.8,-3.685732,11.00182
783,3.378665,-9.8,-3.685732,11.00182
784,3.378665,-9.8,-3.685732,11.00182
785,3.378665,-9.8,-3.685732,11.00182
786,3.378665,-9.8,-3.685732,11.00182
787,3.378665,-9.8,-3.685732,11.00182
788,3.378665,-9.8,-3.685732,11.00182
789,3.378665,-9.8,-3.685732,11.00182
790,3.378665,-9.8,-3.685732,11.00182
791,3.378665,-9.8,-3.685732,11.00182
792,3.378665,-9.8,-3.685732,11.00182
793,3.378665,-9.8,-3.685732,11.00182
794,3.378665,-9.8,-3.685732,11.00182
795,3.378665,-9.8,-3.685732,11.00182
796,3.378665,-9.8,-3.685732,11.00182
797,3.378665,-9.8,-3.685732,11.00182
798,3.378665,-9.8,-3.685732,11.00182
799,3.378665,-9.8,-3.685732,11.00182
800,3.378665,-9.8,-3.685732,11.00182
801,3.378665,-9.8,-3.685732,11.00182
802,3.378665,-9.8,-3.685732,11.00182
803,3.378665,-9.8,-3.685732,11.00182
804,3.378665,-9.8,-3.685732,11.00182
805,3.378665,-9.8,-3.685732,11.00182
806,3.378665,-9.8,-3.685732,11.00182
807,3.378665,-9.8,-3.685732,11.00182
808,3.378665,-9.8,-3.685732,11.00182
809,3.378665,-9.8,-3.685732,11.00182
810,3.378665,-9.8,-3.685732,11.00182
811,3.378665,-9.8,-3.685732,11.00182
812,3.378665,-9.8,-3.685732,11.00182
813,3.378665,-9.8,-3.685732,11.00182
814,3.378665,-9.8,-3.685732,11.00182
815,3.378665,-9.8,-3.685732,11.00182
816,3.378665,-9.8,-3.685732,11.00182
817,3.378665,-9.8,-3.685732,11.00182
818,3.378665,-9.8,-3.685732,11.00182
819,3.378665,-9.8,-3.685732,11.00182
820,3.378665,-9.8,-3.685732,11.00182
821,3.378665,-9.8,-3.685732,11.00182
822,3.378665,-9.8,-3.685732,11.00182
823,3.378665,-9.8,-3.685732,11.00182
824,3.378665,-9.8,-3.685732,11.00182
825,3.378665,-9.8,-3.685732,11.00182
826,3.378665,-9.8,-3.685732,11.00182
827,3.378665,-9.8,-3.685732,11.00182
828,3.378665,-9.8,-3.685732,11.00182
829,3.378665,-9.8,-3.685732,11.00182
830,3.378665,-9.8,-3.685732,11.00182
831,3.378665,-9.8,-3.685732,11.00182
832,3.378665,-9.8,-3.685732,11.00182
833,3.378665,-9.8,-3.685732,11.00182
834,3.378665,-9.8,-3.685732,11.00182
835,3.378665,-9.8,-3.685732,11.00182
836,3.378665,-9.8,-3.685732,11.00182
837,3.378665,-9.8,-3.685732,11.00182
838,3.378665,-9.8,-3.685732,11.00182
839,3.378665,-9.8,-3.685732,11.00182
840,3.378665,-9.8,-3.685732,11.00182
841,3.378665,-9.8,-3.685732,11.00182
842,3.378665,-9.8,-3.685732,11.00182
843,3.378665,-9.8,-3.685732,11.00182
844,3.378665,-9.8,-3.685732,11.00182
845,3.378665,-9.8,-3.685732,11.00182
846,3.378665,-9.8,-3.685732,11.00182
847,3.378665,-9.8,-3.685732,11.00182
848,3.378665,-9.8,-3.685732,11.00182
849,3.378665,-9.8,-3.685732,11.00182
850,3.378665,-9.8,-3.685732,11.00182
851,3.378665,-9.8,-3.685732,11.00182
852,3.378665,-9.8,-3.685732,11.00182
853,3.378665,-9.8,-3.685732,11.00182
854,3.378665,-9.8,-3.685732,11.00182
855,3.378665,-9.8,-3.685732,11.00182
856,3.378665,-9.8,-3.685732,11.00182
857,3.378665,-9.8,-3.685732,11.00182
858,3.378665,-9.8,-3.685732,11.00182
859,3.378665,-9.8,-3.685732,11.00182
860,3.378665,-9.8,-3.685732,11.00182
861,3.378665,-9.8,-3.685732,11.00182
862,3.378665,-9.8,-3.685732,11.00182
863,3.378665,-9.8,-3.685732,11.00182
864,3.378665,-9.8,-3.685732,11.00182
865,3.378665,-9.8,-3.685732,11.00182
866,3.378665,-9.8,-3.685732,11.00182
867,3.378665,-9.8,-3.685732,11.00182
868,3.378665,-9.8,-3.685732,11.00182
869,3.378665,-9.8,-3.685732,11.00182
870,3.378665,-9.8,-3.685732,11.00182
871,3.378665,-9.8,-3.685732,11.00182
872,3.378665,-9.8,-3.685732,11.00182
873,3.378665,-9.8,-3.685732,11.00182
874,3.378665,-9.8,-3.685732,11.00182
875,3.378665,-9.8,-3.685732,11.00182
876,3.378665,-9.8,-3.685732,11.00182
877,3.378665,-9.8,-3.685732,11.00182
878,3.378665,-9.8,-3.685732,11.00182
879,3.378665,-9.8,-3.685732,11.00182
880,3.378665,-9.8,-3.685732,11.00182
881,3.378665,-9.8,-3.685732,11.00182
882,3.378665,-9.8,-3.685732,11.00182
883,3.378665,-9.8,-3.685732,11.00182
884,3.378665,-9.8,-3.685732,11.00182
885,3.378665,-9.8,-3.685732,11.00182
886,3.378665,-9.8,-3.685732,11.00182
887,3.378665,-9.8,-3.685732,11.00182
888,3.378665,-9.8,-3.685732,11.00182
889,3.378665,-9.8,-3.685732,11.00182
890,3.378665,-9.8,-3.685732,11.00182
891,3.378665,-9.8,-3.685732,11.00182
892,3.378665,-9.8,-3.685732,11.00182
893,3.378665,-9.8,-3.685732,11.00182
894,3.378665,-9.8,-3.685732,11.00182
895,3.378665,-9.8,-3.685732,11.00182
896,3.378665,-9.8,-3.685732,11.00182
897,3.378665,-9.8,-3.685732,11.00182
898,3.378665,-9.8,-3.685732,11.00182
899,3.378665,-9.8,-3.685732,11.00182
900,3.378665,-9.8,-3.685732,11.00182
901,3.378665,-9.8,-3.685732,11.00182
902,3.378665,-9.8,-3.685732,11.00182
903,3.378665,-9.8,-3.685732,11.00182
904,3.378665,-9.8,-3.685732,11.00182
905,3.378665,-9.8,-3.685732,11.00182
906,3.378665,-9.8,-3.685732,11.00182
907,3.378665,-9.8,-3.685732,11.00182
908,3.378665,-9.8,-3.685732,11.00182
909,3.378665,-9.8,-3.685732,11.00182
910,3.378665,-9.8,-3.685732,11.00182
911,3.378665,-9.8,-3.685732,11.00182
912,3.378665,-9.8,-3.685732,11.00182
913,3.378665,-9.8,-3.685732,11.00182
914,3.378665,-9.8,-3.685732,11.00182
915,3.378665,-9.8,-3.685732,11.00182
916,3.378665,-9.8,-3.685732,11.00182
917,3.378665,-9.8,-3.685732,11.00182
918,3.378665,-9.8,-3.685732,11.00182
919,3.378665,-9.8,-3.685732,11.00182
920,3.378665,-9.8,-3.685732,11.00182
921,3.378665,-9.8,-3.685732,11.00182
922,3.378665,-9.8,-3.685732,11.00182
923,3.378665,-9.8,-3.685732,11.00182
924,3.378665,-9.8,-3.685732,11.00182
925,3.378665,-9.8,-3.685732,11.00182
926,3.378665,-9.8,-3.685732,11.00182
927,3.378665,-9.8,-3.685732,11.00182
928,3.378665,-9.8,-3.685732,11.00182
929,3.378665,-9.8,-3.685732,11.00182
930,3.378665,-9.8,-3.685732,11.00182
931,3.378665,-9.8,-3.685732,11.00182
932,3.378665,-9.8,-3.685732,11.00182
933,3.378665,-9.8,-3.685732,11.00182
934,3.378665,-9.8,-3.685732,11.00182
935,3.378665,-9.8,-3.685732,11.00182
936,3.378665,-9.8,-3.685732,11.00182
937,3.378665,-9.8,-3.685732,11.00182
938,3.378665,-9.8,-3.685732,11.00182
939,3.378665,-9.8,-3.685732,11.00182
940,3.378665,-9.8,-3.685732,11.00182
941,3.378665,-9.8,-3.685732,11.00182
942,3.378665,-9.8,-3.685732,11.00182
943,3.378665,-9.8,-3.685732,11.00182
944,3.378665,-9.8,-3.685732,11.00182
945,3.378665,-9.8,-3.685732,11.00182
946,3.378665,-9.8,-3.685732,11.00182
947,3.378665,-9.8,-3.685732,11.00182
948,3.378665,-9.8,-3.685732,11.00182
949,3.378665,-9.8,-3.685732,11.00182
950,3.378665,-9.8,-3.685732,11.00182
951,3.378665,-9.8,-3.685732,11.00182
952,3.378665,-9.8,-3.685732,11.00182
953,3.378665,-9.8,-3.685732,11.00182
954,3.378665,-9.8,-3.685732,11.00182
955,3.378665,-9.8,-3.685732,11.00182
956,3.378665,-9.8,-3.685732,11.00182
957,3.378665,-9.8,-3.685732,11.00182
958,3.378665,-9.8,-3.685732,11.00182
959,3.378665,-9.8,-3.685732,11.00182
960,3.378665,-9.8,-3.685732,11.00182
961,3.378665,-9.8,-3.685732,11.00182
962,3.378665,-9.8,-3.685732,11.00182
963,3.378665,-9.8,-3.685732,11.00182
964,3.378665,-9.8,-3.685732,11.00182
965,3.378665,-9.8,-3.685732,11.00182
966,3.378665,-9.8,-3.685732,11.00182
967,3.378665,-9.8,-3.685732,11.00182
968,3.378665,-9.8,-3.685732,11.00182
969,3.378665,-9.8,-3.685732,11.00182
970,3.378665,-9.8,-3.685732,11.00182
971,3.378665,-9.8,-3.685732,11.00182
972,3.378665,-9.8,-3.685732,11.00182
973,3.378665,-9.8,-3.685732,11.00182
974,3.378665,-9.8,-3.685732,11.00182
975,3.378665,-9.8,-3.685732,11.00182
976,3.378665,-9.8,-3.685732,11.00182
977,3.378665,-9.8,-3.685732,11.00182
978,3.378665,-9.8,-3.685732,11.00182
979,3.378665,-9.8,-3.685732,11.00182
980,3.378665,-9.8,-3.685732,11.00182
981,3.378665,-9.8,-3.685732,11.00182
982,3.378665,-9.8,-3.685732,11.00182
983,3.378665,-9.8,-3.685732,11.00182
984,3.378665,-9.8,-3.685732,11.00182
985,3.378665,-9.8,-3.685732,11.00182
986,3.378665,-9.8,-3.685732,11.00182
987,3.378665,-9.8,-3.685732,11.00182
988,3.378665,-9.8,-3.685732,11.00182
989,3.378665,-9.8,-3.685732,11.00182
990,3.378665,-9.8,-3.685732,11.00182
991,3.378665,-9.8,-3.685732,11.00182
992,3.378665,-9.8,-3.685732,11.00182
993,3.378665,-9.8,-3.685732,11.00182
994,3.378665,-9.8,-3.685732,11.00182
995,3.378665,-9.8,-3.685732,11.00182
996,3.378665,-9.8,-3.685732,11.00182
997,3.378665,-9.8,-3.685732,11.00182
998,3.378665,-9.8,-3.685732,11.00182
999,3.378665,-9.8,-3.685732,11.00182
1000,3.378665,-9.8,-3.685732,11.00182
1001,3.378665,-9.8,-3.685732,11.00182
1002,3.378665,-9.8,-3.685732,11.00182
1003,3.378665,-9.8,-3.685732,11.00182
1004,3.378665,-9.8,-3.685732,11.00182
1005,3.378665,-9.8,-3.685732,11.00182
1006,3.378665,-9.8,-3.685732,11.00182
1007,3.378665,-9.8,-3.685732,11.00182
1008,3.378665,-9.8,-3.685732,11.00182
1009,3.378665,-9.8,-3.685732,11.00182
1010,3.378665,-9.8,-3.685732,11.00182
1011,3.378665,-9.8,-3.685732,11.00182
1012,3.378665,-9.8,-3.685732,11.00182
1013,3.378665,-9.8,-3.685732,11.00182
1014,3.378665,-9.8,-3.685732,11.00182
1015,3.378665,-9.8,-3.685732,11.00182
1016,3.378665,-9.8,-3.685732,11.00182
1017,3.378665,-9.8,-3.685732,11.00182
1018,3.378665,-9.8,-3.685732,11.00182
1019,3.378665,-9.8,-3.685732,11.00182
1020,3.378665,-9.8,-3.685732,11.00182
1021,3.378665,-9.8,-3.685732,11.00182
1022,3.378665,-9.8,-3.685732,11.00182
1023,3.378665,-9.8,-3.685732,11.00182
1024,3.378665,-9.8,-3.685732,11.00182
1025,3.378665,-9.8,-3.685732,11.00182
1026,3.378665,-9.8,-3.685732,11.00182
1027,3.378665,-9.8,-3.685732,11.00182
1028,3.378665,-9.8,-3.685732,11.00182
1029,3.378665,-9.8,-3.685732,11.00182
1030,3.378665,-9.8,-3.685732,11.00182
1031,3.378665,-9.8,-3.685732,11.00182
1032,3.378665,-9.8,-3.685732,11.00182
1033,3.378665,-9.8,-3.685732,11.00182
1034,3.378665,-9.8,-3.685732,11.00182
1035,3.378665,-9.8,-3.685732,11.00182
1036,3.378665,-9.8,-3.685732,11.00182
1037,3.378665,-9.8,-3.685732,11.00182
1038,3.378665,-9.8,-3.685732,11.00182
1039,3.378665,-9.8,-3.685732,11.00182
1040,3.378665,-9.8,-3.685732,11.00182
1041,3.378665,-9.8,-3.685732,11.00182
1042,3.378665,-9.8,-3.685732,11.00182
1043,3.378665,-9.8,-3.685732,11.00182
1044,3.378665,-9.8,-3.685732,11.00182
1045,3.378665,-9.8,-3.685732,11.00182
1046,3.378665,-9.8,-3.685732,11.00182
1047,3.378665,-9.8,-3.685732,11.00182
1048,3.378665,-9.8,-3.685732,11.00182
1049,3.378665,-9.8,-3.685732,11.00182
1050,3.378665,-9.8,-3.685732,11.00182
1051,3.378665,-9.8,-3.685732,11.00182
1052,3.378665,-9.8,-3.685732,11.00182
1053,3.378665,-9.8,-3.685732,11.00182
1054,3.378665,-9.8,-3.685732,11.00182
1055,3.378665,-9.8,-3.685732,11.00182
1056,3.378665,-9.8,-3.685732,11.00182
1057,3.378665,-9.8,-3.685732,11.00182
1058,3.378665,-9.8,-3.685732,11.00182
1059,3.378665,-9.8,-3.685732,11.00182
1060,3.378665,-9.8,-3.685732,11.00182
1061,3.378665,-9.8,-3.685732,11.00182
1062,3.378665,-9.8,-3.685732,11.00182
1063,3.378665,-9.8,-3.685732,11.00182
1064,3.378665,-9.8,-3.685732,11.00182
1065,3.378665,-9.8,-3.685732,11.00182
1066,3.378665,-9.8,-3.685732,11.00182
1067,3.378665,-9.8,-3.685732,11.00182
1068,3.378665,-9.8,-3.685732,11.00182
1069,3.378665,-9.8,-3.685732,11.00182
1070,3.378665,-9.8,-3.685732,11.00182
1071,3.378665,-9.8,-3.685732,11.00182
1072,3.378665,-9.8,-3.685732,11.00182
1073,3.378665,-9.8,-3.685732,11.00182
1074,3.378665,-9.8,-3.685732,11.00182
1075,3.378665,-9.8,-3.685732,11.00182
1076,3.378665,-9.8,-3.685732,11.00182
1077,3.378665,-9.8,-3.685732,11.00182
1078,3.378665,-9.8,-3.685732,11.00182
1079,3.378665,-9.8,-3.685732,11.00182
1080,3.378665,-9.8,-3.685732,11.00182
1081,3.378665,-9.8,-3.685732,11.00182
1082,3.378665,-9.8,-3.685732,11.00182
1083,3.378665,-9.8,-3.685732,11.00182
1084,3.378665,-9.8,-3.685732,11.00182
1085,3.378665,-9.8,-3.685732,11.00182
1086,3.378665,-9.8,-3.685732,11.00182
1087,3.378665,-9.8,-3.685732,11.00182
1088,3.378665,-9.8,-3.685732,11.00182
1089,3.378665,-9.8,-3.685732,11.00182
1090,3.378665,-9.8,-3.685732,11.00182
1091,3.378665,-9.8,-3.685732,11.00182
1092,3.378665,-9.8,-3.685732,11.00182
1093,3.378665,-9.8,-3.685732,11.00182
1094,3.378665,-9.8,-3.685732,11.00182
1095,3.378665,-9.8,-3.685732,11.00182
1096,3.378665,-9.8,-3.685732,11.00182
1097,3.378665,-9.8,-3.685732,11.00182
1098,3.378665,-9.8,-3.685732,11.00182
1099,3.378665,-9.8,-3.685732,11.00182
1100,3.378665,-9.8,-3.685732,11.00182
1101,3.378665,-9.8,-3.685732,11.00182
1102,3.378665,-9.8,-3.685732,11.00182
1103,3.378665,-9.8,-3.685732,11.00182
1104,3.378665,-9.8,-3.685732,11.00182
1105,3.378665,-9.8,-3.685732,11.00182
1106,3.378665,-9.8,-3.685732,11.00182
1107,3.378665,-9.8,-3.685732,11.00182
1108,3.378665,-9.8,-3.685732,11.00182
1109,3.378665,-9.8,-3.685732,11.00182
1110,3.378665,-9.8,-3.685732,11.00182
1111,3.378665,-9.8,-3.685732,11.00182
1112,3.378665,-9.8,-3.685732,11.00182
1113,3.378665,-9.8,-3.685732,11.00182
1114,3.378665,-9.8,-3.685732,11.00182
1115,3.378665,-9.8,-3.685732,11.00182
1116,3.378665,-9.8,-3.685732,11.00182
1117,3.378665,-9.8,-3.685732,11.00182
1118,3.378665,-9.8,-3.685732,11.00182
1119,3.378665,-9.8,-3.685732,11.00182
1120,3.378665,-9.8,-3.685732,11.00182
1121,3.378665,-9.8,-3.685732,11.00182
1122,3.378665,-9.8,-3.685732,11.00182
1123,3.378665,-9.8,-3.685732,11.00182
1124,3.378665,-9.8,-3.685732,11.00182
1125,3.378665,-9.8,-3.685732,11.00182
1126,3.378665,-9.8,-3.685732,11.00182
1127,3.378665,-9.8,-3.685732,11.00182
1128,3.378665,-9.8,-3.685732,11.00182
1129,3.378665,-9.8,-3.685732,11.00182
1130,3.378665,-9.8,-3.685732,11.00182
1131,3.378665,-9.8,-3.685732,11.00182
1132,3.378665,-9.8,-3.685732,11.00182
1133,3.378665,-9.8,-3.685732,11.00182
1134,3.378665,-9.8,-3.685732,11.00182
1135,3.378665,-9.8,-3.685732,11.00182
1136,3.378665,-9.8,-3.685732,11.00182
1137,3.378665,-9.8,-3.685732,11.00182
1138,3.378665,-9.8,-3.685732,11.00182
1139,3.378665,-9.8,-3.685732,11.00182
1140,3.378665,-9.8,-3.685732,11.00182
1141,3.378665,-9.8,-3.685732,11.00182
1142,3.378665,-9.8,-3.685732,11.00182
1143,3.378665,-9.8,-3.685732,11.00182
1144,3.378665,-9.8,-3.685732,11.00182
1145,3.378665,-9.8,-3.685732,11.00182
1146,3.378665,-9.8,-3.685732,11.00182
1147,3.378665,-9.8,-3.685732,11.00182
1148,3.378665,-9.8,-3.685732,11.00182
1149,3.378665,-9.8,-3.685732,11.00182
1150,3.378665,-9.8,-3.685732,11.00182
1151,3.378665,-9.8,-3.685732,11.00182
1152,3.378665,-9.8,-3.685732,11.00182
1153,3.378665,-9.8,-3.685732,11.00182
1154,3.378665,-9.8,-3.685732,11.00182
1155,3.378665,-9.8,-3.685732,11.00182
1156,3.378665,-9.8,-3.685732,11.00182
1157,3.378665,-9.8,-3.685732,11.00182
1158,3.378665,-9.8,-3.685732,11.00182
1159,3.378665,-9.8,-3.685732,11.00182
1160,3.378665,-9.8,-3.685732,11.00182
1161,3.378665,-9.8,-3.685732,11.00182
1162,3.378665,-9.8,-3.685732,11.00182
1163,3.378665,-9.8,-3.685732,11.00182
1164,3.378665,-9.8,-3.685732,11.00182
1165,3.378665,-9.8,-3.685732,11.00182
1166,3.378665,-9.8,-3.685732,11.00182
1167,3.378665,-9.8,-3.685732,11.00182
1168,3.378665,-9.8,-3.685732,11.00182
1169,3.378665,-9.8,-3.685732,11.00182
1170,3.378665,-9.8,-3.685732,11.00182
1171,3.378665,-9.8,-3.685732,11.00182
1172,3.378665,-9.8,-3.685732,11.00182
1173,3.378665,-9.8,-3.685732,11.00182
1174,3.378665,-9.8,-3.685732,11.00182
1175,3.378665,-9.8,-3.685732,11.00182
1176,3.378665,-9.8,-3.685732,11.00182
1177,3.378665,-9.8,-3.685732,11.00182
1178,3.378665,-9.8,-3.685732,11.00182
1179,3.378665,-9.8,-3.685732,11.00182
1180,3.378665,-9.8,-3.685732,11.00182
1181,3.378665,-9.8,-3.685732,11.00182
1182,3.378665,-9.8,-3.685732,11.00182
1183,3.378665,-9.8,-3.685732,11.00182
1184,3.378665,-9.8,-3.685732,11.00182
1185,3.378665,-9.8,-3.685732,11.00182
1186,3.378665,-9.8,-3.685732,11.00182
1187,3.378665,-9.8,-3.685732,11.00182
1188,3.378665,-9.8,-3.685732,11.00182
1189,3.378665,-9.8,-3.685732,11.00182
1190,3.378665,-9.8,-3.685732,11.00182
1191,3.378665,-9.8,-3.685732,11.00182
1192,3.378665,-9.8,-3.685732,11.00182
1193,3.378665,-9.8,-3.685732,11.00182
1194,3.378665,-9.8,-3.685732,11.00182
1195,3.378665,-9.8,-3.685732,11.00182
1196,3.378665,-9.8,-3.685732,11.00182
1197,3.378665,-9.8,-3.685732,11.00182
1198,3.378665,-9.8,-3.685732,11.00182
1199,3.378665,-9.8,-3.685732,11.00182
1200,3.378665,-9.8,-3.685732,11.00182
1201,3.378665,-9.8,-3.685732,11.00182
1202,3.378665,-9.8,-3.685732,11.00182
1203,3.378665,-9.8,-3.685732,11.00182
1204,3.378665,-9.8,-3.685732,11.00182
1205,3.378665,-9.8,-3.685732,11.00182
1206,3.378665,-9.8,-3.685732,11.00182
1207,3.378665,-9.8,-3.685732,11.00182
1208,3.378665,-9.8,-3.685732,11.00182
1209,3.378665,-9.8,-3.685732,11.00182
1210,3.378665,-9.8,-3.685732,11.00182
1211,3.378665,-9.8,-3.685732,11.00182
1212,3.378665,-9.8,-3.685732,11.00182
1213,3.378665,-9.8,-3.685732,11.00182
1214,3.378665,-9.8,-3.685732,11.00182
1215,3.378665,-9.8,-3.685732,11.00182
1216,3.378665,-9.8,-3.685732,11.00182
1217,3.378665,-9.8,-3.685732,11.00182
1218,3.378665,-9.8,-3.685732,11.00182
1219,3.378665,-9.8,-3.685732,11.00182
1220,3.378665,-9.8,-3.685732,11.00182
1221,3.378665,-9.8,-3.685732,11.00182
1222,3.378665,-9.8,-3.685732,11.00182
1223,3.378665,-9.8,-3.685732,11.00182
1224,3.378665,-9.8,-3.685732,11.00182
1225,3.378665,-9.8,-3.685732,11.00182
1226,3.378665,-9.8,-3.685732,11.00182
1227,3.378665,-9.8,-3.685732,11.00182
1228,3.378665,-9.8,-3.685732,11.00182
1229,3.378665,-9.8,-3.685732,11.00182
1230,3.378665,-9.8,-3.685732,11.00182
1231,3.378665,-9.8,-3.685732,11.00182
1232,3.378665,-9.8,-3.685732,11.00182
1233,3.378665,-9.8,-3.685732,11.00182
1234,3.378665,-9.8,-3.685732,11.00182
1235,3.378665,-9.8,-3.685732,11.00182
1236,3.378665,-9.8,-3.685732,11.00182
1237,3.378665,-9.8,-3.685732,11.00182
1238,3.378665,-9.8,-3.685732,11.00182
1239,3.378665,-9.8,-3.685732,11.00182
1240,3.378665,-9.8,-3.685732,11.00182
1241,3.378665,-9.8,-3.685732,11.00182
1242,3.378665,-9.8,-3.685732,11.00182
1243,3.378665,-9.8,-3.685732,11.00182
1244,3.378665,-9.8,-3.685732,11.00182
1245,3.378665,-9.8,-3.685732,11.00182
1246,3.378665,-9.8,-3.685732,11.00182
1247,3.378665,-9.8,-3.685732,11.00182
1248,3.378665,-9.8,-3.685732,11.00182
1249,3.378665,-9.8,-3.685732,11.00182
1250,3.378665,-9.8,-3.685732,11.00182
1251,3.378665,-9.8,-3.685732,11.00182
1252,3.378665,-9.8,-3.685732,11.00182
1253,3.378665,-9.8,-3.685732,11.00182
1254,3.378665,-9.8,-3.685732,11.00182
1255,3.378665,-9.8,-3.685732,11.00182
1256,3.378665,-9.8,-3.685732,11.00182
1257,3.378665,-9.8,-3.685732,11.00182
1258,3.378665,-9.8,-3.685732,11.00182
1259,3.378665,-9.8,-3.685732,11.00182
1260,3.378665,-9.8,-3.685732,11.00182
1261,3.378665,-9.8,-3.685732,11.00182
1262,3.378665,-9.8,-3.685732,11.00182
1263,3.378665,-9.8,-3.685732,11.00182
1264,3.378665,-9.8,-3.685732,11.00182
1265,3.378665,-9.8,-3.685732,11.00182
1266,3.378665,-9.8,-3.685732,11.00182
1267,3.378665,-9.8,-3.685732,11.00182
1268,3.378665,-9.8,-3.685732,11.00182
1269,3.378665,-9.8,-3.685732,11.00182
1270,3.378665,-9.8,-3.685732,11.00182
1271,3.378665,-9.8,-3.685732,11.00182
1272,3.378665,-9.8,-3.685732,11.00182
1273,3.378665,-9.8,-3.685732,11.00182
1274,3.378665,-9.8,-3.685732,11.00182
1275,3.378665,-9.8,-3.685732,11.00182
1276,3.378665,-9.8,-3.685732,11.00182
1277,3.378665,-9.8,-3.685732,11.00182
1278,3.378665,-9.8,-3.685732,11.00182
1279,3.378665,-9.8,-3.685732,11.00182
1280,3.378665,-9.8,-3.685732,11.00182
1281,3.378665,-9.8,-3.685732,11.00182
1282,3.378665,-9.8,-3.685732,11.00182
1283,3.378665,-9.8,-3.685732,11.00182
1284,3.378665,-9.8,-3.685732,11.00182
1285,3.378665,-9.8,-3.685732,11.00182
1286,3.378665,-9.8,-3.685732,11.00182
1287,3.378665,-9.8,-3.685732,11.00182
1288,3.378665,-9.8,-3.685732,11.00182
1289,3.378665,-9.8,-3.685732,11.00182
1290,3.378665,-9.8,-3.685732,11.00182
1291,3.378665,-9.8,-3.685732,11.00182
1292,3.378665,-9.8,-3.685732,11.00182
1293,3.378665,-9.8,-3.685732,11.00182
1294,3.378665,-9.8,-3.685732,11.00182
1295,3.378665,-9.8,-3.685732,11.00182
1296,3.378665,-9.8,-3.685732,11.00182
1297,3.378665,-9.8,-3.685732,11.00182
1298,3.378665,-9.8,-3.685732,11.00182
1299,3.378665,-9.8,-3.685732,11.00182
1300,3.378665,-9.8,-3.685732,11.00182
1301,3.378665,-9.8,-3.685732,11.00182
1302,3.378665,-9.8,-3.685732,11.00182
1303,3.378665,-9.8,-3.685732,11.00182
1304,3.378665,-9.8,-3.685732,11.00182
1305,3.378665,-9.8,-3.685732,11.00182
1306,3.378665,-9.8,-3.685732,11.00182
1307,3.378665,-9.8,-3.685732,11.00182
1308,3.378665,-9.8,-3.685732,11.00182
1309,3.378665,-9.8,-3.685732,11.00182
1310,3.378665,-9.8,-3.685732,11.00182
1311,3.378665,-9.8,-3.685732,11.00182
1312,3.378665,-9.8,-3.685732,11.00182
1313,3.378665,-9.8,-3.685732,11.00182
1314,3.378665,-9.8,-3.685732,11.00182
1315,3.378665,-9.8,-3.685732,11.00182
1316,3.378665,-9.8,-3.685732,11.00182
1317,3.378665,-9.8,-3.685732,11.00182
1318,3.378665,-9.8,-3.685732,11.00182
1319,3.378665,-9.8,-3.685732,11.00182
1320,3.378665,-9.8,-3.685732,11.00182
1321,3.378665,-9.8,-3.685732,11.00182
1322,3.378665,-9.8,-3.685732,11.00182
1323,3.378665,-9.8,-3.685732,11.00182
1324,3.378665,-9.8,-3.685732,11.00182
1325,3.378665,-9.8,-3.685732,11.00182
1326,3.378665,-9.8,-3.685732,11.00182
1327,3.378665,-9.8,-3.685732,11.00182
1328,3.378665,-9.8,-3.685732,11.00182
1329,3.378665,-9.8,-3.685732,11.00182
1330,3.378665,-9.8,-3.685732,11.00182
1331,3.378665,-9.8,-3.685732,11.00182
1332,3.378665,-9.8,-3.685732,11.00182
1333,3.378665,-9.8,-3.685732,11.00182
1334,3.378665,-9.8,-3.685732,11.00182
1335,3.378665,-9.8,-3.685732,11.00182
1336,3.378665,-9.8,-3.685732,11.00182
1337,3.378665,-9.8,-3.685732,11.00182
1338,3.378665,-9.8,-3.685732,11.00182
1339,3.378665,-9.8,-3.685732,11.00182
1340,3.378665,-9.8,-3.685732,11.00182
1341,3.378665,-9.8,-3.685732,11.00182
1342,3.378665,-9.8,-3.685732,11.00182
1343,3.378665,-9.8,-3.685732,11.00182
1344,3.378665,-9.8,-3.685732,11.00182
1345,3.378665,-9.8,-3.685732,11.00182
1346,3.378665,-9.8,-3.685732,11.00182
1347,3.378665,-9.8,-3.685732,11.00182
1348,3.378665,-9.8,-3.685732,11.00182
1349,3.378665,-9.8,-3.685732,11.00182
1350,3.378665,-9.8,-3.685732,11.00182
1351,3.378665,-9.8,-3.685732,11.00182
1352,3.378665,-9.8,-3.685732,11.00182
1353,3.378665,-9.8,-3.685732,11.00182
1354,3.378665,-9.8,-3.685732,11.00182
1355,3.378665,-9.8,-3.685732,11.00182
1356,3.378665,-9.8,-3.685732,11.00182
1357,3.378665,-9.8,-3.685732,11.00182
1358,3.378665,-9.8,-3.685732,11.00182
1359,3.378665,-9.8,-3.685732,11.00182
1360,3.378665,-9.8,-3.685732,11.00182
1361,3.378665,-9.8,-3.685732,11.00182
1362,3.378665,-9.8,-3.685732,11.00182
1363,3.378665,-9.8,-3.685732,11.00182
1364,3.378665,-9.8,-3.685732,11.00182
1365,3.378665,-9.8,-3.685732,11.00182
1366,3.378665,-9.8,-3.685732,11.00182
1367,3.378665,-9.8,-3.685732,11.00182
1368,3.378665,-9.8,-3.685732,11.00182
1369,3.378665,-9.8,-3.685732,11.00182
1370,3.378665,-9.8,-3.685732,11.00182
1371,3.378665,-9.8,-3.685732,11.00182
1372,3.378665,-9.8,-3.685732,11.00182
1373,3.378665,-9.8,-3.685732,11.00182
1374,3.378665,-9.8,-3.685732,11.00182
1375,3.378665,-9.8,-3.685732,11.00182
1376,3.378665,-9.8,-3.685732,11.00182
1377,3.378665,-9.8,-3.685732,11.00182
1378,3.378665,-9.8,-3.685732,11.00182
1379,3.378665,-9.8,-3.685732,11.00182
1380,3.378665,-9.8,-3.685732,11.00182
1381,3.378665,-9.8,-3.685732,11.00182
1382,3.378665,-9.8,-3.685732,11.00182
1383,3.378665,-9.8,-3.685732,11.00182
1384,3.378665,-9.8,-3.685732,11.00182
1385,3.378665,-9.8,-3.685732,11.00182
1386,3.378665,-9.8,-3.685732,11.00182
1387,3.378665,-9.8,-3.685732,11.00182
1388,3.378665,-9.8,-3.685732,11.00182
1389,3.378665,-9.8,-3.685732,11.00182
1390,3.378665,-9.8,-3.685732,11.00182
1391,3.378665,-9.8,-3.685732,11.00182
1392,3.378665,-9.8,-3.685732,11.00182
1393,3.378665,-9.8,-3.685732,11.00182
1394,3.378665,-9.8,-3.685732,11.00182
1395,3.378665,-9.8,-3.685732,11.00182
1396,3.378665,-9.8,-3.685732,11.00182
1397,3.378665,-9.8,-3.685732,11.00182
1398,3.378665,-9.8,-3.685732,11.00182
1399,3.378665,-9.8,-3.685732,11.00182
1400,3.378665,-9.8,-3.685732,11.00182
1401,3.378665,-9.8,-3.685732,11.00182
1402,3.378665,-9.8,-3.685732,11.00182
1403,3.378665,-9.8,-3.685732,11.00182
1404,3.378665,-9.8,-3.685732,11.00182
1405,3.378665,-9.8,-3.685732,11.00182
1406,3.378665,-9.8,-3.685732,11.00182
1407,3.378665,-9.8,-3.685732,11.00182
1408,3.378665,-9.8,-3.685732,11.00182
1409,3.378665,-9.8,-3.685732,11.00182
1410,3.378665,-9.8,-3.685732,11.00182
1411,3.378665,-9.8,-3.685732,11.00182
1412,3.378665,-9.8,-3.685732,11.00182
1413,3.378665,-9.8,-3.685732,11.00182
1414,3.378665,-9.8,-3.685732,11.00182
1415,3.378665,-9.8,-3.685732,11.00182
1416,3.378665,-9.8,-3.685732,11.00182
1417,3.378665,-9.8,-3.685732,11.00182
1418,3.378665,-9.8,-3.685732,11.00182
1419,3.378665,-9.8,-3.685732,11.00182
1420,3.378665,-9.8,-3.685732,11.00182
1421,3.378665,-9.8,-3.685732,11.00182
1422,3.378665,-9.8,-3.685732,11.00182
1423,3.378665,-9.8,-3.685732,11.00182
1424,3.378665,-9.8,-3.685732,11.00182
1425,3.378665,-9.8,-3.685732,11.00182
1426,3.378665,-9.8,-3.685732,11.00182
1427,3.378665,-9.8,-3.685732,11.00182
1428,3.378665,-9.8,-3.685732,11.00182
1429,3.378665,-9.8,-3.685732,11.00182
1430,3.378665,-9.8,-3.685732,11.00182
1431,3.378665,-9.8,-3.685732,11.00182
1432,3.378665,-9.8,-3.685732,11.00182
1433,3.378665,-9.8,-3.685732,11.00182
1434,3.378665,-9.8,-3.685732,11.00182
1435,3.378665,-9.8,-3.685732,11.00182
1436,3.378665,-9.8,-3.685732,11.00182
1437,3.378665,-9.8,-3.685732,11.00182
1438,3.378665,-9.8,-3.685732,11.00182
1439,3.378665,-9.8,-3.685732,11.00182
1440,3.378665,-9.8,-3.685732,11.00182
1441,3.378665,-9.8,-3.685732,11.00182
1442,3.378665,-9.8,-3.685732,11.00182
1443,3.378665,-9.8,-3.685732,11.00182
1444,3.378665,-9.8,-3.685732,11.00182
1445,3.378665,-9.8,-3.685732,11.00182
1446,3.378665,-9.8,-3.685732,11.00182
1447,3.378665,-9.8,-3.685732,11.00182
1448,3.378665,-9.8,-3.685732,11.00182
1449,3.378665,-9.8,-3.685732,11.00182
1450,3.378665,-9.8,-3.685732,11.00182
1451,3.378665,-9.8,-3.685732,11.00182
1452,3.378665,-9.8,-3.685732,11.00182
1453,3.378665,-9.8,-3.685732,11.00182
1454,3.378665,-9.8,-3.685732,11.00182
1455,3.378665,-9.8,-3.685732,11.00182
1456,3.378665,-9.8,-3.685732,11.00182
1457,3.378665,-9.8,-3.685732,11.00182
1458,3.378665,-9.8,-3.685732,11.00182
1459,3.378665,-9.8,-3.685732,11.00182
1460,3.378665,-9.8,-3.685732,11.00182
1461,3.378665,-9.8,-3.685732,11.00182
1462,3.378665,-9.8,-3.685732,11.00182
1463,3.378665,-9.8,-3.685732,11.00182
1464,3.378665,-9.8,-3.685732,11.00182
1465,3.378665,-9.8,-3.685732,11.00182
1466,3.378665,-9.8,-3.685732,11.00182
1467,3.378665,-9.8,-3.685732,11.00182
1468,3.378665,-9.8,-3.685732,11.00182
1469,3.378665,-9.8,-3.685732,11.00182
1470,3.378665,-9.8,-3.685732,11.00182
1471,3.378665,-9.8,-3.685732,11.00182
1472,3.378665,-9.8,-3.685732,11.00182
1473,3.378665,-9.8,-3.685732,11.00182
1474,3.378665,-9.8,-3.685732,11.00182
1475,3.378665,-9.8,-3.685732,11.00182
1476,3.378665,-9.8,-3.685732,11.00182
1477,3.378665,-9.8,-3.685732,11.00182
1478,3.378665,-9.8,-3.685732,11.00182
1479,3.378665,-9.8,-3.685732,11.00182
1480,3.378665,-9.8,-3.685732,11.00182
1481,3.378665,-9.8,-3.685732,11.00182
1482,3.378665,-9.8,-3.685732,11.00182
1483,3.378665,-9.8,-3.685732,11.00182
1484,3.378665,-9.8,-3.685732,11.00182
1485,3.378665,-9.8,-3.685732,11.00182
1486,3.378665,-9.8,-3.685732,11.00182
1487,3.378665,-9.8,-3.685732,11.00182
1488,3.378665,-9.8,-3.685732,11.00182
1489,3.378665,-9.8,-3.685732,11.00182
1490,3.378665,-9.8,-3.685732,11.00182
1491,3.378665,-9.8,-3.685732,11.00182
1492,3.378665,-9.8,-3.685732,11.00182
1493,3.378665,-9.8,-3.685732,11.00182
1494,3.378665,-9.8,-3.685732,11.00182
1495,3.378665,-9.8,-3.685732,11.00182
1496,3.378665,-9.8,-3.685732,11.00182
1497,3.378665,-9.8,-3.685732,11.00182
1498,3.378665,-9.8,-3.685732,11.00182
1499,3.378665,-9.8,-3.685732,11.00182
1500,3.378665,-9.8,-3.685732,11.00182
1501,3.378665,-9.8,-3.685732,11.00182
1502,3.378665,-9.8,-3.685732,11.00182
1503,3.378665,-9.8,-3.685732,11.00182
1504,3.378665,-9.8,-3.685732,11.00182
1505,3.378665,-9.8,-3.685732,11.00182
1506,3.378665,-9.8,-3.685732,11.00182
1507,3.378665,-9.8,-3.685732,11.00182
1508,3.378665,-9.8,-3.685732,11.00182
1509,3.378665,-9.8,-3.685732,11.00182
1510,3.378665,-9.8,-3.685732,11.00182
1511,3.378665,-9.8,-3.685732,11.00182
1512,3.378665,-9.8,-3.685732,11.00182
1513,3.378665,-9.8,-3.685732,11.00182
1514,3.378665,-9.8,-3.685732,11.00182
1515,3.378665,-9.8,-3.685732,11.00182
1516,3.378665,-9.8,-3.685732,11.00182
1517,3.378665,-9.8,-3.685732,11.00182
1518,3.378665,-9.8,-3.685732,11.00182
1519,3.378665,-9.8,-3.685732,11.00182
1520,3.378665,-9.8,-3.685732,11.00182
1521,3.378665,-9.8,-3.685732,11.00182
1522,3.378665,-9.8,-3.685732,11.00182
1523,3.378665,-9.8,-3.685732,11.00182
1524,3.378665,-9.8,-3.685732,11.00182
1525,3.378665,-9.8,-3.685732,11.00182
1526,3.378665,-9.8,-3.685732,11.00182
1527,3.378665,-9.8,-3.685732,11.00182
1528,3.378665,-9.8,-3.685732,11.00182
1529,3.378665,-9.8,-3.685732,11.00182
1530,3.378665,-9.8,-3.685732,11.00182
1531,3.378665,-9.8,-3.685732,11.00182
1532,3.378665,-9.8,-3.685732,11.00182
1533,3.378665,-9.8,-3.685732,11.00182
1534,3.378665,-9.8,-3.685732,11.00182
1535,3.378665,-9.8,-3.685732,11.00182
1536,3.378665,-9.8,-3.685732,11.00182
1537,3.378665,-9.8,-3.685732,11.00182
1538,3.378665,-9.8,-3.685732,11.00182
1539,3.378665,-9.8,-3.685732,11.00182
1540,3.378665,-9.8,-3.685732,11.00182
1541,3.378665,-9.8,-3.685732,11.00182
1542,3.378665,-9.8,-3.685732,11.00182
1543,3.378665,-9.8,-3.685732,11.00182
1544,3.378665,-9.8,-3.685732,11.00182
1545,3.378665,-9.8,-3.685732,11.00182
1546,3.378665,-9.8,-3.685732,11.00182
1547,3.378665,-9.8,-3.685732,11.00182
1548,3.378665,-9.8,-3.685732,11.00182
1549,3.378665,-9.8,-3.685732,11.00182
1550,3.378665,-9.8,-3.685732,11.00182
1551,3.378665,-9.8,-3.685732,11.00182
1552,3.378665,-9.8,-3.685732,11.00182
1553,3.378665,-9.8,-3.685732,11.00182
1554,3.378665,-9.8,-3.685732,11.00182
1555,3.378665,-9.8,-3.685732,11.00182
1556,3.378665,-9.8,-3.685732,11.00182
1557,3.378665,-9.8,-3.685732,11.00182
1558,3.378665,-9.8,-3.685732,11.00182
1559,3.378665,-9.8,-3.685732,11.00182
1560,3.378665,-9.8,-3.685732,11.00182
1561,3.378665,-9.8,-3.685732,11.00182
1562,3.378665,-9.8,-3.685732,11.00182
1563,3.378665,-9.8,-3.685732,11.00182
1564,3.378665,-9.8,-3.685732,11.00182
1565,3.378665,-9.8,-3.685732,11.00182
1566,3.378665,-9.8,-3.685732,11.00182
1567,3.378665,-9.8,-3.685732,11.00182
1568,3.378665,-9.8,-3.685732,11.00182
1569,3.378665,-9.8,-3.685732,11.00182
1570,3.378665,-9.8,-3.685732,11.00182
1571,3.378665,-9.8,-3.685732,11.00182
1572,3.378665,-9.8,-3.685732,11.00182
1573,3.378665,-9.8,-3.685732,11.00182
1574,3.378665,-9.8,-3.685732,11.00182
1575,3.378665,-9.8,-3.685732,11.00182
1576,3.378665,-9.8,-3.685732,11.00182
1577,3.378665,-9.8,-3.685732,11.00182
1578,3.378665,-9.8,-3.685732,11.00182
1579,3.378665,-9.8,-3.685732,11.00182
1580,3.378665,-9.8,-3.685732,11.00182
1581,3.378665,-9.8,-3.685732,11.00182
1582,3.378665,-9.8,-3.685732,11.00182
1583,3.378665,-9.8,-3.685732,11.00182
1584,3.378665,-9.8,-3.685732,11.00182
1585,3.378665,-9.8,-3.685732,11.00182
1586,3.378665,-9.8,-3.685732,11.00182
1587,3.378665,-9.8,-3.685732,11.00182
1588,3.378665,-9.8,-3.685732,11.00182
1589,3.378665,-9.8,-3.685732,11.00182
1590,3.378665,-9.8,-3.685732,11.00182
1591,3.378665,-9.8,-3.685732,11.00182
1592,3.378665,-9.8,-3.685732,11.00182
1593,3.378665,-9.8,-3.685732,11.00182
1594,3.378665,-9.8,-3.685732,11.00182
1595,3.378665,-9.8,-3.685732,11.00182
1596,3.378665,-9.8,-3.685732,11.00182
1597,3.378665,-9.8,-3.685732,11.00182
1598,3.378665,-9.8,-3.685732,11.00182
1599,3.378665,-9.8,-3.685732,11.00182
1600,3.378665,-9.8,-3.685732,11.00182
1601,3.378665,-9.8,-3.685732,11.00182
1602,3.378665,-9.8,-3.685732,11.00182
1603,3.378665,-9.8,-3.685732,11.00182
1604,3.378665,-9.8,-3.685732,11.00182
1605,3.378665,-9.8,-3.685732,11.00182
1606,3.378665,-9.8,-3.685732,11.00182
1607,3.378665,-9.8,-3.685732,11.00182
1608,3.378665,-9.8,-3.685732,11.00182
1609,3.378665,-9.8,-3.685732,11.00182
1610,3.378665,-9.8,-3.685732,11.00182
1611,3.378665,-9.8,-3.685732,11.00182
1612,3.378665,-9.8,-3.685732,11.00182
1613,3.378665,-9.8,-3.685732,11.00182
1614,3.378665,-9.8,-3.685732,11.00182
1615,3.378665,-9.8,-3.685732,11.00182
1616,3.378665,-9.8,-3.685732,11.00182
1617,3.378665,-9.8,-3.685732,11.00182
1618,3.378665,-9.8,-3.685732,11.00182
1619,3.378665,-9.8,-3.685732,11.00182
1620,3.378665,-9.8,-3.685732,11.00182
1621,3.378665,-9.8,-3.685732,11.00182
1622,3.378665,-9.8,-3.685732,11.00182
1623,3.378665,-9.8,-3.685732,11.00182
1624,3.378665,-9.8,-3.685732,11.00182
1625,3.378665,-9.8,-3.685732,11.00182
1626,3.378665,-9.8,-3.685732,11.00182
1627,3.378665,-9.8,-3.685732,11.00182
1628,3.378665,-9.8,-3.685732,11.00182
1629,3.378665,-9.8,-3.685732,11.00182
1630,3.378665,-9.8,-3.685732,11.00182
1631,3.378665,-9.8,-3.685732,11.00182
1632,3.378665,-9.8,-3.685732,11.00182
1633,3.378665,-9.8,-3.685732,11.00182
1634,3.378665,-9.8,-3.685732,11.00182
1635,3.378665,-9.8,-3.685732,11.00182
1636,3.378665,-9.8,-3.685732,11.00182
1637,3.378665,-9.8,-3.685732,11.00182
1638,3.378665,-9.8,-3.685732,11.00182
1639,3.378665,-9.8,-3.685732,11.00182
1640,3.378665,-9.8,-3.685732,11.00182
1641,3.378665,-9.8,-3.685732,11.00182
1642,3.378665,-9.8,-3.685732,11.00182
1643,3.378665,-9.8,-3.685732,11.00182
1644,3.378665,-9.8,-3.685732,11.00182
1645,3.378665,-9.8,-3.685732,11.00182
1646,3.378665,-9.8,-3.685732,11.00182
1647,3.378665,-9.8,-3.685732,11.00182
1648,3.378665,-9.8,-3.685732,11.00182
1649,3.378665,-9.8,-3.685732,11.00182
1650,3.378665,-9.8,-3.685732,11.00182
1651,3.378665,-9.8,-3.685732,11.00182
1652,3.378665,-9.8,-3.685732,11.00182
1653,3.378665,-9.8,-3.685732,11.00182
1654,3.378665,-9.8,-3.685732,11.00182
1655,3.378665,-9.8,-3.685732,11.00182
1656,3.378665,-9.8,-3.685732,11.00182
1657,3.378665,-9.8,-3.685732,11.00182
1658,3.378665,-9.8,-3.685732,11.00182
1659,3.378665,-9.8,-3.685732,11.00182
1660,3.378665,-9.8,-3.685732,11.00182
1661,3.378665,-9.8,-3.685732,11.00182
1662,3.378665,-9.8,-3.685732,11.00182
1663,3.378665,-9.8,-3.685732,11.00182
1664,3.378665,-9.8,-3.685732,11.00182
1665,3.378665,-9.8,-3.685732,11.00182
1666,3.378665,-9.8,-3.685732,11.00182
1667,3.378665,-9.8,-3.685732,11.00182
1668,3.378665,-9.8,-3.685732,11.00182
1669,3.378665,-9.8,-3.685732,11.00182
1670,3.378665,-9.8,-3.685732,11.00182
1671,3.378665,-9.8,-3.685732,11.00182
1672,3.378665,-9.8,-3.685732,11.00182
1673,3.378665,-9.8,-3.685732,11.00182
1674,3.378665,-9.8,-3.685732,11.00182
1675,3.378665,-9.8,-3.685732,11.00182
1676,3.378665,-9.8,-3.685732,11.00182
1677,3.378665,-9.8,-3.685732,11.00182
1678,3.378665,-9.8,-3.685732,11.00182
1679,3.378665,-9.8,-3.685732,11.00182
1680,3.378665,-9.8,-3.685732,11.00182
1681,3.378665,-9.8,-3.685732,11.00182
1682,3.378665,-9.8,-3.685732,11.00182
1683,3.378665,-9.8,-3.685732,11.00182
1684,3.378665,-9.8,-3.685732,11.00182
1685,3.378665,-9.8,-3.685732,11.00182
1686,3.378665,-9.8,-3.685732,11.00182
1687,3.378665,-9.8,-3.685732,11.00182
1688,3.378665,-9.8,-3.685732,11.00182
1689,3.378665,-9.8,-3.685732,11.00182
1690,3.378665,-9.8,-3.685732,11.00182
1691,3.378665,-9.8,-3.685732,11.00182
1692,3.378665,-9.8,-3.685732,11.00182
1693,3.378665,-9.8,-3.685732,11.00182
1694,3.378665,-9.8,-3.685732,11.00182
1695,3.378665,-9.8,-3.685732,11.00182
1696,3.378665,-9.8,-3.685732,11.00182
1697,3.378665,-9.8,-3.685732,11.00182
1698,3.378665,-9.8,-3.685732,11.00182
1699,3.378665,-9.8,-3.685732,11.00182
1700,3.378665,-9.8,-3.685732,11.00182
1701,3.378665,-9.8,-3.685732,11.00182
1702,3.378665,-9.8,-3.685732,11.00182
1703,3.378665,-9.8,-3.685732,11.00182
1704,3.378665,-9.8,-3.685732,11.00182
1705,3.378665,-9.8,-3.685732,11.00182
1706,3.378665,-9.8,-3.685732,11.00182
1707,3.378665,-9.8,-3.685732,11.00182
1708,3.378665,-9.8,-3.685732,11.00182
1709,3.378665,-9.8,-3.685732,11.00182
1710,3.378665,-9.8,-3.685732,11.00182
1711,3.378665,-9.8,-3.685732,11.00182
1712,3.378665,-9.8,-3.685732,11.00182
1713,3.378665,-9.8,-3.685732,11.00182
1714,3.378665,-9.8,-3.685732,11.00182
1715,3.378665,-9.8,-3.685732,11.00182
1716,3.378665,-9.8,-3.685732,11.00182
1717,3.378665,-9.8,-3.685732,11.00182
1718,3.378665,-9.8,-3.685732,11.00182
1719,3.378665,-9.8,-3.685732,11.00182
1720,3.378665,-9.8,-3.685732,11.00182
1721,3.378665,-9.8,-3.685732,11.00182
1722,3.378665,-9.8,-3.685732,11.00182
1723,3.378665,-9.8,-3.685732,11.00182
1724,3.378665,-9.8,-3.685732,11.00182
1725,3.378665,-9.8,-3.685732,11.00182
1726,3.378665,-9.8,-3.685732,11.00182
1727,3.378665,-9.8,-3.685732,11.00182
1728,3.378665,-9.8,-3.685732,11.00182
1729,3.378665,-9.8,-3.685732,11.00182
1730,3.378665,-9.8,-3.685732,11.00182
1731,3.378665,-9.8,-3.685732,11.00182
1732,3.378665,-9.8,-3.685732,11.00182
1733,3.378665,-9.8,-3.685732,11.00182
1734,3.378665,-9.8,-3.685732,11.00182
1735,3.378665,-9.8,-3.685732,11.00182
1736,3.378665,-9.8,-3.685732,11.00182
1737,3.378665,-9.8,-3.685732,11.00182
1738,3.378665,-9.8,-3.685732,11.00182
1739,3.378665,-9.8,-3.685732,11.00182
1740,3.378665,-9.8,-3.685732,11.00182
1741,3.378665,-9.8,-3.685732,11.00182
1742,3.378665,-9.8,-3.685732,11.00182
1743,3.378665,-9.8,-3.685732,11.00182
1744,3.378665,-9.8,-3.685732,11.00182
1745,3.378665,-9.8,-3.685732,11.00182
1746,3.378665,-9.8,-3.685732,11.00182
1747,3.378665,-9.8,-3.685732,11.00182
1748,3.378665,-9.8,-3.685732,11.00182
1749,3.378665,-9.8,-3.685732,11.00182
1750,3.378665,-9.8,-3.685732,11.00182
1751,3.378665,-9.8,-3.685732,11.00182
1752,3.378665,-9.8,-3.685732,11.00182
1753,3.378665,-9.8,-3.685732,11.00182
1754,3.378665,-9.8,-3.685732,11.00182
1755,3.378665,-9.8,-3.685732,11.00182
1756,3.378665,-9.8,-3.685732,11.00182
1757,3.378665,-9.8,-3.685732,11.00182
1758,3.378665,-9.8,-3.685732,11.00182
1759,3.378665,-9.8,-3.685732,11.00182
1760,3.378665,-9.8,-3.685732,11.00182
1761,3.378665,-9.8,-3.685732,11.00182
1762,3.378665,-9.8,-3.685732,11.00182
1763,3.378665,-9.8,-3.685732,11.00182
1764,3.378665,-9.8,-3.685732,11.00182
1765,3.378665,-9.8,-3.685732,11.00182
1766,3.378665,-9.8,-3.685732,11.00182
1767,3.378665,-9.8,-3.685732,11.00182
1768,3.378665,-9.8,-3.685732,11.00182
1769,3.378665,-9.8,-3.685732,11.00182
1770,3.378665,-9.8,-3.685732,11.00182
1771,3.378665,-9.8,-3.685732,11.00182
1772,3.378665,-9.8,-3.685732,11.00182
1773,3.378665,-9.8,-3.685732,11.00182
1774,3.378665,-9.8,-3.685732,11.00182
1775,3.378665,-9.8,-3.685732,11.00182
1776,3.378665,-9.8,-3.685732,11.00182
1777,3.378665,-9.8,-3.685732,11.00182
1778,3.378665,-9.8,-3.685732,11.00182
1779,3.378665,-9.8,-3.685732,11.00182
1780,3.378665,-9.8,-3.685732,11.00182
1781,3.378665,-9.8,-3.685732,11.00182
1782,3.378665,-9.8,-3.685732,11.00182
1783,3.378665,-9.8,-3.685732,11.00182
1784,3.378665,-9.8,-3.685732,11.00182
1785,3.378665,-9.8,-3.685732,11.00182
1786,3.378665,-9.8,-3.685732,11.00182
1787,3.378665,-9.8,-3.685732,11.00182
1788,3.378665,-9.8,-3.685732,11.00182
1789,3.378665,-9.8,-3.685732,11.00182
1790,3.378665,-9.8,-3.685732,11.00182
1791,3.378665,-9.8,-3.685732,11.00182
1792,3.378665,-9.8,-3.685732,11.00182
1793,3.378665,-9.8,-3.685732,11.00182
1794,3.378665,-9.8,-3.685732,11.00182
1795,3.378665,-9.8,-3.685732,11.00182
1796,3.378665,-9.8,-3.685732,11.00182
1797,3.378665,-9.8,-3.685732,11.00182
1798,3.378665,-9.8,-3.685732,11.00182
1799,3.378665,-9.8,-3.685732,11.00182
1800,3.378665,-9.8,-3.685732,11.00182
1801,3.378665,-9.8,-3.685732,11.00182
1802,3.378665,-9.8,-3.685732,11.00182
1803,3.378665,-9.8,-3.685732,11.00182
1804,3.378665,-9.8,-3.685732,11.00182
1805,3.378665,-9.8,-3.685732,11.00182
1806,3.378665,-9.8,-3.685732,11.00182
1807,3.378665,-9.8,-3.685732,11.00182
1808,3.378665,-9.8,-3.685732,11.00182
1809,3.378665,-9.8,-3.685732,11.00182
1810,3.378665,-9.8,-3.685732,11.00182
1811,3.378665,-9.8,-3.685732,11.00182
1812,3.378665,-9.8,-3.685732,11.00182
1813,3.378665,-9.8,-3.685732,11.00182
1814,3.378665,-9.8,-3.685732,11.00182
1815,3.378665,-9.8,-3.685732,11.00182
1816,3.378665,-9.8,-3.685732,11.00182
1817,3.378665,-9.8,-3.685732,11.00182
1818,3.378665,-9.8,-3.685732,11.00182
1819,3.378665,-9.8,-3.685732,11.00182
1820,3.378665,-9.8,-3.685732,11.00182
1821,3.378665,-9.8,-3.685732,11.00182
1822,3.378665,-9.8,-3.685732,11.00182
1823,3.378665,-9.8,-3.685732,11.00182
1824,3.378665,-9.8,-3.685732,11.00182
1825,3.378665,-9.8,-3.685732,11.00182
1826,3.378665,-9.8,-3.685732,11.00182
1827,3.378665,-9.8,-3.685732,11.00182
1828,3.378665,-9.8,-3.685732,11.00182
1829,3.378665,-9.8,-3.685732,11.00182
1830,3.378665,-9.8,-3.685732,11.00182
1831,3.378665,-9.8,-3.685732,11.00182
1832,3.378665,-9.8,-3.685732,11.00182
1833,3.378665,-9.8,-3.685732,11.00182
1834,3.378665,-9.8,-3.685732,11.00182
1835,3.378665,-9.8,-3.685732,11.00182
1836,3.378665,-9.8,-3.685732,11.00182
1837,3.378665,-9.8,-3.685732,11.00182
1838,3.378665,-9.8,-3.685732,11.00182
1839,3.378665,-9.8,-3.685732,11.00182
1840,3.378665,-9.8,-3.685732,11.00182
1841,3.378665,-9.8,-3.685732,11.00182
1842,3.378665,-9.8,-3.685732,11.00182
1843,3.378665,-9.8,-3.685732,11.00182
1844,3.378665,-9.8,-3.685732,11.00182
1845,3.378665,-9.8,-3.685732,11.00182
1846,3.378665,-9.8,-3.685732,11.00182
1847,3.378665,-9.8,-3.685732,11.00182
1848,3.378665,-9.8,-3.685732,11.00182
1849,3.378665,-9.8,-3.685732,11.00182
1850,3.378665,-9.8,-3.685732,11.00182
1851,3.378665,-9.8,-3.685732,11.00182
1852,3.378665,-9.8,-3.685732,11.00182
1853,3.378665,-9.8,-3.685732,11.00182
1854,3.378665,-9.8,-3.685732,11.00182
1855,3.378665,-9.8,-3.685732,11.00182
1856,3.378665,-9.8,-3.685732,11.00182
1857,3.378665,-9.8,-3.685732,11.00182
1858,3.378665,-9.8,-3.685732,11.00182
1859,3.378665,-9.8,-3.685732,11.00182
1860,3.378665,-9.8,-3.685732,11.00182
1861,3.378665,-9.8,-3.685732,11.00182
1862,3.378665,-9.8,-3.685732,11.00182
1863,3.378665,-9.8,-3.685732,11.00182
1864,3.378665,-9.8,-3.685732,11.00182
1865,3.378665,-9.8,-3.685732,11.00182
1866,3.378665,-9.8,-3.685732,11.00182
1867,3.378665,-9.8,-3.685732,11.00182
1868,3.378665,-9.8,-3.685732,11.00182
1869,3.378665,-9.8,-3.685732,11.00182
1870,3.378665,-9.8,-3.685732,11.00182
1871,3.378665,-9.8,-3.685732,11.00182
1872,3.378665,-9.8,-3.685732,11.00182
1873,3.378665,-9.8,-3.685732,11.00182
1874,3.378665,-9.8,-3.685732,11.00182
1875,3.378665,-9.8,-3.685732,11.00182
1876,3.378665,-9.8,-3.685732,11.00182
1877,3.378665,-9.8,-3.685732,11.00182
1878,3.378665,-9.8,-3.685732,11.00182
1879,3.378665,-9.8,-3.685732,11.00182
1880,3.378665,-9.8,-3.685732,11.00182
1881,3.378665,-9.8,-3.685732,11.00182
1882,3.378665,-9.8,-3.685732,11.00182
1883,3.378665,-9.8,-3.685732,11.00182
1884,3.378665,-9.8,-3.685732,11.00182
1885,3.378665,-9.8,-3.685732,11.00182
1886,3.378665,-9.8,-3.685732,11.00182
1887,3.378665,-9.8,-3.685732,11.00182
1888,3.378665,-9.8,-3.685732,11.00182
1889,3.378665,-9.8,-3.685732,11.00182
1890,3.378665,-9.8,-3.685732,11.00182
1891,3.378665,-9.8,-3.685732,11.00182
1892,3.378665,-9.8,-3.685732,11.00182
1893,3.378665,-9.8,-3.685732,11.00182
1894,3.378665,-9.8,-3.685732,11.00182
1895,3.378665,-9.8,-3.685732,11.00182
1896,3.378665,-9.8,-3.685732,11.00182
1897,3.378665,-9.8,-3.685732,11.00182
1898,3.378665,-9.8,-3.685732,11.00182
1899,3.378665,-9.8,-3.685732,11.00182
1900,3.378665,-9.8,-3.685732,11.00182
1901,3.378665,-9.8,-3.685732,11.00182
1902,3.378665,-9.8,-3.685732,11.00182
1903,3.378665,-9.8,-3.685732,11.00182
1904,3.378665,-9.8,-3.685732,11.00182
1905,3.378665,-9.8,-3.685732,11.00182
1906,3.378665,-9.8,-3.685732,11.00182
1907,3.378665,-9.8,-3.685732,11.00182
1908,3.378665,-9.8,-3.685732,11.00182
1909,3.378665,-9.8,-3.685732,11.00182
1910,3.378665,-9.8,-3.685732,11.00182
1911,3.378665,-9.8,-3.685732,11.00182
1912,3.378665,-9.8,-3.685732,11.00182
1913,3.378665,-9.8,-3.685732,11.00182
1914,3.378665,-9.8,-3.685732,11.00182
1915,3.378665,-9.8,-3.685732,11.00182
1916,3.378665,-9.8,-3.685732,11.00182
1917,3.378665,-9.8,-3.685732,11.00182
1918,3.378665,-9.8,-3.685732,11.00182
1919,3.378665,-9.8,-3.685732,11.00182
1920,3.378665,-9.8,-3.685732,11.00182
1921,3.378665,-9.8,-3.685732,11.00182
1922,3.378665,-9.8,-3.685732,11.00182
1923,3.378665,-9.8,-3.685732,11.00182
1924,3.378665,-9.8,-3.685732,11.00182
1925,3.378665,-9.8,-3.685732,11.00182
1926,3.378665,-9.8,-3.685732,11.00182
1927,3.378665,-9.8,-3.685732,11.00182
1928,3.378665,-9.8,-3.685732,11.00182
1929,3.378665,-9.8,-3.685732,11.00182
1930,3.378665,-9.8,-3.685732,11.00182
1931,3.378665,-9.8,-3.685732,11.00182
1932,3.378665,-9.8,-3.685732,11.00182
1933,3.378665,-9.8,-3.685732,11.00182
1934,3.378665,-9.8,-3.685732,11.00182
1935,3.378665,-9.8,-3.685732,11.00182
1936,3.378665,-9.8,-3.685732,11.00182
1937,3.378665,-9.8,-3.685732,11.00182
1938,3.378665,-9.8,-3.685732,11.00182
1939,3.378665,-9.8,-3.685732,11.00182
1940,3.378665,-9.8,-3.685732,11.00182
1941,3.378665,-9.8,-3.685732,11.00182
1942,3.378665,-9.8,-3.685732,11.00182
1943,3.378665,-9.8,-3.685732,11.00182
1944,3.378665,-9.8,-3.685732,11.00182
1945,3.378665,-9.8,-3.685732,11.00182
1946,3.378665,-9.8,-3.685732,11.00182
1947,3.378665,-9.8,-3.685732,11.00182
1948,3.378665,-9.8,-3.685732,11.00182
1949,3.378665,-9.8,-3.685732,11.00182
1950,3.378665,-9.8,-3.685732,11.00182
1951,3.378665,-9.8,-3.685732,11.00182
1952,3.378665,-9.8,-3.685732,11.00182
1953,3.378665,-9.8,-3.685732,11.00182
1954,3.378665,-9.8,-3.685732,11.00182
1955,3.378665,-9.8,-3.685732,11.00182
1956,3.378665,-9.8,-3.685732,11.00182
1957,3.378665,-9.8,-3.685732,11.00182
1958,3.378665,-9.8,-3.685732,11.00182
1959,3.378665,-9.8,-3.685732,11.00182
1960,3.378665,-9.8,-3.685732,11.00182
1961,3.378665,-9.8,-3.685732,11.00182
1962,3.378665,-9.8,-3.685732,11.00182
1963,3.378665,-9.8,-3.685732,11.00182
1964,3.378665,-9.8,-3.685732,11.00182
1965,3.378665,-9.8,-3.685732,11.00182
1966,3.378665,-9.8,-3.685732,11.00182
1967,3.378665,-9.8,-3.685732,11.00182
1968,3.378665,-9.8,-3.685732,11.00182
1969,3.378665,-9.8,-3.685732,11.00182
1970,3.378665,-9.8,-3.685732,11.00182
1971,3.378665,-9.8,-3.685732,11.00182
1972,3.378665,-9.8,-3.685732,11.00182
1973,3.378665,-9.8,-3.685732,11.00182
1974,3.378665,-9.8,-3.685732,11.00182
1975,3.378665,-9.8,-3.685732,11.00182
1976,3.378665,-9.8,-3.685732,11.00182
1977,3.378665,-9.8,-3.685732,11.00182
1978,3.378665,-9.8,-3.685732,11.00182
1979,3.378665,-9.8,-3.685732,11.00182
1980,3.378665,-9.8,-3.685732,11.00182
1981,3.378665,-9.8,-3.685732,11.00182
1982,3.378665,-9.8,-3.685732,11.00182
1983,3.378665,-9.8,-3.685732,11.00182
1984,3.378665,-9.8,-3.685732,11.00182
1985,3.378665,-9.8,-3.685732,11.00182
1986,3.378665,-9.8,-3.685732,11.00182
1987,3.378665,-9.8,-3.685732,11.00182
1988,3.378665,-9.8,-3.685732,11.00182
1989,3.378665,-9.8,-3.685732,11.00182
1990,3.378665,-9.8,-3.685732,11.00182
1991,3.378665,-9.8,-3.685732,11.00182
1992,3.378665,-9.8,-3.685732,11.00182
1993,3.378665,-9.8,-3.685732,11.00182
1994,3.378665,-9.8,-3.685732,11.00182
1995,3.378665,-9.8,-3.685732,11.00182
1996,3.378665,-9.8,-3.685732,11.00182
1997,3.378665,-9.8,-3.685732,11.00182
1998,3.378665,-9.8,-3.685732,11.00182
1999,3.378665,-9.8,-3.685732,11.00182
2000,3.378665,-9.8,-3.685732,11.00182
2001,3.378665,-9.8,-3.685732,11.00182
2002,3.378665,-9.8,-3.685732,11.00182
2003,3.378665,-9.8,-3.685732,11.00182
2004,3.378665,-9.8,-3.685732,11.00182
2005,3.378665,-9.8,-3.685732,11.00182
2006,3.378665,-9.8,-3.685732,11.00182
2007,3.378665,-9.8,-3.685732,11.00182
2008,3.378665,-9.8,-3.685732,11.00182
2009,3.378665,-9.8,-3.685732,11.00182
2010,3.378665,-9.8,-3.685732,11.00182
2011,3.378665,-9.8,-3.685732,11.00182
2012,3.378665,-9.8,-3.685732,11.00182
2013,3.378665,-9.8,-3.685732,11.00182
2014,3.378665,-9.8,-3.685732,11.00182
2015,3.378665,-9.8,-3.685732,11.00182
2016,3.378665,-9.8,-3.685732,11.00182
2017,3.378665,-9.8,-3.685732,11.00182
2018,3.378665,-9.8,-3.685732,11.00182
2019,3.378665,-9.8,-3.685732,11.00182
2020,3.378665,-9.8,-3.685732,11.00182
2021,3.378665,-9.8,-3.685732,11.00182
2022,3.378665,-9.8,-3.685732,11.00182
2023,3.378665,-9.8,-3.685732,11.00182
2024,3.378665,-9.8,-3.685732,11.00182
2025,3.378665,-9.8,-3.685732,11.00182
2026,3.378665,-9.8,-3.685732,11.00182
2027,3.378665,-9.8,-3.685732,11.00182
2028,3.378665,-9.8,-3.685732,11.00182
2029,3.378665,-9.8,-3.685732,11.00182
2030,3.378665,-9.8,-3.685732,11.00182
2031,3.378665,-9.8,-3.685732,11.00182
2032,3.378665,-9.8,-3.685732,11.00182
2033,3.378665,-9.8,-3.685732,11.00182
2034,3.378665,-9.8,-3.685732,11.00182
2035,3.378665,-9.8,-3.685732,11.00182
2036,3.378665,-9.8,-3.685732,11.00182
2037,3.378665,-9.8,-3.685732,11.00182
2038,3.378665,-9.8,-3.685732,11.00182
2039,3.378665,-9.8,-3.685732,11.00182
2040,3.378665,-9.8,-3.685732,11.00182
2041,3.378665,-9.8,-3.685732,11.00182
2042,3.378665,-9.8,-3.685732,11.00182
2043,3.378665,-9.8,-3.685732,11.00182
2044,3.378665,-9.8,-3.685732,11.00182
2045,3.378665,-9.8,-3.685732,11.00182
2046,3.378665,-9.8,-3.685732,11.00182
2047,3.378665,-9.8,-3.685732,11.00182
2048,3.378665,-9.8,-3.685732,11.00182
2049,3.378665,-9.8,-3.685732,11.00182
2050,3.378665,-9.8,-3.685732,11.00182
2051,3.378665,-9.8,-3.685732,11.00182
2052,3.378665,-9.8,-3.685732,11.00182
2053,3.378665,-9.8,-3.685732,11.00182
2054,3.378665,-9.8,-3.685732,11.00182
2055,3.378665,-9.8,-3.685732,11.00182
2056,3.378665,-9.8,-3.685732,11.00182
2057,3.378665,-9.8,-3.685732,11.00182
2058,3.378665,-9.8,-3.685732,11.00182
2059,3.378665,-9.8,-3.685732,11.00182
2060,3.378665,-9.8,-3.685732,11.00182
2061,3.378665,-9.8,-3.685732,11.00182
2062,3.378665,-9.8,-3.685732,11.00182
2063,3.378665,-9.8,-3.685732,11.00182
2064,3.378665,-9.8,-3.685732,11.00182
2065,3.378665,-9.8,-3.685732,11.00182
2066,3.378665,-9.8,-3.685732,11.00182
2067,3.378665,-9.8,-3.685732,11.00182
2068,3.378665,-9.8,-3.685732,11.00182
2069,3.378665,-9.8,-3.685732,11.00182
2070,3.378665,-9.8,-3.685732,11.00182
2071,3.378665,-9.8,-3.685732,11.00182
2072,3.378665,-9.8,-3.685732,11.00182
2073,3.378665,-9.8,-3.685732,11.00182
2074,3.378665,-9.8,-3.685732,11.00182
2075,3.378665,-9.8,-3.685732,11.00182
2076,3.378665,-9.8,-3.685732,11.00182
2077,3.378665,-9.8,-3.685732,11.00182
2078,3.378665,-9.8,-3.685732,11.00182
2079,3.378665,-9.8,-3.685732,11.00182
2080,3.378665,-9.8,-3.685732,11.00182
2081,3.378665,-9.8,-3.685732,11.00182
2082,3.378665,-9.8,-3.685732,11.00182
2083,3.378665,-9.8,-3.685732,11.00182
2084,3.378665,-9.8,-3.685732,11.00182
2085,3.378665,-9.8,-3.685732,11.00182
2086,3.378665,-9.8,-3.685732,11.00182
2087,3.378665,-9.8,-3.685732,11.00182
2088,3.378665,-9.8,-3.685732,11.00182
2089,3.378665,-9.8,-3.685732,11.00182
2090,3.378665,-9.8,-3.685732,11.00182
2091,3.378665,-9.8,-3.685732,11.00182
2092,3.378665,-9.8,-3.685732,11.00182
2093,3.378665,-9.8,-3.685732,11.00182
2094,3.378665,-9.8,-3.685732,11.00182
2095,3.378665,-9.8,-3.685732,11.00182
2096,3.378665,-9.8,-3.685732,11.00182
2097,3.378665,-9.8,-3.685732,11.00182
2098,3.378665,-9.8,-3.685732,11.00182
2099,3.378665,-9.8,-3.685732,11.00182
2100,3.378665,-9.8,-3.685732,11.00182
2101,3.378665,-9.8,-3.685732,11.00182
2102,3.378665,-9.8,-3.685732,11.00182
2103,3.378665,-9.8,-3.685732,11.00182
2104,3.378665,-9.8,-3.685732,11.00182
2105,3.378665,-9.8,-3.685732,11.00182
2106,3.378665,-9.8,-3.685732,11.00182
2107,3.378665,-9.8,-3.685732,11.00182
2108,3.378665,-9.8,-3.685732,11.00182
2109,3.378665,-9.8,-3.685732,11.00182
2110,3.378665,-9.8,-3.685732,11.00182
2111,3.378665,-9.8,-3.685732,11.00182
2112,3.378665,-9.8,-3.685732,11.00182
2113,3.378665,-9.8,-3.685732,11.00182
2114,3.378665,-9.8,-3.685732,11.00182
2115,3.378665,-9.8,-3.685732,11.00182
2116,3.378665,-9.8,-3.685732,11.00182
2117,3.378665,-9.8,-3.685732,11.00182
2118,3.378665,-9.8,-3.685732,11.00182
2119,3.378665,-9.8,-3.685732,11.00182
2120,3.378665,-9.8,-3.685732,11.00182
2121,3.378665,-9.8,-3.685732,11.00182
2122,3.378665,-9.8,-3.685732,11.00182
2123,3.378665,-9.8,-3.685732,11.00182
2124,3.378665,-9.8,-3.685732,11.00182
2125,3.378665,-9.8,-3.685732,11.00182
2126,3.378665,-9.8,-3.685732,11.00182
2127,3.378665,-9.8,-3.685732,11.00182
2128,3.378665,-9.8,-3.685732,11.00182
2129,3.378665,-9.8,-3.685732,11.00182
2130,3.378665,-9.8,-3.685732,11.00182
2131,3.378665,-9.8,-3.685732,11.00182
2132,3.378665,-9.8,-3.685732,11.00182
2133,3.378665,-9.8,-3.685732,11.00182
2134,3.378665,-9.8,-3.685732,11.00182
2135,3.378665,-9.8,-3.685732,11.00182
2136,3.378665,-9.8,-3.685732,11.00182
2137,3.378665,-9.8,-3.685732,11.00182
2138,3.378665,-9.8,-3.685732,11.00182
2139,3.378665,-9.8,-3.685732,11.00182
2140,3.378665,-9.8,-3.685732,11.00182
2141,3.378665,-9.8,-3.685732,11.00182
2142,3.378665,-9.8,-3.685732,11.00182
2143,3.378665,-9.8,-3.685732,11.00182
2144,3.378665,-9.8,-3.685732,11.00182
2145,3.378665,-9.8,-3.685732,11.00182
2146,3.378665,-9.8,-3.685732,11.00182
2147,3.378665,-9.8,-3.685732,11.00182
2148,3.378665,-9.8,-3.685732,11.00182
2149,3.378665,-9.8,-3.685732,11.00182
2150,3.378665,-9.8,-3.685732,11.00182
2151,3.378665,-9.8,-3.685732,11.00182
2152,3.378665,-9.8,-3.685732,11.00182
2153,3.378665,-9.8,-3.685732,11.00182
2154,3.378665,-9.8,-3.685732,11.00182
2155,3.378665,-9.8,-3.685732,11.00182
2156,3.378665,-9.8,-3.685732,11.00182
2157,3.378665,-9.8,-3.685732,11.00182
2158,3.378665,-9.8,-3.685732,11.00182
2159,3.378665,-9.8,-3.685732,11.00182
2160,3.378665,-9.8,-3.685732,11.00182
2161,3.378665,-9.8,-3.685732,11.00182
2162,3.378665,-9.8,-3.685732,11.00182
2163,3.378665,-9.8,-3.685732,11.00182
2164,3.378665,-9.8,-3.685732,11.00182
2165,3.378665,-9.8,-3.685732,11.00182
2166,3.378665,-9.8,-3.685732,11.00182
2167,3.378665,-9.8,-3.685732,11.00182
2168,3.378665,-9.8,-3.685732,11.00182
2169,3.378665,-9.8,-3.685732,11.00182
2170,3.378665,-9.8,-3.685732,11.00182
2171,3.378665,-9.8,-3.685732,11.00182
2172,3.378665,-9.8,-3.685732,11.00182
2173,3.378665,-9.8,-3.685732,11.00182
2174,3.378665,-9.8,-3.685732,11.00182
2175,3.378665,-9.8,-3.685732,11.00182
2176,3.378665,-9.8,-3.685732,11.00182
2177,3.378665,-9.8,-3.685732,11.00182
2178,3.378665,-9.8,-3.685732,11.00182
2179,3.378665,-9.8,-3.685732,11.00182
2180,3.378665,-9.8,-3.685732,11.00182
2181,3.378665,-9.8,-3.685732,11.00182
2182,3.378665,-9.8,-3.685732,11.00182
2183,3.378665,-9.8,-3.685732,11.00182
2184,3.378665,-9.8,-3.685732,11.00182
2185,3.378665,-9.8,-3.685732,11.00182
2186,3.378665,-9.8,-3.685732,11.00182
2187,3.378665,-9.8,-3.685732,11.00182
2188,3.378665,-9.8,-3.685732,11.00182
2189,3.378665,-9.8,-3.685732,11.00182
2190,3.378665,-9.8,-3.685732,11.00182
2191,3.378665,-9.8,-3.685732,11.00182
2192,3.378665,-9.8,-3.685732,11.00182
2193,3.378665,-9.8,-3.685732,11.00182
2194,3.378665,-9.8,-3.685732,11.00182
2195,3.378665,-9.8,-3.685732,11.00182
2196,3.378665,-9.8,-3.685732,11.00182
2197,3.378665,-9.8,-3.685732,11.00182
2198,3.378665,-9.8,-3.685732,11.00182
2199,3.378665,-9.8,-3.685732,11.00182
2200,3.378665,-9.8,-3.685732,11.00182
2201,3.378665,-9.8,-3.685732,11.00182
2202,3.378665,-9.8,-3.685732,11.00182
2203,3.378665,-9.8,-3.685732,11.00182
2204,3.378665,-9.8,-3.685732,11.00182
2205,3.378665,-9.8,-3.685732,11.00182
2206,3.378665,-9.8,-3.685732,11.00182
2207,3.378665,-9.8,-3.685732,11.00182
2208,3.378665,-9.8,-3.685732,11.00182
2209,3.378665,-9.8,-3.685732,11.00182
2210,3.378665,-9.8,-3.685732,11.00182
2211,3.378665,-9.8,-3.685732,11.00182
2212,3.378665,-9.8,-3.685732,11.00182
2213,3.378665,-9.8,-3.685732,11.00182
2214,3.378665,-9.8,-3.685732,11.00182
2215,3.378665,-9.8,-3.685732,11.00182
2216,3.378665,-9.8,-3.685732,11.00182
2217,3.378665,-9.8,-3.685732,11.00182
2218,3.378665,-9.8,-3.685732,11.00182
2219,3.378665,-9.8,-3.685732,11.00182
2220,3.378665,-9.8,-3.685732,11.00182
2221,3.378665,-9.8,-3.685732,11.00182
2222,3.378665,-9.8,-3.685732,11.00182
2223,3.378665,-9.8,-3.685732,11.00182
2224,3.378665,-9.8,-3.685732,11.00182
2225,3.378665,-9.8,-3.685732,11.00182
2226,3.378665,-9.8,-3.685732,11.00182
2227,3.378665,-9.8,-3.685732,11.00182
2228,3.378665,-9.8,-3.685732,11.00182
2229,3.378665,-9.8,-3.685732,11.00182
2230,3.378665,-9.8,-3.685732,11.00182
2231,3.378665,-9.8,-3.685732,11.00182
2232,3.378665,-9.8,-3.685732,11.00182
2233,3.378665,-9.8,-3.685732,11.00182
2234,3.378665,-9.8,-3.685732,11.00182
2235,3.378665,-9.8,-3.685732,11.00182
2236,3.378665,-9.8,-3.685732,11.00182
2237,3.378665,-9.8,-3.685732,11.00182
2238,3.378665,-9.8,-3.685732,11.00182
2239,3.378665,-9.8,-3.685732,11.00182
2240,3.378665,-9.8,-3.685732,11.00182
2241,3.378665,-9.8,-3.685732,11.00182
2242,3.378665,-9.8,-3.685732,11.00182
2243,3.378665,-9.8,-3.685732,11.00182
2244,3.378665,-9.8,-3.685732,11.00182
2245,3.378665,-9.8,-3.685732,11.00182
2246,3.378665,-9.8,-3.685732,11.00182
2247,3.378665,-9.8,-3.685732,11.00182
2248,3.378665,-9.8,-3.685732,11.00182
2249,3.378665,-9.8,-3.685732,11.00182
2250,3.378665,-9.8,-3.685732,11.00182
2251,3.378665,-9.8,-3.685732,11.00182
2252,3.378665,-9.8,-3.685732,11.00182
2253,3.378665,-9.8,-3.685732,11.00182
2254,3.378665,-9.8,-3.685732,11.00182
2255,3.378665,-9.8,-3.685732,11.00182
2256,3.378665,-9.8,-3.685732,11.00182
2257,3.378665,-9.8,-3.685732,11.00182
2258,3.378665,-9.8,-3.685732,11.00182
2259,3.378665,-9.8,-3.685732,11.00182
2260,3.378665,-9.8,-3.685732,11.00182
2261,3.378665,-9.8,-3.685732,11.00182
2262,3.378665,-9.8,-3.685732,11.00182
2263,3.378665,-9.8,-3.685732,11.00182
2264,3.378665,-9.8,-3.685732,11.00182
2265,3.378665,-9.8,-3.685732,11.00182
2266,3.378665,-9.8,-3.685732,11.00182
2267,3.378665,-9.8,-3.685732,11.00182
2268,3.378665,-9.8,-3.685732,11.00182
2269,3.378665,-9.8,-3.685732,11.00182
2270,3.378665,-9.8,-3.685732,11.00182
2271,3.378665,-9.8,-3.685732,11.00182
2272,3.378665,-9.8,-3.685732,11.00182
2273,3.378665,-9.8,-3.685732,11.00182
2274,3.378665,-9.8,-3.685732,11.00182
2275,3.378665,-9.8,-3.685732,11.00182
2276,3.378665,-9.8,-3.685732,11.00182
2277,3.378665,-9.8,-3.685732,11.00182
2278,3.378665,-9.8,-3.685732,11.00182
2279,3.378665,-9.8,-3.685732,11.00182
2280,3.378665,-9.8,-3.685732,11.00182
2281,3.378665,-9.8,-3.685732,11.00182
2282,3.378665,-9.8,-3.685732,11.00182
2283,3.378665,-9.8,-3.685732,11.00182
2284,3.378665,-9.8,-3.685732,11.00182
2285,3.378665,-9.8,-3.685732,11.00182
2286,3.378665,-9.8,-3.685732,11.00182
2287,3.378665,-9.8,-3.685732,11.00182
2288,3.378665,-9.8,-3.685732,11.00182
2289,3.378665,-9.8,-3.685732,11.00182
2290,3.378665,-9.8,-3.685732,11.00182
2291,3.378665,-9.8,-3.685732,11.00182
2292,3.378665,-9.8,-3.685732,11.00182
2293,3.378665,-9.8,-3.685732,11.00182
2294,3.378665,-9.8,-3.685732,11.00182
2295,3.378665,-9.8,-3.685732,11.00182
2296,3.378665,-9.8,-3.685732,11.00182
2297,3.378665,-9.8,-3.685732,11.00182
2298,3.378665,-9.8,-3.685732,11.00182
2299,3.378665,-9.8,-3.685732,11.00182
2300,3.378665,-9.8,-3.685732,11.00182
2301,3.378665,-9.8,-3.685732,11.00182
2302,3.378665,-9.8,-3.685732,11.00182
2303,3.378665,-9.8,-3.685732,11.00182
2304,3.378665,-9.8,-3.685732,11.00182
2305,3.378665,-9.8,-3.685732,11.00182
2306,3.378665,-9.8,-3.685732,11.00182
2307,3.378665,-9.8,-3.685732,11.00182
2308,3.378665,-9.8,-3.685732,11.00182
2309,3.378665,-9.8,-3.685732,11.00182
2310,3.378665,-9.8,-3.685732,11.00182
2311,3.378665,-9.8,-3.685732,11.00182
2312,3.378665,-9.8,-3.685732,11.00182
2313,3.378665,-9.8,-3.685732,11.00182
2314,3.378665,-9.8,-3.685732,11.00182
2315,3.378665,-9.8,-3.685732,11.00182
2316,3.378665,-9.8,-3.685732,11.00182
2317,3.378665,-9.8,-3.685732,11.00182
2318,3.378665,-9.8,-3.685732,11.00182
2319,3.378665,-9.8,-3.685732,11.00182
2320,3.378665,-9.8,-3.685732,11.00182
2321,3.378665,-9.8,-3.685732,11.00182
2322,3.378665,-9.8,-3.685732,11.00182
2323,3.378665,-9.8,-3.685732,11.00182
2324,3.378665,-9.8,-3.685732,11.00182
2325,3.378665,-9.8,-3.685732,11.00182
2326,3.378665,-9.8,-3.685732,11.00182
2327,3.378665,-9.8,-3.685732,11.00182
2328,3.378665,-9.8,-3.685732,11.00182
2329,3.378665,-9.8,-3.685732,11.00182
2330,3.378665,-9.8,-3.685732,11.00182
2331,3.378665,-9.8,-3.685732,11.00182
2332,3.378665,-9.8,-3.685732,11.00182
2333,3.378665,-9.8,-3.685732,11.00182
2334,3.378665,-9.8,-3.685732,11.00182
2335,3.378665,-9.8,-3.685732,11.00182
2336,3.378665,-9.8,-3.685732,11.00182
2337,3.378665,-9.8,-3.685732,11.00182
2338,3.378665,-9.8,-3.685732,11.00182
2339,3.378665,-9.8,-3.685732,11.00182
2340,3.378665,-9.8,-3.685732,11.00182
2341,3.378665,-9.8,-3.685732,11.00182
2342,3.378665,-9.8,-3.685732,11.00182
2343,3.378665,-9.8,-3.685732,11.00182
2344,3.378665,-9.8,-3.685732,11.00182
2345,3.378665,-9.8,-3.685732,11.00182
2346,3.378665,-9.8,-3.685732,11.00182
2347,3.378665,-9.8,-3.685732,11.00182
2348,3.378665,-9.8,-3.685732,11.00182
2349,3.378665,-9.8,-3.685732,11.00182
2350,3.378665,-9.8,-3.685732,11.00182
2351,3.378665,-9.8,-3.685732,11.00182
2352,3.378665,-9.8,-3.685732,11.00182
2353,3.378665,-9.8,-3.685732,11.00182
2354,3.378665,-9.8,-3.685732,11.00182
2355,3.378665,-9.8,-3.685732,11.00182
2356,3.378665,-9.8,-3.685732,11.00182
2357,3.378665,-9.8,-3.685732,11.00182
2358,3.378665,-9.8,-3.685732,11.00182
2359,3.378665,-9.8,-3.685732,11.00182
2360,3.378665,-9.8,-3.685732,11.00182
2361,3.378665,-9.8,-3.685732,11.00182
2362,3.378665,-9.8,-3.685732,11.00182
2363,3.378665,-9.8,-3.685732,11.00182
2364,3.378665,-9.8,-3.685732,11.00182
2365,3.378665,-9.8,-3.685732,11.00182
2366,3.378665,-9.8,-3.685732,11.00182
2367,3.378665,-9.8,-3.685732,11.00182
2368,3.378665,-9.8,-3.685732,11.00182
2369,3.378665,-9.8,-3.685732,11.00182
2370,3.378665,-9.8,-3.685732,11.00182
2371,3.378665,-9.8,-3.685732,11.00182
2372,3.378665,-9.8,-3.685732,11.00182
2373,3.378665,-9.8,-3.685732,11.00182
2374,3.378665,-9.8,-3.685732,11.00182
2375,3.378665,-9.8,-3.685732,11.00182
2376,3.378665,-9.8,-3.685732,11.00182
2377,3.378665,-9.8,-3.685732,11.00182
2378,3.378665,-9.8,-3.685732,11.00182
2379,3.378665,-9.8,-3.685732,11.00182
2380,3.378665,-9.8,-3.685732,11.00182
2381,3.378665,-9.8,-3.685732,11.00182
2382,3.378665,-9.8,-3.685732,11.00182
2383,3.378665,-9.8,-3.685732,11.00182
2384,3.378665,-9.8,-3.685732,11.00182
2385,3.378665,-9.8,-3.685732,11.00182
2386,3.378665,-9.8,-3.685732,11.00182
2387,3.378665,-9.8,-3.685732,11.00182
2388,3.378665,-9.8,-3.685732,11.00182
2389,3.378665,-9.8,-3.685732,11.00182
2390,3.378665,-9.8,-3.685732,11.00182
2391,3.378665,-9.8,-3.685732,11.00182
2392,3.378665,-9.8,-3.685732,11.00182
2393,3.378665,-9.8,-3.685732,11.00182
2394,3.378665,-9.8,-3.685732,11.00182
2395,3.378665,-9.8,-3.685732,11.00182
2396,3.378665,-9.8,-3.685732,11.00182
2397,3.378665,-9.8,-3.685732,11.00182
2398,3.378665,-9.8,-3.685732,11.00182
2399,3.378665,-9.8,-3.685732,11.00182
2400,3.378665,-9.8,-3.685732,11.00182
2401,3.378665,-9.8,-3.685732,11.00182
2402,3.378665,-9.8,-3.685732,11.00182
2403,3.378665,-9.8,-3.685732,11.00182
2404,3.378665,-9.8,-3.685732,11.00182
2405,3.378665,-9.8,-3.685732,11.00182
2406,3.378665,-9.8,-3.685732,11.00182
2407,3.378665,-9.8,-3.685732,11.00182
2408,3.378665,-9.8,-3.685732,11.00182
2409,3.378665,-9.8,-3.685732,11.00182
2410,3.378665,-9.8,-3.685732,11.00182
2411,3.378665,-9.8,-3.685732,11.00182
2412,3.378665,-9.8,-3.685732,11.00182
2413,3.378665,-9.8,-3.685732,11.00182
2414,3.378665,-9.8,-3.685732,11.00182
2415,3.378665,-9.8,-3.685732,11.00182
2416,3.378665,-9.8,-3.685732,11.00182
2417,3.378665,-9.8,-3.685732,11.00182
2418,3.378665,-9.8,-3.685732,11.00182
2419,3.378665,-9.8,-3.685732,11.00182
2420,3.378665,-9.8,-3.685732,11.00182
2421,3.378665,-9.8,-3.685732,11.00182
2422,3.378665,-9.8,-3.685732,11.00182
2423,3.378665,-9.8,-3.685732,11.00182
2424,3.378665,-9.8,-3.685732,11.00182
2425,3.378665,-9.8,-3.685732,11.00182
2426,3.378665,-9.8,-3.685732,11.00182
2427,3.378665,-9.8,-3.685732,11.00182
2428,3.378665,-9.8,-3.685732,11.00182
2429,3.378665,-9.8,-3.685732,11.00182
2430,3.378665,-9.8,-3.685732,11.00182
2431,3.378665,-9.8,-3.685732,11.00182
2432,3.378665,-9.8,-3.685732,11.00182
2433,3.378665,-9.8,-3.685732,11.00182
2434,3.378665,-9.8,-3.685732,11.00182
2435,3.378665,-9.8,-3.685732,11.00182
2436,3.378665,-9.8,-3.685732,11.00182
2437,3.378665,-9.8,-3.685732,11.00182
2438,3.378665,-9.8,-3.685732,11.00182
2439,3.378665,-9.8,-3.685732,11.00182
2440,3.378665,-9.8,-3.685732,11.00182
2441,3.378665,-9.8,-3.685732,11.00182
2442,3.378665,-9.8,-3.685732,11.00182
2443,3.378665,-9.8,-3.685732,11.00182
2444,3.378665,-9.8,-3.685732,11.00182
2445,3.378665,-9.8,-3.685732,11.00182
2446,3.378665,-9.8,-3.685732,11.00182
2447,3.378665,-9.8,-3.685732,11.00182
2448,3.378665,-9.8,-3.685732,11.00182
2449,3.378665,-9.8,-3.685732,11.00182
2450,3.378665,-9.8,-3.685732,11.00182
2451,3.378665,-9.8,-3.685732,11.00182
2452,3.378665,-9.8,-3.685732,11.00182
2453,3.378665,-9.8,-3.685732,11.00182
2454,3.378665,-9.8,-3.685732,11.00182
2455,3.378665,-9.8,-3.685732,11.00182
2456,3.378665,-9.8,-3.685732,11.00182
2457,3.378665,-9.8,-3.685732,11.00182
2458,3.378665,-9.8,-3.685732,11.00182
2459,3.378665,-9.8,-3.685732,11.00182
2460,3.378665,-9.8,-3.685732,11.00182
2461,3.378665,-9.8,-3.685732,11.00182
2462,3.378665,-9.8,-3.685732,11.00182
2463,3.378665,-9.8,-3.685732,11.00182
2464,3.378665,-9.8,-3.685732,11.00182
2465,3.378665,-9.8,-3.685732,11.00182
2466,3.378665,-9.8,-3.685732,11.00182
2467,3.378665,-9.8,-3.685732,11.00182
2468,3.378665,-9.8,-3.685732,11.00182
2469,3.378665,-9.8,-3.685732,11.00182
2470,3.378665,-9.8,-3.685732,11.00182
2471,3.378665,-9.8,-3.685732,11.00182
2472,3.378665,-9.8,-3.685732,11.00182
2473,3.378665,-9.8,-3.685732,11.00182
2474,3.378665,-9.8,-3.685732,11.00182
2475,3.378665,-9.8,-3.685732,11.00182
2476,3.378665,-9.8,-3.685732,11.00182
2477,3.378665,-9.8,-3.685732,11.00182
2478,3.378665,-9.8,-3.685732,11.00182
2479,3.378665,-9.8,-3.685732,11.00182
2480,3.378665,-9.8,-3.685732,11.00182
2481,3.378665,-9.8,-3.685732,11.00182
2482,3.378665,-9.8,-3.685732,11.00182
2483,3.378665,-9.8,-3.685732,11.00182
2484,3.378665,-9.8,-3.685732,11.00182
2485,3.378665,-9.8,-3.685732,11.00182
2486,3.378665,-9.8,-3.685732,11.00182
2487,3.378665,-9.8,-3.685732,11.00182
2488,3.378665,-9.8,-3.685732,11.00182
2489,3.378665,-9.8,-3.685732,11.00182
2490,3.378665,-9.8,-3.685732,11.00182
2491,3.378665,-9.8,-3.685732,11.00182
2492,3.378665,-9.8,-3.685732,11.00182
2493,3.378665,-9.8,-3.685732,11.00182
2494,3.378665,-9.8,-3.685732,11.00182
2495,3.378665,-9.8,-3.685732,11.00182
2496,3.378665,-9.8,-3.685732,11.00182
2497,3.378665,-9.8,-3.685732,11.00182
2498,3.378665,-9.8,-3.685732,11.00182
2499,3.378665,-9.8,-3.685732,11.00182
2500,3.378665,-9.8,-3.685732,11.00182
2501,3.378665,-9.8,-3.685732,11.00182
2502,3.378665,-9.8,-3.685732,11.00182
2503,3.378665,-9.8,-3.685732,11.00182
2504,3.378665,-9.8,-3.685732,11.00182
2505,3.378665,-9.8,-3.685732,11.00182
2506,3.378665,-9.8,-3.685732,11.00182
2507,3.378665,-9.8,-3.685732,11.00182
2508,3.378665,-9.8,-3.685732,11.00182
2509,3.378665,-9.8,-3.685732,11.00182
2510,3.378665,-9.8,-3.685732,11.00182
2511,3.378665,-9.8,-3.685732,11.00182
2512,3.378665,-9.8,-3.685732,11.00182
2513,3.378665,-9.8,-3.685732,11.00182
2514,3.378665,-9.8,-3.685732,11.00182
2515,3.378665,-9.8,-3.685732,11.00182
2516,3.378665,-9.8,-3.685732,11.00182
2517,3.378665,-9.8,-3.685732,11.00182
2518,3.378665,-9.8,-3.685732,11.00182
2519,3.378665,-9.8,-3.685732,11.00182
2520,3.378665,-9.8,-3.685732,11.00182
2521,3.378665,-9.8,-3.685732,11.00182
2522,3.378665,-9.8,-3.685732,11.00182
2523,3.378665,-9.8,-3.685732,11.00182
2524,3.378665,-9.8,-3.685732,11.00182
2525,3.378665,-9.8,-3.685732,11.00182
2526,3.378665,-9.8,-3.685732,11.00182
2527,3.378665,-9.8,-3.685732,11.00182
2528,3.378665,-9.8,-3.685732,11.00182
2529,3.378665,-9.8,-3.685732,11.00182
2530,3.378665,-9.8,-3.685732,11.00182
2531,3.378665,-9.8,-3.685732,11.00182
2532,3.378665,-9.8,-3.685732,11.00182
2533,3.378665,-9.8,-3.685732,11.00182
2534,3.378665,-9.8,-3.685732,11.00182
2535,3.378665,-9.8,-3.685732,11.00182
2536,3.378665,-9.8,-3.685732,11.00182
2537,3.378665,-9.8,-3.685732,11.00182
2538,3.378665,-9.8,-3.685732,11.00182
2539,3.378665,-9.8,-3.685732,11.00182
2540,3.378665,-9.8,-3.685732,11.00182
2541,3.378665,-9.8,-3.685732,11.00182
2542,3.378665,-9.8,-3.685732,11.00182
2543,3.378665,-9.8,-3.685732,11.00182
2544,3.378665,-9.8,-3.685732,11.00182
2545,3.378665,-9.8,-3.685732,11.00182
2546,3.378665,-9.8,-3.685732,11.00182
2547,3.378665,-9.8,-3.685732,11.00182
2548,3.378665,-9.8,-3.685732,11.00182
2549,3.378665,-9.8,-3.685732,11.00182
2550,3.378665,-9.8,-3.685732,11.00182
2551,3.378665,-9.8,-3.685732,11.00182
2552,3.378665,-9.8,-3.685732,11.00182
2553,3.378665,-9.8,-3.685732,11.00182
2554,3.378665,-9.8,-3.685732,11.00182
2555,3.378665,-9.8,-3.685732,11.00182
2556,3.378665,-9.8,-3.685732,11.00182
2557,3.378665,-9.8,-3.685732,11.00182
2558,3.378665,-9.8,-3.685732,11.00182
2559,3.378665,-9.8,-3.685732,11.00182
2560,3.378665,-9.8,-3.685732,11.00182
2561,3.378665,-9.8,-3.685732,11.00182
2562,3.378665,-9.8,-3.685732,11.00182
2563,3.378665,-9.8,-3.685732,11.00182
2564,3.378665,-9.8,-3.685732,11.00182
2565,3.378665,-9.8,-3.685732,11.00182
2566,3.378665,-9.8,-3.685732,11.00182
2567,3.378665,-9.8,-3.685732,11.00182
2568,3.378665,-9.8,-3.685732,11.00182
2569,3.378665,-9.8,-3.685732,11.00182
2570,3.378665,-9.8,-3.685732,11.00182
2571,3.378665,-9.8,-3.685732,11.00182
2572,3.378665,-9.8,-3.685732,11.00182
2573,3.378665,-9.8,-3.685732,11.00182
2574,3.378665,-9.8,-3.685732,11.00182
2575,3.378665,-9.8,-3.685732,11.00182
2576,3.378665,-9.8,-3.685732,11.00182
2577,3.378665,-9.8,-3.685732,11.00182
2578,3.378665,-9.8,-3.685732,11.00182
2579,3.378665,-9.8,-3.685732,11.00182
2580,3.378665,-9.8,-3.685732,11.00182
2581,3.378665,-9.8,-3.685732,11.00182
2582,3.378665,-9.8,-3.685732,11.00182
2583,3.378665,-9.8,-3.685732,11.00182
2584,3.378665,-9.8,-3.685732,11.00182
2585,3.378665,-9.8,-3.685732,11.00182
2586,3.378665,-9.8,-3.685732,11.00182
2587,3.378665,-9.8,-3.685732,11.00182
2588,3.378665,-9.8,-3.685732,11.00182
2589,3.378665,-9.8,-3.685732,11.00182
2590,3.378665,-9.8,-3.685732,11.00182
2591,3.378665,-9.8,-3.685732,11.00182
2592,3.378665,-9.8,-3.685732,11.00182
2593,3.378665,-9.8,-3.685732,11.00182
2594,3.378665,-9.8,-3.685732,11.00182
2595,3.378665,-9.8,-3.685732,11.00182
2596,3.378665,-9.8,-3.685732,11.00182
2597,3.378665,-9.8,-3.685732,11.00182
2598,3.378665,-9.8,-3.685732,11.00182
2599,3.378665,-9.8,-3.685732,11.00182
2600,3.378665,-9.8,-3.685732,11.00182
2601,3.378665,-9.8,-3.685732,11.00182
2602,3.378665,-9.8,-3.685732,11.00182
2603,3.378665,-9.8,-3.685732,11.00182
2604,3.378665,-9.8,-3.685732,11.00182
2605,3.378665,-9.8,-3.685732,11.00182
2606,3.378665,-9.8,-3.685732,11.00182
2607,3.378665,-9.8,-3.685732,11.00182
2608,3.378665,-9.8,-3.685732,11.00182
2609,3.378665,-9.8,-3.685732,11.00182
2610,3.378665,-9.8,-3.685732,11.00182
2611,3.378665,-9.8,-3.685732,11.00182
2612,3.378665,-9.8,-3.685732,11.00182
2613,3.378665,-9.8,-3.685732,11.00182
2614,3.378665,-9.8,-3.685732,11.00182
2615,3.378665,-9.8,-3.685732,11.00182
2616,3.378665,-9.8,-3.685732,11.00182
2617,3.378665,-9.8,-3.685732,11.00182
2618,3.378665,-9.8,-3.685732,11.00182
2619,3.378665,-9.8,-3.685732,11.00182
2620,3.378665,-9.8,-3.685732,11.00182
2621,3.378665,-9.8,-3.685732,11.00182
2622,3.378665,-9.8,-3.685732,11.00182
2623,3.378665,-9.8,-3.685732,11.00182
2624,3.378665,-9.8,-3.685732,11.00182
2625,3.378665,-9.8,-3.685732,11.00182
2626,3.378665,-9.8,-3.685732,11.00182
2627,3.378665,-9.8,-3.685732,11.00182
2628,3.378665,-9.8,-3.685732,11.00182
2629,3.378665,-9.8,-3.685732,11.00182
2630,3.378665,-9.8,-3.685732,11.00182
2631,3.378665,-9.8,-3.685732,11.00182
2632,3.378665,-9.8,-3.685732,11.00182
2633,3.378665,-9.8,-3.685732,11.00182
2634,3.378665,-9.8,-3.685732,11.00182
2635,3.378665,-9.8,-3.685732,11.00182
2636,3.378665,-9.8,-3.685732,11.00182
2637,3.378665,-9.8,-3.685732,11.00182
2638,3.378665,-9.8,-3.685732,11.00182
2639,3.378665,-9.8,-3.685732,11.00182
2640,3.378665,-9.8,-3.685732,11.00182
2641,3.378665,-9.8,-3.685732,11.00182
2642,3.378665,-9.8,-3.685732,11.00182
2643,3.378665,-9.8,-3.685732,11.00182
2644,3.378665,-9.8,-3.685732,11.00182
2645,3.378665,-9.8,-3.685732,11.00182
2646,3.378665,-9.8,-3.685732,11.00182
2647,3.378665,-9.8,-3.685732,11.00182
2648,3.378665,-9.8,-3.685732,11.00182
2649,3.378665,-9.8,-3.685732,11.00182
2650,3.378665,-9.8,-3.685732,11.00182
2651,3.378665,-9.8,-3.685732,11.00182
2652,3.378665,-9.8,-3.685732,11.00182
2653,3.378665,-9.8,-3.685732,11.00182
2654,3.378665,-9.8,-3.685732,11.00182
2655,3.378665,-9.8,-3.685732,11.00182
2656,3.378665,-9.8,-3.685732,11.00182
2657,3.378665,-9.8,-3.685732,11.00182
2658,3.378665,-9.8,-3.685732,11.00182
2659,3.378665,-9.8,-3.685732,11.00182
2660,3.378665,-9.8,-3.685732,11.00182
2661,3.378665,-9.8,-3.685732,11.00182
2662,3.378665,-9.8,-3.685732,11.00182
2663,3.378665,-9.8,-3.685732,11.00182
2664,3.378665,-9.8,-3.685732,11.00182
2665,3.378665,-9.8,-3.685732,11.00182
2666,3.378665,-9.8,-3.685732,11.00182
2667,3.378665,-9.8,-3.685732,11.00182
2668,3.378665,-9.8,-3.685732,11.00182
2669,3.378665,-9.8,-3.685732,11.00182
2670,3.378665,-9.8,-3.685732,11.00182
2671,3.378665,-9.8,-3.685732,11.00182
2672,3.378665,-9.8,-3.685732,11.00182
2673,3.378665,-9.8,-3.685732,11.00182
2674,3.378665,-9.8,-3.685732,11.00182
2675,3.378665,-9.8,-3.685732,11.00182
2676,3.378665,-9.8,-3.685732,11.00182
2677,3.378665,-9.8,-3.685732,11.00182
2678,3.378665,-9.8,-3.685732,11.00182
2679,3.378665,-9.8,-3.685732,11.00182
2680,3.378665,-9.8,-3.685732,11.00182
2681,3.378665,-9.8,-3.685732,11.00182
2682,3.378665,-9.8,-3.685732,11.00182
2683,3.378665,-9.8,-3.685732,11.00182
2684,3.378665,-9.8,-3.685732,11.00182
2685,3.378665,-9.8,-3.685732,11.00182
2686,3.378665,-9.8,-3.685732,11.00182
2687,3.378665,-9.8,-3.685732,11.00182
2688,3.378665,-9.8,-3.685732,11.00182
2689,3.378665,-9.8,-3.685732,11.00182
2690,3.378665,-9.8,-3.685732,11.00182
2691,3.378665,-9.8,-3.685732,11.00182
2692,3.378665,-9.8,-3.685732,11.00182
2693,3.378665,-9.8,-3.685732,11.00182
2694,3.378665,-9.8,-3.685732,11.00182
2695,3.378665,-9.8,-3.685732,11.00182
2696,3.378665,-9.8,-3.685732,11.00182
2697,3.378665,-9.8,-3.685732,11.00182
2698,3.378665,-9.8,-3.685732,11.00182
2699,3.378665,-9.8,-3.685732,11.00182
2700,3.378665,-9.8,-3.685732,11.00182
2701,3.378665,-9.8,-3.685732,11.00182
2702,3.378665,-9.8,-3.685732,11.00182
2703,3.378665,-9.8,-3.685732,11.00182
2704,3.378665,-9.8,-3.685732,11.00182
2705,3.378665,-9.8,-3.685732,11.00182
2706,3.378665,-9.8,-3.685732,11.00182
2707,3.378665,-9.8,-3.685732,11.00182
2708,3.378665,-9.8,-3.685732,11.00182
2709,3.378665,-9.8,-3.685732,11.00182
2710,3.378665,-9.8,-3.685732,11.00182
2711,3.378665,-9.8,-3.685732,11.00182
2712,3.378665,-9.8,-3.685732,11.00182
2713,3.378665,-9.8,-3.685732,11.00182
2714,3.378665,-9.8,-3.685732,11.00182
2715,3.378665,-9.8,-3.685732,11.00182
2716,3.378665,-9.8,-3.685732,11.00182
2717,3.378665,-9.8,-3.685732,11.00182
2718,3.378665,-9.8,-3.685732,11.00182
2719,3.378665,-9.8,-3.685732,11.00182
2720,3.378665,-9.8,-3.685732,11.00182
2721,3.378665,-9.8,-3.685732,11.00182
2722,3.378665,-9.8,-3.685732,11.00182
2723,3.378665,-9.8,-3.685732,11.00182
2724,3.378665,-9.8,-3.685732,11.00182
2725,3.378665,-9.8,-3.685732,11.00182
2726,3.378665,-9.8,-3.685732,11.00182
2727,3.378665,-9.8,-3.685732,11.00182
2728,3.378665,-9.8,-3.685732,11.00182
2729,3.378665,-9.8,-3.685732,11.00182
2730,3.378665,-9.8,-3.685732,11.00182
2731,3.378665,-9.8,-3.685732,11.00182
2732,3.378665,-9.8,-3.685732,11.00182
2733,3.378665,-9.8,-3.685732,11.00182
2734,3.378665,-9.8,-3.685732,11.00182
2735,3.378665,-9.8,-3.685732,11.00182
2736,3.378665,-9.8,-3.685732,11.00182
2737,3.378665,-9.8,-3.685732,11.00182
2738,3.378665,-9.8,-3.685732,11.00182
2739,3.378665,-9.8,-3.685732,11.00182
2740,3.378665,-9.8,-3.685732,11.00182
2741,3.378665,-9.8,-3.685732,11.00182
2742,3.378665,-9.8,-3.685732,11.00182
2743,3.378665,-9.8,-3.685732,11.00182
2744,3.378665,-9.8,-3.685732,11.00182
2745,3.378665,-9.8,-3.685732,11.00182
2746,3.378665,-9.8,-3.685732,11.00182
2747,3.378665,-9.8,-3.685732,11.00182
2748,3.378665,-9.8,-3.685732,11.00182
2749,3.378665,-9.8,-3.685732,11.00182
2750,3.378665,-9.8,-3.685732,11.00182
2751,3.378665,-9.8,-3.685732,11.00182
2752,3.378665,-9.8,-3.685732,11.00182
2753,3.378665,-9.8,-3.685732,11.00182
2754,3.378665,-9.8,-3.685732,11.00182
2755,3.378665,-9.8,-3.685732,11.00182
2756,3.378665,-9.8,-3.685732,11.00182
2757,3.378665,-9.8,-3.685732,11.00182
2758,3.378665,-9.8,-3.685732,11.00182
2759,3.378665,-9.8,-3.685732,11.00182
2760,3.378665,-9.8,-3.685732,11.00182
2761,3.378665,-9.8,-3.685732,11.00182
2762,3.378665,-9.8,-3.685732,11.00182
2763,3.378665,-9.8,-3.685732,11.00182
2764,3.378665,-9.8,-3.685732,11.00182
2765,3.378665,-9.8,-3.685732,11.00182
2766,3.378665,-9.8,-3.685732,11.00182
2767,3.378665,-9.8,-3.685732,11.00182
2768,3.378665,-9.8,-3.685732,11.00182
2769,3.378665,-9.8,-3.685732,11.00182
2770,3.378665,-9.8,-3.685732,11.00182
2771,3.378665,-9.8,-3.685732,11.00182
2772,3.378665,-9.8,-3.685732,11.00182
2773,3.378665,-9.8,-3.685732,11.00182
2774,3.378665,-9.8,-3.685732,11.00182
2775,3.378665,-9.8,-3.685732,11.00182
2776,3.378665,-9.8,-3.685732,11.00182
2777,3.378665,-9.8,-3.685732,11.00182
2778,3.378665,-9.8,-3.685732,11.00182
2779,3.378665,-9.8,-3.685732,11.00182
2780,3.378665,-9.8,-3.685732,11.00182
2781,3.378665,-9.8,-3.685732,11.00182
2782,3.378665,-9.8,-3.685732,11.00182
2783,3.378665,-9.8,-3.685732,11.00182
2784,3.378665,-9.8,-3.685732,11.00182
2785,3.378665,-9.8,-3.685732,11.00182
2786,3.378665,-9.8,-3.685732,11.00182
2787,3.378665,-9.8,-3.685732,11.00182
2788,3.378665,-9.8,-3.685732,11.00182
2789,3.378665,-9.8,-3.685732,11.00182
2790,3.378665,-9.8,-3.685732,11.00182
2791,3.378665,-9.8,-3.685732,11.00182
2792,3.378665,-9.8,-3.685732,11.00182
2793,3.378665,-9.8,-3.685732,11.00182
2794,3.378665,-9.8,-3.685732,11.00182
2795,3.378665,-9.8,-3.685732,11.00182
2796,3.378665,-9.8,-3.685732,11.00182
2797,3.378665,-9.8,-3.685732,11.00182
2798,3.378665,-9.8,-3.685732,11.00182
2799,3.378665,-9.8,-3.685732,11.00182
2800,3.378665,-9.8,-3.685732,11.00182
2801,3.378665,-9.8,-3.685732,11.00182
2802,3.378665,-9.8,-3.685732,11.00182
2803,3.378665,-9.8,-3.685732,11.00182
2804,3.378665,-9.8,-3.685732,11.00182
2805,3.378665,-9.8,-3.685732,11.00182
2806,3.378665,-9.8,-3.685732,11.00182
2807,3.378665,-9.8,-3.685732,11.00182
2808,3.378665,-9.8,-3.685732,11.00182
2809,3.378665,-9.8,-3.685732,11.00182
2810,3.378665,-9.8,-3.685732,11.00182
2811,3.378665,-9.8,-3.685732,11.00182
2812,3.378665,-9.8,-3.685732,11.00182
2813,3.378665,-9.8,-3.685732,11.00182
2814,3.378665,-9.8,-3.685732,11.00182
2815,3.378665,-9.8,-3.685732,11.00182
2816,3.378665,-9.8,-3.685732,11.00182
2817,3.378665,-9.8,-3.685732,11.00182
2818,3.378665,-9.8,-3.685732,11.00182
2819,3.378665,-9.8,-3.685732,11.00182
2820,3.378665,-9.8,-3.685732,11.00182
2821,3.378665,-9.8,-3.685732,11.00182
2822,3.378665,-9.8,-3.685732,11.00182
2823,3.378665,-9.8,-3.685732,11.00182
2824,3.378665,-9.8,-3.685732,11.00182
2825,3.378665,-9.8,-3.685732,11.00182
2826,3.378665,-9.8,-3.685732,11.00182
2827,3.378665,-9.8,-3.685732,11.00182
2828,3.378665,-9.8,-3.685732,11.00182
2829,3.378665,-9.8,-3.685732,11.00182
2830,3.378665,-9.8,-3.685732,11.00182
2831,3.378665,-9.8,-3.685732,11.00182
2832,3.378665,-9.8,-3.685732,11.00182
2833,3.378665,-9.8,-3.685732,11.00182
2834,3.378665,-9.8,-3.685732,11.00182
2835,3.378665,-9.8,-3.685732,11.00182
2836,3.378665,-9.8,-3.685732,11.00182
2837,3.378665,-9.8,-3.685732,11.00182
2838,3.378665,-9.8,-3.685732,11.00182
2839,3.378665,-9.8,-3.685732,11.00182
2840,3.378665,-9.8,-3.685732,11.00182
2841,3.378665,-9.8,-3.685732,11.00182
2842,3.378665,-9.8,-3.685732,11.00182
2843,3.378665,-9.8,-3.685732,11.00182
2844,3.378665,-9.8,-3.685732,11.00182
2845,3.378665,-9.8,-3.685732,11.00182
2846,3.378665,-9.8,-3.685732,11.00182
2847,3.378665,-9.8,-3.685732,11.00182
2848,3.378665,-9.8,-3.685732,11.00182
2849,3.378665,-9.8,-3.685732,11.00182
2850,3.378665,-9.8,-3.685732,11.00182
2851,3.378665,-9.8,-3.685732,11.00182
2852,3.378665,-9.8,-3.685732,11.00182
2853,3.378665,-9.8,-3.685732,11.00182
2854,3.378665,-9.8,-3.685732,11.00182
2855,3.378665,-9.8,-3.685732,11.00182
2856,3.378665,-9.8,-3.685732,11.00182
2857,3.378665,-9.8,-3.685732,11.00182
2858,3.378665,-9.8,-3.685732,11.00182
2859,3.378665,-9.8,-3.685732,11.00182
2860,3.378665,-9.8,-3.685732,11.00182
2861,3.378665,-9.8,-3.685732,11.00182
2862,3.378665,-9.8,-3.685732,11.00182
2863,3.378665,-9.8,-3.685732,11.00182
2864,3.378665,-9.8,-3.685732,11.00182
2865,3.378665,-9.8,-3.685732,11.00182
2866,3.378665,-9.8,-3.685732,11.00182
2867,3.378665,-9.8,-3.685732,11.00182
2868,3.378665,-9.8,-3.685732,11.00182
2869,3.378665,-9.8,-3.685732,11.00182
2870,3.378665,-9.8,-3.685732,11.00182
2871,3.378665,-9.8,-3.685732,11.00182
2872,3.378665,-9.8,-3.685732,11.00182
2873,3.378665,-9.8,-3.685732,11.00182
2874,3.378665,-9.8,-3.685732,11.00182
2875,3.378665,-9.8,-3.685732,11.00182
2876,3.378665,-9.8,-3.685732,11.00182
2877,3.378665,-9.8,-3.685732,11.00182
2878,3.378665,-9.8,-3.685732,11.00182
2879,3.378665,-9.8,-3.685732,11.00182
2880,3.378665,-9.8,-3.685732,11.00182
2881,3.378665,-9.8,-3.685732,11.00182
2882,3.378665,-9.8,-3.685732,11.00182
2883,3.378665,-9.8,-3.685732,11.00182
2884,3.378665,-9.8,-3.685732,11.00182
2885,3.378665,-9.8,-3.685732,11.00182
2886,3.378665,-9.8,-3.685732,11.00182
2887,3.378665,-9.8,-3.685732,11.00182
2888,3.378665,-9.8,-3.685732,11.00182
2889,3.378665,-9.8,-3.685732,11.00182
2890,3.378665,-9.8,-3.685732,11.00182
2891,3.378665,-9.8,-3.685732,11.00182
2892,3.378665,-9.8,-3.685732,11.00182
2893,3.378665,-9.8,-3.685732,11.00182
2894,3.378665,-9.8,-3.685732,11.00182
2895,3.378665,-9.8,-3.685732,11.00182
2896,3.378665,-9.8,-3.685732,11.00182
2897,3.378665,-9.8,-3.685732,11.00182
2898,3.378665,-9.8,-3.685732,11.00182
2899,3.378665,-9.8,-3.685732,11.00182
2900,3.378665,-9.8,-3.685732,11.00182
2901,3.378665,-9.8,-3.685732,11.00182
2902,3.378665,-9.8,-3.685732,11.00182
2903,3.378665,-9.8,-3.685732,11.00182
2904,3.378665,-9.8,-3.685732,11.00182
2905,3.378665,-9.8,-3.685732,11.00182
2906,3.378665,-9.8,-3.685732,11.00182
2907,3.378665,-9.8,-3.685732,11.00182
2908,3.378665,-9.8,-3.685732,11.00182
2909,3.378665,-9.8,-3.685732,11.00182
2910,3.378665,-9.8,-3.685732,11.00182
2911,3.378665,-9.8,-3.685732,11.00182
2912,3.378665,-9.8,-3.685732,11.00182
2913,3.378665,-9.8,-3.685732,11.00182
2914,3.378665,-9.8,-3.685732,11.00182
2915,3.378665,-9.8,-3.685732,11.00182
2916,3.378665,-9.8,-3.685732,11.00182
2917,3.378665,-9.8,-3.685732,11.00182
2918,3.378665,-9.8,-3.685732,11.00182
2919,3.378665,-9.8,-3.685732,11.00182
2920,3.378665,-9.8,-3.685732,11.00182
2921,3.378665,-9.8,-3.685732,11.00182
2922,3.378665,-9.8,-3.685732,11.00182
2923,3.378665,-9.8,-3.685732,11.00182
2924,3.378665,-9.8,-3.685732,11.00182
2925,3.378665,-9.8,-3.685732,11.00182
2926,3.378665,-9.8,-3.685732,11.00182
2927,3.378665,-9.8,-3.685732,11.00182
2928,3.378665,-9.8,-3.685732,11.00182
2929,3.378665,-9.8,-3.685732,11.00182
2930,3.378665,-9.8,-3.685732,11.00182
2931,3.378665,-9.8,-3.685732,11.00182
2932,3.378665,-9.8,-3.685732,11.00182
2933,3.378665,-9.8,-3.685732,11.00182
2934,3.378665,-9.8,-3.685732,11.00182
2935,3.378665,-9.8,-3.685732,11.00182
2936,3.378665,-9.8,-3.685732,11.00182
2937,3.378665,-9.8,-3.685732,11.00182
2938,3.378665,-9.8,-3.685732,11.00182
2939,3.378665,-9.8,-3.685732,11.00182
2940,3.378665,-9.8,-3.685732,11.00182
2941,3.378665,-9.8,-3.685732,11.00182
2942,3.378665,-9.8,-3.685732,11.00182
2943,3.378665,-9.8,-3.685732,11.00182
2944,3.378665,-9.8,-3.685732,11.00182
2945,3.378665,-9.8,-3.685732,11.00182
2946,3.378665,-9.8,-3.685732,11.00182
2947,3.378665,-9.8,-3.685732,11.00182
2948,3.378665,-9.8,-3.685732,11.00182
2949,3.378665,-9.8,-3.685732,11.00182
2950,3.378665,-9.8,-3.685732,11.00182
2951,3.378665,-9.8,-3.685732,11.00182
2952,3.378665,-9.8,-3.685732,11.00182
2953,3.378665,-9.8,-3.685732,11.00182
2954,3.378665,-9.8,-3.685732,11.00182
2955,3.378665,-9.8,-3.685732,11.00182
2956,3.378665,-9.8,-3.685732,11.00182
2957,3.378665,-9.8,-3.685732,11.00182
2958,3.378665,-9.8,-3.685732,11.00182
2959,3.378665,-9.8,-3.685732,11.00182
2960,3.378665,-9.8,-3.685732,11.00182
2961,3.378665,-9.8,-3.685732,11.00182
2962,3.378665,-9.8,-3.685732,11.00182
2963,3.378665,-9.8,-3.685732,11.00182
2964,3.378665,-9.8,-3.685732,11.00182
2965,3.378665,-9.8,-3.685732,11.00182
2966,3.378665,-9.8,-3.685732,11.00182
2967,3.378665,-9.8,-3.685732,11.00182
2968,3.378665,-9.8,-3.685732,11.00182
2969,3.378665,-9.8,-3.685732,11.00182
2970,3.378665,-9.8,-3.685732,11.00182
2971,3.378665,-9.8,-3.685732,11.00182
2972,3.378665,-9.8,-3.685732,11.00182
2973,3.378665,-9.8,-3.685732,11.00182
2974,3.378665,-9.8,-3.685732,11.00182
2975,3.378665,-9.8,-3.685732,11.00182
2976,3.378665,-9.8,-3.685732,11.00182
2977,3.378665,-9.8,-3.685732,11.00182
2978,3.378665,-9.8,-3.685732,11.00182
2979,3.378665,-9.8,-3.685732,11.00182
2980,3.378665,-9.8,-3.685732,11.00182
2981,3.378665,-9.8,-3.685732,11.00182
2982,3.378665,-9.8,-3.685732,11.00182
2983,3.378665,-9.8,-3.685732,11.00182
2984,3.378665,-9.8,-3.685732,11.00182
2985,3.378665,-9.8,-3.685732,11.00182
2986,3.378665,-9.8,-3.685732,11.00182
2987,3.378665,-9.8,-3.685732,11.00182
2988,3.378665,-9.8,-3.685732,11.00182
2989,3.378665,-9.8,-3.685732,11.00182
2990,3.378665,-9.8,-3.685732,11.00182
2991,3.378665,-9.8,-3.685732,11.00182
2992,3.378665,-9.8,-3.685732,11.00182
2993,3.378665,-9.8,-3.685732,11.00182
2994,3.378665,-9.8,-3.685732,11.00182
2995,3.378665,-9.8,-3.685732,11.00182
2996,3.378665,-9.8,-3.685732,11.00182
2997,3.378665,-9.8,-3.685732,11.00182
2998,3.378665,-9.8,-3.685732,11.00182
2999,3.378665,-9.8,-3.685732,11.00182
3000,3.378665,-9.8,-3.685732,11.00182
3001,3.378665,-9.8,-3.685732,11.00182
3002,3.378665,-9.8,-3.685732,11.00182
3003,3.378665,-9.8,-3.685732,11.00182
3004,3.378665,-9.8,-3.685732,11.00182
3005,3.378665,-9.8,-3.685732,11.00182
3006,3.378665,-9.8,-3.685732,11.00182
3007,3.378665,-9.8,-3.685732,11.00182
3008,3.378665,-9.8,-3.685732,11.00182
3009,3.378665,-9.8,-3.685732,11.00182
3010,3.378665,-9.8,-3.685732,11.00182
3011,3.378665,-9.8,-3.685732,11.00182
3012,3.378665,-9.8,-3.685732,11.00182
3013,3.378665,-9.8,-3.685732,11.00182
3014,3.378665,-9.8,-3.685732,11.00182
3015,3.378665,-9.8,-3.685732,11.00182
3016,3.378665,-9.8,-3.685732,11.00182
3017,3.378665,-9.8,-3.685732,11.00182
3018,3.378665,-9.8,-3.685732,11.00182
3019,3.378665,-9.8,-3.685732,11.00182
3020,3.378665,-9.8,-3.685732,11.00182
3021,3.378665,-9.8,-3.685732,11.00182
3022,3.378665,-9.8,-3.685732,11.00182
3023,3.378665,-9.8,-3.685732,11.00182
3024,3.378665,-9.8,-3.685732,11.00182
3025,3.378665,-9.8,-3.685732,11.00182
3026,3.378665,-9.8,-3.685732,11.00182
3027,3.378665,-9.8,-3.685732,11.00182
3028,3.378665,-9.8,-3.685732,11.00182
3029,3.378665,-9.8,-3.685732,11.00182
3030,3.378665,-9.8,-3.685732,11.00182
3031,3.378665,-9.8,-3.685732,11.00182
3032,3.378665,-9.8,-3.685732,11.00182
3033,3.378665,-9.8,-3.685732,11.00182
3034,3.378665,-9.8,-3.685732,11.00182
3035,3.378665,-9.8,-3.685732,11.00182
3036,3.378665,-9.8,-3.685732,11.00182
3037,3.378665,-9.8,-3.685732,11.00182
3038,3.378665,-9.8,-3.685732,11.00182
3039,3.378665,-9.8,-3.685732,11.00182
3040,3.378665,-9.8,-3.685732,11.00182
3041,3.378665,-9.8,-3.685732,11.00182
3042,3.378665,-9.8,-3.685732,11.00182
3043,3.378665,-9.8,-3.685732,11.00182
3044,3.378665,-9.8,-3.685732,11.00182
3045,3.378665,-9.8,-3.685732,11.00182
3046,3.378665,-9.8,-3.685732,11.00182
3047,3.378665,-9.8,-3.685732,11.00182
3048,3.378665,-9.8,-3.685732,11.00182
3049,3.378665,-9.8,-3.685732,11.00182
3050,3.378665,-9.8,-3.685732,11.00182
3051,3.378665,-9.8,-3.685732,11.00182
3052,3.378665,-9.8,-3.685732,11.00182
3053,3.378665,-9.8,-3.685732,11.00182
3054,3.378665,-9.8,-3.685732,11.00182
3055,3.378665,-9.8,-3.685732,11.00182
3056,3.378665,-9.8,-3.685732,11.00182
3057,3.378665,-9.8,-3.685732,11.00182
3058,3.378665,-9.8,-3.685732,11.00182
3059,3.378665,-9.8,-3.685732,11.00182
3060,3.378665,-9.8,-3.685732,11.00182
3061,3.378665,-9.8,-3.685732,11.00182
3062,3.378665,-9.8,-3.685732,11.00182
3063,3.378665,-9.8,-3.685732,11.00182
3064,3.378665,-9.8,-3.685732,11.00182
3065,3.378665,-9.8,-3.685732,11.00182
3066,3.378665,-9.8,-3.685732,11.00182
3067,3.378665,-9.8,-3.685732,11.00182
3068,3.378665,-9.8,-3.685732,11.00182
3069,3.378665,-9.8,-3.685732,11.00182
3070,3.378665,-9.8,-3.685732,11.00182
3071,3.378665,-9.8,-3.685732,11.00182
3072,3.378665,-9.8,-3.685732,11.00182
3073,3.378665,-9.8,-3.685732,11.00182
3074,3.378665,-9.8,-3.685732,11.00182
3075,3.378665,-9.8,-3.685732,11.00182
3076,3.378665,-9.8,-3.685732,11.00182
3077,3.378665,-9.8,-3.685732,11.00182
3078,3.378665,-9.8,-3.685732,11.00182
3079,3.378665,-9.8,-3.685732,11.00182
3080,3.378665,-9.8,-3.685732,11.00182
3081,3.378665,-9.8,-3.685732,11.00182
3082,3.378665,-9.8,-3.685732,11.00182
3083,3.378665,-9.8,-3.685732,11.00182
3084,3.378665,-9.8,-3.685732,11.00182
3085,3.378665,-9.8,-3.685732,11.00182
3086,3.378665,-9.8,-3.685732,11.00182
3087,3.378665,-9.8,-3.685732,11.00182
3088,3.378665,-9.8,-3.685732,11.00182
3089,3.378665,-9.8,-3.685732,11.00182
3090,3.378665,-9.8,-3.685732,11.00182
3091,3.378665,-9.8,-3.685732,11.00182
3092,3.378665,-9.8,-3.685732,11.00182
3093,3.378665,-9.8,-3.685732,11.00182
3094,3.378665,-9.8,-3.685732,11.00182
3095,3.378665,-9.8,-3.685732,11.00182
3096,3.378665,-9.8,-3.685732,11.00182
3097,3.378665,-9.8,-3.685732,11.00182
3098,3.378665,-9.8,-3.685732,11.00182
3099,3.378665,-9.8,-3.685732,11.00182
3100,3.378665,-9.8,-3.685732,11.00182
3101,3.378665,-9.8,-3.685732,11.00182
3102,3.378665,-9.8,-3.685732,11.00182
3103,3.378665,-9.8,-3.685732,11.00182
3104,3.378665,-9.8,-3.685732,11.00182
3105,3.378665,-9.8,-3.685732,11.00182
3106,3.378665,-9.8,-3.685732,11.00182
3107,3.378665,-9.8,-3.685732,11.00182
3108,3.378665,-9.8,-3.685732,11.00182
3109,3.378665,-9.8,-3.685732,11.00182
3110,3.378665,-9.8,-3.685732,11.00182
3111,3.378665,-9.8,-3.685732,11.00182
3112,3.378665,-9.8,-3.685732,11.00182
3113,3.378665,-9.8,-3.685732,11.00182
3114,3.378665,-9.8,-3.685732,11.00182
3115,3.378665,-9.8,-3.685732,11.00182
3116,3.378665,-9.8,-3.685732,11.00182
3117,3.378665,-9.8,-3.685732,11.00182
3118,3.378665,-9.8,-3.685732,11.00182
3119,3.378665,-9.8,-3.685732,11.00182
3120,3.378665,-9.8,-3.685732,11.00182
3121,3.378665,-9.8,-3.685732,11.00182
3122,3.378665,-9.8,-3.685732,11.00182
3123,3.378665,-9.8,-3.685732,11.00182
3124,3.378665,-9.8,-3.685732,11.00182
3125,3.378665,-9.8,-3.685732,11.00182
3126,3.378665,-9.8,-3.685732,11.00182
3127,3.378665,-9.8,-3.685732,11.00182
3128,3.378665,-9.8,-3.685732,11.00182
3129,3.378665,-9.8,-3.685732,11.00182
3130,3.378665,-9.8,-3.685732,11.00182
3131,3.378665,-9.8,-3.685732,11.00182
3132,3.378665,-9.8,-3.685732,11.00182
3133,3.378665,-9.8,-3.685732,11.00182
3134,3.378665,-9.8,-3.685732,11.00182
3135,3.378665,-9.8,-3.685732,11.00182
3136,3.378665,-9.8,-3.685732,11.00182
3137,3.378665,-9.8,-3.685732,11.00182
3138,3.378665,-9.8,-3.685732,11.00182
3139,3.378665,-9.8,-3.685732,11.00182
3140,3.378665,-9.8,-3.685732,11.00182
3141,3.378665,-9.8,-3.685732,11.00182
3142,3.378665,-9.8,-3.685732,11.00182
3143,3.378665,-9.8,-3.685732,11.00182
3144,3.378665,-9.8,-3.685732,11.00182
3145,3.378665,-9.8,-3.685732,11.00182
3146,3.378665,-9.8,-3.685732,11.00182
3147,3.378665,-9.8,-3.685732,11.00182
3148,3.378665,-9.8,-3.685732,11.00182
3149,3.378665,-9.8,-3.685732,11.00182
3150,3.378665,-9.8,-3.685732,11.00182
3151,3.378665,-9.8,-3.685732,11.00182
3152,3.378665,-9.8,-3.685732,11.00182
3153,3.378665,-9.8,-3.685732,11.00182
3154,3.378665,-9.8,-3.685732,11.00182
3155,3.378665,-9.8,-3.685732,11.00182
3156,3.378665,-9.8,-3.685732,11.00182
3157,3.378665,-9.8,-3.685732,11.00182
3158,3.378665,-9.8,-3.685732,11.00182
3159,3.378665,-9.8,-3.685732,11.00182
3160,3.378665,-9.8,-3.685732,11.00182
3161,3.378665,-9.8,-3.685732,11.00182
3162,3.378665,-9.8,-3.685732,11.00182
3163,3.378665,-9.8,-3.685732,11.00182
3164,3.378665,-9.8,-3.685732,11.00182
3165,3.378665,-9.8,-3.685732,11.00182
3166,3.378665,-9.8,-3.685732,11.00182
3167,3.378665,-9.8,-3.685732,11.00182
3168,3.378665,-9.8,-3.685732,11.00182
3169,3.378665,-9.8,-3.685732,11.00182
3170,3.378665,-9.8,-3.685732,11.00182
3171,3.378665,-9.8,-3.685732,11.00182
3172,3.378665,-9.8,-3.685732,11.00182
3173,3.378665,-9.8,-3.685732,11.00182
3174,3.378665,-9.8,-3.685732,11.00182
3175,3.378665,-9.8,-3.685732,11.00182
3176,3.378665,-9.8,-3.685732,11.00182
3177,3.378665,-9.8,-3.685732,11.00182
3178,3.378665,-9.8,-3.685732,11.00182
3179,3.378665,-9.8,-3.685732,11.00182
3180,3.378665,-9.8,-3.685732,11.00182
3181,3.378665,-9.8,-3.685732,11.00182
3182,3.378665,-9.8,-3.685732,11.00182
3183,3.378665,-9.8,-3.685732,11.00182
3184,3.378665,-9.8,-3.685732,11.00182
3185,3.378665,-9.8,-3.685732,11.00182
3186,3.378665,-9.8,-3.685732,11.00182
3187,3.378665,-9.8,-3.685732,11.00182
3188,3.378665,-9.8,-3.685732,11.00182
3189,3.378665,-9.8,-3.685732,11.00182
3190,3.378665,-9.8,-3.685732,11.00182
3191,3.378665,-9.8,-3.685732,11.00182
3192,3.378665,-9.8,-3.685732,11.00182
3193,3.378665,-9.8,-3.685732,11.00182
3194,3.378665,-9.8,-3.685732,11.00182
3195,3.378665,-9.8,-3.685732,11.00182
3196,3.378665,-9.8,-3.685732,11.00182
3197,3.378665,-9.8,-3.685732,11.00182
3198,3.378665,-9.8,-3.685732,11.00182
3199,3.378665,-9.8,-3.685732,11.00182
3200,3.378665,-9.8,-3.685732,11.00182
3201,3.378665,-9.8,-3.685732,11.00182
3202,3.378665,-9.8,-3.685732,11.00182
3203,3.378665,-9.8,-3.685732,11.00182
3204,3.378665,-9.8,-3.685732,11.00182
3205,3.378665,-9.8,-3.685732,11.00182
3206,3.378665,-9.8,-3.685732,11.00182
3207,3.378665,-9.8,-3.685732,11.00182
3208,3.378665,-9.8,-3.685732,11.00182
3209,3.378665,-9.8,-3.685732,11.00182
3210,3.378665,-9.8,-3.685732,11.00182
3211,3.378665,-9.8,-3.685732,11.00182
3212,3.378665,-9.8,-3.685732,11.00182
3213,3.378665,-9.8,-3.685732,11.00182
3214,3.378665,-9.8,-3.685732,11.00182
3215,3.378665,-9.8,-3.685732,11.00182
3216,3.378665,-9.8,-3.685732,11.00182
3217,3.378665,-9.8,-3.685732,11.00182
3218,3.378665,-9.8,-3.685732,11.00182
3219,3.378665,-9.8,-3.685732,11.00182
3220,3.378665,-9.8,-3.685732,11.00182
3221,3.378665,-9.8,-3.685732,11.00182
3222,3.378665,-9.8,-3.685732,11.00182
3223,3.378665,-9.8,-3.685732,11.00182
3224,3.378665,-9.8,-3.685732,11.00182
3225,3.378665,-9.8,-3.685732,11.00182
3226,3.378665,-9.8,-3.685732,11.00182
3227,3.378665,-9.8,-3.685732,11.00182
3228,3.378665,-9.8,-3.685732,11.00182
3229,3.378665,-9.8,-3.685732,11.00182
3230,3.378665,-9.8,-3.685732,11.00182
3231,3.378665,-9.8,-3.685732,11.00182
3232,3.378665,-9.8,-3.685732,11.00182
3233,3.378665,-9.8,-3.685732,11.00182
3234,3.378665,-9.8,-3.685732,11.00182
3235,3.378665,-9.8,-3.685732,11.00182
3236,3.378665,-9.8,-3.685732,11.00182
3237,3.378665,-9.8,-3.685732,11.00182
3238,3.378665,-9.8,-3.685732,11.00182
3239,3.378665,-9.8,-3.685732,11.00182
3240,3.378665,-9.8,-3.685732,11.00182
3241,3.378665,-9.8,-3.685732,11.00182
3242,3.378665,-9.8,-3.685732,11.00182
3243,3.378665,-9.8,-3.685732,11.00182
3244,3.378665,-9.8,-3.685732,11.00182
3245,3.378665,-9.8,-3.685732,11.00182
3246,3.378665,-9.8,-3.685732,11.00182
3247,3.378665,-9.8,-3.685732,11.00182
3248,3.378665,-9.8,-3.685732,11.00182
3249,3.378665,-9.8,-3.685732,11.00182
3250,3.378665,-9.8,-3.685732,11.00182
3251,3.378665,-9.8,-3.685732,11.00182
3252,3.378665,-9.8,-3.685732,11.00182
3253,3.378665,-9.8,-3.685732,11.00182
3254,3.378665,-9.8,-3.685732,11.00182
3255,3.378665,-9.8,-3.685732,11.00182
3256,3.378665,-9.8,-3.685732,11.00182
3257,3.378665,-9.8,-3.685732,11.00182
3258,3.378665,-9.8,-3.685732,11.00182
3259,3.378665,-9.8,-3.685732,11.00182
3260,3.378665,-9.8,-3.685732,11.00182
3261,3.378665,-9.8,-3.685732,11.00182
3262,3.378665,-9.8,-3.685732,11.00182
3263,3.378665,-9.8,-3.685732,11.00182
3264,3.378665,-9.8,-3.685732,11.00182
3265,3.378665,-9.8,-3.685732,11.00182
3266,3.378665,-9.8,-3.685732,11.00182
3267,3.378665,-9.8,-3.685732,11.00182
3268,3.378665,-9.8,-3.685732,11.00182
3269,3.378665,-9.8,-3.685732,11.00182
3270,3.378665,-9.8,-3.685732,11.00182
3271,3.378665,-9.8,-3.685732,11.00182
3272,3.378665,-9.8,-3.685732,11.00182
3273,3.378665,-9.8,-3.685732,11.00182
3274,3.378665,-9.8,-3.685732,11.00182
3275,3.378665,-9.8,-3.685732,11.00182
3276,3.378665,-9.8,-3.685732,11.00182
3277,3.378665,-9.8,-3.685732,11.00182
3278,3.378665,-9.8,-3.685732,11.00182
3279,3.378665,-9.8,-3.685732,11.00182
3280,3.378665,-9.8,-3.685732,11.00182
3281,3.378665,-9.8,-3.685732,11.00182
3282,3.378665,-9.8,-3.685732,11.00182
3283,3.378665,-9.8,-3.685732,11.00182
3284,3.378665,-9.8,-3.685732,11.00182
3285,3.378665,-9.8,-3.685732,11.00182
3286,3.378665,-9.8,-3.685732,11.00182
3287,3.378665,-9.8,-3.685732,11.00182
3288,3.378665,-9.8,-3.685732,11.00182
3289,3.378665,-9.8,-3.685732,11.00182
3290,3.378665,-9.8,-3.685732,11.00182
3291,3.378665,-9.8,-3.685732,11.00182
3292,3.378665,-9.8,-3.685732,11.00182
3293,3.378665,-9.8,-3.685732,11.00182
3294,3.378665,-9.8,-3.685732,11.00182
3295,3.378665,-9.8,-3.685732,11.00182
3296,3.378665,-9.8,-3.685732,11.00182
3297,3.378665,-9.8,-3.685732,11.00182
3298,3.378665,-9.8,-3.685732,11.00182
3299,3.378665,-9.8,-3.685732,11.00182
3300,3.378665,-9.8,-3.685732,11.00182
3301,3.378665,-9.8,-3.685732,11.00182
3302,3.378665,-9.8,-3.685732,11.00182
3303,3.378665,-9.8,-3.685732,11.00182
3304,3.378665,-9.8,-3.685732,11.00182
3305,3.378665,-9.8,-3.685732,11.00182
3306,3.378665,-9.8,-3.685732,11.00182
3307,3.378665,-9.8,-3.685732,11.00182
3308,3.378665,-9.8,-3.685732,11.00182
3309,3.378665,-9.8,-3.685732,11.00182
3310,3.378665,-9.8,-3.685732,11.00182
3311,3.378665,-9.8,-3.685732,11.00182
3312,3.378665,-9.8,-3.685732,11.00182
3313,3.378665,-9.8,-3.685732,11.00182
3314,3.378665,-9.8,-3.685732,11.00182
3315,3.378665,-9.8,-3.685732,11.00182
3316,3.378665,-9.8,-3.685732,11.00182
3317,3.378665,-9.8,-3.685732,11.00182
3318,3.378665,-9.8,-3.685732,11.00182
3319,3.378665,-9.8,-3.685732,11.00182
3320,3.378665,-9.8,-3.685732,11.00182
3321,3.378665,-9.8,-3.685732,11.00182
3322,3.378665,-9.8,-3.685732,11.00182
3323,3.378665,-9.8,-3.685732,11.00182
3324,3.378665,-9.8,-3.685732,11.00182
3325,3.378665,-9.8,-3.685732,11.00182
3326,3.378665,-9.8,-3.685732,11.00182
3327,3.378665,-9.8,-3.685732,11.00182
3328,3.378665,-9.8,-3.685732,11.00182
3329,3.378665,-9.8,-3.685732,11.00182
3330,3.378665,-9.8,-3.685732,11.00182
3331,3.378665,-9.8,-3.685732,11.00182
3332,3.378665,-9.8,-3.685732,11.00182
3333,3.378665,-9.8,-3.685732,11.00182
3334,3.378665,-9.8,-3.685732,11.00182
3335,3.378665,-9.8,-3.685732,11.00182
3336,3.378665,-9.8,-3.685732,11.00182
3337,3.378665,-9.8,-3.685732,11.00182
3338,3.378665,-9.8,-3.685732,11.00182
3339,3.378665,-9.8,-3.685732,11.00182
3340,3.378665,-9.8,-3.685732,11.00182
3341,3.378665,-9.8,-3.685732,11.00182
3342,3.378665,-9.8,-3.685732,11.00182
3343,3.378665,-9.8,-3.685732,11.00182
3344,3.378665,-9.8,-3.685732,11.00182
3345,3.378665,-9.8,-3.685732,11.00182
3346,3.378665,-9.8,-3.685732,11.00182
3347,3.378665,-9.8,-3.685732,11.00182
3348,3.378665,-9.8,-3.685732,11.00182
3349,3.378665,-9.8,-3.685732,11.00182
3350,3.378665,-9.8,-3.685732,11.00182
3351,3.378665,-9.8,-3.685732,11.00182
3352,3.378665,-9.8,-3.685732,11.00182
3353,3.378665,-9.8,-3.685732,11.00182
3354,3.378665,-9.8,-3.685732,11.00182
3355,3.378665,-9.8,-3.685732,11.00182
3356,3.378665,-9.8,-3.685732,11.00182
3357,3.378665,-9.8,-3.685732,11.00182
3358,3.378665,-9.8,-3.685732,11.00182
3359,3.378665,-9.8,-3.685732,11.00182
3360,3.378665,-9.8,-3.685732,11.00182
3361,3.378665,-9.8,-3.685732,11.00182
3362,3.378665,-9.8,-3.685732,11.00182
3363,3.378665,-9.8,-3.685732,11.00182
3364,3.378665,-9.8,-3.685732,11.00182
3365,3.378665,-9.8,-3.685732,11.00182
3366,3.378665,-9.8,-3.685732,11.00182
3367,3.378665,-9.8,-3.685732,11.00182
3368,3.378665,-9.8,-3.685732,11.00182
3369,3.378665,-9.8,-3.685732,11.00182
3370,3.378665,-9.8,-3.685732,11.00182
3371,3.378665,-9.8,-3.685732,11.00182
3372,3.378665,-9.8,-3.685732,11.00182
3373,3.378665,-9.8,-3.685732,11.00182
3374,3.378665,-9.8,-3.685732,11.00182
3375,3.378665,-9.8,-3.685732,11.00182
3376,3.378665,-9.8,-3.685732,11.00182
3377,3.378665,-9.8,-3.685732,11.00182
3378,3.378665,-9.8,-3.685732,11.00182
3379,3.378665,-9.8,-3.685732,11.00182
3380,3.378665,-9.8,-3.685732,11.00182
3381,3.378665,-9.8,-3.685732,11.00182
3382,3.378665,-9.8,-3.685732,11.00182
3383,3.378665,-9.8,-3.685732,11.00182
3384,3.378665,-9.8,-3.685732,11.00182
3385,3.378665,-9.8,-3.685732,11.00182
3386,3.378665,-9.8,-3.685732,11.00182
3387,3.378665,-9.8,-3.685732,11.00182
3388,3.378665,-9.8,-3.685732,11.00182
3389,3.378665,-9.8,-3.685732,11.00182
3390,3.378665,-9.8,-3.685732,11.00182
3391,3.378665,-9.8,-3.685732,11.00182
3392,3.378665,-9.8,-3.685732,11.00182
3393,3.378665,-9.8,-3.685732,11.00182
3394,3.378665,-9.8,-3.685732,11.00182
3395,3.378665,-9.8,-3.685732,11.00182
3396,3.378665,-9.8,-3.685732,11.00182
3397,3.378665,-9.8,-3.685732,11.00182
3398,3.378665,-9.8,-3.685732,11.00182
3399,3.378665,-9.8,-3.685732,11.00182
3400,3.378665,-9.8,-3.685732,11.00182
3401,3.378665,-9.8,-3.685732,11.00182
3402,3.378665,-9.8,-3.685732,11.00182
3403,3.378665,-9.8,-3.685732,11.00182
3404,3.378665,-9.8,-3.685732,11.00182
3405,3.378665,-9.8,-3.685732,11.00182
3406,3.378665,-9.8,-3.685732,11.00182
3407,3.378665,-9.8,-3.685732,11.00182
3408,3.378665,-9.8,-3.685732,11.00182
3409,3.378665,-9.8,-3.685732,11.00182
3410,3.378665,-9.8,-3.685732,11.00182
3411,3.378665,-9.8,-3.685732,11.00182
3412,3.378665,-9.8,-3.685732,11.00182
3413,3.378665,-9.8,-3.685732,11.00182
3414,3.378665,-9.8,-3.685732,11.00182
3415,3.378665,-9.8,-3.685732,11.00182
3416,3.378665,-9.8,-3.685732,11.00182
3417,3.378665,-9.8,-3.685732,11.00182
3418,3.378665,-9.8,-3.685732,11.00182
3419,3.378665,-9.8,-3.685732,11.00182
3420,3.378665,-9.8,-3.685732,11.00182
3421,3.378665,-9.8,-3.685732,11.00182
3422,3.378665,-9.8,-3.685732,11.00182
3423,3.378665,-9.8,-3.685732,11.00182
3424,3.378665,-9.8,-3.685732,11.00182
3425,3.378665,-9.8,-3.685732,11.00182
3426,3.378665,-9.8,-3.685732,11.00182
3427,3.378665,-9.8,-3.685732,11.00182
3428,3.378665,-9.8,-3.685732,11.00182
3429,3.378665,-9.8,-3.685732,11.00182
3430,3.378665,-9.8,-3.685732,11.00182
3431,3.378665,-9.8,-3.685732,11.00182
3432,3.378665,-9.8,-3.685732,11.00182
3433,3.378665,-9.8,-3.685732,11.00182
3434,3.378665,-9.8,-3.685732,11.00182
3435,3.378665,-9.8,-3.685732,11.00182
3436,3.378665,-9.8,-3.685732,11.00182
3437,3.378665,-9.8,-3.685732,11.00182
3438,3.378665,-9.8,-3.685732,11.00182
3439,3.378665,-9.8,-3.685732,11.00182
3440,3.378665,-9.8,-3.685732,11.00182
3441,3.378665,-9.8,-3.685732,11.00182
3442,3.378665,-9.8,-3.685732,11.00182
3443,3.378665,-9.8,-3.685732,11.00182
3444,3.378665,-9.8,-3.685732,11.00182
3445,3.378665,-9.8,-3.685732,11.00182
3446,3.378665,-9.8,-3.685732,11.00182
3447,3.378665,-9.8,-3.685732,11.00182
3448,3.378665,-9.8,-3.685732,11.00182
3449,3.378665,-9.8,-3.685732,11.00182
3450,3.378665,-9.8,-3.685732,11.00182
3451,3.378665,-9.8,-3.685732,11.00182
3452,3.378665,-9.8,-3.685732,11.00182
3453,3.378665,-9.8,-3.685732,11.00182
3454,3.378665,-9.8,-3.685732,11.00182
3455,3.378665,-9.8,-3.685732,11.00182
3456,3.378665,-9.8,-3.685732,11.00182
3457,3.378665,-9.8,-3.685732,11.00182
3458,3.378665,-9.8,-3.685732,11.00182
3459,3.378665,-9.8,-3.685732,11.00182
3460,3.378665,-9.8,-3.685732,11.00182
3461,3.378665,-9.8,-3.685732,11.00182
3462,3.378665,-9.8,-3.685732,11.00182
3463,3.378665,-9.8,-3.685732,11.00182
3464,3.378665,-9.8,-3.685732,11.00182
3465,3.378665,-9.8,-3.685732,11.00182
3466,3.378665,-9.8,-3.685732,11.00182
3467,3.378665,-9.8,-3.685732,11.00182
3468,3.378665,-9.8,-3.685732,11.00182
3469,3.378665,-9.8,-3.685732,11.00182
3470,3.378665,-9.8,-3.685732,11.00182
3471,3.378665,-9.8,-3.685732,11.00182
3472,3.378665,-9.8,-3.685732,11.00182
3473,3.378665,-9.8,-3.685732,11.00182
3474,3.378665,-9.8,-3.685732,11.00182
3475,3.378665,-9.8,-3.685732,11.00182
3476,3.378665,-9.8,-3.685732,11.00182
3477,3.378665,-9.8,-3.685732,11.00182
3478,3.378665,-9.8,-3.685732,11.00182
3479,3.378665,-9.8,-3.685732,11.00182
3480,3.378665,-9.8,-3.685732,11.00182
3481,3.378665,-9.8,-3.685732,11.00182
3482,3.378665,-9.8,-3.685732,11.00182
3483,3.378665,-9.8,-3.685732,11.00182
3484,3.378665,-9.8,-3.685732,11.00182
3485,3.378665,-9.8,-3.685732,11.00182
3486,3.378665,-9.8,-3.685732,11.00182
3487,3.378665,-9.8,-3.685732,11.00182
3488,3.378665,-9.8,-3.685732,11.00182
3489,3.378665,-9.8,-3.685732,11.00182
3490,3.378665,-9.8,-3.685732,11.00182
3491,3.378665,-9.8,-3.685732,11.00182
3492,3.378665,-9.8,-3.685732,11.00182
3493,3.378665,-9.8,-3.685732,11.00182
3494,3.378665,-9.8,-3.685732,11.00182
3495,3.378665,-9.8,-3.685732,11.00182
3496,3.378665,-9.8,-3.685732,11.00182
3497,3.378665,-9.8,-3.685732,11.00182
3498,3.378665,-9.8,-3.685732,11.00182
3499,3.378665,-9.8,-3.685732,11.00182
3500,3.378665,-9.8,-3.685732,11.00182
3501,3.378665,-9.8,-3.685732,11.00182
3502,3.378665,-9.8,-3.685732,11.00182
3503,3.378665,-9.8,-3.685732,11.00182
3504,3.378665,-9.8,-3.685732,11.00182
3505,3.378665,-9.8,-3.685732,11.00182
3506,3.378665,-9.8,-3.685732,11.00182
3507,3.378665,-9.8,-3.685732,11.00182
3508,3.378665,-9.8,-3.685732,11.00182
3509,3.378665,-9.8,-3.685732,11.00182
3510,3.378665,-9.8,-3.685732,11.00182
3511,3.378665,-9.8,-3.685732,11.00182
3512,3.378665,-9.8,-3.685732,11.00182
3513,3.378665,-9.8,-3.685732,11.00182
3514,3.378665,-9.8,-3.685732,11.00182
3515,3.378665,-9.8,-3.685732,11.00182
3516,3.378665,-9.8,-3.685732,11.00182
3517,3.378665,-9.8,-3.685732,11.00182
3518,3.378665,-9.8,-3.685732,11.00182
3519,3.378665,-9.8,-3.685732,11.00182
3520,3.378665,-9.8,-3.685732,11.00182
3521,3.378665,-9.8,-3.685732,11.00182
3522,3.378665,-9.8,-3.685732,11.00182
3523,3.378665,-9.8,-3.685732,11.00182
3524,3.378665,-9.8,-3.685732,11.00182
3525,3.378665,-9.8,-3.685732,11.00182
3526,3.378665,-9.8,-3.685732,11.00182
3527,3.378665,-9.8,-3.685732,11.00182
3528,3.378665,-9.8,-3.685732,11.00182
3529,3.378665,-9.8,-3.685732,11.00182
3530,3.378665,-9.8,-3.685732,11.00182
3531,3.378665,-9.8,-3.685732,11.00182
3532,3.378665,-9.8,-3.685732,11.00182
3533,3.378665,-9.8,-3.685732,11.00182
3534,3.378665,-9.8,-3.685732,11.00182
3535,3.378665,-9.8,-3.685732,11.00182
3536,3.378665,-9.8,-3.685732,11.00182
3537,3.378665,-9.8,-3.685732,11.00182
3538,3.378665,-9.8,-3.685732,11.00182
3539,3.378665,-9.8,-3.685732,11.00182
3540,3.378665,-9.8,-3.685732,11.00182
3541,3.378665,-9.8,-3.685732,11.00182
3542,3.378665,-9.8,-3.685732,11.00182
3543,3.378665,-9.8,-3.685732,11.00182
3544,3.378665,-9.8,-3.685732,11.00182
3545,3.378665,-9.8,-3.685732,11.00182
3546,3.378665,-9.8,-3.685732,11.00182
3547,3.378665,-9.8,-3.685732,11.00182
3548,3.378665,-9.8,-3.685732,11.00182
3549,3.378665,-9.8,-3.685732,11.00182
3550,3.378665,-9.8,-3.685732,11.00182
3551,3.378665,-9.8,-3.685732,11.00182
3552,3.378665,-9.8,-3.685732,11.00182
3553,3.378665,-9.8,-3.685732,11.00182
3554,3.378665,-9.8,-3.685732,11.00182
3555,3.378665,-9.8,-3.685732,11.00182
3556,3.378665,-9.8,-3.685732,11.00182
3557,3.378665,-9.8,-3.685732,11.00182
3558,3.378665,-9.8,-3.685732,11.00182
3559,3.378665,-9.8,-3.685732,11.00182
3560,3.378665,-9.8,-3.685732,11.00182
3561,3.378665,-9.8,-3.685732,11.00182
3562,3.378665,-9.8,-3.685732,11.00182
3563,3.378665,-9.8,-3.685732,11.00182
3564,3.378665,-9.8,-3.685732,11.00182
3565,3.378665,-9.8,-3.685732,11.00182
3566,3.378665,-9.8,-3.685732,11.00182
3567,3.378665,-9.8,-3.685732,11.00182
3568,3.378665,-9.8,-3.685732,11.00182
3569,3.378665,-9.8,-3.685732,11.00182
3570,3.378665,-9.8,-3.685732,11.00182
3571,3.378665,-9.8,-3.685732,11.00182
3572,3.378665,-9.8,-3.685732,11.00182
3573,3.378665,-9.8,-3.685732,11.00182
3574,3.378665,-9.8,-3.685732,11.00182
3575,3.378665,-9.8,-3.685732,11.00182
3576,3.378665,-9.8,-3.685732,11.00182
3577,3.378665,-9.8,-3.685732,11.00182
3578,3.378665,-9.8,-3.685732,11.00182
3579,3.378665,-9.8,-3.685732,11.00182
3580,3.378665,-9.8,-3.685732,11.00182
3581,3.378665,-9.8,-3.685732,11.00182
3582,3.378665,-9.8,-3.685732,11.00182
3583,3.378665,-9.8,-3.685732,11.00182
3584,3.378665,-9.8,-3.685732,11.00182
3585,3.378665,-9.8,-3.685732,11.00182
3586,3.378665,-9.8,-3.685732,11.00182
3587,3.378665,-9.8,-3.685732,11.00182
3588,3.378665,-9.8,-3.685732,11.00182
3589,3.378665,-9.8,-3.685732,11.00182
3590,3.378665,-9.8,-3.685732,11.00182
3591,3.378665,-9.8,-3.685732,11.00182
3592,3.378665,-9.8,-3.685732,11.00182
3593,3.378665,-9.8,-3.685732,11.00182
3594,3.378665,-9.8,-3.685732,11.00182
3595,3.378665,-9.8,-3.685732,11.00182
3596,3.378665,-9.8,-3.685732,11.00182
3597,3.378665,-9.8,-3.685732,11.00182
3598,3.378665,-9.8,-3.685732,11.00182
3599,3.378665,-9.8,-3.685732,11.00182
3600,3.378665,-9.8,-3.685732,11.00182
3601,3.378665,-9.8,-3.685732,11.00182
3602,3.378665,-9.8,-3.685732,11.00182
3603,3.378665,-9.8,-3.685732,11.00182
3604,3.378665,-9.8,-3.685732,11.00182
3605,3.378665,-9.8,-3.685732,11.00182
3606,3.378665,-9.8,-3.685732,11.00182
3607,3.378665,-9.8,-3.685732,11.00182
3608,3.378665,-9.8,-3.685732,11.00182
3609,3.378665,-9.8,-3.685732,11.00182
3610,3.378665,-9.8,-3.685732,11.00182
3611,3.378665,-9.8,-3.685732,11.00182
3612,3.378665,-9.8,-3.685732,11.00182
3613,3.378665,-9.8,-3.685732,11.00182
3614,3.378665,-9.8,-3.685732,11.00182
3615,3.378665,-9.8,-3.685732,11.00182
3616,3.378665,-9.8,-3.685732,11.00182
3617,3.378665,-9.8,-3.685732,11.00182
3618,3.378665,-9.8,-3.685732,11.00182
3619,3.378665,-9.8,-3.685732,11.00182
3620,3.378665,-9.8,-3.685732,11.00182
3621,3.378665,-9.8,-3.685732,11.00182
3622,3.378665,-9.8,-3.685732,11.00182
3623,3.378665,-9.8,-3.685732,11.00182
3624,3.378665,-9.8,-3.685732,11.00182
3625,3.378665,-9.8,-3.685732,11.00182
3626,3.378665,-9.8,-3.685732,11.00182
3627,3.378665,-9.8,-3.685732,11.00182
3628,3.378665,-9.8,-3.685732,11.00182
3629,3.378665,-9.8,-3.685732,11.00182
3630,3.378665,-9.8,-3.685732,11.00182
3631,3.378665,-9.8,-3.685732,11.00182
3632,3.378665,-9.8,-3.685732,11.00182
3633,3.378665,-9.8,-3.685732,11.00182
3634,3.378665,-9.8,-3.685732,11.00182
3635,3.378665,-9.8,-3.685732,11.00182
3636,3.378665,-9.8,-3.685732,11.00182
3637,3.378665,-9.8,-3.685732,11.00182
3638,3.378665,-9.8,-3.685732,11.00182
3639,3.378665,-9.8,-3.685732,11.00182
3640,3.378665,-9.8,-3.685732,11.00182
3641,3.378665,-9.8,-3.685732,11.00182
3642,3.378665,-9.8,-3.685732,11.00182
3643,3.378665,-9.8,-3.685732,11.00182
3644,3.378665,-9.8,-3.685732,11.00182
3645,3.378665,-9.8,-3.685732,11.00182
3646,3.378665,-9.8,-3.685732,11.00182
3647,3.378665,-9.8,-3.685732,11.00182
3648,3.378665,-9.8,-3.685732,11.00182
3649,3.378665,-9.8,-3.685732,11.00182
3650,3.378665,-9.8,-3.685732,11.00182
3651,3.378665,-9.8,-3.685732,11.00182
3652,3.378665,-9.8,-3.685732,11.00182
3653,3.378665,-9.8,-3.685732,11.00182
3654,3.378665,-9.8,-3.685732,11.00182
3655,3.378665,-9.8,-3.685732,11.00182
3656,3.378665,-9.8,-3.685732,11.00182
3657,3.378665,-9.8,-3.685732,11.00182
3658,3.378665,-9.8,-3.685732,11.00182
3659,3.378665,-9.8,-3.685732,11.00182
3660,3.378665,-9.8,-3.685732,11.00182
3661,3.378665,-9.8,-3.685732,11.00182
3662,3.378665,-9.8,-3.685732,11.00182
3663,3.378665,-9.8,-3.685732,11.00182
3664,3.378665,-9.8,-3.685732,11.00182
3665,3.378665,-9.8,-3.685732,11.00182
3666,3.378665,-9.8,-3.685732,11.00182
3667,3.378665,-9.8,-3.685732,11.00182
3668,3.378665,-9.8,-3.685732,11.00182
3669,3.378665,-9.8,-3.685732,11.00182
3670,3.378665,-9.8,-3.685732,11.00182
3671,3.378665,-9.8,-3.685732,11.00182
3672,3.378665,-9.8,-3.685732,11.00182
3673,3.378665,-9.8,-3.685732,11.00182
3674,3.378665,-9.8,-3.685732,11.00182
3675,3.378665,-9.8,-3.685732,11.00182
3676,3.378665,-9.8,-3.685732,11.00182
3677,3.378665,-9.8,-3.685732,11.00182
3678,3.378665,-9.8,-3.685732,11.00182
3679,3.378665,-9.8,-3.685732,11.00182
3680,3.378665,-9.8,-3.685732,11.00182
3681,3.378665,-9.8,-3.685732,11.00182
3682,3.378665,-9.8,-3.685732,11.00182
3683,3.378665,-9.8,-3.685732,11.00182
3684,3.378665,-9.8,-3.685732,11.00182
3685,3.378665,-9.8,-3.685732,11.00182
3686,3.378665,-9.8,-3.685732,11.00182
3687,3.378665,-9.8,-3.685732,11.00182
3688,3.378665,-9.8,-3.685732,11.00182
3689,3.378665,-9.8,-3.685732,11.00182
3690,3.378665,-9.8,-3.685732,11.00182
3691,3.378665,-9.8,-3.685732,11.00182
3692,3.378665,-9.8,-3.685732,11.00182
3693,3.378665,-9.8,-3.685732,11.00182
3694,3.378665,-9.8,-3.685732,11.00182
3695,3.378665,-9.8,-3.685732,11.00182
3696,3.378665,-9.8,-3.685732,11.00182
3697,3.378665,-9.8,-3.685732,11.00182
3698,3.378665,-9.8,-3.685732,11.00182
3699,3.378665,-9.8,-3.685732,11.00182
3700,3.378665,-9.8,-3.685732,11.00182
3701,3.378665,-9.8,-3.685732,11.00182
3702,3.378665,-9.8,-3.685732,11.00182
3703,3.378665,-9.8,-3.685732,11.00182
3704,3.378665,-9.8,-3.685732,11.00182
3705,3.378665,-9.8,-3.685732,11.00182
3706,3.378665,-9.8,-3.685732,11.00182
3707,3.378665,-9.8,-3.685732,11.00182
3708,3.378665,-9.8,-3.685732,11.00182
3709,3.378665,-9.8,-3.685732,11.00182
3710,3.378665,-9.8,-3.685732,11.00182
3711,3.378665,-9.8,-3.685732,11.00182
3712,3.378665,-9.8,-3.685732,11.00182
3713,3.378665,-9.8,-3.685732,11.00182
3714,3.378665,-9.8,-3.685732,11.00182
3715,3.378665,-9.8,-3.685732,11.00182
3716,3.378665,-9.8,-3.685732,11.00182
3717,3.378665,-9.8,-3.685732,11.00182
3718,3.378665,-9.8,-3.685732,11.00182
3719,3.378665,-9.8,-3.685732,11.00182
3720,3.378665,-9.8,-3.685732,11.00182
3721,3.378665,-9.8,-3.685732,11.00182
3722,3.378665,-9.8,-3.685732,11.00182
3723,3.378665,-9.8,-3.685732,11.00182
3724,3.378665,-9.8,-3.685732,11.00182
3725,3.378665,-9.8,-3.685732,11.00182
3726,3.378665,-9.8,-3.685732,11.00182
3727,3.378665,-9.8,-3.685732,11.00182
3728,3.378665,-9.8,-3.685732,11.00182
3729,3.378665,-9.8,-3.685732,11.00182
3730,3.378665,-9.8,-3.685732,11.00182
3731,3.378665,-9.8,-3.685732,11.00182
3732,3.378665,-9.8,-3.685732,11.00182
3733,3.378665,-9.8,-3.685732,11.00182
3734,3.378665,-9.8,-3.685732,11.00182
3735,3.378665,-9.8,-3.685732,11.00182
3736,3.378665,-9.8,-3.685732,11.00182
3737,3.378665,-9.8,-3.685732,11.00182
3738,3.378665,-9.8,-3.685732,11.00182
3739,3.378665,-9.8,-3.685732,11.00182
3740,3.378665,-9.8,-3.685732,11.00182
3741,3.378665,-9.8,-3.685732,11.00182
3742,3.378665,-9.8,-3.685732,11.00182
3743,3.378665,-9.8,-3.685732,11.00182
3744,3.378665,-9.8,-3.685732,11.00182
3745,3.378665,-9.8,-3.685732,11.00182
3746,3.378665,-9.8,-3.685732,11.00182
3747,3.378665,-9.8,-3.685732,11.00182
3748,3.378665,-9.8,-3.685732,11.00182
3749,3.378665,-9.8,-3.685732,11.00182
3750,3.378665,-9.8,-3.685732,11.00182
3751,3.378665,-9.8,-3.685732,11.00182
3752,3.378665,-9.8,-3.685732,11.00182
3753,3.378665,-9.8,-3.685732,11.00182
3754,3.378665,-9.8,-3.685732,11.00182
3755,3.378665,-9.8,-3.685732,11.00182
3756,3.378665,-9.8,-3.685732,11.00182
3757,3.378665,-9.8,-3.685732,11.00182
3758,3.378665,-9.8,-3.685732,11.00182
3759,3.378665,-9.8,-3.685732,11.00182
3760,3.378665,-9.8,-3.685732,11.00182
3761,3.378665,-9.8,-3.685732,11.00182
3762,3.378665,-9.8,-3.685732,11.00182
3763,3.378665,-9.8,-3.685732,11.00182
3764,3.378665,-9.8,-3.685732,11.00182
3765,3.378665,-9.8,-3.685732,11.00182
3766,3.378665,-9.8,-3.685732,11.00182
3767,3.378665,-9.8,-3.685732,11.00182
3768,3.378665,-9.8,-3.685732,11.00182
3769,3.378665,-9.8,-3.685732,11.00182
3770,3.378665,-9.8,-3.685732,11.00182
3771,3.378665,-9.8,-3.685732,11.00182
3772,3.378665,-9.8,-3.685732,11.00182
3773,3.378665,-9.8,-3.685732,11.00182
3774,3.378665,-9.8,-3.685732,11.00182
3775,3.378665,-9.8,-3.685732,11.00182
3776,3.378665,-9.8,-3.685732,11.00182
3777,3.378665,-9.8,-3.685732,11.00182
3778,3.378665,-9.8,-3.685732,11.00182
3779,3.378665,-9.8,-3.685732,11.00182
3780,3.378665,-9.8,-3.685732,11.00182
3781,3.378665,-9.8,-3.685732,11.00182
3782,3.378665,-9.8,-3.685732,11.00182
3783,3.378665,-9.8,-3.685732,11.00182
3784,3.378665,-9.8,-3.685732,11.00182
3785,3.378665,-9.8,-3.685732,11.00182
3786,3.378665,-9.8,-3.685732,11.00182
3787,3.378665,-9.8,-3.685732,11.00182
3788,3.378665,-9.8,-3.685732,11.00182
3789,3.378665,-9.8,-3.685732,11.00182
3790,3.378665,-9.8,-3.685732,11.00182
3791,3.378665,-9.8,-3.685732,11.00182
3792,3.378665,-9.8,-3.685732,11.00182
3793,3.378665,-9.8,-3.685732,11.00182
3794,3.378665,-9.8,-3.685732,11.00182
3795,3.378665,-9.8,-3.685732,11.00182
3796,3.378665,-9.8,-3.685732,11.00182
3797,3.378665,-9.8,-3.685732,11.00182
3798,3.378665,-9.8,-3.685732,11.00182
3799,3.378665,-9.8,-3.685732,11.00182
3800,3.378665,-9.8,-3.685732,11.00182
3801,3.378665,-9.8,-3.685732,11.00182
3802,3.378665,-9.8,-3.685732,11.00182
3803,3.378665,-9.8,-3.685732,11.00182
3804,3.378665,-9.8,-3.685732,11.00182
3805,3.378665,-9.8,-3.685732,11.00182
3806,3.378665,-9.8,-3.685732,11.00182
3807,3.378665,-9.8,-3.685732,11.00182
3808,3.378665,-9.8,-3.685732,11.00182
3809,3.378665,-9.8,-3.685732,11.00182
3810,3.378665,-9.8,-3.685732,11.00182
3811,3.378665,-9.8,-3.685732,11.00182
3812,3.378665,-9.8,-3.685732,11.00182
3813,3.378665,-9.8,-3.685732,11.00182
3814,3.378665,-9.8,-3.685732,11.00182
3815,3.378665,-9.8,-3.685732,11.00182
3816,3.378665,-9.8,-3.685732,11.00182
3817,3.378665,-9.8,-3.685732,11.00182
3818,3.378665,-9.8,-3.685732,11.00182
3819,3.378665,-9.8,-3.685732,11.00182
3820,3.378665,-9.8,-3.685732,11.00182
3821,3.378665,-9.8,-3.685732,11.00182
3822,3.378665,-9.8,-3.685732,11.00182
3823,3.378665,-9.8,-3.685732,11.00182
3824,3.378665,-9.8,-3.685732,11.00182
3825,3.378665,-9.8,-3.685732,11.00182
3826,3.378665,-9.8,-3.685732,11.00182
3827,3.378665,-9.8,-3.685732,11.00182
3828,3.378665,-9.8,-3.685732,11.00182
3829,3.378665,-9.8,-3.685732,11.00182
3830,3.378665,-9.8,-3.685732,11.00182
3831,3.378665,-9.8,-3.685732,11.00182
3832,3.378665,-9.8,-3.685732,11.00182
3833,3.378665,-9.8,-3.685732,11.00182
3834,3.378665,-9.8,-3.685732,11.00182
3835,3.378665,-9.8,-3.685732,11.00182
3836,3.378665,-9.8,-3.685732,11.00182
3837,3.378665,-9.8,-3.685732,11.00182
3838,3.378665,-9.8,-3.685732,11.00182
3839,3.378665,-9.8,-3.685732,11.00182
3840,3.378665,-9.8,-3.685732,11.00182
3841,3.378665,-9.8,-3.685732,11.00182
3842,3.378665,-9.8,-3.685732,11.00182
3843,3.378665,-9.8,-3.685732,11.00182
3844,3.378665,-9.8,-3.685732,11.00182
3845,3.378665,-9.8,-3.685732,11.00182
3846,3.378665,-9.8,-3.685732,11.00182
3847,3.378665,-9.8,-3.685732,11.00182
3848,3.378665,-9.8,-3.685732,11.00182
3849,3.378665,-9.8,-3.685732,11.00182
3850,3.378665,-9.8,-3.685732,11.00182
3851,3.378665,-9.8,-3.685732,11.00182
3852,3.378665,-9.8,-3.685732,11.00182
3853,3.378665,-9.8,-3.685732,11.00182
3854,3.378665,-9.8,-3.685732,11.00182
3855,3.378665,-9.8,-3.685732,11.00182
3856,3.378665,-9.8,-3.685732,11.00182
3857,3.378665,-9.8,-3.685732,11.00182
3858,3.378665,-9.8,-3.685732,11.00182
3859,3.378665,-9.8,-3.685732,11.00182
3860,3.378665,-9.8,-3.685732,11.00182
3861,3.378665,-9.8,-3.685732,11.00182
3862,3.378665,-9.8,-3.685732,11.00182
3863,3.378665,-9.8,-3.685732,11.00182
3864,3.378665,-9.8,-3.685732,11.00182
3865,3.378665,-9.8,-3.685732,11.00182
3866,3.378665,-9.8,-3.685732,11.00182
3867,3.378665,-9.8,-3.685732,11.00182
3868,3.378665,-9.8,-3.685732,11.00182
3869,3.378665,-9.8,-3.685732,11.00182
3870,3.378665,-9.8,-3.685732,11.00182
3871,3.378665,-9.8,-3.685732,11.00182
3872,3.378665,-9.8,-3.685732,11.00182
3873,3.378665,-9.8,-3.685732,11.00182
3874,3.378665,-9.8,-3.685732,11.00182
3875,3.378665,-9.8,-3.685732,11.00182
3876,3.378665,-9.8,-3.685732,11.00182
3877,3.378665,-9.8,-3.685732,11.00182
3878,3.378665,-9.8,-3.685732,11.00182
3879,3.378665,-9.8,-3.685732,11.00182
3880,3.378665,-9.8,-3.685732,11.00182
3881,3.378665,-9.8,-3.685732,11.00182
3882,3.378665,-9.8,-3.685732,11.00182
3883,3.378665,-9.8,-3.685732,11.00182
3884,3.378665,-9.8,-3.685732,11.00182
3885,3.378665,-9.8,-3.685732,11.00182
3886,3.378665,-9.8,-3.685732,11.00182
3887,3.378665,-9.8,-3.685732,11.00182
3888,3.378665,-9.8,-3.685732,11.00182
3889,3.378665,-9.8,-3.685732,11.00182
3890,3.378665,-9.8,-3.685732,11.00182
3891,3.378665,-9.8,-3.685732,11.00182
3892,3.378665,-9.8,-3.685732,11.00182
3893,3.378665,-9.8,-3.685732,11.00182
3894,3.378665,-9.8,-3.685732,11.00182
3895,3.378665,-9.8,-3.685732,11.00182
3896,3.378665,-9.8,-3.685732,11.00182
3897,3.378665,-9.8,-3.685732,11.00182
3898,3.378665,-9.8,-3.685732,11.00182
3899,3.378665,-9.8,-3.685732,11.00182
3900,3.378665,-9.8,-3.685732,11.00182
3901,3.378665,-9.8,-3.685732,11.00182
3902,3.378665,-9.8,-3.685732,11.00182
3903,3.378665,-9.8,-3.685732,11.00182
3904,3.378665,-9.8,-3.685732,11.00182
3905,3.378665,-9.8,-3.685732,11.00182
3906,3.378665,-9.8,-3.685732,11.00182
3907,3.378665,-9.8,-3.685732,11.00182
3908,3.378665,-9.8,-3.685732,11.00182
3909,3.378665,-9.8,-3.685732,11.00182
3910,3.378665,-9.8,-3.685732,11.00182
3911,3.378665,-9.8,-3.685732,11.00182
3912,3.378665,-9.8,-3.685732,11.00182
3913,3.378665,-9.8,-3.685732,11.00182
3914,3.378665,-9.8,-3.685732,11.00182
3915,3.378665,-9.8,-3.685732,11.00182
3916,3.378665,-9.8,-3.685732,11.00182
3917,3.378665,-9.8,-3.685732,11.00182
3918,3.378665,-9.8,-3.685732,11.00182
3919,3.378665,-9.8,-3.685732,11.00182
3920,3.378665,-9.8,-3.685732,11.00182
3921,3.378665,-9.8,-3.685732,11.00182
3922,3.378665,-9.8,-3.685732,11.00182
3923,3.378665,-9.8,-3.685732,11.00182
3924,3.378665,-9.8,-3.685732,11.00182
3925,3.378665,-9.8,-3.685732,11.00182
3926,3.378665,-9.8,-3.685732,11.00182
3927,3.378665,-9.8,-3.685732,11.00182
3928,3.378665,-9.8,-3.685732,11.00182
3929,3.378665,-9.8,-3.685732,11.00182
3930,3.378665,-9.8,-3.685732,11.00182
3931,3.378665,-9.8,-3.685732,11.00182
3932,3.378665,-9.8,-3.685732,11.00182
3933,3.378665,-9.8,-3.685732,11.00182
3934,3.378665,-9.8,-3.685732,11.00182
3935,3.378665,-9.8,-3.685732,11.00182
3936,3.378665,-9.8,-3.685732,11.00182
3937,3.378665,-9.8,-3.685732,11.00182
3938,3.378665,-9.8,-3.685732,11.00182
3939,3.378665,-9.8,-3.685732,11.00182
3940,3.378665,-9.8,-3.685732,11.00182
3941,3.378665,-9.8,-3.685732,11.00182
3942,3.378665,-9.8,-3.685732,11.00182
3943,3.378665,-9.8,-3.685732,11.00182
3944,3.378665,-9.8,-3.685732,11.00182
3945,3.378665,-9.8,-3.685732,11.00182
3946,3.378665,-9.8,-3.685732,11.00182
3947,3.378665,-9.8,-3.685732,11.00182
3948,3.378665,-9.8,-3.685732,11.00182
3949,3.378665,-9.8,-3.685732,11.00182
3950,3.378665,-9.8,-3.685732,11.00182
3951,3.378665,-9.8,-3.685732,11.00182
3952,3.378665,-9.8,-3.685732,11.00182
3953,3.378665,-9.8,-3.685732,11.00182
3954,3.378665,-9.8,-3.685732,11.00182
3955,3.378665,-9.8,-3.685732,11.00182
3956,3.378665,-9.8,-3.685732,11.00182
3957,3.378665,-9.8,-3.685732,11.00182
3958,3.378665,-9.8,-3.685732,11.00182
3959,3.378665,-9.8,-3.685732,11.00182
3960,3.378665,-9.8,-3.685732,11.00182
3961,3.378665,-9.8,-3.685732,11.00182
3962,3.378665,-9.8,-3.685732,11.00182
3963,3.378665,-9.8,-3.685732,11.00182
3964,3.378665,-9.8,-3.685732,11.00182
3965,3.378665,-9.8,-3.685732,11.00182
3966,3.378665,-9.8,-3.685732,11.00182
3967,3.378665,-9.8,-3.685732,11.00182
3968,3.378665,-9.8,-3.685732,11.00182
3969,3.378665,-9.8,-3.685732,11.00182
3970,3.378665,-9.8,-3.685732,11.00182
3971,3.378665,-9.8,-3.685732,11.00182
3972,3.378665,-9.8,-3.685732,11.00182
3973,3.378665,-9.8,-3.685732,11.00182
3974,3.378665,-9.8,-3.685732,11.00182
3975,3.378665,-9.8,-3.685732,11.00182
3976,3.378665,-9.8,-3.685732,11.00182
3977,3.378665,-9.8,-3.685732,11.00182
3978,3.378665,-9.8,-3.685732,11.00182
3979,3.378665,-9.8,-3.685732,11.00182
3980,3.378665,-9.8,-3.685732,11.00182
3981,3.378665,-9.8,-3.685732,11.00182
3982,3.378665,-9.8,-3.685732,11.00182
3983,3.378665,-9.8,-3.685732,11.00182
3984,3.378665,-9.8,-3.685732,11.00182
3985,3.378665,-9.8,-3.685732,11.00182
3986,3.378665,-9.8,-3.685732,11.00182
3987,3.378665,-9.8,-3.685732,11.00182
3988,3.378665,-9.8,-3.685732,11.00182
3989,3.378665,-9.8,-3.685732,11.00182
3990,3.378665,-9.8,-3.685732,11.00182
3991,3.378665,-9.8,-3.685732,11.00182
3992,3.378665,-9.8,-3.685732,11.00182
3993,3.378665,-9.8,-3.685732,11.00182
3994,3.378665,-9.8,-3.685732,11.00182
3995,3.378665,-9.8,-3.685732,11.00182
3996,3.378665,-9.8,-3.685732,11.00182
3997,3.378665,-9.8,-3.685732,11.00182
3998,3.378665,-9.8,-3.685732,11.00182
3999,3.378665,-9.8,-3.685732,11.00182
4000,3.378665,-9.8,-3.685732,11.00182
4001,3.378665,-9.8,-3.685732,11.00182
4002,3.378665,-9.8,-3.685732,11.00182
4003,3.378665,-9.8,-3.685732,11.00182
4004,3.378665,-9.8,-3.685732,11.00182
4005,3.378665,-9.8,-3.685732,11.00182
4006,3.378665,-9.8,-3.685732,11.00182
4007,3.378665,-9.8,-3.685732,11.00182
4008,3.378665,-9.8,-3.685732,11.00182
4009,3.378665,-9.8,-3.685732,11.00182
4010,3.378665,-9.8,-3.685732,11.00182
4011,3.378665,-9.8,-3.685732,11.00182
4012,3.378665,-9.8,-3.685732,11.00182
4013,3.378665,-9.8,-3.685732,11.00182
4014,3.378665,-9.8,-3.685732,11.00182
4015,3.378665,-9.8,-3.685732,11.00182
4016,3.378665,-9.8,-3.685732,11.00182
4017,3.378665,-9.8,-3.685732,11.00182
4018,3.378665,-9.8,-3.685732,11.00182
4019,3.378665,-9.8,-3.685732,11.00182
4020,3.378665,-9.8,-3.685732,11.00182
4021,3.378665,-9.8,-3.685732,11.00182
4022,3.378665,-9.8,-3.685732,11.00182
4023,3.378665,-9.8,-3.685732,11.00182
4024,3.378665,-9.8,-3.685732,11.00182
4025,3.378665,-9.8,-3.685732,11.00182
4026,3.378665,-9.8,-3.685732,11.00182
4027,3.378665,-9.8,-3.685732,11.00182
4028,3.378665,-9.8,-3.685732,11.00182
4029,3.378665,-9.8,-3.685732,11.00182
4030,3.378665,-9.8,-3.685732,11.00182
4031,3.378665,-9.8,-3.685732,11.00182
4032,3.378665,-9.8,-3.685732,11.00182
4033,3.378665,-9.8,-3.685732,11.00182
4034,3.378665,-9.8,-3.685732,11.00182
4035,3.378665,-9.8,-3.685732,11.00182
4036,3.378665,-9.8,-3.685732,11.00182
4037,3.378665,-9.8,-3.685732,11.00182
4038,3.378665,-9.8,-3.685732,11.00182
4039,3.378665,-9.8,-3.685732,11.00182
4040,3.378665,-9.8,-3.685732,11.00182
4041,3.378665,-9.8,-3.685732,11.00182
4042,3.378665,-9.8,-3.685732,11.00182
4043,3.378665,-9.8,-3.685732,11.00182
4044,3.378665,-9.8,-3.685732,11.00182
4045,3.378665,-9.8,-3.685732,11.00182
4046,3.378665,-9.8,-3.685732,11.00182
4047,3.378665,-9.8,-3.685732,11.00182
4048,3.378665,-9.8,-3.685732,11.00182
4049,3.378665,-9.8,-3.685732,11.00182
4050,3.378665,-9.8,-3.685732,11.00182
4051,3.378665,-9.8,-3.685732,11.00182
4052,3.378665,-9.8,-3.685732,11.00182
4053,3.378665,-9.8,-3.685732,11.00182
4054,3.378665,-9.8,-3.685732,11.00182
4055,3.378665,-9.8,-3.685732,11.00182
4056,3.378665,-9.8,-3.685732,11.00182
4057,3.378665,-9.8,-3.685732,11.00182
4058,3.378665,-9.8,-3.685732,11.00182
4059,3.378665,-9.8,-3.685732,11.00182
4060,3.378665,-9.8,-3.685732,11.00182
4061,3.378665,-9.8,-3.685732,11.00182
4062,3.378665,-9.8,-3.685732,11.00182
4063,3.378665,-9.8,-3.685732,11.00182
4064,3.378665,-9.8,-3.685732,11.00182
4065,3.378665,-9.8,-3.685732,11.00182
4066,3.378665,-9.8,-3.685732,11.00182
4067,3.378665,-9.8,-3.685732,11.00182
4068,3.378665,-9.8,-3.685732,11.00182
4069,3.378665,-9.8,-3.685732,11.00182
4070,3.378665,-9.8,-3.685732,11.00182
4071,3.378665,-9.8,-3.685732,11.00182
4072,3.378665,-9.8,-3.685732,11.00182
4073,3.378665,-9.8,-3.685732,11.00182
4074,3.378665,-9.8,-3.685732,11.00182
4075,3.378665,-9.8,-3.685732,11.00182
4076,3.378665,-9.8,-3.685732,11.00182
4077,3.378665,-9.8,-3.685732,11.00182
4078,3.378665,-9.8,-3.685732,11.00182
4079,3.378665,-9.8,-3.685732,11.00182
4080,3.378665,-9.8,-3.685732,11.00182
4081,3.378665,-9.8,-3.685732,11.00182
4082,3.378665,-9.8,-3.685732,11.00182
4083,3.378665,-9.8,-3.685732,11.00182
4084,3.378665,-9.8,-3.685732,11.00182
4085,3.378665,-9.8,-3.685732,11.00182
4086,3.378665,-9.8,-3.685732,11.00182
4087,3.378665,-9.8,-3.685732,11.00182
4088,3.378665,-9.8,-3.685732,11.00182
4089,3.378665,-9.8,-3.685732,11.00182
4090,3.378665,-9.8,-3.685732,11.00182
4091,3.378665,-9.8,-3.685732,11.00182
4092,3.378665,-9.8,-3.685732,11.00182
4093,3.378665,-9.8,-3.685732,11.00182
4094,3.378665,-9.8,-3.685732,11.00182
4095,3.378665,-9.8,-3.685732,11.00182
4096,3.378665,-9.8,-3.685732,11.00182
4097,3.378665,-9.8,-3.685732,11.00182
4098,3.378665,-9.8,-3.685732,11.00182
4099,3.378665,-9.8,-3.685732,11.00182
4100,3.378665,-9.8,-3.685732,11.00182
4101,3.378665,-9.8,-3.685732,11.00182
4102,3.378665,-9.8,-3.685732,11.00182
4103,3.378665,-9.8,-3.685732,11.00182
4104,3.378665,-9.8,-3.685732,11.00182
4105,3.378665,-9.8,-3.685732,11.00182
4106,3.378665,-9.8,-3.685732,11.00182
4107,3.378665,-9.8,-3.685732,11.00182
4108,3.378665,-9.8,-3.685732,11.00182
4109,3.378665,-9.8,-3.685732,11.00182
4110,3.378665,-9.8,-3.685732,11.00182
4111,3.378665,-9.8,-3.685732,11.00182
4112,3.378665,-9.8,-3.685732,11.00182
4113,3.378665,-9.8,-3.685732,11.00182
4114,3.378665,-9.8,-3.685732,11.00182
4115,3.378665,-9.8,-3.685732,11.00182
4116,3.378665,-9.8,-3.685732,11.00182
4117,3.378665,-9.8,-3.685732,11.00182
4118,3.378665,-9.8,-3.685732,11.00182
4119,3.378665,-9.8,-3.685732,11.00182
4120,3.378665,-9.8,-3.685732,11.00182
4121,3.378665,-9.8,-3.685732,11.00182
4122,3.378665,-9.8,-3.685732,11.00182
4123,3.378665,-9.8,-3.685732,11.00182
4124,3.378665,-9.8,-3.685732,11.00182
4125,3.378665,-9.8,-3.685732,11.00182
4126,3.378665,-9.8,-3.685732,11.00182
4127,3.378665,-9.8,-3.685732,11.00182
4128,3.378665,-9.8,-3.685732,11.00182
4129,3.378665,-9.8,-3.685732,11.00182
4130,3.378665,-9.8,-3.685732,11.00182
4131,3.378665,-9.8,-3.685732,11.00182
4132,3.378665,-9.8,-3.685732,11.00182
4133,3.378665,-9.8,-3.685732,11.00182
4134,3.378665,-9.8,-3.685732,11.00182
4135,3.378665,-9.8,-3.685732,11.00182
4136,3.378665,-9.8,-3.685732,11.00182
4137,3.378665,-9.8,-3.685732,11.00182
4138,3.378665,-9.8,-3.685732,11.00182
4139,3.378665,-9.8,-3.685732,11.00182
4140,3.378665,-9.8,-3.685732,11.00182
4141,3.378665,-9.8,-3.685732,11.00182
4142,3.378665,-9.8,-3.685732,11.00182
4143,3.378665,-9.8,-3.685732,11.00182
4144,3.378665,-9.8,-3.685732,11.00182
4145,3.378665,-9.8,-3.685732,11.00182
4146,3.378665,-9.8,-3.685732,11.00182
4147,3.378665,-9.8,-3.685732,11.00182
4148,3.378665,-9.8,-3.685732,11.00182
4149,3.378665,-9.8,-3.685732,11.00182
4150,3.378665,-9.8,-3.685732,11.00182
4151,3.378665,-9.8,-3.685732,11.00182
4152,3.378665,-9.8,-3.685732,11.00182
4153,3.378665,-9.8,-3.685732,11.00182
4154,3.378665,-9.8,-3.685732,11.00182
4155,3.378665,-9.8,-3.685732,11.00182
4156,3.378665,-9.8,-3.685732,11.00182
4157,3.378665,-9.8,-3.685732,11.00182
4158,3.378665,-9.8,-3.685732,11.00182
4159,3.378665,-9.8,-3.685732,11.00182
4160,3.378665,-9.8,-3.685732,11.00182
4161,3.378665,-9.8,-3.685732,11.00182
4162,3.378665,-9.8,-3.685732,11.00182
4163,3.378665,-9.8,-3.685732,11.00182
4164,3.378665,-9.8,-3.685732,11.00182
4165,3.378665,-9.8,-3.685732,11.00182
4166,3.378665,-9.8,-3.685732,11.00182
4167,3.378665,-9.8,-3.685732,11.00182
4168,3.378665,-9.8,-3.685732,11.00182
4169,3.378665,-9.8,-3.685732,11.00182
4170,3.378665,-9.8,-3.685732,11.00182
4171,3.378665,-9.8,-3.685732,11.00182
4172,3.378665,-9.8,-3.685732,11.00182
4173,3.378665,-9.8,-3.685732,11.00182
4174,3.378665,-9.8,-3.685732,11.00182
4175,3.378665,-9.8,-3.685732,11.00182
4176,3.378665,-9.8,-3.685732,11.00182
4177,3.378665,-9.8,-3.685732,11.00182
4178,3.378665,-9.8,-3.685732,11.00182
4179,3.378665,-9.8,-3.685732,11.00182
4180,3.378665,-9.8,-3.685732,11.00182
4181,3.378665,-9.8,-3.685732,11.00182
4182,3.378665,-9.8,-3.685732,11.00182
4183,3.378665,-9.8,-3.685732,11.00182
4184,3.378665,-9.8,-3.685732,11.00182
4185,3.378665,-9.8,-3.685732,11.00182
4186,3.378665,-9.8,-3.685732,11.00182
4187,3.378665,-9.8,-3.685732,11.00182
4188,3.378665,-9.8,-3.685732,11.00182
4189,3.378665,-9.8,-3.685732,11.00182
4190,3.378665,-9.8,-3.685732,11.00182
4191,3.378665,-9.8,-3.685732,11.00182
4192,3.378665,-9.8,-3.685732,11.00182
4193,3.378665,-9.8,-3.685732,11.00182
4194,3.378665,-9.8,-3.685732,11.00182
4195,3.378665,-9.8,-3.685732,11.00182
4196,3.378665,-9.8,-3.685732,11.00182
4197,3.378665,-9.8,-3.685732,11.00182
4198,3.378665,-9.8,-3.685732,11.00182
4199,3.378665,-9.8,-3.685732,11.00182
4200,3.378665,-9.8,-3.685732,11.00182
4201,3.378665,-9.8,-3.685732,11.00182
4202,3.378665,-9.8,-3.685732,11.00182
4203,3.378665,-9.8,-3.685732,11.00182
4204,3.378665,-9.8,-3.685732,11.00182
4205,3.378665,-9.8,-3.685732,11.00182
4206,3.378665,-9.8,-3.685732,11.00182
4207,3.378665,-9.8,-3.685732,11.00182
4208,3.378665,-9.8,-3.685732,11.00182
4209,3.378665,-9.8,-3.685732,11.00182
4210,3.378665,-9.8,-3.685732,11.00182
4211,3.378665,-9.8,-3.685732,11.00182
4212,3.378665,-9.8,-3.685732,11.00182
4213,3.378665,-9.8,-3.685732,11.00182
4214,3.378665,-9.8,-3.685732,11.00182
4215,3.378665,-9.8,-3.685732,11.00182
4216,3.378665,-9.8,-3.685732,11.00182
4217,3.378665,-9.8,-3.685732,11.00182
4218,3.378665,-9.8,-3.685732,11.00182
4219,3.378665,-9.8,-3.685732,11.00182
4220,3.378665,-9.8,-3.685732,11.00182
4221,3.378665,-9.8,-3.685732,11.00182
4222,3.378665,-9.8,-3.685732,11.00182
4223,3.378665,-9.8,-3.685732,11.00182
4224,3.378665,-9.8,-3.685732,11.00182
4225,3.378665,-9.8,-3.685732,11.00182
4226,3.378665,-9.8,-3.685732,11.00182
4227,3.378665,-9.8,-3.685732,11.00182
4228,3.378665,-9.8,-3.685732,11.00182
4229,3.378665,-9.8,-3.685732,11.00182
4230,3.378665,-9.8,-3.685732,11.00182
4231,3.378665,-9.8,-3.685732,11.00182
4232,3.378665,-9.8,-3.685732,11.00182
4233,3.378665,-9.8,-3.685732,11.00182
4234,3.378665,-9.8,-3.685732,11.00182
4235,3.378665,-9.8,-3.685732,11.00182
4236,3.378665,-9.8,-3.685732,11.00182
4237,3.378665,-9.8,-3.685732,11.00182
4238,3.378665,-9.8,-3.685732,11.00182
4239,3.378665,-9.8,-3.685732,11.00182
4240,3.378665,-9.8,-3.685732,11.00182
4241,3.378665,-9.8,-3.685732,11.00182
4242,3.378665,-9.8,-3.685732,11.00182
4243,3.378665,-9.8,-3.685732,11.00182
4244,3.378665,-9.8,-3.685732,11.00182
4245,3.378665,-9.8,-3.685732,11.00182
4246,3.378665,-9.8,-3.685732,11.00182
4247,3.378665,-9.8,-3.685732,11.00182
4248,3.378665,-9.8,-3.685732,11.00182
4249,3.378665,-9.8,-3.685732,11.00182
4250,3.378665,-9.8,-3.685732,11.00182
4251,3.378665,-9.8,-3.685732,11.00182
4252,3.378665,-9.8,-3.685732,11.00182
4253,3.378665,-9.8,-3.685732,11.00182
4254,3.378665,-9.8,-3.685732,11.00182
4255,3.378665,-9.8,-3.685732,11.00182
4256,3.378665,-9.8,-3.685732,11.00182
4257,3.378665,-9.8,-3.685732,11.00182
4258,3.378665,-9.8,-3.685732,11.00182
4259,3.378665,-9.8,-3.685732,11.00182
4260,3.378665,-9.8,-3.685732,11.00182
4261,3.378665,-9.8,-3.685732,11.00182
4262,3.378665,-9.8,-3.685732,11.00182
4263,3.378665,-9.8,-3.685732,11.00182
4264,3.378665,-9.8,-3.685732,11.00182
4265,3.378665,-9.8,-3.685732,11.00182
4266,3.378665,-9.8,-3.685732,11.00182
4267,3.378665,-9.8,-3.685732,11.00182
4268,3.378665,-9.8,-3.685732,11.00182
4269,3.378665,-9.8,-3.685732,11.00182
4270,3.378665,-9.8,-3.685732,11.00182
4271,3.378665,-9.8,-3.685732,11.00182
4272,3.378665,-9.8,-3.685732,11.00182
4273,3.378665,-9.8,-3.685732,11.00182
4274,3.378665,-9.8,-3.685732,11.00182
4275,3.378665,-9.8,-3.685732,11.00182
4276,3.378665,-9.8,-3.685732,11.00182
4277,3.378665,-9.8,-3.685732,11.00182
4278,3.378665,-9.8,-3.685732,11.00182
4279,3.378665,-9.8,-3.685732,11.00182
4280,3.378665,-9.8,-3.685732,11.00182
4281,3.378665,-9.8,-3.685732,11.00182
4282,3.378665,-9.8,-3.685732,11.00182
4283,3.378665,-9.8,-3.685732,11.00182
4284,3.378665,-9.8,-3.685732,11.00182
4285,3.378665,-9.8,-3.685732,11.00182
4286,3.378665,-9.8,-3.685732,11.00182
4287,3.378665,-9.8,-3.685732,11.00182
4288,3.378665,-9.8,-3.685732,11.00182
4289,3.378665,-9.8,-3.685732,11.00182
4290,3.378665,-9.8,-3.685732,11.00182
4291,3.378665,-9.8,-3.685732,11.00182
4292,3.378665,-9.8,-3.685732,11.00182
4293,3.378665,-9.8,-3.685732,11.00182
4294,3.378665,-9.8,-3.685732,11.00182
4295,3.378665,-9.8,-3.685732,11.00182
4296,3.378665,-9.8,-3.685732,11.00182
4297,3.378665,-9.8,-3.685732,11.00182
4298,3.378665,-9.8,-3.685732,11.00182
4299,3.378665,-9.8,-3.685732,11.00182
4300,3.378665,-9.8,-3.685732,11.00182
4301,3.378665,-9.8,-3.685732,11.00182
4302,3.378665,-9.8,-3.685732,11.00182
4303,3.378665,-9.8,-3.685732,11.00182
4304,3.378665,-9.8,-3.685732,11.00182
4305,3.378665,-9.8,-3.685732,11.00182
4306,3.378665,-9.8,-3.685732,11.00182
4307,3.378665,-9.8,-3.685732,11.00182
4308,3.378665,-9.8,-3.685732,11.00182
4309,3.378665,-9.8,-3.685732,11.00182
4310,3.378665,-9.8,-3.685732,11.00182
4311,3.378665,-9.8,-3.685732,11.00182
4312,3.378665,-9.8,-3.685732,11.00182
4313,3.378665,-9.8,-3.685732,11.00182
4314,3.378665,-9.8,-3.685732,11.00182
4315,3.378665,-9.8,-3.685732,11.00182
4316,3.378665,-9.8,-3.685732,11.00182
4317,3.378665,-9.8,-3.685732,11.00182
4318,3.378665,-9.8,-3.685732,11.00182
4319,3.378665,-9.8,-3.685732,11.00182
4320,3.378665,-9.8,-3.685732,11.00182
4321,3.378665,-9.8,-3.685732,11.00182
4322,3.378665,-9.8,-3.685732,11.00182
4323,3.378665,-9.8,-3.685732,11.00182
4324,3.378665,-9.8,-3.685732,11.00182
4325,3.378665,-9.8,-3.685732,11.00182
4326,3.378665,-9.8,-3.685732,11.00182
4327,3.378665,-9.8,-3.685732,11.00182
4328,3.378665,-9.8,-3.685732,11.00182
4329,3.378665,-9.8,-3.685732,11.00182
4330,3.378665,-9.8,-3.685732,11.00182
4331,3.378665,-9.8,-3.685732,11.00182
4332,3.378665,-9.8,-3.685732,11.00182
4333,3.378665,-9.8,-3.685732,11.00182
4334,3.378665,-9.8,-3.685732,11.00182
4335,3.378665,-9.8,-3.685732,11.00182
4336,3.378665,-9.8,-3.685732,11.00182
4337,3.378665,-9.8,-3.685732,11.00182
4338,3.378665,-9.8,-3.685732,11.00182
4339,3.378665,-9.8,-3.685732,11.00182
4340,3.378665,-9.8,-3.685732,11.00182
4341,3.378665,-9.8,-3.685732,11.00182
4342,3.378665,-9.8,-3.685732,11.00182
4343,3.378665,-9.8,-3.685732,11.00182
4344,3.378665,-9.8,-3.685732,11.00182
4345,3.378665,-9.8,-3.685732,11.00182
4346,3.378665,-9.8,-3.685732,11.00182
4347,3.378665,-9.8,-3.685732,11.00182
4348,3.378665,-9.8,-3.685732,11.00182
4349,3.378665,-9.8,-3.685732,11.00182
4350,3.378665,-9.8,-3.685732,11.00182
4351,3.378665,-9.8,-3.685732,11.00182
4352,3.378665,-9.8,-3.685732,11.00182
4353,3.378665,-9.8,-3.685732,11.00182
4354,3.378665,-9.8,-3.685732,11.00182
4355,3.378665,-9.8,-3.685732,11.00182
4356,3.378665,-9.8,-3.685732,11.00182
4357,3.378665,-9.8,-3.685732,11.00182
4358,3.378665,-9.8,-3.685732,11.00182
4359,3.378665,-9.8,-3.685732,11.00182
4360,3.378665,-9.8,-3.685732,11.00182
4361,3.378665,-9.8,-3.685732,11.00182
4362,3.378665,-9.8,-3.685732,11.00182
4363,3.378665,-9.8,-3.685732,11.00182
4364,3.378665,-9.8,-3.685732,11.00182
4365,3.378665,-9.8,-3.685732,11.00182
4366,3.378665,-9.8,-3.685732,11.00182
4367,3.378665,-9.8,-3.685732,11.00182
4368,3.378665,-9.8,-3.685732,11.00182
4369,3.378665,-9.8,-3.685732,11.00182
4370,3.378665,-9.8,-3.685732,11.00182
4371,3.378665,-9.8,-3.685732,11.00182
4372,3.378665,-9.8,-3.685732,11.00182
4373,3.378665,-9.8,-3.685732,11.00182
4374,3.378665,-9.8,-3.685732,11.00182
4375,3.378665,-9.8,-3.685732,11.00182
4376,3.378665,-9.8,-3.685732,11.00182
4377,3.378665,-9.8,-3.685732,11.00182
4378,3.378665,-9.8,-3.685732,11.00182
4379,3.378665,-9.8,-3.685732,11.00182
4380,3.378665,-9.8,-3.685732,11.00182
4381,3.378665,-9.8,-3.685732,11.00182
4382,3.378665,-9.8,-3.685732,11.00182
4383,3.378665,-9.8,-3.685732,11.00182
4384,3.378665,-9.8,-3.685732,11.00182
4385,3.378665,-9.8,-3.685732,11.00182
4386,3.378665,-9.8,-3.685732,11.00182
4387,3.378665,-9.8,-3.685732,11.00182
4388,3.378665,-9.8,-3.685732,11.00182
4389,3.378665,-9.8,-3.685732,11.00182
4390,3.378665,-9.8,-3.685732,11.00182
4391,3.378665,-9.8,-3.685732,11.00182
4392,3.378665,-9.8,-3.685732,11.00182
4393,3.378665,-9.8,-3.685732,11.00182
4394,3.378665,-9.8,-3.685732,11.00182
4395,3.378665,-9.8,-3.685732,11.00182
4396,3.378665,-9.8,-3.685732,11.00182
4397,3.378665,-9.8,-3.685732,11.00182
4398,3.378665,-9.8,-3.685732,11.00182
4399,3.378665,-9.8,-3.685732,11.00182
4400,3.378665,-9.8,-3.685732,11.00182
4401,3.378665,-9.8,-3.685732,11.00182
4402,3.378665,-9.8,-3.685732,11.00182
4403,3.378665,-9.8,-3.685732,11.00182
4404,3.378665,-9.8,-3.685732,11.00182
4405,3.378665,-9.8,-3.685732,11.00182
4406,3.378665,-9.8,-3.685732,11.00182
4407,3.378665,-9.8,-3.685732,11.00182
4408,3.378665,-9.8,-3.685732,11.00182
4409,3.378665,-9.8,-3.685732,11.00182
4410,3.378665,-9.8,-3.685732,11.00182
4411,3.378665,-9.8,-3.685732,11.00182
4412,3.378665,-9.8,-3.685732,11.00182
4413,3.378665,-9.8,-3.685732,11.00182
4414,3.378665,-9.8,-3.685732,11.00182
4415,3.378665,-9.8,-3.685732,11.00182
4416,3.378665,-9.8,-3.685732,11.00182
4417,3.378665,-9.8,-3.685732,11.00182
4418,3.378665,-9.8,-3.685732,11.00182
4419,3.378665,-9.8,-3.685732,11.00182
4420,3.378665,-9.8,-3.685732,11.00182
4421,3.378665,-9.8,-3.685732,11.00182
4422,3.378665,-9.8,-3.685732,11.00182
4423,3.378665,-9.8,-3.685732,11.00182
4424,3.378665,-9.8,-3.685732,11.00182
4425,3.378665,-9.8,-3.685732,11.00182
4426,3.378665,-9.8,-3.685732,11.00182
4427,3.378665,-9.8,-3.685732,11.00182
4428,3.378665,-9.8,-3.685732,11.00182
4429,3.378665,-9.8,-3.685732,11.00182
4430,3.378665,-9.8,-3.685732,11.00182
4431,3.378665,-9.8,-3.685732,11.00182
4432,3.378665,-9.8,-3.685732,11.00182
4433,3.378665,-9.8,-3.685732,11.00182
4434,3.378665,-9.8,-3.685732,11.00182
4435,3.378665,-9.8,-3.685732,11.00182
4436,3.378665,-9.8,-3.685732,11.00182
4437,3.378665,-9.8,-3.685732,11.00182
4438,3.378665,-9.8,-3.685732,11.00182
4439,3.378665,-9.8,-3.685732,11.00182
4440,3.378665,-9.8,-3.685732,11.00182
4441,3.378665,-9.8,-3.685732,11.00182
4442,3.378665,-9.8,-3.685732,11.00182
4443,3.378665,-9.8,-3.685732,11.00182
4444,3.378665,-9.8,-3.685732,11.00182
4445,3.378665,-9.8,-3.685732,11.00182
4446,3.378665,-9.8,-3.685732,11.00182
4447,3.378665,-9.8,-3.685732,11.00182
4448,3.378665,-9.8,-3.685732,11.00182
4449,3.378665,-9.8,-3.685732,11.00182
4450,3.378665,-9.8,-3.685732,11.00182
4451,3.378665,-9.8,-3.685732,11.00182
4452,3.378665,-9.8,-3.685732,11.00182
4453,3.378665,-9.8,-3.685732,11.00182
4454,3.378665,-9.8,-3.685732,11.00182
4455,3.378665,-9.8,-3.685732,11.00182
4456,3.378665,-9.8,-3.685732,11.00182
4457,3.378665,-9.8,-3.685732,11.00182
4458,3.378665,-9.8,-3.685732,11.00182
4459,3.378665,-9.8,-3.685732,11.00182
4460,3.378665,-9.8,-3.685732,11.00182
4461,3.378665,-9.8,-3.685732,11.00182
4462,3.378665,-9.8,-3.685732,11.00182
4463,3.378665,-9.8,-3.685732,11.00182
4464,3.378665,-9.8,-3.685732,11.00182
4465,3.378665,-9.8,-3.685732,11.00182
4466,3.378665,-9.8,-3.685732,11.00182
4467,3.378665,-9.8,-3.685732,11.00182
4468,3.378665,-9.8,-3.685732,11.00182
4469,3.378665,-9.8,-3.685732,11.00182
4470,3.378665,-9.8,-3.685732,11.00182
4471,3.378665,-9.8,-3.685732,11.00182
4472,3.378665,-9.8,-3.685732,11.00182
4473,3.378665,-9.8,-3.685732,11.00182
4474,3.378665,-9.8,-3.685732,11.00182
4475,3.378665,-9.8,-3.685732,11.00182
4476,3.378665,-9.8,-3.685732,11.00182
4477,3.378665,-9.8,-3.685732,11.00182
4478,3.378665,-9.8,-3.685732,11.00182
4479,3.378665,-9.8,-3.685732,11.00182
4480,3.378665,-9.8,-3.685732,11.00182
4481,3.378665,-9.8,-3.685732,11.00182
4482,3.378665,-9.8,-3.685732,11.00182
4483,3.378665,-9.8,-3.685732,11.00182
4484,3.378665,-9.8,-3.685732,11.00182
4485,3.378665,-9.8,-3.685732,11.00182
4486,3.378665,-9.8,-3.685732,11.00182
4487,3.378665,-9.8,-3.685732,11.00182
4488,3.378665,-9.8,-3.685732,11.00182
4489,3.378665,-9.8,-3.685732,11.00182
4490,3.378665,-9.8,-3.685732,11.00182
4491,3.378665,-9.8,-3.685732,11.00182
4492,3.378665,-9.8,-3.685732,11.00182
4493,3.378665,-9.8,-3.685732,11.00182
4494,3.378665,-9.8,-3.685732,11.00182
4495,3.378665,-9.8,-3.685732,11.00182
4496,3.378665,-9.8,-3.685732,11.00182
4497,3.378665,-9.8,-3.685732,11.00182
4498,3.378665,-9.8,-3.685732,11.00182
4499,3.378665,-9.8,-3.685732,11.00182
4500,3.378665,-9.8,-3.685732,11.00182
4501,3.378665,-9.8,-3.685732,11.00182
4502,3.378665,-9.8,-3.685732,11.00182
4503,3.378665,-9.8,-3.685732,11.00182
4504,3.378665,-9.8,-3.685732,11.00182
4505,3.378665,-9.8,-3.685732,11.00182
4506,3.378665,-9.8,-3.685732,11.00182
4507,3.378665,-9.8,-3.685732,11.00182
4508,3.378665,-9.8,-3.685732,11.00182
4509,3.378665,-9.8,-3.685732,11.00182
4510,3.378665,-9.8,-3.685732,11.00182
4511,3.378665,-9.8,-3.685732,11.00182
4512,3.378665,-9.8,-3.685732,11.00182
4513,3.378665,-9.8,-3.685732,11.00182
4514,3.378665,-9.8,-3.685732,11.00182
4515,3.378665,-9.8,-3.685732,11.00182
4516,3.378665,-9.8,-3.685732,11.00182
4517,3.378665,-9.8,-3.685732,11.00182
4518,3.378665,-9.8,-3.685732,11.00182
4519,3.378665,-9.8,-3.685732,11.00182
4520,3.378665,-9.8,-3.685732,11.00182
4521,3.378665,-9.8,-3.685732,11.00182
4522,3.378665,-9.8,-3.685732,11.00182
4523,3.378665,-9.8,-3.685732,11.00182
4524,3.378665,-9.8,-3.685732,11.00182
4525,3.378665,-9.8,-3.685732,11.00182
4526,3.378665,-9.8,-3.685732,11.00182
4527,3.378665,-9.8,-3.685732,11.00182
4528,3.378665,-9.8,-3.685732,11.00182
4529,3.378665,-9.8,-3.685732,11.00182
4530,3.378665,-9.8,-3.685732,11.00182
4531,3.378665,-9.8,-3.685732,11.00182
4532,3.378665,-9.8,-3.685732,11.00182
4533,3.378665,-9.8,-3.685732,11.00182
4534,3.378665,-9.8,-3.685732,11.00182
4535,3.378665,-9.8,-3.685732,11.00182
4536,3.378665,-9.8,-3.685732,11.00182
4537,3.378665,-9.8,-3.685732,11.00182
4538,3.378665,-9.8,-3.685732,11.00182
4539,3.378665,-9.8,-3.685732,11.00182
4540,3.378665,-9.8,-3.685732,11.00182
4541,3.378665,-9.8,-3.685732,11.00182
4542,3.378665,-9.8,-3.685732,11.00182
4543,3.378665,-9.8,-3.685732,11.00182
4544,3.378665,-9.8,-3.685732,11.00182
4545,3.378665,-9.8,-3.685732,11.00182
4546,3.378665,-9.8,-3.685732,11.00182
4547,3.378665,-9.8,-3.685732,11.00182
4548,3.378665,-9.8,-3.685732,11.00182
4549,3.378665,-9.8,-3.685732,11.00182
4550,3.378665,-9.8,-3.685732,11.00182
4551,3.378665,-9.8,-3.685732,11.00182
4552,3.378665,-9.8,-3.685732,11.00182
4553,3.378665,-9.8,-3.685732,11.00182
4554,3.378665,-9.8,-3.685732,11.00182
4555,3.378665,-9.8,-3.685732,11.00182
4556,3.378665,-9.8,-3.685732,11.00182
4557,3.378665,-9.8,-3.685732,11.00182
4558,3.378665,-9.8,-3.685732,11.00182
4559,3.378665,-9.8,-3.685732,11.00182
4560,3.378665,-9.8,-3.685732,11.00182
4561,3.378665,-9.8,-3.685732,11.00182
4562,3.378665,-9.8,-3.685732,11.00182
4563,3.378665,-9.8,-3.685732,11.00182
4564,3.378665,-9.8,-3.685732,11.00182
4565,3.378665,-9.8,-3.685732,11.00182
4566,3.378665,-9.8,-3.685732,11.00182
4567,3.378665,-9.8,-3.685732,11.00182
4568,3.378665,-9.8,-3.685732,11.00182
4569,3.378665,-9.8,-3.685732,11.00182
4570,3.378665,-9.8,-3.685732,11.00182
4571,3.378665,-9.8,-3.685732,11.00182
4572,3.378665,-9.8,-3.685732,11.00182
4573,3.378665,-9.8,-3.685732,11.00182
4574,3.378665,-9.8,-3.685732,11.00182
4575,3.378665,-9.8,-3.685732,11.00182
4576,3.378665,-9.8,-3.685732,11.00182
4577,3.378665,-9.8,-3.685732,11.00182
4578,3.378665,-9.8,-3.685732,11.00182
4579,3.378665,-9.8,-3.685732,11.00182
4580,3.378665,-9.8,-3.685732,11.00182
4581,3.378665,-9.8,-3.685732,11.00182
4582,3.378665,-9.8,-3.685732,11.00182
4583,3.378665,-9.8,-3.685732,11.00182
4584,3.378665,-9.8,-3.685732,11.00182
4585,3.378665,-9.8,-3.685732,11.00182
4586,3.378665,-9.8,-3.685732,11.00182
4587,3.378665,-9.8,-3.685732,11.00182
4588,3.378665,-9.8,-3.685732,11.00182
4589,3.378665,-9.8,-3.685732,11.00182
4590,3.378665,-9.8,-3.685732,11.00182
4591,3.378665,-9.8,-3.685732,11.00182
4592,3.378665,-9.8,-3.685732,11.00182
4593,3.378665,-9.8,-3.685732,11.00182
4594,3.378665,-9.8,-3.685732,11.00182
4595,3.378665,-9.8,-3.685732,11.00182
4596,3.378665,-9.8,-3.685732,11.00182
4597,3.378665,-9.8,-3.685732,11.00182
4598,3.378665,-9.8,-3.685732,11.00182
4599,3.378665,-9.8,-3.685732,11.00182
4600,3.378665,-9.8,-3.685732,11.00182
4601,3.378665,-9.8,-3.685732,11.00182
4602,3.378665,-9.8,-3.685732,11.00182
4603,3.378665,-9.8,-3.685732,11.00182
4604,3.378665,-9.8,-3.685732,11.00182
4605,3.378665,-9.8,-3.685732,11.00182
4606,3.378665,-9.8,-3.685732,11.00182
4607,3.378665,-9.8,-3.685732,11.00182
4608,3.378665,-9.8,-3.685732,11.00182
4609,3.378665,-9.8,-3.685732,11.00182
4610,3.378665,-9.8,-3.685732,11.00182
4611,3.378665,-9.8,-3.685732,11.00182
4612,3.378665,-9.8,-3.685732,11.00182
4613,3.378665,-9.8,-3.685732,11.00182
4614,3.378665,-9.8,-3.685732,11.00182
4615,3.378665,-9.8,-3.685732,11.00182
4616,3.378665,-9.8,-3.685732,11.00182
4617,3.378665,-9.8,-3.685732,11.00182
4618,3.378665,-9.8,-3.685732,11.00182
4619,3.378665,-9.8,-3.685732,11.00182
4620,3.378665,-9.8,-3.685732,11.00182
4621,3.378665,-9.8,-3.685732,11.00182
4622,3.378665,-9.8,-3.685732,11.00182
4623,3.378665,-9.8,-3.685732,11.00182
4624,3.378665,-9.8,-3.685732,11.00182
4625,3.378665,-9.8,-3.685732,11.00182
4626,3.378665,-9.8,-3.685732,11.00182
4627,3.378665,-9.8,-3.685732,11.00182
4628,3.378665,-9.8,-3.685732,11.00182
4629,3.378665,-9.8,-3.685732,11.00182
4630,3.378665,-9.8,-3.685732,11.00182
4631,3.378665,-9.8,-3.685732,11.00182
4632,3.378665,-9.8,-3.685732,11.00182
4633,3.378665,-9.8,-3.685732,11.00182
4634,3.378665,-9.8,-3.685732,11.00182
4635,3.378665,-9.8,-3.685732,11.00182
4636,3.378665,-9.8,-3.685732,11.00182
4637,3.378665,-9.8,-3.685732,11.00182
4638,3.378665,-9.8,-3.685732,11.00182
4639,3.378665,-9.8,-3.685732,11.00182
4640,3.378665,-9.8,-3.685732,11.00182
4641,3.378665,-9.8,-3.685732,11.00182
4642,3.378665,-9.8,-3.685732,11.00182
4643,3.378665,-9.8,-3.685732,11.00182
4644,3.378665,-9.8,-3.685732,11.00182
4645,3.378665,-9.8,-3.685732,11.00182
4646,3.378665,-9.8,-3.685732,11.00182
4647,3.378665,-9.8,-3.685732,11.00182
4648,3.378665,-9.8,-3.685732,11.00182
4649,3.378665,-9.8,-3.685732,11.00182
4650,3.378665,-9.8,-3.685732,11.00182
4651,3.378665,-9.8,-3.685732,11.00182
4652,3.378665,-9.8,-3.685732,11.00182
4653,3.378665,-9.8,-3.685732,11.00182
4654,3.378665,-9.8,-3.685732,11.00182
4655,3.378665,-9.8,-3.685732,11.00182
4656,3.378665,-9.8,-3.685732,11.00182
4657,3.378665,-9.8,-3.685732,11.00182
4658,3.378665,-9.8,-3.685732,11.00182
4659,3.378665,-9.8,-3.685732,11.00182
4660,3.378665,-9.8,-3.685732,11.00182
4661,3.378665,-9.8,-3.685732,11.00182
4662,3.378665,-9.8,-3.685732,11.00182
4663,3.378665,-9.8,-3.685732,11.00182
4664,3.378665,-9.8,-3.685732,11.00182
4665,3.378665,-9.8,-3.685732,11.00182
4666,3.378665,-9.8,-3.685732,11.00182
4667,3.378665,-9.8,-3.685732,11.00182
4668,3.378665,-9.8,-3.685732,11.00182
4669,3.378665,-9.8,-3.685732,11.00182
4670,3.378665,-9.8,-3.685732,11.00182
4671,3.378665,-9.8,-3.685732,11.00182
4672,3.378665,-9.8,-3.685732,11.00182
4673,3.378665,-9.8,-3.685732,11.00182
4674,3.378665,-9.8,-3.685732,11.00182
4675,3.378665,-9.8,-3.685732,11.00182
4676,3.378665,-9.8,-3.685732,11.00182
4677,3.378665,-9.8,-3.685732,11.00182
4678,3.378665,-9.8,-3.685732,11.00182
4679,3.378665,-9.8,-3.685732,11.00182
4680,3.378665,-9.8,-3.685732,11.00182
4681,3.378665,-9.8,-3.685732,11.00182
4682,3.378665,-9.8,-3.685732,11.00182
4683,3.378665,-9.8,-3.685732,11.00182
4684,3.378665,-9.8,-3.685732,11.00182
4685,3.378665,-9.8,-3.685732,11.00182
4686,3.378665,-9.8,-3.685732,11.00182
4687,3.378665,-9.8,-3.685732,11.00182
4688,3.378665,-9.8,-3.685732,11.00182
4689,3.378665,-9.8,-3.685732,11.00182
4690,3.378665,-9.8,-3.685732,11.00182
4691,3.378665,-9.8,-3.685732,11.00182
4692,3.378665,-9.8,-3.685732,11.00182
4693,3.378665,-9.8,-3.685732,11.00182
4694,3.378665,-9.8,-3.685732,11.00182
4695,3.378665,-9.8,-3.685732,11.00182
4696,3.378665,-9.8,-3.685732,11.00182
4697,3.378665,-9.8,-3.685732,11.00182
4698,3.378665,-9.8,-3.685732,11.00182
4699,3.378665,-9.8,-3.685732,11.00182
4700,3.378665,-9.8,-3.685732,11.00182
4701,3.378665,-9.8,-3.685732,11.00182
4702,3.378665,-9.8,-3.685732,11.00182
4703,3.378665,-9.8,-3.685732,11.00182
4704,3.378665,-9.8,-3.685732,11.00182
4705,3.378665,-9.8,-3.685732,11.00182
4706,3.378665,-9.8,-3.685732,11.00182
4707,3.378665,-9.8,-3.685732,11.00182
4708,3.378665,-9.8,-3.685732,11.00182
4709,3.378665,-9.8,-3.685732,11.00182
4710,3.378665,-9.8,-3.685732,11.00182
4711,3.378665,-9.8,-3.685732,11.00182
4712,3.378665,-9.8,-3.685732,11.00182
4713,3.378665,-9.8,-3.685732,11.00182
4714,3.378665,-9.8,-3.685732,11.00182
4715,3.378665,-9.8,-3.685732,11.00182
4716,3.378665,-9.8,-3.685732,11.00182
4717,3.378665,-9.8,-3.685732,11.00182
4718,3.378665,-9.8,-3.685732,11.00182
4719,3.378665,-9.8,-3.685732,11.00182
4720,3.378665,-9.8,-3.685732,11.00182
4721,3.378665,-9.8,-3.685732,11.00182
4722,3.378665,-9.8,-3.685732,11.00182
4723,3.378665,-9.8,-3.685732,11.00182
4724,3.378665,-9.8,-3.685732,11.00182
4725,3.378665,-9.8,-3.685732,11.00182
4726,3.378665,-9.8,-3.685732,11.00182
4727,3.378665,-9.8,-3.685732,11.00182
4728,3.378665,-9.8,-3.685732,11.00182
4729,3.378665,-9.8,-3.685732,11.00182
4730,3.378665,-9.8,-3.685732,11.00182
4731,3.378665,-9.8,-3.685732,11.00182
4732,3.378665,-9.8,-3.685732,11.00182
4733,3.378665,-9.8,-3.685732,11.00182
4734,3.378665,-9.8,-3.685732,11.00182
4735,3.378665,-9.8,-3.685732,11.00182
4736,3.378665,-9.8,-3.685732,11.00182
4737,3.378665,-9.8,-3.685732,11.00182
4738,3.378665,-9.8,-3.685732,11.00182
4739,3.378665,-9.8,-3.685732,11.00182
4740,3.378665,-9.8,-3.685732,11.00182
4741,3.378665,-9.8,-3.685732,11.00182
4742,3.378665,-9.8,-3.685732,11.00182
4743,3.378665,-9.8,-3.685732,11.00182
4744,3.378665,-9.8,-3.685732,11.00182
4745,3.378665,-9.8,-3.685732,11.00182
4746,3.378665,-9.8,-3.685732,11.00182
4747,3.378665,-9.8,-3.685732,11.00182
4748,3.378665,-9.8,-3.685732,11.00182
4749,3.378665,-9.8,-3.685732,11.00182
4750,3.378665,-9.8,-3.685732,11.00182
4751,3.378665,-9.8,-3.685732,11.00182
4752,3.378665,-9.8,-3.685732,11.00182
4753,3.378665,-9.8,-3.685732,11.00182
4754,3.378665,-9.8,-3.685732,11.00182
4755,3.378665,-9.8,-3.685732,11.00182
4756,3.378665,-9.8,-3.685732,11.00182
4757,3.378665,-9.8,-3.685732,11.00182
4758,3.378665,-9.8,-3.685732,11.00182
4759,3.378665,-9.8,-3.685732,11.00182
4760,3.378665,-9.8,-3.685732,11.00182
4761,3.378665,-9.8,-3.685732,11.00182
4762,3.378665,-9.8,-3.685732,11.00182
4763,3.378665,-9.8,-3.685732,11.00182
4764,3.378665,-9.8,-3.685732,11.00182
4765,3.378665,-9.8,-3.685732,11.00182
4766,3.378665,-9.8,-3.685732,11.00182
4767,3.378665,-9.8,-3.685732,11.00182
4768,3.378665,-9.8,-3.685732,11.00182
4769,3.378665,-9.8,-3.685732,11.00182
4770,3.378665,-9.8,-3.685732,11.00182
4771,3.378665,-9.8,-3.685732,11.00182
4772,3.378665,-9.8,-3.685732,11.00182
4773,3.378665,-9.8,-3.685732,11.00182
4774,3.378665,-9.8,-3.685732,11.00182
4775,3.378665,-9.8,-3.685732,11.00182
4776,3.378665,-9.8,-3.685732,11.00182
4777,3.378665,-9.8,-3.685732,11.00182
4778,3.378665,-9.8,-3.685732,11.00182
4779,3.378665,-9.8,-3.685732,11.00182
4780,3.378665,-9.8,-3.685732,11.00182
4781,3.378665,-9.8,-3.685732,11.00182
4782,3.378665,-9.8,-3.685732,11.00182
4783,3.378665,-9.8,-3.685732,11.00182
4784,3.378665,-9.8,-3.685732,11.00182
4785,3.378665,-9.8,-3.685732,11.00182
4786,3.378665,-9.8,-3.685732,11.00182
4787,3.378665,-9.8,-3.685732,11.00182
4788,3.378665,-9.8,-3.685732,11.00182
4789,3.378665,-9.8,-3.685732,11.00182
4790,3.378665,-9.8,-3.685732,11.00182
4791,3.378665,-9.8,-3.685732,11.00182
4792,3.378665,-9.8,-3.685732,11.00182
4793,3.378665,-9.8,-3.685732,11.00182
4794,3.378665,-9.8,-3.685732,11.00182
4795,3.378665,-9.8,-3.685732,11.00182
4796,3.378665,-9.8,-3.685732,11.00182
4797,3.378665,-9.8,-3.685732,11.00182
4798,3.378665,-9.8,-3.685732,11.00182
4799,3.378665,-9.8,-3.685732,11.00182
4800,3.378665,-9.8,-3.685732,11.00182
4801,3.378665,-9.8,-3.685732,11.00182
4802,3.378665,-9.8,-3.685732,11.00182
4803,3.378665,-9.8,-3.685732,11.00182
4804,3.378665,-9.8,-3.685732,11.00182
4805,3.378665,-9.8,-3.685732,11.00182
4806,3.378665,-9.8,-3.685732,11.00182
4807,3.378665,-9.8,-3.685732,11.00182
4808,3.378665,-9.8,-3.685732,11.00182
4809,3.378665,-9.8,-3.685732,11.00182
4810,3.378665,-9.8,-3.685732,11.00182
4811,3.378665,-9.8,-3.685732,11.00182
4812,3.378665,-9.8,-3.685732,11.00182
4813,3.378665,-9.8,-3.685732,11.00182
4814,3.378665,-9.8,-3.685732,11.00182
4815,3.378665,-9.8,-3.685732,11.00182
4816,3.378665,-9.8,-3.685732,11.00182
4817,3.378665,-9.8,-3.685732,11.00182
4818,3.378665,-9.8,-3.685732,11.00182
4819,3.378665,-9.8,-3.685732,11.00182
4820,3.378665,-9.8,-3.685732,11.00182
4821,3.378665,-9.8,-3.685732,11.00182
4822,3.378665,-9.8,-3.685732,11.00182
4823,3.378665,-9.8,-3.685732,11.00182
4824,3.378665,-9.8,-3.685732,11.00182
4825,3.378665,-9.8,-3.685732,11.00182
4826,3.378665,-9.8,-3.685732,11.00182
4827,3.378665,-9.8,-3.685732,11.00182
4828,3.378665,-9.8,-3.685732,11.00182
4829,3.378665,-9.8,-3.685732,11.00182
4830,3.378665,-9.8,-3.685732,11.00182
4831,3.378665,-9.8,-3.685732,11.00182
4832,3.378665,-9.8,-3.685732,11.00182
4833,3.378665,-9.8,-3.685732,11.00182
4834,3.378665,-9.8,-3.685732,11.00182
4835,3.378665,-9.8,-3.685732,11.00182
4836,3.378665,-9.8,-3.685732,11.00182
4837,3.378665,-9.8,-3.685732,11.00182
4838,3.378665,-9.8,-3.685732,11.00182
4839,3.378665,-9.8,-3.685732,11.00182
4840,3.378665,-9.8,-3.685732,11.00182
4841,3.378665,-9.8,-3.685732,11.00182
4842,3.378665,-9.8,-3.685732,11.00182
4843,3.378665,-9.8,-3.685732,11.00182
4844,3.378665,-9.8,-3.685732,11.00182
4845,3.378665,-9.8,-3.685732,11.00182
4846,3.378665,-9.8,-3.685732,11.00182
4847,3.378665,-9.8,-3.685732,11.00182
4848,3.378665,-9.8,-3.685732,11.00182
4849,3.378665,-9.8,-3.685732,11.00182
4850,3.378665,-9.8,-3.685732,11.00182
4851,3.378665,-9.8,-3.685732,11.00182
4852,3.378665,-9.8,-3.685732,11.00182
4853,3.378665,-9.8,-3.685732,11.00182
4854,3.378665,-9.8,-3.685732,11.00182
4855,3.378665,-9.8,-3.685732,11.00182
4856,3.378665,-9.8,-3.685732,11.00182
4857,3.378665,-9.8,-3.685732,11.00182
4858,3.378665,-9.8,-3.685732,11.00182
4859,3.378665,-9.8,-3.685732,11.00182
4860,3.378665,-9.8,-3.685732,11.00182
4861,3.378665,-9.8,-3.685732,11.00182
4862,3.378665,-9.8,-3.685732,11.00182
4863,3.378665,-9.8,-3.685732,11.00182
4864,3.378665,-9.8,-3.685732,11.00182
4865,3.378665,-9.8,-3.685732,11.00182
4866,3.378665,-9.8,-3.685732,11.00182
4867,3.378665,-9.8,-3.685732,11.00182
4868,3.378665,-9.8,-3.685732,11.00182
4869,3.378665,-9.8,-3.685732,11.00182
4870,3.378665,-9.8,-3.685732,11.00182
4871,3.378665,-9.8,-3.685732,11.00182
4872,3.378665,-9.8,-3.685732,11.00182
4873,3.378665,-9.8,-3.685732,11.00182
4874,3.378665,-9.8,-3.685732,11.00182
4875,3.378665,-9.8,-3.685732,11.00182
4876,3.378665,-9.8,-3.685732,11.00182
4877,3.378665,-9.8,-3.685732,11.00182
4878,3.378665,-9.8,-3.685732,11.00182
4879,3.378665,-9.8,-3.685732,11.00182
4880,3.378665,-9.8,-3.685732,11.00182
4881,3.378665,-9.8,-3.685732,11.00182
4882,3.378665,-9.8,-3.685732,11.00182
4883,3.378665,-9.8,-3.685732,11.00182
4884,3.378665,-9.8,-3.685732,11.00182
4885,3.378665,-9.8,-3.685732,11.00182
4886,3.378665,-9.8,-3.685732,11.00182
4887,3.378665,-9.8,-3.685732,11.00182
4888,3.378665,-9.8,-3.685732,11.00182
4889,3.378665,-9.8,-3.685732,11.00182
4890,3.378665,-9.8,-3.685732,11.00182
4891,3.378665,-9.8,-3.685732,11.00182
4892,3.378665,-9.8,-3.685732,11.00182
4893,3.378665,-9.8,-3.685732,11.00182
4894,3.378665,-9.8,-3.685732,11.00182
4895,3.378665,-9.8,-3.685732,11.00182
4896,3.378665,-9.8,-3.685732,11.00182
4897,3.378665,-9.8,-3.685732,11.00182
4898,3.378665,-9.8,-3.685732,11.00182
4899,3.378665,-9.8,-3.685732,11.00182
4900,3.378665,-9.8,-3.685732,11.00182
4901,3.378665,-9.8,-3.685732,11.00182
4902,3.378665,-9.8,-3.685732,11.00182
4903,3.378665,-9.8,-3.685732,11.00182
4904,3.378665,-9.8,-3.685732,11.00182
4905,3.378665,-9.8,-3.685732,11.00182
4906,3.378665,-9.8,-3.685732,11.00182
4907,3.378665,-9.8,-3.685732,11.00182
4908,3.378665,-9.8,-3.685732,11.00182
4909,3.378665,-9.8,-3.685732,11.00182
4910,3.378665,-9.8,-3.685732,11.00182
4911,3.378665,-9.8,-3.685732,11.00182
4912,3.378665,-9.8,-3.685732,11.00182
4913,3.378665,-9.8,-3.685732,11.00182
4914,3.378665,-9.8,-3.685732,11.00182
4915,3.378665,-9.8,-3.685732,11.00182
4916,3.378665,-9.8,-3.685732,11.00182
4917,3.378665,-9.8,-3.685732,11.00182
4918,3.378665,-9.8,-3.685732,11.00182
4919,3.378665,-9.8,-3.685732,11.00182
4920,3.378665,-9.8,-3.685732,11.00182
4921,3.378665,-9.8,-3.685732,11.00182
4922,3.378665,-9.8,-3.685732,11.00182
4923,3.378665,-9.8,-3.685732,11.00182
4924,3.378665,-9.8,-3.685732,11.00182
4925,3.378665,-9.8,-3.685732,11.00182
4926,3.378665,-9.8,-3.685732,11.00182
4927,3.378665,-9.8,-3.685732,11.00182
4928,3.378665,-9.8,-3.685732,11.00182
4929,3.378665,-9.8,-3.685732,11.00182
4930,3.378665,-9.8,-3.685732,11.00182
4931,3.378665,-9.8,-3.685732,11.00182
4932,3.378665,-9.8,-3.685732,11.00182
4933,3.378665,-9.8,-3.685732,11.00182
4934,3.378665,-9.8,-3.685732,11.00182
4935,3.378665,-9.8,-3.685732,11.00182
4936,3.378665,-9.8,-3.685732,11.00182
4937,3.378665,-9.8,-3.685732,11.00182
4938,3.378665,-9.8,-3.685732,11.00182
4939,3.378665,-9.8,-3.685732,11.00182
4940,3.378665,-9.8,-3.685732,11.00182
4941,3.378665,-9.8,-3.685732,11.00182
4942,3.378665,-9.8,-3.685732,11.00182
4943,3.378665,-9.8,-3.685732,11.00182
4944,3.378665,-9.8,-3.685732,11.00182
4945,3.378665,-9.8,-3.685732,11.00182
4946,3.378665,-9.8,-3.685732,11.00182
4947,3.378665,-9.8,-3.685732,11.00182
4948,3.378665,-9.8,-3.685732,11.00182
4949,3.378665,-9.8,-3.685732,11.00182
4950,3.378665,-9.8,-3.685732,11.00182
4951,3.378665,-9.8,-3.685732,11.00182
4952,3.378665,-9.8,-3.685732,11.00182
4953,3.378665,-9.8,-3.685732,11.00182
4954,3.378665,-9.8,-3.685732,11.00182
4955,3.378665,-9.8,-3.685732,11.00182
4956,3.378665,-9.8,-3.685732,11.00182
4957,3.378665,-9.8,-3.685732,11.00182
4958,3.378665,-9.8,-3.685732,11.00182
4959,3.378665,-9.8,-3.685732,11.00182
4960,3.378665,-9.8,-3.685732,11.00182
4961,3.378665,-9.8,-3.685732,11.00182
4962,3.378665,-9.8,-3.685732,11.00182
4963,3.378665,-9.8,-3.685732,11.00182
4964,3.378665,-9.8,-3.685732,11.00182
4965,3.378665,-9.8,-3.685732,11.00182
4966,3.378665,-9.8,-3.685732,11.00182
4967,3.378665,-9.8,-3.685732,11.00182
4968,3.378665,-9.8,-3.685732,11.00182
4969,3.378665,-9.8,-3.685732,11.00182
4970,3.378665,-9.8,-3.685732,11.00182
4971,3.378665,-9.8,-3.685732,11.00182
4972,3.378665,-9.8,-3.685732,11.00182
4973,3.378665,-9.8,-3.685732,11.00182
4974,3.378665,-9.8,-3.685732,11.00182
4975,3.378665,-9.8,-3.685732,11.00182
4976,3.378665,-9.8,-3.685732,11.00182
4977,3.378665,-9.8,-3.685732,11.00182
4978,3.378665,-9.8,-3.685732,11.00182
4979,3.378665,-9.8,-3.685732,11.00182
4980,3.378665,-9.8,-3.685732,11.00182
4981,3.378665,-9.8,-3.685732,11.00182
4982,3.378665,-9.8,-3.685732,11.00182
4983,3.378665,-9.8,-3.685732,11.00182
4984,3.378665,-9.8,-3.685732,11.00182
4985,3.378665,-9.8,-3.685732,11.00182
4986,3.378665,-9.8,-3.685732,11.00182
4987,3.378665,-9.8,-3.685732,11.00182
4988,3.378665,-9.8,-3.685732,11.00182
4989,3.378665,-9.8,-3.685732,11.00182
4990,3.378665,-9.8,-3.685732,11.00182
4991,3.378665,-9.8,-3.685732,11.00182
4992,3.378665,-9.8,-3.685732,11.00182
4993,3.378665,-9.8,-3.685732,11.00182
4994,3.378665,-9.8,-3.685732,11.00182
4995,3.378665,-9.8,-3.685732,11.00182
4996,3.378665,-9.8,-3.685732,11.00182
4997,3.378665,-9.8,-3.685732,11.00182
4998,3.378665,-9.8,-3.685732,11.00182
4999,3.378665,-9.8,-3.685732,11.00182
5000,3.378665,-9.8,-3.685732,11.00182
5001,3.378665,-9.8,-3.685732,11.00182
5002,3.378665,-9.8,-3.685732,11.00182
5003,3.378665,-9.8,-3.685732,11.00182
5004,3.378665,-9.8,-3.685732,11.00182
5005,3.378665,-9.8,-3.685732,11.00182
5006,3.378665,-9.8,-3.685732,11.00182
5007,3.378665,-9.8,-3.685732,11.00182
5008,3.378665,-9.8,-3.685732,11.00182
5009,3.378665,-9.8,-3.685732,11.00182
5010,3.378665,-9.8,-3.685732,11.00182
5011,3.378665,-9.8,-3.685732,11.00182
5012,3.378665,-9.8,-3.685732,11.00182
5013,3.378665,-9.8,-3.685732,11.00182
5014,3.378665,-9.8,-3.685732,11.00182
5015,3.378665,-9.8,-3.685732,11.00182
5016,3.378665,-9.8,-3.685732,11.00182
5017,3.378665,-9.8,-3.685732,11.00182
5018,3.378665,-9.8,-3.685732,11.00182
5019,3.378665,-9.8,-3.685732,11.00182
5020,3.378665,-9.8,-3.685732,11.00182
5021,3.378665,-9.8,-3.685732,11.00182
5022,3.378665,-9.8,-3.685732,11.00182
5023,3.378665,-9.8,-3.685732,11.00182
5024,3.378665,-9.8,-3.685732,11.00182
5025,3.378665,-9.8,-3.685732,11.00182
5026,3.378665,-9.8,-3.685732,11.00182
5027,3.378665,-9.8,-3.685732,11.00182
5028,3.378665,-9.8,-3.685732,11.00182
5029,3.378665,-9.8,-3.685732,11.00182
5030,3.378665,-9.8,-3.685732,11.00182
5031,3.378665,-9.8,-3.685732,11.00182
5032,3.378665,-9.8,-3.685732,11.00182
5033,3.378665,-9.8,-3.685732,11.00182
5034,3.378665,-9.8,-3.685732,11.00182
5035,3.378665,-9.8,-3.685732,11.00182
5036,3.378665,-9.8,-3.685732,11.00182
5037,3.378665,-9.8,-3.685732,11.00182
5038,3.378665,-9.8,-3.685732,11.00182
5039,3.378665,-9.8,-3.685732,11.00182
5040,3.378665,-9.8,-3.685732,11.00182
5041,3.378665,-9.8,-3.685732,11.00182
5042,3.378665,-9.8,-3.685732,11.00182
5043,3.378665,-9.8,-3.685732,11.00182
5044,3.378665,-9.8,-3.685732,11.00182
5045,3.378665,-9.8,-3.685732,11.00182
5046,3.378665,-9.8,-3.685732,11.00182
5047,3.378665,-9.8,-3.685732,11.00182
5048,3.378665,-9.8,-3.685732,11.00182
5049,3.378665,-9.8,-3.685732,11.00182
5050,3.378665,-9.8,-3.685732,11.00182
5051,3.378665,-9.8,-3.685732,11.00182
5052,3.378665,-9.8,-3.685732,11.00182
5053,3.378665,-9.8,-3.685732,11.00182
5054,3.378665,-9.8,-3.685732,11.00182
5055,3.378665,-9.8,-3.685732,11.00182
5056,3.378665,-9.8,-3.685732,11.00182
5057,3.378665,-9.8,-3.685732,11.00182
5058,3.378665,-9.8,-3.685732,11.00182
5059,3.378665,-9.8,-3.685732,11.00182
5060,3.378665,-9.8,-3.685732,11.00182
5061,3.378665,-9.8,-3.685732,11.00182
5062,3.378665,-9.8,-3.685732,11.00182
5063,3.378665,-9.8,-3.685732,11.00182
5064,3.378665,-9.8,-3.685732,11.00182
5065,3.378665,-9.8,-3.685732,11.00182
5066,3.378665,-9.8,-3.685732,11.00182
5067,3.378665,-9.8,-3.685732,11.00182
5068,3.378665,-9.8,-3.685732,11.00182
5069,3.378665,-9.8,-3.685732,11.00182
5070,3.378665,-9.8,-3.685732,11.00182
5071,3.378665,-9.8,-3.685732,11.00182
5072,3.378665,-9.8,-3.685732,11.00182
5073,3.378665,-9.8,-3.685732,11.00182
5074,3.378665,-9.8,-3.685732,11.00182
5075,3.378665,-9.8,-3.685732,11.00182
5076,3.378665,-9.8,-3.685732,11.00182
5077,3.378665,-9.8,-3.685732,11.00182
5078,3.378665,-9.8,-3.685732,11.00182
5079,3.378665,-9.8,-3.685732,11.00182
5080,3.378665,-9.8,-3.685732,11.00182
5081,3.378665,-9.8,-3.685732,11.00182
5082,3.378665,-9.8,-3.685732,11.00182
5083,3.378665,-9.8,-3.685732,11.00182
5084,3.378665,-9.8,-3.685732,11.00182
5085,3.378665,-9.8,-3.685732,11.00182
5086,3.378665,-9.8,-3.685732,11.00182
5087,3.378665,-9.8,-3.685732,11.00182
5088,3.378665,-9.8,-3.685732,11.00182
5089,3.378665,-9.8,-3.685732,11.00182
5090,3.378665,-9.8,-3.685732,11.00182
5091,3.378665,-9.8,-3.685732,11.00182
5092,3.378665,-9.8,-3.685732,11.00182
5093,3.378665,-9.8,-3.685732,11.00182
5094,3.378665,-9.8,-3.685732,11.00182
5095,3.378665,-9.8,-3.685732,11.00182
5096,3.378665,-9.8,-3.685732,11.00182
5097,3.378665,-9.8,-3.685732,11.00182
5098,3.378665,-9.8,-3.685732,11.00182
5099,3.378665,-9.8,-3.685732,11.00182
5100,3.378665,-9.8,-3.685732,11.00182
5101,3.378665,-9.8,-3.685732,11.00182
5102,3.378665,-9.8,-3.685732,11.00182
5103,3.378665,-9.8,-3.685732,11.00182
5104,3.378665,-9.8,-3.685732,11.00182
5105,3.378665,-9.8,-3.685732,11.00182
5106,3.378665,-9.8,-3.685732,11.00182
5107,3.378665,-9.8,-3.685732,11.00182
5108,3.378665,-9.8,-3.685732,11.00182
5109,3.378665,-9.8,-3.685732,11.00182
5110,3.378665,-9.8,-3.685732,11.00182
5111,3.378665,-9.8,-3.685732,11.00182
5112,3.378665,-9.8,-3.685732,11.00182
5113,3.378665,-9.8,-3.685732,11.00182
5114,3.378665,-9.8,-3.685732,11.00182
5115,3.378665,-9.8,-3.685732,11.00182
5116,3.378665,-9.8,-3.685732,11.00182
5117,3.378665,-9.8,-3.685732,11.00182
5118,3.378665,-9.8,-3.685732,11.00182
5119,3.378665,-9.8,-3.685732,11.00182
5120,3.378665,-9.8,-3.685732,11.00182
5121,3.378665,-9.8,-3.685732,11.00182
5122,3.378665,-9.8,-3.685732,11.00182
5123,3.378665,-9.8,-3.685732,11.00182
5124,3.378665,-9.8,-3.685732,11.00182
5125,3.378665,-9.8,-3.685732,11.00182
5126,3.378665,-9.8,-3.685732,11.00182
5127,3.378665,-9.8,-3.685732,11.00182
5128,3.378665,-9.8,-3.685732,11.00182
5129,3.378665,-9.8,-3.685732,11.00182
5130,3.378665,-9.8,-3.685732,11.00182
5131,3.378665,-9.8,-3.685732,11.00182
5132,3.378665,-9.8,-3.685732,11.00182
5133,3.378665,-9.8,-3.685732,11.00182
5134,3.378665,-9.8,-3.685732,11.00182
5135,3.378665,-9.8,-3.685732,11.00182
5136,3.378665,-9.8,-3.685732,11.00182
5137,3.378665,-9.8,-3.685732,11.00182
5138,3.378665,-9.8,-3.685732,11.00182
5139,3.378665,-9.8,-3.685732,11.00182
5140,3.378665,-9.8,-3.685732,11.00182
5141,3.378665,-9.8,-3.685732,11.00182
5142,3.378665,-9.8,-3.685732,11.00182
5143,3.378665,-9.8,-3.685732,11.00182
5144,3.378665,-9.8,-3.685732,11.00182
5145,3.378665,-9.8,-3.685732,11.00182
5146,3.378665,-9.8,-3.685732,11.00182
5147,3.378665,-9.8,-3.685732,11.00182
5148,3.378665,-9.8,-3.685732,11.00182
5149,3.378665,-9.8,-3.685732,11.00182
5150,3.378665,-9.8,-3.685732,11.00182
5151,3.378665,-9.8,-3.685732,11.00182
5152,3.378665,-9.8,-3.685732,11.00182
5153,3.378665,-9.8,-3.685732,11.00182
5154,3.378665,-9.8,-3.685732,11.00182
5155,3.378665,-9.8,-3.685732,11.00182
5156,3.378665,-9.8,-3.685732,11.00182
5157,3.378665,-9.8,-3.685732,11.00182
5158,3.378665,-9.8,-3.685732,11.00182
5159,3.378665,-9.8,-3.685732,11.00182
5160,3.378665,-9.8,-3.685732,11.00182
5161,3.378665,-9.8,-3.685732,11.00182
5162,3.378665,-9.8,-3.685732,11.00182
5163,3.378665,-9.8,-3.685732,11.00182
5164,3.378665,-9.8,-3.685732,11.00182
5165,3.378665,-9.8,-3.685732,11.00182
5166,3.378665,-9.8,-3.685732,11.00182
5167,3.378665,-9.8,-3.685732,11.00182
5168,3.378665,-9.8,-3.685732,11.00182
5169,3.378665,-9.8,-3.685732,11.00182
5170,3.378665,-9.8,-3.685732,11.00182
5171,3.378665,-9.8,-3.685732,11.00182
5172,3.378665,-9.8,-3.685732,11.00182
5173,3.378665,-9.8,-3.685732,11.00182
5174,3.378665,-9.8,-3.685732,11.00182
5175,3.378665,-9.8,-3.685732,11.00182
5176,3.378665,-9.8,-3.685732,11.00182
5177,3.378665,-9.8,-3.685732,11.00182
5178,3.378665,-9.8,-3.685732,11.00182
5179,3.378665,-9.8,-3.685732,11.00182
5180,3.378665,-9.8,-3.685732,11.00182
5181,3.378665,-9.8,-3.685732,11.00182
5182,3.378665,-9.8,-3.685732,11.00182
5183,3.378665,-9.8,-3.685732,11.00182
5184,3.378665,-9.8,-3.685732,11.00182
5185,3.378665,-9.8,-3.685732,11.00182
5186,3.378665,-9.8,-3.685732,11.00182
5187,3.378665,-9.8,-3.685732,11.00182
5188,3.378665,-9.8,-3.685732,11.00182
5189,3.378665,-9.8,-3.685732,11.00182
5190,3.378665,-9.8,-3.685732,11.00182
5191,3.378665,-9.8,-3.685732,11.00182
5192,3.378665,-9.8,-3.685732,11.00182
5193,3.378665,-9.8,-3.685732,11.00182
5194,3.378665,-9.8,-3.685732,11.00182
5195,3.378665,-9.8,-3.685732,11.00182
5196,3.378665,-9.8,-3.685732,11.00182
5197,3.378665,-9.8,-3.685732,11.00182
5198,3.378665,-9.8,-3.685732,11.00182
5199,3.378665,-9.8,-3.685732,11.00182
5200,3.378665,-9.8,-3.685732,11.00182
5201,3.378665,-9.8,-3.685732,11.00182
5202,3.378665,-9.8,-3.685732,11.00182
5203,3.378665,-9.8,-3.685732,11.00182
5204,3.378665,-9.8,-3.685732,11.00182
5205,3.378665,-9.8,-3.685732,11.00182
5206,3.378665,-9.8,-3.685732,11.00182
5207,3.378665,-9.8,-3.685732,11.00182
5208,3.378665,-9.8,-3.685732,11.00182
5209,3.378665,-9.8,-3.685732,11.00182
5210,3.378665,-9.8,-3.685732,11.00182
5211,3.378665,-9.8,-3.685732,11.00182
5212,3.378665,-9.8,-3.685732,11.00182
5213,3.378665,-9.8,-3.685732,11.00182
5214,3.378665,-9.8,-3.685732,11.00182
5215,3.378665,-9.8,-3.685732,11.00182
5216,3.378665,-9.8,-3.685732,11.00182
5217,3.378665,-9.8,-3.685732,11.00182
5218,3.378665,-9.8,-3.685732,11.00182
5219,3.378665,-9.8,-3.685732,11.00182
5220,3.378665,-9.8,-3.685732,11.00182
5221,3.378665,-9.8,-3.685732,11.00182
5222,3.378665,-9.8,-3.685732,11.00182
5223,3.378665,-9.8,-3.685732,11.00182
5224,3.378665,-9.8,-3.685732,11.00182
5225,3.378665,-9.8,-3.685732,11.00182
5226,3.378665,-9.8,-3.685732,11.00182
5227,3.378665,-9.8,-3.685732,11.00182
5228,3.378665,-9.8,-3.685732,11.00182
5229,3.378665,-9.8,-3.685732,11.00182
5230,3.378665,-9.8,-3.685732,11.00182
5231,3.378665,-9.8,-3.685732,11.00182
5232,3.378665,-9.8,-3.685732,11.00182
5233,3.378665,-9.8,-3.685732,11.00182
5234,3.378665,-9.8,-3.685732,11.00182
5235,3.378665,-9.8,-3.685732,11.00182
5236,3.378665,-9.8,-3.685732,11.00182
5237,3.378665,-9.8,-3.685732,11.00182
5238,3.378665,-9.8,-3.685732,11.00182
5239,3.378665,-9.8,-3.685732,11.00182
5240,3.378665,-9.8,-3.685732,11.00182
5241,3.378665,-9.8,-3.685732,11.00182
5242,3.378665,-9.8,-3.685732,11.00182
5243,3.378665,-9.8,-3.685732,11.00182
5244,3.378665,-9.8,-3.685732,11.00182
5245,3.378665,-9.8,-3.685732,11.00182
5246,3.378665,-9.8,-3.685732,11.00182
5247,3.378665,-9.8,-3.685732,11.00182
5248,3.378665,-9.8,-3.685732,11.00182
5249,3.378665,-9.8,-3.685732,11.00182
5250,3.378665,-9.8,-3.685732,11.00182
5251,3.378665,-9.8,-3.685732,11.00182
5252,3.378665,-9.8,-3.685732,11.00182
5253,3.378665,-9.8,-3.685732,11.00182
5254,3.378665,-9.8,-3.685732,11.00182
5255,3.378665,-9.8,-3.685732,11.00182
5256,3.378665,-9.8,-3.685732,11.00182
5257,3.378665,-9.8,-3.685732,11.00182
5258,3.378665,-9.8,-3.685732,11.00182
5259,3.378665,-9.8,-3.685732,11.00182
5260,3.378665,-9.8,-3.685732,11.00182
5261,3.378665,-9.8,-3.685732,11.00182
5262,3.378665,-9.8,-3.685732,11.00182
5263,3.378665,-9.8,-3.685732,11.00182
5264,3.378665,-9.8,-3.685732,11.00182
5265,3.378665,-9.8,-3.685732,11.00182
5266,3.378665,-9.8,-3.685732,11.00182
5267,3.378665,-9.8,-3.685732,11.00182
5268,3.378665,-9.8,-3.685732,11.00182
5269,3.378665,-9.8,-3.685732,11.00182
5270,3.378665,-9.8,-3.685732,11.00182
5271,3.378665,-9.8,-3.685732,11.00182
5272,3.378665,-9.8,-3.685732,11.00182
5273,3.378665,-9.8,-3.685732,11.00182
5274,3.378665,-9.8,-3.685732,11.00182
5275,3.378665,-9.8,-3.685732,11.00182
5276,3.378665,-9.8,-3.685732,11.00182
5277,3.378665,-9.8,-3.685732,11.00182
5278,3.378665,-9.8,-3.685732,11.00182
5279,3.378665,-9.8,-3.685732,11.00182
5280,3.378665,-9.8,-3.685732,11.00182
5281,3.378665,-9.8,-3.685732,11.00182
5282,3.378665,-9.8,-3.685732,11.00182
5283,3.378665,-9.8,-3.685732,11.00182
5284,3.378665,-9.8,-3.685732,11.00182
5285,3.378665,-9.8,-3.685732,11.00182
5286,3.378665,-9.8,-3.685732,11.00182
5287,3.378665,-9.8,-3.685732,11.00182
5288,3.378665,-9.8,-3.685732,11.00182
5289,3.378665,-9.8,-3.685732,11.00182
5290,3.378665,-9.8,-3.685732,11.00182
5291,3.378665,-9.8,-3.685732,11.00182
5292,3.378665,-9.8,-3.685732,11.00182
5293,3.378665,-9.8,-3.685732,11.00182
5294,3.378665,-9.8,-3.685732,11.00182
5295,3.378665,-9.8,-3.685732,11.00182
5296,3.378665,-9.8,-3.685732,11.00182
5297,3.378665,-9.8,-3.685732,11.00182
5298,3.378665,-9.8,-3.685732,11.00182
5299,3.378665,-9.8,-3.685732,11.00182
5300,3.378665,-9.8,-3.685732,11.00182
5301,3.378665,-9.8,-3.685732,11.00182
5302,3.378665,-9.8,-3.685732,11.00182
5303,3.378665,-9.8,-3.685732,11.00182
5304,3.378665,-9.8,-3.685732,11.00182
5305,3.378665,-9.8,-3.685732,11.00182
5306,3.378665,-9.8,-3.685732,11.00182
5307,3.378665,-9.8,-3.685732,11.00182
5308,3.378665,-9.8,-3.685732,11.00182
5309,3.378665,-9.8,-3.685732,11.00182
5310,3.378665,-9.8,-3.685732,11.00182
5311,3.378665,-9.8,-3.685732,11.00182
5312,3.378665,-9.8,-3.685732,11.00182
5313,3.378665,-9.8,-3.685732,11.00182
5314,3.378665,-9.8,-3.685732,11.00182
5315,3.378665,-9.8,-3.685732,11.00182
5316,3.378665,-9.8,-3.685732,11.00182
5317,3.378665,-9.8,-3.685732,11.00182
5318,3.378665,-9.8,-3.685732,11.00182
5319,3.378665,-9.8,-3.685732,11.00182
5320,3.378665,-9.8,-3.685732,11.00182
5321,3.378665,-9.8,-3.685732,11.00182
5322,3.378665,-9.8,-3.685732,11.00182
5323,3.378665,-9.8,-3.685732,11.00182
5324,3.378665,-9.8,-3.685732,11.00182
5325,3.378665,-9.8,-3.685732,11.00182
5326,3.378665,-9.8,-3.685732,11.00182
5327,3.378665,-9.8,-3.685732,11.00182
5328,3.378665,-9.8,-3.685732,11.00182
5329,3.378665,-9.8,-3.685732,11.00182
5330,3.378665,-9.8,-3.685732,11.00182
5331,3.378665,-9.8,-3.685732,11.00182
5332,3.378665,-9.8,-3.685732,11.00182
5333,3.378665,-9.8,-3.685732,11.00182
5334,3.378665,-9.8,-3.685732,11.00182
5335,3.378665,-9.8,-3.685732,11.00182
5336,3.378665,-9.8,-3.685732,11.00182
5337,3.378665,-9.8,-3.685732,11.00182
5338,3.378665,-9.8,-3.685732,11.00182
5339,3.378665,-9.8,-3.685732,11.00182
5340,3.378665,-9.8,-3.685732,11.00182
5341,3.378665,-9.8,-3.685732,11.00182
5342,3.378665,-9.8,-3.685732,11.00182
5343,3.378665,-9.8,-3.685732,11.00182
5344,3.378665,-9.8,-3.685732,11.00182
5345,3.378665,-9.8,-3.685732,11.00182
5346,3.378665,-9.8,-3.685732,11.00182
5347,3.378665,-9.8,-3.685732,11.00182
5348,3.378665,-9.8,-3.685732,11.00182
5349,3.378665,-9.8,-3.685732,11.00182
5350,3.378665,-9.8,-3.685732,11.00182
5351,3.378665,-9.8,-3.685732,11.00182
5352,3.378665,-9.8,-3.685732,11.00182
5353,3.378665,-9.8,-3.685732,11.00182
5354,3.378665,-9.8,-3.685732,11.00182
5355,3.378665,-9.8,-3.685732,11.00182
5356,3.378665,-9.8,-3.685732,11.00182
5357,3.378665,-9.8,-3.685732,11.00182
5358,3.378665,-9.8,-3.685732,11.00182
5359,3.378665,-9.8,-3.685732,11.00182
5360,3.378665,-9.8,-3.685732,11.00182
5361,3.378665,-9.8,-3.685732,11.00182
5362,3.378665,-9.8,-3.685732,11.00182
5363,3.378665,-9.8,-3.685732,11.00182
5364,3.378665,-9.8,-3.685732,11.00182
5365,3.378665,-9.8,-3.685732,11.00182
5366,3.378665,-9.8,-3.685732,11.00182
5367,3.378665,-9.8,-3.685732,11.00182
5368,3.378665,-9.8,-3.685732,11.00182
5369,3.378665,-9.8,-3.685732,11.00182
5370,3.378665,-9.8,-3.685732,11.00182
5371,3.378665,-9.8,-3.685732,11.00182
5372,3.378665,-9.8,-3.685732,11.00182
5373,3.378665,-9.8,-3.685732,11.00182
5374,3.378665,-9.8,-3.685732,11.00182
5375,3.378665,-9.8,-3.685732,11.00182
5376,3.378665,-9.8,-3.685732,11.00182
5377,3.378665,-9.8,-3.685732,11.00182
5378,3.378665,-9.8,-3.685732,11.00182
5379,3.378665,-9.8,-3.685732,11.00182
5380,3.378665,-9.8,-3.685732,11.00182
5381,3.378665,-9.8,-3.685732,11.00182
5382,3.378665,-9.8,-3.685732,11.00182
5383,3.378665,-9.8,-3.685732,11.00182
5384,3.378665,-9.8,-3.685732,11.00182
5385,3.378665,-9.8,-3.685732,11.00182
5386,3.378665,-9.8,-3.685732,11.00182
5387,3.378665,-9.8,-3.685732,11.00182
5388,3.378665,-9.8,-3.685732,11.00182
5389,3.378665,-9.8,-3.685732,11.00182
5390,3.378665,-9.8,-3.685732,11.00182
5391,3.378665,-9.8,-3.685732,11.00182
5392,3.378665,-9.8,-3.685732,11.00182
5393,3.378665,-9.8,-3.685732,11.00182
5394,3.378665,-9.8,-3.685732,11.00182
5395,3.378665,-9.8,-3.685732,11.00182
5396,3.378665,-9.8,-3.685732,11.00182
5397,3.378665,-9.8,-3.685732,11.00182
5398,3.378665,-9.8,-3.685732,11.00182
5399,3.378665,-9.8,-3.685732,11.00182
5400,3.378665,-9.8,-3.685732,11.00182
5401,3.378665,-9.8,-3.685732,11.00182
5402,3.378665,-9.8,-3.685732,11.00182
5403,3.378665,-9.8,-3.685732,11.00182
5404,3.378665,-9.8,-3.685732,11.00182
5405,3.378665,-9.8,-3.685732,11.00182
5406,3.378665,-9.8,-3.685732,11.00182
5407,3.378665,-9.8,-3.685732,11.00182
5408,3.378665,-9.8,-3.685732,11.00182
5409,3.378665,-9.8,-3.685732,11.00182
5410,3.378665,-9.8,-3.685732,11.00182
5411,3.378665,-9.8,-3.685732,11.00182
5412,3.378665,-9.8,-3.685732,11.00182
5413,3.378665,-9.8,-3.685732,11.00182
5414,3.378665,-9.8,-3.685732,11.00182
5415,3.378665,-9.8,-3.685732,11.00182
5416,3.378665,-9.8,-3.685732,11.00182
5417,3.378665,-9.8,-3.685732,11.00182
5418,3.378665,-9.8,-3.685732,11.00182
5419,3.378665,-9.8,-3.685732,11.00182
5420,3.378665,-9.8,-3.685732,11.00182
5421,3.378665,-9.8,-3.685732,11.00182
5422,3.378665,-9.8,-3.685732,11.00182
5423,3.378665,-9.8,-3.685732,11.00182
5424,3.378665,-9.8,-3.685732,11.00182
5425,3.378665,-9.8,-3.685732,11.00182
5426,3.378665,-9.8,-3.685732,11.00182
5427,3.378665,-9.8,-3.685732,11.00182
5428,3.378665,-9.8,-3.685732,11.00182
5429,3.378665,-9.8,-3.685732,11.00182
5430,3.378665,-9.8,-3.685732,11.00182
5431,3.378665,-9.8,-3.685732,11.00182
5432,3.378665,-9.8,-3.685732,11.00182
5433,3.378665,-9.8,-3.685732,11.00182
5434,3.378665,-9.8,-3.685732,11.00182
5435,3.378665,-9.8,-3.685732,11.00182
5436,3.378665,-9.8,-3.685732,11.00182
5437,3.378665,-9.8,-3.685732,11.00182
5438,3.378665,-9.8,-3.685732,11.00182
5439,3.378665,-9.8,-3.685732,11.00182
5440,3.378665,-9.8,-3.685732,11.00182
5441,3.378665,-9.8,-3.685732,11.00182
5442,3.378665,-9.8,-3.685732,11.00182
5443,3.378665,-9.8,-3.685732,11.00182
5444,3.378665,-9.8,-3.685732,11.00182
5445,3.378665,-9.8,-3.685732,11.00182
5446,3.378665,-9.8,-3.685732,11.00182
5447,3.378665,-9.8,-3.685732,11.00182
5448,3.378665,-9.8,-3.685732,11.00182
5449,3.378665,-9.8,-3.685732,11.00182
5450,3.378665,-9.8,-3.685732,11.00182
5451,3.378665,-9.8,-3.685732,11.00182
5452,3.378665,-9.8,-3.685732,11.00182
5453,3.378665,-9.8,-3.685732,11.00182
5454,3.378665,-9.8,-3.685732,11.00182
5455,3.378665,-9.8,-3.685732,11.00182
5456,3.378665,-9.8,-3.685732,11.00182
5457,3.378665,-9.8,-3.685732,11.00182
5458,3.378665,-9.8,-3.685732,11.00182
5459,3.378665,-9.8,-3.685732,11.00182
5460,3.378665,-9.8,-3.685732,11.00182
5461,3.378665,-9.8,-3.685732,11.00182
5462,3.378665,-9.8,-3.685732,11.00182
5463,3.378665,-9.8,-3.685732,11.00182
5464,3.378665,-9.8,-3.685732,11.00182
5465,3.378665,-9.8,-3.685732,11.00182
5466,3.378665,-9.8,-3.685732,11.00182
5467,3.378665,-9.8,-3.685732,11.00182
5468,3.378665,-9.8,-3.685732,11.00182
5469,3.378665,-9.8,-3.685732,11.00182
5470,3.378665,-9.8,-3.685732,11.00182
5471,3.378665,-9.8,-3.685732,11.00182
5472,3.378665,-9.8,-3.685732,11.00182
5473,3.378665,-9.8,-3.685732,11.00182
5474,3.378665,-9.8,-3.685732,11.00182
5475,3.378665,-9.8,-3.685732,11.00182
5476,3.378665,-9.8,-3.685732,11.00182
5477,3.378665,-9.8,-3.685732,11.00182
5478,3.378665,-9.8,-3.685732,11.00182
5479,3.378665,-9.8,-3.685732,11.00182
5480,3.378665,-9.8,-3.685732,11.00182
5481,3.378665,-9.8,-3.685732,11.00182
5482,3.378665,-9.8,-3.685732,11.00182
5483,3.378665,-9.8,-3.685732,11.00182
5484,3.378665,-9.8,-3.685732,11.00182
5485,3.378665,-9.8,-3.685732,11.00182
5486,3.378665,-9.8,-3.685732,11.00182
5487,3.378665,-9.8,-3.685732,11.00182
5488,3.378665,-9.8,-3.685732,11.00182
5489,3.378665,-9.8,-3.685732,11.00182
5490,3.378665,-9.8,-3.685732,11.00182
5491,3.378665,-9.8,-3.685732,11.00182
5492,3.378665,-9.8,-3.685732,11.00182
5493,3.378665,-9.8,-3.685732,11.00182
5494,3.378665,-9.8,-3.685732,11.00182
5495,3.378665,-9.8,-3.685732,11.00182
5496,3.378665,-9.8,-3.685732,11.00182
5497,3.378665,-9.8,-3.685732,11.00182
5498,3.378665,-9.8,-3.685732,11.00182
5499,3.378665,-9.8,-3.685732,11.00182
5500,3.378665,-9.8,-3.685732,11.00182
5501,3.378665,-9.8,-3.685732,11.00182
5502,3.378665,-9.8,-3.685732,11.00182
5503,3.378665,-9.8,-3.685732,11.00182
5504,3.378665,-9.8,-3.685732,11.00182
5505,3.378665,-9.8,-3.685732,11.00182
5506,3.378665,-9.8,-3.685732,11.00182
5507,3.378665,-9.8,-3.685732,11.00182
5508,3.378665,-9.8,-3.685732,11.00182
5509,3.378665,-9.8,-3.685732,11.00182
5510,3.378665,-9.8,-3.685732,11.00182
5511,3.378665,-9.8,-3.685732,11.00182
5512,3.378665,-9.8,-3.685732,11.00182
5513,3.378665,-9.8,-3.685732,11.00182
5514,3.378665,-9.8,-3.685732,11.00182
5515,3.378665,-9.8,-3.685732,11.00182
5516,3.378665,-9.8,-3.685732,11.00182
5517,3.378665,-9.8,-3.685732,11.00182
5518,3.378665,-9.8,-3.685732,11.00182
5519,3.378665,-9.8,-3.685732,11.00182
5520,3.378665,-9.8,-3.685732,11.00182
5521,3.378665,-9.8,-3.685732,11.00182
5522,3.378665,-9.8,-3.685732,11.00182
5523,3.378665,-9.8,-3.685732,11.00182
5524,3.378665,-9.8,-3.685732,11.00182
5525,3.378665,-9.8,-3.685732,11.00182
5526,3.378665,-9.8,-3.685732,11.00182
5527,3.378665,-9.8,-3.685732,11.00182
5528,3.378665,-9.8,-3.685732,11.00182
5529,3.378665,-9.8,-3.685732,11.00182
5530,3.378665,-9.8,-3.685732,11.00182
5531,3.378665,-9.8,-3.685732,11.00182
5532,3.378665,-9.8,-3.685732,11.00182
5533,3.378665,-9.8,-3.685732,11.00182
5534,3.378665,-9.8,-3.685732,11.00182
5535,3.378665,-9.8,-3.685732,11.00182
5536,3.378665,-9.8,-3.685732,11.00182
5537,3.378665,-9.8,-3.685732,11.00182
5538,3.378665,-9.8,-3.685732,11.00182
5539,3.378665,-9.8,-3.685732,11.00182
5540,3.378665,-9.8,-3.685732,11.00182
5541,3.378665,-9.8,-3.685732,11.00182
5542,3.378665,-9.8,-3.685732,11.00182
5543,3.378665,-9.8,-3.685732,11.00182
5544,3.378665,-9.8,-3.685732,11.00182
5545,3.378665,-9.8,-3.685732,11.00182
5546,3.378665,-9.8,-3.685732,11.00182
5547,3.378665,-9.8,-3.685732,11.00182
5548,3.378665,-9.8,-3.685732,11.00182
5549,3.378665,-9.8,-3.685732,11.00182
5550,3.378665,-9.8,-3.685732,11.00182
5551,3.378665,-9.8,-3.685732,11.00182
5552,3.378665,-9.8,-3.685732,11.00182
5553,3.378665,-9.8,-3.685732,11.00182
5554,3.378665,-9.8,-3.685732,11.00182
5555,3.378665,-9.8,-3.685732,11.00182
5556,3.378665,-9.8,-3.685732,11.00182
5557,3.378665,-9.8,-3.685732,11.00182
5558,3.378665,-9.8,-3.685732,11.00182
5559,3.378665,-9.8,-3.685732,11.00182
5560,3.378665,-9.8,-3.685732,11.00182
5561,3.378665,-9.8,-3.685732,11.00182
5562,3.378665,-9.8,-3.685732,11.00182
5563,3.378665,-9.8,-3.685732,11.00182
5564,3.378665,-9.8,-3.685732,11.00182
5565,3.378665,-9.8,-3.685732,11.00182
5566,3.378665,-9.8,-3.685732,11.00182
5567,3.378665,-9.8,-3.685732,11.00182
5568,3.378665,-9.8,-3.685732,11.00182
5569,3.378665,-9.8,-3.685732,11.00182
5570,3.378665,-9.8,-3.685732,11.00182
5571,3.378665,-9.8,-3.685732,11.00182
5572,3.378665,-9.8,-3.685732,11.00182
5573,3.378665,-9.8,-3.685732,11.00182
5574,3.378665,-9.8,-3.685732,11.00182
5575,3.378665,-9.8,-3.685732,11.00182
5576,3.378665,-9.8,-3.685732,11.00182
5577,3.378665,-9.8,-3.685732,11.00182
5578,3.378665,-9.8,-3.685732,11.00182
5579,3.378665,-9.8,-3.685732,11.00182
5580,3.378665,-9.8,-3.685732,11.00182
5581,3.378665,-9.8,-3.685732,11.00182
5582,3.378665,-9.8,-3.685732,11.00182
5583,3.378665,-9.8,-3.685732,11.00182
5584,3.378665,-9.8,-3.685732,11.00182
5585,3.378665,-9.8,-3.685732,11.00182
5586,3.378665,-9.8,-3.685732,11.00182
5587,3.378665,-9.8,-3.685732,11.00182
5588,3.378665,-9.8,-3.685732,11.00182
5589,3.378665,-9.8,-3.685732,11.00182
5590,3.378665,-9.8,-3.685732,11.00182
5591,3.378665,-9.8,-3.685732,11.00182
5592,3.378665,-9.8,-3.685732,11.00182
5593,3.378665,-9.8,-3.685732,11.00182
5594,3.378665,-9.8,-3.685732,11.00182
5595,3.378665,-9.8,-3.685732,11.00182
5596,3.378665,-9.8,-3.685732,11.00182
5597,3.378665,-9.8,-3.685732,11.00182
5598,3.378665,-9.8,-3.685732,11.00182
5599,3.378665,-9.8,-3.685732,11.00182
5600,3.378665,-9.8,-3.685732,11.00182
5601,3.378665,-9.8,-3.685732,11.00182
5602,3.378665,-9.8,-3.685732,11.00182
5603,3.378665,-9.8,-3.685732,11.00182
5604,3.378665,-9.8,-3.685732,11.00182
5605,3.378665,-9.8,-3.685732,11.00182
5606,3.378665,-9.8,-3.685732,11.00182
5607,3.378665,-9.8,-3.685732,11.00182
5608,3.378665,-9.8,-3.685732,11.00182
5609,3.378665,-9.8,-3.685732,11.00182
5610,3.378665,-9.8,-3.685732,11.00182
5611,3.378665,-9.8,-3.685732,11.00182
5612,3.378665,-9.8,-3.685732,11.00182
5613,3.378665,-9.8,-3.685732,11.00182
5614,3.378665,-9.8,-3.685732,11.00182
5615,3.378665,-9.8,-3.685732,11.00182
5616,3.378665,-9.8,-3.685732,11.00182
5617,3.378665,-9.8,-3.685732,11.00182
5618,3.378665,-9.8,-3.685732,11.00182
5619,3.378665,-9.8,-3.685732,11.00182
5620,3.378665,-9.8,-3.685732,11.00182
5621,3.378665,-9.8,-3.685732,11.00182
5622,3.378665,-9.8,-3.685732,11.00182
5623,3.378665,-9.8,-3.685732,11.00182
5624,3.378665,-9.8,-3.685732,11.00182
5625,3.378665,-9.8,-3.685732,11.00182
5626,3.378665,-9.8,-3.685732,11.00182
5627,3.378665,-9.8,-3.685732,11.00182
5628,3.378665,-9.8,-3.685732,11.00182
5629,3.378665,-9.8,-3.685732,11.00182
5630,3.378665,-9.8,-3.685732,11.00182
5631,3.378665,-9.8,-3.685732,11.00182
5632,3.378665,-9.8,-3.685732,11.00182
5633,3.378665,-9.8,-3.685732,11.00182
5634,3.378665,-9.8,-3.685732,11.00182
5635,3.378665,-9.8,-3.685732,11.00182
5636,3.378665,-9.8,-3.685732,11.00182
5637,3.378665,-9.8,-3.685732,11.00182
5638,3.378665,-9.8,-3.685732,11.00182
5639,3.378665,-9.8,-3.685732,11.00182
5640,3.378665,-9.8,-3.685732,11.00182
5641,3.378665,-9.8,-3.685732,11.00182
5642,3.378665,-9.8,-3.685732,11.00182
5643,3.378665,-9.8,-3.685732,11.00182
5644,3.378665,-9.8,-3.685732,11.00182
5645,3.378665,-9.8,-3.685732,11.00182
5646,3.378665,-9.8,-3.685732,11.00182
5647,3.378665,-9.8,-3.685732,11.00182
5648,3.378665,-9.8,-3.685732,11.00182
5649,3.378665,-9.8,-3.685732,11.00182
5650,3.378665,-9.8,-3.685732,11.00182
5651,3.378665,-9.8,-3.685732,11.00182
5652,3.378665,-9.8,-3.685732,11.00182
5653,3.378665,-9.8,-3.685732,11.00182
5654,3.378665,-9.8,-3.685732,11.00182
5655,3.378665,-9.8,-3.685732,11.00182
5656,3.378665,-9.8,-3.685732,11.00182
5657,3.378665,-9.8,-3.685732,11.00182
5658,3.378665,-9.8,-3.685732,11.00182
5659,3.378665,-9.8,-3.685732,11.00182
5660,3.378665,-9.8,-3.685732,11.00182
5661,3.378665,-9.8,-3.685732,11.00182
5662,3.378665,-9.8,-3.685732,11.00182
5663,3.378665,-9.8,-3.685732,11.00182
5664,3.378665,-9.8,-3.685732,11.00182
5665,3.378665,-9.8,-3.685732,11.00182
5666,3.378665,-9.8,-3.685732,11.00182
5667,3.378665,-9.8,-3.685732,11.00182
5668,3.378665,-9.8,-3.685732,11.00182
5669,3.378665,-9.8,-3.685732,11.00182
5670,3.378665,-9.8,-3.685732,11.00182
5671,3.378665,-9.8,-3.685732,11.00182
5672,3.378665,-9.8,-3.685732,11.00182
5673,3.378665,-9.8,-3.685732,11.00182
5674,3.378665,-9.8,-3.685732,11.00182
5675,3.378665,-9.8,-3.685732,11.00182
5676,3.378665,-9.8,-3.685732,11.00182
5677,3.378665,-9.8,-3.685732,11.00182
5678,3.378665,-9.8,-3.685732,11.00182
5679,3.378665,-9.8,-3.685732,11.00182
5680,3.378665,-9.8,-3.685732,11.00182
5681,3.378665,-9.8,-3.685732,11.00182
5682,3.378665,-9.8,-3.685732,11.00182
5683,3.378665,-9.8,-3.685732,11.00182
5684,3.378665,-9.8,-3.685732,11.00182
5685,3.378665,-9.8,-3.685732,11.00182
5686,3.378665,-9.8,-3.685732,11.00182
5687,3.378665,-9.8,-3.685732,11.00182
5688,3.378665,-9.8,-3.685732,11.00182
5689,3.378665,-9.8,-3.685732,11.00182
5690,3.378665,-9.8,-3.685732,11.00182
5691,3.378665,-9.8,-3.685732,11.00182
5692,3.378665,-9.8,-3.685732,11.00182
5693,3.378665,-9.8,-3.685732,11.00182
5694,3.378665,-9.8,-3.685732,11.00182
5695,3.378665,-9.8,-3.685732,11.00182
5696,3.378665,-9.8,-3.685732,11.00182
5697,3.378665,-9.8,-3.685732,11.00182
5698,3.378665,-9.8,-3.685732,11.00182
5699,3.378665,-9.8,-3.685732,11.00182
5700,3.378665,-9.8,-3.685732,11.00182
5701,3.378665,-9.8,-3.685732,11.00182
5702,3.378665,-9.8,-3.685732,11.00182
5703,3.378665,-9.8,-3.685732,11.00182
5704,3.378665,-9.8,-3.685732,11.00182
5705,3.378665,-9.8,-3.685732,11.00182
5706,3.378665,-9.8,-3.685732,11.00182
5707,3.378665,-9.8,-3.685732,11.00182
5708,3.378665,-9.8,-3.685732,11.00182
5709,3.378665,-9.8,-3.685732,11.00182
5710,3.378665,-9.8,-3.685732,11.00182
5711,3.378665,-9.8,-3.685732,11.00182
5712,3.378665,-9.8,-3.685732,11.00182
5713,3.378665,-9.8,-3.685732,11.00182
5714,3.378665,-9.8,-3.685732,11.00182
5715,3.378665,-9.8,-3.685732,11.00182
5716,3.378665,-9.8,-3.685732,11.00182
5717,3.378665,-9.8,-3.685732,11.00182
5718,3.378665,-9.8,-3.685732,11.00182
5719,3.378665,-9.8,-3.685732,11.00182
5720,3.378665,-9.8,-3.685732,11.00182
5721,3.378665,-9.8,-3.685732,11.00182
5722,3.378665,-9.8,-3.685732,11.00182
5723,3.378665,-9.8,-3.685732,11.00182
5724,3.378665,-9.8,-3.685732,11.00182
5725,3.378665,-9.8,-3.685732,11.00182
5726,3.378665,-9.8,-3.685732,11.00182
5727,3.378665,-9.8,-3.685732,11.00182
5728,3.378665,-9.8,-3.685732,11.00182
5729,3.378665,-9.8,-3.685732,11.00182
5730,3.378665,-9.8,-3.685732,11.00182
5731,3.378665,-9.8,-3.685732,11.00182
5732,3.378665,-9.8,-3.685732,11.00182
5733,3.378665,-9.8,-3.685732,11.00182
5734,3.378665,-9.8,-3.685732,11.00182
5735,3.378665,-9.8,-3.685732,11.00182
5736,3.378665,-9.8,-3.685732,11.00182
5737,3.378665,-9.8,-3.685732,11.00182
5738,3.378665,-9.8,-3.685732,11.00182
5739,3.378665,-9.8,-3.685732,11.00182
5740,3.378665,-9.8,-3.685732,11.00182
5741,3.378665,-9.8,-3.685732,11.00182
5742,3.378665,-9.8,-3.685732,11.00182
5743,3.378665,-9.8,-3.685732,11.00182
5744,3.378665,-9.8,-3.685732,11.00182
5745,3.378665,-9.8,-3.685732,11.00182
5746,3.378665,-9.8,-3.685732,11.00182
5747,3.378665,-9.8,-3.685732,11.00182
5748,3.378665,-9.8,-3.685732,11.00182
5749,3.378665,-9.8,-3.685732,11.00182
5750,3.378665,-9.8,-3.685732,11.00182
5751,3.378665,-9.8,-3.685732,11.00182
5752,3.378665,-9.8,-3.685732,11.00182
5753,3.378665,-9.8,-3.685732,11.00182
5754,3.378665,-9.8,-3.685732,11.00182
5755,3.378665,-9.8,-3.685732,11.00182
5756,3.378665,-9.8,-3.685732,11.00182
5757,3.378665,-9.8,-3.685732,11.00182
5758,3.378665,-9.8,-3.685732,11.00182
5759,3.378665,-9.8,-3.685732,11.00182
5760,3.378665,-9.8,-3.685732,11.00182
5761,3.378665,-9.8,-3.685732,11.00182
5762,3.378665,-9.8,-3.685732,11.00182
5763,3.378665,-9.8,-3.685732,11.00182
5764,3.378665,-9.8,-3.685732,11.00182
5765,3.378665,-9.8,-3.685732,11.00182
5766,3.378665,-9.8,-3.685732,11.00182
5767,3.378665,-9.8,-3.685732,11.00182
5768,3.378665,-9.8,-3.685732,11.00182
5769,3.378665,-9.8,-3.685732,11.00182
5770,3.378665,-9.8,-3.685732,11.00182
5771,3.378665,-9.8,-3.685732,11.00182
5772,3.378665,-9.8,-3.685732,11.00182
5773,3.378665,-9.8,-3.685732,11.00182
5774,3.378665,-9.8,-3.685732,11.00182
5775,3.378665,-9.8,-3.685732,11.00182
5776,3.378665,-9.8,-3.685732,11.00182
5777,3.378665,-9.8,-3.685732,11.00182
5778,3.378665,-9.8,-3.685732,11.00182
5779,3.378665,-9.8,-3.685732,11.00182
5780,3.378665,-9.8,-3.685732,11.00182
5781,3.378665,-9.8,-3.685732,11.00182
5782,3.378665,-9.8,-3.685732,11.00182
5783,3.378665,-9.8,-3.685732,11.00182
5784,3.378665,-9.8,-3.685732,11.00182
5785,3.378665,-9.8,-3.685732,11.00182
5786,3.378665,-9.8,-3.685732,11.00182
5787,3.378665,-9.8,-3.685732,11.00182
5788,3.378665,-9.8,-3.685732,11.00182
5789,3.378665,-9.8,-3.685732,11.00182
5790,3.378665,-9.8,-3.685732,11.00182
5791,3.378665,-9.8,-3.685732,11.00182
5792,3.378665,-9.8,-3.685732,11.00182
5793,3.378665,-9.8,-3.685732,11.00182
5794,3.378665,-9.8,-3.685732,11.00182
5795,3.378665,-9.8,-3.685732,11.00182
5796,3.378665,-9.8,-3.685732,11.00182
5797,3.378665,-9.8,-3.685732,11.00182
5798,3.378665,-9.8,-3.685732,11.00182
5799,3.378665,-9.8,-3.685732,11.00182
5800,3.378665,-9.8,-3.685732,11.00182
5801,3.378665,-9.8,-3.685732,11.00182
5802,3.378665,-9.8,-3.685732,11.00182
5803,3.378665,-9.8,-3.685732,11.00182
5804,3.378665,-9.8,-3.685732,11.00182
5805,3.378665,-9.8,-3.685732,11.00182
5806,3.378665,-9.8,-3.685732,11.00182
5807,3.378665,-9.8,-3.685732,11.00182
5808,3.378665,-9.8,-3.685732,11.00182
5809,3.378665,-9.8,-3.685732,11.00182
5810,3.378665,-9.8,-3.685732,11.00182
5811,3.378665,-9.8,-3.685732,11.00182
5812,3.378665,-9.8,-3.685732,11.00182
5813,3.378665,-9.8,-3.685732,11.00182
5814,3.378665,-9.8,-3.685732,11.00182
5815,3.378665,-9.8,-3.685732,11.00182
5816,3.378665,-9.8,-3.685732,11.00182
5817,3.378665,-9.8,-3.685732,11.00182
5818,3.378665,-9.8,-3.685732,11.00182
5819,3.378665,-9.8,-3.685732,11.00182
5820,3.378665,-9.8,-3.685732,11.00182
5821,3.378665,-9.8,-3.685732,11.00182
5822,3.378665,-9.8,-3.685732,11.00182
5823,3.378665,-9.8,-3.685732,11.00182
5824,3.378665,-9.8,-3.685732,11.00182
5825,3.378665,-9.8,-3.685732,11.00182
5826,3.378665,-9.8,-3.685732,11.00182
5827,3.378665,-9.8,-3.685732,11.00182
5828,3.378665,-9.8,-3.685732,11.00182
5829,3.378665,-9.8,-3.685732,11.00182
5830,3.378665,-9.8,-3.685732,11.00182
5831,3.378665,-9.8,-3.685732,11.00182
5832,3.378665,-9.8,-3.685732,11.00182
5833,3.378665,-9.8,-3.685732,11.00182
5834,3.378665,-9.8,-3.685732,11.00182
5835,3.378665,-9.8,-3.685732,11.00182
5836,3.378665,-9.8,-3.685732,11.00182
5837,3.378665,-9.8,-3.685732,11.00182
5838,3.378665,-9.8,-3.685732,11.00182
5839,3.378665,-9.8,-3.685732,11.00182
5840,3.378665,-9.8,-3.685732,11.00182
5841,3.378665,-9.8,-3.685732,11.00182
5842,3.378665,-9.8,-3.685732,11.00182
5843,3.378665,-9.8,-3.685732,11.00182
5844,3.378665,-9.8,-3.685732,11.00182
5845,3.378665,-9.8,-3.685732,11.00182
5846,3.378665,-9.8,-3.685732,11.00182
5847,3.378665,-9.8,-3.685732,11.00182
5848,3.378665,-9.8,-3.685732,11.00182
5849,3.378665,-9.8,-3.685732,11.00182
5850,3.378665,-9.8,-3.685732,11.00182
5851,3.378665,-9.8,-3.685732,11.00182
5852,3.378665,-9.8,-3.685732,11.00182
5853,3.378665,-9.8,-3.685732,11.00182
5854,3.378665,-9.8,-3.685732,11.00182
5855,3.378665,-9.8,-3.685732,11.00182
5856,3.378665,-9.8,-3.685732,11.00182
5857,3.378665,-9.8,-3.685732,11.00182
5858,3.378665,-9.8,-3.685732,11.00182
5859,3.378665,-9.8,-3.685732,11.00182
5860,3.378665,-9.8,-3.685732,11.00182
5861,3.378665,-9.8,-3.685732,11.00182
5862,3.378665,-9.8,-3.685732,11.00182
5863,3.378665,-9.8,-3.685732,11.00182
5864,3.378665,-9.8,-3.685732,11.00182
5865,3.378665,-9.8,-3.685732,11.00182
5866,3.378665,-9.8,-3.685732,11.00182
5867,3.378665,-9.8,-3.685732,11.00182
5868,3.378665,-9.8,-3.685732,11.00182
5869,3.378665,-9.8,-3.685732,11.00182
5870,3.378665,-9.8,-3.685732,11.00182
5871,3.378665,-9.8,-3.685732,11.00182
5872,3.378665,-9.8,-3.685732,11.00182
5873,3.378665,-9.8,-3.685732,11.00182
5874,3.378665,-9.8,-3.685732,11.00182
5875,3.378665,-9.8,-3.685732,11.00182
5876,3.378665,-9.8,-3.685732,11.00182
5877,3.378665,-9.8,-3.685732,11.00182
5878,3.378665,-9.8,-3.685732,11.00182
5879,3.378665,-9.8,-3.685732,11.00182
5880,3.378665,-9.8,-3.685732,11.00182
5881,3.378665,-9.8,-3.685732,11.00182
5882,3.378665,-9.8,-3.685732,11.00182
5883,3.378665,-9.8,-3.685732,11.00182
5884,3.378665,-9.8,-3.685732,11.00182
5885,3.378665,-9.8,-3.685732,11.00182
5886,3.378665,-9.8,-3.685732,11.00182
5887,3.378665,-9.8,-3.685732,11.00182
5888,3.378665,-9.8,-3.685732,11.00182
5889,3.378665,-9.8,-3.685732,11.00182
5890,3.378665,-9.8,-3.685732,11.00182
5891,3.378665,-9.8,-3.685732,11.00182
5892,3.378665,-9.8,-3.685732,11.00182
5893,3.378665,-9.8,-3.685732,11.00182
5894,3.378665,-9.8,-3.685732,11.00182
5895,3.378665,-9.8,-3.685732,11.00182
5896,3.378665,-9.8,-3.685732,11.00182
5897,3.378665,-9.8,-3.685732,11.00182
5898,3.378665,-9.8,-3.685732,11.00182
5899,3.378665,-9.8,-3.685732,11.00182
5900,3.378665,-9.8,-3.685732,11.00182
5901,3.378665,-9.8,-3.685732,11.00182
5902,3.378665,-9.8,-3.685732,11.00182
5903,3.378665,-9.8,-3.685732,11.00182
5904,3.378665,-9.8,-3.685732,11.00182
5905,3.378665,-9.8,-3.685732,11.00182
5906,3.378665,-9.8,-3.685732,11.00182
5907,3.378665,-9.8,-3.685732,11.00182
5908,3.378665,-9.8,-3.685732,11.00182
5909,3.378665,-9.8,-3.685732,11.00182
5910,3.378665,-9.8,-3.685732,11.00182
5911,3.378665,-9.8,-3.685732,11.00182
5912,3.378665,-9.8,-3.685732,11.00182
5913,3.378665,-9.8,-3.685732,11.00182
5914,3.378665,-9.8,-3.685732,11.00182
5915,3.378665,-9.8,-3.685732,11.00182
5916,3.378665,-9.8,-3.685732,11.00182
5917,3.378665,-9.8,-3.685732,11.00182
5918,3.378665,-9.8,-3.685732,11.00182
5919,3.378665,-9.8,-3.685732,11.00182
5920,3.378665,-9.8,-3.685732,11.00182
5921,3.378665,-9.8,-3.685732,11.00182
5922,3.378665,-9.8,-3.685732,11.00182
5923,3.378665,-9.8,-3.685732,11.00182
5924,3.378665,-9.8,-3.685732,11.00182
5925,3.378665,-9.8,-3.685732,11.00182
5926,3.378665,-9.8,-3.685732,11.00182
5927,3.378665,-9.8,-3.685732,11.00182
5928,3.378665,-9.8,-3.685732,11.00182
5929,3.378665,-9.8,-3.685732,11.00182
5930,3.378665,-9.8,-3.685732,11.00182
5931,3.378665,-9.8,-3.685732,11.00182
5932,3.378665,-9.8,-3.685732,11.00182
5933,3.378665,-9.8,-3.685732,11.00182
5934,3.378665,-9.8,-3.685732,11.00182
5935,3.378665,-9.8,-3.685732,11.00182
5936,3.378665,-9.8,-3.685732,11.00182
5937,3.378665,-9.8,-3.685732,11.00182
5938,3.378665,-9.8,-3.685732,11.00182
5939,3.378665,-9.8,-3.685732,11.00182
5940,3.378665,-9.8,-3.685732,11.00182
5941,3.378665,-9.8,-3.685732,11.00182
5942,3.378665,-9.8,-3.685732,11.00182
5943,3.378665,-9.8,-3.685732,11.00182
5944,3.378665,-9.8,-3.685732,11.00182
5945,3.378665,-9.8,-3.685732,11.00182
5946,3.378665,-9.8,-3.685732,11.00182
5947,3.378665,-9.8,-3.685732,11.00182
5948,3.378665,-9.8,-3.685732,11.00182
5949,3.378665,-9.8,-3.685732,11.00182
5950,3.378665,-9.8,-3.685732,11.00182
5951,3.378665,-9.8,-3.685732,11.00182
5952,3.378665,-9.8,-3.685732,11.00182
5953,3.378665,-9.8,-3.685732,11.00182
5954,3.378665,-9.8,-3.685732,11.00182
5955,3.378665,-9.8,-3.685732,11.00182
5956,3.378665,-9.8,-3.685732,11.00182
5957,3.378665,-9.8,-3.685732,11.00182
5958,3.378665,-9.8,-3.685732,11.00182
5959,3.378665,-9.8,-3.685732,11.00182
5960,3.378665,-9.8,-3.685732,11.00182
5961,3.378665,-9.8,-3.685732,11.00182
5962,3.378665,-9.8,-3.685732,11.00182
5963,3.378665,-9.8,-3.685732,11.00182
5964,3.378665,-9.8,-3.685732,11.00182
5965,3.378665,-9.8,-3.685732,11.00182
5966,3.378665,-9.8,-3.685732,11.00182
5967,3.378665,-9.8,-3.685732,11.00182
5968,3.378665,-9.8,-3.685732,11.00182
5969,3.378665,-9.8,-3.685732,11.00182
5970,3.378665,-9.8,-3.685732,11.00182
5971,3.378665,-9.8,-3.685732,11.00182
5972,3.378665,-9.8,-3.685732,11.00182
5973,3.378665,-9.8,-3.685732,11.00182
5974,3.378665,-9.8,-3.685732,11.00182
5975,3.378665,-9.8,-3.685732,11.00182
5976,3.378665,-9.8,-3.685732,11.00182
5977,3.378665,-9.8,-3.685732,11.00182
5978,3.378665,-9.8,-3.685732,11.00182
5979,3.378665,-9.8,-3.685732,11.00182
5980,3.378665,-9.8,-3.685732,11.00182
5981,3.378665,-9.8,-3.685732,11.00182
5982,3.378665,-9.8,-3.685732,11.00182
5983,3.378665,-9.8,-3.685732,11.00182
5984,3.378665,-9.8,-3.685732,11.00182
5985,3.378665,-9.8,-3.685732,11.00182
5986,3.378665,-9.8,-3.685732,11.00182
5987,3.378665,-9.8,-3.685732,11.00182
5988,3.378665,-9.8,-3.685732,11.00182
5989,3.378665,-9.8,-3.685732,11.00182
5990,3.378665,-9.8,-3.685732,11.00182
5991,3.378665,-9.8,-3.685732,11.00182
5992,3.378665,-9.8,-3.685732,11.00182
5993,3.378665,-9.8,-3.685732,11.00182
5994,3.378665,-9.8,-3.685732,11.00182
5995,3.378665,-9.8,-3.685732,11.00182
5996,3.378665,-9.8,-3.685732,11.00182
5997,3.378665,-9.8,-3.685732,11.00182
5998,3.378665,-9.8,-3.685732,11.00182
5999,3.378665,-9.8,-3.685732,11.00182
6000,3.378665,-9.8,-3.685732,11.00182
6001,3.378665,-9.8,-3.685732,11.00182
6002,3.378665,-9.8,-3.685732,11.00182
6003,3.378665,-9.8,-3.685732,11.00182
6004,3.378665,-9.8,-3.685732,11.00182
6005,3.378665,-9.8,-3.685732,11.00182
6006,3.378665,-9.8,-3.685732,11.00182
6007,3.378665,-9.8,-3.685732,11.00182
6008,3.378665,-9.8,-3.685732,11.00182
6009,3.378665,-9.8,-3.685732,11.00182
6010,3.378665,-9.8,-3.685732,11.00182
6011,3.378665,-9.8,-3.685732,11.00182
6012,3.378665,-9.8,-3.685732,11.00182
6013,3.378665,-9.8,-3.685732,11.00182
6014,3.378665,-9.8,-3.685732,11.00182
6015,3.378665,-9.8,-3.685732,11.00182
6016,3.378665,-9.8,-3.685732,11.00182
6017,3.378665,-9.8,-3.685732,11.00182
6018,3.378665,-9.8,-3.685732,11.00182
6019,3.378665,-9.8,-3.685732,11.00182
6020,3.378665,-9.8,-3.685732,11.00182
6021,3.378665,-9.8,-3.685732,11.00182
6022,3.378665,-9.8,-3.685732,11.00182
6023,3.378665,-9.8,-3.685732,11.00182
6024,3.378665,-9.8,-3.685732,11.00182
6025,3.378665,-9.8,-3.685732,11.00182
6026,3.378665,-9.8,-3.685732,11.00182
6027,3.378665,-9.8,-3.685732,11.00182
6028,3.378665,-9.8,-3.685732,11.00182
6029,3.378665,-9.8,-3.685732,11.00182
6030,3.378665,-9.8,-3.685732,11.00182
6031,3.378665,-9.8,-3.685732,11.00182
6032,3.378665,-9.8,-3.685732,11.00182
6033,3.378665,-9.8,-3.685732,11.00182
6034,3.378665,-9.8,-3.685732,11.00182
6035,3.378665,-9.8,-3.685732,11.00182
6036,3.378665,-9.8,-3.685732,11.00182
6037,3.378665,-9.8,-3.685732,11.00182
6038,3.378665,-9.8,-3.685732,11.00182
6039,3.378665,-9.8,-3.685732,11.00182
6040,3.378665,-9.8,-3.685732,11.00182
6041,3.378665,-9.8,-3.685732,11.00182
6042,3.378665,-9.8,-3.685732,11.00182
6043,3.378665,-9.8,-3.685732,11.00182
6044,3.378665,-9.8,-3.685732,11.00182
6045,3.378665,-9.8,-3.685732,11.00182
6046,3.378665,-9.8,-3.685732,11.00182
6047,3.378665,-9.8,-3.685732,11.00182
6048,3.378665,-9.8,-3.685732,11.00182
6049,3.378665,-9.8,-3.685732,11.00182
6050,3.378665,-9.8,-3.685732,11.00182
6051,3.378665,-9.8,-3.685732,11.00182
6052,3.378665,-9.8,-3.685732,11.00182
6053,3.378665,-9.8,-3.685732,11.00182
6054,3.378665,-9.8,-3.685732,11.00182
6055,3.378665,-9.8,-3.685732,11.00182
6056,3.378665,-9.8,-3.685732,11.00182
6057,3.378665,-9.8,-3.685732,11.00182
6058,3.378665,-9.8,-3.685732,11.00182
6059,3.378665,-9.8,-3.685732,11.00182
6060,3.378665,-9.8,-3.685732,11.00182
6061,3.378665,-9.8,-3.685732,11.00182
6062,3.378665,-9.8,-3.685732,11.00182
6063,3.378665,-9.8,-3.685732,11.00182
6064,3.378665,-9.8,-3.685732,11.00182
6065,3.378665,-9.8,-3.685732,11.00182
6066,3.378665,-9.8,-3.685732,11.00182
6067,3.378665,-9.8,-3.685732,11.00182
6068,3.378665,-9.8,-3.685732,11.00182
6069,3.378665,-9.8,-3.685732,11.00182
6070,3.378665,-9.8,-3.685732,11.00182
6071,3.378665,-9.8,-3.685732,11.00182
6072,3.378665,-9.8,-3.685732,11.00182
6073,3.378665,-9.8,-3.685732,11.00182
6074,3.378665,-9.8,-3.685732,11.00182
6075,3.378665,-9.8,-3.685732,11.00182
6076,3.378665,-9.8,-3.685732,11.00182
6077,3.378665,-9.8,-3.685732,11.00182
6078,3.378665,-9.8,-3.685732,11.00182
6079,3.378665,-9.8,-3.685732,11.00182
6080,3.378665,-9.8,-3.685732,11.00182
6081,3.378665,-9.8,-3.685732,11.00182
6082,3.378665,-9.8,-3.685732,11.00182
6083,3.378665,-9.8,-3.685732,11.00182
6084,3.378665,-9.8,-3.685732,11.00182
6085,3.378665,-9.8,-3.685732,11.00182
6086,3.378665,-9.8,-3.685732,11.00182
6087,3.378665,-9.8,-3.685732,11.00182
6088,3.378665,-9.8,-3.685732,11.00182
6089,3.378665,-9.8,-3.685732,11.00182
6090,3.378665,-9.8,-3.685732,11.00182
6091,3.378665,-9.8,-3.685732,11.00182
6092,3.378665,-9.8,-3.685732,11.00182
6093,3.378665,-9.8,-3.685732,11.00182
6094,3.378665,-9.8,-3.685732,11.00182
6095,3.378665,-9.8,-3.685732,11.00182
6096,3.378665,-9.8,-3.685732,11.00182
6097,3.378665,-9.8,-3.685732,11.00182
6098,3.378665,-9.8,-3.685732,11.00182
6099,3.378665,-9.8,-3.685732,11.00182
6100,3.378665,-9.8,-3.685732,11.00182
6101,3.378665,-9.8,-3.685732,11.00182
6102,3.378665,-9.8,-3.685732,11.00182
6103,3.378665,-9.8,-3.685732,11.00182
6104,3.378665,-9.8,-3.685732,11.00182
6105,3.378665,-9.8,-3.685732,11.00182
6106,3.378665,-9.8,-3.685732,11.00182
6107,3.378665,-9.8,-3.685732,11.00182
6108,3.378665,-9.8,-3.685732,11.00182
6109,3.378665,-9.8,-3.685732,11.00182
6110,3.378665,-9.8,-3.685732,11.00182
6111,3.378665,-9.8,-3.685732,11.00182
6112,3.378665,-9.8,-3.685732,11.00182
6113,3.378665,-9.8,-3.685732,11.00182
6114,3.378665,-9.8,-3.685732,11.00182
6115,3.378665,-9.8,-3.685732,11.00182
6116,3.378665,-9.8,-3.685732,11.00182
6117,3.378665,-9.8,-3.685732,11.00182
6118,3.378665,-9.8,-3.685732,11.00182
6119,3.378665,-9.8,-3.685732,11.00182
6120,3.378665,-9.8,-3.685732,11.00182
6121,3.378665,-9.8,-3.685732,11.00182
6122,3.378665,-9.8,-3.685732,11.00182
6123,3.378665,-9.8,-3.685732,11.00182
6124,3.378665,-9.8,-3.685732,11.00182
6125,3.378665,-9.8,-3.685732,11.00182
6126,3.378665,-9.8,-3.685732,11.00182
6127,3.378665,-9.8,-3.685732,11.00182
6128,3.378665,-9.8,-3.685732,11.00182
6129,3.378665,-9.8,-3.685732,11.00182
6130,3.378665,-9.8,-3.685732,11.00182
6131,3.378665,-9.8,-3.685732,11.00182
6132,3.378665,-9.8,-3.685732,11.00182
6133,3.378665,-9.8,-3.685732,11.00182
6134,3.378665,-9.8,-3.685732,11.00182
6135,3.378665,-9.8,-3.685732,11.00182
6136,3.378665,-9.8,-3.685732,11.00182
6137,3.378665,-9.8,-3.685732,11.00182
6138,3.378665,-9.8,-3.685732,11.00182
6139,3.378665,-9.8,-3.685732,11.00182
6140,3.378665,-9.8,-3.685732,11.00182
6141,3.378665,-9.8,-3.685732,11.00182
6142,3.378665,-9.8,-3.685732,11.00182
6143,3.378665,-9.8,-3.685732,11.00182
6144,3.378665,-9.8,-3.685732,11.00182
6145,3.378665,-9.8,-3.685732,11.00182
6146,3.378665,-9.8,-3.685732,11.00182
6147,3.378665,-9.8,-3.685732,11.00182
6148,3.378665,-9.8,-3.685732,11.00182
6149,3.378665,-9.8,-3.685732,11.00182
6150,3.378665,-9.8,-3.685732,11.00182
6151,3.378665,-9.8,-3.685732,11.00182
6152,3.378665,-9.8,-3.685732,11.00182
6153,3.378665,-9.8,-3.685732,11.00182
6154,3.378665,-9.8,-3.685732,11.00182
6155,3.378665,-9.8,-3.685732,11.00182
6156,3.378665,-9.8,-3.685732,11.00182
6157,3.378665,-9.8,-3.685732,11.00182
6158,3.378665,-9.8,-3.685732,11.00182
6159,3.378665,-9.8,-3.685732,11.00182
6160,3.378665,-9.8,-3.685732,11.00182
6161,3.378665,-9.8,-3.685732,11.00182
6162,3.378665,-9.8,-3.685732,11.00182
6163,3.378665,-9.8,-3.685732,11.00182
6164,3.378665,-9.8,-3.685732,11.00182
6165,3.378665,-9.8,-3.685732,11.00182
6166,3.378665,-9.8,-3.685732,11.00182
6167,3.378665,-9.8,-3.685732,11.00182
6168,3.378665,-9.8,-3.685732,11.00182
6169,3.378665,-9.8,-3.685732,11.00182
6170,3.378665,-9.8,-3.685732,11.00182
6171,3.378665,-9.8,-3.685732,11.00182
6172,3.378665,-9.8,-3.685732,11.00182
6173,3.378665,-9.8,-3.685732,11.00182
6174,3.378665,-9.8,-3.685732,11.00182
6175,3.378665,-9.8,-3.685732,11.00182
6176,3.378665,-9.8,-3.685732,11.00182
6177,3.378665,-9.8,-3.685732,11.00182
6178,3.378665,-9.8,-3.685732,11.00182
6179,3.378665,-9.8,-3.685732,11.00182
6180,3.378665,-9.8,-3.685732,11.00182
6181,3.378665,-9.8,-3.685732,11.00182
6182,3.378665,-9.8,-3.685732,11.00182
6183,3.378665,-9.8,-3.685732,11.00182
6184,3.378665,-9.8,-3.685732,11.00182
6185,3.378665,-9.8,-3.685732,11.00182
6186,3.378665,-9.8,-3.685732,11.00182
6187,3.378665,-9.8,-3.685732,11.00182
6188,3.378665,-9.8,-3.685732,11.00182
6189,3.378665,-9.8,-3.685732,11.00182
6190,3.378665,-9.8,-3.685732,11.00182
6191,3.378665,-9.8,-3.685732,11.00182
6192,3.378665,-9.8,-3.685732,11.00182
6193,3.378665,-9.8,-3.685732,11.00182
6194,3.378665,-9.8,-3.685732,11.00182
6195,3.378665,-9.8,-3.685732,11.00182
6196,3.378665,-9.8,-3.685732,11.00182
6197,3.378665,-9.8,-3.685732,11.00182
6198,3.378665,-9.8,-3.685732,11.00182
6199,3.378665,-9.8,-3.685732,11.00182
6200,3.378665,-9.8,-3.685732,11.00182
6201,3.378665,-9.8,-3.685732,11.00182
6202,3.378665,-9.8,-3.685732,11.00182
6203,3.378665,-9.8,-3.685732,11.00182
6204,3.378665,-9.8,-3.685732,11.00182
6205,3.378665,-9.8,-3.685732,11.00182
6206,3.378665,-9.8,-3.685732,11.00182
6207,3.378665,-9.8,-3.685732,11.00182
6208,3.378665,-9.8,-3.685732,11.00182
6209,3.378665,-9.8,-3.685732,11.00182
6210,3.378665,-9.8,-3.685732,11.00182
6211,3.378665,-9.8,-3.685732,11.00182
6212,3.378665,-9.8,-3.685732,11.00182
6213,3.378665,-9.8,-3.685732,11.00182
6214,3.378665,-9.8,-3.685732,11.00182
6215,3.378665,-9.8,-3.685732,11.00182
6216,3.378665,-9.8,-3.685732,11.00182
6217,3.378665,-9.8,-3.685732,11.00182
6218,3.378665,-9.8,-3.685732,11.00182
6219,3.378665,-9.8,-3.685732,11.00182
6220,3.378665,-9.8,-3.685732,11.00182
6221,3.378665,-9.8,-3.685732,11.00182
6222,3.378665,-9.8,-3.685732,11.00182
6223,3.378665,-9.8,-3.685732,11.00182
6224,3.378665,-9.8,-3.685732,11.00182
6225,3.378665,-9.8,-3.685732,11.00182
6226,3.378665,-9.8,-3.685732,11.00182
6227,3.378665,-9.8,-3.685732,11.00182
6228,3.378665,-9.8,-3.685732,11.00182
6229,3.378665,-9.8,-3.685732,11.00182
6230,3.378665,-9.8,-3.685732,11.00182
6231,3.378665,-9.8,-3.685732,11.00182
6232,3.378665,-9.8,-3.685732,11.00182
6233,3.378665,-9.8,-3.685732,11.00182
6234,3.378665,-9.8,-3.685732,11.00182
6235,3.378665,-9.8,-3.685732,11.00182
6236,3.378665,-9.8,-3.685732,11.00182
6237,3.378665,-9.8,-3.685732,11.00182
6238,3.378665,-9.8,-3.685732,11.00182
6239,3.378665,-9.8,-3.685732,11.00182
6240,3.378665,-9.8,-3.685732,11.00182
6241,3.378665,-9.8,-3.685732,11.00182
6242,3.378665,-9.8,-3.685732,11.00182
6243,3.378665,-9.8,-3.685732,11.00182
6244,3.378665,-9.8,-3.685732,11.00182
6245,3.378665,-9.8,-3.685732,11.00182
6246,3.378665,-9.8,-3.685732,11.00182
6247,3.378665,-9.8,-3.685732,11.00182
6248,3.378665,-9.8,-3.685732,11.00182
6249,3.378665,-9.8,-3.685732,11.00182
6250,3.378665,-9.8,-3.685732,11.00182
6251,3.378665,-9.8,-3.685732,11.00182
6252,3.378665,-9.8,-3.685732,11.00182
6253,3.378665,-9.8,-3.685732,11.00182
6254,3.378665,-9.8,-3.685732,11.00182
6255,3.378665,-9.8,-3.685732,11.00182
6256,3.378665,-9.8,-3.685732,11.00182
6257,3.378665,-9.8,-3.685732,11.00182
6258,3.378665,-9.8,-3.685732,11.00182
6259,3.378665,-9.8,-3.685732,11.00182
6260,3.378665,-9.8,-3.685732,11.00182
6261,3.378665,-9.8,-3.685732,11.00182
6262,3.378665,-9.8,-3.685732,11.00182
6263,3.378665,-9.8,-3.685732,11.00182
6264,3.378665,-9.8,-3.685732,11.00182
6265,3.378665,-9.8,-3.685732,11.00182
6266,3.378665,-9.8,-3.685732,11.00182
6267,3.378665,-9.8,-3.685732,11.00182
6268,3.378665,-9.8,-3.685732,11.00182
6269,3.378665,-9.8,-3.685732,11.00182
6270,3.378665,-9.8,-3.685732,11.00182
6271,3.378665,-9.8,-3.685732,11.00182
6272,3.378665,-9.8,-3.685732,11.00182
6273,3.378665,-9.8,-3.685732,11.00182
6274,3.378665,-9.8,-3.685732,11.00182
6275,3.378665,-9.8,-3.685732,11.00182
6276,3.378665,-9.8,-3.685732,11.00182
6277,3.378665,-9.8,-3.685732,11.00182
6278,3.378665,-9.8,-3.685732,11.00182
6279,3.378665,-9.8,-3.685732,11.00182
6280,3.378665,-9.8,-3.685732,11.00182
6281,3.378665,-9.8,-3.685732,11.00182
6282,3.378665,-9.8,-3.685732,11.00182
6283,3.378665,-9.8,-3.685732,11.00182
6284,3.378665,-9.8,-3.685732,11.00182
6285,3.378665,-9.8,-3.685732,11.00182
6286,3.378665,-9.8,-3.685732,11.00182
6287,3.378665,-9.8,-3.685732,11.00182
6288,3.378665,-9.8,-3.685732,11.00182
6289,3.378665,-9.8,-3.685732,11.00182
6290,3.378665,-9.8,-3.685732,11.00182
6291,3.378665,-9.8,-3.685732,11.00182
6292,3.378665,-9.8,-3.685732,11.00182
6293,3.378665,-9.8,-3.685732,11.00182
6294,3.378665,-9.8,-3.685732,11.00182
6295,3.378665,-9.8,-3.685732,11.00182
6296,3.378665,-9.8,-3.685732,11.00182
6297,3.378665,-9.8,-3.685732,11.00182
6298,3.378665,-9.8,-3.685732,11.00182
6299,3.378665,-9.8,-3.685732,11.00182
6300,3.378665,-9.8,-3.685732,11.00182
6301,3.378665,-9.8,-3.685732,11.00182
6302,3.378665,-9.8,-3.685732,11.00182
6303,3.378665,-9.8,-3.685732,11.00182
6304,3.378665,-9.8,-3.685732,11.00182
6305,3.378665,-9.8,-3.685732,11.00182
6306,3.378665,-9.8,-3.685732,11.00182
6307,3.378665,-9.8,-3.685732,11.00182
6308,3.378665,-9.8,-3.685732,11.00182
6309,3.378665,-9.8,-3.685732,11.00182
6310,3.378665,-9.8,-3.685732,11.00182
6311,3.378665,-9.8,-3.685732,11.00182
6312,3.378665,-9.8,-3.685732,11.00182
6313,3.378665,-9.8,-3.685732,11.00182
6314,3.378665,-9.8,-3.685732,11.00182
6315,3.378665,-9.8,-3.685732,11.00182
6316,3.378665,-9.8,-3.685732,11.00182
6317,3.378665,-9.8,-3.685732,11.00182
6318,3.378665,-9.8,-3.685732,11.00182
6319,3.378665,-9.8,-3.685732,11.00182
6320,3.378665,-9.8,-3.685732,11.00182
6321,3.378665,-9.8,-3.685732,11.00182
6322,3.378665,-9.8,-3.685732,11.00182
6323,3.378665,-9.8,-3.685732,11.00182
6324,3.378665,-9.8,-3.685732,11.00182
6325,3.378665,-9.8,-3.685732,11.00182
6326,3.378665,-9.8,-3.685732,11.00182
6327,3.378665,-9.8,-3.685732,11.00182
6328,3.378665,-9.8,-3.685732,11.00182
6329,3.378665,-9.8,-3.685732,11.00182
6330,3.378665,-9.8,-3.685732,11.00182
6331,3.378665,-9.8,-3.685732,11.00182
6332,3.378665,-9.8,-3.685732,11.00182
6333,3.378665,-9.8,-3.685732,11.00182
6334,3.378665,-9.8,-3.685732,11.00182
6335,3.378665,-9.8,-3.685732,11.00182
6336,3.378665,-9.8,-3.685732,11.00182
6337,3.378665,-9.8,-3.685732,11.00182
6338,3.378665,-9.8,-3.685732,11.00182
6339,3.378665,-9.8,-3.685732,11.00182
6340,3.378665,-9.8,-3.685732,11.00182
6341,3.378665,-9.8,-3.685732,11.00182
6342,3.378665,-9.8,-3.685732,11.00182
6343,3.378665,-9.8,-3.685732,11.00182
6344,3.378665,-9.8,-3.685732,11.00182
6345,3.378665,-9.8,-3.685732,11.00182
6346,3.378665,-9.8,-3.685732,11.00182
6347,3.378665,-9.8,-3.685732,11.00182
6348,3.378665,-9.8,-3.685732,11.00182
6349,3.378665,-9.8,-3.685732,11.00182
6350,3.378665,-9.8,-3.685732,11.00182
6351,3.378665,-9.8,-3.685732,11.00182
6352,3.378665,-9.8,-3.685732,11.00182
6353,3.378665,-9.8,-3.685732,11.00182
6354,3.378665,-9.8,-3.685732,11.00182
6355,3.378665,-9.8,-3.685732,11.00182
6356,3.378665,-9.8,-3.685732,11.00182
6357,3.378665,-9.8,-3.685732,11.00182
6358,3.378665,-9.8,-3.685732,11.00182
6359,3.378665,-9.8,-3.685732,11.00182
6360,3.378665,-9.8,-3.685732,11.00182
6361,3.378665,-9.8,-3.685732,11.00182
6362,3.378665,-9.8,-3.685732,11.00182
6363,3.378665,-9.8,-3.685732,11.00182
6364,3.378665,-9.8,-3.685732,11.00182
6365,3.378665,-9.8,-3.685732,11.00182
6366,3.378665,-9.8,-3.685732,11.00182
6367,3.378665,-9.8,-3.685732,11.00182
6368,3.378665,-9.8,-3.685732,11.00182
6369,3.378665,-9.8,-3.685732,11.00182
6370,3.378665,-9.8,-3.685732,11.00182
6371,3.378665,-9.8,-3.685732,11.00182
6372,3.378665,-9.8,-3.685732,11.00182
6373,3.378665,-9.8,-3.685732,11.00182
6374,3.378665,-9.8,-3.685732,11.00182
6375,3.378665,-9.8,-3.685732,11.00182
6376,3.378665,-9.8,-3.685732,11.00182
6377,3.378665,-9.8,-3.685732,11.00182
6378,3.378665,-9.8,-3.685732,11.00182
6379,3.378665,-9.8,-3.685732,11.00182
6380,3.378665,-9.8,-3.685732,11.00182
6381,3.378665,-9.8,-3.685732,11.00182
6382,3.378665,-9.8,-3.685732,11.00182
6383,3.378665,-9.8,-3.685732,11.00182
6384,3.378665,-9.8,-3.685732,11.00182
6385,3.378665,-9.8,-3.685732,11.00182
6386,3.378665,-9.8,-3.685732,11.00182
6387,3.378665,-9.8,-3.685732,11.00182
6388,3.378665,-9.8,-3.685732,11.00182
6389,3.378665,-9.8,-3.685732,11.00182
6390,3.378665,-9.8,-3.685732,11.00182
6391,3.378665,-9.8,-3.685732,11.00182
6392,3.378665,-9.8,-3.685732,11.00182
6393,3.378665,-9.8,-3.685732,11.00182
6394,3.378665,-9.8,-3.685732,11.00182
6395,3.378665,-9.8,-3.685732,11.00182
6396,3.378665,-9.8,-3.685732,11.00182
6397,3.378665,-9.8,-3.685732,11.00182
6398,3.378665,-9.8,-3.685732,11.00182
6399,3.378665,-9.8,-3.685732,11.00182
6400,3.378665,-9.8,-3.685732,11.00182
6401,3.378665,-9.8,-3.685732,11.00182
6402,3.378665,-9.8,-3.685732,11.00182
6403,3.378665,-9.8,-3.685732,11.00182
6404,3.378665,-9.8,-3.685732,11.00182
6405,3.378665,-9.8,-3.685732,11.00182
6406,3.378665,-9.8,-3.685732,11.00182
6407,3.378665,-9.8,-3.685732,11.00182
6408,3.378665,-9.8,-3.685732,11.00182
6409,3.378665,-9.8,-3.685732,11.00182
6410,3.378665,-9.8,-3.685732,11.00182
6411,3.378665,-9.8,-3.685732,11.00182
6412,3.378665,-9.8,-3.685732,11.00182
6413,3.378665,-9.8,-3.685732,11.00182
6414,3.378665,-9.8,-3.685732,11.00182
6415,3.378665,-9.8,-3.685732,11.00182
6416,3.378665,-9.8,-3.685732,11.00182
6417,3.378665,-9.8,-3.685732,11.00182
6418,3.378665,-9.8,-3.685732,11.00182
6419,3.378665,-9.8,-3.685732,11.00182
6420,3.378665,-9.8,-3.685732,11.00182
6421,3.378665,-9.8,-3.685732,11.00182
6422,3.378665,-9.8,-3.685732,11.00182
6423,3.378665,-9.8,-3.685732,11.00182
6424,3.378665,-9.8,-3.685732,11.00182
6425,3.378665,-9.8,-3.685732,11.00182
6426,3.378665,-9.8,-3.685732,11.00182
6427,3.378665,-9.8,-3.685732,11.00182
6428,3.378665,-9.8,-3.685732,11.00182
6429,3.378665,-9.8,-3.685732,11.00182
6430,3.378665,-9.8,-3.685732,11.00182
6431,3.378665,-9.8,-3.685732,11.00182
6432,3.378665,-9.8,-3.685732,11.00182
6433,3.378665,-9.8,-3.685732,11.00182
6434,3.378665,-9.8,-3.685732,11.00182
6435,3.378665,-9.8,-3.685732,11.00182
6436,3.378665,-9.8,-3.685732,11.00182
6437,3.378665,-9.8,-3.685732,11.00182
6438,3.378665,-9.8,-3.685732,11.00182
6439,3.378665,-9.8,-3.685732,11.00182
6440,3.378665,-9.8,-3.685732,11.00182
6441,3.378665,-9.8,-3.685732,11.00182
6442,3.378665,-9.8,-3.685732,11.00182
6443,3.378665,-9.8,-3.685732,11.00182
6444,3.378665,-9.8,-3.685732,11.00182
6445,3.378665,-9.8,-3.685732,11.00182
6446,3.378665,-9.8,-3.685732,11.00182
6447,3.378665,-9.8,-3.685732,11.00182
6448,3.378665,-9.8,-3.685732,11.00182
6449,3.378665,-9.8,-3.685732,11.00182
6450,3.378665,-9.8,-3.685732,11.00182
6451,3.378665,-9.8,-3.685732,11.00182
6452,3.378665,-9.8,-3.685732,11.00182
6453,3.378665,-9.8,-3.685732,11.00182
6454,3.378665,-9.8,-3.685732,11.00182
6455,3.378665,-9.8,-3.685732,11.00182
6456,3.378665,-9.8,-3.685732,11.00182
6457,3.378665,-9.8,-3.685732,11.00182
6458,3.378665,-9.8,-3.685732,11.00182
6459,3.378665,-9.8,-3.685732,11.00182
6460,3.378665,-9.8,-3.685732,11.00182
6461,3.378665,-9.8,-3.685732,11.00182
6462,3.378665,-9.8,-3.685732,11.00182
6463,3.378665,-9.8,-3.685732,11.00182
6464,3.378665,-9.8,-3.685732,11.00182
6465,3.378665,-9.8,-3.685732,11.00182
6466,3.378665,-9.8,-3.685732,11.00182
6467,3.378665,-9.8,-3.685732,11.00182
6468,3.378665,-9.8,-3.685732,11.00182
6469,3.378665,-9.8,-3.685732,11.00182
6470,3.378665,-9.8,-3.685732,11.00182
6471,3.378665,-9.8,-3.685732,11.00182
6472,3.378665,-9.8,-3.685732,11.00182
6473,3.378665,-9.8,-3.685732,11.00182
6474,3.378665,-9.8,-3.685732,11.00182
6475,3.378665,-9.8,-3.685732,11.00182
6476,3.378665,-9.8,-3.685732,11.00182
6477,3.378665,-9.8,-3.685732,11.00182
6478,3.378665,-9.8,-3.685732,11.00182
6479,3.378665,-9.8,-3.685732,11.00182
6480,3.378665,-9.8,-3.685732,11.00182
6481,3.378665,-9.8,-3.685732,11.00182
6482,3.378665,-9.8,-3.685732,11.00182
6483,3.378665,-9.8,-3.685732,11.00182
6484,3.378665,-9.8,-3.685732,11.00182
6485,3.378665,-9.8,-3.685732,11.00182
6486,3.378665,-9.8,-3.685732,11.00182
6487,3.378665,-9.8,-3.685732,11.00182
6488,3.378665,-9.8,-3.685732,11.00182
6489,3.378665,-9.8,-3.685732,11.00182
6490,3.378665,-9.8,-3.685732,11.00182
6491,3.378665,-9.8,-3.685732,11.00182
6492,3.378665,-9.8,-3.685732,11.00182
6493,3.378665,-9.8,-3.685732,11.00182
6494,3.378665,-9.8,-3.685732,11.00182
6495,3.378665,-9.8,-3.685732,11.00182
6496,3.378665,-9.8,-3.685732,11.00182
6497,3.378665,-9.8,-3.685732,11.00182
6498,3.378665,-9.8,-3.685732,11.00182
6499,3.378665,-9.8,-3.685732,11.00182
6500,3.378665,-9.8,-3.685732,11.00182
6501,3.378665,-9.8,-3.685732,11.00182
6502,3.378665,-9.8,-3.685732,11.00182
6503,3.378665,-9.8,-3.685732,11.00182
6504,3.378665,-9.8,-3.685732,11.00182
6505,3.378665,-9.8,-3.685732,11.00182
6506,3.378665,-9.8,-3.685732,11.00182
6507,3.378665,-9.8,-3.685732,11.00182
6508,3.378665,-9.8,-3.685732,11.00182
6509,3.378665,-9.8,-3.685732,11.00182
6510,3.378665,-9.8,-3.685732,11.00182
6511,3.378665,-9.8,-3.685732,11.00182
6512,3.378665,-9.8,-3.685732,11.00182
6513,3.378665,-9.8,-3.685732,11.00182
6514,3.378665,-9.8,-3.685732,11.00182
6515,3.378665,-9.8,-3.685732,11.00182
6516,3.378665,-9.8,-3.685732,11.00182
6517,3.378665,-9.8,-3.685732,11.00182
6518,3.378665,-9.8,-3.685732,11.00182
6519,3.378665,-9.8,-3.685732,11.00182
6520,3.378665,-9.8,-3.685732,11.00182
6521,3.378665,-9.8,-3.685732,11.00182
6522,3.378665,-9.8,-3.685732,11.00182
6523,3.378665,-9.8,-3.685732,11.00182
6524,3.378665,-9.8,-3.685732,11.00182
6525,3.378665,-9.8,-3.685732,11.00182
6526,3.378665,-9.8,-3.685732,11.00182
6527,3.378665,-9.8,-3.685732,11.00182
6528,3.378665,-9.8,-3.685732,11.00182
6529,3.378665,-9.8,-3.685732,11.00182
6530,3.378665,-9.8,-3.685732,11.00182
6531,3.378665,-9.8,-3.685732,11.00182
6532,3.378665,-9.8,-3.685732,11.00182
6533,3.378665,-9.8,-3.685732,11.00182
6534,3.378665,-9.8,-3.685732,11.00182
6535,3.378665,-9.8,-3.685732,11.00182
6536,3.378665,-9.8,-3.685732,11.00182
6537,3.378665,-9.8,-3.685732,11.00182
6538,3.378665,-9.8,-3.685732,11.00182
6539,3.378665,-9.8,-3.685732,11.00182
6540,3.378665,-9.8,-3.685732,11.00182
6541,3.378665,-9.8,-3.685732,11.00182
6542,3.378665,-9.8,-3.685732,11.00182
6543,3.378665,-9.8,-3.685732,11.00182
6544,3.378665,-9.8,-3.685732,11.00182
6545,3.378665,-9.8,-3.685732,11.00182
6546,3.378665,-9.8,-3.685732,11.00182
6547,3.378665,-9.8,-3.685732,11.00182
6548,3.378665,-9.8,-3.685732,11.00182
6549,3.378665,-9.8,-3.685732,11.00182
6550,3.378665,-9.8,-3.685732,11.00182
6551,3.378665,-9.8,-3.685732,11.00182
6552,3.378665,-9.8,-3.685732,11.00182
6553,3.378665,-9.8,-3.685732,11.00182
6554,3.378665,-9.8,-3.685732,11.00182
6555,3.378665,-9.8,-3.685732,11.00182
6556,3.378665,-9.8,-3.685732,11.00182
6557,3.378665,-9.8,-3.685732,11.00182
6558,3.378665,-9.8,-3.685732,11.00182
6559,3.378665,-9.8,-3.685732,11.00182
6560,3.378665,-9.8,-3.685732,11.00182
6561,3.378665,-9.8,-3.685732,11.00182
6562,3.378665,-9.8,-3.685732,11.00182
6563,3.378665,-9.8,-3.685732,11.00182
6564,3.378665,-9.8,-3.685732,11.00182
6565,3.378665,-9.8,-3.685732,11.00182
6566,3.378665,-9.8,-3.685732,11.00182
6567,3.378665,-9.8,-3.685732,11.00182
6568,3.378665,-9.8,-3.685732,11.00182
6569,3.378665,-9.8,-3.685732,11.00182
6570,3.378665,-9.8,-3.685732,11.00182
6571,3.378665,-9.8,-3.685732,11.00182
6572,3.378665,-9.8,-3.685732,11.00182
6573,3.378665,-9.8,-3.685732,11.00182
6574,3.378665,-9.8,-3.685732,11.00182
6575,3.378665,-9.8,-3.685732,11.00182
6576,3.378665,-9.8,-3.685732,11.00182
6577,3.378665,-9.8,-3.685732,11.00182
6578,3.378665,-9.8,-3.685732,11.00182
6579,3.378665,-9.8,-3.685732,11.00182
6580,3.378665,-9.8,-3.685732,11.00182
6581,3.378665,-9.8,-3.685732,11.00182
6582,3.378665,-9.8,-3.685732,11.00182
6583,3.378665,-9.8,-3.685732,11.00182
6584,3.378665,-9.8,-3.685732,11.00182
6585,3.378665,-9.8,-3.685732,11.00182
6586,3.378665,-9.8,-3.685732,11.00182
6587,3.378665,-9.8,-3.685732,11.00182
6588,3.378665,-9.8,-3.685732,11.00182
6589,3.378665,-9.8,-3.685732,11.00182
6590,3.378665,-9.8,-3.685732,11.00182
6591,3.378665,-9.8,-3.685732,11.00182
6592,3.378665,-9.8,-3.685732,11.00182
6593,3.378665,-9.8,-3.685732,11.00182
6594,3.378665,-9.8,-3.685732,11.00182
6595,3.378665,-9.8,-3.685732,11.00182
6596,3.378665,-9.8,-3.685732,11.00182
6597,3.378665,-9.8,-3.685732,11.00182
6598,3.378665,-9.8,-3.685732,11.00182
6599,3.378665,-9.8,-3.685732,11.00182
6600,3.378665,-9.8,-3.685732,11.00182
6601,3.378665,-9.8,-3.685732,11.00182
6602,3.378665,-9.8,-3.685732,11.00182
6603,3.378665,-9.8,-3.685732,11.00182
6604,3.378665,-9.8,-3.685732,11.00182
6605,3.378665,-9.8,-3.685732,11.00182
6606,3.378665,-9.8,-3.685732,11.00182
6607,3.378665,-9.8,-3.685732,11.00182
6608,3.378665,-9.8,-3.685732,11.00182
6609,3.378665,-9.8,-3.685732,11.00182
6610,3.378665,-9.8,-3.685732,11.00182
6611,3.378665,-9.8,-3.685732,11.00182
6612,3.378665,-9.8,-3.685732,11.00182
6613,3.378665,-9.8,-3.685732,11.00182
6614,3.378665,-9.8,-3.685732,11.00182
6615,3.378665,-9.8,-3.685732,11.00182
6616,3.378665,-9.8,-3.685732,11.00182
6617,3.378665,-9.8,-3.685732,11.00182
6618,3.378665,-9.8,-3.685732,11.00182
6619,3.378665,-9.8,-3.685732,11.00182
6620,3.378665,-9.8,-3.685732,11.00182
6621,3.378665,-9.8,-3.685732,11.00182
6622,3.378665,-9.8,-3.685732,11.00182
6623,3.378665,-9.8,-3.685732,11.00182
6624,3.378665,-9.8,-3.685732,11.00182
6625,3.378665,-9.8,-3.685732,11.00182
6626,3.378665,-9.8,-3.685732,11.00182
6627,3.378665,-9.8,-3.685732,11.00182
6628,3.378665,-9.8,-3.685732,11.00182
6629,3.378665,-9.8,-3.685732,11.00182
6630,3.378665,-9.8,-3.685732,11.00182
6631,3.378665,-9.8,-3.685732,11.00182
6632,3.378665,-9.8,-3.685732,11.00182
6633,3.378665,-9.8,-3.685732,11.00182
6634,3.378665,-9.8,-3.685732,11.00182
6635,3.378665,-9.8,-3.685732,11.00182
6636,3.378665,-9.8,-3.685732,11.00182
6637,3.378665,-9.8,-3.685732,11.00182
6638,3.378665,-9.8,-3.685732,11.00182
6639,3.378665,-9.8,-3.685732,11.00182
6640,3.378665,-9.8,-3.685732,11.00182
6641,3.378665,-9.8,-3.685732,11.00182
6642,3.378665,-9.8,-3.685732,11.00182
6643,3.378665,-9.8,-3.685732,11.00182
6644,3.378665,-9.8,-3.685732,11.00182
6645,3.378665,-9.8,-3.685732,11.00182
6646,3.378665,-9.8,-3.685732,11.00182
6647,3.378665,-9.8,-3.685732,11.00182
6648,3.378665,-9.8,-3.685732,11.00182
6649,3.378665,-9.8,-3.685732,11.00182
6650,3.378665,-9.8,-3.685732,11.00182
6651,3.378665,-9.8,-3.685732,11.00182
6652,3.378665,-9.8,-3.685732,11.00182
6653,3.378665,-9.8,-3.685732,11.00182
6654,3.378665,-9.8,-3.685732,11.00182
6655,3.378665,-9.8,-3.685732,11.00182
6656,3.378665,-9.8,-3.685732,11.00182
6657,3.378665,-9.8,-3.685732,11.00182
6658,3.378665,-9.8,-3.685732,11.00182
6659,3.378665,-9.8,-3.685732,11.00182
6660,3.378665,-9.8,-3.685732,11.00182
6661,3.378665,-9.8,-3.685732,11.00182
6662,3.378665,-9.8,-3.685732,11.00182
6663,3.378665,-9.8,-3.685732,11.00182
6664,3.378665,-9.8,-3.685732,11.00182
6665,3.378665,-9.8,-3.685732,11.00182
6666,3.378665,-9.8,-3.685732,11.00182
6667,3.378665,-9.8,-3.685732,11.00182
6668,3.378665,-9.8,-3.685732,11.00182
6669,3.378665,-9.8,-3.685732,11.00182
6670,3.378665,-9.8,-3.685732,11.00182
6671,3.378665,-9.8,-3.685732,11.00182
6672,3.378665,-9.8,-3.685732,11.00182
6673,3.378665,-9.8,-3.685732,11.00182
6674,3.378665,-9.8,-3.685732,11.00182
6675,3.378665,-9.8,-3.685732,11.00182
6676,3.378665,-9.8,-3.685732,11.00182
6677,3.378665,-9.8,-3.685732,11.00182
6678,3.378665,-9.8,-3.685732,11.00182
6679,3.378665,-9.8,-3.685732,11.00182
6680,3.378665,-9.8,-3.685732,11.00182
6681,3.378665,-9.8,-3.685732,11.00182
6682,3.378665,-9.8,-3.685732,11.00182
6683,3.378665,-9.8,-3.685732,11.00182
6684,3.378665,-9.8,-3.685732,11.00182
6685,3.378665,-9.8,-3.685732,11.00182
6686,3.378665,-9.8,-3.685732,11.00182
6687,3.378665,-9.8,-3.685732,11.00182
6688,3.378665,-9.8,-3.685732,11.00182
6689,3.378665,-9.8,-3.685732,11.00182
6690,3.378665,-9.8,-3.685732,11.00182
6691,3.378665,-9.8,-3.685732,11.00182
6692,3.378665,-9.8,-3.685732,11.00182
6693,3.378665,-9.8,-3.685732,11.00182
6694,3.378665,-9.8,-3.685732,11.00182
6695,3.378665,-9.8,-3.685732,11.00182
6696,3.378665,-9.8,-3.685732,11.00182
6697,3.378665,-9.8,-3.685732,11.00182
6698,3.378665,-9.8,-3.685732,11.00182
6699,3.378665,-9.8,-3.685732,11.00182
6700,3.378665,-9.8,-3.685732,11.00182
6701,3.378665,-9.8,-3.685732,11.00182
6702,3.378665,-9.8,-3.685732,11.00182
6703,3.378665,-9.8,-3.685732,11.00182
6704,3.378665,-9.8,-3.685732,11.00182
6705,3.378665,-9.8,-3.685732,11.00182
6706,3.378665,-9.8,-3.685732,11.00182
6707,3.378665,-9.8,-3.685732,11.00182
6708,3.378665,-9.8,-3.685732,11.00182
6709,3.378665,-9.8,-3.685732,11.00182
6710,3.378665,-9.8,-3.685732,11.00182
6711,3.378665,-9.8,-3.685732,11.00182
6712,3.378665,-9.8,-3.685732,11.00182
6713,3.378665,-9.8,-3.685732,11.00182
6714,3.378665,-9.8,-3.685732,11.00182
6715,3.378665,-9.8,-3.685732,11.00182
6716,3.378665,-9.8,-3.685732,11.00182
6717,3.378665,-9.8,-3.685732,11.00182
6718,3.378665,-9.8,-3.685732,11.00182
6719,3.378665,-9.8,-3.685732,11.00182
6720,3.378665,-9.8,-3.685732,11.00182
6721,3.378665,-9.8,-3.685732,11.00182
6722,3.378665,-9.8,-3.685732,11.00182
6723,3.378665,-9.8,-3.685732,11.00182
6724,3.378665,-9.8,-3.685732,11.00182
6725,3.378665,-9.8,-3.685732,11.00182
6726,3.378665,-9.8,-3.685732,11.00182
6727,3.378665,-9.8,-3.685732,11.00182
6728,3.378665,-9.8,-3.685732,11.00182
6729,3.378665,-9.8,-3.685732,11.00182
6730,3.378665,-9.8,-3.685732,11.00182
6731,3.378665,-9.8,-3.685732,11.00182
6732,3.378665,-9.8,-3.685732,11.00182
6733,3.378665,-9.8,-3.685732,11.00182
6734,3.378665,-9.8,-3.685732,11.00182
6735,3.378665,-9.8,-3.685732,11.00182
6736,3.378665,-9.8,-3.685732,11.00182
6737,3.378665,-9.8,-3.685732,11.00182
6738,3.378665,-9.8,-3.685732,11.00182
6739,3.378665,-9.8,-3.685732,11.00182
6740,3.378665,-9.8,-3.685732,11.00182
6741,3.378665,-9.8,-3.685732,11.00182
6742,3.378665,-9.8,-3.685732,11.00182
6743,3.378665,-9.8,-3.685732,11.00182
6744,3.378665,-9.8,-3.685732,11.00182
6745,3.378665,-9.8,-3.685732,11.00182
6746,3.378665,-9.8,-3.685732,11.00182
6747,3.378665,-9.8,-3.685732,11.00182
6748,3.378665,-9.8,-3.685732,11.00182
6749,3.378665,-9.8,-3.685732,11.00182
6750,3.378665,-9.8,-3.685732,11.00182
6751,3.378665,-9.8,-3.685732,11.00182
6752,3.378665,-9.8,-3.685732,11.00182
6753,3.378665,-9.8,-3.685732,11.00182
6754,3.378665,-9.8,-3.685732,11.00182
6755,3.378665,-9.8,-3.685732,11.00182
6756,3.378665,-9.8,-3.685732,11.00182
6757,3.378665,-9.8,-3.685732,11.00182
6758,3.378665,-9.8,-3.685732,11.00182
6759,3.378665,-9.8,-3.685732,11.00182
6760,3.378665,-9.8,-3.685732,11.00182
6761,3.378665,-9.8,-3.685732,11.00182
6762,3.378665,-9.8,-3.685732,11.00182
6763,3.378665,-9.8,-3.685732,11.00182
6764,3.378665,-9.8,-3.685732,11.00182
6765,3.378665,-9.8,-3.685732,11.00182
6766,3.378665,-9.8,-3.685732,11.00182
6767,3.378665,-9.8,-3.685732,11.00182
6768,3.378665,-9.8,-3.685732,11.00182
6769,3.378665,-9.8,-3.685732,11.00182
6770,3.378665,-9.8,-3.685732,11.00182
6771,3.378665,-9.8,-3.685732,11.00182
6772,3.378665,-9.8,-3.685732,11.00182
6773,3.378665,-9.8,-3.685732,11.00182
6774,3.378665,-9.8,-3.685732,11.00182
6775,3.378665,-9.8,-3.685732,11.00182
6776,3.378665,-9.8,-3.685732,11.00182
6777,3.378665,-9.8,-3.685732,11.00182
6778,3.378665,-9.8,-3.685732,11.00182
6779,3.378665,-9.8,-3.685732,11.00182
6780,3.378665,-9.8,-3.685732,11.00182
6781,3.378665,-9.8,-3.685732,11.00182
6782,3.378665,-9.8,-3.685732,11.00182
6783,3.378665,-9.8,-3.685732,11.00182
6784,3.378665,-9.8,-3.685732,11.00182
6785,3.378665,-9.8,-3.685732,11.00182
6786,3.378665,-9.8,-3.685732,11.00182
6787,3.378665,-9.8,-3.685732,11.00182
6788,3.378665,-9.8,-3.685732,11.00182
6789,3.378665,-9.8,-3.685732,11.00182
6790,3.378665,-9.8,-3.685732,11.00182
6791,3.378665,-9.8,-3.685732,11.00182
6792,3.378665,-9.8,-3.685732,11.00182
6793,3.378665,-9.8,-3.685732,11.00182
6794,3.378665,-9.8,-3.685732,11.00182
6795,3.378665,-9.8,-3.685732,11.00182
6796,3.378665,-9.8,-3.685732,11.00182
6797,3.378665,-9.8,-3.685732,11.00182
6798,3.378665,-9.8,-3.685732,11.00182
6799,3.378665,-9.8,-3.685732,11.00182
6800,3.378665,-9.8,-3.685732,11.00182
6801,3.378665,-9.8,-3.685732,11.00182
6802,3.378665,-9.8,-3.685732,11.00182
6803,3.378665,-9.8,-3.685732,11.00182
6804,3.378665,-9.8,-3.685732,11.00182
6805,3.378665,-9.8,-3.685732,11.00182
6806,3.378665,-9.8,-3.685732,11.00182
6807,3.378665,-9.8,-3.685732,11.00182
6808,3.378665,-9.8,-3.685732,11.00182
6809,3.378665,-9.8,-3.685732,11.00182
6810,3.378665,-9.8,-3.685732,11.00182
6811,3.378665,-9.8,-3.685732,11.00182
6812,3.378665,-9.8,-3.685732,11.00182
6813,3.378665,-9.8,-3.685732,11.00182
6814,3.378665,-9.8,-3.685732,11.00182
6815,3.378665,-9.8,-3.685732,11.00182
6816,3.378665,-9.8,-3.685732,11.00182
6817,3.378665,-9.8,-3.685732,11.00182
6818,3.378665,-9.8,-3.685732,11.00182
6819,3.378665,-9.8,-3.685732,11.00182
6820,3.378665,-9.8,-3.685732,11.00182
6821,3.378665,-9.8,-3.685732,11.00182
6822,3.378665,-9.8,-3.685732,11.00182
6823,3.378665,-9.8,-3.685732,11.00182
6824,3.378665,-9.8,-3.685732,11.00182
6825,3.378665,-9.8,-3.685732,11.00182
6826,3.378665,-9.8,-3.685732,11.00182
6827,3.378665,-9.8,-3.685732,11.00182
6828,3.378665,-9.8,-3.685732,11.00182
6829,3.378665,-9.8,-3.685732,11.00182
6830,3.378665,-9.8,-3.685732,11.00182
6831,3.378665,-9.8,-3.685732,11.00182
6832,3.378665,-9.8,-3.685732,11.00182
6833,3.378665,-9.8,-3.685732,11.00182
6834,3.378665,-9.8,-3.685732,11.00182
6835,3.378665,-9.8,-3.685732,11.00182
6836,3.378665,-9.8,-3.685732,11.00182
6837,3.378665,-9.8,-3.685732,11.00182
6838,3.378665,-9.8,-3.685732,11.00182
6839,3.378665,-9.8,-3.685732,11.00182
6840,3.378665,-9.8,-3.685732,11.00182
6841,3.378665,-9.8,-3.685732,11.00182
6842,3.378665,-9.8,-3.685732,11.00182
6843,3.378665,-9.8,-3.685732,11.00182
6844,3.378665,-9.8,-3.685732,11.00182
6845,3.378665,-9.8,-3.685732,11.00182
6846,3.378665,-9.8,-3.685732,11.00182
6847,3.378665,-9.8,-3.685732,11.00182
6848,3.378665,-9.8,-3.685732,11.00182
6849,3.378665,-9.8,-3.685732,11.00182
6850,3.378665,-9.8,-3.685732,11.00182
6851,3.378665,-9.8,-3.685732,11.00182
6852,3.378665,-9.8,-3.685732,11.00182
6853,3.378665,-9.8,-3.685732,11.00182
6854,3.378665,-9.8,-3.685732,11.00182
6855,3.378665,-9.8,-3.685732,11.00182
6856,3.378665,-9.8,-3.685732,11.00182
6857,3.378665,-9.8,-3.685732,11.00182
6858,3.378665,-9.8,-3.685732,11.00182
6859,3.378665,-9.8,-3.685732,11.00182
6860,3.378665,-9.8,-3.685732,11.00182
6861,3.378665,-9.8,-3.685732,11.00182
6862,3.378665,-9.8,-3.685732,11.00182
6863,3.378665,-9.8,-3.685732,11.00182
6864,3.378665,-9.8,-3.685732,11.00182
6865,3.378665,-9.8,-3.685732,11.00182
6866,3.378665,-9.8,-3.685732,11.00182
6867,3.378665,-9.8,-3.685732,11.00182
6868,3.378665,-9.8,-3.685732,11.00182
6869,3.378665,-9.8,-3.685732,11.00182
6870,3.378665,-9.8,-3.685732,11.00182
6871,3.378665,-9.8,-3.685732,11.00182
6872,3.378665,-9.8,-3.685732,11.00182
6873,3.378665,-9.8,-3.685732,11.00182
6874,3.378665,-9.8,-3.685732,11.00182
6875,3.378665,-9.8,-3.685732,11.00182
6876,3.378665,-9.8,-3.685732,11.00182
6877,3.378665,-9.8,-3.685732,11.00182
6878,3.378665,-9.8,-3.685732,11.00182
6879,3.378665,-9.8,-3.685732,11.00182
6880,3.378665,-9.8,-3.685732,11.00182
6881,3.378665,-9.8,-3.685732,11.00182
6882,3.378665,-9.8,-3.685732,11.00182
6883,3.378665,-9.8,-3.685732,11.00182
6884,3.378665,-9.8,-3.685732,11.00182
6885,3.378665,-9.8,-3.685732,11.00182
6886,3.378665,-9.8,-3.685732,11.00182
6887,3.378665,-9.8,-3.685732,11.00182
6888,3.378665,-9.8,-3.685732,11.00182
6889,3.378665,-9.8,-3.685732,11.00182
6890,3.378665,-9.8,-3.685732,11.00182
6891,3.378665,-9.8,-3.685732,11.00182
6892,3.378665,-9.8,-3.685732,11.00182
6893,3.378665,-9.8,-3.685732,11.00182
6894,3.378665,-9.8,-3.685732,11.00182
6895,3.378665,-9.8,-3.685732,11.00182
6896,3.378665,-9.8,-3.685732,11.00182
6897,3.378665,-9.8,-3.685732,11.00182
6898,3.378665,-9.8,-3.685732,11.00182
6899,3.378665,-9.8,-3.685732,11.00182
6900,3.378665,-9.8,-3.685732,11.00182
6901,3.378665,-9.8,-3.685732,11.00182
6902,3.378665,-9.8,-3.685732,11.00182
6903,3.378665,-9.8,-3.685732,11.00182
6904,3.378665,-9.8,-3.685732,11.00182
6905,3.378665,-9.8,-3.685732,11.00182
6906,3.378665,-9.8,-3.685732,11.00182
6907,3.378665,-9.8,-3.685732,11.00182
6908,3.378665,-9.8,-3.685732,11.00182
6909,3.378665,-9.8,-3.685732,11.00182
6910,3.378665,-9.8,-3.685732,11.00182
6911,3.378665,-9.8,-3.685732,11.00182
6912,3.378665,-9.8,-3.685732,11.00182
6913,3.378665,-9.8,-3.685732,11.00182
6914,3.378665,-9.8,-3.685732,11.00182
6915,3.378665,-9.8,-3.685732,11.00182
6916,3.378665,-9.8,-3.685732,11.00182
6917,3.378665,-9.8,-3.685732,11.00182
6918,3.378665,-9.8,-3.685732,11.00182
6919,3.378665,-9.8,-3.685732,11.00182
6920,3.378665,-9.8,-3.685732,11.00182
6921,3.378665,-9.8,-3.685732,11.00182
6922,3.378665,-9.8,-3.685732,11.00182
6923,3.378665,-9.8,-3.685732,11.00182
6924,3.378665,-9.8,-3.685732,11.00182
6925,3.378665,-9.8,-3.685732,11.00182
6926,3.378665,-9.8,-3.685732,11.00182
6927,3.378665,-9.8,-3.685732,11.00182
6928,3.378665,-9.8,-3.685732,11.00182
6929,3.378665,-9.8,-3.685732,11.00182
6930,3.378665,-9.8,-3.685732,11.00182
6931,3.378665,-9.8,-3.685732,11.00182
6932,3.378665,-9.8,-3.685732,11.00182
6933,3.378665,-9.8,-3.685732,11.00182
6934,3.378665,-9.8,-3.685732,11.00182
6935,3.378665,-9.8,-3.685732,11.00182
6936,3.378665,-9.8,-3.685732,11.00182
6937,3.378665,-9.8,-3.685732,11.00182
6938,3.378665,-9.8,-3.685732,11.00182
6939,3.378665,-9.8,-3.685732,11.00182
6940,3.378665,-9.8,-3.685732,11.00182
6941,3.378665,-9.8,-3.685732,11.00182
6942,3.378665,-9.8,-3.685732,11.00182
6943,3.378665,-9.8,-3.685732,11.00182
6944,3.378665,-9.8,-3.685732,11.00182
6945,3.378665,-9.8,-3.685732,11.00182
6946,3.378665,-9.8,-3.685732,11.00182
6947,3.378665,-9.8,-3.685732,11.00182
6948,3.378665,-9.8,-3.685732,11.00182
6949,3.378665,-9.8,-3.685732,11.00182
6950,3.378665,-9.8,-3.685732,11.00182
6951,3.378665,-9.8,-3.685732,11.00182
6952,3.378665,-9.8,-3.685732,11.00182
6953,3.378665,-9.8,-3.685732,11.00182
6954,3.378665,-9.8,-3.685732,11.00182
6955,3.378665,-9.8,-3.685732,11.00182
6956,3.378665,-9.8,-3.685732,11.00182
6957,3.378665,-9.8,-3.685732,11.00182
6958,3.378665,-9.8,-3.685732,11.00182
6959,3.378665,-9.8,-3.685732,11.00182
6960,3.378665,-9.8,-3.685732,11.00182
6961,3.378665,-9.8,-3.685732,11.00182
6962,3.378665,-9.8,-3.685732,11.00182
6963,3.378665,-9.8,-3.685732,11.00182
6964,3.378665,-9.8,-3.685732,11.00182
6965,3.378665,-9.8,-3.685732,11.00182
6966,3.378665,-9.8,-3.685732,11.00182
6967,3.378665,-9.8,-3.685732,11.00182
6968,3.378665,-9.8,-3.685732,11.00182
6969,3.378665,-9.8,-3.685732,11.00182
6970,3.378665,-9.8,-3.685732,11.00182
6971,3.378665,-9.8,-3.685732,11.00182
6972,3.378665,-9.8,-3.685732,11.00182
6973,3.378665,-9.8,-3.685732,11.00182
6974,3.378665,-9.8,-3.685732,11.00182
6975,3.378665,-9.8,-3.685732,11.00182
6976,3.378665,-9.8,-3.685732,11.00182
6977,3.378665,-9.8,-3.685732,11.00182
6978,3.378665,-9.8,-3.685732,11.00182
6979,3.378665,-9.8,-3.685732,11.00182
6980,3.378665,-9.8,-3.685732,11.00182
6981,3.378665,-9.8,-3.685732,11.00182
6982,3.378665,-9.8,-3.685732,11.00182
6983,3.378665,-9.8,-3.685732,11.00182
6984,3.378665,-9.8,-3.685732,11.00182
6985,3.378665,-9.8,-3.685732,11.00182
6986,3.378665,-9.8,-3.685732,11.00182
6987,3.378665,-9.8,-3.685732,11.00182
6988,3.378665,-9.8,-3.685732,11.00182
6989,3.378665,-9.8,-3.685732,11.00182
6990,3.378665,-9.8,-3.685732,11.00182
6991,3.378665,-9.8,-3.685732,11.00182
6992,3.378665,-9.8,-3.685732,11.00182
6993,3.378665,-9.8,-3.685732,11.00182
6994,3.378665,-9.8,-3.685732,11.00182
6995,3.378665,-9.8,-3.685732,11.00182
6996,3.378665,-9.8,-3.685732,11.00182
6997,3.378665,-9.8,-3.685732,11.00182
6998,3.378665,-9.8,-3.685732,11.00182
6999,3.378665,-9.8,-3.685732,11.00182
7000,3.378665,-9.8,-3.685732,11.00182
7001,3.378665,-9.8,-3.685732,11.00182
7002,3.378665,-9.8,-3.685732,11.00182
7003,3.378665,-9.8,-3.685732,11.00182
7004,3.378665,-9.8,-3.685732,11.00182
7005,3.378665,-9.8,-3.685732,11.00182
7006,3.378665,-9.8,-3.685732,11.00182
7007,3.378665,-9.8,-3.685732,11.00182
7008,3.378665,-9.8,-3.685732,11.00182
7009,3.378665,-9.8,-3.685732,11.00182
7010,3.378665,-9.8,-3.685732,11.00182
7011,3.378665,-9.8,-3.685732,11.00182
7012,3.378665,-9.8,-3.685732,11.00182
7013,3.378665,-9.8,-3.685732,11.00182
7014,3.378665,-9.8,-3.685732,11.00182
7015,3.378665,-9.8,-3.685732,11.00182
7016,3.378665,-9.8,-3.685732,11.00182
7017,3.378665,-9.8,-3.685732,11.00182
7018,3.378665,-9.8,-3.685732,11.00182
7019,3.378665,-9.8,-3.685732,11.00182
7020,3.378665,-9.8,-3.685732,11.00182
7021,3.378665,-9.8,-3.685732,11.00182
7022,3.378665,-9.8,-3.685732,11.00182
7023,3.378665,-9.8,-3.685732,11.00182
7024,3.378665,-9.8,-3.685732,11.00182
7025,3.378665,-9.8,-3.685732,11.00182
7026,3.378665,-9.8,-3.685732,11.00182
7027,3.378665,-9.8,-3.685732,11.00182
7028,3.378665,-9.8,-3.685732,11.00182
7029,3.378665,-9.8,-3.685732,11.00182
7030,3.378665,-9.8,-3.685732,11.00182
7031,3.378665,-9.8,-3.685732,11.00182
7032,3.378665,-9.8,-3.685732,11.00182
7033,3.378665,-9.8,-3.685732,11.00182
7034,3.378665,-9.8,-3.685732,11.00182
7035,3.378665,-9.8,-3.685732,11.00182
7036,3.378665,-9.8,-3.685732,11.00182
7037,3.378665,-9.8,-3.685732,11.00182
7038,3.378665,-9.8,-3.685732,11.00182
7039,3.378665,-9.8,-3.685732,11.00182
7040,3.378665,-9.8,-3.685732,11.00182
7041,3.378665,-9.8,-3.685732,11.00182
7042,3.378665,-9.8,-3.685732,11.00182
7043,3.378665,-9.8,-3.685732,11.00182
7044,3.378665,-9.8,-3.685732,11.00182
7045,3.378665,-9.8,-3.685732,11.00182
7046,3.378665,-9.8,-3.685732,11.00182
7047,3.378665,-9.8,-3.685732,11.00182
7048,3.378665,-9.8,-3.685732,11.00182
7049,3.378665,-9.8,-3.685732,11.00182
7050,3.378665,-9.8,-3.685732,11.00182
7051,3.378665,-9.8,-3.685732,11.00182
7052,3.378665,-9.8,-3.685732,11.00182
7053,3.378665,-9.8,-3.685732,11.00182
7054,3.378665,-9.8,-3.685732,11.00182
7055,3.378665,-9.8,-3.685732,11.00182
7056,3.378665,-9.8,-3.685732,11.00182
7057,3.378665,-9.8,-3.685732,11.00182
7058,3.378665,-9.8,-3.685732,11.00182
7059,3.378665,-9.8,-3.685732,11.00182
7060,3.378665,-9.8,-3.685732,11.00182
7061,3.378665,-9.8,-3.685732,11.00182
7062,3.378665,-9.8,-3.685732,11.00182
7063,3.378665,-9.8,-3.685732,11.00182
7064,3.378665,-9.8,-3.685732,11.00182
7065,3.378665,-9.8,-3.685732,11.00182
7066,3.378665,-9.8,-3.685732,11.00182
7067,3.378665,-9.8,-3.685732,11.00182
7068,3.378665,-9.8,-3.685732,11.00182
7069,3.378665,-9.8,-3.685732,11.00182
7070,3.378665,-9.8,-3.685732,11.00182
7071,3.378665,-9.8,-3.685732,11.00182
7072,3.378665,-9.8,-3.685732,11.00182
7073,3.378665,-9.8,-3.685732,11.00182
7074,3.378665,-9.8,-3.685732,11.00182
7075,3.378665,-9.8,-3.685732,11.00182
7076,3.378665,-9.8,-3.685732,11.00182
7077,3.378665,-9.8,-3.685732,11.00182
7078,3.378665,-9.8,-3.685732,11.00182
7079,3.378665,-9.8,-3.685732,11.00182
7080,3.378665,-9.8,-3.685732,11.00182
7081,3.378665,-9.8,-3.685732,11.00182
7082,3.378665,-9.8,-3.685732,11.00182
7083,3.378665,-9.8,-3.685732,11.00182
7084,3.378665,-9.8,-3.685732,11.00182
7085,3.378665,-9.8,-3.685732,11.00182
7086,3.378665,-9.8,-3.685732,11.00182
7087,3.378665,-9.8,-3.685732,11.00182
7088,3.378665,-9.8,-3.685732,11.00182
7089,3.378665,-9.8,-3.685732,11.00182
7090,3.378665,-9.8,-3.685732,11.00182
7091,3.378665,-9.8,-3.685732,11.00182
7092,3.378665,-9.8,-3.685732,11.00182
7093,3.378665,-9.8,-3.685732,11.00182
7094,3.378665,-9.8,-3.685732,11.00182
7095,3.378665,-9.8,-3.685732,11.00182
7096,3.378665,-9.8,-3.685732,11.00182
7097,3.378665,-9.8,-3.685732,11.00182
7098,3.378665,-9.8,-3.685732,11.00182
7099,3.378665,-9.8,-3.685732,11.00182
7100,3.378665,-9.8,-3.685732,11.00182
7101,3.378665,-9.8,-3.685732,11.00182
7102,3.378665,-9.8,-3.685732,11.00182
7103,3.378665,-9.8,-3.685732,11.00182
7104,3.378665,-9.8,-3.685732,11.00182
7105,3.378665,-9.8,-3.685732,11.00182
7106,3.378665,-9.8,-3.685732,11.00182
7107,3.378665,-9.8,-3.685732,11.00182
7108,3.378665,-9.8,-3.685732,11.00182
7109,3.378665,-9.8,-3.685732,11.00182
7110,3.378665,-9.8,-3.685732,11.00182
7111,3.378665,-9.8,-3.685732,11.00182
7112,3.378665,-9.8,-3.685732,11.00182
7113,3.378665,-9.8,-3.685732,11.00182
7114,3.378665,-9.8,-3.685732,11.00182
7115,3.378665,-9.8,-3.685732,11.00182
7116,3.378665,-9.8,-3.685732,11.00182
7117,3.378665,-9.8,-3.685732,11.00182
7118,3.378665,-9.8,-3.685732,11.00182
7119,3.378665,-9.8,-3.685732,11.00182
7120,3.378665,-9.8,-3.685732,11.00182
7121,3.378665,-9.8,-3.685732,11.00182
7122,3.378665,-9.8,-3.685732,11.00182
7123,3.378665,-9.8,-3.685732,11.00182
7124,3.378665,-9.8,-3.685732,11.00182
7125,3.378665,-9.8,-3.685732,11.00182
7126,3.378665,-9.8,-3.685732,11.00182
7127,3.378665,-9.8,-3.685732,11.00182
7128,3.378665,-9.8,-3.685732,11.00182
7129,3.378665,-9.8,-3.685732,11.00182
7130,3.378665,-9.8,-3.685732,11.00182
7131,3.378665,-9.8,-3.685732,11.00182
7132,3.378665,-9.8,-3.685732,11.00182
7133,3.378665,-9.8,-3.685732,11.00182
7134,3.378665,-9.8,-3.685732,11.00182
7135,3.378665,-9.8,-3.685732,11.00182
7136,3.378665,-9.8,-3.685732,11.00182
7137,3.378665,-9.8,-3.685732,11.00182
7138,3.378665,-9.8,-3.685732,11.00182
7139,3.378665,-9.8,-3.685732,11.00182
7140,3.378665,-9.8,-3.685732,11.00182
7141,3.378665,-9.8,-3.685732,11.00182
7142,3.378665,-9.8,-3.685732,11.00182
7143,3.378665,-9.8,-3.685732,11.00182
7144,3.378665,-9.8,-3.685732,11.00182
7145,3.378665,-9.8,-3.685732,11.00182
7146,3.378665,-9.8,-3.685732,11.00182
7147,3.378665,-9.8,-3.685732,11.00182
7148,3.378665,-9.8,-3.685732,11.00182
7149,3.378665,-9.8,-3.685732,11.00182
7150,3.378665,-9.8,-3.685732,11.00182
7151,3.378665,-9.8,-3.685732,11.00182
7152,3.378665,-9.8,-3.685732,11.00182
7153,3.378665,-9.8,-3.685732,11.00182
7154,3.378665,-9.8,-3.685732,11.00182
7155,3.378665,-9.8,-3.685732,11.00182
7156,3.378665,-9.8,-3.685732,11.00182
7157,3.378665,-9.8,-3.685732,11.00182
7158,3.378665,-9.8,-3.685732,11.00182
7159,3.378665,-9.8,-3.685732,11.00182
7160,3.378665,-9.8,-3.685732,11.00182
7161,3.378665,-9.8,-3.685732,11.00182
7162,3.378665,-9.8,-3.685732,11.00182
7163,3.378665,-9.8,-3.685732,11.00182
7164,3.378665,-9.8,-3.685732,11.00182
7165,3.378665,-9.8,-3.685732,11.00182
7166,3.378665,-9.8,-3.685732,11.00182
7167,3.378665,-9.8,-3.685732,11.00182
7168,3.378665,-9.8,-3.685732,11.00182
7169,3.378665,-9.8,-3.685732,11.00182
7170,3.378665,-9.8,-3.685732,11.00182
7171,3.378665,-9.8,-3.685732,11.00182
7172,3.378665,-9.8,-3.685732,11.00182
7173,3.378665,-9.8,-3.685732,11.00182
7174,3.378665,-9.8,-3.685732,11.00182
7175,3.378665,-9.8,-3.685732,11.00182
7176,3.378665,-9.8,-3.685732,11.00182
7177,3.378665,-9.8,-3.685732,11.00182
7178,3.378665,-9.8,-3.685732,11.00182
7179,3.378665,-9.8,-3.685732,11.00182
7180,3.378665,-9.8,-3.685732,11.00182
7181,3.378665,-9.8,-3.685732,11.00182
7182,3.378665,-9.8,-3.685732,11.00182
7183,3.378665,-9.8,-3.685732,11.00182
7184,3.378665,-9.8,-3.685732,11.00182
7185,3.378665,-9.8,-3.685732,11.00182
7186,3.378665,-9.8,-3.685732,11.00182
7187,3.378665,-9.8,-3.685732,11.00182
7188,3.378665,-9.8,-3.685732,11.00182
7189,3.378665,-9.8,-3.685732,11.00182
7190,3.378665,-9.8,-3.685732,11.00182
7191,3.378665,-9.8,-3.685732,11.00182
7192,3.378665,-9.8,-3.685732,11.00182
7193,3.378665,-9.8,-3.685732,11.00182
7194,3.378665,-9.8,-3.685732,11.00182
7195,3.378665,-9.8,-3.685732,11.00182
7196,3.378665,-9.8,-3.685732,11.00182
7197,3.378665,-9.8,-3.685732,11.00182
7198,3.378665,-9.8,-3.685732,11.00182
7199,3.378665,-9.8,-3.685732,11.00182
7200,3.378665,-9.8,-3.685732,11.00182
7201,3.378665,-9.8,-3.685732,11.00182
7202,3.378665,-9.8,-3.685732,11.00182
7203,3.378665,-9.8,-3.685732,11.00182
7204,3.378665,-9.8,-3.685732,11.00182
7205,3.378665,-9.8,-3.685732,11.00182
7206,3.378665,-9.8,-3.685732,11.00182
7207,3.378665,-9.8,-3.685732,11.00182
7208,3.378665,-9.8,-3.685732,11.00182
7209,3.378665,-9.8,-3.685732,11.00182
7210,3.378665,-9.8,-3.685732,11.00182
7211,3.378665,-9.8,-3.685732,11.00182
7212,3.378665,-9.8,-3.685732,11.00182
7213,3.378665,-9.8,-3.685732,11.00182
7214,3.378665,-9.8,-3.685732,11.00182
7215,3.378665,-9.8,-3.685732,11.00182
7216,3.378665,-9.8,-3.685732,11.00182
7217,3.378665,-9.8,-3.685732,11.00182
7218,3.378665,-9.8,-3.685732,11.00182
7219,3.378665,-9.8,-3.685732,11.00182
7220,3.378665,-9.8,-3.685732,11.00182
7221,3.378665,-9.8,-3.685732,11.00182
7222,3.378665,-9.8,-3.685732,11.00182
7223,3.378665,-9.8,-3.685732,11.00182
7224,3.378665,-9.8,-3.685732,11.00182
7225,3.378665,-9.8,-3.685732,11.00182
7226,3.378665,-9.8,-3.685732,11.00182
7227,3.378665,-9.8,-3.685732,11.00182
7228,3.378665,-9.8,-3.685732,11.00182
7229,3.378665,-9.8,-3.685732,11.00182
7230,3.378665,-9.8,-3.685732,11.00182
7231,3.378665,-9.8,-3.685732,11.00182
7232,3.378665,-9.8,-3.685732,11.00182
7233,3.378665,-9.8,-3.685732,11.00182
7234,3.378665,-9.8,-3.685732,11.00182
7235,3.378665,-9.8,-3.685732,11.00182
7236,3.378665,-9.8,-3.685732,11.00182
7237,3.378665,-9.8,-3.685732,11.00182
7238,3.378665,-9.8,-3.685732,11.00182
7239,3.378665,-9.8,-3.685732,11.00182
7240,3.378665,-9.8,-3.685732,11.00182
7241,3.378665,-9.8,-3.685732,11.00182
7242,3.378665,-9.8,-3.685732,11.00182
7243,3.378665,-9.8,-3.685732,11.00182
7244,3.378665,-9.8,-3.685732,11.00182
7245,3.378665,-9.8,-3.685732,11.00182
7246,3.378665,-9.8,-3.685732,11.00182
7247,3.378665,-9.8,-3.685732,11.00182
7248,3.378665,-9.8,-3.685732,11.00182
7249,3.378665,-9.8,-3.685732,11.00182
7250,3.378665,-9.8,-3.685732,11.00182
7251,3.378665,-9.8,-3.685732,11.00182
7252,3.378665,-9.8,-3.685732,11.00182
7253,3.378665,-9.8,-3.685732,11.00182
7254,3.378665,-9.8,-3.685732,11.00182
7255,3.378665,-9.8,-3.685732,11.00182
7256,3.378665,-9.8,-3.685732,11.00182
7257,3.378665,-9.8,-3.685732,11.00182
7258,3.378665,-9.8,-3.685732,11.00182
7259,3.378665,-9.8,-3.685732,11.00182
7260,3.378665,-9.8,-3.685732,11.00182
7261,3.378665,-9.8,-3.685732,11.00182
7262,3.378665,-9.8,-3.685732,11.00182
7263,3.378665,-9.8,-3.685732,11.00182
7264,3.378665,-9.8,-3.685732,11.00182
7265,3.378665,-9.8,-3.685732,11.00182
7266,3.378665,-9.8,-3.685732,11.00182
7267,3.378665,-9.8,-3.685732,11.00182
7268,3.378665,-9.8,-3.685732,11.00182
7269,3.378665,-9.8,-3.685732,11.00182
7270,3.378665,-9.8,-3.685732,11.00182
7271,3.378665,-9.8,-3.685732,11.00182
7272,3.378665,-9.8,-3.685732,11.00182
7273,3.378665,-9.8,-3.685732,11.00182
7274,3.378665,-9.8,-3.685732,11.00182
7275,3.378665,-9.8,-3.685732,11.00182
7276,3.378665,-9.8,-3.685732,11.00182
7277,3.378665,-9.8,-3.685732,11.00182
7278,3.378665,-9.8,-3.685732,11.00182
7279,3.378665,-9.8,-3.685732,11.00182
7280,3.378665,-9.8,-3.685732,11.00182
7281,3.378665,-9.8,-3.685732,11.00182
7282,3.378665,-9.8,-3.685732,11.00182
7283,3.378665,-9.8,-3.685732,11.00182
7284,3.378665,-9.8,-3.685732,11.00182
7285,3.378665,-9.8,-3.685732,11.00182
7286,3.378665,-9.8,-3.685732,11.00182
7287,3.378665,-9.8,-3.685732,11.00182
7288,3.378665,-9.8,-3.685732,11.00182
7289,3.378665,-9.8,-3.685732,11.00182
7290,3.378665,-9.8,-3.685732,11.00182
7291,3.378665,-9.8,-3.685732,11.00182
7292,3.378665,-9.8,-3.685732,11.00182
7293,3.378665,-9.8,-3.685732,11.00182
7294,3.378665,-9.8,-3.685732,11.00182
7295,3.378665,-9.8,-3.685732,11.00182
7296,3.378665,-9.8,-3.685732,11.00182
7297,3.378665,-9.8,-3.685732,11.00182
7298,3.378665,-9.8,-3.685732,11.00182
7299,3.378665,-9.8,-3.685732,11.00182
7300,3.378665,-9.8,-3.685732,11.00182
7301,3.378665,-9.8,-3.685732,11.00182
7302,3.378665,-9.8,-3.685732,11.00182
7303,3.378665,-9.8,-3.685732,11.00182
7304,3.378665,-9.8,-3.685732,11.00182
7305,3.378665,-9.8,-3.685732,11.00182
7306,3.378665,-9.8,-3.685732,11.00182
7307,3.378665,-9.8,-3.685732,11.00182
7308,3.378665,-9.8,-3.685732,11.00182
7309,3.378665,-9.8,-3.685732,11.00182
7310,3.378665,-9.8,-3.685732,11.00182
7311,3.378665,-9.8,-3.685732,11.00182
7312,3.378665,-9.8,-3.685732,11.00182
7313,3.378665,-9.8,-3.685732,11.00182
7314,3.378665,-9.8,-3.685732,11.00182
7315,3.378665,-9.8,-3.685732,11.00182
7316,3.378665,-9.8,-3.685732,11.00182
7317,3.378665,-9.8,-3.685732,11.00182
7318,3.378665,-9.8,-3.685732,11.00182
7319,3.378665,-9.8,-3.685732,11.00182
7320,3.378665,-9.8,-3.685732,11.00182
7321,3.378665,-9.8,-3.685732,11.00182
7322,3.378665,-9.8,-3.685732,11.00182
7323,3.378665,-9.8,-3.685732,11.00182
7324,3.378665,-9.8,-3.685732,11.00182
7325,3.378665,-9.8,-3.685732,11.00182
7326,3.378665,-9.8,-3.685732,11.00182
7327,3.378665,-9.8,-3.685732,11.00182
7328,3.378665,-9.8,-3.685732,11.00182
7329,3.378665,-9.8,-3.685732,11.00182
7330,3.378665,-9.8,-3.685732,11.00182
7331,3.378665,-9.8,-3.685732,11.00182
7332,3.378665,-9.8,-3.685732,11.00182
7333,3.378665,-9.8,-3.685732,11.00182
7334,3.378665,-9.8,-3.685732,11.00182
7335,3.378665,-9.8,-3.685732,11.00182
7336,3.378665,-9.8,-3.685732,11.00182
7337,3.378665,-9.8,-3.685732,11.00182
7338,3.378665,-9.8,-3.685732,11.00182
7339,3.378665,-9.8,-3.685732,11.00182
7340,3.378665,-9.8,-3.685732,11.00182
7341,3.378665,-9.8,-3.685732,11.00182
7342,3.378665,-9.8,-3.685732,11.00182
7343,3.378665,-9.8,-3.685732,11.00182
7344,3.378665,-9.8,-3.685732,11.00182
7345,3.378665,-9.8,-3.685732,11.00182
7346,3.378665,-9.8,-3.685732,11.00182
7347,3.378665,-9.8,-3.685732,11.00182
7348,3.378665,-9.8,-3.685732,11.00182
7349,3.378665,-9.8,-3.685732,11.00182
7350,3.378665,-9.8,-3.685732,11.00182
7351,3.378665,-9.8,-3.685732,11.00182
7352,3.378665,-9.8,-3.685732,11.00182
7353,3.378665,-9.8,-3.685732,11.00182
7354,3.378665,-9.8,-3.685732,11.00182
7355,3.378665,-9.8,-3.685732,11.00182
7356,3.378665,-9.8,-3.685732,11.00182
7357,3.378665,-9.8,-3.685732,11.00182
7358,3.378665,-9.8,-3.685732,11.00182
7359,3.378665,-9.8,-3.685732,11.00182
7360,3.378665,-9.8,-3.685732,11.00182
7361,3.378665,-9.8,-3.685732,11.00182
7362,3.378665,-9.8,-3.685732,11.00182
7363,3.378665,-9.8,-3.685732,11.00182
7364,3.378665,-9.8,-3.685732,11.00182
7365,3.378665,-9.8,-3.685732,11.00182
7366,3.378665,-9.8,-3.685732,11.00182
7367,3.378665,-9.8,-3.685732,11.00182
7368,3.378665,-9.8,-3.685732,11.00182
7369,3.378665,-9.8,-3.685732,11.00182
7370,3.378665,-9.8,-3.685732,11.00182
7371,3.378665,-9.8,-3.685732,11.00182
7372,3.378665,-9.8,-3.685732,11.00182
7373,3.378665,-9.8,-3.685732,11.00182
7374,3.378665,-9.8,-3.685732,11.00182
7375,3.378665,-9.8,-3.685732,11.00182
7376,3.378665,-9.8,-3.685732,11.00182
7377,3.378665,-9.8,-3.685732,11.00182
7378,3.378665,-9.8,-3.685732,11.00182
7379,3.378665,-9.8,-3.685732,11.00182
7380,3.378665,-9.8,-3.685732,11.00182
7381,3.378665,-9.8,-3.685732,11.00182
7382,3.378665,-9.8,-3.685732,11.00182
7383,3.378665,-9.8,-3.685732,11.00182
7384,3.378665,-9.8,-3.685732,11.00182
7385,3.378665,-9.8,-3.685732,11.00182
7386,3.378665,-9.8,-3.685732,11.00182
7387,3.378665,-9.8,-3.685732,11.00182
7388,3.378665,-9.8,-3.685732,11.00182
7389,3.378665,-9.8,-3.685732,11.00182
7390,3.378665,-9.8,-3.685732,11.00182
7391,3.378665,-9.8,-3.685732,11.00182
7392,3.378665,-9.8,-3.685732,11.00182
7393,3.378665,-9.8,-3.685732,11.00182
7394,3.378665,-9.8,-3.685732,11.00182
7395,3.378665,-9.8,-3.685732,11.00182
7396,3.378665,-9.8,-3.685732,11.00182
7397,3.378665,-9.8,-3.685732,11.00182
7398,3.378665,-9.8,-3.685732,11.00182
7399,3.378665,-9.8,-3.685732,11.00182
7400,3.378665,-9.8,-3.685732,11.00182
7401,3.378665,-9.8,-3.685732,11.00182
7402,3.378665,-9.8,-3.685732,11.00182
7403,3.378665,-9.8,-3.685732,11.00182
7404,3.378665,-9.8,-3.685732,11.00182
7405,3.378665,-9.8,-3.685732,11.00182
7406,3.378665,-9.8,-3.685732,11.00182
7407,3.378665,-9.8,-3.685732,11.00182
7408,3.378665,-9.8,-3.685732,11.00182
7409,3.378665,-9.8,-3.685732,11.00182
7410,3.378665,-9.8,-3.685732,11.00182
7411,3.378665,-9.8,-3.685732,11.00182
7412,3.378665,-9.8,-3.685732,11.00182
7413,3.378665,-9.8,-3.685732,11.00182
7414,3.378665,-9.8,-3.685732,11.00182
7415,3.378665,-9.8,-3.685732,11.00182
7416,3.378665,-9.8,-3.685732,11.00182
7417,3.378665,-9.8,-3.685732,11.00182
7418,3.378665,-9.8,-3.685732,11.00182
7419,3.378665,-9.8,-3.685732,11.00182
7420,3.378665,-9.8,-3.685732,11.00182
7421,3.378665,-9.8,-3.685732,11.00182
7422,3.378665,-9.8,-3.685732,11.00182
7423,3.378665,-9.8,-3.685732,11.00182
7424,3.378665,-9.8,-3.685732,11.00182
7425,3.378665,-9.8,-3.685732,11.00182
7426,3.378665,-9.8,-3.685732,11.00182
7427,3.378665,-9.8,-3.685732,11.00182
7428,3.378665,-9.8,-3.685732,11.00182
7429,3.378665,-9.8,-3.685732,11.00182
7430,3.378665,-9.8,-3.685732,11.00182
7431,3.378665,-9.8,-3.685732,11.00182
7432,3.378665,-9.8,-3.685732,11.00182
7433,3.378665,-9.8,-3.685732,11.00182
7434,3.378665,-9.8,-3.685732,11.00182
7435,3.378665,-9.8,-3.685732,11.00182
7436,3.378665,-9.8,-3.685732,11.00182
7437,3.378665,-9.8,-3.685732,11.00182
7438,3.378665,-9.8,-3.685732,11.00182
7439,3.378665,-9.8,-3.685732,11.00182
7440,3.378665,-9.8,-3.685732,11.00182
7441,3.378665,-9.8,-3.685732,11.00182
7442,3.378665,-9.8,-3.685732,11.00182
7443,3.378665,-9.8,-3.685732,11.00182
7444,3.378665,-9.8,-3.685732,11.00182
7445,3.378665,-9.8,-3.685732,11.00182
7446,3.378665,-9.8,-3.685732,11.00182
7447,3.378665,-9.8,-3.685732,11.00182
7448,3.378665,-9.8,-3.685732,11.00182
7449,3.378665,-9.8,-3.685732,11.00182
7450,3.378665,-9.8,-3.685732,11.00182
7451,3.378665,-9.8,-3.685732,11.00182
7452,3.378665,-9.8,-3.685732,11.00182
7453,3.378665,-9.8,-3.685732,11.00182
7454,3.378665,-9.8,-3.685732,11.00182
7455,3.378665,-9.8,-3.685732,11.00182
7456,3.378665,-9.8,-3.685732,11.00182
7457,3.378665,-9.8,-3.685732,11.00182
7458,3.378665,-9.8,-3.685732,11.00182
7459,3.378665,-9.8,-3.685732,11.00182
7460,3.378665,-9.8,-3.685732,11.00182
7461,3.378665,-9.8,-3.685732,11.00182
7462,3.378665,-9.8,-3.685732,11.00182
7463,3.378665,-9.8,-3.685732,11.00182
7464,3.378665,-9.8,-3.685732,11.00182
7465,3.378665,-9.8,-3.685732,11.00182
7466,3.378665,-9.8,-3.685732,11.00182
7467,3.378665,-9.8,-3.685732,11.00182
7468,3.378665,-9.8,-3.685732,11.00182
7469,3.378665,-9.8,-3.685732,11.00182
7470,3.378665,-9.8,-3.685732,11.00182
7471,3.378665,-9.8,-3.685732,11.00182
7472,3.378665,-9.8,-3.685732,11.00182
7473,3.378665,-9.8,-3.685732,11.00182
7474,3.378665,-9.8,-3.685732,11.00182
7475,3.378665,-9.8,-3.685732,11.00182
7476,3.378665,-9.8,-3.685732,11.00182
7477,3.378665,-9.8,-3.685732,11.00182
7478,3.378665,-9.8,-3.685732,11.00182
7479,3.378665,-9.8,-3.685732,11.00182
7480,3.378665,-9.8,-3.685732,11.00182
7481,3.378665,-9.8,-3.685732,11.00182
7482,3.378665,-9.8,-3.685732,11.00182
7483,3.378665,-9.8,-3.685732,11.00182
7484,3.378665,-9.8,-3.685732,11.00182
7485,3.378665,-9.8,-3.685732,11.00182
7486,3.378665,-9.8,-3.685732,11.00182
7487,3.378665,-9.8,-3.685732,11.00182
7488,3.378665,-9.8,-3.685732,11.00182
7489,3.378665,-9.8,-3.685732,11.00182
7490,3.378665,-9.8,-3.685732,11.00182
7491,3.378665,-9.8,-3.685732,11.00182
7492,3.378665,-9.8,-3.685732,11.00182
7493,3.378665,-9.8,-3.685732,11.00182
7494,3.378665,-9.8,-3.685732,11.00182
7495,3.378665,-9.8,-3.685732,11.00182
7496,3.378665,-9.8,-3.685732,11.00182
7497,3.378665,-9.8,-3.685732,11.00182
7498,3.378665,-9.8,-3.685732,11.00182
7499,3.378665,-9.8,-3.685732,11.00182
7500,3.378665,-9.8,-3.685732,11.00182
7501,3.378665,-9.8,-3.685732,11.00182
7502,3.378665,-9.8,-3.685732,11.00182
7503,3.378665,-9.8,-3.685732,11.00182
7504,3.378665,-9.8,-3.685732,11.00182
7505,3.378665,-9.8,-3.685732,11.00182
7506,3.378665,-9.8,-3.685732,11.00182
7507,3.378665,-9.8,-3.685732,11.00182
7508,3.378665,-9.8,-3.685732,11.00182
7509,3.378665,-9.8,-3.685732,11.00182
7510,3.378665,-9.8,-3.685732,11.00182
7511,3.378665,-9.8,-3.685732,11.00182
7512,3.378665,-9.8,-3.685732,11.00182
7513,3.378665,-9.8,-3.685732,11.00182
7514,3.378665,-9.8,-3.685732,11.00182
7515,3.378665,-9.8,-3.685732,11.00182
7516,3.378665,-9.8,-3.685732,11.00182
7517,3.378665,-9.8,-3.685732,11.00182
7518,3.378665,-9.8,-3.685732,11.00182
7519,3.378665,-9.8,-3.685732,11.00182
7520,3.378665,-9.8,-3.685732,11.00182
7521,3.378665,-9.8,-3.685732,11.00182
7522,3.378665,-9.8,-3.685732,11.00182
7523,3.378665,-9.8,-3.685732,11.00182
7524,3.378665,-9.8,-3.685732,11.00182
7525,3.378665,-9.8,-3.685732,11.00182
7526,3.378665,-9.8,-3.685732,11.00182
7527,3.378665,-9.8,-3.685732,11.00182
7528,3.378665,-9.8,-3.685732,11.00182
7529,3.378665,-9.8,-3.685732,11.00182
7530,3.378665,-9.8,-3.685732,11.00182
7531,3.378665,-9.8,-3.685732,11.00182
7532,3.378665,-9.8,-3.685732,11.00182
7533,3.378665,-9.8,-3.685732,11.00182
7534,3.378665,-9.8,-3.685732,11.00182
7535,3.378665,-9.8,-3.685732,11.00182
7536,3.378665,-9.8,-3.685732,11.00182
7537,3.378665,-9.8,-3.685732,11.00182
7538,3.378665,-9.8,-3.685732,11.00182
7539,3.378665,-9.8,-3.685732,11.00182
7540,3.378665,-9.8,-3.685732,11.00182
7541,3.378665,-9.8,-3.685732,11.00182
7542,3.378665,-9.8,-3.685732,11.00182
7543,3.378665,-9.8,-3.685732,11.00182
7544,3.378665,-9.8,-3.685732,11.00182
7545,3.378665,-9.8,-3.685732,11.00182
7546,3.378665,-9.8,-3.685732,11.00182
7547,3.378665,-9.8,-3.685732,11.00182
7548,3.378665,-9.8,-3.685732,11.00182
7549,3.378665,-9.8,-3.685732,11.00182
7550,3.378665,-9.8,-3.685732,11.00182
7551,3.378665,-9.8,-3.685732,11.00182
7552,3.378665,-9.8,-3.685732,11.00182
7553,3.378665,-9.8,-3.685732,11.00182
7554,3.378665,-9.8,-3.685732,11.00182
7555,3.378665,-9.8,-3.685732,11.00182
7556,3.378665,-9.8,-3.685732,11.00182
7557,3.378665,-9.8,-3.685732,11.00182
7558,3.378665,-9.8,-3.685732,11.00182
7559,3.378665,-9.8,-3.685732,11.00182
7560,3.378665,-9.8,-3.685732,11.00182
7561,3.378665,-9.8,-3.685732,11.00182
7562,3.378665,-9.8,-3.685732,11.00182
7563,3.378665,-9.8,-3.685732,11.00182
7564,3.378665,-9.8,-3.685732,11.00182
7565,3.378665,-9.8,-3.685732,11.00182
7566,3.378665,-9.8,-3.685732,11.00182
7567,3.378665,-9.8,-3.685732,11.00182
7568,3.378665,-9.8,-3.685732,11.00182
7569,3.378665,-9.8,-3.685732,11.00182
7570,3.378665,-9.8,-3.685732,11.00182
7571,3.378665,-9.8,-3.685732,11.00182
7572,3.378665,-9.8,-3.685732,11.00182
7573,3.378665,-9.8,-3.685732,11.00182
7574,3.378665,-9.8,-3.685732,11.00182
7575,3.378665,-9.8,-3.685732,11.00182
7576,3.378665,-9.8,-3.685732,11.00182
7577,3.378665,-9.8,-3.685732,11.00182
7578,3.378665,-9.8,-3.685732,11.00182
7579,3.378665,-9.8,-3.685732,11.00182
7580,3.378665,-9.8,-3.685732,11.00182
7581,3.378665,-9.8,-3.685732,11.00182
7582,3.378665,-9.8,-3.685732,11.00182
7583,3.378665,-9.8,-3.685732,11.00182
7584,3.378665,-9.8,-3.685732,11.00182
7585,3.378665,-9.8,-3.685732,11.00182
7586,3.378665,-9.8,-3.685732,11.00182
7587,3.378665,-9.8,-3.685732,11.00182
7588,3.378665,-9.8,-3.685732,11.00182
7589,3.378665,-9.8,-3.685732,11.00182
7590,3.378665,-9.8,-3.685732,11.00182
7591,3.378665,-9.8,-3.685732,11.00182
7592,3.378665,-9.8,-3.685732,11.00182
7593,3.378665,-9.8,-3.685732,11.00182
7594,3.378665,-9.8,-3.685732,11.00182
7595,3.378665,-9.8,-3.685732,11.00182
7596,3.378665,-9.8,-3.685732,11.00182
7597,3.378665,-9.8,-3.685732,11.00182
7598,3.378665,-9.8,-3.685732,11.00182
7599,3.378665,-9.8,-3.685732,11.00182
7600,3.378665,-9.8,-3.685732,11.00182
7601,3.378665,-9.8,-3.685732,11.00182
7602,3.378665,-9.8,-3.685732,11.00182
7603,3.378665,-9.8,-3.685732,11.00182
7604,3.378665,-9.8,-3.685732,11.00182
7605,3.378665,-9.8,-3.685732,11.00182
7606,3.378665,-9.8,-3.685732,11.00182
7607,3.378665,-9.8,-3.685732,11.00182
7608,3.378665,-9.8,-3.685732,11.00182
7609,3.378665,-9.8,-3.685732,11.00182
7610,3.378665,-9.8,-3.685732,11.00182
7611,3.378665,-9.8,-3.685732,11.00182
7612,3.378665,-9.8,-3.685732,11.00182
7613,3.378665,-9.8,-3.685732,11.00182
7614,3.378665,-9.8,-3.685732,11.00182
7615,3.378665,-9.8,-3.685732,11.00182
7616,3.378665,-9.8,-3.685732,11.00182
7617,3.378665,-9.8,-3.685732,11.00182
7618,3.378665,-9.8,-3.685732,11.00182
7619,3.378665,-9.8,-3.685732,11.00182
7620,3.378665,-9.8,-3.685732,11.00182
7621,3.378665,-9.8,-3.685732,11.00182
7622,3.378665,-9.8,-3.685732,11.00182
7623,3.378665,-9.8,-3.685732,11.00182
7624,3.378665,-9.8,-3.685732,11.00182
7625,3.378665,-9.8,-3.685732,11.00182
7626,3.378665,-9.8,-3.685732,11.00182
7627,3.378665,-9.8,-3.685732,11.00182
7628,3.378665,-9.8,-3.685732,11.00182
7629,3.378665,-9.8,-3.685732,11.00182
7630,3.378665,-9.8,-3.685732,11.00182
7631,3.378665,-9.8,-3.685732,11.00182
7632,3.378665,-9.8,-3.685732,11.00182
7633,3.378665,-9.8,-3.685732,11.00182
7634,3.378665,-9.8,-3.685732,11.00182
7635,3.378665,-9.8,-3.685732,11.00182
7636,3.378665,-9.8,-3.685732,11.00182
7637,3.378665,-9.8,-3.685732,11.00182
7638,3.378665,-9.8,-3.685732,11.00182
7639,3.378665,-9.8,-3.685732,11.00182
7640,3.378665,-9.8,-3.685732,11.00182
7641,3.378665,-9.8,-3.685732,11.00182
7642,3.378665,-9.8,-3.685732,11.00182
7643,3.378665,-9.8,-3.685732,11.00182
7644,3.378665,-9.8,-3.685732,11.00182
7645,3.378665,-9.8,-3.685732,11.00182
7646,3.378665,-9.8,-3.685732,11.00182
7647,3.378665,-9.8,-3.685732,11.00182
7648,3.378665,-9.8,-3.685732,11.00182
7649,3.378665,-9.8,-3.685732,11.00182
7650,3.378665,-9.8,-3.685732,11.00182
7651,3.378665,-9.8,-3.685732,11.00182
7652,3.378665,-9.8,-3.685732,11.00182
7653,3.378665,-9.8,-3.685732,11.00182
7654,3.378665,-9.8,-3.685732,11.00182
7655,3.378665,-9.8,-3.685732,11.00182
7656,3.378665,-9.8,-3.685732,11.00182
7657,3.378665,-9.8,-3.685732,11.00182
7658,3.378665,-9.8,-3.685732,11.00182
7659,3.378665,-9.8,-3.685732,11.00182
7660,3.378665,-9.8,-3.685732,11.00182
7661,3.378665,-9.8,-3.685732,11.00182
7662,3.378665,-9.8,-3.685732,11.00182
7663,3.378665,-9.8,-3.685732,11.00182
7664,3.378665,-9.8,-3.685732,11.00182
7665,3.378665,-9.8,-3.685732,11.00182
7666,3.378665,-9.8,-3.685732,11.00182
7667,3.378665,-9.8,-3.685732,11.00182
7668,3.378665,-9.8,-3.685732,11.00182
7669,3.378665,-9.8,-3.685732,11.00182
7670,3.378665,-9.8,-3.685732,11.00182
7671,3.378665,-9.8,-3.685732,11.00182
7672,3.378665,-9.8,-3.685732,11.00182
7673,3.378665,-9.8,-3.685732,11.00182
7674,3.378665,-9.8,-3.685732,11.00182
7675,3.378665,-9.8,-3.685732,11.00182
7676,3.378665,-9.8,-3.685732,11.00182
7677,3.378665,-9.8,-3.685732,11.00182
7678,3.378665,-9.8,-3.685732,11.00182
7679,3.378665,-9.8,-3.685732,11.00182
7680,3.378665,-9.8,-3.685732,11.00182
7681,3.378665,-9.8,-3.685732,11.00182
7682,3.378665,-9.8,-3.685732,11.00182
7683,3.378665,-9.8,-3.685732,11.00182
7684,3.378665,-9.8,-3.685732,11.00182
7685,3.378665,-9.8,-3.685732,11.00182
7686,3.378665,-9.8,-3.685732,11.00182
7687,3.378665,-9.8,-3.685732,11.00182
7688,3.378665,-9.8,-3.685732,11.00182
7689,3.378665,-9.8,-3.685732,11.00182
7690,3.378665,-9.8,-3.685732,11.00182
7691,3.378665,-9.8,-3.685732,11.00182
7692,3.378665,-9.8,-3.685732,11.00182
7693,3.378665,-9.8,-3.685732,11.00182
7694,3.378665,-9.8,-3.685732,11.00182
7695,3.378665,-9.8,-3.685732,11.00182
7696,3.378665,-9.8,-3.685732,11.00182
7697,3.378665,-9.8,-3.685732,11.00182
7698,3.378665,-9.8,-3.685732,11.00182
7699,3.378665,-9.8,-3.685732,11.00182
7700,3.378665,-9.8,-3.685732,11.00182
7701,3.378665,-9.8,-3.685732,11.00182
7702,3.378665,-9.8,-3.685732,11.00182
7703,3.378665,-9.8,-3.685732,11.00182
7704,3.378665,-9.8,-3.685732,11.00182
7705,3.378665,-9.8,-3.685732,11.00182
7706,3.378665,-9.8,-3.685732,11.00182
7707,3.378665,-9.8,-3.685732,11.00182
7708,3.378665,-9.8,-3.685732,11.00182
7709,3.378665,-9.8,-3.685732,11.00182
7710,3.378665,-9.8,-3.685732,11.00182
7711,3.378665,-9.8,-3.685732,11.00182
7712,3.378665,-9.8,-3.685732,11.00182
7713,3.378665,-9.8,-3.685732,11.00182
7714,3.378665,-9.8,-3.685732,11.00182
7715,3.378665,-9.8,-3.685732,11.00182
7716,3.378665,-9.8,-3.685732,11.00182
7717,3.378665,-9.8,-3.685732,11.00182
7718,3.378665,-9.8,-3.685732,11.00182
7719,3.378665,-9.8,-3.685732,11.00182
7720,3.378665,-9.8,-3.685732,11.00182
7721,3.378665,-9.8,-3.685732,11.00182
7722,3.378665,-9.8,-3.685732,11.00182
7723,3.378665,-9.8,-3.685732,11.00182
7724,3.378665,-9.8,-3.685732,11.00182
7725,3.378665,-9.8,-3.685732,11.00182
7726,3.378665,-9.8,-3.685732,11.00182
7727,3.378665,-9.8,-3.685732,11.00182
7728,3.378665,-9.8,-3.685732,11.00182
7729,3.378665,-9.8,-3.685732,11.00182
7730,3.378665,-9.8,-3.685732,11.00182
7731,3.378665,-9.8,-3.685732,11.00182
7732,3.378665,-9.8,-3.685732,11.00182
7733,3.378665,-9.8,-3.685732,11.00182
7734,3.378665,-9.8,-3.685732,11.00182
7735,3.378665,-9.8,-3.685732,11.00182
7736,3.378665,-9.8,-3.685732,11.00182
7737,3.378665,-9.8,-3.685732,11.00182
7738,3.378665,-9.8,-3.685732,11.00182
7739,3.378665,-9.8,-3.685732,11.00182
7740,3.378665,-9.8,-3.685732,11.00182
7741,3.378665,-9.8,-3.685732,11.00182
7742,3.378665,-9.8,-3.685732,11.00182
7743,3.378665,-9.8,-3.685732,11.00182
7744,3.378665,-9.8,-3.685732,11.00182
7745,3.378665,-9.8,-3.685732,11.00182
7746,3.378665,-9.8,-3.685732,11.00182
7747,3.378665,-9.8,-3.685732,11.00182
7748,3.378665,-9.8,-3.685732,11.00182
7749,3.378665,-9.8,-3.685732,11.00182
7750,3.378665,-9.8,-3.685732,11.00182
7751,3.378665,-9.8,-3.685732,11.00182
7752,3.378665,-9.8,-3.685732,11.00182
7753,3.378665,-9.8,-3.685732,11.00182
7754,3.378665,-9.8,-3.685732,11.00182
7755,3.378665,-9.8,-3.685732,11.00182
7756,3.378665,-9.8,-3.685732,11.00182
7757,3.378665,-9.8,-3.685732,11.00182
7758,3.378665,-9.8,-3.685732,11.00182
7759,3.378665,-9.8,-3.685732,11.00182
7760,3.378665,-9.8,-3.685732,11.00182
7761,3.378665,-9.8,-3.685732,11.00182
7762,3.378665,-9.8,-3.685732,11.00182
7763,3.378665,-9.8,-3.685732,11.00182
7764,3.378665,-9.8,-3.685732,11.00182
7765,3.378665,-9.8,-3.685732,11.00182
7766,3.378665,-9.8,-3.685732,11.00182
7767,3.378665,-9.8,-3.685732,11.00182
7768,3.378665,-9.8,-3.685732,11.00182
7769,3.378665,-9.8,-3.685732,11.00182
7770,3.378665,-9.8,-3.685732,11.00182
7771,3.378665,-9.8,-3.685732,11.00182
7772,3.378665,-9.8,-3.685732,11.00182
7773,3.378665,-9.8,-3.685732,11.00182
7774,3.378665,-9.8,-3.685732,11.00182
7775,3.378665,-9.8,-3.685732,11.00182
7776,3.378665,-9.8,-3.685732,11.00182
7777,3.378665,-9.8,-3.685732,11.00182
7778,3.378665,-9.8,-3.685732,11.00182
7779,3.378665,-9.8,-3.685732,11.00182
7780,3.378665,-9.8,-3.685732,11.00182
7781,3.378665,-9.8,-3.685732,11.00182
7782,3.378665,-9.8,-3.685732,11.00182
7783,3.378665,-9.8,-3.685732,11.00182
7784,3.378665,-9.8,-3.685732,11.00182
7785,3.378665,-9.8,-3.685732,11.00182
7786,3.378665,-9.8,-3.685732,11.00182
7787,3.378665,-9.8,-3.685732,11.00182
7788,3.378665,-9.8,-3.685732,11.00182
7789,3.378665,-9.8,-3.685732,11.00182
7790,3.378665,-9.8,-3.685732,11.00182
7791,3.378665,-9.8,-3.685732,11.00182
7792,3.378665,-9.8,-3.685732,11.00182
7793,3.378665,-9.8,-3.685732,11.00182
7794,3.378665,-9.8,-3.685732,11.00182
7795,3.378665,-9.8,-3.685732,11.00182
7796,3.378665,-9.8,-3.685732,11.00182
7797,3.378665,-9.8,-3.685732,11.00182
7798,3.378665,-9.8,-3.685732,11.00182
7799,3.378665,-9.8,-3.685732,11.00182
7800,3.378665,-9.8,-3.685732,11.00182
7801,3.378665,-9.8,-3.685732,11.00182
7802,3.378665,-9.8,-3.685732,11.00182
7803,3.378665,-9.8,-3.685732,11.00182
7804,3.378665,-9.8,-3.685732,11.00182
7805,3.378665,-9.8,-3.685732,11.00182
7806,3.378665,-9.8,-3.685732,11.00182
7807,3.378665,-9.8,-3.685732,11.00182
7808,3.378665,-9.8,-3.685732,11.00182
7809,3.378665,-9.8,-3.685732,11.00182
7810,3.378665,-9.8,-3.685732,11.00182
7811,3.378665,-9.8,-3.685732,11.00182
7812,3.378665,-9.8,-3.685732,11.00182
7813,3.378665,-9.8,-3.685732,11.00182
7814,3.378665,-9.8,-3.685732,11.00182
7815,3.378665,-9.8,-3.685732,11.00182
7816,3.378665,-9.8,-3.685732,11.00182
7817,3.378665,-9.8,-3.685732,11.00182
7818,3.378665,-9.8,-3.685732,11.00182
7819,3.378665,-9.8,-3.685732,11.00182
7820,3.378665,-9.8,-3.685732,11.00182
7821,3.378665,-9.8,-3.685732,11.00182
7822,3.378665,-9.8,-3.685732,11.00182
7823,3.378665,-9.8,-3.685732,11.00182
7824,3.378665,-9.8,-3.685732,11.00182
7825,3.378665,-9.8,-3.685732,11.00182
7826,3.378665,-9.8,-3.685732,11.00182
7827,3.378665,-9.8,-3.685732,11.00182
7828,3.378665,-9.8,-3.685732,11.00182
7829,3.378665,-9.8,-3.685732,11.00182
7830,3.378665,-9.8,-3.685732,11.00182
7831,3.378665,-9.8,-3.685732,11.00182
7832,3.378665,-9.8,-3.685732,11.00182
7833,3.378665,-9.8,-3.685732,11.00182
7834,3.378665,-9.8,-3.685732,11.00182
7835,3.378665,-9.8,-3.685732,11.00182
7836,3.378665,-9.8,-3.685732,11.00182
7837,3.378665,-9.8,-3.685732,11.00182
7838,3.378665,-9.8,-3.685732,11.00182
7839,3.378665,-9.8,-3.685732,11.00182
7840,3.378665,-9.8,-3.685732,11.00182
7841,3.378665,-9.8,-3.685732,11.00182
7842,3.378665,-9.8,-3.685732,11.00182
7843,3.378665,-9.8,-3.685732,11.00182
7844,3.378665,-9.8,-3.685732,11.00182
7845,3.378665,-9.8,-3.685732,11.00182
7846,3.378665,-9.8,-3.685732,11.00182
7847,3.378665,-9.8,-3.685732,11.00182
7848,3.378665,-9.8,-3.685732,11.00182
7849,3.378665,-9.8,-3.685732,11.00182
7850,3.378665,-9.8,-3.685732,11.00182
7851,3.378665,-9.8,-3.685732,11.00182
7852,3.378665,-9.8,-3.685732,11.00182
7853,3.378665,-9.8,-3.685732,11.00182
7854,3.378665,-9.8,-3.685732,11.00182
7855,3.378665,-9.8,-3.685732,11.00182
7856,3.378665,-9.8,-3.685732,11.00182
7857,3.378665,-9.8,-3.685732,11.00182
7858,3.378665,-9.8,-3.685732,11.00182
7859,3.378665,-9.8,-3.685732,11.00182
7860,3.378665,-9.8,-3.685732,11.00182
7861,3.378665,-9.8,-3.685732,11.00182
7862,3.378665,-9.8,-3.685732,11.00182
7863,3.378665,-9.8,-3.685732,11.00182
7864,3.378665,-9.8,-3.685732,11.00182
7865,3.378665,-9.8,-3.685732,11.00182
7866,3.378665,-9.8,-3.685732,11.00182
7867,3.378665,-9.8,-3.685732,11.00182
7868,3.378665,-9.8,-3.685732,11.00182
7869,3.378665,-9.8,-3.685732,11.00182
7870,3.378665,-9.8,-3.685732,11.00182
7871,3.378665,-9.8,-3.685732,11.00182
7872,3.378665,-9.8,-3.685732,11.00182
7873,3.378665,-9.8,-3.685732,11.00182
7874,3.378665,-9.8,-3.685732,11.00182
7875,3.378665,-9.8,-3.685732,11.00182
7876,3.378665,-9.8,-3.685732,11.00182
7877,3.378665,-9.8,-3.685732,11.00182
7878,3.378665,-9.8,-3.685732,11.00182
7879,3.378665,-9.8,-3.685732,11.00182
7880,3.378665,-9.8,-3.685732,11.00182
7881,3.378665,-9.8,-3.685732,11.00182
7882,3.378665,-9.8,-3.685732,11.00182
7883,3.378665,-9.8,-3.685732,11.00182
7884,3.378665,-9.8,-3.685732,11.00182
7885,3.378665,-9.8,-3.685732,11.00182
7886,3.378665,-9.8,-3.685732,11.00182
7887,3.378665,-9.8,-3.685732,11.00182
7888,3.378665,-9.8,-3.685732,11.00182
7889,3.378665,-9.8,-3.685732,11.00182
7890,3.378665,-9.8,-3.685732,11.00182
7891,3.378665,-9.8,-3.685732,11.00182
7892,3.378665,-9.8,-3.685732,11.00182
7893,3.378665,-9.8,-3.685732,11.00182
7894,3.378665,-9.8,-3.685732,11.00182
7895,3.378665,-9.8,-3.685732,11.00182
7896,3.378665,-9.8,-3.685732,11.00182
7897,3.378665,-9.8,-3.685732,11.00182
7898,3.378665,-9.8,-3.685732,11.00182
7899,3.378665,-9.8,-3.685732,11.00182
7900,3.378665,-9.8,-3.685732,11.00182
7901,3.378665,-9.8,-3.685732,11.00182
7902,3.378665,-9.8,-3.685732,11.00182
7903,3.378665,-9.8,-3.685732,11.00182
7904,3.378665,-9.8,-3.685732,11.00182
7905,3.378665,-9.8,-3.685732,11.00182
7906,3.378665,-9.8,-3.685732,11.00182
7907,3.378665,-9.8,-3.685732,11.00182
7908,3.378665,-9.8,-3.685732,11.00182
7909,3.378665,-9.8,-3.685732,11.00182
7910,3.378665,-9.8,-3.685732,11.00182
7911,3.378665,-9.8,-3.685732,11.00182
7912,3.378665,-9.8,-3.685732,11.00182
7913,3.378665,-9.8,-3.685732,11.00182
7914,3.378665,-9.8,-3.685732,11.00182
7915,3.378665,-9.8,-3.685732,11.00182
7916,3.378665,-9.8,-3.685732,11.00182
7917,3.378665,-9.8,-3.685732,11.00182
7918,3.378665,-9.8,-3.685732,11.00182
7919,3.378665,-9.8,-3.685732,11.00182
7920,3.378665,-9.8,-3.685732,11.00182
7921,3.378665,-9.8,-3.685732,11.00182
7922,3.378665,-9.8,-3.685732,11.00182
7923,3.378665,-9.8,-3.685732,11.00182
7924,3.378665,-9.8,-3.685732,11.00182
7925,3.378665,-9.8,-3.685732,11.00182
7926,3.378665,-9.8,-3.685732,11.00182
7927,3.378665,-9.8,-3.685732,11.00182
7928,3.378665,-9.8,-3.685732,11.00182
7929,3.378665,-9.8,-3.685732,11.00182
7930,3.378665,-9.8,-3.685732,11.00182
7931,3.378665,-9.8,-3.685732,11.00182
7932,3.378665,-9.8,-3.685732,11.00182
7933,3.378665,-9.8,-3.685732,11.00182
7934,3.378665,-9.8,-3.685732,11.00182
7935,3.378665,-9.8,-3.685732,11.00182
7936,3.378665,-9.8,-3.685732,11.00182
7937,3.378665,-9.8,-3.685732,11.00182
7938,3.378665,-9.8,-3.685732,11.00182
7939,3.378665,-9.8,-3.685732,11.00182
7940,3.378665,-9.8,-3.685732,11.00182
7941,3.378665,-9.8,-3.685732,11.00182
7942,3.378665,-9.8,-3.685732,11.00182
7943,3.378665,-9.8,-3.685732,11.00182
7944,3.378665,-9.8,-3.685732,11.00182
7945,3.378665,-9.8,-3.685732,11.00182
7946,3.378665,-9.8,-3.685732,11.00182
7947,3.378665,-9.8,-3.685732,11.00182
7948,3.378665,-9.8,-3.685732,11.00182
7949,3.378665,-9.8,-3.685732,11.00182
7950,3.378665,-9.8,-3.685732,11.00182
7951,3.378665,-9.8,-3.685732,11.00182
7952,3.378665,-9.8,-3.685732,11.00182
7953,3.378665,-9.8,-3.685732,11.00182
7954,3.378665,-9.8,-3.685732,11.00182
7955,3.378665,-9.8,-3.685732,11.00182
7956,3.378665,-9.8,-3.685732,11.00182
7957,3.378665,-9.8,-3.685732,11.00182
7958,3.378665,-9.8,-3.685732,11.00182
7959,3.378665,-9.8,-3.685732,11.00182
7960,3.378665,-9.8,-3.685732,11.00182
7961,3.378665,-9.8,-3.685732,11.00182
7962,3.378665,-9.8,-3.685732,11.00182
7963,3.378665,-9.8,-3.685732,11.00182
7964,3.378665,-9.8,-3.685732,11.00182
7965,3.378665,-9.8,-3.685732,11.00182
7966,3.378665,-9.8,-3.685732,11.00182
7967,3.378665,-9.8,-3.685732,11.00182
7968,3.378665,-9.8,-3.685732,11.00182
7969,3.378665,-9.8,-3.685732,11.00182
7970,3.378665,-9.8,-3.685732,11.00182
7971,3.378665,-9.8,-3.685732,11.00182
7972,3.378665,-9.8,-3.685732,11.00182
7973,3.378665,-9.8,-3.685732,11.00182
7974,3.378665,-9.8,-3.685732,11.00182
7975,3.378665,-9.8,-3.685732,11.00182
7976,3.378665,-9.8,-3.685732,11.00182
7977,3.378665,-9.8,-3.685732,11.00182
7978,3.378665,-9.8,-3.685732,11.00182
7979,3.378665,-9.8,-3.685732,11.00182
7980,3.378665,-9.8,-3.685732,11.00182
7981,3.378665,-9.8,-3.685732,11.00182
7982,3.378665,-9.8,-3.685732,11.00182
7983,3.378665,-9.8,-3.685732,11.00182
7984,3.378665,-9.8,-3.685732,11.00182
7985,3.378665,-9.8,-3.685732,11.00182
7986,3.378665,-9.8,-3.685732,11.00182
7987,3.378665,-9.8,-3.685732,11.00182
7988,3.378665,-9.8,-3.685732,11.00182
7989,3.378665,-9.8,-3.685732,11.00182
7990,3.378665,-9.8,-3.685732,11.00182
7991,3.378665,-9.8,-3.685732,11.00182
7992,3.378665,-9.8,-3.685732,11.00182
7993,3.378665,-9.8,-3.685732,11.00182
7994,3.378665,-9.8,-3.685732,11.00182
7995,3.378665,-9.8,-3.685732,11.00182
7996,3.378665,-9.8,-3.685732,11.00182
7997,3.378665,-9.8,-3.685732,11.00182
7998,3.378665,-9.8,-3.685732,11.00182
7999,3.378665,-9.8,-3.685732,11.00182
8000,3.378665,-9.8,-3.685732,11.00182
8001,3.378665,-9.8,-3.685732,11.00182
8002,3.378665,-9.8,-3.685732,11.00182
8003,3.378665,-9.8,-3.685732,11.00182
8004,3.378665,-9.8,-3.685732,11.00182
8005,3.378665,-9.8,-3.685732,11.00182
8006,3.378665,-9.8,-3.685732,11.00182
8007,3.378665,-9.8,-3.685732,11.00182
8008,3.378665,-9.8,-3.685732,11.00182
8009,3.378665,-9.8,-3.685732,11.00182
8010,3.378665,-9.8,-3.685732,11.00182
8011,3.378665,-9.8,-3.685732,11.00182
8012,3.378665,-9.8,-3.685732,11.00182
8013,3.378665,-9.8,-3.685732,11.00182
8014,3.378665,-9.8,-3.685732,11.00182
8015,3.378665,-9.8,-3.685732,11.00182
8016,3.378665,-9.8,-3.685732,11.00182
8017,3.378665,-9.8,-3.685732,11.00182
8018,3.378665,-9.8,-3.685732,11.00182
8019,3.378665,-9.8,-3.685732,11.00182
8020,3.378665,-9.8,-3.685732,11.00182
8021,3.378665,-9.8,-3.685732,11.00182
8022,3.378665,-9.8,-3.685732,11.00182
8023,3.378665,-9.8,-3.685732,11.00182
8024,3.378665,-9.8,-3.685732,11.00182
8025,3.378665,-9.8,-3.685732,11.00182
8026,3.378665,-9.8,-3.685732,11.00182
8027,3.378665,-9.8,-3.685732,11.00182
8028,3.378665,-9.8,-3.685732,11.00182
8029,3.378665,-9.8,-3.685732,11.00182
8030,3.378665,-9.8,-3.685732,11.00182
8031,3.378665,-9.8,-3.685732,11.00182
8032,3.378665,-9.8,-3.685732,11.00182
8033,3.378665,-9.8,-3.685732,11.00182
8034,3.378665,-9.8,-3.685732,11.00182
8035,3.378665,-9.8,-3.685732,11.00182
8036,3.378665,-9.8,-3.685732,11.00182
8037,3.378665,-9.8,-3.685732,11.00182
8038,3.378665,-9.8,-3.685732,11.00182
8039,3.378665,-9.8,-3.685732,11.00182
8040,3.378665,-9.8,-3.685732,11.00182
8041,3.378665,-9.8,-3.685732,11.00182
8042,3.378665,-9.8,-3.685732,11.00182
8043,3.378665,-9.8,-3.685732,11.00182
8044,3.378665,-9.8,-3.685732,11.00182
8045,3.378665,-9.8,-3.685732,11.00182
8046,3.378665,-9.8,-3.685732,11.00182
8047,3.378665,-9.8,-3.685732,11.00182
8048,3.378665,-9.8,-3.685732,11.00182
8049,3.378665,-9.8,-3.685732,11.00182
8050,3.378665,-9.8,-3.685732,11.00182
8051,3.378665,-9.8,-3.685732,11.00182
8052,3.378665,-9.8,-3.685732,11.00182
8053,3.378665,-9.8,-3.685732,11.00182
8054,3.378665,-9.8,-3.685732,11.00182
8055,3.378665,-9.8,-3.685732,11.00182
8056,3.378665,-9.8,-3.685732,11.00182
8057,3.378665,-9.8,-3.685732,11.00182
8058,3.378665,-9.8,-3.685732,11.00182
8059,3.378665,-9.8,-3.685732,11.00182
8060,3.378665,-9.8,-3.685732,11.00182
8061,3.378665,-9.8,-3.685732,11.00182
8062,3.378665,-9.8,-3.685732,11.00182
8063,3.378665,-9.8,-3.685732,11.00182
8064,3.378665,-9.8,-3.685732,11.00182
8065,3.378665,-9.8,-3.685732,11.00182
8066,3.378665,-9.8,-3.685732,11.00182
8067,3.378665,-9.8,-3.685732,11.00182
8068,3.378665,-9.8,-3.685732,11.00182
8069,3.378665,-9.8,-3.685732,11.00182
8070,3.378665,-9.8,-3.685732,11.00182
8071,3.378665,-9.8,-3.685732,11.00182
8072,3.378665,-9.8,-3.685732,11.00182
8073,3.378665,-9.8,-3.685732,11.00182
8074,3.378665,-9.8,-3.685732,11.00182
8075,3.378665,-9.8,-3.685732,11.00182
8076,3.378665,-9.8,-3.685732,11.00182
8077,3.378665,-9.8,-3.685732,11.00182
8078,3.378665,-9.8,-3.685732,11.00182
8079,3.378665,-9.8,-3.685732,11.00182
8080,3.378665,-9.8,-3.685732,11.00182
8081,3.378665,-9.8,-3.685732,11.00182
8082,3.378665,-9.8,-3.685732,11.00182
8083,3.378665,-9.8,-3.685732,11.00182
8084,3.378665,-9.8,-3.685732,11.00182
8085,3.378665,-9.8,-3.685732,11.00182
8086,3.378665,-9.8,-3.685732,11.00182
8087,3.378665,-9.8,-3.685732,11.00182
8088,3.378665,-9.8,-3.685732,11.00182
8089,3.378665,-9.8,-3.685732,11.00182
8090,3.378665,-9.8,-3.685732,11.00182
8091,3.378665,-9.8,-3.685732,11.00182
8092,3.378665,-9.8,-3.685732,11.00182
8093,3.378665,-9.8,-3.685732,11.00182
8094,3.378665,-9.8,-3.685732,11.00182
8095,3.378665,-9.8,-3.685732,11.00182
8096,3.378665,-9.8,-3.685732,11.00182
8097,3.378665,-9.8,-3.685732,11.00182
8098,3.378665,-9.8,-3.685732,11.00182
8099,3.378665,-9.8,-3.685732,11.00182
8100,3.378665,-9.8,-3.685732,11.00182
8101,3.378665,-9.8,-3.685732,11.00182
8102,3.378665,-9.8,-3.685732,11.00182
8103,3.378665,-9.8,-3.685732,11.00182
8104,3.378665,-9.8,-3.685732,11.00182
8105,3.378665,-9.8,-3.685732,11.00182
8106,3.378665,-9.8,-3.685732,11.00182
8107,3.378665,-9.8,-3.685732,11.00182
8108,3.378665,-9.8,-3.685732,11.00182
8109,3.378665,-9.8,-3.685732,11.00182
8110,3.378665,-9.8,-3.685732,11.00182
8111,3.378665,-9.8,-3.685732,11.00182
8112,3.378665,-9.8,-3.685732,11.00182
8113,3.378665,-9.8,-3.685732,11.00182
8114,3.378665,-9.8,-3.685732,11.00182
8115,3.378665,-9.8,-3.685732,11.00182
8116,3.378665,-9.8,-3.685732,11.00182
8117,3.378665,-9.8,-3.685732,11.00182
8118,3.378665,-9.8,-3.685732,11.00182
8119,3.378665,-9.8,-3.685732,11.00182
8120,3.378665,-9.8,-3.685732,11.00182
8121,3.378665,-9.8,-3.685732,11.00182
8122,3.378665,-9.8,-3.685732,11.00182
8123,3.378665,-9.8,-3.685732,11.00182
8124,3.378665,-9.8,-3.685732,11.00182
8125,3.378665,-9.8,-3.685732,11.00182
8126,3.378665,-9.8,-3.685732,11.00182
8127,3.378665,-9.8,-3.685732,11.00182
8128,3.378665,-9.8,-3.685732,11.00182
8129,3.378665,-9.8,-3.685732,11.00182
8130,3.378665,-9.8,-3.685732,11.00182
8131,3.378665,-9.8,-3.685732,11.00182
8132,3.378665,-9.8,-3.685732,11.00182
8133,3.378665,-9.8,-3.685732,11.00182
8134,3.378665,-9.8,-3.685732,11.00182
8135,3.378665,-9.8,-3.685732,11.00182
8136,3.378665,-9.8,-3.685732,11.00182
8137,3.378665,-9.8,-3.685732,11.00182
8138,3.378665,-9.8,-3.685732,11.00182
8139,3.378665,-9.8,-3.685732,11.00182
8140,3.378665,-9.8,-3.685732,11.00182
8141,3.378665,-9.8,-3.685732,11.00182
8142,3.378665,-9.8,-3.685732,11.00182
8143,3.378665,-9.8,-3.685732,11.00182
8144,3.378665,-9.8,-3.685732,11.00182
8145,3.378665,-9.8,-3.685732,11.00182
8146,3.378665,-9.8,-3.685732,11.00182
8147,3.378665,-9.8,-3.685732,11.00182
8148,3.378665,-9.8,-3.685732,11.00182
8149,3.378665,-9.8,-3.685732,11.00182
8150,3.378665,-9.8,-3.685732,11.00182
8151,3.378665,-9.8,-3.685732,11.00182
8152,3.378665,-9.8,-3.685732,11.00182
8153,3.378665,-9.8,-3.685732,11.00182
8154,3.378665,-9.8,-3.685732,11.00182
8155,3.378665,-9.8,-3.685732,11.00182
8156,3.378665,-9.8,-3.685732,11.00182
8157,3.378665,-9.8,-3.685732,11.00182
8158,3.378665,-9.8,-3.685732,11.00182
8159,3.378665,-9.8,-3.685732,11.00182
8160,3.378665,-9.8,-3.685732,11.00182
8161,3.378665,-9.8,-3.685732,11.00182
8162,3.378665,-9.8,-3.685732,11.00182
8163,3.378665,-9.8,-3.685732,11.00182
8164,3.378665,-9.8,-3.685732,11.00182
8165,3.378665,-9.8,-3.685732,11.00182
8166,3.378665,-9.8,-3.685732,11.00182
8167,3.378665,-9.8,-3.685732,11.00182
8168,3.378665,-9.8,-3.685732,11.00182
8169,3.378665,-9.8,-3.685732,11.00182
8170,3.378665,-9.8,-3.685732,11.00182
8171,3.378665,-9.8,-3.685732,11.00182
8172,3.378665,-9.8,-3.685732,11.00182
8173,3.378665,-9.8,-3.685732,11.00182
8174,3.378665,-9.8,-3.685732,11.00182
8175,3.378665,-9.8,-3.685732,11.00182
8176,3.378665,-9.8,-3.685732,11.00182
8177,3.378665,-9.8,-3.685732,11.00182
8178,3.378665,-9.8,-3.685732,11.00182
8179,3.378665,-9.8,-3.685732,11.00182
8180,3.378665,-9.8,-3.685732,11.00182
8181,3.378665,-9.8,-3.685732,11.00182
8182,3.378665,-9.8,-3.685732,11.00182
8183,3.378665,-9.8,-3.685732,11.00182
8184,3.378665,-9.8,-3.685732,11.00182
8185,3.378665,-9.8,-3.685732,11.00182
8186,3.378665,-9.8,-3.685732,11.00182
8187,3.378665,-9.8,-3.685732,11.00182
8188,3.378665,-9.8,-3.685732,11.00182
8189,3.378665,-9.8,-3.685732,11.00182
8190,3.378665,-9.8,-3.685732,11.00182
8191,3.378665,-9.8,-3.685732,11.00182
8192,3.378665,-9.8,-3.685732,11.00182
8193,3.378665,-9.8,-3.685732,11.00182
8194,3.378665,-9.8,-3.685732,11.00182
8195,3.378665,-9.8,-3.685732,11.00182
8196,3.378665,-9.8,-3.685732,11.00182
8197,3.378665,-9.8,-3.685732,11.00182
8198,3.378665,-9.8,-3.685732,11.00182
8199,3.378665,-9.8,-3.685732,11.00182
8200,3.378665,-9.8,-3.685732,11.00182
8201,3.378665,-9.8,-3.685732,11.00182
8202,3.378665,-9.8,-3.685732,11.00182
8203,3.378665,-9.8,-3.685732,11.00182
8204,3.378665,-9.8,-3.685732,11.00182
8205,3.378665,-9.8,-3.685732,11.00182
8206,3.378665,-9.8,-3.685732,11.00182
8207,3.378665,-9.8,-3.685732,11.00182
8208,3.378665,-9.8,-3.685732,11.00182
8209,3.378665,-9.8,-3.685732,11.00182
8210,3.378665,-9.8,-3.685732,11.00182
8211,3.378665,-9.8,-3.685732,11.00182
8212,3.378665,-9.8,-3.685732,11.00182
8213,3.378665,-9.8,-3.685732,11.00182
8214,3.378665,-9.8,-3.685732,11.00182
8215,3.378665,-9.8,-3.685732,11.00182
8216,3.378665,-9.8,-3.685732,11.00182
8217,3.378665,-9.8,-3.685732,11.00182
8218,3.378665,-9.8,-3.685732,11.00182
8219,3.378665,-9.8,-3.685732,11.00182
8220,3.378665,-9.8,-3.685732,11.00182
8221,3.378665,-9.8,-3.685732,11.00182
8222,3.378665,-9.8,-3.685732,11.00182
8223,3.378665,-9.8,-3.685732,11.00182
8224,3.378665,-9.8,-3.685732,11.00182
8225,3.378665,-9.8,-3.685732,11.00182
8226,3.378665,-9.8,-3.685732,11.00182
8227,3.378665,-9.8,-3.685732,11.00182
8228,3.378665,-9.8,-3.685732,11.00182
8229,3.378665,-9.8,-3.685732,11.00182
8230,3.378665,-9.8,-3.685732,11.00182
8231,3.378665,-9.8,-3.685732,11.00182
8232,3.378665,-9.8,-3.685732,11.00182
8233,3.378665,-9.8,-3.685732,11.00182
8234,3.378665,-9.8,-3.685732,11.00182
8235,3.378665,-9.8,-3.685732,11.00182
8236,3.378665,-9.8,-3.685732,11.00182
8237,3.378665,-9.8,-3.685732,11.00182
8238,3.378665,-9.8,-3.685732,11.00182
8239,3.378665,-9.8,-3.685732,11.00182
8240,3.378665,-9.8,-3.685732,11.00182
8241,3.378665,-9.8,-3.685732,11.00182
8242,3.378665,-9.8,-3.685732,11.00182
8243,3.378665,-9.8,-3.685732,11.00182
8244,3.378665,-9.8,-3.685732,11.00182
8245,3.378665,-9.8,-3.685732,11.00182
8246,3.378665,-9.8,-3.685732,11.00182
8247,3.378665,-9.8,-3.685732,11.00182
8248,3.378665,-9.8,-3.685732,11.00182
8249,3.378665,-9.8,-3.685732,11.00182
8250,3.378665,-9.8,-3.685732,11.00182
8251,3.378665,-9.8,-3.685732,11.00182
8252,3.378665,-9.8,-3.685732,11.00182
8253,3.378665,-9.8,-3.685732,11.00182
8254,3.378665,-9.8,-3.685732,11.00182
8255,3.378665,-9.8,-3.685732,11.00182
8256,3.378665,-9.8,-3.685732,11.00182
8257,3.378665,-9.8,-3.685732,11.00182
8258,3.378665,-9.8,-3.685732,11.00182
8259,3.378665,-9.8,-3.685732,11.00182
8260,3.378665,-9.8,-3.685732,11.00182
8261,3.378665,-9.8,-3.685732,11.00182
8262,3.378665,-9.8,-3.685732,11.00182
8263,3.378665,-9.8,-3.685732,11.00182
8264,3.378665,-9.8,-3.685732,11.00182
8265,3.378665,-9.8,-3.685732,11.00182
8266,3.378665,-9.8,-3.685732,11.00182
8267,3.378665,-9.8,-3.685732,11.00182
8268,3.378665,-9.8,-3.685732,11.00182
8269,3.378665,-9.8,-3.685732,11.00182
8270,3.378665,-9.8,-3.685732,11.00182
8271,3.378665,-9.8,-3.685732,11.00182
8272,3.378665,-9.8,-3.685732,11.00182
8273,3.378665,-9.8,-3.685732,11.00182
8274,3.378665,-9.8,-3.685732,11.00182
8275,3.378665,-9.8,-3.685732,11.00182
8276,3.378665,-9.8,-3.685732,11.00182
8277,3.378665,-9.8,-3.685732,11.00182
8278,3.378665,-9.8,-3.685732,11.00182
8279,3.378665,-9.8,-3.685732,11.00182
8280,3.378665,-9.8,-3.685732,11.00182
8281,3.378665,-9.8,-3.685732,11.00182
8282,3.378665,-9.8,-3.685732,11.00182
8283,3.378665,-9.8,-3.685732,11.00182
8284,3.378665,-9.8,-3.685732,11.00182
8285,3.378665,-9.8,-3.685732,11.00182
8286,3.378665,-9.8,-3.685732,11.00182
8287,3.378665,-9.8,-3.685732,11.00182
8288,3.378665,-9.8,-3.685732,11.00182
8289,3.378665,-9.8,-3.685732,11.00182
8290,3.378665,-9.8,-3.685732,11.00182
8291,3.378665,-9.8,-3.685732,11.00182
8292,3.378665,-9.8,-3.685732,11.00182
8293,3.378665,-9.8,-3.685732,11.00182
8294,3.378665,-9.8,-3.685732,11.00182
8295,3.378665,-9.8,-3.685732,11.00182
8296,3.378665,-9.8,-3.685732,11.00182
8297,3.378665,-9.8,-3.685732,11.00182
8298,3.378665,-9.8,-3.685732,11.00182
8299,3.378665,-9.8,-3.685732,11.00182
8300,3.378665,-9.8,-3.685732,11.00182
8301,3.378665,-9.8,-3.685732,11.00182
8302,3.378665,-9.8,-3.685732,11.00182
8303,3.378665,-9.8,-3.685732,11.00182
8304,3.378665,-9.8,-3.685732,11.00182
8305,3.378665,-9.8,-3.685732,11.00182
8306,3.378665,-9.8,-3.685732,11.00182
8307,3.378665,-9.8,-3.685732,11.00182
8308,3.378665,-9.8,-3.685732,11.00182
8309,3.378665,-9.8,-3.685732,11.00182
8310,3.378665,-9.8,-3.685732,11.00182
8311,3.378665,-9.8,-3.685732,11.00182
8312,3.378665,-9.8,-3.685732,11.00182
8313,3.378665,-9.8,-3.685732,11.00182
8314,3.378665,-9.8,-3.685732,11.00182
8315,3.378665,-9.8,-3.685732,11.00182
8316,3.378665,-9.8,-3.685732,11.00182
8317,3.378665,-9.8,-3.685732,11.00182
8318,3.378665,-9.8,-3.685732,11.00182
8319,3.378665,-9.8,-3.685732,11.00182
8320,3.378665,-9.8,-3.685732,11.00182
8321,3.378665,-9.8,-3.685732,11.00182
8322,3.378665,-9.8,-3.685732,11.00182
8323,3.378665,-9.8,-3.685732,11.00182
8324,3.378665,-9.8,-3.685732,11.00182
8325,3.378665,-9.8,-3.685732,11.00182
8326,3.378665,-9.8,-3.685732,11.00182
8327,3.378665,-9.8,-3.685732,11.00182
8328,3.378665,-9.8,-3.685732,11.00182
8329,3.378665,-9.8,-3.685732,11.00182
8330,3.378665,-9.8,-3.685732,11.00182
8331,3.378665,-9.8,-3.685732,11.00182
8332,3.378665,-9.8,-3.685732,11.00182
8333,3.378665,-9.8,-3.685732,11.00182
8334,3.378665,-9.8,-3.685732,11.00182
8335,3.378665,-9.8,-3.685732,11.00182
8336,3.378665,-9.8,-3.685732,11.00182
8337,3.378665,-9.8,-3.685732,11.00182
8338,3.378665,-9.8,-3.685732,11.00182
8339,3.378665,-9.8,-3.685732,11.00182
8340,3.378665,-9.8,-3.685732,11.00182
8341,3.378665,-9.8,-3.685732,11.00182
8342,3.378665,-9.8,-3.685732,11.00182
8343,3.378665,-9.8,-3.685732,11.00182
8344,3.378665,-9.8,-3.685732,11.00182
8345,3.378665,-9.8,-3.685732,11.00182
8346,3.378665,-9.8,-3.685732,11.00182
8347,3.378665,-9.8,-3.685732,11.00182
8348,3.378665,-9.8,-3.685732,11.00182
8349,3.378665,-9.8,-3.685732,11.00182
8350,3.378665,-9.8,-3.685732,11.00182
8351,3.378665,-9.8,-3.685732,11.00182
8352,3.378665,-9.8,-3.685732,11.00182
8353,3.378665,-9.8,-3.685732,11.00182
8354,3.378665,-9.8,-3.685732,11.00182
8355,3.378665,-9.8,-3.685732,11.00182
8356,3.378665,-9.8,-3.685732,11.00182
8357,3.378665,-9.8,-3.685732,11.00182
8358,3.378665,-9.8,-3.685732,11.00182
8359,3.378665,-9.8,-3.685732,11.00182
8360,3.378665,-9.8,-3.685732,11.00182
8361,3.378665,-9.8,-3.685732,11.00182
8362,3.378665,-9.8,-3.685732,11.00182
8363,3.378665,-9.8,-3.685732,11.00182
8364,3.378665,-9.8,-3.685732,11.00182
8365,3.378665,-9.8,-3.685732,11.00182
8366,3.378665,-9.8,-3.685732,11.00182
8367,3.378665,-9.8,-3.685732,11.00182
8368,3.378665,-9.8,-3.685732,11.00182
8369,3.378665,-9.8,-3.685732,11.00182
8370,3.378665,-9.8,-3.685732,11.00182
8371,3.378665,-9.8,-3.685732,11.00182
8372,3.378665,-9.8,-3.685732,11.00182
8373,3.378665,-9.8,-3.685732,11.00182
8374,3.378665,-9.8,-3.685732,11.00182
8375,3.378665,-9.8,-3.685732,11.00182
8376,3.378665,-9.8,-3.685732,11.00182
8377,3.378665,-9.8,-3.685732,11.00182
8378,3.378665,-9.8,-3.685732,11.00182
8379,3.378665,-9.8,-3.685732,11.00182
8380,3.378665,-9.8,-3.685732,11.00182
8381,3.378665,-9.8,-3.685732,11.00182
8382,3.378665,-9.8,-3.685732,11.00182
8383,3.378665,-9.8,-3.685732,11.00182
8384,3.378665,-9.8,-3.685732,11.00182
8385,3.378665,-9.8,-3.685732,11.00182
8386,3.378665,-9.8,-3.685732,11.00182
8387,3.378665,-9.8,-3.685732,11.00182
8388,3.378665,-9.8,-3.685732,11.00182
8389,3.378665,-9.8,-3.685732,11.00182
8390,3.378665,-9.8,-3.685732,11.00182
8391,3.378665,-9.8,-3.685732,11.00182
8392,3.378665,-9.8,-3.685732,11.00182
8393,3.378665,-9.8,-3.685732,11.00182
8394,3.378665,-9.8,-3.685732,11.00182
8395,3.378665,-9.8,-3.685732,11.00182
8396,3.378665,-9.8,-3.685732,11.00182
8397,3.378665,-9.8,-3.685732,11.00182
8398,3.378665,-9.8,-3.685732,11.00182
8399,3.378665,-9.8,-3.685732,11.00182
8400,3.378665,-9.8,-3.685732,11.00182
8401,3.378665,-9.8,-3.685732,11.00182
8402,3.378665,-9.8,-3.685732,11.00182
8403,3.378665,-9.8,-3.685732,11.00182
8404,3.378665,-9.8,-3.685732,11.00182
8405,3.378665,-9.8,-3.685732,11.00182
8406,3.378665,-9.8,-3.685732,11.00182
8407,3.378665,-9.8,-3.685732,11.00182
8408,3.378665,-9.8,-3.685732,11.00182
8409,3.378665,-9.8,-3.685732,11.00182
8410,3.378665,-9.8,-3.685732,11.00182
8411,3.378665,-9.8,-3.685732,11.00182
8412,3.378665,-9.8,-3.685732,11.00182
8413,3.378665,-9.8,-3.685732,11.00182
8414,3.378665,-9.8,-3.685732,11.00182
8415,3.378665,-9.8,-3.685732,11.00182
8416,3.378665,-9.8,-3.685732,11.00182
8417,3.378665,-9.8,-3.685732,11.00182
8418,3.378665,-9.8,-3.685732,11.00182
8419,3.378665,-9.8,-3.685732,11.00182
8420,3.378665,-9.8,-3.685732,11.00182
8421,3.378665,-9.8,-3.685732,11.00182
8422,3.378665,-9.8,-3.685732,11.00182
8423,3.378665,-9.8,-3.685732,11.00182
8424,3.378665,-9.8,-3.685732,11.00182
8425,3.378665,-9.8,-3.685732,11.00182
8426,3.378665,-9.8,-3.685732,11.00182
8427,3.378665,-9.8,-3.685732,11.00182
8428,3.378665,-9.8,-3.685732,11.00182
8429,3.378665,-9.8,-3.685732,11.00182
8430,3.378665,-9.8,-3.685732,11.00182
8431,3.378665,-9.8,-3.685732,11.00182
8432,3.378665,-9.8,-3.685732,11.00182
8433,3.378665,-9.8,-3.685732,11.00182
8434,3.378665,-9.8,-3.685732,11.00182
8435,3.378665,-9.8,-3.685732,11.00182
8436,3.378665,-9.8,-3.685732,11.00182
8437,3.378665,-9.8,-3.685732,11.00182
8438,3.378665,-9.8,-3.685732,11.00182
8439,3.378665,-9.8,-3.685732,11.00182
8440,3.378665,-9.8,-3.685732,11.00182
8441,3.378665,-9.8,-3.685732,11.00182
8442,3.378665,-9.8,-3.685732,11.00182
8443,3.378665,-9.8,-3.685732,11.00182
8444,3.378665,-9.8,-3.685732,11.00182
8445,3.378665,-9.8,-3.685732,11.00182
8446,3.378665,-9.8,-3.685732,11.00182
8447,3.378665,-9.8,-3.685732,11.00182
8448,3.378665,-9.8,-3.685732,11.00182
8449,3.378665,-9.8,-3.685732,11.00182
8450,3.378665,-9.8,-3.685732,11.00182
8451,3.378665,-9.8,-3.685732,11.00182
8452,3.378665,-9.8,-3.685732,11.00182
8453,3.378665,-9.8,-3.685732,11.00182
8454,3.378665,-9.8,-3.685732,11.00182
8455,3.378665,-9.8,-3.685732,11.00182
8456,3.378665,-9.8,-3.685732,11.00182
8457,3.378665,-9.8,-3.685732,11.00182
8458,3.378665,-9.8,-3.685732,11.00182
8459,3.378665,-9.8,-3.685732,11.00182
8460,3.378665,-9.8,-3.685732,11.00182
8461,3.378665,-9.8,-3.685732,11.00182
8462,3.378665,-9.8,-3.685732,11.00182
8463,3.378665,-9.8,-3.685732,11.00182
8464,3.378665,-9.8,-3.685732,11.00182
8465,3.378665,-9.8,-3.685732,11.00182
8466,3.378665,-9.8,-3.685732,11.00182
8467,3.378665,-9.8,-3.685732,11.00182
8468,3.378665,-9.8,-3.685732,11.00182
8469,3.378665,-9.8,-3.685732,11.00182
8470,3.378665,-9.8,-3.685732,11.00182
8471,3.378665,-9.8,-3.685732,11.00182
8472,3.378665,-9.8,-3.685732,11.00182
8473,3.378665,-9.8,-3.685732,11.00182
8474,3.378665,-9.8,-3.685732,11.00182
8475,3.378665,-9.8,-3.685732,11.00182
8476,3.378665,-9.8,-3.685732,11.00182
8477,3.378665,-9.8,-3.685732,11.00182
8478,3.378665,-9.8,-3.685732,11.00182
8479,3.378665,-9.8,-3.685732,11.00182
8480,3.378665,-9.8,-3.685732,11.00182
8481,3.378665,-9.8,-3.685732,11.00182
8482,3.378665,-9.8,-3.685732,11.00182
8483,3.378665,-9.8,-3.685732,11.00182
8484,3.378665,-9.8,-3.685732,11.00182
8485,3.378665,-9.8,-3.685732,11.00182
8486,3.378665,-9.8,-3.685732,11.00182
8487,3.378665,-9.8,-3.685732,11.00182
8488,3.378665,-9.8,-3.685732,11.00182
8489,3.378665,-9.8,-3.685732,11.00182
8490,3.378665,-9.8,-3.685732,11.00182
8491,3.378665,-9.8,-3.685732,11.00182
8492,3.378665,-9.8,-3.685732,11.00182
8493,3.378665,-9.8,-3.685732,11.00182
8494,3.378665,-9.8,-3.685732,11.00182
8495,3.378665,-9.8,-3.685732,11.00182
8496,3.378665,-9.8,-3.685732,11.00182
8497,3.378665,-9.8,-3.685732,11.00182
8498,3.378665,-9.8,-3.685732,11.00182
8499,3.378665,-9.8,-3.685732,11.00182
8500,3.378665,-9.8,-3.685732,11.00182
8501,3.378665,-9.8,-3.685732,11.00182
8502,3.378665,-9.8,-3.685732,11.00182
8503,3.378665,-9.8,-3.685732,11.00182
8504,3.378665,-9.8,-3.685732,11.00182
8505,3.378665,-9.8,-3.685732,11.00182
8506,3.378665,-9.8,-3.685732,11.00182
8507,3.378665,-9.8,-3.685732,11.00182
8508,3.378665,-9.8,-3.685732,11.00182
8509,3.378665,-9.8,-3.685732,11.00182
8510,3.378665,-9.8,-3.685732,11.00182
8511,3.378665,-9.8,-3.685732,11.00182
8512,3.378665,-9.8,-3.685732,11.00182
8513,3.378665,-9.8,-3.685732,11.00182
8514,3.378665,-9.8,-3.685732,11.00182
8515,3.378665,-9.8,-3.685732,11.00182
8516,3.378665,-9.8,-3.685732,11.00182
8517,3.378665,-9.8,-3.685732,11.00182
8518,3.378665,-9.8,-3.685732,11.00182
8519,3.378665,-9.8,-3.685732,11.00182
8520,3.378665,-9.8,-3.685732,11.00182
8521,3.378665,-9.8,-3.685732,11.00182
8522,3.378665,-9.8,-3.685732,11.00182
8523,3.378665,-9.8,-3.685732,11.00182
8524,3.378665,-9.8,-3.685732,11.00182
8525,3.378665,-9.8,-3.685732,11.00182
8526,3.378665,-9.8,-3.685732,11.00182
8527,3.378665,-9.8,-3.685732,11.00182
8528,3.378665,-9.8,-3.685732,11.00182
8529,3.378665,-9.8,-3.685732,11.00182
8530,3.378665,-9.8,-3.685732,11.00182
8531,3.378665,-9.8,-3.685732,11.00182
8532,3.378665,-9.8,-3.685732,11.00182
8533,3.378665,-9.8,-3.685732,11.00182
8534,3.378665,-9.8,-3.685732,11.00182
8535,3.378665,-9.8,-3.685732,11.00182
8536,3.378665,-9.8,-3.685732,11.00182
8537,3.378665,-9.8,-3.685732,11.00182
8538,3.378665,-9.8,-3.685732,11.00182
8539,3.378665,-9.8,-3.685732,11.00182
8540,3.378665,-9.8,-3.685732,11.00182
8541,3.378665,-9.8,-3.685732,11.00182
8542,3.378665,-9.8,-3.685732,11.00182
8543,3.378665,-9.8,-3.685732,11.00182
8544,3.378665,-9.8,-3.685732,11.00182
8545,3.378665,-9.8,-3.685732,11.00182
8546,3.378665,-9.8,-3.685732,11.00182
8547,3.378665,-9.8,-3.685732,11.00182
8548,3.378665,-9.8,-3.685732,11.00182
8549,3.378665,-9.8,-3.685732,11.00182
8550,3.378665,-9.8,-3.685732,11.00182
8551,3.378665,-9.8,-3.685732,11.00182
8552,3.378665,-9.8,-3.685732,11.00182
8553,3.378665,-9.8,-3.685732,11.00182
8554,3.378665,-9.8,-3.685732,11.00182
8555,3.378665,-9.8,-3.685732,11.00182
8556,3.378665,-9.8,-3.685732,11.00182
8557,3.378665,-9.8,-3.685732,11.00182
8558,3.378665,-9.8,-3.685732,11.00182
8559,3.378665,-9.8,-3.685732,11.00182
8560,3.378665,-9.8,-3.685732,11.00182
8561,3.378665,-9.8,-3.685732,11.00182
8562,3.378665,-9.8,-3.685732,11.00182
8563,3.378665,-9.8,-3.685732,11.00182
8564,3.378665,-9.8,-3.685732,11.00182
8565,3.378665,-9.8,-3.685732,11.00182
8566,3.378665,-9.8,-3.685732,11.00182
8567,3.378665,-9.8,-3.685732,11.00182
8568,3.378665,-9.8,-3.685732,11.00182
8569,3.378665,-9.8,-3.685732,11.00182
8570,3.378665,-9.8,-3.685732,11.00182
8571,3.378665,-9.8,-3.685732,11.00182
8572,3.378665,-9.8,-3.685732,11.00182
8573,3.378665,-9.8,-3.685732,11.00182
8574,3.378665,-9.8,-3.685732,11.00182
8575,3.378665,-9.8,-3.685732,11.00182
8576,3.378665,-9.8,-3.685732,11.00182
8577,3.378665,-9.8,-3.685732,11.00182
8578,3.378665,-9.8,-3.685732,11.00182
8579,3.378665,-9.8,-3.685732,11.00182
8580,3.378665,-9.8,-3.685732,11.00182
8581,3.378665,-9.8,-3.685732,11.00182
8582,3.378665,-9.8,-3.685732,11.00182
8583,3.378665,-9.8,-3.685732,11.00182
8584,3.378665,-9.8,-3.685732,11.00182
8585,3.378665,-9.8,-3.685732,11.00182
8586,3.378665,-9.8,-3.685732,11.00182
8587,3.378665,-9.8,-3.685732,11.00182
8588,3.378665,-9.8,-3.685732,11.00182
8589,3.378665,-9.8,-3.685732,11.00182
8590,3.378665,-9.8,-3.685732,11.00182
8591,3.378665,-9.8,-3.685732,11.00182
8592,3.378665,-9.8,-3.685732,11.00182
8593,3.378665,-9.8,-3.685732,11.00182
8594,3.378665,-9.8,-3.685732,11.00182
8595,3.378665,-9.8,-3.685732,11.00182
8596,3.378665,-9.8,-3.685732,11.00182
8597,3.378665,-9.8,-3.685732,11.00182
8598,3.378665,-9.8,-3.685732,11.00182
8599,3.378665,-9.8,-3.685732,11.00182
8600,3.378665,-9.8,-3.685732,11.00182
8601,3.378665,-9.8,-3.685732,11.00182
8602,3.378665,-9.8,-3.685732,11.00182
8603,3.378665,-9.8,-3.685732,11.00182
8604,3.378665,-9.8,-3.685732,11.00182
8605,3.378665,-9.8,-3.685732,11.00182
8606,3.378665,-9.8,-3.685732,11.00182
8607,3.378665,-9.8,-3.685732,11.00182
8608,3.378665,-9.8,-3.685732,11.00182
8609,3.378665,-9.8,-3.685732,11.00182
8610,3.378665,-9.8,-3.685732,11.00182
8611,3.378665,-9.8,-3.685732,11.00182
8612,3.378665,-9.8,-3.685732,11.00182
8613,3.378665,-9.8,-3.685732,11.00182
8614,3.378665,-9.8,-3.685732,11.00182
8615,3.378665,-9.8,-3.685732,11.00182
8616,3.378665,-9.8,-3.685732,11.00182
8617,3.378665,-9.8,-3.685732,11.00182
8618,3.378665,-9.8,-3.685732,11.00182
8619,3.378665,-9.8,-3.685732,11.00182
8620,3.378665,-9.8,-3.685732,11.00182
8621,3.378665,-9.8,-3.685732,11.00182
8622,3.378665,-9.8,-3.685732,11.00182
8623,3.378665,-9.8,-3.685732,11.00182
8624,3.378665,-9.8,-3.685732,11.00182
8625,3.378665,-9.8,-3.685732,11.00182
8626,3.378665,-9.8,-3.685732,11.00182
8627,3.378665,-9.8,-3.685732,11.00182
8628,3.378665,-9.8,-3.685732,11.00182
8629,3.378665,-9.8,-3.685732,11.00182
8630,3.378665,-9.8,-3.685732,11.00182
8631,3.378665,-9.8,-3.685732,11.00182
8632,3.378665,-9.8,-3.685732,11.00182
8633,3.378665,-9.8,-3.685732,11.00182
8634,3.378665,-9.8,-3.685732,11.00182
8635,3.378665,-9.8,-3.685732,11.00182
8636,3.378665,-9.8,-3.685732,11.00182
8637,3.378665,-9.8,-3.685732,11.00182
8638,3.378665,-9.8,-3.685732,11.00182
8639,3.378665,-9.8,-3.685732,11.00182
8640,3.378665,-9.8,-3.685732,11.00182
8641,3.378665,-9.8,-3.685732,11.00182
8642,3.378665,-9.8,-3.685732,11.00182
8643,3.378665,-9.8,-3.685732,11.00182
8644,3.378665,-9.8,-3.685732,11.00182
8645,3.378665,-9.8,-3.685732,11.00182
8646,3.378665,-9.8,-3.685732,11.00182
8647,3.378665,-9.8,-3.685732,11.00182
8648,3.378665,-9.8,-3.685732,11.00182
8649,3.378665,-9.8,-3.685732,11.00182
8650,3.378665,-9.8,-3.685732,11.00182
8651,3.378665,-9.8,-3.685732,11.00182
8652,3.378665,-9.8,-3.685732,11.00182
8653,3.378665,-9.8,-3.685732,11.00182
8654,3.378665,-9.8,-3.685732,11.00182
8655,3.378665,-9.8,-3.685732,11.00182
8656,3.378665,-9.8,-3.685732,11.00182
8657,3.378665,-9.8,-3.685732,11.00182
8658,3.378665,-9.8,-3.685732,11.00182
8659,3.378665,-9.8,-3.685732,11.00182
8660,3.378665,-9.8,-3.685732,11.00182
8661,3.378665,-9.8,-3.685732,11.00182
8662,3.378665,-9.8,-3.685732,11.00182
8663,3.378665,-9.8,-3.685732,11.00182
8664,3.378665,-9.8,-3.685732,11.00182
8665,3.378665,-9.8,-3.685732,11.00182
8666,3.378665,-9.8,-3.685732,11.00182
8667,3.378665,-9.8,-3.685732,11.00182
8668,3.378665,-9.8,-3.685732,11.00182
8669,3.378665,-9.8,-3.685732,11.00182
8670,3.378665,-9.8,-3.685732,11.00182
8671,3.378665,-9.8,-3.685732,11.00182
8672,3.378665,-9.8,-3.685732,11.00182
8673,3.378665,-9.8,-3.685732,11.00182
8674,3.378665,-9.8,-3.685732,11.00182
8675,3.378665,-9.8,-3.685732,11.00182
8676,3.378665,-9.8,-3.685732,11.00182
8677,3.378665,-9.8,-3.685732,11.00182
8678,3.378665,-9.8,-3.685732,11.00182
8679,3.378665,-9.8,-3.685732,11.00182
8680,3.378665,-9.8,-3.685732,11.00182
8681,3.378665,-9.8,-3.685732,11.00182
8682,3.378665,-9.8,-3.685732,11.00182
8683,3.378665,-9.8,-3.685732,11.00182
8684,3.378665,-9.8,-3.685732,11.00182
8685,3.378665,-9.8,-3.685732,11.00182
8686,3.378665,-9.8,-3.685732,11.00182
8687,3.378665,-9.8,-3.685732,11.00182
8688,3.378665,-9.8,-3.685732,11.00182
8689,3.378665,-9.8,-3.685732,11.00182
8690,3.378665,-9.8,-3.685732,11.00182
8691,3.378665,-9.8,-3.685732,11.00182
8692,3.378665,-9.8,-3.685732,11.00182
8693,3.378665,-9.8,-3.685732,11.00182
8694,3.378665,-9.8,-3.685732,11.00182
8695,3.378665,-9.8,-3.685732,11.00182
8696,3.378665,-9.8,-3.685732,11.00182
8697,3.378665,-9.8,-3.685732,11.00182
8698,3.378665,-9.8,-3.685732,11.00182
8699,3.378665,-9.8,-3.685732,11.00182
8700,3.378665,-9.8,-3.685732,11.00182
8701,3.378665,-9.8,-3.685732,11.00182
8702,3.378665,-9.8,-3.685732,11.00182
8703,3.378665,-9.8,-3.685732,11.00182
8704,3.378665,-9.8,-3.685732,11.00182
8705,3.378665,-9.8,-3.685732,11.00182
8706,3.378665,-9.8,-3.685732,11.00182
8707,3.378665,-9.8,-3.685732,11.00182
8708,3.378665,-9.8,-3.685732,11.00182
8709,3.378665,-9.8,-3.685732,11.00182
8710,3.378665,-9.8,-3.685732,11.00182
8711,3.378665,-9.8,-3.685732,11.00182
8712,3.378665,-9.8,-3.685732,11.00182
8713,3.378665,-9.8,-3.685732,11.00182
8714,3.378665,-9.8,-3.685732,11.00182
8715,3.378665,-9.8,-3.685732,11.00182
8716,3.378665,-9.8,-3.685732,11.00182
8717,3.378665,-9.8,-3.685732,11.00182
8718,3.378665,-9.8,-3.685732,11.00182
8719,3.378665,-9.8,-3.685732,11.00182
8720,3.378665,-9.8,-3.685732,11.00182
8721,3.378665,-9.8,-3.685732,11.00182
8722,3.378665,-9.8,-3.685732,11.00182
8723,3.378665,-9.8,-3.685732,11.00182
8724,3.378665,-9.8,-3.685732,11.00182
8725,3.378665,-9.8,-3.685732,11.00182
8726,3.378665,-9.8,-3.685732,11.00182
8727,3.378665,-9.8,-3.685732,11.00182
8728,3.378665,-9.8,-3.685732,11.00182
8729,3.378665,-9.8,-3.685732,11.00182
8730,3.378665,-9.8,-3.685732,11.00182
8731,3.378665,-9.8,-3.685732,11.00182
8732,3.378665,-9.8,-3.685732,11.00182
8733,3.378665,-9.8,-3.685732,11.00182
8734,3.378665,-9.8,-3.685732,11.00182
8735,3.378665,-9.8,-3.685732,11.00182
8736,3.378665,-9.8,-3.685732,11.00182
8737,3.378665,-9.8,-3.685732,11.00182
8738,3.378665,-9.8,-3.685732,11.00182
8739,3.378665,-9.8,-3.685732,11.00182
8740,3.378665,-9.8,-3.685732,11.00182
8741,3.378665,-9.8,-3.685732,11.00182
8742,3.378665,-9.8,-3.685732,11.00182
8743,3.378665,-9.8,-3.685732,11.00182
8744,3.378665,-9.8,-3.685732,11.00182
8745,3.378665,-9.8,-3.685732,11.00182
8746,3.378665,-9.8,-3.685732,11.00182
8747,3.378665,-9.8,-3.685732,11.00182
8748,3.378665,-9.8,-3.685732,11.00182
8749,3.378665,-9.8,-3.685732,11.00182
8750,3.378665,-9.8,-3.685732,11.00182
8751,3.378665,-9.8,-3.685732,11.00182
8752,3.378665,-9.8,-3.685732,11.00182
8753,3.378665,-9.8,-3.685732,11.00182
8754,3.378665,-9.8,-3.685732,11.00182
8755,3.378665,-9.8,-3.685732,11.00182
8756,3.378665,-9.8,-3.685732,11.00182
8757,3.378665,-9.8,-3.685732,11.00182
8758,3.378665,-9.8,-3.685732,11.00182
8759,3.378665,-9.8,-3.685732,11.00182
8760,3.378665,-9.8,-3.685732,11.00182
8761,3.378665,-9.8,-3.685732,11.00182
8762,3.378665,-9.8,-3.685732,11.00182
8763,3.378665,-9.8,-3.685732,11.00182
8764,3.378665,-9.8,-3.685732,11.00182
8765,3.378665,-9.8,-3.685732,11.00182
8766,3.378665,-9.8,-3.685732,11.00182
8767,3.378665,-9.8,-3.685732,11.00182
8768,3.378665,-9.8,-3.685732,11.00182
8769,3.378665,-9.8,-3.685732,11.00182
8770,3.378665,-9.8,-3.685732,11.00182
8771,3.378665,-9.8,-3.685732,11.00182
8772,3.378665,-9.8,-3.685732,11.00182
8773,3.378665,-9.8,-3.685732,11.00182
8774,3.378665,-9.8,-3.685732,11.00182
8775,3.378665,-9.8,-3.685732,11.00182
8776,3.378665,-9.8,-3.685732,11.00182
8777,3.378665,-9.8,-3.685732,11.00182
8778,3.378665,-9.8,-3.685732,11.00182
8779,3.378665,-9.8,-3.685732,11.00182
8780,3.378665,-9.8,-3.685732,11.00182
8781,3.378665,-9.8,-3.685732,11.00182
8782,3.378665,-9.8,-3.685732,11.00182
8783,3.378665,-9.8,-3.685732,11.00182
8784,3.378665,-9.8,-3.685732,11.00182
8785,3.378665,-9.8,-3.685732,11.00182
8786,3.378665,-9.8,-3.685732,11.00182
8787,3.378665,-9.8,-3.685732,11.00182
8788,3.378665,-9.8,-3.685732,11.00182
8789,3.378665,-9.8,-3.685732,11.00182
8790,3.378665,-9.8,-3.685732,11.00182
8791,3.378665,-9.8,-3.685732,11.00182
8792,3.378665,-9.8,-3.685732,11.00182
8793,3.378665,-9.8,-3.685732,11.00182
8794,3.378665,-9.8,-3.685732,11.00182
8795,3.378665,-9.8,-3.685732,11.00182
8796,3.378665,-9.8,-3.685732,11.00182
8797,3.378665,-9.8,-3.685732,11.00182
8798,3.378665,-9.8,-3.685732,11.00182
8799,3.378665,-9.8,-3.685732,11.00182
8800,3.378665,-9.8,-3.685732,11.00182
8801,3.378665,-9.8,-3.685732,11.00182
8802,3.378665,-9.8,-3.685732,11.00182
8803,3.378665,-9.8,-3.685732,11.00182
8804,3.378665,-9.8,-3.685732,11.00182
8805,3.378665,-9.8,-3.685732,11.00182
8806,3.378665,-9.8,-3.685732,11.00182
8807,3.378665,-9.8,-3.685732,11.00182
8808,3.378665,-9.8,-3.685732,11.00182
8809,3.378665,-9.8,-3.685732,11.00182
8810,3.378665,-9.8,-3.685732,11.00182
8811,3.378665,-9.8,-3.685732,11.00182
8812,3.378665,-9.8,-3.685732,11.00182
8813,3.378665,-9.8,-3.685732,11.00182
8814,3.378665,-9.8,-3.685732,11.00182
8815,3.378665,-9.8,-3.685732,11.00182
8816,3.378665,-9.8,-3.685732,11.00182
8817,3.378665,-9.8,-3.685732,11.00182
8818,3.378665,-9.8,-3.685732,11.00182
8819,3.378665,-9.8,-3.685732,11.00182
8820,3.378665,-9.8,-3.685732,11.00182
8821,3.378665,-9.8,-3.685732,11.00182
8822,3.378665,-9.8,-3.685732,11.00182
8823,3.378665,-9.8,-3.685732,11.00182
8824,3.378665,-9.8,-3.685732,11.00182
8825,3.378665,-9.8,-3.685732,11.00182
8826,3.378665,-9.8,-3.685732,11.00182
8827,3.378665,-9.8,-3.685732,11.00182
8828,3.378665,-9.8,-3.685732,11.00182
8829,3.378665,-9.8,-3.685732,11.00182
8830,3.378665,-9.8,-3.685732,11.00182
8831,3.378665,-9.8,-3.685732,11.00182
8832,3.378665,-9.8,-3.685732,11.00182
8833,3.378665,-9.8,-3.685732,11.00182
8834,3.378665,-9.8,-3.685732,11.00182
8835,3.378665,-9.8,-3.685732,11.00182
8836,3.378665,-9.8,-3.685732,11.00182
8837,3.378665,-9.8,-3.685732,11.00182
8838,3.378665,-9.8,-3.685732,11.00182
8839,3.378665,-9.8,-3.685732,11.00182
8840,3.378665,-9.8,-3.685732,11.00182
8841,3.378665,-9.8,-3.685732,11.00182
8842,3.378665,-9.8,-3.685732,11.00182
8843,3.378665,-9.8,-3.685732,11.00182
8844,3.378665,-9.8,-3.685732,11.00182
8845,3.378665,-9.8,-3.685732,11.00182
8846,3.378665,-9.8,-3.685732,11.00182
8847,3.378665,-9.8,-3.685732,11.00182
8848,3.378665,-9.8,-3.685732,11.00182
8849,3.378665,-9.8,-3.685732,11.00182
8850,3.378665,-9.8,-3.685732,11.00182
8851,3.378665,-9.8,-3.685732,11.00182
8852,3.378665,-9.8,-3.685732,11.00182
8853,3.378665,-9.8,-3.685732,11.00182
8854,3.378665,-9.8,-3.685732,11.00182
8855,3.378665,-9.8,-3.685732,11.00182
8856,3.378665,-9.8,-3.685732,11.00182
8857,3.378665,-9.8,-3.685732,11.00182
8858,3.378665,-9.8,-3.685732,11.00182
8859,3.378665,-9.8,-3.685732,11.00182
8860,3.378665,-9.8,-3.685732,11.00182
8861,3.378665,-9.8,-3.685732,11.00182
8862,3.378665,-9.8,-3.685732,11.00182
8863,3.378665,-9.8,-3.685732,11.00182
8864,3.378665,-9.8,-3.685732,11.00182
8865,3.378665,-9.8,-3.685732,11.00182
8866,3.378665,-9.8,-3.685732,11.00182
8867,3.378665,-9.8,-3.685732,11.00182
8868,3.378665,-9.8,-3.685732,11.00182
8869,3.378665,-9.8,-3.685732,11.00182
8870,3.378665,-9.8,-3.685732,11.00182
8871,3.378665,-9.8,-3.685732,11.00182
8872,3.378665,-9.8,-3.685732,11.00182
8873,3.378665,-9.8,-3.685732,11.00182
8874,3.378665,-9.8,-3.685732,11.00182
8875,3.378665,-9.8,-3.685732,11.00182
8876,3.378665,-9.8,-3.685732,11.00182
8877,3.378665,-9.8,-3.685732,11.00182
8878,3.378665,-9.8,-3.685732,11.00182
8879,3.378665,-9.8,-3.685732,11.00182
8880,3.378665,-9.8,-3.685732,11.00182
8881,3.378665,-9.8,-3.685732,11.00182
8882,3.378665,-9.8,-3.685732,11.00182
8883,3.378665,-9.8,-3.685732,11.00182
8884,3.378665,-9.8,-3.685732,11.00182
8885,3.378665,-9.8,-3.685732,11.00182
8886,3.378665,-9.8,-3.685732,11.00182
8887,3.378665,-9.8,-3.685732,11.00182
8888,3.378665,-9.8,-3.685732,11.00182
8889,3.378665,-9.8,-3.685732,11.00182
8890,3.378665,-9.8,-3.685732,11.00182
8891,3.378665,-9.8,-3.685732,11.00182
8892,3.378665,-9.8,-3.685732,11.00182
8893,3.378665,-9.8,-3.685732,11.00182
8894,3.378665,-9.8,-3.685732,11.00182
8895,3.378665,-9.8,-3.685732,11.00182
8896,3.378665,-9.8,-3.685732,11.00182
8897,3.378665,-9.8,-3.685732,11.00182
8898,3.378665,-9.8,-3.685732,11.00182
8899,3.378665,-9.8,-3.685732,11.00182
8900,3.378665,-9.8,-3.685732,11.00182
8901,3.378665,-9.8,-3.685732,11.00182
8902,3.378665,-9.8,-3.685732,11.00182
8903,3.378665,-9.8,-3.685732,11.00182
8904,3.378665,-9.8,-3.685732,11.00182
8905,3.378665,-9.8,-3.685732,11.00182
8906,3.378665,-9.8,-3.685732,11.00182
8907,3.378665,-9.8,-3.685732,11.00182
8908,3.378665,-9.8,-3.685732,11.00182
8909,3.378665,-9.8,-3.685732,11.00182
8910,3.378665,-9.8,-3.685732,11.00182
8911,3.378665,-9.8,-3.685732,11.00182
8912,3.378665,-9.8,-3.685732,11.00182
8913,3.378665,-9.8,-3.685732,11.00182
8914,3.378665,-9.8,-3.685732,11.00182
8915,3.378665,-9.8,-3.685732,11.00182
8916,3.378665,-9.8,-3.685732,11.00182
8917,3.378665,-9.8,-3.685732,11.00182
8918,3.378665,-9.8,-3.685732,11.00182
8919,3.378665,-9.8,-3.685732,11.00182
8920,3.378665,-9.8,-3.685732,11.00182
8921,3.378665,-9.8,-3.685732,11.00182
8922,3.378665,-9.8,-3.685732,11.00182
8923,3.378665,-9.8,-3.685732,11.00182
8924,3.378665,-9.8,-3.685732,11.00182
8925,3.378665,-9.8,-3.685732,11.00182
8926,3.378665,-9.8,-3.685732,11.00182
8927,3.378665,-9.8,-3.685732,11.00182
8928,3.378665,-9.8,-3.685732,11.00182
8929,3.378665,-9.8,-3.685732,11.00182
8930,3.378665,-9.8,-3.685732,11.00182
8931,3.378665,-9.8,-3.685732,11.00182
8932,3.378665,-9.8,-3.685732,11.00182
8933,3.378665,-9.8,-3.685732,11.00182
8934,3.378665,-9.8,-3.685732,11.00182
8935,3.378665,-9.8,-3.685732,11.00182
8936,3.378665,-9.8,-3.685732,11.00182
8937,3.378665,-9.8,-3.685732,11.00182
8938,3.378665,-9.8,-3.685732,11.00182
8939,3.378665,-9.8,-3.685732,11.00182
8940,3.378665,-9.8,-3.685732,11.00182
8941,3.378665,-9.8,-3.685732,11.00182
8942,3.378665,-9.8,-3.685732,11.00182
8943,3.378665,-9.8,-3.685732,11.00182
8944,3.378665,-9.8,-3.685732,11.00182
8945,3.378665,-9.8,-3.685732,11.00182
8946,3.378665,-9.8,-3.685732,11.00182
8947,3.378665,-9.8,-3.685732,11.00182
8948,3.378665,-9.8,-3.685732,11.00182
8949,3.378665,-9.8,-3.685732,11.00182
8950,3.378665,-9.8,-3.685732,11.00182
8951,3.378665,-9.8,-3.685732,11.00182
8952,3.378665,-9.8,-3.685732,11.00182
8953,3.378665,-9.8,-3.685732,11.00182
8954,3.378665,-9.8,-3.685732,11.00182
8955,3.378665,-9.8,-3.685732,11.00182
8956,3.378665,-9.8,-3.685732,11.00182
8957,3.378665,-9.8,-3.685732,11.00182
8958,3.378665,-9.8,-3.685732,11.00182
8959,3.378665,-9.8,-3.685732,11.00182
8960,3.378665,-9.8,-3.685732,11.00182
8961,3.378665,-9.8,-3.685732,11.00182
8962,3.378665,-9.8,-3.685732,11.00182
8963,3.378665,-9.8,-3.685732,11.00182
8964,3.378665,-9.8,-3.685732,11.00182
8965,3.378665,-9.8,-3.685732,11.00182
8966,3.378665,-9.8,-3.685732,11.00182
8967,3.378665,-9.8,-3.685732,11.00182
8968,3.378665,-9.8,-3.685732,11.00182
8969,3.378665,-9.8,-3.685732,11.00182
8970,3.378665,-9.8,-3.685732,11.00182
8971,3.378665,-9.8,-3.685732,11.00182
8972,3.378665,-9.8,-3.685732,11.00182
8973,3.378665,-9.8,-3.685732,11.00182
8974,3.378665,-9.8,-3.685732,11.00182
8975,3.378665,-9.8,-3.685732,11.00182
8976,3.378665,-9.8,-3.685732,11.00182
8977,3.378665,-9.8,-3.685732,11.00182
8978,3.378665,-9.8,-3.685732,11.00182
8979,3.378665,-9.8,-3.685732,11.00182
8980,3.378665,-9.8,-3.685732,11.00182
8981,3.378665,-9.8,-3.685732,11.00182
8982,3.378665,-9.8,-3.685732,11.00182
8983,3.378665,-9.8,-3.685732,11.00182
8984,3.378665,-9.8,-3.685732,11.00182
8985,3.378665,-9.8,-3.685732,11.00182
8986,3.378665,-9.8,-3.685732,11.00182
8987,3.378665,-9.8,-3.685732,11.00182
8988,3.378665,-9.8,-3.685732,11.00182
8989,3.378665,-9.8,-3.685732,11.00182
8990,3.378665,-9.8,-3.685732,11.00182
8991,3.378665,-9.8,-3.685732,11.00182
8992,3.378665,-9.8,-3.685732,11.00182
8993,3.378665,-9.8,-3.685732,11.00182
8994,3.378665,-9.8,-3.685732,11.00182
8995,3.378665,-9.8,-3.685732,11.00182
8996,3.378665,-9.8,-3.685732,11.00182
8997,3.378665,-9.8,-3.685732,11.00182
8998,3.378665,-9.8,-3.685732,11.00182
8999,3.378665,-9.8,-3.685732,11.00182
9000,3.378665,-9.8,-3.685732,11.00182
9001,3.378665,-9.8,-3.685732,11.00182
9002,3.378665,-9.8,-3.685732,11.00182
9003,3.378665,-9.8,-3.685732,11.00182
9004,3.378665,-9.8,-3.685732,11.00182
9005,3.378665,-9.8,-3.685732,11.00182
9006,3.378665,-9.8,-3.685732,11.00182
9007,3.378665,-9.8,-3.685732,11.00182
9008,3.378665,-9.8,-3.685732,11.00182
9009,3.378665,-9.8,-3.685732,11.00182
9010,3.378665,-9.8,-3.685732,11.00182
9011,3.378665,-9.8,-3.685732,11.00182
9012,3.378665,-9.8,-3.685732,11.00182
9013,3.378665,-9.8,-3.685732,11.00182
9014,3.378665,-9.8,-3.685732,11.00182
9015,3.378665,-9.8,-3.685732,11.00182
9016,3.378665,-9.8,-3.685732,11.00182
9017,3.378665,-9.8,-3.685732,11.00182
9018,3.378665,-9.8,-3.685732,11.00182
9019,3.378665,-9.8,-3.685732,11.00182
9020,3.378665,-9.8,-3.685732,11.00182
9021,3.378665,-9.8,-3.685732,11.00182
9022,3.378665,-9.8,-3.685732,11.00182
9023,3.378665,-9.8,-3.685732,11.00182
9024,3.378665,-9.8,-3.685732,11.00182
9025,3.378665,-9.8,-3.685732,11.00182
9026,3.378665,-9.8,-3.685732,11.00182
9027,3.378665,-9.8,-3.685732,11.00182
9028,3.378665,-9.8,-3.685732,11.00182
9029,3.378665,-9.8,-3.685732,11.00182
9030,3.378665,-9.8,-3.685732,11.00182
9031,3.378665,-9.8,-3.685732,11.00182
9032,3.378665,-9.8,-3.685732,11.00182
9033,3.378665,-9.8,-3.685732,11.00182
9034,3.378665,-9.8,-3.685732,11.00182
9035,3.378665,-9.8,-3.685732,11.00182
9036,3.378665,-9.8,-3.685732,11.00182
9037,3.378665,-9.8,-3.685732,11.00182
9038,3.378665,-9.8,-3.685732,11.00182
9039,3.378665,-9.8,-3.685732,11.00182
9040,3.378665,-9.8,-3.685732,11.00182
9041,3.378665,-9.8,-3.685732,11.00182
9042,3.378665,-9.8,-3.685732,11.00182
9043,3.378665,-9.8,-3.685732,11.00182
9044,3.378665,-9.8,-3.685732,11.00182
9045,3.378665,-9.8,-3.685732,11.00182
9046,3.378665,-9.8,-3.685732,11.00182
9047,3.378665,-9.8,-3.685732,11.00182
9048,3.378665,-9.8,-3.685732,11.00182
9049,3.378665,-9.8,-3.685732,11.00182
9050,3.378665,-9.8,-3.685732,11.00182
9051,3.378665,-9.8,-3.685732,11.00182
9052,3.378665,-9.8,-3.685732,11.00182
9053,3.378665,-9.8,-3.685732,11.00182
9054,3.378665,-9.8,-3.685732,11.00182
9055,3.378665,-9.8,-3.685732,11.00182
9056,3.378665,-9.8,-3.685732,11.00182
9057,3.378665,-9.8,-3.685732,11.00182
9058,3.378665,-9.8,-3.685732,11.00182
9059,3.378665,-9.8,-3.685732,11.00182
9060,3.378665,-9.8,-3.685732,11.00182
9061,3.378665,-9.8,-3.685732,11.00182
9062,3.378665,-9.8,-3.685732,11.00182
9063,3.378665,-9.8,-3.685732,11.00182
9064,3.378665,-9.8,-3.685732,11.00182
9065,3.378665,-9.8,-3.685732,11.00182
9066,3.378665,-9.8,-3.685732,11.00182
9067,3.378665,-9.8,-3.685732,11.00182
9068,3.378665,-9.8,-3.685732,11.00182
9069,3.378665,-9.8,-3.685732,11.00182
9070,3.378665,-9.8,-3.685732,11.00182
9071,3.378665,-9.8,-3.685732,11.00182
9072,3.378665,-9.8,-3.685732,11.00182
9073,3.378665,-9.8,-3.685732,11.00182
9074,3.378665,-9.8,-3.685732,11.00182
9075,3.378665,-9.8,-3.685732,11.00182
9076,3.378665,-9.8,-3.685732,11.00182
9077,3.378665,-9.8,-3.685732,11.00182
9078,3.378665,-9.8,-3.685732,11.00182
9079,3.378665,-9.8,-3.685732,11.00182
9080,3.378665,-9.8,-3.685732,11.00182
9081,3.378665,-9.8,-3.685732,11.00182
9082,3.378665,-9.8,-3.685732,11.00182
9083,3.378665,-9.8,-3.685732,11.00182
9084,3.378665,-9.8,-3.685732,11.00182
9085,3.378665,-9.8,-3.685732,11.00182
9086,3.378665,-9.8,-3.685732,11.00182
9087,3.378665,-9.8,-3.685732,11.00182
9088,3.378665,-9.8,-3.685732,11.00182
9089,3.378665,-9.8,-3.685732,11.00182
9090,3.378665,-9.8,-3.685732,11.00182
9091,3.378665,-9.8,-3.685732,11.00182
9092,3.378665,-9.8,-3.685732,11.00182
9093,3.378665,-9.8,-3.685732,11.00182
9094,3.378665,-9.8,-3.685732,11.00182
9095,3.378665,-9.8,-3.685732,11.00182
9096,3.378665,-9.8,-3.685732,11.00182
9097,3.378665,-9.8,-3.685732,11.00182
9098,3.378665,-9.8,-3.685732,11.00182
9099,3.378665,-9.8,-3.685732,11.00182
9100,3.378665,-9.8,-3.685732,11.00182
9101,3.378665,-9.8,-3.685732,11.00182
9102,3.378665,-9.8,-3.685732,11.00182
9103,3.378665,-9.8,-3.685732,11.00182
9104,3.378665,-9.8,-3.685732,11.00182
9105,3.378665,-9.8,-3.685732,11.00182
9106,3.378665,-9.8,-3.685732,11.00182
9107,3.378665,-9.8,-3.685732,11.00182
9108,3.378665,-9.8,-3.685732,11.00182
9109,3.378665,-9.8,-3.685732,11.00182
9110,3.378665,-9.8,-3.685732,11.00182
9111,3.378665,-9.8,-3.685732,11.00182
9112,3.378665,-9.8,-3.685732,11.00182
9113,3.378665,-9.8,-3.685732,11.00182
9114,3.378665,-9.8,-3.685732,11.00182
9115,3.378665,-9.8,-3.685732,11.00182
9116,3.378665,-9.8,-3.685732,11.00182
9117,3.378665,-9.8,-3.685732,11.00182
9118,3.378665,-9.8,-3.685732,11.00182
9119,3.378665,-9.8,-3.685732,11.00182
9120,3.378665,-9.8,-3.685732,11.00182
9121,3.378665,-9.8,-3.685732,11.00182
9122,3.378665,-9.8,-3.685732,11.00182
9123,3.378665,-9.8,-3.685732,11.00182
9124,3.378665,-9.8,-3.685732,11.00182
9125,3.378665,-9.8,-3.685732,11.00182
9126,3.378665,-9.8,-3.685732,11.00182
9127,3.378665,-9.8,-3.685732,11.00182
9128,3.378665,-9.8,-3.685732,11.00182
9129,3.378665,-9.8,-3.685732,11.00182
9130,3.378665,-9.8,-3.685732,11.00182
9131,3.378665,-9.8,-3.685732,11.00182
9132,3.378665,-9.8,-3.685732,11.00182
9133,3.378665,-9.8,-3.685732,11.00182
9134,3.378665,-9.8,-3.685732,11.00182
9135,3.378665,-9.8,-3.685732,11.00182
9136,3.378665,-9.8,-3.685732,11.00182
9137,3.378665,-9.8,-3.685732,11.00182
9138,3.378665,-9.8,-3.685732,11.00182
9139,3.378665,-9.8,-3.685732,11.00182
9140,3.378665,-9.8,-3.685732,11.00182
9141,3.378665,-9.8,-3.685732,11.00182
9142,3.378665,-9.8,-3.685732,11.00182
9143,3.378665,-9.8,-3.685732,11.00182
9144,3.378665,-9.8,-3.685732,11.00182
9145,3.378665,-9.8,-3.685732,11.00182
9146,3.378665,-9.8,-3.685732,11.00182
9147,3.378665,-9.8,-3.685732,11.00182
9148,3.378665,-9.8,-3.685732,11.00182
9149,3.378665,-9.8,-3.685732,11.00182
9150,3.378665,-9.8,-3.685732,11.00182
9151,3.378665,-9.8,-3.685732,11.00182
9152,3.378665,-9.8,-3.685732,11.00182
9153,3.378665,-9.8,-3.685732,11.00182
9154,3.378665,-9.8,-3.685732,11.00182
9155,3.378665,-9.8,-3.685732,11.00182
9156,3.378665,-9.8,-3.685732,11.00182
9157,3.378665,-9.8,-3.685732,11.00182
9158,3.378665,-9.8,-3.685732,11.00182
9159,3.378665,-9.8,-3.685732,11.00182
9160,3.378665,-9.8,-3.685732,11.00182
9161,3.378665,-9.8,-3.685732,11.00182
9162,3.378665,-9.8,-3.685732,11.00182
9163,3.378665,-9.8,-3.685732,11.00182
9164,3.378665,-9.8,-3.685732,11.00182
9165,3.378665,-9.8,-3.685732,11.00182
9166,3.378665,-9.8,-3.685732,11.00182
9167,3.378665,-9.8,-3.685732,11.00182
9168,3.378665,-9.8,-3.685732,11.00182
9169,3.378665,-9.8,-3.685732,11.00182
9170,3.378665,-9.8,-3.685732,11.00182
9171,3.378665,-9.8,-3.685732,11.00182
9172,3.378665,-9.8,-3.685732,11.00182
9173,3.378665,-9.8,-3.685732,11.00182
9174,3.378665,-9.8,-3.685732,11.00182
9175,3.378665,-9.8,-3.685732,11.00182
9176,3.378665,-9.8,-3.685732,11.00182
9177,3.378665,-9.8,-3.685732,11.00182
9178,3.378665,-9.8,-3.685732,11.00182
9179,3.378665,-9.8,-3.685732,11.00182
9180,3.378665,-9.8,-3.685732,11.00182
9181,3.378665,-9.8,-3.685732,11.00182
9182,3.378665,-9.8,-3.685732,11.00182
9183,3.378665,-9.8,-3.685732,11.00182
9184,3.378665,-9.8,-3.685732,11.00182
9185,3.378665,-9.8,-3.685732,11.00182
9186,3.378665,-9.8,-3.685732,11.00182
9187,3.378665,-9.8,-3.685732,11.00182
9188,3.378665,-9.8,-3.685732,11.00182
9189,3.378665,-9.8,-3.685732,11.00182
9190,3.378665,-9.8,-3.685732,11.00182
9191,3.378665,-9.8,-3.685732,11.00182
9192,3.378665,-9.8,-3.685732,11.00182
9193,3.378665,-9.8,-3.685732,11.00182
9194,3.378665,-9.8,-3.685732,11.00182
9195,3.378665,-9.8,-3.685732,11.00182
9196,3.378665,-9.8,-3.685732,11.00182
9197,3.378665,-9.8,-3.685732,11.00182
9198,3.378665,-9.8,-3.685732,11.00182
9199,3.378665,-9.8,-3.685732,11.00182
9200,3.378665,-9.8,-3.685732,11.00182
9201,3.378665,-9.8,-3.685732,11.00182
9202,3.378665,-9.8,-3.685732,11.00182
9203,3.378665,-9.8,-3.685732,11.00182
9204,3.378665,-9.8,-3.685732,11.00182
9205,3.378665,-9.8,-3.685732,11.00182
9206,3.378665,-9.8,-3.685732,11.00182
9207,3.378665,-9.8,-3.685732,11.00182
9208,3.378665,-9.8,-3.685732,11.00182
9209,3.378665,-9.8,-3.685732,11.00182
9210,3.378665,-9.8,-3.685732,11.00182
9211,3.378665,-9.8,-3.685732,11.00182
9212,3.378665,-9.8,-3.685732,11.00182
9213,3.378665,-9.8,-3.685732,11.00182
9214,3.378665,-9.8,-3.685732,11.00182
9215,3.378665,-9.8,-3.685732,11.00182
9216,3.378665,-9.8,-3.685732,11.00182
9217,3.378665,-9.8,-3.685732,11.00182
9218,3.378665,-9.8,-3.685732,11.00182
9219,3.378665,-9.8,-3.685732,11.00182
9220,3.378665,-9.8,-3.685732,11.00182
9221,3.378665,-9.8,-3.685732,11.00182
9222,3.378665,-9.8,-3.685732,11.00182
9223,3.378665,-9.8,-3.685732,11.00182
9224,3.378665,-9.8,-3.685732,11.00182
9225,3.378665,-9.8,-3.685732,11.00182
9226,3.378665,-9.8,-3.685732,11.00182
9227,3.378665,-9.8,-3.685732,11.00182
9228,3.378665,-9.8,-3.685732,11.00182
9229,3.378665,-9.8,-3.685732,11.00182
9230,3.378665,-9.8,-3.685732,11.00182
9231,3.378665,-9.8,-3.685732,11.00182
9232,3.378665,-9.8,-3.685732,11.00182
9233,3.378665,-9.8,-3.685732,11.00182
9234,3.378665,-9.8,-3.685732,11.00182
9235,3.378665,-9.8,-3.685732,11.00182
9236,3.378665,-9.8,-3.685732,11.00182
9237,3.378665,-9.8,-3.685732,11.00182
9238,3.378665,-9.8,-3.685732,11.00182
9239,3.378665,-9.8,-3.685732,11.00182
9240,3.378665,-9.8,-3.685732,11.00182
9241,3.378665,-9.8,-3.685732,11.00182
9242,3.378665,-9.8,-3.685732,11.00182
9243,3.378665,-9.8,-3.685732,11.00182
9244,3.378665,-9.8,-3.685732,11.00182
9245,3.378665,-9.8,-3.685732,11.00182
9246,3.378665,-9.8,-3.685732,11.00182
9247,3.378665,-9.8,-3.685732,11.00182
9248,3.378665,-9.8,-3.685732,11.00182
9249,3.378665,-9.8,-3.685732,11.00182
9250,3.378665,-9.8,-3.685732,11.00182
9251,3.378665,-9.8,-3.685732,11.00182
9252,3.378665,-9.8,-3.685732,11.00182
9253,3.378665,-9.8,-3.685732,11.00182
9254,3.378665,-9.8,-3.685732,11.00182
9255,3.378665,-9.8,-3.685732,11.00182
9256,3.378665,-9.8,-3.685732,11.00182
9257,3.378665,-9.8,-3.685732,11.00182
9258,3.378665,-9.8,-3.685732,11.00182
9259,3.378665,-9.8,-3.685732,11.00182
9260,3.378665,-9.8,-3.685732,11.00182
9261,3.378665,-9.8,-3.685732,11.00182
9262,3.378665,-9.8,-3.685732,11.00182
9263,3.378665,-9.8,-3.685732,11.00182
9264,3.378665,-9.8,-3.685732,11.00182
9265,3.378665,-9.8,-3.685732,11.00182
9266,3.378665,-9.8,-3.685732,11.00182
9267,3.378665,-9.8,-3.685732,11.00182
9268,3.378665,-9.8,-3.685732,11.00182
9269,3.378665,-9.8,-3.685732,11.00182
9270,3.378665,-9.8,-3.685732,11.00182
9271,3.378665,-9.8,-3.685732,11.00182
9272,3.378665,-9.8,-3.685732,11.00182
9273,3.378665,-9.8,-3.685732,11.00182
9274,3.378665,-9.8,-3.685732,11.00182
9275,3.378665,-9.8,-3.685732,11.00182
9276,3.378665,-9.8,-3.685732,11.00182
9277,3.378665,-9.8,-3.685732,11.00182
9278,3.378665,-9.8,-3.685732,11.00182
9279,3.378665,-9.8,-3.685732,11.00182
9280,3.378665,-9.8,-3.685732,11.00182
9281,3.378665,-9.8,-3.685732,11.00182
9282,3.378665,-9.8,-3.685732,11.00182
9283,3.378665,-9.8,-3.685732,11.00182
9284,3.378665,-9.8,-3.685732,11.00182
9285,3.378665,-9.8,-3.685732,11.00182
9286,3.378665,-9.8,-3.685732,11.00182
9287,3.378665,-9.8,-3.685732,11.00182
9288,3.378665,-9.8,-3.685732,11.00182
9289,3.378665,-9.8,-3.685732,11.00182
9290,3.378665,-9.8,-3.685732,11.00182
9291,3.378665,-9.8,-3.685732,11.00182
9292,3.378665,-9.8,-3.685732,11.00182
9293,3.378665,-9.8,-3.685732,11.00182
9294,3.378665,-9.8,-3.685732,11.00182
9295,3.378665,-9.8,-3.685732,11.00182
9296,3.378665,-9.8,-3.685732,11.00182
9297,3.378665,-9.8,-3.685732,11.00182
9298,3.378665,-9.8,-3.685732,11.00182
9299,3.378665,-9.8,-3.685732,11.00182
9300,3.378665,-9.8,-3.685732,11.00182
9301,3.378665,-9.8,-3.685732,11.00182
9302,3.378665,-9.8,-3.685732,11.00182
9303,3.378665,-9.8,-3.685732,11.00182
9304,3.378665,-9.8,-3.685732,11.00182
9305,3.378665,-9.8,-3.685732,11.00182
9306,3.378665,-9.8,-3.685732,11.00182
9307,3.378665,-9.8,-3.685732,11.00182
9308,3.378665,-9.8,-3.685732,11.00182
9309,3.378665,-9.8,-3.685732,11.00182
9310,3.378665,-9.8,-3.685732,11.00182
9311,3.378665,-9.8,-3.685732,11.00182
9312,3.378665,-9.8,-3.685732,11.00182
9313,3.378665,-9.8,-3.685732,11.00182
9314,3.378665,-9.8,-3.685732,11.00182
9315,3.378665,-9.8,-3.685732,11.00182
9316,3.378665,-9.8,-3.685732,11.00182
9317,3.378665,-9.8,-3.685732,11.00182
9318,3.378665,-9.8,-3.685732,11.00182
9319,3.378665,-9.8,-3.685732,11.00182
9320,3.378665,-9.8,-3.685732,11.00182
9321,3.378665,-9.8,-3.685732,11.00182
9322,3.378665,-9.8,-3.685732,11.00182
9323,3.378665,-9.8,-3.685732,11.00182
9324,3.378665,-9.8,-3.685732,11.00182
9325,3.378665,-9.8,-3.685732,11.00182
9326,3.378665,-9.8,-3.685732,11.00182
9327,3.378665,-9.8,-3.685732,11.00182
9328,3.378665,-9.8,-3.685732,11.00182
9329,3.378665,-9.8,-3.685732,11.00182
9330,3.378665,-9.8,-3.685732,11.00182
9331,3.378665,-9.8,-3.685732,11.00182
9332,3.378665,-9.8,-3.685732,11.00182
9333,3.378665,-9.8,-3.685732,11.00182
9334,3.378665,-9.8,-3.685732,11.00182
9335,3.378665,-9.8,-3.685732,11.00182
9336,3.378665,-9.8,-3.685732,11.00182
9337,3.378665,-9.8,-3.685732,11.00182
9338,3.378665,-9.8,-3.685732,11.00182
9339,3.378665,-9.8,-3.685732,11.00182
9340,3.378665,-9.8,-3.685732,11.00182
9341,3.378665,-9.8,-3.685732,11.00182
9342,3.378665,-9.8,-3.685732,11.00182
9343,3.378665,-9.8,-3.685732,11.00182
9344,3.378665,-9.8,-3.685732,11.00182
9345,3.378665,-9.8,-3.685732,11.00182
9346,3.378665,-9.8,-3.685732,11.00182
9347,3.378665,-9.8,-3.685732,11.00182
9348,3.378665,-9.8,-3.685732,11.00182
9349,3.378665,-9.8,-3.685732,11.00182
9350,3.378665,-9.8,-3.685732,11.00182
9351,3.378665,-9.8,-3.685732,11.00182
9352,3.378665,-9.8,-3.685732,11.00182
9353,3.378665,-9.8,-3.685732,11.00182
9354,3.378665,-9.8,-3.685732,11.00182
9355,3.378665,-9.8,-3.685732,11.00182
9356,3.378665,-9.8,-3.685732,11.00182
9357,3.378665,-9.8,-3.685732,11.00182
9358,3.378665,-9.8,-3.685732,11.00182
9359,3.378665,-9.8,-3.685732,11.00182
9360,3.378665,-9.8,-3.685732,11.00182
9361,3.378665,-9.8,-3.685732,11.00182
9362,3.378665,-9.8,-3.685732,11.00182
9363,3.378665,-9.8,-3.685732,11.00182
9364,3.378665,-9.8,-3.685732,11.00182
9365,3.378665,-9.8,-3.685732,11.00182
9366,3.378665,-9.8,-3.685732,11.00182
9367,3.378665,-9.8,-3.685732,11.00182
9368,3.378665,-9.8,-3.685732,11.00182
9369,3.378665,-9.8,-3.685732,11.00182
9370,3.378665,-9.8,-3.685732,11.00182
9371,3.378665,-9.8,-3.685732,11.00182
9372,3.378665,-9.8,-3.685732,11.00182
9373,3.378665,-9.8,-3.685732,11.00182
9374,3.378665,-9.8,-3.685732,11.00182
9375,3.378665,-9.8,-3.685732,11.00182
9376,3.378665,-9.8,-3.685732,11.00182
9377,3.378665,-9.8,-3.685732,11.00182
9378,3.378665,-9.8,-3.685732,11.00182
9379,3.378665,-9.8,-3.685732,11.00182
9380,3.378665,-9.8,-3.685732,11.00182
9381,3.378665,-9.8,-3.685732,11.00182
9382,3.378665,-9.8,-3.685732,11.00182
9383,3.378665,-9.8,-3.685732,11.00182
9384,3.378665,-9.8,-3.685732,11.00182
9385,3.378665,-9.8,-3.685732,11.00182
9386,3.378665,-9.8,-3.685732,11.00182
9387,3.378665,-9.8,-3.685732,11.00182
9388,3.378665,-9.8,-3.685732,11.00182
9389,3.378665,-9.8,-3.685732,11.00182
9390,3.378665,-9.8,-3.685732,11.00182
9391,3.378665,-9.8,-3.685732,11.00182
9392,3.378665,-9.8,-3.685732,11.00182
9393,3.378665,-9.8,-3.685732,11.00182
9394,3.378665,-9.8,-3.685732,11.00182
9395,3.378665,-9.8,-3.685732,11.00182
9396,3.378665,-9.8,-3.685732,11.00182
9397,3.378665,-9.8,-3.685732,11.00182
9398,3.378665,-9.8,-3.685732,11.00182
9399,3.378665,-9.8,-3.685732,11.00182
9400,3.378665,-9.8,-3.685732,11.00182
9401,3.378665,-9.8,-3.685732,11.00182
9402,3.378665,-9.8,-3.685732,11.00182
9403,3.378665,-9.8,-3.685732,11.00182
9404,3.378665,-9.8,-3.685732,11.00182
9405,3.378665,-9.8,-3.685732,11.00182
9406,3.378665,-9.8,-3.685732,11.00182
9407,3.378665,-9.8,-3.685732,11.00182
9408,3.378665,-9.8,-3.685732,11.00182
9409,3.378665,-9.8,-3.685732,11.00182
9410,3.378665,-9.8,-3.685732,11.00182
9411,3.378665,-9.8,-3.685732,11.00182
9412,3.378665,-9.8,-3.685732,11.00182
9413,3.378665,-9.8,-3.685732,11.00182
9414,3.378665,-9.8,-3.685732,11.00182
9415,3.378665,-9.8,-3.685732,11.00182
9416,3.378665,-9.8,-3.685732,11.00182
9417,3.378665,-9.8,-3.685732,11.00182
9418,3.378665,-9.8,-3.685732,11.00182
9419,3.378665,-9.8,-3.685732,11.00182
9420,3.378665,-9.8,-3.685732,11.00182
9421,3.378665,-9.8,-3.685732,11.00182
9422,3.378665,-9.8,-3.685732,11.00182
9423,3.378665,-9.8,-3.685732,11.00182
9424,3.378665,-9.8,-3.685732,11.00182
9425,3.378665,-9.8,-3.685732,11.00182
9426,3.378665,-9.8,-3.685732,11.00182
9427,3.378665,-9.8,-3.685732,11.00182
9428,3.378665,-9.8,-3.685732,11.00182
9429,3.378665,-9.8,-3.685732,11.00182
9430,3.378665,-9.8,-3.685732,11.00182
9431,3.378665,-9.8,-3.685732,11.00182
9432,3.378665,-9.8,-3.685732,11.00182
9433,3.378665,-9.8,-3.685732,11.00182
9434,3.378665,-9.8,-3.685732,11.00182
9435,3.378665,-9.8,-3.685732,11.00182
9436,3.378665,-9.8,-3.685732,11.00182
9437,3.378665,-9.8,-3.685732,11.00182
9438,3.378665,-9.8,-3.685732,11.00182
9439,3.378665,-9.8,-3.685732,11.00182
9440,3.378665,-9.8,-3.685732,11.00182
9441,3.378665,-9.8,-3.685732,11.00182
9442,3.378665,-9.8,-3.685732,11.00182
9443,3.378665,-9.8,-3.685732,11.00182
9444,3.378665,-9.8,-3.685732,11.00182
9445,3.378665,-9.8,-3.685732,11.00182
9446,3.378665,-9.8,-3.685732,11.00182
9447,3.378665,-9.8,-3.685732,11.00182
9448,3.378665,-9.8,-3.685732,11.00182
9449,3.378665,-9.8,-3.685732,11.00182
9450,3.378665,-9.8,-3.685732,11.00182
9451,3.378665,-9.8,-3.685732,11.00182
9452,3.378665,-9.8,-3.685732,11.00182
9453,3.378665,-9.8,-3.685732,11.00182
9454,3.378665,-9.8,-3.685732,11.00182
9455,3.378665,-9.8,-3.685732,11.00182
9456,3.378665,-9.8,-3.685732,11.00182
9457,3.378665,-9.8,-3.685732,11.00182
9458,3.378665,-9.8,-3.685732,11.00182
9459,3.378665,-9.8,-3.685732,11.00182
9460,3.378665,-9.8,-3.685732,11.00182
9461,3.378665,-9.8,-3.685732,11.00182
9462,3.378665,-9.8,-3.685732,11.00182
9463,3.378665,-9.8,-3.685732,11.00182
9464,3.378665,-9.8,-3.685732,11.00182
9465,3.378665,-9.8,-3.685732,11.00182
9466,3.378665,-9.8,-3.685732,11.00182
9467,3.378665,-9.8,-3.685732,11.00182
9468,3.378665,-9.8,-3.685732,11.00182
9469,3.378665,-9.8,-3.685732,11.00182
9470,3.378665,-9.8,-3.685732,11.00182
9471,3.378665,-9.8,-3.685732,11.00182
9472,3.378665,-9.8,-3.685732,11.00182
9473,3.378665,-9.8,-3.685732,11.00182
9474,3.378665,-9.8,-3.685732,11.00182
9475,3.378665,-9.8,-3.685732,11.00182
9476,3.378665,-9.8,-3.685732,11.00182
9477,3.378665,-9.8,-3.685732,11.00182
9478,3.378665,-9.8,-3.685732,11.00182
9479,3.378665,-9.8,-3.685732,11.00182
9480,3.378665,-9.8,-3.685732,11.00182
9481,3.378665,-9.8,-3.685732,11.00182
9482,3.378665,-9.8,-3.685732,11.00182
9483,3.378665,-9.8,-3.685732,11.00182
9484,3.378665,-9.8,-3.685732,11.00182
9485,3.378665,-9.8,-3.685732,11.00182
9486,3.378665,-9.8,-3.685732,11.00182
9487,3.378665,-9.8,-3.685732,11.00182
9488,3.378665,-9.8,-3.685732,11.00182
9489,3.378665,-9.8,-3.685732,11.00182
9490,3.378665,-9.8,-3.685732,11.00182
9491,3.378665,-9.8,-3.685732,11.00182
9492,3.378665,-9.8,-3.685732,11.00182
9493,3.378665,-9.8,-3.685732,11.00182
9494,3.378665,-9.8,-3.685732,11.00182
9495,3.378665,-9.8,-3.685732,11.00182
9496,3.378665,-9.8,-3.685732,11.00182
9497,3.378665,-9.8,-3.685732,11.00182
9498,3.378665,-9.8,-3.685732,11.00182
9499,3.378665,-9.8,-3.685732,11.00182
9500,3.378665,-9.8,-3.685732,11.00182
9501,3.378665,-9.8,-3.685732,11.00182
9502,3.378665,-9.8,-3.685732,11.00182
9503,3.378665,-9.8,-3.685732,11.00182
9504,3.378665,-9.8,-3.685732,11.00182
9505,3.378665,-9.8,-3.685732,11.00182
9506,3.378665,-9.8,-3.685732,11.00182
9507,3.378665,-9.8,-3.685732,11.00182
9508,3.378665,-9.8,-3.685732,11.00182
9509,3.378665,-9.8,-3.685732,11.00182
9510,3.378665,-9.8,-3.685732,11.00182
9511,3.378665,-9.8,-3.685732,11.00182
9512,3.378665,-9.8,-3.685732,11.00182
9513,3.378665,-9.8,-3.685732,11.00182
9514,3.378665,-9.8,-3.685732,11.00182
9515,3.378665,-9.8,-3.685732,11.00182
9516,3.378665,-9.8,-3.685732,11.00182
9517,3.378665,-9.8,-3.685732,11.00182
9518,3.378665,-9.8,-3.685732,11.00182
9519,3.378665,-9.8,-3.685732,11.00182
9520,3.378665,-9.8,-3.685732,11.00182
9521,3.378665,-9.8,-3.685732,11.00182
9522,3.378665,-9.8,-3.685732,11.00182
9523,3.378665,-9.8,-3.685732,11.00182
9524,3.378665,-9.8,-3.685732,11.00182
9525,3.378665,-9.8,-3.685732,11.00182
9526,3.378665,-9.8,-3.685732,11.00182
9527,3.378665,-9.8,-3.685732,11.00182
9528,3.378665,-9.8,-3.685732,11.00182
9529,3.378665,-9.8,-3.685732,11.00182
9530,3.378665,-9.8,-3.685732,11.00182
9531,3.378665,-9.8,-3.685732,11.00182
9532,3.378665,-9.8,-3.685732,11.00182
9533,3.378665,-9.8,-3.685732,11.00182
9534,3.378665,-9.8,-3.685732,11.00182
9535,3.378665,-9.8,-3.685732,11.00182
9536,3.378665,-9.8,-3.685732,11.00182
9537,3.378665,-9.8,-3.685732,11.00182
9538,3.378665,-9.8,-3.685732,11.00182
9539,3.378665,-9.8,-3.685732,11.00182
9540,3.378665,-9.8,-3.685732,11.00182
9541,3.378665,-9.8,-3.685732,11.00182
9542,3.378665,-9.8,-3.685732,11.00182
9543,3.378665,-9.8,-3.685732,11.00182
9544,3.378665,-9.8,-3.685732,11.00182
9545,3.378665,-9.8,-3.685732,11.00182
9546,3.378665,-9.8,-3.685732,11.00182
9547,3.378665,-9.8,-3.685732,11.00182
9548,3.378665,-9.8,-3.685732,11.00182
9549,3.378665,-9.8,-3.685732,11.00182
9550,3.378665,-9.8,-3.685732,11.00182
9551,3.378665,-9.8,-3.685732,11.00182
9552,3.378665,-9.8,-3.685732,11.00182
9553,3.378665,-9.8,-3.685732,11.00182
9554,3.378665,-9.8,-3.685732,11.00182
9555,3.378665,-9.8,-3.685732,11.00182
9556,3.378665,-9.8,-3.685732,11.00182
9557,3.378665,-9.8,-3.685732,11.00182
9558,3.378665,-9.8,-3.685732,11.00182
9559,3.378665,-9.8,-3.685732,11.00182
9560,3.378665,-9.8,-3.685732,11.00182
9561,3.378665,-9.8,-3.685732,11.00182
9562,3.378665,-9.8,-3.685732,11.00182
9563,3.378665,-9.8,-3.685732,11.00182
9564,3.378665,-9.8,-3.685732,11.00182
9565,3.378665,-9.8,-3.685732,11.00182
9566,3.378665,-9.8,-3.685732,11.00182
9567,3.378665,-9.8,-3.685732,11.00182
9568,3.378665,-9.8,-3.685732,11.00182
9569,3.378665,-9.8,-3.685732,11.00182
9570,3.378665,-9.8,-3.685732,11.00182
9571,3.378665,-9.8,-3.685732,11.00182
9572,3.378665,-9.8,-3.685732,11.00182
9573,3.378665,-9.8,-3.685732,11.00182
9574,3.378665,-9.8,-3.685732,11.00182
9575,3.378665,-9.8,-3.685732,11.00182
9576,3.378665,-9.8,-3.685732,11.00182
9577,3.378665,-9.8,-3.685732,11.00182
9578,3.378665,-9.8,-3.685732,11.00182
9579,3.378665,-9.8,-3.685732,11.00182
9580,3.378665,-9.8,-3.685732,11.00182
9581,3.378665,-9.8,-3.685732,11.00182
9582,3.378665,-9.8,-3.685732,11.00182
9583,3.378665,-9.8,-3.685732,11.00182
9584,3.378665,-9.8,-3.685732,11.00182
9585,3.378665,-9.8,-3.685732,11.00182
9586,3.378665,-9.8,-3.685732,11.00182
9587,3.378665,-9.8,-3.685732,11.00182
9588,3.378665,-9.8,-3.685732,11.00182
9589,3.378665,-9.8,-3.685732,11.00182
9590,3.378665,-9.8,-3.685732,11.00182
9591,3.378665,-9.8,-3.685732,11.00182
9592,3.378665,-9.8,-3.685732,11.00182
9593,3.378665,-9.8,-3.685732,11.00182
9594,3.378665,-9.8,-3.685732,11.00182
9595,3.378665,-9.8,-3.685732,11.00182
9596,3.378665,-9.8,-3.685732,11.00182
9597,3.378665,-9.8,-3.685732,11.00182
9598,3.378665,-9.8,-3.685732,11.00182
9599,3.378665,-9.8,-3.685732,11.00182
9600,3.378665,-9.8,-3.685732,11.00182
9601,3.378665,-9.8,-3.685732,11.00182
9602,3.378665,-9.8,-3.685732,11.00182
9603,3.378665,-9.8,-3.685732,11.00182
9604,3.378665,-9.8,-3.685732,11.00182
9605,3.378665,-9.8,-3.685732,11.00182
9606,3.378665,-9.8,-3.685732,11.00182
9607,3.378665,-9.8,-3.685732,11.00182
9608,3.378665,-9.8,-3.685732,11.00182
9609,3.378665,-9.8,-3.685732,11.00182
9610,3.378665,-9.8,-3.685732,11.00182
9611,3.378665,-9.8,-3.685732,11.00182
9612,3.378665,-9.8,-3.685732,11.00182
9613,3.378665,-9.8,-3.685732,11.00182
9614,3.378665,-9.8,-3.685732,11.00182
9615,3.378665,-9.8,-3.685732,11.00182
9616,3.378665,-9.8,-3.685732,11.00182
9617,3.378665,-9.8,-3.685732,11.00182
9618,3.378665,-9.8,-3.685732,11.00182
9619,3.378665,-9.8,-3.685732,11.00182
9620,3.378665,-9.8,-3.685732,11.00182
9621,3.378665,-9.8,-3.685732,11.00182
9622,3.378665,-9.8,-3.685732,11.00182
9623,3.378665,-9.8,-3.685732,11.00182
9624,3.378665,-9.8,-3.685732,11.00182
9625,3.378665,-9.8,-3.685732,11.00182
9626,3.378665,-9.8,-3.685732,11.00182
9627,3.378665,-9.8,-3.685732,11.00182
9628,3.378665,-9.8,-3.685732,11.00182
9629,3.378665,-9.8,-3.685732,11.00182
9630,3.378665,-9.8,-3.685732,11.00182
9631,3.378665,-9.8,-3.685732,11.00182
9632,3.378665,-9.8,-3.685732,11.00182
9633,3.378665,-9.8,-3.685732,11.00182
9634,3.378665,-9.8,-3.685732,11.00182
9635,3.378665,-9.8,-3.685732,11.00182
9636,3.378665,-9.8,-3.685732,11.00182
9637,3.378665,-9.8,-3.685732,11.00182
9638,3.378665,-9.8,-3.685732,11.00182
9639,3.378665,-9.8,-3.685732,11.00182
9640,3.378665,-9.8,-3.685732,11.00182
9641,3.378665,-9.8,-3.685732,11.00182
9642,3.378665,-9.8,-3.685732,11.00182
9643,3.378665,-9.8,-3.685732,11.00182
9644,3.378665,-9.8,-3.685732,11.00182
9645,3.378665,-9.8,-3.685732,11.00182
9646,3.378665,-9.8,-3.685732,11.00182
9647,3.378665,-9.8,-3.685732,11.00182
9648,3.378665,-9.8,-3.685732,11.00182
9649,3.378665,-9.8,-3.685732,11.00182
9650,3.378665,-9.8,-3.685732,11.00182
9651,3.378665,-9.8,-3.685732,11.00182
9652,3.378665,-9.8,-3.685732,11.00182
9653,3.378665,-9.8,-3.685732,11.00182
9654,3.378665,-9.8,-3.685732,11.00182
9655,3.378665,-9.8,-3.685732,11.00182
9656,3.378665,-9.8,-3.685732,11.00182
9657,3.378665,-9.8,-3.685732,11.00182
9658,3.378665,-9.8,-3.685732,11.00182
9659,3.378665,-9.8,-3.685732,11.00182
9660,3.378665,-9.8,-3.685732,11.00182
9661,3.378665,-9.8,-3.685732,11.00182
9662,3.378665,-9.8,-3.685732,11.00182
9663,3.378665,-9.8,-3.685732,11.00182
9664,3.378665,-9.8,-3.685732,11.00182
9665,3.378665,-9.8,-3.685732,11.00182
9666,3.378665,-9.8,-3.685732,11.00182
9667,3.378665,-9.8,-3.685732,11.00182
9668,3.378665,-9.8,-3.685732,11.00182
9669,3.378665,-9.8,-3.685732,11.00182
9670,3.378665,-9.8,-3.685732,11.00182
9671,3.378665,-9.8,-3.685732,11.00182
9672,3.378665,-9.8,-3.685732,11.00182
9673,3.378665,-9.8,-3.685732,11.00182
9674,3.378665,-9.8,-3.685732,11.00182
9675,3.378665,-9.8,-3.685732,11.00182
9676,3.378665,-9.8,-3.685732,11.00182
9677,3.378665,-9.8,-3.685732,11.00182
9678,3.378665,-9.8,-3.685732,11.00182
9679,3.378665,-9.8,-3.685732,11.00182
9680,3.378665,-9.8,-3.685732,11.00182
9681,3.378665,-9.8,-3.685732,11.00182
9682,3.378665,-9.8,-3.685732,11.00182
9683,3.378665,-9.8,-3.685732,11.00182
9684,3.378665,-9.8,-3.685732,11.00182
9685,3.378665,-9.8,-3.685732,11.00182
9686,3.378665,-9.8,-3.685732,11.00182
9687,3.378665,-9.8,-3.685732,11.00182
9688,3.378665,-9.8,-3.685732,11.00182
9689,3.378665,-9.8,-3.685732,11.00182
9690,3.378665,-9.8,-3.685732,11.00182
9691,3.378665,-9.8,-3.685732,11.00182
9692,3.378665,-9.8,-3.685732,11.00182
9693,3.378665,-9.8,-3.685732,11.00182
9694,3.378665,-9.8,-3.685732,11.00182
9695,3.378665,-9.8,-3.685732,11.00182
9696,3.378665,-9.8,-3.685732,11.00182
9697,3.378665,-9.8,-3.685732,11.00182
9698,3.378665,-9.8,-3.685732,11.00182
9699,3.378665,-9.8,-3.685732,11.00182
9700,3.378665,-9.8,-3.685732,11.00182
9701,3.378665,-9.8,-3.685732,11.00182
9702,3.378665,-9.8,-3.685732,11.00182
9703,3.378665,-9.8,-3.685732,11.00182
9704,3.378665,-9.8,-3.685732,11.00182
9705,3.378665,-9.8,-3.685732,11.00182
9706,3.378665,-9.8,-3.685732,11.00182
9707,3.378665,-9.8,-3.685732,11.00182
9708,3.378665,-9.8,-3.685732,11.00182
9709,3.378665,-9.8,-3.685732,11.00182
9710,3.378665,-9.8,-3.685732,11.00182
9711,3.378665,-9.8,-3.685732,11.00182
9712,3.378665,-9.8,-3.685732,11.00182
9713,3.378665,-9.8,-3.685732,11.00182
9714,3.378665,-9.8,-3.685732,11.00182
9715,3.378665,-9.8,-3.685732,11.00182
9716,3.378665,-9.8,-3.685732,11.00182
9717,3.378665,-9.8,-3.685732,11.00182
9718,3.378665,-9.8,-3.685732,11.00182
9719,3.378665,-9.8,-3.685732,11.00182
9720,3.378665,-9.8,-3.685732,11.00182
9721,3.378665,-9.8,-3.685732,11.00182
9722,3.378665,-9.8,-3.685732,11.00182
9723,3.378665,-9.8,-3.685732,11.00182
9724,3.378665,-9.8,-3.685732,11.00182
9725,3.378665,-9.8,-3.685732,11.00182
9726,3.378665,-9.8,-3.685732,11.00182
9727,3.378665,-9.8,-3.685732,11.00182
9728,3.378665,-9.8,-3.685732,11.00182
9729,3.378665,-9.8,-3.685732,11.00182
9730,3.378665,-9.8,-3.685732,11.00182
9731,3.378665,-9.8,-3.685732,11.00182
9732,3.378665,-9.8,-3.685732,11.00182
9733,3.378665,-9.8,-3.685732,11.00182
9734,3.378665,-9.8,-3.685732,11.00182
9735,3.378665,-9.8,-3.685732,11.00182
9736,3.378665,-9.8,-3.685732,11.00182
9737,3.378665,-9.8,-3.685732,11.00182
9738,3.378665,-9.8,-3.685732,11.00182
9739,3.378665,-9.8,-3.685732,11.00182
9740,3.378665,-9.8,-3.685732,11.00182
9741,3.378665,-9.8,-3.685732,11.00182
9742,3.378665,-9.8,-3.685732,11.00182
9743,3.378665,-9.8,-3.685732,11.00182
9744,3.378665,-9.8,-3.685732,11.00182
9745,3.378665,-9.8,-3.685732,11.00182
9746,3.378665,-9.8,-3.685732,11.00182
9747,3.378665,-9.8,-3.685732,11.00182
9748,3.378665,-9.8,-3.685732,11.00182
9749,3.378665,-9.8,-3.685732,11.00182
9750,3.378665,-9.8,-3.685732,11.00182
9751,3.378665,-9.8,-3.685732,11.00182
9752,3.378665,-9.8,-3.685732,11.00182
9753,3.378665,-9.8,-3.685732,11.00182
9754,3.378665,-9.8,-3.685732,11.00182
9755,3.378665,-9.8,-3.685732,11.00182
9756,3.378665,-9.8,-3.685732,11.00182
9757,3.378665,-9.8,-3.685732,11.00182
9758,3.378665,-9.8,-3.685732,11.00182
9759,3.378665,-9.8,-3.685732,11.00182
9760,3.378665,-9.8,-3.685732,11.00182
9761,3.378665,-9.8,-3.685732,11.00182
9762,3.378665,-9.8,-3.685732,11.00182
9763,3.378665,-9.8,-3.685732,11.00182
9764,3.378665,-9.8,-3.685732,11.00182
9765,3.378665,-9.8,-3.685732,11.00182
9766,3.378665,-9.8,-3.685732,11.00182
9767,3.378665,-9.8,-3.685732,11.00182
9768,3.378665,-9.8,-3.685732,11.00182
9769,3.378665,-9.8,-3.685732,11.00182
9770,3.378665,-9.8,-3.685732,11.00182
9771,3.378665,-9.8,-3.685732,11.00182
9772,3.378665,-9.8,-3.685732,11.00182
9773,3.378665,-9.8,-3.685732,11.00182
9774,3.378665,-9.8,-3.685732,11.00182
9775,3.378665,-9.8,-3.685732,11.00182
9776,3.378665,-9.8,-3.685732,11.00182
9777,3.378665,-9.8,-3.685732,11.00182
9778,3.378665,-9.8,-3.685732,11.00182
9779,3.378665,-9.8,-3.685732,11.00182
9780,3.378665,-9.8,-3.685732,11.00182
9781,3.378665,-9.8,-3.685732,11.00182
9782,3.378665,-9.8,-3.685732,11.00182
9783,3.378665,-9.8,-3.685732,11.00182
9784,3.378665,-9.8,-3.685732,11.00182
9785,3.378665,-9.8,-3.685732,11.00182
9786,3.378665,-9.8,-3.685732,11.00182
9787,3.378665,-9.8,-3.685732,11.00182
9788,3.378665,-9.8,-3.685732,11.00182
9789,3.378665,-9.8,-3.685732,11.00182
9790,3.378665,-9.8,-3.685732,11.00182
9791,3.378665,-9.8,-3.685732,11.00182
9792,3.378665,-9.8,-3.685732,11.00182
9793,3.378665,-9.8,-3.685732,11.00182
9794,3.378665,-9.8,-3.685732,11.00182
9795,3.378665,-9.8,-3.685732,11.00182
9796,3.378665,-9.8,-3.685732,11.00182
9797,3.378665,-9.8,-3.685732,11.00182
9798,3.378665,-9.8,-3.685732,11.00182
9799,3.378665,-9.8,-3.685732,11.00182
9800,3.378665,-9.8,-3.685732,11.00182
9801,3.378665,-9.8,-3.685732,11.00182
9802,3.378665,-9.8,-3.685732,11.00182
9803,3.378665,-9.8,-3.685732,11.00182
9804,3.378665,-9.8,-3.685732,11.00182
9805,3.378665,-9.8,-3.685732,11.00182
9806,3.378665,-9.8,-3.685732,11.00182
9807,3.378665,-9.8,-3.685732,11.00182
9808,3.378665,-9.8,-3.685732,11.00182
9809,3.378665,-9.8,-3.685732,11.00182
9810,3.378665,-9.8,-3.685732,11.00182
9811,3.378665,-9.8,-3.685732,11.00182
9812,3.378665,-9.8,-3.685732,11.00182
9813,3.378665,-9.8,-3.685732,11.00182
9814,3.378665,-9.8,-3.685732,11.00182
9815,3.378665,-9.8,-3.685732,11.00182
9816,3.378665,-9.8,-3.685732,11.00182
9817,3.378665,-9.8,-3.685732,11.00182
9818,3.378665,-9.8,-3.685732,11.00182
9819,3.378665,-9.8,-3.685732,11.00182
9820,3.378665,-9.8,-3.685732,11.00182
9821,3.378665,-9.8,-3.685732,11.00182
9822,3.378665,-9.8,-3.685732,11.00182
9823,3.378665,-9.8,-3.685732,11.00182
9824,3.378665,-9.8,-3.685732,11.00182
9825,3.378665,-9.8,-3.685732,11.00182
9826,3.378665,-9.8,-3.685732,11.00182
9827,3.378665,-9.8,-3.685732,11.00182
9828,3.378665,-9.8,-3.685732,11.00182
9829,3.378665,-9.8,-3.685732,11.00182
9830,3.378665,-9.8,-3.685732,11.00182
9831,3.378665,-9.8,-3.685732,11.00182
9832,3.378665,-9.8,-3.685732,11.00182
9833,3.378665,-9.8,-3.685732,11.00182
9834,3.378665,-9.8,-3.685732,11.00182
9835,3.378665,-9.8,-3.685732,11.00182
9836,3.378665,-9.8,-3.685732,11.00182
9837,3.378665,-9.8,-3.685732,11.00182
9838,3.378665,-9.8,-3.685732,11.00182
9839,3.378665,-9.8,-3.685732,11.00182
9840,3.378665,-9.8,-3.685732,11.00182
9841,3.378665,-9.8,-3.685732,11.00182
9842,3.378665,-9.8,-3.685732,11.00182
9843,3.378665,-9.8,-3.685732,11.00182
9844,3.378665,-9.8,-3.685732,11.00182
9845,3.378665,-9.8,-3.685732,11.00182
9846,3.378665,-9.8,-3.685732,11.00182
9847,3.378665,-9.8,-3.685732,11.00182
9848,3.378665,-9.8,-3.685732,11.00182
9849,3.378665,-9.8,-3.685732,11.00182
9850,3.378665,-9.8,-3.685732,11.00182
9851,3.378665,-9.8,-3.685732,11.00182
9852,3.378665,-9.8,-3.685732,11.00182
9853,3.378665,-9.8,-3.685732,11.00182
9854,3.378665,-9.8,-3.685732,11.00182
9855,3.378665,-9.8,-3.685732,11.00182
9856,3.378665,-9.8,-3.685732,11.00182
9857,3.378665,-9.8,-3.685732,11.00182
9858,3.378665,-9.8,-3.685732,11.00182
9859,3.378665,-9.8,-3.685732,11.00182
9860,3.378665,-9.8,-3.685732,11.00182
9861,3.378665,-9.8,-3.685732,11.00182
9862,3.378665,-9.8,-3.685732,11.00182
9863,3.378665,-9.8,-3.685732,11.00182
9864,3.378665,-9.8,-3.685732,11.00182
9865,3.378665,-9.8,-3.685732,11.00182
9866,3.378665,-9.8,-3.685732,11.00182
9867,3.378665,-9.8,-3.685732,11.00182
9868,3.378665,-9.8,-3.685732,11.00182
9869,3.378665,-9.8,-3.685732,11.00182
9870,3.378665,-9.8,-3.685732,11.00182
9871,3.378665,-9.8,-3.685732,11.00182
9872,3.378665,-9.8,-3.685732,11.00182
9873,3.378665,-9.8,-3.685732,11.00182
9874,3.378665,-9.8,-3.685732,11.00182
9875,3.378665,-9.8,-3.685732,11.00182
9876,3.378665,-9.8,-3.685732,11.00182
9877,3.378665,-9.8,-3.685732,11.00182
9878,3.378665,-9.8,-3.685732,11.00182
9879,3.378665,-9.8,-3.685732,11.00182
9880,3.378665,-9.8,-3.685732,11.00182
9881,3.378665,-9.8,-3.685732,11.00182
9882,3.378665,-9.8,-3.685732,11.00182
9883,3.378665,-9.8,-3.685732,11.00182
9884,3.378665,-9.8,-3.685732,11.00182
9885,3.378665,-9.8,-3.685732,11.00182
9886,3.378665,-9.8,-3.685732,11.00182
9887,3.378665,-9.8,-3.685732,11.00182
9888,3.378665,-9.8,-3.685732,11.00182
9889,3.378665,-9.8,-3.685732,11.00182
9890,3.378665,-9.8,-3.685732,11.00182
9891,3.378665,-9.8,-3.685732,11.00182
9892,3.378665,-9.8,-3.685732,11.00182
9893,3.378665,-9.8,-3.685732,11.00182
9894,3.378665,-9.8,-3.685732,11.00182
9895,3.378665,-9.8,-3.685732,11.00182
9896,3.378665,-9.8,-3.685732,11.00182
9897,3.378665,-9.8,-3.685732,11.00182
9898,3.378665,-9.8,-3.685732,11.00182
9899,3.378665,-9.8,-3.685732,11.00182
9900,3.378665,-9.8,-3.685732,11.00182
9901,3.378665,-9.8,-3.685732,11.00182
9902,3.378665,-9.8,-3.685732,11.00182
9903,3.378665,-9.8,-3.685732,11.00182
9904,3.378665,-9.8,-3.685732,11.00182
9905,3.378665,-9.8,-3.685732,11.00182
9906,3.378665,-9.8,-3.685732,11.00182
9907,3.378665,-9.8,-3.685732,11.00182
9908,3.378665,-9.8,-3.685732,11.00182
9909,3.378665,-9.8,-3.685732,11.00182
9910,3.378665,-9.8,-3.685732,11.00182
9911,3.378665,-9.8,-3.685732,11.00182
9912,3.378665,-9.8,-3.685732,11.00182
9913,3.378665,-9.8,-3.685732,11.00182
9914,3.378665,-9.8,-3.685732,11.00182
9915,3.378665,-9.8,-3.685732,11.00182
9916,3.378665,-9.8,-3.685732,11.00182
9917,3.378665,-9.8,-3.685732,11.00182
9918,3.378665,-9.8,-3.685732,11.00182
9919,3.378665,-9.8,-3.685732,11.00182
9920,3.378665,-9.8,-3.685732,11.00182
9921,3.378665,-9.8,-3.685732,11.00182
9922,3.378665,-9.8,-3.685732,11.00182
9923,3.378665,-9.8,-3.685732,11.00182
9924,3.378665,-9.8,-3.685732,11.00182
9925,3.378665,-9.8,-3.685732,11.00182
9926,3.378665,-9.8,-3.685732,11.00182
9927,3.378665,-9.8,-3.685732,11.00182
9928,3.378665,-9.8,-3.685732,11.00182
9929,3.378665,-9.8,-3.685732,11.00182
9930,3.378665,-9.8,-3.685732,11.00182
9931,3.378665,-9.8,-3.685732,11.00182
9932,3.378665,-9.8,-3.685732,11.00182
9933,3.378665,-9.8,-3.685732,11.00182
9934,3.378665,-9.8,-3.685732,11.00182
9935,3.378665,-9.8,-3.685732,11.00182
9936,3.378665,-9.8,-3.685732,11.00182
9937,3.378665,-9.8,-3.685732,11.00182
9938,3.378665,-9.8,-3.685732,11.00182
9939,3.378665,-9.8,-3.685732,11.00182
9940,3.378665,-9.8,-3.685732,11.00182
9941,3.378665,-9.8,-3.685732,11.00182
9942,3.378665,-9.8,-3.685732,11.00182
9943,3.378665,-9.8,-3.685732,11.00182
9944,3.378665,-9.8,-3.685732,11.00182
9945,3.378665,-9.8,-3.685732,11.00182
9946,3.378665,-9.8,-3.685732,11.00182
9947,3.378665,-9.8,-3.685732,11.00182
9948,3.378665,-9.8,-3.685732,11.00182
9949,3.378665,-9.8,-3.685732,11.00182
9950,3.378665,-9.8,-3.685732,11.00182
9951,3.378665,-9.8,-3.685732,11.00182
9952,3.378665,-9.8,-3.685732,11.00182
9953,3.378665,-9.8,-3.685732,11.00182
9954,3.378665,-9.8,-3.685732,11.00182
9955,3.378665,-9.8,-3.685732,11.00182
9956,3.378665,-9.8,-3.685732,11.00182
9957,3.378665,-9.8,-3.685732,11.00182
9958,3.378665,-9.8,-3.685732,11.00182
9959,3.378665,-9.8,-3.685732,11.00182
9960,3.378665,-9.8,-3.685732,11.00182
9961,3.378665,-9.8,-3.685732,11.00182
9962,3.378665,-9.8,-3.685732,11.00182
9963,3.378665,-9.8,-3.685732,11.00182
9964,3.378665,-9.8,-3.685732,11.00182
9965,3.378665,-9.8,-3.685732,11.00182
9966,3.378665,-9.8,-3.685732,11.00182
9967,3.378665,-9.8,-3.685732,11.00182
9968,3.378665,-9.8,-3.685732,11.00182
9969,3.378665,-9.8,-3.685732,11.00182
9970,3.378665,-9.8,-3.685732,11.00182
9971,3.378665,-9.8,-3.685732,11.00182
9972,3.378665,-9.8,-3.685732,11.00182
9973,3.378665,-9.8,-3.685732,11.00182
9974,3.378665,-9.8,-3.685732,11.00182
9975,3.378665,-9.8,-3.685732,11.00182
9976,3.378665,-9.8,-3.685732,11.00182
9977,3.378665,-9.8,-3.685732,11.00182
9978,3.378665,-9.8,-3.685732,11.00182
9979,3.378665,-9.8,-3.685732,11.00182
9980,3.378665,-9.8,-3.685732,11.00182
9981,3.378665,-9.8,-3.685732,11.00182
9982,3.378665,-9.8,-3.685732,11.00182
9983,3.378665,-9.8,-3.685732,11.00182
9984,3.378665,-9.8,-3.685732,11.00182
9985,3.378665,-9.8,-3.685732,11.00182
9986,3.378665,-9.8,-3.685732,11.00182
9987,3.378665,-9.8,-3.685732,11.00182
9988,3.378665,-9.8,-3.685732,11.00182
9989,3.378665,-9.8,-3.685732,11.00182
9990,3.378665,-9.8,-3.685732,11.00182
9991,3.378665,-9.8,-3.685732,11.00182
9992,3.378665,-9.8,-3.685732,11.00182
9993,3.378665,-9.8,-3.685732,11.00182
9994,3.378665,-9.8,-3.685732,11.00182
9995,3.378665,-9.8,-3.685732,11.00182
9996,3.378665,-9.8,-3.685732,11.00182
9997,3.378665,-9.8,-3.685732,11.00182
9998,3.378665,-9.8,-3.685732,11.00182
9999,3.378665,-9.8,-3.685732,11.00182
10000,3.378665,-9.8,-3.685732,11.00182
10001,3.378665,-9.8,-3.685732,11.00182
10002,3.378665,-9.8,-3.685732,11.00182
10003,3.378665,-9.8,-3.685732,11.00182
10004,3.378665,-9.8,-3.685732,11.00182
10005,3.378665,-9.8,-3.685732,11.00182
10006,3.378665,-9.8,-3.685732,11.00182
10007,3.378665,-9.8,-3.685732,11.00182
10008,3.378665,-9.8,-3.685732,11.00182
10009,3.378665,-9.8,-3.685732,11.00182
10010,3.378665,-9.8,-3.685732,11.00182
10011,3.378665,-9.8,-3.685732,11.00182
10012,3.378665,-9.8,-3.685732,11.00182
10013,3.378665,-9.8,-3.685732,11.00182
10014,3.378665,-9.8,-3.685732,11.00182
10015,3.378665,-9.8,-3.685732,11.00182
10016,3.378665,-9.8,-3.685732,11.00182
10017,3.378665,-9.8,-3.685732,11.00182
10018,3.378665,-9.8,-3.685732,11.00182
10019,3.378665,-9.8,-3.685732,11.00182
10020,3.378665,-9.8,-3.685732,11.00182
10021,3.378665,-9.8,-3.685732,11.00182
10022,3.378665,-9.8,-3.685732,11.00182
10023,3.378665,-9.8,-3.685732,11.00182
10024,3.378665,-9.8,-3.685732,11.00182
10025,3.378665,-9.8,-3.685732,11.00182
10026,3.378665,-9.8,-3.685732,11.00182
10027,3.378665,-9.8,-3.685732,11.00182
10028,3.378665,-9.8,-3.685732,11.00182
10029,3.378665,-9.8,-3.685732,11.00182
10030,3.378665,-9.8,-3.685732,11.00182
10031,3.378665,-9.8,-3.685732,11.00182
10032,3.378665,-9.8,-3.685732,11.00182
10033,3.378665,-9.8,-3.685732,11.00182
10034,3.378665,-9.8,-3.685732,11.00182
10035,3.378665,-9.8,-3.685732,11.00182
10036,3.378665,-9.8,-3.685732,11.00182
10037,3.378665,-9.8,-3.685732,11.00182
10038,3.378665,-9.8,-3.685732,11.00182
10039,3.378665,-9.8,-3.685732,11.00182
10040,3.378665,-9.8,-3.685732,11.00182
10041,3.378665,-9.8,-3.685732,11.00182
10042,3.378665,-9.8,-3.685732,11.00182
10043,3.378665,-9.8,-3.685732,11.00182
10044,3.378665,-9.8,-3.685732,11.00182
10045,3.378665,-9.8,-3.685732,11.00182
10046,3.378665,-9.8,-3.685732,11.00182
10047,3.378665,-9.8,-3.685732,11.00182
10048,3.378665,-9.8,-3.685732,11.00182
10049,3.378665,-9.8,-3.685732,11.00182
10050,3.378665,-9.8,-3.685732,11.00182
10051,3.378665,-9.8,-3.685732,11.00182
10052,3.378665,-9.8,-3.685732,11.00182
10053,3.378665,-9.8,-3.685732,11.00182
10054,3.378665,-9.8,-3.685732,11.00182
10055,3.378665,-9.8,-3.685732,11.00182
10056,3.378665,-9.8,-3.685732,11.00182
10057,3.378665,-9.8,-3.685732,11.00182
10058,3.378665,-9.8,-3.685732,11.00182
10059,3.378665,-9.8,-3.685732,11.00182
10060,3.378665,-9.8,-3.685732,11.00182
10061,3.378665,-9.8,-3.685732,11.00182
10062,3.378665,-9.8,-3.685732,11.00182
10063,3.378665,-9.8,-3.685732,11.00182
10064,3.378665,-9.8,-3.685732,11.00182
10065,3.378665,-9.8,-3.685732,11.00182
10066,3.378665,-9.8,-3.685732,11.00182
10067,3.378665,-9.8,-3.685732,11.00182
10068,3.378665,-9.8,-3.685732,11.00182
10069,3.378665,-9.8,-3.685732,11.00182
10070,3.378665,-9.8,-3.685732,11.00182
10071,3.378665,-9.8,-3.685732,11.00182
10072,3.378665,-9.8,-3.685732,11.00182
10073,3.378665,-9.8,-3.685732,11.00182
10074,3.378665,-9.8,-3.685732,11.00182
10075,3.378665,-9.8,-3.685732,11.00182
10076,3.378665,-9.8,-3.685732,11.00182
10077,3.378665,-9.8,-3.685732,11.00182
10078,3.378665,-9.8,-3.685732,11.00182
10079,3.378665,-9.8,-3.685732,11.00182
10080,3.378665,-9.8,-3.685732,11.00182
10081,3.378665,-9.8,-3.685732,11.00182
10082,3.378665,-9.8,-3.685732,11.00182
10083,3.378665,-9.8,-3.685732,11.00182
10084,3.378665,-9.8,-3.685732,11.00182
10085,3.378665,-9.8,-3.685732,11.00182
10086,3.378665,-9.8,-3.685732,11.00182
10087,3.378665,-9.8,-3.685732,11.00182
10088,3.378665,-9.8,-3.685732,11.00182
10089,3.378665,-9.8,-3.685732,11.00182
10090,3.378665,-9.8,-3.685732,11.00182
10091,3.378665,-9.8,-3.685732,11.00182
10092,3.378665,-9.8,-3.685732,11.00182
10093,3.378665,-9.8,-3.685732,11.00182
10094,3.378665,-9.8,-3.685732,11.00182
10095,3.378665,-9.8,-3.685732,11.00182
10096,3.378665,-9.8,-3.685732,11.00182
10097,3.378665,-9.8,-3.685732,11.00182
10098,3.378665,-9.8,-3.685732,11.00182
10099,3.378665,-9.8,-3.685732,11.00182
10100,3.378665,-9.8,-3.685732,11.00182
10101,3.378665,-9.8,-3.685732,11.00182
10102,3.378665,-9.8,-3.685732,11.00182
10103,3.378665,-9.8,-3.685732,11.00182
10104,3.378665,-9.8,-3.685732,11.00182
10105,3.378665,-9.8,-3.685732,11.00182
10106,3.378665,-9.8,-3.685732,11.00182
10107,3.378665,-9.8,-3.685732,11.00182
10108,3.378665,-9.8,-3.685732,11.00182
10109,3.378665,-9.8,-3.685732,11.00182
10110,3.378665,-9.8,-3.685732,11.00182
10111,3.378665,-9.8,-3.685732,11.00182
10112,3.378665,-9.8,-3.685732,11.00182
10113,3.378665,-9.8,-3.685732,11.00182
10114,3.378665,-9.8,-3.685732,11.00182
10115,3.378665,-9.8,-3.685732,11.00182
10116,3.378665,-9.8,-3.685732,11.00182
10117,3.378665,-9.8,-3.685732,11.00182
10118,3.378665,-9.8,-3.685732,11.00182
10119,3.378665,-9.8,-3.685732,11.00182
10120,3.378665,-9.8,-3.685732,11.00182
10121,3.378665,-9.8,-3.685732,11.00182
10122,3.378665,-9.8,-3.685732,11.00182
10123,3.378665,-9.8,-3.685732,11.00182
10124,3.378665,-9.8,-3.685732,11.00182
10125,3.378665,-9.8,-3.685732,11.00182
10126,3.378665,-9.8,-3.685732,11.00182
10127,3.378665,-9.8,-3.685732,11.00182
10128,3.378665,-9.8,-3.685732,11.00182
10129,3.378665,-9.8,-3.685732,11.00182
10130,3.378665,-9.8,-3.685732,11.00182
10131,3.378665,-9.8,-3.685732,11.00182
10132,3.378665,-9.8,-3.685732,11.00182
10133,3.378665,-9.8,-3.685732,11.00182
10134,3.378665,-9.8,-3.685732,11.00182
10135,3.378665,-9.8,-3.685732,11.00182
10136,3.378665,-9.8,-3.685732,11.00182
10137,3.378665,-9.8,-3.685732,11.00182
10138,3.378665,-9.8,-3.685732,11.00182
10139,3.378665,-9.8,-3.685732,11.00182
10140,3.378665,-9.8,-3.685732,11.00182
10141,3.378665,-9.8,-3.685732,11.00182
10142,3.378665,-9.8,-3.685732,11.00182
10143,3.378665,-9.8,-3.685732,11.00182
10144,3.378665,-9.8,-3.685732,11.00182
10145,3.378665,-9.8,-3.685732,11.00182
10146,3.378665,-9.8,-3.685732,11.00182
10147,3.378665,-9.8,-3.685732,11.00182
10148,3.378665,-9.8,-3.685732,11.00182
10149,3.378665,-9.8,-3.685732,11.00182
10150,3.378665,-9.8,-3.685732,11.00182
10151,3.378665,-9.8,-3.685732,11.00182
10152,3.378665,-9.8,-3.685732,11.00182
10153,3.378665,-9.8,-3.685732,11.00182
10154,3.378665,-9.8,-3.685732,11.00182
10155,3.378665,-9.8,-3.685732,11.00182
10156,3.378665,-9.8,-3.685732,11.00182
10157,3.378665,-9.8,-3.685732,11.00182
10158,3.378665,-9.8,-3.685732,11.00182
10159,3.378665,-9.8,-3.685732,11.00182
10160,3.378665,-9.8,-3.685732,11.00182
10161,3.378665,-9.8,-3.685732,11.00182
10162,3.378665,-9.8,-3.685732,11.00182
10163,3.378665,-9.8,-3.685732,11.00182
10164,3.378665,-9.8,-3.685732,11.00182
10165,3.378665,-9.8,-3.685732,11.00182
10166,3.378665,-9.8,-3.685732,11.00182
10167,3.378665,-9.8,-3.685732,11.00182
10168,3.378665,-9.8,-3.685732,11.00182
10169,3.378665,-9.8,-3.685732,11.00182
10170,3.378665,-9.8,-3.685732,11.00182
10171,3.378665,-9.8,-3.685732,11.00182
10172,3.378665,-9.8,-3.685732,11.00182
10173,3.378665,-9.8,-3.685732,11.00182
10174,3.378665,-9.8,-3.685732,11.00182
10175,3.378665,-9.8,-3.685732,11.00182
10176,3.378665,-9.8,-3.685732,11.00182
10177,3.378665,-9.8,-3.685732,11.00182
10178,3.378665,-9.8,-3.685732,11.00182
10179,3.378665,-9.8,-3.685732,11.00182
10180,3.378665,-9.8,-3.685732,11.00182
10181,3.378665,-9.8,-3.685732,11.00182
10182,3.378665,-9.8,-3.685732,11.00182
10183,3.378665,-9.8,-3.685732,11.00182
10184,3.378665,-9.8,-3.685732,11.00182
10185,3.378665,-9.8,-3.685732,11.00182
10186,3.378665,-9.8,-3.685732,11.00182
10187,3.378665,-9.8,-3.685732,11.00182
10188,3.378665,-9.8,-3.685732,11.00182
10189,3.378665,-9.8,-3.685732,11.00182
10190,3.378665,-9.8,-3.685732,11.00182
10191,3.378665,-9.8,-3.685732,11.00182
10192,3.378665,-9.8,-3.685732,11.00182
10193,3.378665,-9.8,-3.685732,11.00182
10194,3.378665,-9.8,-3.685732,11.00182
10195,3.378665,-9.8,-3.685732,11.00182
10196,3.378665,-9.8,-3.685732,11.00182
10197,3.378665,-9.8,-3.685732,11.00182
10198,3.378665,-9.8,-3.685732,11.00182
10199,3.378665,-9.8,-3.685732,11.00182
10200,3.378665,-9.8,-3.685732,11.00182
10201,3.378665,-9.8,-3.685732,11.00182
10202,3.378665,-9.8,-3.685732,11.00182
10203,3.378665,-9.8,-3.685732,11.00182
10204,3.378665,-9.8,-3.685732,11.00182
10205,3.378665,-9.8,-3.685732,11.00182
10206,3.378665,-9.8,-3.685732,11.00182
10207,3.378665,-9.8,-3.685732,11.00182
10208,3.378665,-9.8,-3.685732,11.00182
10209,3.378665,-9.8,-3.685732,11.00182
10210,3.378665,-9.8,-3.685732,11.00182
10211,3.378665,-9.8,-3.685732,11.00182
10212,3.378665,-9.8,-3.685732,11.00182
10213,3.378665,-9.8,-3.685732,11.00182
10214,3.378665,-9.8,-3.685732,11.00182
10215,3.378665,-9.8,-3.685732,11.00182
10216,3.378665,-9.8,-3.685732,11.00182
10217,3.378665,-9.8,-3.685732,11.00182
10218,3.378665,-9.8,-3.685732,11.00182
10219,3.378665,-9.8,-3.685732,11.00182
10220,3.378665,-9.8,-3.685732,11.00182
10221,3.378665,-9.8,-3.685732,11.00182
10222,3.378665,-9.8,-3.685732,11.00182
10223,3.378665,-9.8,-3.685732,11.00182
10224,3.378665,-9.8,-3.685732,11.00182
10225,3.378665,-9.8,-3.685732,11.00182
10226,3.378665,-9.8,-3.685732,11.00182
10227,3.378665,-9.8,-3.685732,11.00182
10228,3.378665,-9.8,-3.685732,11.00182
10229,3.378665,-9.8,-3.685732,11.00182
10230,3.378665,-9.8,-3.685732,11.00182
10231,3.378665,-9.8,-3.685732,11.00182
10232,3.378665,-9.8,-3.685732,11.00182
10233,3.378665,-9.8,-3.685732,11.00182
10234,3.378665,-9.8,-3.685732,11.00182
10235,3.378665,-9.8,-3.685732,11.00182
10236,3.378665,-9.8,-3.685732,11.00182
10237,3.378665,-9.8,-3.685732,11.00182
10238,3.378665,-9.8,-3.685732,11.00182
10239,3.378665,-9.8,-3.685732,11.00182
10240,3.378665,-9.8,-3.685732,11.00182
10241,3.378665,-9.8,-3.685732,11.00182
10242,3.378665,-9.8,-3.685732,11.00182
10243,3.378665,-9.8,-3.685732,11.00182
10244,3.378665,-9.8,-3.685732,11.00182
10245,3.378665,-9.8,-3.685732,11.00182
10246,3.378665,-9.8,-3.685732,11.00182
10247,3.378665,-9.8,-3.685732,11.00182
10248,3.378665,-9.8,-3.685732,11.00182
10249,3.378665,-9.8,-3.685732,11.00182
10250,3.378665,-9.8,-3.685732,11.00182
10251,3.378665,-9.8,-3.685732,11.00182
10252,3.378665,-9.8,-3.685732,11.00182
10253,3.378665,-9.8,-3.685732,11.00182
10254,3.378665,-9.8,-3.685732,11.00182
10255,3.378665,-9.8,-3.685732,11.00182
10256,3.378665,-9.8,-3.685732,11.00182
10257,3.378665,-9.8,-3.685732,11.00182
10258,3.378665,-9.8,-3.685732,11.00182
10259,3.378665,-9.8,-3.685732,11.00182
10260,3.378665,-9.8,-3.685732,11.00182
10261,3.378665,-9.8,-3.685732,11.00182
10262,3.378665,-9.8,-3.685732,11.00182
10263,3.378665,-9.8,-3.685732,11.00182
10264,3.378665,-9.8,-3.685732,11.00182
10265,3.378665,-9.8,-3.685732,11.00182
10266,3.378665,-9.8,-3.685732,11.00182
10267,3.378665,-9.8,-3.685732,11.00182
10268,3.378665,-9.8,-3.685732,11.00182
10269,3.378665,-9.8,-3.685732,11.00182
10270,3.378665,-9.8,-3.685732,11.00182
10271,3.378665,-9.8,-3.685732,11.00182
10272,3.378665,-9.8,-3.685732,11.00182
10273,3.378665,-9.8,-3.685732,11.00182
10274,3.378665,-9.8,-3.685732,11.00182
10275,3.378665,-9.8,-3.685732,11.00182
10276,3.378665,-9.8,-3.685732,11.00182
10277,3.378665,-9.8,-3.685732,11.00182
10278,3.378665,-9.8,-3.685732,11.00182
10279,3.378665,-9.8,-3.685732,11.00182
10280,3.378665,-9.8,-3.685732,11.00182
10281,3.378665,-9.8,-3.685732,11.00182
10282,3.378665,-9.8,-3.685732,11.00182
10283,3.378665,-9.8,-3.685732,11.00182
10284,3.378665,-9.8,-3.685732,11.00182
10285,3.378665,-9.8,-3.685732,11.00182
10286,3.378665,-9.8,-3.685732,11.00182
10287,3.378665,-9.8,-3.685732,11.00182
10288,3.378665,-9.8,-3.685732,11.00182
10289,3.378665,-9.8,-3.685732,11.00182
10290,3.378665,-9.8,-3.685732,11.00182
10291,3.378665,-9.8,-3.685732,11.00182
10292,3.378665,-9.8,-3.685732,11.00182
10293,3.378665,-9.8,-3.685732,11.00182
10294,3.378665,-9.8,-3.685732,11.00182
10295,3.378665,-9.8,-3.685732,11.00182
10296,3.378665,-9.8,-3.685732,11.00182
10297,3.378665,-9.8,-3.685732,11.00182
10298,3.378665,-9.8,-3.685732,11.00182
10299,3.378665,-9.8,-3.685732,11.00182
10300,3.378665,-9.8,-3.685732,11.00182
10301,3.378665,-9.8,-3.685732,11.00182
10302,3.378665,-9.8,-3.685732,11.00182
10303,3.378665,-9.8,-3.685732,11.00182
10304,3.378665,-9.8,-3.685732,11.00182
10305,3.378665,-9.8,-3.685732,11.00182
10306,3.378665,-9.8,-3.685732,11.00182
10307,3.378665,-9.8,-3.685732,11.00182
10308,3.378665,-9.8,-3.685732,11.00182
10309,3.378665,-9.8,-3.685732,11.00182
10310,3.378665,-9.8,-3.685732,11.00182
10311,3.378665,-9.8,-3.685732,11.00182
10312,3.378665,-9.8,-3.685732,11.00182
10313,3.378665,-9.8,-3.685732,11.00182
10314,3.378665,-9.8,-3.685732,11.00182
10315,3.378665,-9.8,-3.685732,11.00182
10316,3.378665,-9.8,-3.685732,11.00182
10317,3.378665,-9.8,-3.685732,11.00182
10318,3.378665,-9.8,-3.685732,11.00182
10319,3.378665,-9.8,-3.685732,11.00182
10320,3.378665,-9.8,-3.685732,11.00182
10321,3.378665,-9.8,-3.685732,11.00182
10322,3.378665,-9.8,-3.685732,11.00182
10323,3.378665,-9.8,-3.685732,11.00182
10324,3.378665,-9.8,-3.685732,11.00182
10325,3.378665,-9.8,-3.685732,11.00182
10326,3.378665,-9.8,-3.685732,11.00182
10327,3.378665,-9.8,-3.685732,11.00182
10328,3.378665,-9.8,-3.685732,11.00182
10329,3.378665,-9.8,-3.685732,11.00182
10330,3.378665,-9.8,-3.685732,11.00182
10331,3.378665,-9.8,-3.685732,11.00182
10332,3.378665,-9.8,-3.685732,11.00182
10333,3.378665,-9.8,-3.685732,11.00182
10334,3.378665,-9.8,-3.685732,11.00182
10335,3.378665,-9.8,-3.685732,11.00182
10336,3.378665,-9.8,-3.685732,11.00182
10337,3.378665,-9.8,-3.685732,11.00182
10338,3.378665,-9.8,-3.685732,11.00182
10339,3.378665,-9.8,-3.685732,11.00182
10340,3.378665,-9.8,-3.685732,11.00182
10341,3.378665,-9.8,-3.685732,11.00182
10342,3.378665,-9.8,-3.685732,11.00182
10343,3.378665,-9.8,-3.685732,11.00182
10344,3.378665,-9.8,-3.685732,11.00182
10345,3.378665,-9.8,-3.685732,11.00182
10346,3.378665,-9.8,-3.685732,11.00182
10347,3.378665,-9.8,-3.685732,11.00182
10348,3.378665,-9.8,-3.685732,11.00182
10349,3.378665,-9.8,-3.685732,11.00182
10350,3.378665,-9.8,-3.685732,11.00182
10351,3.378665,-9.8,-3.685732,11.00182
10352,3.378665,-9.8,-3.685732,11.00182
10353,3.378665,-9.8,-3.685732,11.00182
10354,3.378665,-9.8,-3.685732,11.00182
10355,3.378665,-9.8,-3.685732,11.00182
10356,3.378665,-9.8,-3.685732,11.00182
10357,3.378665,-9.8,-3.685732,11.00182
10358,3.378665,-9.8,-3.685732,11.00182
10359,3.378665,-9.8,-3.685732,11.00182
10360,3.378665,-9.8,-3.685732,11.00182
10361,3.378665,-9.8,-3.685732,11.00182
10362,3.378665,-9.8,-3.685732,11.00182
10363,3.378665,-9.8,-3.685732,11.00182
10364,3.378665,-9.8,-3.685732,11.00182
10365,3.378665,-9.8,-3.685732,11.00182
10366,3.378665,-9.8,-3.685732,11.00182
10367,3.378665,-9.8,-3.685732,11.00182
10368,3.378665,-9.8,-3.685732,11.00182
10369,3.378665,-9.8,-3.685732,11.00182
10370,3.378665,-9.8,-3.685732,11.00182
10371,3.378665,-9.8,-3.685732,11.00182
10372,3.378665,-9.8,-3.685732,11.00182
10373,3.378665,-9.8,-3.685732,11.00182
10374,3.378665,-9.8,-3.685732,11.00182
10375,3.378665,-9.8,-3.685732,11.00182
10376,3.378665,-9.8,-3.685732,11.00182
10377,3.378665,-9.8,-3.685732,11.00182
10378,3.378665,-9.8,-3.685732,11.00182
10379,3.378665,-9.8,-3.685732,11.00182
10380,3.378665,-9.8,-3.685732,11.00182
10381,3.378665,-9.8,-3.685732,11.00182
10382,3.378665,-9.8,-3.685732,11.00182
10383,3.378665,-9.8,-3.685732,11.00182
10384,3.378665,-9.8,-3.685732,11.00182
10385,3.378665,-9.8,-3.685732,11.00182
10386,3.378665,-9.8,-3.685732,11.00182
10387,3.378665,-9.8,-3.685732,11.00182
10388,3.378665,-9.8,-3.685732,11.00182
10389,3.378665,-9.8,-3.685732,11.00182
10390,3.378665,-9.8,-3.685732,11.00182
10391,3.378665,-9.8,-3.685732,11.00182
10392,3.378665,-9.8,-3.685732,11.00182
10393,3.378665,-9.8,-3.685732,11.00182
10394,3.378665,-9.8,-3.685732,11.00182
10395,3.378665,-9.8,-3.685732,11.00182
10396,3.378665,-9.8,-3.685732,11.00182
10397,3.378665,-9.8,-3.685732,11.00182
10398,3.378665,-9.8,-3.685732,11.00182
10399,3.378665,-9.8,-3.685732,11.00182
10400,3.378665,-9.8,-3.685732,11.00182
10401,3.378665,-9.8,-3.685732,11.00182
10402,3.378665,-9.8,-3.685732,11.00182
10403,3.378665,-9.8,-3.685732,11.00182
10404,3.378665,-9.8,-3.685732,11.00182
10405,3.378665,-9.8,-3.685732,11.00182
10406,3.378665,-9.8,-3.685732,11.00182
10407,3.378665,-9.8,-3.685732,11.00182
10408,3.378665,-9.8,-3.685732,11.00182
10409,3.378665,-9.8,-3.685732,11.00182
10410,3.378665,-9.8,-3.685732,11.00182
10411,3.378665,-9.8,-3.685732,11.00182
10412,3.378665,-9.8,-3.685732,11.00182
10413,3.378665,-9.8,-3.685732,11.00182
10414,3.378665,-9.8,-3.685732,11.00182
10415,3.378665,-9.8,-3.685732,11.00182
10416,3.378665,-9.8,-3.685732,11.00182
10417,3.378665,-9.8,-3.685732,11.00182
10418,3.378665,-9.8,-3.685732,11.00182
10419,3.378665,-9.8,-3.685732,11.00182
10420,3.378665,-9.8,-3.685732,11.00182
10421,3.378665,-9.8,-3.685732,11.00182
10422,3.378665,-9.8,-3.685732,11.00182
10423,3.378665,-9.8,-3.685732,11.00182
10424,3.378665,-9.8,-3.685732,11.00182
10425,3.378665,-9.8,-3.685732,11.00182
10426,3.378665,-9.8,-3.685732,11.00182
10427,3.378665,-9.8,-3.685732,11.00182
10428,3.378665,-9.8,-3.685732,11.00182
10429,3.378665,-9.8,-3.685732,11.00182
10430,3.378665,-9.8,-3.685732,11.00182
10431,3.378665,-9.8,-3.685732,11.00182
10432,3.378665,-9.8,-3.685732,11.00182
10433,3.378665,-9.8,-3.685732,11.00182
10434,3.378665,-9.8,-3.685732,11.00182
10435,3.378665,-9.8,-3.685732,11.00182
10436,3.378665,-9.8,-3.685732,11.00182
10437,3.378665,-9.8,-3.685732,11.00182
10438,3.378665,-9.8,-3.685732,11.00182
10439,3.378665,-9.8,-3.685732,11.00182
10440,3.378665,-9.8,-3.685732,11.00182
10441,3.378665,-9.8,-3.685732,11.00182
10442,3.378665,-9.8,-3.685732,11.00182
10443,3.378665,-9.8,-3.685732,11.00182
10444,3.378665,-9.8,-3.685732,11.00182
10445,3.378665,-9.8,-3.685732,11.00182
10446,3.378665,-9.8,-3.685732,11.00182
10447,3.378665,-9.8,-3.685732,11.00182
10448,3.378665,-9.8,-3.685732,11.00182
10449,3.378665,-9.8,-3.685732,11.00182
10450,3.378665,-9.8,-3.685732,11.00182
10451,3.378665,-9.8,-3.685732,11.00182
10452,3.378665,-9.8,-3.685732,11.00182
10453,3.378665,-9.8,-3.685732,11.00182
10454,3.378665,-9.8,-3.685732,11.00182
10455,3.378665,-9.8,-3.685732,11.00182
10456,3.378665,-9.8,-3.685732,11.00182
10457,3.378665,-9.8,-3.685732,11.00182
10458,3.378665,-9.8,-3.685732,11.00182
10459,3.378665,-9.8,-3.685732,11.00182
10460,3.378665,-9.8,-3.685732,11.00182
10461,3.378665,-9.8,-3.685732,11.00182
10462,3.378665,-9.8,-3.685732,11.00182
10463,3.378665,-9.8,-3.685732,11.00182
10464,3.378665,-9.8,-3.685732,11.00182
10465,3.378665,-9.8,-3.685732,11.00182
10466,3.378665,-9.8,-3.685732,11.00182
10467,3.378665,-9.8,-3.685732,11.00182
10468,3.378665,-9.8,-3.685732,11.00182
10469,3.378665,-9.8,-3.685732,11.00182
10470,3.378665,-9.8,-3.685732,11.00182
10471,3.378665,-9.8,-3.685732,11.00182
10472,3.378665,-9.8,-3.685732,11.00182
10473,3.378665,-9.8,-3.685732,11.00182
10474,3.378665,-9.8,-3.685732,11.00182
10475,3.378665,-9.8,-3.685732,11.00182
10476,3.378665,-9.8,-3.685732,11.00182
10477,3.378665,-9.8,-3.685732,11.00182
10478,3.378665,-9.8,-3.685732,11.00182
10479,3.378665,-9.8,-3.685732,11.00182
10480,3.378665,-9.8,-3.685732,11.00182
10481,3.378665,-9.8,-3.685732,11.00182
10482,3.378665,-9.8,-3.685732,11.00182
10483,3.378665,-9.8,-3.685732,11.00182
10484,3.378665,-9.8,-3.685732,11.00182
10485,3.378665,-9.8,-3.685732,11.00182
10486,3.378665,-9.8,-3.685732,11.00182
10487,3.378665,-9.8,-3.685732,11.00182
10488,3.378665,-9.8,-3.685732,11.00182
10489,3.378665,-9.8,-3.685732,11.00182
10490,3.378665,-9.8,-3.685732,11.00182
10491,3.378665,-9.8,-3.685732,11.00182
10492,3.378665,-9.8,-3.685732,11.00182
10493,3.378665,-9.8,-3.685732,11.00182
10494,3.378665,-9.8,-3.685732,11.00182
10495,3.378665,-9.8,-3.685732,11.00182
10496,3.378665,-9.8,-3.685732,11.00182
10497,3.378665,-9.8,-3.685732,11.00182
10498,3.378665,-9.8,-3.685732,11.00182
10499,3.378665,-9.8,-3.685732,11.00182
10500,3.378665,-9.8,-3.685732,11.00182
10501,3.378665,-9.8,-3.685732,11.00182
10502,3.378665,-9.8,-3.685732,11.00182
10503,3.378665,-9.8,-3.685732,11.00182
10504,3.378665,-9.8,-3.685732,11.00182
10505,3.378665,-9.8,-3.685732,11.00182
10506,3.378665,-9.8,-3.685732,11.00182
10507,3.378665,-9.8,-3.685732,11.00182
10508,3.378665,-9.8,-3.685732,11.00182
10509,3.378665,-9.8,-3.685732,11.00182
10510,3.378665,-9.8,-3.685732,11.00182
10511,3.378665,-9.8,-3.685732,11.00182
10512,3.378665,-9.8,-3.685732,11.00182
10513,3.378665,-9.8,-3.685732,11.00182
10514,3.378665,-9.8,-3.685732,11.00182
10515,3.378665,-9.8,-3.685732,11.00182
10516,3.378665,-9.8,-3.685732,11.00182
10517,3.378665,-9.8,-3.685732,11.00182
10518,3.378665,-9.8,-3.685732,11.00182
10519,3.378665,-9.8,-3.685732,11.00182
10520,3.378665,-9.8,-3.685732,11.00182
10521,3.378665,-9.8,-3.685732,11.00182
10522,3.378665,-9.8,-3.685732,11.00182
10523,3.378665,-9.8,-3.685732,11.00182
10524,3.378665,-9.8,-3.685732,11.00182
10525,3.378665,-9.8,-3.685732,11.00182
10526,3.378665,-9.8,-3.685732,11.00182
10527,3.378665,-9.8,-3.685732,11.00182
10528,3.378665,-9.8,-3.685732,11.00182
10529,3.378665,-9.8,-3.685732,11.00182
10530,3.378665,-9.8,-3.685732,11.00182
10531,3.378665,-9.8,-3.685732,11.00182
10532,3.378665,-9.8,-3.685732,11.00182
10533,3.378665,-9.8,-3.685732,11.00182
10534,3.378665,-9.8,-3.685732,11.00182
10535,3.378665,-9.8,-3.685732,11.00182
10536,3.378665,-9.8,-3.685732,11.00182
10537,3.378665,-9.8,-3.685732,11.00182
10538,3.378665,-9.8,-3.685732,11.00182
10539,3.378665,-9.8,-3.685732,11.00182
10540,3.378665,-9.8,-3.685732,11.00182
10541,3.378665,-9.8,-3.685732,11.00182
10542,3.378665,-9.8,-3.685732,11.00182
10543,3.378665,-9.8,-3.685732,11.00182
10544,3.378665,-9.8,-3.685732,11.00182
10545,3.378665,-9.8,-3.685732,11.00182
10546,3.378665,-9.8,-3.685732,11.00182
10547,3.378665,-9.8,-3.685732,11.00182
10548,3.378665,-9.8,-3.685732,11.00182
10549,3.378665,-9.8,-3.685732,11.00182
10550,3.378665,-9.8,-3.685732,11.00182
10551,3.378665,-9.8,-3.685732,11.00182
10552,3.378665,-9.8,-3.685732,11.00182
10553,3.378665,-9.8,-3.685732,11.00182
10554,3.378665,-9.8,-3.685732,11.00182
10555,3.378665,-9.8,-3.685732,11.00182
10556,3.378665,-9.8,-3.685732,11.00182
10557,3.378665,-9.8,-3.685732,11.00182
10558,3.378665,-9.8,-3.685732,11.00182
10559,3.378665,-9.8,-3.685732,11.00182
10560,3.378665,-9.8,-3.685732,11.00182
10561,3.378665,-9.8,-3.685732,11.00182
10562,3.378665,-9.8,-3.685732,11.00182
10563,3.378665,-9.8,-3.685732,11.00182
10564,3.378665,-9.8,-3.685732,11.00182
10565,3.378665,-9.8,-3.685732,11.00182
10566,3.378665,-9.8,-3.685732,11.00182
10567,3.378665,-9.8,-3.685732,11.00182
10568,3.378665,-9.8,-3.685732,11.00182
10569,3.378665,-9.8,-3.685732,11.00182
10570,3.378665,-9.8,-3.685732,11.00182
10571,3.378665,-9.8,-3.685732,11.00182
10572,3.378665,-9.8,-3.685732,11.00182
10573,3.378665,-9.8,-3.685732,11.00182
10574,3.378665,-9.8,-3.685732,11.00182
10575,3.378665,-9.8,-3.685732,11.00182
10576,3.378665,-9.8,-3.685732,11.00182
10577,3.378665,-9.8,-3.685732,11.00182
10578,3.378665,-9.8,-3.685732,11.00182
10579,3.378665,-9.8,-3.685732,11.00182
10580,3.378665,-9.8,-3.685732,11.00182
10581,3.378665,-9.8,-3.685732,11.00182
10582,3.378665,-9.8,-3.685732,11.00182
10583,3.378665,-9.8,-3.685732,11.00182
10584,3.378665,-9.8,-3.685732,11.00182
10585,3.378665,-9.8,-3.685732,11.00182
10586,3.378665,-9.8,-3.685732,11.00182
10587,3.378665,-9.8,-3.685732,11.00182
10588,3.378665,-9.8,-3.685732,11.00182
10589,3.378665,-9.8,-3.685732,11.00182
10590,3.378665,-9.8,-3.685732,11.00182
10591,3.378665,-9.8,-3.685732,11.00182
10592,3.378665,-9.8,-3.685732,11.00182
10593,3.378665,-9.8,-3.685732,11.00182
10594,3.378665,-9.8,-3.685732,11.00182
10595,3.378665,-9.8,-3.685732,11.00182
10596,3.378665,-9.8,-3.685732,11.00182
10597,3.378665,-9.8,-3.685732,11.00182
10598,3.378665,-9.8,-3.685732,11.00182
10599,3.378665,-9.8,-3.685732,11.00182
10600,3.378665,-9.8,-3.685732,11.00182
10601,3.378665,-9.8,-3.685732,11.00182
10602,3.378665,-9.8,-3.685732,11.00182
10603,3.378665,-9.8,-3.685732,11.00182
10604,3.378665,-9.8,-3.685732,11.00182
10605,3.378665,-9.8,-3.685732,11.00182
10606,3.378665,-9.8,-3.685732,11.00182
10607,3.378665,-9.8,-3.685732,11.00182
10608,3.378665,-9.8,-3.685732,11.00182
10609,3.378665,-9.8,-3.685732,11.00182
10610,3.378665,-9.8,-3.685732,11.00182
10611,3.378665,-9.8,-3.685732,11.00182
10612,3.378665,-9.8,-3.685732,11.00182
10613,3.378665,-9.8,-3.685732,11.00182
10614,3.378665,-9.8,-3.685732,11.00182
10615,3.378665,-9.8,-3.685732,11.00182
10616,3.378665,-9.8,-3.685732,11.00182
10617,3.378665,-9.8,-3.685732,11.00182
10618,3.378665,-9.8,-3.685732,11.00182
10619,3.378665,-9.8,-3.685732,11.00182
10620,3.378665,-9.8,-3.685732,11.00182
10621,3.378665,-9.8,-3.685732,11.00182
10622,3.378665,-9.8,-3.685732,11.00182
10623,3.378665,-9.8,-3.685732,11.00182
10624,3.378665,-9.8,-3.685732,11.00182
10625,3.378665,-9.8,-3.685732,11.00182
10626,3.378665,-9.8,-3.685732,11.00182
10627,3.378665,-9.8,-3.685732,11.00182
10628,3.378665,-9.8,-3.685732,11.00182
10629,3.378665,-9.8,-3.685732,11.00182
10630,3.378665,-9.8,-3.685732,11.00182
10631,3.378665,-9.8,-3.685732,11.00182
10632,3.378665,-9.8,-3.685732,11.00182
10633,3.378665,-9.8,-3.685732,11.00182
10634,3.378665,-9.8,-3.685732,11.00182
10635,3.378665,-9.8,-3.685732,11.00182
10636,3.378665,-9.8,-3.685732,11.00182
10637,3.378665,-9.8,-3.685732,11.00182
10638,3.378665,-9.8,-3.685732,11.00182
10639,3.378665,-9.8,-3.685732,11.00182
10640,3.378665,-9.8,-3.685732,11.00182
10641,3.378665,-9.8,-3.685732,11.00182
10642,3.378665,-9.8,-3.685732,11.00182
10643,3.378665,-9.8,-3.685732,11.00182
10644,3.378665,-9.8,-3.685732,11.00182
10645,3.378665,-9.8,-3.685732,11.00182
10646,3.378665,-9.8,-3.685732,11.00182
10647,3.378665,-9.8,-3.685732,11.00182
10648,3.378665,-9.8,-3.685732,11.00182
10649,3.378665,-9.8,-3.685732,11.00182
10650,3.378665,-9.8,-3.685732,11.00182
10651,3.378665,-9.8,-3.685732,11.00182
10652,3.378665,-9.8,-3.685732,11.00182
10653,3.378665,-9.8,-3.685732,11.00182
10654,3.378665,-9.8,-3.685732,11.00182
10655,3.378665,-9.8,-3.685732,11.00182
10656,3.378665,-9.8,-3.685732,11.00182
10657,3.378665,-9.8,-3.685732,11.00182
10658,3.378665,-9.8,-3.685732,11.00182
10659,3.378665,-9.8,-3.685732,11.00182
10660,3.378665,-9.8,-3.685732,11.00182
10661,3.378665,-9.8,-3.685732,11.00182
10662,3.378665,-9.8,-3.685732,11.00182
10663,3.378665,-9.8,-3.685732,11.00182
10664,3.378665,-9.8,-3.685732,11.00182
10665,3.378665,-9.8,-3.685732,11.00182
10666,3.378665,-9.8,-3.685732,11.00182
10667,3.378665,-9.8,-3.685732,11.00182
10668,3.378665,-9.8,-3.685732,11.00182
10669,3.378665,-9.8,-3.685732,11.00182
10670,3.378665,-9.8,-3.685732,11.00182
10671,3.378665,-9.8,-3.685732,11.00182
10672,3.378665,-9.8,-3.685732,11.00182
10673,3.378665,-9.8,-3.685732,11.00182
10674,3.378665,-9.8,-3.685732,11.00182
10675,3.378665,-9.8,-3.685732,11.00182
10676,3.378665,-9.8,-3.685732,11.00182
10677,3.378665,-9.8,-3.685732,11.00182
10678,3.378665,-9.8,-3.685732,11.00182
10679,3.378665,-9.8,-3.685732,11.00182
10680,3.378665,-9.8,-3.685732,11.00182
10681,3.378665,-9.8,-3.685732,11.00182
10682,3.378665,-9.8,-3.685732,11.00182
10683,3.378665,-9.8,-3.685732,11.00182
10684,3.378665,-9.8,-3.685732,11.00182
10685,3.378665,-9.8,-3.685732,11.00182
10686,3.378665,-9.8,-3.685732,11.00182
10687,3.378665,-9.8,-3.685732,11.00182
10688,3.378665,-9.8,-3.685732,11.00182
10689,3.378665,-9.8,-3.685732,11.00182
10690,3.378665,-9.8,-3.685732,11.00182
10691,3.378665,-9.8,-3.685732,11.00182
10692,3.378665,-9.8,-3.685732,11.00182
10693,3.378665,-9.8,-3.685732,11.00182
10694,3.378665,-9.8,-3.685732,11.00182
10695,3.378665,-9.8,-3.685732,11.00182
10696,3.378665,-9.8,-3.685732,11.00182
10697,3.378665,-9.8,-3.685732,11.00182
10698,3.378665,-9.8,-3.685732,11.00182
10699,3.378665,-9.8,-3.685732,11.00182
10700,3.378665,-9.8,-3.685732,11.00182
10701,3.378665,-9.8,-3.685732,11.00182
10702,3.378665,-9.8,-3.685732,11.00182
10703,3.378665,-9.8,-3.685732,11.00182
10704,3.378665,-9.8,-3.685732,11.00182
10705,3.378665,-9.8,-3.685732,11.00182
10706,3.378665,-9.8,-3.685732,11.00182
10707,3.378665,-9.8,-3.685732,11.00182
10708,3.378665,-9.8,-3.685732,11.00182
10709,3.378665,-9.8,-3.685732,11.00182
10710,3.378665,-9.8,-3.685732,11.00182
10711,3.378665,-9.8,-3.685732,11.00182
10712,3.378665,-9.8,-3.685732,11.00182
10713,3.378665,-9.8,-3.685732,11.00182
10714,3.378665,-9.8,-3.685732,11.00182
10715,3.378665,-9.8,-3.685732,11.00182
10716,3.378665,-9.8,-3.685732,11.00182
10717,3.378665,-9.8,-3.685732,11.00182
10718,3.378665,-9.8,-3.685732,11.00182
10719,3.378665,-9.8,-3.685732,11.00182
10720,3.378665,-9.8,-3.685732,11.00182
10721,3.378665,-9.8,-3.685732,11.00182
10722,3.378665,-9.8,-3.685732,11.00182
10723,3.378665,-9.8,-3.685732,11.00182
10724,3.378665,-9.8,-3.685732,11.00182
10725,3.378665,-9.8,-3.685732,11.00182
10726,3.378665,-9.8,-3.685732,11.00182
10727,3.378665,-9.8,-3.685732,11.00182
10728,3.378665,-9.8,-3.685732,11.00182
10729,3.378665,-9.8,-3.685732,11.00182
10730,3.378665,-9.8,-3.685732,11.00182
10731,3.378665,-9.8,-3.685732,11.00182
10732,3.378665,-9.8,-3.685732,11.00182
10733,3.378665,-9.8,-3.685732,11.00182
10734,3.378665,-9.8,-3.685732,11.00182
10735,3.378665,-9.8,-3.685732,11.00182
10736,3.378665,-9.8,-3.685732,11.00182
10737,3.378665,-9.8,-3.685732,11.00182
10738,3.378665,-9.8,-3.685732,11.00182
10739,3.378665,-9.8,-3.685732,11.00182
10740,3.378665,-9.8,-3.685732,11.00182
10741,3.378665,-9.8,-3.685732,11.00182
10742,3.378665,-9.8,-3.685732,11.00182
10743,3.378665,-9.8,-3.685732,11.00182
10744,3.378665,-9.8,-3.685732,11.00182
10745,3.378665,-9.8,-3.685732,11.00182
10746,3.378665,-9.8,-3.685732,11.00182
10747,3.378665,-9.8,-3.685732,11.00182
10748,3.378665,-9.8,-3.685732,11.00182
10749,3.378665,-9.8,-3.685732,11.00182
10750,3.378665,-9.8,-3.685732,11.00182
10751,3.378665,-9.8,-3.685732,11.00182
10752,3.378665,-9.8,-3.685732,11.00182
10753,3.378665,-9.8,-3.685732,11.00182
10754,3.378665,-9.8,-3.685732,11.00182
10755,3.378665,-9.8,-3.685732,11.00182
10756,3.378665,-9.8,-3.685732,11.00182
10757,3.378665,-9.8,-3.685732,11.00182
10758,3.378665,-9.8,-3.685732,11.00182
10759,3.378665,-9.8,-3.685732,11.00182
10760,3.378665,-9.8,-3.685732,11.00182
10761,3.378665,-9.8,-3.685732,11.00182
10762,3.378665,-9.8,-3.685732,11.00182
10763,3.378665,-9.8,-3.685732,11.00182
10764,3.378665,-9.8,-3.685732,11.00182
10765,3.378665,-9.8,-3.685732,11.00182
10766,3.378665,-9.8,-3.685732,11.00182
10767,3.378665,-9.8,-3.685732,11.00182
10768,3.378665,-9.8,-3.685732,11.00182
10769,3.378665,-9.8,-3.685732,11.00182
10770,3.378665,-9.8,-3.685732,11.00182
10771,3.378665,-9.8,-3.685732,11.00182
10772,3.378665,-9.8,-3.685732,11.00182
10773,3.378665,-9.8,-3.685732,11.00182
10774,3.378665,-9.8,-3.685732,11.00182
10775,3.378665,-9.8,-3.685732,11.00182
10776,3.378665,-9.8,-3.685732,11.00182
10777,3.378665,-9.8,-3.685732,11.00182
10778,3.378665,-9.8,-3.685732,11.00182
10779,3.378665,-9.8,-3.685732,11.00182
10780,3.378665,-9.8,-3.685732,11.00182
10781,3.378665,-9.8,-3.685732,11.00182
10782,3.378665,-9.8,-3.685732,11.00182
10783,3.378665,-9.8,-3.685732,11.00182
10784,3.378665,-9.8,-3.685732,11.00182
10785,3.378665,-9.8,-3.685732,11.00182
10786,3.378665,-9.8,-3.685732,11.00182
10787,3.378665,-9.8,-3.685732,11.00182
10788,3.378665,-9.8,-3.685732,11.00182
10789,3.378665,-9.8,-3.685732,11.00182
10790,3.378665,-9.8,-3.685732,11.00182
10791,3.378665,-9.8,-3.685732,11.00182
10792,3.378665,-9.8,-3.685732,11.00182
10793,3.378665,-9.8,-3.685732,11.00182
10794,3.378665,-9.8,-3.685732,11.00182
10795,3.378665,-9.8,-3.685732,11.00182
10796,3.378665,-9.8,-3.685732,11.00182
10797,3.378665,-9.8,-3.685732,11.00182
10798,3.378665,-9.8,-3.685732,11.00182
10799,3.378665,-9.8,-3.685732,11.00182
10800,3.378665,-9.8,-3.685732,11.00182
10801,3.378665,-9.8,-3.685732,11.00182
10802,3.378665,-9.8,-3.685732,11.00182
10803,3.378665,-9.8,-3.685732,11.00182
10804,3.378665,-9.8,-3.685732,11.00182
10805,3.378665,-9.8,-3.685732,11.00182
10806,3.378665,-9.8,-3.685732,11.00182
10807,3.378665,-9.8,-3.685732,11.00182
10808,3.378665,-9.8,-3.685732,11.00182
10809,3.378665,-9.8,-3.685732,11.00182
10810,3.378665,-9.8,-3.685732,11.00182
10811,3.378665,-9.8,-3.685732,11.00182
10812,3.378665,-9.8,-3.685732,11.00182
10813,3.378665,-9.8,-3.685732,11.00182
10814,3.378665,-9.8,-3.685732,11.00182
10815,3.378665,-9.8,-3.685732,11.00182
10816,3.378665,-9.8,-3.685732,11.00182
10817,3.378665,-9.8,-3.685732,11.00182
10818,3.378665,-9.8,-3.685732,11.00182
10819,3.378665,-9.8,-3.685732,11.00182
10820,3.378665,-9.8,-3.685732,11.00182
10821,3.378665,-9.8,-3.685732,11.00182
10822,3.378665,-9.8,-3.685732,11.00182
10823,3.378665,-9.8,-3.685732,11.00182
10824,3.378665,-9.8,-3.685732,11.00182
10825,3.378665,-9.8,-3.685732,11.00182
10826,3.378665,-9.8,-3.685732,11.00182
10827,3.378665,-9.8,-3.685732,11.00182
10828,3.378665,-9.8,-3.685732,11.00182
10829,3.378665,-9.8,-3.685732,11.00182
10830,3.378665,-9.8,-3.685732,11.00182
10831,3.378665,-9.8,-3.685732,11.00182
10832,3.378665,-9.8,-3.685732,11.00182
10833,3.378665,-9.8,-3.685732,11.00182
10834,3.378665,-9.8,-3.685732,11.00182
10835,3.378665,-9.8,-3.685732,11.00182
10836,3.378665,-9.8,-3.685732,11.00182
10837,3.378665,-9.8,-3.685732,11.00182
10838,3.378665,-9.8,-3.685732,11.00182
10839,3.378665,-9.8,-3.685732,11.00182
10840,3.378665,-9.8,-3.685732,11.00182
10841,3.378665,-9.8,-3.685732,11.00182
10842,3.378665,-9.8,-3.685732,11.00182
10843,3.378665,-9.8,-3.685732,11.00182
10844,3.378665,-9.8,-3.685732,11.00182
10845,3.378665,-9.8,-3.685732,11.00182
10846,3.378665,-9.8,-3.685732,11.00182
10847,3.378665,-9.8,-3.685732,11.00182
10848,3.378665,-9.8,-3.685732,11.00182
10849,3.378665,-9.8,-3.685732,11.00182
10850,3.378665,-9.8,-3.685732,11.00182
10851,3.378665,-9.8,-3.685732,11.00182
10852,3.378665,-9.8,-3.685732,11.00182
10853,3.378665,-9.8,-3.685732,11.00182
10854,3.378665,-9.8,-3.685732,11.00182
10855,3.378665,-9.8,-3.685732,11.00182
10856,3.378665,-9.8,-3.685732,11.00182
10857,3.378665,-9.8,-3.685732,11.00182
10858,3.378665,-9.8,-3.685732,11.00182
10859,3.378665,-9.8,-3.685732,11.00182
10860,3.378665,-9.8,-3.685732,11.00182
10861,3.378665,-9.8,-3.685732,11.00182
10862,3.378665,-9.8,-3.685732,11.00182
10863,3.378665,-9.8,-3.685732,11.00182
10864,3.378665,-9.8,-3.685732,11.00182
10865,3.378665,-9.8,-3.685732,11.00182
10866,3.378665,-9.8,-3.685732,11.00182
10867,3.378665,-9.8,-3.685732,11.00182
10868,3.378665,-9.8,-3.685732,11.00182
10869,3.378665,-9.8,-3.685732,11.00182
10870,3.378665,-9.8,-3.685732,11.00182
10871,3.378665,-9.8,-3.685732,11.00182
10872,3.378665,-9.8,-3.685732,11.00182
10873,3.378665,-9.8,-3.685732,11.00182
10874,3.378665,-9.8,-3.685732,11.00182
10875,3.378665,-9.8,-3.685732,11.00182
10876,3.378665,-9.8,-3.685732,11.00182
10877,3.378665,-9.8,-3.685732,11.00182
10878,3.378665,-9.8,-3.685732,11.00182
10879,3.378665,-9.8,-3.685732,11.00182
10880,3.378665,-9.8,-3.685732,11.00182
10881,3.378665,-9.8,-3.685732,11.00182
10882,3.378665,-9.8,-3.685732,11.00182
10883,3.378665,-9.8,-3.685732,11.00182
10884,3.378665,-9.8,-3.685732,11.00182
10885,3.378665,-9.8,-3.685732,11.00182
10886,3.378665,-9.8,-3.685732,11.00182
10887,3.378665,-9.8,-3.685732,11.00182
10888,3.378665,-9.8,-3.685732,11.00182
10889,3.378665,-9.8,-3.685732,11.00182
10890,3.378665,-9.8,-3.685732,11.00182
10891,3.378665,-9.8,-3.685732,11.00182
10892,3.378665,-9.8,-3.685732,11.00182
10893,3.378665,-9.8,-3.685732,11.00182
10894,3.378665,-9.8,-3.685732,11.00182
10895,3.378665,-9.8,-3.685732,11.00182
10896,3.378665,-9.8,-3.685732,11.00182
10897,3.378665,-9.8,-3.685732,11.00182
10898,3.378665,-9.8,-3.685732,11.00182
10899,3.378665,-9.8,-3.685732,11.00182
10900,3.378665,-9.8,-3.685732,11.00182
10901,3.378665,-9.8,-3.685732,11.00182
10902,3.378665,-9.8,-3.685732,11.00182
10903,3.378665,-9.8,-3.685732,11.00182
10904,3.378665,-9.8,-3.685732,11.00182
10905,3.378665,-9.8,-3.685732,11.00182
10906,3.378665,-9.8,-3.685732,11.00182
10907,3.378665,-9.8,-3.685732,11.00182
10908,3.378665,-9.8,-3.685732,11.00182
10909,3.378665,-9.8,-3.685732,11.00182
10910,3.378665,-9.8,-3.685732,11.00182
10911,3.378665,-9.8,-3.685732,11.00182
10912,3.378665,-9.8,-3.685732,11.00182
10913,3.378665,-9.8,-3.685732,11.00182
10914,3.378665,-9.8,-3.685732,11.00182
10915,3.378665,-9.8,-3.685732,11.00182
10916,3.378665,-9.8,-3.685732,11.00182
10917,3.378665,-9.8,-3.685732,11.00182
10918,3.378665,-9.8,-3.685732,11.00182
10919,3.378665,-9.8,-3.685732,11.00182
10920,3.378665,-9.8,-3.685732,11.00182
10921,3.378665,-9.8,-3.685732,11.00182
10922,3.378665,-9.8,-3.685732,11.00182
10923,3.378665,-9.8,-3.685732,11.00182
10924,3.378665,-9.8,-3.685732,11.00182
10925,3.378665,-9.8,-3.685732,11.00182
10926,3.378665,-9.8,-3.685732,11.00182
10927,3.378665,-9.8,-3.685732,11.00182
10928,3.378665,-9.8,-3.685732,11.00182
10929,3.378665,-9.8,-3.685732,11.00182
10930,3.378665,-9.8,-3.685732,11.00182
10931,3.378665,-9.8,-3.685732,11.00182
10932,3.378665,-9.8,-3.685732,11.00182
10933,3.378665,-9.8,-3.685732,11.00182
10934,3.378665,-9.8,-3.685732,11.00182
10935,3.378665,-9.8,-3.685732,11.00182
10936,3.378665,-9.8,-3.685732,11.00182
10937,3.378665,-9.8,-3.685732,11.00182
10938,3.378665,-9.8,-3.685732,11.00182
10939,3.378665,-9.8,-3.685732,11.00182
10940,3.378665,-9.8,-3.685732,11.00182
10941,3.378665,-9.8,-3.685732,11.00182
10942,3.378665,-9.8,-3.685732,11.00182
10943,3.378665,-9.8,-3.685732,11.00182
10944,3.378665,-9.8,-3.685732,11.00182
10945,3.378665,-9.8,-3.685732,11.00182
10946,3.378665,-9.8,-3.685732,11.00182
10947,3.378665,-9.8,-3.685732,11.00182
10948,3.378665,-9.8,-3.685732,11.00182
10949,3.378665,-9.8,-3.685732,11.00182
10950,3.378665,-9.8,-3.685732,11.00182
10951,3.378665,-9.8,-3.685732,11.00182
10952,3.378665,-9.8,-3.685732,11.00182
10953,3.378665,-9.8,-3.685732,11.00182
10954,3.378665,-9.8,-3.685732,11.00182
10955,3.378665,-9.8,-3.685732,11.00182
10956,3.378665,-9.8,-3.685732,11.00182
10957,3.378665,-9.8,-3.685732,11.00182
10958,3.378665,-9.8,-3.685732,11.00182
10959,3.378665,-9.8,-3.685732,11.00182
10960,3.378665,-9.8,-3.685732,11.00182
10961,3.378665,-9.8,-3.685732,11.00182
10962,3.378665,-9.8,-3.685732,11.00182
10963,3.378665,-9.8,-3.685732,11.00182
10964,3.378665,-9.8,-3.685732,11.00182
10965,3.378665,-9.8,-3.685732,11.00182
10966,3.378665,-9.8,-3.685732,11.00182
10967,3.378665,-9.8,-3.685732,11.00182
10968,3.378665,-9.8,-3.685732,11.00182
10969,3.378665,-9.8,-3.685732,11.00182
10970,3.378665,-9.8,-3.685732,11.00182
10971,3.378665,-9.8,-3.685732,11.00182
10972,3.378665,-9.8,-3.685732,11.00182
10973,3.378665,-9.8,-3.685732,11.00182
10974,3.378665,-9.8,-3.685732,11.00182
10975,3.378665,-9.8,-3.685732,11.00182
10976,3.378665,-9.8,-3.685732,11.00182
10977,3.378665,-9.8,-3.685732,11.00182
10978,3.378665,-9.8,-3.685732,11.00182
10979,3.378665,-9.8,-3.685732,11.00182
10980,3.378665,-9.8,-3.685732,11.00182
10981,3.378665,-9.8,-3.685732,11.00182
10982,3.378665,-9.8,-3.685732,11.00182
10983,3.378665,-9.8,-3.685732,11.00182
10984,3.378665,-9.8,-3.685732,11.00182
10985,3.378665,-9.8,-3.685732,11.00182
10986,3.378665,-9.8,-3.685732,11.00182
10987,3.378665,-9.8,-3.685732,11.00182
10988,3.378665,-9.8,-3.685732,11.00182
10989,3.378665,-9.8,-3.685732,11.00182
10990,3.378665,-9.8,-3.685732,11.00182
10991,3.378665,-9.8,-3.685732,11.00182
10992,3.378665,-9.8,-3.685732,11.00182
10993,3.378665,-9.8,-3.685732,11.00182
10994,3.378665,-9.8,-3.685732,11.00182
10995,3.378665,-9.8,-3.685732,11.00182
10996,3.378665,-9.8,-3.685732,11.00182
10997,3.378665,-9.8,-3.685732,11.00182
10998,3.378665,-9.8,-3.685732,11.00182
10999,3.378665,-9.8,-3.685732,11.00182
11000,3.378665,-9.8,-3.685732,11.00182
11001,3.378665,-9.8,-3.685732,11.00182
11002,3.378665,-9.8,-3.685732,11.00182
11003,3.378665,-9.8,-3.685732,11.00182
11004,3.378665,-9.8,-3.685732,11.00182
11005,3.378665,-9.8,-3.685732,11.00182
11006,3.378665,-9.8,-3.685732,11.00182
11007,3.378665,-9.8,-3.685732,11.00182
11008,3.378665,-9.8,-3.685732,11.00182
11009,3.378665,-9.8,-3.685732,11.00182
11010,3.378665,-9.8,-3.685732,11.00182
11011,3.378665,-9.8,-3.685732,11.00182
11012,3.378665,-9.8,-3.685732,11.00182
11013,3.378665,-9.8,-3.685732,11.00182
11014,3.378665,-9.8,-3.685732,11.00182
11015,3.378665,-9.8,-3.685732,11.00182
11016,3.378665,-9.8,-3.685732,11.00182
11017,3.378665,-9.8,-3.685732,11.00182
11018,3.378665,-9.8,-3.685732,11.00182
11019,3.378665,-9.8,-3.685732,11.00182
11020,3.378665,-9.8,-3.685732,11.00182
11021,3.378665,-9.8,-3.685732,11.00182
11022,3.378665,-9.8,-3.685732,11.00182
11023,3.378665,-9.8,-3.685732,11.00182
11024,3.378665,-9.8,-3.685732,11.00182
11025,3.378665,-9.8,-3.685732,11.00182
11026,3.378665,-9.8,-3.685732,11.00182
11027,3.378665,-9.8,-3.685732,11.00182
11028,3.378665,-9.8,-3.685732,11.00182
11029,3.378665,-9.8,-3.685732,11.00182
11030,3.378665,-9.8,-3.685732,11.00182
11031,3.378665,-9.8,-3.685732,11.00182
11032,3.378665,-9.8,-3.685732,11.00182
11033,3.378665,-9.8,-3.685732,11.00182
11034,3.378665,-9.8,-3.685732,11.00182
11035,3.378665,-9.8,-3.685732,11.00182
11036,3.378665,-9.8,-3.685732,11.00182
11037,3.378665,-9.8,-3.685732,11.00182
11038,3.378665,-9.8,-3.685732,11.00182
11039,3.378665,-9.8,-3.685732,11.00182
11040,3.378665,-9.8,-3.685732,11.00182
11041,3.378665,-9.8,-3.685732,11.00182
11042,3.378665,-9.8,-3.685732,11.00182
11043,3.378665,-9.8,-3.685732,11.00182
11044,3.378665,-9.8,-3.685732,11.00182
11045,3.378665,-9.8,-3.685732,11.00182
11046,3.378665,-9.8,-3.685732,11.00182
11047,3.378665,-9.8,-3.685732,11.00182
11048,3.378665,-9.8,-3.685732,11.00182
11049,3.378665,-9.8,-3.685732,11.00182
11050,3.378665,-9.8,-3.685732,11.00182
11051,3.378665,-9.8,-3.685732,11.00182
11052,3.378665,-9.8,-3.685732,11.00182
11053,3.378665,-9.8,-3.685732,11.00182
11054,3.378665,-9.8,-3.685732,11.00182
11055,3.378665,-9.8,-3.685732,11.00182
11056,3.378665,-9.8,-3.685732,11.00182
11057,3.378665,-9.8,-3.685732,11.00182
11058,3.378665,-9.8,-3.685732,11.00182
11059,3.378665,-9.8,-3.685732,11.00182
11060,3.378665,-9.8,-3.685732,11.00182
11061,3.378665,-9.8,-3.685732,11.00182
11062,3.378665,-9.8,-3.685732,11.00182
11063,3.378665,-9.8,-3.685732,11.00182
11064,3.378665,-9.8,-3.685732,11.00182
11065,3.378665,-9.8,-3.685732,11.00182
11066,3.378665,-9.8,-3.685732,11.00182
11067,3.378665,-9.8,-3.685732,11.00182
11068,3.378665,-9.8,-3.685732,11.00182
11069,3.378665,-9.8,-3.685732,11.00182
11070,3.378665,-9.8,-3.685732,11.00182
11071,3.378665,-9.8,-3.685732,11.00182
11072,3.378665,-9.8,-3.685732,11.00182
11073,3.378665,-9.8,-3.685732,11.00182
11074,3.378665,-9.8,-3.685732,11.00182
11075,3.378665,-9.8,-3.685732,11.00182
11076,3.378665,-9.8,-3.685732,11.00182
11077,3.378665,-9.8,-3.685732,11.00182
11078,3.378665,-9.8,-3.685732,11.00182
11079,3.378665,-9.8,-3.685732,11.00182
11080,3.378665,-9.8,-3.685732,11.00182
11081,3.378665,-9.8,-3.685732,11.00182
11082,3.378665,-9.8,-3.685732,11.00182
11083,3.378665,-9.8,-3.685732,11.00182
11084,3.378665,-9.8,-3.685732,11.00182
11085,3.378665,-9.8,-3.685732,11.00182
11086,3.378665,-9.8,-3.685732,11.00182
11087,3.378665,-9.8,-3.685732,11.00182
11088,3.378665,-9.8,-3.685732,11.00182
11089,3.378665,-9.8,-3.685732,11.00182
11090,3.378665,-9.8,-3.685732,11.00182
11091,3.378665,-9.8,-3.685732,11.00182
11092,3.378665,-9.8,-3.685732,11.00182
11093,3.378665,-9.8,-3.685732,11.00182
11094,3.378665,-9.8,-3.685732,11.00182
11095,3.378665,-9.8,-3.685732,11.00182
11096,3.378665,-9.8,-3.685732,11.00182
11097,3.378665,-9.8,-3.685732,11.00182
11098,3.378665,-9.8,-3.685732,11.00182
11099,3.378665,-9.8,-3.685732,11.00182
11100,3.378665,-9.8,-3.685732,11.00182
11101,3.378665,-9.8,-3.685732,11.00182
11102,3.378665,-9.8,-3.685732,11.00182
11103,3.378665,-9.8,-3.685732,11.00182
11104,3.378665,-9.8,-3.685732,11.00182
11105,3.378665,-9.8,-3.685732,11.00182
11106,3.378665,-9.8,-3.685732,11.00182
11107,3.378665,-9.8,-3.685732,11.00182
11108,3.378665,-9.8,-3.685732,11.00182
11109,3.378665,-9.8,-3.685732,11.00182
11110,3.378665,-9.8,-3.685732,11.00182
11111,3.378665,-9.8,-3.685732,11.00182
11112,3.378665,-9.8,-3.685732,11.00182
11113,3.378665,-9.8,-3.685732,11.00182
11114,3.378665,-9.8,-3.685732,11.00182
11115,3.378665,-9.8,-3.685732,11.00182
11116,3.378665,-9.8,-3.685732,11.00182
11117,3.378665,-9.8,-3.685732,11.00182
11118,3.378665,-9.8,-3.685732,11.00182
11119,3.378665,-9.8,-3.685732,11.00182
11120,3.378665,-9.8,-3.685732,11.00182
11121,3.378665,-9.8,-3.685732,11.00182
11122,3.378665,-9.8,-3.685732,11.00182
11123,3.378665,-9.8,-3.685732,11.00182
11124,3.378665,-9.8,-3.685732,11.00182
11125,3.378665,-9.8,-3.685732,11.00182
11126,3.378665,-9.8,-3.685732,11.00182
11127,3.378665,-9.8,-3.685732,11.00182
11128,3.378665,-9.8,-3.685732,11.00182
11129,3.378665,-9.8,-3.685732,11.00182
11130,3.378665,-9.8,-3.685732,11.00182
11131,3.378665,-9.8,-3.685732,11.00182
11132,3.378665,-9.8,-3.685732,11.00182
11133,3.378665,-9.8,-3.685732,11.00182
11134,3.378665,-9.8,-3.685732,11.00182
11135,3.378665,-9.8,-3.685732,11.00182
11136,3.378665,-9.8,-3.685732,11.00182
11137,3.378665,-9.8,-3.685732,11.00182
11138,3.378665,-9.8,-3.685732,11.00182
11139,3.378665,-9.8,-3.685732,11.00182
11140,3.378665,-9.8,-3.685732,11.00182
11141,3.378665,-9.8,-3.685732,11.00182
11142,3.378665,-9.8,-3.685732,11.00182
11143,3.378665,-9.8,-3.685732,11.00182
11144,3.378665,-9.8,-3.685732,11.00182
11145,3.378665,-9.8,-3.685732,11.00182
11146,3.378665,-9.8,-3.685732,11.00182
11147,3.378665,-9.8,-3.685732,11.00182
11148,3.378665,-9.8,-3.685732,11.00182
11149,3.378665,-9.8,-3.685732,11.00182
11150,3.378665,-9.8,-3.685732,11.00182
11151,3.378665,-9.8,-3.685732,11.00182
11152,3.378665,-9.8,-3.685732,11.00182
11153,3.378665,-9.8,-3.685732,11.00182
11154,3.378665,-9.8,-3.685732,11.00182
11155,3.378665,-9.8,-3.685732,11.00182
11156,3.378665,-9.8,-3.685732,11.00182
11157,3.378665,-9.8,-3.685732,11.00182
11158,3.378665,-9.8,-3.685732,11.00182
11159,3.378665,-9.8,-3.685732,11.00182
11160,3.378665,-9.8,-3.685732,11.00182
11161,3.378665,-9.8,-3.685732,11.00182
11162,3.378665,-9.8,-3.685732,11.00182
11163,3.378665,-9.8,-3.685732,11.00182
11164,3.378665,-9.8,-3.685732,11.00182
11165,3.378665,-9.8,-3.685732,11.00182
11166,3.378665,-9.8,-3.685732,11.00182
11167,3.378665,-9.8,-3.685732,11.00182
11168,3.378665,-9.8,-3.685732,11.00182
11169,3.378665,-9.8,-3.685732,11.00182
11170,3.378665,-9.8,-3.685732,11.00182
11171,3.378665,-9.8,-3.685732,11.00182
11172,3.378665,-9.8,-3.685732,11.00182
11173,3.378665,-9.8,-3.685732,11.00182
11174,3.378665,-9.8,-3.685732,11.00182
11175,3.378665,-9.8,-3.685732,11.00182
11176,3.378665,-9.8,-3.685732,11.00182
11177,3.378665,-9.8,-3.685732,11.00182
11178,3.378665,-9.8,-3.685732,11.00182
11179,3.378665,-9.8,-3.685732,11.00182
11180,3.378665,-9.8,-3.685732,11.00182
11181,3.378665,-9.8,-3.685732,11.00182
11182,3.378665,-9.8,-3.685732,11.00182
11183,3.378665,-9.8,-3.685732,11.00182
11184,3.378665,-9.8,-3.685732,11.00182
11185,3.378665,-9.8,-3.685732,11.00182
11186,3.378665,-9.8,-3.685732,11.00182
11187,3.378665,-9.8,-3.685732,11.00182
11188,3.378665,-9.8,-3.685732,11.00182
11189,3.378665,-9.8,-3.685732,11.00182
11190,3.378665,-9.8,-3.685732,11.00182
11191,3.378665,-9.8,-3.685732,11.00182
11192,3.378665,-9.8,-3.685732,11.00182
11193,3.378665,-9.8,-3.685732,11.00182
11194,3.378665,-9.8,-3.685732,11.00182
11195,3.378665,-9.8,-3.685732,11.00182
11196,3.378665,-9.8,-3.685732,11.00182
11197,3.378665,-9.8,-3.685732,11.00182
11198,3.378665,-9.8,-3.685732,11.00182
11199,3.378665,-9.8,-3.685732,11.00182
11200,3.378665,-9.8,-3.685732,11.00182
11201,3.378665,-9.8,-3.685732,11.00182
11202,3.378665,-9.8,-3.685732,11.00182
11203,3.378665,-9.8,-3.685732,11.00182
11204,3.378665,-9.8,-3.685732,11.00182
11205,3.378665,-9.8,-3.685732,11.00182
11206,3.378665,-9.8,-3.685732,11.00182
11207,3.378665,-9.8,-3.685732,11.00182
11208,3.378665,-9.8,-3.685732,11.00182
11209,3.378665,-9.8,-3.685732,11.00182
11210,3.378665,-9.8,-3.685732,11.00182
11211,3.378665,-9.8,-3.685732,11.00182
11212,3.378665,-9.8,-3.685732,11.00182
11213,3.378665,-9.8,-3.685732,11.00182
11214,3.378665,-9.8,-3.685732,11.00182
11215,3.378665,-9.8,-3.685732,11.00182
11216,3.378665,-9.8,-3.685732,11.00182
11217,3.378665,-9.8,-3.685732,11.00182
11218,3.378665,-9.8,-3.685732,11.00182
11219,3.378665,-9.8,-3.685732,11.00182
11220,3.378665,-9.8,-3.685732,11.00182
11221,3.378665,-9.8,-3.685732,11.00182
11222,3.378665,-9.8,-3.685732,11.00182
11223,3.378665,-9.8,-3.685732,11.00182
11224,3.378665,-9.8,-3.685732,11.00182
11225,3.378665,-9.8,-3.685732,11.00182
11226,3.378665,-9.8,-3.685732,11.00182
11227,3.378665,-9.8,-3.685732,11.00182
11228,3.378665,-9.8,-3.685732,11.00182
11229,3.378665,-9.8,-3.685732,11.00182
11230,3.378665,-9.8,-3.685732,11.00182
11231,3.378665,-9.8,-3.685732,11.00182
11232,3.378665,-9.8,-3.685732,11.00182
11233,3.378665,-9.8,-3.685732,11.00182
11234,3.378665,-9.8,-3.685732,11.00182
11235,3.378665,-9.8,-3.685732,11.00182
11236,3.378665,-9.8,-3.685732,11.00182
11237,3.378665,-9.8,-3.685732,11.00182
11238,3.378665,-9.8,-3.685732,11.00182
11239,3.378665,-9.8,-3.685732,11.00182
11240,3.378665,-9.8,-3.685732,11.00182
11241,3.378665,-9.8,-3.685732,11.00182
11242,3.378665,-9.8,-3.685732,11.00182
11243,3.378665,-9.8,-3.685732,11.00182
11244,3.378665,-9.8,-3.685732,11.00182
11245,3.378665,-9.8,-3.685732,11.00182
11246,3.378665,-9.8,-3.685732,11.00182
11247,3.378665,-9.8,-3.685732,11.00182
11248,3.378665,-9.8,-3.685732,11.00182
11249,3.378665,-9.8,-3.685732,11.00182
11250,3.378665,-9.8,-3.685732,11.00182
11251,3.378665,-9.8,-3.685732,11.00182
11252,3.378665,-9.8,-3.685732,11.00182
11253,3.378665,-9.8,-3.685732,11.00182
11254,3.378665,-9.8,-3.685732,11.00182
11255,3.378665,-9.8,-3.685732,11.00182
11256,3.378665,-9.8,-3.685732,11.00182
11257,3.378665,-9.8,-3.685732,11.00182
11258,3.378665,-9.8,-3.685732,11.00182
11259,3.378665,-9.8,-3.685732,11.00182
11260,3.378665,-9.8,-3.685732,11.00182
11261,3.378665,-9.8,-3.685732,11.00182
11262,3.378665,-9.8,-3.685732,11.00182
11263,3.378665,-9.8,-3.685732,11.00182
11264,3.378665,-9.8,-3.685732,11.00182
11265,3.378665,-9.8,-3.685732,11.00182
11266,3.378665,-9.8,-3.685732,11.00182
11267,3.378665,-9.8,-3.685732,11.00182
11268,3.378665,-9.8,-3.685732,11.00182
11269,3.378665,-9.8,-3.685732,11.00182
11270,3.378665,-9.8,-3.685732,11.00182
11271,3.378665,-9.8,-3.685732,11.00182
11272,3.378665,-9.8,-3.685732,11.00182
11273,3.378665,-9.8,-3.685732,11.00182
11274,3.378665,-9.8,-3.685732,11.00182
11275,3.378665,-9.8,-3.685732,11.00182
11276,3.378665,-9.8,-3.685732,11.00182
11277,3.378665,-9.8,-3.685732,11.00182
11278,3.378665,-9.8,-3.685732,11.00182
11279,3.378665,-9.8,-3.685732,11.00182
11280,3.378665,-9.8,-3.685732,11.00182
11281,3.378665,-9.8,-3.685732,11.00182
11282,3.378665,-9.8,-3.685732,11.00182
11283,3.378665,-9.8,-3.685732,11.00182
11284,3.378665,-9.8,-3.685732,11.00182
11285,3.378665,-9.8,-3.685732,11.00182
11286,3.378665,-9.8,-3.685732,11.00182
11287,3.378665,-9.8,-3.685732,11.00182
11288,3.378665,-9.8,-3.685732,11.00182
11289,3.378665,-9.8,-3.685732,11.00182
11290,3.378665,-9.8,-3.685732,11.00182
11291,3.378665,-9.8,-3.685732,11.00182
11292,3.378665,-9.8,-3.685732,11.00182
11293,3.378665,-9.8,-3.685732,11.00182
11294,3.378665,-9.8,-3.685732,11.00182
11295,3.378665,-9.8,-3.685732,11.00182
11296,3.378665,-9.8,-3.685732,11.00182
11297,3.378665,-9.8,-3.685732,11.00182
11298,3.378665,-9.8,-3.685732,11.00182
11299,3.378665,-9.8,-3.685732,11.00182
11300,3.378665,-9.8,-3.685732,11.00182
11301,3.378665,-9.8,-3.685732,11.00182
11302,3.378665,-9.8,-3.685732,11.00182
11303,3.378665,-9.8,-3.685732,11.00182
11304,3.378665,-9.8,-3.685732,11.00182
11305,3.378665,-9.8,-3.685732,11.00182
11306,3.378665,-9.8,-3.685732,11.00182
11307,3.378665,-9.8,-3.685732,11.00182
11308,3.378665,-9.8,-3.685732,11.00182
11309,3.378665,-9.8,-3.685732,11.00182
11310,3.378665,-9.8,-3.685732,11.00182
11311,3.378665,-9.8,-3.685732,11.00182
11312,3.378665,-9.8,-3.685732,11.00182
11313,3.378665,-9.8,-3.685732,11.00182
11314,3.378665,-9.8,-3.685732,11.00182
11315,3.378665,-9.8,-3.685732,11.00182
11316,3.378665,-9.8,-3.685732,11.00182
11317,3.378665,-9.8,-3.685732,11.00182
11318,3.378665,-9.8,-3.685732,11.00182
11319,3.378665,-9.8,-3.685732,11.00182
11320,3.378665,-9.8,-3.685732,11.00182
11321,3.378665,-9.8,-3.685732,11.00182
11322,3.378665,-9.8,-3.685732,11.00182
11323,3.378665,-9.8,-3.685732,11.00182
11324,3.378665,-9.8,-3.685732,11.00182
11325,3.378665,-9.8,-3.685732,11.00182
11326,3.378665,-9.8,-3.685732,11.00182
11327,3.378665,-9.8,-3.685732,11.00182
11328,3.378665,-9.8,-3.685732,11.00182
11329,3.378665,-9.8,-3.685732,11.00182
11330,3.378665,-9.8,-3.685732,11.00182
11331,3.378665,-9.8,-3.685732,11.00182
11332,3.378665,-9.8,-3.685732,11.00182
11333,3.378665,-9.8,-3.685732,11.00182
11334,3.378665,-9.8,-3.685732,11.00182
11335,3.378665,-9.8,-3.685732,11.00182
11336,3.378665,-9.8,-3.685732,11.00182
11337,3.378665,-9.8,-3.685732,11.00182
11338,3.378665,-9.8,-3.685732,11.00182
11339,3.378665,-9.8,-3.685732,11.00182
11340,3.378665,-9.8,-3.685732,11.00182
11341,3.378665,-9.8,-3.685732,11.00182
11342,3.378665,-9.8,-3.685732,11.00182
11343,3.378665,-9.8,-3.685732,11.00182
11344,3.378665,-9.8,-3.685732,11.00182
11345,3.378665,-9.8,-3.685732,11.00182
11346,3.378665,-9.8,-3.685732,11.00182
11347,3.378665,-9.8,-3.685732,11.00182
11348,3.378665,-9.8,-3.685732,11.00182
11349,3.378665,-9.8,-3.685732,11.00182
11350,3.378665,-9.8,-3.685732,11.00182
11351,3.378665,-9.8,-3.685732,11.00182
11352,3.378665,-9.8,-3.685732,11.00182
11353,3.378665,-9.8,-3.685732,11.00182
11354,3.378665,-9.8,-3.685732,11.00182
11355,3.378665,-9.8,-3.685732,11.00182
11356,3.378665,-9.8,-3.685732,11.00182
11357,3.378665,-9.8,-3.685732,11.00182
11358,3.378665,-9.8,-3.685732,11.00182
11359,3.378665,-9.8,-3.685732,11.00182
11360,3.378665,-9.8,-3.685732,11.00182
11361,3.378665,-9.8,-3.685732,11.00182
11362,3.378665,-9.8,-3.685732,11.00182
11363,3.378665,-9.8,-3.685732,11.00182
11364,3.378665,-9.8,-3.685732,11.00182
11365,3.378665,-9.8,-3.685732,11.00182
11366,3.378665,-9.8,-3.685732,11.00182
11367,3.378665,-9.8,-3.685732,11.00182
11368,3.378665,-9.8,-3.685732,11.00182
11369,3.378665,-9.8,-3.685732,11.00182
11370,3.378665,-9.8,-3.685732,11.00182
11371,3.378665,-9.8,-3.685732,11.00182
11372,3.378665,-9.8,-3.685732,11.00182
11373,3.378665,-9.8,-3.685732,11.00182
11374,3.378665,-9.8,-3.685732,11.00182
11375,3.378665,-9.8,-3.685732,11.00182
11376,3.378665,-9.8,-3.685732,11.00182
11377,3.378665,-9.8,-3.685732,11.00182
11378,3.378665,-9.8,-3.685732,11.00182
11379,3.378665,-9.8,-3.685732,11.00182
11380,3.378665,-9.8,-3.685732,11.00182
11381,3.378665,-9.8,-3.685732,11.00182
11382,3.378665,-9.8,-3.685732,11.00182
11383,3.378665,-9.8,-3.685732,11.00182
11384,3.378665,-9.8,-3.685732,11.00182
11385,3.378665,-9.8,-3.685732,11.00182
11386,3.378665,-9.8,-3.685732,11.00182
11387,3.378665,-9.8,-3.685732,11.00182
11388,3.378665,-9.8,-3.685732,11.00182
11389,3.378665,-9.8,-3.685732,11.00182
11390,3.378665,-9.8,-3.685732,11.00182
11391,3.378665,-9.8,-3.685732,11.00182
11392,3.378665,-9.8,-3.685732,11.00182
11393,3.378665,-9.8,-3.685732,11.00182
11394,3.378665,-9.8,-3.685732,11.00182
11395,3.378665,-9.8,-3.685732,11.00182
11396,3.378665,-9.8,-3.685732,11.00182
11397,3.378665,-9.8,-3.685732,11.00182
11398,3.378665,-9.8,-3.685732,11.00182
11399,3.378665,-9.8,-3.685732,11.00182
11400,3.378665,-9.8,-3.685732,11.00182
11401,3.378665,-9.8,-3.685732,11.00182
11402,3.378665,-9.8,-3.685732,11.00182
11403,3.378665,-9.8,-3.685732,11.00182
11404,3.378665,-9.8,-3.685732,11.00182
11405,3.378665,-9.8,-3.685732,11.00182
11406,3.378665,-9.8,-3.685732,11.00182
11407,3.378665,-9.8,-3.685732,11.00182
11408,3.378665,-9.8,-3.685732,11.00182
11409,3.378665,-9.8,-3.685732,11.00182
11410,3.378665,-9.8,-3.685732,11.00182
11411,3.378665,-9.8,-3.685732,11.00182
11412,3.378665,-9.8,-3.685732,11.00182
11413,3.378665,-9.8,-3.685732,11.00182
11414,3.378665,-9.8,-3.685732,11.00182
11415,3.378665,-9.8,-3.685732,11.00182
11416,3.378665,-9.8,-3.685732,11.00182
11417,3.378665,-9.8,-3.685732,11.00182
11418,3.378665,-9.8,-3.685732,11.00182
11419,3.378665,-9.8,-3.685732,11.00182
11420,3.378665,-9.8,-3.685732,11.00182
11421,3.378665,-9.8,-3.685732,11.00182
11422,3.378665,-9.8,-3.685732,11.00182
11423,3.378665,-9.8,-3.685732,11.00182
11424,3.378665,-9.8,-3.685732,11.00182
11425,3.378665,-9.8,-3.685732,11.00182
11426,3.378665,-9.8,-3.685732,11.00182
11427,3.378665,-9.8,-3.685732,11.00182
11428,3.378665,-9.8,-3.685732,11.00182
11429,3.378665,-9.8,-3.685732,11.00182
11430,3.378665,-9.8,-3.685732,11.00182
11431,3.378665,-9.8,-3.685732,11.00182
11432,3.378665,-9.8,-3.685732,11.00182
11433,3.378665,-9.8,-3.685732,11.00182
11434,3.378665,-9.8,-3.685732,11.00182
11435,3.378665,-9.8,-3.685732,11.00182
11436,3.378665,-9.8,-3.685732,11.00182
11437,3.378665,-9.8,-3.685732,11.00182
11438,3.378665,-9.8,-3.685732,11.00182
11439,3.378665,-9.8,-3.685732,11.00182
11440,3.378665,-9.8,-3.685732,11.00182
11441,3.378665,-9.8,-3.685732,11.00182
11442,3.378665,-9.8,-3.685732,11.00182
11443,3.378665,-9.8,-3.685732,11.00182
11444,3.378665,-9.8,-3.685732,11.00182
11445,3.378665,-9.8,-3.685732,11.00182
11446,3.378665,-9.8,-3.685732,11.00182
11447,3.378665,-9.8,-3.685732,11.00182
11448,3.378665,-9.8,-3.685732,11.00182
11449,3.378665,-9.8,-3.685732,11.00182
11450,3.378665,-9.8,-3.685732,11.00182
11451,3.378665,-9.8,-3.685732,11.00182
11452,3.378665,-9.8,-3.685732,11.00182
11453,3.378665,-9.8,-3.685732,11.00182
11454,3.378665,-9.8,-3.685732,11.00182
11455,3.378665,-9.8,-3.685732,11.00182
11456,3.378665,-9.8,-3.685732,11.00182
11457,3.378665,-9.8,-3.685732,11.00182
11458,3.378665,-9.8,-3.685732,11.00182
11459,3.378665,-9.8,-3.685732,11.00182
11460,3.378665,-9.8,-3.685732,11.00182
11461,3.378665,-9.8,-3.685732,11.00182
11462,3.378665,-9.8,-3.685732,11.00182
11463,3.378665,-9.8,-3.685732,11.00182
11464,3.378665,-9.8,-3.685732,11.00182
11465,3.378665,-9.8,-3.685732,11.00182
11466,3.378665,-9.8,-3.685732,11.00182
11467,3.378665,-9.8,-3.685732,11.00182
11468,3.378665,-9.8,-3.685732,11.00182
11469,3.378665,-9.8,-3.685732,11.00182
11470,3.378665,-9.8,-3.685732,11.00182
11471,3.378665,-9.8,-3.685732,11.00182
11472,3.378665,-9.8,-3.685732,11.00182
11473,3.378665,-9.8,-3.685732,11.00182
11474,3.378665,-9.8,-3.685732,11.00182
11475,3.378665,-9.8,-3.685732,11.00182
11476,3.378665,-9.8,-3.685732,11.00182
11477,3.378665,-9.8,-3.685732,11.00182
11478,3.378665,-9.8,-3.685732,11.00182
11479,3.378665,-9.8,-3.685732,11.00182
11480,3.378665,-9.8,-3.685732,11.00182
11481,3.378665,-9.8,-3.685732,11.00182
11482,3.378665,-9.8,-3.685732,11.00182
11483,3.378665,-9.8,-3.685732,11.00182
11484,3.378665,-9.8,-3.685732,11.00182
11485,3.378665,-9.8,-3.685732,11.00182
11486,3.378665,-9.8,-3.685732,11.00182
11487,3.378665,-9.8,-3.685732,11.00182
11488,3.378665,-9.8,-3.685732,11.00182
11489,3.378665,-9.8,-3.685732,11.00182
11490,3.378665,-9.8,-3.685732,11.00182
11491,3.378665,-9.8,-3.685732,11.00182
11492,3.378665,-9.8,-3.685732,11.00182
11493,3.378665,-9.8,-3.685732,11.00182
11494,3.378665,-9.8,-3.685732,11.00182
11495,3.378665,-9.8,-3.685732,11.00182
11496,3.378665,-9.8,-3.685732,11.00182
11497,3.378665,-9.8,-3.685732,11.00182
11498,3.378665,-9.8,-3.685732,11.00182
11499,3.378665,-9.8,-3.685732,11.00182
11500,3.378665,-9.8,-3.685732,11.00182
11501,3.378665,-9.8,-3.685732,11.00182
11502,3.378665,-9.8,-3.685732,11.00182
11503,3.378665,-9.8,-3.685732,11.00182
11504,3.378665,-9.8,-3.685732,11.00182
11505,3.378665,-9.8,-3.685732,11.00182
11506,3.378665,-9.8,-3.685732,11.00182
11507,3.378665,-9.8,-3.685732,11.00182
11508,3.378665,-9.8,-3.685732,11.00182
11509,3.378665,-9.8,-3.685732,11.00182
11510,3.378665,-9.8,-3.685732,11.00182
11511,3.378665,-9.8,-3.685732,11.00182
11512,3.378665,-9.8,-3.685732,11.00182
11513,3.378665,-9.8,-3.685732,11.00182
11514,3.378665,-9.8,-3.685732,11.00182
11515,3.378665,-9.8,-3.685732,11.00182
11516,3.378665,-9.8,-3.685732,11.00182
11517,3.378665,-9.8,-3.685732,11.00182
11518,3.378665,-9.8,-3.685732,11.00182
11519,3.378665,-9.8,-3.685732,11.00182
11520,3.378665,-9.8,-3.685732,11.00182
11521,3.378665,-9.8,-3.685732,11.00182
11522,3.378665,-9.8,-3.685732,11.00182
11523,3.378665,-9.8,-3.685732,11.00182
11524,3.378665,-9.8,-3.685732,11.00182
11525,3.378665,-9.8,-3.685732,11.00182
11526,3.378665,-9.8,-3.685732,11.00182
11527,3.378665,-9.8,-3.685732,11.00182
11528,3.378665,-9.8,-3.685732,11.00182
11529,3.378665,-9.8,-3.685732,11.00182
11530,3.378665,-9.8,-3.685732,11.00182
11531,3.378665,-9.8,-3.685732,11.00182
11532,3.378665,-9.8,-3.685732,11.00182
11533,3.378665,-9.8,-3.685732,11.00182
11534,3.378665,-9.8,-3.685732,11.00182
11535,3.378665,-9.8,-3.685732,11.00182
11536,3.378665,-9.8,-3.685732,11.00182
11537,3.378665,-9.8,-3.685732,11.00182
11538,3.378665,-9.8,-3.685732,11.00182
11539,3.378665,-9.8,-3.685732,11.00182
11540,3.378665,-9.8,-3.685732,11.00182
11541,3.378665,-9.8,-3.685732,11.00182
11542,3.378665,-9.8,-3.685732,11.00182
11543,3.378665,-9.8,-3.685732,11.00182
11544,3.378665,-9.8,-3.685732,11.00182
11545,3.378665,-9.8,-3.685732,11.00182
11546,3.378665,-9.8,-3.685732,11.00182
11547,3.378665,-9.8,-3.685732,11.00182
11548,3.378665,-9.8,-3.685732,11.00182
11549,3.378665,-9.8,-3.685732,11.00182
11550,3.378665,-9.8,-3.685732,11.00182
11551,3.378665,-9.8,-3.685732,11.00182
11552,3.378665,-9.8,-3.685732,11.00182
11553,3.378665,-9.8,-3.685732,11.00182
11554,3.378665,-9.8,-3.685732,11.00182
11555,3.378665,-9.8,-3.685732,11.00182
11556,3.378665,-9.8,-3.685732,11.00182
11557,3.378665,-9.8,-3.685732,11.00182
11558,3.378665,-9.8,-3.685732,11.00182
11559,3.378665,-9.8,-3.685732,11.00182
11560,3.378665,-9.8,-3.685732,11.00182
11561,3.378665,-9.8,-3.685732,11.00182
11562,3.378665,-9.8,-3.685732,11.00182
11563,3.378665,-9.8,-3.685732,11.00182
11564,3.378665,-9.8,-3.685732,11.00182
11565,3.378665,-9.8,-3.685732,11.00182
11566,3.378665,-9.8,-3.685732,11.00182
11567,3.378665,-9.8,-3.685732,11.00182
11568,3.378665,-9.8,-3.685732,11.00182
11569,3.378665,-9.8,-3.685732,11.00182
11570,3.378665,-9.8,-3.685732,11.00182
11571,3.378665,-9.8,-3.685732,11.00182
11572,3.378665,-9.8,-3.685732,11.00182
11573,3.378665,-9.8,-3.685732,11.00182
11574,3.378665,-9.8,-3.685732,11.00182
11575,3.378665,-9.8,-3.685732,11.00182
11576,3.378665,-9.8,-3.685732,11.00182
11577,3.378665,-9.8,-3.685732,11.00182
11578,3.378665,-9.8,-3.685732,11.00182
11579,3.378665,-9.8,-3.685732,11.00182
11580,3.378665,-9.8,-3.685732,11.00182
11581,3.378665,-9.8,-3.685732,11.00182
11582,3.378665,-9.8,-3.685732,11.00182
11583,3.378665,-9.8,-3.685732,11.00182
11584,3.378665,-9.8,-3.685732,11.00182
11585,3.378665,-9.8,-3.685732,11.00182
11586,3.378665,-9.8,-3.685732,11.00182
11587,3.378665,-9.8,-3.685732,11.00182
11588,3.378665,-9.8,-3.685732,11.00182
11589,3.378665,-9.8,-3.685732,11.00182
11590,3.378665,-9.8,-3.685732,11.00182
11591,3.378665,-9.8,-3.685732,11.00182
11592,3.378665,-9.8,-3.685732,11.00182
11593,3.378665,-9.8,-3.685732,11.00182
11594,3.378665,-9.8,-3.685732,11.00182
11595,3.378665,-9.8,-3.685732,11.00182
11596,3.378665,-9.8,-3.685732,11.00182
11597,3.378665,-9.8,-3.685732,11.00182
11598,3.378665,-9.8,-3.685732,11.00182
11599,3.378665,-9.8,-3.685732,11.00182
11600,3.378665,-9.8,-3.685732,11.00182
11601,3.378665,-9.8,-3.685732,11.00182
11602,3.378665,-9.8,-3.685732,11.00182
11603,3.378665,-9.8,-3.685732,11.00182
11604,3.378665,-9.8,-3.685732,11.00182
11605,3.378665,-9.8,-3.685732,11.00182
11606,3.378665,-9.8,-3.685732,11.00182
11607,3.378665,-9.8,-3.685732,11.00182
11608,3.378665,-9.8,-3.685732,11.00182
11609,3.378665,-9.8,-3.685732,11.00182
11610,3.378665,-9.8,-3.685732,11.00182
11611,3.378665,-9.8,-3.685732,11.00182
11612,3.378665,-9.8,-3.685732,11.00182
11613,3.378665,-9.8,-3.685732,11.00182
11614,3.378665,-9.8,-3.685732,11.00182
11615,3.378665,-9.8,-3.685732,11.00182
11616,3.378665,-9.8,-3.685732,11.00182
11617,3.378665,-9.8,-3.685732,11.00182
11618,3.378665,-9.8,-3.685732,11.00182
11619,3.378665,-9.8,-3.685732,11.00182
11620,3.378665,-9.8,-3.685732,11.00182
11621,3.378665,-9.8,-3.685732,11.00182
11622,3.378665,-9.8,-3.685732,11.00182
11623,3.378665,-9.8,-3.685732,11.00182
11624,3.378665,-9.8,-3.685732,11.00182
11625,3.378665,-9.8,-3.685732,11.00182
11626,3.378665,-9.8,-3.685732,11.00182
11627,3.378665,-9.8,-3.685732,11.00182
11628,3.378665,-9.8,-3.685732,11.00182
11629,3.378665,-9.8,-3.685732,11.00182
11630,3.378665,-9.8,-3.685732,11.00182
11631,3.378665,-9.8,-3.685732,11.00182
11632,3.378665,-9.8,-3.685732,11.00182
11633,3.378665,-9.8,-3.685732,11.00182
11634,3.378665,-9.8,-3.685732,11.00182
11635,3.378665,-9.8,-3.685732,11.00182
11636,3.378665,-9.8,-3.685732,11.00182
11637,3.378665,-9.8,-3.685732,11.00182
11638,3.378665,-9.8,-3.685732,11.00182
11639,3.378665,-9.8,-3.685732,11.00182
11640,3.378665,-9.8,-3.685732,11.00182
11641,3.378665,-9.8,-3.685732,11.00182
11642,3.378665,-9.8,-3.685732,11.00182
11643,3.378665,-9.8,-3.685732,11.00182
11644,3.378665,-9.8,-3.685732,11.00182
11645,3.378665,-9.8,-3.685732,11.00182
11646,3.378665,-9.8,-3.685732,11.00182
11647,3.378665,-9.8,-3.685732,11.00182
11648,3.378665,-9.8,-3.685732,11.00182
11649,3.378665,-9.8,-3.685732,11.00182
11650,3.378665,-9.8,-3.685732,11.00182
11651,3.378665,-9.8,-3.685732,11.00182
11652,3.378665,-9.8,-3.685732,11.00182
11653,3.378665,-9.8,-3.685732,11.00182
11654,3.378665,-9.8,-3.685732,11.00182
11655,3.378665,-9.8,-3.685732,11.00182
11656,3.378665,-9.8,-3.685732,11.00182
11657,3.378665,-9.8,-3.685732,11.00182
11658,3.378665,-9.8,-3.685732,11.00182
11659,3.378665,-9.8,-3.685732,11.00182
11660,3.378665,-9.8,-3.685732,11.00182
11661,3.378665,-9.8,-3.685732,11.00182
11662,3.378665,-9.8,-3.685732,11.00182
11663,3.378665,-9.8,-3.685732,11.00182
11664,3.378665,-9.8,-3.685732,11.00182
11665,3.378665,-9.8,-3.685732,11.00182
11666,3.378665,-9.8,-3.685732,11.00182
11667,3.378665,-9.8,-3.685732,11.00182
11668,3.378665,-9.8,-3.685732,11.00182
11669,3.378665,-9.8,-3.685732,11.00182
11670,3.378665,-9.8,-3.685732,11.00182
11671,3.378665,-9.8,-3.685732,11.00182
11672,3.378665,-9.8,-3.685732,11.00182
11673,3.378665,-9.8,-3.685732,11.00182
11674,3.378665,-9.8,-3.685732,11.00182
11675,3.378665,-9.8,-3.685732,11.00182
11676,3.378665,-9.8,-3.685732,11.00182
11677,3.378665,-9.8,-3.685732,11.00182
11678,3.378665,-9.8,-3.685732,11.00182
11679,3.378665,-9.8,-3.685732,11.00182
11680,3.378665,-9.8,-3.685732,11.00182
11681,3.378665,-9.8,-3.685732,11.00182
11682,3.378665,-9.8,-3.685732,11.00182
11683,3.378665,-9.8,-3.685732,11.00182
11684,3.378665,-9.8,-3.685732,11.00182
11685,3.378665,-9.8,-3.685732,11.00182
11686,3.378665,-9.8,-3.685732,11.00182
11687,3.378665,-9.8,-3.685732,11.00182
11688,3.378665,-9.8,-3.685732,11.00182
11689,3.378665,-9.8,-3.685732,11.00182
11690,3.378665,-9.8,-3.685732,11.00182
11691,3.378665,-9.8,-3.685732,11.00182
11692,3.378665,-9.8,-3.685732,11.00182
11693,3.378665,-9.8,-3.685732,11.00182
11694,3.378665,-9.8,-3.685732,11.00182
11695,3.378665,-9.8,-3.685732,11.00182
11696,3.378665,-9.8,-3.685732,11.00182
11697,3.378665,-9.8,-3.685732,11.00182
11698,3.378665,-9.8,-3.685732,11.00182
11699,3.378665,-9.8,-3.685732,11.00182
11700,3.378665,-9.8,-3.685732,11.00182
11701,3.378665,-9.8,-3.685732,11.00182
11702,3.378665,-9.8,-3.685732,11.00182
11703,3.378665,-9.8,-3.685732,11.00182
11704,3.378665,-9.8,-3.685732,11.00182
11705,3.378665,-9.8,-3.685732,11.00182
11706,3.378665,-9.8,-3.685732,11.00182
11707,3.378665,-9.8,-3.685732,11.00182
11708,3.378665,-9.8,-3.685732,11.00182
11709,3.378665,-9.8,-3.685732,11.00182
11710,3.378665,-9.8,-3.685732,11.00182
11711,3.378665,-9.8,-3.685732,11.00182
11712,3.378665,-9.8,-3.685732,11.00182
11713,3.378665,-9.8,-3.685732,11.00182
11714,3.378665,-9.8,-3.685732,11.00182
11715,3.378665,-9.8,-3.685732,11.00182
11716,3.378665,-9.8,-3.685732,11.00182
11717,3.378665,-9.8,-3.685732,11.00182
11718,3.378665,-9.8,-3.685732,11.00182
11719,3.378665,-9.8,-3.685732,11.00182
11720,3.378665,-9.8,-3.685732,11.00182
11721,3.378665,-9.8,-3.685732,11.00182
11722,3.378665,-9.8,-3.685732,11.00182
11723,3.378665,-9.8,-3.685732,11.00182
11724,3.378665,-9.8,-3.685732,11.00182
11725,3.378665,-9.8,-3.685732,11.00182
11726,3.378665,-9.8,-3.685732,11.00182
11727,3.378665,-9.8,-3.685732,11.00182
11728,3.378665,-9.8,-3.685732,11.00182
11729,3.378665,-9.8,-3.685732,11.00182
11730,3.378665,-9.8,-3.685732,11.00182
11731,3.378665,-9.8,-3.685732,11.00182
11732,3.378665,-9.8,-3.685732,11.00182
11733,3.378665,-9.8,-3.685732,11.00182
11734,3.378665,-9.8,-3.685732,11.00182
11735,3.378665,-9.8,-3.685732,11.00182
11736,3.378665,-9.8,-3.685732,11.00182
11737,3.378665,-9.8,-3.685732,11.00182
11738,3.378665,-9.8,-3.685732,11.00182
11739,3.378665,-9.8,-3.685732,11.00182
11740,3.378665,-9.8,-3.685732,11.00182
11741,3.378665,-9.8,-3.685732,11.00182
11742,3.378665,-9.8,-3.685732,11.00182
11743,3.378665,-9.8,-3.685732,11.00182
11744,3.378665,-9.8,-3.685732,11.00182
11745,3.378665,-9.8,-3.685732,11.00182
11746,3.378665,-9.8,-3.685732,11.00182
11747,3.378665,-9.8,-3.685732,11.00182
11748,3.378665,-9.8,-3.685732,11.00182
11749,3.378665,-9.8,-3.685732,11.00182
11750,3.378665,-9.8,-3.685732,11.00182
11751,3.378665,-9.8,-3.685732,11.00182
11752,3.378665,-9.8,-3.685732,11.00182
11753,3.378665,-9.8,-3.685732,11.00182
11754,3.378665,-9.8,-3.685732,11.00182
11755,3.378665,-9.8,-3.685732,11.00182
11756,3.378665,-9.8,-3.685732,11.00182
11757,3.378665,-9.8,-3.685732,11.00182
11758,3.378665,-9.8,-3.685732,11.00182
11759,3.378665,-9.8,-3.685732,11.00182
11760,3.378665,-9.8,-3.685732,11.00182
11761,3.378665,-9.8,-3.685732,11.00182
11762,3.378665,-9.8,-3.685732,11.00182
11763,3.378665,-9.8,-3.685732,11.00182
11764,3.378665,-9.8,-3.685732,11.00182
11765,3.378665,-9.8,-3.685732,11.00182
11766,3.378665,-9.8,-3.685732,11.00182
11767,3.378665,-9.8,-3.685732,11.00182
11768,3.378665,-9.8,-3.685732,11.00182
11769,3.378665,-9.8,-3.685732,11.00182
11770,3.378665,-9.8,-3.685732,11.00182
11771,3.378665,-9.8,-3.685732,11.00182
11772,3.378665,-9.8,-3.685732,11.00182
11773,3.378665,-9.8,-3.685732,11.00182
11774,3.378665,-9.8,-3.685732,11.00182
11775,3.378665,-9.8,-3.685732,11.00182
11776,3.378665,-9.8,-3.685732,11.00182
11777,3.378665,-9.8,-3.685732,11.00182
11778,3.378665,-9.8,-3.685732,11.00182
11779,3.378665,-9.8,-3.685732,11.00182
11780,3.378665,-9.8,-3.685732,11.00182
11781,3.378665,-9.8,-3.685732,11.00182
11782,3.378665,-9.8,-3.685732,11.00182
11783,3.378665,-9.8,-3.685732,11.00182
11784,3.378665,-9.8,-3.685732,11.00182
11785,3.378665,-9.8,-3.685732,11.00182
11786,3.378665,-9.8,-3.685732,11.00182
11787,3.378665,-9.8,-3.685732,11.00182
11788,3.378665,-9.8,-3.685732,11.00182
11789,3.378665,-9.8,-3.685732,11.00182
11790,3.378665,-9.8,-3.685732,11.00182
11791,3.378665,-9.8,-3.685732,11.00182
11792,3.378665,-9.8,-3.685732,11.00182
11793,3.378665,-9.8,-3.685732,11.00182
11794,3.378665,-9.8,-3.685732,11.00182
11795,3.378665,-9.8,-3.685732,11.00182
11796,3.378665,-9.8,-3.685732,11.00182
11797,3.378665,-9.8,-3.685732,11.00182
11798,3.378665,-9.8,-3.685732,11.00182
11799,3.378665,-9.8,-3.685732,11.00182
11800,3.378665,-9.8,-3.685732,11.00182
11801,3.378665,-9.8,-3.685732,11.00182
11802,3.378665,-9.8,-3.685732,11.00182
11803,3.378665,-9.8,-3.685732,11.00182
11804,3.378665,-9.8,-3.685732,11.00182
11805,3.378665,-9.8,-3.685732,11.00182
11806,3.378665,-9.8,-3.685732,11.00182
11807,3.378665,-9.8,-3.685732,11.00182
11808,3.378665,-9.8,-3.685732,11.00182
11809,3.378665,-9.8,-3.685732,11.00182
11810,3.378665,-9.8,-3.685732,11.00182
11811,3.378665,-9.8,-3.685732,11.00182
11812,3.378665,-9.8,-3.685732,11.00182
11813,3.378665,-9.8,-3.685732,11.00182
11814,3.378665,-9.8,-3.685732,11.00182
11815,3.378665,-9.8,-3.685732,11.00182
11816,3.378665,-9.8,-3.685732,11.00182
11817,3.378665,-9.8,-3.685732,11.00182
11818,3.378665,-9.8,-3.685732,11.00182
11819,3.378665,-9.8,-3.685732,11.00182
11820,3.378665,-9.8,-3.685732,11.00182
11821,3.378665,-9.8,-3.685732,11.00182
11822,3.378665,-9.8,-3.685732,11.00182
11823,3.378665,-9.8,-3.685732,11.00182
11824,3.378665,-9.8,-3.685732,11.00182
11825,3.378665,-9.8,-3.685732,11.00182
11826,3.378665,-9.8,-3.685732,11.00182
11827,3.378665,-9.8,-3.685732,11.00182
11828,3.378665,-9.8,-3.685732,11.00182
11829,3.378665,-9.8,-3.685732,11.00182
11830,3.378665,-9.8,-3.685732,11.00182
11831,3.378665,-9.8,-3.685732,11.00182
11832,3.378665,-9.8,-3.685732,11.00182
11833,3.378665,-9.8,-3.685732,11.00182
11834,3.378665,-9.8,-3.685732,11.00182
11835,3.378665,-9.8,-3.685732,11.00182
11836,3.378665,-9.8,-3.685732,11.00182
11837,3.378665,-9.8,-3.685732,11.00182
11838,3.378665,-9.8,-3.685732,11.00182
11839,3.378665,-9.8,-3.685732,11.00182
11840,3.378665,-9.8,-3.685732,11.00182
11841,3.378665,-9.8,-3.685732,11.00182
11842,3.378665,-9.8,-3.685732,11.00182
11843,3.378665,-9.8,-3.685732,11.00182
11844,3.378665,-9.8,-3.685732,11.00182
11845,3.378665,-9.8,-3.685732,11.00182
11846,3.378665,-9.8,-3.685732,11.00182
11847,3.378665,-9.8,-3.685732,11.00182
11848,3.378665,-9.8,-3.685732,11.00182
11849,3.378665,-9.8,-3.685732,11.00182
11850,3.378665,-9.8,-3.685732,11.00182
11851,3.378665,-9.8,-3.685732,11.00182
11852,3.378665,-9.8,-3.685732,11.00182
11853,3.378665,-9.8,-3.685732,11.00182
11854,3.378665,-9.8,-3.685732,11.00182
11855,3.378665,-9.8,-3.685732,11.00182
11856,3.378665,-9.8,-3.685732,11.00182
11857,3.378665,-9.8,-3.685732,11.00182
11858,3.378665,-9.8,-3.685732,11.00182
11859,3.378665,-9.8,-3.685732,11.00182
11860,3.378665,-9.8,-3.685732,11.00182
11861,3.378665,-9.8,-3.685732,11.00182
11862,3.378665,-9.8,-3.685732,11.00182
11863,3.378665,-9.8,-3.685732,11.00182
11864,3.378665,-9.8,-3.685732,11.00182
11865,3.378665,-9.8,-3.685732,11.00182
11866,3.378665,-9.8,-3.685732,11.00182
11867,3.378665,-9.8,-3.685732,11.00182
11868,3.378665,-9.8,-3.685732,11.00182
11869,3.378665,-9.8,-3.685732,11.00182
11870,3.378665,-9.8,-3.685732,11.00182
11871,3.378665,-9.8,-3.685732,11.00182
11872,3.378665,-9.8,-3.685732,11.00182
11873,3.378665,-9.8,-3.685732,11.00182
11874,3.378665,-9.8,-3.685732,11.00182
11875,3.378665,-9.8,-3.685732,11.00182
11876,3.378665,-9.8,-3.685732,11.00182
11877,3.378665,-9.8,-3.685732,11.00182
11878,3.378665,-9.8,-3.685732,11.00182
11879,3.378665,-9.8,-3.685732,11.00182
11880,3.378665,-9.8,-3.685732,11.00182
11881,3.378665,-9.8,-3.685732,11.00182
11882,3.378665,-9.8,-3.685732,11.00182
11883,3.378665,-9.8,-3.685732,11.00182
11884,3.378665,-9.8,-3.685732,11.00182
11885,3.378665,-9.8,-3.685732,11.00182
11886,3.378665,-9.8,-3.685732,11.00182
11887,3.378665,-9.8,-3.685732,11.00182
11888,3.378665,-9.8,-3.685732,11.00182
11889,3.378665,-9.8,-3.685732,11.00182
11890,3.378665,-9.8,-3.685732,11.00182
11891,3.378665,-9.8,-3.685732,11.00182
11892,3.378665,-9.8,-3.685732,11.00182
11893,3.378665,-9.8,-3.685732,11.00182
11894,3.378665,-9.8,-3.685732,11.00182
11895,3.378665,-9.8,-3.685732,11.00182
11896,3.378665,-9.8,-3.685732,11.00182
11897,3.378665,-9.8,-3.685732,11.00182
11898,3.378665,-9.8,-3.685732,11.00182
11899,3.378665,-9.8,-3.685732,11.00182
11900,3.378665,-9.8,-3.685732,11.00182
11901,3.378665,-9.8,-3.685732,11.00182
11902,3.378665,-9.8,-3.685732,11.00182
11903,3.378665,-9.8,-3.685732,11.00182
11904,3.378665,-9.8,-3.685732,11.00182
11905,3.378665,-9.8,-3.685732,11.00182
11906,3.378665,-9.8,-3.685732,11.00182
11907,3.378665,-9.8,-3.685732,11.00182
11908,3.378665,-9.8,-3.685732,11.00182
11909,3.378665,-9.8,-3.685732,11.00182
11910,3.378665,-9.8,-3.685732,11.00182
11911,3.378665,-9.8,-3.685732,11.00182
11912,3.378665,-9.8,-3.685732,11.00182
11913,3.378665,-9.8,-3.685732,11.00182
11914,3.378665,-9.8,-3.685732,11.00182
11915,3.378665,-9.8,-3.685732,11.00182
11916,3.378665,-9.8,-3.685732,11.00182
11917,3.378665,-9.8,-3.685732,11.00182
11918,3.378665,-9.8,-3.685732,11.00182
11919,3.378665,-9.8,-3.685732,11.00182
11920,3.378665,-9.8,-3.685732,11.00182
11921,3.378665,-9.8,-3.685732,11.00182
11922,3.378665,-9.8,-3.685732,11.00182
11923,3.378665,-9.8,-3.685732,11.00182
11924,3.378665,-9.8,-3.685732,11.00182
11925,3.378665,-9.8,-3.685732,11.00182
11926,3.378665,-9.8,-3.685732,11.00182
11927,3.378665,-9.8,-3.685732,11.00182
11928,3.378665,-9.8,-3.685732,11.00182
11929,3.378665,-9.8,-3.685732,11.00182
11930,3.378665,-9.8,-3.685732,11.00182
11931,3.378665,-9.8,-3.685732,11.00182
11932,3.378665,-9.8,-3.685732,11.00182
11933,3.378665,-9.8,-3.685732,11.00182
11934,3.378665,-9.8,-3.685732,11.00182
11935,3.378665,-9.8,-3.685732,11.00182
11936,3.378665,-9.8,-3.685732,11.00182
11937,3.378665,-9.8,-3.685732,11.00182
11938,3.378665,-9.8,-3.685732,11.00182
11939,3.378665,-9.8,-3.685732,11.00182
11940,3.378665,-9.8,-3.685732,11.00182
11941,3.378665,-9.8,-3.685732,11.00182
11942,3.378665,-9.8,-3.685732,11.00182
11943,3.378665,-9.8,-3.685732,11.00182
11944,3.378665,-9.8,-3.685732,11.00182
11945,3.378665,-9.8,-3.685732,11.00182
11946,3.378665,-9.8,-3.685732,11.00182
11947,3.378665,-9.8,-3.685732,11.00182
11948,3.378665,-9.8,-3.685732,11.00182
11949,3.378665,-9.8,-3.685732,11.00182
11950,3.378665,-9.8,-3.685732,11.00182
11951,3.378665,-9.8,-3.685732,11.00182
11952,3.378665,-9.8,-3.685732,11.00182
11953,3.378665,-9.8,-3.685732,11.00182
11954,3.378665,-9.8,-3.685732,11.00182
11955,3.378665,-9.8,-3.685732,11.00182
11956,3.378665,-9.8,-3.685732,11.00182
11957,3.378665,-9.8,-3.685732,11.00182
11958,3.378665,-9.8,-3.685732,11.00182
11959,3.378665,-9.8,-3.685732,11.00182
11960,3.378665,-9.8,-3.685732,11.00182
11961,3.378665,-9.8,-3.685732,11.00182
11962,3.378665,-9.8,-3.685732,11.00182
11963,3.378665,-9.8,-3.685732,11.00182
11964,3.378665,-9.8,-3.685732,11.00182
11965,3.378665,-9.8,-3.685732,11.00182
11966,3.378665,-9.8,-3.685732,11.00182
11967,3.378665,-9.8,-3.685732,11.00182
11968,3.378665,-9.8,-3.685732,11.00182
11969,3.378665,-9.8,-3.685732,11.00182
11970,3.378665,-9.8,-3.685732,11.00182
11971,3.378665,-9.8,-3.685732,11.00182
11972,3.378665,-9.8,-3.685732,11.00182
11973,3.378665,-9.8,-3.685732,11.00182
11974,3.378665,-9.8,-3.685732,11.00182
11975,3.378665,-9.8,-3.685732,11.00182
11976,3.378665,-9.8,-3.685732,11.00182
11977,3.378665,-9.8,-3.685732,11.00182
11978,3.378665,-9.8,-3.685732,11.00182
11979,3.378665,-9.8,-3.685732,11.00182
11980,3.378665,-9.8,-3.685732,11.00182
11981,3.378665,-9.8,-3.685732,11.00182
11982,3.378665,-9.8,-3.685732,11.00182
11983,3.378665,-9.8,-3.685732,11.00182
11984,3.378665,-9.8,-3.685732,11.00182
11985,3.378665,-9.8,-3.685732,11.00182
11986,3.378665,-9.8,-3.685732,11.00182
11987,3.378665,-9.8,-3.685732,11.00182
11988,3.378665,-9.8,-3.685732,11.00182
11989,3.378665,-9.8,-3.685732,11.00182
11990,3.378665,-9.8,-3.685732,11.00182
11991,3.378665,-9.8,-3.685732,11.00182
11992,3.378665,-9.8,-3.685732,11.00182
11993,3.378665,-9.8,-3.685732,11.00182
11994,3.378665,-9.8,-3.685732,11.00182
11995,3.378665,-9.8,-3.685732,11.00182
11996,3.378665,-9.8,-3.685732,11.00182
11997,3.378665,-9.8,-3.685732,11.00182
11998,3.378665,-9.8,-3.685732,11.00182
11999,3.378665,-9.8,-3.685732,11.00182
12000,3.378665,-9.8,-3.685732,11.00182
12001,3.378665,-9.8,-3.685732,11.00182
12002,3.378665,-9.8,-3.685732,11.00182
12003,3.378665,-9.8,-3.685732,11.00182
12004,3.378665,-9.8,-3.685732,11.00182
12005,3.378665,-9.8,-3.685732,11.00182
12006,3.378665,-9.8,-3.685732,11.00182
12007,3.378665,-9.8,-3.685732,11.00182
12008,3.378665,-9.8,-3.685732,11.00182
12009,3.378665,-9.8,-3.685732,11.00182
12010,3.378665,-9.8,-3.685732,11.00182
12011,3.378665,-9.8,-3.685732,11.00182
12012,3.378665,-9.8,-3.685732,11.00182
12013,3.378665,-9.8,-3.685732,11.00182
12014,3.378665,-9.8,-3.685732,11.00182
12015,3.378665,-9.8,-3.685732,11.00182
12016,3.378665,-9.8,-3.685732,11.00182
12017,3.378665,-9.8,-3.685732,11.00182
12018,3.378665,-9.8,-3.685732,11.00182
12019,3.378665,-9.8,-3.685732,11.00182
12020,3.378665,-9.8,-3.685732,11.00182
12021,3.378665,-9.8,-3.685732,11.00182
12022,3.378665,-9.8,-3.685732,11.00182
12023,3.378665,-9.8,-3.685732,11.00182
12024,3.378665,-9.8,-3.685732,11.00182
12025,3.378665,-9.8,-3.685732,11.00182
12026,3.378665,-9.8,-3.685732,11.00182
12027,3.378665,-9.8,-3.685732,11.00182
12028,3.378665,-9.8,-3.685732,11.00182
12029,3.378665,-9.8,-3.685732,11.00182
12030,3.378665,-9.8,-3.685732,11.00182
12031,3.378665,-9.8,-3.685732,11.00182
12032,3.378665,-9.8,-3.685732,11.00182
12033,3.378665,-9.8,-3.685732,11.00182
12034,3.378665,-9.8,-3.685732,11.00182
12035,3.378665,-9.8,-3.685732,11.00182
12036,3.378665,-9.8,-3.685732,11.00182
12037,3.378665,-9.8,-3.685732,11.00182
12038,3.378665,-9.8,-3.685732,11.00182
12039,3.378665,-9.8,-3.685732,11.00182
12040,3.378665,-9.8,-3.685732,11.00182
12041,3.378665,-9.8,-3.685732,11.00182
12042,3.378665,-9.8,-3.685732,11.00182
12043,3.378665,-9.8,-3.685732,11.00182
12044,3.378665,-9.8,-3.685732,11.00182
12045,3.378665,-9.8,-3.685732,11.00182
12046,3.378665,-9.8,-3.685732,11.00182
12047,3.378665,-9.8,-3.685732,11.00182
12048,3.378665,-9.8,-3.685732,11.00182
12049,3.378665,-9.8,-3.685732,11.00182
12050,3.378665,-9.8,-3.685732,11.00182
12051,3.378665,-9.8,-3.685732,11.00182
12052,3.378665,-9.8,-3.685732,11.00182
12053,3.378665,-9.8,-3.685732,11.00182
12054,3.378665,-9.8,-3.685732,11.00182
12055,3.378665,-9.8,-3.685732,11.00182
12056,3.378665,-9.8,-3.685732,11.00182
12057,3.378665,-9.8,-3.685732,11.00182
12058,3.378665,-9.8,-3.685732,11.00182
12059,3.378665,-9.8,-3.685732,11.00182
12060,3.378665,-9.8,-3.685732,11.00182
12061,3.378665,-9.8,-3.685732,11.00182
12062,3.378665,-9.8,-3.685732,11.00182
12063,3.378665,-9.8,-3.685732,11.00182
12064,3.378665,-9.8,-3.685732,11.00182
12065,3.378665,-9.8,-3.685732,11.00182
12066,3.378665,-9.8,-3.685732,11.00182
12067,3.378665,-9.8,-3.685732,11.00182
12068,3.378665,-9.8,-3.685732,11.00182
12069,3.378665,-9.8,-3.685732,11.00182
12070,3.378665,-9.8,-3.685732,11.00182
12071,3.378665,-9.8,-3.685732,11.00182
12072,3.378665,-9.8,-3.685732,11.00182
12073,3.378665,-9.8,-3.685732,11.00182
12074,3.378665,-9.8,-3.685732,11.00182
12075,3.378665,-9.8,-3.685732,11.00182
12076,3.378665,-9.8,-3.685732,11.00182
12077,3.378665,-9.8,-3.685732,11.00182
12078,3.378665,-9.8,-3.685732,11.00182
12079,3.378665,-9.8,-3.685732,11.00182
12080,3.378665,-9.8,-3.685732,11.00182
12081,3.378665,-9.8,-3.685732,11.00182
12082,3.378665,-9.8,-3.685732,11.00182
12083,3.378665,-9.8,-3.685732,11.00182
12084,3.378665,-9.8,-3.685732,11.00182
12085,3.378665,-9.8,-3.685732,11.00182
12086,3.378665,-9.8,-3.685732,11.00182
12087,3.378665,-9.8,-3.685732,11.00182
12088,3.378665,-9.8,-3.685732,11.00182
12089,3.378665,-9.8,-3.685732,11.00182
12090,3.378665,-9.8,-3.685732,11.00182
12091,3.378665,-9.8,-3.685732,11.00182
12092,3.378665,-9.8,-3.685732,11.00182
12093,3.378665,-9.8,-3.685732,11.00182
12094,3.378665,-9.8,-3.685732,11.00182
12095,3.378665,-9.8,-3.685732,11.00182
12096,3.378665,-9.8,-3.685732,11.00182
12097,3.378665,-9.8,-3.685732,11.00182
12098,3.378665,-9.8,-3.685732,11.00182
12099,3.378665,-9.8,-3.685732,11.00182
12100,3.378665,-9.8,-3.685732,11.00182
12101,3.378665,-9.8,-3.685732,11.00182
12102,3.378665,-9.8,-3.685732,11.00182
12103,3.378665,-9.8,-3.685732,11.00182
12104,3.378665,-9.8,-3.685732,11.00182
12105,3.378665,-9.8,-3.685732,11.00182
12106,3.378665,-9.8,-3.685732,11.00182
12107,3.378665,-9.8,-3.685732,11.00182
12108,3.378665,-9.8,-3.685732,11.00182
12109,3.378665,-9.8,-3.685732,11.00182
12110,3.378665,-9.8,-3.685732,11.00182
12111,3.378665,-9.8,-3.685732,11.00182
12112,3.378665,-9.8,-3.685732,11.00182
12113,3.378665,-9.8,-3.685732,11.00182
12114,3.378665,-9.8,-3.685732,11.00182
12115,3.378665,-9.8,-3.685732,11.00182
12116,3.378665,-9.8,-3.685732,11.00182
12117,3.378665,-9.8,-3.685732,11.00182
12118,3.378665,-9.8,-3.685732,11.00182
12119,3.378665,-9.8,-3.685732,11.00182
12120,3.378665,-9.8,-3.685732,11.00182
12121,3.378665,-9.8,-3.685732,11.00182
12122,3.378665,-9.8,-3.685732,11.00182
12123,3.378665,-9.8,-3.685732,11.00182
12124,3.378665,-9.8,-3.685732,11.00182
12125,3.378665,-9.8,-3.685732,11.00182
12126,3.378665,-9.8,-3.685732,11.00182
12127,3.378665,-9.8,-3.685732,11.00182
12128,3.378665,-9.8,-3.685732,11.00182
12129,3.378665,-9.8,-3.685732,11.00182
12130,3.378665,-9.8,-3.685732,11.00182
12131,3.378665,-9.8,-3.685732,11.00182
12132,3.378665,-9.8,-3.685732,11.00182
12133,3.378665,-9.8,-3.685732,11.00182
12134,3.378665,-9.8,-3.685732,11.00182
12135,3.378665,-9.8,-3.685732,11.00182
12136,3.378665,-9.8,-3.685732,11.00182
12137,3.378665,-9.8,-3.685732,11.00182
12138,3.378665,-9.8,-3.685732,11.00182
12139,3.378665,-9.8,-3.685732,11.00182
12140,3.378665,-9.8,-3.685732,11.00182
12141,3.378665,-9.8,-3.685732,11.00182
12142,3.378665,-9.8,-3.685732,11.00182
12143,3.378665,-9.8,-3.685732,11.00182
12144,3.378665,-9.8,-3.685732,11.00182
12145,3.378665,-9.8,-3.685732,11.00182
12146,3.378665,-9.8,-3.685732,11.00182
12147,3.378665,-9.8,-3.685732,11.00182
12148,3.378665,-9.8,-3.685732,11.00182
12149,3.378665,-9.8,-3.685732,11.00182
12150,3.378665,-9.8,-3.685732,11.00182
12151,3.378665,-9.8,-3.685732,11.00182
12152,3.378665,-9.8,-3.685732,11.00182
12153,3.378665,-9.8,-3.685732,11.00182
12154,3.378665,-9.8,-3.685732,11.00182
12155,3.378665,-9.8,-3.685732,11.00182
12156,3.378665,-9.8,-3.685732,11.00182
12157,3.378665,-9.8,-3.685732,11.00182
12158,3.378665,-9.8,-3.685732,11.00182
12159,3.378665,-9.8,-3.685732,11.00182
12160,3.378665,-9.8,-3.685732,11.00182
12161,3.378665,-9.8,-3.685732,11.00182
12162,3.378665,-9.8,-3.685732,11.00182
12163,3.378665,-9.8,-3.685732,11.00182
12164,3.378665,-9.8,-3.685732,11.00182
12165,3.378665,-9.8,-3.685732,11.00182
12166,3.378665,-9.8,-3.685732,11.00182
12167,3.378665,-9.8,-3.685732,11.00182
12168,3.378665,-9.8,-3.685732,11.00182
12169,3.378665,-9.8,-3.685732,11.00182
12170,3.378665,-9.8,-3.685732,11.00182
12171,3.378665,-9.8,-3.685732,11.00182
12172,3.378665,-9.8,-3.685732,11.00182
12173,3.378665,-9.8,-3.685732,11.00182
12174,3.378665,-9.8,-3.685732,11.00182
12175,3.378665,-9.8,-3.685732,11.00182
12176,3.378665,-9.8,-3.685732,11.00182
12177,3.378665,-9.8,-3.685732,11.00182
12178,3.378665,-9.8,-3.685732,11.00182
12179,3.378665,-9.8,-3.685732,11.00182
12180,3.378665,-9.8,-3.685732,11.00182
12181,3.378665,-9.8,-3.685732,11.00182
12182,3.378665,-9.8,-3.685732,11.00182
12183,3.378665,-9.8,-3.685732,11.00182
12184,3.378665,-9.8,-3.685732,11.00182
12185,3.378665,-9.8,-3.685732,11.00182
12186,3.378665,-9.8,-3.685732,11.00182
12187,3.378665,-9.8,-3.685732,11.00182
12188,3.378665,-9.8,-3.685732,11.00182
12189,3.378665,-9.8,-3.685732,11.00182
12190,3.378665,-9.8,-3.685732,11.00182
12191,3.378665,-9.8,-3.685732,11.00182
12192,3.378665,-9.8,-3.685732,11.00182
12193,3.378665,-9.8,-3.685732,11.00182
12194,3.378665,-9.8,-3.685732,11.00182
12195,3.378665,-9.8,-3.685732,11.00182
12196,3.378665,-9.8,-3.685732,11.00182
12197,3.378665,-9.8,-3.685732,11.00182
12198,3.378665,-9.8,-3.685732,11.00182
12199,3.378665,-9.8,-3.685732,11.00182
12200,3.378665,-9.8,-3.685732,11.00182
12201,3.378665,-9.8,-3.685732,11.00182
12202,3.378665,-9.8,-3.685732,11.00182
12203,3.378665,-9.8,-3.685732,11.00182
12204,3.378665,-9.8,-3.685732,11.00182
12205,3.378665,-9.8,-3.685732,11.00182
12206,3.378665,-9.8,-3.685732,11.00182
12207,3.378665,-9.8,-3.685732,11.00182
12208,3.378665,-9.8,-3.685732,11.00182
12209,3.378665,-9.8,-3.685732,11.00182
12210,3.378665,-9.8,-3.685732,11.00182
12211,3.378665,-9.8,-3.685732,11.00182
12212,3.378665,-9.8,-3.685732,11.00182
12213,3.378665,-9.8,-3.685732,11.00182
12214,3.378665,-9.8,-3.685732,11.00182
12215,3.378665,-9.8,-3.685732,11.00182
12216,3.378665,-9.8,-3.685732,11.00182
12217,3.378665,-9.8,-3.685732,11.00182
12218,3.378665,-9.8,-3.685732,11.00182
12219,3.378665,-9.8,-3.685732,11.00182
12220,3.378665,-9.8,-3.685732,11.00182
12221,3.378665,-9.8,-3.685732,11.00182
12222,3.378665,-9.8,-3.685732,11.00182
12223,3.378665,-9.8,-3.685732,11.00182
12224,3.378665,-9.8,-3.685732,11.00182
12225,3.378665,-9.8,-3.685732,11.00182
12226,3.378665,-9.8,-3.685732,11.00182
12227,3.378665,-9.8,-3.685732,11.00182
12228,3.378665,-9.8,-3.685732,11.00182
12229,3.378665,-9.8,-3.685732,11.00182
12230,3.378665,-9.8,-3.685732,11.00182
12231,3.378665,-9.8,-3.685732,11.00182
12232,3.378665,-9.8,-3.685732,11.00182
12233,3.378665,-9.8,-3.685732,11.00182
12234,3.378665,-9.8,-3.685732,11.00182
12235,3.378665,-9.8,-3.685732,11.00182
12236,3.378665,-9.8,-3.685732,11.00182
12237,3.378665,-9.8,-3.685732,11.00182
12238,3.378665,-9.8,-3.685732,11.00182
12239,3.378665,-9.8,-3.685732,11.00182
12240,3.378665,-9.8,-3.685732,11.00182
12241,3.378665,-9.8,-3.685732,11.00182
12242,3.378665,-9.8,-3.685732,11.00182
12243,3.378665,-9.8,-3.685732,11.00182
12244,3.378665,-9.8,-3.685732,11.00182
12245,3.378665,-9.8,-3.685732,11.00182
12246,3.378665,-9.8,-3.685732,11.00182
12247,3.378665,-9.8,-3.685732,11.00182
12248,3.378665,-9.8,-3.685732,11.00182
12249,3.378665,-9.8,-3.685732,11.00182
12250,3.378665,-9.8,-3.685732,11.00182
12251,3.378665,-9.8,-3.685732,11.00182
12252,3.378665,-9.8,-3.685732,11.00182
12253,3.378665,-9.8,-3.685732,11.00182
12254,3.378665,-9.8,-3.685732,11.00182
12255,3.378665,-9.8,-3.685732,11.00182
12256,3.378665,-9.8,-3.685732,11.00182
12257,3.378665,-9.8,-3.685732,11.00182
12258,3.378665,-9.8,-3.685732,11.00182
12259,3.378665,-9.8,-3.685732,11.00182
12260,3.378665,-9.8,-3.685732,11.00182
12261,3.378665,-9.8,-3.685732,11.00182
12262,3.378665,-9.8,-3.685732,11.00182
12263,3.378665,-9.8,-3.685732,11.00182
12264,3.378665,-9.8,-3.685732,11.00182
12265,3.378665,-9.8,-3.685732,11.00182
12266,3.378665,-9.8,-3.685732,11.00182
12267,3.378665,-9.8,-3.685732,11.00182
12268,3.378665,-9.8,-3.685732,11.00182
12269,3.378665,-9.8,-3.685732,11.00182
12270,3.378665,-9.8,-3.685732,11.00182
12271,3.378665,-9.8,-3.685732,11.00182
12272,3.378665,-9.8,-3.685732,11.00182
12273,3.378665,-9.8,-3.685732,11.00182
12274,3.378665,-9.8,-3.685732,11.00182
12275,3.378665,-9.8,-3.685732,11.00182
12276,3.378665,-9.8,-3.685732,11.00182
12277,3.378665,-9.8,-3.685732,11.00182
12278,3.378665,-9.8,-3.685732,11.00182
12279,3.378665,-9.8,-3.685732,11.00182
12280,3.378665,-9.8,-3.685732,11.00182
12281,3.378665,-9.8,-3.685732,11.00182
12282,3.378665,-9.8,-3.685732,11.00182
12283,3.378665,-9.8,-3.685732,11.00182
12284,3.378665,-9.8,-3.685732,11.00182
12285,3.378665,-9.8,-3.685732,11.00182
12286,3.378665,-9.8,-3.685732,11.00182
12287,3.378665,-9.8,-3.685732,11.00182
12288,3.378665,-9.8,-3.685732,11.00182
12289,3.378665,-9.8,-3.685732,11.00182
12290,3.378665,-9.8,-3.685732,11.00182
12291,3.378665,-9.8,-3.685732,11.00182
12292,3.378665,-9.8,-3.685732,11.00182
12293,3.378665,-9.8,-3.685732,11.00182
12294,3.378665,-9.8,-3.685732,11.00182
12295,3.378665,-9.8,-3.685732,11.00182
12296,3.378665,-9.8,-3.685732,11.00182
12297,3.378665,-9.8,-3.685732,11.00182
12298,3.378665,-9.8,-3.685732,11.00182
12299,3.378665,-9.8,-3.685732,11.00182
12300,3.378665,-9.8,-3.685732,11.00182
12301,3.378665,-9.8,-3.685732,11.00182
12302,3.378665,-9.8,-3.685732,11.00182
12303,3.378665,-9.8,-3.685732,11.00182
12304,3.378665,-9.8,-3.685732,11.00182
12305,3.378665,-9.8,-3.685732,11.00182
12306,3.378665,-9.8,-3.685732,11.00182
12307,3.378665,-9.8,-3.685732,11.00182
12308,3.378665,-9.8,-3.685732,11.00182
12309,3.378665,-9.8,-3.685732,11.00182
12310,3.378665,-9.8,-3.685732,11.00182
12311,3.378665,-9.8,-3.685732,11.00182
12312,3.378665,-9.8,-3.685732,11.00182
12313,3.378665,-9.8,-3.685732,11.00182
12314,3.378665,-9.8,-3.685732,11.00182
12315,3.378665,-9.8,-3.685732,11.00182
12316,3.378665,-9.8,-3.685732,11.00182
12317,3.378665,-9.8,-3.685732,11.00182
12318,3.378665,-9.8,-3.685732,11.00182
12319,3.378665,-9.8,-3.685732,11.00182
12320,3.378665,-9.8,-3.685732,11.00182
12321,3.378665,-9.8,-3.685732,11.00182
12322,3.378665,-9.8,-3.685732,11.00182
12323,3.378665,-9.8,-3.685732,11.00182
12324,3.378665,-9.8,-3.685732,11.00182
12325,3.378665,-9.8,-3.685732,11.00182
12326,3.378665,-9.8,-3.685732,11.00182
12327,3.378665,-9.8,-3.685732,11.00182
12328,3.378665,-9.8,-3.685732,11.00182
12329,3.378665,-9.8,-3.685732,11.00182
12330,3.378665,-9.8,-3.685732,11.00182
12331,3.378665,-9.8,-3.685732,11.00182
12332,3.378665,-9.8,-3.685732,11.00182
12333,3.378665,-9.8,-3.685732,11.00182
12334,3.378665,-9.8,-3.685732,11.00182
12335,3.378665,-9.8,-3.685732,11.00182
12336,3.378665,-9.8,-3.685732,11.00182
12337,3.378665,-9.8,-3.685732,11.00182
12338,3.378665,-9.8,-3.685732,11.00182
12339,3.378665,-9.8,-3.685732,11.00182
12340,3.378665,-9.8,-3.685732,11.00182
12341,3.378665,-9.8,-3.685732,11.00182
12342,3.378665,-9.8,-3.685732,11.00182
12343,3.378665,-9.8,-3.685732,11.00182
12344,3.378665,-9.8,-3.685732,11.00182
12345,3.378665,-9.8,-3.685732,11.00182
12346,3.378665,-9.8,-3.685732,11.00182
12347,3.378665,-9.8,-3.685732,11.00182
12348,3.378665,-9.8,-3.685732,11.00182
12349,3.378665,-9.8,-3.685732,11.00182
12350,3.378665,-9.8,-3.685732,11.00182
12351,3.378665,-9.8,-3.685732,11.00182
12352,3.378665,-9.8,-3.685732,11.00182
12353,3.378665,-9.8,-3.685732,11.00182
12354,3.378665,-9.8,-3.685732,11.00182
12355,3.378665,-9.8,-3.685732,11.00182
12356,3.378665,-9.8,-3.685732,11.00182
12357,3.378665,-9.8,-3.685732,11.00182
12358,3.378665,-9.8,-3.685732,11.00182
12359,3.378665,-9.8,-3.685732,11.00182
12360,3.378665,-9.8,-3.685732,11.00182
12361,3.378665,-9.8,-3.685732,11.00182
12362,3.378665,-9.8,-3.685732,11.00182
12363,3.378665,-9.8,-3.685732,11.00182
12364,3.378665,-9.8,-3.685732,11.00182
12365,3.378665,-9.8,-3.685732,11.00182
12366,3.378665,-9.8,-3.685732,11.00182
12367,3.378665,-9.8,-3.685732,11.00182
12368,3.378665,-9.8,-3.685732,11.00182
12369,3.378665,-9.8,-3.685732,11.00182
12370,3.378665,-9.8,-3.685732,11.00182
12371,3.378665,-9.8,-3.685732,11.00182
12372,3.378665,-9.8,-3.685732,11.00182
12373,3.378665,-9.8,-3.685732,11.00182
12374,3.378665,-9.8,-3.685732,11.00182
12375,3.378665,-9.8,-3.685732,11.00182
12376,3.378665,-9.8,-3.685732,11.00182
12377,3.378665,-9.8,-3.685732,11.00182
12378,3.378665,-9.8,-3.685732,11.00182
12379,3.378665,-9.8,-3.685732,11.00182
12380,3.378665,-9.8,-3.685732,11.00182
12381,3.378665,-9.8,-3.685732,11.00182
12382,3.378665,-9.8,-3.685732,11.00182
12383,3.378665,-9.8,-3.685732,11.00182
12384,3.378665,-9.8,-3.685732,11.00182
12385,3.378665,-9.8,-3.685732,11.00182
12386,3.378665,-9.8,-3.685732,11.00182
12387,3.378665,-9.8,-3.685732,11.00182
12388,3.378665,-9.8,-3.685732,11.00182
12389,3.378665,-9.8,-3.685732,11.00182
12390,3.378665,-9.8,-3.685732,11.00182
12391,3.378665,-9.8,-3.685732,11.00182
12392,3.378665,-9.8,-3.685732,11.00182
12393,3.378665,-9.8,-3.685732,11.00182
12394,3.378665,-9.8,-3.685732,11.00182
12395,3.378665,-9.8,-3.685732,11.00182
12396,3.378665,-9.8,-3.685732,11.00182
12397,3.378665,-9.8,-3.685732,11.00182
12398,3.378665,-9.8,-3.685732,11.00182
12399,3.378665,-9.8,-3.685732,11.00182
12400,3.378665,-9.8,-3.685732,11.00182
12401,3.378665,-9.8,-3.685732,11.00182
12402,3.378665,-9.8,-3.685732,11.00182
12403,3.378665,-9.8,-3.685732,11.00182
12404,3.378665,-9.8,-3.685732,11.00182
12405,3.378665,-9.8,-3.685732,11.00182
12406,3.378665,-9.8,-3.685732,11.00182
12407,3.378665,-9.8,-3.685732,11.00182
12408,3.378665,-9.8,-3.685732,11.00182
12409,3.378665,-9.8,-3.685732,11.00182
12410,3.378665,-9.8,-3.685732,11.00182
12411,3.378665,-9.8,-3.685732,11.00182
12412,3.378665,-9.8,-3.685732,11.00182
12413,3.378665,-9.8,-3.685732,11.00182
12414,3.378665,-9.8,-3.685732,11.00182
12415,3.378665,-9.8,-3.685732,11.00182
12416,3.378665,-9.8,-3.685732,11.00182
12417,3.378665,-9.8,-3.685732,11.00182
12418,3.378665,-9.8,-3.685732,11.00182
12419,3.378665,-9.8,-3.685732,11.00182
12420,3.378665,-9.8,-3.685732,11.00182
12421,3.378665,-9.8,-3.685732,11.00182
12422,3.378665,-9.8,-3.685732,11.00182
12423,3.378665,-9.8,-3.685732,11.00182
12424,3.378665,-9.8,-3.685732,11.00182
12425,3.378665,-9.8,-3.685732,11.00182
12426,3.378665,-9.8,-3.685732,11.00182
12427,3.378665,-9.8,-3.685732,11.00182
12428,3.378665,-9.8,-3.685732,11.00182
12429,3.378665,-9.8,-3.685732,11.00182
12430,3.378665,-9.8,-3.685732,11.00182
12431,3.378665,-9.8,-3.685732,11.00182
12432,3.378665,-9.8,-3.685732,11.00182
12433,3.378665,-9.8,-3.685732,11.00182
12434,3.378665,-9.8,-3.685732,11.00182
12435,3.378665,-9.8,-3.685732,11.00182
12436,3.378665,-9.8,-3.685732,11.00182
12437,3.378665,-9.8,-3.685732,11.00182
12438,3.378665,-9.8,-3.685732,11.00182
12439,3.378665,-9.8,-3.685732,11.00182
12440,3.378665,-9.8,-3.685732,11.00182
12441,3.378665,-9.8,-3.685732,11.00182
12442,3.378665,-9.8,-3.685732,11.00182
12443,3.378665,-9.8,-3.685732,11.00182
12444,3.378665,-9.8,-3.685732,11.00182
12445,3.378665,-9.8,-3.685732,11.00182
12446,3.378665,-9.8,-3.685732,11.00182
12447,3.378665,-9.8,-3.685732,11.00182
12448,3.378665,-9.8,-3.685732,11.00182
12449,3.378665,-9.8,-3.685732,11.00182
12450,3.378665,-9.8,-3.685732,11.00182
12451,3.378665,-9.8,-3.685732,11.00182
12452,3.378665,-9.8,-3.685732,11.00182
12453,3.378665,-9.8,-3.685732,11.00182
12454,3.378665,-9.8,-3.685732,11.00182
12455,3.378665,-9.8,-3.685732,11.00182
12456,3.378665,-9.8,-3.685732,11.00182
12457,3.378665,-9.8,-3.685732,11.00182
12458,3.378665,-9.8,-3.685732,11.00182
12459,3.378665,-9.8,-3.685732,11.00182
12460,3.378665,-9.8,-3.685732,11.00182
12461,3.378665,-9.8,-3.685732,11.00182
12462,3.378665,-9.8,-3.685732,11.00182
12463,3.378665,-9.8,-3.685732,11.00182
12464,3.378665,-9.8,-3.685732,11.00182
12465,3.378665,-9.8,-3.685732,11.00182
12466,3.378665,-9.8,-3.685732,11.00182
12467,3.378665,-9.8,-3.685732,11.00182
12468,3.378665,-9.8,-3.685732,11.00182
12469,3.378665,-9.8,-3.685732,11.00182
12470,3.378665,-9.8,-3.685732,11.00182
12471,3.378665,-9.8,-3.685732,11.00182
12472,3.378665,-9.8,-3.685732,11.00182
12473,3.378665,-9.8,-3.685732,11.00182
12474,3.378665,-9.8,-3.685732,11.00182
12475,3.378665,-9.8,-3.685732,11.00182
12476,3.378665,-9.8,-3.685732,11.00182
12477,3.378665,-9.8,-3.685732,11.00182
12478,3.378665,-9.8,-3.685732,11.00182
12479,3.378665,-9.8,-3.685732,11.00182
12480,3.378665,-9.8,-3.685732,11.00182
12481,3.378665,-9.8,-3.685732,11.00182
12482,3.378665,-9.8,-3.685732,11.00182
12483,3.378665,-9.8,-3.685732,11.00182
12484,3.378665,-9.8,-3.685732,11.00182
12485,3.378665,-9.8,-3.685732,11.00182
12486,3.378665,-9.8,-3.685732,11.00182
12487,3.378665,-9.8,-3.685732,11.00182
12488,3.378665,-9.8,-3.685732,11.00182
12489,3.378665,-9.8,-3.685732,11.00182
12490,3.378665,-9.8,-3.685732,11.00182
12491,3.378665,-9.8,-3.685732,11.00182
12492,3.378665,-9.8,-3.685732,11.00182
12493,3.378665,-9.8,-3.685732,11.00182
12494,3.378665,-9.8,-3.685732,11.00182
12495,3.378665,-9.8,-3.685732,11.00182
12496,3.378665,-9.8,-3.685732,11.00182
12497,3.378665,-9.8,-3.685732,11.00182
12498,3.378665,-9.8,-3.685732,11.00182
12499,3.378665,-9.8,-3.685732,11.00182
12500,3.378665,-9.8,-3.685732,11.00182
12501,3.378665,-9.8,-3.685732,11.00182
12502,3.378665,-9.8,-3.685732,11.00182
12503,3.378665,-9.8,-3.685732,11.00182
12504,3.378665,-9.8,-3.685732,11.00182
12505,3.378665,-9.8,-3.685732,11.00182
12506,3.378665,-9.8,-3.685732,11.00182
12507,3.378665,-9.8,-3.685732,11.00182
12508,3.378665,-9.8,-3.685732,11.00182
12509,3.378665,-9.8,-3.685732,11.00182
12510,3.378665,-9.8,-3.685732,11.00182
12511,3.378665,-9.8,-3.685732,11.00182
12512,3.378665,-9.8,-3.685732,11.00182
12513,3.378665,-9.8,-3.685732,11.00182
12514,3.378665,-9.8,-3.685732,11.00182
12515,3.378665,-9.8,-3.685732,11.00182
12516,3.378665,-9.8,-3.685732,11.00182
12517,3.378665,-9.8,-3.685732,11.00182
12518,3.378665,-9.8,-3.685732,11.00182
12519,3.378665,-9.8,-3.685732,11.00182
12520,3.378665,-9.8,-3.685732,11.00182
12521,3.378665,-9.8,-3.685732,11.00182
12522,3.378665,-9.8,-3.685732,11.00182
12523,3.378665,-9.8,-3.685732,11.00182
12524,3.378665,-9.8,-3.685732,11.00182
12525,3.378665,-9.8,-3.685732,11.00182
12526,3.378665,-9.8,-3.685732,11.00182
12527,3.378665,-9.8,-3.685732,11.00182
12528,3.378665,-9.8,-3.685732,11.00182
12529,3.378665,-9.8,-3.685732,11.00182
12530,3.378665,-9.8,-3.685732,11.00182
12531,3.378665,-9.8,-3.685732,11.00182
12532,3.378665,-9.8,-3.685732,11.00182
12533,3.378665,-9.8,-3.685732,11.00182
12534,3.378665,-9.8,-3.685732,11.00182
12535,3.378665,-9.8,-3.685732,11.00182
12536,3.378665,-9.8,-3.685732,11.00182
12537,3.378665,-9.8,-3.685732,11.00182
12538,3.378665,-9.8,-3.685732,11.00182
12539,3.378665,-9.8,-3.685732,11.00182
12540,3.378665,-9.8,-3.685732,11.00182
12541,3.378665,-9.8,-3.685732,11.00182
12542,3.378665,-9.8,-3.685732,11.00182
12543,3.378665,-9.8,-3.685732,11.00182
12544,3.378665,-9.8,-3.685732,11.00182
12545,3.378665,-9.8,-3.685732,11.00182
12546,3.378665,-9.8,-3.685732,11.00182
12547,3.378665,-9.8,-3.685732,11.00182
12548,3.378665,-9.8,-3.685732,11.00182
12549,3.378665,-9.8,-3.685732,11.00182
12550,3.378665,-9.8,-3.685732,11.00182
12551,3.378665,-9.8,-3.685732,11.00182
12552,3.378665,-9.8,-3.685732,11.00182
12553,3.378665,-9.8,-3.685732,11.00182
12554,3.378665,-9.8,-3.685732,11.00182
12555,3.378665,-9.8,-3.685732,11.00182
12556,3.378665,-9.8,-3.685732,11.00182
12557,3.378665,-9.8,-3.685732,11.00182
12558,3.378665,-9.8,-3.685732,11.00182
12559,3.378665,-9.8,-3.685732,11.00182
12560,3.378665,-9.8,-3.685732,11.00182
12561,3.378665,-9.8,-3.685732,11.00182
12562,3.378665,-9.8,-3.685732,11.00182
12563,3.378665,-9.8,-3.685732,11.00182
12564,3.378665,-9.8,-3.685732,11.00182
12565,3.378665,-9.8,-3.685732,11.00182
12566,3.378665,-9.8,-3.685732,11.00182
12567,3.378665,-9.8,-3.685732,11.00182
12568,3.378665,-9.8,-3.685732,11.00182
12569,3.378665,-9.8,-3.685732,11.00182
12570,3.378665,-9.8,-3.685732,11.00182
12571,3.378665,-9.8,-3.685732,11.00182
12572,3.378665,-9.8,-3.685732,11.00182
12573,3.378665,-9.8,-3.685732,11.00182
12574,3.378665,-9.8,-3.685732,11.00182
12575,3.378665,-9.8,-3.685732,11.00182
12576,3.378665,-9.8,-3.685732,11.00182
12577,3.378665,-9.8,-3.685732,11.00182
12578,3.378665,-9.8,-3.685732,11.00182
12579,3.378665,-9.8,-3.685732,11.00182
12580,3.378665,-9.8,-3.685732,11.00182
12581,3.378665,-9.8,-3.685732,11.00182
12582,3.378665,-9.8,-3.685732,11.00182
12583,3.378665,-9.8,-3.685732,11.00182
12584,3.378665,-9.8,-3.685732,11.00182
12585,3.378665,-9.8,-3.685732,11.00182
12586,3.378665,-9.8,-3.685732,11.00182
12587,3.378665,-9.8,-3.685732,11.00182
12588,3.378665,-9.8,-3.685732,11.00182
12589,3.378665,-9.8,-3.685732,11.00182
12590,3.378665,-9.8,-3.685732,11.00182
12591,3.378665,-9.8,-3.685732,11.00182
12592,3.378665,-9.8,-3.685732,11.00182
12593,3.378665,-9.8,-3.685732,11.00182
12594,3.378665,-9.8,-3.685732,11.00182
12595,3.378665,-9.8,-3.685732,11.00182
12596,3.378665,-9.8,-3.685732,11.00182
12597,3.378665,-9.8,-3.685732,11.00182
12598,3.378665,-9.8,-3.685732,11.00182
12599,3.378665,-9.8,-3.685732,11.00182
12600,3.378665,-9.8,-3.685732,11.00182
12601,3.378665,-9.8,-3.685732,11.00182
12602,3.378665,-9.8,-3.685732,11.00182
12603,3.378665,-9.8,-3.685732,11.00182
12604,3.378665,-9.8,-3.685732,11.00182
12605,3.378665,-9.8,-3.685732,11.00182
12606,3.378665,-9.8,-3.685732,11.00182
12607,3.378665,-9.8,-3.685732,11.00182
12608,3.378665,-9.8,-3.685732,11.00182
12609,3.378665,-9.8,-3.685732,11.00182
12610,3.378665,-9.8,-3.685732,11.00182
12611,3.378665,-9.8,-3.685732,11.00182
12612,3.378665,-9.8,-3.685732,11.00182
12613,3.378665,-9.8,-3.685732,11.00182
12614,3.378665,-9.8,-3.685732,11.00182
12615,3.378665,-9.8,-3.685732,11.00182
12616,3.378665,-9.8,-3.685732,11.00182
12617,3.378665,-9.8,-3.685732,11.00182
12618,3.378665,-9.8,-3.685732,11.00182
12619,3.378665,-9.8,-3.685732,11.00182
12620,3.378665,-9.8,-3.685732,11.00182
12621,3.378665,-9.8,-3.685732,11.00182
12622,3.378665,-9.8,-3.685732,11.00182
12623,3.378665,-9.8,-3.685732,11.00182
12624,3.378665,-9.8,-3.685732,11.00182
12625,3.378665,-9.8,-3.685732,11.00182
12626,3.378665,-9.8,-3.685732,11.00182
12627,3.378665,-9.8,-3.685732,11.00182
12628,3.378665,-9.8,-3.685732,11.00182
12629,3.378665,-9.8,-3.685732,11.00182
12630,3.378665,-9.8,-3.685732,11.00182
12631,3.378665,-9.8,-3.685732,11.00182
12632,3.378665,-9.8,-3.685732,11.00182
12633,3.378665,-9.8,-3.685732,11.00182
12634,3.378665,-9.8,-3.685732,11.00182
12635,3.378665,-9.8,-3.685732,11.00182
12636,3.378665,-9.8,-3.685732,11.00182
12637,3.378665,-9.8,-3.685732,11.00182
12638,3.378665,-9.8,-3.685732,11.00182
12639,3.378665,-9.8,-3.685732,11.00182
12640,3.378665,-9.8,-3.685732,11.00182
12641,3.378665,-9.8,-3.685732,11.00182
12642,3.378665,-9.8,-3.685732,11.00182
12643,3.378665,-9.8,-3.685732,11.00182
12644,3.378665,-9.8,-3.685732,11.00182
12645,3.378665,-9.8,-3.685732,11.00182
12646,3.378665,-9.8,-3.685732,11.00182
12647,3.378665,-9.8,-3.685732,11.00182
12648,3.378665,-9.8,-3.685732,11.00182
12649,3.378665,-9.8,-3.685732,11.00182
12650,3.378665,-9.8,-3.685732,11.00182
12651,3.378665,-9.8,-3.685732,11.00182
12652,3.378665,-9.8,-3.685732,11.00182
12653,3.378665,-9.8,-3.685732,11.00182
12654,3.378665,-9.8,-3.685732,11.00182
12655,3.378665,-9.8,-3.685732,11.00182
12656,3.378665,-9.8,-3.685732,11.00182
12657,3.378665,-9.8,-3.685732,11.00182
12658,3.378665,-9.8,-3.685732,11.00182
12659,3.378665,-9.8,-3.685732,11.00182
12660,3.378665,-9.8,-3.685732,11.00182
12661,3.378665,-9.8,-3.685732,11.00182
12662,3.378665,-9.8,-3.685732,11.00182
12663,3.378665,-9.8,-3.685732,11.00182
12664,3.378665,-9.8,-3.685732,11.00182
12665,3.378665,-9.8,-3.685732,11.00182
12666,3.378665,-9.8,-3.685732,11.00182
12667,3.378665,-9.8,-3.685732,11.00182
12668,3.378665,-9.8,-3.685732,11.00182
12669,3.378665,-9.8,-3.685732,11.00182
12670,3.378665,-9.8,-3.685732,11.00182
12671,3.378665,-9.8,-3.685732,11.00182
12672,3.378665,-9.8,-3.685732,11.00182
12673,3.378665,-9.8,-3.685732,11.00182
12674,3.378665,-9.8,-3.685732,11.00182
12675,3.378665,-9.8,-3.685732,11.00182
12676,3.378665,-9.8,-3.685732,11.00182
12677,3.378665,-9.8,-3.685732,11.00182
12678,3.378665,-9.8,-3.685732,11.00182
12679,3.378665,-9.8,-3.685732,11.00182
12680,3.378665,-9.8,-3.685732,11.00182
12681,3.378665,-9.8,-3.685732,11.00182
12682,3.378665,-9.8,-3.685732,11.00182
12683,3.378665,-9.8,-3.685732,11.00182
12684,3.378665,-9.8,-3.685732,11.00182
12685,3.378665,-9.8,-3.685732,11.00182
12686,3.378665,-9.8,-3.685732,11.00182
12687,3.378665,-9.8,-3.685732,11.00182
12688,3.378665,-9.8,-3.685732,11.00182
12689,3.378665,-9.8,-3.685732,11.00182
12690,3.378665,-9.8,-3.685732,11.00182
12691,3.378665,-9.8,-3.685732,11.00182
12692,3.378665,-9.8,-3.685732,11.00182
12693,3.378665,-9.8,-3.685732,11.00182
12694,3.378665,-9.8,-3.685732,11.00182
12695,3.378665,-9.8,-3.685732,11.00182
12696,3.378665,-9.8,-3.685732,11.00182
12697,3.378665,-9.8,-3.685732,11.00182
12698,3.378665,-9.8,-3.685732,11.00182
12699,3.378665,-9.8,-3.685732,11.00182
12700,3.378665,-9.8,-3.685732,11.00182
12701,3.378665,-9.8,-3.685732,11.00182
12702,3.378665,-9.8,-3.685732,11.00182
12703,3.378665,-9.8,-3.685732,11.00182
12704,3.378665,-9.8,-3.685732,11.00182
12705,3.378665,-9.8,-3.685732,11.00182
12706,3.378665,-9.8,-3.685732,11.00182
12707,3.378665,-9.8,-3.685732,11.00182
12708,3.378665,-9.8,-3.685732,11.00182
12709,3.378665,-9.8,-3.685732,11.00182
12710,3.378665,-9.8,-3.685732,11.00182
12711,3.378665,-9.8,-3.685732,11.00182
12712,3.378665,-9.8,-3.685732,11.00182
12713,3.378665,-9.8,-3.685732,11.00182
12714,3.378665,-9.8,-3.685732,11.00182
12715,3.378665,-9.8,-3.685732,11.00182
12716,3.378665,-9.8,-3.685732,11.00182
12717,3.378665,-9.8,-3.685732,11.00182
12718,3.378665,-9.8,-3.685732,11.00182
12719,3.378665,-9.8,-3.685732,11.00182
12720,3.378665,-9.8,-3.685732,11.00182
12721,3.378665,-9.8,-3.685732,11.00182
12722,3.378665,-9.8,-3.685732,11.00182
12723,3.378665,-9.8,-3.685732,11.00182
12724,3.378665,-9.8,-3.685732,11.00182
12725,3.378665,-9.8,-3.685732,11.00182
12726,3.378665,-9.8,-3.685732,11.00182
12727,3.378665,-9.8,-3.685732,11.00182
12728,3.378665,-9.8,-3.685732,11.00182
12729,3.378665,-9.8,-3.685732,11.00182
12730,3.378665,-9.8,-3.685732,11.00182
12731,3.378665,-9.8,-3.685732,11.00182
12732,3.378665,-9.8,-3.685732,11.00182
12733,3.378665,-9.8,-3.685732,11.00182
12734,3.378665,-9.8,-3.685732,11.00182
12735,3.378665,-9.8,-3.685732,11.00182
12736,3.378665,-9.8,-3.685732,11.00182
12737,3.378665,-9.8,-3.685732,11.00182
12738,3.378665,-9.8,-3.685732,11.00182
12739,3.378665,-9.8,-3.685732,11.00182
12740,3.378665,-9.8,-3.685732,11.00182
12741,3.378665,-9.8,-3.685732,11.00182
12742,3.378665,-9.8,-3.685732,11.00182
12743,3.378665,-9.8,-3.685732,11.00182
12744,3.378665,-9.8,-3.685732,11.00182
12745,3.378665,-9.8,-3.685732,11.00182
12746,3.378665,-9.8,-3.685732,11.00182
12747,3.378665,-9.8,-3.685732,11.00182
12748,3.378665,-9.8,-3.685732,11.00182
12749,3.378665,-9.8,-3.685732,11.00182
12750,3.378665,-9.8,-3.685732,11.00182
12751,3.378665,-9.8,-3.685732,11.00182
12752,3.378665,-9.8,-3.685732,11.00182
12753,3.378665,-9.8,-3.685732,11.00182
12754,3.378665,-9.8,-3.685732,11.00182
12755,3.378665,-9.8,-3.685732,11.00182
12756,3.378665,-9.8,-3.685732,11.00182
12757,3.378665,-9.8,-3.685732,11.00182
12758,3.378665,-9.8,-3.685732,11.00182
12759,3.378665,-9.8,-3.685732,11.00182
12760,3.378665,-9.8,-3.685732,11.00182
12761,3.378665,-9.8,-3.685732,11.00182
12762,3.378665,-9.8,-3.685732,11.00182
12763,3.378665,-9.8,-3.685732,11.00182
12764,3.378665,-9.8,-3.685732,11.00182
12765,3.378665,-9.8,-3.685732,11.00182
12766,3.378665,-9.8,-3.685732,11.00182
12767,3.378665,-9.8,-3.685732,11.00182
12768,3.378665,-9.8,-3.685732,11.00182
12769,3.378665,-9.8,-3.685732,11.00182
12770,3.378665,-9.8,-3.685732,11.00182
12771,3.378665,-9.8,-3.685732,11.00182
12772,3.378665,-9.8,-3.685732,11.00182
12773,3.378665,-9.8,-3.685732,11.00182
12774,3.378665,-9.8,-3.685732,11.00182
12775,3.378665,-9.8,-3.685732,11.00182
12776,3.378665,-9.8,-3.685732,11.00182
12777,3.378665,-9.8,-3.685732,11.00182
12778,3.378665,-9.8,-3.685732,11.00182
12779,3.378665,-9.8,-3.685732,11.00182
12780,3.378665,-9.8,-3.685732,11.00182
12781,3.378665,-9.8,-3.685732,11.00182
12782,3.378665,-9.8,-3.685732,11.00182
12783,3.378665,-9.8,-3.685732,11.00182
12784,3.378665,-9.8,-3.685732,11.00182
12785,3.378665,-9.8,-3.685732,11.00182
12786,3.378665,-9.8,-3.685732,11.00182
12787,3.378665,-9.8,-3.685732,11.00182
12788,3.378665,-9.8,-3.685732,11.00182
12789,3.378665,-9.8,-3.685732,11.00182
12790,3.378665,-9.8,-3.685732,11.00182
12791,3.378665,-9.8,-3.685732,11.00182
12792,3.378665,-9.8,-3.685732,11.00182
12793,3.378665,-9.8,-3.685732,11.00182
12794,3.378665,-9.8,-3.685732,11.00182
12795,3.378665,-9.8,-3.685732,11.00182
12796,3.378665,-9.8,-3.685732,11.00182
12797,3.378665,-9.8,-3.685732,11.00182
12798,3.378665,-9.8,-3.685732,11.00182
12799,3.378665,-9.8,-3.685732,11.00182
12800,3.378665,-9.8,-3.685732,11.00182
12801,3.378665,-9.8,-3.685732,11.00182
12802,3.378665,-9.8,-3.685732,11.00182
12803,3.378665,-9.8,-3.685732,11.00182
12804,3.378665,-9.8,-3.685732,11.00182
12805,3.378665,-9.8,-3.685732,11.00182
12806,3.378665,-9.8,-3.685732,11.00182
12807,3.378665,-9.8,-3.685732,11.00182
12808,3.378665,-9.8,-3.685732,11.00182
12809,3.378665,-9.8,-3.685732,11.00182
12810,3.378665,-9.8,-3.685732,11.00182
12811,3.378665,-9.8,-3.685732,11.00182
12812,3.378665,-9.8,-3.685732,11.00182
12813,3.378665,-9.8,-3.685732,11.00182
12814,3.378665,-9.8,-3.685732,11.00182
12815,3.378665,-9.8,-3.685732,11.00182
12816,3.378665,-9.8,-3.685732,11.00182
12817,3.378665,-9.8,-3.685732,11.00182
12818,3.378665,-9.8,-3.685732,11.00182
12819,3.378665,-9.8,-3.685732,11.00182
12820,3.378665,-9.8,-3.685732,11.00182
12821,3.378665,-9.8,-3.685732,11.00182
12822,3.378665,-9.8,-3.685732,11.00182
12823,3.378665,-9.8,-3.685732,11.00182
12824,3.378665,-9.8,-3.685732,11.00182
12825,3.378665,-9.8,-3.685732,11.00182
12826,3.378665,-9.8,-3.685732,11.00182
12827,3.378665,-9.8,-3.685732,11.00182
12828,3.378665,-9.8,-3.685732,11.00182
12829,3.378665,-9.8,-3.685732,11.00182
12830,3.378665,-9.8,-3.685732,11.00182
12831,3.378665,-9.8,-3.685732,11.00182
12832,3.378665,-9.8,-3.685732,11.00182
12833,3.378665,-9.8,-3.685732,11.00182
12834,3.378665,-9.8,-3.685732,11.00182
12835,3.378665,-9.8,-3.685732,11.00182
12836,3.378665,-9.8,-3.685732,11.00182
12837,3.378665,-9.8,-3.685732,11.00182
12838,3.378665,-9.8,-3.685732,11.00182
12839,3.378665,-9.8,-3.685732,11.00182
12840,3.378665,-9.8,-3.685732,11.00182
12841,3.378665,-9.8,-3.685732,11.00182
12842,3.378665,-9.8,-3.685732,11.00182
12843,3.378665,-9.8,-3.685732,11.00182
12844,3.378665,-9.8,-3.685732,11.00182
12845,3.378665,-9.8,-3.685732,11.00182
12846,3.378665,-9.8,-3.685732,11.00182
12847,3.378665,-9.8,-3.685732,11.00182
12848,3.378665,-9.8,-3.685732,11.00182
12849,3.378665,-9.8,-3.685732,11.00182
12850,3.378665,-9.8,-3.685732,11.00182
12851,3.378665,-9.8,-3.685732,11.00182
12852,3.378665,-9.8,-3.685732,11.00182
12853,3.378665,-9.8,-3.685732,11.00182
12854,3.378665,-9.8,-3.685732,11.00182
12855,3.378665,-9.8,-3.685732,11.00182
12856,3.378665,-9.8,-3.685732,11.00182
12857,3.378665,-9.8,-3.685732,11.00182
12858,3.378665,-9.8,-3.685732,11.00182
12859,3.378665,-9.8,-3.685732,11.00182
12860,3.378665,-9.8,-3.685732,11.00182
12861,3.378665,-9.8,-3.685732,11.00182
12862,3.378665,-9.8,-3.685732,11.00182
12863,3.378665,-9.8,-3.685732,11.00182
12864,3.378665,-9.8,-3.685732,11.00182
12865,3.378665,-9.8,-3.685732,11.00182
12866,3.378665,-9.8,-3.685732,11.00182
12867,3.378665,-9.8,-3.685732,11.00182
12868,3.378665,-9.8,-3.685732,11.00182
12869,3.378665,-9.8,-3.685732,11.00182
12870,3.378665,-9.8,-3.685732,11.00182
12871,3.378665,-9.8,-3.685732,11.00182
12872,3.378665,-9.8,-3.685732,11.00182
12873,3.378665,-9.8,-3.685732,11.00182
12874,3.378665,-9.8,-3.685732,11.00182
12875,3.378665,-9.8,-3.685732,11.00182
12876,3.378665,-9.8,-3.685732,11.00182
12877,3.378665,-9.8,-3.685732,11.00182
12878,3.378665,-9.8,-3.685732,11.00182
12879,3.378665,-9.8,-3.685732,11.00182
12880,3.378665,-9.8,-3.685732,11.00182
12881,3.378665,-9.8,-3.685732,11.00182
12882,3.378665,-9.8,-3.685732,11.00182
12883,3.378665,-9.8,-3.685732,11.00182
12884,3.378665,-9.8,-3.685732,11.00182
12885,3.378665,-9.8,-3.685732,11.00182
12886,3.378665,-9.8,-3.685732,11.00182
12887,3.378665,-9.8,-3.685732,11.00182
12888,3.378665,-9.8,-3.685732,11.00182
12889,3.378665,-9.8,-3.685732,11.00182
12890,3.378665,-9.8,-3.685732,11.00182
12891,3.378665,-9.8,-3.685732,11.00182
12892,3.378665,-9.8,-3.685732,11.00182
12893,3.378665,-9.8,-3.685732,11.00182
12894,3.378665,-9.8,-3.685732,11.00182
12895,3.378665,-9.8,-3.685732,11.00182
12896,3.378665,-9.8,-3.685732,11.00182
12897,3.378665,-9.8,-3.685732,11.00182
12898,3.378665,-9.8,-3.685732,11.00182
12899,3.378665,-9.8,-3.685732,11.00182
12900,3.378665,-9.8,-3.685732,11.00182
12901,3.378665,-9.8,-3.685732,11.00182
12902,3.378665,-9.8,-3.685732,11.00182
12903,3.378665,-9.8,-3.685732,11.00182
12904,3.378665,-9.8,-3.685732,11.00182
12905,3.378665,-9.8,-3.685732,11.00182
12906,3.378665,-9.8,-3.685732,11.00182
12907,3.378665,-9.8,-3.685732,11.00182
12908,3.378665,-9.8,-3.685732,11.00182
12909,3.378665,-9.8,-3.685732,11.00182
12910,3.378665,-9.8,-3.685732,11.00182
12911,3.378665,-9.8,-3.685732,11.00182
12912,3.378665,-9.8,-3.685732,11.00182
12913,3.378665,-9.8,-3.685732,11.00182
12914,3.378665,-9.8,-3.685732,11.00182
12915,3.378665,-9.8,-3.685732,11.00182
12916,3.378665,-9.8,-3.685732,11.00182
12917,3.378665,-9.8,-3.685732,11.00182
12918,3.378665,-9.8,-3.685732,11.00182
12919,3.378665,-9.8,-3.685732,11.00182
12920,3.378665,-9.8,-3.685732,11.00182
12921,3.378665,-9.8,-3.685732,11.00182
12922,3.378665,-9.8,-3.685732,11.00182
12923,3.378665,-9.8,-3.685732,11.00182
12924,3.378665,-9.8,-3.685732,11.00182
12925,3.378665,-9.8,-3.685732,11.00182
12926,3.378665,-9.8,-3.685732,11.00182
12927,3.378665,-9.8,-3.685732,11.00182
12928,3.378665,-9.8,-3.685732,11.00182
12929,3.378665,-9.8,-3.685732,11.00182
12930,3.378665,-9.8,-3.685732,11.00182
12931,3.378665,-9.8,-3.685732,11.00182
12932,3.378665,-9.8,-3.685732,11.00182
12933,3.378665,-9.8,-3.685732,11.00182
12934,3.378665,-9.8,-3.685732,11.00182
12935,3.378665,-9.8,-3.685732,11.00182
12936,3.378665,-9.8,-3.685732,11.00182
12937,3.378665,-9.8,-3.685732,11.00182
12938,3.378665,-9.8,-3.685732,11.00182
12939,3.378665,-9.8,-3.685732,11.00182
12940,3.378665,-9.8,-3.685732,11.00182
12941,3.378665,-9.8,-3.685732,11.00182
12942,3.378665,-9.8,-3.685732,11.00182
12943,3.378665,-9.8,-3.685732,11.00182
12944,3.378665,-9.8,-3.685732,11.00182
12945,3.378665,-9.8,-3.685732,11.00182
12946,3.378665,-9.8,-3.685732,11.00182
12947,3.378665,-9.8,-3.685732,11.00182
12948,3.378665,-9.8,-3.685732,11.00182
12949,3.378665,-9.8,-3.685732,11.00182
12950,3.378665,-9.8,-3.685732,11.00182
12951,3.378665,-9.8,-3.685732,11.00182
12952,3.378665,-9.8,-3.685732,11.00182
12953,3.378665,-9.8,-3.685732,11.00182
12954,3.378665,-9.8,-3.685732,11.00182
12955,3.378665,-9.8,-3.685732,11.00182
12956,3.378665,-9.8,-3.685732,11.00182
12957,3.378665,-9.8,-3.685732,11.00182
12958,3.378665,-9.8,-3.685732,11.00182
12959,3.378665,-9.8,-3.685732,11.00182
12960,3.378665,-9.8,-3.685732,11.00182
12961,3.378665,-9.8,-3.685732,11.00182
12962,3.378665,-9.8,-3.685732,11.00182
12963,3.378665,-9.8,-3.685732,11.00182
12964,3.378665,-9.8,-3.685732,11.00182
12965,3.378665,-9.8,-3.685732,11.00182
12966,3.378665,-9.8,-3.685732,11.00182
12967,3.378665,-9.8,-3.685732,11.00182
12968,3.378665,-9.8,-3.685732,11.00182
12969,3.378665,-9.8,-3.685732,11.00182
12970,3.378665,-9.8,-3.685732,11.00182
12971,3.378665,-9.8,-3.685732,11.00182
12972,3.378665,-9.8,-3.685732,11.00182
12973,3.378665,-9.8,-3.685732,11.00182
12974,3.378665,-9.8,-3.685732,11.00182
12975,3.378665,-9.8,-3.685732,11.00182
12976,3.378665,-9.8,-3.685732,11.00182
12977,3.378665,-9.8,-3.685732,11.00182
12978,3.378665,-9.8,-3.685732,11.00182
12979,3.378665,-9.8,-3.685732,11.00182
12980,3.378665,-9.8,-3.685732,11.00182
12981,3.378665,-9.8,-3.685732,11.00182
12982,3.378665,-9.8,-3.685732,11.00182
12983,3.378665,-9.8,-3.685732,11.00182
12984,3.378665,-9.8,-3.685732,11.00182
12985,3.378665,-9.8,-3.685732,11.00182
12986,3.378665,-9.8,-3.685732,11.00182
12987,3.378665,-9.8,-3.685732,11.00182
12988,3.378665,-9.8,-3.685732,11.00182
12989,3.378665,-9.8,-3.685732,11.00182
12990,3.378665,-9.8,-3.685732,11.00182
12991,3.378665,-9.8,-3.685732,11.00182
12992,3.378665,-9.8,-3.685732,11.00182
12993,3.378665,-9.8,-3.685732,11.00182
12994,3.378665,-9.8,-3.685732,11.00182
12995,3.378665,-9.8,-3.685732,11.00182
12996,3.378665,-9.8,-3.685732,11.00182
12997,3.378665,-9.8,-3.685732,11.00182
12998,3.378665,-9.8,-3.685732,11.00182
12999,3.378665,-9.8,-3.685732,11.00182
13000,3.378665,-9.8,-3.685732,11.00182
13001,3.378665,-9.8,-3.685732,11.00182
13002,3.378665,-9.8,-3.685732,11.00182
13003,3.378665,-9.8,-3.685732,11.00182
13004,3.378665,-9.8,-3.685732,11.00182
13005,3.378665,-9.8,-3.685732,11.00182
13006,3.378665,-9.8,-3.685732,11.00182
13007,3.378665,-9.8,-3.685732,11.00182
13008,3.378665,-9.8,-3.685732,11.00182
13009,3.378665,-9.8,-3.685732,11.00182
13010,3.378665,-9.8,-3.685732,11.00182
13011,3.378665,-9.8,-3.685732,11.00182
13012,3.378665,-9.8,-3.685732,11.00182
13013,3.378665,-9.8,-3.685732,11.00182
13014,3.378665,-9.8,-3.685732,11.00182
13015,3.378665,-9.8,-3.685732,11.00182
13016,3.378665,-9.8,-3.685732,11.00182
13017,3.378665,-9.8,-3.685732,11.00182
13018,3.378665,-9.8,-3.685732,11.00182
13019,3.378665,-9.8,-3.685732,11.00182
13020,3.378665,-9.8,-3.685732,11.00182
13021,3.378665,-9.8,-3.685732,11.00182
13022,3.378665,-9.8,-3.685732,11.00182
13023,3.378665,-9.8,-3.685732,11.00182
13024,3.378665,-9.8,-3.685732,11.00182
13025,3.378665,-9.8,-3.685732,11.00182
13026,3.378665,-9.8,-3.685732,11.00182
13027,3.378665,-9.8,-3.685732,11.00182
13028,3.378665,-9.8,-3.685732,11.00182
13029,3.378665,-9.8,-3.685732,11.00182
13030,3.378665,-9.8,-3.685732,11.00182
13031,3.378665,-9.8,-3.685732,11.00182
13032,3.378665,-9.8,-3.685732,11.00182
13033,3.378665,-9.8,-3.685732,11.00182
13034,3.378665,-9.8,-3.685732,11.00182
13035,3.378665,-9.8,-3.685732,11.00182
13036,3.378665,-9.8,-3.685732,11.00182
13037,3.378665,-9.8,-3.685732,11.00182
13038,3.378665,-9.8,-3.685732,11.00182
13039,3.378665,-9.8,-3.685732,11.00182
13040,3.378665,-9.8,-3.685732,11.00182
13041,3.378665,-9.8,-3.685732,11.00182
13042,3.378665,-9.8,-3.685732,11.00182
13043,3.378665,-9.8,-3.685732,11.00182
13044,3.378665,-9.8,-3.685732,11.00182
13045,3.378665,-9.8,-3.685732,11.00182
13046,3.378665,-9.8,-3.685732,11.00182
13047,3.378665,-9.8,-3.685732,11.00182
13048,3.378665,-9.8,-3.685732,11.00182
13049,3.378665,-9.8,-3.685732,11.00182
13050,3.378665,-9.8,-3.685732,11.00182
13051,3.378665,-9.8,-3.685732,11.00182
13052,3.378665,-9.8,-3.685732,11.00182
13053,3.378665,-9.8,-3.685732,11.00182
13054,3.378665,-9.8,-3.685732,11.00182
13055,3.378665,-9.8,-3.685732,11.00182
13056,3.378665,-9.8,-3.685732,11.00182
13057,3.378665,-9.8,-3.685732,11.00182
13058,3.378665,-9.8,-3.685732,11.00182
13059,3.378665,-9.8,-3.685732,11.00182
13060,3.378665,-9.8,-3.685732,11.00182
13061,3.378665,-9.8,-3.685732,11.00182
13062,3.378665,-9.8,-3.685732,11.00182
13063,3.378665,-9.8,-3.685732,11.00182
13064,3.378665,-9.8,-3.685732,11.00182
13065,3.378665,-9.8,-3.685732,11.00182
13066,3.378665,-9.8,-3.685732,11.00182
13067,3.378665,-9.8,-3.685732,11.00182
13068,3.378665,-9.8,-3.685732,11.00182
13069,3.378665,-9.8,-3.685732,11.00182
13070,3.378665,-9.8,-3.685732,11.00182
13071,3.378665,-9.8,-3.685732,11.00182
13072,3.378665,-9.8,-3.685732,11.00182
13073,3.378665,-9.8,-3.685732,11.00182
13074,3.378665,-9.8,-3.685732,11.00182
13075,3.378665,-9.8,-3.685732,11.00182
13076,3.378665,-9.8,-3.685732,11.00182
13077,3.378665,-9.8,-3.685732,11.00182
13078,3.378665,-9.8,-3.685732,11.00182
13079,3.378665,-9.8,-3.685732,11.00182
13080,3.378665,-9.8,-3.685732,11.00182
13081,3.378665,-9.8,-3.685732,11.00182
13082,3.378665,-9.8,-3.685732,11.00182
13083,3.378665,-9.8,-3.685732,11.00182
13084,3.378665,-9.8,-3.685732,11.00182
13085,3.378665,-9.8,-3.685732,11.00182
13086,3.378665,-9.8,-3.685732,11.00182
13087,3.378665,-9.8,-3.685732,11.00182
13088,3.378665,-9.8,-3.685732,11.00182
13089,3.378665,-9.8,-3.685732,11.00182
13090,3.378665,-9.8,-3.685732,11.00182
13091,3.378665,-9.8,-3.685732,11.00182
13092,3.378665,-9.8,-3.685732,11.00182
13093,3.378665,-9.8,-3.685732,11.00182
13094,3.378665,-9.8,-3.685732,11.00182
13095,3.378665,-9.8,-3.685732,11.00182
13096,3.378665,-9.8,-3.685732,11.00182
13097,3.378665,-9.8,-3.685732,11.00182
13098,3.378665,-9.8,-3.685732,11.00182
13099,3.378665,-9.8,-3.685732,11.00182
13100,3.378665,-9.8,-3.685732,11.00182
13101,3.378665,-9.8,-3.685732,11.00182
13102,3.378665,-9.8,-3.685732,11.00182
13103,3.378665,-9.8,-3.685732,11.00182
13104,3.378665,-9.8,-3.685732,11.00182
13105,3.378665,-9.8,-3.685732,11.00182
13106,3.378665,-9.8,-3.685732,11.00182
13107,3.378665,-9.8,-3.685732,11.00182
13108,3.378665,-9.8,-3.685732,11.00182
13109,3.378665,-9.8,-3.685732,11.00182
13110,3.378665,-9.8,-3.685732,11.00182
13111,3.378665,-9.8,-3.685732,11.00182
13112,3.378665,-9.8,-3.685732,11.00182
13113,3.378665,-9.8,-3.685732,11.00182
13114,3.378665,-9.8,-3.685732,11.00182
13115,3.378665,-9.8,-3.685732,11.00182
13116,3.378665,-9.8,-3.685732,11.00182
13117,3.378665,-9.8,-3.685732,11.00182
13118,3.378665,-9.8,-3.685732,11.00182
13119,3.378665,-9.8,-3.685732,11.00182
13120,3.378665,-9.8,-3.685732,11.00182
13121,3.378665,-9.8,-3.685732,11.00182
13122,3.378665,-9.8,-3.685732,11.00182
13123,3.378665,-9.8,-3.685732,11.00182
13124,3.378665,-9.8,-3.685732,11.00182
13125,3.378665,-9.8,-3.685732,11.00182
13126,3.378665,-9.8,-3.685732,11.00182
13127,3.378665,-9.8,-3.685732,11.00182
13128,3.378665,-9.8,-3.685732,11.00182
13129,3.378665,-9.8,-3.685732,11.00182
13130,3.378665,-9.8,-3.685732,11.00182
13131,3.378665,-9.8,-3.685732,11.00182
13132,3.378665,-9.8,-3.685732,11.00182
13133,3.378665,-9.8,-3.685732,11.00182
13134,3.378665,-9.8,-3.685732,11.00182
13135,3.378665,-9.8,-3.685732,11.00182
13136,3.378665,-9.8,-3.685732,11.00182
13137,3.378665,-9.8,-3.685732,11.00182
13138,3.378665,-9.8,-3.685732,11.00182
13139,3.378665,-9.8,-3.685732,11.00182
13140,3.378665,-9.8,-3.685732,11.00182
13141,3.378665,-9.8,-3.685732,11.00182
13142,3.378665,-9.8,-3.685732,11.00182
13143,3.378665,-9.8,-3.685732,11.00182
13144,3.378665,-9.8,-3.685732,11.00182
13145,3.378665,-9.8,-3.685732,11.00182
13146,3.378665,-9.8,-3.685732,11.00182
13147,3.378665,-9.8,-3.685732,11.00182
13148,3.378665,-9.8,-3.685732,11.00182
13149,3.378665,-9.8,-3.685732,11.00182
13150,3.378665,-9.8,-3.685732,11.00182
13151,3.378665,-9.8,-3.685732,11.00182
13152,3.378665,-9.8,-3.685732,11.00182
13153,3.378665,-9.8,-3.685732,11.00182
13154,3.378665,-9.8,-3.685732,11.00182
13155,3.378665,-9.8,-3.685732,11.00182
13156,3.378665,-9.8,-3.685732,11.00182
13157,3.378665,-9.8,-3.685732,11.00182
13158,3.378665,-9.8,-3.685732,11.00182
13159,3.378665,-9.8,-3.685732,11.00182
13160,3.378665,-9.8,-3.685732,11.00182
13161,3.378665,-9.8,-3.685732,11.00182
13162,3.378665,-9.8,-3.685732,11.00182
13163,3.378665,-9.8,-3.685732,11.00182
13164,3.378665,-9.8,-3.685732,11.00182
13165,3.378665,-9.8,-3.685732,11.00182
13166,3.378665,-9.8,-3.685732,11.00182
13167,3.378665,-9.8,-3.685732,11.00182
13168,3.378665,-9.8,-3.685732,11.00182
13169,3.378665,-9.8,-3.685732,11.00182
13170,3.378665,-9.8,-3.685732,11.00182
13171,3.378665,-9.8,-3.685732,11.00182
13172,3.378665,-9.8,-3.685732,11.00182
13173,3.378665,-9.8,-3.685732,11.00182
13174,3.378665,-9.8,-3.685732,11.00182
13175,3.378665,-9.8,-3.685732,11.00182
13176,3.378665,-9.8,-3.685732,11.00182
13177,3.378665,-9.8,-3.685732,11.00182
13178,3.378665,-9.8,-3.685732,11.00182
13179,3.378665,-9.8,-3.685732,11.00182
13180,3.378665,-9.8,-3.685732,11.00182
13181,3.378665,-9.8,-3.685732,11.00182
13182,3.378665,-9.8,-3.685732,11.00182
13183,3.378665,-9.8,-3.685732,11.00182
13184,3.378665,-9.8,-3.685732,11.00182
13185,3.378665,-9.8,-3.685732,11.00182
13186,3.378665,-9.8,-3.685732,11.00182
13187,3.378665,-9.8,-3.685732,11.00182
13188,3.378665,-9.8,-3.685732,11.00182
13189,3.378665,-9.8,-3.685732,11.00182
13190,3.378665,-9.8,-3.685732,11.00182
13191,3.378665,-9.8,-3.685732,11.00182
13192,3.378665,-9.8,-3.685732,11.00182
13193,3.378665,-9.8,-3.685732,11.00182
13194,3.378665,-9.8,-3.685732,11.00182
13195,3.378665,-9.8,-3.685732,11.00182
13196,3.378665,-9.8,-3.685732,11.00182
13197,3.378665,-9.8,-3.685732,11.00182
13198,3.378665,-9.8,-3.685732,11.00182
13199,3.378665,-9.8,-3.685732,11.00182
13200,3.378665,-9.8,-3.685732,11.00182
13201,3.378665,-9.8,-3.685732,11.00182
13202,3.378665,-9.8,-3.685732,11.00182
13203,3.378665,-9.8,-3.685732,11.00182
13204,3.378665,-9.8,-3.685732,11.00182
13205,3.378665,-9.8,-3.685732,11.00182
13206,3.378665,-9.8,-3.685732,11.00182
13207,3.378665,-9.8,-3.685732,11.00182
13208,3.378665,-9.8,-3.685732,11.00182
13209,3.378665,-9.8,-3.685732,11.00182
13210,3.378665,-9.8,-3.685732,11.00182
13211,3.378665,-9.8,-3.685732,11.00182
13212,3.378665,-9.8,-3.685732,11.00182
13213,3.378665,-9.8,-3.685732,11.00182
13214,3.378665,-9.8,-3.685732,11.00182
13215,3.378665,-9.8,-3.685732,11.00182
13216,3.378665,-9.8,-3.685732,11.00182
13217,3.378665,-9.8,-3.685732,11.00182
13218,3.378665,-9.8,-3.685732,11.00182
13219,3.378665,-9.8,-3.685732,11.00182
13220,3.378665,-9.8,-3.685732,11.00182
13221,3.378665,-9.8,-3.685732,11.00182
13222,3.378665,-9.8,-3.685732,11.00182
13223,3.378665,-9.8,-3.685732,11.00182
13224,3.378665,-9.8,-3.685732,11.00182
13225,3.378665,-9.8,-3.685732,11.00182
13226,3.378665,-9.8,-3.685732,11.00182
13227,3.378665,-9.8,-3.685732,11.00182
13228,3.378665,-9.8,-3.685732,11.00182
13229,3.378665,-9.8,-3.685732,11.00182
13230,3.378665,-9.8,-3.685732,11.00182
13231,3.378665,-9.8,-3.685732,11.00182
13232,3.378665,-9.8,-3.685732,11.00182
13233,3.378665,-9.8,-3.685732,11.00182
13234,3.378665,-9.8,-3.685732,11.00182
13235,3.378665,-9.8,-3.685732,11.00182
13236,3.378665,-9.8,-3.685732,11.00182
13237,3.378665,-9.8,-3.685732,11.00182
13238,3.378665,-9.8,-3.685732,11.00182
13239,3.378665,-9.8,-3.685732,11.00182
13240,3.378665,-9.8,-3.685732,11.00182
13241,3.378665,-9.8,-3.685732,11.00182
13242,3.378665,-9.8,-3.685732,11.00182
13243,3.378665,-9.8,-3.685732,11.00182
13244,3.378665,-9.8,-3.685732,11.00182
13245,3.378665,-9.8,-3.685732,11.00182
13246,3.378665,-9.8,-3.685732,11.00182
13247,3.378665,-9.8,-3.685732,11.00182
13248,3.378665,-9.8,-3.685732,11.00182
13249,3.378665,-9.8,-3.685732,11.00182
13250,3.378665,-9.8,-3.685732,11.00182
13251,3.378665,-9.8,-3.685732,11.00182
13252,3.378665,-9.8,-3.685732,11.00182
13253,3.378665,-9.8,-3.685732,11.00182
13254,3.378665,-9.8,-3.685732,11.00182
13255,3.378665,-9.8,-3.685732,11.00182
13256,3.378665,-9.8,-3.685732,11.00182
13257,3.378665,-9.8,-3.685732,11.00182
13258,3.378665,-9.8,-3.685732,11.00182
13259,3.378665,-9.8,-3.685732,11.00182
13260,3.378665,-9.8,-3.685732,11.00182
13261,3.378665,-9.8,-3.685732,11.00182
13262,3.378665,-9.8,-3.685732,11.00182
13263,3.378665,-9.8,-3.685732,11.00182
13264,3.378665,-9.8,-3.685732,11.00182
13265,3.378665,-9.8,-3.685732,11.00182
13266,3.378665,-9.8,-3.685732,11.00182
13267,3.378665,-9.8,-3.685732,11.00182
13268,3.378665,-9.8,-3.685732,11.00182
13269,3.378665,-9.8,-3.685732,11.00182
13270,3.378665,-9.8,-3.685732,11.00182
13271,3.378665,-9.8,-3.685732,11.00182
13272,3.378665,-9.8,-3.685732,11.00182
13273,3.378665,-9.8,-3.685732,11.00182
13274,3.378665,-9.8,-3.685732,11.00182
13275,3.378665,-9.8,-3.685732,11.00182
13276,3.378665,-9.8,-3.685732,11.00182
13277,3.378665,-9.8,-3.685732,11.00182
13278,3.378665,-9.8,-3.685732,11.00182
13279,3.378665,-9.8,-3.685732,11.00182
13280,3.378665,-9.8,-3.685732,11.00182
13281,3.378665,-9.8,-3.685732,11.00182
13282,3.378665,-9.8,-3.685732,11.00182
13283,3.378665,-9.8,-3.685732,11.00182
13284,3.378665,-9.8,-3.685732,11.00182
13285,3.378665,-9.8,-3.685732,11.00182
13286,3.378665,-9.8,-3.685732,11.00182
13287,3.378665,-9.8,-3.685732,11.00182
13288,3.378665,-9.8,-3.685732,11.00182
13289,3.378665,-9.8,-3.685732,11.00182
13290,3.378665,-9.8,-3.685732,11.00182
13291,3.378665,-9.8,-3.685732,11.00182
13292,3.378665,-9.8,-3.685732,11.00182
13293,3.378665,-9.8,-3.685732,11.00182
13294,3.378665,-9.8,-3.685732,11.00182
13295,3.378665,-9.8,-3.685732,11.00182
13296,3.378665,-9.8,-3.685732,11.00182
13297,3.378665,-9.8,-3.685732,11.00182
13298,3.378665,-9.8,-3.685732,11.00182
13299,3.378665,-9.8,-3.685732,11.00182
13300,3.378665,-9.8,-3.685732,11.00182
13301,3.378665,-9.8,-3.685732,11.00182
13302,3.378665,-9.8,-3.685732,11.00182
13303,3.378665,-9.8,-3.685732,11.00182
13304,3.378665,-9.8,-3.685732,11.00182
13305,3.378665,-9.8,-3.685732,11.00182
13306,3.378665,-9.8,-3.685732,11.00182
13307,3.378665,-9.8,-3.685732,11.00182
13308,3.378665,-9.8,-3.685732,11.00182
13309,3.378665,-9.8,-3.685732,11.00182
13310,3.378665,-9.8,-3.685732,11.00182
13311,3.378665,-9.8,-3.685732,11.00182
13312,3.378665,-9.8,-3.685732,11.00182
13313,3.378665,-9.8,-3.685732,11.00182
13314,3.378665,-9.8,-3.685732,11.00182
13315,3.378665,-9.8,-3.685732,11.00182
13316,3.378665,-9.8,-3.685732,11.00182
13317,3.378665,-9.8,-3.685732,11.00182
13318,3.378665,-9.8,-3.685732,11.00182
13319,3.378665,-9.8,-3.685732,11.00182
13320,3.378665,-9.8,-3.685732,11.00182
13321,3.378665,-9.8,-3.685732,11.00182
13322,3.378665,-9.8,-3.685732,11.00182
13323,3.378665,-9.8,-3.685732,11.00182
13324,3.378665,-9.8,-3.685732,11.00182
13325,3.378665,-9.8,-3.685732,11.00182
13326,3.378665,-9.8,-3.685732,11.00182
13327,3.378665,-9.8,-3.685732,11.00182
13328,3.378665,-9.8,-3.685732,11.00182
13329,3.378665,-9.8,-3.685732,11.00182
13330,3.378665,-9.8,-3.685732,11.00182
13331,3.378665,-9.8,-3.685732,11.00182
13332,3.378665,-9.8,-3.685732,11.00182
13333,3.378665,-9.8,-3.685732,11.00182
13334,3.378665,-9.8,-3.685732,11.00182
13335,3.378665,-9.8,-3.685732,11.00182
13336,3.378665,-9.8,-3.685732,11.00182
13337,3.378665,-9.8,-3.685732,11.00182
13338,3.378665,-9.8,-3.685732,11.00182
13339,3.378665,-9.8,-3.685732,11.00182
13340,3.378665,-9.8,-3.685732,11.00182
13341,3.378665,-9.8,-3.685732,11.00182
13342,3.378665,-9.8,-3.685732,11.00182
13343,3.378665,-9.8,-3.685732,11.00182
13344,3.378665,-9.8,-3.685732,11.00182
13345,3.378665,-9.8,-3.685732,11.00182
13346,3.378665,-9.8,-3.685732,11.00182
13347,3.378665,-9.8,-3.685732,11.00182
13348,3.378665,-9.8,-3.685732,11.00182
13349,3.378665,-9.8,-3.685732,11.00182
13350,3.378665,-9.8,-3.685732,11.00182
13351,3.378665,-9.8,-3.685732,11.00182
13352,3.378665,-9.8,-3.685732,11.00182
13353,3.378665,-9.8,-3.685732,11.00182
13354,3.378665,-9.8,-3.685732,11.00182
13355,3.378665,-9.8,-3.685732,11.00182
13356,3.378665,-9.8,-3.685732,11.00182
13357,3.378665,-9.8,-3.685732,11.00182
13358,3.378665,-9.8,-3.685732,11.00182
13359,3.378665,-9.8,-3.685732,11.00182
13360,3.378665,-9.8,-3.685732,11.00182
13361,3.378665,-9.8,-3.685732,11.00182
13362,3.378665,-9.8,-3.685732,11.00182
13363,3.378665,-9.8,-3.685732,11.00182
13364,3.378665,-9.8,-3.685732,11.00182
13365,3.378665,-9.8,-3.685732,11.00182
13366,3.378665,-9.8,-3.685732,11.00182
13367,3.378665,-9.8,-3.685732,11.00182
13368,3.378665,-9.8,-3.685732,11.00182
13369,3.378665,-9.8,-3.685732,11.00182
13370,3.378665,-9.8,-3.685732,11.00182
13371,3.378665,-9.8,-3.685732,11.00182
13372,3.378665,-9.8,-3.685732,11.00182
13373,3.378665,-9.8,-3.685732,11.00182
13374,3.378665,-9.8,-3.685732,11.00182
13375,3.378665,-9.8,-3.685732,11.00182
13376,3.378665,-9.8,-3.685732,11.00182
13377,3.378665,-9.8,-3.685732,11.00182
13378,3.378665,-9.8,-3.685732,11.00182
13379,3.378665,-9.8,-3.685732,11.00182
13380,3.378665,-9.8,-3.685732,11.00182
13381,3.378665,-9.8,-3.685732,11.00182
13382,3.378665,-9.8,-3.685732,11.00182
13383,3.378665,-9.8,-3.685732,11.00182
13384,3.378665,-9.8,-3.685732,11.00182
13385,3.378665,-9.8,-3.685732,11.00182
13386,3.378665,-9.8,-3.685732,11.00182
13387,3.378665,-9.8,-3.685732,11.00182
13388,3.378665,-9.8,-3.685732,11.00182
13389,3.378665,-9.8,-3.685732,11.00182
13390,3.378665,-9.8,-3.685732,11.00182
13391,3.378665,-9.8,-3.685732,11.00182
13392,3.378665,-9.8,-3.685732,11.00182
13393,3.378665,-9.8,-3.685732,11.00182
13394,3.378665,-9.8,-3.685732,11.00182
13395,3.378665,-9.8,-3.685732,11.00182
13396,3.378665,-9.8,-3.685732,11.00182
13397,3.378665,-9.8,-3.685732,11.00182
13398,3.378665,-9.8,-3.685732,11.00182
13399,3.378665,-9.8,-3.685732,11.00182
13400,3.378665,-9.8,-3.685732,11.00182
13401,3.378665,-9.8,-3.685732,11.00182
13402,3.378665,-9.8,-3.685732,11.00182
13403,3.378665,-9.8,-3.685732,11.00182
13404,3.378665,-9.8,-3.685732,11.00182
13405,3.378665,-9.8,-3.685732,11.00182
13406,3.378665,-9.8,-3.685732,11.00182
13407,3.378665,-9.8,-3.685732,11.00182
13408,3.378665,-9.8,-3.685732,11.00182
13409,3.378665,-9.8,-3.685732,11.00182
13410,3.378665,-9.8,-3.685732,11.00182
13411,3.378665,-9.8,-3.685732,11.00182
13412,3.378665,-9.8,-3.685732,11.00182
13413,3.378665,-9.8,-3.685732,11.00182
13414,3.378665,-9.8,-3.685732,11.00182
13415,3.378665,-9.8,-3.685732,11.00182
13416,3.378665,-9.8,-3.685732,11.00182
13417,3.378665,-9.8,-3.685732,11.00182
13418,3.378665,-9.8,-3.685732,11.00182
13419,3.378665,-9.8,-3.685732,11.00182
13420,3.378665,-9.8,-3.685732,11.00182
13421,3.378665,-9.8,-3.685732,11.00182
13422,3.378665,-9.8,-3.685732,11.00182
13423,3.378665,-9.8,-3.685732,11.00182
13424,3.378665,-9.8,-3.685732,11.00182
13425,3.378665,-9.8,-3.685732,11.00182
13426,3.378665,-9.8,-3.685732,11.00182
13427,3.378665,-9.8,-3.685732,11.00182
13428,3.378665,-9.8,-3.685732,11.00182
13429,3.378665,-9.8,-3.685732,11.00182
13430,3.378665,-9.8,-3.685732,11.00182
13431,3.378665,-9.8,-3.685732,11.00182
13432,3.378665,-9.8,-3.685732,11.00182
13433,3.378665,-9.8,-3.685732,11.00182
13434,3.378665,-9.8,-3.685732,11.00182
13435,3.378665,-9.8,-3.685732,11.00182
13436,3.378665,-9.8,-3.685732,11.00182
13437,3.378665,-9.8,-3.685732,11.00182
13438,3.378665,-9.8,-3.685732,11.00182
13439,3.378665,-9.8,-3.685732,11.00182
13440,3.378665,-9.8,-3.685732,11.00182
13441,3.378665,-9.8,-3.685732,11.00182
13442,3.378665,-9.8,-3.685732,11.00182
13443,3.378665,-9.8,-3.685732,11.00182
13444,3.378665,-9.8,-3.685732,11.00182
13445,3.378665,-9.8,-3.685732,11.00182
13446,3.378665,-9.8,-3.685732,11.00182
13447,3.378665,-9.8,-3.685732,11.00182
13448,3.378665,-9.8,-3.685732,11.00182
13449,3.378665,-9.8,-3.685732,11.00182
13450,3.378665,-9.8,-3.685732,11.00182
13451,3.378665,-9.8,-3.685732,11.00182
13452,3.378665,-9.8,-3.685732,11.00182
13453,3.378665,-9.8,-3.685732,11.00182
13454,3.378665,-9.8,-3.685732,11.00182
13455,3.378665,-9.8,-3.685732,11.00182
13456,3.378665,-9.8,-3.685732,11.00182
13457,3.378665,-9.8,-3.685732,11.00182
13458,3.378665,-9.8,-3.685732,11.00182
13459,3.378665,-9.8,-3.685732,11.00182
13460,3.378665,-9.8,-3.685732,11.00182
13461,3.378665,-9.8,-3.685732,11.00182
13462,3.378665,-9.8,-3.685732,11.00182
13463,3.378665,-9.8,-3.685732,11.00182
13464,3.378665,-9.8,-3.685732,11.00182
13465,3.378665,-9.8,-3.685732,11.00182
13466,3.378665,-9.8,-3.685732,11.00182
13467,3.378665,-9.8,-3.685732,11.00182
13468,3.378665,-9.8,-3.685732,11.00182
13469,3.378665,-9.8,-3.685732,11.00182
13470,3.378665,-9.8,-3.685732,11.00182
13471,3.378665,-9.8,-3.685732,11.00182
13472,3.378665,-9.8,-3.685732,11.00182
13473,3.378665,-9.8,-3.685732,11.00182
13474,3.378665,-9.8,-3.685732,11.00182
13475,3.378665,-9.8,-3.685732,11.00182
13476,3.378665,-9.8,-3.685732,11.00182
13477,3.378665,-9.8,-3.685732,11.00182
13478,3.378665,-9.8,-3.685732,11.00182
13479,3.378665,-9.8,-3.685732,11.00182
13480,3.378665,-9.8,-3.685732,11.00182
13481,3.378665,-9.8,-3.685732,11.00182
13482,3.378665,-9.8,-3.685732,11.00182
13483,3.378665,-9.8,-3.685732,11.00182
13484,3.378665,-9.8,-3.685732,11.00182
13485,3.378665,-9.8,-3.685732,11.00182
13486,3.378665,-9.8,-3.685732,11.00182
13487,3.378665,-9.8,-3.685732,11.00182
13488,3.378665,-9.8,-3.685732,11.00182
13489,3.378665,-9.8,-3.685732,11.00182
13490,3.378665,-9.8,-3.685732,11.00182
13491,3.378665,-9.8,-3.685732,11.00182
13492,3.378665,-9.8,-3.685732,11.00182
13493,3.378665,-9.8,-3.685732,11.00182
13494,3.378665,-9.8,-3.685732,11.00182
13495,3.378665,-9.8,-3.685732,11.00182
13496,3.378665,-9.8,-3.685732,11.00182
13497,3.378665,-9.8,-3.685732,11.00182
13498,3.378665,-9.8,-3.685732,11.00182
13499,3.378665,-9.8,-3.685732,11.00182
13500,3.378665,-9.8,-3.685732,11.00182
13501,3.378665,-9.8,-3.685732,11.00182
13502,3.378665,-9.8,-3.685732,11.00182
13503,3.378665,-9.8,-3.685732,11.00182
13504,3.378665,-9.8,-3.685732,11.00182
13505,3.378665,-9.8,-3.685732,11.00182
13506,3.378665,-9.8,-3.685732,11.00182
13507,3.378665,-9.8,-3.685732,11.00182
13508,3.378665,-9.8,-3.685732,11.00182
13509,3.378665,-9.8,-3.685732,11.00182
13510,3.378665,-9.8,-3.685732,11.00182
13511,3.378665,-9.8,-3.685732,11.00182
13512,3.378665,-9.8,-3.685732,11.00182
13513,3.378665,-9.8,-3.685732,11.00182
13514,3.378665,-9.8,-3.685732,11.00182
13515,3.378665,-9.8,-3.685732,11.00182
13516,3.378665,-9.8,-3.685732,11.00182
13517,3.378665,-9.8,-3.685732,11.00182
13518,3.378665,-9.8,-3.685732,11.00182
13519,3.378665,-9.8,-3.685732,11.00182
13520,3.378665,-9.8,-3.685732,11.00182
13521,3.378665,-9.8,-3.685732,11.00182
13522,3.378665,-9.8,-3.685732,11.00182
13523,3.378665,-9.8,-3.685732,11.00182
13524,3.378665,-9.8,-3.685732,11.00182
13525,3.378665,-9.8,-3.685732,11.00182
13526,3.378665,-9.8,-3.685732,11.00182
13527,3.378665,-9.8,-3.685732,11.00182
13528,3.378665,-9.8,-3.685732,11.00182
13529,3.378665,-9.8,-3.685732,11.00182
13530,3.378665,-9.8,-3.685732,11.00182
13531,3.378665,-9.8,-3.685732,11.00182
13532,3.378665,-9.8,-3.685732,11.00182
13533,3.378665,-9.8,-3.685732,11.00182
13534,3.378665,-9.8,-3.685732,11.00182
13535,3.378665,-9.8,-3.685732,11.00182
13536,3.378665,-9.8,-3.685732,11.00182
13537,3.378665,-9.8,-3.685732,11.00182
13538,3.378665,-9.8,-3.685732,11.00182
13539,3.378665,-9.8,-3.685732,11.00182
13540,3.378665,-9.8,-3.685732,11.00182
13541,3.378665,-9.8,-3.685732,11.00182
13542,3.378665,-9.8,-3.685732,11.00182
13543,3.378665,-9.8,-3.685732,11.00182
13544,3.378665,-9.8,-3.685732,11.00182
13545,3.378665,-9.8,-3.685732,11.00182
13546,3.378665,-9.8,-3.685732,11.00182
13547,3.378665,-9.8,-3.685732,11.00182
13548,3.378665,-9.8,-3.685732,11.00182
13549,3.378665,-9.8,-3.685732,11.00182
13550,3.378665,-9.8,-3.685732,11.00182
13551,3.378665,-9.8,-3.685732,11.00182
13552,3.378665,-9.8,-3.685732,11.00182
13553,3.378665,-9.8,-3.685732,11.00182
13554,3.378665,-9.8,-3.685732,11.00182
13555,3.378665,-9.8,-3.685732,11.00182
13556,3.378665,-9.8,-3.685732,11.00182
13557,3.378665,-9.8,-3.685732,11.00182
13558,3.378665,-9.8,-3.685732,11.00182
13559,3.378665,-9.8,-3.685732,11.00182
13560,3.378665,-9.8,-3.685732,11.00182
13561,3.378665,-9.8,-3.685732,11.00182
13562,3.378665,-9.8,-3.685732,11.00182
13563,3.378665,-9.8,-3.685732,11.00182
13564,3.378665,-9.8,-3.685732,11.00182
13565,3.378665,-9.8,-3.685732,11.00182
13566,3.378665,-9.8,-3.685732,11.00182
13567,3.378665,-9.8,-3.685732,11.00182
13568,3.378665,-9.8,-3.685732,11.00182
13569,3.378665,-9.8,-3.685732,11.00182
13570,3.378665,-9.8,-3.685732,11.00182
13571,3.378665,-9.8,-3.685732,11.00182
13572,3.378665,-9.8,-3.685732,11.00182
13573,3.378665,-9.8,-3.685732,11.00182
13574,3.378665,-9.8,-3.685732,11.00182
13575,3.378665,-9.8,-3.685732,11.00182
13576,3.378665,-9.8,-3.685732,11.00182
13577,3.378665,-9.8,-3.685732,11.00182
13578,3.378665,-9.8,-3.685732,11.00182
13579,3.378665,-9.8,-3.685732,11.00182
13580,3.378665,-9.8,-3.685732,11.00182
13581,3.378665,-9.8,-3.685732,11.00182
13582,3.378665,-9.8,-3.685732,11.00182
13583,3.378665,-9.8,-3.685732,11.00182
13584,3.378665,-9.8,-3.685732,11.00182
13585,3.378665,-9.8,-3.685732,11.00182
13586,3.378665,-9.8,-3.685732,11.00182
13587,3.378665,-9.8,-3.685732,11.00182
13588,3.378665,-9.8,-3.685732,11.00182
13589,3.378665,-9.8,-3.685732,11.00182
13590,3.378665,-9.8,-3.685732,11.00182
13591,3.378665,-9.8,-3.685732,11.00182
13592,3.378665,-9.8,-3.685732,11.00182
13593,3.378665,-9.8,-3.685732,11.00182
13594,3.378665,-9.8,-3.685732,11.00182
13595,3.378665,-9.8,-3.685732,11.00182
13596,3.378665,-9.8,-3.685732,11.00182
13597,3.378665,-9.8,-3.685732,11.00182
13598,3.378665,-9.8,-3.685732,11.00182
13599,3.378665,-9.8,-3.685732,11.00182
13600,3.378665,-9.8,-3.685732,11.00182
13601,3.378665,-9.8,-3.685732,11.00182
13602,3.378665,-9.8,-3.685732,11.00182
13603,3.378665,-9.8,-3.685732,11.00182
13604,3.378665,-9.8,-3.685732,11.00182
13605,3.378665,-9.8,-3.685732,11.00182
13606,3.378665,-9.8,-3.685732,11.00182
13607,3.378665,-9.8,-3.685732,11.00182
13608,3.378665,-9.8,-3.685732,11.00182
13609,3.378665,-9.8,-3.685732,11.00182
13610,3.378665,-9.8,-3.685732,11.00182
13611,3.378665,-9.8,-3.685732,11.00182
13612,3.378665,-9.8,-3.685732,11.00182
13613,3.378665,-9.8,-3.685732,11.00182
13614,3.378665,-9.8,-3.685732,11.00182
13615,3.378665,-9.8,-3.685732,11.00182
13616,3.378665,-9.8,-3.685732,11.00182
13617,3.378665,-9.8,-3.685732,11.00182
13618,3.378665,-9.8,-3.685732,11.00182
13619,3.378665,-9.8,-3.685732,11.00182
13620,3.378665,-9.8,-3.685732,11.00182
13621,3.378665,-9.8,-3.685732,11.00182
13622,3.378665,-9.8,-3.685732,11.00182
13623,3.378665,-9.8,-3.685732,11.00182
13624,3.378665,-9.8,-3.685732,11.00182
13625,3.378665,-9.8,-3.685732,11.00182
13626,3.378665,-9.8,-3.685732,11.00182
13627,3.378665,-9.8,-3.685732,11.00182
13628,3.378665,-9.8,-3.685732,11.00182
13629,3.378665,-9.8,-3.685732,11.00182
13630,3.378665,-9.8,-3.685732,11.00182
13631,3.378665,-9.8,-3.685732,11.00182
13632,3.378665,-9.8,-3.685732,11.00182
13633,3.378665,-9.8,-3.685732,11.00182
13634,3.378665,-9.8,-3.685732,11.00182
13635,3.378665,-9.8,-3.685732,11.00182
13636,3.378665,-9.8,-3.685732,11.00182
13637,3.378665,-9.8,-3.685732,11.00182
13638,3.378665,-9.8,-3.685732,11.00182
13639,3.378665,-9.8,-3.685732,11.00182
13640,3.378665,-9.8,-3.685732,11.00182
13641,3.378665,-9.8,-3.685732,11.00182
13642,3.378665,-9.8,-3.685732,11.00182
13643,3.378665,-9.8,-3.685732,11.00182
13644,3.378665,-9.8,-3.685732,11.00182
13645,3.378665,-9.8,-3.685732,11.00182
13646,3.378665,-9.8,-3.685732,11.00182
13647,3.378665,-9.8,-3.685732,11.00182
13648,3.378665,-9.8,-3.685732,11.00182
13649,3.378665,-9.8,-3.685732,11.00182
13650,3.378665,-9.8,-3.685732,11.00182
13651,3.378665,-9.8,-3.685732,11.00182
13652,3.378665,-9.8,-3.685732,11.00182
13653,3.378665,-9.8,-3.685732,11.00182
13654,3.378665,-9.8,-3.685732,11.00182
13655,3.378665,-9.8,-3.685732,11.00182
13656,3.378665,-9.8,-3.685732,11.00182
13657,3.378665,-9.8,-3.685732,11.00182
13658,3.378665,-9.8,-3.685732,11.00182
13659,3.378665,-9.8,-3.685732,11.00182
13660,3.378665,-9.8,-3.685732,11.00182
13661,3.378665,-9.8,-3.685732,11.00182
13662,3.378665,-9.8,-3.685732,11.00182
13663,3.378665,-9.8,-3.685732,11.00182
13664,3.378665,-9.8,-3.685732,11.00182
13665,3.378665,-9.8,-3.685732,11.00182
13666,3.378665,-9.8,-3.685732,11.00182
13667,3.378665,-9.8,-3.685732,11.00182
13668,3.378665,-9.8,-3.685732,11.00182
13669,3.378665,-9.8,-3.685732,11.00182
13670,3.378665,-9.8,-3.685732,11.00182
13671,3.378665,-9.8,-3.685732,11.00182
13672,3.378665,-9.8,-3.685732,11.00182
13673,3.378665,-9.8,-3.685732,11.00182
13674,3.378665,-9.8,-3.685732,11.00182
13675,3.378665,-9.8,-3.685732,11.00182
13676,3.378665,-9.8,-3.685732,11.00182
13677,3.378665,-9.8,-3.685732,11.00182
13678,3.378665,-9.8,-3.685732,11.00182
13679,3.378665,-9.8,-3.685732,11.00182
13680,3.378665,-9.8,-3.685732,11.00182
13681,3.378665,-9.8,-3.685732,11.00182
13682,3.378665,-9.8,-3.685732,11.00182
13683,3.378665,-9.8,-3.685732,11.00182
13684,3.378665,-9.8,-3.685732,11.00182
13685,3.378665,-9.8,-3.685732,11.00182
13686,3.378665,-9.8,-3.685732,11.00182
13687,3.378665,-9.8,-3.685732,11.00182
13688,3.378665,-9.8,-3.685732,11.00182
13689,3.378665,-9.8,-3.685732,11.00182
13690,3.378665,-9.8,-3.685732,11.00182
13691,3.378665,-9.8,-3.685732,11.00182
13692,3.378665,-9.8,-3.685732,11.00182
13693,3.378665,-9.8,-3.685732,11.00182
13694,3.378665,-9.8,-3.685732,11.00182
13695,3.378665,-9.8,-3.685732,11.00182
13696,3.378665,-9.8,-3.685732,11.00182
13697,3.378665,-9.8,-3.685732,11.00182
13698,3.378665,-9.8,-3.685732,11.00182
13699,3.378665,-9.8,-3.685732,11.00182
13700,3.378665,-9.8,-3.685732,11.00182
13701,3.378665,-9.8,-3.685732,11.00182
13702,3.378665,-9.8,-3.685732,11.00182
13703,3.378665,-9.8,-3.685732,11.00182
13704,3.378665,-9.8,-3.685732,11.00182
13705,3.378665,-9.8,-3.685732,11.00182
13706,3.378665,-9.8,-3.685732,11.00182
13707,3.378665,-9.8,-3.685732,11.00182
13708,3.378665,-9.8,-3.685732,11.00182
13709,3.378665,-9.8,-3.685732,11.00182
13710,3.378665,-9.8,-3.685732,11.00182
13711,3.378665,-9.8,-3.685732,11.00182
13712,3.378665,-9.8,-3.685732,11.00182
13713,3.378665,-9.8,-3.685732,11.00182
13714,3.378665,-9.8,-3.685732,11.00182
13715,3.378665,-9.8,-3.685732,11.00182
13716,3.378665,-9.8,-3.685732,11.00182
13717,3.378665,-9.8,-3.685732,11.00182
13718,3.378665,-9.8,-3.685732,11.00182
13719,3.378665,-9.8,-3.685732,11.00182
13720,3.378665,-9.8,-3.685732,11.00182
13721,3.378665,-9.8,-3.685732,11.00182
13722,3.378665,-9.8,-3.685732,11.00182
13723,3.378665,-9.8,-3.685732,11.00182
13724,3.378665,-9.8,-3.685732,11.00182
13725,3.378665,-9.8,-3.685732,11.00182
13726,3.378665,-9.8,-3.685732,11.00182
13727,3.378665,-9.8,-3.685732,11.00182
13728,3.378665,-9.8,-3.685732,11.00182
13729,3.378665,-9.8,-3.685732,11.00182
13730,3.378665,-9.8,-3.685732,11.00182
13731,3.378665,-9.8,-3.685732,11.00182
13732,3.378665,-9.8,-3.685732,11.00182
13733,3.378665,-9.8,-3.685732,11.00182
13734,3.378665,-9.8,-3.685732,11.00182
13735,3.378665,-9.8,-3.685732,11.00182
13736,3.378665,-9.8,-3.685732,11.00182
13737,3.378665,-9.8,-3.685732,11.00182
13738,3.378665,-9.8,-3.685732,11.00182
13739,3.378665,-9.8,-3.685732,11.00182
13740,3.378665,-9.8,-3.685732,11.00182
13741,3.378665,-9.8,-3.685732,11.00182
13742,3.378665,-9.8,-3.685732,11.00182
13743,3.378665,-9.8,-3.685732,11.00182
13744,3.378665,-9.8,-3.685732,11.00182
13745,3.378665,-9.8,-3.685732,11.00182
13746,3.378665,-9.8,-3.685732,11.00182
13747,3.378665,-9.8,-3.685732,11.00182
13748,3.378665,-9.8,-3.685732,11.00182
13749,3.378665,-9.8,-3.685732,11.00182
13750,3.378665,-9.8,-3.685732,11.00182
13751,3.378665,-9.8,-3.685732,11.00182
13752,3.378665,-9.8,-3.685732,11.00182
13753,3.378665,-9.8,-3.685732,11.00182
13754,3.378665,-9.8,-3.685732,11.00182
13755,3.378665,-9.8,-3.685732,11.00182
13756,3.378665,-9.8,-3.685732,11.00182
13757,3.378665,-9.8,-3.685732,11.00182
13758,3.378665,-9.8,-3.685732,11.00182
13759,3.378665,-9.8,-3.685732,11.00182
13760,3.378665,-9.8,-3.685732,11.00182
13761,3.378665,-9.8,-3.685732,11.00182
13762,3.378665,-9.8,-3.685732,11.00182
13763,3.378665,-9.8,-3.685732,11.00182
13764,3.378665,-9.8,-3.685732,11.00182
13765,3.378665,-9.8,-3.685732,11.00182
13766,3.378665,-9.8,-3.685732,11.00182
13767,3.378665,-9.8,-3.685732,11.00182
13768,3.378665,-9.8,-3.685732,11.00182
13769,3.378665,-9.8,-3.685732,11.00182
13770,3.378665,-9.8,-3.685732,11.00182
13771,3.378665,-9.8,-3.685732,11.00182
13772,3.378665,-9.8,-3.685732,11.00182
13773,3.378665,-9.8,-3.685732,11.00182
13774,3.378665,-9.8,-3.685732,11.00182
13775,3.378665,-9.8,-3.685732,11.00182
13776,3.378665,-9.8,-3.685732,11.00182
13777,3.378665,-9.8,-3.685732,11.00182
13778,3.378665,-9.8,-3.685732,11.00182
13779,3.378665,-9.8,-3.685732,11.00182
13780,3.378665,-9.8,-3.685732,11.00182
13781,3.378665,-9.8,-3.685732,11.00182
13782,3.378665,-9.8,-3.685732,11.00182
13783,3.378665,-9.8,-3.685732,11.00182
13784,3.378665,-9.8,-3.685732,11.00182
13785,3.378665,-9.8,-3.685732,11.00182
13786,3.378665,-9.8,-3.685732,11.00182
13787,3.378665,-9.8,-3.685732,11.00182
13788,3.378665,-9.8,-3.685732,11.00182
13789,3.378665,-9.8,-3.685732,11.00182
13790,3.378665,-9.8,-3.685732,11.00182
13791,3.378665,-9.8,-3.685732,11.00182
13792,3.378665,-9.8,-3.685732,11.00182
13793,3.378665,-9.8,-3.685732,11.00182
13794,3.378665,-9.8,-3.685732,11.00182
13795,3.378665,-9.8,-3.685732,11.00182
13796,3.378665,-9.8,-3.685732,11.00182
13797,3.378665,-9.8,-3.685732,11.00182
13798,3.378665,-9.8,-3.685732,11.00182
13799,3.378665,-9.8,-3.685732,11.00182
13800,3.378665,-9.8,-3.685732,11.00182
13801,3.378665,-9.8,-3.685732,11.00182
13802,3.378665,-9.8,-3.685732,11.00182
13803,3.378665,-9.8,-3.685732,11.00182
13804,3.378665,-9.8,-3.685732,11.00182
13805,3.378665,-9.8,-3.685732,11.00182
13806,3.378665,-9.8,-3.685732,11.00182
13807,3.378665,-9.8,-3.685732,11.00182
13808,3.378665,-9.8,-3.685732,11.00182
13809,3.378665,-9.8,-3.685732,11.00182
13810,3.378665,-9.8,-3.685732,11.00182
13811,3.378665,-9.8,-3.685732,11.00182
13812,3.378665,-9.8,-3.685732,11.00182
13813,3.378665,-9.8,-3.685732,11.00182
13814,3.378665,-9.8,-3.685732,11.00182
13815,3.378665,-9.8,-3.685732,11.00182
13816,3.378665,-9.8,-3.685732,11.00182
13817,3.378665,-9.8,-3.685732,11.00182
13818,3.378665,-9.8,-3.685732,11.00182
13819,3.378665,-9.8,-3.685732,11.00182
13820,3.378665,-9.8,-3.685732,11.00182
13821,3.378665,-9.8,-3.685732,11.00182
13822,3.378665,-9.8,-3.685732,11.00182
13823,3.378665,-9.8,-3.685732,11.00182
13824,3.378665,-9.8,-3.685732,11.00182
13825,3.378665,-9.8,-3.685732,11.00182
13826,3.378665,-9.8,-3.685732,11.00182
13827,3.378665,-9.8,-3.685732,11.00182
13828,3.378665,-9.8,-3.685732,11.00182
13829,3.378665,-9.8,-3.685732,11.00182
13830,3.378665,-9.8,-3.685732,11.00182
13831,3.378665,-9.8,-3.685732,11.00182
13832,3.378665,-9.8,-3.685732,11.00182
13833,3.378665,-9.8,-3.685732,11.00182
13834,3.378665,-9.8,-3.685732,11.00182
13835,3.378665,-9.8,-3.685732,11.00182
13836,3.378665,-9.8,-3.685732,11.00182
13837,3.378665,-9.8,-3.685732,11.00182
13838,3.378665,-9.8,-3.685732,11.00182
13839,3.378665,-9.8,-3.685732,11.00182
13840,3.378665,-9.8,-3.685732,11.00182
13841,3.378665,-9.8,-3.685732,11.00182
13842,3.378665,-9.8,-3.685732,11.00182
13843,3.378665,-9.8,-3.685732,11.00182
13844,3.378665,-9.8,-3.685732,11.00182
13845,3.378665,-9.8,-3.685732,11.00182
13846,3.378665,-9.8,-3.685732,11.00182
13847,3.378665,-9.8,-3.685732,11.00182
13848,3.378665,-9.8,-3.685732,11.00182
13849,3.378665,-9.8,-3.685732,11.00182
13850,3.378665,-9.8,-3.685732,11.00182
13851,3.378665,-9.8,-3.685732,11.00182
13852,3.378665,-9.8,-3.685732,11.00182
13853,3.378665,-9.8,-3.685732,11.00182
13854,3.378665,-9.8,-3.685732,11.00182
13855,3.378665,-9.8,-3.685732,11.00182
13856,3.378665,-9.8,-3.685732,11.00182
13857,3.378665,-9.8,-3.685732,11.00182
13858,3.378665,-9.8,-3.685732,11.00182
13859,3.378665,-9.8,-3.685732,11.00182
13860,3.378665,-9.8,-3.685732,11.00182
13861,3.378665,-9.8,-3.685732,11.00182
13862,3.378665,-9.8,-3.685732,11.00182
13863,3.378665,-9.8,-3.685732,11.00182
13864,3.378665,-9.8,-3.685732,11.00182
13865,3.378665,-9.8,-3.685732,11.00182
13866,3.378665,-9.8,-3.685732,11.00182
13867,3.378665,-9.8,-3.685732,11.00182
13868,3.378665,-9.8,-3.685732,11.00182
13869,3.378665,-9.8,-3.685732,11.00182
13870,3.378665,-9.8,-3.685732,11.00182
13871,3.378665,-9.8,-3.685732,11.00182
13872,3.378665,-9.8,-3.685732,11.00182
13873,3.378665,-9.8,-3.685732,11.00182
13874,3.378665,-9.8,-3.685732,11.00182
13875,3.378665,-9.8,-3.685732,11.00182
13876,3.378665,-9.8,-3.685732,11.00182
13877,3.378665,-9.8,-3.685732,11.00182
13878,3.378665,-9.8,-3.685732,11.00182
13879,3.378665,-9.8,-3.685732,11.00182
13880,3.378665,-9.8,-3.685732,11.00182
13881,3.378665,-9.8,-3.685732,11.00182
13882,3.378665,-9.8,-3.685732,11.00182
13883,3.378665,-9.8,-3.685732,11.00182
13884,3.378665,-9.8,-3.685732,11.00182
13885,3.378665,-9.8,-3.685732,11.00182
13886,3.378665,-9.8,-3.685732,11.00182
13887,3.378665,-9.8,-3.685732,11.00182
13888,3.378665,-9.8,-3.685732,11.00182
13889,3.378665,-9.8,-3.685732,11.00182
13890,3.378665,-9.8,-3.685732,11.00182
13891,3.378665,-9.8,-3.685732,11.00182
13892,3.378665,-9.8,-3.685732,11.00182
13893,3.378665,-9.8,-3.685732,11.00182
13894,3.378665,-9.8,-3.685732,11.00182
13895,3.378665,-9.8,-3.685732,11.00182
13896,3.378665,-9.8,-3.685732,11.00182
13897,3.378665,-9.8,-3.685732,11.00182
13898,3.378665,-9.8,-3.685732,11.00182
13899,3.378665,-9.8,-3.685732,11.00182
13900,3.378665,-9.8,-3.685732,11.00182
13901,3.378665,-9.8,-3.685732,11.00182
13902,3.378665,-9.8,-3.685732,11.00182
13903,3.378665,-9.8,-3.685732,11.00182
13904,3.378665,-9.8,-3.685732,11.00182
13905,3.378665,-9.8,-3.685732,11.00182
13906,3.378665,-9.8,-3.685732,11.00182
13907,3.378665,-9.8,-3.685732,11.00182
13908,3.378665,-9.8,-3.685732,11.00182
13909,3.378665,-9.8,-3.685732,11.00182
13910,3.378665,-9.8,-3.685732,11.00182
13911,3.378665,-9.8,-3.685732,11.00182
13912,3.378665,-9.8,-3.685732,11.00182
13913,3.378665,-9.8,-3.685732,11.00182
13914,3.378665,-9.8,-3.685732,11.00182
13915,3.378665,-9.8,-3.685732,11.00182
13916,3.378665,-9.8,-3.685732,11.00182
13917,3.378665,-9.8,-3.685732,11.00182
13918,3.378665,-9.8,-3.685732,11.00182
13919,3.378665,-9.8,-3.685732,11.00182
13920,3.378665,-9.8,-3.685732,11.00182
13921,3.378665,-9.8,-3.685732,11.00182
13922,3.378665,-9.8,-3.685732,11.00182
13923,3.378665,-9.8,-3.685732,11.00182
13924,3.378665,-9.8,-3.685732,11.00182
13925,3.378665,-9.8,-3.685732,11.00182
13926,3.378665,-9.8,-3.685732,11.00182
13927,3.378665,-9.8,-3.685732,11.00182
13928,3.378665,-9.8,-3.685732,11.00182
13929,3.378665,-9.8,-3.685732,11.00182
13930,3.378665,-9.8,-3.685732,11.00182
13931,3.378665,-9.8,-3.685732,11.00182
13932,3.378665,-9.8,-3.685732,11.00182
13933,3.378665,-9.8,-3.685732,11.00182
13934,3.378665,-9.8,-3.685732,11.00182
13935,3.378665,-9.8,-3.685732,11.00182
13936,3.378665,-9.8,-3.685732,11.00182
13937,3.378665,-9.8,-3.685732,11.00182
13938,3.378665,-9.8,-3.685732,11.00182
13939,3.378665,-9.8,-3.685732,11.00182
13940,3.378665,-9.8,-3.685732,11.00182
13941,3.378665,-9.8,-3.685732,11.00182
13942,3.378665,-9.8,-3.685732,11.00182
13943,3.378665,-9.8,-3.685732,11.00182
13944,3.378665,-9.8,-3.685732,11.00182
13945,3.378665,-9.8,-3.685732,11.00182
13946,3.378665,-9.8,-3.685732,11.00182
13947,3.378665,-9.8,-3.685732,11.00182
13948,3.378665,-9.8,-3.685732,11.00182
13949,3.378665,-9.8,-3.685732,11.00182
13950,3.378665,-9.8,-3.685732,11.00182
13951,3.378665,-9.8,-3.685732,11.00182
13952,3.378665,-9.8,-3.685732,11.00182
13953,3.378665,-9.8,-3.685732,11.00182
13954,3.378665,-9.8,-3.685732,11.00182
13955,3.378665,-9.8,-3.685732,11.00182
13956,3.378665,-9.8,-3.685732,11.00182
13957,3.378665,-9.8,-3.685732,11.00182
13958,3.378665,-9.8,-3.685732,11.00182
13959,3.378665,-9.8,-3.685732,11.00182
13960,3.378665,-9.8,-3.685732,11.00182
13961,3.378665,-9.8,-3.685732,11.00182
13962,3.378665,-9.8,-3.685732,11.00182
13963,3.378665,-9.8,-3.685732,11.00182
13964,3.378665,-9.8,-3.685732,11.00182
13965,3.378665,-9.8,-3.685732,11.00182
13966,3.378665,-9.8,-3.685732,11.00182
13967,3.378665,-9.8,-3.685732,11.00182
13968,3.378665,-9.8,-3.685732,11.00182
13969,3.378665,-9.8,-3.685732,11.00182
13970,3.378665,-9.8,-3.685732,11.00182
13971,3.378665,-9.8,-3.685732,11.00182
13972,3.378665,-9.8,-3.685732,11.00182
13973,3.378665,-9.8,-3.685732,11.00182
13974,3.378665,-9.8,-3.685732,11.00182
13975,3.378665,-9.8,-3.685732,11.00182
13976,3.378665,-9.8,-3.685732,11.00182
13977,3.378665,-9.8,-3.685732,11.00182
13978,3.378665,-9.8,-3.685732,11.00182
13979,3.378665,-9.8,-3.685732,11.00182
13980,3.378665,-9.8,-3.685732,11.00182
13981,3.378665,-9.8,-3.685732,11.00182
13982,3.378665,-9.8,-3.685732,11.00182
13983,3.378665,-9.8,-3.685732,11.00182
13984,3.378665,-9.8,-3.685732,11.00182
13985,3.378665,-9.8,-3.685732,11.00182
13986,3.378665,-9.8,-3.685732,11.00182
13987,3.378665,-9.8,-3.685732,11.00182
13988,3.378665,-9.8,-3.685732,11.00182
13989,3.378665,-9.8,-3.685732,11.00182
13990,3.378665,-9.8,-3.685732,11.00182
13991,3.378665,-9.8,-3.685732,11.00182
13992,3.378665,-9.8,-3.685732,11.00182
13993,3.378665,-9.8,-3.685732,11.00182
13994,3.378665,-9.8,-3.685732,11.00182
13995,3.378665,-9.8,-3.685732,11.00182
13996,3.378665,-9.8,-3.685732,11.00182
13997,3.378665,-9.8,-3.685732,11.00182
13998,3.378665,-9.8,-3.685732,11.00182
13999,3.378665,-9.8,-3.685732,11.00182
14000,3.378665,-9.8,-3.685732,11.00182
14001,3.378665,-9.8,-3.685732,11.00182
14002,3.378665,-9.8,-3.685732,11.00182
14003,3.378665,-9.8,-3.685732,11.00182
14004,3.378665,-9.8,-3.685732,11.00182
14005,3.378665,-9.8,-3.685732,11.00182
14006,3.378665,-9.8,-3.685732,11.00182
14007,3.378665,-9.8,-3.685732,11.00182
14008,3.378665,-9.8,-3.685732,11.00182
14009,3.378665,-9.8,-3.685732,11.00182
14010,3.378665,-9.8,-3.685732,11.00182
14011,3.378665,-9.8,-3.685732,11.00182
14012,3.378665,-9.8,-3.685732,11.00182
14013,3.378665,-9.8,-3.685732,11.00182
14014,3.378665,-9.8,-3.685732,11.00182
14015,3.378665,-9.8,-3.685732,11.00182
14016,3.378665,-9.8,-3.685732,11.00182
14017,3.378665,-9.8,-3.685732,11.00182
14018,3.378665,-9.8,-3.685732,11.00182
14019,3.378665,-9.8,-3.685732,11.00182
14020,3.378665,-9.8,-3.685732,11.00182
14021,3.378665,-9.8,-3.685732,11.00182
14022,3.378665,-9.8,-3.685732,11.00182
14023,3.378665,-9.8,-3.685732,11.00182
14024,3.378665,-9.8,-3.685732,11.00182
14025,3.378665,-9.8,-3.685732,11.00182
14026,3.378665,-9.8,-3.685732,11.00182
14027,3.378665,-9.8,-3.685732,11.00182
14028,3.378665,-9.8,-3.685732,11.00182
14029,3.378665,-9.8,-3.685732,11.00182
14030,3.378665,-9.8,-3.685732,11.00182
14031,3.378665,-9.8,-3.685732,11.00182
14032,3.378665,-9.8,-3.685732,11.00182
14033,3.378665,-9.8,-3.685732,11.00182
14034,3.378665,-9.8,-3.685732,11.00182
14035,3.378665,-9.8,-3.685732,11.00182
14036,3.378665,-9.8,-3.685732,11.00182
14037,3.378665,-9.8,-3.685732,11.00182
14038,3.378665,-9.8,-3.685732,11.00182
14039,3.378665,-9.8,-3.685732,11.00182
14040,3.378665,-9.8,-3.685732,11.00182
14041,3.378665,-9.8,-3.685732,11.00182
14042,3.378665,-9.8,-3.685732,11.00182
14043,3.378665,-9.8,-3.685732,11.00182
14044,3.378665,-9.8,-3.685732,11.00182
14045,3.378665,-9.8,-3.685732,11.00182
14046,3.378665,-9.8,-3.685732,11.00182
14047,3.378665,-9.8,-3.685732,11.00182
14048,3.378665,-9.8,-3.685732,11.00182
14049,3.378665,-9.8,-3.685732,11.00182
14050,3.378665,-9.8,-3.685732,11.00182
14051,3.378665,-9.8,-3.685732,11.00182
14052,3.378665,-9.8,-3.685732,11.00182
14053,3.378665,-9.8,-3.685732,11.00182
14054,3.378665,-9.8,-3.685732,11.00182
14055,3.378665,-9.8,-3.685732,11.00182
14056,3.378665,-9.8,-3.685732,11.00182
14057,3.378665,-9.8,-3.685732,11.00182
14058,3.378665,-9.8,-3.685732,11.00182
14059,3.378665,-9.8,-3.685732,11.00182
14060,3.378665,-9.8,-3.685732,11.00182
14061,3.378665,-9.8,-3.685732,11.00182
14062,3.378665,-9.8,-3.685732,11.00182
14063,3.378665,-9.8,-3.685732,11.00182
14064,3.378665,-9.8,-3.685732,11.00182
14065,3.378665,-9.8,-3.685732,11.00182
14066,3.378665,-9.8,-3.685732,11.00182
14067,3.378665,-9.8,-3.685732,11.00182
14068,3.378665,-9.8,-3.685732,11.00182
14069,3.378665,-9.8,-3.685732,11.00182
14070,3.378665,-9.8,-3.685732,11.00182
14071,3.378665,-9.8,-3.685732,11.00182
14072,3.378665,-9.8,-3.685732,11.00182
14073,3.378665,-9.8,-3.685732,11.00182
14074,3.378665,-9.8,-3.685732,11.00182
14075,3.378665,-9.8,-3.685732,11.00182
14076,3.378665,-9.8,-3.685732,11.00182
14077,3.378665,-9.8,-3.685732,11.00182
14078,3.378665,-9.8,-3.685732,11.00182
14079,3.378665,-9.8,-3.685732,11.00182
14080,3.378665,-9.8,-3.685732,11.00182
14081,3.378665,-9.8,-3.685732,11.00182
14082,3.378665,-9.8,-3.685732,11.00182
14083,3.378665,-9.8,-3.685732,11.00182
14084,3.378665,-9.8,-3.685732,11.00182
14085,3.378665,-9.8,-3.685732,11.00182
14086,3.378665,-9.8,-3.685732,11.00182
14087,3.378665,-9.8,-3.685732,11.00182
14088,3.378665,-9.8,-3.685732,11.00182
14089,3.378665,-9.8,-3.685732,11.00182
14090,3.378665,-9.8,-3.685732,11.00182
14091,3.378665,-9.8,-3.685732,11.00182
14092,3.378665,-9.8,-3.685732,11.00182
14093,3.378665,-9.8,-3.685732,11.00182
14094,3.378665,-9.8,-3.685732,11.00182
14095,3.378665,-9.8,-3.685732,11.00182
14096,3.378665,-9.8,-3.685732,11.00182
14097,3.378665,-9.8,-3.685732,11.00182
14098,3.378665,-9.8,-3.685732,11.00182
14099,3.378665,-9.8,-3.685732,11.00182
14100,3.378665,-9.8,-3.685732,11.00182
14101,3.378665,-9.8,-3.685732,11.00182
14102,3.378665,-9.8,-3.685732,11.00182
14103,3.378665,-9.8,-3.685732,11.00182
14104,3.378665,-9.8,-3.685732,11.00182
14105,3.378665,-9.8,-3.685732,11.00182
14106,3.378665,-9.8,-3.685732,11.00182
14107,3.378665,-9.8,-3.685732,11.00182
14108,3.378665,-9.8,-3.685732,11.00182
14109,3.378665,-9.8,-3.685732,11.00182
14110,3.378665,-9.8,-3.685732,11.00182
14111,3.378665,-9.8,-3.685732,11.00182
14112,3.378665,-9.8,-3.685732,11.00182
14113,3.378665,-9.8,-3.685732,11.00182
14114,3.378665,-9.8,-3.685732,11.00182
14115,3.378665,-9.8,-3.685732,11.00182
14116,3.378665,-9.8,-3.685732,11.00182
14117,3.378665,-9.8,-3.685732,11.00182
14118,3.378665,-9.8,-3.685732,11.00182
14119,3.378665,-9.8,-3.685732,11.00182
14120,3.378665,-9.8,-3.685732,11.00182
14121,3.378665,-9.8,-3.685732,11.00182
14122,3.378665,-9.8,-3.685732,11.00182
14123,3.378665,-9.8,-3.685732,11.00182
14124,3.378665,-9.8,-3.685732,11.00182
14125,3.378665,-9.8,-3.685732,11.00182
14126,3.378665,-9.8,-3.685732,11.00182
14127,3.378665,-9.8,-3.685732,11.00182
14128,3.378665,-9.8,-3.685732,11.00182
14129,3.378665,-9.8,-3.685732,11.00182
14130,3.378665,-9.8,-3.685732,11.00182
14131,3.378665,-9.8,-3.685732,11.00182
14132,3.378665,-9.8,-3.685732,11.00182
14133,3.378665,-9.8,-3.685732,11.00182
14134,3.378665,-9.8,-3.685732,11.00182
14135,3.378665,-9.8,-3.685732,11.00182
14136,3.378665,-9.8,-3.685732,11.00182
14137,3.378665,-9.8,-3.685732,11.00182
14138,3.378665,-9.8,-3.685732,11.00182
14139,3.378665,-9.8,-3.685732,11.00182
14140,3.378665,-9.8,-3.685732,11.00182
14141,3.378665,-9.8,-3.685732,11.00182
14142,3.378665,-9.8,-3.685732,11.00182
14143,3.378665,-9.8,-3.685732,11.00182
14144,3.378665,-9.8,-3.685732,11.00182
14145,3.378665,-9.8,-3.685732,11.00182
14146,3.378665,-9.8,-3.685732,11.00182
14147,3.378665,-9.8,-3.685732,11.00182
14148,3.378665,-9.8,-3.685732,11.00182
14149,3.378665,-9.8,-3.685732,11.00182
14150,3.378665,-9.8,-3.685732,11.00182
14151,3.378665,-9.8,-3.685732,11.00182
14152,3.378665,-9.8,-3.685732,11.00182
14153,3.378665,-9.8,-3.685732,11.00182
14154,3.378665,-9.8,-3.685732,11.00182
14155,3.378665,-9.8,-3.685732,11.00182
14156,3.378665,-9.8,-3.685732,11.00182
14157,3.378665,-9.8,-3.685732,11.00182
14158,3.378665,-9.8,-3.685732,11.00182
14159,3.378665,-9.8,-3.685732,11.00182
14160,3.378665,-9.8,-3.685732,11.00182
14161,3.378665,-9.8,-3.685732,11.00182
14162,3.378665,-9.8,-3.685732,11.00182
14163,3.378665,-9.8,-3.685732,11.00182
14164,3.378665,-9.8,-3.685732,11.00182
14165,3.378665,-9.8,-3.685732,11.00182
14166,3.378665,-9.8,-3.685732,11.00182
14167,3.378665,-9.8,-3.685732,11.00182
14168,3.378665,-9.8,-3.685732,11.00182
14169,3.378665,-9.8,-3.685732,11.00182
14170,3.378665,-9.8,-3.685732,11.00182
14171,3.378665,-9.8,-3.685732,11.00182
14172,3.378665,-9.8,-3.685732,11.00182
14173,3.378665,-9.8,-3.685732,11.00182
14174,3.378665,-9.8,-3.685732,11.00182
14175,3.378665,-9.8,-3.685732,11.00182
14176,3.378665,-9.8,-3.685732,11.00182
14177,3.378665,-9.8,-3.685732,11.00182
14178,3.378665,-9.8,-3.685732,11.00182
14179,3.378665,-9.8,-3.685732,11.00182
14180,3.378665,-9.8,-3.685732,11.00182
14181,3.378665,-9.8,-3.685732,11.00182
14182,3.378665,-9.8,-3.685732,11.00182
14183,3.378665,-9.8,-3.685732,11.00182
14184,3.378665,-9.8,-3.685732,11.00182
14185,3.378665,-9.8,-3.685732,11.00182
14186,3.378665,-9.8,-3.685732,11.00182
14187,3.378665,-9.8,-3.685732,11.00182
14188,3.378665,-9.8,-3.685732,11.00182
14189,3.378665,-9.8,-3.685732,11.00182
14190,3.378665,-9.8,-3.685732,11.00182
14191,3.378665,-9.8,-3.685732,11.00182
14192,3.378665,-9.8,-3.685732,11.00182
14193,3.378665,-9.8,-3.685732,11.00182
14194,3.378665,-9.8,-3.685732,11.00182
14195,3.378665,-9.8,-3.685732,11.00182
14196,3.378665,-9.8,-3.685732,11.00182
14197,3.378665,-9.8,-3.685732,11.00182
14198,3.378665,-9.8,-3.685732,11.00182
14199,3.378665,-9.8,-3.685732,11.00182
14200,3.378665,-9.8,-3.685732,11.00182
14201,3.378665,-9.8,-3.685732,11.00182
14202,3.378665,-9.8,-3.685732,11.00182
14203,3.378665,-9.8,-3.685732,11.00182
14204,3.378665,-9.8,-3.685732,11.00182
14205,3.378665,-9.8,-3.685732,11.00182
14206,3.378665,-9.8,-3.685732,11.00182
14207,3.378665,-9.8,-3.685732,11.00182
14208,3.378665,-9.8,-3.685732,11.00182
14209,3.378665,-9.8,-3.685732,11.00182
14210,3.378665,-9.8,-3.685732,11.00182
14211,3.378665,-9.8,-3.685732,11.00182
14212,3.378665,-9.8,-3.685732,11.00182
14213,3.378665,-9.8,-3.685732,11.00182
14214,3.378665,-9.8,-3.685732,11.00182
14215,3.378665,-9.8,-3.685732,11.00182
14216,3.378665,-9.8,-3.685732,11.00182
14217,3.378665,-9.8,-3.685732,11.00182
14218,3.378665,-9.8,-3.685732,11.00182
14219,3.378665,-9.8,-3.685732,11.00182
14220,3.378665,-9.8,-3.685732,11.00182
14221,3.378665,-9.8,-3.685732,11.00182
14222,3.378665,-9.8,-3.685732,11.00182
14223,3.378665,-9.8,-3.685732,11.00182
14224,3.378665,-9.8,-3.685732,11.00182
14225,3.378665,-9.8,-3.685732,11.00182
14226,3.378665,-9.8,-3.685732,11.00182
14227,3.378665,-9.8,-3.685732,11.00182
14228,3.378665,-9.8,-3.685732,11.00182
14229,3.378665,-9.8,-3.685732,11.00182
14230,3.378665,-9.8,-3.685732,11.00182
14231,3.378665,-9.8,-3.685732,11.00182
14232,3.378665,-9.8,-3.685732,11.00182
14233,3.378665,-9.8,-3.685732,11.00182
14234,3.378665,-9.8,-3.685732,11.00182
14235,3.378665,-9.8,-3.685732,11.00182
14236,3.378665,-9.8,-3.685732,11.00182
14237,3.378665,-9.8,-3.685732,11.00182
14238,3.378665,-9.8,-3.685732,11.00182
14239,3.378665,-9.8,-3.685732,11.00182
14240,3.378665,-9.8,-3.685732,11.00182
14241,3.378665,-9.8,-3.685732,11.00182
14242,3.378665,-9.8,-3.685732,11.00182
14243,3.378665,-9.8,-3.685732,11.00182
14244,3.378665,-9.8,-3.685732,11.00182
14245,3.378665,-9.8,-3.685732,11.00182
14246,3.378665,-9.8,-3.685732,11.00182
14247,3.378665,-9.8,-3.685732,11.00182
14248,3.378665,-9.8,-3.685732,11.00182
14249,3.378665,-9.8,-3.685732,11.00182
14250,3.378665,-9.8,-3.685732,11.00182
14251,3.378665,-9.8,-3.685732,11.00182
14252,3.378665,-9.8,-3.685732,11.00182
14253,3.378665,-9.8,-3.685732,11.00182
14254,3.378665,-9.8,-3.685732,11.00182
14255,3.378665,-9.8,-3.685732,11.00182
14256,3.378665,-9.8,-3.685732,11.00182
14257,3.378665,-9.8,-3.685732,11.00182
14258,3.378665,-9.8,-3.685732,11.00182
14259,3.378665,-9.8,-3.685732,11.00182
14260,3.378665,-9.8,-3.685732,11.00182
14261,3.378665,-9.8,-3.685732,11.00182
14262,3.378665,-9.8,-3.685732,11.00182
14263,3.378665,-9.8,-3.685732,11.00182
14264,3.378665,-9.8,-3.685732,11.00182
14265,3.378665,-9.8,-3.685732,11.00182
14266,3.378665,-9.8,-3.685732,11.00182
14267,3.378665,-9.8,-3.685732,11.00182
14268,3.378665,-9.8,-3.685732,11.00182
14269,3.378665,-9.8,-3.685732,11.00182
14270,3.378665,-9.8,-3.685732,11.00182
14271,3.378665,-9.8,-3.685732,11.00182
14272,3.378665,-9.8,-3.685732,11.00182
14273,3.378665,-9.8,-3.685732,11.00182
14274,3.378665,-9.8,-3.685732,11.00182
14275,3.378665,-9.8,-3.685732,11.00182
14276,3.378665,-9.8,-3.685732,11.00182
14277,3.378665,-9.8,-3.685732,11.00182
14278,3.378665,-9.8,-3.685732,11.00182
14279,3.378665,-9.8,-3.685732,11.00182
14280,3.378665,-9.8,-3.685732,11.00182
14281,3.378665,-9.8,-3.685732,11.00182
14282,3.378665,-9.8,-3.685732,11.00182
14283,3.378665,-9.8,-3.685732,11.00182
14284,3.378665,-9.8,-3.685732,11.00182
14285,3.378665,-9.8,-3.685732,11.00182
14286,3.378665,-9.8,-3.685732,11.00182
14287,3.378665,-9.8,-3.685732,11.00182
14288,3.378665,-9.8,-3.685732,11.00182
14289,3.378665,-9.8,-3.685732,11.00182
14290,3.378665,-9.8,-3.685732,11.00182
14291,3.378665,-9.8,-3.685732,11.00182
14292,3.378665,-9.8,-3.685732,11.00182
14293,3.378665,-9.8,-3.685732,11.00182
14294,3.378665,-9.8,-3.685732,11.00182
14295,3.378665,-9.8,-3.685732,11.00182
14296,3.378665,-9.8,-3.685732,11.00182
14297,3.378665,-9.8,-3.685732,11.00182
14298,3.378665,-9.8,-3.685732,11.00182
14299,3.378665,-9.8,-3.685732,11.00182
14300,3.378665,-9.8,-3.685732,11.00182
14301,3.378665,-9.8,-3.685732,11.00182
14302,3.378665,-9.8,-3.685732,11.00182
14303,3.378665,-9.8,-3.685732,11.00182
14304,3.378665,-9.8,-3.685732,11.00182
14305,3.378665,-9.8,-3.685732,11.00182
14306,3.378665,-9.8,-3.685732,11.00182
14307,3.378665,-9.8,-3.685732,11.00182
14308,3.378665,-9.8,-3.685732,11.00182
14309,3.378665,-9.8,-3.685732,11.00182
14310,3.378665,-9.8,-3.685732,11.00182
14311,3.378665,-9.8,-3.685732,11.00182
14312,3.378665,-9.8,-3.685732,11.00182
14313,3.378665,-9.8,-3.685732,11.00182
14314,3.378665,-9.8,-3.685732,11.00182
14315,3.378665,-9.8,-3.685732,11.00182
14316,3.378665,-9.8,-3.685732,11.00182
14317,3.378665,-9.8,-3.685732,11.00182
14318,3.378665,-9.8,-3.685732,11.00182
14319,3.378665,-9.8,-3.685732,11.00182
14320,3.378665,-9.8,-3.685732,11.00182
14321,3.378665,-9.8,-3.685732,11.00182
14322,3.378665,-9.8,-3.685732,11.00182
14323,3.378665,-9.8,-3.685732,11.00182
14324,3.378665,-9.8,-3.685732,11.00182
14325,3.378665,-9.8,-3.685732,11.00182
14326,3.378665,-9.8,-3.685732,11.00182
14327,3.378665,-9.8,-3.685732,11.00182
14328,3.378665,-9.8,-3.685732,11.00182
14329,3.378665,-9.8,-3.685732,11.00182
14330,3.378665,-9.8,-3.685732,11.00182
14331,3.378665,-9.8,-3.685732,11.00182
14332,3.378665,-9.8,-3.685732,11.00182
14333,3.378665,-9.8,-3.685732,11.00182
14334,3.378665,-9.8,-3.685732,11.00182
14335,3.378665,-9.8,-3.685732,11.00182
14336,3.378665,-9.8,-3.685732,11.00182
14337,3.378665,-9.8,-3.685732,11.00182
14338,3.378665,-9.8,-3.685732,11.00182
14339,3.378665,-9.8,-3.685732,11.00182
14340,3.378665,-9.8,-3.685732,11.00182
14341,3.378665,-9.8,-3.685732,11.00182
14342,3.378665,-9.8,-3.685732,11.00182
14343,3.378665,-9.8,-3.685732,11.00182
14344,3.378665,-9.8,-3.685732,11.00182
14345,3.378665,-9.8,-3.685732,11.00182
14346,3.378665,-9.8,-3.685732,11.00182
14347,3.378665,-9.8,-3.685732,11.00182
14348,3.378665,-9.8,-3.685732,11.00182
14349,3.378665,-9.8,-3.685732,11.00182
14350,3.378665,-9.8,-3.685732,11.00182
14351,3.378665,-9.8,-3.685732,11.00182
14352,3.378665,-9.8,-3.685732,11.00182
14353,3.378665,-9.8,-3.685732,11.00182
14354,3.378665,-9.8,-3.685732,11.00182
14355,3.378665,-9.8,-3.685732,11.00182
14356,3.378665,-9.8,-3.685732,11.00182
14357,3.378665,-9.8,-3.685732,11.00182
14358,3.378665,-9.8,-3.685732,11.00182
14359,3.378665,-9.8,-3.685732,11.00182
14360,3.378665,-9.8,-3.685732,11.00182
14361,3.378665,-9.8,-3.685732,11.00182
14362,3.378665,-9.8,-3.685732,11.00182
14363,3.378665,-9.8,-3.685732,11.00182
14364,3.378665,-9.8,-3.685732,11.00182
14365,3.378665,-9.8,-3.685732,11.00182
14366,3.378665,-9.8,-3.685732,11.00182
14367,3.378665,-9.8,-3.685732,11.00182
14368,3.378665,-9.8,-3.685732,11.00182
14369,3.378665,-9.8,-3.685732,11.00182
14370,3.378665,-9.8,-3.685732,11.00182
14371,3.378665,-9.8,-3.685732,11.00182
14372,3.378665,-9.8,-3.685732,11.00182
14373,3.378665,-9.8,-3.685732,11.00182
14374,3.378665,-9.8,-3.685732,11.00182
14375,3.378665,-9.8,-3.685732,11.00182
14376,3.378665,-9.8,-3.685732,11.00182
14377,3.378665,-9.8,-3.685732,11.00182
14378,3.378665,-9.8,-3.685732,11.00182
14379,3.378665,-9.8,-3.685732,11.00182
14380,3.378665,-9.8,-3.685732,11.00182
14381,3.378665,-9.8,-3.685732,11.00182
14382,3.378665,-9.8,-3.685732,11.00182
14383,3.378665,-9.8,-3.685732,11.00182
14384,3.378665,-9.8,-3.685732,11.00182
14385,3.378665,-9.8,-3.685732,11.00182
14386,3.378665,-9.8,-3.685732,11.00182
14387,3.378665,-9.8,-3.685732,11.00182
14388,3.378665,-9.8,-3.685732,11.00182
14389,3.378665,-9.8,-3.685732,11.00182
14390,3.378665,-9.8,-3.685732,11.00182
14391,3.378665,-9.8,-3.685732,11.00182
14392,3.378665,-9.8,-3.685732,11.00182
14393,3.378665,-9.8,-3.685732,11.00182
14394,3.378665,-9.8,-3.685732,11.00182
14395,3.378665,-9.8,-3.685732,11.00182
14396,3.378665,-9.8,-3.685732,11.00182
14397,3.378665,-9.8,-3.685732,11.00182
14398,3.378665,-9.8,-3.685732,11.00182
14399,3.378665,-9.8,-3.685732,11.00182
14400,3.378665,-9.8,-3.685732,11.00182
14401,3.378665,-9.8,-3.685732,11.00182
14402,3.378665,-9.8,-3.685732,11.00182
14403,3.378665,-9.8,-3.685732,11.00182
14404,3.378665,-9.8,-3.685732,11.00182
14405,3.378665,-9.8,-3.685732,11.00182
14406,3.378665,-9.8,-3.685732,11.00182
14407,3.378665,-9.8,-3.685732,11.00182
14408,3.378665,-9.8,-3.685732,11.00182
14409,3.378665,-9.8,-3.685732,11.00182
14410,3.378665,-9.8,-3.685732,11.00182
14411,3.378665,-9.8,-3.685732,11.00182
14412,3.378665,-9.8,-3.685732,11.00182
14413,3.378665,-9.8,-3.685732,11.00182
14414,3.378665,-9.8,-3.685732,11.00182
14415,3.378665,-9.8,-3.685732,11.00182
14416,3.378665,-9.8,-3.685732,11.00182
14417,3.378665,-9.8,-3.685732,11.00182
14418,3.378665,-9.8,-3.685732,11.00182
14419,3.378665,-9.8,-3.685732,11.00182
14420,3.378665,-9.8,-3.685732,11.00182
14421,3.378665,-9.8,-3.685732,11.00182
14422,3.378665,-9.8,-3.685732,11.00182
14423,3.378665,-9.8,-3.685732,11.00182
14424,3.378665,-9.8,-3.685732,11.00182
14425,3.378665,-9.8,-3.685732,11.00182
14426,3.378665,-9.8,-3.685732,11.00182
14427,3.378665,-9.8,-3.685732,11.00182
14428,3.378665,-9.8,-3.685732,11.00182
14429,3.378665,-9.8,-3.685732,11.00182
14430,3.378665,-9.8,-3.685732,11.00182
14431,3.378665,-9.8,-3.685732,11.00182
14432,3.378665,-9.8,-3.685732,11.00182
14433,3.378665,-9.8,-3.685732,11.00182
14434,3.378665,-9.8,-3.685732,11.00182
14435,3.378665,-9.8,-3.685732,11.00182
14436,3.378665,-9.8,-3.685732,11.00182
14437,3.378665,-9.8,-3.685732,11.00182
14438,3.378665,-9.8,-3.685732,11.00182
14439,3.378665,-9.8,-3.685732,11.00182
14440,3.378665,-9.8,-3.685732,11.00182
14441,3.378665,-9.8,-3.685732,11.00182
14442,3.378665,-9.8,-3.685732,11.00182
14443,3.378665,-9.8,-3.685732,11.00182
14444,3.378665,-9.8,-3.685732,11.00182
14445,3.378665,-9.8,-3.685732,11.00182
14446,3.378665,-9.8,-3.685732,11.00182
14447,3.378665,-9.8,-3.685732,11.00182
14448,3.378665,-9.8,-3.685732,11.00182
14449,3.378665,-9.8,-3.685732,11.00182
14450,3.378665,-9.8,-3.685732,11.00182
14451,3.378665,-9.8,-3.685732,11.00182
14452,3.378665,-9.8,-3.685732,11.00182
14453,3.378665,-9.8,-3.685732,11.00182
14454,3.378665,-9.8,-3.685732,11.00182
14455,3.378665,-9.8,-3.685732,11.00182
14456,3.378665,-9.8,-3.685732,11.00182
14457,3.378665,-9.8,-3.685732,11.00182
14458,3.378665,-9.8,-3.685732,11.00182
14459,3.378665,-9.8,-3.685732,11.00182
14460,3.378665,-9.8,-3.685732,11.00182
14461,3.378665,-9.8,-3.685732,11.00182
14462,3.378665,-9.8,-3.685732,11.00182
14463,3.378665,-9.8,-3.685732,11.00182
14464,3.378665,-9.8,-3.685732,11.00182
14465,3.378665,-9.8,-3.685732,11.00182
14466,3.378665,-9.8,-3.685732,11.00182
14467,3.378665,-9.8,-3.685732,11.00182
14468,3.378665,-9.8,-3.685732,11.00182
14469,3.378665,-9.8,-3.685732,11.00182
14470,3.378665,-9.8,-3.685732,11.00182
14471,3.378665,-9.8,-3.685732,11.00182
14472,3.378665,-9.8,-3.685732,11.00182
14473,3.378665,-9.8,-3.685732,11.00182
14474,3.378665,-9.8,-3.685732,11.00182
14475,3.378665,-9.8,-3.685732,11.00182
14476,3.378665,-9.8,-3.685732,11.00182
14477,3.378665,-9.8,-3.685732,11.00182
14478,3.378665,-9.8,-3.685732,11.00182
14479,3.378665,-9.8,-3.685732,11.00182
14480,3.378665,-9.8,-3.685732,11.00182
14481,3.378665,-9.8,-3.685732,11.00182
14482,3.378665,-9.8,-3.685732,11.00182
14483,3.378665,-9.8,-3.685732,11.00182
14484,3.378665,-9.8,-3.685732,11.00182
14485,3.378665,-9.8,-3.685732,11.00182
14486,3.378665,-9.8,-3.685732,11.00182
14487,3.378665,-9.8,-3.685732,11.00182
14488,3.378665,-9.8,-3.685732,11.00182
14489,3.378665,-9.8,-3.685732,11.00182
14490,3.378665,-9.8,-3.685732,11.00182
14491,3.378665,-9.8,-3.685732,11.00182
14492,3.378665,-9.8,-3.685732,11.00182
14493,3.378665,-9.8,-3.685732,11.00182
14494,3.378665,-9.8,-3.685732,11.00182
14495,3.378665,-9.8,-3.685732,11.00182
14496,3.378665,-9.8,-3.685732,11.00182
14497,3.378665,-9.8,-3.685732,11.00182
14498,3.378665,-9.8,-3.685732,11.00182
14499,3.378665,-9.8,-3.685732,11.00182
14500,3.378665,-9.8,-3.685732,11.00182
14501,3.378665,-9.8,-3.685732,11.00182
14502,3.378665,-9.8,-3.685732,11.00182
14503,3.378665,-9.8,-3.685732,11.00182
14504,3.378665,-9.8,-3.685732,11.00182
14505,3.378665,-9.8,-3.685732,11.00182
14506,3.378665,-9.8,-3.685732,11.00182
14507,3.378665,-9.8,-3.685732,11.00182
14508,3.378665,-9.8,-3.685732,11.00182
14509,3.378665,-9.8,-3.685732,11.00182
14510,3.378665,-9.8,-3.685732,11.00182
14511,3.378665,-9.8,-3.685732,11.00182
14512,3.378665,-9.8,-3.685732,11.00182
14513,3.378665,-9.8,-3.685732,11.00182
14514,3.378665,-9.8,-3.685732,11.00182
14515,3.378665,-9.8,-3.685732,11.00182
14516,3.378665,-9.8,-3.685732,11.00182
14517,3.378665,-9.8,-3.685732,11.00182
14518,3.378665,-9.8,-3.685732,11.00182
14519,3.378665,-9.8,-3.685732,11.00182
14520,3.378665,-9.8,-3.685732,11.00182
14521,3.378665,-9.8,-3.685732,11.00182
14522,3.378665,-9.8,-3.685732,11.00182
14523,3.378665,-9.8,-3.685732,11.00182
14524,3.378665,-9.8,-3.685732,11.00182
14525,3.378665,-9.8,-3.685732,11.00182
14526,3.378665,-9.8,-3.685732,11.00182
14527,3.378665,-9.8,-3.685732,11.00182
14528,3.378665,-9.8,-3.685732,11.00182
14529,3.378665,-9.8,-3.685732,11.00182
14530,3.378665,-9.8,-3.685732,11.00182
14531,3.378665,-9.8,-3.685732,11.00182
14532,3.378665,-9.8,-3.685732,11.00182
14533,3.378665,-9.8,-3.685732,11.00182
14534,3.378665,-9.8,-3.685732,11.00182
14535,3.378665,-9.8,-3.685732,11.00182
14536,3.378665,-9.8,-3.685732,11.00182
14537,3.378665,-9.8,-3.685732,11.00182
14538,3.378665,-9.8,-3.685732,11.00182
14539,3.378665,-9.8,-3.685732,11.00182
14540,3.378665,-9.8,-3.685732,11.00182
14541,3.378665,-9.8,-3.685732,11.00182
14542,3.378665,-9.8,-3.685732,11.00182
14543,3.378665,-9.8,-3.685732,11.00182
14544,3.378665,-9.8,-3.685732,11.00182
14545,3.378665,-9.8,-3.685732,11.00182
14546,3.378665,-9.8,-3.685732,11.00182
14547,3.378665,-9.8,-3.685732,11.00182
14548,3.378665,-9.8,-3.685732,11.00182
14549,3.378665,-9.8,-3.685732,11.00182
14550,3.378665,-9.8,-3.685732,11.00182
14551,3.378665,-9.8,-3.685732,11.00182
14552,3.378665,-9.8,-3.685732,11.00182
14553,3.378665,-9.8,-3.685732,11.00182
14554,3.378665,-9.8,-3.685732,11.00182
14555,3.378665,-9.8,-3.685732,11.00182
14556,3.378665,-9.8,-3.685732,11.00182
14557,3.378665,-9.8,-3.685732,11.00182
14558,3.378665,-9.8,-3.685732,11.00182
14559,3.378665,-9.8,-3.685732,11.00182
14560,3.378665,-9.8,-3.685732,11.00182
14561,3.378665,-9.8,-3.685732,11.00182
14562,3.378665,-9.8,-3.685732,11.00182
14563,3.378665,-9.8,-3.685732,11.00182
14564,3.378665,-9.8,-3.685732,11.00182
14565,3.378665,-9.8,-3.685732,11.00182
14566,3.378665,-9.8,-3.685732,11.00182
14567,3.378665,-9.8,-3.685732,11.00182
14568,3.378665,-9.8,-3.685732,11.00182
14569,3.378665,-9.8,-3.685732,11.00182
14570,3.378665,-9.8,-3.685732,11.00182
14571,3.378665,-9.8,-3.685732,11.00182
14572,3.378665,-9.8,-3.685732,11.00182
14573,3.378665,-9.8,-3.685732,11.00182
14574,3.378665,-9.8,-3.685732,11.00182
14575,3.378665,-9.8,-3.685732,11.00182
14576,3.378665,-9.8,-3.685732,11.00182
14577,3.378665,-9.8,-3.685732,11.00182
14578,3.378665,-9.8,-3.685732,11.00182
14579,3.378665,-9.8,-3.685732,11.00182
14580,3.378665,-9.8,-3.685732,11.00182
14581,3.378665,-9.8,-3.685732,11.00182
14582,3.378665,-9.8,-3.685732,11.00182
14583,3.378665,-9.8,-3.685732,11.00182
14584,3.378665,-9.8,-3.685732,11.00182
14585,3.378665,-9.8,-3.685732,11.00182
14586,3.378665,-9.8,-3.685732,11.00182
14587,3.378665,-9.8,-3.685732,11.00182
14588,3.378665,-9.8,-3.685732,11.00182
14589,3.378665,-9.8,-3.685732,11.00182
14590,3.378665,-9.8,-3.685732,11.00182
14591,3.378665,-9.8,-3.685732,11.00182
14592,3.378665,-9.8,-3.685732,11.00182
14593,3.378665,-9.8,-3.685732,11.00182
14594,3.378665,-9.8,-3.685732,11.00182
14595,3.378665,-9.8,-3.685732,11.00182
14596,3.378665,-9.8,-3.685732,11.00182
14597,3.378665,-9.8,-3.685732,11.00182
14598,3.378665,-9.8,-3.685732,11.00182
14599,3.378665,-9.8,-3.685732,11.00182
14600,3.378665,-9.8,-3.685732,11.00182
14601,3.378665,-9.8,-3.685732,11.00182
14602,3.378665,-9.8,-3.685732,11.00182
14603,3.378665,-9.8,-3.685732,11.00182
14604,3.378665,-9.8,-3.685732,11.00182
14605,3.378665,-9.8,-3.685732,11.00182
14606,3.378665,-9.8,-3.685732,11.00182
14607,3.378665,-9.8,-3.685732,11.00182
14608,3.378665,-9.8,-3.685732,11.00182
14609,3.378665,-9.8,-3.685732,11.00182
14610,3.378665,-9.8,-3.685732,11.00182
14611,3.378665,-9.8,-3.685732,11.00182
14612,3.378665,-9.8,-3.685732,11.00182
14613,3.378665,-9.8,-3.685732,11.00182
14614,3.378665,-9.8,-3.685732,11.00182
14615,3.378665,-9.8,-3.685732,11.00182
14616,3.378665,-9.8,-3.685732,11.00182
14617,3.378665,-9.8,-3.685732,11.00182
14618,3.378665,-9.8,-3.685732,11.00182
14619,3.378665,-9.8,-3.685732,11.00182
14620,3.378665,-9.8,-3.685732,11.00182
14621,3.378665,-9.8,-3.685732,11.00182
14622,3.378665,-9.8,-3.685732,11.00182
14623,3.378665,-9.8,-3.685732,11.00182
14624,3.378665,-9.8,-3.685732,11.00182
14625,3.378665,-9.8,-3.685732,11.00182
14626,3.378665,-9.8,-3.685732,11.00182
14627,3.378665,-9.8,-3.685732,11.00182
14628,3.378665,-9.8,-3.685732,11.00182
14629,3.378665,-9.8,-3.685732,11.00182
14630,3.378665,-9.8,-3.685732,11.00182
14631,3.378665,-9.8,-3.685732,11.00182
14632,3.378665,-9.8,-3.685732,11.00182
14633,3.378665,-9.8,-3.685732,11.00182
14634,3.378665,-9.8,-3.685732,11.00182
14635,3.378665,-9.8,-3.685732,11.00182
14636,3.378665,-9.8,-3.685732,11.00182
14637,3.378665,-9.8,-3.685732,11.00182
14638,3.378665,-9.8,-3.685732,11.00182
14639,3.378665,-9.8,-3.685732,11.00182
14640,3.378665,-9.8,-3.685732,11.00182
14641,3.378665,-9.8,-3.685732,11.00182
14642,3.378665,-9.8,-3.685732,11.00182
14643,3.378665,-9.8,-3.685732,11.00182
14644,3.378665,-9.8,-3.685732,11.00182
14645,3.378665,-9.8,-3.685732,11.00182
14646,3.378665,-9.8,-3.685732,11.00182
14647,3.378665,-9.8,-3.685732,11.00182
14648,3.378665,-9.8,-3.685732,11.00182
14649,3.378665,-9.8,-3.685732,11.00182
14650,3.378665,-9.8,-3.685732,11.00182
14651,3.378665,-9.8,-3.685732,11.00182
14652,3.378665,-9.8,-3.685732,11.00182
14653,3.378665,-9.8,-3.685732,11.00182
14654,3.378665,-9.8,-3.685732,11.00182
14655,3.378665,-9.8,-3.685732,11.00182
14656,3.378665,-9.8,-3.685732,11.00182
14657,3.378665,-9.8,-3.685732,11.00182
14658,3.378665,-9.8,-3.685732,11.00182
14659,3.378665,-9.8,-3.685732,11.00182
14660,3.378665,-9.8,-3.685732,11.00182
14661,3.378665,-9.8,-3.685732,11.00182
14662,3.378665,-9.8,-3.685732,11.00182
14663,3.378665,-9.8,-3.685732,11.00182
14664,3.378665,-9.8,-3.685732,11.00182
14665,3.378665,-9.8,-3.685732,11.00182
14666,3.378665,-9.8,-3.685732,11.00182
14667,3.378665,-9.8,-3.685732,11.00182
14668,3.378665,-9.8,-3.685732,11.00182
14669,3.378665,-9.8,-3.685732,11.00182
14670,3.378665,-9.8,-3.685732,11.00182
14671,3.378665,-9.8,-3.685732,11.00182
14672,3.378665,-9.8,-3.685732,11.00182
14673,3.378665,-9.8,-3.685732,11.00182
14674,3.378665,-9.8,-3.685732,11.00182
14675,3.378665,-9.8,-3.685732,11.00182
14676,3.378665,-9.8,-3.685732,11.00182
14677,3.378665,-9.8,-3.685732,11.00182
14678,3.378665,-9.8,-3.685732,11.00182
14679,3.378665,-9.8,-3.685732,11.00182
14680,3.378665,-9.8,-3.685732,11.00182
14681,3.378665,-9.8,-3.685732,11.00182
14682,3.378665,-9.8,-3.685732,11.00182
14683,3.378665,-9.8,-3.685732,11.00182
14684,3.378665,-9.8,-3.685732,11.00182
14685,3.378665,-9.8,-3.685732,11.00182
14686,3.378665,-9.8,-3.685732,11.00182
14687,3.378665,-9.8,-3.685732,11.00182
14688,3.378665,-9.8,-3.685732,11.00182
14689,3.378665,-9.8,-3.685732,11.00182
14690,3.378665,-9.8,-3.685732,11.00182
14691,3.378665,-9.8,-3.685732,11.00182
14692,3.378665,-9.8,-3.685732,11.00182
14693,3.378665,-9.8,-3.685732,11.00182
14694,3.378665,-9.8,-3.685732,11.00182
14695,3.378665,-9.8,-3.685732,11.00182
14696,3.378665,-9.8,-3.685732,11.00182
14697,3.378665,-9.8,-3.685732,11.00182
14698,3.378665,-9.8,-3.685732,11.00182
14699,3.378665,-9.8,-3.685732,11.00182
14700,3.378665,-9.8,-3.685732,11.00182
14701,3.378665,-9.8,-3.685732,11.00182
14702,3.378665,-9.8,-3.685732,11.00182
14703,3.378665,-9.8,-3.685732,11.00182
14704,3.378665,-9.8,-3.685732,11.00182
14705,3.378665,-9.8,-3.685732,11.00182
14706,3.378665,-9.8,-3.685732,11.00182
14707,3.378665,-9.8,-3.685732,11.00182
14708,3.378665,-9.8,-3.685732,11.00182
14709,3.378665,-9.8,-3.685732,11.00182
14710,3.378665,-9.8,-3.685732,11.00182
14711,3.378665,-9.8,-3.685732,11.00182
14712,3.378665,-9.8,-3.685732,11.00182
14713,3.378665,-9.8,-3.685732,11.00182
14714,3.378665,-9.8,-3.685732,11.00182
14715,3.378665,-9.8,-3.685732,11.00182
14716,3.378665,-9.8,-3.685732,11.00182
14717,3.378665,-9.8,-3.685732,11.00182
14718,3.378665,-9.8,-3.685732,11.00182
14719,3.378665,-9.8,-3.685732,11.00182
14720,3.378665,-9.8,-3.685732,11.00182
14721,3.378665,-9.8,-3.685732,11.00182
14722,3.378665,-9.8,-3.685732,11.00182
14723,3.378665,-9.8,-3.685732,11.00182
14724,3.378665,-9.8,-3.685732,11.00182
14725,3.378665,-9.8,-3.685732,11.00182
14726,3.378665,-9.8,-3.685732,11.00182
14727,3.378665,-9.8,-3.685732,11.00182
14728,3.378665,-9.8,-3.685732,11.00182
14729,3.378665,-9.8,-3.685732,11.00182
14730,3.378665,-9.8,-3.685732,11.00182
14731,3.378665,-9.8,-3.685732,11.00182
14732,3.378665,-9.8,-3.685732,11.00182
14733,3.378665,-9.8,-3.685732,11.00182
14734,3.378665,-9.8,-3.685732,11.00182
14735,3.378665,-9.8,-3.685732,11.00182
14736,3.378665,-9.8,-3.685732,11.00182
14737,3.378665,-9.8,-3.685732,11.00182
14738,3.378665,-9.8,-3.685732,11.00182
14739,3.378665,-9.8,-3.685732,11.00182
14740,3.378665,-9.8,-3.685732,11.00182
14741,3.378665,-9.8,-3.685732,11.00182
14742,3.378665,-9.8,-3.685732,11.00182
14743,3.378665,-9.8,-3.685732,11.00182
14744,3.378665,-9.8,-3.685732,11.00182
14745,3.378665,-9.8,-3.685732,11.00182
14746,3.378665,-9.8,-3.685732,11.00182
14747,3.378665,-9.8,-3.685732,11.00182
14748,3.378665,-9.8,-3.685732,11.00182
14749,3.378665,-9.8,-3.685732,11.00182
14750,3.378665,-9.8,-3.685732,11.00182
14751,3.378665,-9.8,-3.685732,11.00182
14752,3.378665,-9.8,-3.685732,11.00182
14753,3.378665,-9.8,-3.685732,11.00182
14754,3.378665,-9.8,-3.685732,11.00182
14755,3.378665,-9.8,-3.685732,11.00182
14756,3.378665,-9.8,-3.685732,11.00182
14757,3.378665,-9.8,-3.685732,11.00182
14758,3.378665,-9.8,-3.685732,11.00182
14759,3.378665,-9.8,-3.685732,11.00182
14760,3.378665,-9.8,-3.685732,11.00182
14761,3.378665,-9.8,-3.685732,11.00182
14762,3.378665,-9.8,-3.685732,11.00182
14763,3.378665,-9.8,-3.685732,11.00182
14764,3.378665,-9.8,-3.685732,11.00182
14765,3.378665,-9.8,-3.685732,11.00182
14766,3.378665,-9.8,-3.685732,11.00182
14767,3.378665,-9.8,-3.685732,11.00182
14768,3.378665,-9.8,-3.685732,11.00182
14769,3.378665,-9.8,-3.685732,11.00182
14770,3.378665,-9.8,-3.685732,11.00182
14771,3.378665,-9.8,-3.685732,11.00182
14772,3.378665,-9.8,-3.685732,11.00182
14773,3.378665,-9.8,-3.685732,11.00182
14774,3.378665,-9.8,-3.685732,11.00182
14775,3.378665,-9.8,-3.685732,11.00182
14776,3.378665,-9.8,-3.685732,11.00182
14777,3.378665,-9.8,-3.685732,11.00182
14778,3.378665,-9.8,-3.685732,11.00182
14779,3.378665,-9.8,-3.685732,11.00182
14780,3.378665,-9.8,-3.685732,11.00182
14781,3.378665,-9.8,-3.685732,11.00182
14782,3.378665,-9.8,-3.685732,11.00182
14783,3.378665,-9.8,-3.685732,11.00182
14784,3.378665,-9.8,-3.685732,11.00182
14785,3.378665,-9.8,-3.685732,11.00182
14786,3.378665,-9.8,-3.685732,11.00182
14787,3.378665,-9.8,-3.685732,11.00182
14788,3.378665,-9.8,-3.685732,11.00182
14789,3.378665,-9.8,-3.685732,11.00182
14790,3.378665,-9.8,-3.685732,11.00182
14791,3.378665,-9.8,-3.685732,11.00182
14792,3.378665,-9.8,-3.685732,11.00182
14793,3.378665,-9.8,-3.685732,11.00182
14794,3.378665,-9.8,-3.685732,11.00182
14795,3.378665,-9.8,-3.685732,11.00182
14796,3.378665,-9.8,-3.685732,11.00182
14797,3.378665,-9.8,-3.685732,11.00182
14798,3.378665,-9.8,-3.685732,11.00182
14799,3.378665,-9.8,-3.685732,11.00182
14800,3.378665,-9.8,-3.685732,11.00182
14801,3.378665,-9.8,-3.685732,11.00182
14802,3.378665,-9.8,-3.685732,11.00182
14803,3.378665,-9.8,-3.685732,11.00182
14804,3.378665,-9.8,-3.685732,11.00182
14805,3.378665,-9.8,-3.685732,11.00182
14806,3.378665,-9.8,-3.685732,11.00182
14807,3.378665,-9.8,-3.685732,11.00182
14808,3.378665,-9.8,-3.685732,11.00182
14809,3.378665,-9.8,-3.685732,11.00182
14810,3.378665,-9.8,-3.685732,11.00182
14811,3.378665,-9.8,-3.685732,11.00182
14812,3.378665,-9.8,-3.685732,11.00182
14813,3.378665,-9.8,-3.685732,11.00182
14814,3.378665,-9.8,-3.685732,11.00182
14815,3.378665,-9.8,-3.685732,11.00182
14816,3.378665,-9.8,-3.685732,11.00182
14817,3.378665,-9.8,-3.685732,11.00182
14818,3.378665,-9.8,-3.685732,11.00182
14819,3.378665,-9.8,-3.685732,11.00182
14820,3.378665,-9.8,-3.685732,11.00182
14821,3.378665,-9.8,-3.685732,11.00182
14822,3.378665,-9.8,-3.685732,11.00182
14823,3.378665,-9.8,-3.685732,11.00182
14824,3.378665,-9.8,-3.685732,11.00182
14825,3.378665,-9.8,-3.685732,11.00182
14826,3.378665,-9.8,-3.685732,11.00182
14827,3.378665,-9.8,-3.685732,11.00182
14828,3.378665,-9.8,-3.685732,11.00182
14829,3.378665,-9.8,-3.685732,11.00182
14830,3.378665,-9.8,-3.685732,11.00182
14831,3.378665,-9.8,-3.685732,11.00182
14832,3.378665,-9.8,-3.685732,11.00182
14833,3.378665,-9.8,-3.685732,11.00182
14834,3.378665,-9.8,-3.685732,11.00182
14835,3.378665,-9.8,-3.685732,11.00182
14836,3.378665,-9.8,-3.685732,11.00182
14837,3.378665,-9.8,-3.685732,11.00182
14838,3.378665,-9.8,-3.685732,11.00182
14839,3.378665,-9.8,-3.685732,11.00182
14840,3.378665,-9.8,-3.685732,11.00182
14841,3.378665,-9.8,-3.685732,11.00182
14842,3.378665,-9.8,-3.685732,11.00182
14843,3.378665,-9.8,-3.685732,11.00182
14844,3.378665,-9.8,-3.685732,11.00182
14845,3.378665,-9.8,-3.685732,11.00182
14846,3.378665,-9.8,-3.685732,11.00182
14847,3.378665,-9.8,-3.685732,11.00182
14848,3.378665,-9.8,-3.685732,11.00182
14849,3.378665,-9.8,-3.685732,11.00182
14850,3.378665,-9.8,-3.685732,11.00182
14851,3.378665,-9.8,-3.685732,11.00182
14852,3.378665,-9.8,-3.685732,11.00182
14853,3.378665,-9.8,-3.685732,11.00182
14854,3.378665,-9.8,-3.685732,11.00182
14855,3.378665,-9.8,-3.685732,11.00182
14856,3.378665,-9.8,-3.685732,11.00182
14857,3.378665,-9.8,-3.685732,11.00182
14858,3.378665,-9.8,-3.685732,11.00182
14859,3.378665,-9.8,-3.685732,11.00182
14860,3.378665,-9.8,-3.685732,11.00182
14861,3.378665,-9.8,-3.685732,11.00182
14862,3.378665,-9.8,-3.685732,11.00182
14863,3.378665,-9.8,-3.685732,11.00182
14864,3.378665,-9.8,-3.685732,11.00182
14865,3.378665,-9.8,-3.685732,11.00182
14866,3.378665,-9.8,-3.685732,11.00182
14867,3.378665,-9.8,-3.685732,11.00182
14868,3.378665,-9.8,-3.685732,11.00182
14869,3.378665,-9.8,-3.685732,11.00182
14870,3.378665,-9.8,-3.685732,11.00182
14871,3.378665,-9.8,-3.685732,11.00182
14872,3.378665,-9.8,-3.685732,11.00182
14873,3.378665,-9.8,-3.685732,11.00182
14874,3.378665,-9.8,-3.685732,11.00182
14875,3.378665,-9.8,-3.685732,11.00182
14876,3.378665,-9.8,-3.685732,11.00182
14877,3.378665,-9.8,-3.685732,11.00182
14878,3.378665,-9.8,-3.685732,11.00182
14879,3.378665,-9.8,-3.685732,11.00182
14880,3.378665,-9.8,-3.685732,11.00182
14881,3.378665,-9.8,-3.685732,11.00182
14882,3.378665,-9.8,-3.685732,11.00182
14883,3.378665,-9.8,-3.685732,11.00182
14884,3.378665,-9.8,-3.685732,11.00182
14885,3.378665,-9.8,-3.685732,11.00182
14886,3.378665,-9.8,-3.685732,11.00182
14887,3.378665,-9.8,-3.685732,11.00182
14888,3.378665,-9.8,-3.685732,11.00182
14889,3.378665,-9.8,-3.685732,11.00182
14890,3.378665,-9.8,-3.685732,11.00182
14891,3.378665,-9.8,-3.685732,11.00182
14892,3.378665,-9.8,-3.685732,11.00182
14893,3.378665,-9.8,-3.685732,11.00182
14894,3.378665,-9.8,-3.685732,11.00182
14895,3.378665,-9.8,-3.685732,11.00182
14896,3.378665,-9.8,-3.685732,11.00182
14897,3.378665,-9.8,-3.685732,11.00182
14898,3.378665,-9.8,-3.685732,11.00182
14899,3.378665,-9.8,-3.685732,11.00182
14900,3.378665,-9.8,-3.685732,11.00182
14901,3.378665,-9.8,-3.685732,11.00182
14902,3.378665,-9.8,-3.685732,11.00182
14903,3.378665,-9.8,-3.685732,11.00182
14904,3.378665,-9.8,-3.685732,11.00182
14905,3.378665,-9.8,-3.685732,11.00182
14906,3.378665,-9.8,-3.685732,11.00182
14907,3.378665,-9.8,-3.685732,11.00182
14908,3.378665,-9.8,-3.685732,11.00182
14909,3.378665,-9.8,-3.685732,11.00182
14910,3.378665,-9.8,-3.685732,11.00182
14911,3.378665,-9.8,-3.685732,11.00182
14912,3.378665,-9.8,-3.685732,11.00182
14913,3.378665,-9.8,-3.685732,11.00182
14914,3.378665,-9.8,-3.685732,11.00182
14915,3.378665,-9.8,-3.685732,11.00182
14916,3.378665,-9.8,-3.685732,11.00182
14917,3.378665,-9.8,-3.685732,11.00182
14918,3.378665,-9.8,-3.685732,11.00182
14919,3.378665,-9.8,-3.685732,11.00182
14920,3.378665,-9.8,-3.685732,11.00182
14921,3.378665,-9.8,-3.685732,11.00182
14922,3.378665,-9.8,-3.685732,11.00182
14923,3.378665,-9.8,-3.685732,11.00182
14924,3.378665,-9.8,-3.685732,11.00182
14925,3.378665,-9.8,-3.685732,11.00182
14926,3.378665,-9.8,-3.685732,11.00182
14927,3.378665,-9.8,-3.685732,11.00182
14928,3.378665,-9.8,-3.685732,11.00182
14929,3.378665,-9.8,-3.685732,11.00182
14930,3.378665,-9.8,-3.685732,11.00182
14931,3.378665,-9.8,-3.685732,11.00182
14932,3.378665,-9.8,-3.685732,11.00182
14933,3.378665,-9.8,-3.685732,11.00182
14934,3.378665,-9.8,-3.685732,11.00182
14935,3.378665,-9.8,-3.685732,11.00182
14936,3.378665,-9.8,-3.685732,11.00182
14937,3.378665,-9.8,-3.685732,11.00182
14938,3.378665,-9.8,-3.685732,11.00182
14939,3.378665,-9.8,-3.685732,11.00182
14940,3.378665,-9.8,-3.685732,11.00182
14941,3.378665,-9.8,-3.685732,11.00182
14942,3.378665,-9.8,-3.685732,11.00182
14943,3.378665,-9.8,-3.685732,11.00182
14944,3.378665,-9.8,-3.685732,11.00182
14945,3.378665,-9.8,-3.685732,11.00182
14946,3.378665,-9.8,-3.685732,11.00182
14947,3.378665,-9.8,-3.685732,11.00182
14948,3.378665,-9.8,-3.685732,11.00182
14949,3.378665,-9.8,-3.685732,11.00182
14950,3.378665,-9.8,-3.685732,11.00182
14951,3.378665,-9.8,-3.685732,11.00182
14952,3.378665,-9.8,-3.685732,11.00182
14953,3.378665,-9.8,-3.685732,11.00182
14954,3.378665,-9.8,-3.685732,11.00182
14955,3.378665,-9.8,-3.685732,11.00182
14956,3.378665,-9.8,-3.685732,11.00182
14957,3.378665,-9.8,-3.685732,11.00182
14958,3.378665,-9.8,-3.685732,11.00182
14959,3.378665,-9.8,-3.685732,11.00182
14960,3.378665,-9.8,-3.685732,11.00182
14961,3.378665,-9.8,-3.685732,11.00182
14962,3.378665,-9.8,-3.685732,11.00182
14963,3.378665,-9.8,-3.685732,11.00182
14964,3.378665,-9.8,-3.685732,11.00182
14965,3.378665,-9.8,-3.685732,11.00182
14966,3.378665,-9.8,-3.685732,11.00182
14967,3.378665,-9.8,-3.685732,11.00182
14968,3.378665,-9.8,-3.685732,11.00182
14969,3.378665,-9.8,-3.685732,11.00182
14970,3.378665,-9.8,-3.685732,11.00182
14971,3.378665,-9.8,-3.685732,11.00182
14972,3.378665,-9.8,-3.685732,11.00182
14973,3.378665,-9.8,-3.685732,11.00182
14974,3.378665,-9.8,-3.685732,11.00182
14975,3.378665,-9.8,-3.685732,11.00182
14976,3.378665,-9.8,-3.685732,11.00182
14977,3.378665,-9.8,-3.685732,11.00182
14978,3.378665,-9.8,-3.685732,11.00182
14979,3.378665,-9.8,-3.685732,11.00182
14980,3.378665,-9.8,-3.685732,11.00182
14981,3.378665,-9.8,-3.685732,11.00182
14982,3.378665,-9.8,-3.685732,11.00182
14983,3.378665,-9.8,-3.685732,11.00182
14984,3.378665,-9.8,-3.685732,11.00182
14985,3.378665,-9.8,-3.685732,11.00182
14986,3.378665,-9.8,-3.685732,11.00182
14987,3.378665,-9.8,-3.685732,11.00182
14988,3.378665,-9.8,-3.685732,11.00182
14989,3.378665,-9.8,-3.685732,11.00182
14990,3.378665,-9.8,-3.685732,11.00182
14991,3.378665,-9.8,-3.685732,11.00182
14992,3.378665,-9.8,-3.685732,11.00182
14993,3.378665,-9.8,-3.685732,11.00182
14994,3.378665,-9.8,-3.685732,11.00182
14995,3.378665,-9.8,-3.685732,11.00182
14996,3.378665,-9.8,-3.685732,11.00182
14997,3.378665,-9.8,-3.685732,11.00182
14998,3.378665,-9.8,-3.685732,11.00182
14999,3.378665,-9.8,-3.685732,11.00182
15000,3.378665,-9.8,-3.685732,11.00182
15001,3.378665,-9.8,-3.685732,11.00182
15002,3.378665,-9.8,-3.685732,11.00182
15003,3.378665,-9.8,-3.685732,11.00182
15004,3.378665,-9.8,-3.685732,11.00182
15005,3.378665,-9.8,-3.685732,11.00182
15006,3.378665,-9.8,-3.685732,11.00182
15007,3.378665,-9.8,-3.685732,11.00182
15008,3.378665,-9.8,-3.685732,11.00182
15009,3.378665,-9.8,-3.685732,11.00182
15010,3.378665,-9.8,-3.685732,11.00182
15011,3.378665,-9.8,-3.685732,11.00182
15012,3.378665,-9.8,-3.685732,11.00182
15013,3.378665,-9.8,-3.685732,11.00182
15014,3.378665,-9.8,-3.685732,11.00182
15015,3.378665,-9.8,-3.685732,11.00182
15016,3.378665,-9.8,-3.685732,11.00182
15017,3.378665,-9.8,-3.685732,11.00182
15018,3.378665,-9.8,-3.685732,11.00182
15019,3.378665,-9.8,-3.685732,11.00182
15020,3.378665,-9.8,-3.685732,11.00182
15021,3.378665,-9.8,-3.685732,11.00182
15022,3.378665,-9.8,-3.685732,11.00182
15023,3.378665,-9.8,-3.685732,11.00182
15024,3.378665,-9.8,-3.685732,11.00182
15025,3.378665,-9.8,-3.685732,11.00182
15026,3.378665,-9.8,-3.685732,11.00182
15027,3.378665,-9.8,-3.685732,11.00182
15028,3.378665,-9.8,-3.685732,11.00182
15029,3.378665,-9.8,-3.685732,11.00182
15030,3.378665,-9.8,-3.685732,11.00182
15031,3.378665,-9.8,-3.685732,11.00182
15032,3.378665,-9.8,-3.685732,11.00182
15033,3.378665,-9.8,-3.685732,11.00182
15034,3.378665,-9.8,-3.685732,11.00182
15035,3.378665,-9.8,-3.685732,11.00182
15036,3.378665,-9.8,-3.685732,11.00182
15037,3.378665,-9.8,-3.685732,11.00182
15038,3.378665,-9.8,-3.685732,11.00182
15039,3.378665,-9.8,-3.685732,11.00182
15040,3.378665,-9.8,-3.685732,11.00182
15041,3.378665,-9.8,-3.685732,11.00182
15042,3.378665,-9.8,-3.685732,11.00182
15043,3.378665,-9.8,-3.685732,11.00182
15044,3.378665,-9.8,-3.685732,11.00182
15045,3.378665,-9.8,-3.685732,11.00182
15046,3.378665,-9.8,-3.685732,11.00182
15047,3.378665,-9.8,-3.685732,11.00182
15048,3.378665,-9.8,-3.685732,11.00182
15049,3.378665,-9.8,-3.685732,11.00182
15050,3.378665,-9.8,-3.685732,11.00182
15051,3.378665,-9.8,-3.685732,11.00182
15052,3.378665,-9.8,-3.685732,11.00182
15053,3.378665,-9.8,-3.685732,11.00182
15054,3.378665,-9.8,-3.685732,11.00182
15055,3.378665,-9.8,-3.685732,11.00182
15056,3.378665,-9.8,-3.685732,11.00182
15057,3.378665,-9.8,-3.685732,11.00182
15058,3.378665,-9.8,-3.685732,11.00182
15059,3.378665,-9.8,-3.685732,11.00182
15060,3.378665,-9.8,-3.685732,11.00182
15061,3.378665,-9.8,-3.685732,11.00182
15062,3.378665,-9.8,-3.685732,11.00182
15063,3.378665,-9.8,-3.685732,11.00182
15064,3.378665,-9.8,-3.685732,11.00182
15065,3.378665,-9.8,-3.685732,11.00182
15066,3.378665,-9.8,-3.685732,11.00182
15067,3.378665,-9.8,-3.685732,11.00182
15068,3.378665,-9.8,-3.685732,11.00182
15069,3.378665,-9.8,-3.685732,11.00182
15070,3.378665,-9.8,-3.685732,11.00182
15071,3.378665,-9.8,-3.685732,11.00182
15072,3.378665,-9.8,-3.685732,11.00182
15073,3.378665,-9.8,-3.685732,11.00182
15074,3.378665,-9.8,-3.685732,11.00182
15075,3.378665,-9.8,-3.685732,11.00182
15076,3.378665,-9.8,-3.685732,11.00182
15077,3.378665,-9.8,-3.685732,11.00182
15078,3.378665,-9.8,-3.685732,11.00182
15079,3.378665,-9.8,-3.685732,11.00182
15080,3.378665,-9.8,-3.685732,11.00182
15081,3.378665,-9.8,-3.685732,11.00182
15082,3.378665,-9.8,-3.685732,11.00182
15083,3.378665,-9.8,-3.685732,11.00182
15084,3.378665,-9.8,-3.685732,11.00182
15085,3.378665,-9.8,-3.685732,11.00182
15086,3.378665,-9.8,-3.685732,11.00182
15087,3.378665,-9.8,-3.685732,11.00182
15088,3.378665,-9.8,-3.685732,11.00182
15089,3.378665,-9.8,-3.685732,11.00182
15090,3.378665,-9.8,-3.685732,11.00182
15091,3.378665,-9.8,-3.685732,11.00182
15092,3.378665,-9.8,-3.685732,11.00182
15093,3.378665,-9.8,-3.685732,11.00182
15094,3.378665,-9.8,-3.685732,11.00182
15095,3.378665,-9.8,-3.685732,11.00182
15096,3.378665,-9.8,-3.685732,11.00182
15097,3.378665,-9.8,-3.685732,11.00182
15098,3.378665,-9.8,-3.685732,11.00182
15099,3.378665,-9.8,-3.685732,11.00182
15100,3.378665,-9.8,-3.685732,11.00182
15101,3.378665,-9.8,-3.685732,11.00182
15102,3.378665,-9.8,-3.685732,11.00182
15103,3.378665,-9.8,-3.685732,11.00182
15104,3.378665,-9.8,-3.685732,11.00182
15105,3.378665,-9.8,-3.685732,11.00182
15106,3.378665,-9.8,-3.685732,11.00182
15107,3.378665,-9.8,-3.685732,11.00182
15108,3.378665,-9.8,-3.685732,11.00182
15109,3.378665,-9.8,-3.685732,11.00182
15110,3.378665,-9.8,-3.685732,11.00182
15111,3.378665,-9.8,-3.685732,11.00182
15112,3.378665,-9.8,-3.685732,11.00182
15113,3.378665,-9.8,-3.685732,11.00182
15114,3.378665,-9.8,-3.685732,11.00182
15115,3.378665,-9.8,-3.685732,11.00182
15116,3.378665,-9.8,-3.685732,11.00182
15117,3.378665,-9.8,-3.685732,11.00182
15118,3.378665,-9.8,-3.685732,11.00182
15119,3.378665,-9.8,-3.685732,11.00182
15120,3.378665,-9.8,-3.685732,11.00182
15121,3.378665,-9.8,-3.685732,11.00182
15122,3.378665,-9.8,-3.685732,11.00182
15123,3.378665,-9.8,-3.685732,11.00182
15124,3.378665,-9.8,-3.685732,11.00182
15125,3.378665,-9.8,-3.685732,11.00182
15126,3.378665,-9.8,-3.685732,11.00182
15127,3.378665,-9.8,-3.685732,11.00182
15128,3.378665,-9.8,-3.685732,11.00182
15129,3.378665,-9.8,-3.685732,11.00182
15130,3.378665,-9.8,-3.685732,11.00182
15131,3.378665,-9.8,-3.685732,11.00182
15132,3.378665,-9.8,-3.685732,11.00182
15133,3.378665,-9.8,-3.685732,11.00182
15134,3.378665,-9.8,-3.685732,11.00182
15135,3.378665,-9.8,-3.685732,11.00182
15136,3.378665,-9.8,-3.685732,11.00182
15137,3.378665,-9.8,-3.685732,11.00182
15138,3.378665,-9.8,-3.685732,11.00182
15139,3.378665,-9.8,-3.685732,11.00182
15140,3.378665,-9.8,-3.685732,11.00182
15141,3.378665,-9.8,-3.685732,11.00182
15142,3.378665,-9.8,-3.685732,11.00182
15143,3.378665,-9.8,-3.685732,11.00182
15144,3.378665,-9.8,-3.685732,11.00182
15145,3.378665,-9.8,-3.685732,11.00182
15146,3.378665,-9.8,-3.685732,11.00182
15147,3.378665,-9.8,-3.685732,11.00182
15148,3.378665,-9.8,-3.685732,11.00182
15149,3.378665,-9.8,-3.685732,11.00182
15150,3.378665,-9.8,-3.685732,11.00182
15151,3.378665,-9.8,-3.685732,11.00182
15152,3.378665,-9.8,-3.685732,11.00182
15153,3.378665,-9.8,-3.685732,11.00182
15154,3.378665,-9.8,-3.685732,11.00182
15155,3.378665,-9.8,-3.685732,11.00182
15156,3.378665,-9.8,-3.685732,11.00182
15157,3.378665,-9.8,-3.685732,11.00182
15158,3.378665,-9.8,-3.685732,11.00182
15159,3.378665,-9.8,-3.685732,11.00182
15160,3.378665,-9.8,-3.685732,11.00182
15161,3.378665,-9.8,-3.685732,11.00182
15162,3.378665,-9.8,-3.685732,11.00182
15163,3.378665,-9.8,-3.685732,11.00182
15164,3.378665,-9.8,-3.685732,11.00182
15165,3.378665,-9.8,-3.685732,11.00182
15166,3.378665,-9.8,-3.685732,11.00182
15167,3.378665,-9.8,-3.685732,11.00182
15168,3.378665,-9.8,-3.685732,11.00182
15169,3.378665,-9.8,-3.685732,11.00182
15170,3.378665,-9.8,-3.685732,11.00182
15171,3.378665,-9.8,-3.685732,11.00182
15172,3.378665,-9.8,-3.685732,11.00182
15173,3.378665,-9.8,-3.685732,11.00182
15174,3.378665,-9.8,-3.685732,11.00182
15175,3.378665,-9.8,-3.685732,11.00182
15176,3.378665,-9.8,-3.685732,11.00182
15177,3.378665,-9.8,-3.685732,11.00182
15178,3.378665,-9.8,-3.685732,11.00182
15179,3.378665,-9.8,-3.685732,11.00182
15180,3.378665,-9.8,-3.685732,11.00182
15181,3.378665,-9.8,-3.685732,11.00182
15182,3.378665,-9.8,-3.685732,11.00182
15183,3.378665,-9.8,-3.685732,11.00182
15184,3.378665,-9.8,-3.685732,11.00182
15185,3.378665,-9.8,-3.685732,11.00182
15186,3.378665,-9.8,-3.685732,11.00182
15187,3.378665,-9.8,-3.685732,11.00182
15188,3.378665,-9.8,-3.685732,11.00182
15189,3.378665,-9.8,-3.685732,11.00182
15190,3.378665,-9.8,-3.685732,11.00182
15191,3.378665,-9.8,-3.685732,11.00182
15192,3.378665,-9.8,-3.685732,11.00182
15193,3.378665,-9.8,-3.685732,11.00182
15194,3.378665,-9.8,-3.685732,11.00182
15195,3.378665,-9.8,-3.685732,11.00182
15196,3.378665,-9.8,-3.685732,11.00182
15197,3.378665,-9.8,-3.685732,11.00182
15198,3.378665,-9.8,-3.685732,11.00182
15199,3.378665,-9.8,-3.685732,11.00182
15200,3.378665,-9.8,-3.685732,11.00182
15201,3.378665,-9.8,-3.685732,11.00182
15202,3.378665,-9.8,-3.685732,11.00182
15203,3.378665,-9.8,-3.685732,11.00182
15204,3.378665,-9.8,-3.685732,11.00182
15205,3.378665,-9.8,-3.685732,11.00182
15206,3.378665,-9.8,-3.685732,11.00182
15207,3.378665,-9.8,-3.685732,11.00182
15208,3.378665,-9.8,-3.685732,11.00182
15209,3.378665,-9.8,-3.685732,11.00182
15210,3.378665,-9.8,-3.685732,11.00182
15211,3.378665,-9.8,-3.685732,11.00182
15212,3.378665,-9.8,-3.685732,11.00182
15213,3.378665,-9.8,-3.685732,11.00182
15214,3.378665,-9.8,-3.685732,11.00182
15215,3.378665,-9.8,-3.685732,11.00182
15216,3.378665,-9.8,-3.685732,11.00182
15217,3.378665,-9.8,-3.685732,11.00182
15218,3.378665,-9.8,-3.685732,11.00182
15219,3.378665,-9.8,-3.685732,11.00182
15220,3.378665,-9.8,-3.685732,11.00182
15221,3.378665,-9.8,-3.685732,11.00182
15222,3.378665,-9.8,-3.685732,11.00182
15223,3.378665,-9.8,-3.685732,11.00182
15224,3.378665,-9.8,-3.685732,11.00182
15225,3.378665,-9.8,-3.685732,11.00182
15226,3.378665,-9.8,-3.685732,11.00182
15227,3.378665,-9.8,-3.685732,11.00182
15228,3.378665,-9.8,-3.685732,11.00182
15229,3.378665,-9.8,-3.685732,11.00182
15230,3.378665,-9.8,-3.685732,11.00182
15231,3.378665,-9.8,-3.685732,11.00182
15232,3.378665,-9.8,-3.685732,11.00182
15233,3.378665,-9.8,-3.685732,11.00182
15234,3.378665,-9.8,-3.685732,11.00182
15235,3.378665,-9.8,-3.685732,11.00182
15236,3.378665,-9.8,-3.685732,11.00182
15237,3.378665,-9.8,-3.685732,11.00182
15238,3.378665,-9.8,-3.685732,11.00182
15239,3.378665,-9.8,-3.685732,11.00182
15240,3.378665,-9.8,-3.685732,11.00182
15241,3.378665,-9.8,-3.685732,11.00182
15242,3.378665,-9.8,-3.685732,11.00182
15243,3.378665,-9.8,-3.685732,11.00182
15244,3.378665,-9.8,-3.685732,11.00182
15245,3.378665,-9.8,-3.685732,11.00182
15246,3.378665,-9.8,-3.685732,11.00182
15247,3.378665,-9.8,-3.685732,11.00182
15248,3.378665,-9.8,-3.685732,11.00182
15249,3.378665,-9.8,-3.685732,11.00182
15250,3.378665,-9.8,-3.685732,11.00182
15251,3.378665,-9.8,-3.685732,11.00182
15252,3.378665,-9.8,-3.685732,11.00182
15253,3.378665,-9.8,-3.685732,11.00182
15254,3.378665,-9.8,-3.685732,11.00182
15255,3.378665,-9.8,-3.685732,11.00182
15256,3.378665,-9.8,-3.685732,11.00182
15257,3.378665,-9.8,-3.685732,11.00182
15258,3.378665,-9.8,-3.685732,11.00182
15259,3.378665,-9.8,-3.685732,11.00182
15260,3.378665,-9.8,-3.685732,11.00182
15261,3.378665,-9.8,-3.685732,11.00182
15262,3.378665,-9.8,-3.685732,11.00182
15263,3.378665,-9.8,-3.685732,11.00182
15264,3.378665,-9.8,-3.685732,11.00182
15265,3.378665,-9.8,-3.685732,11.00182
15266,3.378665,-9.8,-3.685732,11.00182
15267,3.378665,-9.8,-3.685732,11.00182
15268,3.378665,-9.8,-3.685732,11.00182
15269,3.378665,-9.8,-3.685732,11.00182
15270,3.378665,-9.8,-3.685732,11.00182
15271,3.378665,-9.8,-3.685732,11.00182
15272,3.378665,-9.8,-3.685732,11.00182
15273,3.378665,-9.8,-3.685732,11.00182
15274,3.378665,-9.8,-3.685732,11.00182
15275,3.378665,-9.8,-3.685732,11.00182
15276,3.378665,-9.8,-3.685732,11.00182
15277,3.378665,-9.8,-3.685732,11.00182
15278,3.378665,-9.8,-3.685732,11.00182
15279,3.378665,-9.8,-3.685732,11.00182
15280,3.378665,-9.8,-3.685732,11.00182
15281,3.378665,-9.8,-3.685732,11.00182
15282,3.378665,-9.8,-3.685732,11.00182
15283,3.378665,-9.8,-3.685732,11.00182
15284,3.378665,-9.8,-3.685732,11.00182
15285,3.378665,-9.8,-3.685732,11.00182
15286,3.378665,-9.8,-3.685732,11.00182
15287,3.378665,-9.8,-3.685732,11.00182
15288,3.378665,-9.8,-3.685732,11.00182
15289,3.378665,-9.8,-3.685732,11.00182
15290,3.378665,-9.8,-3.685732,11.00182
15291,3.378665,-9.8,-3.685732,11.00182
15292,3.378665,-9.8,-3.685732,11.00182
15293,3.378665,-9.8,-3.685732,11.00182
15294,3.378665,-9.8,-3.685732,11.00182
15295,3.378665,-9.8,-3.685732,11.00182
15296,3.378665,-9.8,-3.685732,11.00182
15297,3.378665,-9.8,-3.685732,11.00182
15298,3.378665,-9.8,-3.685732,11.00182
15299,3.378665,-9.8,-3.685732,11.00182
15300,3.378665,-9.8,-3.685732,11.00182
15301,3.378665,-9.8,-3.685732,11.00182
15302,3.378665,-9.8,-3.685732,11.00182
15303,3.378665,-9.8,-3.685732,11.00182
15304,3.378665,-9.8,-3.685732,11.00182
15305,3.378665,-9.8,-3.685732,11.00182
15306,3.378665,-9.8,-3.685732,11.00182
15307,3.378665,-9.8,-3.685732,11.00182
15308,3.378665,-9.8,-3.685732,11.00182
15309,3.378665,-9.8,-3.685732,11.00182
15310,3.378665,-9.8,-3.685732,11.00182
15311,3.378665,-9.8,-3.685732,11.00182
15312,3.378665,-9.8,-3.685732,11.00182
15313,3.378665,-9.8,-3.685732,11.00182
15314,3.378665,-9.8,-3.685732,11.00182
15315,3.378665,-9.8,-3.685732,11.00182
15316,3.378665,-9.8,-3.685732,11.00182
15317,3.378665,-9.8,-3.685732,11.00182
15318,3.378665,-9.8,-3.685732,11.00182
15319,3.378665,-9.8,-3.685732,11.00182
15320,3.378665,-9.8,-3.685732,11.00182
15321,3.378665,-9.8,-3.685732,11.00182
15322,3.378665,-9.8,-3.685732,11.00182
15323,3.378665,-9.8,-3.685732,11.00182
15324,3.378665,-9.8,-3.685732,11.00182
15325,3.378665,-9.8,-3.685732,11.00182
15326,3.378665,-9.8,-3.685732,11.00182
15327,3.378665,-9.8,-3.685732,11.00182
15328,3.378665,-9.8,-3.685732,11.00182
15329,3.378665,-9.8,-3.685732,11.00182
15330,3.378665,-9.8,-3.685732,11.00182
15331,3.378665,-9.8,-3.685732,11.00182
15332,3.378665,-9.8,-3.685732,11.00182
15333,3.378665,-9.8,-3.685732,11.00182
15334,3.378665,-9.8,-3.685732,11.00182
15335,3.378665,-9.8,-3.685732,11.00182
15336,3.378665,-9.8,-3.685732,11.00182
15337,3.378665,-9.8,-3.685732,11.00182
15338,3.378665,-9.8,-3.685732,11.00182
15339,3.378665,-9.8,-3.685732,11.00182
15340,3.378665,-9.8,-3.685732,11.00182
15341,3.378665,-9.8,-3.685732,11.00182
15342,3.378665,-9.8,-3.685732,11.00182
15343,3.378665,-9.8,-3.685732,11.00182
15344,3.378665,-9.8,-3.685732,11.00182
15345,3.378665,-9.8,-3.685732,11.00182
15346,3.378665,-9.8,-3.685732,11.00182
15347,3.378665,-9.8,-3.685732,11.00182
15348,3.378665,-9.8,-3.685732,11.00182
15349,3.378665,-9.8,-3.685732,11.00182
15350,3.378665,-9.8,-3.685732,11.00182
15351,3.378665,-9.8,-3.685732,11.00182
15352,3.378665,-9.8,-3.685732,11.00182
15353,3.378665,-9.8,-3.685732,11.00182
15354,3.378665,-9.8,-3.685732,11.00182
15355,3.378665,-9.8,-3.685732,11.00182
15356,3.378665,-9.8,-3.685732,11.00182
15357,3.378665,-9.8,-3.685732,11.00182
15358,3.378665,-9.8,-3.685732,11.00182
15359,3.378665,-9.8,-3.685732,11.00182
15360,3.378665,-9.8,-3.685732,11.00182
15361,3.378665,-9.8,-3.685732,11.00182
15362,3.378665,-9.8,-3.685732,11.00182
15363,3.378665,-9.8,-3.685732,11.00182
15364,3.378665,-9.8,-3.685732,11.00182
15365,3.378665,-9.8,-3.685732,11.00182
15366,3.378665,-9.8,-3.685732,11.00182
15367,3.378665,-9.8,-3.685732,11.00182
15368,3.378665,-9.8,-3.685732,11.00182
15369,3.378665,-9.8,-3.685732,11.00182
15370,3.378665,-9.8,-3.685732,11.00182
15371,3.378665,-9.8,-3.685732,11.00182
15372,3.378665,-9.8,-3.685732,11.00182
15373,3.378665,-9.8,-3.685732,11.00182
15374,3.378665,-9.8,-3.685732,11.00182
15375,3.378665,-9.8,-3.685732,11.00182
15376,3.378665,-9.8,-3.685732,11.00182
15377,3.378665,-9.8,-3.685732,11.00182
15378,3.378665,-9.8,-3.685732,11.00182
15379,3.378665,-9.8,-3.685732,11.00182
15380,3.378665,-9.8,-3.685732,11.00182
15381,3.378665,-9.8,-3.685732,11.00182
15382,3.378665,-9.8,-3.685732,11.00182
15383,3.378665,-9.8,-3.685732,11.00182
15384,3.378665,-9.8,-3.685732,11.00182
15385,3.378665,-9.8,-3.685732,11.00182
15386,3.378665,-9.8,-3.685732,11.00182
15387,3.378665,-9.8,-3.685732,11.00182
15388,3.378665,-9.8,-3.685732,11.00182
15389,3.378665,-9.8,-3.685732,11.00182
15390,3.378665,-9.8,-3.685732,11.00182
15391,3.378665,-9.8,-3.685732,11.00182
15392,3.378665,-9.8,-3.685732,11.00182
15393,3.378665,-9.8,-3.685732,11.00182
15394,3.378665,-9.8,-3.685732,11.00182
15395,3.378665,-9.8,-3.685732,11.00182
15396,3.378665,-9.8,-3.685732,11.00182
15397,3.378665,-9.8,-3.685732,11.00182
15398,3.378665,-9.8,-3.685732,11.00182
15399,3.378665,-9.8,-3.685732,11.00182
15400,3.378665,-9.8,-3.685732,11.00182
15401,3.378665,-9.8,-3.685732,11.00182
15402,3.378665,-9.8,-3.685732,11.00182
15403,3.378665,-9.8,-3.685732,11.00182
15404,3.378665,-9.8,-3.685732,11.00182
15405,3.378665,-9.8,-3.685732,11.00182
15406,3.378665,-9.8,-3.685732,11.00182
15407,3.378665,-9.8,-3.685732,11.00182
15408,3.378665,-9.8,-3.685732,11.00182
15409,3.378665,-9.8,-3.685732,11.00182
15410,3.378665,-9.8,-3.685732,11.00182
15411,3.378665,-9.8,-3.685732,11.00182
15412,3.378665,-9.8,-3.685732,11.00182
15413,3.378665,-9.8,-3.685732,11.00182
15414,3.378665,-9.8,-3.685732,11.00182
15415,3.378665,-9.8,-3.685732,11.00182
15416,3.378665,-9.8,-3.685732,11.00182
15417,3.378665,-9.8,-3.685732,11.00182
15418,3.378665,-9.8,-3.685732,11.00182
15419,3.378665,-9.8,-3.685732,11.00182
15420,3.378665,-9.8,-3.685732,11.00182
15421,3.378665,-9.8,-3.685732,11.00182
15422,3.378665,-9.8,-3.685732,11.00182
15423,3.378665,-9.8,-3.685732,11.00182
15424,3.378665,-9.8,-3.685732,11.00182
15425,3.378665,-9.8,-3.685732,11.00182
15426,3.378665,-9.8,-3.685732,11.00182
15427,3.378665,-9.8,-3.685732,11.00182
15428,3.378665,-9.8,-3.685732,11.00182
15429,3.378665,-9.8,-3.685732,11.00182
15430,3.378665,-9.8,-3.685732,11.00182
15431,3.378665,-9.8,-3.685732,11.00182
15432,3.378665,-9.8,-3.685732,11.00182
15433,3.378665,-9.8,-3.685732,11.00182
15434,3.378665,-9.8,-3.685732,11.00182
15435,3.378665,-9.8,-3.685732,11.00182
15436,3.378665,-9.8,-3.685732,11.00182
15437,3.378665,-9.8,-3.685732,11.00182
15438,3.378665,-9.8,-3.685732,11.00182
15439,3.378665,-9.8,-3.685732,11.00182
15440,3.378665,-9.8,-3.685732,11.00182
15441,3.378665,-9.8,-3.685732,11.00182
15442,3.378665,-9.8,-3.685732,11.00182
15443,3.378665,-9.8,-3.685732,11.00182
15444,3.378665,-9.8,-3.685732,11.00182
15445,3.378665,-9.8,-3.685732,11.00182
15446,3.378665,-9.8,-3.685732,11.00182
15447,3.378665,-9.8,-3.685732,11.00182
15448,3.378665,-9.8,-3.685732,11.00182
15449,3.378665,-9.8,-3.685732,11.00182
15450,3.378665,-9.8,-3.685732,11.00182
15451,3.378665,-9.8,-3.685732,11.00182
15452,3.378665,-9.8,-3.685732,11.00182
15453,3.378665,-9.8,-3.685732,11.00182
15454,3.378665,-9.8,-3.685732,11.00182
15455,3.378665,-9.8,-3.685732,11.00182
15456,3.378665,-9.8,-3.685732,11.00182
15457,3.378665,-9.8,-3.685732,11.00182
15458,3.378665,-9.8,-3.685732,11.00182
15459,3.378665,-9.8,-3.685732,11.00182
15460,3.378665,-9.8,-3.685732,11.00182
15461,3.378665,-9.8,-3.685732,11.00182
15462,3.378665,-9.8,-3.685732,11.00182
15463,3.378665,-9.8,-3.685732,11.00182
15464,3.378665,-9.8,-3.685732,11.00182
15465,3.378665,-9.8,-3.685732,11.00182
15466,3.378665,-9.8,-3.685732,11.00182
15467,3.378665,-9.8,-3.685732,11.00182
15468,3.378665,-9.8,-3.685732,11.00182
15469,3.378665,-9.8,-3.685732,11.00182
15470,3.378665,-9.8,-3.685732,11.00182
15471,3.378665,-9.8,-3.685732,11.00182
15472,3.378665,-9.8,-3.685732,11.00182
15473,3.378665,-9.8,-3.685732,11.00182
15474,3.378665,-9.8,-3.685732,11.00182
15475,3.378665,-9.8,-3.685732,11.00182
15476,3.378665,-9.8,-3.685732,11.00182
15477,3.378665,-9.8,-3.685732,11.00182
15478,3.378665,-9.8,-3.685732,11.00182
15479,3.378665,-9.8,-3.685732,11.00182
15480,3.378665,-9.8,-3.685732,11.00182
15481,3.378665,-9.8,-3.685732,11.00182
15482,3.378665,-9.8,-3.685732,11.00182
15483,3.378665,-9.8,-3.685732,11.00182
15484,3.378665,-9.8,-3.685732,11.00182
15485,3.378665,-9.8,-3.685732,11.00182
15486,3.378665,-9.8,-3.685732,11.00182
15487,3.378665,-9.8,-3.685732,11.00182
15488,3.378665,-9.8,-3.685732,11.00182
15489,3.378665,-9.8,-3.685732,11.00182
15490,3.378665,-9.8,-3.685732,11.00182
15491,3.378665,-9.8,-3.685732,11.00182
15492,3.378665,-9.8,-3.685732,11.00182
15493,3.378665,-9.8,-3.685732,11.00182
15494,3.378665,-9.8,-3.685732,11.00182
15495,3.378665,-9.8,-3.685732,11.00182
15496,3.378665,-9.8,-3.685732,11.00182
15497,3.378665,-9.8,-3.685732,11.00182
15498,3.378665,-9.8,-3.685732,11.00182
15499,3.378665,-9.8,-3.685732,11.00182
15500,3.378665,-9.8,-3.685732,11.00182
15501,3.378665,-9.8,-3.685732,11.00182
15502,3.378665,-9.8,-3.685732,11.00182
15503,3.378665,-9.8,-3.685732,11.00182
15504,3.378665,-9.8,-3.685732,11.00182
15505,3.378665,-9.8,-3.685732,11.00182
15506,3.378665,-9.8,-3.685732,11.00182
15507,3.378665,-9.8,-3.685732,11.00182
15508,3.378665,-9.8,-3.685732,11.00182
15509,3.378665,-9.8,-3.685732,11.00182
15510,3.378665,-9.8,-3.685732,11.00182
15511,3.378665,-9.8,-3.685732,11.00182
15512,3.378665,-9.8,-3.685732,11.00182
15513,3.378665,-9.8,-3.685732,11.00182
15514,3.378665,-9.8,-3.685732,11.00182
15515,3.378665,-9.8,-3.685732,11.00182
15516,3.378665,-9.8,-3.685732,11.00182
15517,3.378665,-9.8,-3.685732,11.00182
15518,3.378665,-9.8,-3.685732,11.00182
15519,3.378665,-9.8,-3.685732,11.00182
15520,3.378665,-9.8,-3.685732,11.00182
15521,3.378665,-9.8,-3.685732,11.00182
15522,3.378665,-9.8,-3.685732,11.00182
15523,3.378665,-9.8,-3.685732,11.00182
15524,3.378665,-9.8,-3.685732,11.00182
15525,3.378665,-9.8,-3.685732,11.00182
15526,3.378665,-9.8,-3.685732,11.00182
15527,3.378665,-9.8,-3.685732,11.00182
15528,3.378665,-9.8,-3.685732,11.00182
15529,3.378665,-9.8,-3.685732,11.00182
15530,3.378665,-9.8,-3.685732,11.00182
15531,3.378665,-9.8,-3.685732,11.00182
15532,3.378665,-9.8,-3.685732,11.00182
15533,3.378665,-9.8,-3.685732,11.00182
15534,3.378665,-9.8,-3.685732,11.00182
15535,3.378665,-9.8,-3.685732,11.00182
15536,3.378665,-9.8,-3.685732,11.00182
15537,3.378665,-9.8,-3.685732,11.00182
15538,3.378665,-9.8,-3.685732,11.00182
15539,3.378665,-9.8,-3.685732,11.00182
15540,3.378665,-9.8,-3.685732,11.00182
15541,3.378665,-9.8,-3.685732,11.00182
15542,3.378665,-9.8,-3.685732,11.00182
15543,3.378665,-9.8,-3.685732,11.00182
15544,3.378665,-9.8,-3.685732,11.00182
15545,3.378665,-9.8,-3.685732,11.00182
15546,3.378665,-9.8,-3.685732,11.00182
15547,3.378665,-9.8,-3.685732,11.00182
15548,3.378665,-9.8,-3.685732,11.00182
15549,3.378665,-9.8,-3.685732,11.00182
15550,3.378665,-9.8,-3.685732,11.00182
15551,3.378665,-9.8,-3.685732,11.00182
15552,3.378665,-9.8,-3.685732,11.00182
15553,3.378665,-9.8,-3.685732,11.00182
15554,3.378665,-9.8,-3.685732,11.00182
15555,3.378665,-9.8,-3.685732,11.00182
15556,3.378665,-9.8,-3.685732,11.00182
15557,3.378665,-9.8,-3.685732,11.00182
15558,3.378665,-9.8,-3.685732,11.00182
15559,3.378665,-9.8,-3.685732,11.00182
15560,3.378665,-9.8,-3.685732,11.00182
15561,3.378665,-9.8,-3.685732,11.00182
15562,3.378665,-9.8,-3.685732,11.00182
15563,3.378665,-9.8,-3.685732,11.00182
15564,3.378665,-9.8,-3.685732,11.00182
15565,3.378665,-9.8,-3.685732,11.00182
15566,3.378665,-9.8,-3.685732,11.00182
15567,3.378665,-9.8,-3.685732,11.00182
15568,3.378665,-9.8,-3.685732,11.00182
15569,3.378665,-9.8,-3.685732,11.00182
15570,3.378665,-9.8,-3.685732,11.00182
15571,3.378665,-9.8,-3.685732,11.00182
15572,3.378665,-9.8,-3.685732,11.00182
15573,3.378665,-9.8,-3.685732,11.00182
15574,3.378665,-9.8,-3.685732,11.00182
15575,3.378665,-9.8,-3.685732,11.00182
15576,3.378665,-9.8,-3.685732,11.00182
15577,3.378665,-9.8,-3.685732,11.00182
15578,3.378665,-9.8,-3.685732,11.00182
15579,3.378665,-9.8,-3.685732,11.00182
15580,3.378665,-9.8,-3.685732,11.00182
15581,3.378665,-9.8,-3.685732,11.00182
15582,3.378665,-9.8,-3.685732,11.00182
15583,3.378665,-9.8,-3.685732,11.00182
15584,3.378665,-9.8,-3.685732,11.00182
15585,3.378665,-9.8,-3.685732,11.00182
15586,3.378665,-9.8,-3.685732,11.00182
15587,3.378665,-9.8,-3.685732,11.00182
15588,3.378665,-9.8,-3.685732,11.00182
15589,3.378665,-9.8,-3.685732,11.00182
15590,3.378665,-9.8,-3.685732,11.00182
15591,3.378665,-9.8,-3.685732,11.00182
15592,3.378665,-9.8,-3.685732,11.00182
15593,3.378665,-9.8,-3.685732,11.00182
15594,3.378665,-9.8,-3.685732,11.00182
15595,3.378665,-9.8,-3.685732,11.00182
15596,3.378665,-9.8,-3.685732,11.00182
15597,3.378665,-9.8,-3.685732,11.00182
15598,3.378665,-9.8,-3.685732,11.00182
15599,3.378665,-9.8,-3.685732,11.00182
15600,3.378665,-9.8,-3.685732,11.00182
15601,3.378665,-9.8,-3.685732,11.00182
15602,3.378665,-9.8,-3.685732,11.00182
15603,3.378665,-9.8,-3.685732,11.00182
15604,3.378665,-9.8,-3.685732,11.00182
15605,3.378665,-9.8,-3.685732,11.00182
15606,3.378665,-9.8,-3.685732,11.00182
15607,3.378665,-9.8,-3.685732,11.00182
15608,3.378665,-9.8,-3.685732,11.00182
15609,3.378665,-9.8,-3.685732,11.00182
15610,3.378665,-9.8,-3.685732,11.00182
15611,3.378665,-9.8,-3.685732,11.00182
15612,3.378665,-9.8,-3.685732,11.00182
15613,3.378665,-9.8,-3.685732,11.00182
15614,3.378665,-9.8,-3.685732,11.00182
15615,3.378665,-9.8,-3.685732,11.00182
15616,3.378665,-9.8,-3.685732,11.00182
15617,3.378665,-9.8,-3.685732,11.00182
15618,3.378665,-9.8,-3.685732,11.00182
15619,3.378665,-9.8,-3.685732,11.00182
15620,3.378665,-9.8,-3.685732,11.00182
15621,3.378665,-9.8,-3.685732,11.00182
15622,3.378665,-9.8,-3.685732,11.00182
15623,3.378665,-9.8,-3.685732,11.00182
15624,3.378665,-9.8,-3.685732,11.00182
