# Positions Buffer Dump - 15625 elements
# Index,X,Y,Z,Magnitude
0,-1.46,-1.46,-1.46,2.528794
1,-1.416999,-1.46,-1.46,2.504214
2,-1.46,-1.46,-1.46,2.528794
3,-1.46,-1.46,-1.46,2.528794
4,-1.46,-1.46,-1.46,2.528794
5,-1.404934,-1.436198,-1.432643,2.467584
6,-1.406114,-1.46,-1.46,2.498071
7,-1.46,-1.46,-1.46,2.528794
8,-1.46,-1.437699,-1.46,2.515985
9,-1.46,-1.46,-1.46,2.528794
10,-1.46,-1.46,-1.433169,2.513399
11,-1.46,-1.46,-1.433169,2.513399
12,-1.46,-1.46,-1.46,2.528794
13,-1.46,-1.46,-1.433036,2.513323
14,-1.46,-1.46,-1.433215,2.513425
15,-1.46,-1.46,-1.432606,2.513078
16,-1.405323,-1.46,-1.46,2.497626
17,-1.410742,-1.46,-1.406887,2.470045
18,-1.411583,-1.46,-1.405969,2.470003
19,0.7494031,-1.21525,-1.044609,1.76908
20,0.7795177,-1.198094,-1.052487,1.775051
21,0.7751113,-1.239449,-1.09752,1.828
22,0.7862782,-1.244211,-1.048163,1.806915
23,0.750591,-1.284333,-1.053995,1.82313
24,0.7213426,-1.248545,-1.033752,1.774216
25,-0.307494,-1.221322,-1.021804,1.621808
26,-0.3778705,-1.240277,-1.04457,1.664992
27,-1.46,-1.236972,-1.010963,2.164196
28,-0.3782603,-1.050578,-0.6249373,1.279587
29,-0.3046395,-1.083186,-0.6698942,1.309525
30,-0.3419025,-1.001954,-0.6939111,1.265829
31,-1.46,-1.055143,-0.6189044,1.904723
32,-1.46,-1.076141,-0.6735094,1.93476
33,-1.46,-1.071408,-0.6063111,1.909745
34,-1.46,-1.031757,-0.6600392,1.905721
35,0.7501996,-1.243821,-1.166958,1.863245
36,0.7205325,-1.240139,-1.103638,1.809732
37,0.7205387,-1.240137,-1.103666,1.80975
38,0.7501984,-1.243825,-1.166948,1.86324
39,0.7935326,-1.249869,-1.134764,1.865357
40,0.7771131,-1.204128,-1.108586,1.811848
41,-0.34902,-1.247673,-1.187606,1.75753
42,-1.46,-1.272187,-1.093243,2.22379
43,-1.46,-1.198693,-1.147158,2.210076
44,-1.46,-1.028364,-0.7950863,1.954813
45,-1.435134,-1.067776,-0.782835,1.952584
46,-1.46,-1.023886,-0.7340036,1.928394
47,-1.441087,-1.047388,-0.7016243,1.914688
48,-1.46,-1.080236,-0.7529393,1.966069
49,-1.46,-1.04679,-0.790617,1.962765
50,-1.46,-0.8545861,-0.3463442,1.72681
51,-1.414207,-0.8219796,-0.362894,1.675507
52,-1.46,-0.860681,-0.3167195,1.724147
53,-1.46,-0.8925554,-0.3103066,1.739122
54,-1.435487,-0.8374407,-0.3450238,1.697342
55,-1.46,-0.8712574,-0.3887335,1.744077
56,0.7637181,-1.250689,-1.275929,1.94306
57,0.7960399,-1.24246,-1.203462,1.904129
58,0.8032166,-1.236052,-1.277931,1.95092
59,0.7350405,-1.239105,-1.238846,1.900106
60,0.7605077,-1.200482,-1.204726,1.863033
61,0.7895579,-1.22074,-1.235563,1.907937
62,0.7343264,-1.252757,-1.276529,1.933433
63,0.7180976,-1.224634,-1.217841,1.870435
64,-0.3624674,-1.26839,-1.264372,1.827248
65,-1.46,-1.313249,-1.22375,2.313825
66,-1.46,-1.22973,-1.22447,2.267854
67,1.329772,-0.3731305,-1.367816,1.943822
68,1.395552,-0.3780449,-1.372549,1.993583
69,1.395556,-0.3780466,-1.372536,1.993577
70,1.26559,-1.350147,0.5417225,1.928232
71,1.260795,-1.352047,0.5347081,1.924461
72,1.260788,-1.352054,0.5347,1.924459
73,-0.3521802,-1.073122,-0.8566452,1.417555
74,-1.414759,-1.01939,-0.8382737,1.934787
75,-1.46,-1.007947,-0.8623651,1.97262
76,-1.46,-1.054909,-0.8816599,2.005432
77,-1.395911,-1.052996,-0.887105,1.960694
78,-1.46,-1.082973,-0.8402806,2.002624
79,-0.3809905,-0.8578356,-0.4334325,1.033876
80,-1.46,-0.8702708,-0.4738184,1.764504
81,-1.408539,-0.8272972,-0.4713391,1.700165
82,-1.410443,-0.8943064,-0.4639351,1.733311
83,-1.421236,-0.8003139,-0.4290575,1.686566
84,-1.46,-0.8165047,-0.4034246,1.720765
85,0.7630794,-1.259639,-1.389946,2.025076
86,0.8030083,-1.251849,-1.391311,2.036589
87,0.7483317,-1.213577,-1.327295,1.947942
88,0.7957532,-1.247675,-1.327006,1.987677
89,0.714354,-1.283823,-1.33749,1.986802
90,0.7556961,-1.242259,-1.329197,1.970038
91,0.7793854,-1.212358,-1.391074,2.003082
92,0.7385279,-1.25204,-1.392752,2.013153
93,-0.3043888,-1.297211,-1.326413,1.880101
94,-0.3493558,-1.217337,-1.337497,1.841971
95,-0.4017198,-1.212569,-1.397747,1.893515
96,-1.46,-1.261455,-1.34277,2.350723
97,-1.38588,-1.233891,-1.374387,2.309132
98,-1.46,-1.21432,-1.394188,2.355829
99,1.327722,-0.3129341,-1.45985,1.997983
100,1.340729,-0.3664243,-1.459988,2.015785
101,1.340725,-0.3664283,-1.459988,2.015782
102,1.398129,-0.3414078,-1.459986,2.050094
103,1.339167,-0.3153794,-1.459842,2.005984
104,1.398126,-0.3414497,-1.459991,2.050102
105,1.259878,-1.377198,0.4037874,1.909715
106,1.263942,-1.345506,0.4282344,1.895078
107,1.279142,-1.366949,0.4834481,1.933514
108,1.263955,-1.345506,0.4282793,1.895097
109,1.279141,-1.366953,0.4834376,1.933513
110,1.222505,-1.373856,0.4554784,1.894587
111,1.222498,-1.373847,0.4555039,1.894582
112,-0.3904487,-1.040574,-0.9837209,1.484234
113,-0.340876,-0.9926332,-0.9275543,1.400669
114,-1.422876,-1.04935,-0.9714121,2.017264
115,-1.433487,-1.076126,-0.9319686,2.020272
116,-1.46,-1.085648,-0.9309819,2.043761
117,-1.437388,-1.077868,-0.9283555,2.022307
118,-1.432681,-1.073015,-0.9290633,2.016704
119,-1.46,-1.015472,-0.945327,2.014057
120,-1.46,-1.063801,-0.9803879,2.055343
121,-1.445882,-1.096115,-0.9323269,2.039921
122,-1.46,-1.091784,-0.9264988,2.044992
123,-1.46,-1.089432,-0.9236267,2.042437
124,-0.3136118,-0.87651,-0.5428589,1.077645
125,-0.3784677,-0.8102841,-0.5191324,1.034068
126,-0.3199366,-0.8135883,-0.5975028,1.058912
127,-1.46,-0.8045288,-0.4994013,1.740192
128,-1.46,-0.8927643,-0.4896627,1.779999
129,-1.46,-0.84467,-0.5769807,1.782687
130,0.7077891,-1.26632,-1.46,2.058187
131,0.7973689,-1.208908,-1.46,2.056418
132,0.7214296,-1.233125,-1.46,2.042709
133,0.7467813,-1.219216,-1.46,2.04347
134,0.7548139,-1.269713,-1.46,2.0769
135,0.7747371,-1.249551,-1.46,2.072003
136,-0.3936324,-1.275276,-1.413206,1.943817
137,-0.327952,-1.220495,-1.420645,1.901418
138,-0.3419239,-1.200604,-1.46,1.920927
139,-0.354915,-1.257621,-1.46,1.959381
140,-0.2977781,-1.263709,-1.46,1.953774
141,-1.46,-1.279379,-1.399454,2.39309
142,-1.406058,-1.216136,-1.46,2.363808
143,-1.46,-1.228841,-1.46,2.402759
144,-1.402317,-1.277806,-1.46,2.393926
145,-1.46,-1.2805,-1.46,2.429584
146,-1.46,-1.287902,-1.46,2.433494
147,1.268235,-1.377174,0.3550587,1.905543
148,1.27001,-1.322871,0.3660889,1.870009
149,1.220692,-1.322047,0.3368524,1.830674
150,1.231234,-1.371859,0.3248861,1.87176
151,1.285176,-1.375904,0.3476813,1.914594
152,1.259871,-1.329514,0.3186547,1.859146
153,1.270003,-1.322883,0.3660996,1.870015
154,0.7665694,-1.08029,-1.055016,1.693433
155,0.7782697,-1.069506,-1.085098,1.710843
156,0.785992,-1.087598,-1.023366,1.687582
157,-0.404234,-1.064748,-1.083266,1.571801
158,-0.3217963,-1.019719,-1.098563,1.533043
159,-1.46,-1.022391,-1.054323,2.070865
160,-0.3716494,-0.7947468,-0.6327102,1.081697
161,-0.3227984,-0.9012999,-0.6677483,1.167231
162,-1.46,-0.8258274,-0.6736465,1.807593
163,-1.46,-0.8804299,-0.6889263,1.838852
164,-1.41049,-0.8501806,-0.6151471,1.758037
165,1.285538,-1.301755,0.2837703,1.851404
166,1.254733,-1.379857,0.2854492,1.886754
167,1.254741,-1.379858,0.2854496,1.88676
168,1.227183,-1.319758,0.2510629,1.819553
169,1.267442,-1.375712,0.2414856,1.886083
170,1.248208,-1.377805,0.2317305,1.873518
171,1.285543,-1.301755,0.2837815,1.85141
172,1.211085,-1.329523,0.2580123,1.816846
173,1.216444,-1.316967,0.2209925,1.806371
174,0.7360345,-1.054972,-1.124865,1.70881
175,0.7360362,-1.054971,-1.12487,1.708814
176,0.7739744,-1.039597,-1.178761,1.751934
177,0.7739795,-1.039599,-1.178755,1.751934
178,0.7959101,-1.064318,-1.112029,1.732875
179,0.80483,-1.078451,-1.169885,1.783098
180,0.7538061,-1.097477,-1.168347,1.771359
181,-0.3253207,-1.052974,-1.194051,1.624914
182,-1.46,-1.031212,-1.142212,2.121237
183,-1.46,-1.029368,-1.144691,2.121678
184,-0.3777117,-0.8447692,-0.7743444,1.206611
185,-0.3052068,-0.8108025,-0.7067162,1.118034
186,-1.46,-0.8635896,-0.7576421,1.857797
187,1.232284,-1.376161,0.1507792,1.853396
188,1.278175,-1.381793,0.1488226,1.888182
189,1.244189,-1.356998,0.1990311,1.851773
190,1.281116,-1.315547,0.1705218,1.84418
191,1.265605,-1.38117,0.1740079,1.8814
192,1.276713,-1.330572,0.1646225,1.851356
193,1.265735,-1.322726,0.1100792,1.834069
194,0.7689056,-1.012702,-1.277234,1.80225
195,0.7524561,-1.046475,-1.2143,1.770826
196,0.7636901,-1.08027,-1.254438,1.823135
197,0.8032077,-1.059214,-1.221716,1.805455
198,0.72279,-1.083072,-1.209037,1.776863
199,0.7304491,-1.052269,-1.240856,1.78341
200,0.768914,-1.0127,-1.277233,1.802253
201,0.7669281,-1.070275,-1.297251,1.848385
202,0.8001121,-1.085985,-1.28055,1.859933
203,-0.3595805,-1.003584,-1.254617,1.646373
204,-0.3585194,-1.098465,-1.286251,1.729046
205,-1.46,-1.082068,-1.286261,2.226418
206,-1.46,-1.052953,-1.237474,2.184411
207,-1.46,-0.8048367,-0.8482125,1.870515
208,-1.46,-0.8066128,-0.8089508,1.853814
209,-1.46,-0.8600818,-0.8380194,1.890401
210,1.202241,-1.354946,0.06350877,1.812538
211,1.249797,-1.378282,0.09915403,1.863193
212,1.238217,-1.378639,0.03862178,1.853461
213,1.233972,-1.31656,0.03136306,1.804716
214,1.290015,-1.377891,0.03753177,1.88789
215,1.23821,-1.378638,0.03861689,1.853456
216,1.233971,-1.316557,0.0313627,1.804714
217,1.221539,-1.335343,0.1023819,1.812673
218,1.249802,-1.378282,0.0991478,1.863195
219,1.282912,-1.313538,0.09563187,1.838583
220,0.7091911,-1.031636,-1.385986,1.867667
221,0.7092,-1.031634,-1.385985,1.867669
222,0.7311381,-1.019603,-1.314572,1.81721
223,0.7524745,-1.065586,-1.374043,1.894646
224,0.7998882,-1.083355,-1.325302,1.889419
225,0.7304249,-1.086891,-1.389701,1.909482
226,0.7835116,-1.012105,-1.317109,1.836579
227,0.800721,-1.094743,-1.390433,1.942401
228,0.7798486,-1.026151,-1.383606,1.890904
229,0.8066176,-1.041692,-1.322604,1.866825
230,0.7986011,-1.05568,-1.380367,1.912495
231,0.7658548,-1.007599,-1.386951,1.877611
232,0.7227466,-1.069425,-1.328154,1.852033
233,0.7173604,-1.07696,-1.326877,1.85339
234,-0.3780469,-1.035893,-1.329703,1.727455
235,-1.406337,-1.031322,-1.400514,2.236705
236,-1.416967,-0.991644,-1.398945,2.224455
237,-1.46,-1.030489,-1.375359,2.255021
238,-1.440236,-1.047169,-1.342898,2.230295
239,-1.46,-1.002741,-1.311558,2.203922
240,1.359518,-0.1225731,-1.459426,1.998309
241,1.359513,-0.1225813,-1.459421,1.998302
242,1.306876,-0.1696768,-1.459932,1.966753
243,1.379034,-0.1682157,-1.459662,2.015104
244,1.310638,-0.1602055,-1.459741,1.96832
245,1.376091,-0.1786131,-1.459796,2.014083
246,-0.3192349,-0.8927665,-0.9270226,1.326014
247,-0.3625264,-0.7932483,-0.9073691,1.258565
248,-1.46,-0.8044019,-0.9970101,1.942342
249,-1.46,-0.8885182,-0.9641858,1.962325
250,-1.46,-0.852326,-0.9055907,1.917851
251,1.286866,-1.331643,0.001454536,1.851837
252,1.221465,-1.360872,-0.01628457,1.828719
253,1.229937,-1.377155,-0.0547954,1.847243
254,1.277143,-1.381981,-0.03089316,1.881999
255,1.255093,-1.374777,-0.0945857,1.863925
256,1.206246,-1.37837,-0.09389076,1.834053
257,1.270889,-1.375799,-0.08712865,1.874986
258,1.230066,-1.324992,-0.02877872,1.808174
259,1.277181,-1.381995,-0.03091189,1.882035
260,1.27709,-1.316835,-0.01594379,1.834466
261,0.1074831,-1.334617,-0.006446423,1.338954
262,-0.9847683,-1.347654,0.009027032,1.669138
263,-0.9799674,-1.36404,-0.0260236,1.679767
264,-0.9024435,-1.395038,-0.07754455,1.663295
265,-0.9024464,-1.39504,-0.07754771,1.663298
266,0.8026454,-1.024953,-1.46,1.95611
267,0.7601701,-1.005797,-1.46,1.929012
268,0.7654138,-1.047499,-1.46,1.953129
269,0.7880535,-1.079681,-1.46,1.97948
270,0.7134828,-1.023317,-1.46,1.920374
271,0.7334661,-1.085245,-1.46,1.961461
272,0.7219662,-1.038569,-1.46,1.931699
273,0.7657875,-1.096022,-1.46,1.979721
274,-0.3142521,-1.030694,-1.46,1.814576
275,-0.3658896,-1.081193,-1.46,1.853228
276,-0.2992393,-1.095597,-1.46,1.849724
277,-0.3640307,-1.025339,-1.434404,1.800376
278,-1.46,-1.089777,-1.46,2.334698
279,-1.401352,-1.010547,-1.46,2.261988
280,-1.46,-1.056966,-1.46,2.319564
281,-1.46,-0.9916429,-1.46,2.290536
282,-1.46,-1.034952,-1.46,2.309616
283,-1.46,-1.034626,-1.46,2.30947
284,-1.46,-1.056674,-1.424619,2.297325
285,-1.419059,-1.088085,-1.46,2.308519
286,-0.3580157,-0.8640709,-1.020942,1.3846
287,-1.449304,-0.8088451,-1.056473,1.967448
288,-1.46,-0.8739047,-1.02282,1.985314
289,-1.46,-0.6751746,-0.6128546,1.721352
290,1.243878,-1.381536,-0.1743559,1.867157
291,1.272018,-1.374491,-0.1458521,1.878438
292,1.25964,-1.31189,-0.1254605,1.823044
293,1.24772,-1.318278,-0.1657972,1.822677
294,1.201592,-1.318934,-0.1928753,1.794607
295,1.215657,-1.374145,-0.1215015,1.838711
296,1.24387,-1.38154,-0.1743515,1.867154
297,1.216,-1.324992,-0.1450732,1.804247
298,-0.9512565,-1.321092,-0.1380417,1.633778
299,-0.960955,-1.30131,-0.138905,1.623619
300,-0.9782565,-1.385974,-0.1666688,1.704608
301,-0.9548101,-1.392197,-0.1128394,1.691924
302,-0.9548069,-1.392211,-0.1128466,1.691935
303,-0.3318668,-0.8325421,-1.099088,1.418188
304,-1.46,-0.8103362,-1.197687,2.054921
305,-1.46,-0.8662825,-1.118741,2.033132
306,-1.46,-0.638119,-0.6990274,1.739953
307,-1.459907,-0.6383931,-0.7627072,1.766521
308,1.283577,-1.337859,-0.2153942,1.866503
309,1.241725,-1.379709,-0.2382405,1.871426
310,1.283585,-1.337852,-0.215386,1.866502
311,1.207419,-1.322008,-0.219617,1.803829
312,1.248972,-1.300196,-0.2577595,1.82123
313,1.29517,-1.379051,-0.2913459,1.914191
314,1.241727,-1.379705,-0.2382302,1.871424
315,1.226009,-1.380573,-0.2796434,1.867426
316,1.248989,-1.300228,-0.2577442,1.821263
317,1.278194,-1.375187,-0.269839,1.896769
318,0.1505176,-1.391,-0.2753388,1.425955
319,0.1188091,-1.341408,-0.2228094,1.364967
320,0.1182338,-1.396248,-0.2747576,1.427928
321,-0.9254025,-1.395204,-0.2184144,1.688393
322,-0.9080887,-1.343796,-0.249697,1.640964
323,-0.9058622,-1.334206,-0.2560628,1.632869
324,-0.9251653,-1.395146,-0.2181744,1.688184
325,-0.9605615,-1.330253,-0.2125685,1.65452
326,-0.3359546,-0.8185189,-1.204839,1.494816
327,-1.46,-0.8034986,-1.274246,2.097835
328,-1.398651,-0.7968118,-1.257476,2.042641
329,-1.46,-0.8831493,-1.242352,2.110685
330,-1.46,-0.8642301,-1.255248,2.110484
331,-1.46,-0.6371436,-0.8946835,1.827022
332,-1.46,-0.6629551,-0.8337695,1.807286
333,1.21912,-1.336867,-0.369958,1.84671
334,1.292717,-1.308287,-0.3646852,1.875027
335,1.25871,-1.313748,-0.3270839,1.848586
336,1.245782,-1.310824,-0.3809239,1.848063
337,1.290066,-1.325601,-0.3093174,1.875411
338,1.254974,-1.381689,-0.3269641,1.894975
339,1.236857,-1.37796,-0.3864903,1.891551
340,1.205811,-1.376434,-0.3267286,1.858844
341,1.218781,-1.322992,-0.2961195,1.823025
342,1.219133,-1.30492,-0.3152182,1.813412
343,1.254947,-1.38168,-0.3269941,1.894956
344,1.29359,-1.373409,-0.3632695,1.921352
345,1.283839,-1.313966,-0.394818,1.878997
346,0.1786976,-1.386143,-0.3110739,1.431815
347,0.1615138,-1.382227,-0.3475191,1.434367
348,0.1372922,-1.31759,-0.3028047,1.358891
349,0.1345371,-1.314367,-0.3060723,1.356223
350,0.122398,-1.381773,-0.3700877,1.435703
351,-0.9133034,-1.400796,-0.3775136,1.714313
352,-0.9185869,-1.387436,-0.382527,1.707369
353,-0.9468436,-1.355832,-0.3262836,1.685602
354,1.246791,-1.191836,0.01801072,1.724902
355,-0.9443193,-1.17508,0.04514341,1.508174
356,-0.9443101,-1.17508,0.04513344,1.508168
357,-0.3663422,-0.8481948,-1.323968,1.614476
358,-0.3174541,-0.8560119,-1.390752,1.663648
359,-1.46,-0.8552312,-1.328513,2.151271
360,-1.46,-0.8637838,-1.334023,2.158087
361,-1.46,-0.8238626,-1.385808,2.175044
362,-1.46,-0.7987191,-1.350173,2.143017
363,-1.46,-0.8585846,-1.289051,2.128479
364,1.3684,0.0106613,-1.459864,2.000959
365,1.329786,0.01528686,-1.459794,1.974731
366,1.3684,0.01065985,-1.459586,2.000756
367,-0.2961729,-0.6846452,-0.9362756,1.197109
368,-1.46,-0.664202,-0.9764489,1.877822
369,1.252887,-1.376286,-0.4314044,1.910497
370,1.249577,-1.325485,-0.4439858,1.87496
371,1.20805,-1.32547,-0.4075293,1.839112
372,1.258515,-1.38211,-0.4005211,1.911676
373,1.277481,-1.32909,-0.4417511,1.895675
374,1.232487,-1.384582,-0.4855415,1.916205
375,1.266013,-1.362463,-0.4830599,1.921572
376,1.232504,-1.384586,-0.4855172,1.916212
377,0.115206,-1.37501,-0.5005441,1.467811
378,0.1426699,-1.326678,-0.4375664,1.404241
379,-0.9692542,-1.337739,-0.4816515,1.720752
380,-0.9850656,-1.368979,-0.4041571,1.734301
381,1.26776,-1.119776,-0.0776263,1.693263
382,1.263265,-1.158898,-0.01632992,1.714395
383,1.215519,-1.191416,-0.01239954,1.702091
384,1.263277,-1.158911,-0.01630661,1.714412
385,1.280122,-1.121636,-0.0666682,1.703298
386,1.277264,-1.177782,-0.06348521,1.738564
387,1.251198,-1.175725,-0.06200575,1.718043
388,1.21552,-1.191404,-0.01238373,1.702083
389,0.7836224,-0.85365,-1.45981,1.86382
390,0.7499098,-0.8168246,-1.459693,1.833104
391,0.7375281,-0.8804255,-1.45984,1.857479
392,0.7118959,-0.8504274,-1.459895,1.833389
393,0.7746848,-0.8853688,-1.459885,1.874907
394,0.749943,-0.8168398,-1.459862,1.833259
395,-0.3549219,-0.819014,-1.46,1.711243
396,-0.3009287,-0.8047296,-1.46,1.694033
397,-0.3036293,-0.9073321,-1.46,1.745578
398,-0.3620775,-0.8609477,-1.46,1.733185
399,-1.46,-0.8342025,-1.46,2.226902
400,-1.40072,-0.8451189,-1.46,2.19268
401,-1.46,-0.8597655,-1.46,2.236604
402,-1.444227,-0.8646377,-1.410097,2.195851
403,-1.46,-0.8607547,-1.407795,2.203267
404,-1.46,-0.8342026,-1.46,2.226902
405,-1.46,-0.6361033,-1.081103,1.92484
406,1.215139,-1.385491,-0.5574353,1.925327
407,1.237067,-1.327545,-0.5218178,1.888122
408,1.285466,-1.322174,-0.5882739,1.935622
409,1.279405,-1.325964,-0.530754,1.917487
410,1.21514,-1.3855,-0.5574195,1.925329
411,1.267474,-1.381001,-0.5515971,1.953948
412,1.246126,-1.319074,-0.5848072,1.906512
413,1.267466,-1.380998,-0.5515926,1.953939
414,1.21445,-1.323766,-0.5708097,1.884959
415,0.1635215,-1.323556,-0.5499946,1.442579
416,0.133781,-1.36994,-0.5583575,1.485395
417,0.1635245,-1.323558,-0.5499926,1.44258
418,1.232766,-1.190062,-0.1768553,1.722567
419,1.202754,-1.187669,-0.1517601,1.697117
420,1.23486,-1.128773,-0.1875844,1.683507
421,1.234873,-1.128779,-0.1875496,1.683517
422,1.271976,-1.186952,-0.1290483,1.744544
423,1.244562,-1.137035,-0.1121354,1.689484
424,1.244564,-1.137027,-0.1121309,1.689481
425,1.271987,-1.186942,-0.1290491,1.744545
426,0.1780567,-1.178521,-0.1909032,1.207087
427,0.2000963,-1.184506,-0.1612628,1.212064
428,-0.9408075,-1.159192,-0.187075,1.504607
429,-0.9424965,-1.206316,-0.1447939,1.537681
430,-1.46,-0.6177472,-1.158435,1.963462
431,-1.46,-0.6561363,-1.182231,1.989921
432,1.243351,-1.306785,-0.6175976,1.906577
433,1.223771,-1.382435,-0.6250263,1.949205
434,1.212685,-1.330344,-0.6704224,1.920908
435,1.220116,-1.314318,-0.6643892,1.912467
436,1.285336,-1.384197,-0.6124001,1.98573
437,1.223759,-1.382432,-0.6250327,1.949197
438,1.279344,-1.314255,-0.6622975,1.950032
439,1.274392,-1.383803,-0.6271533,1.983004
440,1.26841,-1.384914,-0.6883715,2.000177
441,1.279341,-1.314256,-0.6622964,1.950031
442,1.259406,-1.375131,-0.6728969,1.982393
443,0.1288282,-1.373274,-0.7088752,1.550801
444,0.2129298,-1.347668,-0.6142299,1.496271
445,0.180869,-1.34777,-0.6679319,1.515035
446,0.1366624,-1.380356,-0.6229204,1.520555
447,0.1343613,-1.378319,-0.6208484,1.517653
448,-0.9417149,-1.367021,-0.6302626,1.775614
449,0.638163,-1.45866,1.14843,1.963118
450,0.6381692,-1.459263,1.148434,1.963571
451,0.6704159,-1.459651,1.109883,1.952403
452,0.6704274,-1.458751,1.109872,1.951728
453,1.237906,-1.153216,-0.2801695,1.71488
454,1.239283,-1.104929,-0.2656493,1.681446
455,1.295857,-1.125052,-0.1964986,1.72731
456,1.238808,-1.156951,-0.2454135,1.71272
457,1.247819,-1.166111,-0.2068797,1.720368
458,0.1803358,-1.167933,-0.210355,1.200349
459,-0.9281969,-1.180528,-0.237937,1.520464
460,-0.3097267,-0.6037989,-1.242527,1.41576
461,-0.3598191,-0.69084,-1.233515,1.458865
462,-1.46,-0.616767,-1.252246,2.019931
463,-1.413296,-0.6261185,-1.234391,1.978168
464,-1.46,-0.6649122,-1.218848,2.01477
465,-1.46,-0.6162928,-1.293919,2.045885
466,-1.46,-0.6555879,-1.276858,2.047379
467,1.224996,-1.304511,-0.7680897,1.947389
468,1.295878,-1.388287,-0.7058021,2.02603
469,1.229431,-1.385409,-0.7418429,1.995292
470,1.212283,-1.332752,-0.7258996,1.942367
471,1.262612,-1.320793,-0.7931557,1.991929
472,1.273489,-1.357229,-0.7780934,2.017244
473,1.229415,-1.38541,-0.7418212,1.995275
474,1.267593,-1.364372,-0.7471083,2.006608
475,0.1745933,-1.377317,-0.7188828,1.563419
476,0.1267849,-1.312759,-0.7953273,1.540115
477,0.152384,-1.350022,-0.7652711,1.559301
478,0.1350558,-1.389541,-0.7926856,1.605433
479,-0.9622141,-1.37815,-0.7708235,1.849141
480,0.6033956,-1.458938,1.00661,1.872391
481,0.6754238,-1.458869,1.007809,1.897413
482,0.6656775,-1.458785,1.05897,1.921614
483,0.6275459,-1.458894,1.046822,1.90211
484,0.6793248,-1.458615,1.052784,1.922861
485,1.261714,-1.147577,-0.3968726,1.751103
486,1.226468,-1.142859,-0.3866749,1.720427
487,1.258192,-1.177264,-0.3450845,1.757294
488,1.201462,-1.118574,-0.343128,1.677037
489,1.267388,-1.150329,-0.3014087,1.737923
490,1.265867,-1.110956,-0.3051949,1.711662
491,1.286219,-1.112947,-0.3834215,1.743566
492,1.286218,-1.112955,-0.3833981,1.743566
493,1.20146,-1.118583,-0.3431275,1.677043
494,1.258197,-1.177256,-0.3450875,1.757293
495,-0.9579108,-1.155607,-0.3714737,1.54629
496,-0.9594868,-1.11006,-0.2861139,1.494895
497,-0.9737844,-1.201015,-0.2930484,1.573712
498,-0.3281512,-0.6594555,-1.339404,1.528584
499,-1.46,-0.6281538,-1.326591,2.070271
500,-1.46,-0.6313581,-1.370353,2.099543
501,-1.46,-0.6374214,-1.311478,2.063463
502,-1.427116,-0.6515475,-1.306084,2.041331
503,-1.432055,-0.6142478,-1.393046,2.090134
504,-1.418307,-0.6789735,-1.387003,2.096754
505,-1.405073,-0.6654881,-1.323265,2.041601
506,-1.46,-0.6852461,-1.382384,2.124182
507,-1.46,-0.6876302,-1.382968,2.125332
508,1.274518,-1.352939,-0.8509752,2.04426
509,1.301978,-1.366852,-0.8770323,2.081494
510,1.274506,-1.352913,-0.8510106,2.04425
511,1.234786,-1.371653,-0.8238363,2.021098
512,1.234777,-1.371662,-0.823841,2.0211
513,1.275159,-1.294675,-0.8850616,2.021274
514,0.2099916,-1.386163,-0.8067195,1.617511
515,0.2097532,-1.391442,-0.8036687,1.620491
516,0.166356,-1.367779,-0.8339612,1.610586
517,0.1740925,-1.322372,-0.8240114,1.567791
518,0.1372265,-1.38927,-0.8299432,1.624102
519,0.2073514,-1.394398,-0.877094,1.660312
520,0.1911952,-1.337305,-0.8728877,1.608376
521,-0.8973932,-1.352387,-0.7982919,1.808739
522,-0.938094,-1.356374,-0.8937525,1.875784
523,-0.989984,-1.385224,-0.8906114,1.921485
524,0.6702147,-1.458696,0.9824346,1.882063
525,0.6741583,-1.458956,0.944532,1.864184
526,0.6478268,-1.458846,0.9317755,1.848274
527,0.6223975,-1.458509,1.002594,1.876119
528,0.6150551,-1.458928,0.9624276,1.852844
529,0.6079449,-1.45894,0.9041585,1.820881
530,0.6960767,-1.459113,0.9065748,1.853486
531,1.229667,-1.1559,-0.4575999,1.748594
532,1.231321,-1.107565,-0.4660593,1.720484
533,1.25348,-1.14868,-0.4590214,1.761073
534,1.284262,-1.192713,-0.4291705,1.804462
535,1.284252,-1.192712,-0.4291692,1.804453
536,1.281275,-1.156348,-0.4950844,1.795526
537,0.1597398,-1.17804,-0.4513624,1.271622
538,0.1704744,-1.119945,-0.4555494,1.221009
539,0.1099535,-1.149318,-0.4649729,1.244678
540,-0.9890852,-1.126333,-0.4429045,1.563036
541,-0.9022395,-1.122636,-0.4666927,1.513984
542,0.7205622,-0.6686352,-1.459819,1.75993
543,0.7201123,-0.6074108,-1.459688,1.737296
544,0.76937,-0.6050012,-1.459815,1.75756
545,0.7622336,-0.6643056,-1.459832,1.775785
546,0.7622362,-0.6643075,-1.459834,1.775788
547,0.7201146,-0.6074124,-1.459659,1.737273
548,0.7871614,-0.6047072,-1.459698,1.765223
549,-0.3315685,-0.6480112,-1.46,1.631397
550,-0.3715348,-0.6175874,-1.407506,1.581305
551,-0.3333173,-0.6482427,-1.46,1.631845
552,-1.46,-0.6936539,-1.46,2.178154
553,-1.46,-0.6936378,-1.46,2.178149
554,-1.46,-0.6173275,-1.46,2.155062
555,-1.46,-0.6174123,-1.46,2.155087
556,-1.46,-0.627341,-1.46,2.157952
557,-1.401069,-0.6602721,-1.46,2.12851
558,-1.401259,-0.6602884,-1.46,2.12864
559,-1.46,-0.6273423,-1.46,2.157952
560,-1.46,-0.5875281,-1.46,2.146716
561,1.297471,-1.296942,-0.9919109,2.085516
562,1.310195,-1.324268,-0.9320518,2.083031
563,1.226147,-1.377384,-0.9341003,2.067164
564,0.1233256,-1.384024,-0.9889936,1.705532
565,0.1204816,-1.334925,-0.9052892,1.617433
566,0.1636464,-1.33851,-0.997963,1.677593
567,0.149517,-1.323551,-0.9641851,1.644322
568,-0.9830903,-1.37458,-0.9878249,1.957482
569,-0.9140893,-1.337814,-0.9891753,1.898361
570,0.6185128,-1.459577,0.8227089,1.785994
571,0.6148314,-1.459533,0.8681221,1.806071
572,0.6012216,-1.459296,0.829084,1.782805
573,0.6801898,-1.459055,0.8712614,1.830464
574,-1.416867,-0.4773917,-1.015627,1.80746
575,0.6355109,-1.458871,0.889001,1.822773
576,0.6757368,-1.459644,0.8489621,1.818768
577,-1.46,-0.4551723,-1.077815,1.870954
578,1.289847,-1.171165,-0.5744249,1.834475
579,1.290569,-1.129645,-0.5207561,1.792444
580,1.227969,-1.131743,-0.55493,1.759743
581,1.22937,-1.15719,-0.5300032,1.76956
582,1.253601,-1.125358,-0.5324699,1.766769
583,1.289838,-1.171175,-0.5744225,1.834474
584,1.201663,-1.146928,-0.4977502,1.734126
585,0.1852852,-1.159767,-0.5884753,1.313656
586,0.1615771,-1.142045,-0.525328,1.267416
587,-0.9561167,-1.120946,-0.5227178,1.563302
588,1.252301,-1.313639,-1.029965,2.0868
589,1.298146,-1.350939,-1.011807,2.129313
590,1.288777,-1.368791,-1.08792,2.17212
591,1.253438,-1.314728,-1.028953,2.087669
592,1.298154,-1.350928,-1.011803,2.129309
593,1.288777,-1.368777,-1.08793,2.172116
594,1.242318,-1.31928,-1.086408,2.11285
595,1.209227,-1.366561,-1.045059,2.102824
596,0.1964206,-1.39979,-1.094966,1.788
597,0.1542335,-1.387626,-1.057543,1.751482
598,0.1543994,-1.387188,-1.057297,1.751001
599,0.1726483,-1.332554,-1.04782,1.703946
600,0.1396302,-1.344784,-1.102003,1.744233
601,0.1960248,-1.400176,-0.9974151,1.730247
602,0.1925568,-1.396817,-0.9980577,1.727511
603,-0.9359662,-1.372552,-1.064164,1.972911
604,0.610718,-1.458776,0.7272649,1.740666
605,0.6643659,-1.459663,0.7978944,1.791266
606,-1.46,-0.4503436,-1.150313,1.912493
607,0.664369,-1.459438,0.7978934,1.791083
608,0.6107522,-1.45908,0.7272779,1.740938
609,0.6701245,-1.459813,0.734767,1.766353
610,0.6701285,-1.459323,0.7347522,1.765943
611,0.6212569,-1.459505,0.7775553,1.766552
612,1.276669,-1.118812,-0.5964841,1.799282
613,1.205389,-1.119114,-0.6899149,1.783637
614,1.213464,-1.192985,-0.6362269,1.816726
615,1.227779,-1.123747,-0.6173593,1.775213
616,1.213468,-1.192982,-0.6362345,1.81673
617,1.281712,-1.106723,-0.650196,1.813939
618,1.268381,-1.153837,-0.6403717,1.830357
619,1.227782,-1.12374,-0.617357,1.77521
620,1.292105,-1.148823,-0.6829726,1.858973
621,1.259958,-1.192123,-0.6330324,1.846451
622,0.134895,-1.161545,-0.670523,1.347956
623,0.2015743,-1.165007,-0.6772193,1.362535
624,0.1141074,-1.126472,-0.62688,1.294194
625,-0.9607589,-1.178035,-0.6481006,1.652531
626,-0.8922535,-1.159837,-0.598392,1.580953
627,1.299976,-0.970153,-0.2357874,1.639124
628,1.299978,-0.9701555,-0.2357906,1.639128
629,1.219955,-1.300781,-1.177313,2.13691
630,1.214513,-1.368394,-1.112605,2.141363
631,1.214507,-1.368392,-1.1126,2.141355
632,1.28607,-1.305565,-1.161989,2.169953
633,1.260839,-1.362704,-1.157736,2.187928
634,1.260837,-1.362714,-1.157766,2.187949
635,1.267857,-1.324303,-1.105289,2.140771
636,1.235032,-1.362125,-1.197252,2.194106
637,1.237043,-1.378345,-1.107454,2.157907
638,0.2015338,-1.336938,-1.115135,1.752582
639,0.1424349,-1.375417,-1.16249,1.8065
640,0.2069551,-1.402284,-1.147024,1.823429
641,0.206957,-1.402286,-1.147022,1.82343
642,0.1888675,-1.309387,-1.192779,1.78126
643,0.1559706,-1.399955,-1.162583,1.826417
644,0.1888791,-1.309358,-1.19279,1.781247
645,0.1146549,-1.388512,-1.192912,1.834162
646,0.1246305,-1.350493,-1.106281,1.750206
647,0.1349343,-1.313444,-1.160932,1.758154
648,-0.9349079,-1.312916,-1.186924,2.001647
649,-0.9511259,-1.394519,-1.200154,2.071158
650,-1.418389,-0.4552315,-1.196614,1.910746
651,0.6786327,-1.45933,0.6359801,1.730508
652,-1.409408,-0.4796053,-1.27791,1.962016
653,0.6184677,-1.459696,0.6305207,1.706098
654,0.66709,-1.459517,0.6783418,1.742224
655,0.6005009,-1.459924,0.675308,1.71698
656,-1.46,-0.4126464,-1.240633,1.959859
657,0.6551369,-1.459339,0.6179832,1.714869
658,0.6881161,-1.459881,0.6843262,1.753014
659,0.6314211,-1.459433,0.6722508,1.726429
660,1.243469,-1.13173,-0.697093,1.820156
661,1.272103,-1.123479,-0.7257197,1.845839
662,1.236307,-1.189825,-0.6971158,1.852056
663,1.213743,-1.170223,-0.773913,1.855138
664,1.236301,-1.189829,-0.6971217,1.852056
665,1.27313,-1.140731,-0.7780217,1.878149
666,1.300366,-1.184283,-0.77491,1.921969
667,1.292144,-1.186277,-0.705512,1.890671
668,1.247952,-1.15994,-0.7482277,1.86083
669,0.1725097,-1.1352,-0.7608426,1.377433
670,-0.9779176,-1.192966,-0.7557583,1.717749
671,1.228516,-0.939163,-0.3661014,1.589122
672,1.271522,-0.9358261,-0.3260423,1.612092
673,1.240883,-0.9519723,-0.3326598,1.598969
674,1.293116,-0.9158671,-0.3431286,1.621326
675,1.282002,-0.9683743,-0.3586597,1.646182
676,1.289894,-0.9038736,-0.3550861,1.61459
677,1.228515,-0.9391637,-0.3660997,1.589121
678,1.269177,-0.9795988,-0.309628,1.632879
679,-0.9989136,-0.9628296,-0.3236557,1.424648
680,-0.9246815,-0.9864395,-0.3415919,1.394555
681,1.293681,-1.324466,-1.288816,2.255852
682,1.247177,-1.328958,-1.228032,2.197645
683,1.256251,-1.370706,-1.237805,2.233643
684,1.237914,-1.301137,-1.204001,2.162177
685,1.294133,-1.393535,-1.232463,2.266205
686,1.268027,-1.327829,-1.261637,2.227723
687,1.245809,-1.307902,-1.298471,2.224561
688,1.272483,-1.39036,-1.296711,2.287744
689,1.272482,-1.390375,-1.296733,2.287765
690,1.294138,-1.393538,-1.232469,2.266213
691,1.22224,-1.396218,-1.267964,2.247449
692,1.222211,-1.396212,-1.26797,2.247433
693,1.214909,-1.332821,-1.285043,2.214441
694,0.1320648,-1.327189,-1.214262,1.803692
695,0.1679638,-1.404604,-1.21838,1.866969
696,0.1679662,-1.404605,-1.21838,1.86697
697,0.1372381,-1.341992,-1.225836,1.822759
698,0.2040336,-1.334497,-1.251242,1.840685
699,0.1476816,-1.36273,-1.293673,1.88479
700,0.1817368,-1.336023,-1.298726,1.872077
701,0.163533,-1.398335,-1.269024,1.895391
702,0.1635343,-1.398334,-1.269024,1.89539
703,-0.9419988,-1.344523,-1.287446,2.086294
704,0.6768709,-1.459617,0.5817538,1.710869
705,0.6147813,-1.459144,0.5170732,1.665659
706,0.6323849,-1.45951,0.577359,1.692165
707,0.6111375,-1.459718,0.5666727,1.680888
708,0.6748719,-1.4598,0.529173,1.693072
709,-1.459981,-0.3931768,-1.391938,2.055146
710,0.6748695,-1.459493,0.5291724,1.692806
711,0.6973715,-1.459816,0.5798402,1.718605
712,0.6147852,-1.459171,0.5170766,1.665686
713,-1.46,-0.459596,-1.330623,2.028148
714,-1.459985,-0.3935497,-1.373641,2.042873
715,-0.4735184,-1.445825,0.5031826,1.602443
716,-0.4735148,-1.445835,0.5031723,1.602447
717,1.288608,-1.172515,-0.8225684,1.926634
718,1.25473,-1.156142,-0.8645094,1.912691
719,1.241803,-1.130701,-0.8029863,1.861544
720,1.262339,-1.122211,-0.8564664,1.893777
721,1.270988,-1.113077,-0.8924749,1.910723
722,1.226972,-1.161951,-0.8359818,1.885327
723,1.25511,-1.188712,-0.8189728,1.912865
724,1.205831,-1.196944,-0.8754171,1.911298
725,0.1908811,-1.154747,-0.8271648,1.433206
726,0.1748083,-1.119997,-0.8673517,1.427322
727,0.1209091,-1.119786,-0.8135854,1.38941
728,0.1268898,-1.193158,-0.8885491,1.493066
729,-0.9507968,-1.140532,-0.8194271,1.695962
730,1.292559,-0.9886272,-0.4377427,1.685144
731,1.247611,-0.9477491,-0.469622,1.635636
732,1.217955,-0.9882384,-0.3970534,1.617925
733,1.272216,-0.9390616,-0.4248171,1.637327
734,1.217964,-0.9882342,-0.3970477,1.617928
735,1.287621,-0.9085299,-0.4915525,1.650763
736,1.272222,-0.9390486,-0.4248017,1.63732
737,1.287615,-0.9085238,-0.49155,1.650754
738,1.276767,-0.9745954,-0.4757408,1.675201
739,-0.9922773,-0.9876134,-0.421986,1.462213
740,1.298407,-1.392342,-1.350379,2.334095
741,1.273172,-1.334305,-1.3435,2.281738
742,1.234272,-1.332175,-1.334127,2.253445
743,1.22933,-1.315634,-1.393885,2.277073
744,1.298429,-1.307558,-1.389115,2.307653
745,1.296761,-1.38085,-1.354146,2.328529
746,1.234362,-1.392522,-1.341452,2.293962
747,1.249284,-1.339021,-1.389204,2.298603
748,1.234369,-1.392522,-1.341457,2.293969
749,1.201988,-1.331545,-1.386953,2.267471
750,0.1655187,-1.335992,-1.353422,1.908932
751,0.2099802,-1.405622,-1.400075,1.995013
752,0.2091139,-1.381326,-1.312163,1.916654
753,0.1494659,-1.358488,-1.387906,1.947848
754,0.1471552,-1.379006,-1.340317,1.928668
755,0.1721493,-1.387503,-1.346202,1.940892
756,0.1634346,-1.371407,-1.401577,1.967711
757,-0.9350085,-1.350922,-1.379464,2.145263
758,0.753307,-0.4127551,-1.459883,1.693841
759,0.7277852,-0.4481432,-1.459839,1.691636
760,0.7277805,-0.4481414,-1.459816,1.691614
761,0.7852358,-0.4342681,-1.459693,1.713444
762,0.7661323,-0.4947883,-1.459935,1.72139
763,0.7985495,-0.4596825,-1.459906,1.726359
764,-0.377555,-0.469234,-1.459996,1.57934
765,0.656126,-1.459489,0.4149615,1.653119
766,0.6577708,-1.453296,0.4723742,1.663692
767,-1.46,-0.4480873,-1.46,2.112814
768,-1.459962,-0.4530754,-1.46,2.113851
769,0.6285806,-1.46,0.4383197,1.64889
770,0.6583739,-1.459965,0.4729911,1.669932
771,0.6871394,-1.459592,0.4213119,1.667355
772,-0.4287224,-1.458917,0.4408989,1.583235
773,-0.4287206,-1.458915,0.4409088,1.583236
774,-0.4219363,-1.459233,0.4773923,1.592261
775,-0.4437813,-1.459479,0.4128922,1.580348
776,1.27966,-1.182521,-0.9637845,1.991172
777,1.226769,-1.115802,-0.9462075,1.909263
778,1.208457,-1.140617,-0.9409636,1.909656
779,1.285455,-1.109712,-0.9754634,1.958414
780,1.223019,-1.099532,-0.8991843,1.874374
781,1.260953,-1.122549,-0.977077,1.950589
782,1.243228,-1.185754,-0.9186124,1.948199
783,1.243231,-1.185757,-0.9186096,1.948201
784,1.28689,-1.139977,-0.9361928,1.957573
785,1.227746,-1.181077,-0.9753507,1.963062
786,0.1806322,-1.087665,-0.932833,1.444237
787,0.1353805,-1.137136,-0.9473412,1.486224
788,0.1819479,-1.173197,-0.9301764,1.508219
789,0.1174028,-1.174579,-1.005519,1.550641
790,-0.9860977,-1.140087,-0.9302379,1.771307
791,-0.9781168,-1.203321,-0.9628512,1.825315
792,1.225176,-0.9204581,-0.5608797,1.631835
793,1.237898,-0.972295,-0.5228465,1.658649
794,1.273152,-0.9010335,-0.5512725,1.654291
795,1.22518,-0.9204508,-0.5608835,1.631835
796,1.237897,-0.9723122,-0.522849,1.65866
797,1.27181,-0.9756225,-0.5821137,1.705343
798,1.271805,-0.9756212,-0.5821161,1.70534
799,1.273154,-0.9010478,-0.5512699,1.654299
800,-0.9246249,-0.9665035,-0.5479199,1.445433
801,1.237008,-1.394704,-1.401864,2.332512
802,1.237013,-1.394722,-1.401813,2.332494
803,1.262549,-1.325739,-1.46,2.341626
804,1.262536,-1.325738,-1.46,2.341619
805,1.205258,-1.315424,-1.46,2.305338
806,1.294411,-1.39066,-1.404421,2.36259
807,1.222347,-1.381704,-1.46,2.352624
808,1.270795,-1.381542,-1.46,2.378062
809,1.222355,-1.381703,-1.46,2.352627
810,1.27081,-1.38154,-1.46,2.378069
811,1.205236,-1.315409,-1.46,2.305319
812,1.283844,-1.331457,-1.399163,2.3192
813,1.294407,-1.390664,-1.404414,2.362586
814,0.177701,-1.308697,-1.46,1.968722
815,0.1469883,-1.391189,-1.46,2.022032
816,0.1855832,-1.391634,-1.46,2.025509
817,0.1482934,-1.348077,-1.46,1.992713
818,0.2102186,-1.338362,-1.406919,1.953157
819,0.1900806,-1.337801,-1.46,1.989332
820,0.1974823,-1.394419,-1.46,2.028547
821,0.1231393,-1.332273,-1.46,1.980332
822,-0.9929152,-1.384005,-1.407009,2.209304
823,-0.9226291,-1.368329,-1.46,2.203445
824,-0.95847,-1.369229,-1.46,2.219246
825,-0.8987902,-1.312788,-1.46,2.15936
826,-0.9686887,-1.382928,-1.46,2.232139
827,-0.9911869,-1.330818,-1.46,2.210233
828,0.6507531,-1.459919,0.3592462,1.638262
829,0.6507527,-1.459805,0.3592706,1.638166
830,0.6189785,-1.457827,0.3160736,1.615022
831,0.6046943,-1.458895,0.3963593,1.62823
832,0.6960154,-1.459412,0.350071,1.654349
833,0.6046923,-1.458873,0.3963553,1.628208
834,0.6189815,-1.457807,0.3160717,1.615005
835,-0.4521686,-1.446971,0.3089095,1.547129
836,-0.5006129,-1.46,0.3288293,1.578082
837,-0.4389997,-1.46,0.3660005,1.567889
838,-0.4390235,-1.457881,0.3659747,1.565917
839,-0.5006353,-1.46,0.3288565,1.578095
840,-0.4704862,-1.46,0.393537,1.583613
841,-0.4510295,-1.46,0.3082914,1.558869
842,1.293006,-1.189187,-1.028188,2.035485
843,1.250338,-1.154982,-1.021763,1.985278
844,1.254301,-1.190442,-1.084776,2.041363
845,1.288569,-1.125179,-1.092106,2.029565
846,1.273445,-1.125659,-1.094925,2.021788
847,1.258113,-1.131244,-1.03968,1.985824
848,1.219155,-1.09713,-1.01844,1.930609
849,1.229163,-1.190831,-1.014189,1.989346
850,1.215498,-1.129269,-1.001073,1.937738
851,1.254286,-1.190436,-1.08476,2.041341
852,1.213399,-1.142456,-1.097179,1.99533
853,1.213412,-1.142433,-1.097198,1.995336
854,0.1626637,-1.133107,-0.9954358,1.516998
855,0.1526535,-1.153952,-1.077146,1.585923
856,0.131707,-1.130891,-1.045564,1.545789
857,0.2115552,-1.173972,-1.00911,1.562456
858,0.1047879,-1.204382,-1.05539,1.604795
859,-0.9016733,-1.153254,-1.027512,1.788516
860,-0.9350532,-1.194429,-1.108675,1.878869
861,-0.9900225,-1.171668,-1.080014,1.876001
862,1.247642,-0.948672,-0.6496624,1.696659
863,1.250278,-0.9783425,-0.6309976,1.708364
864,1.201553,-0.926667,-0.6098757,1.635357
865,1.230045,-0.8990732,-0.6185469,1.644367
866,1.273331,-0.9274349,-0.6252867,1.694842
867,1.211492,-0.9716826,-0.5989309,1.664511
868,1.205767,-0.9069383,-0.6901034,1.659113
869,0.1256856,-0.9549999,-0.6202355,1.14565
870,0.1271704,-0.973828,-0.6352034,1.169614
871,0.1950322,-0.9718257,-0.6780772,1.200946
872,-0.9246442,-0.9786294,-0.6902132,1.512969
873,0.6484151,-1.459935,0.2609401,1.618623
874,0.6188799,-1.459512,0.214484,1.599748
875,0.6188939,-1.459857,0.2145079,1.60007
876,0.6848463,-1.46,0.233473,1.629455
877,0.6623002,-1.46,0.2767615,1.626911
878,0.6837406,-1.46,0.3051471,1.640797
879,0.6850827,-1.439535,0.2350113,1.611468
880,-0.4967471,-1.459425,0.2695512,1.565035
881,-0.4967479,-1.459421,0.2695532,1.565032
882,-0.4639787,-1.46,0.2288871,1.548956
883,-0.4640321,-1.46,0.2288895,1.548973
884,-0.422141,-1.431376,0.2515811,1.513385
885,1.253475,-1.193247,-1.150327,2.07805
886,1.253474,-1.193249,-1.150323,2.078048
887,1.223277,-1.136931,-1.155059,2.030562
888,1.247871,-1.121159,-1.15693,2.037809
889,1.288096,-1.147352,-1.148512,2.072363
890,1.204498,-1.183818,-1.198038,2.070637
891,0.1372821,-1.112359,-1.123197,1.586745
892,0.1442415,-1.173522,-1.192426,1.679238
893,0.1442764,-1.173496,-1.192425,1.679222
894,0.1951512,-1.152349,-1.157675,1.645054
895,0.1806026,-1.149182,-1.118078,1.613486
896,0.1566093,-1.090889,-1.125968,1.575554
897,0.1446731,-1.10227,-1.171663,1.615154
898,0.1139947,-1.186706,-1.119735,1.635565
899,0.172468,-1.197201,-1.126416,1.65283
900,1.24105,-0.9272689,-0.7719188,1.730864
901,1.237983,-0.985431,-0.6978856,1.72937
902,1.284982,-0.9069399,-0.7557506,1.744958
903,1.295817,-0.9849194,-0.736721,1.786607
904,1.228729,-0.9313244,-0.7444735,1.712128
905,1.280366,-0.9652419,-0.7645141,1.776376
906,1.245913,-0.9796227,-0.7625365,1.758812
907,1.287543,-0.943041,-0.6988533,1.742265
908,1.237977,-0.9854233,-0.6978918,1.729364
909,1.287543,-0.9430363,-0.6988504,1.742262
910,0.1537595,-0.9374115,-0.7265975,1.195963
911,0.1538058,-0.9374913,-0.726656,1.196066
912,0.158098,-0.9576738,-0.7720637,1.240249
913,0.6541367,-1.459921,0.1733762,1.609138
914,0.6635128,-1.459597,0.1806134,1.613472
915,0.6189001,-1.456167,0.1423879,1.588626
916,0.6189625,-1.46,0.1423271,1.59216
917,0.7004506,-1.45934,0.1565057,1.626284
918,0.6694289,-1.459985,0.1092885,1.609856
919,0.6694367,-1.459983,0.1092869,1.609857
920,-0.4079301,-1.459803,0.2065618,1.529739
921,-0.4449714,-1.46,0.1690123,1.535632
922,-0.4079369,-1.459805,0.2065611,1.529742
923,-0.4445589,-1.46,0.1693842,1.535553
924,-0.471662,-1.46,0.1665987,1.543315
925,-0.4420083,-1.459835,0.1309719,1.530896
926,1.257375,-1.122167,-1.286915,2.120472
927,1.267504,-1.150071,-1.207933,2.094835
928,1.271851,-1.10923,-1.256192,2.103809
929,1.247635,-1.166186,-1.217907,2.097589
930,1.297182,-1.166289,-1.256921,2.150061
931,1.238965,-1.161509,-1.281085,2.127279
932,1.211606,-1.169857,-1.249218,2.096927
933,1.223202,-1.099551,-1.229314,2.053399
934,1.261965,-1.193062,-1.277336,2.155815
935,1.281365,-1.107154,-1.210189,2.081404
936,1.223179,-1.099529,-1.229312,2.053373
937,0.209039,-1.170395,-1.210998,1.697068
938,0.1793733,-1.158544,-1.277565,1.733947
939,0.1783479,-1.15895,-1.244595,1.709968
940,0.1438877,-1.134351,-1.25558,1.698216
941,-0.9634157,-1.150738,-1.242011,1.948065
942,1.287846,-0.9195068,-0.8975262,1.819229
943,1.29143,-0.9426597,-0.8065313,1.790779
944,1.209847,-0.9675025,-0.873878,1.77861
945,1.243427,-0.9432127,-0.8412912,1.773001
946,1.243412,-0.9432105,-0.8413094,1.772998
947,1.26746,-0.9043697,-0.8237173,1.761491
948,1.268905,-0.9949546,-0.8887397,1.841172
949,1.268911,-0.9949557,-0.8887276,1.84117
950,1.224894,-0.9941662,-0.8277781,1.781558
951,1.287849,-0.9195182,-0.897516,1.819232
952,0.1609911,-0.9425649,-0.8216639,1.260745
953,0.1831473,-0.9648589,-0.8449191,1.295525
954,-0.9493443,-0.9468738,-0.8148611,1.56902
955,0.6437429,-1.45999,0.01878559,1.595722
956,0.664778,-1.46,0.0532814,1.605107
957,0.6437426,-1.459984,0.01879659,1.595717
958,0.6232828,-1.46,0.07570007,1.58928
959,0.6975206,-1.458025,0.05561705,1.61724
960,0.6232705,-1.46,0.07571126,1.589276
961,-0.4211572,-1.459734,0.06714337,1.520758
962,-0.4723312,-1.459993,0.08245701,1.53671
963,-0.4723351,-1.459994,0.08245447,1.536711
964,-0.4211553,-1.459734,0.06713773,1.520758
965,-0.4477438,-1.46,-0.003721557,1.527118
966,1.254977,-1.149398,-1.333058,2.161741
967,1.226353,-1.110544,-1.353775,2.137745
968,1.225937,-1.100126,-1.398989,2.161103
969,1.229255,-1.181982,-1.343348,2.170883
970,1.279484,-1.122552,-1.347214,2.170758
971,1.284645,-1.186013,-1.319068,2.190178
972,1.279603,-1.143213,-1.386843,2.206276
973,1.204584,-1.107901,-1.30241,2.091588
974,1.204594,-1.107908,-1.302394,2.091587
975,1.204333,-1.146086,-1.369776,2.154116
976,0.1316921,-1.143,-1.315512,1.747674
977,0.1351174,-1.150456,-1.395732,1.813801
978,0.2014177,-1.169834,-1.395365,1.831973
979,0.1685759,-1.176805,-1.403216,1.839104
980,0.1691438,-1.186616,-1.325689,1.78721
981,0.2021884,-1.125801,-1.317511,1.744747
982,0.1386878,-1.166311,-1.354816,1.793054
983,0.1470698,-1.127612,-1.333434,1.752479
984,0.1951187,-1.106203,-1.392212,1.788857
985,0.1835546,-1.115011,-1.36859,1.774818
986,-0.9451144,-1.113009,-1.353658,1.991085
987,-0.8925901,-1.15459,-1.29834,1.953326
988,-0.9251425,-1.195038,-1.377263,2.044715
989,-0.9691998,-1.21058,-1.313915,2.032542
990,0.7790685,-0.2279159,-1.459692,1.670208
991,0.7795947,-0.277521,-1.459397,1.677685
992,0.7350358,-0.2043009,-1.459395,1.64677
993,0.7795665,-0.2775267,-1.459394,1.67767
994,0.7790576,-0.2279038,-1.459555,1.670081
995,0.7350459,-0.2043013,-1.459388,1.646768
996,-1.457827,-0.2563267,-1.458448,2.077988
997,-1.457826,-0.256335,-1.458482,2.078012
998,1.205502,-0.9430026,-0.9962631,1.826206
999,1.205509,-0.9429992,-0.9962671,1.826211
1000,1.253604,-0.9317198,-0.9615317,1.834167
1001,1.289043,-0.980864,-0.948376,1.877004
1002,1.273287,-0.9862493,-0.9610901,1.875538
1003,1.218531,-0.9538949,-0.9107941,1.795628
1004,1.298878,-0.9018696,-0.9889687,1.865077
1005,1.22591,-0.9264648,-0.9123756,1.787071
1006,1.253596,-0.9317321,-0.9615281,1.834166
1007,1.217386,-0.9910852,-0.9462408,1.832935
1008,0.1203187,-0.9081233,-0.9263619,1.302809
1009,0.1912418,-0.9353623,-0.9322419,1.334373
1010,0.1560189,-0.9485753,-0.9088244,1.322913
1011,0.1351453,-0.982859,-0.9721153,1.388987
1012,0.1351369,-0.9828629,-0.9721122,1.388987
1013,-1.002149,-0.9538,-1.00274,1.708662
1014,-0.9632028,-0.9149395,-0.899291,1.604244
1015,-0.9276198,-0.9820502,-0.961911,1.658365
1016,-0.9162824,-0.8917665,-0.9786898,1.610172
1017,1.286109,-0.774623,-0.5546856,1.60056
1018,1.232831,-0.7909089,-0.5741084,1.573216
1019,1.286128,-0.774599,-0.554718,1.600575
1020,-0.9046986,-0.767587,-0.5718372,1.317068
1021,0.6277443,-1.459951,-0.08220182,1.591313
1022,0.6177099,-1.459641,-0.0828665,1.587131
1023,0.682662,-1.46,-0.03373632,1.612069
1024,0.6342336,-1.46,-0.03315248,1.592153
1025,0.6342391,-1.46,-0.03315206,1.592155
1026,0.6951389,-1.46,-0.03080472,1.617333
1027,0.6827579,-1.46,-0.08930886,1.614229
1028,0.6827465,-1.46,-0.08930039,1.614223
1029,-0.482584,-1.46,-0.004139534,1.537695
1030,-0.4512742,-1.46,-0.08041299,1.530266
1031,-0.4467508,-1.46,-0.08244438,1.529047
1032,1.219651,-1.184163,-1.46,2.240846
1033,1.295303,-1.137626,-1.46,2.259115
1034,1.252784,-1.105004,-1.403203,2.181623
1035,1.295311,-1.137638,-1.46,2.259126
1036,1.236661,-1.115079,-1.46,2.214572
1037,1.238942,-1.16819,-1.401331,2.205306
1038,1.24171,-1.10639,-1.46,2.213039
1039,1.287093,-1.171237,-1.403191,2.235476
1040,1.259141,-1.158487,-1.46,2.249251
1041,1.219651,-1.184139,-1.46,2.240833
1042,0.1257044,-1.142555,-1.46,1.85818
1043,0.1301913,-1.104968,-1.402944,1.790574
1044,0.1142479,-1.1083,-1.46,1.836568
1045,0.1895461,-1.141137,-1.46,1.862719
1046,0.1357687,-1.183671,-1.46,1.884439
1047,0.1822697,-1.202555,-1.46,1.900253
1048,0.1822507,-1.20253,-1.46,1.900235
1049,0.1648407,-1.149499,-1.46,1.865508
1050,0.2048822,-1.116163,-1.46,1.849161
1051,-0.9926122,-1.19346,-1.421351,2.104725
1052,-0.9157175,-1.150057,-1.46,2.0719
1053,-0.9684691,-1.156121,-1.46,2.099083
1054,1.246162,-0.9022645,-1.079833,1.879638
1055,1.262702,-0.9244675,-1.029721,1.873335
1056,1.227277,-0.9770656,-1.079635,1.904331
1057,1.28365,-0.9598503,-1.021044,1.900421
1058,1.238175,-0.944746,-1.054773,1.881002
1059,1.296833,-0.9461244,-1.08378,1.936881
1060,0.1244018,-0.9194322,-1.041533,1.394855
1061,-0.9092227,-0.9573535,-1.068733,1.698647
1062,1.205552,-0.7478882,-0.6797159,1.57312
1063,1.240307,-0.7611499,-0.627942,1.584936
1064,1.297463,-0.7909247,-0.6198463,1.641091
1065,1.266264,-0.7494764,-0.6293312,1.600374
1066,1.207158,-0.7802027,-0.6366076,1.57201
1067,1.292305,-0.7260541,-0.6689289,1.626245
1068,1.205569,-0.7478861,-0.6796901,1.573121
1069,1.30015,-0.73319,-0.616669,1.615004
1070,1.25937,-0.7710242,-0.6848426,1.627729
1071,0.6451079,-1.46,-0.1371681,1.602055
1072,0.6451129,-1.46,-0.1371719,1.602057
1073,0.6678477,-1.46,-0.1831787,1.615913
1074,0.6678377,-1.46,-0.1831663,1.615908
1075,-0.4735438,-1.429932,-0.1645592,1.515266
1076,1.263709,-0.9252775,-1.178519,1.960103
1077,1.265281,-0.9652944,-1.103934,1.936853
1078,1.239127,-0.988623,-1.168844,1.969519
1079,1.23913,-0.9886308,-1.168839,1.969522
1080,1.210792,-0.9344776,-1.1821,1.933035
1081,1.222572,-0.9231362,-1.12694,1.901804
1082,1.263703,-0.9252745,-1.178515,1.960096
1083,1.224826,-0.9176244,-1.125169,1.899536
1084,1.291071,-0.9170059,-1.117645,1.938271
1085,1.292675,-0.974558,-1.133127,1.976043
1086,0.1716239,-0.9400554,-1.119912,1.472196
1087,0.1987312,-0.9722786,-1.151018,1.519758
1088,-0.9162751,-0.9326823,-1.139354,1.734239
1089,1.242889,-0.7553175,-0.776974,1.648929
1090,1.29765,-0.7132896,-0.7751972,1.671409
1091,1.220065,-0.789642,-0.7795379,1.649173
1092,1.257851,-0.7413491,-0.7387905,1.636337
1093,1.225075,-0.7459862,-0.7147458,1.60255
1094,1.265729,-0.7832228,-0.7475054,1.665615
1095,-0.9481618,-0.7965469,-0.7612288,1.453605
1096,0.612613,-1.46,-0.2503832,1.602993
1097,0.6126301,-1.46,-0.2504297,1.603007
1098,0.6706806,-1.46,-0.279053,1.630731
1099,0.6706972,-1.46,-0.279088,1.630744
1100,0.6233504,-1.46,-0.2040073,1.600558
1101,0.7012702,-1.46,-0.2319953,1.636216
1102,0.649421,-1.46,-0.2262273,1.613855
1103,0.7012325,-1.46,-0.2319708,1.636196
1104,0.6217222,-1.407076,-0.2059358,1.552035
1105,-0.4785542,-1.46,-0.2723447,1.56038
1106,1.234651,-0.9851656,-1.24838,2.013298
1107,1.28868,-0.9839758,-1.205797,2.020607
1108,1.253859,-0.978054,-1.260917,2.029449
1109,1.234045,-0.9512312,-1.2221,1.980211
1110,1.266077,-0.9238545,-1.254096,2.00729
1111,1.266074,-0.9238546,-1.254066,2.00727
1112,1.217168,-0.8992773,-1.273565,1.97792
1113,1.203888,-0.9218792,-1.297192,1.995473
1114,0.1821531,-0.9976108,-1.267579,1.623319
1115,0.1060195,-0.9397253,-1.283345,1.594145
1116,0.1328856,-0.9246809,-1.210878,1.529353
1117,0.1328871,-0.9246805,-1.210883,1.529356
1118,0.1908814,-0.9310019,-1.266145,1.583137
1119,0.1869372,-0.9079769,-1.217117,1.529948
1120,0.1819714,-0.9612432,-1.247251,1.585161
1121,-0.9798688,-0.9890038,-1.22652,1.85543
1122,1.283522,-0.78262,-0.8754553,1.739639
1123,1.272162,-0.7599744,-0.8866419,1.726873
1124,1.290496,-0.705707,-0.8783666,1.713164
1125,1.255571,-0.7257754,-0.8167397,1.664413
1126,1.264013,-0.7510481,-0.8386691,1.692681
1127,1.208559,-0.7296112,-0.8261299,1.635677
1128,1.241641,-0.7902725,-0.8129516,1.681396
1129,1.279986,-0.7069168,-0.8429828,1.687814
1130,1.289239,-0.7937216,-0.8364288,1.729666
1131,0.612248,-1.459662,-0.3868034,1.629441
1132,0.6122568,-1.459662,-0.3868177,1.629448
1133,0.6985079,-1.459846,-0.3433496,1.654374
1134,0.6555837,-1.46,-0.360191,1.640466
1135,0.6303545,-1.456483,-0.3070041,1.616459
1136,0.6303682,-1.456483,-0.3070413,1.616472
1137,0.6555763,-1.46,-0.3602009,1.640465
1138,0.6985064,-1.459845,-0.3433394,1.65437
1139,-0.4208368,-1.411085,-0.3506212,1.513671
1140,-0.4649138,-1.46,-0.3808051,1.578847
1141,-0.5073625,-1.412649,-0.3542295,1.542229
1142,-0.4605576,-1.46,-0.3306812,1.566226
1143,1.294172,-0.9049842,-1.305463,2.048929
1144,1.254475,-0.9268594,-1.386728,2.087053
1145,1.243559,-0.9485162,-1.334312,2.055848
1146,1.295667,-0.9891261,-1.363332,2.125041
1147,1.300369,-0.9563916,-1.339696,2.09772
1148,1.230238,-0.9783927,-1.315338,2.049598
1149,1.300612,-0.9273107,-1.397549,2.122414
1150,1.232656,-0.9694757,-1.387129,2.093669
1151,1.234976,-0.9402824,-1.393685,2.086062
1152,1.263068,-0.9214906,-1.327164,2.050817
1153,1.29651,-0.91282,-1.398903,2.1145
1154,0.1134655,-0.9910871,-1.318612,1.65344
1155,0.1970909,-0.9487504,-1.320863,1.638186
1156,0.2037725,-0.986531,-1.306655,1.649883
1157,0.1546265,-0.9074355,-1.347625,1.632006
1158,0.1501398,-0.9534399,-1.294002,1.614321
1159,0.1745222,-0.9619274,-1.385858,1.695985
1160,0.1745272,-0.9619272,-1.38586,1.695987
1161,0.1278778,-0.9301446,-1.387267,1.675121
1162,0.1508211,-0.9974861,-1.335037,1.673335
1163,-0.9761482,-0.9255506,-1.352599,1.907625
1164,-0.9214078,-0.9728943,-1.320908,1.881572
1165,-0.9752538,-0.9035605,-1.297887,1.85797
1166,1.213153,-0.7143568,-0.9084903,1.67553
1167,1.226669,-0.7269371,-0.9540868,1.715644
1168,1.212249,-0.7035735,-0.9793724,1.709893
1169,1.215606,-0.7766497,-0.9115636,1.706409
1170,1.288867,-0.7382194,-0.911316,1.742597
1171,1.265079,-0.7193477,-0.9863427,1.758055
1172,1.261159,-0.7639013,-0.9507993,1.754448
1173,1.220169,-0.78772,-0.9646884,1.743542
1174,1.213151,-0.7143601,-0.9084959,1.675533
1175,1.2156,-0.7766555,-0.9115613,1.706406
1176,1.270712,-0.7956023,-0.9523616,1.776143
1177,-0.9191559,-0.7949972,-0.9491282,1.541983
1178,0.6309502,-1.46,-0.4528333,1.65371
1179,0.6983852,-1.46,-0.4793598,1.687936
1180,0.698366,-1.46,-0.4793947,1.687938
1181,0.6309303,-1.46,-0.452819,1.653698
1182,0.6714825,-1.46,-0.4199354,1.660974
1183,0.6714725,-1.46,-0.419915,1.660965
1184,-0.4674233,-1.46,-0.4657246,1.602181
1185,-0.407446,-1.46,-0.4152943,1.571649
1186,0.6147964,-1.271286,-0.08954526,1.414978
1187,0.6146441,-1.270065,-0.0893778,1.413803
1188,1.243568,-0.9715151,-1.46,2.149861
1189,1.286102,-0.9470374,-1.46,2.163918
1190,1.275907,-0.9231176,-1.46,2.147483
1191,1.224199,-0.9119313,-1.46,2.112317
1192,1.260195,-0.9866893,-1.46,2.166391
1193,1.212983,-0.9809864,-1.46,2.136647
1194,1.224174,-0.9119381,-1.46,2.112305
1195,0.1189727,-0.990236,-1.46,1.768141
1196,0.1786549,-0.9057558,-1.46,1.7274
1197,0.1862613,-0.9798564,-1.46,1.768166
1198,0.1786406,-0.9058872,-1.46,1.727468
1199,0.1701089,-0.9580848,-1.46,1.754555
1200,0.1326179,-0.9297302,-1.46,1.735968
1201,-0.9091716,-0.967166,-1.46,1.973222
1202,-0.9437065,-0.9602922,-1.46,1.986037
1203,1.292451,-0.7450668,-1.003356,1.797854
1204,1.290479,-0.7071318,-1.088688,1.830468
1205,1.250052,-0.7124493,-1.054764,1.784024
1206,1.204545,-0.7603167,-1.061123,1.77623
1207,1.280588,-0.7024666,-1.03181,1.788294
1208,1.273539,-0.7679467,-1.055486,1.823649
1209,1.273538,-0.7679534,-1.05549,1.823653
1210,1.213368,-0.7447743,-1.012923,1.747273
1211,1.204071,-0.7330976,-1.074847,1.772714
1212,1.243842,-0.7934223,-1.090203,1.834449
1213,-0.9736278,-0.7139931,-1.0081,1.572896
1214,0.6187543,-1.46,-0.5468132,1.677338
1215,0.6187655,-1.46,-0.5468217,1.677345
1216,0.6582094,-1.46,-0.5922771,1.707522
1217,0.690322,-1.46,-0.5470892,1.705125
1218,0.6582025,-1.46,-0.5922602,1.707514
1219,0.6566944,-1.46,-0.5091093,1.679893
1220,0.6566955,-1.46,-0.509119,1.679896
1221,0.6974542,-1.46,-0.5620661,1.712881
1222,-0.4969205,-1.46,-0.5501643,1.63744
1223,-0.4164445,-1.46,-0.5150946,1.603231
1224,-0.4429349,-1.46,-0.587393,1.634877
1225,1.200287,-0.7743776,-1.128625,1.820479
1226,1.249038,-0.7031202,-1.099321,1.806372
1227,1.202166,-0.7254989,-1.135301,1.805675
1228,1.262183,-0.7520569,-1.144906,1.86266
1229,1.202171,-0.7254983,-1.135293,1.805673
1230,1.205652,-0.7153255,-1.197519,1.843729
1231,1.269749,-0.6986198,-1.167956,1.861305
1232,1.273595,-0.7420694,-1.128879,1.856631
1233,1.231282,-0.7846747,-1.132489,1.847783
1234,1.236844,-0.7854321,-1.188986,1.886895
1235,1.205647,-0.7153267,-1.197525,1.843731
1236,1.233633,-0.7820548,-1.195403,1.887445
1237,-0.9591382,-0.7193207,-1.115415,1.637534
1238,0.6112808,-1.46,-0.6104658,1.696447
1239,0.6173158,-1.46,-0.6759085,1.723233
1240,0.6112798,-1.46,-0.6104671,1.696447
1241,0.7095181,-1.46,-0.6941009,1.765444
1242,0.6529382,-1.46,-0.6607624,1.730473
1243,0.6529183,-1.46,-0.6607599,1.730464
1244,0.6921796,-1.46,-0.6357579,1.736347
1245,0.7067264,-1.46,-0.6681985,1.754295
1246,-0.4271631,-1.46,-0.6827855,1.667413
1247,-0.4049453,-1.419443,-0.6896338,1.629231
1248,-0.4736504,-1.46,-0.6479091,1.666053
1249,-0.4942786,-1.409268,-0.6470053,1.627564
1250,-0.4940412,-1.232933,-0.2851225,1.35849
1251,-0.4236556,-1.271887,-0.2448622,1.362768
1252,1.25666,-0.7371008,-1.210401,1.894092
1253,1.290012,-0.7486387,-1.200615,1.914698
1254,1.220545,-0.7444003,-1.255898,1.90293
1255,1.265455,-0.7844285,-1.251196,1.944787
1256,1.269606,-0.7275997,-1.296212,1.954857
1257,1.269587,-0.72756,-1.296252,1.954857
1258,1.298688,-0.7637513,-1.236257,1.948907
1259,1.262001,-0.7924496,-1.275246,1.961345
1260,0.1723012,-0.7933995,-1.290044,1.524265
1261,-0.9782387,-0.7792093,-1.186574,1.723971
1262,-0.9411556,-0.7977235,-1.300478,1.79259
1263,0.6668181,-1.46,-0.7240381,1.760817
1264,0.6531203,-1.46,-0.7232495,1.755351
1265,0.6770379,-1.46,-0.7568187,1.778414
1266,0.7107236,-1.46,-0.7180494,1.775478
1267,-0.5011421,-1.46,-0.7567928,1.719151
1268,-0.4840497,-1.46,-0.7088688,1.693635
1269,-0.4177561,-1.421045,-0.7877496,1.677629
1270,-0.4424379,-1.46,-0.7830126,1.714777
1271,-0.4384301,-1.46,-0.7364115,1.692963
1272,-0.4171774,-1.246935,-0.3610067,1.363529
1273,1.219734,-0.7596896,-1.310907,1.945085
1274,1.276356,-0.7818691,-1.394443,2.045697
1275,1.293861,-0.788631,-1.395868,2.06021
1276,1.24339,-0.7345088,-1.389132,2.003799
1277,1.221172,-0.7352421,-1.343459,1.958756
1278,1.248109,-0.7772449,-1.335062,1.98602
1279,1.243402,-0.7345086,-1.389139,2.003811
1280,1.289971,-0.7746885,-1.325308,2.005146
1281,0.1324829,-0.7535046,-1.351212,1.55277
1282,0.1690191,-0.7808141,-1.361732,1.578782
1283,0.1194959,-0.7452329,-1.378483,1.571581
1284,0.1169552,-0.7746255,-1.295585,1.514022
1285,0.1169655,-0.7746244,-1.295584,1.514022
1286,0.6975535,-1.46,-0.8395314,1.822908
1287,0.6461313,-1.46,-0.8631217,1.814956
1288,0.6461422,-1.46,-0.8631157,1.814957
1289,0.6585925,-1.46,-0.798499,1.789677
1290,0.6585914,-1.46,-0.7985136,1.789683
1291,0.6847396,-1.46,-0.896198,1.844895
1292,0.6975434,-1.46,-0.8395466,1.822911
1293,-0.4685504,-1.46,-0.8461968,1.751339
1294,-0.4568022,-1.46,-0.8359692,1.743305
1295,-0.3954273,-1.46,-0.8787698,1.749342
1296,1.293533,-0.5841593,-0.9395552,1.702126
1297,1.293532,-0.5841587,-0.9395628,1.70213
1298,-0.4833141,-1.234964,-0.4854704,1.412236
1299,1.243718,-0.7667879,-1.46,2.065526
1300,1.20663,-0.7447627,-1.46,2.035246
1301,1.29142,-0.7426839,-1.46,2.085892
1302,1.290605,-0.7900329,-1.46,2.102716
1303,1.244059,-0.7226273,-1.46,2.049749
1304,1.26521,-0.7036845,-1.46,2.056095
1305,1.260803,-0.79352,-1.46,2.085881
1306,0.1177204,-0.7884601,-1.46,1.663468
1307,0.181408,-0.781831,-1.46,1.666064
1308,0.1638184,-0.7203114,-1.459976,1.63622
1309,0.1638262,-0.7203238,-1.46,1.636247
1310,0.1304053,-0.6974457,-1.459583,1.622904
1311,0.2065573,-0.7497429,-1.459745,1.653975
1312,0.1304043,-0.6974506,-1.459868,1.623162
1313,-0.9761671,-0.8051887,-1.46,1.932054
1314,-0.9663339,-0.7665172,-1.394371,1.861618
1315,-0.9261965,-0.7225267,-1.46,1.873896
1316,0.643409,-1.46,-0.9534367,1.85866
1317,0.6904426,-1.46,-0.9917226,1.895211
1318,0.6993622,-1.46,-0.9188444,1.861446
1319,0.6535342,-1.46,-0.9136867,1.842154
1320,0.6586925,-1.46,-0.955496,1.86506
1321,0.6904389,-1.46,-0.991726,1.895211
1322,0.710313,-1.46,-0.9426283,1.877416
1323,-0.5029662,-1.46,-0.9012268,1.787956
1324,-0.4407951,-1.46,-0.9155629,1.778807
1325,-0.4804587,-1.46,-0.9641653,1.814402
1326,-0.4375582,-1.46,-0.9942721,1.81979
1327,1.223786,-0.5741106,-1.038892,1.704862
1328,1.223779,-0.5741187,-1.038889,1.704857
1329,1.272283,-0.5439792,-1.063099,1.744935
1330,1.258325,-0.5822251,-1.038446,1.732264
1331,1.208519,-0.591357,-1.089917,1.731514
1332,-0.9665858,-0.5432941,-1.081572,1.548953
1333,0.7070842,-1.251276,-0.5792704,1.549585
1334,0.7070786,-1.251276,-0.5792656,1.549581
1335,0.6501684,-1.262794,-0.5578153,1.525951
1336,0.6539208,-1.262455,-0.5573821,1.527115
1337,-0.4174796,-1.224047,-0.5836039,1.418863
1338,0.6330827,-1.46,-1.015356,1.887682
1339,0.633057,-1.46,-1.015327,1.887658
1340,0.6280012,-1.46,-1.075762,1.919179
1341,0.6771523,-1.46,-1.050545,1.921921
1342,0.6771547,-1.46,-1.050545,1.921921
1343,0.6354246,-1.46,-1.081133,1.924634
1344,-0.4688903,-1.46,-1.048427,1.857595
1345,-0.4056653,-1.4212,-1.057327,1.817227
1346,1.275319,-0.5068163,-1.124756,1.774367
1347,1.268366,-0.5689096,-1.136383,1.795488
1348,1.236103,-0.5493317,-1.122302,1.757634
1349,1.243019,-0.5777109,-1.182386,1.810216
1350,1.236366,-0.5285859,-1.186129,1.793016
1351,1.253675,-0.5199255,-1.172868,1.793779
1352,1.252672,-0.551101,-1.100119,1.755893
1353,1.275317,-0.5068175,-1.124748,1.774361
1354,1.22472,-0.588788,-1.168954,1.792502
1355,0.6302642,-1.250099,-0.6180815,1.530361
1356,0.6702265,-1.234358,-0.6447673,1.545499
1357,0.6455722,-1.27125,-0.6904866,1.584176
1358,0.691763,-1.225819,-0.6893352,1.567275
1359,0.701431,-1.238651,-0.6270505,1.555459
1360,0.6749128,-1.221785,-0.6737217,1.549892
1361,0.6349047,-1.221006,-0.6859139,1.537673
1362,0.6302637,-1.250101,-0.6180718,1.530359
1363,-0.41242,-1.272208,-0.6904238,1.505088
1364,-0.4757296,-1.209217,-0.6589257,1.456951
1365,-0.4406314,-1.032848,-0.2648302,1.153718
1366,-0.4153775,-1.008329,-0.2108257,1.110727
1367,0.6142848,-1.46,-1.17914,1.974669
1368,0.6991271,-1.46,-1.101759,1.958125
1369,0.6659286,-1.46,-1.185163,1.994912
1370,0.6517166,-1.46,-1.130914,1.958392
1371,0.6991591,-1.46,-1.10176,1.958137
1372,0.6517133,-1.46,-1.130958,1.958417
1373,0.6918784,-1.46,-1.165176,1.991967
1374,-0.5015346,-1.46,-1.116052,1.904917
1375,-0.4251894,-1.46,-1.113486,1.884738
1376,1.258252,-0.5595281,-1.259773,1.866359
1377,1.216524,-0.5623344,-1.267402,1.844575
1378,1.266423,-0.5452216,-1.222392,1.842644
1379,1.251157,-0.532121,-1.251763,1.848096
1380,0.6195636,-1.248621,-0.7784303,1.596518
1381,0.6135736,-1.207663,-0.7004953,1.524997
1382,0.6603793,-1.199309,-0.7554129,1.563679
1383,0.6692121,-1.279124,-0.7912576,1.646236
1384,0.6604206,-1.199322,-0.7553805,1.56369
1385,0.6993794,-1.286823,-0.7409378,1.641351
1386,0.6558918,-1.257462,-0.7407938,1.600057
1387,0.6177511,-1.21664,-0.7357804,1.550227
1388,-0.4948049,-1.250026,-0.7470031,1.537989
1389,-0.4171362,-1.215107,-0.7461099,1.485654
1390,-0.4797114,-1.031994,-0.3627451,1.194454
1391,-0.3927201,-1.048237,-0.3696722,1.17885
1392,-0.4775012,-1.1097,-0.3422983,1.255631
1393,0.6561252,-1.46,-1.234613,2.021477
1394,0.7086334,-1.46,-1.218594,2.029466
1395,0.7086658,-1.46,-1.218667,2.029521
1396,0.6921916,-1.46,-1.273393,2.057246
1397,0.6632229,-1.46,-1.28583,2.055438
1398,0.6459414,-1.46,-1.258007,2.03259
1399,0.6453098,-1.46,-1.204012,1.999418
1400,-0.4636554,-1.46,-1.194076,1.942265
1401,-0.4048539,-1.46,-1.269232,1.976476
1402,-0.4928452,-1.46,-1.285435,2.006699
1403,1.279643,-0.5893726,-1.388084,1.977782
1404,1.279664,-0.5893808,-1.388091,1.977803
1405,1.244952,-0.5013678,-1.321938,1.883824
1406,1.202075,-0.5432035,-1.326612,1.870817
1407,1.253021,-0.5185646,-1.381357,1.935748
1408,1.276235,-0.5362332,-1.386407,1.959195
1409,1.275886,-0.5648793,-1.335603,1.93153
1410,1.216944,-0.5183585,-1.303967,1.857412
1411,1.231397,-0.5480247,-1.381189,1.929858
1412,1.278609,-0.5308114,-1.316493,1.910433
1413,1.248853,-0.5649676,-1.317776,1.901409
1414,-0.9322209,-0.5401629,-1.381381,1.751863
1415,0.6141576,-1.245214,-0.8904713,1.64945
1416,0.6141676,-1.245216,-0.8904623,1.649451
1417,0.6718618,-1.210905,-0.8739588,1.637527
1418,0.6770459,-1.233224,-0.8044287,1.620598
1419,0.628104,-1.239352,-0.8145093,1.61057
1420,0.628153,-1.289565,-0.8379199,1.661223
1421,0.6621059,-1.241831,-0.8437492,1.640866
1422,-0.44714,-1.221631,-0.8807187,1.570981
1423,-0.4628179,-1.262156,-0.8066134,1.567757
1424,-0.4198807,-1.018458,-0.4613175,1.194307
1425,-0.4687371,-1.07247,-0.4496734,1.253839
1426,0.6144964,-1.46,-1.397745,2.112557
1427,0.6320926,-1.46,-1.32538,2.070694
1428,0.681989,-1.46,-1.336692,2.09367
1429,0.6142828,-1.46,-1.39096,2.108011
1430,0.6632674,-1.46,-1.394717,2.125267
1431,0.7042711,-1.46,-1.386939,2.133354
1432,0.6888514,-1.46,-1.331839,2.092824
1433,0.658026,-1.46,-1.394977,2.123808
1434,0.6377116,-1.46,-1.340364,2.082031
1435,-0.4294776,-1.46,-1.373186,2.049803
1436,-0.4938664,-1.46,-1.360315,2.055714
1437,-0.4133168,-1.46,-1.40094,2.065203
1438,1.222136,-0.5477054,-1.46,1.981211
1439,1.278178,-0.584955,-1.46,2.0267
1440,1.272288,-0.5202544,-1.46,2.005239
1441,1.279134,-0.5331585,-1.46,2.012968
1442,1.278151,-0.584986,-1.46,2.026691
1443,1.22214,-0.5477116,-1.46,1.981215
1444,0.6345342,-1.205483,-0.9346325,1.652077
1445,0.6345407,-1.205485,-0.9346373,1.652084
1446,0.6339392,-1.24958,-0.9990422,1.720876
1447,0.695505,-1.208069,-0.9921987,1.711028
1448,0.678195,-1.248564,-0.9075176,1.685956
1449,0.6462164,-1.278493,-0.9613574,1.72521
1450,0.6781917,-1.248562,-0.907512,1.685951
1451,0.6600583,-1.218492,-0.998023,1.707761
1452,0.6760023,-1.247455,-0.968277,1.717755
1453,-0.4999456,-1.242331,-0.8972751,1.611966
1454,-0.4711511,-1.061347,-0.5473966,1.283777
1455,0.6167433,-1.46,-1.46,2.154895
1456,0.696655,-1.46,-1.46,2.179112
1457,0.6966477,-1.46,-1.46,2.17911
1458,0.6565382,-1.46,-1.46,2.16662
1459,0.6167216,-1.46,-1.46,2.154889
1460,0.6565451,-1.46,-1.46,2.166622
1461,-0.496589,-1.427706,-1.46,2.101558
1462,-0.4466417,-1.46,-1.46,2.112508
1463,-0.4416499,-1.425966,-1.46,2.088069
1464,-0.4920206,-1.46,-1.46,2.122566
1465,-0.4105279,-1.46,-1.46,2.105168
1466,-0.4660262,-1.453307,-1.433695,2.093982
1467,0.6110315,-1.213678,-1.012646,1.694646
1468,0.6727815,-1.253544,-1.052142,1.769466
1469,0.7084492,-1.204159,-1.057641,1.752285
1470,0.6728102,-1.253547,-1.05214,1.769478
1471,0.6217063,-1.198203,-1.044487,1.706799
1472,-0.4917267,-1.297222,-1.043557,1.73597
1473,-0.4199531,-1.226234,-1.091397,1.694449
1474,-0.4861555,-1.223811,-1.007799,1.658227
1475,-0.4570081,-0.9980516,-0.627852,1.26458
1476,0.6150987,-1.244048,-1.169226,1.814687
1477,0.6151101,-1.244054,-1.169224,1.814695
1478,0.6490648,-1.234677,-1.110935,1.783224
1479,0.6980987,-1.228951,-1.153208,1.824158
1480,0.6578511,-1.282917,-1.171243,1.85754
1481,0.6490586,-1.234675,-1.110937,1.783222
1482,0.6798711,-1.240852,-1.172728,1.837724
1483,-0.4122737,-1.289743,-1.148755,1.775681
1484,1.167029,-1.313661,0.6424855,1.870949
1485,-0.4324621,-1.011915,-0.7856227,1.352109
1486,-0.4871941,-1.103901,-0.7612439,1.426691
1487,-0.4162345,-1.071224,-0.7167929,1.354461
1488,0.6555893,-1.206384,-1.290346,1.884185
1489,0.6416394,-1.222893,-1.215214,1.839542
1490,0.6462466,-1.249363,-1.267084,1.893157
1491,0.6821694,-1.250232,-1.264688,1.904697
1492,0.6291546,-1.244938,-1.226229,1.857241
1493,0.7027379,-1.229724,-1.294927,1.919087
1494,0.6823313,-1.242611,-1.219151,1.869756
1495,0.6212459,-1.249134,-1.29863,1.90597
1496,-0.4768647,-1.265993,-1.263417,1.851043
1497,1.2746,-0.3909302,-1.363838,1.907219
1498,1.274605,-0.3909313,-1.363831,1.907218
1499,-0.4956569,-1.105159,-0.8938781,1.505347
1500,-0.4292907,-1.074285,-0.8156046,1.415482
1501,-0.4102232,-1.034396,-0.8643427,1.409023
1502,-0.4731089,-0.8496953,-0.4504118,1.071767
1503,0.6177345,-1.199395,-1.325064,1.891015
1504,0.6619291,-1.246587,-1.33333,1.941623
1505,0.6647893,-1.255923,-1.388961,1.987083
1506,0.6473311,-1.199375,-1.388599,1.945699
1507,0.6897582,-1.217534,-1.387605,1.970686
1508,0.6967662,-1.246091,-1.334924,1.954545
1509,0.638985,-1.246498,-1.390291,1.973567
1510,0.7061955,-1.247975,-1.387396,1.99525
1511,-0.4229869,-1.267451,-1.318997,1.877525
1512,-0.4746482,-1.220582,-1.369386,1.894816
1513,1.273442,-0.3033989,-1.459631,1.96067
1514,1.280075,-0.3695221,-1.459922,1.97649
1515,1.211886,-0.3838353,-1.459864,1.935768
1516,1.239816,-0.3355881,-1.459827,1.944443
1517,1.285476,-0.356704,-1.459873,1.977603
1518,1.220187,-0.3465202,-1.459796,1.933892
1519,1.273435,-0.303414,-1.459625,1.960663
1520,1.137496,-1.37895,0.4300588,1.838573
1521,1.172024,-1.327714,0.4178843,1.819641
1522,1.130498,-1.370612,0.4380487,1.829888
1523,1.1375,-1.378939,0.4300558,1.838567
1524,-0.4578255,-1.094749,-0.9692065,1.532136
1525,-0.4497614,-1.022735,-0.9368691,1.45808
1526,-0.4494511,-0.8798823,-0.5289049,1.120687
1527,0.6783534,-1.261193,-1.46,2.045085
1528,0.6174077,-1.245751,-1.46,2.016107
1529,0.662512,-1.254297,-1.46,2.035629
1530,-0.4891037,-1.291393,-1.46,2.009606
1531,-0.4711135,-1.269044,-1.46,1.990985
1532,-0.3928631,-1.208561,-1.46,1.935604
1533,-0.4385771,-1.294187,-1.412811,1.965529
1534,-0.4406679,-1.299837,-1.407269,1.965749
1535,-0.4371217,-1.244871,-1.46,1.967836
1536,-0.4182085,-1.302943,-1.46,2.00104
1537,1.119965,-1.35964,0.3369718,1.793459
1538,1.197986,-1.37377,0.3539469,1.856796
1539,1.11996,-1.359636,0.3369717,1.793452
1540,1.197989,-1.373771,0.3539396,1.856798
1541,1.186359,-1.37224,0.4011949,1.857807
1542,1.160175,-1.347543,0.3239142,1.807429
1543,1.186364,-1.372242,0.4011896,1.85781
1544,0.05607082,-1.387145,0.3986341,1.444377
1545,0.05608667,-1.387147,0.3986306,1.444378
1546,0.0560599,-1.387147,0.3986349,1.444378
1547,0.6481165,-1.078165,-1.065079,1.648299
1548,0.7004181,-1.084765,-1.063124,1.672583
1549,0.6954498,-1.073837,-1.09433,1.683548
1550,0.6481172,-1.078163,-1.065083,1.6483
1551,0.6942201,-1.096747,-1.017756,1.649431
1552,-0.492972,-1.082587,-1.040115,1.580144
1553,-0.4097293,-0.8916887,-0.6412479,1.172257
1554,1.1862,-1.375447,0.2549658,1.834102
1555,1.189063,-1.377956,0.2319631,1.834787
1556,1.137733,-1.351097,0.2246697,1.780555
1557,1.137729,-1.351097,0.224674,1.780553
1558,1.102081,-1.361979,0.2679523,1.77239
1559,1.177831,-1.346893,0.2898878,1.812579
1560,1.162212,-1.351574,0.2891558,1.805851
1561,1.102035,-1.361986,0.2679556,1.772368
1562,-1.007568,-1.351253,0.2477874,1.703666
1563,-1.063243,-1.380736,0.2866207,1.766089
1564,-1.063244,-1.380731,0.2866216,1.766086
1565,-1.096711,-1.37571,0.2314019,1.774515
1566,-1.096715,-1.375704,0.2314053,1.774512
1567,0.6857751,-1.045512,-1.190692,1.726595
1568,0.6344124,-1.067176,-1.171912,1.707255
1569,0.6563425,-1.065273,-1.113297,1.67482
1570,0.6857644,-1.045513,-1.1907,1.726597
1571,0.701782,-1.056966,-1.157399,1.717337
1572,0.6436504,-1.066697,-1.117887,1.673858
1573,-0.4272398,-1.035538,-1.165692,1.616698
1574,-0.4630655,-0.8167704,-0.728075,1.188123
1575,1.125632,-1.364293,0.1808885,1.777938
1576,1.139257,-1.302172,0.1620677,1.737764
1577,1.182551,-1.374758,0.2016554,1.824569
1578,1.190608,-1.380841,0.1563575,1.82995
1579,1.098636,-1.357079,0.1786685,1.75516
1580,1.139262,-1.302171,0.1620617,1.737766
1581,1.176005,-1.377814,0.1687331,1.819294
1582,1.139266,-1.302168,0.1620683,1.737767
1583,1.163604,-1.37771,0.1147546,1.806994
1584,1.163616,-1.377724,0.1147443,1.807012
1585,1.1976,-1.316733,0.1364517,1.78512
1586,1.197601,-1.316718,0.1364453,1.785108
1587,-1.014708,-1.368373,0.1153205,1.707447
1588,-1.016469,-1.366893,0.1156299,1.70733
1589,0.6317649,-1.024366,-1.240563,1.728424
1590,0.7018602,-1.019992,-1.268586,1.772654
1591,0.7018673,-1.019995,-1.268581,1.772655
1592,0.6636799,-1.057002,-1.230467,1.752648
1593,0.6885632,-1.068006,-1.279372,1.803205
1594,0.6514294,-1.014454,-1.277478,1.756539
1595,0.6223138,-1.010563,-1.282277,1.747211
1596,0.609914,-1.02869,-1.236273,1.720049
1597,-0.4186628,-1.061981,-1.233037,1.680316
1598,-0.4033798,-0.8671076,-0.8574523,1.284451
1599,-0.4150748,-0.8073449,-0.8184364,1.222265
1600,-0.4902489,-0.8046203,-0.8636827,1.278165
1601,-0.4622481,-0.8914107,-0.7997264,1.283686
1602,1.110669,-1.373067,0.07716197,1.767725
1603,1.161047,-1.382329,0.03182535,1.805513
1604,1.161049,-1.382338,0.03182166,1.805521
1605,1.151669,-1.306505,0.05413331,1.742477
1606,1.151664,-1.306507,0.05413571,1.742476
1607,1.151675,-1.306501,0.05414032,1.742479
1608,1.1733,-1.372237,0.08253783,1.807341
1609,0.6391389,-1.069947,-1.315869,1.812401
1610,0.6354086,-1.061185,-1.38573,1.857446
1611,0.6494412,-1.002658,-1.384519,1.828658
1612,0.6391287,-1.069948,-1.315872,1.8124
1613,0.6660097,-1.050061,-1.370953,1.850868
1614,0.6831728,-1.033598,-1.319759,1.810197
1615,0.6169412,-1.042048,-1.384482,1.839367
1616,-0.4867094,-1.047895,-1.324094,1.757326
1617,1.212921,-0.100171,-1.459745,1.900544
1618,1.286024,-0.1269105,-1.459887,1.949675
1619,1.237367,-0.1440788,-1.459955,1.919194
1620,1.237382,-0.14409,-1.459744,1.919044
1621,1.212913,-0.100175,-1.459746,1.90054
1622,-0.456992,-0.8239491,-0.9794719,1.35908
1623,1.127937,-1.357065,-0.009632216,1.764641
1624,1.15395,-1.308059,-0.07343106,1.745856
1625,1.137212,-1.380289,-0.01377981,1.788474
1626,1.165071,-1.375123,-0.05523241,1.803165
1627,1.124047,-1.376925,-0.08433077,1.77947
1628,1.124036,-1.37692,-0.08433887,1.77946
1629,1.177376,-1.310339,-0.007628775,1.761607
1630,1.182757,-1.377468,-0.04819879,1.81622
1631,1.18879,-1.37957,-0.0005899438,1.821109
1632,1.177383,-1.310336,-0.007624791,1.76161
1633,1.198946,-1.319305,-0.08709349,1.784831
1634,1.198926,-1.319311,-0.08713738,1.784825
1635,-1.064935,-1.319713,-0.02034814,1.695919
1636,-1.067922,-1.3883,0.0003738803,1.751524
1637,0.6524059,-1.008925,-1.46,1.89081
1638,0.6190546,-1.06379,-1.46,1.909575
1639,0.6991429,-1.09201,-1.46,1.952661
1640,0.6511313,-1.064175,-1.46,1.920427
1641,0.6754098,-1.070564,-1.46,1.932326
1642,0.6726327,-1.015384,-1.46,1.901326
1643,0.6124958,-1.09183,-1.46,1.923238
1644,-0.4902924,-1.026969,-1.46,1.851122
1645,-0.4795422,-1.006159,-1.402176,1.791205
1646,-0.4210502,-1.036961,-1.397025,1.790042
1647,-0.4087639,-1.038539,-1.46,1.83773
1648,-0.4791958,-1.083099,-1.46,1.879982
1649,-0.4688731,-0.873378,-1.068323,1.457376
1650,1.188115,-1.383591,-0.1881885,1.833401
1651,1.166641,-1.313626,-0.14368,1.762755
1652,1.188102,-1.383592,-0.1882051,1.833394
1653,1.144283,-1.370052,-0.1937725,1.795543
1654,1.154575,-1.368271,-0.129887,1.795015
1655,1.156216,-1.312035,-0.17018,1.757052
1656,1.172764,-1.371452,-0.1286007,1.809087
1657,1.118381,-1.374735,-0.1595688,1.779363
1658,0.04005269,-1.343948,-0.1644211,1.354561
1659,-1.02657,-1.399777,-0.1069212,1.739153
1660,-1.026529,-1.399825,-0.1069195,1.739167
1661,-1.022539,-1.329491,-0.08969796,1.679636
1662,-1.022866,-1.329295,-0.08969444,1.67968
1663,-1.033779,-1.319684,-0.1724747,1.685233
1664,-1.085764,-1.365206,-0.1205589,1.748487
1665,-1.034794,-1.396082,-0.1836866,1.747451
1666,1.15374,-1.182676,0.2032529,1.664677
1667,-0.4341858,-0.8665162,-1.165869,1.51612
1668,1.111825,-1.30831,-0.2774538,1.739198
1669,1.115258,-1.346022,-0.2128237,1.760929
1670,1.12918,-1.377007,-0.2696645,1.801087
1671,1.137791,-1.37936,-0.239097,1.803988
1672,1.193847,-1.338305,-0.2468953,1.810328
1673,1.146009,-1.317707,-0.2384148,1.762535
1674,1.171097,-1.379186,-0.2399082,1.825151
1675,1.156562,-1.320975,-0.2751954,1.777173
1676,1.188699,-1.381098,-0.2867946,1.844637
1677,0.01599606,-1.387902,-0.2855543,1.417064
1678,0.01872172,-1.390976,-0.2846409,1.419924
1679,0.04368175,-1.353305,-0.2679865,1.380275
1680,0.06880071,-1.315792,-0.2922063,1.349602
1681,-1.014211,-1.336954,-0.2590921,1.697998
1682,-1.062077,-1.355872,-0.2474281,1.740005
1683,-1.012897,-1.336407,-0.2503033,1.695463
1684,-1.070354,-1.397585,-0.268294,1.780698
1685,-0.4177379,-0.7994251,-1.267787,1.555915
1686,1.179706,-1.38332,-0.367088,1.854733
1687,1.167572,-1.37525,-0.3036678,1.829413
1688,1.127894,-1.379661,-0.3356802,1.813365
1689,1.139087,-1.321891,-0.3840755,1.786737
1690,1.139072,-1.321898,-0.3840702,1.786732
1691,1.127895,-1.379659,-0.3356746,1.813362
1692,1.173099,-1.310278,-0.3433515,1.791893
1693,1.173098,-1.310277,-0.3433668,1.791894
1694,1.179654,-1.383338,-0.3670849,1.854713
1695,0.06283732,-1.380214,-0.3647004,1.428967
1696,0.06042171,-1.32661,-0.4014438,1.387336
1697,-1.056211,-1.348239,-0.3497988,1.748053
1698,-0.9946834,-1.397738,-0.3003459,1.74163
1699,-1.091768,-1.168522,0.08344804,1.601363
1700,-0.4489186,-0.8239728,-1.345578,1.640438
1701,-0.4355591,-0.885614,-1.305172,1.636306
1702,1.194711,-1.389375,-0.4316801,1.882564
1703,1.194706,-1.389376,-0.4316745,1.88256
1704,1.192506,-1.334222,-0.4355131,1.841709
1705,1.17897,-1.384647,-0.4852591,1.882205
1706,1.151327,-1.337744,-0.459714,1.823856
1707,1.136174,-1.384864,-0.4113863,1.837928
1708,1.136186,-1.384865,-0.4113813,1.837934
1709,1.151331,-1.337738,-0.4597104,1.823853
1710,0.05483738,-1.357785,-0.4569337,1.433658
1711,-1.049259,-1.389384,-0.3997888,1.786382
1712,-1.075392,-1.319072,-0.4485132,1.759995
1713,-1.079374,-1.385573,-0.4826536,1.821487
1714,1.194014,-1.185676,-0.08483731,1.684843
1715,-1.029871,-1.123049,-0.0186307,1.523883
1716,-1.050007,-1.131263,0.00525458,1.54347
1717,-1.062375,-1.20227,-0.04233922,1.604957
1718,-1.089105,-1.142193,-0.03675215,1.57864
1719,0.6954218,-0.8628833,-1.459792,1.832804
1720,0.6585343,-0.8851831,-1.45991,1.829905
1721,0.6131977,-0.8737288,-1.459831,1.808458
1722,0.6709526,-0.82814,-1.459666,1.807379
1723,0.621911,-0.8646556,-1.459907,1.807133
1724,0.6437972,-0.8038344,-1.459799,1.786516
1725,0.6253127,-0.8180306,-1.459784,1.786381
1726,-0.4198389,-0.8103502,-1.46,1.721782
1727,-0.4199284,-0.8105053,-1.46,1.721877
1728,-0.4697658,-0.8706539,-1.46,1.763609
1729,-0.4488356,-0.6336082,-0.9890285,1.257414
1730,-0.5060913,-0.6042125,-1.095533,1.34959
1731,1.171716,-1.389105,-0.501531,1.885223
1732,1.185657,-1.319437,-0.5328221,1.852186
1733,1.122784,-1.386536,-0.5812902,1.876439
1734,1.117038,-1.386905,-0.5069716,1.851567
1735,1.197078,-1.325691,-0.5050543,1.856215
1736,1.117056,-1.386912,-0.5069653,1.851581
1737,1.122784,-1.386536,-0.5812882,1.876438
1738,1.169798,-1.37447,-0.5734109,1.893778
1739,1.159927,-1.386621,-0.5351357,1.885343
1740,1.150196,-1.320555,-0.5377277,1.83193
1741,1.125419,-1.330986,-0.5452442,1.826303
1742,0.05978759,-1.356229,-0.5303139,1.457451
1743,0.01106567,-1.388887,-0.5565633,1.496293
1744,0.06421301,-1.339797,-0.5760999,1.459818
1745,0.08140483,-1.387243,-0.5545703,1.496201
1746,-1.062631,-1.333772,-0.5566913,1.793889
1747,-0.9956824,-1.401357,-0.5409761,1.802176
1748,1.185332,-1.17842,-0.1116043,1.675154
1749,1.185321,-1.178424,-0.1116299,1.675151
1750,1.146334,-1.132268,-0.1770917,1.620948
1751,1.146345,-1.132262,-0.1770975,1.620953
1752,1.180244,-1.180647,-0.1713629,1.678174
1753,0.04896662,-1.179197,-0.129059,1.187249
1754,0.08289672,-1.185049,-0.1281109,1.194833
1755,-0.9965394,-1.19045,-0.130044,1.557939
1756,-1.038646,-1.129238,-0.1062085,1.537935
1757,-1.089383,-1.126351,-0.1806964,1.577363
1758,-1.058523,-1.15343,-0.1273775,1.570699
1759,-1.008788,-1.130468,-0.09576089,1.51815
1760,-0.9965395,-1.190449,-0.1300465,1.557938
1761,-0.4154475,-0.6609744,-1.116428,1.362313
1762,-0.478402,-0.689734,-1.149544,1.423395
1763,1.180857,-1.371531,-0.6093518,1.909668
1764,1.19763,-1.387296,-0.6812649,1.955257
1765,1.197631,-1.3873,-0.6812712,1.955262
1766,1.132046,-1.332453,-0.6160737,1.853782
1767,1.162107,-1.387554,-0.6378273,1.919016
1768,1.145915,-1.381168,-0.6694822,1.915451
1769,1.166715,-1.317302,-0.6401199,1.872501
1770,1.167581,-1.312126,-0.6957695,1.889184
1771,1.124995,-1.384465,-0.6448814,1.896899
1772,1.110722,-1.374826,-0.6948507,1.899123
1773,1.12367,-1.310937,-0.6108629,1.831487
1774,1.176952,-1.306924,-0.5982459,1.857731
1775,1.107614,-1.309368,-0.677705,1.844055
1776,1.107622,-1.309367,-0.6777043,1.844058
1777,1.167587,-1.312119,-0.6957695,1.889182
1778,-0.009238771,-1.371487,-0.6374084,1.512399
1779,0.07939837,-1.38698,-0.6546665,1.535776
1780,0.1020817,-1.313266,-0.6476302,1.467826
1781,0.05582131,-1.307234,-0.6527238,1.462199
1782,-1.022989,-1.335648,-0.687682,1.817518
1783,-1.034113,-1.379278,-0.6314175,1.835888
1784,1.131774,-1.189116,-0.2668309,1.663162
1785,1.163904,-1.105434,-0.2474868,1.624163
1786,1.152708,-1.183833,-0.211939,1.665868
1787,1.135414,-1.172082,-0.2490088,1.650741
1788,1.166224,-1.140712,-0.2165417,1.645658
1789,1.19391,-1.14584,-0.2672135,1.676237
1790,1.143475,-1.147975,-0.2750693,1.643485
1791,-0.999925,-1.201797,-0.1989514,1.575991
1792,-1.034964,-1.192375,-0.2648697,1.600957
1793,-1.012862,-1.107751,-0.2214652,1.51725
1794,-1.01717,-1.104434,-0.2247459,1.518197
1795,-1.080473,-1.157163,-0.2888086,1.609304
1796,-1.085373,-1.169176,-0.2208136,1.610517
1797,-1.085394,-1.169095,-0.2207884,1.610469
1798,-0.4711185,-0.6971593,-1.254735,1.510743
1799,1.164542,-1.382241,-0.7331367,1.950446
1800,1.119098,-1.310865,-0.7384632,1.87512
1801,1.187661,-1.307743,-0.743525,1.916654
1802,1.164561,-1.382263,-0.7331392,1.950473
1803,1.197542,-1.335094,-0.7727086,1.95286
1804,1.119093,-1.310861,-0.7384701,1.875117
1805,1.198262,-1.393121,-0.7937446,2.001662
1806,1.170724,-1.383218,-0.7737254,1.970416
1807,0.06490073,-1.381374,-0.7663364,1.581036
1808,0.0872213,-1.333341,-0.7390234,1.526945
1809,0.064999,-1.380814,-0.6986098,1.548847
1810,0.02536005,-1.396244,-0.780302,1.599691
1811,-1.084521,-1.39159,-0.7296708,1.909222
1812,0.5517984,-1.459067,1.010851,1.858811
1813,0.5517979,-1.459172,1.010853,1.858894
1814,0.5524459,-1.458872,1.069072,1.891142
1815,0.5967367,-1.459846,1.071051,1.906409
1816,0.5524431,-1.459673,1.069072,1.891759
1817,0.5967466,-1.459854,1.071047,1.906416
1818,1.101621,-1.100654,-0.366079,1.599694
1819,1.120803,-1.156061,-0.3846657,1.655489
1820,1.155046,-1.163567,-0.3340332,1.6732
1821,1.152198,-1.150499,-0.3320064,1.661757
1822,1.101624,-1.100655,-0.3660806,1.599698
1823,1.160834,-1.12914,-0.2989201,1.646769
1824,1.101622,-1.100658,-0.3660785,1.599697
1825,1.195078,-1.177414,-0.3569884,1.715213
1826,1.197852,-1.180582,-0.3008033,1.708539
1827,1.177732,-1.162909,-0.3946043,1.701506
1828,0.0146925,-1.18907,-0.3311857,1.234418
1829,0.01472803,-1.189148,-0.3312688,1.234516
1830,0.1071182,-1.181498,-0.3946857,1.250275
1831,0.1081571,-1.180598,-0.395369,1.249731
1832,0.038521,-1.087055,-0.3853516,1.153979
1833,-1.051339,-1.159264,-0.3858565,1.61186
1834,-0.4055094,-0.632439,-1.311556,1.511488
1835,-0.477297,-0.6245849,-1.379508,1.587753
1836,1.161805,-1.372796,-0.8776069,2.001138
1837,1.189257,-1.353353,-0.8400425,1.987855
1838,1.122715,-1.301556,-0.8599951,1.922011
1839,1.138376,-1.36853,-0.8064795,1.954273
1840,1.189227,-1.353333,-0.8400211,1.987815
1841,1.161807,-1.372787,-0.8776098,2.001135
1842,1.111197,-1.363406,-0.8105975,1.936673
1843,1.112378,-1.381623,-0.8864678,1.98295
1844,0.02932062,-1.310457,-0.7967784,1.533953
1845,0.07634207,-1.360802,-0.8210411,1.591138
1846,0.05702764,-1.403619,-0.8641778,1.649304
1847,-1.069336,-1.328499,-0.8873116,1.922423
1848,-1.053944,-1.38563,-0.8113168,1.920678
1849,0.5960983,-1.458886,0.9455584,1.837869
1850,0.5488044,-1.458868,0.9582236,1.829665
1851,0.5070922,-1.45914,0.9029225,1.789274
1852,0.5488034,-1.459207,0.9582276,1.829938
1853,1.122521,-1.150546,-0.4406633,1.666732
1854,1.185001,-1.127367,-0.4257518,1.690103
1855,1.13301,-1.097495,-0.4439587,1.63869
1856,1.12069,-1.142962,-0.4000113,1.649945
1857,1.106753,-1.161124,-0.4629498,1.669561
1858,1.145906,-1.122445,-0.4669928,1.670648
1859,1.185007,-1.12736,-0.4257522,1.690103
1860,1.108825,-1.121164,-0.4898451,1.651197
1861,0.02069405,-1.183728,-0.4822524,1.278362
1862,0.6529164,-0.5959669,-1.45981,1.706611
1863,0.6653648,-0.6446464,-1.459744,1.728911
1864,0.6294903,-0.6569235,-1.459961,1.720259
1865,0.6120738,-0.5999602,-1.459878,1.692876
1866,0.6330379,-0.6576864,-1.459774,1.721694
1867,0.692081,-0.6639251,-1.459827,1.746673
1868,-0.4280452,-0.6374327,-1.46,1.649589
1869,1.112797,-1.367395,-0.9055046,1.981924
1870,1.125492,-1.296595,-0.9830016,1.978429
1871,1.156108,-1.372433,-0.9861787,2.04761
1872,1.109005,-1.321085,-0.9036442,1.947236
1873,1.101029,-1.389989,-0.9204043,1.997869
1874,1.171464,-1.306964,-0.9703581,2.005512
1875,1.13138,-1.306511,-0.9178532,1.956897
1876,0.05952137,-1.337522,-0.9243038,1.626913
1877,0.08069017,-1.338927,-1.004897,1.676023
1878,0.08020222,-1.338787,-1.005153,1.676042
1879,0.05689083,-1.404981,-0.9752612,1.71124
1880,-1.057762,-1.411139,-0.9494099,2.002887
1881,0.5022481,-1.459715,0.8467519,1.760685
1882,0.551946,-1.458792,0.8448953,1.773856
1883,0.5496184,-1.459075,0.9019894,1.801268
1884,0.5564354,-1.458837,0.8453147,1.775495
1885,0.5597298,-1.459123,0.8988624,1.802856
1886,1.18115,-1.111688,-0.5137689,1.701448
1887,1.188298,-1.160058,-0.5828605,1.759976
1888,1.147973,-1.11414,-0.5575315,1.694105
1889,1.129407,-1.177456,-0.5687389,1.727839
1890,1.169411,-1.158987,-0.5003333,1.720786
1891,1.140966,-1.161981,-0.5264129,1.711466
1892,1.119466,-1.105298,-0.5651846,1.671622
1893,1.188298,-1.16005,-0.582855,1.759968
1894,0.08345091,-1.187988,-0.5292267,1.303211
1895,0.01794174,-1.159397,-0.5765502,1.294965
1896,0.06423511,-1.122495,-0.5549724,1.25384
1897,-1.027374,-1.169779,-0.578972,1.661051
1898,-1.109382,-1.136882,-0.5647026,1.685858
1899,-1.041291,-1.163405,-0.4864308,1.635363
1900,1.143509,-1.314855,-1.048981,2.033917
1901,1.121365,-1.389193,-1.084889,2.089091
1902,1.120334,-1.373735,-1.056405,2.063562
1903,1.195828,-1.304899,-1.051599,2.058792
1904,1.136639,-1.3086,-1.062453,2.033024
1905,1.19583,-1.304899,-1.051595,2.058792
1906,1.113231,-1.394001,-1.042677,2.066324
1907,0.08258276,-1.318976,-1.046151,1.685512
1908,0.09469473,-1.401798,-1.051564,1.754934
1909,0.03796228,-1.381718,-1.063544,1.74405
1910,0.03784497,-1.381842,-1.063553,1.744152
1911,-1.031575,-1.349928,-1.041328,1.992691
1912,0.5220196,-1.458338,0.7963349,1.741667
1913,0.5015328,-1.459021,0.7425009,1.712187
1914,0.5015324,-1.45902,0.7425013,1.712186
1915,0.522018,-1.458334,0.7963164,1.741654
1916,0.5492684,-1.459026,0.7179727,1.716374
1917,0.5756947,-1.458545,0.7749727,1.749103
1918,0.5756914,-1.458612,0.774951,1.749148
1919,0.5485393,-1.459191,0.7178438,1.716227
1920,1.148767,-1.111359,-0.6041912,1.708752
1921,1.176753,-1.129817,-0.6417256,1.75301
1922,1.139132,-1.131133,-0.6606005,1.735937
1923,1.118195,-1.180699,-0.6490122,1.750893
1924,1.123919,-1.189872,-0.6837995,1.773858
1925,1.137985,-1.156715,-0.6065266,1.732303
1926,1.176335,-1.15032,-0.6630994,1.773894
1927,0.03713746,-1.140149,-0.6687605,1.322331
1928,0.03749545,-1.138642,-0.6706115,1.32198
1929,0.08023985,-1.192989,-0.6109206,1.342716
1930,-1.070535,-1.136601,-0.6765657,1.70166
1931,-1.027902,-0.9752693,-0.2651189,1.441534
1932,-1.044637,-0.9662368,-0.2562479,1.445871
1933,1.116115,-1.384515,-1.194909,2.142523
1934,1.111279,-1.38908,-1.115998,2.099985
1935,1.144675,-1.322815,-1.156032,2.096791
1936,1.184183,-1.330217,-1.160663,2.125772
1937,1.159282,-1.374247,-1.11584,2.116032
1938,1.156241,-1.393823,-1.16908,2.155547
1939,1.153762,-1.307011,-1.114748,2.069325
1940,1.130814,-1.33505,-1.18812,2.114883
1941,1.159287,-1.374259,-1.115846,2.116045
1942,1.15624,-1.393808,-1.169082,2.155539
1943,1.19729,-1.309677,-1.159752,2.119854
1944,0.07597788,-1.390063,-1.127573,1.791499
1945,0.075969,-1.390145,-1.127522,1.79153
1946,0.06163296,-1.32077,-1.153168,1.754431
1947,0.06151793,-1.320843,-1.153056,1.754409
1948,-1.020592,-1.295461,-1.143458,2.006819
1949,-1.017229,-1.392367,-1.119406,2.055848
1950,0.5184941,-1.459471,0.6654004,1.685719
1951,0.5918866,-1.45935,0.6137119,1.69017
1952,0.5007526,-1.459367,0.6099396,1.659076
1953,0.5591008,-1.459084,0.6332237,1.685969
1954,0.5184646,-1.459727,0.6653711,1.68592
1955,0.5718314,-1.459265,0.6724993,1.705492
1956,1.17482,-1.186601,-0.7157089,1.816718
1957,1.198054,-1.186404,-0.7728666,1.854781
1958,1.174818,-1.186607,-0.7157056,1.816719
1959,1.111078,-1.166897,-0.7144439,1.762548
1960,1.120897,-1.162521,-0.7767624,1.791989
1961,1.146546,-1.146844,-0.7251179,1.776405
1962,1.138908,-1.098741,-0.7424061,1.748002
1963,1.118938,-1.106032,-0.7078311,1.725211
1964,1.172439,-1.127318,-0.7837614,1.805475
1965,1.172449,-1.127324,-0.7837707,1.80549
1966,1.188111,-1.124018,-0.7046981,1.780906
1967,1.120888,-1.162521,-0.776764,1.791985
1968,0.1025038,-1.179373,-0.7232979,1.387295
1969,0.08766516,-1.093868,-0.7123295,1.308298
1970,0.02080422,-1.14721,-0.798044,1.39764
1971,-0.9988437,-1.096722,-0.723125,1.650272
1972,-1.071218,-0.9731466,-0.3533758,1.489764
1973,1.148175,-1.321868,-1.236823,2.143682
1974,1.198381,-1.378918,-1.204313,2.188127
1975,1.148171,-1.321842,-1.236834,2.14367
1976,1.110733,-1.392648,-1.264531,2.184545
1977,1.198363,-1.37891,-1.204313,2.188113
1978,1.194001,-1.333404,-1.286241,2.204092
1979,1.110738,-1.392646,-1.264534,2.184548
1980,1.19345,-1.320877,-1.235208,2.166744
1981,1.163632,-1.38523,-1.249494,2.198668
1982,1.163637,-1.385233,-1.24949,2.19867
1983,1.106907,-1.384473,-1.209043,2.145646
1984,0.07773537,-1.399649,-1.196,1.842682
1985,0.02881944,-1.382157,-1.269316,1.876793
1986,0.07777801,-1.399776,-1.195995,1.842777
1987,0.1000285,-1.341068,-1.273727,1.852255
1988,0.05445997,-1.323032,-1.221054,1.801208
1989,0.06382833,-1.398554,-1.29318,1.90587
1990,0.09622233,-1.352628,-1.226986,1.828758
1991,0.08844306,-1.402002,-1.258669,1.886182
1992,-1.020482,-1.399138,-1.237007,2.128182
1993,-1.011671,-1.32468,-1.212113,2.06094
1994,-1.065188,-1.322473,-1.281891,2.127629
1995,0.57721,-1.459543,0.568513,1.669325
1996,0.5455867,-1.459509,0.603775,1.67104
1997,0.5506201,-1.458959,0.5066935,1.639659
1998,0.5611841,-1.459071,0.5074932,1.643583
1999,0.5445921,-1.4594,0.5571856,1.654354
2000,0.504383,-1.459357,0.5280856,1.63187
2001,0.5186314,-1.45915,0.5661205,1.648815
2002,1.161263,-1.176605,-0.8260928,1.84807
2003,1.161251,-1.176612,-0.8260957,1.848068
2004,1.121091,-1.136843,-0.8982332,1.831961
2005,1.19445,-1.122001,-0.8527441,1.847368
2006,1.125557,-1.117033,-0.8269837,1.788447
2007,1.194453,-1.122007,-0.8527362,1.84737
2008,1.134881,-1.129191,-0.8443738,1.809971
2009,0.05457541,-1.144945,-0.8762489,1.442806
2010,-1.047483,-1.126643,-0.8141173,1.740498
2011,1.195107,-0.9325645,-0.4775343,1.589339
2012,1.195121,-0.9325612,-0.4775291,1.589346
2013,1.169947,-0.9693565,-0.4171942,1.575589
2014,1.181734,-0.9610736,-0.4258052,1.581603
2015,-1.038975,-0.9397389,-0.4282205,1.464906
2016,1.130876,-1.391346,-1.388452,2.267714
2017,1.142454,-1.306321,-1.305866,2.171857
2018,1.130882,-1.391346,-1.388454,2.267718
2019,1.127003,-1.379342,-1.32138,2.217829
2020,1.187544,-1.386945,-1.387221,2.293089
2021,1.158476,-1.325109,-1.397445,2.247406
2022,1.186736,-1.329823,-1.343041,2.23171
2023,1.127001,-1.379342,-1.321376,2.217826
2024,1.149402,-1.329571,-1.351726,2.217216
2025,1.180828,-1.389241,-1.318408,2.25001
2026,1.142454,-1.306322,-1.305866,2.171858
2027,1.187543,-1.386944,-1.387216,2.293086
2028,1.180834,-1.389237,-1.318393,2.250002
2029,0.1071093,-1.40075,-1.297902,1.912621
2030,0.09729844,-1.401786,-1.343845,1.944322
2031,0.06508049,-1.406297,-1.34234,1.945195
2032,0.02915444,-1.321149,-1.323148,1.870028
2033,0.06537749,-1.335469,-1.308255,1.870637
2034,0.09438411,-1.328904,-1.319838,1.875331
2035,0.04297133,-1.322722,-1.367684,1.903155
2036,0.09475353,-1.3116,-1.385708,1.910356
2037,0.03880234,-1.386424,-1.370984,1.950198
2038,0.09556061,-1.364617,-1.375868,1.940187
2039,0.01155542,-1.38431,-1.338916,1.925914
2040,-1.032898,-1.374745,-1.320364,2.167986
2041,0.6295042,-0.4708749,-1.459506,1.657756
2042,0.6763771,-0.4672556,-1.459546,1.675139
2043,0.6294894,-0.4708766,-1.459498,1.657745
2044,0.6640008,-0.4235781,-1.459755,1.658674
2045,0.6887289,-0.4079413,-1.459811,1.664876
2046,0.6451359,-0.4127378,-1.459719,1.648434
2047,0.5170205,-1.459431,0.4639478,1.616322
2048,0.5889884,-1.459108,0.4616576,1.639826
2049,0.5170428,-1.459771,0.4639031,1.616624
2050,0.5889871,-1.459121,0.4616567,1.639837
2051,0.5469429,-1.459448,0.415093,1.612897
2052,0.5469525,-1.459724,0.4150729,1.613145
2053,-0.5520855,-1.457969,0.4483048,1.622174
2054,-0.5520685,-1.457974,0.4483141,1.622176
2055,1.190439,-1.11717,-0.9095815,1.868837
2056,1.13337,-1.114766,-0.9237031,1.838602
2057,1.159887,-1.169474,-0.9035801,1.878687
2058,1.172061,-1.106064,-0.9723354,1.882164
2059,1.161599,-1.173874,-0.9630521,1.911743
2060,1.159893,-1.169477,-0.9035749,1.87869
2061,1.11623,-1.154397,-0.9706092,1.876349
2062,1.161595,-1.173873,-0.9630508,1.911739
2063,1.172055,-1.106065,-0.9723343,1.882161
2064,1.104784,-1.16895,-0.9713771,1.87898
2065,0.0758385,-1.141622,-0.9338539,1.476866
2066,0.03171958,-1.108633,-0.9483484,1.45926
2067,-1.052975,-1.133123,-0.8924494,1.78583
2068,-1.081675,-1.111976,-0.964498,1.826682
2069,1.134654,-0.9129514,-0.5555822,1.558715
2070,1.147354,-0.9716681,-0.5446089,1.599112
2071,1.133955,-0.9104567,-0.5537942,1.556108
2072,1.159516,-0.9632744,-0.5225761,1.59545
2073,1.187789,-0.9659286,-0.5404387,1.623556
2074,1.152577,-0.9275908,-0.5206919,1.568431
2075,0.05778746,-0.9727061,-0.5373864,1.112781
2076,-0.9981894,-0.9128698,-0.5388055,1.45603
2077,-1.003603,-0.9333913,-0.5165166,1.464659
2078,1.129539,-1.379117,-1.46,2.304219
2079,1.175951,-1.382949,-1.46,2.329594
2080,1.123075,-1.384263,-1.46,2.304145
2081,1.17594,-1.382949,-1.46,2.329589
2082,1.161605,-1.328772,-1.46,2.290537
2083,1.129988,-1.331894,-1.400055,2.23852
2084,1.121572,-1.323117,-1.46,2.267193
2085,1.119433,-1.30321,-1.46,2.25457
2086,0.106412,-1.384258,-1.405825,1.975813
2087,0.02539527,-1.333738,-1.46,1.977651
2088,0.01323535,-1.342928,-1.41638,1.951861
2089,0.08094554,-1.342103,-1.46,1.98479
2090,0.1078913,-1.399898,-1.46,2.025575
2091,0.0601429,-1.386488,-1.413883,1.981169
2092,0.09091192,-1.350247,-1.416394,1.95898
2093,0.07667228,-1.381731,-1.447285,2.002422
2094,0.08888713,-1.398608,-1.46,2.02376
2095,0.08672035,-1.40182,-1.46,2.025887
2096,0.1063983,-1.384255,-1.405819,1.975806
2097,0.01249509,-1.37271,-1.46,2.004019
2098,0.04396649,-1.308275,-1.412231,1.925595
2099,-1.0315,-1.363604,-1.46,2.248334
2100,-1.088786,-1.377151,-1.453468,2.27916
2101,-1.072729,-1.389794,-1.46,2.283391
2102,-1.009243,-1.372957,-1.421733,2.219213
2103,-1.082493,-1.381754,-1.451608,2.277762
2104,0.5667079,-1.459765,0.3538279,1.605386
2105,0.5224404,-1.459767,0.3585521,1.591359
2106,0.5063792,-1.46,0.3878895,1.59326
2107,0.5093901,-1.411552,0.3851444,1.549288
2108,0.5667052,-1.459903,0.353842,1.605514
2109,-0.5735574,-1.46,0.3976454,1.618237
2110,-0.526503,-1.433046,0.3727292,1.571544
2111,-0.5267083,-1.433692,0.3735756,1.572404
2112,-0.5735284,-1.46,0.3976626,1.618231
2113,-0.5270246,-1.435581,0.375295,1.574641
2114,1.124173,-1.158635,-1.042738,1.921848
2115,1.139032,-1.189407,-1.096475,1.978469
2116,1.178955,-1.15791,-1.038198,1.95155
2117,1.178995,-1.157894,-1.038193,1.951562
2118,1.201014,-1.181882,-1.059542,1.990454
2119,1.124178,-1.158653,-1.042732,1.92186
2120,0.05136001,-1.140229,-1.016583,1.528464
2121,0.04155922,-1.173491,-1.048991,1.574545
2122,0.01237412,-1.179681,-1.078616,1.598503
2123,-1.005481,-1.11777,-1.025826,1.820088
2124,-1.083685,-1.185452,-1.030881,1.908503
2125,1.141756,-0.8997557,-0.612596,1.577479
2126,1.199005,-0.9527052,-0.6446307,1.661568
2127,1.16246,-0.9644786,-0.6780955,1.655701
2128,1.10688,-0.9806885,-0.638715,1.610866
2129,1.186899,-0.9437031,-0.6844548,1.663666
2130,1.109542,-0.9666401,-0.6340606,1.602345
2131,1.129799,-0.911903,-0.6400722,1.586728
2132,1.158376,-0.9451931,-0.6016063,1.611569
2133,1.130655,-0.9143317,-0.6874899,1.608423
2134,1.148346,-0.9676475,-0.6112518,1.621317
2135,0.01230421,-0.9522198,-0.664385,1.161155
2136,-1.063402,-0.996666,-0.647157,1.594672
2137,-1.045187,-0.8972465,-0.6372781,1.517758
2138,0.570927,-1.459919,0.3040138,1.596792
2139,0.5977736,-1.46,0.2593948,1.598818
2140,0.5283282,-1.459504,0.2979573,1.580526
2141,0.5283303,-1.459525,0.2979493,1.580544
2142,0.507113,-1.46,0.2256099,1.561942
2143,0.5855185,-1.46,0.2682902,1.595748
2144,0.5410426,-1.447145,0.2379909,1.5632
2145,0.5410353,-1.447138,0.2379843,1.56319
2146,-0.5798981,-1.46,0.3011937,1.599562
2147,-0.5799066,-1.46,0.3011875,1.599564
2148,-0.5423561,-1.46,0.2903623,1.584317
2149,-0.557043,-1.46,0.2179853,1.577788
2150,-0.5570209,-1.46,0.2179258,1.577772
2151,-0.5423577,-1.46,0.2903403,1.584314
2152,1.155683,-1.126995,-1.113426,1.960979
2153,1.144639,-1.183386,-1.163502,2.016021
2154,1.122003,-1.152874,-1.127218,1.964339
2155,1.196013,-1.135599,-1.197219,2.03798
2156,1.113441,-1.161044,-1.167412,1.987617
2157,1.16293,-1.127171,-1.127905,1.973598
2158,1.190082,-1.156145,-1.160698,2.024892
2159,0.06873903,-1.111069,-1.155041,1.604157
2160,0.043902,-1.173002,-1.146347,1.640723
2161,-0.9961967,-1.138251,-1.16632,1.910059
2162,-1.086182,-1.193756,-1.131139,1.970868
2163,-1.099252,-1.118902,-1.169268,1.956396
2164,1.1974,-0.9635701,-0.7592092,1.714244
2165,1.100238,-0.8968645,-0.7373021,1.599532
2166,1.105105,-0.9477625,-0.7114124,1.620376
2167,1.124277,-0.9529165,-0.7919545,1.673093
2168,1.160572,-0.9396911,-0.7398877,1.666547
2169,1.155374,-0.9716544,-0.732892,1.678133
2170,1.176932,-0.9155096,-0.7474695,1.667944
2171,1.150536,-0.9692478,-0.7972566,1.702584
2172,0.0150237,-0.9809437,-0.7633597,1.243058
2173,0.01503128,-0.9809551,-0.76335,1.243062
2174,0.1052658,-0.9231769,-0.7820373,1.214462
2175,0.1052588,-0.9231815,-0.7820417,1.214468
2176,-0.9971029,-0.9715652,-0.7316274,1.572715
2177,-1.08715,-0.9917925,-0.7861947,1.668427
2178,0.5726642,-1.46,0.18876,1.579612
2179,0.5691872,-1.46,0.1251193,1.572014
2180,0.5726593,-1.46,0.1887454,1.579609
2181,0.5691652,-1.46,0.1251536,1.572009
2182,0.5221311,-1.46,0.1735905,1.560242
2183,0.5221269,-1.46,0.173609,1.560243
2184,0.5261397,-1.459778,0.1094981,1.555559
2185,0.5262703,-1.427871,0.1091424,1.525676
2186,-0.5292393,-1.430285,0.1583354,1.533257
2187,-0.5789683,-1.447957,0.1607177,1.567678
2188,-0.5076274,-1.46,0.127592,1.550989
2189,-0.5076162,-1.46,0.1275913,1.550985
2190,-0.5292344,-1.430277,0.1583507,1.53325
2191,-0.5114445,-1.46,0.198859,1.559718
2192,-0.5114313,-1.46,0.1988487,1.559712
2193,-0.5786547,-1.450639,0.16084,1.570052
2194,-0.5756733,-1.46,0.116155,1.573687
2195,1.147306,-1.114164,-1.200395,1.999655
2196,1.163255,-1.179062,-1.20823,2.050163
2197,1.140864,-1.110439,-1.263815,2.032701
2198,1.176679,-1.136832,-1.254166,2.061527
2199,1.147262,-1.114176,-1.200377,1.999626
2200,1.175278,-1.165394,-1.276864,2.090407
2201,1.132518,-1.174096,-1.222901,2.038771
2202,1.143278,-1.177901,-1.26956,2.075166
2203,1.110724,-1.149024,-1.276219,2.045164
2204,1.105202,-1.192529,-1.276559,2.067172
2205,0.08705375,-1.142018,-1.201163,1.659691
2206,0.1006605,-1.155134,-1.282482,1.728938
2207,0.05906438,-1.133847,-1.267605,1.701741
2208,0.01406703,-1.096887,-1.213457,1.635799
2209,0.01246058,-1.177104,-1.214089,1.691077
2210,0.08703995,-1.14198,-1.201251,1.659729
2211,-1.081307,-1.175598,-1.236447,2.019915
2212,1.114152,-0.9704741,-0.8899019,1.724842
2213,1.123201,-0.9810362,-0.8498243,1.716454
2214,1.197549,-0.9832134,-0.7983561,1.743044
2215,1.173374,-0.9011232,-0.8753355,1.719023
2216,1.12925,-0.9054851,-0.8355611,1.671308
2217,1.174427,-0.9263659,-0.8100668,1.70107
2218,1.173374,-0.9011244,-0.8753281,1.71902
2219,1.109917,-0.9899744,-0.8142835,1.695589
2220,1.112039,-0.9264384,-0.8615821,1.684412
2221,1.179769,-0.9496536,-0.8301178,1.727076
2222,1.169952,-0.9941577,-0.8704481,1.764885
2223,1.169948,-0.9941519,-0.8704398,1.764874
2224,0.08794094,-0.9727448,-0.8733134,1.310207
2225,0.05626271,-0.9114547,-0.8677108,1.259697
2226,-1.054174,-0.9476671,-0.8650706,1.660633
2227,0.5172927,-1.457453,0.05262997,1.547427
2228,0.5173302,-1.457469,0.05260421,1.547454
2229,0.5711318,-1.46,0.06609882,1.569127
2230,0.5711318,-1.46,0.06610301,1.569128
2231,0.5850638,-1.459883,0.01318466,1.57281
2232,0.5850602,-1.459883,0.01317743,1.572809
2233,-0.5056795,-1.419846,0.04384762,1.507845
2234,-0.5440021,-1.459988,0.07309904,1.559758
2235,-0.571668,-1.459248,0.04836931,1.567976
2236,-0.5440209,-1.459989,0.07310382,1.559766
2237,-0.5235853,-1.46,0.03806728,1.551512
2238,-0.5717909,-1.459253,0.04840557,1.568027
2239,1.188295,-1.194208,-1.327085,2.144605
2240,1.15798,-1.147983,-1.335876,2.107925
2241,1.158067,-1.184681,-1.397091,2.16713
2242,1.157981,-1.147979,-1.335881,2.107927
2243,1.134176,-1.109825,-1.384606,2.105991
2244,1.109347,-1.155802,-1.386707,2.11884
2245,1.107594,-1.12598,-1.399009,2.109934
2246,1.108297,-1.181137,-1.324643,2.092387
2247,1.103647,-1.134822,-1.331417,2.06846
2248,0.0167855,-1.124979,-1.391177,1.789199
2249,0.09681143,-1.193241,-1.320357,1.782285
2250,0.1089524,-1.114161,-1.37327,1.771749
2251,0.05270049,-1.150099,-1.348857,1.773392
2252,0.05270566,-1.150112,-1.348861,1.773404
2253,0.09132042,-1.167533,-1.400908,1.825929
2254,-1.085304,-1.098668,-1.398168,2.083226
2255,-1.042778,-1.141156,-1.298164,2.018627
2256,-1.081775,-1.182203,-1.39006,2.121346
2257,-1.01269,-1.17983,-1.375979,2.076261
2258,-1.035701,-1.106262,-1.399289,2.062645
2259,0.6672261,-0.2754335,-1.459612,1.628349
2260,0.6672636,-0.275435,-1.459772,1.628509
2261,1.116038,-0.9919703,-0.9602483,1.775281
2262,1.181588,-0.9104419,-0.9464034,1.76656
2263,1.119446,-0.9101276,-0.9708918,1.739001
2264,1.157791,-0.9409964,-0.9109901,1.748101
2265,1.154374,-0.928756,-0.9922544,1.783181
2266,1.181474,-0.9739631,-0.9435767,1.798561
2267,1.137368,-0.9309802,-0.9206414,1.734333
2268,1.171697,-0.9894685,-0.9729094,1.81617
2269,0.03568863,-0.929907,-0.9266717,1.313286
2270,0.03796512,-1.007773,-0.951602,1.386577
2271,-1.056114,-0.9637433,-0.9452068,1.713941
2272,0.5226834,-1.46,-0.0817097,1.552892
2273,0.5208456,-1.46,0.005829741,1.550134
2274,0.5737882,-1.459982,-0.03853763,1.569161
2275,0.5737923,-1.459982,-0.03852729,1.569162
2276,0.5377753,-1.46,-0.00960004,1.555922
2277,0.5226887,-1.46,-0.08169331,1.552893
2278,-0.5660413,-1.459692,-0.007821118,1.565619
2279,-0.5660425,-1.459691,-0.007822074,1.565619
2280,-0.5323981,-1.459128,0.01101804,1.553262
2281,-0.5316548,-1.431851,-0.07490487,1.529204
2282,1.109875,-1.11643,-1.46,2.147053
2283,1.151414,-1.160969,-1.402035,2.153904
2284,1.192801,-1.130065,-1.46,2.198049
2285,1.17832,-1.14271,-1.46,2.196775
2286,1.148142,-1.105122,-1.46,2.161278
2287,1.132164,-1.146716,-1.46,2.174478
2288,1.198829,-1.154479,-1.401692,2.175949
2289,1.1579,-1.184577,-1.46,2.208066
2290,1.137549,-1.195027,-1.46,2.203113
2291,0.09127659,-1.197073,-1.40661,1.849288
2292,0.09022889,-1.114553,-1.46,1.839013
2293,0.06093643,-1.140791,-1.411481,1.815873
2294,0.02773867,-1.117653,-1.46,1.83889
2295,0.04599826,-1.153113,-1.46,1.861017
2296,0.05217893,-1.171045,-1.46,1.872343
2297,0.09878614,-1.163714,-1.46,1.86965
2298,0.09056675,-1.201277,-1.46,1.892847
2299,0.01716728,-1.166596,-1.432521,1.847528
2300,-0.9921553,-1.167761,-1.409621,2.082083
2301,-1.042461,-1.142233,-1.46,2.12674
2302,-1.083336,-1.133566,-1.46,2.142473
2303,-1.03943,-1.178814,-1.46,2.145138
2304,1.191202,-0.9917092,-1.037377,1.865101
2305,1.1517,-0.9031399,-1.089443,1.824544
2306,1.189168,-0.9530524,-1.057194,1.854747
2307,1.130006,-0.9757959,-1.025145,1.811081
2308,1.155584,-0.9428098,-1.056312,1.827583
2309,1.136081,-0.9562707,-1.002455,1.791661
2310,1.129525,-0.9447619,-1.092899,1.833802
2311,1.201766,-0.9128342,-1.079285,1.855361
2312,1.169677,-0.7854888,-0.6892466,1.568502
2313,1.16967,-0.7854991,-0.6892486,1.568502
2314,-1.011335,-0.7335998,-0.6815476,1.423192
2315,0.571188,-1.46,-0.1952693,1.579869
2316,0.5712211,-1.46,-0.1952768,1.579882
2317,0.5287947,-1.459977,-0.1400065,1.559089
2318,0.5938258,-1.46,-0.1543588,1.583684
2319,0.5736073,-1.45994,-0.1001825,1.571778
2320,0.573593,-1.459936,-0.1001684,1.571768
2321,0.530759,-1.459973,-0.1404169,1.559789
2322,0.5937998,-1.46,-0.1543166,1.58367
2323,0.5089847,-1.46,-0.1817338,1.556821
2324,0.5089929,-1.46,-0.1816996,1.55682
2325,-0.5092642,-1.46,-0.183614,1.557133
2326,-0.5646791,-1.46,-0.1073095,1.569069
2327,1.109007,-0.9116246,-1.192621,1.86636
2328,1.169236,-0.9401672,-1.158883,1.895795
2329,1.109177,-0.9300542,-1.160539,1.855296
2330,1.151436,-0.9877952,-1.173709,1.918108
2331,1.129526,-0.9677939,-1.110485,1.856241
2332,1.169235,-0.940158,-1.158883,1.89579
2333,1.192011,-0.9885954,-1.117577,1.909762
2334,1.192012,-0.9885894,-1.117572,1.909756
2335,0.07079477,-0.9466371,-1.107703,1.458815
2336,-1.014966,-0.9831404,-1.099201,1.790242
2337,1.158705,-0.7704872,-0.7568936,1.584025
2338,1.150591,-0.776105,-0.7720323,1.588154
2339,1.184033,-0.7553725,-0.7739565,1.603599
2340,0.55824,-1.454,-0.2467023,1.576899
2341,0.5580537,-1.46,-0.2466587,1.58236
2342,-0.589744,-1.46,-0.2132802,1.588989
2343,-0.5113149,-1.46,-0.2757562,1.571332
2344,-0.5631753,-1.281908,0.1224183,1.405503
2345,-0.5631726,-1.281907,0.1224182,1.405502
2346,1.186091,-0.9209967,-1.234761,1.94414
2347,1.139112,-0.9547057,-1.22276,1.924625
2348,1.136882,-0.9224102,-1.298077,1.956616
2349,1.192131,-0.9608927,-1.289725,2.001969
2350,1.186086,-0.920996,-1.234758,1.944135
2351,1.139105,-0.9546884,-1.222781,1.924626
2352,1.136876,-0.9224195,-1.298074,1.956614
2353,1.135658,-0.9935972,-1.292017,1.986521
2354,0.09856383,-0.9785308,-1.219026,1.566289
2355,0.09853697,-0.9785788,-1.219056,1.566341
2356,0.01245435,-0.9504619,-1.278207,1.592905
2357,0.04123863,-0.908506,-1.289149,1.577653
2358,-1.063868,-0.9282625,-1.228084,1.871276
2359,-1.034622,-0.9898407,-1.279519,1.92026
2360,1.09816,-0.7930238,-0.8340151,1.59073
2361,1.126612,-0.770718,-0.814895,1.589753
2362,1.185205,-0.7633634,-0.858999,1.650853
2363,1.15289,-0.7186352,-0.849421,1.60222
2364,1.185197,-0.7633766,-0.8589926,1.65085
2365,1.142757,-0.7225602,-0.8610854,1.602952
2366,1.181838,-0.7157101,-0.8000118,1.596559
2367,1.111724,-0.7519317,-0.8508243,1.589098
2368,1.181833,-0.7157096,-0.8000181,1.596558
2369,1.106271,-0.7605634,-0.8602645,1.594474
2370,0.585378,-1.46,-0.3277959,1.606772
2371,0.5479575,-1.459308,-0.297742,1.586975
2372,0.5479648,-1.459308,-0.2977425,1.586977
2373,0.5853682,-1.46,-0.3277891,1.606768
2374,0.5558776,-1.46,-0.3758027,1.606807
2375,0.5558758,-1.46,-0.3757938,1.606804
2376,0.5108812,-1.454642,-0.3540264,1.581871
2377,0.510845,-1.455358,-0.3539572,1.582503
2378,-0.5559167,-1.46,-0.3238034,1.59546
2379,-0.5144663,-1.46,-0.3929629,1.59709
2380,-0.5011626,-1.46,-0.336711,1.579917
2381,1.133572,-0.9199612,-1.396172,2.020053
2382,1.180874,-0.9337947,-1.393893,2.051676
2383,1.137725,-0.8986249,-1.380089,2.001647
2384,1.186077,-0.9457792,-1.339409,2.023683
2385,1.148192,-0.9914901,-1.38133,2.0517
2386,1.180865,-0.9338004,-1.393897,2.051676
2387,1.160195,-0.9596735,-1.335573,2.012655
2388,1.105361,-0.9557924,-1.387544,2.015104
2389,1.105378,-0.9558011,-1.387561,2.015128
2390,1.117678,-0.9939247,-1.32891,2.000773
2391,0.09053341,-0.9702548,-1.384959,1.693429
2392,0.07887544,-0.9700668,-1.33522,1.65229
2393,0.07833229,-0.9467567,-1.38658,1.6808
2394,0.03754889,-0.9705686,-1.302971,1.625161
2395,0.1026037,-0.9296131,-1.328514,1.624702
2396,0.01495741,-0.9400596,-1.379039,1.669037
2397,0.01508557,-0.9401233,-1.379114,1.669136
2398,-1.065337,-0.9829613,-1.370713,1.994996
2399,-1.090485,-0.9181312,-1.296032,1.926609
2400,1.10547,-0.7029362,-0.9676742,1.628674
2401,1.14622,-0.7123808,-0.9292001,1.638511
2402,1.145094,-0.7250665,-0.9806683,1.672923
2403,1.141729,-0.7689441,-0.9346944,1.663873
2404,1.151612,-0.7279966,-0.9992702,1.689595
2405,1.141721,-0.768931,-0.9347116,1.663871
2406,-1.064002,-0.7626167,-0.9713946,1.63012
2407,0.5306911,-1.46,-0.4387349,1.614225
2408,0.530697,-1.46,-0.4387255,1.614224
2409,0.5775203,-1.46,-0.4327875,1.62863
2410,0.5775122,-1.46,-0.4327869,1.628627
2411,0.5939021,-1.46,-0.4957177,1.652288
2412,0.5939073,-1.46,-0.4957186,1.65229
2413,-0.544227,-1.46,-0.4247161,1.614982
2414,-0.5832096,-1.419317,-0.4223964,1.591544
2415,-0.5401572,-1.408451,-0.4368178,1.57045
2416,-0.5525571,-1.260217,-0.0450041,1.376768
2417,1.151801,-0.9126263,-1.46,2.071505
2418,1.178364,-0.9835815,-1.46,2.118389
2419,1.105108,-0.8972406,-1.46,2.039094
2420,1.186845,-0.9496962,-1.46,2.107635
2421,1.140851,-0.9880827,-1.46,2.099869
2422,1.107228,-0.9802374,-1.46,2.078081
2423,1.141605,-0.944335,-1.46,2.080055
2424,0.06485635,-0.9465864,-1.46,1.741216
2425,0.1083802,-0.9763428,-1.46,1.759714
2426,0.06485868,-0.9466042,-1.46,1.741225
2427,0.01475743,-0.9094377,-1.46,1.720144
2428,-0.9997405,-0.9296807,-1.46,1.998847
2429,-1.049065,-0.9843589,-1.46,2.049659
2430,-1.088732,-0.9359974,-1.46,2.047688
2431,1.173439,-0.7854544,-1.098374,1.788945
2432,1.115479,-0.739372,-1.077405,1.71807
2433,1.105859,-0.7663512,-1.01964,1.68816
2434,1.198294,-0.7562125,-0.9994991,1.734003
2435,1.158354,-0.7642184,-1.066334,1.750109
2436,1.175467,-0.6988513,-1.044768,1.720947
2437,1.115482,-0.7393689,-1.0774,1.718068
2438,1.12355,-0.7721858,-1.001751,1.691787
2439,1.185884,-0.7954862,-1.029312,1.760284
2440,0.09011373,-0.762795,-1.085841,1.330047
2441,0.02060144,-0.7326191,-1.076994,1.302716
2442,0.08172292,-0.7599586,-1.087525,1.329258
2443,0.08507673,-0.785926,-1.043654,1.309249
2444,0.5232925,-1.46,-0.5510098,1.645918
2445,0.5232894,-1.46,-0.551012,1.645918
2446,0.5733558,-1.46,-0.5667051,1.66778
2447,0.5733321,-1.46,-0.5667056,1.667773
2448,0.5491527,-1.46,-0.501353,1.638452
2449,0.5491514,-1.46,-0.5013559,1.638452
2450,-0.5418341,-1.46,-0.5085245,1.638225
2451,-0.5693743,-1.46,-0.5846779,1.672613
2452,-0.5088587,-1.259367,-0.1685488,1.368704
2453,1.113642,-0.7084768,-1.135179,1.740911
2454,1.143282,-0.7921337,-1.133476,1.794251
2455,1.126507,-0.7011093,-1.189173,1.78177
2456,1.129353,-0.7608685,-1.172324,1.796859
2457,1.126501,-0.7011118,-1.189171,1.781766
2458,1.129346,-0.760872,-1.172321,1.796854
2459,1.126602,-0.7644967,-1.106489,1.754425
2460,-1.05523,-0.787651,-1.105818,1.719517
2461,-1.061663,-0.7176927,-1.198188,1.754385
2462,0.5297714,-1.46,-0.6783422,1.694817
2463,0.5297743,-1.46,-0.6783342,1.694815
2464,0.5493613,-1.46,-0.616184,1.677224
2465,0.5493572,-1.46,-0.6162003,1.677229
2466,0.5842462,-1.46,-0.6605168,1.705645
2467,0.584254,-1.46,-0.6605306,1.705653
2468,-0.5956626,-1.46,-0.6614846,1.709964
2469,-0.5338959,-1.46,-0.6756048,1.695018
2470,-0.5132906,-1.46,-0.6086862,1.662999
2471,0.5221865,-1.197569,-0.2033879,1.322201
2472,1.192163,-0.7546185,-1.258493,1.890636
2473,1.101937,-0.7776675,-1.282584,1.861197
2474,1.117203,-0.7193018,-1.242585,1.819218
2475,1.134835,-0.7584022,-1.23622,1.841538
2476,1.11147,-0.7363799,-1.299645,1.861907
2477,1.183141,-0.7507154,-1.220704,1.858364
2478,1.180003,-0.7118936,-1.265712,1.871157
2479,1.106783,-0.7768018,-1.239366,1.834235
2480,1.11147,-0.7363876,-1.29965,1.861913
2481,1.12356,-0.6988277,-1.25255,1.821985
2482,0.01077442,-0.702245,-1.258553,1.441257
2483,0.07673406,-0.7665933,-1.216579,1.440006
2484,0.09883959,-0.8055992,-1.230856,1.474369
2485,0.03494247,-0.7676337,-1.243718,1.461956
2486,0.011787,-0.8059346,-1.277288,1.510342
2487,0.0265715,-0.7360512,-1.296179,1.490824
2488,0.6103203,-1.46,-0.7853216,1.766585
2489,0.6099717,-1.46,-0.7282258,1.741832
2490,0.6103168,-1.46,-0.7853219,1.766583
2491,0.5614767,-1.46,-0.7241612,1.723736
2492,0.6099586,-1.46,-0.7282247,1.741827
2493,0.5614755,-1.46,-0.7241534,1.723732
2494,0.55962,-1.46,-0.7828636,1.748614
2495,0.5596085,-1.46,-0.7829071,1.74863
2496,-0.5624293,-1.46,-0.8075185,1.760685
2497,-0.5594081,-1.46,-0.7267152,1.724138
2498,-0.5815151,-1.46,-0.7570865,1.744402
2499,-1.016747,-0.5239027,-0.8549939,1.428028
2500,-0.5769534,-1.27299,-0.3160427,1.43292
2501,-0.5932555,-1.229577,-0.4067464,1.424519
2502,1.181351,-0.7639211,-1.33132,1.936899
2503,1.13881,-0.7479821,-1.35607,1.922314
2504,1.186307,-0.7308977,-1.392833,1.970158
2505,1.185075,-0.6984167,-1.330805,1.913957
2506,1.155313,-0.7797928,-1.310278,1.913022
2507,1.103935,-0.7854386,-1.38708,1.938963
2508,1.146156,-0.7802703,-1.388172,1.962018
2509,1.177242,-0.7442195,-1.396551,1.972337
2510,1.176185,-0.7111638,-1.313972,1.901497
2511,1.135283,-0.7122002,-1.388117,1.929498
2512,1.11239,-0.6971702,-1.373488,1.899981
2513,1.120975,-0.7880511,-1.328922,1.908833
2514,0.06565345,-0.73176,-1.33181,1.52102
2515,0.03560828,-0.7271529,-1.35127,1.53491
2516,0.04158582,-0.7838319,-1.383918,1.591022
2517,0.01156746,-0.8045546,-1.352843,1.574047
2518,-1.062673,-0.7651597,-1.301409,1.846188
2519,-1.075927,-0.7230933,-1.382253,1.895022
2520,0.6010502,-1.46,-0.8428702,1.789774
2521,0.6010374,-1.46,-0.8428899,1.789779
2522,0.5527886,-1.46,-0.8331278,1.769542
2523,0.5607705,-1.46,-0.8986916,1.803804
2524,0.5545021,-1.46,-0.8489804,1.777594
2525,0.5607716,-1.46,-0.898721,1.803819
2526,-0.5397937,-1.46,-0.9000627,1.79808
2527,-0.5157139,-1.46,-0.8290344,1.756377
2528,-0.5585119,-1.46,-0.8480262,1.778394
2529,-0.5682886,-1.425548,-0.891179,1.774637
2530,0.5502932,-1.278233,-0.4861805,1.474135
2531,0.5502993,-1.278244,-0.486157,1.474139
2532,-0.5075417,-1.251943,-0.3929632,1.406904
2533,1.103476,-0.7929034,-1.46,1.994481
2534,1.195924,-0.773115,-1.46,2.039495
2535,1.176101,-0.7189777,-1.46,2.00792
2536,1.125106,-0.7309624,-1.46,1.982869
2537,1.125105,-0.730965,-1.46,1.982869
2538,1.153924,-0.7730212,-1.46,2.015118
2539,1.153886,-0.7963015,-1.46,2.024141
2540,0.08446805,-0.7587348,-1.46,1.647548
2541,0.08445812,-0.7587019,-1.46,1.647532
2542,0.08472256,-0.7049961,-1.46,1.623514
2543,0.08471984,-0.7050177,-1.46,1.623523
2544,0.02353168,-0.7882772,-1.46,1.659378
2545,-1.008117,-0.7050451,-1.46,1.909185
2546,-1.064937,-0.792773,-1.46,1.973367
2547,0.5530439,-1.46,-0.9598036,1.83267
2548,0.6068138,-1.46,-0.9111676,1.824842
2549,0.6009824,-1.46,-0.9737605,1.85499
2550,0.6009896,-1.46,-0.9737635,1.854994
2551,0.6068187,-1.46,-0.9111559,1.824838
2552,0.5530217,-1.46,-0.9598228,1.832674
2553,-0.5349267,-1.46,-0.9637194,1.829345
2554,-0.5869421,-1.421042,-0.9478179,1.806162
2555,-1.071928,-0.5477402,-1.039666,1.590583
2556,0.5379777,-1.23495,-0.5591621,1.458487
2557,0.5379714,-1.234946,-0.5591668,1.458483
2558,0.5857702,-1.288546,-0.5312684,1.511861
2559,-0.5486143,-1.235648,-0.5491037,1.459219
2560,-0.5890588,-1.025784,-0.1649933,1.194339
2561,0.5466681,-1.46,-1.086251,1.900102
2562,0.5557216,-1.46,-1.013866,1.862351
2563,0.5865311,-1.46,-1.045471,1.889081
2564,0.5435579,-1.46,-1.012631,1.858084
2565,0.546657,-1.46,-1.086284,1.900117
2566,0.5865294,-1.46,-1.045458,1.889074
2567,-0.5593003,-1.46,-1.082752,1.90178
2568,-0.5202896,-1.422976,-1.024121,1.828767
2569,1.172459,-0.5715408,-1.119446,1.71886
2570,1.179731,-0.5564328,-1.155877,1.742823
2571,1.152636,-0.5599565,-1.188983,1.748085
2572,1.172438,-0.5715596,-1.119419,1.718834
2573,0.5138115,-1.225912,-0.5989347,1.457939
2574,0.5880752,-1.222356,-0.6602466,1.508613
2575,0.5789688,-1.245976,-0.5997462,1.499119
2576,0.5789456,-1.245968,-0.5997381,1.499099
2577,0.5880857,-1.222366,-0.6602431,1.508623
2578,0.5330127,-1.222919,-0.6377161,1.478619
2579,0.5330124,-1.222919,-0.6377195,1.478621
2580,0.5382255,-1.25932,-0.6792395,1.528705
2581,0.5594703,-1.201628,-0.6986941,1.498363
2582,-0.5422873,-1.240832,-0.6276466,1.492541
2583,-0.5250911,-1.078773,-0.2875768,1.233764
2584,-0.4963605,-1.014822,-0.2232933,1.151563
2585,0.5306557,-1.46,-1.164036,1.941179
2586,0.5896761,-1.46,-1.114122,1.928882
2587,0.568014,-1.46,-1.163838,1.951604
2588,0.5360305,-1.46,-1.141677,1.929341
2589,0.6094859,-1.46,-1.161695,1.962807
2590,0.5896708,-1.46,-1.1141,1.928868
2591,0.5651186,-1.46,-1.187344,1.964878
2592,-0.5558077,-1.46,-1.190014,1.963837
2593,1.185568,-0.5862883,-1.199929,1.785815
2594,1.176723,-0.5061042,-1.238118,1.781504
2595,1.160876,-0.5459918,-1.272192,1.806713
2596,1.103982,-0.5553112,-1.244276,1.753673
2597,1.178406,-0.5048377,-1.271193,1.80539
2598,1.108859,-0.569273,-1.222005,1.745548
2599,1.172071,-0.5789042,-1.279786,1.829407
2600,1.193902,-0.5608477,-1.2206,1.797169
2601,1.161666,-0.5121671,-1.233492,1.770109
2602,1.16102,-0.5310202,-1.20436,1.755116
2603,-1.036979,-0.5795364,-1.204328,1.691625
2604,0.5256723,-1.257127,-0.7624248,1.561407
2605,0.5795503,-1.265082,-0.7259728,1.569505
2606,0.5795283,-1.26508,-0.7259609,1.56949
2607,0.5627579,-1.223111,-0.7593102,1.545719
2608,0.5914774,-1.269042,-0.7899262,1.607575
2609,0.5430421,-1.246331,-0.7966244,1.575705
2610,0.5203169,-1.241498,-0.7331812,1.532841
2611,0.5150893,-1.290726,-0.7079593,1.559646
2612,-0.5472927,-1.296753,-0.7358848,1.588277
2613,-0.5807806,-1.236598,-0.795833,1.581085
2614,-0.5854095,-1.090175,-0.3572741,1.287956
2615,-0.5433511,-1.01848,-0.3106686,1.195427
2616,0.5512146,-1.46,-1.283354,2.020504
2617,0.5999827,-1.46,-1.286357,2.036245
2618,0.6112787,-1.46,-1.286315,2.039576
2619,0.5976008,-1.46,-1.230195,2.000527
2620,0.5397677,-1.46,-1.231939,1.9851
2621,0.5466331,-1.46,-1.228372,1.984768
2622,0.5976012,-1.46,-1.230209,2.000535
2623,0.5512089,-1.46,-1.283368,2.020511
2624,-0.5342161,-1.40881,-1.234138,1.947621
2625,-0.5735019,-1.46,-1.262602,2.013621
2626,1.118558,-0.5664014,-1.386689,1.869462
2627,1.113586,-0.5090212,-1.308736,1.792196
2628,1.118556,-0.5664043,-1.386682,1.869457
2629,1.107225,-0.5685235,-1.312764,1.80901
2630,1.166931,-0.5237105,-1.36273,1.868965
2631,1.107233,-0.5685194,-1.312772,1.809019
2632,1.113583,-0.5090173,-1.308749,1.792203
2633,1.156843,-0.5761909,-1.316942,1.84516
2634,1.16451,-0.5012338,-1.320037,1.83025
2635,1.121054,-0.5053101,-1.382919,1.850558
2636,1.121051,-0.5053178,-1.382919,1.850559
2637,1.18853,-0.526965,-1.383438,1.898473
2638,1.196417,-0.5581818,-1.394907,1.920611
2639,1.168357,-0.5736948,-1.382023,1.898465
2640,0.5755984,-1.23562,-0.8418335,1.602109
2641,0.5755965,-1.235628,-0.8418273,1.602112
2642,0.5537255,-1.29177,-0.8858669,1.661337
2643,0.512419,-1.241245,-0.822248,1.574596
2644,0.5295519,-1.256442,-0.8442559,1.603696
2645,-0.5317545,-1.22551,-0.8561077,1.586681
2646,-0.553008,-1.07427,-0.4208907,1.279462
2647,-0.5082945,-1.014278,-0.4377976,1.216055
2648,0.5684746,-1.46,-1.345037,2.064918
2649,0.5582398,-1.46,-1.334123,2.055022
2650,0.5697757,-1.46,-1.399345,2.10105
2651,0.5201569,-1.46,-1.393834,2.084451
2652,0.5697842,-1.46,-1.399348,2.101054
2653,0.516818,-1.46,-1.33668,2.045829
2654,0.5977811,-1.46,-1.344903,2.073091
2655,0.5146579,-1.46,-1.399563,2.086924
2656,-0.5800377,-1.46,-1.385227,2.094492
2657,-0.5421649,-1.415052,-1.372758,2.044695
2658,1.186881,-0.5840009,-1.46,1.970113
2659,1.105123,-0.5138881,-1.46,1.901835
2660,1.105254,-0.4988821,-1.46,1.897912
2661,1.156283,-0.5629613,-1.46,1.94564
2662,1.161532,-0.514595,-1.46,1.935346
2663,1.161538,-0.5145982,-1.46,1.935351
2664,1.143511,-0.5796173,-1.46,1.942981
2665,-1.018387,-0.5638263,-1.46,1.867247
2666,-1.081705,-0.4936937,-1.458221,1.88155
2667,0.5388119,-1.234797,-0.9146754,1.628396
2668,0.5388058,-1.234787,-0.9146766,1.628387
2669,0.5849003,-1.215639,-0.9001834,1.621794
2670,0.6093953,-1.260149,-0.9751426,1.705943
2671,0.577449,-1.222394,-0.9660879,1.661632
2672,0.5774497,-1.222392,-0.9660854,1.661629
2673,0.5227476,-1.251712,-0.9707882,1.668076
2674,0.5443016,-1.294938,-0.9688148,1.70638
2675,-0.5608868,-1.232986,-0.9669048,1.664258
2676,-0.539511,-1.001588,-0.5806636,1.277271
2677,-0.5695692,-1.049021,-0.5230317,1.303233
2678,0.5133837,-1.46,-1.46,2.127619
2679,0.5689862,-1.46,-1.46,2.141716
2680,0.5363296,-1.46,-1.46,2.133272
2681,0.5534095,-1.46,-1.46,2.13763
2682,0.5912571,-1.46,-1.46,2.14774
2683,-0.5262945,-1.46,-1.46,2.130771
2684,-0.5479924,-1.46,-1.46,2.136234
2685,-0.5808049,-1.46,-1.46,2.144886
2686,-0.5516974,-1.44893,-1.46,2.12964
2687,-0.577697,-1.430468,-1.46,2.124046
2688,-0.529697,-1.46,-1.46,2.131614
2689,0.5324392,-1.292171,-1.025434,1.73341
2690,0.5285708,-1.235004,-1.008246,1.679637
2691,0.5613612,-1.227229,-1.054978,1.71295
2692,0.5397811,-1.245423,-1.063043,1.724095
2693,0.5745241,-1.244296,-1.028897,1.713762
2694,0.6000547,-1.248404,-1.095072,1.765718
2695,0.6067706,-1.242496,-1.067068,1.746597
2696,0.5140597,-1.232313,-1.097437,1.728358
2697,-0.5679404,-1.267081,-1.065933,1.750504
2698,-0.5110583,-1.066509,-0.671989,1.360218
2699,-0.5887459,-1.082755,-0.6029835,1.372067
2700,0.5536609,-1.292875,-1.200676,1.84924
2701,0.5660203,-1.294091,-1.106074,1.794004
2702,0.5640986,-1.229432,-1.196913,1.806187
2703,0.548315,-1.243883,-1.124512,1.764206
2704,0.5253379,-1.212327,-1.131366,1.739456
2705,0.5856161,-1.219843,-1.119205,1.756014
2706,0.5330331,-1.250776,-1.15984,1.787119
2707,0.5641158,-1.229489,-1.196904,1.806225
2708,-0.4971248,-1.308004,-1.118596,1.791442
2709,-0.5284827,-1.222607,-1.175176,1.77626
2710,1.079257,-1.365904,0.6243358,1.849401
2711,-0.5865331,-1.017934,-0.7379104,1.387344
2712,-0.5877599,-0.8955386,-0.3908267,1.140262
2713,-0.515206,-0.8895926,-0.3617276,1.089798
2714,0.5138908,-1.245188,-1.208036,1.8094
2715,0.5250196,-1.231892,-1.263899,1.84137
2716,0.580577,-1.259735,-1.255803,1.871107
2717,0.5805693,-1.25974,-1.255805,1.87111
2718,0.5714896,-1.205048,-1.288976,1.854777
2719,0.5250438,-1.23192,-1.263915,1.841407
2720,-0.5754396,-1.300262,-1.292503,1.921555
2721,1.100875,-1.320112,0.5783256,1.813582
2722,-0.5469186,-1.026911,-0.813418,1.419618
2723,-0.4991252,-1.007109,-0.8929525,1.435534
2724,-0.5905131,-1.082044,-0.9025107,1.52776
2725,-0.5545524,-0.8735985,-0.4482191,1.127654
2726,0.5236856,-1.260453,-1.321008,1.899487
2727,0.5216841,-1.218212,-1.391487,1.92157
2728,0.5989265,-1.205402,-1.379327,1.927239
2729,0.6098059,-1.25436,-1.332114,1.928681
2730,0.5706742,-1.250037,-1.316388,1.90293
2731,0.5439755,-1.24804,-1.34121,1.911114
2732,0.5589218,-1.244776,-1.389612,1.947533
2733,0.5759724,-1.198952,-1.325167,1.877578
2734,0.6062556,-1.249552,-1.385623,1.961856
2735,0.5701969,-1.264135,-1.398977,1.969847
2736,-0.5415851,-1.257966,-1.349827,1.922974
2737,1.190447,-0.3014775,-1.459604,1.907485
2738,1.190413,-0.3014638,-1.459852,1.907651
2739,1.169138,-0.3569489,-1.459793,1.90402
2740,1.106198,-0.3354871,-1.459802,1.862055
2741,1.155942,-0.3428929,-1.459825,1.893374
2742,1.108162,-0.3539953,-1.459868,1.866695
2743,-0.5372045,-1.056143,-0.966651,1.529196
2744,-0.5064454,-0.843092,-0.5470381,1.125407
2745,-0.6067063,-0.8798233,-0.5249091,1.190677
2746,-0.5514217,-0.8154064,-0.6095379,1.157795
2747,0.6045931,-1.233086,-1.46,2.004403
2748,0.5251597,-1.235435,-1.46,1.983354
2749,0.5251676,-1.235428,-1.46,1.983351
2750,0.5559287,-1.281848,-1.46,2.020839
2751,0.5776033,-1.266324,-1.46,2.017127
2752,0.536454,-1.296089,-1.46,2.024655
2753,-0.5893548,-1.23833,-1.429991,1.981331
2754,-0.5471724,-1.208883,-1.46,1.972916
2755,-0.5043283,-1.221675,-1.397819,1.92373
2756,-0.5576391,-1.282794,-1.46,2.021911
2757,1.077322,-1.366139,0.3713795,1.779011
2758,0.5237591,-1.085111,-1.075156,1.614853
2759,0.5237674,-1.085104,-1.075175,1.614863
2760,0.5705193,-1.080587,-1.041562,1.605619
2761,0.5891901,-1.085269,-1.030075,1.608107
2762,0.5772013,-1.081275,-1.065074,1.623792
2763,0.5217514,-1.090281,-1.012719,1.576875
2764,-0.5433747,-1.039982,-1.098682,1.607458
2765,-0.5276066,-0.8249071,-0.7012225,1.204389
2766,-0.5001348,-0.8791118,-0.6278848,1.190467
2767,1.060003,-1.340887,0.2462034,1.726905
2768,1.060031,-1.340894,0.2461748,1.726923
2769,1.066699,-1.321408,0.2813924,1.72138
2770,0.6014839,-1.071388,-1.189144,1.709889
2771,0.570761,-1.055692,-1.099597,1.627688
2772,0.5496125,-1.049881,-1.131712,1.638626
2773,0.5351031,-1.029546,-1.195347,1.66588
2774,0.5962711,-1.045281,-1.14696,1.662429
2775,0.5962678,-1.045281,-1.146959,1.662427
2776,0.5395865,-1.089802,-1.147349,1.671895
2777,0.5161875,-1.027946,-1.169706,1.640529
2778,0.515599,-1.023081,-1.197347,1.657159
2779,-0.5624305,-1.072462,-1.182983,1.692912
2780,-0.5560318,-0.851976,-0.7940598,1.290568
2781,-0.5098984,-0.9006203,-0.7436385,1.274406
2782,1.090687,-1.363683,0.1100862,1.74967
2783,1.072806,-1.361706,0.1558036,1.740526
2784,1.072796,-1.361706,0.1557846,1.740518
2785,1.090702,-1.363683,0.1100828,1.74968
2786,-0.01676739,-1.323429,0.1252073,1.329444
2787,-1.153341,-1.298398,0.1875618,1.746773
2788,-1.185448,-1.311775,0.2013693,1.779491
2789,-1.185453,-1.311772,0.2013729,1.779494
2790,0.5863404,-1.087668,-1.283997,1.781983
2791,0.5577151,-1.014457,-1.264034,1.714045
2792,0.5863527,-1.087643,-1.284014,1.781985
2793,0.5417367,-1.054899,-1.244227,1.718834
2794,0.5649315,-1.016365,-1.260817,1.715169
2795,0.6084846,-1.062785,-1.233191,1.737966
2796,0.5573103,-1.067161,-1.200311,1.700051
2797,0.5199327,-1.090001,-1.256692,1.742902
2798,0.5311705,-1.095915,-1.204228,1.712699
2799,-0.5276573,-1.013229,-1.230148,1.678785
2800,-0.5752794,-1.087636,-1.269279,1.767758
2801,-0.5107917,-0.8947505,-0.8936096,1.363827
2802,1.074125,-1.378035,0.056139,1.748107
2803,1.086817,-1.380931,0.01449853,1.757371
2804,1.074124,-1.37804,0.05613105,1.748109
2805,1.086868,-1.380783,0.01423618,1.757284
2806,0.5182387,-1.042333,-1.325008,1.763711
2807,0.5204132,-1.085672,-1.387833,1.837279
2808,0.6028025,-1.01278,-1.34266,1.78657
2809,0.5776739,-1.071312,-1.38054,1.840463
2810,0.5426947,-1.073855,-1.324172,1.789166
2811,0.5429304,-1.005661,-1.383147,1.794219
2812,0.5315629,-1.056077,-1.388506,1.82368
2813,0.5748245,-1.055466,-1.332818,1.794668
2814,0.5710388,-1.034249,-1.383773,1.819501
2815,0.6036888,-1.019766,-1.305903,1.763447
2816,0.549925,-1.017789,-1.306189,1.744833
2817,-0.5551161,-1.015033,-1.379083,1.800088
2818,1.157797,-0.1131134,-1.45975,1.86659
2819,1.176692,-0.1599196,-1.459694,1.881724
2820,1.176683,-0.1599206,-1.4597,1.881723
2821,1.133562,-0.130764,-1.45995,1.852974
2822,1.128817,-0.1970304,-1.459831,1.855844
2823,1.128695,-0.1970905,-1.459666,1.855646
2824,-0.5434055,-0.8903984,-1.006516,1.449542
2825,1.096308,-1.341353,-0.04895436,1.733065
2826,1.058131,-1.383699,-0.04903257,1.742604
2827,1.096299,-1.341353,-0.04898216,1.73306
2828,1.05811,-1.3837,-0.04905215,1.742592
2829,1.047863,-1.379656,-0.06929452,1.73386
2830,-1.139614,-1.393646,-0.04147509,1.800747
2831,-1.101706,-1.364457,-0.06795797,1.755026
2832,-1.170356,-1.309807,-0.07400826,1.758068
2833,-1.175949,-1.363755,-0.08261025,1.802639
2834,-1.154546,-1.360082,-0.07754922,1.785724
2835,0.5640817,-1.034521,-1.46,1.876172
2836,0.523419,-1.051586,-1.46,1.873873
2837,0.5278587,-1.002748,-1.46,1.848172
2838,0.6042441,-1.011176,-1.46,1.87595
2839,0.5402855,-1.082946,-1.46,1.896386
2840,0.5764517,-1.052833,-1.46,1.890067
2841,-0.5838459,-1.019122,-1.46,1.873789
2842,-0.5510886,-1.086356,-1.46,1.901439
2843,-0.5818278,-0.8566554,-1.098172,1.509425
2844,1.082385,-1.337534,-0.1258352,1.725222
2845,1.099204,-1.378622,-0.1342857,1.768299
2846,1.088766,-1.302505,-0.1891646,1.708132
2847,1.082386,-1.337538,-0.1258202,1.725224
2848,1.038566,-1.382825,-0.1163589,1.73331
2849,1.082154,-1.378973,-0.1757072,1.761675
2850,1.020888,-1.380586,-0.1829919,1.726764
2851,1.020899,-1.38059,-0.1829986,1.726775
2852,1.064425,-1.33026,-0.1923129,1.714519
2853,1.08877,-1.302503,-0.1891642,1.708133
2854,1.038567,-1.382818,-0.1163765,1.733306
2855,-0.02050332,-1.375222,-0.1007745,1.379062
2856,-1.165615,-1.313563,-0.1625247,1.763667
2857,-1.168012,-1.304113,-0.1390151,1.756214
2858,-1.146309,-1.408254,-0.1147219,1.819441
2859,-1.09258,-1.379984,-0.1680532,1.768143
2860,-1.107802,-1.298075,-0.140993,1.712338
2861,-0.5850223,-0.8479337,-1.179131,1.565756
2862,1.063715,-1.376864,-0.1964536,1.750953
2863,1.03709,-1.299402,-0.2483047,1.680969
2864,1.072645,-1.304409,-0.2898639,1.713497
2865,1.075187,-1.372566,-0.2516946,1.761622
2866,1.075191,-1.372566,-0.2516868,1.761624
2867,1.039087,-1.302029,-0.2495033,1.684409
2868,1.027337,-1.369351,-0.2431145,1.72906
2869,1.02931,-1.375399,-0.2922419,1.742586
2870,1.029322,-1.375402,-0.2922366,1.742595
2871,1.103064,-1.358826,-0.2919126,1.774365
2872,-0.04672047,-1.351463,-0.2760342,1.380156
2873,-0.07030885,-1.385521,-0.2146587,1.403813
2874,-1.183591,-1.386495,-0.1944001,1.833316
2875,-1.103198,-1.337892,-0.2142625,1.747258
2876,-1.18336,-1.386215,-0.194399,1.832955
2877,-1.095584,-1.311089,-0.2362963,1.724846
2878,-1.134824,-1.367441,-0.275885,1.798286
2879,-1.095599,-1.311095,-0.2362908,1.72486
2880,-1.189138,-1.333158,-0.2466106,1.803379
2881,-0.5285105,-0.8880576,-1.232874,1.60871
2882,-0.5180149,-0.6660318,-0.8183331,1.175418
2883,1.029065,-1.348884,-0.3796402,1.738559
2884,1.076413,-1.30988,-0.3685841,1.735023
2885,1.068205,-1.367347,-0.3334031,1.766878
2886,1.0682,-1.367333,-0.3333923,1.766862
2887,1.095659,-1.379834,-0.3771935,1.801856
2888,1.101554,-1.304419,-0.3263875,1.738234
2889,1.029055,-1.348876,-0.3796321,1.738546
2890,-0.04131679,-1.386814,-0.3381455,1.428041
2891,-0.08748512,-1.336996,-0.3964486,1.397278
2892,-0.08756147,-1.337065,-0.3964925,1.397361
2893,-0.09365682,-1.307515,-0.3315246,1.352137
2894,-1.185437,-1.389467,-0.3287543,1.85579
2895,-1.123668,-1.325186,-0.3251267,1.767613
2896,-1.130578,-1.385074,-0.36131,1.824057
2897,-1.194399,-1.31143,-0.3809017,1.814255
2898,-0.5480236,-0.8040859,-1.390028,1.69678
2899,-0.5366067,-0.8722802,-1.311271,1.663806
2900,-0.5334851,-0.6593361,-0.9274303,1.256765
2901,-0.5659416,-0.6987005,-0.9807296,1.330527
2902,1.089641,-1.346699,-0.4002777,1.777959
2903,1.04908,-1.310741,-0.4597224,1.740677
2904,1.096385,-1.38165,-0.455658,1.821714
2905,1.04909,-1.310707,-0.4597412,1.740662
2906,1.033693,-1.379996,-0.4622655,1.785105
2907,1.046702,-1.381618,-0.4371018,1.7876
2908,1.096386,-1.381647,-0.4556681,1.821714
2909,1.066104,-1.379909,-0.404246,1.790011
2910,-0.0649766,-1.381318,-0.4256377,1.446869
2911,-0.002797185,-1.352787,-0.4072092,1.412749
2912,-0.07667617,-1.359426,-0.4822993,1.444483
2913,-1.145615,-1.295896,-0.4967292,1.799589
2914,-1.129998,-1.358084,-0.4068104,1.812948
2915,-1.122153,-1.403607,-0.4540177,1.853503
2916,-1.19018,-1.362982,-0.4452325,1.863459
2917,-1.18994,-1.363212,-0.4452724,1.863484
2918,-1.1759,-1.204743,-0.08371679,1.685572
2919,-1.177729,-1.166746,-0.0240908,1.657988
2920,-1.183327,-1.17343,-0.03255009,1.666811
2921,-1.147344,-1.178759,0.0113205,1.644992
2922,-1.129393,-1.136254,-0.08443205,1.604285
2923,-1.129533,-1.135728,-0.08427107,1.604003
2924,0.5095401,-0.8012368,-1.459747,1.7414
2925,0.5157449,-0.8210716,-1.459854,1.752519
2926,0.568314,-0.8770612,-1.459873,1.795396
2927,0.559579,-0.8691301,-1.459613,1.788571
2928,0.5705561,-0.8179503,-1.459743,1.767887
2929,0.5705612,-0.8179432,-1.459911,1.768025
2930,-0.5792947,-0.8069622,-1.46,1.765891
2931,-0.5534137,-0.882134,-1.46,1.793329
2932,-0.5347715,-0.8591404,-1.46,1.77643
2933,-0.5889274,-0.8529041,-1.46,1.790497
2934,1.00906,-1.388563,-0.5727906,1.80953
2935,1.009069,-1.388564,-0.5728063,1.809541
2936,1.013117,-1.302045,-0.5168735,1.728839
2937,1.040658,-1.382782,-0.5123769,1.804878
2938,1.013134,-1.302048,-0.5168832,1.728854
2939,1.07761,-1.343257,-0.5015104,1.793626
2940,1.017086,-1.319522,-0.5722688,1.76156
2941,1.068817,-1.388369,-0.5705974,1.842693
2942,1.096367,-1.317985,-0.5696999,1.806562
2943,1.04066,-1.382778,-0.5123615,1.804872
2944,1.054903,-1.330367,-0.5841445,1.795529
2945,1.07532,-1.344713,-0.5321383,1.802148
2946,1.068791,-1.388366,-0.5706006,1.842677
2947,0.00287065,-1.375587,-0.5027301,1.464577
2948,-0.06414521,-1.328334,-0.5857975,1.453185
2949,-0.01176014,-1.313721,-0.5351776,1.418596
2950,-0.07250736,-1.381766,-0.5704102,1.496631
2951,-1.188911,-1.384545,-0.5303366,1.900456
2952,-1.155922,-1.34433,-0.5692157,1.862092
2953,1.09583,-1.195731,-0.1443632,1.62833
2954,1.095824,-1.195734,-0.1443673,1.628328
2955,1.095829,-1.195727,-0.1443702,1.628326
2956,-1.192961,-1.161271,-0.1544852,1.671996
2957,-1.140221,-1.137049,-0.1841524,1.62077
2958,-1.123405,-1.194503,-0.1718719,1.648762
2959,-1.158032,-1.111991,-0.1525545,1.612711
2960,1.030289,-1.385804,-0.6252558,1.836543
2961,1.049043,-1.330863,-0.6609548,1.818941
2962,1.021952,-1.39018,-0.6569378,1.846227
2963,1.077739,-1.382087,-0.6384457,1.865288
2964,1.072519,-1.312849,-0.6275925,1.807689
2965,1.077751,-1.382089,-0.6384471,1.865297
2966,1.034494,-1.325134,-0.6135443,1.789579
2967,-0.06667427,-1.367891,-0.6348789,1.509518
2968,-0.06664494,-1.367694,-0.635002,1.509389
2969,-1.195158,-1.358455,-0.6760508,1.931541
2970,-1.107422,-1.302782,-0.6688417,1.836021
2971,-1.107323,-1.407246,-0.6349772,1.899922
2972,-0.08315549,-1.155128,-0.244038,1.18355
2973,-1.182763,-1.169737,-0.249023,1.68203
2974,-1.143684,-1.142582,-0.2636195,1.637987
2975,-0.5787279,-0.6588755,-1.219031,1.501692
2976,1.047064,-1.38932,-0.7045209,1.87694
2977,1.047055,-1.389321,-0.7045215,1.876935
2978,1.084651,-1.317332,-0.786488,1.878935
2979,1.064266,-1.318183,-0.7373741,1.847698
2980,1.103342,-1.371634,-0.7516922,1.914101
2981,1.098007,-1.384041,-0.6988462,1.899888
2982,1.059348,-1.329379,-0.7046824,1.840121
2983,1.103347,-1.371624,-0.7516923,1.914098
2984,1.045717,-1.385892,-0.7692232,1.898927
2985,1.029917,-1.303035,-0.6983063,1.801738
2986,1.041175,-1.305743,-0.7595236,1.834636
2987,1.052252,-1.384299,-0.7731933,1.902984
2988,-0.001521854,-1.398044,-0.711945,1.568884
2989,-0.0569771,-1.330509,-0.7358693,1.521514
2990,0.0004748907,-1.373572,-0.7052308,1.544037
2991,-0.09409932,-1.378844,-0.7233675,1.559912
2992,-1.158653,-1.368619,-0.7523722,1.944648
2993,-1.195189,-1.29053,-0.7895673,1.928046
2994,-1.197387,-1.385186,-0.7913095,1.994655
2995,0.4958128,-1.458866,1.027927,1.852229
2996,0.4958132,-1.459255,1.027926,1.852535
2997,1.095872,-1.196805,-0.3778115,1.666139
2998,1.095871,-1.196808,-0.3778094,1.66614
2999,-0.06694774,-1.175845,-0.3443465,1.227057
3000,-0.07116935,-1.107055,-0.3895641,1.175754
3001,-1.122803,-1.177204,-0.3790685,1.670386
3002,-1.11157,-1.16179,-0.3573085,1.647122
3003,-0.5553959,-0.6796493,-1.362726,1.620929
3004,-0.5542796,-0.657049,-1.371822,1.6189
3005,1.026675,-1.38921,-0.8768138,1.937206
3006,1.071743,-1.356126,-0.8892838,1.943846
3007,1.081875,-1.304418,-0.8441284,1.893281
3008,1.059633,-1.378186,-0.8257982,1.92462
3009,1.020976,-1.361764,-0.8076909,1.883921
3010,1.023506,-1.309512,-0.8907057,1.885667
3011,1.016446,-1.307428,-0.837637,1.855846
3012,1.090431,-1.354959,-0.8478174,1.934877
3013,1.026677,-1.38922,-0.876813,1.937214
3014,1.052136,-1.319209,-0.8110515,1.872193
3015,1.031875,-1.318422,-0.8765708,1.889809
3016,-0.08827411,-1.311012,-0.8612016,1.571055
3017,-0.02756474,-1.360659,-0.800808,1.579064
3018,-0.001872027,-1.339852,-0.880053,1.603028
3019,-0.05608605,-1.389044,-0.8407778,1.624652
3020,-1.119929,-1.367265,-0.8056266,1.942341
3021,-1.178939,-1.373794,-0.8525966,2.001032
3022,0.4334877,-1.459065,0.9193384,1.778192
3023,0.4706315,-1.459133,0.9981178,1.829427
3024,0.4334768,-1.459065,0.9193473,1.778194
3025,0.4706312,-1.459148,0.9981204,1.82944
3026,0.486916,-1.45985,0.9499917,1.808517
3027,0.4869254,-1.459315,0.9499983,1.808091
3028,1.069061,-1.155729,-0.4885434,1.648416
3029,1.069066,-1.155714,-0.4885551,1.648412
3030,-0.01239422,-1.105319,-0.4631219,1.198484
3031,-0.02105412,-1.176794,-0.4271314,1.252089
3032,-1.118326,-1.116823,-0.4518717,1.643817
3033,-1.172865,-1.155532,-0.4938652,1.718945
3034,0.5785791,-0.6791241,-1.459906,1.710932
3035,0.5181945,-0.6095042,-1.459938,1.664764
3036,0.5669674,-0.628279,-1.459782,1.68735
3037,0.5669708,-0.6282852,-1.459865,1.687425
3038,0.5786421,-0.6790815,-1.459926,1.710954
3039,-0.5263004,-0.5940518,-1.46,1.661773
3040,-0.4941724,-0.6291807,-1.46,1.664835
3041,-0.5743397,-0.6422217,-1.46,1.695263
3042,1.062733,-1.387857,-0.9173107,1.974084
3043,1.030948,-1.373304,-0.9513661,1.963139
3044,1.093386,-1.317897,-0.9733937,1.969731
3045,1.050385,-1.303601,-0.946303,1.923064
3046,1.062741,-1.387881,-0.9173109,1.974105
3047,1.093386,-1.317876,-0.9733889,1.969714
3048,1.05038,-1.303603,-0.9463004,1.923061
3049,1.069769,-1.385512,-0.9811638,2.006672
3050,1.069767,-1.385512,-0.9811544,2.006665
3051,1.007259,-1.368833,-0.9372099,1.940783
3052,-0.08018521,-1.339585,-0.9121964,1.622658
3053,-0.07274755,-1.375458,-0.9622288,1.680197
3054,-1.112291,-1.394675,-0.8935439,1.995177
3055,-1.185565,-1.381307,-0.9470935,2.051965
3056,-1.105759,-1.328219,-0.970647,1.982177
3057,0.4742792,-1.459556,0.8296775,1.744594
3058,0.4684069,-1.459365,0.8588042,1.756899
3059,0.4861106,-1.459297,0.8959178,1.780034
3060,0.4064794,-1.45921,0.8784286,1.751045
3061,0.4273881,-1.459475,0.870769,1.752417
3062,0.4143603,-1.459007,0.8188132,1.723616
3063,1.029056,-1.197205,-0.5173574,1.6613
3064,1.029058,-1.197202,-0.5173506,1.661296
3065,1.054566,-1.096053,-0.5970357,1.63398
3066,1.054606,-1.096043,-0.5969277,1.633961
3067,1.083602,-1.114253,-0.5462936,1.64748
3068,1.085145,-1.108963,-0.5211884,1.636757
3069,1.069691,-1.148051,-0.5569451,1.665066
3070,1.02929,-1.138849,-0.5859157,1.64308
3071,1.029289,-1.138842,-0.5859222,1.643077
3072,1.094536,-1.190033,-0.5496146,1.707707
3073,1.065006,-1.192642,-0.5433218,1.688736
3074,-0.111155,-1.168394,-0.5718621,1.305575
3075,-0.02522823,-1.156344,-0.5273717,1.271176
3076,1.089446,-1.300876,-1.046159,1.993394
3077,1.064526,-1.390319,-1.03649,2.034825
3078,1.045255,-1.317838,-1.023061,1.968733
3079,1.054499,-1.378613,-1.069482,2.038709
3080,1.075036,-1.380266,-1.092967,2.062865
3081,1.089451,-1.300874,-1.046152,1.993392
3082,1.017584,-1.388329,-1.010562,1.996039
3083,1.097784,-1.369407,-1.032699,2.036387
3084,1.045251,-1.317832,-1.023064,1.968729
3085,1.023147,-1.385278,-1.065262,2.024996
3086,1.017549,-1.38833,-1.01055,1.996015
3087,-0.01064542,-1.321413,-1.017216,1.667625
3088,-0.08807328,-1.389282,-1.056705,1.747709
3089,-0.01594366,-1.308297,-1.102721,1.711107
3090,-0.03899197,-1.354035,-1.103396,1.747116
3091,-1.138562,-1.344831,-1.062055,2.05739
3092,-1.20276,-1.308392,-1.008715,2.043533
3093,0.4045694,-1.459372,0.8006751,1.713045
3094,0.4565772,-1.459735,0.7844889,1.718928
3095,0.4565899,-1.459373,0.7844841,1.718622
3096,0.4315321,-1.45907,0.7330241,1.688914
3097,0.4315475,-1.459036,0.7330312,1.688891
3098,1.007491,-1.131628,-0.6547186,1.650538
3099,1.044212,-1.1822,-0.6449335,1.704088
3100,1.044207,-1.1822,-0.6449381,1.704086
3101,1.094416,-1.124038,-0.6693559,1.705651
3102,1.10105,-1.138155,-0.6243197,1.702199
3103,1.008739,-1.097509,-0.688673,1.642057
3104,1.036889,-1.12456,-0.6914689,1.678661
3105,1.084973,-1.156651,-0.6276696,1.705572
3106,0.002138436,-1.105971,-0.6051797,1.260721
3107,-0.05376763,-1.178247,-0.64512,1.344372
3108,-1.168445,-1.142995,-0.6257865,1.750231
3109,-1.191951,-0.9591718,-0.268848,1.553395
3110,1.009588,-1.317601,-1.141289,2.014418
3111,1.029583,-1.387147,-1.124539,2.061263
3112,1.029577,-1.387149,-1.124535,2.061259
3113,1.071694,-1.387718,-1.161501,2.103182
3114,1.10169,-1.310213,-1.173966,2.075711
3115,1.071679,-1.38772,-1.161489,2.103169
3116,1.020062,-1.331184,-1.170262,2.045016
3117,1.081797,-1.336795,-1.112224,2.04801
3118,1.100137,-1.330305,-1.125889,2.060981
3119,1.061807,-1.320898,-1.155906,2.051421
3120,1.056542,-1.317176,-1.194899,2.068579
3121,-0.008882204,-1.390385,-1.136322,1.795683
3122,-0.01190366,-1.321369,-1.182594,1.773326
3123,-0.07709436,-1.352202,-1.15902,1.782616
3124,-1.131997,-1.289261,-1.148391,2.064561
3125,-1.17705,-1.391426,-1.120062,2.139171
3126,0.4013627,-1.459062,0.6780236,1.658213
3127,0.4691578,-1.459377,0.6953437,1.683268
3128,0.4430466,-1.458714,0.6430456,1.654583
3129,0.4430411,-1.459308,0.6430574,1.65511
3130,0.4882718,-1.459419,0.6177921,1.658307
3131,0.4691195,-1.458985,0.6953136,1.682906
3132,1.08303,-1.170337,-0.7618654,1.767224
3133,1.044681,-1.170031,-0.7684706,1.746676
3134,1.07556,-1.138777,-0.7097631,1.719711
3135,1.0578,-1.113117,-0.7618991,1.714194
3136,1.060043,-1.184011,-0.7111719,1.741074
3137,1.038358,-1.168221,-0.7137166,1.718232
3138,-0.08317345,-1.157135,-0.7738654,1.394541
3139,-0.01446629,-1.171206,-0.7251536,1.377599
3140,-0.01279591,-1.199335,-0.7323599,1.405318
3141,-1.132241,-1.101043,-0.7533779,1.749812
3142,-1.170543,-1.175974,-0.715033,1.806754
3143,-1.186583,-0.9022859,-0.3590126,1.533294
3144,1.056677,-1.392088,-1.277203,2.164653
3145,1.028105,-1.335991,-1.2999,2.128758
3146,1.05667,-1.392096,-1.277203,2.164655
3147,1.068067,-1.375997,-1.218036,2.125499
3148,1.014844,-1.389099,-1.290415,2.150506
3149,1.011832,-1.318047,-1.221144,2.062097
3150,1.061644,-1.332036,-1.239689,2.106712
3151,1.089772,-1.328441,-1.283989,2.14499
3152,1.030819,-1.386951,-1.204296,2.106312
3153,1.048792,-1.301639,-1.262363,2.094706
3154,1.095439,-1.315663,-1.225361,2.105342
3155,1.024439,-1.389334,-1.219788,2.113671
3156,0.0002954094,-1.312024,-1.237362,1.803462
3157,-0.008176551,-1.344985,-1.258365,1.841884
3158,-0.0556325,-1.403031,-1.229131,1.866106
3159,-0.02592854,-1.330385,-1.304396,1.863343
3160,-1.110062,-1.353563,-1.225283,2.136747
3161,-1.159916,-1.383071,-1.276063,2.210572
3162,0.4730256,-1.459303,0.5249281,1.621378
3163,0.4131303,-1.458919,0.5330056,1.607239
3164,0.4572704,-1.46,0.5735433,1.633906
3165,0.4053753,-1.459572,0.6002328,1.629405
3166,0.4131614,-1.459088,0.5329564,1.607383
3167,0.4572586,-1.459238,0.5735384,1.63322
3168,0.4053709,-1.45957,0.6002237,1.629399
3169,-0.6188064,-1.444706,0.5077175,1.651628
3170,-0.6188079,-1.444706,0.5077085,1.651625
3171,1.036169,-1.125896,-0.8197807,1.735894
3172,1.068762,-1.122468,-0.8300722,1.758183
3173,1.096832,-1.133894,-0.8679756,1.800594
3174,1.050593,-1.13045,-0.8746241,1.773874
3175,1.018733,-1.142925,-0.8689705,1.760455
3176,1.019423,-1.140005,-0.7997791,1.725828
3177,1.069185,-1.175329,-0.807826,1.782453
3178,1.092176,-1.187321,-0.85955,1.827951
3179,1.08116,-1.176368,-0.8390648,1.804655
3180,-0.0233434,-1.101097,-0.8438408,1.387454
3181,-1.125528,-1.176394,-0.8287168,1.826879
3182,-0.06929498,-0.9651746,-0.451769,1.067923
3183,-1.177885,-0.9694673,-0.4698989,1.596272
3184,1.005716,-1.324448,-1.350279,2.142168
3185,1.021984,-1.383385,-1.33835,2.179309
3186,1.068356,-1.346902,-1.392862,2.212599
3187,1.054484,-1.328005,-1.32607,2.152672
3188,1.07764,-1.395611,-1.343768,2.216924
3189,1.068362,-1.346897,-1.392857,2.212595
3190,1.080281,-1.329616,-1.314548,2.15938
3191,1.026595,-1.396099,-1.352742,2.198386
3192,1.077644,-1.395612,-1.343779,2.216932
3193,1.089497,-1.381736,-1.397777,2.247216
3194,1.02984,-1.312868,-1.383952,2.167836
3195,-0.03566707,-1.356666,-1.364544,1.924525
3196,-1.180142,-1.321263,-1.386108,2.249393
3197,-1.123197,-1.353531,-1.353669,2.219468
3198,0.5937718,-0.4260423,-1.459633,1.632362
3199,0.5905291,-0.4188206,-1.459671,1.629348
3200,0.5335439,-0.4210875,-1.459455,1.609966
3201,0.5335427,-0.4210658,-1.459455,1.609961
3202,0.5543395,-0.4722657,-1.459752,1.63132
3203,0.554341,-0.4722732,-1.459622,1.631206
3204,-0.5868055,-0.4724455,-1.46,1.642908
3205,0.4814088,-1.459377,0.4987409,1.615636
3206,0.4359746,-1.458636,0.4802012,1.596336
3207,0.4359772,-1.458651,0.4802006,1.59635
3208,0.4750827,-1.46,0.4275751,1.593777
3209,0.4750762,-1.459489,0.4276559,1.593328
3210,-0.6157215,-1.459781,0.4142067,1.637572
3211,-0.6157211,-1.459807,0.4142071,1.637594
3212,1.029054,-1.125377,-0.9596431,1.801761
3213,1.067474,-1.14097,-0.9336478,1.820168
3214,1.067478,-1.14097,-0.9336464,1.82017
3215,1.017308,-1.160734,-0.9415743,1.807977
3216,-0.09497334,-1.097232,-0.9934204,1.483179
3217,-0.06523116,-1.152404,-0.9450567,1.491785
3218,-1.15658,-1.108698,-0.9006283,1.837939
3219,-1.127315,-1.184718,-0.9371246,1.884834
3220,-0.01813552,-0.9298658,-0.5262401,1.068601
3221,-0.0055544,-0.9417011,-0.5486221,1.089871
3222,-1.113725,-0.9782628,-0.5390709,1.577333
3223,-1.213759,-0.986401,-0.573341,1.665809
3224,1.031904,-1.385851,-1.46,2.262081
3225,1.032639,-1.385903,-1.46,2.262448
3226,1.069581,-1.319112,-1.46,2.239567
3227,1.06958,-1.319132,-1.46,2.239578
3228,1.080413,-1.384673,-1.46,2.283903
3229,1.015257,-1.324307,-1.46,2.217236
3230,1.079506,-1.384631,-1.46,2.283448
3231,1.024473,-1.393231,-1.400567,2.22536
3232,1.024488,-1.393239,-1.400543,2.225357
3233,1.015255,-1.324303,-1.46,2.217233
3234,0.006827747,-1.391481,-1.420342,1.988375
3235,-0.04534665,-1.37146,-1.41969,1.974456
3236,-0.08291695,-1.3936,-1.46,2.020048
3237,-0.0350058,-1.345269,-1.46,1.985591
3238,-0.06199234,-1.368847,-1.46,2.002295
3239,-1.102489,-1.377846,-1.46,2.290315
3240,-1.106649,-1.339068,-1.46,2.269223
3241,-1.153854,-1.363944,-1.46,2.307232
3242,-1.147334,-1.389693,-1.438552,2.305874
3243,-1.13163,-1.407067,-1.46,2.322073
3244,-1.125495,-1.318298,-1.46,2.26633
3245,-1.113087,-1.307429,-1.433535,2.236819
3246,0.4772623,-1.46,0.3409964,1.573422
3247,0.4772919,-1.46,0.3410266,1.573438
3248,0.4311373,-1.46,0.3349202,1.558734
3249,0.4378599,-1.456639,0.3931496,1.571014
3250,0.4379254,-1.459742,0.3931287,1.573905
3251,0.4345828,-1.425691,0.3087173,1.522092
3252,0.4345577,-1.42569,0.3087329,1.522087
3253,-0.6235607,-1.420761,0.3275038,1.585764
3254,-0.6235608,-1.420759,0.3275052,1.585763
3255,-0.674031,-1.452354,0.3900787,1.647972
3256,-0.6354483,-1.459106,0.3306036,1.625449
3257,-0.6740288,-1.452352,0.3900791,1.647969
3258,-0.6855646,-1.457175,0.3407734,1.646052
3259,-0.6855478,-1.457172,0.3407753,1.646042
3260,-0.6300905,-1.457548,0.3652338,1.629373
3261,1.090378,-1.174183,-1.096167,1.941446
3262,1.077916,-1.157824,-1.051476,1.89949
3263,1.076668,-1.193609,-1.019476,1.903483
3264,1.018366,-1.153401,-1.074774,1.876844
3265,1.018358,-1.153399,-1.07477,1.876836
3266,1.037737,-1.15576,-1.010905,1.85327
3267,1.037744,-1.155757,-1.0109,1.853269
3268,1.065679,-1.141979,-1.088082,1.903604
3269,1.080791,-1.141256,-1.000035,1.862966
3270,-0.02696863,-1.186933,-1.027717,1.570267
3271,-0.04408878,-1.180475,-1.096231,1.611579
3272,-0.02465934,-1.108452,-1.045059,1.523621
3273,-1.113329,-1.11872,-1.098404,1.922896
3274,-1.171154,-1.156968,-1.016246,1.934666
3275,1.091052,-0.939994,-0.6755303,1.590699
3276,1.091053,-0.9399861,-0.6755281,1.590694
3277,-0.04078639,-0.9126562,-0.6006011,1.09331
3278,-0.02265654,-0.9256578,-0.6284454,1.119062
3279,-1.195098,-0.9431716,-0.6561671,1.657826
3280,-1.124374,-0.9565374,-0.608868,1.596841
3281,-1.118101,-0.910896,-0.674243,1.592007
3282,0.4779175,-1.46,0.2775034,1.561094
3283,0.465615,-1.454211,0.2236958,1.543232
3284,0.4653117,-1.46,0.2235775,1.548581
3285,0.4153361,-1.46,0.2568072,1.539498
3286,0.4778999,-1.46,0.2774952,1.561087
3287,0.415346,-1.46,0.2568524,1.539508
3288,-0.6927842,-1.451143,0.2763593,1.631607
3289,-0.6929067,-1.46,0.277479,1.63973
3290,-0.6393746,-1.46,0.2693907,1.616469
3291,-0.6001686,-1.459993,0.2327633,1.595607
3292,-0.6002755,-1.46,0.2329232,1.595677
3293,-0.6393709,-1.46,0.269363,1.616463
3294,-0.6655294,-1.46,0.2292156,1.620824
3295,1.094787,-1.115356,-1.121163,1.92343
3296,1.0722,-1.128684,-1.174306,1.950009
3297,1.058473,-1.185364,-1.127897,1.948744
3298,1.045197,-1.154744,-1.162937,1.943783
3299,1.0344,-1.109196,-1.12417,1.887871
3300,1.01858,-1.183811,-1.125879,1.925232
3301,-0.08804242,-1.112597,-1.189907,1.631411
3302,-0.05061467,-1.188327,-1.130566,1.640994
3303,-0.002595306,-1.108951,-1.127898,1.58175
3304,-0.05791685,-1.100085,-1.143083,1.587507
3305,-0.02120527,-1.167803,-1.164078,1.649027
3306,-0.09945965,-1.119196,-1.10789,1.577946
3307,-1.164425,-1.162118,-1.16442,2.015509
3308,1.063007,-0.9614021,-0.7941747,1.638594
3309,1.08313,-0.9201153,-0.7717448,1.617211
3310,1.083125,-0.9201191,-0.7717515,1.617214
3311,1.059176,-0.9859579,-0.7828608,1.645247
3312,1.062626,-0.9906384,-0.7562855,1.637836
3313,-0.07440592,-0.9507433,-0.7092842,1.1885
3314,-1.188108,-0.9253059,-0.737107,1.676639
3315,0.4747319,-1.459201,0.1525219,1.542044
3316,0.4237249,-1.46,0.1873498,1.531745
3317,0.4747363,-1.459261,0.1525374,1.542104
3318,0.4237238,-1.46,0.1873468,1.531744
3319,0.4148277,-1.459993,0.1290741,1.52326
3320,0.4141249,-1.459949,0.1297016,1.52308
3321,-0.6769685,-1.46,0.1131046,1.613282
3322,-0.615822,-1.46,0.1718602,1.593855
3323,-0.6485294,-1.46,0.2060111,1.610786
3324,-0.6941237,-1.46,0.1546475,1.623984
3325,-0.6585281,-1.46,0.1556461,1.609188
3326,-0.6246301,-1.46,0.1284107,1.593189
3327,-0.6535853,-1.46,0.187887,1.610613
3328,1.010182,-1.144399,-1.199871,1.941599
3329,1.06745,-1.117003,-1.296618,2.017018
3330,1.056661,-1.117324,-1.262054,1.989403
3331,1.054065,-1.169524,-1.275516,2.026272
3332,1.081932,-1.18053,-1.199613,2.000825
3333,1.045084,-1.167294,-1.209833,1.979513
3334,1.036999,-1.10177,-1.21274,1.939073
3335,1.08315,-1.162465,-1.240048,2.015505
3336,1.095253,-1.113552,-1.222385,1.983382
3337,1.013227,-1.178543,-1.27007,2.007155
3338,-0.0332554,-1.143926,-1.224067,1.675713
3339,0.005012878,-1.106053,-1.246806,1.666705
3340,-0.03183567,-1.18326,-1.281497,1.74452
3341,-0.009080093,-1.140752,-1.294944,1.725769
3342,-0.05228517,-1.133773,-1.257964,1.694299
3343,-1.14975,-1.176652,-1.284495,2.087191
3344,1.043062,-0.9658808,-0.8488328,1.655724
3345,1.078763,-0.9336302,-0.824751,1.647911
3346,1.029432,-0.9904469,-0.882484,1.679135
3347,1.038077,-0.9879159,-0.8458046,1.664021
3348,1.062397,-0.9560577,-0.8674905,1.671907
3349,-0.07268337,-0.9181778,-0.8903713,1.281052
3350,-1.156939,-0.9330905,-0.8043874,1.690031
3351,-1.133298,-0.8967887,-0.9122468,1.709031
3352,0.4085357,-1.457642,0.04662627,1.514528
3353,0.4085377,-1.457641,0.04663845,1.514528
3354,0.462447,-1.46,0.04240149,1.532076
3355,0.4624556,-1.46,0.04238436,1.532078
3356,0.4725067,-1.46,0.1017162,1.537924
3357,0.472488,-1.459071,0.1016528,1.537032
3358,0.4225712,-1.46,0.08822774,1.522482
3359,-0.6544463,-1.45889,0.09134469,1.601563
3360,-0.6077647,-1.46,0.05453048,1.582388
3361,-0.6638306,-1.444129,0.0669265,1.590804
3362,-0.607766,-1.46,0.05453977,1.582389
3363,-0.6647797,-1.46,0.0308136,1.604519
3364,-0.5969045,-1.46,0.1032846,1.580684
3365,1.008287,-1.166022,-1.320001,2.029446
3366,1.053145,-1.172017,-1.395322,2.104676
3367,1.070849,-1.100094,-1.385862,2.068221
3368,1.04866,-1.173123,-1.327579,2.05873
3369,1.066321,-1.138825,-1.343759,2.059042
3370,1.021881,-1.110515,-1.391662,2.052854
3371,1.010317,-1.165812,-1.370522,2.063538
3372,1.02188,-1.110514,-1.391653,2.052846
3373,1.05316,-1.171968,-1.395338,2.104667
3374,1.029897,-1.115973,-1.323249,2.014217
3375,0.002537132,-1.105321,-1.310114,1.7141
3376,-0.05599232,-1.130903,-1.344345,1.757652
3377,-0.07681862,-1.173784,-1.396543,1.825925
3378,-0.008155316,-1.195036,-1.366332,1.815225
3379,-0.03615674,-1.11358,-1.39912,1.788548
3380,-0.05609332,-1.130953,-1.34451,1.757814
3381,-0.008042965,-1.194886,-1.366033,1.814901
3382,-0.06968941,-1.196746,-1.348163,1.804052
3383,-0.08785236,-1.129891,-1.39646,1.798464
3384,-1.108295,-1.152354,-1.347134,2.090696
3385,1.075537,-0.9457906,-0.976038,1.733191
3386,1.075534,-0.9457899,-0.9760422,1.733191
3387,1.012282,-0.9751934,-0.91666,1.678089
3388,1.02968,-0.9683893,-0.9646235,1.711291
3389,1.012287,-0.9751965,-0.9166433,1.678085
3390,1.092007,-0.9362552,-0.9181186,1.706457
3391,1.07171,-0.9010548,-0.9105097,1.670177
3392,1.075802,-0.9726573,-0.9178358,1.716344
3393,-0.02718455,-0.9405958,-0.9461931,1.334444
3394,0.4726647,-1.46,-0.09004962,1.537245
3395,0.4726633,-1.46,-0.0900322,1.537243
3396,0.4616361,-1.446057,-0.0008707566,1.517956
3397,0.430823,-1.46,-0.03831729,1.52272
3398,0.4148901,-1.422372,-0.04826337,1.482432
3399,0.4954744,-1.46,-0.02900572,1.542056
3400,0.4269654,-1.46,-0.06660727,1.522608
3401,0.4490695,-1.46,-0.01329471,1.52756
3402,0.5068128,-1.444738,-0.03715416,1.531505
3403,-0.6080978,-1.46,-0.002926087,1.581579
3404,-0.6391978,-1.46,-0.08613548,1.596118
3405,-0.6161943,-1.46,0.01094232,1.584745
3406,-0.6647455,-1.46,0.0101596,1.604241
3407,-0.6783932,-1.46,-0.0336979,1.610265
3408,-0.7004278,-1.46,-0.02118842,1.619459
3409,-0.6203471,-1.431159,-0.04891337,1.56059
3410,-0.6201796,-1.431376,-0.04892788,1.560723
3411,1.058353,-1.130209,-1.46,2.128165
3412,1.035489,-1.194203,-1.46,2.151734
3413,1.073004,-1.099881,-1.46,2.119594
3414,1.035612,-1.131702,-1.46,2.117744
3415,1.087636,-1.177237,-1.46,2.16805
3416,1.08762,-1.177246,-1.46,2.168046
3417,1.00806,-1.148704,-1.46,2.1136
3418,-0.08722012,-1.142375,-1.46,1.855863
3419,0.00688558,-1.176694,-1.46,1.875169
3420,-0.03914459,-1.116379,-1.46,1.838324
3421,-0.06542638,-1.164467,-1.46,1.868653
3422,-0.04021789,-1.18678,-1.46,1.881931
3423,-0.01510426,-1.180929,-1.435968,1.859254
3424,-0.004552673,-1.124048,-1.46,1.842581
3425,-1.175701,-1.173949,-1.46,2.211793
3426,-1.135835,-1.153538,-1.438448,2.165618
3427,-1.113115,-1.168837,-1.46,2.17642
3428,-1.15842,-1.107201,-1.46,2.167817
3429,1.098795,-0.9628113,-1.088543,1.82189
3430,1.048213,-0.913601,-1.056789,1.746488
3431,1.059346,-0.9284668,-1.078766,1.774261
3432,1.057409,-0.9750155,-1.023865,1.765522
3433,1.080007,-0.9047214,-1.034903,1.748131
3434,1.098982,-0.9469549,-1.036885,1.783148
3435,1.057277,-0.9769901,-1.041492,1.776809
3436,-0.05930218,-0.9283401,-1.041888,1.396733
3437,-0.02391661,-0.9817545,-1.007395,1.406862
3438,-1.113362,-0.9572548,-1.01768,1.786501
3439,0.4172982,-1.46,-0.1184828,1.523081
3440,0.4172699,-1.46,-0.1184532,1.523071
3441,0.4674137,-1.459974,-0.1428388,1.539611
3442,0.4674112,-1.459975,-0.1428424,1.539612
3443,-0.675876,-1.46,-0.1732449,1.618154
3444,-0.6505071,-1.432476,-0.1367088,1.579188
3445,-0.6272863,-1.46,-0.09916635,1.592144
3446,-0.6504291,-1.432315,-0.1366222,1.579003
3447,1.048193,-0.9774008,-1.110076,1.812813
3448,1.040339,-0.9146134,-1.132833,1.78945
3449,1.040363,-0.9146085,-1.132842,1.789468
3450,1.022657,-0.9703377,-1.157842,1.824275
3451,1.013634,-0.9461138,-1.187675,1.825694
3452,1.05652,-0.9701291,-1.172997,1.852919
3453,1.049167,-0.9771863,-1.108033,1.81201
3454,1.087288,-0.9242047,-1.162205,1.840399
3455,-1.129616,-0.9480485,-1.140804,1.864474
3456,0.4494612,-1.46,-0.1953388,1.540056
3457,0.4632846,-1.46,-0.2635727,1.554253
3458,0.42308,-1.446171,-0.2813149,1.532823
3459,0.4230821,-1.446171,-0.2813172,1.532823
3460,0.455368,-1.46,-0.2406179,1.548179
3461,0.506911,-1.447475,-0.2360991,1.551736
3462,0.4494785,-1.46,-0.1953258,1.540059
3463,0.5069503,-1.451337,-0.2357874,1.555305
3464,-0.6454552,-1.456808,-0.3038903,1.622113
3465,-0.6463027,-1.454902,-0.3035591,1.620677
3466,-0.6941434,-1.46,-0.2212473,1.631682
3467,1.050583,-0.9476381,-1.21321,1.863765
3468,1.057036,-0.9215983,-1.235274,1.868842
3469,1.02589,-0.9733296,-1.234499,1.877181
3470,1.101959,-0.9724396,-1.229388,1.916075
3471,1.100194,-0.9553148,-1.269353,1.932436
3472,1.09912,-0.9022789,-1.249984,1.893312
3473,1.070942,-0.9813688,-1.2577,1.921408
3474,-0.04302707,-0.9094748,-1.283716,1.573824
3475,-0.06840759,-0.9824435,-1.248112,1.589861
3476,-0.08820251,-0.8947341,-1.269581,1.555688
3477,-1.165141,-0.9017861,-1.218361,1.911851
3478,0.4561221,-1.46,-0.3346615,1.565773
3479,0.4951486,-1.46,-0.297741,1.570166
3480,0.4951394,-1.46,-0.2976724,1.57015
3481,0.440055,-1.443546,-0.3858252,1.557669
3482,0.4400567,-1.443543,-0.3858227,1.557667
3483,0.4559584,-1.46,-0.3344339,1.565677
3484,-0.6138018,-1.46,-0.3784706,1.628371
3485,-0.7090746,-1.46,-0.3154627,1.653452
3486,1.015122,-0.9063544,-1.388023,1.943851
3487,1.082121,-0.986824,-1.341695,1.986191
3488,1.084624,-0.9191983,-1.332726,1.948716
3489,1.049171,-0.9258249,-1.299738,1.909773
3490,1.023825,-0.9817297,-1.389077,1.985333
3491,1.078982,-0.9787581,-1.303939,1.955102
3492,1.088524,-0.9024001,-1.302656,1.922531
3493,1.026855,-0.9748048,-1.32622,1.939983
3494,1.055689,-0.9675008,-1.386713,1.993367
3495,1.052424,-0.9308234,-1.383619,1.97191
3496,1.038128,-0.9229923,-1.335437,1.926919
3497,-0.02804783,-0.9688182,-1.348558,1.660724
3498,-0.06091557,-0.9079878,-1.381416,1.654226
3499,-0.03667982,-0.9614434,-1.288938,1.60844
3500,-0.08553825,-0.9631147,-1.324159,1.639604
3501,-0.02693524,-0.904581,-1.356261,1.630471
3502,-0.0792559,-0.9721073,-1.351924,1.667025
3503,-1.151223,-0.9479693,-1.37453,2.028126
3504,1.07496,-0.742799,-0.9496687,1.615289
3505,1.080378,-0.7892095,-0.8993921,1.612133
3506,1.074965,-0.7428004,-0.9496606,1.615289
3507,1.044524,-0.7620202,-0.9862509,1.62616
3508,1.053212,-0.7933195,-0.9052946,1.599428
3509,-0.013138,-0.7497358,-1.000035,1.249938
3510,-0.06007233,-0.7250653,-0.9918745,1.230099
3511,-1.13409,-0.7279696,-0.9256569,1.634913
3512,0.4678352,-1.46,-0.449209,1.597579
3513,0.4509273,-1.46,-0.4354938,1.588896
3514,0.4381486,-1.46,-0.4929255,1.602046
3515,0.4381622,-1.46,-0.492947,1.602056
3516,0.501367,-1.46,-0.4849438,1.618067
3517,0.5013533,-1.46,-0.4849553,1.618066
3518,0.4931945,-1.46,-0.4039662,1.59312
3519,0.4931633,-1.46,-0.4039737,1.593112
3520,-0.6133505,-1.46,-0.4749221,1.653285
3521,-0.656128,-1.46,-0.4330283,1.658197
3522,1.090429,-0.9720184,-1.46,2.065298
3523,1.058397,-0.9387591,-1.46,2.032996
3524,1.100309,-0.9159781,-1.46,2.044822
3525,1.05403,-0.9189248,-1.46,2.021633
3526,1.012542,-0.9452885,-1.46,2.012563
3527,1.045248,-0.9961075,-1.46,2.053381
3528,1.045269,-0.9960923,-1.46,2.053385
3529,-0.05939212,-0.9494051,-1.46,1.742555
3530,-0.07931967,-1.004892,-1.46,1.774176
3531,-0.006824881,-0.9735685,-1.46,1.754845
3532,-0.05576612,-0.972202,-1.397997,1.703726
3533,-1.12667,-0.9837908,-1.46,2.090175
3534,-1.15033,-0.9150918,-1.46,2.071775
3535,-1.111715,-0.9939816,-1.46,2.086986
3536,1.034335,-0.7032422,-1.087171,1.657208
3537,1.001059,-0.7922835,-1.071196,1.666521
3538,0.9994326,-0.7541927,-1.060898,1.64109
3539,1.034335,-0.7032391,-1.087171,1.657207
3540,0.9994337,-0.7541929,-1.060892,1.641087
3541,1.001064,-0.7922887,-1.071199,1.666529
3542,1.06096,-0.7427187,-1.018029,1.647316
3543,1.060951,-0.7427222,-1.018014,1.647302
3544,-0.04418242,-0.7075554,-1.031843,1.251913
3545,-0.02103122,-0.7852181,-1.018024,1.285839
3546,-1.131782,-0.7991652,-1.071565,1.751527
3547,0.4459051,-1.46,-0.5958205,1.638729
3548,0.4459042,-1.46,-0.5958195,1.638729
3549,0.4751131,-1.46,-0.5421619,1.628273
3550,0.4751036,-1.46,-0.5421549,1.628268
3551,-0.6922594,-1.46,-0.5716646,1.71395
3552,-0.6332636,-1.46,-0.5364242,1.679397
3553,0.4642416,-1.267455,-0.1614673,1.359424
3554,0.4520555,-1.261645,-0.1604087,1.349753
3555,-0.6629216,-1.263348,-0.1005729,1.430255
3556,-0.609148,-1.256173,-0.1208763,1.4013
3557,-0.6629184,-1.263352,-0.1005751,1.430257
3558,1.002432,-0.7247869,-1.147309,1.687159
3559,1.030307,-0.7498088,-1.156784,1.721016
3560,1.047579,-0.726269,-1.191124,1.74461
3561,1.052133,-0.7825103,-1.129755,1.730796
3562,1.084863,-0.733368,-1.133121,1.731681
3563,1.052129,-0.7825085,-1.129755,1.730792
3564,1.00245,-0.7248352,-1.147292,1.687178
3565,-0.08170401,-0.7494969,-1.16242,1.385512
3566,-1.159753,-0.7385739,-1.170375,1.805629
3567,0.433879,-1.46,-0.6573007,1.658884
3568,0.4338807,-1.46,-0.6572969,1.658883
3569,0.499298,-1.46,-0.6094473,1.659013
3570,0.4285956,-1.396639,-0.6557803,1.601356
3571,0.4849694,-1.46,-0.6722164,1.67889
3572,0.4838583,-1.46,-0.6572639,1.672637
3573,0.4992904,-1.46,-0.609439,1.659008
3574,0.4285723,-1.396634,-0.6557715,1.601343
3575,-0.6394839,-1.46,-0.6459413,1.71982
3576,-0.6063718,-1.417732,-0.6113836,1.658746
3577,-0.623888,-1.23955,-0.2884254,1.41736
3578,-0.7055609,-1.299398,-0.2696854,1.502991
3579,1.024585,-0.7177275,-1.207047,1.738353
3580,1.033206,-0.7886792,-1.211812,1.777081
3581,1.005598,-0.7857988,-1.253087,1.788557
3582,1.005594,-0.7858002,-1.253089,1.788556
3583,1.033205,-0.7886798,-1.211812,1.777081
3584,-0.07035001,-0.8081367,-1.210167,1.456893
3585,-0.07031016,-0.808122,-1.210132,1.456854
3586,-0.08765265,-0.7449965,-1.295075,1.496637
3587,-1.135913,-0.7864577,-1.248413,1.862082
3588,0.4371649,-1.405924,-0.7316404,1.64409
3589,0.4371734,-1.40592,-0.7315888,1.644067
3590,0.4677021,-1.46,-0.72095,1.694141
3591,0.4622691,-1.46,-0.7740197,1.715925
3592,0.4677082,-1.46,-0.720955,1.694145
3593,0.4609384,-1.46,-0.7943063,1.724815
3594,0.5110977,-1.46,-0.7501576,1.719173
3595,0.513211,-1.46,-0.734553,1.713054
3596,0.4179435,-1.46,-0.7166673,1.679253
3597,0.4169068,-1.46,-0.7717645,1.703242
3598,0.4148723,-1.46,-0.7870757,1.709739
3599,-0.6169372,-1.46,-0.7068023,1.735448
3600,-0.6703795,-1.46,-0.7102301,1.756541
3601,-0.642748,-1.46,-0.8024826,1.785694
3602,1.048734,-0.7769348,-1.309274,1.848694
3603,1.048717,-0.7584758,-1.38812,1.897885
3604,1.042105,-0.7527193,-1.375775,1.882904
3605,1.015682,-0.729777,-1.300594,1.804364
3606,1.015677,-0.7297828,-1.300589,1.80436
3607,1.048741,-0.7769287,-1.30927,1.848692
3608,1.07346,-0.7168106,-1.378618,1.888577
3609,1.000656,-0.7276224,-1.38397,1.856373
3610,1.100225,-0.7542409,-1.386595,1.924063
3611,1.043498,-0.6980529,-1.38218,1.867241
3612,1.008669,-0.7047186,-1.348208,1.825296
3613,-0.02930813,-0.7890278,-1.373703,1.584451
3614,-0.05206687,-0.7863206,-1.380357,1.589464
3615,-1.200778,-0.7838861,-1.320042,1.949065
3616,-1.151428,-0.7426909,-1.370272,1.937788
3617,0.4293607,-1.46,-0.8412362,1.738859
3618,0.5067503,-1.46,-0.8648474,1.770976
3619,0.5067513,-1.46,-0.8648214,1.770964
3620,0.5076242,-1.46,-0.8023261,1.741554
3621,0.5076255,-1.46,-0.8023382,1.74156
3622,0.4665204,-1.46,-0.8444379,1.749948
3623,0.4532551,-1.46,-0.8691513,1.75854
3624,-0.6316617,-1.46,-0.8739243,1.815032
3625,0.4348827,-1.247199,-0.4709786,1.402302
3626,0.4939741,-1.267469,-0.4796255,1.442404
3627,0.4939662,-1.267473,-0.4796171,1.442402
3628,0.4396284,-1.27316,-0.4054251,1.40662
3629,0.4396051,-1.273164,-0.405421,1.406615
3630,0.4815372,-1.296105,-0.4509427,1.454343
3631,0.4800836,-1.287448,-0.3991925,1.430859
3632,0.4800933,-1.287449,-0.3991942,1.430863
3633,0.4398073,-1.244585,-0.4703494,1.401303
3634,-0.612274,-1.216927,-0.4732351,1.442131
3635,1.064168,-0.6993091,-1.46,1.937288
3636,1.012301,-0.7463654,-1.46,1.927022
3637,1.006762,-0.7228206,-1.46,1.915108
3638,1.0682,-0.7500914,-1.46,1.958389
3639,1.068201,-0.7500839,-1.46,1.958387
3640,0.0004770354,-0.7092178,-1.399353,1.568815
3641,-0.003362298,-0.726661,-1.46,1.630843
3642,-0.04251914,-0.7688926,-1.46,1.650637
3643,-0.0425186,-0.768892,-1.46,1.650637
3644,-1.165115,-0.7829786,-1.424214,1.999733
3645,-1.138312,-0.7104937,-1.46,1.982967
3646,0.5091815,-1.46,-0.9258767,1.802252
3647,0.4991236,-1.46,-0.9848217,1.830464
3648,0.444065,-1.46,-0.9780232,1.812546
3649,0.4578257,-1.46,-0.9153574,1.782998
3650,0.4424046,-1.46,-0.9649833,1.805136
3651,0.4930785,-1.46,-0.9816367,1.827112
3652,0.5092064,-1.46,-0.9259035,1.802273
3653,0.4577938,-1.46,-0.9153402,1.782982
3654,0.4184861,-1.399698,-0.9132093,1.722857
3655,0.4184932,-1.399692,-0.9132159,1.722858
3656,-0.6146815,-1.46,-1.006887,1.877033
3657,-0.6121212,-1.46,-0.9295763,1.835866
3658,0.4903339,-1.231906,-0.5565332,1.437967
3659,0.5001009,-1.228204,-0.5541871,1.437257
3660,0.4462454,-1.223733,-0.5781898,1.425118
3661,0.4462478,-1.223734,-0.5781903,1.42512
3662,0.4325016,-1.291339,-0.495252,1.4491
3663,-0.6414878,-1.271285,-0.5458956,1.525016
3664,-0.6188897,-1.085792,-0.115583,1.255121
3665,-0.6188878,-1.08579,-0.115582,1.255118
3666,-0.6662194,-1.024451,-0.1664639,1.233312
3667,0.4640348,-1.46,-1.024252,1.842829
3668,0.4356907,-1.46,-1.065717,1.859349
3669,0.4427484,-1.46,-1.030713,1.841194
3670,0.5068491,-1.46,-1.037026,1.861161
3671,0.5113926,-1.46,-1.051784,1.870661
3672,0.4952389,-1.46,-1.098696,1.893144
3673,0.4727841,-1.46,-1.07074,1.871259
3674,-0.6523706,-1.46,-1.04816,1.912022
3675,0.471537,-1.212697,-0.6505799,1.454728
3676,0.4715412,-1.212701,-0.6505832,1.454735
3677,0.423958,-1.245688,-0.6671585,1.475324
3678,-0.6510844,-1.24341,-0.6230659,1.53564
3679,-0.5915003,-1.261729,-0.6683173,1.545471
3680,-0.6213566,-1.020821,-0.268763,1.224906
3681,-0.6842874,-1.090668,-0.2530572,1.312191
3682,-0.6176349,-1.08001,-0.2312279,1.265449
3683,0.446939,-1.46,-1.190406,1.936084
3684,0.4375365,-1.46,-1.109213,1.885044
3685,0.4851543,-1.46,-1.155303,1.92398
3686,0.4645059,-1.46,-1.166506,1.925643
3687,0.5034382,-1.46,-1.12251,1.909209
3688,0.4553301,-1.46,-1.114341,1.892269
3689,0.416288,-1.46,-1.15532,1.907789
3690,-0.6322126,-1.46,-1.124161,1.948084
3691,-0.616195,-1.407981,-1.18564,1.941095
3692,1.060226,-0.5685143,-1.258061,1.740691
3693,1.060224,-0.5685153,-1.258041,1.740675
3694,1.056011,-0.5456527,-1.292339,1.755858
3695,-1.13029,-0.534164,-1.274823,1.785514
3696,0.4900859,-1.221758,-0.7819898,1.531139
3697,0.4651838,-1.229185,-0.7563179,1.516347
3698,0.4607524,-1.231557,-0.7922982,1.535175
3699,0.4517847,-1.238504,-0.7140957,1.499311
3700,0.4909097,-1.240523,-0.7139611,1.513152
3701,-0.6680644,-1.218797,-0.7708317,1.589326
3702,-0.6543121,-1.304426,-0.7172873,1.626085
3703,-0.6143196,-1.078541,-0.3166469,1.280978
3704,-0.5961122,-1.018046,-0.3919189,1.243128
3705,0.4993889,-1.46,-1.208125,1.959733
3706,0.4562246,-1.46,-1.24712,1.973588
3707,0.4310163,-1.46,-1.294184,1.998071
3708,0.4980773,-1.46,-1.27979,2.004381
3709,0.4993905,-1.46,-1.208119,1.95973
3710,0.4980961,-1.46,-1.279754,2.004363
3711,0.4562061,-1.46,-1.247149,1.973602
3712,0.4228458,-1.46,-1.205018,1.939708
3713,0.4139826,-1.46,-1.295249,1.995157
3714,-0.6616113,-1.449281,-1.284605,2.046547
3715,-0.6753096,-1.46,-1.211482,2.013785
3716,1.041842,-0.5865746,-1.386297,1.830662
3717,1.067005,-0.5241849,-1.334347,1.787107
3718,1.027812,-0.579807,-1.328594,1.777002
3719,1.012082,-0.5427956,-1.371192,1.788604
3720,1.062979,-0.5104232,-1.368832,1.806698
3721,1.012174,-0.5427042,-1.371108,1.788564
3722,1.059278,-0.5546258,-1.380974,1.826682
3723,1.062963,-0.5104249,-1.36883,1.806688
3724,-1.125676,-0.5657012,-1.390212,1.876127
3725,0.4628724,-1.252571,-0.8645852,1.590815
3726,0.5083731,-1.209657,-0.8583871,1.567974
3727,0.4946139,-1.252167,-0.8889692,1.613329
3728,0.4300862,-1.218462,-0.8273924,1.534341
3729,0.4306661,-1.285935,-0.8156806,1.582542
3730,0.4306714,-1.285934,-0.8156803,1.582542
3731,0.4674527,-1.208542,-0.8730054,1.562442
3732,0.420994,-1.219803,-0.8875309,1.566163
3733,0.425209,-1.26614,-0.8957994,1.608219
3734,-0.606562,-1.253912,-0.8666899,1.640538
3735,-0.6854945,-1.0639,-0.4608212,1.346901
3736,-0.6379699,-1.067932,-0.4484443,1.322341
3737,0.4675928,-1.46,-1.398981,2.075426
3738,0.4468411,-1.46,-1.361781,2.045902
3739,0.4363026,-1.46,-1.393532,2.064919
3740,0.4485348,-1.46,-1.332946,2.027197
3741,0.4698924,-1.46,-1.321659,2.024643
3742,0.5000816,-1.46,-1.348703,2.049556
3743,0.4073319,-1.46,-1.403192,2.065543
3744,-0.6133397,-1.427897,-1.389485,2.084645
3745,-0.6272293,-1.46,-1.33895,2.077933
3746,1.038637,-0.5551153,-1.46,1.875772
3747,1.095538,-0.5636781,-1.46,1.910376
3748,1.038631,-0.555104,-1.46,1.875765
3749,1.095559,-0.5636463,-1.46,1.910379
3750,0.4840311,-1.248034,-0.9301124,1.630026
3751,0.4613449,-1.275707,-0.9992474,1.684862
3752,0.5105383,-1.198396,-0.9695581,1.623836
3753,0.4827749,-1.243824,-0.956116,1.641441
3754,0.4424402,-1.209029,-0.9749616,1.614947
3755,0.4410734,-1.230887,-0.9310411,1.605138
3756,-0.6436049,-1.21129,-0.920628,1.65197
3757,-0.6659688,-1.045092,-0.550698,1.356097
3758,0.4403107,-1.46,-1.46,2.111178
3759,0.4503739,-1.46,-1.4019,2.073586
3760,0.4837844,-1.46,-1.46,2.120672
3761,0.4403096,-1.46,-1.46,2.111178
3762,0.4774352,-1.46,-1.46,2.119232
3763,0.405818,-1.46,-1.46,2.104255
3764,0.405796,-1.46,-1.46,2.104251
3765,-0.6768554,-1.40727,-1.398885,2.096526
3766,-0.6806467,-1.46,-1.46,2.174047
3767,-0.6709609,-1.46,-1.423671,2.146772
3768,-0.6504971,-1.452394,-1.46,2.159675
3769,-0.6404625,-1.46,-1.46,2.161803
3770,-0.6087855,-1.46,-1.46,2.152631
3771,0.4710678,-1.225529,-1.084334,1.702823
3772,0.4457284,-1.283642,-1.077657,1.734288
3773,0.4769454,-1.251148,-1.059668,1.707555
3774,0.494121,-1.247998,-1.017435,1.684289
3775,0.4607977,-1.216621,-1.025923,1.65681
3776,0.4170457,-1.220549,-1.086555,1.686496
3777,0.4170487,-1.220542,-1.086559,1.686494
3778,0.4211436,-1.249611,-1.037361,1.677799
3779,0.4244247,-1.249517,-1.002701,1.657359
3780,-0.63676,-1.284453,-1.000499,1.748222
3781,-0.6632442,-1.216582,-1.071223,1.751423
3782,-0.6195975,-1.012926,-0.653259,1.355237
3783,-0.6401424,-1.076932,-0.6921602,1.431311
3784,0.494092,-1.237806,-1.193781,1.789247
3785,0.4687448,-1.243745,-1.137775,1.749616
3786,0.4687341,-1.243744,-1.137774,1.749611
3787,0.4318244,-1.294293,-1.117367,1.763569
3788,-0.6154029,-1.287583,-1.137407,1.824907
3789,0.4631172,-1.244783,-1.251693,1.82502
3790,0.4579262,-1.245114,-1.204157,1.791647
3791,0.432616,-1.294037,-1.268121,1.862745
3792,0.4807399,-1.292401,-1.207741,1.833044
3793,0.4769792,-1.253579,-1.278031,1.852656
3794,0.4511926,-1.20545,-1.278432,1.814131
3795,0.4313405,-1.232788,-1.215957,1.784482
3796,0.4257802,-1.253751,-1.298024,1.854197
3797,0.500896,-1.297533,-1.285335,1.893825
3798,-0.6097162,-1.274442,-1.224381,1.869509
3799,-0.6856431,-1.21425,-1.237089,1.864108
3800,0.9177793,-1.361675,0.5972826,1.747348
3801,-0.6301412,-1.070911,-0.8275974,1.492932
3802,-0.6706902,-0.8644885,-0.455176,1.185053
3803,0.485045,-1.211476,-1.319483,1.855796
3804,0.4966134,-1.240439,-1.394226,1.931108
3805,0.5037162,-1.266296,-1.389652,1.946373
3806,0.4337381,-1.258156,-1.394481,1.927605
3807,0.4879139,-1.253513,-1.335905,1.895784
3808,0.4626915,-1.221999,-1.37863,1.89947
3809,0.4479269,-1.241548,-1.328372,1.872605
3810,0.4371601,-1.206418,-1.396501,1.896515
3811,0.4153907,-1.242455,-1.346592,1.878711
3812,-0.6101109,-1.210285,-1.316772,1.889686
3813,-0.6415154,-1.267413,-1.337105,1.950827
3814,1.075785,-0.3906859,-1.459886,1.855052
3815,1.006567,-0.3654178,-1.459694,1.810363
3816,1.054456,-0.3309031,-1.459738,1.830904
3817,1.021536,-0.3845474,-1.459732,1.822699
3818,1.048497,-0.3416843,-1.459803,1.829514
3819,0.4442524,-1.063015,-0.9398462,1.486833
3820,0.4442722,-1.063011,-0.9398527,1.48684
3821,0.4630627,-1.07628,-0.9303579,1.496118
3822,0.4206386,-1.028094,-0.9931326,1.490043
3823,-0.6563426,-0.8251928,-0.5777095,1.20228
3824,0.428261,-1.279429,-1.46,1.98795
3825,0.4766845,-1.258501,-1.46,1.985612
3826,0.4766933,-1.258481,-1.46,1.985601
3827,0.427582,-1.236572,-1.46,1.960494
3828,0.4565141,-1.297051,-1.403307,1.964692
3829,-0.6792353,-1.286354,-1.41938,2.032414
3830,-0.631963,-1.221564,-1.46,2.005791
3831,-0.6581789,-1.280009,-1.46,2.050176
3832,-0.6114332,-1.286815,-1.443367,2.028066
3833,0.4729847,-1.081997,-1.052953,1.582132
3834,0.485957,-1.067309,-0.9983035,1.540102
3835,0.4478024,-1.037216,-1.07493,1.559429
3836,0.4700682,-1.046472,-1.085585,1.579419
3837,0.4295845,-1.08767,-1.000885,1.539266
3838,0.5013303,-1.072445,-1.000778,1.55017
3839,0.4563247,-1.045713,-1.024621,1.533491
3840,0.4294714,-1.082934,-1.084052,1.591339
3841,0.4295813,-1.087672,-1.000875,1.53926
3842,0.420015,-1.02646,-1.09903,1.561378
3843,-0.6791979,-1.04876,-1.035547,1.622826
3844,-0.6272948,-0.8501258,-0.6469319,1.238844
3845,0.9399564,-1.357639,0.2424536,1.668977
3846,0.9399372,-1.35764,0.2424715,1.66897
3847,-1.292381,-1.392318,0.2809248,1.920343
3848,-1.292383,-1.39232,0.2809275,1.920346
3849,0.4394107,-1.028243,-1.145053,1.600472
3850,0.4995435,-1.040387,-1.122637,1.61005
3851,0.4995506,-1.040389,-1.122633,1.610051
3852,0.4922432,-1.07859,-1.17215,1.667212
3853,0.4474064,-1.067566,-1.14079,1.625198
3854,-0.6464771,-1.050184,-1.127175,1.670732
3855,-0.6375104,-0.8058406,-0.7917526,1.297178
3856,-0.6449542,-0.8437173,-0.7142474,1.279834
3857,-0.1155815,-1.380088,0.2033742,1.399772
3858,-0.1155819,-1.380078,0.2033815,1.399764
3859,-1.261445,-1.319723,0.1542155,1.832129
3860,0.5077776,-1.003695,-1.278707,1.703037
3861,0.501299,-1.061723,-1.273973,1.732503
3862,0.4921924,-1.017742,-1.246063,1.682476
3863,0.4588534,-1.036181,-1.201746,1.65179
3864,0.4764917,-1.0929,-1.233614,1.715599
3865,0.4554473,-1.033984,-1.290937,1.715539
3866,0.4576909,-0.9962048,-1.238535,1.654048
3867,0.4588461,-1.036182,-1.201746,1.651789
3868,0.4615664,-1.07422,-1.266474,1.723644
3869,0.4369151,-1.096374,-1.202567,1.684962
3870,0.416122,-1.058148,-1.240321,1.682626
3871,0.4172939,-1.086561,-1.251911,1.709395
3872,-0.6309792,-1.033275,-1.24763,1.738497
3873,-0.6784172,-0.8848956,-0.806691,1.376241
3874,-0.6493133,-0.7994987,-0.8681142,1.347007
3875,0.9302928,-1.369361,0.03947752,1.655945
3876,0.4549927,-1.000908,-1.387525,1.770328
3877,0.4579815,-1.084805,-1.3855,1.818285
3878,0.4196273,-1.011955,-1.380341,1.762238
3879,0.4490544,-1.038471,-1.383032,1.786854
3880,0.4951791,-1.044143,-1.381106,1.800803
3881,0.443968,-1.008347,-1.321621,1.720626
3882,0.4364287,-1.077194,-1.327296,1.764237
3883,0.4364257,-1.077192,-1.327294,1.764233
3884,0.4819052,-1.043309,-1.337749,1.763604
3885,0.475312,-1.095736,-1.387921,1.831088
3886,-0.6464581,-1.011619,-1.337779,1.79748
3887,-0.6824839,-1.042434,-1.403243,1.876578
3888,1.035995,-0.1468561,-1.459636,1.795937
3889,1.063814,-0.1032954,-1.459722,1.809188
3890,1.083986,-0.1657552,-1.459607,1.825638
3891,1.012546,-0.1425261,-1.459616,1.782145
3892,1.083965,-0.1657633,-1.459481,1.825525
3893,1.093738,-0.1202679,-1.459661,1.827933
3894,-0.6074864,-0.8583556,-0.9118677,1.391875
3895,-0.6936331,-0.8668895,-0.950206,1.46134
3896,-0.1064777,-1.327912,-0.08271109,1.334739
3897,-0.1914009,-1.312871,-2.86715E-05,1.32675
3898,-1.259408,-1.312365,-0.04721392,1.819516
3899,-1.259467,-1.312342,-0.04720653,1.819541
3900,-1.29817,-1.376976,-0.0201924,1.892542
3901,-1.21641,-1.33593,-0.08463699,1.808737
3902,0.4142486,-1.010931,-1.46,1.823508
3903,0.4984923,-1.013746,-1.46,1.846016
3904,0.480667,-1.048241,-1.46,1.860497
3905,0.4509628,-1.041822,-1.46,1.849422
3906,0.4344637,-1.061444,-1.46,1.856616
3907,0.4861836,-1.087075,-1.46,1.884066
3908,-0.6894605,-1.104436,-1.46,1.956204
3909,-0.6464902,-1.038967,-1.46,1.904994
3910,-0.6369206,-0.8025491,-1.009266,1.438183
3911,-0.6044242,-0.6944223,-0.6381307,1.120161
3912,0.9984214,-1.354235,-0.1227989,1.686973
3913,0.9305426,-1.375476,-0.1665587,1.669007
3914,0.9663135,-1.371063,-0.1745647,1.686431
3915,0.9729241,-1.352664,-0.1423896,1.67229
3916,0.9984116,-1.354239,-0.1227971,1.68697
3917,0.9305561,-1.375476,-0.1665552,1.669014
3918,-0.1865593,-1.370158,-0.1345346,1.38933
3919,-1.262836,-1.315069,-0.1779878,1.831895
3920,-1.289191,-1.359942,-0.09910596,1.876507
3921,-1.288895,-1.360253,-0.09915469,1.876531
3922,-1.237726,-1.390683,-0.113465,1.865165
3923,-1.270748,-1.394299,-0.1715247,1.894278
3924,-1.223583,-1.338837,-0.1684652,1.821543
3925,-0.6669272,-0.8914856,-1.163486,1.610353
3926,-0.6534845,-0.6192872,-0.7494352,1.171414
3927,0.9155649,-1.372329,-0.2881241,1.674683
3928,0.9842314,-1.377473,-0.2281308,1.70827
3929,0.9310203,-1.356139,-0.2433899,1.662874
3930,0.9756455,-1.371631,-0.287671,1.707633
3931,0.9756397,-1.371627,-0.2876676,1.707626
3932,0.9842392,-1.377481,-0.2281387,1.708282
3933,0.9134072,-1.380712,-0.2127725,1.669117
3934,0.9310008,-1.356137,-0.243387,1.662861
3935,-0.1619562,-1.377796,-0.207172,1.402666
3936,-0.1171092,-1.337522,-0.2430124,1.364454
3937,-0.1258895,-1.295133,-0.2442622,1.323965
3938,-0.1608985,-1.377025,-0.2107951,1.402327
3939,-1.239475,-1.387773,-0.2488172,1.877264
3940,-1.282897,-1.335568,-0.2714725,1.871701
3941,-0.6603465,-0.8616485,-1.258327,1.661891
3942,-0.6340991,-0.6888158,-0.8737381,1.280612
3943,0.9554175,-1.377632,-0.3918425,1.721695
3944,0.9110072,-1.365315,-0.3928633,1.687709
3945,0.9909113,-1.371592,-0.3488233,1.727671
3946,0.9866971,-1.305859,-0.3111348,1.666026
3947,0.9344575,-1.375314,-0.3395335,1.697051
3948,0.9344646,-1.375315,-0.339536,1.697056
3949,0.9909018,-1.371594,-0.348817,1.727666
3950,-0.1250594,-1.382844,-0.306257,1.421862
3951,-1.24644,-1.35152,-0.3177284,1.86579
3952,-1.257012,-1.363872,-0.3604687,1.889488
3953,-1.255901,-1.38491,-0.3431889,1.9008
3954,1.46,-1.459966,1.448672,2.522252
3955,1.425426,-1.453704,1.46,2.505333
3956,1.46,-1.459589,1.451976,2.523932
3957,1.428906,-1.459412,1.46,2.510629
3958,-1.272152,-1.164899,0.0231322,1.725078
3959,-1.28053,-1.168375,0.02145893,1.733586
3960,-0.6258114,-0.8182176,-1.373081,1.716529
3961,-0.6326355,-0.8894207,-1.349975,1.736009
3962,0.9293695,-1.375752,-0.4516234,1.720577
3963,0.9679422,-1.314069,-0.4867245,1.703112
3964,0.9968106,-1.376746,-0.4359205,1.754733
3965,0.9363551,-1.303198,-0.4041051,1.654807
3966,0.9293674,-1.375752,-0.4516293,1.720577
3967,0.9611277,-1.355072,-0.3978846,1.708303
3968,0.9968123,-1.376746,-0.4359195,1.754734
3969,0.9759972,-1.374231,-0.4838601,1.753626
3970,0.9496055,-1.307273,-0.4532011,1.678125
3971,-0.1521648,-1.310847,-0.4686261,1.400387
3972,-0.1495278,-1.376259,-0.4203389,1.446766
3973,-0.2005428,-1.383788,-0.4840219,1.47965
3974,-1.239505,-1.395741,-0.4849903,1.928647
3975,-1.258555,-1.371867,-0.3931716,1.902777
3976,-1.278833,-1.337567,-0.3980322,1.892863
3977,-1.282667,-1.338916,-0.4357452,1.904679
3978,1.46,-1.459946,1.397623,2.49327
3979,1.46,-1.459606,1.344628,2.463752
3980,1.415858,-1.459597,1.389693,2.462991
3981,1.415849,-1.459265,1.389682,2.462782
3982,1.46,-1.459946,1.397621,2.493269
3983,1.46,-1.459523,1.344599,2.463687
3984,-1.25345,-1.170969,-0.06033751,1.716376
3985,-1.253446,-1.170933,-0.06033256,1.716349
3986,0.4383707,-0.8828523,-1.459868,1.76148
3987,0.5043697,-0.8670616,-1.459947,1.771336
3988,0.5043705,-0.8670601,-1.459808,1.771221
3989,0.4580795,-0.8339157,-1.459579,1.742304
3990,0.4580762,-0.8339101,-1.459584,1.742305
3991,-0.6419398,-0.7937829,-1.422777,1.751134
3992,-0.6551551,-0.8458564,-1.46,1.810056
3993,-0.6572628,-0.8151241,-1.46,1.79667
3994,-0.6519701,-0.871867,-1.434547,1.800873
3995,-0.6841831,-0.8714268,-1.46,1.832782
3996,-0.6338879,-0.884023,-1.430563,1.79717
3997,-0.6332093,-0.6955256,-1.078978,1.431399
3998,0.9208306,-1.311436,-0.5010317,1.678936
3999,0.9069379,-1.383327,-0.5959352,1.7582
4000,0.9202054,-1.312011,-0.5772507,1.703341
4001,0.906934,-1.383327,-0.5959303,1.758197
4002,0.9726636,-1.376238,-0.5060335,1.759596
4003,0.9939595,-1.367285,-0.521396,1.768977
4004,0.9536855,-1.31843,-0.5602586,1.720949
4005,0.9208346,-1.311432,-0.5010379,1.678937
4006,0.9950939,-1.317075,-0.5772495,1.748747
4007,0.9527159,-1.384208,-0.5716385,1.774957
4008,0.9527155,-1.384209,-0.5716305,1.774955
4009,0.9193966,-1.379505,-0.5197965,1.737386
4010,0.9193856,-1.379511,-0.5197846,1.737382
4011,-0.162988,-1.364201,-0.5315688,1.473151
4012,-0.09996458,-1.340344,-0.5189433,1.440769
4013,-1.206669,-1.359295,-0.5546058,1.900348
4014,-1.262602,-1.355058,-0.5125844,1.921741
4015,-1.277686,-1.330436,-0.5885926,1.936229
4016,-1.232753,-1.399839,-0.5526713,1.945424
4017,1.46,-1.459506,1.301525,2.440435
4018,1.46,-1.459903,1.301419,2.440616
4019,1.46,-1.448298,1.210939,2.386533
4020,1.46,-1.459157,1.252467,2.414417
4021,1.46,-1.448304,1.210938,2.386536
4022,1.46,-1.459153,1.25249,2.414427
4023,-1.288249,-1.163586,-0.1601086,1.743316
4024,-1.273531,-1.116635,-0.1432534,1.699787
4025,-1.250368,-1.125132,-0.1095221,1.685627
4026,-1.240243,-1.195454,-0.1347601,1.727853
4027,-1.215008,-1.133904,-0.1082908,1.665445
4028,-0.6724741,-0.6516253,-1.154074,1.486177
4029,0.9506455,-1.334266,-0.6370507,1.75779
4030,0.9773614,-1.384714,-0.6451508,1.813529
4031,0.9842896,-1.378108,-0.625587,1.805372
4032,0.9506473,-1.334265,-0.6370589,1.757793
4033,0.9162149,-1.386473,-0.6749097,1.793672
4034,1.0029,-1.359331,-0.6833277,1.822231
4035,1.003375,-1.319708,-0.6556321,1.782763
4036,0.9162144,-1.386492,-0.6749548,1.793703
4037,0.9100442,-1.300918,-0.6674967,1.722243
4038,-0.154544,-1.382466,-0.6018041,1.515673
4039,-0.1301628,-1.358552,-0.6737969,1.522041
4040,-0.1496278,-1.288117,-0.6140798,1.434827
4041,-1.200213,-1.385082,-0.6063524,1.930447
4042,-1.206574,-1.333232,-0.6125384,1.899614
4043,-1.279402,-1.374566,-0.6568553,1.989412
4044,1.46,-1.46,1.167351,2.3719
4045,1.46,-1.46,1.128215,2.352885
4046,1.46,-1.46,1.167346,2.371897
4047,1.46,-1.430241,1.108992,2.325307
4048,1.46,-1.430228,1.108992,2.325299
4049,-1.301923,-1.134973,-0.2046819,1.73927
4050,-1.223885,-1.193409,-0.2608292,1.729205
4051,-1.22367,-1.1421,-0.1945703,1.685117
4052,-1.262573,-1.16547,-0.2815581,1.741174
4053,-0.6694316,-0.7000093,-1.253451,1.584074
4054,1.003293,-1.377723,-0.7458404,1.860375
4055,0.9666635,-1.314795,-0.7668734,1.803114
4056,1.003289,-1.377721,-0.7458325,1.860368
4057,0.9653413,-1.390273,-0.7016538,1.832228
4058,0.9328653,-1.367545,-0.7481667,1.816637
4059,0.9283268,-1.31894,-0.7106068,1.762486
4060,0.965985,-1.389196,-0.792299,1.868349
4061,0.9659992,-1.38919,-0.7922837,1.868346
4062,0.923413,-1.386141,-0.7492302,1.826315
4063,0.9653481,-1.390279,-0.7016138,1.832222
4064,0.9495914,-1.31955,-0.7027215,1.771088
4065,0.9146916,-1.302899,-0.7678083,1.767409
4066,0.9146934,-1.302897,-0.767808,1.767408
4067,-0.1786369,-1.338865,-0.7168236,1.529152
4068,-1.237535,-1.356089,-0.7424654,1.980335
4069,1.46,-1.458542,1.032391,2.307548
4070,1.46,-1.46,1.06875,2.324957
4071,1.46,-1.46,1.068716,2.324942
4072,-0.1429431,-1.187912,-0.369721,1.252302
4073,-0.1402841,-1.120691,-0.3356023,1.178243
4074,-0.1261426,-1.094171,-0.322287,1.147602
4075,-1.282581,-1.164898,-0.3132825,1.760724
4076,-1.2032,-1.135377,-0.3183739,1.684676
4077,-0.5986834,-0.6401527,-1.302921,1.570293
4078,-0.6257678,-0.6238984,-1.38422,1.642224
4079,-0.7002413,-0.6476092,-1.405322,1.69843
4080,0.9907027,-1.382379,-0.8324375,1.893519
4081,0.9425501,-1.320495,-0.8183756,1.817098
4082,0.9593823,-1.395775,-0.8751779,1.906446
4083,0.9323471,-1.34552,-0.8314822,1.836044
4084,0.9227976,-1.39086,-0.8268641,1.862727
4085,0.9822456,-1.308714,-0.8007705,1.82175
4086,0.9903491,-1.351675,-0.8531656,1.880348
4087,0.9286292,-1.32333,-0.8921451,1.846477
4088,0.9731572,-1.299017,-0.8723786,1.842695
4089,0.9593808,-1.395764,-0.8751746,1.906436
4090,-0.1182977,-1.304912,-0.8829545,1.579999
4091,-0.1827511,-1.329141,-0.8963947,1.613548
4092,-0.184516,-1.401476,-0.8235846,1.635993
4093,-0.1304096,-1.35745,-0.7961189,1.579076
4094,-0.1646885,-1.400122,-0.8861287,1.665139
4095,-1.244102,-1.365104,-0.8457371,2.031396
4096,1.46,-1.459067,1.002695,2.294749
4097,1.46,-1.459565,0.9519447,2.273352
4098,1.46,-1.459409,0.9519026,2.273234
4099,1.46,-1.459362,0.9196852,2.259902
4100,1.46,-1.459245,1.00268,2.294856
4101,1.401321,-1.458838,0.9355025,2.228693
4102,1.40132,-1.458832,0.935493,2.228684
4103,0.3830749,-1.458961,0.9523057,1.783872
4104,0.3831525,-1.45929,0.9523426,1.784177
4105,0.3830872,-1.458994,0.9523107,1.783904
4106,-0.1618377,-1.136325,-0.4205825,1.222422
4107,-1.251476,-1.188462,-0.472349,1.789343
4108,-1.211977,-1.185618,-0.4143925,1.745365
4109,0.4880061,-0.6432802,-1.459644,1.668089
4110,0.4880052,-0.6432805,-1.459658,1.668101
4111,0.4391381,-0.6087013,-1.459696,1.641363
4112,0.4279511,-0.6143948,-1.459847,1.640664
4113,0.4707329,-0.6784497,-1.459729,1.677108
4114,0.4707429,-0.6784546,-1.459729,1.677113
4115,-0.632503,-0.6815827,-1.46,1.730958
4116,-0.6899881,-0.6593398,-1.46,1.744251
4117,0.9210564,-1.386898,-0.9347464,1.909341
4118,0.9836058,-1.326759,-0.9928999,1.927075
4119,0.9461815,-1.323674,-0.9161715,1.867282
4120,0.9346458,-1.383946,-0.9332254,1.913055
4121,0.9773818,-1.363467,-0.9104819,1.908741
4122,0.9701588,-1.390085,-0.9713215,1.953717
4123,0.9971644,-1.321427,-0.9574144,1.912367
4124,0.9591774,-1.307027,-0.9639979,1.886169
4125,0.9701383,-1.390079,-0.9712966,1.95369
4126,0.9814317,-1.30255,-0.9192158,1.872111
4127,-0.1909545,-1.33271,-0.9770306,1.663481
4128,-0.1236046,-1.380984,-0.9081541,1.65745
4129,-1.261026,-1.357552,-0.9242818,2.070611
4130,1.46,-1.430142,0.8224747,2.203037
4131,1.46,-1.430156,0.8224518,2.203037
4132,1.46,-1.459167,0.8826228,2.244948
4133,1.46,-1.459918,0.8417981,2.229705
4134,1.46,-1.45921,0.8826057,2.244969
4135,1.405867,-1.459518,0.8584201,2.200804
4136,1.402401,-1.459398,0.8782609,2.206334
4137,0.3087508,-1.459053,0.8907577,1.737128
4138,0.3558438,-1.459388,0.8897997,1.745904
4139,0.3087419,-1.458638,0.8907567,1.736777
4140,0.3393774,-1.459318,0.8300276,1.712814
4141,0.3558227,-1.459945,0.8898001,1.746366
4142,0.3863004,-1.458954,0.8373796,1.725972
4143,0.33936,-1.459147,0.8299808,1.712642
4144,0.9956275,-1.179794,-0.5909376,1.652996
4145,0.9955974,-1.179815,-0.5909433,1.652995
4146,-0.1548444,-1.125316,-0.5094272,1.244921
4147,-1.214584,-1.204623,-0.5606203,1.800173
4148,-1.312993,-1.16156,-0.5015032,1.82337
4149,-1.248247,-1.116008,-0.5555049,1.764137
4150,0.9217965,-1.38115,-1.081449,1.98162
4151,1.004317,-1.328332,-1.068348,1.978506
4152,0.9509851,-1.390866,-1.046373,1.983375
4153,0.9413704,-1.317135,-1.071786,1.941584
4154,0.9336878,-1.305567,-1.000907,1.891585
4155,1.004309,-1.328326,-1.06835,1.978499
4156,0.9622777,-1.321906,-1.02876,1.931776
4157,0.9693427,-1.365481,-1.033734,1.967935
4158,0.9728832,-1.393963,-1.079084,2.013469
4159,0.9120743,-1.319806,-1.084654,1.936554
4160,0.9849345,-1.391853,-1.096503,2.027232
4161,0.9186813,-1.381653,-1.011116,1.943012
4162,0.9133589,-1.308611,-1.028211,1.898395
4163,0.9186727,-1.38163,-1.011113,1.94299
4164,-0.1010387,-1.356723,-1.014827,1.697286
4165,-1.287471,-1.2975,-1.012716,2.08966
4166,1.46,-1.459527,0.7344487,2.191172
4167,1.46,-1.459428,0.734364,2.191077
4168,1.46,-1.46,0.7813464,2.207646
4169,1.46,-1.46,0.7813504,2.207648
4170,0.3517134,-1.458882,0.7188728,1.663976
4171,0.3343876,-1.459583,0.7873694,1.691789
4172,0.3749359,-1.459689,0.7611634,1.688384
4173,0.3749362,-1.459689,0.7611634,1.688384
4174,0.3868917,-1.458911,0.7067589,1.666618
4175,0.3198393,-1.459427,0.7117916,1.654953
4176,0.3002519,-1.459929,0.7570602,1.671731
4177,0.3012556,-1.45937,0.7811469,1.68247
4178,0.963962,-1.186243,-0.651193,1.66146
4179,0.9981844,-1.160329,-0.6459272,1.661312
4180,0.9734364,-1.120531,-0.679149,1.632303
4181,0.9826378,-1.10491,-0.6892167,1.631387
4182,0.9394598,-1.195238,-0.6558489,1.655692
4183,-0.1875978,-1.153616,-0.6476731,1.336227
4184,-1.281189,-1.122922,-0.6782533,1.833692
4185,-1.24951,-1.143289,-0.6363396,1.80923
4186,0.9132669,-1.312346,-1.165141,1.978348
4187,0.9729064,-1.316285,-1.129789,1.988863
4188,0.9551042,-1.379366,-1.132903,2.024436
4189,0.9323451,-1.383981,-1.137674,2.019647
4190,0.9870876,-1.363146,-1.151736,2.039364
4191,0.9211839,-1.390175,-1.186173,2.046503
4192,0.955875,-1.310135,-1.104128,1.961951
4193,0.9784324,-1.390869,-1.192165,2.076801
4194,0.9784397,-1.390867,-1.19215,2.076795
4195,0.9411098,-1.325214,-1.166927,2.0009
4196,-0.1396985,-1.33252,-1.112862,1.74172
4197,-1.258656,-1.361281,-1.092919,2.152155
4198,-1.268068,-1.312218,-1.165064,2.165014
4199,1.46,-1.446622,0.6210676,2.147101
4200,1.46,-1.446599,0.6210681,2.147085
4201,1.46,-1.459971,0.6865174,2.175873
4202,1.46,-1.46,0.6505817,2.164823
4203,1.46,-1.459912,0.6865198,2.175834
4204,0.3924481,-1.458912,0.6590563,1.64827
4205,0.3506624,-1.459402,0.6131024,1.62133
4206,0.3474194,-1.458968,0.6696333,1.642466
4207,0.3256792,-1.459181,0.6579446,1.633452
4208,0.3506649,-1.459542,0.6131015,1.621457
4209,-0.7232105,-1.457658,0.5989109,1.733924
4210,-0.7232059,-1.457671,0.5989084,1.733933
4211,-0.7232162,-1.457657,0.5989187,1.733929
4212,0.974969,-1.139885,-0.7335181,1.669716
4213,0.9892652,-1.103086,-0.7922364,1.680203
4214,0.9270473,-1.114058,-0.7508733,1.632285
4215,0.9277679,-1.138503,-0.7046839,1.628964
4216,0.9398529,-1.187718,-0.7793758,1.703357
4217,0.9178035,-1.144949,-0.769376,1.656868
4218,1.005045,-1.110053,-0.744537,1.672324
4219,1.004411,-1.149609,-0.7603109,1.705437
4220,0.9640766,-1.183928,-0.7029957,1.680873
4221,0.927767,-1.1385,-0.7046874,1.628962
4222,0.9964094,-1.195181,-0.7349324,1.720876
4223,-0.09836917,-1.150162,-0.704311,1.352258
4224,-0.1779091,-1.191403,-0.7741323,1.431912
4225,-1.274795,-1.158802,-0.7502212,1.879031
4226,-1.258539,-0.9880064,-0.354482,1.638821
4227,0.9073762,-1.356214,-1.26917,2.06723
4228,0.9494369,-1.314675,-1.230475,2.03565
4229,0.9960377,-1.326882,-1.265244,2.086516
4230,0.93361,-1.376002,-1.224605,2.065107
4231,0.9736317,-1.323219,-1.206414,2.038211
4232,0.9202193,-1.384233,-1.276757,2.095952
4233,0.9744326,-1.303618,-1.272957,2.066243
4234,0.9654297,-1.394399,-1.256354,2.110646
4235,0.9655523,-1.3959,-1.270091,2.119895
4236,0.9343218,-1.310192,-1.275716,2.053536
4237,1.00396,-1.365252,-1.256413,2.109602
4238,0.9173089,-1.323775,-1.211652,2.015424
4239,-0.1474073,-1.315149,-1.299159,1.854497
4240,-0.1620474,-1.407603,-1.228379,1.875239
4241,-0.1338982,-1.353133,-1.193535,1.80926
4242,-0.09433515,-1.341026,-1.266714,1.84711
4243,-1.220558,-1.351397,-1.208797,2.185686
4244,-1.294505,-1.350294,-1.245504,2.247291
4245,1.406874,-1.46,0.5566784,2.102566
4246,1.46,-1.46,0.5723157,2.142602
4247,1.407695,-1.45958,0.5970252,2.113863
4248,1.46,-1.46,0.5723239,2.142605
4249,1.403231,-1.459535,0.5168374,2.089598
4250,1.46,-1.459431,0.535009,2.132551
4251,1.46,-1.459957,0.5135141,2.127621
4252,-0.6997331,-0.4837737,-1.368715,1.611535
4253,0.3630565,-1.45937,0.5531642,1.602361
4254,0.3010482,-1.459501,0.5752835,1.597411
4255,0.3183726,-1.459003,0.516647,1.580182
4256,0.3183168,-1.459509,0.5166933,1.580653
4257,0.3630519,-1.459227,0.5531696,1.602232
4258,0.3010462,-1.459501,0.575269,1.597406
4259,-0.6973016,-1.447505,0.5021621,1.68335
4260,-0.7723042,-1.458223,0.5460448,1.738112
4261,-0.7723054,-1.458237,0.5460454,1.738124
4262,-0.7500824,-1.45947,0.5611584,1.734236
4263,-0.697285,-1.447507,0.5021534,1.683342
4264,0.9432597,-1.167171,-0.8773715,1.738334
4265,0.9357864,-1.152843,-0.8299396,1.701042
4266,0.9545826,-1.13834,-0.8066724,1.690493
4267,0.9686361,-1.185009,-0.8922804,1.771628
4268,1.000347,-1.136018,-0.86741,1.744601
4269,0.9772311,-1.190764,-0.8295248,1.749575
4270,0.9772328,-1.190779,-0.8295101,1.749579
4271,-0.2040877,-1.121351,-0.8603875,1.428057
4272,-0.09906339,-1.196885,-0.8551866,1.474345
4273,-1.28117,-1.180546,-0.8685057,1.946635
4274,-1.187227,-1.135205,-0.8107296,1.831797
4275,-1.265206,-1.090025,-0.7995173,1.851521
4276,-0.1614251,-0.9692315,-0.4011558,1.061317
4277,-1.287028,-0.900063,-0.4087422,1.622845
4278,-1.235508,-0.9857846,-0.4381827,1.6402
4279,0.948123,-1.329276,-1.382501,2.139444
4280,0.9183989,-1.31819,-1.39746,2.129314
4281,0.9697334,-1.382496,-1.328581,2.148675
4282,0.9510291,-1.332235,-1.315158,2.099749
4283,0.9681286,-1.392346,-1.392729,2.194447
4284,0.942156,-1.30067,-1.331162,2.085999
4285,1.00215,-1.321958,-1.399175,2.170154
4286,0.9697486,-1.3825,-1.328568,2.148677
4287,0.9897782,-1.307177,-1.325719,2.108531
4288,0.9766322,-1.331574,-1.395865,2.162254
4289,0.9138357,-1.38787,-1.394299,2.169182
4290,0.9163585,-1.377803,-1.394714,2.164089
4291,0.9681469,-1.39235,-1.392735,2.194461
4292,0.9120901,-1.39355,-1.330483,2.131684
4293,0.9120972,-1.393553,-1.330467,2.131679
4294,-0.1099358,-1.332095,-1.365431,1.91075
4295,-0.1915836,-1.335118,-1.321406,1.888216
4296,-0.1329658,-1.391681,-1.340451,1.936818
4297,-0.1549794,-1.343798,-1.410375,1.954219
4298,-1.29967,-1.327572,-1.396576,2.324224
4299,-1.229995,-1.330603,-1.323669,2.24399
4300,0.478805,-0.4729477,-1.459348,1.607057
4301,0.4788082,-0.472931,-1.459533,1.607221
4302,1.46,-1.459972,0.4946046,2.123147
4303,1.46,-1.459678,0.4567795,2.114452
4304,1.402225,-1.459432,0.4411839,2.07143
4305,1.46,-1.459681,0.456775,2.114453
4306,1.46,-1.46,0.4099242,2.105051
4307,1.46,-1.46,0.4099455,2.105055
4308,0.315491,-1.45947,0.4580776,1.561865
4309,0.368244,-1.459198,0.488189,1.582147
4310,0.3996713,-1.46,0.4416268,1.576823
4311,0.3154921,-1.459454,0.4580932,1.561855
4312,0.3514278,-1.453774,0.4147873,1.552098
4313,0.3514273,-1.453756,0.4147799,1.552079
4314,0.3998362,-1.459285,0.4415302,1.576176
4315,0.3682701,-1.459306,0.4881876,1.582253
4316,0.927082,-1.141379,-0.9966972,1.77641
4317,0.9248878,-1.180929,-0.9613903,1.781651
4318,0.9752342,-1.11267,-0.9626437,1.765163
4319,0.9602566,-1.173107,-0.9519592,1.790111
4320,0.9919741,-1.175311,-0.9628441,1.814507
4321,0.9903581,-1.15241,-0.9085776,1.770415
4322,0.9475164,-1.115689,-0.9201674,1.728947
4323,0.9474906,-1.115685,-0.9201673,1.72893
4324,-0.1468924,-1.164619,-0.9405777,1.504195
4325,-1.236457,-1.154291,-0.9027766,1.917347
4326,-1.263241,-1.185503,-0.9673126,1.984159
4327,-0.2014999,-0.9451399,-0.5026218,1.089275
4328,-0.2013035,-0.9448704,-0.5026375,1.089012
4329,-0.1200055,-0.9147894,-0.569379,1.084174
4330,-0.149694,-0.9401826,-0.5143486,1.082084
4331,-0.120107,-0.9159689,-0.5693035,1.085141
4332,-1.306055,-0.9839128,-0.546455,1.724087
4333,-1.237508,-0.9085786,-0.5104249,1.617861
4334,0.9830347,-1.383864,-1.46,2.238981
4335,0.933808,-1.387934,-1.46,2.220351
4336,0.9338011,-1.387937,-1.46,2.22035
4337,0.9410694,-1.326149,-1.46,2.185379
4338,0.9830444,-1.38386,-1.46,2.238983
4339,0.9555889,-1.331455,-1.46,2.194885
4340,-0.1513396,-1.369694,-1.455112,2.004075
4341,-0.1048555,-1.316598,-1.437844,1.952388
4342,-1.255551,-1.339931,-1.39712,2.307329
4343,-1.266764,-1.390876,-1.46,2.38135
4344,-1.210614,-1.345143,-1.46,2.325209
4345,-1.253104,-1.312856,-1.46,2.329262
4346,-1.204773,-1.40397,-1.40151,2.320957
4347,-1.241279,-1.411695,-1.39896,2.343234
4348,1.404612,-1.459931,0.3572102,2.057166
4349,1.400235,-1.459995,0.3371544,2.050833
4350,1.46,-1.46,0.3151666,2.088667
4351,1.46,-1.46,0.3151912,2.088671
4352,1.46,-1.45998,0.364219,2.096616
4353,1.400384,-1.46,0.3912655,2.060525
4354,1.46,-1.45998,0.3642459,2.09662
4355,0.3792236,-1.46,0.3118444,1.540343
4356,0.3944552,-1.46,0.3663921,1.556097
4357,0.3795183,-1.459684,0.311824,1.540112
4358,0.3326651,-1.458218,0.3559048,1.537444
4359,0.3326709,-1.458115,0.3559017,1.537346
4360,0.3868785,-1.46,0.371138,1.555319
4361,-0.738165,-1.46,0.3320049,1.669346
4362,-0.7821892,-1.433613,0.3396084,1.668053
4363,-0.7821829,-1.433608,0.3395926,1.668043
4364,-0.7381538,-1.46,0.3320006,1.66934
4365,0.9806573,-1.156356,-1.008707,1.821082
4366,0.92892,-1.098299,-1.035569,1.772444
4367,0.9111208,-1.180407,-1.066384,1.833215
4368,0.9134921,-1.139439,-1.015608,1.778834
4369,0.9073655,-1.117014,-1.081988,1.800481
4370,0.9111139,-1.180395,-1.066381,1.833202
4371,0.9627822,-1.159137,-1.032583,1.826685
4372,0.9673177,-1.178347,-1.090237,1.874252
4373,0.9673135,-1.178341,-1.090233,1.874244
4374,0.9653216,-1.107621,-1.062467,1.813148
4375,0.9399992,-1.110368,-1.093053,1.819692
4376,0.9419844,-1.196213,-1.008462,1.826268
4377,-0.1158826,-1.140929,-1.058298,1.560494
4378,-1.249999,-1.132118,-1.039292,1.980989
4379,-0.1220132,-0.9881398,-0.6277442,1.177018
4380,-1.282317,-0.9627792,-0.6614526,1.734589
4381,1.46,-1.46,0.2475055,2.079533
4382,1.40501,-1.46,0.2339698,2.039705
4383,1.405021,-1.46,0.2339665,2.039712
4384,1.405673,-1.46,0.2901674,2.047368
4385,1.46,-1.46,0.2474873,2.079531
4386,1.46,-1.46,0.2808304,2.083762
4387,0.3726127,-1.417687,0.2348331,1.484528
4388,0.3726412,-1.417678,0.2348219,1.484525
4389,0.314979,-1.46,0.2378028,1.512403
4390,0.3149837,-1.46,0.2377976,1.512403
4391,0.3281799,-1.46,0.2860311,1.523521
4392,0.3282226,-1.46,0.2860093,1.523526
4393,0.3763549,-1.46,0.2608972,1.530134
4394,-0.7835693,-1.389506,0.2166301,1.609856
4395,-0.7335374,-1.46,0.2429735,1.651882
4396,-0.7835585,-1.38951,0.2166207,1.609853
4397,-0.7335472,-1.46,0.2429676,1.651885
4398,-0.7761344,-1.449964,0.2598599,1.665024
4399,-0.7447589,-1.46,0.2943507,1.665205
4400,0.9102604,-1.106856,-1.141078,1.831874
4401,0.9092308,-1.172822,-1.136932,1.869445
4402,1.000803,-1.174045,-1.14796,1.922966
4403,0.9535165,-1.178686,-1.15493,1.905874
4404,0.9526177,-1.105141,-1.182972,1.878361
4405,0.9522883,-1.133643,-1.135436,1.865801
4406,0.9901999,-1.107593,-1.180126,1.897355
4407,0.9970166,-1.121447,-1.128056,1.877284
4408,0.9754602,-1.180483,-1.198634,1.944682
4409,0.9166551,-1.163443,-1.164233,1.883957
4410,-0.1235145,-1.163688,-1.198034,1.674727
4411,-0.1320066,-1.175669,-1.121113,1.629882
4412,-1.256104,-1.138984,-1.174774,2.062808
4413,-0.16744,-0.9955708,-0.7046726,1.231162
4414,-0.1007523,-0.9682347,-0.796057,1.257512
4415,1.410744,-1.46,0.1187908,2.033694
4416,1.46,-1.46,0.1132171,2.067853
4417,1.46,-1.46,0.151745,2.07032
4418,1.412305,-1.46,0.1828923,2.039523
4419,1.46,-1.46,0.1985973,2.074281
4420,1.46,-1.46,0.1517458,2.070321
4421,1.407431,-1.46,0.143138,2.032966
4422,1.46,-1.46,0.1986198,2.074283
4423,0.3120143,-1.46,0.1898629,1.504992
4424,0.3120063,-1.46,0.1898547,1.504989
4425,0.3506993,-1.459927,0.1406406,1.50803
4426,0.3507474,-1.459901,0.1406517,1.508018
4427,0.374734,-1.46,0.19269,1.51959
4428,0.3747605,-1.46,0.1925191,1.519575
4429,-0.7689334,-1.407764,0.1290923,1.609261
4430,-0.7190534,-1.459988,0.2010539,1.639825
4431,-0.7140712,-1.459968,0.196586,1.637086
4432,-0.7172008,-1.46,0.1443949,1.633042
4433,-0.7689326,-1.407778,0.1290905,1.609273
4434,-0.7619725,-1.46,0.1741322,1.656057
4435,-0.7619746,-1.46,0.1741592,1.656061
4436,-0.7380565,-1.46,0.1131067,1.639854
4437,-0.738045,-1.46,0.1131244,1.63985
4438,0.9319182,-1.132688,-1.228458,1.91326
4439,0.9909098,-1.162766,-1.256028,1.97776
4440,0.9849136,-1.109403,-1.273007,1.954834
4441,1.00408,-1.105833,-1.227791,1.933524
4442,0.9519434,-1.174777,-1.263138,1.970232
4443,0.9596511,-1.160606,-1.207199,1.930095
4444,0.9442281,-1.123175,-1.261073,1.934785
4445,-0.1342704,-1.124921,-1.271207,1.702775
4446,-0.1603733,-1.171427,-1.245884,1.717611
4447,-0.1056987,-1.153912,-1.296787,1.739064
4448,-0.1311143,-1.205566,-1.263643,1.751392
4449,-1.220315,-1.123941,-1.270027,2.089349
4450,-1.305511,-1.178408,-1.301456,2.187873
4451,-1.258357,-0.9466668,-0.8115516,1.771513
4452,1.401775,-1.46,0.08421293,2.02575
4453,1.46,-1.46,0.08084063,2.066334
4454,1.420057,-1.46,0.01588973,2.036766
4455,1.411056,-1.46,0.06049884,2.031339
4456,1.46,-1.46,0.03093777,2.064984
4457,1.46,-1.46,0.03089846,2.064983
4458,1.46,-1.46,0.08085459,2.066334
4459,0.3732795,-1.46,0.09280557,1.509818
4460,0.338751,-1.459973,0.0552334,1.499775
4461,0.3387352,-1.45997,0.05521898,1.499768
4462,0.3733469,-1.46,0.09275677,1.509832
4463,-0.7217035,-1.46,0.03763181,1.629071
4464,-0.7620717,-1.46,0.01801317,1.647021
4465,-0.7742289,-1.45983,0.04563604,1.653063
4466,-0.7217021,-1.46,0.03764982,1.629071
4467,-0.7687902,-1.46,0.09317069,1.65267
4468,-0.7803553,-1.46,0.07021999,1.656951
4469,-0.7008621,-1.46,0.08362915,1.621666
4470,0.9614861,-1.133242,-1.392437,2.036559
4471,0.9725314,-1.192906,-1.308683,2.020271
4472,0.9870268,-1.124817,-1.327771,2.000603
4473,0.9821945,-1.182118,-1.38137,2.066468
4474,0.918572,-1.124384,-1.39396,2.012744
4475,0.9500168,-1.106344,-1.29987,1.953507
4476,0.9466869,-1.164285,-1.31807,1.997269
4477,0.9383953,-1.136132,-1.335866,1.988949
4478,0.9614909,-1.133237,-1.392434,2.036556
4479,0.9099128,-1.195715,-1.313265,1.99558
4480,-0.1086637,-1.204472,-1.407814,1.855937
4481,-0.1478937,-1.190849,-1.352314,1.807968
4482,-0.1567334,-1.107927,-1.345001,1.749599
4483,-1.268887,-1.166701,-1.381788,2.209209
4484,-1.197209,-1.197546,-1.395184,2.194074
4485,0.9992012,-0.9643853,-0.9846506,1.702345
4486,0.9992101,-0.9643788,-0.9846592,1.702352
4487,-0.1373238,-0.9617352,-0.9697954,1.372697
4488,-1.203743,-0.9807554,-0.8978488,1.793603
4489,-1.284127,-0.9935805,-0.9365922,1.874404
4490,-1.213587,-0.9072913,-0.9716055,1.799997
4491,-1.243092,-0.7793661,-0.5617802,1.571078
4492,1.46,-1.46,-0.01720493,2.064824
4493,1.46,-1.46,-0.06450402,2.065759
4494,1.46,-1.46,-0.06450246,2.065759
4495,1.414286,-1.46,-0.03664417,2.033015
4496,1.46,-1.46,-0.01721882,2.064824
4497,1.402586,-1.46,-0.08221499,2.02623
4498,0.3897139,-1.46,0.005349422,1.511127
4499,0.3853754,-1.46,-0.0005102733,1.510005
4500,0.3783623,-1.46,-0.06955731,1.509833
4501,0.3348209,-1.46,-0.01591327,1.497985
4502,0.3347409,-1.46,-0.01557837,1.497963
4503,0.3720594,-1.46,-0.04389601,1.507301
4504,0.3229364,-1.40928,-0.05718556,1.446937
4505,-0.7355297,-1.46,-0.04553361,1.635444
4506,-0.7948585,-1.46,-0.03083641,1.662634
4507,-0.7582903,-1.46,-0.02141148,1.645315
4508,-0.7270429,-1.420308,-0.01808974,1.595679
4509,-0.7641037,-1.46,-0.07234628,1.649451
4510,-0.7006466,-1.459981,-0.07755169,1.621254
4511,-0.7006472,-1.459981,-0.07755649,1.621255
4512,0.9854789,-1.185176,-1.46,2.123067
4513,0.9401658,-1.164359,-1.46,2.090752
4514,0.925464,-1.188504,-1.46,2.097767
4515,0.9140077,-1.137568,-1.46,2.064236
4516,0.982359,-1.133837,-1.46,2.093374
4517,0.9565034,-1.109453,-1.46,2.068184
4518,-0.1448857,-1.155128,-1.404467,1.824237
4519,-0.1236468,-1.198136,-1.46,1.892727
4520,-0.1550304,-1.177668,-1.46,1.882162
4521,-0.1399784,-1.182089,-1.46,1.883754
4522,-0.1497628,-1.122979,-1.46,1.848002
4523,-0.1416474,-1.117918,-1.46,1.84429
4524,-0.1467284,-1.157815,-1.412933,1.832605
4525,-0.1589196,-1.116871,-1.46,1.845062
4526,-1.283734,-1.132417,-1.46,2.249876
4527,-1.208048,-1.13663,-1.46,2.209731
4528,-1.271779,-1.205185,-1.46,2.280678
4529,1.44415,-1.283285,0.3430666,1.962163
4530,1.40435,-1.289487,0.3248211,1.934034
4531,0.9709775,-0.9501193,-1.060745,1.723573
4532,0.9709837,-0.950122,-1.060745,1.723578
4533,-0.1084103,-0.9409135,-1.06942,1.428541
4534,-1.252545,-0.9932972,-1.065617,1.92121
4535,-1.210324,-0.9904806,-1.006263,1.859705
4536,-1.283726,-0.7287013,-0.6948014,1.631474
4537,1.46,-1.46,-0.152721,2.070392
4538,1.46,-1.46,-0.1527596,2.070395
4539,1.46,-1.46,-0.1169181,2.068059
4540,1.406594,-1.46,-0.1282403,2.031392
4541,1.452242,-1.46,-0.1002069,2.06171
4542,1.419173,-1.46,-0.167036,2.042928
4543,0.3422272,-1.459594,-0.1472363,1.506391
4544,0.3683048,-1.46,-0.1023719,1.509215
4545,0.3458036,-1.46,-0.0916041,1.503187
4546,0.39601,-1.455348,-0.1642304,1.517179
4547,0.3960146,-1.455348,-0.1642377,1.517181
4548,0.342237,-1.459594,-0.1472311,1.506392
4549,0.3097646,-1.46,-0.09922585,1.495794
4550,-0.772093,-1.46,-0.1902353,1.662503
4551,-0.7089711,-1.46,-0.1382855,1.628915
4552,-0.7704024,-1.46,-0.08764838,1.653119
4553,-0.7591248,-1.459767,-0.1126838,1.649208
4554,-0.7405272,-1.46,-0.1649143,1.64535
4555,-0.7572784,-1.391446,-0.1110793,1.588059
4556,-0.7541219,-1.403773,-0.167346,1.602275
4557,-0.7903981,-1.46,-0.1496004,1.666946
4558,-0.7953649,-1.46,-0.141167,1.668572
4559,1.407041,-1.250399,0.2691367,1.901498
4560,1.46,-1.286687,0.2990313,1.968904
4561,1.46,-1.235202,0.2459244,1.928161
4562,1.459988,-1.256384,0.2795541,1.946334
4563,1.46,-1.217495,0.2109234,1.91269
4564,1.419636,-1.283364,0.2140938,1.925676
4565,1.46,-1.217521,0.2109643,1.912711
4566,1.46,-1.246912,0.2704265,1.938949
4567,0.9582076,-0.9932468,-1.105227,1.768114
4568,0.9362312,-0.9221093,-1.189327,1.772375
4569,0.9660119,-0.9638715,-1.182294,1.80556
4570,0.9582114,-0.9932471,-1.105233,1.76812
4571,0.9316577,-0.9547231,-1.109097,1.734814
4572,0.9708251,-0.9089392,-1.183735,1.780421
4573,0.9316623,-0.9547246,-1.109095,1.734815
4574,0.9708058,-0.9089541,-1.183737,1.78042
4575,0.9635825,-0.9667653,-1.160498,1.791614
4576,-0.1790632,-0.8993019,-1.149016,1.470049
4577,-1.226941,-0.9205241,-1.133911,1.907486
4578,-1.219419,-0.7732666,-0.7849283,1.643483
4579,1.46,-1.46,-0.2471739,2.079494
4580,1.46,-1.46,-0.2019811,2.074608
4581,1.416169,-1.46,-0.2064751,2.044448
4582,1.46,-1.46,-0.2471306,2.079489
4583,1.405722,-1.46,-0.227907,2.039509
4584,1.430196,-1.46,-0.2706178,2.061624
4585,1.46,-1.46,-0.2021409,2.074623
4586,0.3283505,-1.46,-0.2580127,1.518547
4587,0.3524238,-1.46,-0.1993565,1.515106
4588,0.3722044,-1.459829,-0.2690535,1.530368
4589,0.4008928,-1.46,-0.2235453,1.530453
4590,0.4008615,-1.46,-0.2234948,1.530438
4591,0.3646313,-1.46,-0.272597,1.529335
4592,0.3371682,-1.46,-0.2110799,1.513221
4593,0.311663,-1.46,-0.2240009,1.509606
4594,-0.7080695,-1.46,-0.2213108,1.637663
4595,-0.7632999,-1.46,-0.2620218,1.668197
4596,-0.7728568,-1.46,-0.2794203,1.675406
4597,-0.712134,-1.402145,-0.2282562,1.589102
4598,-0.7819499,-1.39373,-0.2106891,1.61193
4599,-0.7443221,-1.399853,-0.215901,1.600068
4600,1.400071,-1.207639,0.1889298,1.85857
4601,1.46,-1.283063,0.1817918,1.952152
4602,1.46,-1.257974,0.1233738,1.931144
4603,1.41097,-1.273891,0.1507332,1.906923
4604,1.46,-1.25211,0.1202989,1.927135
4605,1.46,-1.221706,0.1547831,1.910006
4606,1.409526,-1.240373,0.1439404,1.883085
4607,1.46,-1.283065,0.1817972,1.952154
4608,0.9873729,-0.9871838,-1.22841,1.859685
4609,0.9232906,-0.9882581,-1.203001,1.810064
4610,0.9284282,-0.9720833,-1.273366,1.85159
4611,0.9023614,-0.9042389,-1.22453,1.76957
4612,0.9541295,-0.9261659,-1.253739,1.827569
4613,0.9705119,-0.9627737,-1.281648,1.873886
4614,0.9821816,-0.9560445,-1.258089,1.860508
4615,0.9023506,-0.9042612,-1.224523,1.769571
4616,0.9556494,-0.9049361,-1.246633,1.812807
4617,0.93444,-0.9783744,-1.224672,1.824888
4618,-0.09211081,-0.9308985,-1.212458,1.531376
4619,-0.1449222,-0.9151413,-1.284783,1.584031
4620,-0.1273973,-0.9686084,-1.228937,1.569942
4621,-0.1806281,-0.9698261,-1.272871,1.610401
4622,-1.218534,-0.998099,-1.282281,2.031076
4623,-1.284077,-0.9296448,-1.31161,2.057526
4624,-1.269712,-0.9093407,-1.234215,1.990567
4625,1.46,-1.46,-0.3682301,2.09733
4626,1.46,-1.46,-0.3020549,2.086729
4627,1.46,-1.46,-0.3651805,2.096797
4628,1.402923,-1.46,-0.3532241,2.055373
4629,1.406785,-1.46,-0.3911657,2.064862
4630,1.46,-1.46,-0.3657613,2.096898
4631,1.43156,-1.46,-0.3141196,2.068728
4632,1.46,-1.46,-0.3020749,2.086732
4633,0.4001505,-1.46,-0.3349593,1.550457
4634,0.3362142,-1.46,-0.3129494,1.530548
4635,0.3346147,-1.46,-0.3194361,1.531537
4636,0.4001786,-1.46,-0.3349608,1.550465
4637,0.3729121,-1.46,-0.3639527,1.550202
4638,0.3692378,-1.46,-0.3925151,1.556279
4639,0.3199635,-1.46,-0.3897532,1.544631
4640,0.3199627,-1.46,-0.3897504,1.54463
4641,-0.7868376,-1.46,-0.3818582,1.701919
4642,-0.7216043,-1.46,-0.3529315,1.666395
4643,-0.7809223,-1.46,-0.3463128,1.691559
4644,1.406206,-1.255772,0.05687248,1.886163
4645,1.46,-1.279163,0.07153231,1.942415
4646,1.46,-1.232709,0.01338369,1.910851
4647,1.46,-1.264184,0.01178698,1.931295
4648,1.46,-1.218569,0.06105203,1.902692
4649,1.46,-1.279146,0.07152522,1.942403
4650,1.46,-1.218564,0.06105343,1.902689
4651,0.995507,-0.9528834,-1.323565,1.910718
4652,0.9305922,-0.918812,-1.329498,1.864881
4653,0.9305968,-0.9188213,-1.329501,1.86489
4654,0.9592031,-0.9757102,-1.397455,1.955751
4655,0.9732066,-0.9919538,-1.363702,1.946995
4656,0.9712579,-0.9031919,-1.395663,1.92535
4657,0.9665449,-0.9304664,-1.394415,1.935037
4658,0.9996716,-0.956608,-1.391726,1.962484
4659,0.9296519,-0.9697552,-1.325277,1.887071
4660,-0.1742809,-0.9235005,-1.3491,1.644171
4661,-0.1743065,-0.9234951,-1.349131,1.644196
4662,-0.14854,-0.9433633,-1.373422,1.672808
4663,-0.09215763,-0.9280282,-1.3121,1.609762
4664,-0.09723455,-0.9405654,-1.379478,1.672447
4665,-1.303462,-0.968814,-1.363877,2.120795
4666,-1.225435,-0.908794,-1.368967,2.049797
4667,-0.1500377,-0.7581095,-0.9476002,1.222779
4668,1.46,-1.46,-0.4346411,2.110003
4669,1.425072,-1.46,-0.4910385,2.098464
4670,1.45794,-1.459986,-0.4330681,2.108244
4671,1.46,-1.46,-0.434976,2.110072
4672,1.400185,-1.46,-0.4370296,2.069568
4673,0.3920293,-1.46,-0.4747468,1.58451
4674,0.3424877,-1.46,-0.4646745,1.569975
4675,0.4010631,-1.46,-0.4243225,1.572419
4676,0.4010735,-1.46,-0.4243521,1.57243
4677,0.3423469,-1.46,-0.464212,1.569807
4678,-0.7743651,-1.46,-0.4615727,1.715894
4679,-0.7109438,-1.46,-0.4071844,1.674169
4680,-0.6912512,-1.46,-0.4872675,1.687263
4681,-0.7528629,-1.407649,-0.4066919,1.647324
4682,1.410934,-1.261859,-0.03786528,1.893266
4683,1.46,-1.259393,-0.03186285,1.928389
4684,1.409539,-1.208384,-0.03532422,1.856943
4685,1.46,-1.240645,-0.08358409,1.917756
4686,1.46,-1.296954,-0.08007985,1.954508
4687,1.46,-1.205525,-0.02388798,1.893531
4688,1.46,-1.205529,-0.02388054,1.893534
4689,1.46,-1.240636,-0.08358367,1.91775
4690,1.46,-1.296951,-0.08008691,1.954507
4691,1.401645,-1.224288,-0.08850957,1.863149
4692,1.46,-1.299696,-0.01758868,1.954768
4693,0.3714001,-1.270027,-0.05209974,1.324243
4694,0.9101948,-0.9885108,-1.46,1.98424
4695,0.9843156,-0.974847,-1.46,2.012661
4696,0.9439984,-0.9359354,-1.46,1.974515
4697,0.9220218,-0.9374697,-1.402246,1.922308
4698,0.9461265,-0.9612544,-1.46,1.987653
4699,0.9985588,-0.9285561,-1.46,1.997733
4700,-0.1210539,-0.9475952,-1.46,1.744761
4701,-0.1914555,-0.9849485,-1.46,1.771547
4702,-1.220778,-0.92998,-1.46,2.118198
4703,0.9522,-0.7857371,-1.099084,1.652892
4704,-1.289493,-0.7591947,-1.092969,1.853038
4705,-1.232131,-0.7167234,-1.062109,1.777615
4706,1.43109,-1.46,-0.5843058,2.126272
4707,1.46,-1.46,-0.5700351,2.141994
4708,1.46,-1.40526,-0.5834262,2.10873
4709,1.46,-1.46,-0.4972643,2.123787
4710,1.459319,-1.46,-0.5595847,2.138773
4711,1.46,-1.46,-0.5956165,2.148944
4712,1.46,-1.405263,-0.5834398,2.108736
4713,1.458992,-1.46,-0.5594894,2.138524
4714,1.46,-1.46,-0.5602713,2.139417
4715,1.46,-1.46,-0.5956068,2.148941
4716,1.46,-1.46,-0.5669805,2.141184
4717,1.46,-1.46,-0.5552354,2.138103
4718,1.46,-1.46,-0.4972619,2.123787
4719,1.441625,-1.46,-0.5518619,2.124719
4720,1.46,-1.46,-0.560274,2.139417
4721,1.431179,-1.46,-0.5913236,2.128271
4722,0.356514,-1.46,-0.532968,1.594603
4723,0.4089781,-1.46,-0.5506479,1.613095
4724,0.404806,-1.405262,-0.550069,1.562435
4725,0.3569825,-1.46,-0.5666666,1.606284
4726,0.3935125,-1.46,-0.5106955,1.596014
4727,0.4089761,-1.46,-0.5506372,1.613091
4728,-0.7632731,-1.46,-0.5217135,1.728112
4729,1.46,-1.298113,-0.1504651,1.959423
4730,1.46,-1.241178,-0.1502327,1.922158
4731,1.46,-1.281698,-0.1518486,1.948694
4732,1.46,-1.228486,-0.1619173,1.91494
4733,1.413398,-1.223894,-0.1698465,1.877354
4734,1.405536,-1.273154,-0.1753152,1.904518
4735,1.406163,-1.257064,-0.1257047,1.890319
4736,-0.7078728,-1.231321,-0.1281334,1.426062
4737,-0.7622917,-1.265403,-0.1417305,1.484055
4738,-0.7295056,-1.277058,-0.1921429,1.483231
4739,0.9565604,-0.7883818,-1.170158,1.704648
4740,-0.14937,-0.7699761,-1.103622,1.353941
4741,-0.14308,-0.7056505,-1.179768,1.382124
4742,-1.284456,-0.7413276,-1.165713,1.886341
4743,1.46,-1.414222,-0.6163277,2.124026
4744,1.46,-1.46,-0.6535058,2.165703
4745,1.43777,-1.46,-0.6117883,2.138473
4746,1.431653,-1.459952,-0.6024013,2.131661
4747,1.44035,-1.46,-0.6384489,2.147982
4748,1.435364,-1.392924,-0.6006523,2.08837
4749,1.435361,-1.392923,-0.6006436,2.088364
4750,1.452267,-1.46,-0.6166173,2.149627
4751,1.408811,-1.46,-0.6951157,2.144652
4752,1.408789,-1.46,-0.6950909,2.14463
4753,1.444124,-1.411166,-0.6184805,2.11173
4754,1.435361,-1.392922,-0.6006422,2.088364
4755,1.46,-1.46,-0.6907209,2.177222
4756,1.46,-1.46,-0.6534932,2.165699
4757,1.46,-1.414229,-0.6163445,2.124035
4758,0.3363251,-1.46,-0.6050635,1.615802
4759,0.3418943,-1.46,-0.6096258,1.618683
4760,0.4017713,-1.46,-0.6133404,1.633771
4761,0.3807283,-1.46,-0.6129739,1.628586
4762,0.3803686,-1.46,-0.6638609,1.64833
4763,0.3918656,-1.405755,-0.6112445,1.58219
4764,0.3618445,-1.46,-0.676607,1.649342
4765,0.3218515,-1.46,-0.686056,1.64495
4766,-0.721774,-1.46,-0.6476572,1.752717
4767,-0.7824888,-1.46,-0.6085985,1.764733
4768,-0.7541764,-1.404077,-0.6409445,1.717854
4769,1.409093,-1.278217,-0.2480126,1.918565
4770,1.46,-1.244682,-0.2139411,1.930441
4771,1.46,-1.244711,-0.2355894,1.932979
4772,1.401186,-1.226122,-0.2767299,1.88236
4773,1.46,-1.278681,-0.2864762,1.961809
4774,1.46,-1.278678,-0.2864847,1.961808
4775,1.46,-1.207438,-0.2329919,1.908872
4776,1.46,-1.299906,-0.215521,1.966673
4777,1.46,-1.299937,-0.2155161,1.966694
4778,1.407083,-1.241373,-0.2304191,1.890498
4779,-0.6969805,-1.219538,-0.1994555,1.418745
4780,-0.7210787,-1.239088,-0.2516128,1.455542
4781,-0.7904398,-1.25089,-0.2517376,1.500964
4782,0.9750985,-0.72834,-1.254843,1.748121
4783,0.91856,-0.8012946,-1.262094,1.754625
4784,0.9501922,-0.7999451,-1.224533,1.744207
4785,0.9561226,-0.7704841,-1.218054,1.729587
4786,0.9750974,-0.7283438,-1.254851,1.748128
4787,0.9690329,-0.7267213,-1.209285,1.711584
4788,-0.1771743,-0.7488605,-1.28324,1.496291
4789,-1.208174,-0.7354323,-1.242169,1.882426
4790,1.46,-1.46,-0.7312368,2.190413
4791,1.46,-1.46,-0.7312069,2.190403
4792,1.46,-1.46,-0.7916816,2.211325
4793,1.44715,-1.46,-0.767696,2.194356
4794,1.46,-1.46,-0.7917041,2.211334
4795,0.3159215,-1.46,-0.7266939,1.661171
4796,0.3724458,-1.46,-0.7296551,1.67413
4797,0.3361574,-1.46,-0.7541814,1.677317
4798,0.4136882,-1.46,-0.7042102,1.672917
4799,0.3706584,-1.46,-0.7564113,1.68557
4800,0.3609712,-1.397237,-0.7010977,1.604403
4801,0.3609651,-1.397239,-0.7010975,1.604404
4802,-0.7063043,-1.46,-0.7379118,1.781847
4803,-0.7765437,-1.46,-0.7079288,1.798828
4804,-0.7673362,-1.46,-0.7700385,1.820265
4805,1.46,-1.255616,-0.359269,1.958889
4806,1.420908,-1.218834,-0.3490468,1.904303
4807,1.46,-1.219648,-0.315169,1.928334
4808,1.46,-1.293734,-0.3383972,1.979864
4809,1.46,-1.225877,-0.3910713,1.946101
4810,1.46,-1.280431,-0.3913085,1.980966
4811,1.403235,-1.278481,-0.3473359,1.929825
4812,1.46,-1.230998,-0.3089035,1.934522
4813,1.407296,-1.24213,-0.3843463,1.916009
4814,1.412812,-1.268461,-0.3115092,1.924077
4815,0.3563055,-1.277889,-0.3572382,1.37389
4816,0.3767168,-1.276671,-0.3656154,1.380391
4817,0.3370896,-1.26711,-0.393197,1.368868
4818,-0.75182,-1.227373,-0.3156859,1.473546
4819,-0.7193462,-1.234706,-0.3635259,1.474486
4820,-0.7363812,-1.282533,-0.3212343,1.513386
4821,0.9391356,-0.7080619,-1.382712,1.815274
4822,0.9813809,-0.7033533,-1.321789,1.790235
4823,0.965611,-0.7016206,-1.382719,1.826633
4824,0.9604309,-0.7586465,-1.375513,1.841198
4825,0.9604227,-0.7586436,-1.37551,1.84119
4826,0.9191759,-0.7432458,-1.32734,1.777395
4827,-0.1331582,-0.7776389,-1.345344,1.559617
4828,-0.1019767,-0.7143731,-1.375058,1.552904
4829,-1.266016,-0.7239847,-1.365692,1.998016
4830,1.410311,-1.448465,-0.8711334,2.201341
4831,1.400942,-1.44626,-0.8890568,2.201074
4832,1.46,-1.46,-0.8468841,2.231684
4833,1.46,-1.46,-0.8704243,2.240723
4834,1.46,-1.46,-0.8435095,2.230406
4835,1.405301,-1.42495,-0.8109164,2.159384
4836,0.3719645,-1.46,-0.8072581,1.709276
4837,0.3549414,-1.46,-0.8130639,1.708408
4838,0.3285511,-1.407826,-0.8586253,1.681415
4839,0.4122609,-1.46,-0.8436922,1.735908
4840,0.365135,-1.46,-0.8844007,1.745591
4841,0.3820049,-1.46,-0.8593152,1.736649
4842,0.3279289,-1.46,-0.8438345,1.717904
4843,-0.6956176,-1.46,-0.8851814,1.843646
4844,-0.7127382,-1.46,-0.8266233,1.822883
4845,-0.7962277,-1.46,-0.8597487,1.872097
4846,1.46,-1.283593,-0.4549363,1.996542
4847,1.46,-1.298217,-0.464313,2.008122
4848,1.46,-1.232073,-0.4626429,1.965615
4849,1.46,-1.24167,-0.4096368,1.959884
4850,1.401434,-1.203677,-0.4262146,1.89592
4851,1.401431,-1.20368,-0.4262255,1.895923
4852,1.437577,-1.296311,-0.4129129,1.979279
4853,1.46,-1.231787,-0.4628023,1.965473
4854,0.3886208,-1.271043,-0.449543,1.403091
4855,0.3641897,-1.243301,-0.4756614,1.380103
4856,0.3466001,-1.233247,-0.4612352,1.361531
4857,-0.7136212,-1.276813,-0.4694674,1.536198
4858,-0.7834316,-1.224818,-0.4636799,1.526088
4859,1.46,-1.094286,-0.04267958,1.825071
4860,1.458964,-1.099497,-0.01702923,1.826954
4861,1.458978,-1.099499,-0.01704658,1.826966
4862,1.42658,-1.09232,-0.06817485,1.798038
4863,-0.7853731,-1.082442,-0.08508084,1.340049
4864,-0.7853788,-1.082439,-0.08507235,1.340049
4865,0.9565613,-0.7236035,-1.46,1.8895
4866,0.9454704,-0.7683704,-1.46,1.901554
4867,0.9819298,-0.7589706,-1.410561,1.878804
4868,0.9010261,-0.7004746,-1.459654,1.852863
4869,0.9454792,-0.7683669,-1.46,1.901557
4870,0.9010257,-0.7004744,-1.45965,1.852859
4871,0.9536099,-0.6982414,-1.46,1.878434
4872,0.9952528,-0.7739935,-1.46,1.92904
4873,-0.1715935,-0.804425,-1.46,1.675752
4874,-0.1461086,-0.7672711,-1.46,1.655794
4875,-0.1198926,-0.721357,-1.46,1.63289
4876,-1.242386,-0.7265249,-1.46,2.050113
4877,-1.25204,-0.8018655,-1.393448,2.037716
4878,1.46,-1.46,-0.9458923,2.271104
4879,1.46,-1.441789,-0.9743739,2.27151
4880,1.46,-1.46,-0.9148547,2.258353
4881,1.46,-1.46,-0.9173454,2.259363
4882,1.412888,-1.46,-0.9835811,2.257274
4883,1.46,-1.46,-0.9874559,2.288727
4884,0.3194031,-1.46,-0.9278142,1.759107
4885,0.4061373,-1.46,-0.9112082,1.76829
4886,0.3425317,-1.46,-0.9077446,1.752977
4887,0.3691967,-1.46,-0.9675044,1.789964
4888,0.3654622,-1.46,-0.9460133,1.777668
4889,0.32849,-1.46,-0.9776795,1.787558
4890,0.4053125,-1.46,-0.9640253,1.795891
4891,0.4061325,-1.46,-0.911217,1.768293
4892,-0.698966,-1.46,-0.97152,1.887857
4893,-0.7616113,-1.46,-0.9198441,1.886204
4894,-0.772046,-1.42408,-0.986488,1.896634
4895,1.40183,-1.204218,-0.5722651,1.934621
4896,1.405439,-1.243701,-0.4976508,1.941573
4897,1.46,-1.289873,-0.5124959,2.014454
4898,1.40183,-1.204213,-0.5722648,1.934617
4899,1.405439,-1.2437,-0.4976591,1.941575
4900,1.46,-1.289874,-0.5124983,2.014455
4901,1.46,-1.272906,-0.5660369,2.017991
4902,1.409795,-1.280765,-0.5538834,1.9836
4903,1.46,-1.221477,-0.5238993,1.974355
4904,1.46,-1.22921,-0.560851,1.989249
4905,1.46,-1.216639,-0.51604,1.969291
4906,1.403964,-1.250385,-0.5861474,1.969301
4907,1.46,-1.237217,-0.5927371,2.003408
4908,0.3913261,-1.208341,-0.5801904,1.396369
4909,0.3745417,-1.216398,-0.5522959,1.38742
4910,0.4054395,-1.241499,-0.5071786,1.401046
4911,0.3647115,-1.272182,-0.5381504,1.428659
4912,0.3307733,-1.198882,-0.5295737,1.351731
4913,0.4126964,-1.240448,-0.5345154,1.412351
4914,0.3180966,-1.272299,-0.5743678,1.431722
4915,-0.7476509,-1.28676,-0.5681963,1.592979
4916,1.423996,-1.086586,-0.1540929,1.797826
4917,1.46,-1.047189,-0.1763777,1.805357
4918,1.442102,-1.025597,-0.1342932,1.774695
4919,1.43929,-1.00524,-0.1532126,1.762254
4920,1.457037,-1.063524,-0.09646009,1.806473
4921,1.46,-1.078866,-0.1129505,1.818876
4922,1.46,-1.098413,-0.1124612,1.830508
4923,1.46,-1.04718,-0.176392,1.805353
4924,-0.7160665,-1.056055,-0.1078292,1.280481
4925,-0.791013,-1.042381,-0.1726809,1.319878
4926,-0.7467968,-1.034297,-0.1062183,1.28014
4927,-0.7228641,-1.086633,-0.1302378,1.311589
4928,1.46,-1.46,-1.054279,2.318341
4929,1.46,-1.46,-1.010957,2.298964
4930,1.46,-1.46,-1.039368,2.311598
4931,1.416493,-1.46,-1.046731,2.287728
4932,1.410106,-1.46,-1.025935,2.274322
4933,0.3309016,-1.46,-1.009748,1.805737
4934,0.3960443,-1.46,-1.017397,1.82306
4935,0.3511833,-1.46,-1.086053,1.853225
4936,0.3458242,-1.46,-1.022707,1.815798
4937,0.3980339,-1.46,-1.074683,1.856064
4938,0.3970982,-1.46,-1.094395,1.867348
4939,0.3597101,-1.46,-1.060362,1.839934
4940,0.3960137,-1.46,-1.017293,1.822996
4941,0.3444714,-1.407051,-1.08061,1.807255
4942,-0.7886666,-1.46,-1.027107,1.951549
4943,-0.7352601,-1.46,-1.096054,1.968132
4944,1.458287,-1.276436,-0.6216213,2.035265
4945,1.46,-1.221854,-0.6681812,2.01767
4946,1.46,-1.249735,-0.6689041,2.034913
4947,1.46,-1.242632,-0.6277316,2.01737
4948,0.3344594,-1.224135,-0.6236811,1.413983
4949,0.3600892,-1.262631,-0.6062737,1.446191
4950,0.4090084,-1.198911,-0.6131618,1.407353
4951,0.4037888,-1.255584,-0.6177318,1.45641
4952,0.363328,-1.26155,-0.6774246,1.477302
4953,0.4083748,-1.227008,-0.6942164,1.467738
4954,0.3218655,-1.282174,-0.692432,1.492323
4955,-0.7290278,-1.29047,-0.6584377,1.62183
4956,1.412678,-1.078123,-0.2295664,1.791845
4957,1.46,-1.070195,-0.2537712,1.827927
4958,1.405446,-1.040971,-0.2607764,1.768305
4959,1.46,-1.067655,-0.2276093,1.82299
4960,1.46,-1.006844,-0.2748851,1.794686
4961,1.46,-1.030445,-0.295807,1.811331
4962,1.407469,-1.089442,-0.2720691,1.80052
4963,1.46,-1.018653,-0.24611,1.797171
4964,1.417047,-1.030801,-0.2117583,1.765054
4965,-0.7208946,-1.045633,-0.2154816,1.288204
4966,-0.7771297,-1.013212,-0.226586,1.296869
4967,-0.7178445,-1.108863,-0.2090237,1.337374
4968,1.46,-1.46,-1.12805,2.352806
4969,1.46,-1.46,-1.097591,2.338356
4970,1.46,-1.46,-1.171013,2.373704
4971,1.46,-1.46,-1.170997,2.373696
4972,1.423239,-1.46,-1.136689,2.334368
4973,1.46,-1.46,-1.09768,2.338397
4974,1.405215,-1.46,-1.195234,2.352618
4975,0.3671095,-1.46,-1.136673,1.886371
4976,0.4039766,-1.46,-1.147408,1.900353
4977,0.3752561,-1.46,-1.189389,1.920173
4978,0.3504803,-1.46,-1.139097,1.884669
4979,0.3248164,-1.46,-1.110203,1.862702
4980,0.3190302,-1.46,-1.186008,1.907877
4981,0.3190455,-1.46,-1.186003,1.907877
4982,-0.7010542,-1.421539,-1.14328,1.954313
4983,-0.7382992,-1.46,-1.186952,2.021272
4984,-1.270142,-0.5394458,-1.211233,1.836124
4985,1.46,-1.296449,-0.775582,2.10093
4986,1.46,-1.296451,-0.7755607,2.100924
4987,1.46,-1.221062,-0.7864378,2.059387
4988,1.405271,-1.289475,-0.7028608,2.03262
4989,1.405277,-1.289464,-0.7028879,2.032627
4990,1.46,-1.280946,-0.7225221,2.072308
4991,1.420721,-1.233419,-0.7210737,2.014874
4992,1.422673,-1.228349,-0.7699569,2.031175
4993,1.46,-1.252494,-0.7122844,2.051266
4994,1.46,-1.243388,-0.7534524,2.060414
4995,1.46,-1.203763,-0.7970207,2.053262
4996,0.3897769,-1.266459,-0.7623646,1.528739
4997,0.389771,-1.266461,-0.7623649,1.52874
4998,0.3273186,-1.239873,-0.7381839,1.479641
4999,-0.7488176,-1.22182,-0.7729504,1.628196
5000,1.46,-1.066829,-0.3174399,1.83589
5001,1.46,-1.099889,-0.3810121,1.867224
5002,1.46,-1.038531,-0.3661515,1.828719
5003,1.415759,-1.035329,-0.3133317,1.7817
5004,1.46,-1.083665,-0.3011391,1.842991
5005,1.411992,-1.041927,-0.34718,1.788818
5006,1.46,-1.038541,-0.3661605,1.828726
5007,1.413002,-1.061327,-0.3948876,1.81078
5008,-0.7004725,-1.049282,-0.3212862,1.301875
5009,-0.7868604,-1.056852,-0.3010289,1.351556
5010,-0.7353019,-1.079779,-0.3908671,1.363587
5011,1.46,-1.46,-1.202107,2.389197
5012,1.46,-1.46,-1.247888,2.412556
5013,1.41665,-1.46,-1.267306,2.396781
5014,1.427961,-1.46,-1.216288,2.376979
5015,1.46,-1.46,-1.24786,2.412541
5016,1.46,-1.46,-1.292329,2.435839
5017,1.46,-1.46,-1.291888,2.435606
5018,0.3708921,-1.46,-1.204971,1.929019
5019,0.339558,-1.46,-1.234523,1.941893
5020,0.3818384,-1.46,-1.287921,1.983971
5021,0.3946884,-1.46,-1.257326,1.966786
5022,0.3218836,-1.46,-1.268265,1.960537
5023,0.3471827,-1.46,-1.251605,1.954137
5024,0.4039074,-1.46,-1.235788,1.954971
5025,0.3413908,-1.46,-1.295128,1.981289
5026,-0.7229002,-1.46,-1.269223,2.065215
5027,0.9842808,-0.5920988,-1.372224,1.789522
5028,0.9842871,-0.5921035,-1.372232,1.789533
5029,-1.196204,-0.5071513,-1.348878,1.872853
5030,-1.262158,-0.5916777,-1.335374,1.930376
5031,1.415901,-1.270903,-0.8634836,2.089395
5032,1.46,-1.257058,-0.8195285,2.093662
5033,1.46,-1.260884,-0.8935782,2.126008
5034,1.46,-1.206344,-0.8812962,2.088911
5035,1.46,-1.214964,-0.8504104,2.08109
5036,1.46,-1.256456,-0.8434616,2.102786
5037,1.401161,-1.232641,-0.8263043,2.04094
5038,1.40116,-1.232633,-0.826311,2.040937
5039,0.3279621,-1.254954,-0.7950728,1.521384
5040,0.3691352,-1.226765,-0.8236796,1.523043
5041,0.4026688,-1.20205,-0.8189725,1.509232
5042,0.3695401,-1.294346,-0.8434412,1.588485
5043,0.369536,-1.294346,-0.843442,1.588484
5044,0.3906942,-1.243706,-0.8724657,1.568643
5045,-0.7871852,-1.255693,-0.8350219,1.701084
5046,-0.7050063,-1.241646,-0.8517411,1.662583
5047,1.419094,-1.006647,-0.4896813,1.807472
5048,1.447325,-1.022699,-0.409957,1.818991
5049,1.46,-1.0664,-0.4673716,1.867417
5050,1.419645,-1.047732,-0.4667396,1.825097
5051,1.46,-1.034785,-0.4500456,1.845243
5052,1.46,-1.006639,-0.4531514,1.830374
5053,1.46,-1.084125,-0.4077757,1.863654
5054,1.428538,-1.093712,-0.44275,1.852823
5055,-0.7538928,-1.052562,-0.4790454,1.38048
5056,-0.7399732,-1.015911,-0.4263602,1.327185
5057,1.442443,-1.46,-1.380107,2.473244
5058,1.413803,-1.46,-1.319299,2.423012
5059,1.413804,-1.46,-1.31929,2.423008
5060,1.46,-1.46,-1.333667,2.458021
5061,1.46,-1.46,-1.376551,2.481551
5062,1.410519,-1.46,-1.397702,2.464698
5063,1.46,-1.46,-1.376565,2.481558
5064,1.46,-1.46,-1.333663,2.458019
5065,1.442421,-1.46,-1.380106,2.473231
5066,0.3217207,-1.46,-1.366606,2.025516
5067,0.3334269,-1.46,-1.393171,2.045409
5068,0.3698135,-1.46,-1.346917,2.020531
5069,0.3917649,-1.46,-1.346955,2.024689
5070,0.4101171,-1.46,-1.352533,2.032029
5071,0.3961133,-1.46,-1.392272,2.055949
5072,0.3539711,-1.46,-1.314735,1.996352
5073,-0.7169185,-1.46,-1.334396,2.10385
5074,-0.7263986,-1.389241,-1.352842,2.070707
5075,0.9992011,-0.5147732,-1.459814,1.842404
5076,0.992872,-0.5930596,-1.46,1.862556
5077,0.9034734,-0.5664095,-1.459686,1.807696
5078,0.9414211,-0.5170535,-1.459616,1.812208
5079,0.9304585,-0.5410864,-1.459947,1.813828
5080,0.9578646,-0.5801805,-1.459889,1.839943
5081,0.9822301,-0.5512444,-1.459816,1.84383
5082,0.9867592,-0.5017802,-1.459984,1.83222
5083,0.926483,-0.5954791,-1.459889,1.828727
5084,-0.1639713,-0.5836426,-1.46,1.580862
5085,-0.1623318,-0.5836239,-1.46,1.580686
5086,-1.217276,-0.51593,-1.46,1.969656
5087,-1.275585,-0.5535637,-1.426388,1.992017
5088,1.46,-1.236295,-0.9982365,2.157893
5089,1.405971,-1.257005,-0.9861073,2.128197
5090,1.46,-1.199896,-0.9668384,2.122764
5091,1.46,-1.26545,-0.9616473,2.158178
5092,1.46,-1.214014,-0.9518791,2.12403
5093,1.46,-1.206477,-0.9080648,2.100421
5094,1.404814,-1.292122,-0.934221,2.125054
5095,1.408601,-1.232708,-0.9013363,2.07753
5096,1.46,-1.268486,-0.9364573,2.148862
5097,1.408589,-1.232643,-0.9013879,2.077507
5098,1.40598,-1.257002,-0.9861133,2.128204
5099,0.3262782,-1.262511,-0.9673414,1.62362
5100,0.3432427,-1.271025,-0.8980761,1.593694
5101,0.3916938,-1.256759,-0.9295381,1.611493
5102,0.3900947,-1.23112,-0.9557708,1.606651
5103,0.3531912,-1.204109,-0.9564925,1.577815
5104,-0.7073371,-1.224046,-1.003653,1.733763
5105,-0.7425068,-1.215309,-0.9226247,1.696917
5106,1.46,-1.053728,-0.5463408,1.881603
5107,1.409369,-1.054691,-0.5127811,1.833478
5108,1.42832,-1.014985,-0.5627412,1.840373
5109,1.46,-1.059505,-0.5489838,1.885613
5110,1.46,-1.065625,-0.5022629,1.876013
5111,-0.7394183,-1.003595,-0.531625,1.3552
5112,1.46,-1.46,-1.46,2.528794
5113,1.46,-1.46,-1.46,2.528794
5114,1.422511,-1.459682,-1.458555,2.50631
5115,1.455969,-1.46,-1.46,2.526469
5116,1.46,-1.457363,-1.455888,2.524899
5117,1.422521,-1.459681,-1.458553,2.506314
5118,1.46,-1.46,-1.46,2.528794
5119,1.416742,-1.459077,-1.45779,2.502242
5120,0.3212399,-1.46,-1.46,2.089592
5121,0.3792431,-1.46,-1.46,2.099292
5122,0.321241,-1.46,-1.46,2.089592
5123,0.3982289,-1.46,-1.405892,2.065604
5124,0.3792029,-1.46,-1.46,2.099284
5125,0.3092986,-1.46,-1.412091,2.054572
5126,-0.7872272,-1.459807,-1.46,2.209607
5127,-0.7502984,-1.46,-1.46,2.19685
5128,-0.6950089,-1.46,-1.46,2.178586
5129,-0.7540063,-1.46,-1.418619,2.170854
5130,-0.7044933,-1.4071,-1.46,2.146588
5131,1.46,-1.220129,-1.032661,2.164879
5132,1.46,-1.220137,-1.032676,2.164891
5133,1.46,-1.277662,-1.039521,2.201051
5134,1.46,-1.284922,-1.050944,2.21068
5135,1.46,-1.228572,-1.092153,2.198588
5136,1.46,-1.228578,-1.092145,2.198587
5137,1.411225,-1.24511,-1.041637,2.151014
5138,1.404663,-1.245529,-1.073836,2.162763
5139,0.3193944,-1.219575,-1.042248,1.635743
5140,0.3154299,-1.294952,-1.004131,1.668734
5141,0.3562411,-1.239797,-1.013863,1.640708
5142,0.3688022,-1.227558,-1.066251,1.667274
5143,0.3377056,-1.295458,-1.054652,1.704273
5144,0.3936844,-1.219088,-1.008176,1.630209
5145,0.3567105,-1.255831,-1.068828,1.68723
5146,0.3860346,-1.299526,-1.101191,1.746543
5147,0.3860385,-1.29954,-1.101196,1.746558
5148,-0.7885438,-1.287649,-1.057733,1.84354
5149,1.46,-1.001001,-0.6743311,1.894287
5150,1.416783,-1.036613,-0.6881835,1.885587
5151,1.46,-1.098508,-0.6141492,1.927563
5152,1.46,-1.069381,-0.6831909,1.934406
5153,1.420355,-1.06775,-0.652196,1.892844
5154,1.46,-1.069382,-0.6831962,1.934408
5155,1.46,-1.00572,-0.6752955,1.897128
5156,1.456511,-1.059934,-0.6122805,1.90257
5157,1.456517,-1.059936,-0.6122824,1.902576
5158,-0.7855798,-1.043634,-0.6105762,1.441912
5159,-0.7181568,-1.012388,-0.6676629,1.409415
5160,1.402464,-1.288996,-1.097519,2.198401
5161,1.46,-1.258283,-1.193548,2.267032
5162,1.46,-1.220566,-1.169183,2.233466
5163,1.46,-1.298079,-1.14431,2.264079
5164,1.46,-1.213506,-1.164394,2.227108
5165,1.407848,-1.278337,-1.14322,2.218813
5166,1.46,-1.261096,-1.141962,2.241883
5167,1.420865,-1.227033,-1.127387,2.189856
5168,1.46,-1.273015,-1.1052,2.230165
5169,1.407741,-1.219056,-1.181962,2.205644
5170,0.3162645,-1.197754,-1.176393,1.708373
5171,0.3162265,-1.238539,-1.180335,1.739877
5172,0.3710321,-1.230374,-1.200125,1.758347
5173,0.3654158,-1.210965,-1.149926,1.709472
5174,0.3711069,-1.202724,-1.116607,1.68258
5175,0.3513351,-1.274083,-1.14192,1.746627
5176,0.4099644,-1.239763,-1.154681,1.743092
5177,0.4099776,-1.239764,-1.154676,1.743093
5178,0.3513197,-1.274098,-1.141893,1.746617
5179,-0.7253822,-1.264811,-1.124459,1.841286
5180,0.8870195,-1.344708,0.6699311,1.744663
5181,1.46,-1.024344,-0.7477141,1.933897
5182,1.405068,-1.072986,-0.7375432,1.91559
5183,1.46,-1.088439,-0.7669216,1.975973
5184,1.405078,-1.073041,-0.7375193,1.915619
5185,1.46,-1.084713,-0.7865511,1.981632
5186,1.46,-1.094042,-0.721503,1.961911
5187,1.408104,-0.9997734,-0.7251679,1.873012
5188,1.46,-1.054919,-0.7482491,1.95047
5189,1.420583,-1.018924,-0.784022,1.915973
5190,0.3314086,-1.081835,-0.7073627,1.334377
5191,0.3314121,-1.081842,-0.707364,1.334383
5192,-0.7284514,-1.097085,-0.7937083,1.537599
5193,1.434794,-0.8715852,-0.3040057,1.706081
5194,1.459018,-0.8396872,-0.35714,1.720859
5195,1.403566,-0.8939288,-0.3407421,1.698591
5196,1.433686,-0.8625726,-0.3118874,1.701987
5197,1.42873,-0.8290718,-0.3540523,1.689373
5198,1.46,-0.8956279,-0.3594291,1.750125
5199,1.46,-0.8956496,-0.3594318,1.750137
5200,1.430777,-0.8288189,-0.3525254,1.690662
5201,1.416956,-1.286188,-1.227466,2.273481
5202,1.46,-1.275878,-1.212926,2.287063
5203,1.419111,-1.24894,-1.209698,2.244348
5204,1.46,-1.282252,-1.283141,2.328566
5205,1.46,-1.274647,-1.286191,2.326072
5206,1.46,-1.236322,-1.249967,2.285281
5207,1.402374,-1.23239,-1.286138,2.267066
5208,1.46,-1.236318,-1.24997,2.28528
5209,1.402339,-1.232377,-1.286137,2.267036
5210,0.3318399,-1.233283,-1.206263,1.756751
5211,0.3411012,-1.204741,-1.237991,1.760788
5212,0.4077656,-1.205111,-1.280031,1.804729
5213,0.4006248,-1.281419,-1.262494,1.84294
5214,0.3938272,-1.235185,-1.241968,1.795346
5215,0.4016937,-1.26175,-1.205967,1.791012
5216,0.3345732,-1.217391,-1.285854,1.802055
5217,0.3294782,-1.283354,-1.259107,1.827814
5218,0.3700672,-1.286535,-1.278031,1.850806
5219,0.3699174,-1.234224,-1.27658,1.813782
5220,-0.7438387,-1.278481,-1.225033,1.920551
5221,1.46,-1.054273,-0.8404353,1.987316
5222,1.421438,-1.010282,-0.8275899,1.930301
5223,1.402238,-1.08157,-0.8152773,1.949549
5224,1.46,-1.066627,-0.8408768,1.994083
5225,1.402238,-1.081572,-0.8152673,1.949546
5226,1.46,-1.001351,-0.8707532,1.972946
5227,1.416745,-1.012933,-0.8846986,1.953431
5228,1.46,-1.037511,-0.8086567,1.965186
5229,0.3979335,-1.07274,-0.8397235,1.419245
5230,0.3610607,-1.04839,-0.8680226,1.408173
5231,0.3167775,-1.037495,-0.8289778,1.365265
5232,0.3905564,-1.066376,-0.833697,1.408809
5233,0.3544461,-1.08225,-0.8046215,1.394386
5234,-0.7198219,-1.021643,-0.8573727,1.515581
5235,1.408599,-0.8059658,-0.4669175,1.68871
5236,1.46,-0.8917913,-0.4269808,1.763294
5237,1.46,-0.8861142,-0.445747,1.765075
5238,1.414299,-0.8803033,-0.4003178,1.71331
5239,1.46,-0.8305576,-0.4121653,1.729539
5240,1.412839,-0.857395,-0.4058852,1.701759
5241,1.46,-0.8072357,-0.4666626,1.73234
5242,1.46,-0.8305998,-0.4121391,1.729553
5243,1.459369,-0.8531954,-0.4658538,1.753488
5244,1.46,-0.8119985,-0.495282,1.742483
5245,1.46,-1.280352,-1.343301,2.36122
5246,1.46,-1.25486,-1.393293,2.376455
5247,1.46,-1.227741,-1.337859,2.329982
5248,1.41059,-1.227341,-1.399177,2.335343
5249,1.46,-1.219716,-1.329333,2.320869
5250,1.46,-1.298983,-1.340799,2.369958
5251,1.46,-1.202894,-1.384473,2.34421
5252,1.416921,-1.249549,-1.346462,2.319914
5253,1.46,-1.254677,-1.393272,2.376346
5254,1.410581,-1.227312,-1.399181,2.335324
5255,0.3166322,-1.217766,-1.391994,1.876395
5256,0.3256351,-1.27568,-1.346805,1.883423
5257,0.321456,-1.29662,-1.384168,1.923663
5258,0.317835,-1.247185,-1.30232,1.83099
5259,0.341668,-1.2315,-1.394118,1.891268
5260,0.3429296,-1.215676,-1.343272,1.843868
5261,0.3683225,-1.269986,-1.339683,1.882359
5262,0.4043663,-1.243449,-1.397839,1.914061
5263,0.3707102,-1.254185,-1.391618,1.909714
5264,0.3796921,-1.200809,-1.389481,1.875304
5265,0.3809349,-1.235737,-1.326823,1.852732
5266,-0.7089427,-1.22293,-1.314142,1.930059
5267,-0.7506741,-1.289934,-1.372074,2.027321
5268,-0.7319934,-1.207179,-1.40554,1.992144
5269,0.9952737,-0.3098228,-1.459877,1.793823
5270,0.9196326,-0.3165006,-1.459529,1.753888
5271,0.9196218,-0.3164983,-1.459516,1.753871
5272,0.9565982,-0.3605489,-1.459828,1.782182
5273,0.9952307,-0.3098152,-1.459729,1.793678
5274,0.9565966,-0.360548,-1.459818,1.782173
5275,-1.199442,-0.3214317,-1.456208,1.913771
5276,-1.236407,-0.3844883,-1.445292,1.940464
5277,-1.272109,-0.3799352,-1.439131,1.957986
5278,1.46,-1.052752,-0.9032269,2.013879
5279,1.406991,-1.022334,-0.9446404,1.979176
5280,1.46,-1.054555,-0.9627123,2.04218
5281,1.46,-1.052758,-0.9032272,2.013881
5282,1.40699,-1.02233,-0.9446349,1.97917
5283,1.46,-1.070314,-0.9430513,2.041205
5284,1.46,-1.053765,-0.9970073,2.058165
5285,0.3810522,-1.025664,-0.9828612,1.470783
5286,0.3139228,-0.9958358,-0.9579428,1.417001
5287,0.3810565,-1.025664,-0.9828617,1.470785
5288,0.3177243,-1.076159,-0.976598,1.487552
5289,0.3916889,-1.070851,-0.9078549,1.457513
5290,0.3438192,-1.078519,-0.9508049,1.478325
5291,0.3517247,-1.031891,-0.9299411,1.432934
5292,0.3916935,-1.070856,-0.907864,1.457523
5293,0.351731,-1.03189,-0.9299687,1.432953
5294,-0.7319322,-1.010685,-0.9588075,1.573696
5295,1.46,-0.8845648,-0.5130167,1.782482
5296,1.400709,-0.8610253,-0.5222039,1.725122
5297,1.400976,-0.8887897,-0.5823325,1.758349
5298,1.46,-0.8311273,-0.5805058,1.777459
5299,1.46,-0.8311232,-0.5805216,1.777462
5300,1.418425,-0.842127,-0.5718544,1.745888
5301,1.437613,-0.8446548,-0.5182933,1.746082
5302,1.400991,-0.8887863,-0.5823259,1.758357
5303,1.46,-0.8869957,-0.5149636,1.78425
5304,1.46,-1.237933,-1.46,2.407422
5305,1.46,-1.283552,-1.46,2.431194
5306,1.46,-1.283515,-1.46,2.431175
5307,1.412971,-1.215936,-1.46,2.367823
5308,1.46,-1.237937,-1.46,2.407424
5309,0.3179538,-1.266373,-1.46,1.958672
5310,0.4001129,-1.247696,-1.46,1.961743
5311,0.3790096,-1.292941,-1.46,1.986692
5312,0.3790098,-1.292911,-1.46,1.986673
5313,0.4003028,-1.201997,-1.46,1.933039
5314,0.3599776,-1.229818,-1.46,1.942585
5315,0.3433692,-1.236109,-1.46,1.943571
5316,-0.8085673,-1.30309,-1.426918,2.094736
5317,-0.782473,-1.228398,-1.46,2.062238
5318,-0.7423174,-1.279112,-1.46,2.078163
5319,-0.7042062,-1.230001,-1.46,2.0348
5320,1.41743,-1.078159,-1.03003,2.057303
5321,1.46,-1.087078,-1.060254,2.106532
5322,1.46,-1.084983,-1.028719,2.089749
5323,1.41375,-1.030385,-1.062202,2.046621
5324,1.46,-1.031258,-1.016419,2.056259
5325,1.457366,-1.039829,-1.06959,2.085469
5326,1.429486,-1.009431,-1.010463,2.020746
5327,0.3910132,-1.022349,-1.098779,1.550936
5328,0.3384034,-1.001613,-1.010874,1.462741
5329,0.3206619,-1.018914,-1.00795,1.468664
5330,0.3311583,-1.049591,-1.016243,1.498018
5331,0.411281,-1.031618,-1.032121,1.516133
5332,0.3923552,-1.018438,-1.05238,1.516133
5333,0.3652301,-1.016174,-1.057066,1.511089
5334,0.3252878,-1.089559,-1.066412,1.558905
5335,0.3252443,-1.089569,-1.066401,1.558896
5336,0.3866658,-1.093724,-1.058823,1.570621
5337,0.3866591,-1.093724,-1.058824,1.57062
5338,-0.7788287,-1.068015,-1.059467,1.694019
5339,1.46,-0.8268231,-0.6983951,1.817414
5340,1.46,-0.8268716,-0.6983244,1.817408
5341,1.46,-0.8704485,-0.6188943,1.808953
5342,1.46,-0.8825133,-0.6783851,1.835929
5343,1.46,-0.8704467,-0.6188963,1.808953
5344,1.421213,-0.8548283,-0.6389967,1.777328
5345,1.418387,-0.8118271,-0.6512024,1.759247
5346,1.418258,-0.8671476,-0.6820861,1.796842
5347,-0.745963,-0.831232,-0.6394191,1.286959
5348,1.46,-1.032639,-1.117858,2.108922
5349,1.46,-1.043112,-1.170651,2.142453
5350,1.424471,-1.059789,-1.101071,2.08917
5351,1.46,-1.013122,-1.16256,2.123573
5352,1.424433,-1.070944,-1.159661,2.126204
5353,1.46,-1.002584,-1.103156,2.086559
5354,1.46,-1.071386,-1.122271,2.130483
5355,1.40454,-1.013547,-1.189005,2.100891
5356,1.46,-1.069007,-1.191962,2.166829
5357,0.3199299,-1.048565,-1.171144,1.604189
5358,0.4082682,-1.064469,-1.17349,1.63611
5359,0.4055569,-0.9970721,-1.171192,1.590698
5360,0.3561127,-1.063374,-1.114753,1.58122
5361,0.3616392,-1.034004,-1.198672,1.623811
5362,0.3616332,-1.034003,-1.198673,1.62381
5363,0.3561224,-1.063366,-1.114761,1.581222
5364,0.4067503,-1.007489,-1.153604,1.584702
5365,0.3830658,-1.078055,-1.165441,1.633155
5366,0.4071058,-1.092003,-1.120363,1.616607
5367,1.414323,-0.8092833,-0.746066,1.792168
5368,1.46,-0.8565596,-0.7526382,1.852501
5369,1.424916,-0.8736244,-0.7299348,1.823845
5370,1.46,-0.856568,-0.7526342,1.852503
5371,1.424718,-0.874405,-0.7890605,1.848518
5372,-0.7846694,-0.8792602,-0.7663149,1.405718
5373,-0.6984454,-0.8961581,-0.6936131,1.331174
5374,1.413442,-1.005118,-1.225905,2.123893
5375,1.421852,-1.062303,-1.276997,2.186521
5376,1.46,-1.005365,-1.287275,2.190761
5377,1.46,-1.033099,-1.244899,2.179144
5378,1.46,-1.092673,-1.219158,2.1936
5379,1.411759,-1.049625,-1.207708,2.133855
5380,1.414729,-0.9991336,-1.281783,2.154691
5381,1.46,-1.033103,-1.244897,2.179145
5382,1.46,-1.080875,-1.261802,2.211795
5383,1.412711,-1.096707,-1.211246,2.160008
5384,0.3397663,-1.067709,-1.261922,1.687569
5385,0.3799983,-1.035856,-1.270213,1.682509
5386,0.3494764,-1.003058,-1.26105,1.648789
5387,0.4078293,-1.017183,-1.241935,1.656317
5388,0.3970882,-1.041339,-1.295783,1.709128
5389,0.3397721,-1.067746,-1.261928,1.687599
5390,-0.7031203,-1.036051,-1.205208,1.737903
5391,-0.8111503,-1.058147,-1.245439,1.824489
5392,1.46,-0.8648657,-0.8082004,1.879569
5393,1.46,-0.8125712,-0.870882,1.884226
5394,1.46,-0.8157626,-0.8060254,1.856541
5395,1.46,-0.8435488,-0.8540289,1.890116
5396,1.457906,-0.853853,-0.8941317,1.911551
5397,1.46,-0.8838594,-0.8433784,1.903705
5398,1.46,-0.8157613,-0.8060242,1.85654
5399,1.416108,-0.8911517,-0.8481757,1.875877
5400,-0.7327528,-0.7991548,-0.8237205,1.36165
5401,-0.7830406,-0.8656309,-0.8824758,1.463295
5402,0.824396,-1.366379,0.04395876,1.596418
5403,1.46,-1.036816,-1.388776,2.266117
5404,1.46,-1.016872,-1.387548,2.256306
5405,1.46,-1.084463,-1.379559,2.282727
5406,1.414479,-1.089912,-1.318144,2.219496
5407,1.437195,-0.998958,-1.327659,2.196844
5408,1.46,-1.048178,-1.310797,2.224515
5409,1.46,-1.048808,-1.343889,2.244468
5410,1.413836,-1.058828,-1.356731,2.227278
5411,1.46,-1.079423,-1.312634,2.240483
5412,0.4022314,-1.070544,-1.388543,1.798863
5413,0.4022918,-1.070567,-1.388513,1.798866
5414,0.356649,-1.058938,-1.391915,1.78493
5415,0.377409,-1.029367,-1.340064,1.731417
5416,0.3495009,-1.037444,-1.331369,1.723654
5417,0.3989602,-1.001018,-1.318428,1.70278
5418,0.3752614,-1.007597,-1.389979,1.757303
5419,0.3465563,-1.068459,-1.335782,1.745285
5420,0.3390206,-1.026022,-1.390929,1.761346
5421,-0.7184365,-1.035993,-1.312674,1.82004
5422,-0.7741405,-1.055233,-1.372676,1.896589
5423,0.9917054,-0.1850148,-1.459822,1.774483
5424,0.9917062,-0.1850346,-1.459455,1.774183
5425,0.9345796,-0.1798822,-1.459618,1.742493
5426,0.9639457,-0.1145722,-1.459535,1.752872
5427,0.9345556,-0.1798934,-1.459455,1.742345
5428,0.9639812,-0.1145274,-1.459892,1.753186
5429,0.9133759,-0.1322804,-1.459813,1.72708
5430,0.913386,-0.1322936,-1.459616,1.72692
5431,1.46,-0.8067763,-0.9985496,1.944117
5432,1.46,-0.8544164,-0.9482785,1.939294
5433,1.404305,-0.875359,-0.9681751,1.917208
5434,1.405691,-0.838306,-0.9133942,1.874303
5435,1.404303,-0.8753665,-0.9681743,1.91721
5436,1.46,-0.8534142,-0.9764904,1.952806
5437,1.46,-0.873171,-0.9350206,1.941209
5438,1.46,-0.8161042,-0.9093761,1.903836
5439,-0.2778912,-1.348411,-0.08018789,1.379082
5440,-1.390444,-1.375223,-0.006255797,1.955661
5441,-1.389777,-1.373745,-0.006749919,1.95415
5442,-1.357085,-1.340734,-0.06686568,1.908853
5443,-1.357082,-1.340658,-0.06686579,1.908797
5444,1.407068,-1.014647,-1.46,2.267366
5445,1.427496,-1.049845,-1.407565,2.262998
5446,1.46,-1.045487,-1.46,2.314356
5447,1.46,-1.080959,-1.46,2.330595
5448,1.46,-1.045459,-1.46,2.314343
5449,1.407063,-1.014681,-1.46,2.267378
5450,1.406808,-1.083577,-1.46,2.29888
5451,1.404913,-1.088565,-1.46,2.300077
5452,0.3348661,-1.078876,-1.46,1.845998
5453,0.3892302,-1.0468,-1.46,1.838176
5454,0.3512042,-1.043848,-1.46,1.828815
5455,0.3793172,-1.005487,-1.46,1.812867
5456,0.3768666,-1.079877,-1.46,1.85466
5457,0.4066676,-1.09218,-1.46,1.86811
5458,-0.7406698,-1.085713,-1.46,1.964425
5459,-0.720518,-1.033377,-1.46,1.928371
5460,1.46,-0.8350766,-1.029636,1.972081
5461,1.46,-0.8808998,-1.075996,2.016272
5462,1.46,-0.8350468,-1.02963,1.972065
5463,1.46,-0.8805426,-1.092453,2.024947
5464,1.423495,-0.8605563,-1.049214,1.966659
5465,1.40268,-0.8091161,-1.01514,1.911201
5466,-0.7563785,-0.8765348,-1.079689,1.583082
5467,1.449996,-0.6740012,-0.6317525,1.719267
5468,1.421511,-0.6515973,-0.6835544,1.70661
5469,1.419722,-0.6877387,-0.647289,1.705162
5470,0.8872575,-1.369018,-0.1828085,1.641602
5471,-0.2735288,-1.328952,-0.1822063,1.368989
5472,-1.313385,-1.357452,-0.1732232,1.89675
5473,-1.364265,-1.401927,-0.1221646,1.959985
5474,-1.364529,-1.295868,-0.1015191,1.884548
5475,-1.356216,-1.361189,-0.170875,1.929082
5476,-1.31339,-1.357476,-0.1732169,1.896771
5477,-1.398111,-1.351549,-0.1054653,1.94744
5478,-1.39823,-1.351647,-0.1054602,1.947593
5479,1.401463,-0.8852375,-1.180012,2.034741
5480,1.46,-0.8119294,-1.139073,2.021959
5481,1.46,-0.8463755,-1.117414,2.023998
5482,1.46,-0.8108001,-1.182472,2.046274
5483,1.455218,-0.8616295,-1.172411,2.057817
5484,1.455226,-0.8616295,-1.17241,2.057822
5485,1.46,-0.8106274,-1.10256,2.001089
5486,1.415595,-0.8873131,-1.11383,2.007947
5487,1.418416,-0.8338553,-1.099773,1.97907
5488,1.408523,-0.6164425,-0.7592639,1.714765
5489,1.411951,-0.6708137,-0.7708146,1.742915
5490,1.46,-0.6697226,-0.7732482,1.782706
5491,1.46,-0.6727439,-0.7280629,1.764727
5492,1.445109,-0.6145197,-0.7896624,1.757709
5493,1.46,-0.6727409,-0.7280652,1.764726
5494,1.432218,-0.621732,-0.7343515,1.725419
5495,1.432224,-0.6217342,-0.7343484,1.725424
5496,0.8940045,-1.378565,-0.2956119,1.669453
5497,0.8650644,-1.36311,-0.2001259,1.626793
5498,0.8408211,-1.37301,-0.2482157,1.629033
5499,0.8408149,-1.373008,-0.2482224,1.629029
5500,0.8650704,-1.363112,-0.2001143,1.626796
5501,0.8811463,-1.371786,-0.2665535,1.652049
5502,-0.2009659,-1.317103,-0.2436711,1.354445
5503,-0.2650273,-1.404129,-0.260922,1.452549
5504,-1.339104,-1.397839,-0.2170017,1.947882
5505,-1.401209,-1.319711,-0.2269387,1.938175
5506,-1.351433,-1.359475,-0.2508766,1.933257
5507,-1.333266,-1.312838,-0.220701,1.884105
5508,0.8492296,-1.1501,0.1158559,1.434344
5509,1.46,-0.8546431,-1.284829,2.124336
5510,1.46,-0.8808002,-1.246709,2.112272
5511,1.46,-0.8107423,-1.233555,2.076189
5512,1.46,-0.8490546,-1.243175,2.097136
5513,1.419902,-0.8255963,-1.237632,2.056566
5514,1.403903,-0.8249998,-1.209113,2.028182
5515,1.423316,-0.8940364,-1.229367,2.08242
5516,-0.7846239,-0.8696096,-1.198265,1.675618
5517,1.46,-0.6458929,-0.8357502,1.802014
5518,1.409621,-0.6794214,-0.8342201,1.773293
5519,1.41196,-0.6323592,-0.8526763,1.766513
5520,1.46,-0.6459012,-0.8357415,1.802013
5521,1.46,-0.6887487,-0.8954124,1.846006
5522,1.46,-0.6863009,-0.8693021,1.832565
5523,1.422759,-0.672811,-0.8889523,1.807527
5524,1.46,-0.6164455,-0.8907897,1.817997
5525,-0.7640792,-0.6471744,-0.8618196,1.32113
5526,0.8344812,-1.368667,-0.3100572,1.632711
5527,0.8232316,-1.380222,-0.3753829,1.650344
5528,0.8344821,-1.368664,-0.310036,1.632705
5529,0.8916488,-1.300158,-0.3314344,1.610992
5530,0.8737186,-1.381409,-0.34594,1.670733
5531,0.8101471,-1.370431,-0.3618793,1.632598
5532,0.8700432,-1.382313,-0.348125,1.670016
5533,0.8420436,-1.300335,-0.361561,1.590797
5534,0.8916581,-1.300158,-0.331438,1.610998
5535,0.8420609,-1.300331,-0.3615601,1.590803
5536,-0.2027946,-1.380043,-0.2955595,1.425833
5537,-0.2219065,-1.349588,-0.3741707,1.417968
5538,-0.2828173,-1.352358,-0.3074962,1.415419
5539,-1.391611,-1.410025,-0.3315807,2.008656
5540,-1.331036,-1.349375,-0.3612408,1.929499
5541,-1.341628,-1.345014,-0.316779,1.925975
5542,-1.388347,-1.395546,-0.2894243,1.989679
5543,-1.301143,-1.314008,-0.3377337,1.879802
5544,-1.33579,-1.388573,-0.3811376,1.964113
5545,-1.386243,-1.307989,-0.3918629,1.945781
5546,1.369935,-1.458701,1.429544,2.459294
5547,1.352248,-1.459228,1.46,2.467695
5548,1.369936,-1.458688,1.429541,2.459285
5549,1.352263,-1.45931,1.46,2.467753
5550,1.46,-0.860613,-1.335827,2.157936
5551,1.408374,-0.8606818,-1.34054,2.126344
5552,1.46,-0.885028,-1.379949,2.195253
5553,1.46,-0.8359727,-1.314927,2.135294
5554,1.46,-0.8122477,-1.392267,2.174799
5555,1.409298,-0.8265855,-1.399576,2.15132
5556,1.46,-0.8850077,-1.37997,2.195258
5557,1.417233,-0.8612222,-1.300602,2.107562
5558,1.409293,-0.8265811,-1.39957,2.151311
5559,1.46,-0.8462892,-1.392406,2.18783
5560,1.416509,-0.7989132,-1.330219,2.101009
5561,1.46,-0.8042168,-1.343979,2.141178
5562,-0.7113901,-0.8676097,-1.39849,1.79293
5563,-0.7592053,-0.8627627,-1.313238,1.745092
5564,1.424742,-0.6543483,-0.9706243,1.843956
5565,1.46,-0.6509326,-0.9317651,1.85027
5566,1.430361,-0.6313049,-0.9226342,1.815415
5567,1.46,-0.6339986,-0.9975244,1.878459
5568,1.46,-0.6339969,-0.9975359,1.878465
5569,1.46,-0.6852743,-0.9625348,1.87821
5570,-0.7486154,-0.6442475,-0.968439,1.38324
5571,0.8737364,-1.378559,-0.4803528,1.701346
5572,0.8111967,-1.305894,-0.4304531,1.596462
5573,0.8555529,-1.380616,-0.4054953,1.674066
5574,0.8833895,-1.372949,-0.4639581,1.69724
5575,0.9003555,-1.378305,-0.4053707,1.695491
5576,0.8112041,-1.305912,-0.4304485,1.596479
5577,0.8157365,-1.307804,-0.4659793,1.610253
5578,0.8212255,-1.382497,-0.4705863,1.675458
5579,0.8212395,-1.3825,-0.4706048,1.675473
5580,0.8553231,-1.36969,-0.4236585,1.669465
5581,-0.2602355,-1.347988,-0.4399986,1.441664
5582,-0.2103565,-1.368967,-0.4875734,1.468348
5583,-1.317776,-1.365086,-0.4475099,1.949425
5584,-1.371744,-1.32082,-0.4728692,1.962104
5585,-1.373683,-1.406716,-0.4235066,2.011271
5586,-1.386096,-1.400559,-0.4845693,2.029196
5587,-1.392664,-1.39571,-0.4856367,2.030607
5588,1.329172,-1.458743,1.371331,2.40316
5589,1.326138,-1.45936,1.323472,2.374858
5590,1.329177,-1.458883,1.371345,2.403256
5591,1.386415,-1.459658,1.340887,2.418827
5592,1.37494,-1.459413,1.309206,2.394654
5593,1.386413,-1.459859,1.340879,2.418943
5594,-1.345198,-1.166558,-0.031719,1.780848
5595,1.404466,-0.8742,-1.46,2.206434
5596,1.46,-0.8416706,-1.46,2.229711
5597,1.46,-0.8027184,-1.46,2.215301
5598,1.46,-0.8671911,-1.46,2.239469
5599,1.46,-0.8026426,-1.46,2.215273
5600,1.46,-0.8830569,-1.46,2.24566
5601,1.404459,-0.8741956,-1.46,2.206428
5602,0.370192,-0.8709066,-1.459561,1.739494
5603,0.4033917,-0.829574,-1.459777,1.726809
5604,0.3320597,-0.8317665,-1.459814,1.712646
5605,0.3320313,-0.8317829,-1.459799,1.712636
5606,0.4033904,-0.8295758,-1.459862,1.726881
5607,0.3701931,-0.8709131,-1.459561,1.739498
5608,-0.755721,-0.8037419,-1.46,1.82995
5609,-0.7128748,-0.8048726,-1.46,1.813177
5610,-0.7354583,-0.8706678,-1.46,1.852178
5611,1.42604,-0.5992388,-1.024535,1.855357
5612,1.46,-0.6846085,-1.076198,1.938683
5613,1.46,-0.6425084,-1.077253,1.924809
5614,1.46,-0.6317717,-1.074689,1.919816
5615,1.46,-0.6731659,-1.02176,1.904927
5616,1.459548,-0.6867486,-1.037455,1.917868
5617,1.408023,-0.6799434,-1.073941,1.896893
5618,-0.7343262,-0.6766984,-1.06411,1.459275
5619,0.8912037,-1.312518,-0.5863879,1.691389
5620,0.8693448,-1.310881,-0.521265,1.657072
5621,0.862704,-1.383587,-0.5213563,1.711836
5622,0.8788363,-1.367319,-0.5464183,1.714785
5623,0.8227919,-1.302347,-0.5750367,1.644312
5624,0.8200286,-1.384177,-0.5304924,1.694053
5625,0.8062016,-1.309741,-0.5047325,1.618684
5626,0.822773,-1.302348,-0.5750283,1.6443
5627,0.8473793,-1.383005,-0.5685334,1.718716
5628,0.8579102,-1.322178,-0.5177063,1.658971
5629,0.8082703,-1.378293,-0.5737771,1.697708
5630,-0.2445381,-1.374042,-0.5660736,1.506065
5631,-1.36861,-1.313061,-0.5298384,1.969252
5632,-1.325929,-1.362255,-0.5035409,1.966566
5633,-1.313326,-1.397299,-0.5702271,2.000607
5634,-1.374727,-1.375715,-0.5592475,2.023666
5635,1.312613,-1.459074,1.239554,2.32128
5636,1.310256,-1.459064,1.288033,2.346202
5637,1.38456,-1.459468,1.231925,2.358961
5638,1.396014,-1.459309,1.276009,2.388856
5639,1.310042,-1.459103,1.287948,2.346061
5640,1.384452,-1.458948,1.231796,2.358508
5641,1.39787,-1.459551,1.274962,2.389531
5642,1.312618,-1.459079,1.239544,2.321281
5643,-0.2477928,-1.16113,-0.1185604,1.193181
5644,-1.392709,-1.182643,-0.1339971,1.832004
5645,-1.339725,-1.123248,-0.1593307,1.755544
5646,-1.322128,-1.174082,-0.1204395,1.772285
5647,-1.384516,-1.139786,-0.1566875,1.800152
5648,-1.399592,-1.101576,-0.1762562,1.789803
5649,-1.349955,-1.17916,-0.1851542,1.801965
5650,1.46,-0.6940475,-1.125001,1.9695
5651,1.46,-0.6108373,-1.191826,1.981205
5652,1.46,-0.6377715,-1.142137,1.960314
5653,1.402694,-0.6027204,-1.112713,1.889167
5654,1.405159,-0.670625,-1.148997,1.935046
5655,1.46,-0.6940323,-1.125,1.969494
5656,1.46,-0.6108511,-1.191805,1.981197
5657,1.402698,-0.6027243,-1.112715,1.889173
5658,1.46,-0.637742,-1.142177,1.960327
5659,1.41421,-0.6383335,-1.17897,1.9487
5660,-0.8007008,-0.6154113,-1.105843,1.497578
5661,0.8235747,-1.356858,-0.6142618,1.701957
5662,0.8460644,-1.369416,-0.6018224,1.718521
5663,0.8619004,-1.386245,-0.6491418,1.756683
5664,0.8904988,-1.377761,-0.6365301,1.759655
5665,0.8523381,-1.310091,-0.6944297,1.710278
5666,0.8890404,-1.312941,-0.6424103,1.710818
5667,0.849065,-1.36186,-0.6682262,1.738419
5668,0.8084608,-1.377344,-0.6471749,1.72323
5669,-0.2229737,-1.377604,-0.6441759,1.537034
5670,-1.347162,-1.32903,-0.6265981,1.993437
5671,-1.387323,-1.383182,-0.6340322,2.059091
5672,1.377103,-1.459403,1.186983,2.331352
5673,1.316942,-1.459634,1.145389,2.275255
5674,1.336585,-1.459288,1.118496,2.273107
5675,1.329254,-1.459738,1.159486,2.289576
5676,1.377108,-1.459408,1.186962,2.331347
5677,1.399059,-1.459196,1.141049,2.321339
5678,1.399045,-1.459404,1.140919,2.321397
5679,-0.2743867,-1.177586,-0.2891338,1.24322
5680,-0.2067046,-1.117286,-0.2939304,1.173648
5681,-0.2758871,-1.180127,-0.2787005,1.243578
5682,-1.401819,-1.148472,-0.2560773,1.830207
5683,-1.302241,-1.185877,-0.2059412,1.773287
5684,-1.32312,-1.1645,-0.2646931,1.782349
5685,-1.330527,-1.101378,-0.2430594,1.744251
5686,1.404479,-0.6605961,-1.272089,2.006778
5687,1.46,-0.6499955,-1.274109,2.04388
5688,1.420295,-0.6563849,-1.228466,1.989273
5689,1.46,-0.6781107,-1.205031,2.010854
5690,1.46,-0.678104,-1.205042,2.010858
5691,1.46,-0.632136,-1.258157,2.028338
5692,1.46,-0.6010922,-1.243018,2.009479
5693,1.411269,-0.6226598,-1.266042,1.995557
5694,0.8189363,-1.378863,-0.7337368,1.763601
5695,0.8434578,-1.387634,-0.719088,1.775961
5696,0.8864858,-1.311281,-0.7105175,1.734979
5697,0.8674954,-1.384336,-0.706642,1.779966
5698,0.8599442,-1.317274,-0.779262,1.755552
5699,0.8923909,-1.369981,-0.7289534,1.790135
5700,0.8517846,-1.374947,-0.7858058,1.798196
5701,0.8548508,-1.315542,-0.7564757,1.741745
5702,0.9050097,-1.385293,-0.7875742,1.832581
5703,0.866313,-1.383966,-0.7712517,1.805738
5704,0.8371336,-1.306035,-0.7160356,1.708575
5705,-0.20996,-1.367624,-0.7766368,1.586708
5706,-0.2618795,-1.309906,-0.7375838,1.525931
5707,-1.378246,-1.347911,-0.7022178,2.051715
5708,-1.347377,-1.40595,-0.7181821,2.075549
5709,1.346765,-1.459935,1.018627,2.232216
5710,1.394013,-1.459272,1.091943,2.294578
5711,1.332572,-1.458851,1.086802,2.255024
5712,1.392928,-1.459532,1.040676,2.270129
5713,1.394011,-1.459905,1.039539,2.270513
5714,1.394017,-1.459272,1.09193,2.294574
5715,1.331618,-1.45904,1.067672,2.245424
5716,1.313748,-1.459001,1.029183,2.216717
5717,-0.2349898,-1.170965,-0.3833194,1.254318
5718,-1.316832,-1.151776,-0.3838207,1.791076
5719,-1.359552,-1.096613,-0.326288,1.776909
5720,-1.39704,-1.151187,-0.3850406,1.850732
5721,-1.392781,-1.186304,-0.3038883,1.85459
5722,-1.35334,-1.193004,-0.3802455,1.843739
5723,1.46,-0.6577608,-1.32373,2.077621
5724,1.422082,-0.626361,-1.329911,2.045314
5725,1.404938,-0.6121603,-1.386532,2.066655
5726,1.46,-0.6736449,-1.389787,2.125301
5727,1.46,-0.6135357,-1.396714,2.111596
5728,1.46,-0.6916683,-1.338793,2.098183
5729,1.46,-0.6135828,-1.396715,2.11161
5730,1.411383,-0.6810923,-1.39368,2.097196
5731,1.411376,-0.6811064,-1.393669,2.097189
5732,1.46,-0.628923,-1.335937,2.076505
5733,1.414494,-0.6785178,-1.328901,2.056005
5734,1.46,-0.6736084,-1.389786,2.125289
5735,1.404937,-0.6121592,-1.386531,2.066653
5736,-0.7063519,-0.6139487,-1.300748,1.602439
5737,0.8158198,-1.37595,-0.8040912,1.790353
5738,0.8524113,-1.380813,-0.8459905,1.830014
5739,0.873145,-1.30958,-0.8698504,1.798339
5740,0.9030041,-1.389007,-0.8657504,1.869299
5741,0.8594161,-1.387306,-0.8899007,1.8588
5742,0.8963445,-1.386819,-0.8966482,1.87901
5743,0.8858964,-1.387884,-0.8258517,1.842028
5744,0.8907791,-1.313127,-0.8182712,1.785317
5745,0.8439313,-1.346743,-0.8481294,1.801461
5746,0.9045188,-1.3194,-0.8537282,1.813235
5747,-0.2770712,-1.324329,-0.8498064,1.597744
5748,-1.336887,-1.356799,-0.7885801,2.061559
5749,-1.371455,-1.362815,-0.8934005,2.129863
5750,1.32763,-1.459328,0.9636937,2.195665
5751,1.393044,-1.459701,0.9883215,2.246793
5752,1.329263,-1.459002,0.9880186,2.207217
5753,1.39361,-1.459669,0.9895554,2.247666
5754,1.3487,-1.459798,0.9382414,2.197794
5755,-0.2834502,-1.178259,-0.462565,1.297152
5756,-0.2319332,-1.121445,-0.465391,1.236132
5757,-1.343919,-1.159454,-0.4635887,1.834493
5758,-1.402377,-1.13364,-0.4501777,1.858618
5759,1.46,-0.6498706,-1.46,2.164609
5760,1.46,-0.6858914,-1.46,2.175695
5761,1.46,-0.6498807,-1.46,2.164612
5762,1.405255,-0.6401214,-1.46,2.125111
5763,1.46,-0.5984557,-1.46,2.149732
5764,1.413633,-0.6883993,-1.46,2.145659
5765,0.3640447,-0.6489998,-1.45973,1.638457
5766,0.3640472,-0.6489967,-1.459662,1.638396
5767,-0.7987922,-0.67864,-1.389049,1.740137
5768,-0.7922607,-0.6141326,-1.46,1.770999
5769,-0.7322578,-0.5951398,-1.46,1.738388
5770,0.8805858,-1.384153,-0.9667861,1.904202
5771,0.8684596,-1.310304,-0.9239129,1.823385
5772,0.8720528,-1.357382,-0.9098999,1.852264
5773,0.9057682,-1.311168,-0.9556655,1.858191
5774,0.8465911,-1.308588,-0.9002581,1.799885
5775,0.8275223,-1.379882,-0.9447692,1.865866
5776,0.8275365,-1.379864,-0.9447497,1.865849
5777,0.8805874,-1.384157,-0.9667971,1.904211
5778,0.9057581,-1.311165,-0.9556662,1.858184
5779,0.830761,-1.304828,-0.959718,1.820384
5780,0.8509905,-1.30872,-0.9856085,1.846174
5781,0.8086751,-1.308048,-0.9298121,1.797079
5782,-0.200416,-1.396253,-0.9135801,1.680571
5783,-0.2824439,-1.34312,-0.9368848,1.661776
5784,-0.2924553,-1.344517,-0.9425461,1.667827
5785,-1.387623,-1.390552,-0.9360063,2.176061
5786,-1.378511,-1.306664,-0.9915921,2.142643
5787,-1.34119,-1.372456,-0.9620588,2.146622
5788,1.410618,-0.4958975,-1.075081,1.841619
5789,1.334735,-1.459112,0.9046008,2.174587
5790,1.370371,-1.459673,0.8950831,2.193111
5791,1.323994,-1.459423,0.854468,2.147788
5792,1.304494,-1.459324,0.8514827,2.134562
5793,1.399073,-1.459842,0.8122796,2.179069
5794,1.359889,-1.459545,0.8494527,2.168211
5795,1.398071,-1.46,0.8081611,2.176999
5796,0.2552713,-1.459102,0.8787897,1.722328
5797,0.2730146,-1.459571,0.8335011,1.702824
5798,0.2730196,-1.459343,0.8335024,1.70263
5799,0.2001321,-1.459686,0.8410912,1.696517
5800,0.255271,-1.45902,0.8787918,1.722259
5801,0.2001581,-1.459688,0.8410939,1.696523
5802,-0.2300066,-1.097091,-0.5642446,1.254944
5803,-0.2242254,-1.206123,-0.5359929,1.338767
5804,-1.361151,-1.114489,-0.5349067,1.838734
5805,0.8301936,-1.387917,-1.070066,1.939221
5806,0.8613239,-1.388822,-1.027735,1.93053
5807,0.8158703,-1.384914,-1.055908,1.923168
5808,0.8811703,-1.384312,-1.05018,1.948245
5809,0.8855723,-1.313474,-1.039605,1.894791
5810,0.8694046,-1.310486,-1.003235,1.8654
5811,0.9055219,-1.388885,-1.090646,1.984561
5812,0.8195567,-1.307675,-1.039144,1.860513
5813,0.8195029,-1.307663,-1.039155,1.860487
5814,0.8529044,-1.363977,-1.011532,1.900283
5815,0.858346,-1.375062,-1.093507,1.955328
5816,0.8621031,-1.309017,-1.072104,1.898988
5817,-0.2263931,-1.363409,-1.053837,1.738019
5818,-1.36339,-1.352521,-1.040816,2.184364
5819,1.431575,-0.4928813,-1.117714,1.88192
5820,1.454507,-0.4687776,-1.165122,1.92168
5821,1.454535,-0.4687888,-1.165131,1.921709
5822,1.431569,-0.4928776,-1.117721,1.881918
5823,1.336402,-1.459553,0.7489016,2.11592
5824,1.398426,-1.458511,0.7576749,2.15799
5825,1.398424,-1.458507,0.7576644,2.157982
5826,1.341673,-1.459207,0.8042979,2.139221
5827,1.328058,-1.459467,0.8009282,2.129617
5828,1.336396,-1.459608,0.7489122,2.115958
5829,1.399325,-1.459396,0.7067536,2.141833
5830,1.399649,-1.459444,0.7062502,2.141911
5831,0.294107,-1.459827,0.7222112,1.655047
5832,0.2472015,-1.459385,0.7834588,1.67473
5833,0.2472062,-1.459644,0.7834565,1.674955
5834,0.2274711,-1.459151,0.7368038,1.650377
5835,0.2007823,-1.458945,0.7459921,1.65086
5836,0.2538825,-1.459477,0.7125001,1.643832
5837,0.8603421,-1.189231,-0.6728845,1.614692
5838,0.8759072,-1.187694,-0.6728562,1.621902
5839,-0.2787033,-1.166005,-0.6219424,1.350576
5840,-1.363327,-1.125015,-0.6149366,1.871488
5841,-1.335177,-1.198972,-0.6302542,1.90196
5842,-1.294076,-1.141831,-0.6030813,1.828146
5843,0.8112326,-1.385789,-1.125263,1.960797
5844,0.8112271,-1.385803,-1.125269,1.960809
5845,0.8280907,-1.390463,-1.175582,2.000279
5846,0.8224573,-1.31134,-1.104529,1.901587
5847,0.8678775,-1.317999,-1.160383,1.95878
5848,0.8997469,-1.390321,-1.155137,2.019128
5849,0.8569546,-1.364762,-1.151097,1.980397
5850,0.8750807,-1.389318,-1.123761,1.989676
5851,0.8748192,-1.389952,-1.192105,2.029381
5852,0.8423198,-1.311133,-1.153401,1.93879
5853,0.8673322,-1.32057,-1.101558,1.926032
5854,0.9040225,-1.315378,-1.127556,1.95419
5855,-0.2909976,-1.341219,-1.186728,1.814351
5856,-0.2932508,-1.363925,-1.111431,1.783694
5857,-0.2059262,-1.343258,-1.159807,1.786589
5858,-1.377238,-1.318858,-1.10623,2.204521
5859,-1.329536,-1.37823,-1.113756,2.215319
5860,-1.364924,-1.333965,-1.194232,2.25137
5861,-1.370134,-1.404971,-1.164047,2.281713
5862,1.418574,-0.4321544,-1.251444,1.940418
5863,1.46,-0.4931028,-1.297299,2.014382
5864,1.46,-0.4958605,-1.238907,1.97797
5865,1.435264,-0.4388076,-1.281766,1.973692
5866,1.411403,-0.4925855,-1.206063,1.920752
5867,1.457783,-0.4455263,-1.205516,1.943423
5868,1.457784,-0.4455247,-1.205527,1.943431
5869,1.46,-0.4870577,-1.25491,1.985856
5870,1.418583,-0.432154,-1.251451,1.940428
5871,1.411403,-0.4925861,-1.206071,1.920757
5872,1.345145,-1.459397,0.6889437,2.100928
5873,1.394955,-1.459511,0.6550823,2.122547
5874,1.313154,-1.459624,0.6332678,2.062984
5875,1.334016,-1.459394,0.6990851,2.097177
5876,1.311118,-1.459765,0.6601808,2.070213
5877,1.349455,-1.459776,0.6396019,2.088316
5878,1.399696,-1.46,0.6493902,2.124254
5879,0.2901589,-1.459883,0.6177545,1.611543
5880,0.1980929,-1.458938,0.629957,1.601433
5881,0.2915362,-1.459317,0.6623222,1.628886
5882,0.2535232,-1.459944,0.647962,1.617271
5883,0.2580737,-1.459572,0.616307,1.605237
5884,0.2102778,-1.458955,0.672161,1.620052
5885,0.2556702,-1.459124,0.6861888,1.632564
5886,-0.8514346,-1.44236,0.6686988,1.80347
5887,0.8572817,-1.188103,-0.7953746,1.667076
5888,0.8572627,-1.188097,-0.7953782,1.667063
5889,0.8209323,-1.194838,-0.736172,1.625889
5890,0.8856221,-1.163818,-0.7273308,1.633343
5891,0.8856292,-1.163816,-0.7273363,1.633348
5892,0.8350744,-1.196521,-0.7286146,1.630917
5893,-1.34859,-1.133746,-0.7224528,1.904209
5894,-0.2643752,-0.9482155,-0.3443045,1.042858
5895,-1.336255,-0.9101473,-0.299103,1.644204
5896,0.8156937,-1.364649,-1.277992,2.039825
5897,0.9029891,-1.394568,-1.225922,2.064726
5898,0.8237225,-1.379477,-1.239505,2.029248
5899,0.885779,-1.3146,-1.291373,2.044608
5900,0.8827536,-1.309173,-1.247411,2.012268
5901,0.8230899,-1.305055,-1.228319,1.97216
5902,0.8110622,-1.307944,-1.274478,1.998208
5903,0.839286,-1.389616,-1.208093,2.023592
5904,0.8439046,-1.317626,-1.210626,1.978365
5905,0.8613795,-1.392183,-1.270444,2.072239
5906,0.845751,-1.313905,-1.270686,2.014021
5907,0.861385,-1.392174,-1.27046,2.072245
5908,0.8764591,-1.352421,-1.222111,2.022567
5909,-0.2457523,-1.40882,-1.260804,1.906514
5910,-0.2394798,-1.319653,-1.283288,1.856249
5911,-0.298911,-1.349907,-1.266404,1.874933
5912,-1.372106,-1.388292,-1.250282,2.318024
5913,-1.366899,-1.343458,-1.27386,2.301306
5914,1.45922,-0.3996276,-1.37847,2.046755
5915,1.46,-0.4570092,-1.329917,2.027101
5916,1.46,-0.4924803,-1.382351,2.070032
5917,1.46,-0.4369469,-1.385002,2.059309
5918,1.46,-0.4925016,-1.382356,2.07004
5919,1.412736,-0.4409597,-1.382823,2.025455
5920,1.412731,-0.4409555,-1.382819,2.025448
5921,1.46,-0.4569958,-1.329923,2.027101
5922,1.420463,-0.4422007,-1.309513,1.981939
5923,1.389307,-1.459635,0.6042567,2.103767
5924,1.305205,-1.459556,0.5432914,2.032001
5925,1.343211,-1.459733,0.5402431,2.055943
5926,1.343835,-1.459357,0.5929546,2.070558
5927,1.329385,-1.459768,0.5839504,2.058928
5928,1.378597,-1.459832,0.5469626,2.081059
5929,0.226012,-1.459,0.5797195,1.586139
5930,0.2568686,-1.459482,0.5356077,1.575736
5931,0.2568662,-1.459511,0.5356151,1.575765
5932,0.2260098,-1.459006,0.5797254,1.586146
5933,0.20202,-1.459636,0.5040138,1.557363
5934,0.2020181,-1.459624,0.5040177,1.557353
5935,-0.804105,-1.45915,0.5034891,1.740461
5936,-0.810027,-1.458703,0.5061231,1.743594
5937,-0.8803624,-1.459506,0.5514652,1.791454
5938,-0.8803641,-1.459509,0.5514642,1.791457
5939,-0.8100297,-1.4587,0.5061191,1.743591
5940,0.8350672,-1.142761,-0.844533,1.648173
5941,0.9005491,-1.102246,-0.8731307,1.669818
5942,0.8972731,-1.130449,-0.8032634,1.651741
5943,0.8671749,-1.136331,-0.8716633,1.674228
5944,0.9047813,-1.172806,-0.8819891,1.723951
5945,0.8888084,-1.1282,-0.819979,1.653838
5946,0.9005867,-1.102232,-0.873122,1.669825
5947,0.8701916,-1.186876,-0.8472986,1.698182
5948,0.8198608,-1.137794,-0.8597567,1.644971
5949,-0.2807058,-1.157151,-0.7982869,1.433546
5950,-1.401412,-1.165401,-0.8311779,2.00324
5951,-1.35324,-1.136873,-0.8039898,1.941684
5952,-1.330305,-1.171684,-0.8055689,1.947176
5953,-1.32666,-1.123758,-0.8539335,1.937024
5954,-1.387576,-1.120308,-0.8046765,1.956518
5955,-0.2770728,-0.9251902,-0.4828819,1.079778
5956,-0.2233302,-0.9521527,-0.4254048,1.066509
5957,-1.326869,-0.9330986,-0.448309,1.682925
5958,-1.392513,-0.9812277,-0.4106812,1.752301
5959,-1.351954,-0.9167627,-0.3924212,1.679949
5960,-1.382743,-0.9412938,-0.4814222,1.740626
5961,0.8627176,-1.379851,-1.39343,2.142409
5962,0.8617168,-1.376987,-1.340568,2.106128
5963,0.8538272,-1.312573,-1.393825,2.096334
5964,0.8384912,-1.309629,-1.315496,2.036842
5965,0.8103838,-1.394112,-1.395479,2.132518
5966,0.8578448,-1.302958,-1.340886,2.057079
5967,0.8082235,-1.384929,-1.329867,2.083218
5968,0.8627031,-1.37983,-1.393437,2.142394
5969,0.8082328,-1.384931,-1.329857,2.083217
5970,0.8609423,-1.376364,-1.328013,2.097431
5971,0.8104039,-1.394118,-1.395454,2.132513
5972,0.8366544,-1.306474,-1.391108,2.083758
5973,0.8978579,-1.329681,-1.321977,2.078899
5974,0.8873475,-1.31286,-1.40012,2.114551
5975,0.9045424,-1.308431,-1.352212,2.087742
5976,-0.2816537,-1.384124,-1.38088,1.975337
5977,-0.2023639,-1.349059,-1.297481,1.882649
5978,-0.2167054,-1.354222,-1.369974,1.938481
5979,-1.348001,-1.383334,-1.374322,2.370544
5980,-1.367981,-1.3226,-1.384361,2.353104
5981,-1.298448,-1.384689,-1.336036,2.321276
5982,-1.355334,-1.329803,-1.318505,2.311658
5983,1.400211,-0.4500765,-1.46,2.07238
5984,1.46,-0.4702098,-1.46,2.117616
5985,1.404919,-0.3975675,-1.46,2.064814
5986,1.400213,-0.450068,-1.46,2.07238
5987,1.46,-0.4702381,-1.46,2.117622
5988,1.46,-0.4204512,-1.459982,2.107114
5989,1.404916,-0.3975765,-1.46,2.064814
5990,1.46,-0.4204465,-1.459989,2.107117
5991,1.393242,-1.459792,0.4131244,2.059802
5992,1.339596,-1.459982,0.4386081,2.029395
5993,1.337387,-1.45981,0.499035,2.041736
5994,-0.7484474,-0.4762251,-1.46,1.70838
5995,1.397135,-1.459536,0.4661292,2.073525
5996,1.33959,-1.459982,0.4386157,2.029392
5997,1.339917,-1.459873,0.4889356,2.040997
5998,1.398412,-1.45988,0.4923216,2.080669
5999,0.2461397,-1.459671,0.4310776,1.54177
6000,0.2617695,-1.459529,0.4822671,1.559272
6001,0.261777,-1.458699,0.4822136,1.55848
6002,0.2010726,-1.458622,0.4528589,1.540484
6003,0.2461285,-1.459665,0.4311008,1.541768
6004,-0.8526663,-1.457463,0.4189462,1.739757
6005,-0.8526604,-1.457464,0.4189383,1.739753
6006,0.8414438,-1.167146,-0.9068269,1.700763
6007,0.8862966,-1.112676,-0.9325028,1.70092
6008,0.8465231,-1.118674,-0.9735594,1.707586
6009,0.904759,-1.169988,-0.9109094,1.737014
6010,0.8965033,-1.163315,-0.9615024,1.755422
6011,0.852191,-1.168176,-0.9636847,1.737686
6012,0.8863208,-1.112654,-0.9325359,1.700937
6013,0.82645,-1.113327,-0.9719638,1.69329
6014,0.8291896,-1.181688,-0.9829971,1.746489
6015,0.8171483,-1.188346,-0.9287755,1.715378
6016,0.8228198,-1.120037,-0.911899,1.66225
6017,0.8187149,-1.119019,-0.9168125,1.66224
6018,-0.2856509,-1.176665,-0.9497105,1.538859
6019,-0.217654,-1.165108,-0.9805862,1.538311
6020,-1.387977,-1.141108,-0.8948982,2.007349
6021,-1.316937,-1.151181,-0.9360615,1.983873
6022,-1.390477,-1.144691,-0.9653445,2.043437
6023,-0.2679109,-0.9574565,-0.533228,1.128198
6024,-0.2926863,-1.007169,-0.6034189,1.210029
6025,-1.314708,-0.9472055,-0.5005204,1.69593
6026,-1.35937,-0.9435253,-0.5656576,1.748741
6027,0.8846273,-1.386497,-1.46,2.199214
6028,0.9026886,-1.310838,-1.46,2.159801
6029,0.8262167,-1.384764,-1.46,2.175272
6030,0.8417529,-1.31653,-1.46,2.138551
6031,0.8944775,-1.31742,-1.46,2.16039
6032,0.8520783,-1.367996,-1.46,2.174638
6033,0.8846413,-1.386486,-1.46,2.199212
6034,0.839847,-1.317741,-1.46,2.138547
6035,0.8142803,-1.383989,-1.46,2.170271
6036,-0.2136802,-1.396777,-1.46,2.031809
6037,-0.268185,-1.291664,-1.452069,1.961842
6038,-0.2132047,-1.31483,-1.46,1.976318
6039,-0.2008375,-1.381069,-1.426318,1.995512
6040,-0.1985548,-1.398489,-1.427529,2.008241
6041,-0.2150659,-1.398235,-1.46,2.032957
6042,-0.2130834,-1.314836,-1.46,1.976309
6043,-1.361441,-1.376438,-1.46,2.42481
6044,-1.327003,-1.402688,-1.46,2.420758
6045,-1.29821,-1.355583,-1.46,2.37793
6046,-1.334349,-1.316066,-1.46,2.375735
6047,1.318181,-1.46,0.3918141,2.005672
6048,1.348956,-1.46,0.3520058,2.01871
6049,1.345506,-1.46,0.3235438,2.011633
6050,1.350734,-1.46,0.383088,2.025547
6051,0.2266298,-1.459685,0.3383579,1.51543
6052,0.2433646,-1.46,0.3710853,1.525952
6053,0.2896811,-1.459481,0.3273382,1.523532
6054,0.2946855,-1.459905,0.4014625,1.542509
6055,0.2896805,-1.459487,0.3273643,1.523543
6056,0.2947495,-1.46,0.401452,1.542608
6057,0.2434263,-1.455836,0.3709492,1.521945
6058,-0.8810014,-1.45894,0.3907515,1.74853
6059,-0.8531086,-1.451067,0.3509875,1.719472
6060,-0.8531148,-1.451035,0.3509845,1.719447
6061,0.8657829,-1.161141,-1.026201,1.775083
6062,0.865782,-1.161145,-1.026215,1.775093
6063,0.8248394,-1.178515,-1.062931,1.788597
6064,0.861593,-1.107923,-1.073161,1.766779
6065,0.8615944,-1.107925,-1.073162,1.766782
6066,0.8607717,-1.197168,-1.092799,1.835306
6067,-0.2319372,-1.105057,-1.077842,1.560989
6068,-1.336167,-1.179654,-1.031234,2.059215
6069,-0.2087367,-0.9452303,-0.6356107,1.158029
6070,-1.372989,-0.9042624,-0.676993,1.777951
6071,1.398322,-1.46,0.2965178,2.043239
6072,1.357815,-1.46,0.274253,2.012579
6073,1.352804,-1.46,0.2474302,2.005717
6074,1.312884,-1.46,0.2582251,1.98039
6075,1.327969,-1.459993,0.3030214,1.996723
6076,1.334212,-1.46,0.2147314,1.98943
6077,0.2162399,-1.46,0.250717,1.49707
6078,0.2523095,-1.449854,0.2396386,1.491028
6079,0.2503107,-1.46,0.2934413,1.510087
6080,0.25025,-1.46,0.2933441,1.510058
6081,0.2523011,-1.449832,0.2396369,1.491004
6082,-0.8376738,-1.46,0.2388173,1.700097
6083,-0.8029895,-1.46,0.2825521,1.690038
6084,-0.8658863,-1.439879,0.3059536,1.707811
6085,-0.8658957,-1.439883,0.3059534,1.707819
6086,-0.8029886,-1.46,0.2825574,1.690038
6087,-0.837647,-1.46,0.2388003,1.700082
6088,-0.8701721,-1.46,0.2123908,1.712866
6089,-0.8701776,-1.46,0.212386,1.712868
6090,0.8965895,-1.106662,-1.122236,1.813281
6091,0.8437648,-1.132016,-1.146675,1.818863
6092,0.8233642,-1.181761,-1.101175,1.813029
6093,0.8675625,-1.18777,-1.147412,1.86548
6094,0.8437598,-1.132011,-1.146679,1.81886
6095,0.8703812,-1.157701,-1.102812,1.820447
6096,-0.2312855,-1.137202,-1.158172,1.639538
6097,-1.309148,-1.18423,-1.105781,2.083032
6098,-1.381681,-1.117072,-1.156639,2.120072
6099,-1.387496,-1.189756,-1.106375,2.136523
6100,-0.267612,-0.9953198,-0.7306871,1.263401
6101,-0.2155158,-0.9155505,-0.8100522,1.241316
6102,-0.2465171,-0.9068311,-0.7252921,1.187081
6103,-1.321517,-0.9908878,-0.7624273,1.81922
6104,-1.379907,-0.9187258,-0.7565404,1.822238
6105,1.362781,-1.46,0.1336493,2.001658
6106,1.350806,-1.46,0.189506,1.998046
6107,1.300653,-1.46,0.178241,1.963433
6108,1.302439,-1.46,0.1515397,1.962374
6109,1.347183,-1.46,0.1446417,1.991839
6110,1.384918,-1.46,0.1876996,2.021096
6111,0.300629,-1.459989,0.126323,1.495962
6112,0.2635417,-1.459944,0.1183453,1.488253
6113,0.3006344,-1.459985,0.1263185,1.495959
6114,0.2099319,-1.46,0.1731849,1.485148
6115,0.2535772,-1.46,0.1862581,1.493517
6116,0.2536087,-1.46,0.1862567,1.493522
6117,0.2503702,-1.459912,0.1435895,1.488169
6118,0.2175867,-1.459957,0.1139519,1.480474
6119,0.2175531,-1.45996,0.1139637,1.480473
6120,-0.8151354,-1.46,0.1484376,1.678714
6121,-0.7999596,-1.46,0.2000621,1.676771
6122,-0.8120881,-1.46,0.1521936,1.677573
6123,-0.7999755,-1.46,0.2000513,1.676777
6124,-0.8719023,-1.459193,0.1548572,1.706879
6125,-0.8718823,-1.459126,0.1548447,1.706811
6126,0.8298175,-1.178439,-1.263341,1.916598
6127,0.897338,-1.157669,-1.270407,1.938903
6128,0.8821926,-1.126963,-1.280808,1.920619
6129,0.8389775,-1.105273,-1.241038,1.861635
6130,0.8614272,-1.167547,-1.26367,1.92408
6131,0.8207396,-1.167285,-1.215817,1.874668
6132,0.8389863,-1.10528,-1.241038,1.861643
6133,0.884806,-1.137475,-1.203578,1.877587
6134,0.8848123,-1.137486,-1.203575,1.877594
6135,-0.2124354,-1.155953,-1.301851,1.753902
6136,-0.2802168,-1.125728,-1.227185,1.688718
6137,-0.1961281,-1.207551,-1.238425,1.740788
6138,-1.339854,-1.156443,-1.198321,2.137416
6139,1.459943,-0.2832309,-1.344077,2.004544
6140,1.45994,-0.2832088,-1.344066,2.004531
6141,-0.2695547,-0.9935283,-0.8893255,1.360389
6142,-0.2869858,-0.9159719,-0.8332164,1.271068
6143,-1.339879,-0.919546,-0.8258191,1.82286
6144,-1.395757,-0.9459296,-0.8905661,1.906837
6145,-1.300304,-0.9117729,-0.8999549,1.825388
6146,-1.375051,-0.7632752,-0.4821642,1.644943
6147,1.335416,-1.46,0.09014957,1.980673
6148,1.306619,-1.46,0.08709432,1.961234
6149,1.363793,-1.46,0.08279183,1.999597
6150,1.358578,-1.46,0.04076935,1.994742
6151,1.312444,-1.46,0.01560697,1.963251
6152,1.313915,-1.46,0.0430026,1.964643
6153,1.393614,-1.46,0.02352974,2.018493
6154,0.3057667,-1.44173,0.04394877,1.474452
6155,0.2929135,-1.459935,0.06990643,1.49067
6156,0.2539458,-1.459975,0.06226607,1.483204
6157,0.2541361,-1.459974,0.06210289,1.483228
6158,0.287718,-1.46,0.009093121,1.488108
6159,0.2778316,-1.43892,0.008550968,1.465521
6160,-0.8711177,-1.46,0.03506617,1.700493
6161,-0.8710994,-1.46,0.03507389,1.700484
6162,-0.8134751,-1.46,0.1076987,1.674796
6163,-0.8392642,-1.46,0.1028808,1.687172
6164,-0.819804,-1.46,0.06613953,1.675725
6165,-0.8670445,-1.454001,0.07643722,1.694618
6166,-0.8211749,-1.45248,0.01570542,1.668614
6167,-0.8211758,-1.452487,0.01570272,1.668621
6168,0.8112957,-1.141105,-1.327796,1.929602
6169,0.8966264,-1.151983,-1.394244,2.018643
6170,0.8723494,-1.125175,-1.391737,1.990965
6171,0.8545527,-1.169883,-1.323016,1.961953
6172,0.843162,-1.177796,-1.392779,2.009468
6173,0.8383579,-1.102864,-1.393013,1.964596
6174,0.840702,-1.130672,-1.311937,1.925195
6175,0.8895251,-1.188337,-1.371003,2.020656
6176,0.8431684,-1.177801,-1.392782,2.009475
6177,0.8854324,-1.183111,-1.326617,1.985864
6178,0.9031287,-1.125771,-1.325248,1.959409
6179,0.8548709,-1.109086,-1.353298,1.947381
6180,-0.2214156,-1.117698,-1.368517,1.780762
6181,-0.279222,-1.170431,-1.337469,1.799082
6182,-1.319546,-1.111088,-1.370257,2.203026
6183,1.402063,-0.2334418,-1.46,2.037615
6184,1.46,-0.2292698,-1.443557,2.065919
6185,1.46,-0.22924,-1.443552,2.065912
6186,1.400769,-0.2897436,-1.459646,2.043691
6187,1.46,-0.2744623,-1.459811,2.082782
6188,1.400758,-0.2897691,-1.459828,2.043817
6189,1.46,-0.2744434,-1.459903,2.082844
6190,1.402057,-0.2334389,-1.46,2.037611
6191,-0.2131396,-0.912935,-0.9034826,1.301983
6192,-1.351842,-0.9265419,-0.9357156,1.887199
6193,-1.378691,-1.004548,-0.9883653,1.97149
6194,-1.329048,-0.7403566,-0.5303466,1.611138
6195,1.350286,-1.46,-0.07619834,1.990146
6196,1.357494,-1.46,0.003758593,1.993591
6197,1.396526,-1.46,-0.0295446,2.020584
6198,1.366448,-1.46,-0.0474944,2.000259
6199,1.311307,-1.46,-0.05459915,1.963188
6200,1.331549,-1.46,-0.02071716,1.976121
6201,0.2922116,-1.46,-0.06321006,1.490296
6202,0.2487942,-1.431738,-0.08167555,1.455487
6203,0.3021584,-1.459785,-0.04917875,1.491539
6204,0.2330404,-1.459093,-0.06441141,1.478989
6205,0.2443332,-1.459976,-0.0159439,1.480366
6206,0.244359,-1.459979,-0.0159465,1.480373
6207,-0.8875542,-1.46,-0.02721249,1.708828
6208,-0.8878481,-1.46,-0.02711197,1.708979
6209,-0.8423268,-1.46,-0.02416307,1.685734
6210,-0.8174101,-1.459864,-0.04783344,1.673813
6211,-0.8561705,-1.45868,-0.08207449,1.693373
6212,0.891341,-1.193324,-1.46,2.085692
6213,0.8639801,-1.186836,-1.46,2.070421
6214,0.8595757,-1.136649,-1.46,2.040206
6215,0.817448,-1.145284,-1.46,2.027683
6216,0.8390912,-1.18972,-1.46,2.061821
6217,0.884816,-1.128903,-1.46,2.046685
6218,-0.2994618,-1.117974,-1.46,1.8631
6219,-0.1994725,-1.185876,-1.449965,1.883743
6220,-0.232803,-1.176059,-1.46,1.889156
6221,-0.2548214,-1.123076,-1.422516,1.830242
6222,-0.2271144,-1.10874,-1.46,1.847291
6223,-0.279715,-1.186617,-1.427993,1.877622
6224,-1.391396,-1.140077,-1.415776,2.289144
6225,-1.350008,-1.13062,-1.46,2.287449
6226,-1.328313,-1.183052,-1.46,2.301223
6227,1.360831,-1.278691,0.3237898,1.895192
6228,1.373668,-1.263892,0.3058074,1.891535
6229,-0.2570492,-0.9265414,-0.9870085,1.377947
6230,-1.375538,-0.9907302,-1.086822,2.013661
6231,-1.309876,-0.9707063,-1.018967,1.922587
6232,-1.385919,-0.9496971,-1.025627,1.968403
6233,-1.365437,-0.7860656,-0.6712705,1.712578
6234,-1.354994,-0.7082466,-0.6043223,1.644028
6235,1.344705,-1.46,-0.1326261,1.989327
6236,1.33188,-1.46,-0.1131229,1.97947
6237,1.384756,-1.46,-0.1568375,2.018353
6238,1.388692,-1.46,-0.1014492,2.017513
6239,1.370268,-1.46,-0.184818,2.010818
6240,1.335248,-1.46,-0.1728317,1.986041
6241,0.2132364,-1.46,-0.1721095,1.485494
6242,0.2213111,-1.448739,-0.1195921,1.470417
6243,0.282846,-1.459698,-0.1163729,1.491396
6244,0.26709,-1.459687,-0.1722556,1.493886
6245,0.255,-1.459123,-0.1270749,1.486679
6246,0.2973435,-1.459777,-0.1746442,1.499954
6247,0.291876,-1.413892,-0.1510147,1.451581
6248,-0.8871884,-1.46,-0.1047588,1.71163
6249,-0.8304184,-1.46,-0.1756757,1.688803
6250,-0.8288817,-1.46,-0.08771677,1.681172
6251,-0.8690941,-1.46,-0.1527701,1.705949
6252,-0.8041484,-1.46,-0.1104327,1.670464
6253,1.35351,-1.25208,0.262463,1.862413
6254,1.397545,-1.22703,0.2048769,1.871018
6255,1.391226,-1.279149,0.2481836,1.906129
6256,1.395197,-1.239436,0.2351264,1.880973
6257,1.31844,-1.259606,0.2435044,1.839616
6258,1.318451,-1.259601,0.2434996,1.839619
6259,1.333882,-1.275424,0.2968233,1.869238
6260,-0.2812718,-0.9223725,-1.116948,1.475621
6261,-1.387383,-0.9672531,-1.154599,2.047806
6262,-1.321807,-0.9327927,-1.096786,1.954537
6263,-0.2539189,-0.7739742,-0.7527695,1.109132
6264,-0.2544166,-0.7674136,-0.765426,1.113341
6265,-1.377444,-0.6990451,-0.7195051,1.704026
6266,1.304706,-1.46,-0.2078555,1.969026
6267,1.363137,-1.46,-0.2673344,2.015245
6268,1.327655,-1.46,-0.2600022,1.990445
6269,1.30922,-1.46,-0.2822413,1.981241
6270,1.377831,-1.46,-0.2329792,2.020965
6271,1.339904,-1.46,-0.217767,1.993581
6272,1.395201,-1.46,-0.2870404,2.039749
6273,0.2119078,-1.409984,-0.2577493,1.448929
6274,0.2805419,-1.439943,-0.2710421,1.491845
6275,0.2788277,-1.435599,-0.2711279,1.487347
6276,0.2760521,-1.427316,-0.2138226,1.469406
6277,0.224875,-1.46,-0.2425172,1.496992
6278,0.2502716,-1.46,-0.2258432,1.498413
6279,0.2437433,-1.46,-0.1954155,1.49305
6280,-0.8751403,-1.46,-0.2229887,1.71674
6281,-0.875147,-1.46,-0.2229904,1.716743
6282,-0.8740408,-1.390598,-0.2389319,1.659759
6283,-0.8028738,-1.46,-0.2182184,1.680424
6284,-0.8148981,-1.46,-0.2643739,1.692794
6285,-0.8021937,-1.412438,-0.2379748,1.641684
6286,1.311994,-1.273208,0.1236296,1.832395
6287,1.341398,-1.2325,0.1743663,1.829975
6288,1.304507,-1.220175,0.1063727,1.78938
6289,1.366571,-1.280036,0.180651,1.881128
6290,1.366564,-1.28003,0.1806484,1.881118
6291,1.341392,-1.232495,0.1743666,1.829967
6292,1.353732,-1.20639,0.1515481,1.819597
6293,1.311995,-1.273202,0.1236353,1.832392
6294,-0.8508766,-1.225854,0.148767,1.499613
6295,-0.8508897,-1.225863,0.1487775,1.499629
6296,0.9040694,-0.9880837,-1.27089,1.846297
6297,-0.234819,-0.9186049,-1.297828,1.607275
6298,-0.2902388,-0.9484112,-1.237699,1.586071
6299,-1.400697,-0.9387491,-1.28089,2.117517
6300,-1.335472,-0.9936215,-1.257384,2.086093
6301,-0.2681376,-0.7840999,-0.8901759,1.216192
6302,-1.312927,-0.7400053,-0.8132556,1.712534
6303,-1.328349,-0.7345461,-0.8873726,1.758266
6304,1.387879,-1.46,-0.3758244,2.049159
6305,1.351124,-1.46,-0.3125397,2.013658
6306,1.385501,-1.46,-0.3175277,2.037655
6307,1.345891,-1.46,-0.3595858,2.018
6308,1.327639,-1.46,-0.3416575,2.002737
6309,0.274608,-1.46,-0.3270951,1.521184
6310,0.2836211,-1.46,-0.3435397,1.526454
6311,0.2318446,-1.46,-0.2925605,1.506965
6312,0.2208702,-1.46,-0.3119071,1.509195
6313,0.2439526,-1.46,-0.3724235,1.526372
6314,-0.8630227,-1.432023,-0.2947052,1.697748
6315,-0.8588113,-1.46,-0.394467,1.739184
6316,-0.8066637,-1.46,-0.3195616,1.69836
6317,-0.8528095,-1.430941,-0.3348342,1.699114
6318,-0.8629788,-1.432102,-0.2947153,1.697794
6319,1.377688,-1.2904,0.1041675,1.890504
6320,1.382754,-1.266214,0.04292414,1.875406
6321,1.388229,-1.226277,0.0986902,1.854906
6322,1.331797,-1.243417,0.05579691,1.822877
6323,1.377694,-1.290397,0.1041739,1.890507
6324,1.388235,-1.226283,0.0986933,1.854914
6325,1.3318,-1.243434,0.05580011,1.822891
6326,1.397325,-1.202576,0.03029501,1.843807
6327,1.397314,-1.202583,0.03027585,1.843803
6328,1.398439,-1.263967,0.007177285,1.885019
6329,0.8760368,-0.9938792,-1.389418,1.919822
6330,0.8010772,-0.9294789,-1.347043,1.822136
6331,0.8377584,-0.9038619,-1.365288,1.839243
6332,0.8163415,-0.9567478,-1.360281,1.852605
6333,0.8163415,-0.9567547,-1.360223,1.852566
6334,0.8732945,-0.9522936,-1.38651,1.895235
6335,0.8748474,-0.9650654,-1.341202,1.869634
6336,0.9015872,-0.9643306,-1.320149,1.866973
6337,0.8947181,-0.9314224,-1.392801,1.899464
6338,-0.2137976,-0.9801738,-1.347386,1.679851
6339,-1.397262,-0.9642273,-1.353462,2.17116
6340,-1.368481,-0.9044999,-1.373989,2.139791
6341,1.412974,-0.004590497,-1.459612,2.031498
6342,1.46,-0.05256063,-1.459324,2.064943
6343,1.46,-0.05256889,-1.459313,2.064935
6344,1.412981,-0.004603728,-1.4596,2.031494
6345,1.46,-0.05255805,-1.459308,2.064931
6346,-0.2299758,-0.6994342,-0.9357644,1.190694
6347,-1.30689,-0.7704576,-0.982669,1.807541
6348,1.391242,-1.46,-0.4290648,2.061856
6349,1.365681,-1.46,-0.4800103,2.05599
6350,1.319823,-1.46,-0.4624364,2.021727
6351,1.312548,-1.46,-0.4004666,2.003686
6352,1.344691,-1.46,-0.4304617,2.031032
6353,1.327598,-1.46,-0.4793831,2.030745
6354,1.391927,-1.46,-0.4765668,2.072722
6355,1.336311,-1.46,-0.4011711,2.019471
6356,0.2060678,-1.41978,-0.4064123,1.49111
6357,0.2061262,-1.419787,-0.4064997,1.491149
6358,0.2720082,-1.46,-0.4025332,1.538708
6359,0.2209131,-1.46,-0.474334,1.550934
6360,0.2881109,-1.46,-0.4390081,1.551559
6361,0.2619784,-1.409439,-0.4280084,1.496109
6362,0.2993019,-1.46,-0.4822935,1.566457
6363,-0.8433425,-1.46,-0.4685563,1.749963
6364,-0.8763321,-1.46,-0.4462155,1.760303
6365,1.356101,-1.224046,-0.05815853,1.827753
6366,1.335341,-1.266326,-0.0108002,1.840335
6367,1.311165,-1.268492,-0.01245921,1.824385
6368,1.37034,-1.227523,-0.01243053,1.839782
6369,1.372598,-1.256433,-0.06349086,1.861902
6370,1.359267,-1.29119,-0.04712651,1.875366
6371,1.303532,-1.261905,-0.08776682,1.816398
6372,1.303532,-1.261898,-0.08774619,1.816392
6373,0.9014281,-0.9568601,-1.46,1.964626
6374,0.8615854,-0.9809866,-1.46,1.958638
6375,0.8450503,-0.9172692,-1.46,1.92018
6376,0.867466,-0.9316794,-1.46,1.93704
6377,0.8943186,-0.9026958,-1.46,1.935527
6378,0.8110452,-0.9312145,-1.459927,1.912156
6379,0.838541,-0.9881318,-1.46,1.952218
6380,0.8075391,-0.9659348,-1.46,1.927887
6381,-0.26386,-0.9729333,-1.46,1.77421
6382,-0.2686967,-0.9838212,-1.46,1.780927
6383,-0.2542401,-0.948975,-1.413447,1.721344
6384,-0.2177838,-0.927815,-1.426955,1.715946
6385,-1.322078,-0.921784,-1.46,2.174667
6386,-1.383791,-0.9638057,-1.46,2.23056
6387,-1.292998,-0.9835979,-1.46,2.184241
6388,-0.2778974,-0.7393526,-1.029028,1.297216
6389,-1.384225,-0.7741075,-1.033425,1.892957
6390,1.315446,-1.46,-0.5558474,2.042294
6391,1.384195,-1.46,-0.5548671,2.086977
6392,1.395371,-1.46,-0.52552,2.086823
6393,1.332422,-1.46,-0.5384755,2.048635
6394,1.355016,-1.46,-0.5332916,2.062054
6395,0.2126382,-1.46,-0.5750802,1.583519
6396,0.2511434,-1.46,-0.5355521,1.575274
6397,0.2693782,-1.46,-0.5870218,1.596483
6398,0.2990323,-1.46,-0.5473493,1.587643
6399,0.293746,-1.409114,-0.501757,1.524352
6400,0.310718,-1.46,-0.5354636,1.585833
6401,-0.8922397,-1.396884,-0.5219634,1.737764
6402,-0.8523523,-1.46,-0.5867496,1.789519
6403,1.341363,-1.256813,-0.1929332,1.848258
6404,1.345587,-1.245125,-0.1385764,1.838517
6405,1.396851,-1.273627,-0.108832,1.893453
6406,1.385058,-1.291476,-0.1831794,1.90259
6407,1.345585,-1.245121,-0.1385941,1.838514
6408,1.379638,-1.228792,-0.1906262,1.857328
6409,0.217226,-1.243259,-0.128668,1.268635
6410,-0.8588884,-1.30268,-0.1156382,1.564621
6411,-0.8588873,-1.302693,-0.1156376,1.564631
6412,-0.8074912,-1.285823,-0.1410968,1.52489
6413,-0.8063616,-1.272236,-0.1769232,1.51661
6414,-0.2289045,-0.8002887,-1.177489,1.441992
6415,-0.2363794,-0.7411145,-1.129194,1.371206
6416,-1.362301,-0.7258507,-1.120034,1.907144
6417,1.305726,-1.46,-0.6486229,2.063306
6418,1.340667,-1.46,-0.6015238,2.071429
6419,1.342224,-1.46,-0.6177609,2.077208
6420,1.366504,-1.46,-0.668545,2.108527
6421,1.38048,-1.46,-0.6018074,2.097498
6422,1.385746,-1.46,-0.643069,2.113156
6423,1.339015,-1.46,-0.6760743,2.093236
6424,0.2608422,-1.409122,-0.6195487,1.56125
6425,0.2778669,-1.46,-0.6309321,1.614585
6426,0.2550063,-1.46,-0.6939544,1.636521
6427,0.2551086,-1.46,-0.6944494,1.636747
6428,0.3113707,-1.46,-0.6550526,1.630229
6429,-0.8756094,-1.46,-0.6986915,1.840234
6430,-0.8820021,-1.410852,-0.5972357,1.767802
6431,1.342002,-1.215657,-0.222534,1.824367
6432,1.306883,-1.279529,-0.228194,1.843152
6433,1.342064,-1.202884,-0.2687072,1.822161
6434,1.373794,-1.247455,-0.286173,1.877591
6435,1.349084,-1.256141,-0.2310022,1.857762
6436,1.352105,-1.275137,-0.2912653,1.881222
6437,1.311349,-1.200036,-0.2950751,1.801886
6438,-0.8588077,-1.218668,-0.2009638,1.504356
6439,-0.8307054,-1.273813,-0.2739066,1.545217
6440,-0.8799868,-1.198629,-0.2186097,1.502957
6441,-1.343006,-0.7516733,-1.241358,1.977283
6442,-1.391757,-0.7126337,-1.285941,2.02447
6443,1.333148,-1.46,-0.7105689,2.100902
6444,1.327103,-1.46,-0.7634791,2.115586
6445,1.385784,-1.46,-0.7398248,2.144607
6446,1.340465,-1.408528,-0.7923959,2.099688
6447,1.31887,-1.46,-0.7849582,2.118296
6448,1.395961,-1.46,-0.7717364,2.162379
6449,1.383832,-1.46,-0.7955511,2.163213
6450,1.364179,-1.46,-0.7402191,2.130847
6451,1.308862,-1.46,-0.7109914,2.085721
6452,0.2155886,-1.46,-0.763858,1.661793
6453,0.3080766,-1.46,-0.7950053,1.690723
6454,0.2503182,-1.46,-0.7599802,1.664881
6455,0.2917519,-1.46,-0.7606388,1.671912
6456,-0.8335134,-1.46,-0.7103028,1.825068
6457,-0.8316131,-1.46,-0.7939608,1.858374
6458,-1.369226,-0.5663672,-0.8702119,1.718378
6459,1.32248,-1.245364,-0.3006942,1.841277
6460,1.366155,-1.218357,-0.3504141,1.86375
6461,1.344,-1.276758,-0.3402339,1.884729
6462,1.366675,-1.272954,-0.3735004,1.904656
6463,1.36615,-1.218356,-0.3504054,1.863744
6464,0.2697694,-1.262237,-0.3652158,1.341417
6465,0.2246072,-1.289361,-0.3261276,1.3488
6466,-0.8923112,-1.306706,-0.3067756,1.611773
6467,-0.8411658,-1.204076,-0.354618,1.510997
6468,0.8970044,-0.7242306,-1.367304,1.788476
6469,0.8969695,-0.7241988,-1.367314,1.788453
6470,0.8916926,-0.8017195,-1.333809,1.793577
6471,0.8920401,-0.7569402,-1.352942,1.788616
6472,0.8780702,-0.7904208,-1.371318,1.810051
6473,-0.2562629,-0.7163209,-1.353556,1.552708
6474,-0.2563177,-0.7162211,-1.353424,1.552556
6475,-0.2123004,-0.7521581,-1.382818,1.588395
6476,-0.2919294,-0.7799895,-1.382865,1.614287
6477,-1.337594,-0.7809607,-1.30674,2.026482
6478,-1.348246,-0.7370603,-1.393019,2.074012
6479,-1.306516,-0.6929196,-1.294903,1.96568
6480,-1.407543,-0.7560177,-1.292864,2.055295
6481,1.347905,-1.46,-0.809322,2.145565
6482,1.40158,-1.451278,-0.8282793,2.180981
6483,1.315154,-1.46,-0.8708578,2.149331
6484,1.316974,-1.404501,-0.8483422,2.103979
6485,1.315186,-1.46,-0.8708386,2.149343
6486,1.360717,-1.433557,-0.8745272,2.16135
6487,1.353055,-1.418394,-0.8360965,2.131116
6488,0.2677149,-1.46,-0.8054045,1.688771
6489,0.2478939,-1.46,-0.8299129,1.697589
6490,0.2438238,-1.412635,-0.8655684,1.674574
6491,0.2455104,-1.46,-0.8722581,1.718345
6492,0.2640592,-1.46,-0.9039292,1.737359
6493,0.2732549,-1.400949,-0.8212798,1.646762
6494,0.2891724,-1.46,-0.8446291,1.711321
6495,0.3060229,-1.46,-0.8781464,1.731009
6496,-0.8394849,-1.410269,-0.8472391,1.847
6497,-1.341547,-0.5713007,-0.9819554,1.757944
6498,1.391333,-1.265469,-0.4360845,1.930645
6499,1.347471,-1.201629,-0.4207006,1.853801
6500,1.342219,-1.235357,-0.4666556,1.88293
6501,1.32851,-1.258496,-0.4160903,1.876668
6502,1.306404,-1.243074,-0.4847776,1.867334
6503,1.328507,-1.258503,-0.416082,1.876669
6504,1.391333,-1.265471,-0.4360877,1.930647
6505,0.2627172,-1.269495,-0.4910009,1.386261
6506,0.3090239,-1.230225,-0.4543442,1.34736
6507,0.2779235,-1.264448,-0.4525723,1.371456
6508,0.268587,-1.241934,-0.3902672,1.329228
6509,0.2263868,-1.197313,-0.4218528,1.289484
6510,0.2263824,-1.197315,-0.4218558,1.289486
6511,-0.7986507,-1.277365,-0.4176422,1.563308
6512,-0.8930449,-1.223988,-0.4165083,1.571354
6513,1.382132,-1.060089,-0.07749251,1.743583
6514,1.383186,-1.095658,-0.06404119,1.765722
6515,1.356131,-1.066833,-0.06248889,1.726595
6516,0.8041614,-0.7725304,-1.45993,1.837083
6517,0.8326488,-0.721422,-1.45964,1.828743
6518,0.8295372,-0.7784939,-1.459813,1.85074
6519,0.8841647,-0.7501194,-1.46,1.864411
6520,0.832623,-0.7214414,-1.459613,1.828718
6521,0.8841715,-0.7501602,-1.459918,1.864366
6522,-0.2736563,-0.7227002,-1.46,1.651903
6523,-0.1964581,-0.7121725,-1.46,1.636272
6524,-0.2781998,-0.7200522,-1.46,1.651505
6525,-0.2487471,-0.7887537,-1.46,1.677977
6526,-1.336054,-0.7599792,-1.46,2.119955
6527,-1.386584,-0.7155877,-1.46,2.136886
6528,-1.398066,-0.7598589,-1.46,2.159531
6529,1.403857,-1.46,-0.9400161,2.232945
6530,1.327455,-1.390779,-0.9016141,2.123514
6531,1.319725,-1.46,-0.9683206,2.193381
6532,1.399329,-1.46,-0.9133794,2.219005
6533,1.396533,-1.416099,-0.9509565,2.204531
6534,1.325725,-1.46,-0.9116163,2.1726
6535,1.378923,-1.459541,-0.9622114,2.226553
6536,0.262988,-1.46,-0.9425839,1.75762
6537,0.2932449,-1.46,-0.9511245,1.766984
6538,0.2781614,-1.46,-0.9951208,1.788642
6539,0.2126646,-1.46,-0.9838349,1.773346
6540,0.2153607,-1.46,-0.9951834,1.779992
6541,-0.8403549,-1.46,-0.9461669,1.932105
6542,1.366583,-1.21217,-0.5147936,1.897872
6543,1.336727,-1.206858,-0.5794495,1.891852
6544,1.350588,-1.258541,-0.5726088,1.932846
6545,1.377509,-1.271449,-0.547307,1.952859
6546,1.357979,-1.29058,-0.4999728,1.938988
6547,1.34409,-1.202417,-0.541828,1.883072
6548,1.313561,-1.253856,-0.5483848,1.896924
6549,1.34109,-1.266834,-0.4967818,1.910545
6550,0.2243714,-1.220303,-0.584723,1.371635
6551,0.2314128,-1.290412,-0.5772757,1.432467
6552,0.2318761,-1.289651,-0.5760137,1.431348
6553,0.2840064,-1.277509,-0.5131116,1.405693
6554,0.288499,-1.230798,-0.5884675,1.394413
6555,-0.8448,-1.264587,-0.5322555,1.611262
6556,1.304251,-1.015077,-0.1736323,1.661807
6557,1.371738,-1.097522,-0.1049236,1.759894
6558,1.398857,-1.03286,-0.1328958,1.743922
6559,1.377392,-1.057845,-0.1502382,1.74322
6560,1.399431,-1.014553,-0.1771206,1.737555
6561,1.388668,-1.087098,-0.1807306,1.772807
6562,1.344217,-1.047791,-0.179974,1.713819
6563,1.350842,-1.033307,-0.105364,1.703995
6564,1.32547,-1.09704,-0.1273976,1.725281
6565,1.350848,-1.033317,-0.1053695,1.704007
6566,-0.8618377,-1.044826,-0.1771267,1.365942
6567,1.400582,-1.46,-1.089674,2.29796
6568,1.365372,-1.46,-1.018355,2.24341
6569,1.38523,-1.46,-0.9915315,2.243568
6570,1.366411,-1.46,-1.036579,2.252371
6571,1.348946,-1.46,-1.060745,2.253095
6572,1.353772,-1.459921,-1.073232,2.261834
6573,1.400581,-1.46,-1.089664,2.297954
6574,0.2790614,-1.46,-1.011684,1.798049
6575,0.242781,-1.46,-1.044065,1.811247
6576,0.293891,-1.46,-1.066681,1.831879
6577,0.2520961,-1.46,-1.10006,1.845341
6578,0.2312692,-1.46,-1.04946,1.812857
6579,0.2939062,-1.46,-1.06668,1.831881
6580,0.2190966,-1.409365,-1.06792,1.781787
6581,-0.8813865,-1.46,-1.043442,1.999303
6582,-1.332517,-0.5008562,-1.118684,1.8105
6583,1.357596,-1.290068,-0.645694,1.980975
6584,1.330055,-1.253301,-0.6240891,1.931139
6585,1.342662,-1.207906,-0.6598468,1.922805
6586,1.353631,-1.206072,-0.6843231,1.93784
6587,1.399322,-1.258443,-0.6446335,1.989305
6588,1.34065,-1.270427,-0.691362,1.972133
6589,1.340648,-1.27044,-0.6913722,1.972144
6590,1.386917,-1.211178,-0.6912568,1.966807
6591,1.399319,-1.258438,-0.6446734,1.989313
6592,1.366227,-1.231137,-0.6138879,1.938848
6593,0.2937928,-1.240024,-0.6643406,1.437123
6594,0.2624069,-1.254477,-0.6729378,1.447555
6595,-0.8997877,-1.24348,-0.656217,1.669276
6596,-0.8232111,-1.231961,-0.625509,1.608312
6597,-0.8830249,-1.295794,-0.610867,1.682847
6598,1.331067,-1.036447,-0.2548395,1.706137
6599,1.357384,-1.059076,-0.2118478,1.73465
6600,1.329389,-1.095755,-0.2811711,1.745569
6601,1.30774,-1.076236,-0.196737,1.705043
6602,1.329745,-1.022924,-0.2318011,1.693614
6603,1.346269,-1.097004,-0.2353476,1.752497
6604,1.374814,-1.063023,-0.2794044,1.76017
6605,1.306672,-1.001716,-0.2958802,1.672834
6606,-0.8737301,-1.038472,-0.2681705,1.383381
6607,-0.8186181,-1.089502,-0.2406921,1.383866
6608,-0.8572097,-1.051255,-0.2865281,1.386378
6609,1.321798,-1.46,-1.119767,2.26553
6610,1.316852,-1.46,-1.160504,2.283083
6611,1.31639,-1.46,-1.192565,2.299282
6612,1.331587,-1.46,-1.105863,2.264433
6613,1.34563,-1.46,-1.173946,2.306614
6614,1.334442,-1.399085,-1.157212,2.253289
6615,1.372612,-1.46,-1.150453,2.310672
6616,1.35952,-1.46,-1.114305,2.285076
6617,1.400183,-1.46,-1.157292,2.330544
6618,0.2116591,-1.46,-1.175406,1.886261
6619,0.2205573,-1.46,-1.16083,1.878236
6620,0.2439432,-1.46,-1.128322,1.861241
6621,0.2967092,-1.46,-1.135787,1.873405
6622,0.2790643,-1.46,-1.152312,1.880771
6623,0.2559656,-1.46,-1.202556,1.908733
6624,0.2559387,-1.46,-1.202548,1.908724
6625,-0.8106169,-1.46,-1.125862,2.014017
6626,-0.8950321,-1.46,-1.185452,2.082781
6627,-0.89158,-1.431129,-1.114815,2.021351
6628,-1.3808,-0.5554821,-1.221917,1.925682
6629,1.323396,-1.221125,-0.7346013,1.944778
6630,1.321796,-1.270368,-0.7572193,1.983523
6631,1.330258,-1.198676,-0.7809391,1.953529
6632,1.371902,-1.237118,-0.7486883,1.993267
6633,1.37193,-1.237143,-0.7486391,1.993282
6634,0.2815642,-1.273908,-0.7476035,1.503672
6635,0.2412209,-1.198958,-0.7564106,1.438
6636,-0.8422284,-1.261928,-0.7474997,1.691321
6637,1.392388,-1.080001,-0.3954372,1.805967
6638,1.357639,-1.0186,-0.2967613,1.72302
6639,1.371188,-1.006017,-0.3466026,1.735615
6640,1.30689,-1.08081,-0.3269486,1.727139
6641,1.362614,-1.047204,-0.3566182,1.755144
6642,1.355121,-1.068733,-0.3222962,1.755682
6643,1.306571,-1.012782,-0.3686309,1.693736
6644,1.342048,-1.095109,-0.37898,1.773128
6645,1.321061,-1.039311,-0.3670329,1.720489
6646,-0.8020948,-1.109963,-0.3395822,1.410918
6647,1.335787,-1.46,-1.238765,2.334623
6648,1.373136,-1.46,-1.252797,2.3636
6649,1.317439,-1.46,-1.25625,2.33354
6650,1.365721,-1.46,-1.206892,2.335248
6651,1.393263,-1.46,-1.255083,2.376555
6652,0.2209562,-1.46,-1.245376,1.931679
6653,0.2264472,-1.46,-1.241794,1.930008
6654,0.2538592,-1.46,-1.257826,1.943752
6655,0.2538528,-1.46,-1.257827,1.943751
6656,0.2916286,-1.46,-1.240026,1.937605
6657,0.2916212,-1.46,-1.24002,1.9376
6658,-0.794558,-1.416397,-1.292938,2.07586
6659,-0.8865418,-1.46,-1.262941,2.124282
6660,-0.8031653,-1.45257,-1.199883,2.04811
6661,-1.380754,-0.5576125,-1.382068,2.031631
6662,-1.34569,-0.5086502,-1.303281,1.941172
6663,1.346841,-1.253693,-0.8064697,2.009009
6664,1.324947,-1.274503,-0.8560005,2.027949
6665,1.340134,-1.207388,-0.8385301,1.98919
6666,1.357466,-1.276748,-0.8255811,2.03823
6667,1.34069,-1.236004,-0.8759507,2.022979
6668,1.301293,-1.256997,-0.801578,1.978871
6669,0.3109382,-1.250474,-0.8551388,1.54649
6670,0.2607903,-1.278879,-0.8895009,1.579479
6671,0.2842456,-1.237951,-0.8141938,1.508718
6672,0.2459945,-1.192391,-0.8618311,1.491664
6673,0.2526073,-1.255836,-0.8129635,1.517183
6674,-0.8694751,-1.277848,-0.8962874,1.786676
6675,-0.8778614,-1.215404,-0.8061131,1.702253
6676,1.32348,-1.073832,-0.4315771,1.758117
6677,1.325358,-1.001524,-0.4227867,1.714168
6678,1.32099,-1.074273,-0.4024787,1.74959
6679,1.361226,-1.070905,-0.4693208,1.794446
6680,1.321505,-1.017108,-0.4552051,1.728611
6681,1.373243,-1.026514,-0.4243044,1.766228
6682,1.361223,-1.070912,-0.4693169,1.794447
6683,1.373247,-1.02651,-0.4243101,1.76623
6684,-0.8199365,-1.028883,-0.3955384,1.373807
6685,1.341866,-1.46,-1.299161,2.370659
6686,1.390612,-1.46,-1.329117,2.414943
6687,1.342909,-1.46,-1.385158,2.419435
6688,1.356239,-1.46,-1.369717,2.41808
6689,1.387778,-1.46,-1.383528,2.443702
6690,1.355006,-1.46,-1.31565,2.387169
6691,1.303629,-1.46,-1.381076,2.3955
6692,1.303613,-1.46,-1.381074,2.39549
6693,0.2440261,-1.45999,-1.393674,2.033088
6694,0.2489646,-1.46,-1.396989,2.035967
6695,0.2215385,-1.46,-1.401578,2.035952
6696,0.2282148,-1.46,-1.405634,2.039482
6697,0.2477572,-1.46,-1.394436,2.034069
6698,0.2777989,-1.46,-1.321098,1.988485
6699,0.2489261,-1.46,-1.39912,2.037425
6700,0.2471058,-1.46,-1.393484,2.033337
6701,0.2804718,-1.46,-1.321813,1.989335
6702,0.2469069,-1.46,-1.393045,2.033012
6703,0.2258679,-1.46,-1.405839,2.039363
6704,-0.8207965,-1.46,-1.364618,2.160438
6705,-0.8923954,-1.46,-1.377925,2.196963
6706,0.8744157,-0.5400242,-1.459839,1.785318
6707,0.8520958,-0.5742974,-1.459864,1.785241
6708,0.8869964,-0.5053411,-1.459638,1.7812
6709,0.8352736,-0.5094153,-1.459994,1.757489
6710,0.8353026,-0.5094297,-1.459973,1.75749
6711,0.8594194,-0.5874721,-1.459835,1.792998
6712,-0.274961,-0.5668777,-1.46,1.590143
6713,-0.2311171,-0.5664929,-1.46,1.583013
6714,-1.339285,-0.5591176,-1.46,2.058615
6715,1.348813,-1.240953,-0.9484955,2.063711
6716,1.336323,-1.210319,-0.9020867,2.016034
6717,1.332038,-1.276049,-0.9820799,2.089763
6718,1.364543,-1.290899,-0.9750726,2.116404
6719,1.308076,-1.235926,-0.9796577,2.048977
6720,1.376094,-1.208929,-0.9423684,2.059903
6721,1.317666,-1.279842,-0.9161276,2.052688
6722,1.317664,-1.279833,-0.9161251,2.05268
6723,1.365536,-1.269535,-0.9149716,2.076916
6724,0.2965797,-1.227442,-0.9154786,1.559703
6725,0.2359905,-1.216608,-0.945169,1.55858
6726,0.3054002,-1.294163,-0.907739,1.610005
6727,0.2347482,-1.245509,-0.9758883,1.599612
6728,-0.8261359,-1.277412,-0.9740353,1.806385
6729,1.387304,-1.081576,-0.5167743,1.833432
6730,1.383645,-1.008674,-0.5606996,1.801744
6731,1.316669,-1.030913,-0.570029,1.766729
6732,1.325325,-1.067889,-0.5254411,1.781281
6733,1.375019,-1.069844,-0.5557108,1.828677
6734,1.336943,-1.029708,-0.5179379,1.765213
6735,1.399624,-1.054058,-0.5639156,1.840649
6736,1.320113,-1.021343,-0.5799167,1.766958
6737,1.309493,-1.000623,-0.5223185,1.728825
6738,1.307738,-1.094504,-0.5536581,1.792946
6739,-0.8436396,-1.077232,-0.5315307,1.467884
6740,1.368335,-1.46,-1.46,2.477002
6741,1.317879,-1.46,-1.46,2.449491
6742,1.368356,-1.46,-1.46,2.477014
6743,1.319116,-1.46,-1.46,2.450157
6744,0.2425619,-1.46,-1.458219,2.0777
6745,0.242559,-1.46,-1.458217,2.077698
6746,0.2325757,-1.46,-1.46,2.077809
6747,0.2325741,-1.46,-1.46,2.077809
6748,0.2212193,-1.46,-1.458071,2.075213
6749,0.2686467,-1.46,-1.46,2.082155
6750,0.2686567,-1.46,-1.46,2.082157
6751,0.2212165,-1.46,-1.458075,2.075215
6752,0.2440713,-1.46,-1.413606,2.046815
6753,0.2463773,-1.46,-1.409998,2.044602
6754,0.2135714,-1.46,-1.417941,2.046404
6755,0.2460758,-1.46,-1.418723,2.050592
6756,0.2361902,-1.46,-1.412458,2.045098
6757,0.2378519,-1.46,-1.41774,2.048942
6758,0.2434734,-1.46,-1.414134,2.047109
6759,-0.8518468,-1.441661,-1.46,2.221628
6760,-0.8310066,-1.46,-1.46,2.225707
6761,-0.7965813,-1.46,-1.46,2.213084
6762,-0.88583,-1.46,-1.46,2.246752
6763,-0.8310058,-1.46,-1.437355,2.210918
6764,1.351668,-1.278844,-1.030713,2.127162
6765,1.343454,-1.218398,-0.9991531,2.070669
6766,1.371999,-1.292405,-1.04317,2.154274
6767,1.38768,-1.21338,-1.087813,2.140393
6768,1.347729,-1.252103,-1.090295,2.138429
6769,1.372923,-1.207791,-1.016741,2.092233
6770,1.359722,-1.237945,-1.05016,2.11759
6771,0.265675,-1.237949,-0.9997672,1.613269
6772,0.259325,-1.272868,-1.06136,1.677477
6773,0.2816153,-1.222356,-1.070382,1.648993
6774,0.2286159,-1.284648,-1.03116,1.663092
6775,-0.8463901,-1.213621,-1.070869,1.826475
6776,-0.8987324,-1.256012,-1.029592,1.856164
6777,1.362888,-1.079472,-0.6127211,1.843408
6778,1.313131,-1.068433,-0.6793658,1.824116
6779,1.359127,-1.052744,-0.6781783,1.848086
6780,1.381122,-1.011611,-0.6842557,1.843654
6781,1.394808,-1.038012,-0.6351784,1.851056
6782,1.379506,-1.016782,-0.6005239,1.815905
6783,1.336864,-1.044662,-0.6464486,1.815605
6784,1.362895,-1.079471,-0.6127176,1.84341
6785,0.2600465,-1.04204,-0.6812401,1.271833
6786,0.235156,-1.048268,-0.6663101,1.264173
6787,0.2518059,-1.08044,-0.6159309,1.268908
6788,0.2970872,-1.085417,-0.6748264,1.312167
6789,1.391175,-1.27429,-1.160066,2.214709
6790,1.367217,-1.236743,-1.12536,2.159919
6791,1.340513,-1.29622,-1.135197,2.183079
6792,1.349843,-1.205895,-1.137109,2.137586
6793,1.362339,-1.23699,-1.1788,2.185333
6794,1.33605,-1.28008,-1.169973,2.189171
6795,1.304186,-1.218864,-1.154974,2.126146
6796,0.2657594,-1.266465,-1.177472,1.749572
6797,0.3122524,-1.210757,-1.114042,1.674672
6798,0.2657457,-1.26648,-1.177462,1.749574
6799,0.2291038,-1.196497,-1.163494,1.68458
6800,0.3122472,-1.210762,-1.11404,1.674672
6801,0.2545475,-1.245461,-1.134775,1.70402
6802,0.2203677,-1.259664,-1.144781,1.716345
6803,-0.8225098,-1.251668,-1.164834,1.897375
6804,1.360009,-1.044286,-0.7747852,1.881608
6805,1.343181,-1.031163,-0.7067166,1.834906
6806,1.313995,-1.010779,-0.7012059,1.799986
6807,1.337903,-1.009421,-0.7769151,1.847299
6808,1.364824,-1.070319,-0.7393512,1.885462
6809,1.37776,-1.000331,-0.7577784,1.863629
6810,1.302408,-1.043868,-0.769066,1.837767
6811,1.331486,-1.095091,-0.7568313,1.882783
6812,1.331504,-1.095097,-0.756834,1.882801
6813,0.2649731,-1.02595,-0.7353675,1.289787
6814,0.2211038,-1.023754,-0.7765964,1.303864
6815,0.2248416,-0.9938362,-0.7385733,1.258473
6816,0.2211021,-1.023758,-0.776594,1.303865
6817,0.2979871,-1.073364,-0.7896523,1.365452
6818,0.2979921,-1.073361,-0.7896552,1.365452
6819,-0.8327175,-1.05402,-0.7678856,1.547264
6820,1.35342,-0.8857577,-0.307887,1.646544
6821,1.35341,-0.885771,-0.3078883,1.646543
6822,1.341166,-0.8860736,-0.3766755,1.650981
6823,1.350829,-0.8402063,-0.3649917,1.632148
6824,1.350832,-0.8402042,-0.3649418,1.632138
6825,1.370922,-0.8603944,-0.3276164,1.651374
6826,-0.8783273,-0.8525107,-0.3519368,1.273614
6827,1.323742,-1.236877,-1.265893,2.210123
6828,1.325369,-1.204162,-1.203087,2.15732
6829,1.384218,-1.257656,-1.24802,2.248402
6830,1.306416,-1.226632,-1.266483,2.194386
6831,1.3504,-1.203795,-1.267253,2.208763
6832,1.36653,-1.23869,-1.224236,2.21371
6833,1.32869,-1.247287,-1.204721,2.184604
6834,1.351374,-1.297827,-1.259123,2.257423
6835,1.351375,-1.297816,-1.259124,2.257418
6836,0.2153861,-1.250898,-1.243256,1.776745
6837,0.2153845,-1.250875,-1.243278,1.776744
6838,0.2596183,-1.208538,-1.206679,1.727437
6839,0.2596296,-1.208538,-1.206679,1.727439
6840,0.2622646,-1.280326,-1.285592,1.833239
6841,0.2245746,-1.20795,-1.292377,1.783203
6842,0.2622694,-1.280328,-1.285593,1.833242
6843,0.3068521,-1.260053,-1.234645,1.790598
6844,0.2941351,-1.24144,-1.250364,1.786365
6845,0.2702846,-1.207318,-1.277449,1.778355
6846,-0.8177826,-1.247463,-1.283527,1.967835
6847,1.39052,-1.032126,-0.8669578,1.936607
6848,1.392966,-1.086296,-0.8646705,1.966735
6849,1.359711,-1.018177,-0.8685949,1.907867
6850,1.378946,-1.020345,-0.806082,1.895353
6851,1.335407,-1.062948,-0.8326172,1.899058
6852,1.335393,-1.062938,-0.8325981,1.899035
6853,1.323227,-1.008938,-0.8757253,1.880367
6854,1.347663,-1.09523,-0.8660244,1.940547
6855,0.3053365,-1.032838,-0.8364971,1.363712
6856,0.3078145,-1.019137,-0.8887767,1.386836
6857,0.2316429,-1.067996,-0.8273066,1.37066
6858,0.2389557,-1.031554,-0.9037346,1.392099
6859,0.2389556,-1.031551,-0.9037371,1.392099
6860,0.3078279,-1.019151,-0.8887488,1.386831
6861,-0.795319,-1.035515,-0.8587728,1.562791
6862,1.339829,-0.8656792,-0.4537961,1.658455
6863,1.397314,-0.861433,-0.464425,1.705944
6864,1.337329,-0.8437001,-0.3978996,1.630522
6865,1.319792,-0.8789883,-0.4350524,1.644306
6866,1.322825,-0.8351745,-0.4672593,1.632701
6867,1.37443,-0.8089139,-0.4268589,1.650942
6868,1.397313,-0.8614226,-0.4644438,1.705943
6869,1.370188,-0.818844,-0.426441,1.652202
6870,-0.8359889,-0.7969018,-0.4498052,1.239457
6871,1.346024,-1.242034,-1.326831,2.261616
6872,1.309658,-1.276212,-1.346296,2.270778
6873,1.301029,-1.258206,-1.395534,2.285448
6874,1.383915,-1.268646,-1.355375,2.31554
6875,1.305603,-1.21275,-1.392977,2.261801
6876,1.346017,-1.242042,-1.326814,2.261606
6877,1.357059,-1.252274,-1.398046,2.316103
6878,1.398459,-1.27653,-1.31371,2.304571
6879,1.302409,-1.284108,-1.301002,2.244506
6880,0.2164241,-1.23507,-1.388746,1.871057
6881,0.2164306,-1.235061,-1.388739,1.871046
6882,0.2661297,-1.248536,-1.343453,1.85325
6883,0.2931285,-1.230576,-1.3391,1.842126
6884,0.3036548,-1.295274,-1.318292,1.872921
6885,0.2595655,-1.225603,-1.402612,1.880637
6886,0.2156803,-1.29309,-1.397981,1.916494
6887,0.2495305,-1.213932,-1.328992,1.817172
6888,0.2887693,-1.240206,-1.396531,1.88992
6889,0.2559415,-1.27337,-1.394631,1.905774
6890,0.2506109,-1.290857,-1.358041,1.890342
6891,-0.8994243,-1.238096,-1.341008,2.034736
6892,-0.835517,-1.222307,-1.387972,2.029431
6893,0.8170365,-0.3088549,-1.459862,1.701217
6894,0.8550191,-0.3419628,-1.459538,1.72576
6895,0.8931323,-0.3806331,-1.459766,1.753136
6896,0.7994954,-0.366798,-1.459562,1.704128
6897,0.7994753,-0.3668016,-1.459553,1.704112
6898,0.8550334,-0.3419472,-1.459534,1.725761
6899,0.8931533,-0.3806437,-1.45976,1.753144
6900,-1.350782,-0.3476439,-1.459809,2.019037
6901,-1.35093,-0.3477252,-1.454086,2.015017
6902,1.317335,-1.07053,-0.9871254,1.963625
6903,1.385274,-1.093375,-0.9079981,1.98467
6904,1.338352,-1.086582,-0.9026151,1.945909
6905,1.394349,-1.064896,-0.897406,1.970672
6906,1.366066,-1.074963,-0.9568509,1.984249
6907,1.335566,-1.03633,-0.9337785,1.931232
6908,1.375886,-1.034511,-0.9979085,1.989748
6909,1.335563,-1.036332,-0.9337924,1.931238
6910,1.394022,-1.046017,-0.9973699,2.008033
6911,0.2480065,-1.043446,-0.9560593,1.43678
6912,0.2596155,-1.017502,-0.9769459,1.434271
6913,0.2810069,-1.055002,-0.9513491,1.448123
6914,0.2048556,-1.052673,-0.9677969,1.444547
6915,-0.805634,-1.077827,-0.9400826,1.641497
6916,1.330263,-0.8497273,-0.5258657,1.663782
6917,1.303998,-0.8539917,-0.5792223,1.662892
6918,1.374768,-0.8479713,-0.5246992,1.698338
6919,1.333292,-0.8270908,-0.5352317,1.657776
6920,1.304016,-0.8539813,-0.5792315,1.662904
6921,-0.8091197,-0.8126323,-0.5503308,1.271971
6922,-0.8689862,-0.8885971,-0.5217968,1.347967
6923,1.342785,-1.263182,-1.401232,2.315632
6924,1.322773,-1.204128,-1.46,2.30895
6925,1.394283,-1.256129,-1.46,2.377706
6926,1.33692,-1.26526,-1.46,2.349434
6927,1.368158,-1.202512,-1.46,2.334415
6928,1.394283,-1.256119,-1.46,2.377701
6929,1.336946,-1.265299,-1.46,2.34947
6930,1.322781,-1.204117,-1.46,2.308949
6931,0.221327,-1.251002,-1.46,1.935353
6932,0.3088896,-1.204786,-1.46,1.917947
6933,0.2998006,-1.258103,-1.46,1.950463
6934,0.2517327,-1.281434,-1.46,1.958837
6935,0.2735776,-1.216236,-1.46,1.919811
6936,0.2582676,-1.251309,-1.46,1.940123
6937,-0.8597746,-1.241038,-1.46,2.100235
6938,-0.8011829,-1.292437,-1.46,2.108053
6939,1.332968,-1.030757,-1.017731,1.968513
6940,1.380788,-1.047792,-1.072029,2.03806
6941,1.350216,-1.08084,-1.005507,2.000586
6942,1.347752,-1.078449,-1.067572,2.029581
6943,1.356621,-1.037945,-1.077683,2.019691
6944,0.2167527,-0.9907379,-1.093881,1.491683
6945,0.2295384,-1.008185,-1.015078,1.448968
6946,0.2834664,-1.071369,-1.024402,1.509167
6947,0.2826316,-1.014236,-1.05781,1.492487
6948,0.2886103,-1.048517,-1.089659,1.539494
6949,0.2445446,-1.058184,-1.077586,1.52995
6950,0.2250856,-1.040217,-1.089868,1.523328
6951,0.3106108,-1.010172,-1.086765,1.51591
6952,0.2834687,-1.07137,-1.024397,1.509165
6953,0.2219768,-1.058193,-1.041061,1.500951
6954,-0.8701974,-1.052953,-1.003851,1.695191
6955,1.382145,-0.8748953,-0.6537153,1.761565
6956,1.332471,-0.865016,-0.6864768,1.730602
6957,1.354062,-0.8217878,-0.6613008,1.716432
6958,1.301579,-0.8031572,-0.6174814,1.649379
6959,1.365611,-0.8280734,-0.5991005,1.705732
6960,1.378232,-0.8198424,-0.6679889,1.737203
6961,1.349927,-0.8778953,-0.6097679,1.721865
6962,1.365611,-0.8280792,-0.599107,1.705737
6963,1.358298,-0.8974073,-0.6440235,1.750737
6964,-0.9015868,-0.8230116,-0.6746649,1.394769
6965,-0.3805954,-1.311913,0.2120084,1.382359
6966,1.302229,-1.07522,-1.128346,2.031025
6967,1.325476,-1.080834,-1.180372,2.078068
6968,1.327925,-1.01723,-1.138541,2.023467
6969,1.3418,-1.015882,-1.193719,2.063349
6970,1.354518,-1.090298,-1.131564,2.074586
6971,1.305531,-1.016956,-1.165966,2.024374
6972,1.387546,-1.02076,-1.13687,2.063906
6973,1.322641,-1.057004,-1.102552,2.02046
6974,1.387544,-1.020761,-1.136872,2.063907
6975,1.35783,-1.068919,-1.154931,2.078498
6976,0.2780606,-1.08646,-1.164412,1.616653
6977,0.2229573,-1.074939,-1.154368,1.593038
6978,0.2409227,-1.068509,-1.161382,1.596422
6979,0.2410853,-0.9979845,-1.117928,1.517847
6980,0.2706768,-1.009029,-1.120466,1.531943
6981,0.2965438,-1.070093,-1.133914,1.587072
6982,0.3036523,-1.030255,-1.135147,1.56275
6983,-0.8004168,-1.029816,-1.147075,1.736942
6984,1.38422,-0.8258482,-0.7330572,1.770724
6985,1.382324,-0.8608205,-0.7536377,1.79438
6986,1.344219,-0.8240878,-0.7085539,1.728611
6987,1.318214,-0.8855058,-0.7129486,1.740719
6988,1.375267,-0.8861816,-0.705865,1.781832
6989,1.346271,-0.8816511,-0.7744871,1.785941
6990,1.361557,-0.832728,-0.7834793,1.777952
6991,1.325832,-0.833737,-0.7522201,1.737465
6992,0.731672,-1.375895,0.1145195,1.562545
6993,0.759234,-1.34517,0.1673874,1.553685
6994,0.7316499,-1.375898,0.1145263,1.562537
6995,-0.3864776,-1.320257,0.1385042,1.382616
6996,-1.458777,-1.300569,0.1111818,1.957517
6997,-1.458785,-1.300565,0.111181,1.95752
6998,1.362225,-1.041252,-1.207253,2.09698
6999,1.381183,-1.004791,-1.270588,2.128771
7000,1.313433,-1.044034,-1.215871,2.072065
7001,1.352627,-1.059498,-1.258159,2.129577
7002,1.353403,-1.025214,-1.289279,2.131902
7003,1.313844,-1.049453,-1.267824,2.105924
7004,1.389809,-1.066364,-1.259246,2.157407
7005,1.361143,-1.094931,-1.219309,2.130328
7006,0.2222781,-1.056948,-1.266335,1.664377
7007,0.2810996,-1.066148,-1.249486,1.666404
7008,0.2656759,-1.026292,-1.198243,1.599889
7009,0.3031185,-1.00262,-1.244064,1.626291
7010,0.3058546,-1.01859,-1.200565,1.60388
7011,0.2877611,-1.046709,-1.272495,1.672617
7012,0.2656706,-1.026279,-1.198254,1.599889
7013,0.3112468,-1.080021,-1.207434,1.649611
7014,0.2301233,-1.054582,-1.292437,1.683893
7015,-0.8676902,-0.9998347,-1.24354,1.816301
7016,1.320588,-0.8707187,-0.8083279,1.776372
7017,1.307377,-0.8741473,-0.8813339,1.802809
7018,1.398545,-0.8245786,-0.8315052,1.824078
7019,1.348841,-0.8298535,-0.841283,1.793261
7020,1.303138,-0.8283156,-0.8009705,1.739491
7021,1.391848,-0.8616804,-0.8795609,1.858322
7022,1.398556,-0.8245886,-0.831529,1.824101
7023,1.333604,-0.8514698,-0.8511032,1.79663
7024,1.39141,-0.8881361,-0.7989575,1.833887
7025,-0.9126032,-0.8261037,-0.8676168,1.506005
7026,-0.8290718,-0.8267319,-0.8083093,1.422747
7027,0.7762374,-1.385194,0.04528944,1.588508
7028,-0.316498,-1.378428,0.02096782,1.414451
7029,-0.3949403,-1.335946,0.09070539,1.39605
7030,-0.3164982,-1.378419,0.02096927,1.414443
7031,-1.459405,-1.302636,0.08336693,1.957977
7032,-1.459402,-1.302637,0.08335976,1.957975
7033,-1.432368,-1.394923,0.06056383,2.000289
7034,1.320414,-1.046427,-1.339493,2.152381
7035,1.342353,-1.031723,-1.338197,2.158039
7036,1.304392,-1.084395,-1.398521,2.198456
7037,1.304406,-1.084411,-1.398525,2.198476
7038,1.377564,-1.067389,-1.314127,2.182644
7039,1.328875,-1.035145,-1.395416,2.187377
7040,1.39515,-1.019645,-1.333561,2.182775
7041,1.340616,-1.08862,-1.341978,2.187064
7042,1.365611,-1.07619,-1.391924,2.227225
7043,1.378694,-1.005118,-1.351912,2.176861
7044,0.2551523,-1.068994,-1.391508,1.773174
7045,0.3113344,-1.015779,-1.386163,1.746477
7046,0.2674537,-1.071455,-1.387676,1.773468
7047,0.2620075,-1.004166,-1.312266,1.673033
7048,0.2270055,-1.009435,-1.327988,1.683461
7049,0.2943524,-1.039244,-1.336105,1.718094
7050,0.2826161,-1.047782,-1.322615,1.710856
7051,0.2854837,-1.014199,-1.385929,1.740947
7052,0.2281242,-1.056883,-1.335039,1.717955
7053,0.3140204,-1.093831,-1.387742,1.794688
7054,0.2361016,-1.091649,-1.331784,1.738129
7055,0.3140009,-1.093846,-1.387741,1.794692
7056,0.2269837,-1.008946,-1.389993,1.732505
7057,0.2161431,-1.068251,-1.3928,1.76855
7058,-0.8512893,-1.058088,-1.325305,1.897545
7059,0.8177086,-0.1856925,-1.459817,1.683507
7060,0.865011,-0.1888883,-1.459602,1.70715
7061,0.8650205,-0.1888888,-1.45965,1.707196
7062,0.8177144,-0.1856896,-1.45982,1.683512
7063,1.358274,-0.8888122,-0.8996145,1.855856
7064,1.387213,-0.8474603,-0.9148805,1.865357
7065,1.363852,-0.8182353,-0.9887249,1.872746
7066,1.310721,-0.8537915,-0.9624055,1.83662
7067,1.323177,-0.8254499,-0.9123031,1.806782
7068,1.348142,-0.7977077,-0.9558093,1.835046
7069,1.351136,-0.8671416,-0.9755465,1.878615
7070,1.315163,-0.8098145,-0.9857693,1.832265
7071,1.309531,-0.8751839,-0.9339286,1.831131
7072,1.323172,-0.8254463,-0.9123082,1.80678
7073,-0.8394524,-0.8078362,-0.9548603,1.506333
7074,-1.46,-1.325502,-0.05359259,1.97267
7075,-1.46,-1.311662,0.002899379,1.962668
7076,-1.46,-1.325473,-0.05358388,1.972651
7077,-1.46,-1.311663,0.002899297,1.962668
7078,1.394757,-1.0274,-1.400719,2.227759
7079,1.305005,-1.004363,-1.46,2.200769
7080,1.354724,-1.073822,-1.46,2.262735
7081,1.307621,-1.067774,-1.46,2.231953
7082,1.363723,-1.021485,-1.46,2.24383
7083,1.350948,-1.027155,-1.402756,2.20178
7084,1.305001,-1.004376,-1.46,2.200772
7085,1.354716,-1.07378,-1.46,2.262711
7086,1.39636,-1.086276,-1.401266,2.256848
7087,0.2549577,-1.021085,-1.46,1.799783
7088,0.2715639,-1.007551,-1.46,1.794577
7089,0.3081582,-1.043287,-1.46,1.820717
7090,0.2901537,-1.060487,-1.46,1.827682
7091,0.2571942,-1.065791,-1.46,1.825831
7092,0.241989,-1.100398,-1.46,1.844189
7093,0.2146602,-1.02608,-1.46,1.797364
7094,0.2206681,-1.066746,-1.46,1.821604
7095,-0.8454849,-1.030933,-1.418943,1.947066
7096,-0.7953831,-1.070857,-1.46,1.977617
7097,-0.877465,-1.027653,-1.46,1.989375
7098,-0.795351,-1.071132,-1.46,1.977753
7099,1.324938,-0.7981353,-1.053032,1.871191
7100,1.310056,-0.8635069,-1.076805,1.902997
7101,1.342515,-0.874014,-1.012115,1.894894
7102,1.39841,-0.8398325,-1.014753,1.921092
7103,1.382457,-0.8350357,-1.087865,1.947286
7104,1.392356,-0.8923966,-1.033563,1.9502
7105,1.359365,-0.8467966,-1.049001,1.914508
7106,1.314245,-0.8359332,-1.034848,1.870009
7107,1.34202,-0.8355742,-1.094587,1.922842
7108,0.2446339,-0.8790547,-1.060482,1.399002
7109,0.2460114,-0.8784738,-1.054692,1.394494
7110,-0.8324491,-0.8837091,-1.007037,1.577351
7111,-0.891757,-0.8181931,-1.036413,1.593368
7112,1.372939,-0.6649601,-0.6820832,1.671039
7113,1.372929,-0.6649359,-0.6820774,1.671019
7114,-0.3133729,-1.401028,-0.171407,1.445843
7115,-1.46,-1.326787,-0.1726565,1.980347
7116,-1.41995,-1.394885,-0.1572755,1.996672
7117,-1.41284,-1.321786,-0.1521131,1.940714
7118,-1.46,-1.397527,-0.1043726,2.023753
7119,-1.46,-1.328676,-0.1174362,1.977567
7120,-1.46,-1.32865,-0.1174355,1.97755
7121,-1.46,-1.397527,-0.1043687,2.023753
7122,-1.409478,-1.354035,-0.1788483,1.962658
7123,1.319379,-0.8943969,-1.140887,1.960186
7124,1.346069,-0.8580524,-1.18495,1.98803
7125,1.353266,-0.8058169,-1.152529,1.951664
7126,1.393705,-0.8471602,-1.160519,2.001724
7127,1.38942,-0.8175353,-1.148165,1.979175
7128,1.343285,-0.8697916,-1.143712,1.966985
7129,1.366749,-0.8798904,-1.109741,1.96818
7130,0.2283362,-0.8576351,-1.132309,1.43868
7131,0.241166,-0.8861625,-1.155389,1.475929
7132,0.2339516,-0.8621939,-1.16866,1.471012
7133,0.2216515,-0.8561019,-1.107002,1.416861
7134,-0.8467726,-0.8763726,-1.106202,1.645823
7135,1.334355,-0.6830502,-0.7165915,1.661495
7136,1.311566,-0.6295028,-0.7906229,1.655767
7137,1.335903,-0.6270259,-0.7711222,1.665061
7138,1.318521,-0.6803932,-0.7659758,1.669776
7139,1.388023,-0.6934859,-0.7693985,1.731908
7140,1.371754,-0.6386837,-0.7976195,1.710503
7141,1.371754,-0.638683,-0.7976276,1.710507
7142,0.7724048,-1.370896,-0.2589279,1.594681
7143,0.7724,-1.370892,-0.2589311,1.594676
7144,0.7931225,-1.368674,-0.2535145,1.602055
7145,0.709186,-1.375276,-0.2848471,1.573361
7146,0.7092443,-1.375275,-0.2848623,1.57339
7147,-0.3612384,-1.314204,-0.28857,1.393161
7148,-0.3281107,-1.389823,-0.2594983,1.451415
7149,-1.412778,-1.34136,-0.2775558,1.967798
7150,-1.46,-1.318302,-0.2220409,1.979602
7151,-1.414208,-1.403751,-0.2372846,2.00669
7152,-1.46,-1.373427,-0.2105952,2.015503
7153,-1.46,-1.389301,-0.2670866,2.033001
7154,-1.46,-1.373453,-0.2106039,2.015521
7155,-1.46,-1.389314,-0.2670754,2.033009
7156,-1.414073,-1.403986,-0.2373901,2.006772
7157,-1.46,-1.300674,-0.2811705,1.975452
7158,1.306839,-0.8876795,-1.202648,1.985489
7159,1.377233,-0.8657714,-1.218112,2.032271
7160,1.364405,-0.8095149,-1.279211,2.037963
7161,1.30506,-0.8432609,-1.269178,2.006261
7162,1.353341,-0.8867392,-1.265691,2.054218
7163,1.306847,-0.8876869,-1.202631,1.985487
7164,1.345644,-0.8065927,-1.207396,1.979685
7165,1.305069,-0.8432577,-1.269172,2.006262
7166,1.395488,-0.8537096,-1.274065,2.073512
7167,1.35367,-0.8314093,-1.24478,2.018203
7168,1.390182,-0.8960701,-1.261064,2.079863
7169,0.2627781,-0.8824703,-1.22152,1.529678
7170,0.2627592,-0.8824623,-1.22153,1.529679
7171,0.2668217,-0.893647,-1.280571,1.584191
7172,0.2140826,-0.8481801,-1.203918,1.488173
7173,0.2218726,-0.8528014,-1.280121,1.554094
7174,0.2158714,-0.8439707,-1.27862,1.547177
7175,-0.8648095,-0.8415952,-1.20932,1.708401
7176,-0.8277407,-0.8175597,-1.304094,1.747632
7177,1.382928,-0.6910037,-0.8208854,1.75038
7178,1.371149,-0.6159002,-0.8675733,1.73553
7179,1.320613,-0.6074858,-0.8679491,1.693042
7180,1.365123,-0.6622235,-0.8600569,1.744075
7181,1.318733,-0.6663283,-0.8332541,1.696279
7182,1.328288,-0.6957664,-0.8730252,1.735112
7183,1.31874,-0.6663127,-0.8332375,1.69627
7184,1.320612,-0.6074873,-0.8679394,1.693037
7185,-0.8828947,-0.6310254,-0.8228504,1.361903
7186,0.7582469,-1.35858,-0.3687679,1.598958
7187,0.775978,-1.370402,-0.3155706,1.606154
7188,0.7759721,-1.3704,-0.3155659,1.606147
7189,0.7181494,-1.373286,-0.316255,1.581667
7190,0.7582609,-1.358581,-0.3687638,1.598965
7191,-0.3730354,-1.34198,-0.3844556,1.444947
7192,-0.2975928,-1.38378,-0.3669368,1.462208
7193,-1.46,-1.332254,-0.2931504,1.998109
7194,-1.46,-1.399394,-0.310277,2.046015
7195,-1.404975,-1.407159,-0.350939,2.019211
7196,-1.46,-1.399425,-0.3102754,2.046036
7197,-1.46,-1.370436,-0.3644674,2.035321
7198,-1.46,-1.35303,-0.338418,2.019113
7199,-1.412624,-1.339487,-0.3387869,1.975983
7200,1.224276,-1.458191,1.46,2.399328
7201,1.283128,-1.458051,1.46,2.4298
7202,1.292912,-1.458974,1.419149,2.411267
7203,1.283126,-1.45804,1.46,2.429793
7204,1.292852,-1.459718,1.419172,2.411699
7205,1.224267,-1.458161,1.46,2.399305
7206,1.384457,-0.8646076,-1.365386,2.128039
7207,1.363021,-0.8776606,-1.326867,2.09492
7208,1.327503,-0.868121,-1.328057,2.068727
7209,1.345884,-0.8084936,-1.389642,2.096705
7210,1.309582,-0.8534949,-1.392599,2.093512
7211,1.345872,-0.8084869,-1.389656,2.096703
7212,1.30958,-0.8534974,-1.392595,2.093509
7213,1.356591,-0.8351488,-1.31058,2.06287
7214,1.357104,-0.7982366,-1.334029,2.063624
7215,1.309253,-0.8938783,-1.343167,2.077801
7216,0.2564874,-0.8500686,-1.342928,1.609924
7217,0.2563333,-0.8499977,-1.342836,1.609786
7218,0.3010269,-0.8840087,-1.380493,1.666688
7219,0.2902884,-0.8870032,-1.315368,1.612835
7220,0.2182725,-0.8193969,-1.37621,1.61648
7221,0.2182824,-0.819402,-1.376218,1.616491
7222,-0.8090708,-0.8997498,-1.359544,1.820029
7223,1.361542,-0.6288279,-0.9071243,1.752739
7224,1.318632,-0.6928973,-0.9150404,1.748198
7225,1.300954,-0.6490036,-0.9301137,1.72592
7226,1.382077,-0.641519,-0.9875748,1.815761
7227,1.345368,-0.6012218,-0.9741707,1.766491
7228,1.378537,-0.6611316,-0.9478049,1.798831
7229,1.34501,-0.6597928,-0.9765121,1.788282
7230,1.300949,-0.6489955,-0.9301128,1.725913
7231,1.373455,-0.6507761,-0.9122981,1.772618
7232,0.7658015,-1.377947,-0.4818993,1.648459
7233,0.7657701,-1.377942,-0.4818972,1.64844
7234,0.7372429,-1.383482,-0.4187251,1.622615
7235,0.7520261,-1.306557,-0.4634481,1.577155
7236,0.8041771,-1.379961,-0.4174067,1.650825
7237,0.7520261,-1.306553,-0.4634616,1.577156
7238,0.7852427,-1.37266,-0.4183555,1.635795
7239,0.7372496,-1.383482,-0.4187206,1.622617
7240,0.7185798,-1.310202,-0.4093159,1.549363
7241,0.7185729,-1.310209,-0.4093011,1.549362
7242,0.7196206,-1.384698,-0.461295,1.627279
7243,0.7092201,-1.30316,-0.4869686,1.561524
7244,0.7092227,-1.303154,-0.4869713,1.561522
7245,-0.3448028,-1.325631,-0.4586383,1.444485
7246,-1.46,-1.354308,-0.4499489,2.041618
7247,-1.4266,-1.326228,-0.4084001,1.990191
7248,-1.4425,-1.31512,-0.4517339,2.0036
7249,-1.421348,-1.386871,-0.4197813,2.029743
7250,-1.46,-1.348582,-0.4071339,2.0288
7251,-1.46,-1.392743,-0.4618198,2.06993
7252,1.281422,-1.45931,1.346554,2.363226
7253,1.199251,-1.459153,1.370517,2.333591
7254,1.241325,-1.459018,1.391286,2.367551
7255,1.232943,-1.45885,1.31142,2.316941
7256,1.231482,-1.458916,1.312824,2.317
7257,1.241322,-1.459027,1.391276,2.367549
7258,1.199267,-1.459402,1.3705,2.333745
7259,1.281424,-1.459366,1.346593,2.363284
7260,1.305186,-0.87784,-1.46,2.146093
7261,1.331111,-0.8126785,-1.46,2.136329
7262,1.354999,-0.8331771,-1.46,2.159122
7263,1.39794,-0.8097281,-1.46,2.177497
7264,1.377653,-0.8709359,-1.404334,2.15142
7265,1.397907,-0.8097073,-1.46,2.177469
7266,1.3452,-0.8698493,-1.46,2.167441
7267,1.362369,-0.8974528,-1.46,2.189308
7268,0.3032358,-0.8763546,-1.46,1.72961
7269,0.2840714,-0.7971418,-1.46,1.687522
7270,0.2550157,-0.8432635,-1.46,1.705206
7271,0.2550021,-0.8432599,-1.46,1.705202
7272,0.2841093,-0.7970714,-1.46,1.687495
7273,0.3032395,-0.8763497,-1.46,1.729608
7274,0.2284252,-0.8904907,-1.46,1.725327
7275,0.2284414,-0.8904957,-1.46,1.725331
7276,-0.7912412,-0.8341205,-1.422871,1.829312
7277,-0.8740146,-0.8678669,-1.424614,1.883247
7278,-0.8367872,-0.8225379,-1.46,1.873067
7279,-0.8003651,-0.8923634,-1.46,1.889047
7280,1.330154,-0.6312747,-1.006586,1.783545
7281,1.394065,-0.6319469,-1.04339,1.852414
7282,1.394071,-0.6319596,-1.043387,1.852421
7283,1.341224,-0.6361938,-1.093534,1.843757
7284,1.365473,-0.6802549,-1.023368,1.836993
7285,1.344916,-0.675584,-1.0432,1.831251
7286,1.307819,-0.624496,-1.034965,1.780882
7287,1.341217,-0.6361976,-1.093529,1.843751
7288,-0.8187324,-0.5977989,-0.9988394,1.423154
7289,0.8024264,-1.369073,-0.5325452,1.673874
7290,0.71713,-1.368566,-0.5187592,1.629835
7291,0.7680364,-1.300143,-0.5728596,1.61506
7292,0.7536468,-1.375262,-0.5430782,1.659598
7293,0.7536454,-1.375262,-0.5430864,1.6596
7294,0.7628525,-1.30467,-0.522967,1.599251
7295,0.7153579,-1.377841,-0.5900455,1.660824
7296,0.7153587,-1.377839,-0.59005,1.660825
7297,-0.336112,-1.359746,-0.5111316,1.491018
7298,-0.3474025,-1.40507,-0.6030433,1.567983
7299,-1.449721,-1.341864,-0.5833966,2.059768
7300,-1.46,-1.31364,-0.4925476,2.024809
7301,-1.46,-1.401646,-0.5353838,2.093525
7302,-1.455119,-1.359985,-0.5127512,2.056659
7303,-1.46,-1.401665,-0.5353886,2.093539
7304,-1.45452,-1.360103,-0.5127459,2.056311
7305,-1.46,-1.297922,-0.584832,2.039174
7306,-1.46,-1.304237,-0.5387698,2.030494
7307,1.250845,-1.458534,1.264753,2.300334
7308,1.235259,-1.459447,1.217318,2.266653
7309,1.235254,-1.459735,1.217319,2.266835
7310,1.250875,-1.458547,1.264753,2.300359
7311,-0.3463731,-1.177336,-0.1702549,1.238984
7312,-1.46,-1.124063,-0.1173041,1.846315
7313,-1.46,-1.124007,-0.1172803,1.846279
7314,-1.46,-1.107735,-0.1844031,1.841923
7315,1.333906,-0.655828,-1.188915,1.903401
7316,1.362893,-0.6243229,-1.16599,1.899155
7317,1.312339,-0.682979,-1.14176,1.868772
7318,1.369802,-0.6857691,-1.114168,1.894204
7319,1.344706,-0.6851656,-1.144421,1.89404
7320,1.398293,-0.6464304,-1.120232,1.904735
7321,1.331686,-0.6349213,-1.159799,1.876605
7322,0.7436075,-1.375197,-0.6851925,1.706929
7323,0.7685326,-1.382792,-0.6094313,1.695336
7324,0.7879937,-1.305137,-0.6824433,1.670343
7325,0.8048663,-1.378567,-0.6749392,1.733147
7326,0.8003021,-1.300259,-0.6546559,1.661244
7327,0.738399,-1.308316,-0.66113,1.641346
7328,0.7606923,-1.387543,-0.6741934,1.720019
7329,0.7685382,-1.382788,-0.6094311,1.695335
7330,0.7440067,-1.361433,-0.6406775,1.678545
7331,-0.3024449,-1.371103,-0.6722091,1.556683
7332,-0.3810325,-1.317084,-0.6340314,1.510594
7333,-0.3502475,-1.316793,-0.5972442,1.487723
7334,-1.46,-1.303084,-0.6751005,2.070118
7335,-1.426143,-1.300576,-0.6130434,2.025143
7336,-1.46,-1.380762,-0.6023418,2.097837
7337,-1.46,-1.351178,-0.6307762,2.086902
7338,-1.46,-1.366112,-0.6956254,2.117016
7339,1.29506,-1.458796,1.195749,2.28803
7340,1.27164,-1.459222,1.127242,2.239882
7341,1.221102,-1.458802,1.107419,2.201266
7342,1.277014,-1.458848,1.107717,2.232944
7343,1.235679,-1.458633,1.157497,2.234796
7344,1.235687,-1.45861,1.157494,2.234783
7345,1.295059,-1.458809,1.195755,2.288041
7346,-0.3454854,-1.119305,-0.226081,1.193029
7347,-1.46,-1.182389,-0.2426033,1.894334
7348,-1.46,-1.164313,-0.1889498,1.876946
7349,-1.46,-1.13584,-0.2740816,1.869987
7350,-1.46,-1.164358,-0.188934,1.876973
7351,-1.404206,-1.200341,-0.1934878,1.857431
7352,-1.404186,-1.200175,-0.1934664,1.857307
7353,1.312747,-0.6638029,-1.28889,1.955806
7354,1.35586,-0.6135561,-1.230788,1.931229
7355,1.353003,-0.6435087,-1.251388,1.952099
7356,1.363334,-0.6924534,-1.29868,2.006176
7357,1.311996,-0.6266257,-1.24601,1.91482
7358,1.373191,-0.655185,-1.21044,1.944244
7359,1.371069,-0.6145001,-1.28544,1.977321
7360,1.312737,-0.6637976,-1.288893,1.955799
7361,-0.8350973,-0.6390765,-1.230244,1.618427
7362,0.7826826,-1.372492,-0.7509811,1.749371
7363,0.7197063,-1.312021,-0.7866997,1.690643
7364,0.7484392,-1.368941,-0.7900247,1.7488
7365,0.7889408,-1.371147,-0.7080891,1.733166
7366,0.7950204,-1.391241,-0.7728634,1.779024
7367,0.7930338,-1.307985,-0.7621682,1.708984
7368,0.7493394,-1.306331,-0.790185,1.700706
7369,0.7519474,-1.300473,-0.7234041,1.667324
7370,0.7519485,-1.300468,-0.7234107,1.667323
7371,0.7987691,-1.314115,-0.7916293,1.729626
7372,0.7326221,-1.371357,-0.7355971,1.720017
7373,0.7326338,-1.37136,-0.7355927,1.720022
7374,-0.2895847,-1.381242,-0.7944022,1.619495
7375,-0.4030632,-1.359718,-0.724533,1.592558
7376,-0.370376,-1.329406,-0.7962991,1.593296
7377,-1.46,-1.310293,-0.7403387,2.0968
7378,-1.432021,-1.385819,-0.7774379,2.139062
7379,-1.444085,-1.356461,-0.689901,2.097935
7380,1.237654,-1.459059,1.071197,2.192738
7381,1.228085,-1.459543,1.025015,2.165437
7382,1.209012,-1.459233,1.061528,2.172076
7383,1.276023,-1.45902,1.037634,2.198558
7384,1.282665,-1.458822,1.071284,2.218342
7385,1.222902,-1.459435,1.00475,2.152896
7386,-0.3942704,-1.113109,-0.2966392,1.217561
7387,-0.3026154,-1.111514,-0.3551887,1.205487
7388,-1.459972,-1.115259,-0.3376755,1.867979
7389,-1.46,-1.178259,-0.3564377,1.909697
7390,1.38399,-0.6771337,-1.326735,2.033265
7391,1.349867,-0.6199679,-1.393707,2.03689
7392,1.358067,-0.6430436,-1.328672,2.005797
7393,1.349856,-0.6199579,-1.393706,2.036879
7394,1.357891,-0.6881012,-1.387175,2.059516
7395,1.373436,-0.6054524,-1.327353,2.003688
7396,1.324146,-0.6301737,-1.339175,1.985918
7397,1.29967,-0.6791249,-1.393586,2.022976
7398,1.303665,-0.6470337,-1.390288,2.012733
7399,1.357903,-0.6881028,-1.387165,2.059518
7400,-0.881286,-0.6244547,-1.352758,1.731058
7401,0.8049437,-1.385063,-0.8886344,1.83194
7402,0.8049453,-1.385064,-0.8886316,1.83194
7403,0.7444823,-1.383833,-0.8765839,1.799346
7404,0.7928433,-1.30283,-0.8471435,1.744597
7405,0.7633955,-1.393192,-0.8032285,1.78015
7406,0.7444835,-1.383842,-0.8765921,1.799358
7407,0.7717686,-1.307631,-0.8213249,1.726297
7408,0.7368674,-1.327952,-0.8539983,1.742338
7409,0.7878641,-1.311615,-0.8776512,1.763897
7410,0.7667233,-1.370641,-0.8372256,1.779738
7411,0.7086228,-1.384059,-0.8137079,1.754961
7412,0.7086278,-1.384056,-0.813713,1.754963
7413,0.8068061,-1.375024,-0.8348907,1.799631
7414,-0.3738057,-1.389761,-0.8606283,1.676856
7415,-1.46,-1.349777,-0.8393453,2.158239
7416,-1.403164,-1.298151,-0.8181034,2.079269
7417,-1.46,-1.306988,-0.8836156,2.149557
7418,-1.46,-1.402551,-0.8706807,2.203823
7419,1.251333,-1.459394,0.9077162,2.125938
7420,1.299527,-1.459267,0.9288828,2.163574
7421,1.269209,-1.459816,0.9712337,2.164544
7422,1.2752,-1.458765,0.9991198,2.179993
7423,1.213666,-1.45936,0.946888,2.121159
7424,1.255783,-1.459419,0.9496646,2.146802
7425,-1.46,-1.107277,-0.3976462,1.875042
7426,-1.46,-1.174757,-0.4422176,1.925412
7427,-1.46,-1.200223,-0.3951218,1.93087
7428,-1.46,-1.121636,-0.4695553,1.90004
7429,1.384305,-0.6541808,-1.46,2.115622
7430,1.30818,-0.6924319,-1.46,2.079037
7431,1.382187,-0.6035782,-1.46,2.09913
7432,1.358102,-0.6891385,-1.46,2.109729
7433,1.335034,-0.6288981,-1.46,2.075916
7434,1.335024,-0.628879,-1.46,2.075904
7435,1.337989,-0.6950199,-1.46,2.098778
7436,-0.9041395,-0.6104712,-1.46,1.822565
7437,0.7671793,-1.376864,-0.9588315,1.844905
7438,0.7648944,-1.343307,-0.9181798,1.79794
7439,0.7191862,-1.313014,-0.987903,1.793652
7440,0.7207035,-1.382571,-0.9445221,1.82292
7441,0.717743,-1.313419,-0.9293956,1.761818
7442,0.7243498,-1.383325,-0.9331289,1.819066
7443,0.7691906,-1.306372,-0.9467783,1.787359
7444,0.7514385,-1.318065,-0.9906459,1.811998
7445,0.7971292,-1.310702,-0.9828827,1.821926
7446,0.7736085,-1.386564,-0.9388869,1.844597
7447,-0.3729794,-1.365124,-0.9149473,1.685172
7448,-1.46,-1.368779,-0.9671738,2.222742
7449,1.22633,-1.459891,0.8391101,2.083092
7450,1.20345,-1.459711,0.8676101,2.081297
7451,1.217063,-1.459514,0.9011411,2.103207
7452,1.260326,-1.459703,0.8310472,2.099952
7453,1.29231,-1.459511,0.8968865,2.145843
7454,1.256153,-1.459423,0.8698346,2.112924
7455,0.1289959,-1.458922,0.8175081,1.677323
7456,0.128996,-1.459044,0.817508,1.677429
7457,-0.3782993,-1.10764,-0.5559914,1.295802
7458,-0.3884645,-1.210087,-0.4982912,1.365104
7459,-1.435015,-1.169929,-0.5790021,1.939909
7460,-1.46,-1.191587,-0.4987817,1.949426
7461,-1.418363,-1.191338,-0.496195,1.917615
7462,-1.46,-1.176603,-0.5768781,1.961831
7463,-1.46,-1.132092,-0.5291979,1.921792
7464,-1.46,-1.193388,-0.5156729,1.954915
7465,-1.46,-1.133259,-0.5550981,1.929769
7466,0.7201539,-1.305666,-1.0343,1.814707
7467,0.7232749,-1.385344,-1.074592,1.89659
7468,0.7186497,-1.386024,-1.077525,1.896992
7469,0.7496976,-1.38547,-1.013496,1.873166
7470,0.8047211,-1.382352,-1.002407,1.887668
7471,0.8047211,-1.382355,-1.002415,1.887676
7472,0.7497123,-1.38546,-1.013478,1.873154
7473,0.7735085,-1.312485,-1.013681,1.829886
7474,0.7722631,-1.364054,-1.069591,1.897645
7475,0.7703118,-1.302621,-1.068442,1.852504
7476,0.7722549,-1.364054,-1.06959,1.897642
7477,-0.3819374,-1.378249,-1.000862,1.745615
7478,-0.3889596,-1.333642,-1.082439,1.761126
7479,-0.3224418,-1.32587,-1.025263,1.70677
7480,-1.46,-1.292696,-1.041797,2.210883
7481,-1.46,-1.372311,-1.022663,2.249595
7482,-1.46,-1.373286,-1.071703,2.272897
7483,1.378991,-0.476894,-1.145825,1.855252
7484,1.335711,-0.472516,-1.177336,1.842149
7485,1.335722,-0.4725147,-1.177318,1.842146
7486,1.378979,-0.4768945,-1.14583,1.855246
7487,1.285664,-1.459447,0.7814234,2.096077
7488,1.268787,-1.459764,0.7999895,2.093016
7489,1.240242,-1.459564,0.758148,2.059932
7490,1.281379,-1.459309,0.7407401,2.078512
7491,1.284432,-1.459853,0.7139615,2.071395
7492,1.220468,-1.459426,0.7898107,2.059919
7493,1.228642,-1.459728,0.7283205,2.042258
7494,0.1425076,-1.459167,0.7220345,1.634261
7495,0.1229882,-1.459704,0.7694927,1.654684
7496,0.1862752,-1.458953,0.7889679,1.669046
7497,0.1862913,-1.45925,0.7889652,1.669305
7498,0.1932933,-1.459516,0.7060997,1.632827
7499,0.1229826,-1.458952,0.7695098,1.654029
7500,0.1425228,-1.458727,0.7220235,1.633865
7501,-0.3809945,-1.157875,-0.6424534,1.377889
7502,-1.431383,-1.122204,-0.7007287,1.949159
7503,-1.46,-1.175556,-0.6647392,1.988821
7504,-1.46,-1.132188,-0.6619601,1.96256
7505,-1.46,-1.123241,-0.6209505,1.943926
7506,-1.46,-1.171335,-0.6793877,1.99128
7507,-1.405853,-1.17626,-0.6404338,1.941692
7508,-1.46,-0.9302311,-0.2796853,1.753612
7509,-1.437335,-0.9102361,-0.2858174,1.725153
7510,-1.439661,-0.9953722,-0.1977095,1.761385
7511,-1.406854,-0.9485614,-0.2515635,1.71531
7512,-1.459983,-0.9653265,-0.2248455,1.764642
7513,0.7480089,-1.31909,-1.164795,1.912136
7514,0.7352678,-1.382652,-1.191215,1.967572
7515,0.7360935,-1.313215,-1.10657,1.868385
7516,0.7908933,-1.312964,-1.15759,1.920782
7517,0.7652131,-1.303785,-1.121994,1.882625
7518,0.785437,-1.372192,-1.1766,1.97084
7519,0.726567,-1.314294,-1.157646,1.896157
7520,0.7534056,-1.383322,-1.130308,1.938762
7521,0.8052936,-1.311639,-1.103693,1.893946
7522,0.7534038,-1.383315,-1.130311,1.938758
7523,0.8055733,-1.321564,-1.181329,1.947054
7524,-0.3719431,-1.353531,-1.180387,1.834039
7525,-1.46,-1.31151,-1.131011,2.265137
7526,-1.46,-1.396346,-1.135481,2.317477
7527,1.372111,-0.4362478,-1.210608,1.881109
7528,1.34933,-0.4468938,-1.274484,1.909113
7529,1.349344,-0.4468821,-1.274483,1.90912
7530,1.371921,-0.4365076,-1.211172,1.881394
7531,1.339892,-0.4956289,-1.230814,1.885699
7532,1.334925,-0.4963318,-1.266314,1.90576
7533,1.241915,-1.459601,0.6423411,2.021235
7534,1.206042,-1.459667,0.6386729,1.998266
7535,1.263377,-1.459336,0.6594773,2.039778
7536,1.214424,-1.46,0.6910577,2.020888
7537,1.263704,-1.459575,0.6912183,2.050632
7538,0.1909987,-1.458897,0.6230131,1.597813
7539,0.1140528,-1.459239,0.6416877,1.598171
7540,0.1386055,-1.459157,0.6784679,1.615137
7541,0.1756066,-1.45888,0.6724353,1.615964
7542,0.1141021,-1.459149,0.6416461,1.598076
7543,-0.9662027,-1.458006,0.6042485,1.850525
7544,-0.9662052,-1.458004,0.604266,1.850531
7545,0.7698639,-1.179934,-0.7571409,1.599436
7546,0.8045494,-1.168038,-0.7804324,1.618854
7547,0.7341909,-1.183013,-0.7944758,1.603044
7548,0.7698426,-1.179944,-0.7571431,1.599435
7549,-0.3364286,-1.116358,-0.7558483,1.389513
7550,-0.345996,-1.201253,-0.7203514,1.442785
7551,-1.46,-1.145495,-0.7665665,2.007831
7552,-1.447507,-1.096312,-0.7382683,1.960157
7553,-1.419645,-1.189542,-0.7629629,2.003126
7554,-1.46,-1.108133,-0.7263446,1.971582
7555,-1.416915,-1.149831,-0.7907441,1.988727
7556,-1.46,-1.167415,-0.717146,2.002188
7557,-0.4018667,-0.9346888,-0.3942294,1.091126
7558,-0.3265702,-0.9644834,-0.3852779,1.088722
7559,-1.46,-0.9783266,-0.3131199,1.785152
7560,-1.46,-0.955951,-0.3685868,1.78362
7561,-1.424083,-0.9017681,-0.3674238,1.725166
7562,-1.449682,-0.9935874,-0.3788439,1.797864
7563,-1.46,-0.937211,-0.3932826,1.778942
7564,0.7768221,-1.317232,-1.281399,1.995128
7565,0.7438128,-1.318846,-1.277038,1.980767
7566,0.7887578,-1.377193,-1.205277,1.992861
7567,0.7592303,-1.394014,-1.255874,2.024086
7568,0.7363959,-1.392362,-1.287,2.03404
7569,0.7371113,-1.344114,-1.248955,1.977337
7570,0.7706127,-1.301652,-1.221377,1.944197
7571,0.7706091,-1.301644,-1.221358,1.944179
7572,0.7862871,-1.376671,-1.26207,2.026399
7573,0.7510838,-1.387286,-1.213325,1.990188
7574,0.7093683,-1.391009,-1.258179,2.005274
7575,0.7100835,-1.306273,-1.217153,1.921465
7576,0.7100735,-1.306276,-1.217139,1.921455
7577,-0.3931543,-1.359607,-1.291349,1.915903
7578,-1.46,-1.389438,-1.202517,2.346953
7579,1.343314,-0.464641,-1.37963,1.98085
7580,1.395779,-0.4954461,-1.381686,2.025517
7581,1.343314,-0.4646423,-1.379624,1.980845
7582,1.375498,-0.406956,-1.314068,1.945349
7583,1.364318,-0.4496188,-1.32204,1.952258
7584,1.339864,-0.4091573,-1.381048,1.967216
7585,1.395786,-0.4954513,-1.381688,2.025525
7586,1.375513,-0.4069552,-1.31409,1.945375
7587,1.334924,-0.4139402,-1.314809,1.918878
7588,1.339857,-0.4091629,-1.38105,1.967214
7589,1.226606,-1.459587,0.5969989,1.99784
7590,1.220075,-1.459559,0.5465251,1.979289
7591,1.277436,-1.459701,0.6036735,2.0315
7592,1.280124,-1.459623,0.5447444,2.016423
7593,1.268056,-1.459733,0.5932172,2.022546
7594,1.24553,-1.459597,0.5422002,1.993928
7595,0.1200986,-1.459629,0.5163777,1.552929
7596,0.1747178,-1.459304,0.5467218,1.56812
7597,0.1070704,-1.459587,0.5724129,1.571469
7598,0.1747201,-1.459296,0.5467031,1.568105
7599,0.1542114,-1.458633,0.5895771,1.580821
7600,0.1432856,-1.459059,0.5983324,1.583472
7601,0.1200976,-1.459572,0.5163779,1.552875
7602,0.798497,-1.152122,-0.8229465,1.625492
7603,0.7975504,-1.16884,-0.8902135,1.671751
7604,0.7433884,-1.156705,-0.8515325,1.617313
7605,0.7859035,-1.159394,-0.8112646,1.618638
7606,0.7464392,-1.155842,-0.85198,1.618336
7607,0.7093573,-1.185536,-0.8721312,1.633798
7608,-0.3538246,-1.140073,-0.884594,1.485754
7609,-0.3810411,-1.107526,-0.8119303,1.425144
7610,-1.46,-1.111985,-0.8077917,2.005153
7611,-1.46,-1.103304,-0.8741087,2.02804
7612,-1.46,-1.160612,-0.8590818,2.053447
7613,-0.3218947,-0.8981658,-0.4425856,1.05176
7614,-1.417907,-0.8998284,-0.4466778,1.73772
7615,-1.46,-0.9235354,-0.43907,1.782498
7616,-1.46,-0.9810748,-0.4540488,1.816664
7617,0.72491,-1.377442,-1.341956,2.055161
7618,0.7200192,-1.316172,-1.387776,2.043688
7619,0.7320817,-1.310195,-1.388566,2.044669
7620,0.7567923,-1.387142,-1.346013,2.075729
7621,0.7789017,-1.348525,-1.382802,2.08263
7622,0.7526881,-1.304957,-1.330962,2.010202
7623,0.7473039,-1.38324,-1.396405,2.102799
7624,0.7673591,-1.373273,-1.313779,2.049569
7625,0.7806877,-1.31193,-1.334223,2.027507
7626,0.7787864,-1.310771,-1.396024,2.067247
7627,0.802413,-1.324725,-1.389979,2.081058
7628,0.7104414,-1.313966,-1.313372,1.989015
7629,-0.4013368,-1.336464,-1.35855,1.947527
7630,-0.3269261,-1.396033,-1.317875,1.947456
7631,-1.46,-1.343852,-1.400204,2.428602
7632,-1.46,-1.33252,-1.31717,2.37532
7633,-1.46,-1.409317,-1.366915,2.446678
7634,1.342646,-0.4209914,-1.46,2.027692
7635,1.342635,-0.420984,-1.46,2.027682
7636,1.320076,-0.463304,-1.46,2.022091
7637,1.346661,-0.4728572,-1.46,2.041737
7638,1.282751,-1.46,0.4437256,1.993475
7639,1.214081,-1.459698,0.4370695,1.948266
7640,1.26647,-1.459962,0.4346173,1.980991
7641,1.270951,-1.459773,0.4956446,1.997978
7642,1.231006,-1.459816,0.4731961,1.967322
7643,1.219146,-1.459943,0.4977516,1.96609
7644,1.287714,-1.459647,0.4867739,2.006421
7645,0.1476965,-1.459694,0.4616853,1.538075
7646,0.1226254,-1.458828,0.4822248,1.541349
7647,0.1718745,-1.458098,0.4648489,1.540024
7648,0.1868557,-1.458321,0.4064053,1.525379
7649,0.1290683,-1.459898,0.4091403,1.521629
7650,0.1290696,-1.459691,0.4091435,1.521432
7651,0.1868651,-1.458318,0.4063883,1.525373
7652,-0.9092197,-1.451799,0.4525792,1.771787
7653,-0.9092186,-1.4518,0.4525774,1.771787
7654,0.7916577,-1.122888,-0.9603797,1.676284
7655,0.7428317,-1.127701,-0.9352064,1.642595
7656,0.7728411,-1.188931,-0.9617665,1.713428
7657,0.7582099,-1.100238,-0.9779165,1.655816
7658,0.7728593,-1.188929,-0.9617561,1.713429
7659,0.7326857,-1.188257,-0.9216754,1.672803
7660,0.7582082,-1.100241,-0.9779173,1.655818
7661,0.7579256,-1.13107,-0.900421,1.632339
7662,0.7579291,-1.131066,-0.9004076,1.63233
7663,-1.46,-1.187976,-0.9196011,2.094887
7664,-1.46,-1.104857,-0.9357283,2.056185
7665,-1.46,-1.10597,-0.9018779,2.041605
7666,-1.46,-1.162888,-0.9569817,2.097552
7667,-1.46,-1.107422,-0.9384806,2.058817
7668,-1.46,-1.152261,-0.9854411,2.104852
7669,-0.3642782,-0.9503558,-0.5306935,1.147829
7670,-1.46,-0.9716709,-0.5033524,1.824584
7671,-1.452793,-0.9279783,-0.5399858,1.806471
7672,-1.431242,-0.9297571,-0.5247269,1.785565
7673,-1.46,-0.9440705,-0.5680432,1.829082
7674,-1.407656,-0.9682513,-0.5993821,1.810598
7675,0.7744695,-1.373492,-1.46,2.148926
7676,0.7857271,-1.310389,-1.46,2.113312
7677,0.7292703,-1.317833,-1.46,2.097646
7678,0.7263083,-1.381684,-1.46,2.137329
7679,0.7619854,-1.394295,-1.401236,2.118523
7680,0.7292727,-1.317832,-1.46,2.097646
7681,0.7263094,-1.381694,-1.46,2.137336
7682,0.7857256,-1.310375,-1.46,2.113302
7683,0.7744612,-1.373493,-1.46,2.148923
7684,-0.3513419,-1.330976,-1.411361,1.971517
7685,-0.3573147,-1.303223,-1.46,1.989388
7686,-0.3759777,-1.399665,-1.415341,2.025737
7687,-0.2910551,-1.392229,-1.46,2.038287
7688,-0.3086787,-1.348193,-1.46,2.011096
7689,-0.3568889,-1.399698,-1.46,2.053807
7690,-0.4011484,-1.330409,-1.46,2.015566
7691,-1.400856,-1.348463,-1.46,2.431532
7692,-1.400891,-1.348362,-1.46,2.431497
7693,-1.46,-1.381957,-1.46,2.484554
7694,-1.399512,-1.389235,-1.407416,2.42269
7695,-1.46,-1.33278,-1.46,2.45754
7696,1.233314,-1.46,0.3302922,1.939525
7697,1.221386,-1.459664,0.4014278,1.945134
7698,1.287702,-1.459765,0.3976151,1.986753
7699,1.275236,-1.46,0.356305,1.970984
7700,1.23995,-1.46,0.3893043,1.954644
7701,1.294564,-1.459975,0.3447299,1.98148
7702,1.221862,-1.459781,0.3506064,1.935674
7703,0.1096467,-1.453486,0.3177826,1.491855
7704,0.142214,-1.46,0.3333229,1.504304
7705,0.1760264,-1.46,0.3522822,1.51218
7706,0.1761512,-1.458594,0.3523239,1.510847
7707,0.1096625,-1.452978,0.3177669,1.491357
7708,0.7961138,-1.162237,-1.015002,1.736324
7709,0.8004383,-1.154664,-1.028669,1.741296
7710,0.744184,-1.156207,-1.085137,1.751613
7711,0.7441829,-1.156209,-1.085127,1.751607
7712,0.7190457,-1.117907,-1.042546,1.689274
7713,0.8040453,-1.131262,-1.092204,1.766112
7714,0.8040415,-1.131264,-1.092207,1.766114
7715,0.7642721,-1.120456,-1.032464,1.704557
7716,0.730294,-1.164272,-1.002899,1.701372
7717,0.73031,-1.164272,-1.002896,1.701376
7718,0.7403716,-1.104293,-1.097785,1.724165
7719,-0.3236254,-1.124779,-1.025713,1.556261
7720,-0.3545459,-1.186833,-1.104898,1.659842
7721,-1.46,-1.10027,-1.015647,2.091347
7722,-1.46,-1.200228,-1.060187,2.167058
7723,-1.399288,-1.150252,-1.00958,2.073725
7724,-0.3720607,-0.9720818,-0.6101163,1.206488
7725,-1.46,-0.9087749,-0.6523225,1.839292
7726,-1.46,-0.9618884,-0.6159721,1.853713
7727,-1.46,-0.9680885,-0.6868541,1.881639
7728,-1.46,-0.9094918,-0.688545,1.8528
7729,1.229095,-1.459985,0.212458,1.920252
7730,1.225121,-1.46,0.2892243,1.927737
7731,1.268502,-1.459971,0.2455897,1.949596
7732,1.279396,-1.46,0.2844512,1.96198
7733,1.27702,-1.46,0.3056893,1.963626
7734,1.230043,-1.459969,0.2546559,1.925971
7735,1.292711,-1.46,0.2182622,1.962228
7736,0.1022153,-1.46,0.2340842,1.482175
7737,0.1022354,-1.46,0.2340876,1.482177
7738,0.1815199,-1.46,0.2210545,1.487755
7739,0.1815453,-1.452112,0.2208197,1.479983
7740,0.1901594,-1.458592,0.2959616,1.500415
7741,0.1901582,-1.458523,0.2959676,1.500349
7742,0.1453291,-1.46,0.2665627,1.491233
7743,0.1452854,-1.459838,0.2664117,1.491044
7744,-0.9177374,-1.411717,0.2925616,1.709029
7745,-0.905677,-1.46,0.2780524,1.740449
7746,-0.97859,-1.46,0.2667556,1.77775
7747,-0.9056562,-1.46,0.2780684,1.740441
7748,-0.9368986,-1.46,0.235084,1.750612
7749,-0.9177374,-1.41171,0.2925909,1.709028
7750,-0.936894,-1.46,0.2350845,1.75061
7751,-0.9785857,-1.46,0.2667523,1.777748
7752,0.8034779,-1.184923,-1.17061,1.84931
7753,0.7326414,-1.144283,-1.150682,1.78051
7754,0.7903987,-1.109906,-1.162779,1.791278
7755,0.7830278,-1.142165,-1.149544,1.799757
7756,0.764824,-1.184295,-1.150842,1.819876
7757,0.7259178,-1.187049,-1.129092,1.791896
7758,0.722931,-1.105395,-1.135223,1.741626
7759,-0.3834907,-1.128031,-1.172339,1.671495
7760,-0.3109063,-1.110197,-1.119641,1.607108
7761,-1.46,-1.1147,-1.099456,2.140785
7762,-1.46,-1.112986,-1.184912,2.18503
7763,-0.3313004,-0.9040496,-0.746231,1.218165
7764,-1.415856,-1.010399,-0.7712018,1.90271
7765,-1.412801,-0.9799278,-0.7275697,1.866982
7766,-1.46,-0.9600969,-0.7584102,1.904881
7767,1.256686,-1.46,0.2001389,1.936728
7768,1.199409,-1.46,0.1718459,1.897291
7769,1.243177,-1.46,0.1636476,1.924544
7770,1.25185,-1.46,0.1386851,1.928202
7771,1.211789,-1.45998,0.1222693,1.901295
7772,1.289591,-1.46,0.123115,1.951871
7773,0.1025704,-1.444756,0.1829582,1.459902
7774,0.1026201,-1.444616,0.1829545,1.459766
7775,0.1590006,-1.446452,0.1487598,1.462749
7776,0.15893,-1.445567,0.1488021,1.46187
7777,0.1163636,-1.46,0.1383395,1.471149
7778,0.1973739,-1.46,0.1726223,1.483359
7779,0.1433097,-1.459859,0.1952014,1.479807
7780,0.1069109,-1.459981,0.1213885,1.468915
7781,-0.9189605,-1.459715,0.1825758,1.734529
7782,-0.9151437,-1.459773,0.1849438,1.73281
7783,-0.9620833,-1.459844,0.1427801,1.754176
7784,-0.9620761,-1.459843,0.1427807,1.754172
7785,-0.9840187,-1.459991,0.1983067,1.771777
7786,-0.9542666,-1.46,0.1129641,1.747852
7787,-0.9012535,-1.46,0.1118402,1.719409
7788,-0.9012567,-1.46,0.1118252,1.719409
7789,-0.983974,-1.459991,0.1982767,1.771749
7790,0.7121646,-1.115836,-1.271066,1.835177
7791,0.7121689,-1.115823,-1.271063,1.83517
7792,0.7239575,-1.132513,-1.209091,1.807927
7793,0.7795607,-1.113591,-1.228824,1.832432
7794,0.7489715,-1.181021,-1.270602,1.889497
7795,0.7372059,-1.172427,-1.199723,1.832319
7796,0.8018913,-1.154464,-1.200598,1.848581
7797,0.7998474,-1.177091,-1.291372,1.921702
7798,0.7968313,-1.13985,-1.269665,1.883148
7799,0.7633651,-1.136927,-1.233813,1.843265
7800,0.7489707,-1.181032,-1.270599,1.889501
7801,-0.3552084,-1.163624,-1.225129,1.726596
7802,-0.3564418,-1.192369,-1.277842,1.783725
7803,-1.420022,-1.154021,-1.226327,2.202749
7804,-1.46,-1.190087,-1.291632,2.283904
7805,-0.3897992,-0.9566615,-0.8621053,1.3455
7806,-0.3618583,-0.9411402,-0.8076121,1.291868
7807,-1.420403,-0.9126442,-0.802912,1.869527
7808,-1.46,-0.9811926,-0.8195252,1.940608
7809,-1.46,-0.917848,-0.8473969,1.921491
7810,-1.46,-0.9125879,-0.8843303,1.935577
7811,-1.46,-0.7595782,-0.4657495,1.710404
7812,1.269606,-1.46,0.07238867,1.936166
7813,1.202534,-1.459961,0.1070402,1.894474
7814,1.253616,-1.46,0.09077197,1.926498
7815,1.267291,-1.46,0.03089536,1.933541
7816,1.211697,-1.46,0.06739563,1.898513
7817,1.234572,-1.46,0.03531803,1.912332
7818,0.2031979,-1.459947,0.0299204,1.474323
7819,0.2031947,-1.459949,0.02992091,1.474325
7820,0.1151062,-1.459695,0.06911984,1.465857
7821,0.1353808,-1.459925,0.07768628,1.468245
7822,0.1763042,-1.459956,0.08456859,1.472992
7823,0.1762929,-1.46,0.0846011,1.473037
7824,0.1596172,-1.459712,0.02173827,1.468574
7825,0.1470647,-1.455633,0.009194561,1.463072
7826,-0.961585,-1.46,0.06578577,1.749449
7827,-0.961584,-1.46,0.06578343,1.749449
7828,-0.915809,-1.456497,0.02690606,1.720701
7829,-0.984437,-1.390384,0.09697857,1.706367
7830,-0.9076563,-1.46,0.06277076,1.720285
7831,-0.9398906,-1.458403,0.01787155,1.735123
7832,0.7161748,-1.154612,-1.333509,1.903755
7833,0.7095112,-1.139067,-1.384763,1.928328
7834,0.7356054,-1.183043,-1.392172,1.96948
7835,0.8032094,-1.1372,-1.383296,1.96262
7836,0.7452442,-1.11338,-1.390352,1.930825
7837,0.794899,-1.188763,-1.378513,1.986283
7838,0.7831239,-1.192963,-1.333188,1.952904
7839,0.7589313,-1.130926,-1.324238,1.899625
7840,0.7589386,-1.130893,-1.324216,1.899593
7841,0.7774637,-1.133722,-1.38544,1.951722
7842,0.7356084,-1.183057,-1.392174,1.96949
7843,-0.3581223,-1.121075,-1.386232,1.818434
7844,-1.46,-1.117807,-1.388267,2.303992
7845,-1.439111,-1.130058,-1.329503,2.26178
7846,1.341823,-0.2633852,-1.459744,2.000178
7847,1.347455,-0.2097234,-1.459905,1.997734
7848,1.32816,-0.211591,-1.459754,1.984858
7849,1.341816,-0.2633638,-1.459848,2.000247
7850,-1.46,-1.000728,-0.9002666,1.985834
7851,-1.46,-0.9305867,-0.9290598,1.964878
7852,-1.407525,-0.9812893,-0.929976,1.951643
7853,-1.46,-0.9717596,-0.9707721,2.004574
7854,-1.46,-0.9398732,-0.9769294,1.992324
7855,-1.438387,-0.7253112,-0.5385738,1.698557
7856,1.242062,-1.46,-0.09196166,1.919056
7857,1.287505,-1.46,-0.02610509,1.946779
7858,1.209877,-1.46,-4.427831E-06,1.896155
7859,1.300098,-1.46,-0.08515139,1.95681
7860,1.25354,-1.46,-0.05499207,1.925094
7861,1.233938,-1.46,-0.03241517,1.911872
7862,1.26271,-1.46,-0.003178115,1.930297
7863,0.1133095,-1.459962,-0.01179282,1.4644
7864,0.1216353,-1.459914,-0.03353441,1.465356
7865,0.1916146,-1.421649,-0.02033048,1.434648
7866,0.1309349,-1.459942,-0.0740254,1.46767
7867,0.1787395,-1.459725,-0.05176635,1.471538
7868,0.178744,-1.459725,-0.05175922,1.471538
7869,-0.9757306,-1.46,-0.04526782,1.756616
7870,-0.928008,-1.46,-0.06688,1.731263
7871,-0.9540743,-1.46,-0.02805508,1.744318
7872,-0.9764044,-1.459902,0.009682715,1.756352
7873,0.8038319,-1.12827,-1.46,2.012645
7874,0.7697777,-1.151036,-1.46,2.012223
7875,0.7920133,-1.191812,-1.46,2.044334
7876,0.746178,-1.170622,-1.46,2.014631
7877,0.7308112,-1.134606,-1.46,1.988219
7878,-0.3537159,-1.160871,-1.46,1.898509
7879,-0.3064781,-1.163062,-1.46,1.891624
7880,-0.3061862,-1.163184,-1.46,1.891652
7881,-1.45764,-1.141724,-1.46,2.357933
7882,-1.435144,-1.172356,-1.46,2.359164
7883,-1.46,-1.115721,-1.46,2.34692
7884,-1.46,-1.18981,-1.46,2.383033
7885,-1.46,-1.119857,-1.46,2.348889
7886,-1.46,-1.170155,-1.46,2.373281
7887,-1.46,-1.173087,-1.46,2.374728
7888,-1.46,-1.139805,-1.46,2.358464
7889,-1.46,-1.162993,-1.46,2.369758
7890,-1.435144,-1.172355,-1.46,2.359164
7891,-0.3436622,-0.9399581,-1.01957,1.428687
7892,-1.46,-0.9268848,-1.07551,2.036526
7893,-0.3876475,-0.7300531,-0.7085904,1.088737
7894,-1.433137,-0.7553622,-0.6066732,1.729887
7895,-1.46,-0.7568747,-0.6745544,1.777493
7896,1.294653,-1.46,-0.1475293,1.956908
7897,1.287514,-1.46,-0.1581044,1.953021
7898,1.27519,-1.46,-0.09960467,1.941039
7899,1.233593,-1.46,-0.1529227,1.917482
7900,1.242401,-1.46,-0.1288026,1.921393
7901,0.1244225,-1.459939,-0.1699917,1.47506
7902,0.1500575,-1.459929,-0.1024462,1.471192
7903,0.1571076,-1.46,-0.138888,1.474982
7904,0.2012743,-1.45993,-0.09801599,1.476995
7905,0.1884481,-1.46,-0.1412925,1.478877
7906,-0.9752772,-1.46,-0.1065172,1.759009
7907,-0.9268866,-1.46,-0.1784806,1.738555
7908,-0.9244407,-1.46,-0.1095247,1.731527
7909,-0.9362823,-1.46,-0.1842924,1.744187
7910,1.26444,-1.296654,0.232769,1.826007
7911,-0.3661608,-0.9444922,-1.138704,1.524069
7912,-1.394603,-0.9416245,-1.189134,2.060489
7913,-1.46,-0.9387115,-1.144778,2.079254
7914,-0.3170781,-0.7713307,-0.8035991,1.158128
7915,-0.3593144,-0.7027993,-0.766076,1.099957
7916,-1.46,-0.7777511,-0.7660263,1.82299
7917,-1.46,-0.7110381,-0.7442369,1.786355
7918,1.204396,-1.46,-0.2468091,1.908687
7919,1.235603,-1.46,-0.195996,1.922688
7920,1.26011,-1.46,-0.2521266,1.945005
7921,1.211351,-1.46,-0.2337885,1.911447
7922,1.26336,-1.46,-0.266077,1.948968
7923,1.251828,-1.46,-0.1951839,1.933073
7924,1.29036,-1.459994,-0.2205814,1.960935
7925,0.168267,-1.449486,-0.2003678,1.472913
7926,0.1670747,-1.444278,-0.2002701,1.467638
7927,0.1684715,-1.46,-0.2718528,1.494619
7928,0.1352439,-1.46,-0.2516277,1.487685
7929,0.1688732,-1.46,-0.2723542,1.494756
7930,-0.9825484,-1.46,-0.2050616,1.771737
7931,-0.9852592,-1.414892,-0.2180639,1.737874
7932,-0.9540805,-1.445192,-0.2647814,1.751845
7933,-0.9023654,-1.46,-0.2784797,1.738797
7934,1.267309,-1.242851,0.1335486,1.780052
7935,1.278579,-1.270987,0.1922177,1.813041
7936,1.267303,-1.242855,0.133544,1.78005
7937,1.22063,-1.288572,0.1871805,1.784766
7938,1.220504,-1.28861,0.187063,1.784695
7939,1.281804,-1.270898,0.1949308,1.815544
7940,1.225276,-1.268964,0.1405563,1.769556
7941,-0.3633893,-0.9014877,-1.269653,1.598984
7942,-1.46,-0.9794633,-1.25391,2.159454
7943,-1.46,-0.9596495,-1.227919,2.135489
7944,-1.451952,-0.9202916,-1.191771,2.09175
7945,-1.46,-0.9553353,-1.215273,2.1263
7946,-0.3257387,-0.6999471,-0.8489345,1.147485
7947,-1.46,-0.7145402,-0.7983477,1.810946
7948,-1.390148,-0.756381,-0.811291,1.778431
7949,-1.46,-0.7074503,-0.8656982,1.838891
7950,-1.46,-0.7673057,-0.8612221,1.860662
7951,1.20889,-1.46,-0.3186486,1.922122
7952,1.286347,-1.46,-0.3712143,1.980931
7953,1.253068,-1.46,-0.3188233,1.950238
7954,1.23019,-1.46,-0.375689,1.945793
7955,1.247161,-1.46,-0.3762313,1.956671
7956,1.298522,-1.46,-0.3067609,1.977843
7957,1.231995,-1.46,-0.2962832,1.933183
7958,1.278026,-1.46,-0.3417437,1.970213
7959,0.1038296,-1.46,-0.3743359,1.510797
7960,0.1436349,-1.416487,-0.3870384,1.475421
7961,0.143642,-1.416491,-0.3870482,1.475428
7962,0.1099284,-1.46,-0.322867,1.499309
7963,0.1508843,-1.46,-0.3274356,1.503855
7964,0.1893247,-1.414943,-0.3332481,1.465934
7965,0.1935872,-1.46,-0.3533551,1.514575
7966,0.153757,-1.46,-0.3764209,1.515564
7967,-0.9110863,-1.46,-0.3350053,1.753256
7968,-0.9252776,-1.46,-0.3331288,1.760316
7969,-0.9668655,-1.46,-0.3304398,1.782027
7970,1.271066,-1.218713,0.06543863,1.762144
7971,1.286734,-1.277526,0.06363711,1.814334
7972,1.231544,-1.277841,0.07873736,1.776451
7973,1.231542,-1.277848,0.07871969,1.776453
7974,1.200028,-1.218464,0.02751875,1.710403
7975,1.272385,-1.260754,0.02506546,1.791394
7976,1.27106,-1.218719,0.06543848,1.762144
7977,0.7711307,-0.9774461,-1.358744,1.842886
7978,0.7347028,-0.9786229,-1.355819,1.826399
7979,0.7347187,-0.9786183,-1.355817,1.826402
7980,-0.3410392,-0.994479,-1.378447,1.733613
7981,-0.3076723,-0.909017,-1.341393,1.649336
7982,-1.46,-0.9211378,-1.370274,2.20403
7983,-1.46,-0.9075173,-1.350104,2.185857
7984,-1.46,-0.9556472,-1.353135,2.20813
7985,-1.46,-0.9646233,-1.411297,2.248079
7986,-1.46,-0.9675152,-1.410125,2.248585
7987,1.330973,-0.04360042,-1.459578,1.975793
7988,1.33097,-0.04357962,-1.459578,1.97579
7989,1.3978,-0.07655985,-1.459834,2.022578
7990,1.397796,-0.07655255,-1.459621,2.022421
7991,1.36489,-0.05601305,-1.459635,1.99915
7992,-0.3547021,-0.7270017,-0.9384624,1.238974
7993,-1.46,-0.7505472,-0.9538732,1.89863
7994,1.275061,-1.46,-0.4289931,1.9853
7995,1.232862,-1.46,-0.4594166,1.965353
7996,1.267674,-1.46,-0.4326332,1.981356
7997,1.279448,-1.46,-0.4829972,2.000468
7998,1.222667,-1.46,-0.4244687,1.951074
7999,0.176852,-1.443233,-0.4681301,1.527529
8000,0.1494839,-1.46,-0.4274983,1.528627
8001,0.107183,-1.46,-0.4239203,1.524072
8002,0.2004417,-1.46,-0.4075066,1.528999
8003,0.1424798,-1.46,-0.4865116,1.545508
8004,-0.9608825,-1.46,-0.4902994,1.815293
8005,-0.9436997,-1.46,-0.4126719,1.786748
8006,1.228018,-1.231539,-0.09228618,1.741619
8007,1.228022,-1.231534,-0.09229349,1.741618
8008,1.248542,-1.28947,-0.05961929,1.795868
8009,1.24854,-1.289475,-0.05962373,1.795871
8010,1.260906,-1.262802,0.001268822,1.784531
8011,1.202834,-1.259346,-0.001585476,1.741484
8012,1.290195,-1.22477,-0.05008952,1.779656
8013,1.290195,-1.224772,-0.05005334,1.779656
8014,1.230448,-1.247577,-0.01041512,1.752301
8015,1.2011,-1.250289,-0.05497875,1.734614
8016,-0.9925844,-1.212221,-0.07970781,1.568775
8017,-0.9360545,-1.258608,-0.07659101,1.570401
8018,-0.927876,-1.249121,-0.07062327,1.557641
8019,0.7045913,-0.919126,-1.459767,1.863374
8020,0.7114326,-0.971269,-1.459961,1.892349
8021,0.7801111,-0.9802391,-1.46,1.923809
8022,0.7422331,-0.9647737,-1.459993,1.900862
8023,0.7730433,-0.9214069,-1.459894,1.891528
8024,0.7380095,-0.9247011,-1.459968,1.879159
8025,-0.334731,-0.9655392,-1.46,1.782109
8026,-0.3429399,-0.9311395,-1.403252,1.718647
8027,-0.349617,-0.9830474,-1.46,1.794496
8028,-1.46,-0.9630796,-1.46,2.278316
8029,-1.46,-0.9442949,-1.46,2.270439
8030,-1.456473,-0.916307,-1.46,2.256664
8031,-1.432091,-0.9173271,-1.46,2.241422
8032,-1.46,-0.9298762,-1.46,2.26448
8033,-1.46,-0.9399851,-1.46,2.26865
8034,-1.46,-0.9443025,-1.46,2.270442
8035,-1.46,-0.9144146,-1.427937,2.237579
8036,-1.46,-0.9177648,-1.46,2.259534
8037,-1.46,-0.9298962,-1.46,2.264488
8038,-1.46,-0.9564339,-1.46,2.275514
8039,-0.3897242,-0.7031663,-1.018398,1.297483
8040,-1.46,-0.7295022,-1.038703,1.9346
8041,-1.417729,-0.7160634,-1.04537,1.901447
8042,-1.46,-0.7856899,-1.078777,1.978047
8043,1.247639,-1.46,-0.5277844,1.991673
8044,1.290601,-1.46,-0.5111575,2.01458
8045,1.283621,-1.46,-0.5647215,2.0244
8046,1.285444,-1.46,-0.5914805,2.033179
8047,1.20731,-1.46,-0.496645,1.958533
8048,1.210963,-1.46,-0.5609199,1.978045
8049,1.237696,-1.46,-0.5674707,1.996375
8050,1.249954,-1.46,-0.5045285,1.987092
8051,0.2055116,-1.46,-0.5430759,1.571231
8052,0.1966858,-1.426739,-0.5330157,1.5357
8053,0.1946851,-1.405512,-0.5650647,1.527307
8054,0.1572293,-1.46,-0.5851569,1.580737
8055,0.1481882,-1.46,-0.5194709,1.556731
8056,0.2034729,-1.395977,-0.5649037,1.519628
8057,0.1607259,-1.46,-0.5316644,1.562082
8058,0.1185565,-1.46,-0.5786045,1.574941
8059,-0.9407375,-1.46,-0.5745009,1.829382
8060,1.298497,-1.290606,-0.1646412,1.838169
8061,1.298496,-1.290607,-0.1646428,1.838169
8062,1.266442,-1.242401,-0.1409155,1.779688
8063,1.245706,-1.294035,-0.1194978,1.800164
8064,1.266435,-1.242405,-0.1409058,1.779686
8065,1.235117,-1.257283,-0.1902183,1.772698
8066,-0.9349709,-1.264869,-0.1906804,1.584431
8067,-0.3354206,-0.7163942,-1.117513,1.369147
8068,-0.3083259,-0.7621717,-1.201638,1.455989
8069,-1.451189,-0.7606504,-1.142369,1.997384
8070,-1.46,-0.6927719,-1.120641,1.966563
8071,-1.419827,-0.7305084,-1.189503,1.991098
8072,1.230927,-1.46,-0.6498565,2.0172
8073,1.271455,-1.46,-0.6953813,2.057122
8074,1.220952,-1.46,-0.6147575,2.000063
8075,1.263628,-1.46,-0.6662419,2.042604
8076,1.251184,-1.46,-0.6090699,2.016935
8077,1.295288,-1.46,-0.6309671,2.051217
8078,1.206553,-1.46,-0.6795747,2.01226
8079,0.2045401,-1.39573,-0.6662242,1.560049
8080,0.2123408,-1.46,-0.6322749,1.605136
8081,0.1477154,-1.46,-0.6266446,1.595651
8082,0.2040093,-1.396356,-0.6658716,1.560389
8083,0.2123374,-1.46,-0.6322758,1.605135
8084,0.1762973,-1.46,-0.6961101,1.627037
8085,0.1586327,-1.46,-0.6453848,1.604146
8086,-0.9159461,-1.418924,-0.7005286,1.828399
8087,-0.9122589,-1.46,-0.6310678,1.833593
8088,-0.970975,-1.46,-0.6623666,1.874332
8089,1.237457,-1.222655,-0.2749527,1.761188
8090,1.293334,-1.202145,-0.2884185,1.789148
8091,1.238969,-1.279595,-0.201717,1.792512
8092,1.294145,-1.259661,-0.2274873,1.82025
8093,1.288204,-1.259772,-0.2754502,1.822736
8094,1.247447,-1.231284,-0.2900955,1.776609
8095,1.28212,-1.208091,-0.2209312,1.775423
8096,1.227752,-1.237079,-0.2126896,1.75584
8097,1.282118,-1.208077,-0.2209475,1.775414
8098,1.214256,-1.203173,-0.2326199,1.725153
8099,0.1308942,-1.215331,-0.2780174,1.253578
8100,-0.982941,-1.266739,-0.2838033,1.628295
8101,-0.9251685,-1.273579,-0.2028694,1.587166
8102,-0.9032374,-1.224991,-0.2901857,1.549403
8103,-1.46,-0.7412763,-1.233191,2.049841
8104,1.236534,-1.46,-0.7636136,2.06003
8105,1.279914,-1.46,-0.7488405,2.080996
8106,1.251233,-1.46,-0.7646463,2.069268
8107,1.247102,-1.46,-0.7153957,2.049062
8108,1.211626,-1.442533,-0.7950657,2.044766
8109,1.2073,-1.46,-0.7081056,2.02252
8110,0.2019064,-1.46,-0.705456,1.634024
8111,0.2053304,-1.46,-0.7851959,1.670417
8112,0.1727175,-1.46,-0.7393774,1.645634
8113,0.1455224,-1.46,-0.761569,1.653107
8114,0.1467148,-1.420059,-0.7456484,1.610616
8115,0.1138108,-1.46,-0.772777,1.655819
8116,0.1172216,-1.39915,-0.7647704,1.598823
8117,-0.9417121,-1.46,-0.7309018,1.884845
8118,-0.8976785,-1.46,-0.7769915,1.881792
8119,-0.9541551,-1.46,-0.8052368,1.921046
8120,-1.46,-0.5801587,-0.8244473,1.774232
8121,-1.46,-0.5122055,-0.886517,1.783218
8122,1.275496,-1.27704,-0.3093744,1.831239
8123,1.24406,-1.233262,-0.3422857,1.784876
8124,1.209679,-1.23887,-0.3239831,1.761558
8125,1.299437,-1.240211,-0.3554569,1.831123
8126,1.250733,-1.256215,-0.3678455,1.810448
8127,1.299462,-1.240167,-0.3554687,1.831113
8128,1.228613,-1.200019,-0.3941793,1.762076
8129,1.204087,-1.26826,-0.3881024,1.791349
8130,1.204087,-1.268259,-0.3881031,1.791349
8131,0.1826774,-1.237331,-0.3425068,1.296792
8132,0.1730266,-1.233833,-0.3482398,1.293659
8133,-0.3737398,-0.6968063,-1.382104,1.592304
8134,-0.3120715,-0.7775159,-1.298878,1.54564
8135,-0.3881256,-0.8036626,-1.388504,1.650593
8136,-1.422869,-0.7265363,-1.350894,2.092206
8137,-1.46,-0.7684142,-1.340562,2.125833
8138,-1.46,-0.721761,-1.296625,2.081772
8139,1.276845,-1.46,-0.8012196,2.098544
8140,1.285529,-1.449345,-0.8658117,2.121984
8141,1.269245,-1.46,-0.8384994,2.108474
8142,1.253007,-1.46,-0.8235416,2.092809
8143,1.297694,-1.46,-0.8286406,2.121852
8144,0.1245968,-1.412344,-0.8772616,1.667282
8145,0.2039966,-1.46,-0.8476587,1.700512
8146,0.1545902,-1.46,-0.8221927,1.682706
8147,0.2045454,-1.46,-0.8632427,1.708399
8148,0.1559864,-1.46,-0.8754299,1.709476
8149,0.1665064,-1.46,-0.8008628,1.673531
8150,0.1131001,-1.46,-0.8907542,1.714011
8151,0.111489,-1.46,-0.844266,1.690212
8152,-0.9068069,-1.46,-0.862563,1.922996
8153,-1.46,-0.6048789,-0.9202253,1.828741
8154,-1.46,-0.5308265,-0.9828371,1.8383
8155,1.215711,-1.285947,-0.4647437,1.829645
8156,1.219144,-1.209168,-0.4676319,1.779629
8157,1.292238,-1.290437,-0.4809999,1.888509
8158,1.215711,-1.285947,-0.4647498,1.829646
8159,1.267626,-1.25624,-0.4223095,1.833947
8160,1.26817,-1.279937,-0.4760075,1.86362
8161,1.228019,-1.214037,-0.4134103,1.77562
8162,1.267627,-1.256245,-0.4223121,1.833951
8163,1.207846,-1.220499,-0.4569231,1.776876
8164,0.1869453,-1.27864,-0.4422346,1.365811
8165,0.1068319,-1.234653,-0.4360771,1.313752
8166,0.0971069,-1.223581,-0.4945381,1.323309
8167,-0.9759448,-1.240895,-0.4418051,1.639353
8168,-0.9023289,-1.289442,-0.433745,1.632481
8169,0.7979187,-0.7949573,-1.459964,1.843943
8170,0.7348049,-0.7568147,-1.45951,1.800798
8171,0.7226975,-0.7118008,-1.459863,1.777682
8172,0.7781096,-0.7215309,-1.459693,1.804651
8173,0.7348033,-0.7568213,-1.459747,1.800993
8174,0.7781449,-0.7215263,-1.459864,1.804803
8175,-0.2926837,-0.7530819,-1.407211,1.622664
8176,-0.3549799,-0.7401819,-1.46,1.674957
8177,-0.3551645,-0.7401305,-1.46,1.674973
8178,-1.46,-0.7771371,-1.46,2.20616
8179,-1.46,-0.7732683,-1.428999,2.184395
8180,-1.46,-0.7757002,-1.46,2.205654
8181,-1.46,-0.7771384,-1.46,2.206161
8182,-1.46,-0.7237018,-1.46,2.187909
8183,-1.46,-0.7412581,-1.431548,2.174947
8184,-1.43688,-0.737677,-1.425131,2.154017
8185,-1.46,-0.7496993,-1.46,2.196645
8186,-1.46,-0.7617714,-1.46,2.200794
8187,-1.46,-0.747095,-1.46,2.195758
8188,-1.46,-0.749701,-1.46,2.196645
8189,-1.46,-0.7471274,-1.412678,2.164592
8190,-1.46,-0.7712331,-1.402738,2.166581
8191,1.20245,-1.45982,-0.998162,2.138525
8192,1.201979,-1.454823,-0.9950852,2.133415
8193,1.202147,-1.455291,-0.9889257,2.130962
8194,1.19823,-1.453579,-0.9839089,2.125259
8195,1.201877,-1.454313,-0.9957333,2.133312
8196,1.202094,-1.455482,-0.995101,2.133936
8197,1.201974,-1.455059,-0.9948757,2.133475
8198,1.266601,-1.46,-0.9754027,2.165015
8199,1.201995,-1.455035,-0.994861,2.133464
8200,1.201992,-1.455685,-0.995213,2.134069
8201,1.201846,-1.454373,-0.9957841,2.133359
8202,1.202034,-1.455198,-0.9947029,2.133523
8203,1.201945,-1.454936,-0.995347,2.133595
8204,1.227244,-1.459406,-0.9996031,2.152952
8205,1.202026,-1.455531,-0.9946332,2.133713
8206,1.201513,-1.454876,-0.9968216,2.133999
8207,1.201951,-1.455185,-0.9952957,2.133744
8208,1.202201,-1.45528,-0.9942659,2.13347
8209,1.202206,-1.455147,-0.9941044,2.133306
8210,1.201793,-1.456048,-0.994875,2.134048
8211,1.259695,-1.46,-0.9755766,2.16106
8212,1.201657,-1.455662,-0.9949226,2.133729
8213,1.202079,-1.455556,-0.9945682,2.13373
8214,1.202137,-1.455558,-0.9944367,2.133703
8215,1.202223,-1.455732,-0.9940672,2.133697
8216,1.202188,-1.45573,-0.9941381,2.133709
8217,1.202212,-1.455272,-0.9942391,2.133458
8218,1.201932,-1.455213,-0.9952282,2.133721
8219,1.20285,-1.45743,-0.9946863,2.135498
8220,1.20214,-1.455337,-0.9951932,2.133906
8221,1.202031,-1.455716,-0.9953117,2.134159
8222,1.201898,-1.454973,-0.9965968,2.134177
8223,1.20188,-1.454915,-0.9966152,2.134136
8224,1.202145,-1.456633,-0.9956341,2.134999
8225,1.201896,-1.45492,-0.9966142,2.134147
8226,1.202248,-1.455648,-0.9939043,2.133579
8227,1.202537,-1.45954,-0.9978828,2.138252
8228,1.201942,-1.454925,-0.9965766,2.134159
8229,1.202274,-1.455641,-0.9938251,2.133552
8230,1.203666,-1.459064,-0.9978127,2.13853
8231,1.201922,-1.454409,-0.9965101,2.133765
8232,1.201907,-1.454937,-0.9965892,2.134154
8233,1.201924,-1.454739,-0.9965562,2.134013
8234,1.2019,-1.454969,-0.9965869,2.134171
8235,0.1633221,-1.402091,-0.9427396,1.697436
8236,0.1583543,-1.46,-0.9167293,1.731205
8237,0.1447821,-1.46,-0.9736883,1.760861
8238,0.1602486,-1.46,-0.9910169,1.771834
8239,0.2066809,-1.46,-0.9417484,1.749631
8240,0.1970994,-1.46,-0.9121622,1.732769
8241,0.1105338,-1.46,-0.9552782,1.748249
8242,-0.9189104,-1.435098,-0.9451069,1.948623
8243,-0.9735913,-1.46,-0.9430499,1.992191
8244,-1.46,-0.5166091,-1.053,1.872777
8245,-1.46,-0.5861441,-1.01075,1.869968
8246,1.248381,-1.278352,-0.5238143,1.861994
8247,1.261241,-1.213579,-0.5018752,1.820819
8248,1.241635,-1.208094,-0.5717224,1.824285
8249,1.210039,-1.256693,-0.5881166,1.841019
8250,1.259559,-1.266294,-0.5690016,1.874501
8251,1.220735,-1.279995,-0.5351285,1.847957
8252,1.241633,-1.208094,-0.5717207,1.824283
8253,1.261248,-1.213574,-0.5018778,1.820821
8254,1.289523,-1.247817,-0.5384635,1.873462
8255,1.202088,-1.201903,-0.5155835,1.776348
8256,0.1830419,-1.204444,-0.5316869,1.329241
8257,0.1716547,-1.277102,-0.5177268,1.388703
8258,0.1525169,-1.233476,-0.5907837,1.376136
8259,0.1352343,-1.209681,-0.5652347,1.342053
8260,-0.9038716,-1.213239,-0.5120741,1.597233
8261,-0.9607959,-1.291149,-0.5287674,1.694045
8262,1.29552,-1.067783,-0.1067443,1.682239
8263,1.295527,-1.067782,-0.1067407,1.682243
8264,1.285702,-1.042867,-0.1845804,1.665735
8265,1.252712,-1.064168,-0.1469227,1.65025
8266,1.25271,-1.064179,-0.1469069,1.650255
8267,1.248778,-1.10073,-0.1533919,1.671701
8268,1.299401,-1.035758,-0.1492375,1.668385
8269,-0.9287466,-1.054567,-0.1048313,1.409139
8270,-0.9704745,-1.069653,-0.1678198,1.454009
8271,1.30598,-1.46,-1.09049,2.241953
8272,1.289232,-1.416617,-1.031592,2.17557
8273,1.221648,-1.46,-1.048441,2.173304
8274,1.215269,-1.46,-1.006954,2.149985
8275,1.207426,-1.449583,-1.050938,2.159546
8276,0.1744366,-1.46,-1.04712,1.805129
8277,0.1281,-1.46,-1.027935,1.790156
8278,0.125619,-1.46,-1.094914,1.829267
8279,0.1491511,-1.46,-1.10313,1.835958
8280,0.1988863,-1.46,-1.09779,1.837471
8281,0.1988717,-1.46,-1.097757,1.83745
8282,0.1679039,-1.459685,-1.046351,1.803808
8283,-0.9511119,-1.46,-1.025744,2.021971
8284,-1.46,-0.57036,-1.09653,1.912927
8285,-1.446258,-0.5165052,-1.180878,1.937243
8286,-1.46,-0.565289,-1.128761,1.930092
8287,1.296587,-1.260497,-0.6416144,1.918765
8288,1.210662,-1.252024,-0.68247,1.87057
8289,1.210684,-1.251992,-0.6824878,1.870569
8290,1.276692,-1.234732,-0.6792271,1.90154
8291,1.252475,-1.244044,-0.6460949,1.879835
8292,1.238616,-1.261756,-0.6181131,1.873036
8293,1.292172,-1.24923,-0.5982445,1.894249
8294,1.299109,-1.208785,-0.6180384,1.879047
8295,0.1420732,-1.271585,-0.6135951,1.419018
8296,0.1251082,-1.239271,-0.654374,1.407
8297,0.1935384,-1.281743,-0.6476088,1.449041
8298,0.1995216,-1.219586,-0.6568204,1.399504
8299,1.298884,-1.089225,-0.2456647,1.712852
8300,1.262286,-1.00269,-0.2619261,1.633205
8301,1.262282,-1.002696,-0.2619227,1.633205
8302,1.290349,-1.059326,-0.2749345,1.69197
8303,1.226826,-1.040495,-0.2514726,1.62818
8304,1.226818,-1.040499,-0.2514766,1.628177
8305,1.26133,-1.066874,-0.2172704,1.666248
8306,1.246545,-1.089364,-0.2443677,1.673411
8307,-0.9107497,-1.09946,-0.2386052,1.447484
8308,-0.9695317,-1.033522,-0.2916228,1.44679
8309,-0.9812399,-1.034353,-0.2125118,1.441485
8310,1.225063,-1.459976,-1.174418,2.238653
8311,1.26653,-1.46,-1.188318,2.268876
8312,1.237518,-1.46,-1.093858,2.204445
8313,1.265984,-1.46,-1.121103,2.234097
8314,1.221416,-1.46,-1.189418,2.244587
8315,1.279879,-1.46,-1.175439,2.269658
8316,0.1410064,-1.419981,-1.119019,1.813403
8317,0.1536482,-1.46,-1.164851,1.874056
8318,0.153658,-1.46,-1.16487,1.874069
8319,0.1101782,-1.46,-1.203576,1.895346
8320,-0.9643145,-1.46,-1.11459,2.074563
8321,-1.46,-0.5661818,-1.287256,2.027114
8322,-1.46,-0.5997875,-1.217227,1.993235
8323,-1.39693,-0.5724893,-1.288702,1.984921
8324,-1.46,-0.5267294,-1.249325,1.99245
8325,1.275875,-1.246097,-0.7580901,1.937864
8326,1.235429,-1.21296,-0.7630079,1.89202
8327,1.298129,-1.231172,-0.6976228,1.920313
8328,1.210061,-1.251315,-0.7578162,1.898505
8329,1.253374,-1.282196,-0.7172547,1.931172
8330,1.253377,-1.282189,-0.7172625,1.931173
8331,1.279354,-1.294857,-0.7760946,1.978819
8332,1.273211,-1.213325,-0.7463599,1.910569
8333,0.1501312,-1.286886,-0.7173457,1.480946
8334,0.150874,-1.288502,-0.7189717,1.483213
8335,0.191275,-1.221961,-0.7201357,1.431213
8336,0.1941654,-1.247923,-0.776264,1.48243
8337,-0.9540818,-1.297207,-0.7373652,1.771081
8338,1.219992,-1.094479,-0.3876455,1.684201
8339,1.241949,-1.055947,-0.3048071,1.658423
8340,1.256922,-1.022515,-0.3592104,1.659645
8341,1.296047,-1.043646,-0.315419,1.693642
8342,1.24253,-1.058508,-0.3505323,1.669488
8343,1.214625,-1.012882,-0.3284791,1.615285
8344,1.21176,-1.005716,-0.3456832,1.612242
8345,1.262876,-1.089156,-0.3278141,1.699582
8346,1.255584,-1.46,-1.242759,2.291842
8347,1.287404,-1.46,-1.213004,2.293554
8348,1.247527,-1.46,-1.272954,2.303982
8349,1.288562,-1.46,-1.262463,2.320734
8350,1.233233,-1.46,-1.221422,2.268113
8351,0.1844197,-1.46,-1.217415,1.909898
8352,0.2089398,-1.46,-1.27844,1.951836
8353,0.124578,-1.46,-1.259132,1.931977
8354,0.160159,-1.46,-1.268394,1.940638
8355,0.1592744,-1.46,-1.226549,1.913476
8356,0.2002533,-1.46,-1.296797,1.963004
8357,0.1565683,-1.46,-1.295055,1.957877
8358,-0.9663872,-1.46,-1.224284,2.13644
8359,-1.46,-0.5587386,-1.33277,2.05428
8360,-1.427427,-0.6042399,-1.342619,2.050678
8361,-1.46,-0.5348874,-1.353123,2.061224
8362,-1.46,-0.4953684,-1.399324,2.08209
8363,-1.46,-0.5703172,-1.392411,2.096586
8364,1.205438,-1.2979,-0.8622537,1.970053
8365,1.242674,-1.262038,-0.8677604,1.972305
8366,1.281637,-1.219341,-0.8849427,1.978007
8367,1.298534,-1.201074,-0.8643615,1.968728
8368,1.239173,-1.298866,-0.8345415,1.979662
8369,1.235618,-1.283989,-0.8052251,1.955446
8370,1.243845,-1.218852,-0.8093418,1.92036
8371,1.275614,-1.255869,-0.878955,1.994232
8372,1.289054,-1.246918,-0.8217389,1.972744
8373,1.206916,-1.212813,-0.8726543,1.920699
8374,0.1710547,-1.270885,-0.810208,1.516854
8375,0.1379014,-1.203828,-0.8051656,1.454823
8376,0.1546678,-1.276604,-0.8657466,1.550212
8377,0.2002169,-1.218766,-0.8603356,1.505209
8378,-0.9995833,-1.300487,-0.8169456,1.832439
8379,-0.9531333,-1.242791,-0.8880146,1.800434
8380,1.251194,-1.057982,-0.4779649,1.706828
8381,1.298895,-1.031045,-0.4887578,1.728892
8382,1.254009,-1.013726,-0.4726793,1.680358
8383,1.20514,-0.9996362,-0.463455,1.632919
8384,1.266341,-1.035026,-0.4095609,1.686013
8385,1.21305,-1.059871,-0.4445396,1.671057
8386,1.229204,-1.071,-0.4111305,1.681372
8387,1.205136,-0.9996445,-0.4634537,1.632921
8388,1.266339,-1.03503,-0.4095524,1.686011
8389,1.296131,-1.073759,-0.4694089,1.747358
8390,1.25578,-1.096348,-0.4479913,1.726169
8391,0.1443913,-1.056035,-0.4861673,1.171502
8392,-0.9801706,-1.038832,-0.5085092,1.516076
8393,-0.9282343,-1.046813,-0.4097736,1.457858
8394,1.213662,-1.46,-1.30755,2.305269
8395,1.209258,-1.46,-1.38616,2.348477
8396,1.253726,-1.46,-1.385128,2.371078
8397,1.256513,-1.46,-1.306951,2.327777
8398,1.25372,-1.46,-1.385127,2.371073
8399,1.254006,-1.46,-1.344453,2.347698
8400,1.209242,-1.46,-1.386149,2.348462
8401,1.299863,-1.46,-1.311735,2.354123
8402,1.213927,-1.46,-1.327067,2.316533
8403,1.297107,-1.46,-1.327735,2.36156
8404,0.1146566,-1.46,-1.311066,1.965614
8405,0.1472893,-1.441665,-1.407034,2.019861
8406,0.1725486,-1.46,-1.358311,2.001595
8407,0.1253738,-1.425588,-1.374928,1.984552
8408,0.1480067,-1.46,-1.338491,1.986219
8409,0.2043896,-1.46,-1.328994,1.984843
8410,0.1588197,-1.46,-1.40662,2.033569
8411,-0.9765215,-1.415133,-1.347378,2.184405
8412,-0.9817243,-1.46,-1.383351,2.238089
8413,-0.9095118,-1.423339,-1.315796,2.141127
8414,-0.9934121,-1.46,-1.303351,2.19481
8415,-0.9517525,-1.46,-1.38588,2.226678
8416,-0.9786717,-1.46,-1.303146,2.188056
8417,0.7333774,-0.5617268,-1.459846,1.727579
8418,0.770422,-0.4996323,-1.459498,1.724331
8419,0.7515036,-0.5312679,-1.459847,1.725734
8420,0.7956647,-0.5565278,-1.45982,1.753248
8421,0.7956563,-0.556532,-1.459838,1.753261
8422,0.7050399,-0.5568391,-1.45977,1.714082
8423,-0.3544621,-0.5724835,-1.46,1.607788
8424,-0.3084478,-0.5591884,-1.459676,1.593263
8425,-1.398911,-0.5147229,-1.46,2.086502
8426,-1.46,-0.5685304,-1.410698,2.108292
8427,-1.46,-0.5630872,-1.46,2.140156
8428,-1.46,-0.5628682,-1.46,2.140098
8429,-1.46,-0.5331391,-1.46,2.132472
8430,-1.46,-0.533138,-1.46,2.132472
8431,-1.46,-0.5224528,-1.413796,2.098422
8432,1.263922,-1.275699,-0.9566305,2.034711
8433,1.2639,-1.275735,-0.9566295,2.034719
8434,1.202443,-1.291297,-0.8963996,1.979103
8435,1.20726,-1.233258,-0.9416009,1.965963
8436,1.268532,-1.22358,-0.9979104,2.025376
8437,1.250116,-1.236612,-0.9849337,2.015464
8438,1.228112,-1.278559,-0.9209068,1.997759
8439,1.290848,-1.221154,-0.9253911,2.003461
8440,1.20726,-1.233255,-0.9416023,1.965963
8441,0.1533527,-1.252013,-0.9689409,1.590566
8442,0.1670168,-1.275699,-0.8953518,1.567468
8443,0.1916842,-1.211945,-0.9141008,1.530076
8444,-0.9865764,-1.305966,-0.9450597,1.889978
8445,1.250447,-1.027631,-0.5446505,1.707714
8446,1.250421,-1.027628,-0.54465,1.707693
8447,1.231354,-1.07184,-0.5095071,1.710167
8448,1.247064,-1.080965,-0.5697681,1.745935
8449,1.213222,-1.079697,-0.5213586,1.705716
8450,1.297101,-1.083312,-0.5079151,1.764657
8451,1.276224,-1.066046,-0.5803831,1.761263
8452,0.131218,-0.9903702,-0.5298187,1.130822
8453,0.1683312,-1.02654,-0.5817882,1.191888
8454,0.1992161,-1.079964,-0.5441509,1.225606
8455,0.199217,-1.079964,-0.5441505,1.225606
8456,-0.9047891,-1.05429,-0.5707986,1.501993
8457,1.230586,-1.46,-1.46,2.403652
8458,1.274959,-1.4599,-1.458562,2.425743
8459,1.274991,-1.459901,-1.458564,2.425762
8460,1.214561,-1.46,-1.46,2.395487
8461,1.230565,-1.46,-1.46,2.403641
8462,0.1422395,-1.46,-1.46,2.069645
8463,0.1422468,-1.46,-1.46,2.069646
8464,-0.9129782,-1.46,-1.46,2.257594
8465,-0.9828975,-1.411768,-1.46,2.256275
8466,-0.9257855,-1.46,-1.46,2.262803
8467,-0.9091017,-1.420363,-1.422827,2.20643
8468,-0.9654173,-1.46,-1.449065,2.272316
8469,-0.9811745,-1.46,-1.46,2.286024
8470,-0.9579024,-1.46,-1.46,2.276132
8471,-0.9441524,-1.46,-1.43058,2.251574
8472,-0.9466826,-1.446933,-1.412782,2.232885
8473,1.296017,-1.24709,-1.055352,2.085345
8474,1.222107,-1.23749,-1.062316,2.037999
8475,1.222102,-1.237493,-1.062312,2.037997
8476,1.261549,-1.261136,-1.039068,2.064372
8477,1.29601,-1.247089,-1.055332,2.08533
8478,0.1626192,-1.260386,-1.052437,1.650043
8479,0.1628079,-1.261005,-1.0524,1.650511
8480,0.2027199,-1.212318,-1.073265,1.63178
8481,0.202824,-1.212413,-1.072956,1.631661
8482,0.1168756,-1.272497,-1.051282,1.654721
8483,-0.9838681,-1.263998,-1.035995,1.907609
8484,1.299084,-1.060403,-0.6286933,1.790902
8485,1.278993,-1.024973,-0.6153388,1.750724
8486,1.242144,-1.058699,-0.6189151,1.745515
8487,1.26639,-1.043229,-0.6758602,1.774502
8488,1.243848,-1.09203,-0.6756213,1.787778
8489,1.234971,-1.027806,-0.6292924,1.725557
8490,1.220694,-1.056072,-0.6672599,1.746601
8491,1.279792,-1.005643,-0.6734942,1.761471
8492,0.1452132,-1.083304,-0.6935096,1.294446
8493,0.1233158,-1.028907,-0.6448157,1.22051
8494,0.2103633,-1.021777,-0.6292824,1.218309
8495,0.1993382,-1.001685,-0.6423737,1.206546
8496,0.1755441,-1.090935,-0.6180034,1.26605
8497,-0.9750423,-1.086799,-0.6213699,1.586802
8498,-0.906744,-1.06223,-0.6935355,1.559329
8499,-0.9856137,-1.007915,-0.6050808,1.534096
8500,1.270113,-1.292416,-1.112151,2.126125
8501,1.212611,-1.290866,-1.101335,2.085593
8502,1.241035,-1.243283,-1.117214,2.081847
8503,1.300917,-1.251837,-1.145322,2.138047
8504,1.291882,-1.267355,-1.102618,2.119177
8505,1.271892,-1.244527,-1.181485,2.135992
8506,1.212652,-1.246649,-1.15283,2.086547
8507,1.248799,-1.264993,-1.155786,2.12027
8508,0.1144108,-1.262419,-1.176957,1.729746
8509,0.1898092,-1.239231,-1.183414,1.724004
8510,0.1537501,-1.250461,-1.131027,1.693078
8511,0.1898084,-1.239227,-1.183409,1.723997
8512,0.1213312,-1.302211,-1.119049,1.721262
8513,0.1789186,-1.295055,-1.110944,1.715627
8514,-0.9018079,-1.206696,-1.177142,1.911815
8515,-0.9087927,-1.278785,-1.116108,1.925329
8516,-0.9903553,-1.242716,-1.159758,1.967279
8517,1.267644,-1.09589,-0.7453724,1.833978
8518,1.219081,-1.094024,-0.759562,1.805541
8519,1.219074,-1.094021,-0.7595637,1.805536
8520,1.238204,-1.002436,-0.7969813,1.78135
8521,1.29716,-1.035907,-0.7466542,1.820225
8522,1.217974,-1.055935,-0.6996203,1.75725
8523,1.208637,-1.021847,-0.7507368,1.751737
8524,1.254993,-1.043731,-0.7662968,1.803217
8525,1.289708,-1.083807,-0.7027255,1.825324
8526,1.24766,-1.043145,-0.732552,1.783659
8527,0.1578653,-1.029616,-0.7128845,1.262234
8528,0.1528932,-1.039438,-0.7923831,1.315933
8529,-0.9394003,-1.031487,-0.764575,1.590916
8530,-0.9749521,-0.8681377,-0.3642712,1.355318
8531,1.25778,-1.216037,-1.22788,2.137392
8532,1.26621,-1.256464,-1.280325,2.195728
8533,1.231088,-1.247649,-1.234089,2.143637
8534,1.217126,-1.223528,-1.200485,2.10228
8535,1.289926,-1.283557,-1.221977,2.191952
8536,1.243264,-1.249869,-1.275084,2.175711
8537,1.28973,-1.198879,-1.215873,2.139874
8538,1.289916,-1.283545,-1.221983,2.191942
8539,0.1511954,-1.287676,-1.246396,1.798464
8540,0.15118,-1.287701,-1.246418,1.798496
8541,0.1260926,-1.23256,-1.211918,1.733161
8542,0.1206486,-1.213892,-1.257685,1.752102
8543,0.1206732,-1.213877,-1.257679,1.752089
8544,0.1817614,-1.221972,-1.255841,1.761643
8545,0.1807821,-1.300339,-1.292696,1.842451
8546,-1.005065,-1.270105,-1.291438,2.071506
8547,-0.9205679,-1.243035,-1.248609,1.987864
8548,1.2251,-1.031501,-0.8678159,1.82153
8549,1.267748,-1.059214,-0.824656,1.846395
8550,1.294631,-1.05357,-0.8840352,1.888809
8551,1.235,-1.090856,-0.8203639,1.840704
8552,1.294822,-1.000767,-0.8216763,1.831188
8553,1.286362,-1.060302,-0.8960828,1.892599
8554,1.21643,-1.035938,-0.8756928,1.822006
8555,1.267756,-1.059201,-0.8246512,1.846391
8556,1.294844,-1.00077,-0.8216673,1.831202
8557,0.1974627,-1.073434,-0.8747017,1.398698
8558,0.1395157,-1.059181,-0.9073674,1.401658
8559,0.1248644,-1.063677,-0.8565496,1.371378
8560,0.1671474,-1.054196,-0.8429349,1.360076
8561,-0.9698623,-1.040778,-0.8535197,1.65902
8562,1.239963,-0.8414269,-0.4808457,1.57376
8563,1.260329,-0.8898861,-0.40268,1.594515
8564,1.290288,-0.8637514,-0.4142315,1.607015
8565,1.216858,-0.8879666,-0.4490292,1.571896
8566,1.297674,-0.8141819,-0.4613451,1.599903
8567,1.271719,-0.8708733,-0.4788047,1.613984
8568,1.239981,-0.8414267,-0.480837,1.573772
8569,1.216859,-0.8879455,-0.4490324,1.571885
8570,1.260333,-0.8898872,-0.4026709,1.594517
8571,-0.9257178,-0.8338184,-0.443991,1.322624
8572,1.205374,-1.283116,-1.342475,2.213945
8573,1.287403,-1.240632,-1.322038,2.223592
8574,1.228715,-1.254443,-1.340148,2.208928
8575,1.266797,-1.229908,-1.39972,2.253145
8576,1.218813,-1.268076,-1.398524,2.247085
8577,1.253713,-1.230312,-1.346126,2.213033
8578,1.234098,-1.201992,-1.392296,2.21501
8579,1.29224,-1.199417,-1.350641,2.220971
8580,1.215007,-1.201144,-1.306592,2.150854
8581,1.263596,-1.291619,-1.346234,2.253287
8582,1.201891,-1.233645,-1.391253,2.214048
8583,0.1699091,-1.203587,-1.337518,1.807331
8584,0.1304088,-1.296817,-1.296574,1.838435
8585,0.1865539,-1.292167,-1.40278,1.916322
8586,0.1766031,-1.304338,-1.35152,1.886556
8587,0.1992048,-1.237142,-1.321354,1.821038
8588,0.1515197,-1.271632,-1.348907,1.859988
8589,0.1471119,-1.259461,-1.310632,1.823634
8590,0.1544165,-1.246465,-1.394424,1.876682
8591,0.2103762,-1.254641,-1.313571,1.82862
8592,0.167869,-1.211782,-1.393643,1.85441
8593,0.123911,-1.233273,-1.397054,1.867639
8594,-0.9600896,-1.272109,-1.347394,2.086984
8595,0.7599201,-0.3266736,-1.459522,1.677617
8596,0.7068939,-0.3033825,-1.459974,1.650231
8597,0.7599229,-0.326667,-1.459515,1.677611
8598,0.7244383,-0.3783754,-1.459635,1.672875
8599,0.706883,-0.3033678,-1.459972,1.650222
8600,0.7244244,-0.3783881,-1.459696,1.672926
8601,-1.46,-0.3296622,-1.46,2.090904
8602,-1.46,-0.3485214,-1.46,2.09396
8603,1.234106,-1.009072,-0.9325499,1.846861
8604,1.227123,-1.062206,-0.9693431,1.890433
8605,1.299264,-1.090811,-0.9400591,1.939502
8606,1.252821,-1.04463,-0.9509812,1.888168
8607,1.285696,-1.043596,-0.963029,1.915602
8608,1.244336,-1.074883,-0.9061773,1.877472
8609,0.1635914,-1.039874,-0.9444513,1.414245
8610,-0.9113241,-1.091786,-0.9302843,1.699393
8611,1.255567,-0.8468544,-0.5268626,1.603495
8612,1.201463,-0.8618811,-0.5104254,1.564252
8613,1.260849,-0.8026039,-0.5754772,1.601589
8614,1.224712,-0.8514702,-0.5761464,1.59902
8615,1.294188,-0.8200452,-0.5214723,1.618435
8616,1.226512,-0.8457818,-0.5429608,1.585713
8617,-0.9476191,-0.809997,-0.5451106,1.360596
8618,1.282503,-1.262297,-1.46,2.317285
8619,1.257377,-1.269654,-1.401454,2.270923
8620,1.280015,-1.284301,-1.46,2.327975
8621,1.224227,-1.267629,-1.46,2.288496
8622,1.233346,-1.254195,-1.46,2.28599
8623,1.263332,-1.219617,-1.46,2.283653
8624,1.275926,-1.204248,-1.46,2.282499
8625,0.1439457,-1.30206,-1.407344,1.922679
8626,0.1301652,-1.223353,-1.46,1.909224
8627,0.148082,-1.280185,-1.46,1.947409
8628,0.1660423,-1.260338,-1.46,1.935877
8629,0.2001521,-1.253659,-1.46,1.934766
8630,0.1124799,-1.277649,-1.411996,1.907556
8631,-0.9468244,-1.220828,-1.46,2.125676
8632,-0.981966,-1.268703,-1.406016,2.133248
8633,-0.9538616,-1.260664,-1.46,2.151912
8634,-0.9420508,-1.310807,-1.46,2.176528
8635,-0.8991252,-1.282309,-1.409424,2.106945
8636,-1.001737,-1.224081,-1.46,2.152545
8637,1.211194,-1.048024,-1.071935,1.927275
8638,1.286333,-1.075436,-1.039111,1.972554
8639,1.286335,-1.075432,-1.039113,1.972553
8640,1.248718,-1.065432,-1.003872,1.92411
8641,1.248071,-1.002796,-1.020013,1.898343
8642,1.23436,-1.088136,-1.05598,1.955193
8643,1.235277,-1.027008,-1.069258,1.929759
8644,1.297122,-1.014098,-1.068688,1.962909
8645,1.296846,-1.026264,-1.003725,1.934553
8646,1.297129,-1.014107,-1.068685,1.962917
8647,1.248075,-1.00279,-1.020021,1.898347
8648,0.1907224,-1.08393,-1.039929,1.514177
8649,0.1807037,-1.000907,-1.017369,1.438579
8650,0.1886124,-0.9955972,-1.064517,1.469689
8651,0.1523015,-1.072645,-1.088852,1.536021
8652,0.1421021,-1.013417,-1.07213,1.482117
8653,0.1344103,-1.057034,-0.9917004,1.455629
8654,0.1154508,-1.088671,-1.045091,1.513522
8655,-0.9320393,-1.108741,-1.095622,1.816147
8656,-0.9607897,-1.04323,-1.043587,1.760829
8657,1.215426,-0.897556,-0.6718398,1.653553
8658,1.222685,-0.8150771,-0.6218793,1.595632
8659,1.294423,-0.844825,-0.6480224,1.676065
8660,1.239381,-0.8680904,-0.603276,1.628984
8661,1.294429,-0.8448179,-0.6480199,1.676065
8662,1.271414,-0.8955935,-0.6510647,1.685961
8663,1.232416,-0.8410251,-0.646207,1.625963
8664,1.2307,-0.8187884,-0.6871685,1.630103
8665,1.258609,-0.8047815,-0.6930029,1.646822
8666,-0.9579194,-0.8870709,-0.6145929,1.442993
8667,1.277439,-1.040059,-1.141631,2.004219
8668,1.25533,-1.052406,-1.102567,1.974605
8669,1.224624,-1.041531,-1.152828,1.978258
8670,1.276325,-1.094072,-1.157702,2.041145
8671,1.208119,-1.0758,-1.134224,1.975693
8672,1.241435,-1.088376,-1.102874,1.985461
8673,1.255218,-1.004582,-1.1124,1.955043
8674,1.250587,-1.067498,-1.185595,2.027105
8675,0.2046441,-1.078005,-1.107296,1.55887
8676,0.1752189,-1.011843,-1.128393,1.525712
8677,-0.9087263,-1.018472,-1.151309,1.78566
8678,1.243666,-0.8971357,-0.7328725,1.699606
8679,1.207714,-0.8566108,-0.7676846,1.667841
8680,1.240397,-0.8331127,-0.7335575,1.664563
8681,1.276536,-0.884266,-0.6978554,1.70249
8682,1.238271,-0.8536125,-0.7907485,1.699192
8683,1.283374,-0.8378393,-0.7245691,1.695295
8684,1.235028,-0.8590504,-0.6976683,1.658313
8685,1.269486,-0.821775,-0.781956,1.702458
8686,1.285825,-0.8748492,-0.7578356,1.730035
8687,-0.9604637,-0.8821059,-0.7095638,1.484615
8688,-0.4654795,-1.378881,0.1962418,1.468501
8689,-0.4659258,-1.378281,0.195857,1.468028
8690,-0.4866681,-1.376873,0.1408313,1.467126
8691,-0.4658595,-1.378309,0.1958149,1.468028
8692,1.234239,-1.049925,-1.270746,2.059244
8693,1.265503,-1.019904,-1.226537,2.036196
8694,1.234234,-1.049916,-1.270749,2.059238
8695,1.264915,-1.046657,-1.204734,2.03639
8696,1.289415,-1.05793,-1.255209,2.087428
8697,0.1580308,-1.091872,-1.251777,1.668564
8698,0.1580269,-1.091882,-1.251765,1.66856
8699,0.1145001,-1.056002,-1.220875,1.618267
8700,0.147398,-1.00041,-1.212793,1.579054
8701,0.1568036,-1.02049,-1.270842,1.637384
8702,0.1788562,-1.070605,-1.195235,1.61455
8703,0.2111955,-1.034027,-1.251615,1.637179
8704,0.2068453,-1.022572,-1.197902,1.588524
8705,0.1473761,-1.000432,-1.212782,1.579059
8706,0.2094916,-1.004576,-1.213995,1.589605
8707,0.1788667,-1.070605,-1.195237,1.614553
8708,-0.9312865,-1.067215,-1.30078,1.923089
8709,-0.9877666,-1.08087,-1.232914,1.914168
8710,1.27858,-0.8428541,-0.8523923,1.752639
8711,1.267137,-0.8794683,-0.8143382,1.744204
8712,1.237612,-0.8825716,-0.8843198,1.75859
8713,1.227513,-0.8655269,-0.8508247,1.726218
8714,1.245713,-0.8219612,-0.8468431,1.715973
8715,-1.004002,-0.8129605,-0.8681638,1.556481
8716,0.6239843,-1.340186,0.02393845,1.478522
8717,0.6239619,-1.340184,0.02393471,1.478511
8718,-0.4085388,-1.395955,0.01818619,1.454622
8719,1.205983,-1.014599,-1.316021,2.053221
8720,1.236841,-1.001413,-1.349,2.086242
8721,1.275569,-1.008978,-1.397633,2.14441
8722,1.260143,-1.079259,-1.316951,2.118283
8723,1.275572,-1.009011,-1.397631,2.144426
8724,1.280418,-1.014077,-1.306826,2.091797
8725,1.25268,-1.055172,-1.371919,2.136529
8726,1.284018,-1.071839,-1.334147,2.139507
8727,1.280417,-1.014076,-1.306826,2.091796
8728,1.225813,-1.053651,-1.342576,2.101263
8729,0.1341954,-1.008505,-1.390038,1.722585
8730,0.1138623,-1.025113,-1.295199,1.655706
8731,0.1915211,-1.020702,-1.354574,1.706864
8732,0.1622731,-1.067041,-1.313582,1.700119
8733,0.1444352,-1.056682,-1.396893,1.757483
8734,0.1459402,-1.070397,-1.363416,1.739526
8735,0.1622707,-1.067042,-1.313596,1.700131
8736,0.188844,-1.042841,-1.39491,1.751842
8737,-0.9185637,-1.028623,-1.395831,1.962185
8738,-0.9770336,-1.029811,-1.346138,1.956321
8739,1.253642,-0.8595897,-0.9668549,1.801478
8740,1.254353,-0.8343747,-0.9029547,1.756391
8741,1.254356,-0.8343675,-0.9029572,1.756391
8742,1.227633,-0.8851399,-0.9110242,1.766499
8743,1.258783,-0.7983053,-0.9934788,1.79132
8744,1.253643,-0.8595696,-0.9668593,1.801471
8745,0.6794361,-1.371739,-0.04388636,1.531413
8746,0.6855749,-1.352853,-0.03116013,1.516969
8747,1.241952,-1.038271,-1.46,2.17992
8748,1.219662,-1.034312,-1.46,2.165405
8749,1.293912,-1.070306,-1.46,2.225166
8750,1.262884,-1.060295,-1.46,2.202431
8751,1.235393,-1.049899,-1.400046,2.142105
8752,0.1519735,-1.01098,-1.46,1.782351
8753,0.137435,-1.043711,-1.46,1.799951
8754,0.1619892,-1.099055,-1.46,1.834601
8755,0.1833968,-1.075744,-1.46,1.822762
8756,0.1390593,-1.070915,-1.46,1.815984
8757,0.1851569,-1.029063,-1.46,1.795788
8758,-0.9194297,-1.074116,-1.46,2.032407
8759,-0.9762795,-1.002501,-1.429178,2.00017
8760,-0.9681236,-1.07825,-1.46,2.057058
8761,1.292079,-0.8805552,-1.032289,1.873624
8762,1.224626,-0.8378758,-1.045107,1.814936
8763,1.226553,-0.8084586,-1.02707,1.79246
8764,1.215528,-0.8894225,-1.030481,1.824958
8765,1.254443,-0.8836552,-1.018812,1.841861
8766,1.271033,-0.8256286,-1.063743,1.851685
8767,1.271986,-0.8243997,-1.009645,1.821254
8768,1.276191,-0.8692871,-1.083767,1.886498
8769,1.227525,-0.8196707,-1.098689,1.840053
8770,0.1215031,-0.799448,-1.043299,1.319983
8771,0.1935162,-0.8409836,-1.064655,1.370472
8772,0.1896682,-0.8709416,-1.004467,1.342932
8773,0.1935176,-0.8409752,-1.064655,1.370467
8774,0.1255521,-0.8590873,-1.013822,1.334777
8775,0.1255494,-0.8590872,-1.013821,1.334776
8776,-0.4864282,-1.344399,-0.1793793,1.440902
8777,1.295183,-0.8252723,-1.19502,1.945931
8778,1.29518,-0.8252665,-1.19502,1.945926
8779,1.283595,-0.8776498,-1.137033,1.926326
8780,1.297019,-0.8169447,-1.129739,1.904197
8781,1.29702,-0.8169476,-1.129741,1.9042
8782,1.243688,-0.8523546,-1.152748,1.897919
8783,1.243702,-0.8523532,-1.152751,1.897929
8784,1.233768,-0.860806,-1.103513,1.86572
8785,0.1826765,-0.8185905,-1.147583,1.42141
8786,0.1628039,-0.8629335,-1.137254,1.436839
8787,0.1826849,-0.8185903,-1.147577,1.421407
8788,0.1628063,-0.8629352,-1.137251,1.436838
8789,0.1260449,-0.8021265,-1.185406,1.436831
8790,-0.9150944,-0.7911093,-1.137243,1.660293
8791,1.262799,-0.6989,-0.7070389,1.60718
8792,1.2628,-0.6989038,-0.7070161,1.607172
8793,1.261116,-0.6967737,-0.758275,1.628155
8794,1.29396,-0.6601382,-0.7369993,1.62889
8795,1.293966,-0.6601344,-0.7370046,1.628896
8796,1.223435,-0.6928831,-0.7813781,1.608549
8797,-0.4123072,-1.3822,-0.2100057,1.457592
8798,-0.4499393,-1.369204,-0.2770503,1.467624
8799,1.249229,-0.8748903,-1.288164,1.99634
8800,1.21926,-0.8759932,-1.203346,1.924058
8801,1.249295,-0.841478,-1.238456,1.950024
8802,1.219243,-0.8759996,-1.203372,1.924067
8803,1.249297,-0.8414725,-1.238451,1.950021
8804,1.212886,-0.8003684,-1.268685,1.929053
8805,0.1742365,-0.8252422,-1.225073,1.487342
8806,0.1856202,-0.8033397,-1.25396,1.500741
8807,0.1523843,-0.8940679,-1.234703,1.532015
8808,0.19531,-0.832064,-1.234192,1.501235
8809,0.1306642,-0.8725408,-1.279759,1.554408
8810,-0.9752578,-0.881775,-1.233518,1.802837
8811,1.240535,-0.6703751,-0.8138678,1.628101
8812,1.237399,-0.6699001,-0.8801391,1.659689
8813,1.266579,-0.6102613,-0.8891325,1.66349
8814,1.243986,-0.647234,-0.8345631,1.631842
8815,1.266549,-0.6102456,-0.8891351,1.663463
8816,1.243968,-0.6472361,-0.834567,1.631831
8817,1.217201,-0.6732265,-0.8669233,1.639014
8818,-0.956193,-0.6697167,-0.8269764,1.430635
8819,0.6648543,-1.373372,-0.3967229,1.576569
8820,0.6286858,-1.356247,-0.3971197,1.546724
8821,0.6454348,-1.376356,-0.3668917,1.563826
8822,0.6991575,-1.37073,-0.3655135,1.581557
8823,0.6991572,-1.370736,-0.3655305,1.581566
8824,0.6653749,-1.371121,-0.302361,1.553743
8825,0.6365487,-1.36386,-0.3423767,1.543545
8826,0.6653637,-1.371125,-0.3023711,1.553744
8827,-0.4529642,-1.336489,-0.3563388,1.455458
8828,1.185546,-1.459706,1.454313,2.377244
8829,1.185546,-1.459211,1.454287,2.376924
8830,1.148593,-1.459091,1.41902,2.337055
8831,1.148588,-1.459979,1.419017,2.337606
8832,1.262269,-0.8720592,-1.341233,2.037822
8833,1.230316,-0.8483359,-1.301072,1.981449
8834,1.216436,-0.7979815,-1.391754,2.013323
8835,1.292221,-0.8332971,-1.327093,2.031106
8836,1.222825,-0.8929271,-1.331419,2.016258
8837,1.262633,-0.8230247,-1.367298,2.034973
8838,1.248196,-0.8222816,-1.326345,1.998332
8839,1.216428,-0.797984,-1.391757,2.013322
8840,1.247412,-0.8751842,-1.397864,2.067851
8841,0.1839424,-0.8645554,-1.383987,1.642166
8842,0.1972895,-0.810827,-1.323511,1.564623
8843,0.1654963,-0.8619676,-1.383549,1.63847
8844,0.166234,-0.8304334,-1.333855,1.580007
8845,0.1336014,-0.8654019,-1.367075,1.623473
8846,0.1954321,-0.8876482,-1.354432,1.631134
8847,0.172538,-0.8009208,-1.390355,1.613794
8848,0.1968597,-0.87838,-1.304364,1.584826
8849,-0.9137024,-0.854475,-1.332389,1.827633
8850,1.271969,-0.6949682,-0.941848,1.728572
8851,1.208627,-0.6717046,-0.9763947,1.692724
8852,1.290811,-0.6669105,-0.9872537,1.756597
8853,1.235231,-0.6033118,-0.9817081,1.68924
8854,1.226917,-0.6036996,-0.9786491,1.681527
8855,1.224625,-0.6468726,-0.9601766,1.685257
8856,1.266428,-0.6100796,-0.9915377,1.720228
8857,1.243162,-0.6664904,-0.9245018,1.686525
8858,0.6756122,-1.381576,-0.4456621,1.601193
8859,0.7058248,-1.381305,-0.4929178,1.627624
8860,0.6541303,-1.300508,-0.4976359,1.538457
8861,0.6541492,-1.30049,-0.4975993,1.538438
8862,0.6252291,-1.386685,-0.4604375,1.589279
8863,0.6252361,-1.386683,-0.4604309,1.589279
8864,0.6413347,-1.304062,-0.4436459,1.519444
8865,0.6836772,-1.320059,-0.4104136,1.542209
8866,0.6755972,-1.381578,-0.4456705,1.601191
8867,0.6413283,-1.304065,-0.4436412,1.519442
8868,-0.4590108,-1.32813,-0.4615906,1.479083
8869,-0.4623347,-1.402903,-0.4082832,1.532509
8870,-0.4212954,-1.396594,-0.4635706,1.530642
8871,1.12736,-1.459291,1.34489,2.282367
8872,1.127391,-1.459237,1.344933,2.282374
8873,1.1757,-1.459205,1.339125,2.303216
8874,1.109623,-1.459798,1.402574,2.308568
8875,1.109623,-1.459097,1.402582,2.30813
8876,-0.4262739,-1.160114,-0.0505937,1.236986
8877,-0.4262703,-1.160118,-0.05059969,1.236989
8878,1.265351,-0.8822551,-1.46,2.123932
8879,1.218942,-0.8127561,-1.46,2.068331
8880,1.2494,-0.8552496,-1.401363,2.063073
8881,1.297821,-0.8379571,-1.46,2.125585
8882,1.224428,-0.8433979,-1.46,2.083781
8883,1.264419,-0.8461229,-1.46,2.10862
8884,0.1307835,-0.7933885,-1.395865,1.610904
8885,0.1164801,-0.8056485,-1.46,1.671597
8886,0.1355074,-0.8929911,-1.46,1.716798
8887,0.1931577,-0.8374643,-1.46,1.694183
8888,0.1542245,-0.8392671,-1.46,1.691081
8889,0.1577954,-0.8207376,-1.46,1.682293
8890,-0.9139285,-0.8047075,-1.46,1.901163
8891,-0.9290947,-0.8905625,-1.46,1.946258
8892,-0.9753606,-0.8631076,-1.3974,1.910238
8893,1.213377,-0.6935651,-1.036081,1.739765
8894,1.294667,-0.6594012,-1.098034,1.821167
8895,1.247372,-0.6055762,-1.093212,1.765721
8896,1.284808,-0.6486135,-1.058814,1.786762
8897,1.258472,-0.6357433,-1.036424,1.749885
8898,1.263932,-0.6713712,-0.9998778,1.745858
8899,1.234551,-0.6646259,-1.071962,1.764921
8900,1.206016,-0.6586975,-1.09824,1.759115
8901,-0.9051547,-0.6100854,-1.019507,1.493621
8902,0.6127043,-1.385757,-0.5599495,1.615324
8903,0.6224743,-1.305664,-0.583159,1.559586
8904,0.6244042,-1.376148,-0.505745,1.593562
8905,0.6733943,-1.384449,-0.5294057,1.628014
8906,0.6981569,-1.30254,-0.5536582,1.578154
8907,0.6485084,-1.305482,-0.55123,1.558429
8908,0.6734124,-1.384447,-0.5293952,1.628017
8909,0.7011805,-1.305336,-0.5789334,1.590824
8910,0.6375002,-1.373885,-0.592174,1.626234
8911,0.6290727,-1.363722,-0.5254332,1.591085
8912,0.6620349,-1.388966,-0.5858861,1.646444
8913,-0.4334946,-1.308907,-0.5937147,1.501217
8914,-0.4230718,-1.395274,-0.5539539,1.559694
8915,-0.4901341,-1.330789,-0.531026,1.514338
8916,1.114288,-1.458532,1.295521,2.246626
8917,1.181066,-1.458457,1.293008,2.279009
8918,1.175948,-1.458365,1.238906,2.246011
8919,1.175956,-1.458372,1.238898,2.246017
8920,1.129482,-1.458931,1.247762,2.227357
8921,1.181069,-1.45846,1.293004,2.279011
8922,1.114285,-1.458526,1.295517,2.246618
8923,1.265472,-0.6167512,-1.109336,1.792325
8924,1.263732,-0.6740121,-1.130101,1.824401
8925,1.221495,-0.6498595,-1.199385,1.83109
8926,1.206462,-0.6555341,-1.132965,1.780136
8927,1.212574,-0.6662024,-1.166843,1.809885
8928,1.276344,-0.690437,-1.186627,1.874524
8929,1.262089,-0.6168317,-1.15102,1.816094
8930,1.276063,-0.6355672,-1.16673,1.842157
8931,-0.892828,-0.6394251,-1.156598,1.594906
8932,-0.997737,-0.6572768,-1.205963,1.697598
8933,0.6932559,-1.307694,-0.6978874,1.636372
8934,0.632857,-1.307205,-0.6457053,1.589411
8935,0.6328259,-1.306617,-0.6815494,1.603816
8936,0.6749415,-1.305423,-0.627115,1.597795
8937,0.6996775,-1.385936,-0.6621175,1.687829
8938,0.6996659,-1.385952,-0.662122,1.687839
8939,0.6414819,-1.389087,-0.6676219,1.669365
8940,0.6746996,-1.377325,-0.6115144,1.651119
8941,0.6675252,-1.374791,-0.6970923,1.679755
8942,0.6749359,-1.305422,-0.6271079,1.597789
8943,0.6513276,-1.358594,-0.6490018,1.64049
8944,-0.4087014,-1.388144,-0.6431205,1.583536
8945,-0.4572145,-1.343695,-0.6903316,1.578328
8946,1.144551,-1.459189,1.141423,2.177631
8947,1.114587,-1.458788,1.197038,2.191636
8948,1.192501,-1.459009,1.124144,2.194189
8949,1.181837,-1.459454,1.1856,2.220899
8950,1.181832,-1.459235,1.185591,2.220747
8951,1.114584,-1.458996,1.197039,2.191773
8952,1.14457,-1.459239,1.141411,2.177668
8953,-0.4876627,-1.114807,-0.2245328,1.237346
8954,-0.4327218,-1.187348,-0.2216421,1.283031
8955,1.281601,-0.6428355,-1.210905,1.876707
8956,1.202587,-0.6871388,-1.275787,1.883085
8957,1.265972,-0.6430648,-1.238776,1.884352
8958,1.226161,-0.6103846,-1.245999,1.851635
8959,1.226163,-0.6104026,-1.246009,1.85165
8960,1.258045,-0.6928207,-1.247021,1.902035
8961,1.258042,-0.6928025,-1.24703,1.902033
8962,-0.9117992,-0.701941,-1.272135,1.71535
8963,-0.9736246,-0.5983438,-1.297028,1.728653
8964,0.6320016,-1.38256,-0.7216892,1.682775
8965,0.6762031,-1.315197,-0.702957,1.63742
8966,0.6850314,-1.387529,-0.7451636,1.71749
8967,0.6746951,-1.342556,-0.7933096,1.69912
8968,0.6316175,-1.314966,-0.7977116,1.662654
8969,0.682718,-1.313253,-0.7570999,1.662509
8970,0.6413063,-1.384458,-0.7721549,1.710035
8971,0.6381644,-1.385469,-0.7869901,1.71643
8972,0.6850348,-1.387531,-0.7451774,1.717499
8973,0.6220368,-1.360522,-0.7103373,1.656058
8974,0.6256036,-1.314926,-0.741591,1.634126
8975,0.6255937,-1.314918,-0.7416177,1.634128
8976,-0.4653259,-1.404954,-0.7468039,1.657752
8977,-0.4642138,-1.325634,-0.769732,1.601652
8978,1.151623,-1.459272,1.074056,2.14693
8979,1.174444,-1.45977,1.094135,2.16965
8980,1.171491,-1.459758,1.034168,2.138408
8981,1.114925,-1.459157,1.065466,2.123067
8982,1.142325,-1.459468,1.028384,2.119558
8983,1.11026,-1.459781,1.102078,2.139676
8984,-0.4900537,-1.175452,-0.3777902,1.328369
8985,-0.4017654,-1.151648,-0.3938139,1.281717
8986,1.250039,-0.6339191,-1.303073,1.913753
8987,1.250047,-0.6339197,-1.303071,1.913757
8988,1.290609,-0.6420091,-1.345467,1.971834
8989,1.205738,-0.6141228,-1.393303,1.942227
8990,1.239711,-0.6876538,-1.332014,1.945253
8991,1.242249,-0.6709113,-1.393298,1.983579
8992,1.205712,-0.6141335,-1.39331,1.942219
8993,1.203445,-0.5997091,-1.33128,1.892151
8994,1.262021,-0.6239467,-1.376088,1.96866
8995,1.20346,-0.5997162,-1.331291,1.892171
8996,1.245868,-0.6735666,-1.331379,1.943823
8997,1.242255,-0.6709185,-1.393299,1.983585
8998,-0.978213,-0.7119591,-1.348446,1.811654
8999,0.6199891,-1.36023,-0.8511003,1.720169
9000,0.6852182,-1.322003,-0.81765,1.698755
9001,0.6356721,-1.377589,-0.8805153,1.754177
9002,0.6698161,-1.301604,-0.8503951,1.692926
9003,0.6574368,-1.312698,-0.8718761,1.707503
9004,0.6421398,-1.38679,-0.8345333,1.741257
9005,0.6880598,-1.380805,-0.8858479,1.778981
9006,0.6695657,-1.385536,-0.8405554,1.753443
9007,0.6880585,-1.380804,-0.8858488,1.778981
9008,-0.4236233,-1.297078,-0.8899491,1.629073
9009,-0.4403051,-1.366455,-0.8218752,1.654251
9010,1.161255,-1.459245,0.9444112,2.090412
9011,1.112046,-1.45926,1.001159,2.090072
9012,1.175979,-1.459172,0.91286,2.084568
9013,1.127446,-1.459963,0.9784493,2.088058
9014,1.198138,-1.459557,0.9697869,2.122812
9015,1.171078,-1.459656,0.9948215,2.11936
9016,1.125309,-1.459356,0.9416384,2.069474
9017,-0.4430782,-1.12201,-0.4679595,1.293913
9018,1.205677,-0.6928962,-1.46,2.016274
9019,1.231473,-0.6002755,-1.46,2.002113
9020,1.282318,-0.6364014,-1.46,2.044736
9021,1.2255,-0.6314513,-1.46,2.008029
9022,1.242523,-0.6710162,-1.46,2.031188
9023,1.282824,-0.6537462,-1.46,2.050518
9024,-0.9727739,-0.630889,-1.416074,1.830185
9025,0.6978504,-1.311035,-0.9461456,1.760965
9026,0.6757154,-1.380706,-0.9566047,1.810534
9027,0.6776862,-1.311844,-0.9980683,1.782227
9028,0.6269202,-1.387434,-0.9271576,1.782589
9029,0.6269207,-1.387431,-0.9271684,1.782593
9030,0.6372139,-1.321201,-0.977968,1.762962
9031,0.6645988,-1.377723,-0.9574781,1.804599
9032,0.6571509,-1.310501,-0.9250975,1.733512
9033,0.6698459,-1.330864,-0.9086624,1.745153
9034,0.6156794,-1.30861,-0.9137777,1.710705
9035,0.6133357,-1.327875,-0.9681291,1.754054
9036,-0.4805481,-1.309864,-0.9617947,1.694615
9037,-0.4423761,-1.37757,-0.9182887,1.713666
9038,1.155642,-1.459465,0.8871258,2.062168
9039,1.113631,-1.459632,0.8431041,2.020278
9040,1.158555,-1.459241,0.8550485,2.050059
9041,1.166754,-1.459964,0.8250591,2.042922
9042,1.11239,-1.459586,0.9044006,2.045909
9043,1.190264,-1.459618,0.8097062,2.050082
9044,-0.462644,-1.158937,-0.5708375,1.372235
9045,0.7080989,-1.314562,-1.070073,1.83699
9046,0.6868428,-1.309482,-1.088977,1.836401
9047,0.6766381,-1.309948,-1.020904,1.793334
9048,0.6658878,-1.369364,-1.06303,1.85704
9049,0.6369046,-1.385197,-1.009409,1.828476
9050,0.6445413,-1.303862,-1.088428,1.816636
9051,0.6369266,-1.385199,-1.009375,1.828467
9052,0.6658892,-1.369364,-1.063027,1.857039
9053,0.6973603,-1.378302,-1.009311,1.845193
9054,0.7018127,-1.379652,-1.009206,1.84783
9055,0.6131346,-1.383512,-1.069073,1.852824
9056,0.6223114,-1.305213,-1.037678,1.779783
9057,0.6223098,-1.305212,-1.037673,1.779779
9058,-0.411497,-1.304071,-1.004189,1.696563
9059,-0.4785599,-1.383776,-0.9962092,1.770957
9060,-0.4761014,-1.391061,-1.067665,1.817039
9061,1.240807,-0.4810972,-1.197891,1.79053
9062,1.236681,-0.481631,-1.197317,1.787433
9063,1.125954,-1.459597,0.7877883,2.004696
9064,1.179911,-1.459661,0.76607,2.027231
9065,1.142175,-1.459802,0.7165231,1.987207
9066,1.185678,-1.459387,0.7477438,2.023552
9067,1.125945,-1.459306,0.7877835,2.004477
9068,1.131568,-1.459525,0.7358107,1.987983
9069,0.06018308,-1.459473,0.7761143,1.654097
9070,0.05241151,-1.459531,0.7207666,1.628644
9071,0.04437659,-1.459853,0.7659749,1.649199
9072,0.06013778,-1.459713,0.7761109,1.654305
9073,0.05241726,-1.459888,0.7207696,1.628966
9074,-0.4077519,-0.9902244,-0.2288138,1.095062
9075,0.6711408,-1.375495,-1.11934,1.896137
9076,0.6537159,-1.316517,-1.127009,1.852217
9077,0.6398205,-1.391433,-1.191023,1.940101
9078,0.6174443,-1.311398,-1.160011,1.85651
9079,0.6379834,-1.386429,-1.113404,1.889147
9080,0.6996934,-1.299203,-1.127847,1.857293
9081,0.6214265,-1.313402,-1.104254,1.824985
9082,0.6650563,-1.390004,-1.157077,1.926977
9083,0.7062168,-1.377665,-1.163508,1.936608
9084,0.6359497,-1.347251,-1.164791,1.891099
9085,0.6753129,-1.347564,-1.193392,1.92254
9086,0.6795698,-1.298934,-1.167728,1.874202
9087,0.7055027,-1.376312,-1.123968,1.911877
9088,-0.4702953,-1.375179,-1.166517,1.863614
9089,1.229128,-0.4523339,-1.287137,1.836323
9090,1.257913,-0.4803552,-1.25514,1.840778
9091,1.299905,-0.4568569,-1.223497,1.842665
9092,1.257912,-0.4803466,-1.255136,1.840772
9093,1.299915,-0.4568589,-1.22349,1.842668
9094,1.111238,-1.459481,0.614843,1.934675
9095,1.191362,-1.459657,0.6995538,2.009806
9096,1.145916,-1.459786,0.6832262,1.977599
9097,1.145963,-1.459407,0.6316077,1.960109
9098,1.17979,-1.458685,0.6551511,1.987181
9099,1.119532,-1.459564,0.6613289,1.954747
9100,0.02877859,-1.458583,0.6508967,1.597485
9101,0.02877053,-1.458598,0.6508952,1.597499
9102,0.05940935,-1.459992,0.6075531,1.582475
9103,0.05940161,-1.459418,0.6075445,1.581941
9104,0.07496419,-1.459437,0.6828057,1.613009
9105,0.08932436,-1.458954,0.6861655,1.614729
9106,-1.080892,-1.457188,0.6101554,1.914162
9107,-1.023278,-1.457979,0.6306211,1.889572
9108,-1.080198,-1.458164,0.6876194,1.94059
9109,-1.080197,-1.458179,0.6876192,1.940601
9110,-1.02326,-1.457979,0.6306246,1.889563
9111,-1.093935,-1.457265,0.6519665,1.935297
9112,-1.093938,-1.457269,0.6519753,1.935305
9113,0.6174638,-1.187903,-0.7882801,1.553628
9114,-0.4527007,-1.151513,-0.708316,1.425704
9115,-0.4616505,-0.9590057,-0.3919438,1.13421
9116,-0.4836076,-0.9551127,-0.3108924,1.114796
9117,-0.4072604,-0.9654727,-0.3365989,1.10059
9118,0.6881436,-1.379047,-1.263916,1.993187
9119,0.6745822,-1.303537,-1.269391,1.940521
9120,0.693585,-1.321136,-1.272261,1.960895
9121,0.6412686,-1.312693,-1.228158,1.908602
9122,0.6623198,-1.383792,-1.219464,1.959755
9123,0.7001898,-1.383521,-1.20705,1.965036
9124,0.6503633,-1.375944,-1.27649,1.986359
9125,0.6412709,-1.312698,-1.228167,1.908612
9126,0.63314,-1.381506,-1.274916,1.983642
9127,0.6201306,-1.322898,-1.286776,1.946899
9128,0.615546,-1.386353,-1.236127,1.956753
9129,-0.4456942,-1.326824,-1.232747,1.865146
9130,-0.4575977,-1.401989,-1.285543,1.956423
9131,1.230081,-0.4769753,-1.38252,1.911012
9132,1.211805,-0.4294259,-1.367423,1.876892
9133,1.254683,-0.4384699,-1.311777,1.867416
9134,1.275442,-0.4413618,-1.375276,1.926898
9135,1.211799,-0.4294314,-1.367416,1.876884
9136,1.230083,-0.4769669,-1.382522,1.911013
9137,1.296198,-0.4744707,-1.320645,1.910328
9138,1.254687,-0.4384724,-1.31177,1.867415
9139,1.274602,-0.4311983,-1.380022,1.927434
9140,1.296198,-0.4744704,-1.320654,1.910334
9141,1.179189,-1.459905,0.5354823,1.951551
9142,1.132682,-1.46,0.5213733,1.919999
9143,1.195084,-1.459868,0.5809955,1.974081
9144,1.175511,-1.45953,0.6018151,1.968307
9145,1.135961,-1.459716,0.5822733,1.939129
9146,1.139581,-1.459873,0.5562311,1.933719
9147,0.06251994,-1.458569,0.52833,1.552567
9148,-0.0002125213,-1.458934,0.5822337,1.570823
9149,0.01952283,-1.458374,0.5636883,1.563643
9150,0.006958666,-1.459886,0.5423961,1.557404
9151,0.09175137,-1.459379,0.5751361,1.571301
9152,0.06244379,-1.459917,0.5283448,1.553835
9153,-1.02942,-1.459141,0.5859835,1.879408
9154,-1.08868,-1.459466,0.5147437,1.892149
9155,-1.079771,-1.459061,0.4979511,1.882211
9156,-1.039681,-1.459041,0.540479,1.871324
9157,-1.039686,-1.459038,0.540475,1.871324
9158,-1.023942,-1.459165,0.5665655,1.870459
9159,-1.079768,-1.459418,0.4979514,1.882486
9160,0.6983608,-1.18228,-0.8057408,1.592078
9161,0.7075668,-1.175608,-0.8118741,1.594316
9162,0.6794016,-1.163894,-0.8868001,1.613273
9163,0.640325,-1.184928,-0.8362781,1.585381
9164,0.6403064,-1.184927,-0.8362769,1.585371
9165,0.6195562,-1.16284,-0.8817236,1.585397
9166,-0.4646367,-1.152849,-0.8220187,1.490189
9167,-0.4242863,-0.9291397,-0.4529934,1.117373
9168,-0.4915899,-0.9478027,-0.4839146,1.172247
9169,0.6132625,-1.303435,-1.33985,1.967291
9170,0.6971366,-1.346951,-1.330195,2.017348
9171,0.6568477,-1.38274,-1.33638,2.032075
9172,0.7017215,-1.389216,-1.31432,2.037099
9173,0.6392046,-1.395845,-1.394324,2.073911
9174,0.6988816,-1.385227,-1.392384,2.084712
9175,0.6644914,-1.319118,-1.393557,2.030671
9176,0.6988852,-1.385226,-1.39239,2.084716
9177,0.6558393,-1.312478,-1.337317,1.985231
9178,0.6325359,-1.309943,-1.39181,2.013253
9179,0.6505736,-1.38381,-1.397053,2.071215
9180,0.653414,-1.30194,-1.314568,1.962164
9181,0.6568551,-1.382739,-1.336378,2.032076
9182,0.6812215,-1.320282,-1.389245,2.034013
9183,0.6101045,-1.379268,-1.393756,2.053573
9184,-0.4767339,-1.312375,-1.376167,1.960469
9185,-0.4985165,-1.329565,-1.32556,1.942516
9186,-0.4842768,-1.394861,-1.378519,2.020019
9187,-0.4240245,-1.367567,-1.35771,1.973173
9188,1.212912,-0.4893378,-1.46,1.960155
9189,1.212935,-0.4893445,-1.46,1.960171
9190,1.21126,-0.4361246,-1.459997,1.946522
9191,1.277592,-0.4168308,-1.46,1.984336
9192,1.225061,-0.3993577,-1.459955,1.947237
9193,1.272208,-0.4723037,-1.46,1.993285
9194,1.263605,-0.4663128,-1.46,1.98639
9195,1.277596,-0.4168468,-1.46,1.984342
9196,1.12813,-1.459808,0.4111013,1.890164
9197,1.167527,-1.459915,0.4084941,1.913462
9198,1.099787,-1.45779,0.471435,1.885983
9199,1.139146,-1.459376,0.4854321,1.913916
9200,1.154518,-1.459987,0.4588786,1.917041
9201,-0.9336228,-0.4470608,-1.459949,1.789683
9202,1.18639,-1.459923,0.4536633,1.935124
9203,1.113168,-1.46,0.4325217,1.886218
9204,1.181871,-1.459863,0.5061476,1.945303
9205,0.0470873,-1.46,0.4439711,1.526738
9206,0.02599167,-1.459571,0.4929512,1.540787
9207,0.02594641,-1.458982,0.4929244,1.54022
9208,0.08417239,-1.46,0.445558,1.528793
9209,0.08417595,-1.46,0.4455335,1.528786
9210,0.03298835,-1.46,0.4349474,1.523768
9211,-1.056847,-1.453711,0.4114186,1.843764
9212,-1.056838,-1.453707,0.4114219,1.843757
9213,0.6497199,-1.151713,-0.9854524,1.64915
9214,0.6497345,-1.15172,-0.9854592,1.649164
9215,0.6847375,-1.129319,-0.9203292,1.60973
9216,0.6413756,-1.141405,-0.9014514,1.589585
9217,0.7037166,-1.112458,-0.9679432,1.63392
9218,0.7001434,-1.115598,-0.9623324,1.631209
9219,0.6810214,-1.181085,-0.9476624,1.660366
9220,0.6736885,-1.132335,-0.909423,1.600965
9221,0.7069948,-1.193087,-0.9371216,1.673766
9222,-0.4311593,-1.145697,-0.9220174,1.532526
9223,-0.4812326,-0.9667811,-0.5737021,1.222859
9224,0.6753987,-1.320714,-1.46,2.081357
9225,0.6262857,-1.300595,-1.46,2.053139
9226,0.6775776,-1.326638,-1.46,2.085828
9227,0.6789986,-1.387561,-1.46,2.125551
9228,0.6326893,-1.372484,-1.46,2.101335
9229,0.6790076,-1.387562,-1.46,2.125554
9230,0.6262934,-1.300592,-1.46,2.053139
9231,0.6326939,-1.372472,-1.46,2.101328
9232,-0.4766759,-1.307181,-1.46,2.016815
9233,-0.4446014,-1.331978,-1.46,2.025694
9234,-0.4305849,-1.391445,-1.46,2.06231
9235,-0.4669777,-1.363623,-1.46,2.051618
9236,-0.4035964,-1.389482,-1.46,2.055517
9237,-0.4897736,-1.380083,-1.46,2.067875
9238,1.14292,-1.459852,0.30849,1.879521
9239,1.168669,-1.459571,0.3529462,1.902816
9240,1.183266,-1.459813,0.3257544,1.907168
9241,1.113365,-1.459689,0.3416744,1.867355
9242,1.121122,-1.459802,0.3598631,1.875484
9243,1.174087,-1.46,0.3844326,1.912555
9244,0.03482695,-1.458206,0.3100309,1.491207
9245,0.03496737,-1.46,0.3098781,1.492932
9246,0.04803766,-1.46,0.3673436,1.50627
9247,0.09155333,-1.46,0.377442,1.510776
9248,0.09155778,-1.46,0.377447,1.510778
9249,0.003898345,-1.46,0.3908388,1.511413
9250,0.003902309,-1.46,0.3908242,1.51141
9251,0.04804724,-1.46,0.3673261,1.506266
9252,-1.004078,-1.459848,0.3518439,1.806411
9253,-1.006137,-1.455186,0.3051377,1.795268
9254,-1.004085,-1.459849,0.3518346,1.806415
9255,-1.006131,-1.455195,0.3051372,1.795272
9256,-1.003661,-1.459163,0.3976268,1.815103
9257,-1.003661,-1.459235,0.3976246,1.81516
9258,-1.066038,-1.46,0.3593426,1.84314
9259,-1.066039,-1.45972,0.3592616,1.842903
9260,0.6881146,-1.187543,-1.093608,1.754919
9261,0.6700451,-1.195093,-1.048092,1.725023
9262,0.6753171,-1.099152,-1.022007,1.645809
9263,0.6619115,-1.152535,-1.059046,1.699424
9264,0.6858825,-1.154785,-1.03072,1.693029
9265,0.6112502,-1.13575,-1.081963,1.683508
9266,0.6112631,-1.135756,-1.08195,1.683508
9267,0.6151617,-1.107595,-1.006617,1.618168
9268,0.6151647,-1.107586,-1.006628,1.61817
9269,-0.4331386,-1.158688,-1.013947,1.599455
9270,-0.4360771,-0.9718131,-0.6840724,1.265914
9271,1.13721,-1.46,0.2492349,1.867342
9272,1.148415,-1.459739,0.2838704,1.878903
9273,1.196001,-1.459988,0.2855639,1.908803
9274,1.141226,-1.46,0.2159797,1.865648
9275,1.183186,-1.46,0.2439032,1.894998
9276,1.099062,-1.46,0.2822036,1.849101
9277,1.189312,-1.46,0.2183697,1.895718
9278,0.07757714,-1.46,0.2863974,1.489846
9279,0.03270054,-1.46,0.234034,1.479
9280,0.06849643,-1.447251,0.2783149,1.47536
9281,0.03282164,-1.46,0.2340042,1.478998
9282,-1.030107,-1.436648,0.2570747,1.786384
9283,-1.068904,-1.459419,0.27061,1.829123
9284,-1.03372,-1.46,0.2338824,1.804128
9285,-1.09129,-1.46,0.217939,1.835759
9286,-1.09132,-1.46,0.2179422,1.835777
9287,-1.033715,-1.46,0.2338796,1.804125
9288,0.6740992,-1.140886,-1.111267,1.729435
9289,0.6552313,-1.14124,-1.192231,1.775718
9290,0.6427622,-1.11677,-1.15532,1.730631
9291,0.6949394,-1.124229,-1.197241,1.783316
9292,0.6728163,-1.191916,-1.181339,1.808012
9293,0.6211415,-1.180966,-1.113603,1.73799
9294,0.6682145,-1.099025,-1.162606,1.733788
9295,0.652087,-1.186109,-1.13643,1.767355
9296,0.701388,-1.175215,-1.170154,1.800649
9297,0.6740828,-1.140879,-1.111299,1.729444
9298,0.6130037,-1.172148,-1.173578,1.76833
9299,0.6129903,-1.172142,-1.173579,1.768322
9300,-0.4499213,-1.18851,-1.200871,1.74845
9301,-0.4157943,-1.167506,-1.105657,1.660853
9302,-0.48221,-1.093659,-1.146566,1.65627
9303,-0.4931355,-0.9593002,-0.7461926,1.31158
9304,-0.4245543,-0.9192733,-0.7379538,1.252951
9305,-0.3902407,-0.9943157,-0.758277,1.309937
9306,1.110883,-1.459954,0.1941375,1.844781
9307,1.099523,-1.459425,0.1399657,1.832611
9308,1.153959,-1.46,0.1352511,1.865881
9309,1.178477,-1.46,0.1707273,1.884026
9310,1.14691,-1.46,0.1175009,1.860325
9311,1.13524,-1.459605,0.1779769,1.857658
9312,0.02131455,-1.391432,0.2032764,1.406363
9313,0.04473925,-1.46,0.1902821,1.473027
9314,0.04473453,-1.46,0.1902794,1.473027
9315,0.06064703,-1.459585,0.123618,1.466065
9316,0.06064544,-1.459592,0.1236181,1.466072
9317,0.004685166,-1.45953,0.1637867,1.468698
9318,0.0213175,-1.391421,0.2032748,1.406353
9319,0.005918976,-1.459544,0.1457143,1.466812
9320,-1.069077,-1.46,0.1455047,1.815405
9321,-1.056158,-1.459984,0.1616987,1.80919
9322,-1.091114,-1.46,0.1762375,1.831172
9323,-1.014005,-1.459858,0.1619165,1.784827
9324,-1.014054,-1.459859,0.1618945,1.784854
9325,0.6988717,-1.168615,-1.290318,1.8759
9326,0.6796784,-1.178309,-1.24198,1.84198
9327,0.6796899,-1.178309,-1.241974,1.84198
9328,0.638371,-1.159058,-1.279937,1.84097
9329,0.665055,-1.100809,-1.241853,1.787814
9330,0.6431392,-1.103269,-1.254742,1.790309
9331,0.6367201,-1.136715,-1.225612,1.788759
9332,0.6153542,-1.142563,-1.275184,1.819397
9333,-0.4643067,-1.09799,-1.259096,1.733922
9334,-0.4228734,-1.154968,-1.296387,1.787007
9335,1.118268,-1.46,0.02228493,1.83919
9336,1.102856,-1.46,0.02152009,1.829851
9337,1.155791,-1.46,0.08008159,1.863831
9338,1.104643,-1.46,0.08249568,1.832659
9339,1.147989,-1.46,0.0564287,1.858135
9340,1.190265,-1.46,0.04938864,1.884349
9341,1.158597,-1.46,0.01079782,1.863884
9342,0.04631808,-1.45728,0.08399812,1.460434
9343,0.09087417,-1.458155,0.05451563,1.462001
9344,0.04448022,-1.413154,0.07530572,1.415857
9345,0.076967,-1.45987,0.008137683,1.46192
9346,0.07695978,-1.45987,0.008124406,1.461919
9347,-1.060969,-1.46,0.1015053,1.807639
9348,-1.060959,-1.46,0.1015023,1.807633
9349,-1.086987,-1.46,0.05453046,1.82102
9350,-1.009843,-1.46,0.09943803,1.777996
9351,-1.00984,-1.46,0.09943569,1.777994
9352,-1.017772,-1.458813,0.04046588,1.779223
9353,-1.027461,-1.46,0.04078288,1.78576
9354,-1.086982,-1.46,0.05454593,1.821018
9355,0.6775074,-1.10539,-1.38715,1.898707
9356,0.7029735,-1.185058,-1.333396,1.917414
9357,0.6392369,-1.163178,-1.383777,1.917406
9358,0.6662674,-1.128122,-1.32169,1.861031
9359,0.6774996,-1.105399,-1.387154,1.898712
9360,0.6662624,-1.128122,-1.321699,1.861035
9361,0.6785687,-1.170692,-1.381244,1.9336
9362,0.655515,-1.192209,-1.331861,1.903921
9363,0.6183654,-1.101196,-1.379325,1.870173
9364,0.6215146,-1.135705,-1.385007,1.895878
9365,-0.4362859,-1.135455,-1.377286,1.837531
9366,1.280903,-0.2480935,-1.459717,1.957814
9367,1.261091,-0.1981795,-1.459893,1.939307
9368,1.202404,-0.2079954,-1.459831,1.902668
9369,1.223341,-0.2596176,-1.459977,1.922368
9370,1.284099,-0.2480562,-1.459687,1.95988
9371,1.260994,-0.1981976,-1.459737,1.939129
9372,1.223379,-0.2596122,-1.459664,1.922154
9373,1.202408,-0.2079877,-1.459791,1.902639
9374,-0.4407169,-0.9325567,-0.9445863,1.39862
9375,1.192036,-1.46,-0.06253903,1.885858
9376,1.142711,-1.46,-0.03899853,1.85443
9377,1.185629,-1.46,-0.002382828,1.880777
9378,1.142711,-1.46,-0.03904025,1.854431
9379,1.200287,-1.46,-0.06431452,1.891144
9380,0.07038289,-1.459831,-0.06505327,1.462973
9381,0.04576586,-1.459727,-0.0663437,1.461951
9382,0.01188774,-1.459975,0.002704037,1.460026
9383,-1.036274,-1.46,-0.007133104,1.790395
9384,-1.078535,-1.46,-0.04720026,1.815782
9385,-1.086715,-1.46,-0.0002030755,1.820041
9386,-1.021346,-1.46,-0.02472983,1.781954
9387,-1.054072,-1.46,-0.07567699,1.80233
9388,-1.016474,-1.46,-0.08206989,1.780886
9389,0.6462529,-1.198266,-1.46,1.996268
9390,0.646253,-1.198263,-1.46,1.996266
9391,0.6546202,-1.129555,-1.46,1.958576
9392,0.6546201,-1.129587,-1.46,1.958595
9393,0.7029587,-1.188869,-1.46,2.009766
9394,0.7018365,-1.134645,-1.46,1.977775
9395,0.6900937,-1.184349,-1.46,2.002626
9396,-0.421447,-1.114304,-1.46,1.884381
9397,-0.4559924,-1.175716,-1.46,1.929206
9398,-0.4705493,-0.9934984,-1.007861,1.491389
9399,-0.4510769,-0.9705715,-1.094889,1.531098
9400,-0.4613708,-0.7931752,-0.6414602,1.119581
9401,1.132758,-1.46,-0.1541853,1.854323
9402,1.132764,-1.46,-0.154187,1.854327
9403,1.181618,-1.46,-0.1767574,1.886548
9404,1.195528,-1.46,-0.1183704,1.89074
9405,1.185775,-1.46,-0.1249421,1.885013
9406,1.143816,-1.46,-0.09658788,1.857214
9407,1.136317,-1.46,-0.09781807,1.85267
9408,1.186611,-1.46,-0.1845237,1.890422
9409,0.08418281,-1.457607,-0.09070934,1.462851
9410,0.06212853,-1.458033,-0.1351188,1.465598
9411,0.03796523,-1.46,-0.1568013,1.468887
9412,0.01170096,-1.456541,-0.1181934,1.461375
9413,0.01174044,-1.456436,-0.1179362,1.46125
9414,-1.030588,-1.46,-0.1804713,1.796185
9415,-0.9917774,-1.46,-0.1520886,1.77154
9416,-1.0326,-1.46,-0.1382829,1.793596
9417,-1.053714,-1.426658,-0.1504363,1.779971
9418,-1.085932,-1.46,-0.1134482,1.823107
9419,-1.092149,-1.46,-0.1442245,1.828986
9420,-0.4492768,-0.7159148,-0.7833234,1.15238
9421,1.185714,-1.46,-0.2750979,1.900841
9422,1.141061,-1.46,-0.2803288,1.874088
9423,1.10789,-1.46,-0.2599418,1.851105
9424,1.148478,-1.46,-0.223848,1.871019
9425,1.14846,-1.46,-0.2238912,1.871013
9426,0.08769208,-1.402259,-0.2549927,1.42795
9427,0.02142231,-1.46,-0.2656209,1.48412
9428,0.06517649,-1.46,-0.2694626,1.486088
9429,0.09124321,-1.46,-0.2141736,1.478444
9430,0.08185575,-1.459954,-0.2053996,1.476602
9431,-1.048125,-1.46,-0.2400022,1.81322
9432,-1.066922,-1.46,-0.2020528,1.819546
9433,-1.000259,-1.46,-0.2427051,1.786344
9434,-1.035842,-1.46,-0.2843697,1.812577
9435,1.187396,-1.251328,0.1055685,1.728258
9436,1.187399,-1.25133,0.1055769,1.728262
9437,1.127584,-1.239426,0.1929471,1.686668
9438,-1.012821,-1.242352,0.1282493,1.608009
9439,-1.064,-1.231655,0.1228316,1.632225
9440,-0.457647,-0.964535,-1.226243,1.625866
9441,-0.4333754,-0.7156705,-0.8616225,1.200996
9442,1.150237,-1.46,-0.3446459,1.890351
9443,1.191913,-1.46,-0.3395824,1.915091
9444,1.126753,-1.46,-0.3394723,1.87521
9445,1.16124,-1.46,-0.2956932,1.888786
9446,1.189028,-1.46,-0.3735663,1.91962
9447,1.108253,-1.46,-0.3167317,1.860146
9448,0.063985,-1.40099,-0.3225819,1.439071
9449,0.06430201,-1.401059,-0.3226216,1.439161
9450,0.04785378,-1.46,-0.3711464,1.507196
9451,0.02209242,-1.414922,-0.34729,1.457087
9452,0.0689794,-1.46,-0.3200058,1.496249
9453,0.02727595,-1.46,-0.340116,1.499341
9454,-1.005855,-1.404596,-0.311546,1.755476
9455,-1.008313,-1.46,-0.2957996,1.798831
9456,-0.9978694,-1.46,-0.3572646,1.804157
9457,-1.078354,-1.46,-0.3021567,1.84004
9458,-1.069601,-1.46,-0.35636,1.844624
9459,-1.060878,-1.421777,-0.3209104,1.802747
9460,-1.094127,-1.412319,-0.3854081,1.827648
9461,1.15362,-1.203301,0.03276881,1.667287
9462,1.181883,-1.232371,0.03750417,1.70792
9463,1.169408,-1.240051,0.0599574,1.705531
9464,-1.024219,-1.205745,0.04812603,1.58277
9465,-1.024238,-1.205743,0.04811887,1.58278
9466,0.6823669,-0.9799255,-1.367614,1.815557
9467,0.6678542,-0.9773223,-1.363678,1.805771
9468,0.6654315,-0.9947522,-1.331244,1.790124
9469,-0.4435834,-0.8873485,-1.374135,1.694816
9470,-0.4086168,-0.9787337,-1.323404,1.695961
9471,-0.4787924,-0.9467593,-1.399821,1.756444
9472,1.293553,-0.09312548,-1.459488,1.952449
9473,1.218795,-0.01476913,-1.459428,1.901476
9474,1.285813,-0.001695439,-1.459391,1.945029
9475,1.2583,-0.05251119,-1.459935,1.928078
9476,1.29356,-0.09321132,-1.459486,1.952457
9477,1.218855,-0.01476123,-1.459354,1.901458
9478,1.285809,-0.001681309,-1.459412,1.945043
9479,1.258303,-0.05251664,-1.45971,1.92791
9480,-0.5006599,-0.7479934,-0.9457756,1.305621
9481,-0.4188269,-0.7561697,-0.9495574,1.284083
9482,1.177059,-1.46,-0.4950513,1.939625
9483,1.15496,-1.46,-0.4007604,1.904243
9484,1.155218,-1.46,-0.4516249,1.915749
9485,1.135603,-1.46,-0.3946238,1.891276
9486,1.191344,-1.46,-0.4594013,1.939575
9487,1.122256,-1.46,-0.4575039,1.897463
9488,1.115495,-1.46,-0.443701,1.890185
9489,1.191525,-1.46,-0.4146696,1.929581
9490,0.0336565,-1.46,-0.4700445,1.534169
9491,0.1023109,-1.46,-0.4646941,1.535581
9492,0.02851041,-1.46,-0.4407528,1.525344
9493,0.05760794,-1.405064,-0.4546443,1.477912
9494,0.06750228,-1.433909,-0.4001433,1.490223
9495,0.06371848,-1.429512,-0.3987041,1.485439
9496,-1.087677,-1.46,-0.4043379,1.864975
9497,-1.044612,-1.46,-0.4921502,1.861458
9498,-1.044824,-1.408747,-0.416993,1.802805
9499,-1.034094,-1.46,-0.3948247,1.832167
9500,-1.005469,-1.46,-0.4374976,1.825917
9501,1.131173,-1.299424,-0.03166643,1.723095
9502,1.125348,-1.27825,-0.05648359,1.703972
9503,1.165124,-1.252394,-0.08382135,1.712609
9504,1.142597,-1.271354,-0.02219454,1.709492
9505,1.160972,-1.231079,-0.04406106,1.692735
9506,1.160106,-1.231571,-0.04702875,1.692579
9507,0.06151563,-1.249278,-0.03204893,1.251202
9508,0.05689788,-1.233688,-0.007407613,1.235022
9509,0.03865637,-1.204253,-0.07500777,1.207206
9510,0.02134932,-1.203787,-0.0704257,1.206035
9511,0.05290108,-1.20254,-0.0816004,1.206466
9512,-1.088298,-1.266725,-0.07040988,1.671509
9513,-1.025085,-1.23835,-0.02877671,1.607836
9514,-1.063257,-1.278505,-0.08340483,1.664947
9515,0.617229,-0.9951155,-1.46,1.871584
9516,0.6333567,-0.9344328,-1.459905,1.845435
9517,0.6702404,-0.9075694,-1.459846,1.845008
9518,0.6848961,-0.9633839,-1.459952,1.87847
9519,0.6518256,-0.9582105,-1.46,1.86404
9520,-0.3949752,-0.9192138,-1.46,1.769904
9521,-0.4242095,-0.9976088,-1.46,1.818455
9522,-0.4225565,-0.8017804,-1.072738,1.404341
9523,-0.4891732,-0.6958052,-1.036806,1.341045
9524,1.175022,-1.46,-0.5738708,1.960001
9525,1.142167,-1.46,-0.5294979,1.927826
9526,1.123012,-1.46,-0.5789564,1.930789
9527,1.139015,-1.46,-0.508366,1.920258
9528,1.183922,-1.46,-0.5413192,1.956093
9529,1.12302,-1.46,-0.5789688,1.930798
9530,0.0212126,-1.46,-0.5848199,1.572916
9531,0.03623045,-1.46,-0.5312471,1.554071
9532,0.06768674,-1.46,-0.4965643,1.543618
9533,0.06620938,-1.46,-0.5796908,1.572268
9534,0.09816691,-1.46,-0.5292433,1.556064
9535,-1.09145,-1.421421,-0.5482846,1.874118
9536,-1.078308,-1.46,-0.5869052,1.907566
9537,-1.009636,-1.46,-0.5095758,1.84679
9538,-1.016253,-1.46,-0.5962588,1.876138
9539,1.124786,-1.231796,-0.172949,1.677014
9540,1.124786,-1.231802,-0.1729442,1.677018
9541,1.117755,-1.292589,-0.1058006,1.71212
9542,1.165207,-1.246317,-0.1249024,1.710735
9543,1.11775,-1.292592,-0.1058102,1.71212
9544,1.191214,-1.255319,-0.1478344,1.736857
9545,1.191215,-1.255314,-0.1478286,1.736853
9546,1.115267,-1.289394,-0.1488846,1.711293
9547,-1.075171,-1.21235,-0.1439568,1.626809
9548,-1.074968,-1.212078,-0.1439852,1.626475
9549,-1.000671,-1.268891,-0.105432,1.619426
9550,-0.4334879,-0.7604046,-1.186402,1.474339
9551,1.131471,-1.46,-0.6425159,1.955672
9552,1.131472,-1.46,-0.6425259,1.955676
9553,1.17153,-1.46,-0.6654264,1.986675
9554,1.185587,-1.46,-0.6316208,1.983976
9555,1.167469,-1.46,-0.6079608,1.965757
9556,0.09400885,-1.46,-0.6191515,1.588643
9557,0.07295605,-1.404995,-0.6090849,1.533075
9558,0.04571227,-1.46,-0.6550353,1.600863
9559,0.04569165,-1.46,-0.6555265,1.601063
9560,0.1004875,-1.46,-0.6894146,1.617711
9561,0.1009842,-1.46,-0.69229,1.61897
9562,-1.000365,-1.432786,-0.6812958,1.875572
9563,-1.059637,-1.46,-0.6597155,1.920848
9564,1.168644,-1.206712,-0.1979389,1.691468
9565,1.197232,-1.206797,-0.2628364,1.720118
9566,1.132304,-1.29422,-0.2950162,1.74475
9567,1.181229,-1.273832,-0.2906182,1.761366
9568,1.174843,-1.260017,-0.2260263,1.737523
9569,1.145194,-1.214854,-0.2728902,1.691688
9570,1.113594,-1.241196,-0.2348357,1.683985
9571,1.142935,-1.295935,-0.1995925,1.739421
9572,1.185327,-1.258787,-0.2847664,1.752323
9573,1.113628,-1.241174,-0.2348657,1.683996
9574,1.174848,-1.260012,-0.2260299,1.737524
9575,0.05430558,-1.283546,-0.22712,1.304616
9576,0.05307413,-1.231202,-0.2685215,1.261261
9577,-1.073563,-1.23179,-0.2099368,1.647397
9578,-1.050032,-1.288963,-0.2827119,1.686393
9579,-1.012838,-1.265045,-0.1995274,1.632786
9580,1.109409,-1.46,-0.7727733,1.989866
9581,1.109401,-1.46,-0.7727733,1.989861
9582,1.187989,-1.46,-0.7501327,2.026232
9583,1.149276,-1.46,-0.7110594,1.989483
9584,1.153157,-1.46,-0.7160064,1.993499
9585,1.183054,-1.46,-0.7481075,2.022593
9586,0.016812,-1.46,-0.7876568,1.659001
9587,0.04004457,-1.46,-0.7375344,1.636203
9588,0.06064866,-1.46,-0.7673217,1.650473
9589,-1.096544,-1.46,-0.7058748,1.957618
9590,-1.08101,-1.46,-0.7830958,1.978237
9591,-1.009653,-1.46,-0.7388114,1.922717
9592,1.128105,-1.23521,-0.3183863,1.70286
9593,1.128112,-1.235205,-0.3183895,1.702862
9594,1.184066,-1.222625,-0.3368647,1.735022
9595,1.156811,-1.226303,-0.3678448,1.725497
9596,1.14005,-1.250007,-0.37176,1.732177
9597,0.07706455,-1.245304,-0.3503191,1.295933
9598,0.07646371,-1.245101,-0.3515412,1.296034
9599,0.1004582,-1.287003,-0.3921193,1.349157
9600,-0.994853,-1.291092,-0.368026,1.670956
9601,-1.082716,-1.265917,-0.3716831,1.706742
9602,-1.046132,-1.223033,-0.3405493,1.645046
9603,-0.4701171,-0.7227725,-1.368828,1.617745
9604,-0.4112239,-0.7390732,-1.304988,1.555097
9605,1.111705,-1.46,-0.850954,2.022773
9606,1.113476,-1.46,-0.8424348,2.02018
9607,1.207061,-1.46,-0.8920464,2.093882
9608,1.176178,-1.454872,-0.8872107,2.070553
9609,1.160623,-1.46,-0.8152054,2.035486
9610,1.1965,-1.425266,-0.8100988,2.029595
9611,1.187421,-1.46,-0.8080757,2.048062
9612,1.110586,-1.402282,-0.8738342,1.990824
9613,0.01270533,-1.46,-0.8709803,1.700108
9614,0.0937657,-1.46,-0.8197825,1.677032
9615,0.05928835,-1.46,-0.8746383,1.70297
9616,0.0450486,-1.46,-0.817783,1.674037
9617,-1.081052,-1.453127,-0.8626356,2.006088
9618,-1.024508,-1.46,-0.843157,1.972848
9619,1.111297,-1.221206,-0.4425789,1.709444
9620,1.13228,-1.225454,-0.4239715,1.721496
9621,1.150075,-1.198444,-0.4682339,1.725742
9622,1.174442,-1.205132,-0.4010888,1.729893
9623,1.15783,-1.27799,-0.4339466,1.77824
9624,1.170246,-1.202374,-0.4429314,1.735329
9625,1.157833,-1.277986,-0.4339464,1.778239
9626,1.120273,-1.296305,-0.4953861,1.783487
9627,1.120279,-1.296304,-0.4953795,1.783488
9628,-0.00735316,-1.304343,-0.4551431,1.381492
9629,0.03254898,-1.227407,-0.4406221,1.304506
9630,0.1090706,-1.289901,-0.4924526,1.385009
9631,-1.085179,-1.235195,-0.4636133,1.708291
9632,0.601444,-0.7287803,-1.459735,1.738874
9633,0.6920635,-0.787619,-1.45987,1.797364
9634,0.6790405,-0.7108608,-1.4599,1.760036
9635,0.6790591,-0.7108665,-1.4599,1.760046
9636,0.6360759,-0.7433017,-1.459721,1.757235
9637,0.6920657,-0.7876192,-1.459795,1.797304
9638,0.6360565,-0.7432619,-1.459639,1.757143
9639,-0.4740498,-0.8067885,-1.459003,1.733297
9640,-0.4978659,-0.7798101,-1.46,1.72846
9641,-0.4018254,-0.7410833,-1.46,1.685903
9642,-0.4652466,-0.7264923,-1.46,1.695832
9643,1.197834,-1.442625,-0.9980889,2.124183
9644,1.190601,-1.451435,-0.9614047,2.109145
9645,1.202644,-1.453327,-0.9855689,2.128346
9646,1.202588,-1.450394,-0.9938521,2.130165
9647,1.103415,-1.46,-0.9709147,2.071666
9648,1.139176,-1.46,-0.9237152,2.069438
9649,1.196776,-1.448951,-0.9963855,2.127091
9650,0.01130922,-1.46,-0.9205712,1.72603
9651,0.04075301,-1.46,-0.9670544,1.751701
9652,0.05276624,-1.46,-0.9168409,1.724813
9653,0.02388105,-1.46,-0.9532371,1.743798
9654,0.0701149,-1.46,-0.9887773,1.764709
9655,0.09866721,-1.46,-0.9254695,1.731424
9656,-1.054581,-1.46,-0.9311548,2.027508
9657,1.111079,-1.239628,-0.5489714,1.752867
9658,1.153379,-1.200859,-0.5298476,1.747308
9659,1.200158,-1.22606,-0.5357599,1.797398
9660,1.125026,-1.263505,-0.5606595,1.782265
9661,1.160339,-1.267042,-0.5615516,1.807518
9662,1.182862,-1.231727,-0.5823321,1.804279
9663,1.170698,-1.25591,-0.5006075,1.788422
9664,1.170704,-1.255908,-0.500603,1.788423
9665,1.117021,-1.215068,-0.4992337,1.724344
9666,1.151618,-1.210793,-0.5880251,1.771445
9667,0.09027462,-1.280616,-0.5727204,1.405751
9668,0.04974087,-1.304557,-0.4890507,1.394099
9669,0.03661505,-1.236107,-0.5384487,1.348788
9670,-1.035834,-1.2686,-0.5530289,1.728624
9671,-1.072177,-1.026249,-0.169088,1.493767
9672,-1.056494,-1.072283,-0.1060415,1.509045
9673,-1.083122,-1.091462,-0.131094,1.543253
9674,1.154337,-1.46,-1.051165,2.137532
9675,1.12375,-1.46,-1.047924,2.119566
9676,1.171777,-1.459048,-1.057075,2.149254
9677,0.02731691,-1.46,-1.017282,1.779665
9678,0.09134921,-1.46,-1.034875,1.791901
9679,0.08143824,-1.441752,-1.072981,1.799047
9680,0.03374784,-1.46,-1.082555,1.817873
9681,-1.078511,-1.46,-1.042436,2.093194
9682,-1.027125,-1.446452,-1.039349,2.056077
9683,1.191529,-1.291165,-0.6226827,1.864023
9684,1.165097,-1.231455,-0.6575734,1.818333
9685,1.114241,-1.2335,-0.6177826,1.773333
9686,1.11757,-1.257697,-0.6630621,1.808429
9687,1.165117,-1.231459,-0.6575558,1.818343
9688,1.144476,-1.256739,-0.6113835,1.80638
9689,0.003918753,-1.283428,-0.625389,1.427696
9690,-0.00324824,-1.237862,-0.6060928,1.378282
9691,0.04577189,-1.232089,-0.6639304,1.400336
9692,0.05963098,-1.232802,-0.6685913,1.403699
9693,-1.041693,-1.25187,-0.6632259,1.758457
9694,1.196839,-1.063969,-0.2887732,1.62722
9695,1.17613,-1.091765,-0.1981537,1.61694
9696,1.176129,-1.091775,-0.1981531,1.616946
9697,1.166818,-1.077624,-0.2712812,1.611314
9698,1.167405,-1.077004,-0.2719493,1.611437
9699,1.118998,-1.46,-1.182625,2.18686
9700,1.134355,-1.445315,-1.113775,2.148533
9701,1.181298,-1.46,-1.130779,2.192197
9702,1.188518,-1.46,-1.138689,2.200179
9703,1.11847,-1.46,-1.133392,2.160359
9704,1.167883,-1.46,-1.198442,2.220769
9705,1.139943,-1.46,-1.157333,2.184145
9706,0.04466243,-1.46,-1.190154,1.88416
9707,0.04567784,-1.46,-1.169702,1.871334
9708,0.09441543,-1.46,-1.198336,1.89117
9709,0.1062251,-1.46,-1.144873,1.858392
9710,0.05980101,-1.46,-1.14734,1.857839
9711,-1.068684,-1.437334,-1.175062,2.142145
9712,-1.040178,-1.46,-1.126405,2.117158
9713,-1.042673,-1.46,-1.106594,2.107918
9714,-0.4053133,-0.5588093,-1.210523,1.393525
9715,1.14749,-1.236707,-0.7410532,1.842644
9716,1.147489,-1.236709,-0.7410391,1.842639
9717,1.168426,-1.224946,-0.7825786,1.864978
9718,1.154628,-1.297408,-0.7909663,1.908418
9719,1.154641,-1.297396,-0.7909648,1.908417
9720,1.120048,-1.247672,-0.6968866,1.815721
9721,1.200321,-1.251097,-0.7397688,1.885013
9722,0.09336492,-1.263847,-0.7563102,1.475815
9723,0.01518367,-1.286217,-0.7329018,1.480449
9724,0.04644334,-1.237356,-0.7890654,1.468275
9725,-1.096099,-1.195414,-0.7388884,1.782247
9726,-1.076724,-1.289403,-0.7482732,1.838969
9727,1.137238,-1.038088,-0.3690368,1.58339
9728,1.183112,-1.063225,-0.3530225,1.629364
9729,1.183116,-1.06323,-0.3530176,1.629369
9730,1.13724,-1.038087,-0.3690422,1.583392
9731,1.182411,-1.014545,-0.3127186,1.589085
9732,-1.02383,-1.076785,-0.2974546,1.515314
9733,-1.079146,-1.086921,-0.3595597,1.573288
9734,-1.005203,-1.049739,-0.3641112,1.498319
9735,1.150137,-1.46,-1.221033,2.223811
9736,1.133137,-1.46,-1.28874,2.253098
9737,1.146634,-1.46,-1.267084,2.247637
9738,1.196239,-1.46,-1.213639,2.243993
9739,1.200115,-1.46,-1.256803,2.269676
9740,1.182558,-1.46,-1.264501,2.264731
9741,1.122772,-1.46,-1.215498,2.206729
9742,0.1021183,-1.414909,-1.222477,1.872658
9743,0.07364351,-1.46,-1.249819,1.923297
9744,0.08868878,-1.46,-1.289125,1.949695
9745,0.03986446,-1.46,-1.288283,1.947527
9746,0.03120657,-1.46,-1.233641,1.91166
9747,-1.050218,-1.46,-1.24239,2.185884
9748,1.140615,-1.28516,-0.855102,1.919333
9749,1.15974,-1.220689,-0.88304,1.901273
9750,1.127886,-1.246388,-0.8825426,1.89855
9751,1.200492,-1.233306,-0.8317842,1.911567
9752,1.122556,-1.229401,-0.825569,1.858258
9753,1.122556,-1.229401,-0.8255759,1.858261
9754,1.183882,-1.241673,-0.8194193,1.901256
9755,1.182274,-1.28929,-0.8239997,1.933653
9756,0.07127808,-1.199032,-0.8307671,1.460456
9757,0.08937135,-1.289102,-0.859524,1.551951
9758,0.02797637,-1.258992,-0.8657565,1.528194
9759,-1.042159,-1.212042,-0.8224425,1.797652
9760,-1.048221,-1.229314,-0.8861611,1.842624
9761,1.125674,-1.051481,-0.4450974,1.603392
9762,1.141504,-1.046399,-0.416151,1.603485
9763,1.184989,-1.062703,-0.4321077,1.649319
9764,1.125674,-1.051481,-0.4450911,1.60339
9765,1.151994,-0.9975385,-0.4150105,1.579369
9766,0.06538898,-1.080376,-0.4713492,1.180533
9767,-1.087963,-1.015792,-0.4647474,1.559322
9768,-1.068487,-1.082532,-0.4198687,1.577919
9769,1.161251,-1.46,-1.386169,2.324127
9770,1.165038,-1.46,-1.391964,2.32948
9771,1.119224,-1.46,-1.334871,2.272915
9772,1.156913,-1.46,-1.327605,2.287484
9773,1.173869,-1.46,-1.328643,2.296707
9774,1.113189,-1.46,-1.389228,2.302335
9775,1.113187,-1.46,-1.389225,2.302332
9776,0.06492457,-1.46,-1.366718,2.000933
9777,0.09906648,-1.46,-1.341162,1.984976
9778,0.01019801,-1.46,-1.382535,2.010748
9779,0.0991926,-1.46,-1.375993,2.00868
9780,0.05344033,-1.46,-1.336807,1.98028
9781,-1.040668,-1.46,-1.360572,2.250721
9782,-1.086512,-1.46,-1.396774,2.294142
9783,-1.059601,-1.404976,-1.404395,2.251453
9784,-1.042613,-1.46,-1.330842,2.233782
9785,-1.094143,-1.438885,-1.332312,2.245573
9786,0.6592895,-0.5932124,-1.459731,1.708034
9787,0.6937134,-0.5048738,-1.459404,1.692925
9788,0.6937241,-0.5048416,-1.459542,1.693039
9789,0.6196448,-0.5119077,-1.459789,1.666431
9790,0.6303098,-0.5420671,-1.459989,1.680088
9791,0.6695981,-0.5447623,-1.459847,1.69596
9792,0.6088001,-0.544645,-1.459739,1.672756
9793,-0.4520252,-0.5506879,-1.46,1.624557
9794,-0.4335924,-0.5583904,-1.46,1.62216
9795,1.199081,-1.294871,-0.9809508,2.019096
9796,1.15435,-1.293102,-0.9111637,1.958279
9797,1.18933,-1.21154,-0.9944062,1.967531
9798,1.155545,-1.24277,-0.9105005,1.925817
9799,1.197092,-1.284083,-0.9497446,1.995974
9800,1.131168,-1.262535,-0.9435126,1.940039
9801,1.158365,-1.270796,-0.9833735,1.980847
9802,1.124391,-1.23988,-0.954151,1.926645
9803,1.181261,-1.232431,-0.995819,1.97634
9804,0.08245752,-1.252952,-0.9481984,1.573457
9805,0.0269562,-1.19491,-0.9232481,1.510273
9806,-1.049536,-1.227305,-0.9851928,1.891668
9807,1.192767,-1.023852,-0.5491621,1.665097
9808,1.171933,-1.028648,-0.4995931,1.637418
9809,1.124899,-1.009148,-0.5748755,1.616867
9810,1.117172,-1.064817,-0.5042878,1.623642
9811,1.190747,-1.072919,-0.5809337,1.704851
9812,1.199045,-1.015095,-0.5859566,1.676745
9813,1.159455,-1.090488,-0.5241522,1.675779
9814,1.171936,-1.028641,-0.499595,1.637416
9815,1.190755,-1.072916,-0.5809339,1.704855
9816,1.117169,-1.064827,-0.5043092,1.623653
9817,1.1249,-1.009146,-0.5748973,1.616874
9818,1.145593,-1.030443,-0.5359282,1.631384
9819,0.05808526,-1.004562,-0.500211,1.123712
9820,0.1012186,-1.04021,-0.5844073,1.19742
9821,0.02626847,-1.091928,-0.5157018,1.207868
9822,-1.046034,-1.055099,-0.55237,1.585098
9823,1.147998,-1.46,-1.46,2.362435
9824,1.148,-1.46,-1.46,2.362436
9825,1.187095,-1.46,-1.46,2.381679
9826,1.103818,-1.46,-1.46,2.341285
9827,1.103815,-1.46,-1.46,2.341284
9828,1.187125,-1.46,-1.46,2.381694
9829,0.04632032,-1.46,-1.427123,2.042162
9830,0.0266862,-1.46,-1.46,2.064924
9831,0.063049,-1.46,-1.424708,2.040924
9832,0.07340502,-1.46,-1.457392,2.064214
9833,0.05961984,-1.46,-1.46,2.065613
9834,0.07387639,-1.46,-1.46,2.066073
9835,0.07384248,-1.46,-1.458802,2.065225
9836,0.06738015,-1.46,-1.436049,2.048994
9837,0.04359303,-1.429209,-1.46,2.043561
9838,0.04329972,-1.46,-1.438918,2.050356
9839,0.05852776,-1.46,-1.425762,2.041525
9840,0.05429972,-1.46,-1.46,2.065466
9841,0.04878387,-1.46,-1.431299,2.04514
9842,0.02681248,-1.46,-1.46,2.064926
9843,0.06954241,-1.46,-1.43131,2.045748
9844,0.03621833,-1.46,-1.449261,2.057491
9845,0.05961337,-1.46,-1.46,2.065612
9846,0.05870743,-1.408584,-1.46,2.02957
9847,0.06267004,-1.46,-1.428486,2.043551
9848,0.0361884,-1.46,-1.449396,2.057585
9849,0.07383869,-1.46,-1.458802,2.065225
9850,0.06954473,-1.46,-1.431309,2.045748
9851,-1.035361,-1.46,-1.46,2.309799
9852,-1.015763,-1.46,-1.426318,2.279859
9853,-1.020345,-1.46,-1.46,2.303108
9854,-1.066654,-1.46,-1.457323,2.322314
9855,-1.082717,-1.403399,-1.389653,2.252319
9856,-1.014862,-1.46,-1.424505,2.278324
9857,-1.043042,-1.46,-1.405605,2.279312
9858,-1.028743,-1.414205,-1.46,2.278132
9859,-1.051384,-1.413115,-1.46,2.287772
9860,-1.088532,-1.46,-1.46,2.334117
9861,-1.08227,-1.442237,-1.46,2.32012
9862,1.143903,-1.291977,-1.00824,1.998566
9863,1.164209,-1.246575,-1.064844,2.010777
9864,1.133847,-1.225307,-1.016321,1.954455
9865,1.133844,-1.225309,-1.016312,1.95445
9866,1.164207,-1.24657,-1.064854,2.010778
9867,0.02924176,-1.236095,-1.009359,1.596118
9868,0.03317967,-1.282559,-1.08361,1.679366
9869,0.05900068,-1.256991,-1.042794,1.634297
9870,-1.081987,-1.276129,-1.080355,1.991574
9871,1.187458,-1.00203,-0.6119968,1.669928
9872,1.184407,-1.040431,-0.6396729,1.701323
9873,1.146935,-1.003213,-0.6931729,1.674032
9874,1.106691,-1.039109,-0.6435962,1.648856
9875,1.158883,-1.07367,-0.6269982,1.699678
9876,1.16246,-1.035169,-0.6661341,1.69311
9877,1.139709,-1.065384,-0.642112,1.687094
9878,1.109689,-1.006655,-0.6622691,1.638098
9879,1.106435,-1.045862,-0.692977,1.672795
9880,0.0636519,-1.072984,-0.6421956,1.252103
9881,0.08037768,-1.006393,-0.7044622,1.231079
9882,0.07877516,-1.005756,-0.7050012,1.230763
9883,0.03989137,-1.01394,-0.6098024,1.18386
9884,1.143377,-1.268463,-1.125946,2.045499
9885,1.18808,-1.207289,-1.125567,2.033711
9886,1.149538,-1.274449,-1.1825,2.084218
9887,1.134118,-1.253353,-1.199557,2.072692
9888,1.130861,-1.205582,-1.100153,1.985601
9889,1.188735,-1.271972,-1.117135,2.068573
9890,1.188075,-1.2073,-1.125561,2.033712
9891,1.149929,-1.234462,-1.150656,2.042117
9892,1.106794,-1.204467,-1.1881,2.021711
9893,1.107297,-1.246924,-1.153676,2.027781
9894,0.07551821,-1.223485,-1.174926,1.697961
9895,0.07791121,-1.205582,-1.099972,1.633841
9896,0.08411473,-1.268075,-1.11842,1.692912
9897,0.02521195,-1.239338,-1.131731,1.678514
9898,1.170459,-1.041765,-0.7877502,1.753796
9899,1.184769,-1.028078,-0.7353877,1.73246
9900,1.162708,-1.066472,-0.7302787,1.738551
9901,1.187408,-0.9985044,-0.6964787,1.700597
9902,1.138852,-1.025993,-0.7884188,1.723731
9903,1.16357,-1.08027,-0.7125687,1.740296
9904,1.115913,-1.009651,-0.7447227,1.679068
9905,1.11591,-1.009652,-0.7447121,1.679062
9906,1.144684,-1.071217,-0.796102,1.758291
9907,0.05665796,-1.055435,-0.7533747,1.29797
9908,0.105263,-1.082316,-0.7719224,1.333549
9909,1.139486,-1.244205,-1.265698,2.109138
9910,1.186229,-1.266003,-1.205417,2.112566
9911,1.198204,-1.282553,-1.253217,2.156661
9912,1.201623,-1.212773,-1.265822,2.125329
9913,1.16674,-1.247932,-1.264163,2.125259
9914,1.11985,-1.234707,-1.233362,2.073584
9915,1.178208,-1.228765,-1.214709,2.091305
9916,1.19868,-1.268776,-1.292287,2.171781
9917,0.05862176,-1.269733,-1.207362,1.753107
9918,0.04759185,-1.294753,-1.29166,1.82949
9919,0.08484481,-1.273255,-1.260141,1.793413
9920,0.06233868,-1.219737,-1.227878,1.731857
9921,0.02511986,-1.211227,-1.293365,1.772145
9922,0.02499747,-1.211487,-1.293541,1.772449
9923,0.01253692,-1.242497,-1.200608,1.727835
9924,-1.071889,-1.230183,-1.289707,2.079817
9925,-1.020478,-1.223115,-1.217097,2.004672
9926,1.199356,-1.045189,-0.8120549,1.786143
9927,1.149109,-1.056635,-0.8520519,1.778461
9928,1.15235,-1.067865,-0.8625063,1.792251
9929,1.112931,-1.028533,-0.8262483,1.72603
9930,1.199692,-1.067407,-0.8291646,1.807245
9931,0.004393427,-1.020946,-0.8514682,1.329416
9932,0.07103445,-1.042221,-0.8059449,1.3194
9933,0.08886849,-1.012425,-0.8912235,1.351732
9934,0.04741458,-1.079578,-0.881889,1.394799
9935,-1.052209,-1.033172,-0.8057477,1.680422
9936,-1.088961,-1.042497,-0.8963081,1.753854
9937,1.187912,-0.8845247,-0.4853431,1.558549
9938,-1.023459,-0.8410581,-0.4602373,1.402379
9939,-1.098071,-0.888184,-0.3878543,1.464603
9940,-1.098026,-0.8780485,-0.4156894,1.466092
9941,1.137777,-1.26895,-1.396561,2.203442
9942,1.136614,-1.206067,-1.346324,2.1352
9943,1.174868,-1.282023,-1.394629,2.229101
9944,1.127014,-1.233005,-1.31431,2.125528
9945,1.180578,-1.214063,-1.380391,2.184763
9946,1.160739,-1.26413,-1.344435,2.180102
9947,1.139098,-1.243424,-1.388067,2.184119
9948,1.175871,-1.237679,-1.319948,2.157958
9949,0.04200904,-1.239729,-1.373485,1.850717
9950,0.0919924,-1.216362,-1.367431,1.832448
9951,0.1041794,-1.30372,-1.360654,1.887304
9952,0.05387162,-1.272349,-1.35819,1.861842
9953,0.08205415,-1.261203,-1.33308,1.836973
9954,0.1105526,-1.235121,-1.333704,1.821129
9955,-1.030356,-1.233708,-1.368974,2.111341
9956,-1.042286,-1.308579,-1.363763,2.158376
9957,0.6323795,-0.3088399,-1.459574,1.620383
9958,0.6763272,-0.3473625,-1.459519,1.645684
9959,0.6324107,-0.3087961,-1.459717,1.620516
9960,0.6763208,-0.347359,-1.459581,1.645735
9961,0.6134412,-0.3714166,-1.459554,1.62621
9962,0.6134235,-0.3713987,-1.459813,1.626432
9963,1.117345,-1.094082,-0.9850227,1.848173
9964,1.186334,-1.0537,-0.9227305,1.835512
9965,1.186329,-1.053679,-0.9227009,1.835482
9966,1.201437,-1.026397,-0.9920016,1.865746
9967,1.1099,-1.025337,-0.9911544,1.807091
9968,1.14249,-1.02671,-0.9471627,1.804587
9969,1.140254,-0.9987398,-0.9251328,1.775819
9970,1.142949,-1.082821,-0.8988211,1.812929
9971,1.123983,-1.067131,-0.9381884,1.811713
9972,0.04328228,-1.072969,-1.011794,1.47542
9973,-1.005629,-1.055574,-0.9581345,1.744577
9974,1.175467,-0.8589142,-0.5522135,1.557047
9975,1.171026,-0.8878528,-0.5293138,1.561972
9976,1.156688,-0.8663689,-0.5823849,1.558106
9977,1.16441,-0.8633044,-0.5955245,1.567098
9978,-1.09569,-0.8885273,-0.536448,1.509237
9979,1.117289,-1.242168,-1.46,2.218765
9980,1.182308,-1.231463,-1.46,2.24632
9981,1.182299,-1.231475,-1.46,2.246322
9982,1.165352,-1.28724,-1.46,2.268619
9983,1.140046,-1.260794,-1.46,2.240737
9984,0.0546251,-1.264985,-1.409593,1.894762
9985,0.03626624,-1.229708,-1.46,1.909214
9986,0.04219526,-1.217872,-1.419755,1.871015
9987,0.0710351,-1.259751,-1.46,1.929668
9988,0.1055602,-1.292802,-1.46,1.952967
9989,0.0362579,-1.229664,-1.46,1.909185
9990,0.03338056,-1.297133,-1.46,1.953271
9991,0.07013781,-1.306126,-1.46,1.960226
9992,0.1114079,-1.240092,-1.46,1.918812
9993,-1.05548,-1.255633,-1.413856,2.165558
9994,-1.021198,-1.263152,-1.436132,2.16815
9995,-1.077091,-1.238804,-1.46,2.196898
9996,-1.077896,-1.2378,-1.46,2.196727
9997,-1.04713,-1.297446,-1.46,2.216179
9998,1.120959,-1.092098,-1.068832,1.895159
9999,1.190813,-1.043521,-1.007181,1.876536
10000,1.148322,-1.025181,-1.084763,1.883175
10001,1.17021,-1.011183,-1.058187,1.873938
10002,1.182162,-1.088117,-1.065714,1.928017
10003,1.120986,-1.092086,-1.068839,1.895172
10004,1.15082,-1.033446,-1.003093,1.843528
10005,1.122332,-1.016914,-1.046714,1.84102
10006,1.167353,-1.082858,-1.047156,1.905736
10007,1.145457,-1.075061,-1.012089,1.86873
10008,0.0690125,-1.092789,-1.065648,1.527926
10009,0.08374991,-1.019458,-1.028491,1.450552
10010,-1.065496,-1.034849,-1.046108,1.816738
10011,1.180203,-0.806499,-0.6223183,1.559038
10012,1.155711,-0.8288921,-0.6884877,1.580109
10013,1.1902,-0.8552525,-0.6370797,1.598093
10014,1.169036,-0.8692723,-0.6656629,1.601682
10015,1.10115,-0.8710603,-0.692825,1.565657
10016,1.133124,-0.8807167,-0.6503477,1.575622
10017,1.155714,-0.8288903,-0.6884879,1.580111
10018,-1.085572,-0.8185805,-0.6054963,1.488343
10019,1.166105,-1.019118,-1.164035,1.937364
10020,1.179008,-1.071466,-1.105586,1.939181
10021,1.131271,-1.070732,-1.141058,1.930869
10022,1.131275,-1.070719,-1.141039,1.930853
10023,1.15238,-1.025515,-1.119611,1.906093
10024,1.187164,-1.083201,-1.167538,1.986411
10025,1.194464,-1.05702,-1.179968,1.984027
10026,0.02816723,-1.067562,-1.120472,1.547882
10027,0.09312543,-1.065454,-1.187686,1.598268
10028,0.1069567,-1.009527,-1.141905,1.527918
10029,-0.9902716,-1.073488,-1.133169,1.848536
10030,-1.079187,-1.037797,-1.159876,1.893932
10031,1.163185,-0.8175495,-0.762976,1.613542
10032,1.183242,-0.8787749,-0.7308437,1.645126
10033,1.196724,-0.8149503,-0.7561266,1.633407
10034,1.130693,-0.8865803,-0.778738,1.634296
10035,1.128145,-0.8378685,-0.7767909,1.605658
10036,1.164699,-0.8637115,-0.7376258,1.626841
10037,-1.080177,-0.8274537,-0.7043557,1.532181
10038,-1.0454,-0.8993955,-0.7816505,1.585166
10039,-0.5659462,-1.376424,0.1921141,1.500582
10040,-0.5659458,-1.376437,0.1921118,1.500593
10041,-0.5391136,-1.292641,0.1456438,1.408111
10042,-0.5391139,-1.292645,0.1456424,1.408115
10043,1.128185,-1.029004,-1.206427,1.946051
10044,1.178642,-1.046869,-1.297729,2.04187
10045,1.160358,-1.005909,-1.265446,1.989884
10046,1.169599,-1.066179,-1.244065,2.013057
10047,1.186074,-0.9976987,-1.269172,2.00324
10048,1.119538,-1.034994,-1.27275,1.986069
10049,1.135345,-1.090849,-1.294463,2.038282
10050,1.128178,-1.029005,-1.206428,1.946049
10051,1.198871,-1.010277,-1.211493,1.981329
10052,1.198866,-1.010276,-1.2115,1.98133
10053,1.169589,-1.066188,-1.24407,2.013058
10054,0.09218301,-1.098239,-1.292276,1.698412
10055,0.08563741,-1.059602,-1.238987,1.632538
10056,-1.063395,-1.068554,-1.257536,1.963164
10057,1.199709,-0.8950043,-0.8105608,1.702158
10058,1.146818,-0.8419292,-0.8947304,1.680648
10059,1.180062,-0.8216868,-0.8370414,1.663837
10060,1.198622,-0.8126454,-0.8366064,1.672423
10061,1.139647,-0.7982939,-0.882444,1.647658
10062,1.127637,-0.8699443,-0.8200126,1.643408
10063,1.190645,-0.8762634,-0.8089805,1.685207
10064,1.170623,-0.8423775,-0.8483685,1.673227
10065,0.006245511,-0.8845553,-0.8316745,1.21415
10066,-1.089149,-0.8154222,-0.8973526,1.629846
10067,-0.5224673,-1.308138,0.02059508,1.408766
10068,1.147332,-1.015579,-1.388439,2.067736
10069,1.199874,-1.01077,-1.398796,2.1019
10070,1.199874,-1.010776,-1.398806,2.101909
10071,1.175988,-1.085272,-1.39212,2.121028
10072,1.166593,-1.001021,-1.340754,2.039756
10073,1.1251,-1.059617,-1.336817,2.043458
10074,1.130821,-1.05452,-1.395362,2.082739
10075,1.183825,-1.054132,-1.346027,2.079525
10076,1.161863,-1.07964,-1.328062,2.068646
10077,1.176002,-1.085274,-1.392114,2.121033
10078,1.106751,-1.04312,-1.396732,2.064911
10079,0.06056693,-1.104777,-1.339906,1.737685
10080,0.07602962,-1.094887,-1.399262,1.778339
10081,0.05394881,-1.004416,-1.390456,1.716138
10082,0.1010288,-1.013003,-1.388524,1.721738
10083,0.02518504,-1.065202,-1.310319,1.688853
10084,0.01990047,-1.023402,-1.298114,1.653133
10085,0.09744548,-1.063608,-1.35637,1.726412
10086,0.0716362,-1.051546,-1.397928,1.750738
10087,0.07357541,-1.077223,-1.291923,1.683712
10088,0.0883443,-1.017962,-1.335222,1.68133
10089,-1.054528,-1.071698,-1.346574,2.018372
10090,1.119135,-0.8800427,-0.904309,1.686628
10091,1.174135,-0.8069873,-0.99086,1.735404
10092,1.18194,-0.8038921,-0.9590119,1.721316
10093,1.196932,-0.8683605,-0.9646904,1.765595
10094,1.104888,-0.8082694,-0.9662559,1.675627
10095,1.196936,-0.8683718,-0.964734,1.765627
10096,1.111006,-0.8770148,-0.9635471,1.712283
10097,1.147199,-0.883337,-0.9687997,1.742103
10098,1.177087,-0.8475713,-0.9042587,1.709267
10099,1.181087,-0.8226718,-0.9182476,1.707318
10100,1.12625,-0.8087096,-0.922461,1.665348
10101,1.145787,-0.8287995,-0.9977152,1.730656
10102,0.05834481,-0.8174006,-0.9383889,1.245842
10103,0.05849559,-0.8176271,-0.9401308,1.24731
10104,-1.033888,-0.8673712,-0.9474945,1.64894
10105,0.5823961,-1.292306,-0.06982755,1.419196
10106,0.5660372,-1.328922,-0.03544584,1.444883
10107,0.5660457,-1.328918,-0.03544461,1.444883
10108,0.5823889,-1.292297,-0.06983151,1.419185
10109,-0.5382308,-1.340623,-0.03070842,1.444959
10110,-0.582997,-1.314955,-0.02693652,1.438652
10111,1.17082,-1.026254,-1.46,2.134389
10112,1.199147,-1.070306,-1.46,2.17143
10113,1.146216,-1.043386,-1.46,2.129334
10114,1.113916,-1.032747,-1.46,2.106888
10115,1.177482,-1.077179,-1.46,2.162956
10116,1.114493,-1.083589,-1.46,2.132571
10117,0.05276471,-1.000436,-1.46,1.770665
10118,0.03165269,-1.069942,-1.407515,1.768298
10119,0.04010238,-1.085845,-1.46,1.819964
10120,0.05330706,-1.018062,-1.46,1.7807
10121,0.06178025,-1.08547,-1.46,1.820347
10122,0.09090814,-1.058368,-1.46,1.805549
10123,0.09713709,-1.031117,-1.46,1.790038
10124,0.01516567,-1.096852,-1.41539,1.79071
10125,-1.033531,-1.063025,-1.46,2.080819
10126,-1.061569,-1.058381,-1.46,2.092534
10127,1.170441,-0.8889372,-1.032686,1.796269
10128,1.144359,-0.824502,-1.068485,1.769469
10129,1.198281,-0.8595857,-1.043204,1.806388
10130,1.118171,-0.8725429,-1.039171,1.75827
10131,1.147561,-0.8686207,-1.024751,1.76678
10132,1.144356,-0.824495,-1.068487,1.769465
10133,1.117313,-0.8001276,-1.035513,1.720721
10134,0.1035712,-0.8802525,-1.021047,1.352076
10135,-1.07538,-0.9044833,-1.063577,1.762308
10136,-0.9975861,-0.8364184,-1.028071,1.658826
10137,0.5178504,-1.363334,-0.1535536,1.466433
10138,-0.5670934,-1.303528,-0.1218164,1.426752
10139,1.155458,-0.8953537,-1.101356,1.830226
10140,1.110187,-0.8747542,-1.143389,1.817979
10141,1.11018,-0.8747652,-1.143383,1.817976
10142,1.175989,-0.8498102,-1.116312,1.83065
10143,1.17685,-0.8875569,-1.172064,1.883206
10144,1.173636,-0.8637313,-1.165571,1.866014
10145,1.188081,-0.8086779,-1.184143,1.862174
10146,1.132268,-0.805341,-1.164713,1.813053
10147,1.188074,-0.8086774,-1.184143,1.862169
10148,1.175986,-0.8497941,-1.116345,1.830661
10149,0.06242012,-0.8240142,-1.127904,1.398236
10150,0.05648332,-0.8959453,-1.109442,1.427154
10151,0.07809006,-0.8802502,-1.203988,1.493495
10152,0.06243766,-0.8240556,-1.12798,1.398322
10153,-1.015129,-0.8581833,-1.140626,1.751568
10154,-0.5411478,-1.384203,-0.2688192,1.510339
10155,-0.5621299,-1.318022,-0.2266676,1.450707
10156,1.142535,-0.8786792,-1.257614,1.912866
10157,1.17876,-0.8403931,-1.254762,1.915767
10158,1.171852,-0.8685922,-1.268641,1.933168
10159,1.131142,-0.8583687,-1.20388,1.861614
10160,1.136468,-0.7982473,-1.259965,1.875172
10161,1.144806,-0.8065128,-1.213246,1.852838
10162,1.131132,-0.8583594,-1.203901,1.861617
10163,1.186647,-0.8109647,-1.259461,1.91103
10164,1.101036,-0.845696,-1.261764,1.876041
10165,1.101037,-0.8456944,-1.261756,1.876036
10166,0.09335805,-0.8113095,-1.269131,1.509183
10167,-1.052793,-0.8472462,-1.257028,1.845621
10168,1.17605,-0.6761149,-0.885902,1.6202
10169,0.5257573,-1.358335,-0.3501617,1.498034
10170,0.5257419,-1.358346,-0.3501547,1.498038
10171,0.5646535,-1.368056,-0.3175821,1.513694
10172,0.5646448,-1.368067,-0.3175922,1.513703
10173,0.6042126,-1.368765,-0.3087726,1.52772
10174,0.6042211,-1.368762,-0.308774,1.527722
10175,0.5913011,-1.333137,-0.3794386,1.506939
10176,0.5912595,-1.333145,-0.3794281,1.506927
10177,-0.545664,-1.410139,-0.3444209,1.550763
10178,-0.5956069,-1.387693,-0.3208677,1.543825
10179,-0.5195336,-1.314776,-0.3161512,1.448621
10180,1.141717,-0.8329748,-1.316161,1.931229
10181,1.110112,-0.8751338,-1.367547,1.966823
10182,1.179564,-0.8847015,-1.341355,1.993314
10183,1.136062,-0.8383176,-1.392702,1.983187
10184,1.198907,-0.8656796,-1.387895,2.028061
10185,1.198919,-0.8656867,-1.387897,2.028073
10186,1.136068,-0.8383186,-1.3927,1.98319
10187,1.193633,-0.8085095,-1.334877,1.964776
10188,1.183879,-0.8364521,-1.320114,1.960592
10189,1.1733,-0.8098632,-1.384323,1.987174
10190,1.157168,-0.873614,-1.32776,1.966008
10191,1.103127,-0.8568588,-1.318431,1.92077
10192,0.06205515,-0.8483534,-1.379488,1.620661
10193,0.1066306,-0.8928117,-1.388515,1.654224
10194,0.08738834,-0.8067319,-1.378229,1.599365
10195,0.08175082,-0.8285933,-1.326966,1.566553
10196,0.08598635,-0.8621296,-1.297979,1.56058
10197,0.05340197,-0.892892,-1.365075,1.632035
10198,-1.068515,-0.8976418,-1.382692,1.964516
10199,-1.021039,-0.8048115,-1.336995,1.864886
10200,1.13522,-0.6872849,-0.933035,1.622233
10201,1.135218,-0.6872864,-0.933035,1.622232
10202,1.191139,-0.645588,-0.9380572,1.647892
10203,1.153771,-0.6512261,-0.9983115,1.658888
10204,1.153763,-0.6512266,-0.9983052,1.658878
10205,0.5933717,-1.301142,-0.4663256,1.504168
10206,0.5744757,-1.374827,-0.4500755,1.556515
10207,0.5720094,-1.386876,-0.4157797,1.556757
10208,0.5689297,-1.383582,-0.4953478,1.575865
10209,0.5279642,-1.297496,-0.4265888,1.464316
10210,0.5194485,-1.385137,-0.4608318,1.54945
10211,0.5689064,-1.383583,-0.4953575,1.57586
10212,0.5933602,-1.301138,-0.4663321,1.504162
10213,0.5401345,-1.380218,-0.4057406,1.536675
10214,0.5912547,-1.37496,-0.4082405,1.551373
10215,0.5194414,-1.385136,-0.4608428,1.54945
10216,0.5279573,-1.297497,-0.4265826,1.464312
10217,0.5150041,-1.36575,-0.4156948,1.517664
10218,-0.6001851,-1.338284,-0.3974293,1.519598
10219,-0.5016594,-1.394888,-0.4845897,1.559552
10220,-0.5176457,-1.32684,-0.406728,1.481178
10221,-0.6067427,-1.396706,-0.479055,1.596377
10222,1.077553,-1.459595,1.368291,2.27239
10223,1.015478,-1.458968,1.32733,2.218465
10224,1.053129,-1.459338,1.352796,2.2514
10225,1.053126,-1.459157,1.352789,2.251278
10226,-0.5706167,-1.137399,-0.08489255,1.275338
10227,-0.5705777,-1.137498,-0.08490405,1.275409
10228,1.180826,-0.8276376,-1.46,2.052056
10229,1.132592,-0.8415848,-1.46,2.030426
10230,1.192804,-0.8648527,-1.46,2.074211
10231,1.138883,-0.8597349,-1.46,2.041519
10232,1.174701,-0.8932799,-1.46,2.075927
10233,0.1023098,-0.8830994,-1.46,1.709366
10234,0.02544525,-0.8890144,-1.401041,1.659491
10235,0.08207933,-0.8520231,-1.46,1.692418
10236,0.0503231,-0.844792,-1.46,1.687544
10237,0.1023111,-0.8830937,-1.46,1.709363
10238,-1.034265,-0.8480554,-1.46,1.980026
10239,-1.058368,-0.8187163,-1.419545,1.950781
10240,1.177402,-0.6980931,-1.097001,1.754144
10241,1.11117,-0.6389789,-1.080672,1.676557
10242,1.158267,-0.688714,-1.025754,1.693541
10243,1.111165,-0.6389826,-1.080669,1.676554
10244,1.154228,-0.6672122,-1.100073,1.72846
10245,1.152989,-0.6156483,-1.063278,1.684923
10246,1.106315,-0.6885323,-1.064475,1.682592
10247,1.196826,-0.6311116,-1.035995,1.704107
10248,1.196827,-0.6311125,-1.035985,1.704101
10249,-1.056251,-0.6670094,-1.051584,1.63291
10250,0.5409028,-1.303091,-0.5303708,1.507287
10251,0.5583835,-1.382892,-0.5451942,1.587898
10252,0.5583851,-1.382899,-0.5452043,1.587908
10253,0.5935748,-1.304262,-0.5756587,1.544284
10254,0.5372142,-1.306006,-0.5532376,1.516682
10255,0.5987948,-1.386431,-0.5712048,1.614627
10256,0.5995995,-1.298527,-0.5225885,1.522757
10257,-0.5586838,-1.413555,-0.5318491,1.610319
10258,-0.5595128,-1.305499,-0.4961202,1.504499
10259,-0.5120178,-1.386367,-0.5917639,1.591968
10260,-0.5879311,-1.35913,-0.5440189,1.57761
10261,1.003958,-1.459649,1.242721,2.163992
10262,1.054478,-1.459437,1.253077,2.193646
10263,1.09816,-1.459433,1.244888,2.21035
10264,1.052925,-1.459718,1.294717,2.217143
10265,1.00396,-1.459495,1.24271,2.163883
10266,1.052934,-1.459607,1.294733,2.217083
10267,1.065224,-1.458958,1.221079,2.180435
10268,-0.5270428,-1.109163,-0.1498955,1.237128
10269,-0.5270291,-1.109161,-0.1498952,1.23712
10270,-0.5944231,-1.213174,-0.2001696,1.365723
10271,1.124547,-0.6050366,-1.190258,1.745677
10272,1.15957,-0.6247452,-1.104909,1.719225
10273,1.149594,-0.6567252,-1.174553,1.769867
10274,1.159584,-0.6071035,-1.142078,1.73711
10275,1.150833,-0.6879073,-1.134766,1.75651
10276,1.178922,-0.6282859,-1.169947,1.775774
10277,0.5803859,-1.385583,-0.6949198,1.655174
10278,0.5840241,-1.30796,-0.6586115,1.576583
10279,0.5579662,-1.379396,-0.6107542,1.60844
10280,0.5579557,-1.379375,-0.6107366,1.608412
10281,0.5295931,-1.381442,-0.6685475,1.623517
10282,0.5323271,-1.317284,-0.60105,1.542683
10283,0.5444937,-1.303266,-0.6681508,1.562498
10284,0.6031421,-1.381821,-0.6381516,1.637207
10285,0.6031382,-1.381821,-0.6381418,1.637202
10286,0.5840304,-1.307966,-0.658615,1.576591
10287,0.5776049,-1.310184,-0.6040139,1.55404
10288,0.5803899,-1.385586,-0.6949282,1.655182
10289,0.5295987,-1.381442,-0.6685583,1.623523
10290,0.5323356,-1.317285,-0.6010463,1.542685
10291,-0.5609531,-1.398492,-0.6737738,1.650582
10292,-0.4991101,-1.321689,-0.6459364,1.55345
10293,-0.5665286,-1.350034,-0.6452181,1.599954
10294,1.022999,-1.459917,1.136485,2.114115
10295,1.071276,-1.458928,1.153521,2.146326
10296,1.085895,-1.459011,1.154743,2.15437
10297,1.0331,-1.45891,1.188933,2.146922
10298,1.033099,-1.459448,1.188945,2.147294
10299,1.038265,-1.459454,1.106443,2.105283
10300,-0.5710861,-1.123909,-0.2224311,1.280151
10301,-0.5902148,-1.20914,-0.2063087,1.361226
10302,1.103391,-0.6173213,-1.242309,1.772538
10303,1.191925,-0.6615272,-1.215795,1.826598
10304,1.133276,-0.6036512,-1.25542,1.79577
10305,1.145517,-0.6389276,-1.218153,1.790066
10306,1.143836,-0.6603836,-1.251264,1.819376
10307,1.160323,-0.6220143,-1.272549,1.831019
10308,1.194972,-0.6611679,-1.258369,1.857039
10309,-1.052276,-0.655083,-1.275873,1.778839
10310,0.5707493,-1.317351,-0.7172431,1.604869
10311,0.5598585,-1.323375,-0.7746724,1.632446
10312,0.5479833,-1.312684,-0.7752397,1.620007
10313,0.5241767,-1.388851,-0.7446263,1.660764
10314,0.5241848,-1.388852,-0.744628,1.660768
10315,0.5983379,-1.316787,-0.7964491,1.651141
10316,0.5809499,-1.383012,-0.7606488,1.681907
10317,0.5809451,-1.383014,-0.760648,1.681907
10318,0.5526645,-1.342117,-0.715161,1.618076
10319,0.5195475,-1.317564,-0.7097411,1.584184
10320,-0.5674915,-1.389277,-0.808672,1.704725
10321,-0.5213566,-1.367264,-0.7470008,1.642934
10322,1.083757,-1.459029,1.103732,2.126386
10323,1.009099,-1.459381,1.060281,2.066947
10324,1.016114,-1.459071,1.031232,2.055436
10325,1.068923,-1.459569,1.023927,2.078789
10326,1.054196,-1.458928,1.073802,2.095912
10327,1.078616,-1.459125,1.042995,2.092916
10328,-0.5414396,-1.182714,-0.3051208,1.336064
10329,-0.5497102,-1.139734,-0.3742583,1.319562
10330,1.137934,-0.6513568,-1.311644,1.854608
10331,1.186073,-0.652965,-1.346597,1.90957
10332,1.101285,-0.6238458,-1.328878,1.835192
10333,1.148034,-0.6470694,-1.379422,1.907743
10334,1.11202,-0.6108981,-1.392027,1.883487
10335,1.129405,-0.6241285,-1.388308,1.895387
10336,1.162777,-0.6868452,-1.394134,1.940983
10337,1.186847,-0.6664072,-1.388015,1.944039
10338,1.101279,-0.6238436,-1.328887,1.835194
10339,1.167774,-0.6542552,-1.308176,1.871649
10340,-1.045331,-0.6233945,-1.381018,1.840801
10341,0.5525308,-1.3187,-0.8578992,1.667409
10342,0.5517263,-1.39158,-0.8375424,1.715335
10343,0.5332233,-1.374148,-0.800811,1.677471
10344,0.5749496,-1.378316,-0.825347,1.706317
10345,0.5808764,-1.376596,-0.8879513,1.738071
10346,0.6047347,-1.313223,-0.878331,1.691663
10347,0.5809007,-1.376601,-0.8879743,1.738095
10348,0.5893589,-1.305642,-0.8413709,1.661309
10349,0.541994,-1.307793,-0.8227823,1.637391
10350,0.5987623,-1.379515,-0.8072405,1.706815
10351,0.5202579,-1.387548,-0.8234074,1.695275
10352,0.5160872,-1.297724,-0.8938915,1.658154
10353,0.5223673,-1.385748,-0.8871578,1.72633
10354,0.5223718,-1.385753,-0.8871561,1.726334
10355,-0.5317853,-1.298396,-0.826665,1.628497
10356,-0.5123138,-1.327663,-0.8975451,1.682481
10357,-0.5163927,-1.398893,-0.8558198,1.7193
10358,1.064989,-1.459454,0.9862503,2.058372
10359,1.069805,-1.459873,0.9575635,2.047593
10360,1.078501,-1.459348,0.9353663,2.041512
10361,1.010816,-1.459009,0.9286393,2.003204
10362,1.010124,-1.459317,0.9464066,2.011378
10363,1.020952,-1.459537,0.9880112,2.03685
10364,-0.544229,-1.176645,-0.4538656,1.373562
10365,-0.5026576,-1.117792,-0.4777476,1.315434
10366,1.138581,-0.6323313,-1.46,1.956479
10367,1.187942,-0.6666099,-1.46,1.996791
10368,1.154071,-0.6838306,-1.46,1.982701
10369,1.193264,-0.6236812,-1.46,1.986066
10370,1.138574,-0.6323221,-1.46,1.956472
10371,1.111605,-0.6793528,-1.46,1.956728
10372,0.03430198,-0.6527494,-1.46,1.599643
10373,-7.622896E-05,-0.6384033,-1.46,1.593474
10374,-1.075096,-0.6407787,-1.46,1.923026
10375,0.5782196,-1.303087,-0.9229396,1.69829
10376,0.5649549,-1.383573,-0.9444629,1.767896
10377,0.5388103,-1.352916,-0.9436079,1.735251
10378,0.5305354,-1.310665,-0.9225101,1.688294
10379,0.5939481,-1.385946,-0.9955223,1.806844
10380,0.5442349,-1.37896,-0.995498,1.785704
10381,0.5856289,-1.301067,-0.9541562,1.716436
10382,0.5830786,-1.381099,-0.9511167,1.775398
10383,0.5240098,-1.368605,-0.9877353,1.767282
10384,-0.5360357,-1.395639,-0.9478343,1.770178
10385,1.093487,-1.459401,0.8385739,2.00718
10386,1.038639,-1.459394,0.838798,1.977924
10387,1.038642,-1.459271,0.8387815,1.977828
10388,1.097952,-1.459757,0.882733,2.028696
10389,1.040172,-1.459223,0.9005415,2.005559
10390,1.053384,-1.459521,0.8887619,2.007415
10391,-0.5900347,-1.189697,-0.5481915,1.436675
10392,-0.541208,-1.135208,-0.5506461,1.372885
10393,0.540592,-1.379746,-1.063337,1.823904
10394,0.5827948,-1.316795,-1.08927,1.805577
10395,0.6009496,-1.386662,-1.068452,1.850827
10396,0.5532776,-1.382646,-1.062115,1.829184
10397,0.5551775,-1.319441,-1.017238,1.756109
10398,0.5816573,-1.387033,-1.012808,1.813275
10399,0.5624136,-1.303699,-1.062273,1.773236
10400,0.5779222,-1.299096,-1.001064,1.7389
10401,0.591118,-1.342499,-1.039746,1.797998
10402,-0.5845566,-1.372164,-1.022151,1.80813
10403,-0.5653338,-1.316529,-1.004482,1.74981
10404,1.062745,-1.459869,0.7232865,1.945196
10405,1.011665,-1.459338,0.7831396,1.940732
10406,1.067178,-1.459676,0.7760847,1.967697
10407,1.006694,-1.458704,0.7080804,1.908567
10408,1.006699,-1.458711,0.7080812,1.908576
10409,1.009273,-1.45925,0.7877641,1.941292
10410,1.038833,-1.459244,0.7466524,1.940633
10411,1.093434,-1.459499,0.7372811,1.967058
10412,1.071477,-1.45971,0.7991422,1.979254
10413,-0.02701734,-1.459128,0.7343442,1.633721
10414,-0.02701675,-1.459605,0.7343416,1.634147
10415,0.5181866,-1.181676,-0.6892226,1.46284
10416,0.518191,-1.181666,-0.6892406,1.462843
10417,-0.5448219,-1.161115,-0.6405049,1.433619
10418,-0.5657001,-0.9842637,-0.1956263,1.151981
10419,0.557257,-1.38286,-1.183966,1.903841
10420,0.5861723,-1.30229,-1.151953,1.834816
10421,0.6078877,-1.385322,-1.126939,1.886435
10422,0.5712619,-1.37574,-1.113573,1.859851
10423,0.5572686,-1.382862,-1.183951,1.903837
10424,0.5581594,-1.346152,-1.131763,1.845144
10425,0.5567018,-1.298741,-1.153453,1.824033
10426,0.6011948,-1.379945,-1.155252,1.897443
10427,0.5351183,-1.383037,-1.118305,1.85735
10428,0.5149998,-1.389356,-1.147231,1.873946
10429,-0.5442133,-1.372681,-1.135844,1.862945
10430,1.081972,-1.459681,0.693485,1.944802
10431,1.079397,-1.459928,0.6677576,1.934525
10432,1.0271,-1.45969,0.6589516,1.902589
10433,1.078138,-1.459406,0.6286654,1.920279
10434,1.027124,-1.46,0.6589476,1.902839
10435,1.04627,-1.46,0.6089084,1.896589
10436,-0.00421788,-1.458535,0.6171457,1.583733
10437,-0.0143201,-1.459351,0.6860075,1.612612
10438,-0.01432419,-1.459384,0.6860142,1.612645
10439,-0.07455283,-1.459049,0.6997569,1.619889
10440,-0.05039963,-1.459193,0.6365704,1.592798
10441,-0.09570226,-1.459326,0.6586848,1.60395
10442,-0.0745229,-1.459499,0.6997711,1.620299
10443,-0.05035899,-1.458673,0.6365573,1.592316
10444,-1.191881,-1.451934,0.647149,1.98683
10445,-1.191859,-1.451967,0.6471592,1.986845
10446,-1.149322,-1.459361,0.6082782,1.954655
10447,0.5557914,-1.190513,-0.7293127,1.502705
10448,0.5938317,-1.194592,-0.7727236,1.541683
10449,0.5311479,-1.178138,-0.7700334,1.504353
10450,0.518843,-1.175144,-0.778325,1.501982
10451,-0.5324004,-1.175082,-0.7403049,1.487387
10452,-0.5761189,-0.9382737,-0.3522578,1.156009
10453,0.5307213,-1.389007,-1.237059,1.93425
10454,0.5439917,-1.310044,-1.285532,1.91435
10455,0.54066,-1.310564,-1.24132,1.884348
10456,0.6023358,-1.313813,-1.273597,1.926386
10457,0.5940458,-1.310604,-1.205146,1.876952
10458,0.607492,-1.382512,-1.20648,1.932868
10459,0.5269855,-1.375663,-1.282326,1.95308
10460,0.5685383,-1.376638,-1.277644,1.962331
10461,0.5814264,-1.323121,-1.222791,1.893125
10462,0.5689367,-1.37234,-1.236609,1.932928
10463,0.589274,-1.389281,-1.280009,1.97883
10464,0.5150439,-1.298245,-1.234866,1.864297
10465,0.5183331,-1.352103,-1.219607,1.893223
10466,-0.5327497,-1.31524,-1.215243,1.868286
10467,-0.5799198,-1.350465,-1.219746,1.909933
10468,1.171894,-0.4570102,-1.380553,1.867651
10469,1.144802,-0.458612,-1.373166,1.845666
10470,1.144793,-0.4586107,-1.373169,1.845662
10471,1.186048,-0.4595544,-1.301966,1.820169
10472,1.189278,-0.472971,-1.318587,1.837595
10473,1.062347,-1.45945,0.5091438,1.875581
10474,1.094089,-1.459605,0.5205864,1.896968
10475,1.033942,-1.459338,0.5872362,1.882432
10476,1.085209,-1.458886,0.5788984,1.90818
10477,1.025746,-1.459599,0.5336576,1.862089
10478,1.018664,-1.459323,0.5557005,1.864431
10479,1.079669,-1.45949,0.5550402,1.898385
10480,-0.07159469,-1.459275,0.5705469,1.568481
10481,-0.04330343,-1.45958,0.5939939,1.576413
10482,-0.03678595,-1.458546,0.5186633,1.548457
10483,-0.03678707,-1.45854,0.5186603,1.548451
10484,-0.0704176,-1.459507,0.5631995,1.565986
10485,-1.190878,-1.454574,0.5461488,1.957615
10486,-1.185037,-1.454157,0.5081937,1.943488
10487,-1.190865,-1.454601,0.546157,1.957628
10488,0.5290386,-1.190389,-0.86238,1.562244
10489,0.5408302,-1.162867,-0.818187,1.521245
10490,0.5362119,-1.146964,-0.8669432,1.534484
10491,0.581863,-1.161768,-0.813825,1.533161
10492,0.5818644,-1.161765,-0.8138372,1.533165
10493,0.584598,-1.168094,-0.8668062,1.567658
10494,-0.5770726,-1.121809,-0.8176643,1.503344
10495,-0.5276768,-0.9660428,-0.4310864,1.182166
10496,0.5447536,-1.383792,-1.343276,2.004003
10497,0.5447226,-1.383799,-1.343321,2.00403
10498,0.546406,-1.30957,-1.392102,1.987834
10499,0.5991861,-1.381865,-1.332041,2.010699
10500,0.5904543,-1.362996,-1.38923,2.033803
10501,0.6066589,-1.309454,-1.39383,2.006357
10502,0.5991873,-1.381863,-1.332037,2.010695
10503,0.5820237,-1.321183,-1.313666,1.951921
10504,0.5716178,-1.320109,-1.387575,1.998699
10505,0.5635785,-1.305849,-1.339422,1.953693
10506,0.5324019,-1.324871,-1.312872,1.939682
10507,0.5106113,-1.348005,-1.396883,2.007267
10508,0.5093073,-1.311525,-1.389656,1.977532
10509,-0.5852846,-1.299684,-1.384823,1.987328
10510,-0.5486224,-1.391483,-1.292624,1.976889
10511,-0.5304551,-1.328219,-1.391603,1.995521
10512,1.194311,-0.4369645,-1.459997,1.936209
10513,1.14578,-0.4571249,-1.46,1.91138
10514,1.147794,-0.400586,-1.459769,1.899691
10515,1.147789,-0.4005899,-1.459769,1.899689
10516,1.145772,-0.4571333,-1.46,1.911378
10517,1.024285,-1.459414,0.4599242,1.841353
10518,1.016359,-1.459589,0.4969974,1.846725
10519,1.068502,-1.459971,0.4726267,1.869916
10520,1.016693,-1.459724,0.4370911,1.831804
10521,-1.066709,-0.4775929,-1.428196,1.845455
10522,1.066717,-1.45999,0.4294143,1.858454
10523,-1.075261,-0.4165207,-1.393374,1.808637
10524,-1.075273,-0.4165307,-1.393376,1.808648
10525,-0.0188513,-1.458992,0.4454708,1.5256
10526,-0.01883208,-1.46,0.4454317,1.526553
10527,-0.08730216,-1.459154,0.4836981,1.539713
10528,-0.03960805,-1.459321,0.4791764,1.536488
10529,-0.08737435,-1.459665,0.4836115,1.540174
10530,-1.159489,-1.459804,0.4161172,1.91013
10531,-1.159494,-1.459804,0.4161254,1.910134
10532,0.5282126,-1.09849,-0.9603701,1.551773
10533,0.589396,-1.162668,-0.9988796,1.642238
10534,0.5333403,-1.165586,-0.9667189,1.605487
10535,0.5407866,-1.162333,-0.9266465,1.581816
10536,0.5391356,-1.10253,-0.9670563,1.56251
10537,0.6020816,-1.160744,-0.9611662,1.622858
10538,0.5681852,-1.168584,-0.8999063,1.580587
10539,0.5771051,-1.126841,-0.9367632,1.574912
10540,0.586582,-1.123111,-0.9607018,1.590096
10541,0.6068663,-1.138639,-0.9121392,1.580121
10542,0.5194619,-1.116878,-0.9219307,1.538575
10543,-0.5598515,-1.170103,-0.8990405,1.578242
10544,-0.5191734,-1.136985,-0.9753824,1.585449
10545,-0.5985745,-0.9829577,-0.5230375,1.264146
10546,0.5850614,-1.38742,-1.46,2.097339
10547,0.5585807,-1.387943,-1.400868,2.049592
10548,0.5758308,-1.334621,-1.46,2.060193
10549,0.5423297,-1.387282,-1.404483,2.047254
10550,0.5359364,-1.390919,-1.46,2.0865
10551,0.5830257,-1.330356,-1.46,2.059458
10552,0.5372601,-1.371056,-1.46,2.073654
10553,0.5850652,-1.387418,-1.46,2.097339
10554,-0.5891331,-1.376312,-1.433459,2.072708
10555,-0.5113884,-1.337649,-1.46,2.045097
10556,-0.5352235,-1.401877,-1.46,2.093639
10557,-0.5871008,-1.342156,-1.46,2.068253
10558,-0.5722829,-1.381871,-1.46,2.090137
10559,-0.5372778,-1.351799,-1.46,2.060977
10560,-0.520484,-1.406902,-1.46,2.093293
10561,1.006164,-1.46,0.3322432,1.803982
10562,1.004325,-1.444705,0.3724859,1.798496
10563,1.040014,-1.46,0.3456068,1.825561
10564,1.012696,-1.46,0.3916849,1.819497
10565,1.066408,-1.459895,0.355035,1.842436
10566,1.090399,-1.459481,0.3877797,1.86264
10567,1.053892,-1.459981,0.4035935,1.845297
10568,1.08139,-1.459994,0.3063919,1.842515
10569,1.015621,-1.404822,0.3086948,1.760767
10570,-0.05949924,-1.459638,0.4039593,1.515673
10571,-0.05950782,-1.459636,0.4039542,1.51567
10572,-0.02969041,-1.444184,0.3488051,1.486006
10573,-0.02969646,-1.444194,0.3488092,1.486016
10574,-0.08627729,-1.45997,0.3317701,1.499676
10575,-0.0771051,-1.46,0.3313441,1.499111
10576,-1.164951,-1.46,0.3187674,1.894815
10577,-1.164937,-1.46,0.3187416,1.894802
10578,-1.123401,-1.449604,0.364291,1.869783
10579,-1.096313,-1.46,0.3173665,1.853166
10580,-1.123397,-1.449614,0.3642956,1.869789
10581,-1.096318,-1.46,0.317328,1.853162
10582,0.6081607,-1.180525,-1.057474,1.697572
10583,0.5523099,-1.148249,-1.024991,1.635276
10584,0.5523188,-1.148252,-1.024997,1.635285
10585,0.5416721,-1.148032,-1.082474,1.668273
10586,0.5409266,-1.192662,-1.005641,1.651168
10587,0.5636672,-1.180405,-1.082009,1.697593
10588,-0.587089,-1.089538,-1.032624,1.611856
10589,-0.5811706,-1.181774,-1.015084,1.662752
10590,-0.5269274,-1.175081,-1.080238,1.680887
10591,-0.5816947,-0.9299936,-0.6081098,1.254215
10592,-0.5229928,-0.974973,-0.6711397,1.294033
10593,1.049629,-1.46,0.3009163,1.823149
10594,1.094975,-1.46,0.2436664,1.84118
10595,1.01167,-1.46,0.2735569,1.797195
10596,1.093795,-1.406702,0.2505357,1.799435
10597,1.036138,-1.459862,0.2339679,1.805414
10598,1.053239,-1.46,0.260256,1.818968
10599,-0.0683581,-1.45628,0.2518535,1.479478
10600,-0.06906679,-1.46,0.2514352,1.483101
10601,-0.05257364,-1.459942,0.3025049,1.491879
10602,0.000954623,-1.459649,0.2413326,1.479465
10603,-0.01147452,-1.46,0.2929023,1.489135
10604,-0.01144295,-1.459863,0.2927358,1.488967
10605,-1.189005,-1.46,0.2284552,1.896714
10606,-1.189006,-1.46,0.2284664,1.896716
10607,-1.105948,-1.46,0.2665638,1.850886
10608,-1.153069,-1.46,0.2621953,1.878807
10609,-1.105948,-1.46,0.266572,1.850887
10610,0.5733647,-1.192025,-1.139866,1.746129
10611,0.5298799,-1.166829,-1.167019,1.733262
10612,0.5245562,-1.117431,-1.14798,1.685725
10613,0.5532182,-1.153816,-1.106471,1.691633
10614,0.5571164,-1.151298,-1.161953,1.728005
10615,0.5922295,-1.110114,-1.135265,1.694672
10616,0.5922378,-1.110115,-1.135267,1.694678
10617,-0.5881615,-0.9237636,-0.7796273,1.344281
10618,1.006412,-1.459737,0.1938555,1.783613
10619,1.072133,-1.46,0.1881764,1.821121
10620,1.061708,-1.458372,0.2067095,1.81571
10621,1.044348,-1.459408,0.1466495,1.800566
10622,1.030322,-1.459555,0.150716,1.792925
10623,1.089492,-1.46,0.1339175,1.826616
10624,-0.03361592,-1.459514,0.2103662,1.474979
10625,-0.06050362,-1.458757,0.1654124,1.469351
10626,-0.02565605,-1.459153,0.1361034,1.465711
10627,-0.0604915,-1.458803,0.1653908,1.469394
10628,-0.03322123,-1.459468,0.2102789,1.474913
10629,-1.129735,-1.45972,0.147348,1.851701
10630,-1.139954,-1.459875,0.2050877,1.863543
10631,-1.14729,-1.46,0.1952649,1.867084
10632,-1.129727,-1.45972,0.1473499,1.851696
10633,-1.191826,-1.46,0.1230549,1.888701
10634,-1.191827,-1.46,0.1230978,1.888705
10635,0.5521273,-1.163205,-1.210721,1.76741
10636,0.5535844,-1.150315,-1.278863,1.806978
10637,0.5443629,-1.176628,-1.247366,1.799085
10638,0.5994995,-1.192415,-1.246414,1.826144
10639,0.5994911,-1.192397,-1.246412,1.826128
10640,0.5155801,-1.128379,-1.224059,1.742809
10641,0.5130814,-1.183966,-1.209939,1.768892
10642,0.5855644,-1.12035,-1.216088,1.754121
10643,0.5437479,-1.125301,-1.275165,1.7855
10644,0.5855691,-1.120349,-1.216077,1.754114
10645,-0.5113313,-1.141214,-1.200894,1.733775
10646,-0.5816928,-1.196003,-1.237158,1.816411
10647,-0.5284308,-1.176825,-1.292755,1.8263
10648,-0.5450128,-0.9338882,-0.8407696,1.369701
10649,1.038081,-1.457826,0.09320704,1.792081
10650,1.062006,-1.46,0.0464526,1.805994
10651,1.022357,-1.459485,0.02572514,1.782126
10652,1.052359,-1.459888,0.02347747,1.799801
10653,1.038129,-1.46,0.09323671,1.79388
10654,1.091526,-1.46,0.08135767,1.824732
10655,-0.003355491,-1.457575,0.08332645,1.459959
10656,-0.07435296,-1.459498,0.08418259,1.463813
10657,-0.07667584,-1.459057,0.01966468,1.461203
10658,0.009687155,-1.459959,0.01144613,1.460036
10659,-0.07943672,-1.459798,0.08357449,1.464344
10660,-0.02351782,-1.414232,0.1078299,1.418532
10661,-0.02351364,-1.414245,0.1078391,1.418546
10662,-1.141725,-1.46,0.02084868,1.853529
10663,-1.154815,-1.456819,0.0585342,1.859931
10664,-1.138464,-1.459192,0.09982156,1.853458
10665,-1.111719,-1.45945,0.1036299,1.837568
10666,-1.169423,-1.459937,0.07315726,1.871983
10667,0.5202187,-1.183369,-1.328083,1.85332
10668,0.5202169,-1.183371,-1.328085,1.853322
10669,0.5981254,-1.154811,-1.323438,1.855487
10670,0.5795968,-1.118036,-1.390869,1.876287
10671,0.5361288,-1.11434,-1.342366,1.825139
10672,0.5519274,-1.190597,-1.388815,1.910746
10673,0.6077863,-1.11849,-1.331169,1.841856
10674,0.5905436,-1.17527,-1.387746,1.912026
10675,0.5645646,-1.139844,-1.32867,1.839386
10676,0.5511477,-1.122599,-1.389703,1.869563
10677,0.5430256,-1.161871,-1.390475,1.891624
10678,-0.5769779,-1.141501,-1.317409,1.836163
10679,-0.5296913,-1.113608,-1.372484,1.845104
10680,-0.5891346,-1.194786,-1.384825,1.921544
10681,1.124836,-0.2914314,-1.459535,1.865591
10682,1.124825,-0.2914617,-1.45957,1.865617
10683,1.157462,-0.2467009,-1.459906,1.879336
10684,1.157477,-0.2466507,-1.45986,1.879303
10685,-0.5532559,-0.9634221,-0.939715,1.455108
10686,-0.6035522,-0.7645625,-0.5083128,1.098732
10687,1.085599,-1.46,-0.08623224,1.821417
10688,1.027421,-1.46,-0.08519014,1.787302
10689,1.085626,-1.46,-0.08625818,1.821435
10690,1.027417,-1.46,-0.08518042,1.7873
10691,1.087441,-1.46,-0.02285097,1.820618
10692,1.089654,-1.459988,-0.03607979,1.822145
10693,1.034329,-1.46,-0.02988391,1.789505
10694,1.034332,-1.46,-0.02988871,1.789507
10695,0.006014572,-1.451872,-0.05055401,1.452764
10696,-0.03968318,-1.442805,-0.08219361,1.445689
10697,-0.04426515,-1.443498,-0.07678193,1.446217
10698,-0.07998863,-1.458232,0.008965867,1.460452
10699,-1.160541,-1.46,-0.0328156,1.865351
10700,-1.172515,-1.46,0.00151633,1.872537
10701,-1.112779,-1.46,-0.004581888,1.835729
10702,-1.096438,-1.46,-0.05668662,1.826743
10703,-1.149314,-1.46,-0.07571688,1.859639
10704,0.5701139,-1.197811,-1.46,1.972658
10705,0.5701177,-1.197806,-1.46,1.972656
10706,0.5092397,-1.109395,-1.46,1.903072
10707,0.6046823,-1.153493,-1.46,1.956473
10708,0.5815926,-1.106133,-1.46,1.921817
10709,0.6046832,-1.153493,-1.46,1.956473
10710,0.5222132,-1.17621,-1.46,1.946221
10711,0.5548688,-1.122081,-1.46,1.92316
10712,0.53499,-1.149981,-1.46,1.933978
10713,-0.4996936,-1.161603,-1.46,1.93148
10714,-0.5181155,-1.169827,-1.46,1.941273
10715,-0.565143,-0.9751974,-1.03276,1.528722
10716,-0.5893677,-0.7882028,-0.6845514,1.198845
10717,1.025511,-1.46,-0.1421925,1.78983
10718,1.025509,-1.46,-0.1421924,1.789829
10719,1.080129,-1.46,-0.1470313,1.822058
10720,1.077875,-1.46,-0.1353968,1.81982
10721,-0.02574214,-1.418048,-0.1503851,1.426232
10722,-0.05470146,-1.46,-0.1453535,1.468237
10723,-0.02675712,-1.417643,-0.1497985,1.425786
10724,-1.185935,-1.416165,-0.1210764,1.851115
10725,-1.11603,-1.46,-0.1819437,1.84668
10726,-1.144885,-1.46,-0.1171192,1.859053
10727,-1.153496,-1.46,-0.1641479,1.867913
10728,-1.145882,-1.442555,-0.1335372,1.847117
10729,-1.181683,-1.46,-0.1556645,1.88473
10730,1.074238,-1.246421,0.2244614,1.660703
10731,-0.5994294,-0.976194,-1.158516,1.629242
10732,-0.524049,-0.9403005,-1.129025,1.559965
10733,-0.532164,-0.7741341,-0.74753,1.200535
10734,-0.6058593,-0.7334148,-0.7588519,1.216889
10735,-0.5664377,-0.7356766,-0.7963822,1.223232
10736,1.032855,-1.46,-0.2593883,1.807117
10737,1.043188,-1.46,-0.2038692,1.805936
10738,1.015313,-1.46,-0.253941,1.796371
10739,1.06114,-1.46,-0.2515219,1.822329
10740,1.095634,-1.46,-0.2100142,1.837422
10741,1.052414,-1.46,-0.1931767,1.810109
10742,1.089152,-1.46,-0.2711667,1.841571
10743,1.101042,-1.46,-0.1963084,1.839138
10744,-0.05745215,-1.46,-0.1936506,1.473907
10745,0.007443625,-1.46,-0.1973167,1.473292
10746,0.001755971,-1.417289,-0.253121,1.439716
10747,-0.07681756,-1.46,-0.2449849,1.482403
10748,-0.01980496,-1.46,-0.2494736,1.481293
10749,-1.191281,-1.46,-0.2175448,1.89686
10750,-1.157131,-1.46,-0.2422586,1.878628
10751,-1.174117,-1.434448,-0.257302,1.871469
10752,-1.136765,-1.46,-0.2752936,1.870728
10753,-1.095087,-1.46,-0.2726339,1.845304
10754,-1.097651,-1.437667,-0.2209554,1.822236
10755,-1.097648,-1.437651,-0.2208962,1.822214
10756,-1.11812,-1.46,-0.2083326,1.850729
10757,-1.138251,-1.200722,0.1116602,1.658257
10758,-1.140777,-1.241699,0.1280304,1.691029
10759,-1.140763,-1.241709,0.1280291,1.691027
10760,-1.136178,-1.246709,0.1130932,1.690554
10761,-0.5110883,-0.9579854,-1.303441,1.696439
10762,1.007355,-1.46,-0.3111151,1.800877
10763,1.007326,-1.46,-0.3110766,1.800854
10764,1.091179,-1.46,-0.379765,1.861852
10765,1.09117,-1.46,-0.3797586,1.861845
10766,1.064031,-1.46,-0.3175084,1.834278
10767,1.06402,-1.46,-0.3175234,1.834273
10768,1.037594,-1.459946,-0.3708157,1.829084
10769,1.037601,-1.459946,-0.3708082,1.829086
10770,-0.003021217,-1.46,-0.304499,1.491418
10771,-0.007754354,-1.418749,-0.3503321,1.461383
10772,-0.07068697,-1.46,-0.3649938,1.506591
10773,-0.009787479,-1.46,-0.3330768,1.497543
10774,-0.07030404,-1.46,-0.2998024,1.492121
10775,-1.124941,-1.46,-0.3019913,1.867697
10776,-1.185113,-1.46,-0.2927989,1.903109
10777,-1.188949,-1.397744,-0.3707941,1.872105
10778,-1.185356,-1.46,-0.3251548,1.908506
10779,-1.114559,-1.46,-0.3604354,1.871832
10780,-1.157796,-1.46,-0.3471442,1.895416
10781,-1.171227,-1.46,-0.3822234,1.910358
10782,-1.102139,-1.226008,0.02124339,1.648713
10783,-1.10214,-1.225999,0.02124936,1.648708
10784,0.6080123,-0.9775142,-1.37673,1.794603
10785,0.60802,-0.9775158,-1.376734,1.794609
10786,0.5496383,-0.9809059,-1.352703,1.759001
10787,0.5496029,-0.9809052,-1.35269,1.758979
10788,-0.5597315,-0.9276567,-1.383242,1.757045
10789,1.12871,-0.08093102,-1.459581,1.846865
10790,1.166538,-0.03319396,-1.459768,1.868913
10791,1.193535,-0.06274048,-1.459763,1.886629
10792,1.166523,-0.03322874,-1.459628,1.868795
10793,1.128721,-0.08092832,-1.459558,1.846854
10794,-0.5866877,-0.7706965,-0.9182439,1.334671
10795,1.068422,-1.46,-0.4352248,1.860792
10796,1.068434,-1.46,-0.4351977,1.860793
10797,1.041101,-1.46,-0.4882401,1.858459
10798,1.041095,-1.46,-0.4882252,1.858451
10799,1.01822,-1.46,-0.4167873,1.828137
10800,1.017793,-1.46,-0.4401666,1.833371
10801,-0.03049545,-1.425303,-0.4828157,1.505168
10802,-0.07683291,-1.46,-0.4830017,1.539738
10803,0.00268817,-1.46,-0.3969337,1.512998
10804,-0.05091823,-1.46,-0.4244472,1.521298
10805,-0.01280109,-1.46,-0.4488924,1.527504
10806,-0.02750835,-1.46,-0.3883048,1.511005
10807,-0.01015585,-1.398239,-0.4135823,1.458158
10808,-0.05848625,-1.428459,-0.4354734,1.494508
10809,-1.148867,-1.403277,-0.4953184,1.880006
10810,-1.112251,-1.46,-0.4248952,1.883942
10811,-1.130486,-1.416214,-0.414891,1.858977
10812,-1.18572,-1.46,-0.4641576,1.937259
10813,-1.097326,-1.46,-0.4554369,1.882325
10814,-1.173319,-1.46,-0.428386,1.921404
10815,0.003683014,-1.219373,-0.006652476,1.219397
10816,-1.125863,-1.220372,-0.07507528,1.66208
10817,-1.169754,-1.23035,-0.0345183,1.698021
10818,-1.187499,-1.246693,-0.08281652,1.723734
10819,0.5853564,-0.9333919,-1.46,1.829061
10820,0.5360719,-0.9140289,-1.459917,1.803934
10821,0.5242471,-0.9316546,-1.459774,1.809352
10822,0.5561436,-0.9611572,-1.46,1.834317
10823,0.5713201,-0.9845218,-1.46,1.851294
10824,0.603411,-0.9318465,-1.459994,1.834128
10825,0.5105764,-0.9728743,-1.46,1.827231
10826,-0.5588785,-0.9693772,-1.46,1.839467
10827,-0.5100616,-0.9582024,-1.46,1.819317
10828,-0.5452137,-1.000792,-1.46,1.852145
10829,-0.5179006,-0.9491881,-1.46,1.816805
10830,-0.5367013,-0.7838867,-1.048452,1.414842
10831,1.030274,-1.46,-0.5497821,1.869579
10832,1.070707,-1.46,-0.5768971,1.900217
10833,1.090683,-1.46,-0.5070336,1.891632
10834,1.079413,-1.46,-0.5542997,1.898415
10835,1.090701,-1.46,-0.5070498,1.891647
10836,1.030273,-1.46,-0.5497764,1.869577
10837,-0.02128205,-1.46,-0.518797,1.549582
10838,-0.04084494,-1.46,-0.5671242,1.566811
10839,-0.06084659,-1.46,-0.5797998,1.572091
10840,-0.1123891,-1.46,-0.5189688,1.553564
10841,-1.091079,-1.46,-0.5417855,1.901469
10842,-1.104122,-1.46,-0.5078668,1.899635
10843,-1.169388,-1.46,-0.5482303,1.949263
10844,-1.150442,-1.40193,-0.5799295,1.904007
10845,-1.167707,-1.46,-0.4886067,1.932324
10846,-0.009197322,-1.271636,-0.1781487,1.284087
10847,-1.176485,-1.2165,-0.1695684,1.700806
10848,-1.105662,-1.280868,-0.1521325,1.698899
10849,-1.148142,-1.25783,-0.1016358,1.706076
10850,-0.4924196,-0.7905311,-1.127927,1.462749
10851,-0.5789531,-0.7645181,-1.153179,1.499832
10852,1.07719,-1.46,-0.6263516,1.919441
10853,1.052456,-1.46,-0.6626929,1.917922
10854,1.077191,-1.46,-0.6263578,1.919444
10855,1.021493,-1.46,-0.6128252,1.884305
10856,1.10135,-1.46,-0.6970332,1.957148
10857,1.10135,-1.46,-0.6970415,1.957151
10858,1.021478,-1.46,-0.6128225,1.884295
10859,1.015703,-1.46,-0.6784679,1.903568
10860,1.0157,-1.46,-0.6784648,1.903565
10861,-0.002118812,-1.46,-0.6884143,1.614162
10862,-0.0665798,-1.46,-0.700406,1.620679
10863,-0.01590326,-1.46,-0.6476872,1.597295
10864,-0.05871124,-1.46,-0.6426336,1.596253
10865,-1.143984,-1.46,-0.6100802,1.952562
10866,-1.147666,-1.46,-0.6547655,1.969126
10867,1.073802,-1.260449,-0.2550153,1.675355
10868,1.073797,-1.260449,-0.2550237,1.675353
10869,-0.03954824,-1.236839,-0.2969138,1.272593
10870,-0.03323508,-1.299825,-0.2517268,1.324393
10871,-0.003332917,-1.212517,-0.2155508,1.231532
10872,-1.12053,-1.220774,-0.3029079,1.684526
10873,-1.16788,-1.258867,-0.2118007,1.730188
10874,-1.167751,-1.259174,-0.2115584,1.730294
10875,-0.5913959,-0.7991449,-1.263368,1.607632
10876,-0.5007369,-0.7779973,-1.214365,1.526663
10877,1.052483,-1.46,-0.7405779,1.946221
10878,1.062478,-1.46,-0.7026666,1.937576
10879,1.052488,-1.46,-0.7405642,1.946219
10880,-0.06137015,-1.39554,-0.7767267,1.598312
10881,-0.03591944,-1.46,-0.766133,1.649197
10882,-0.009152276,-1.46,-0.73763,1.635782
10883,-1.135369,-1.412051,-0.6957882,1.940894
10884,-1.137952,-1.46,-0.7848703,2.010611
10885,-1.190544,-1.447605,-0.7251473,2.009675
10886,1.043321,-1.252776,-0.374612,1.672812
10887,1.025439,-1.281165,-0.3038691,1.668906
10888,1.043309,-1.252792,-0.3745917,1.672812
10889,1.091269,-1.287712,-0.3613171,1.726157
10890,1.074483,-1.247773,-0.3266422,1.678733
10891,1.025432,-1.281167,-0.3038774,1.668904
10892,1.07449,-1.247766,-0.3266482,1.678734
10893,-0.06445354,-1.238105,-0.3828375,1.297545
10894,-0.001882768,-1.300781,-0.3500771,1.347067
10895,-1.190431,-1.230065,-0.3361774,1.744477
10896,-0.5302668,-0.7402444,-1.313309,1.5981
10897,1.068763,-1.46,-0.8625697,2.004465
10898,1.075587,-1.46,-0.8668339,2.009947
10899,1.076186,-1.46,-0.865512,2.009698
10900,1.100874,-1.46,-0.8280662,2.007291
10901,1.017151,-1.46,-0.8100134,1.955075
10902,1.070065,-1.459864,-0.8227385,1.98825
10903,1.080001,-1.411311,-0.859238,1.973953
10904,1.05663,-1.434413,-0.8623374,1.979301
10905,1.068757,-1.46,-0.8625373,2.004448
10906,1.100876,-1.46,-0.8280588,2.007289
10907,1.099339,-1.46,-0.8551763,2.017789
10908,1.104092,-1.459906,-0.87174,2.027382
10909,1.072876,-1.46,-0.8526551,2.002419
10910,1.082665,-1.459893,-0.8920631,2.024655
10911,1.028571,-1.46,-0.797178,1.955774
10912,1.004007,-1.46,-0.8786803,1.977804
10913,-0.07100362,-1.46,-0.8041132,1.668304
10914,-0.02777211,-1.46,-0.8540062,1.691655
10915,0.009625438,-1.415735,-0.8699744,1.661702
10916,-0.07942362,-1.46,-0.8491552,1.69085
10917,-0.064162,-1.46,-0.8908446,1.711526
10918,-0.02664717,-1.46,-0.8100659,1.669885
10919,-0.08153774,-1.414737,-0.8763403,1.666164
10920,-1.125287,-1.46,-0.8487057,2.029328
10921,-1.193706,-1.46,-0.864942,2.074767
10922,-1.190424,-1.46,-0.8012659,2.047129
10923,1.098709,-1.283195,-0.4294506,1.743037
10924,1.070012,-1.228648,-0.4745684,1.696973
10925,1.035424,-1.219329,-0.457087,1.663669
10926,1.035806,-1.218212,-0.4570568,1.66308
10927,1.098702,-1.283192,-0.4294531,1.743031
10928,1.059735,-1.208605,-0.4053611,1.657734
10929,1.059731,-1.208612,-0.4053608,1.657736
10930,1.058807,-1.295947,-0.4117891,1.723404
10931,1.0979,-1.229483,-0.4867342,1.718698
10932,1.004778,-1.289933,-0.4177761,1.687614
10933,1.004777,-1.28993,-0.4177727,1.687611
10934,-0.02583394,-1.247023,-0.4233633,1.317182
10935,-0.06699791,-1.287895,-0.4437431,1.363844
10936,-0.06692608,-1.287899,-0.4438384,1.363876
10937,-1.140774,-1.257084,-0.4120399,1.746827
10938,-1.178024,-1.227116,-0.4748999,1.766093
10939,0.5778134,-0.7552291,-1.459799,1.742198
10940,0.6017213,-0.7831168,-1.459695,1.762399
10941,0.5304038,-0.7541707,-1.458872,1.725807
10942,0.5418522,-0.7132162,-1.459795,1.712683
10943,0.5250968,-0.7630963,-1.46,1.729058
10944,0.5418605,-0.7132024,-1.459779,1.712666
10945,-0.5930412,-0.7342443,-1.46,1.738509
10946,-0.5248929,-0.6944993,-1.46,1.699836
10947,-0.573818,-0.7439866,-1.425982,1.707691
10948,1.040263,-1.46,-0.9555908,2.031477
10949,1.052416,-1.46,-0.9304265,2.026049
10950,1.009215,-1.46,-0.9119642,1.995443
10951,-0.00856065,-1.398017,-0.990158,1.713166
10952,-0.0006805967,-1.401361,-0.9247607,1.678987
10953,-0.008451086,-1.405258,-0.9226663,1.681111
10954,-0.03884609,-1.46,-0.9688552,1.752652
10955,-0.08882792,-1.46,-0.9519143,1.745174
10956,-0.04363849,-1.46,-0.9140107,1.723055
10957,-1.114648,-1.46,-0.9618912,2.073469
10958,-1.138329,-1.46,-0.9154496,2.065295
10959,-1.20616,-1.46,-0.9733354,2.129273
10960,1.069712,-1.295814,-0.5021882,1.753742
10961,1.037533,-1.252893,-0.5890273,1.730078
10962,1.023185,-1.225412,-0.5776473,1.69771
10963,1.062413,-1.265839,-0.5397897,1.738517
10964,1.062408,-1.265836,-0.5397949,1.738514
10965,1.086578,-1.211717,-0.5940266,1.732563
10966,1.083356,-1.285826,-0.5967765,1.784139
10967,-0.03012413,-1.231807,-0.5212112,1.337878
10968,-1.135977,-1.231086,-0.556618,1.765174
10969,-1.174513,-1.273648,-0.6008698,1.833768
10970,-1.147152,-1.04947,-0.1885648,1.566174
10971,-1.202462,-1.083001,-0.1290809,1.623412
10972,1.100593,-1.46,-1.082642,2.124857
10973,1.060377,-1.46,-1.072438,2.099077
10974,1.049386,-1.46,-1.013832,2.064139
10975,1.018661,-1.46,-1.087704,2.086233
10976,1.051825,-1.459997,-1.011543,2.064254
10977,1.06037,-1.46,-1.072418,2.099063
10978,1.03138,-1.46,-1.007121,2.05174
10979,1.093622,-1.46,-1.048636,2.104102
10980,1.0059,-1.46,-1.03694,2.053942
10981,1.011154,-1.46,-1.059581,2.068029
10982,-0.02409955,-1.46,-1.095298,1.825338
10983,-0.01426713,-1.430727,-1.08218,1.793961
10984,-0.07627137,-1.46,-1.021093,1.783269
10985,-0.00435885,-1.420791,-1.030033,1.754889
10986,-1.200508,-1.405488,-1.037321,2.119588
10987,-1.106031,-1.431816,-1.030108,2.081952
10988,-1.152884,-1.46,-1.009085,2.116364
10989,-1.163301,-1.46,-1.086799,2.160093
10990,1.045522,-1.266067,-0.6509039,1.766272
10991,1.031506,-1.235556,-0.6954935,1.753372
10992,1.069916,-1.235062,-0.6098564,1.74414
10993,1.061625,-1.255812,-0.6615276,1.772493
10994,1.087983,-1.213347,-0.6670975,1.760947
10995,1.006681,-1.216545,-0.694304,1.724948
10996,-0.0653548,-1.291336,-0.6870182,1.464177
10997,-0.08717985,-1.234041,-0.6074623,1.378212
10998,-1.111946,-1.210737,-0.6421325,1.764834
10999,-1.209729,-1.072818,-0.2377353,1.634289
11000,-1.111965,-1.077877,-0.2913398,1.575806
11001,-1.128537,-1.005084,-0.262065,1.533776
11002,1.082668,-1.46,-1.187299,2.171048
11003,1.035231,-1.46,-1.162747,2.134311
11004,1.032318,-1.46,-1.130287,2.115379
11005,1.064278,-1.46,-1.129262,2.130615
11006,1.081682,-1.46,-1.145942,2.148213
11007,1.009405,-1.46,-1.191318,2.137695
11008,-0.02024273,-1.46,-1.167895,1.869756
11009,-0.07437826,-1.420893,-1.149283,1.829022
11010,-0.08745006,-1.46,-1.100183,1.830205
11011,-1.183908,-1.415987,-1.190596,2.196401
11012,-1.124925,-1.46,-1.157465,2.176415
11013,-1.116225,-1.46,-1.111685,2.147883
11014,-1.102759,-1.413049,-1.132106,2.120011
11015,-0.5278995,-0.5752619,-1.276642,1.496469
11016,1.046992,-1.219668,-0.7924613,1.792143
11017,1.087739,-1.243827,-0.7735177,1.824448
11018,1.094866,-1.227754,-0.7217388,1.79639
11019,1.066789,-1.258117,-0.7146299,1.797663
11020,1.045989,-1.244374,-0.7410205,1.786525
11021,1.087747,-1.243847,-0.7735374,1.824475
11022,1.015291,-1.220534,-0.7687777,1.763955
11023,1.010498,-1.298764,-0.7447593,1.806256
11024,1.016094,-1.290274,-0.796964,1.825488
11025,-0.04915978,-1.239011,-0.7441742,1.446153
11026,-1.174107,-1.267634,-0.7127954,1.869091
11027,-1.172237,-1.009196,-0.3660623,1.589534
11028,-1.179432,-1.082505,-0.3355412,1.635685
11029,1.058441,-1.46,-1.203687,2.168123
11030,1.099218,-1.46,-1.261345,2.220556
11031,1.064126,-1.46,-1.232418,2.186965
11032,1.025881,-1.46,-1.260025,2.184421
11033,1.018651,-1.46,-1.240541,2.169837
11034,1.085285,-1.46,-1.25674,2.211071
11035,-0.0307146,-1.46,-1.206005,1.893936
11036,0.009469715,-1.411203,-1.210449,1.859239
11037,0.008067804,-1.41129,-1.210223,1.859151
11038,-0.08263172,-1.46,-1.270651,1.937262
11039,-0.005548867,-1.46,-1.284769,1.944804
11040,-0.02710462,-1.46,-1.26285,1.930576
11041,-0.07272206,-1.46,-1.260778,1.930401
11042,-1.119474,-1.46,-1.275401,2.238631
11043,-1.196622,-1.46,-1.270228,2.275298
11044,-1.149777,-1.46,-1.222873,2.224636
11045,-0.6007471,-0.5463153,-1.342815,1.569238
11046,1.055828,-1.270381,-0.8371068,1.851861
11047,1.021464,-1.22814,-0.8376896,1.80373
11048,1.021461,-1.228139,-0.8376798,1.803723
11049,1.038997,-1.203949,-0.8943333,1.824511
11050,1.073023,-1.230699,-0.8432844,1.837696
11051,1.073143,-1.270578,-0.8933315,1.887868
11052,1.073165,-1.27058,-0.8933274,1.887879
11053,1.101944,-1.293197,-0.7975122,1.876876
11054,1.038991,-1.203941,-0.8943341,1.824502
11055,-0.04437327,-1.292489,-0.8208615,1.531767
11056,-0.03321688,-1.212277,-0.836961,1.473507
11057,-0.07040961,-1.259116,-0.8822773,1.539072
11058,-0.04802394,-1.291717,-0.8276282,1.534864
11059,-1.122049,-1.254518,-0.8230578,1.873562
11060,-1.194891,-1.224988,-0.8828629,1.925567
11061,-0.001163076,-1.031121,-0.4765972,1.135939
11062,-0.03556971,-1.035671,-0.3938709,1.108609
11063,-0.08381282,-1.099775,-0.4772623,1.201794
11064,-1.165963,-1.045586,-0.4323165,1.62469
11065,1.066445,-1.46,-1.38816,2.27945
11066,1.0403,-1.46,-1.302557,2.215961
11067,1.011995,-1.46,-1.392341,2.257066
11068,1.07915,-1.46,-1.334421,2.253185
11069,1.096218,-1.46,-1.31713,2.25125
11070,1.066452,-1.46,-1.38816,2.279454
11071,1.03078,-1.46,-1.376962,2.256132
11072,1.013289,-1.46,-1.336583,2.223692
11073,1.045666,-1.46,-1.311142,2.223536
11074,-0.02124921,-1.422446,-1.307913,1.93247
11075,-0.04802303,-1.46,-1.33843,1.981237
11076,-0.03795444,-1.46,-1.390955,2.016878
11077,0.007878029,-1.46,-1.342283,1.983276
11078,-0.0006391403,-1.429775,-1.38991,1.994018
11079,-0.01675442,-1.422322,-1.307029,1.931737
11080,-1.168254,-1.46,-1.406849,2.340009
11081,-1.144742,-1.425034,-1.403141,2.304335
11082,-1.115076,-1.4381,-1.355942,2.269384
11083,-1.10674,-1.46,-1.331591,2.264864
11084,-1.165543,-1.46,-1.339844,2.298972
11085,-1.117435,-1.46,-1.40862,2.316133
11086,0.5038325,-0.5556999,-1.459639,1.641096
11087,0.557242,-0.576632,-1.459802,1.665546
11088,0.5577643,-0.5160188,-1.459477,1.645433
11089,0.5038524,-0.5557286,-1.459745,1.641206
11090,0.5577657,-0.5160183,-1.459483,1.645438
11091,0.5572661,-0.5766234,-1.459547,1.665328
11092,-0.5130554,-0.5229418,-1.409923,1.588892
11093,1.009864,-1.220664,-0.9668997,1.856001
11094,1.09647,-1.206649,-0.9180658,1.87112
11095,1.088028,-1.22867,-0.9919373,1.917648
11096,1.080676,-1.248958,-0.9671309,1.913922
11097,1.09648,-1.206628,-0.9180617,1.871111
11098,1.032172,-1.245898,-0.9471123,1.874744
11099,1.049157,-1.215318,-0.9608499,1.871086
11100,-0.003376631,-1.293373,-0.9478701,1.603522
11101,-0.02200918,-1.225277,-0.9053161,1.52361
11102,-0.01603636,-1.239211,-0.9934601,1.588353
11103,-0.06392233,-1.275499,-0.9665865,1.601647
11104,-0.07547488,-1.284066,-0.9608222,1.605522
11105,-1.156914,-1.289213,-0.9117438,1.957497
11106,1.100639,-1.051371,-0.5795849,1.628712
11107,1.100635,-1.05138,-0.5795757,1.628713
11108,-0.09131861,-1.014997,-0.5314205,1.149333
11109,-0.08478334,-1.097844,-0.6001474,1.254044
11110,-0.01136645,-1.040693,-0.5676125,1.185476
11111,-1.156091,-1.069398,-0.5355905,1.663435
11112,1.064001,-1.46,-1.46,2.322778
11113,1.027773,-1.46,-1.46,2.306408
11114,1.027807,-1.46,-1.46,2.306423
11115,1.064019,-1.46,-1.46,2.322787
11116,-0.08093618,-1.46,-1.416703,2.035976
11117,-0.03470613,-1.46,-1.46,2.065043
11118,-0.07074579,-1.414959,-1.406909,1.996624
11119,-0.01939807,-1.411826,-1.46,2.031066
11120,-0.03783675,-1.42263,-1.402914,1.998369
11121,-0.0347243,-1.46,-1.46,2.065044
11122,-1.175949,-1.46,-1.46,2.376143
11123,-1.114396,-1.459441,-1.46,2.345943
11124,-1.19019,-1.440535,-1.414442,2.343574
11125,-1.175913,-1.415776,-1.46,2.349211
11126,-1.192961,-1.46,-1.46,2.384608
11127,-1.132993,-1.46,-1.46,2.35518
11128,-1.108556,-1.46,-1.46,2.343523
11129,-1.188005,-1.46,-1.46,2.382133
11130,-1.176831,-1.46,-1.420903,2.352763
11131,-1.157802,-1.46,-1.46,2.367215
11132,-1.134045,-1.451844,-1.432944,2.333932
11133,1.005741,-1.287549,-1.002611,1.916905
11134,1.095662,-1.23946,-1.070739,1.970589
11135,1.040661,-1.222667,-1.063974,1.926118
11136,1.051327,-1.237099,-1.011587,1.912854
11137,1.095657,-1.239429,-1.070722,1.970556
11138,1.043771,-1.296963,-1.098233,1.994414
11139,1.043766,-1.296955,-1.098237,1.994408
11140,1.023158,-1.255781,-1.018831,1.913597
11141,1.040671,-1.222667,-1.063979,1.926126
11142,-0.04305798,-1.256901,-1.08959,1.663989
11143,-0.05628242,-1.236639,-1.037308,1.61507
11144,-1.121644,-1.266028,-1.017841,1.97406
11145,-1.154193,-1.223566,-1.090469,2.004594
11146,1.057357,-1.080858,-0.6592803,1.649517
11147,1.057362,-1.080851,-0.6592794,1.649516
11148,1.086845,-1.069488,-0.6233409,1.647298
11149,-0.05394534,-1.095129,-0.6870128,1.29391
11150,-0.05634928,-1.022812,-0.6617383,1.219515
11151,-1.114138,-1.053466,-0.6389322,1.661123
11152,1.009236,-1.223125,-1.196124,1.986279
11153,1.059976,-1.251939,-1.165441,2.01225
11154,1.07894,-1.20474,-1.14023,1.978796
11155,1.017015,-1.267383,-1.160135,1.99662
11156,1.07961,-1.256493,-1.127573,2.003934
11157,1.03541,-1.234545,-1.137051,1.972069
11158,1.10358,-1.286352,-1.107218,2.024481
11159,-0.09227055,-1.242768,-1.190891,1.723719
11160,-0.035119,-1.271905,-1.176886,1.733215
11161,-0.006189524,-1.257421,-1.146778,1.701837
11162,1.05314,-1.092356,-0.7614696,1.697699
11163,1.014634,-1.038906,-0.786167,1.651322
11164,1.088607,-1.086865,-0.7083117,1.693531
11165,1.065966,-1.028285,-0.7695366,1.669084
11166,1.067296,-1.035256,-0.7090724,1.647319
11167,1.023194,-1.049093,-0.746926,1.644816
11168,1.023199,-1.049095,-0.7469192,1.644817
11169,1.067275,-1.035277,-0.7090825,1.647323
11170,1.099344,-1.08526,-0.7838594,1.732276
11171,1.099339,-1.085261,-0.7838522,1.732271
11172,-0.02218681,-1.074117,-0.7624477,1.317401
11173,-1.129497,-1.015176,-0.7199253,1.680666
11174,1.005281,-1.279431,-1.210484,2.028005
11175,1.081507,-1.275212,-1.21258,2.065471
11176,1.098367,-1.293302,-1.271848,2.120528
11177,1.077007,-1.239531,-1.225542,2.048984
11178,1.090872,-1.248181,-1.278538,2.093469
11179,1.015096,-1.256691,-1.287963,2.066045
11180,1.041507,-1.246712,-1.20997,2.0256
11181,1.05703,-1.216434,-1.269361,2.051415
11182,1.036198,-1.261075,-1.263284,2.063953
11183,1.027894,-1.198508,-1.23361,2.003691
11184,-0.08647811,-1.201555,-1.215601,1.711402
11185,-0.01662623,-1.283155,-1.270475,1.805788
11186,-0.03926864,-1.246722,-1.225953,1.748947
11187,-0.03750395,-1.237653,-1.283829,1.78365
11188,-0.08202129,-1.232768,-1.305807,1.797659
11189,-1.10666,-1.248375,-1.207156,2.059214
11190,-1.187705,-1.223965,-1.248137,2.113428
11191,-1.157441,-1.290786,-1.282737,2.156667
11192,1.012047,-1.078166,-0.8540487,1.707653
11193,1.008873,-1.058575,-0.8090473,1.671216
11194,1.087246,-1.075968,-0.8472675,1.74862
11195,1.017704,-1.043718,-0.8376022,1.681263
11196,1.045429,-1.028975,-0.8286852,1.684764
11197,1.076054,-1.053165,-0.8460749,1.727105
11198,1.102269,-1.026322,-0.8721692,1.740406
11199,-0.03803862,-1.01971,-0.8847408,1.350563
11200,-0.05009624,-1.086395,-0.8891855,1.404783
11201,-1.151218,-1.037328,-0.8257878,1.755926
11202,-1.160715,-0.8858074,-0.4757537,1.535661
11203,1.015663,-1.222043,-1.397877,2.11637
11204,1.096503,-1.214565,-1.394958,2.150208
11205,1.055785,-1.218485,-1.31642,2.08143
11206,1.095431,-1.260107,-1.320168,2.12854
11207,1.026516,-1.274533,-1.326086,2.106341
11208,1.100975,-1.297833,-1.370081,2.184865
11209,1.100976,-1.297829,-1.370077,2.184861
11210,1.030304,-1.223486,-1.357276,2.097771
11211,1.050402,-1.263508,-1.395715,2.15588
11212,1.096514,-1.214557,-1.394974,2.150219
11213,1.086231,-1.213479,-1.345117,2.11229
11214,1.050416,-1.263499,-1.395708,2.155877
11215,1.060657,-1.274747,-1.330697,2.1262
11216,-0.07295546,-1.286894,-1.324723,1.848326
11217,-0.03933372,-1.25024,-1.368516,1.854045
11218,-0.001039358,-1.302951,-1.360903,1.884075
11219,-1.136243,-1.235455,-1.373818,2.169049
11220,-1.13872,-1.306073,-1.303772,2.168486
11221,0.5031551,-0.3892134,-1.459139,1.591773
11222,0.5722634,-0.33392,-1.459602,1.602942
11223,0.5722663,-0.3339392,-1.459815,1.603142
11224,0.5031548,-0.389196,-1.459151,1.591779
11225,0.5589842,-0.3487867,-1.459905,1.601698
11226,1.091166,-1.089275,-0.9003633,1.785446
11227,1.041796,-1.074977,-0.9023784,1.747913
11228,1.041779,-1.07498,-0.9023833,1.747908
11229,1.098506,-1.02686,-0.901385,1.753183
11230,1.062691,-1.080782,-0.9805539,1.805239
11231,1.088275,-1.074985,-0.9463894,1.798774
11232,1.035553,-1.06183,-0.9665908,1.770353
11233,1.070409,-1.013394,-0.9320127,1.743958
11234,1.072104,-1.021044,-0.9634079,1.766378
11235,1.022122,-1.019819,-0.9387086,1.72219
11236,-0.05947515,-1.023049,-0.9743324,1.414033
11237,-0.02490891,-1.069237,-0.9608366,1.43774
11238,-0.06277902,-0.9914091,-0.9121064,1.348618
11239,-1.148343,-1.017381,-0.931595,1.794889
11240,-1.117355,-1.052353,-0.9891492,1.826019
11241,1.014809,-1.242558,-1.46,2.16919
11242,1.056706,-1.256541,-1.46,2.197072
11243,1.094094,-1.227509,-1.46,2.198959
11244,1.01799,-1.273518,-1.46,2.18855
11245,1.077219,-1.269761,-1.46,2.214564
11246,1.035782,-1.207968,-1.46,2.159544
11247,-0.08478397,-1.234021,-1.46,1.91353
11248,-0.08476513,-1.234032,-1.46,1.913536
11249,-0.01928859,-1.299755,-1.46,1.954824
11250,-0.01782278,-1.23294,-1.46,1.911036
11251,-0.02196069,-1.283415,-1.421519,1.915295
11252,-0.0219393,-1.283442,-1.421513,1.915308
11253,-0.08412443,-1.254046,-1.417816,1.894706
11254,-0.01109532,-1.223773,-1.46,1.905084
11255,-0.001689537,-1.286455,-1.46,1.945911
11256,-0.05371549,-1.298396,-1.46,1.954563
11257,-1.163597,-1.246145,-1.46,2.244646
11258,-1.122645,-1.260436,-1.46,2.231733
11259,-1.171294,-1.289558,-1.46,2.272991
11260,1.010403,-1.001117,-1.043358,1.764014
11261,1.011001,-1.033878,-1.006308,1.761727
11262,1.010403,-1.001116,-1.043356,1.764012
11263,1.067965,-1.09546,-1.098523,1.883437
11264,1.102235,-1.018407,-1.085054,1.851868
11265,1.048863,-1.086217,-1.054309,1.841616
11266,1.073981,-1.028491,-1.090793,1.844196
11267,1.068338,-1.035277,-1.010249,1.798263
11268,1.102302,-1.095063,-1.008262,1.852248
11269,1.075118,-1.085912,-1.044107,1.850741
11270,1.033231,-1.045765,-1.096057,1.833721
11271,1.030355,-1.072677,-1.022786,1.805093
11272,1.08321,-1.024626,-1.035467,1.815322
11273,1.013848,-1.057011,-1.094783,1.828582
11274,-1.154396,-1.012495,-1.067585,1.870164
11275,-0.08634035,-0.8601595,-0.6504331,1.081847
11276,-1.198336,-0.8492971,-0.6072118,1.589346
11277,-0.6643293,-1.332163,0.2034146,1.502454
11278,1.054905,-1.014727,-1.193344,1.888535
11279,1.039051,-1.017459,-1.144703,1.850728
11280,1.102583,-0.9979579,-1.152539,1.881477
11281,1.039444,-1.092785,-1.16008,1.902737
11282,1.102586,-0.9979411,-1.152547,1.881474
11283,1.065042,-1.059504,-1.186566,1.914367
11284,1.0885,-1.089388,-1.157206,1.926324
11285,1.067407,-1.043846,-1.126654,1.870381
11286,-0.0654627,-1.021698,-1.095323,1.499295
11287,-1.187287,-1.003312,-1.163406,1.941597
11288,-1.176192,-1.077863,-1.200821,1.996794
11289,1.078949,-0.8677685,-0.7197268,1.5605
11290,1.078951,-0.8677779,-0.7197164,1.560502
11291,1.094782,-0.8113148,-0.7774538,1.568825
11292,1.094778,-0.8113079,-0.7774546,1.56882
11293,-0.08458342,-0.8325157,-0.730952,1.111093
11294,-0.03967467,-0.8960249,-0.7671424,1.18023
11295,-1.180377,-0.8106508,-0.7206728,1.603064
11296,-1.1211,-0.8043463,-0.7786099,1.584321
11297,-0.6112738,-1.329415,0.1399398,1.469892
11298,-0.6112744,-1.329422,0.1399437,1.469899
11299,1.007215,-1.045814,-1.274676,1.932099
11300,1.062136,-1.070188,-1.246712,1.956458
11301,1.03688,-1.015503,-1.263211,1.924076
11302,1.102476,-1.087391,-1.26742,2.001056
11303,1.030697,-1.04375,-1.212379,1.903054
11304,1.017143,-1.094789,-1.267713,1.959653
11305,1.098936,-1.085821,-1.208192,1.961223
11306,1.081507,-1.025628,-1.225628,1.929698
11307,1.09273,-1.035004,-1.273085,1.971304
11308,-0.08106226,-1.06681,-1.285866,1.672754
11309,-1.132958,-0.9899799,-1.247561,1.954498
11310,-1.166111,-1.096382,-1.284661,2.052369
11311,1.083058,-0.8947953,-0.8363276,1.634967
11312,1.096099,-0.853576,-0.7985812,1.602422
11313,1.074807,-0.8168501,-0.8482124,1.594339
11314,1.072627,-0.8392767,-0.8384479,1.599346
11315,1.066938,-0.8811461,-0.8652046,1.631979
11316,1.092109,-0.8459463,-0.8706896,1.63292
11317,0.4059304,-1.356066,0.07901454,1.417723
11318,0.4059426,-1.356055,0.07901702,1.417716
11319,1.102289,-1.096273,-1.341555,2.053442
11320,1.006903,-1.057705,-1.330933,1.975848
11321,1.037151,-0.9971774,-1.305946,1.943075
11322,1.077405,-1.018365,-1.387463,2.030498
11323,1.101829,-1.038465,-1.333643,2.017682
11324,1.054546,-1.057457,-1.315689,1.990306
11325,1.028391,-1.041173,-1.392035,2.01975
11326,1.07546,-1.081201,-1.394103,2.066188
11327,1.05452,-1.057447,-1.315715,1.990304
11328,1.053907,-1.024708,-1.380715,2.01671
11329,0.01256118,-1.096169,-1.355677,1.743446
11330,-0.05158054,-1.037129,-1.382109,1.728734
11331,0.002502111,-1.027922,-1.375261,1.716966
11332,-0.02900404,-1.019471,-1.302997,1.65468
11333,-1.127147,-1.036402,-1.329896,2.028106
11334,-1.20615,-1.091851,-1.369096,2.126349
11335,1.071666,-0.848128,-0.9360421,1.656492
11336,1.06417,-0.8886009,-0.9038187,1.65498
11337,1.071651,-0.8481363,-0.9360363,1.656483
11338,1.003058,-0.8190401,-0.9875441,1.628556
11339,1.003062,-0.8190397,-0.9875327,1.628551
11340,0.999202,-0.853819,-0.9882827,1.644419
11341,1.03286,-0.8046908,-0.9292147,1.605543
11342,1.02679,-0.8000028,-0.9023152,1.583817
11343,0.9992189,-0.8538243,-0.9882409,1.644407
11344,1.098695,-0.82662,-0.9941292,1.69668
11345,1.058206,-0.8891888,-0.9974647,1.704521
11346,1.05821,-0.8891862,-0.9974489,1.704513
11347,-0.05903435,-0.8075849,-1.000389,1.287034
11348,-0.01170425,-0.8713713,-0.9503231,1.289395
11349,-1.125219,-0.8450783,-0.9813036,1.715585
11350,0.4496888,-1.3057,-0.006993784,1.380986
11351,-0.6126437,-1.32679,-0.02906952,1.461694
11352,-0.6809045,-1.329867,-0.04809323,1.494821
11353,-0.6808987,-1.329868,-0.04809394,1.494819
11354,-0.6685199,-1.384427,-0.06044507,1.538575
11355,-0.6685304,-1.384425,-0.06044209,1.538577
11356,1.085058,-1.039429,-1.46,2.095081
11357,1.034253,-1.069129,-1.46,2.084303
11358,1.061162,-1.053066,-1.46,2.089644
11359,1.006282,-1.08581,-1.46,2.079227
11360,1.005811,-1.033858,-1.46,2.052345
11361,0.01051398,-1.027379,-1.46,1.785278
11362,-0.01987384,-1.069009,-1.46,1.809634
11363,0.01045365,-1.027359,-1.46,1.785266
11364,-0.0712675,-1.05254,-1.46,1.801255
11365,-0.08165754,-1.059093,-1.433439,1.784123
11366,-1.116077,-1.051375,-1.416928,2.087751
11367,-1.188136,-1.064149,-1.46,2.162333
11368,-1.176991,-1.011544,-1.46,2.130758
11369,1.085965,-0.8931691,-1.087669,1.777666
11370,1.072865,-0.8328934,-1.069791,1.728931
11371,1.072878,-0.8328894,-1.069807,1.728947
11372,1.067745,-0.8472975,-1.001931,1.691703
11373,1.048719,-0.8134829,-1.025956,1.677543
11374,1.045278,-0.8106779,-1.051421,1.689761
11375,-1.152411,-0.8932044,-1.068771,1.807799
11376,-1.159056,-0.6287833,-0.6485834,1.469504
11377,0.4923612,-1.360853,-0.139359,1.453878
11378,-0.5988075,-1.378262,-0.1394461,1.509179
11379,-0.6841157,-1.335649,-0.09521829,1.503675
11380,1.020297,-0.8954389,-1.157959,1.784288
11381,1.071944,-0.8194255,-1.136773,1.764306
11382,1.073834,-0.8061795,-1.197962,1.799488
11383,1.073846,-0.8061692,-1.19799,1.79951
11384,1.083119,-0.8776556,-1.101252,1.776565
11385,1.071935,-0.8194241,-1.136794,1.764313
11386,-0.04553344,-0.8937584,-1.168102,1.471509
11387,-0.003150128,-0.814914,-1.177038,1.431612
11388,-1.11422,-0.8529523,-1.164692,1.823601
11389,0.4133153,-1.344099,-0.2310936,1.425074
11390,0.4133119,-1.344092,-0.2310862,1.425066
11391,0.4926508,-1.344191,-0.2909234,1.460887
11392,0.4926827,-1.344181,-0.2909453,1.460893
11393,0.4343559,-1.34537,-0.2881508,1.442815
11394,0.4343488,-1.34538,-0.2881572,1.442824
11395,0.495874,-1.313547,-0.292746,1.434224
11396,-0.6395292,-1.318424,-0.273786,1.490704
11397,-0.6922375,-1.330282,-0.2116579,1.514477
11398,-0.641606,-1.389624,-0.2099882,1.54493
11399,-0.6554646,-1.365519,-0.2681035,1.538231
11400,1.039347,-0.8955058,-1.261588,1.863808
11401,1.029229,-0.8763572,-1.207274,1.812409
11402,1.043024,-0.8506277,-1.260142,1.843753
11403,1.073143,-0.8856418,-1.212421,1.845525
11404,1.029221,-0.8763624,-1.207266,1.812401
11405,-0.08161994,-0.8550075,-1.249472,1.516206
11406,-1.194048,-0.8949745,-1.293426,1.974761
11407,-1.120715,-0.6887118,-0.8013321,1.540279
11408,0.4359501,-1.386632,-0.3353131,1.491723
11409,0.4971288,-1.387976,-0.3823786,1.523098
11410,0.4822695,-1.36682,-0.3575856,1.492866
11411,0.4597233,-1.334909,-0.3351682,1.451091
11412,0.4359435,-1.386635,-0.3353035,1.491721
11413,-0.6809249,-1.395188,-0.3290562,1.586974
11414,-0.6468747,-1.376204,-0.3368317,1.557511
11415,-0.6578405,-1.296612,-0.3573927,1.497226
11416,-0.6607775,-1.392184,-0.401182,1.592404
11417,-0.6751484,-1.142216,0.03455276,1.327282
11418,-0.6751351,-1.142211,0.03455907,1.327271
11419,-0.6713141,-1.155957,0.02540242,1.336991
11420,1.006,-0.8915238,-1.300776,1.870526
11421,1.006012,-0.8915431,-1.300791,1.870553
11422,1.037782,-0.8104154,-1.386041,1.911772
11423,1.084181,-0.8129081,-1.374152,1.929913
11424,1.070153,-0.882203,-1.383064,1.958667
11425,1.037785,-0.8104235,-1.386042,1.911778
11426,1.055354,-0.8366756,-1.31991,1.885725
11427,1.005109,-0.8028284,-1.310065,1.836041
11428,1.043219,-0.8614492,-1.314831,1.886579
11429,1.005109,-0.8028245,-1.31006,1.836036
11430,1.018441,-0.8367006,-1.361212,1.894779
11431,1.092321,-0.8201056,-1.326854,1.904279
11432,1.070161,-0.8822025,-1.38306,1.958669
11433,1.013731,-0.8802965,-1.372894,1.920263
11434,0.0001043209,-0.8611661,-1.304668,1.563254
11435,-0.006179253,-0.8629641,-1.380589,1.628119
11436,-0.07680367,-0.8209586,-1.328539,1.563614
11437,-0.05658669,-0.892415,-1.381865,1.645952
11438,-1.159847,-0.8717157,-1.385291,2.006032
11439,-1.109992,-0.8149069,-1.330603,1.914852
11440,-1.140999,-0.6060988,-0.9158612,1.583678
11441,0.4627331,-1.377557,-0.4074135,1.509229
11442,0.4627218,-1.377554,-0.4074223,1.509224
11443,0.4405936,-1.310085,-0.4516439,1.454107
11444,0.4535287,-1.398773,-0.4610845,1.541056
11445,0.453521,-1.398768,-0.4611014,1.541054
11446,0.4276804,-1.319343,-0.4919966,1.471611
11447,-0.6346329,-1.314125,-0.4434622,1.525236
11448,-0.6701087,-1.162157,-0.04725208,1.342344
11449,-0.6386852,-1.180924,-0.04164324,1.343218
11450,-0.6386819,-1.180919,-0.04165344,1.343212
11451,1.039346,-0.8040305,-1.46,1.964257
11452,1.098024,-0.802435,-1.46,1.995284
11453,1.076105,-0.8546086,-1.46,2.004983
11454,1.024595,-0.8725935,-1.46,1.985652
11455,1.07611,-0.8546088,-1.46,2.004986
11456,1.025855,-0.8788745,-1.46,1.98907
11457,1.039356,-0.804028,-1.46,1.964261
11458,-0.008798103,-0.8273392,-1.46,1.678144
11459,-0.04069449,-0.8954496,-1.46,1.713209
11460,-0.04069537,-0.8954477,-1.46,1.713208
11461,-0.00266971,-0.8409665,-1.46,1.684883
11462,-1.158302,-0.8926319,-1.46,2.066411
11463,-1.122923,-0.8688692,-1.46,2.036539
11464,1.097517,-0.6660506,-1.040541,1.652541
11465,1.080208,-0.6912041,-1.022295,1.640031
11466,1.080209,-0.6911792,-1.022313,1.640032
11467,-1.164193,-0.6920816,-1.040128,1.707685
11468,0.4398648,-1.32228,-0.5458453,1.496614
11469,0.4885463,-1.372213,-0.5013475,1.540453
11470,0.5086241,-1.38091,-0.5673341,1.577174
11471,0.491688,-1.309017,-0.5356654,1.497405
11472,0.491681,-1.309013,-0.5356655,1.497399
11473,0.4638184,-1.31209,-0.5705881,1.504087
11474,0.455055,-1.389819,-0.5408438,1.559226
11475,0.4550491,-1.389819,-0.5408411,1.559222
11476,0.4885582,-1.372218,-0.5013474,1.540462
11477,0.5086303,-1.380917,-0.5673329,1.577182
11478,0.9217353,-1.459276,1.277084,2.147098
11479,0.9694782,-1.45957,1.27219,2.16534
11480,0.9694742,-1.459415,1.272193,2.165236
11481,0.9208152,-1.459464,1.223011,2.11511
11482,0.9207871,-1.459438,1.223022,2.115087
11483,0.9217414,-1.458809,1.277082,2.146781
11484,-0.6590887,-1.119987,-0.1776345,1.311611
11485,-0.5982196,-1.154439,-0.1480384,1.30863
11486,-0.5982284,-1.154447,-0.1480725,1.308645
11487,-0.6795008,-1.206795,-0.1832483,1.397017
11488,1.047319,-0.6854629,-1.128057,1.685007
11489,1.081782,-0.6409118,-1.150409,1.704248
11490,1.076854,-0.6075599,-1.197597,1.721331
11491,1.04117,-0.6906477,-1.171939,1.713029
11492,1.076841,-0.6075838,-1.197593,1.721329
11493,1.074774,-0.6968785,-1.115352,1.698467
11494,1.081789,-0.6409079,-1.150408,1.70425
11495,1.093972,-0.6584803,-1.182164,1.740081
11496,-1.102078,-0.6224167,-1.126199,1.694196
11497,0.4600754,-1.312413,-0.6724748,1.544772
11498,0.467476,-1.376252,-0.611173,1.576748
11499,0.5066541,-1.373256,-0.6283674,1.592914
11500,0.4855088,-1.369651,-0.697186,1.611748
11501,0.4283547,-1.315371,-0.606693,1.510551
11502,0.4882056,-1.302323,-0.6306022,1.527105
11503,0.488212,-1.302319,-0.6306022,1.527103
11504,0.4855062,-1.369662,-0.6971884,1.611757
11505,0.4283377,-1.315387,-0.60669,1.510559
11506,0.4666978,-1.372804,-0.6099368,1.573029
11507,0.4600764,-1.312415,-0.6724719,1.544772
11508,-0.6713136,-1.341287,-0.6130025,1.620334
11509,-0.6844627,-1.386806,-0.6791393,1.689068
11510,0.9863151,-1.459421,1.122062,2.08848
11511,0.9275672,-1.459584,1.149482,2.076554
11512,0.940971,-1.459235,1.114755,2.063364
11513,0.9852236,-1.459148,1.155916,2.106162
11514,0.9581769,-1.459233,1.187509,2.111313
11515,0.9054357,-1.459086,1.136488,2.059211
11516,0.9581699,-1.459054,1.187493,2.111177
11517,-0.6104648,-1.144447,-0.3013334,1.331626
11518,-0.6733125,-1.168638,-0.2695606,1.375401
11519,1.073698,-0.6890333,-1.250304,1.786297
11520,1.017118,-0.6354693,-1.224801,1.714202
11521,1.026037,-0.6780801,-1.204551,1.721479
11522,1.046201,-0.6317639,-1.278117,1.768402
11523,1.082112,-0.6661822,-1.247102,1.780458
11524,1.017131,-0.6354568,-1.22481,1.714211
11525,1.044578,-0.6874996,-1.249612,1.76786
11526,1.046197,-0.6317571,-1.278116,1.768396
11527,-1.126113,-0.6358156,-1.237977,1.790245
11528,0.4863513,-1.381337,-0.783665,1.660952
11529,0.4638935,-1.394202,-0.7946657,1.670476
11530,0.4917742,-1.312877,-0.7812748,1.604955
11531,0.485533,-1.354622,-0.7475717,1.621607
11532,0.4917567,-1.312871,-0.7812738,1.604943
11533,0.4386333,-1.321277,-0.7523221,1.582454
11534,0.4386433,-1.321281,-0.7523233,1.582461
11535,-0.6109217,-1.308292,-0.798297,1.649888
11536,-0.598965,-1.367647,-0.7259696,1.660196
11537,-0.6594513,-1.3951,-0.7910573,1.734057
11538,0.9305665,-1.459538,1.085316,2.043065
11539,0.9627561,-1.459376,1.03082,2.029598
11540,0.9113261,-1.459113,1.054868,2.017987
11541,0.9558277,-1.459261,1.053681,2.037963
11542,0.9950536,-1.459591,1.08853,2.074954
11543,0.8997567,-1.458966,1.011823,1.990459
11544,-0.6427808,-1.191854,-0.3978317,1.411366
11545,-0.6765988,-1.116055,-0.3477163,1.350656
11546,1.028037,-0.6659735,-1.322133,1.802337
11547,1.026821,-0.6471143,-1.387813,1.843676
11548,1.028739,-0.6191089,-1.330943,1.792487
11549,1.060148,-0.6681685,-1.395744,1.875757
11550,1.04352,-0.6767558,-1.304063,1.802086
11551,1.053869,-0.6109852,-1.375393,1.837294
11552,1.006724,-0.6317346,-1.389242,1.828271
11553,1.09544,-0.6830339,-1.325093,1.849972
11554,1.095433,-0.6830349,-1.325088,1.849964
11555,1.0831,-0.6560729,-1.385208,1.87679
11556,-0.04894688,-0.6754662,-1.333039,1.495207
11557,-0.05079311,-0.6753455,-1.331439,1.493787
11558,-1.181925,-0.6336691,-1.350108,1.902964
11559,0.4766536,-1.314637,-0.8533673,1.638202
11560,0.5114696,-1.336292,-0.8447606,1.661595
11561,0.4697995,-1.389775,-0.8510901,1.696037
11562,0.4698011,-1.389775,-0.851086,1.696035
11563,0.4332897,-1.3947,-0.8067412,1.66846
11564,0.4888641,-1.302591,-0.8359352,1.62312
11565,0.4384874,-1.355428,-0.8220744,1.644768
11566,0.4186024,-1.336172,-0.8655437,1.646132
11567,-0.6231481,-1.394579,-0.8633122,1.754557
11568,-0.6924667,-1.36746,-0.8769032,1.765904
11569,0.9979007,-1.459457,0.99784,2.030149
11570,0.9631121,-1.459663,0.9564295,1.993228
11571,0.9446189,-1.459558,0.9735693,1.992599
11572,0.9622683,-1.459824,0.9147456,1.973273
11573,0.9364073,-1.459502,0.9990248,2.001263
11574,0.920387,-1.459178,0.92277,1.956481
11575,-0.6925573,-1.175822,-0.4979878,1.452647
11576,1.015581,-0.6609603,-1.46,1.897334
11577,1.036013,-0.6336924,-1.46,1.899076
11578,1.078505,-0.6191829,-1.46,1.917853
11579,1.078632,-0.618915,-1.46,1.917838
11580,1.041368,-0.6895463,-1.46,1.921333
11581,1.090003,-0.6732568,-1.46,1.942416
11582,1.021994,-0.6023863,-1.46,1.881207
11583,-0.04401071,-0.6874893,-1.46,1.614366
11584,-0.04401786,-0.6874768,-1.46,1.614361
11585,-0.07676951,-0.6123688,-1.46,1.585083
11586,-0.07676657,-0.612368,-1.46,1.585083
11587,-1.190796,-0.6393812,-1.46,1.989574
11588,0.4174918,-1.388065,-0.9696753,1.74393
11589,0.4174927,-1.388072,-0.9696804,1.743939
11590,0.4704931,-1.384536,-0.985802,1.76355
11591,0.5048838,-1.318755,-0.9581669,1.706489
11592,0.4720981,-1.370765,-0.9288352,1.721804
11593,0.4975148,-1.308777,-0.9813948,1.709841
11594,0.4354406,-1.30593,-0.9638085,1.680473
11595,0.4354059,-1.305973,-0.9639037,1.680552
11596,0.5095466,-1.39437,-0.9425119,1.758475
11597,0.4651025,-1.322113,-0.9075916,1.669738
11598,0.4704833,-1.384534,-0.985804,1.763547
11599,0.483745,-1.389109,-0.9172061,1.733465
11600,0.465108,-1.322115,-0.9076014,1.669747
11601,-0.6834696,-1.305932,-0.914087,1.734401
11602,-0.5999677,-1.330855,-0.9363822,1.734344
11603,-0.6860763,-1.40118,-0.938871,1.820847
11604,0.9680897,-1.459125,0.8220444,1.934425
11605,0.987266,-1.459071,0.8725275,1.965931
11606,0.9328676,-1.459755,0.8982192,1.95139
11607,0.9872671,-1.459084,0.8725278,1.965942
11608,0.9150108,-1.459295,0.8539806,1.922517
11609,0.9150184,-1.459463,0.853973,1.922645
11610,0.9680927,-1.459171,0.8220499,1.934464
11611,-0.6133906,-1.110843,-0.5099471,1.367577
11612,-0.6478578,-1.155387,-0.6031499,1.455482
11613,0.5092778,-1.300983,-1.094097,1.774533
11614,0.5035418,-1.317235,-1.038399,1.751266
11615,0.4949409,-1.388832,-1.052146,1.811307
11616,0.4560266,-1.332015,-1.097094,1.784892
11617,0.4780095,-1.319937,-1.026013,1.738802
11618,0.5120775,-1.392256,-1.029253,1.805537
11619,0.4285902,-1.37637,-1.095468,1.810562
11620,0.4318669,-1.397639,-1.036092,1.792593
11621,0.5069476,-1.349034,-1.093804,1.809225
11622,0.5092761,-1.300982,-1.094079,1.774522
11623,0.4596893,-1.371347,-1.042146,1.782687
11624,0.4738111,-1.392283,-1.089348,1.830199
11625,0.4312311,-1.338647,-1.014508,1.734117
11626,0.4456992,-1.30723,-1.0545,1.737661
11627,0.4143307,-1.369383,-1.089928,1.798561
11628,-0.6783521,-1.406546,-1.022283,1.866439
11629,0.9217356,-1.459806,0.788293,1.897903
11630,0.96281,-1.458912,0.7480332,1.90131
11631,0.9001133,-1.459931,0.7285674,1.863441
11632,0.9006687,-1.459594,0.7295459,1.863828
11633,0.9628004,-1.458901,0.7480293,1.901295
11634,0.9217238,-1.459768,0.788297,1.89787
11635,0.4383187,-1.161549,-0.6674584,1.409546
11636,0.4383212,-1.161555,-0.6674485,1.409547
11637,-0.6396288,-1.158308,-0.694128,1.494195
11638,-0.6830601,-0.9832015,-0.2316893,1.2194
11639,-0.6011564,-0.9580463,-0.2728739,1.163487
11640,-0.6011544,-0.9580451,-0.2728719,1.163484
11641,0.5034245,-1.385273,-1.177652,1.886606
11642,0.4905503,-1.392281,-1.111427,1.847798
11643,0.4689243,-1.304202,-1.13666,1.792436
11644,0.4482388,-1.39146,-1.172813,1.874185
11645,0.4389968,-1.315478,-1.155887,1.805346
11646,0.5100951,-1.314653,-1.165353,1.82936
11647,0.5100956,-1.314652,-1.165364,1.829366
11648,0.4754228,-1.359228,-1.150219,1.842968
11649,0.4397502,-1.393021,-1.133606,1.84904
11650,0.4184175,-1.38403,-1.159055,1.853111
11651,-0.6770368,-1.329307,-1.169875,1.895796
11652,-0.6539489,-1.363508,-1.10359,1.872088
11653,0.9231212,-1.45965,0.6101954,1.831685
11654,0.9231172,-1.459925,0.6101782,1.831896
11655,0.9511201,-1.459312,0.6625765,1.86366
11656,0.9510499,-1.459886,0.6626311,1.864093
11657,0.9080562,-1.459761,0.6818892,1.849443
11658,0.9526653,-1.45953,0.7048655,1.880063
11659,0.985831,-1.459538,0.6166948,1.866126
11660,0.9858292,-1.459545,0.6166515,1.866116
11661,-0.1221936,-1.45949,0.6083059,1.5859
11662,-0.1320729,-1.45902,0.6665394,1.60949
11663,-0.1862587,-1.458851,0.6165979,1.59472
11664,-0.1862796,-1.459736,0.6165968,1.595531
11665,-0.1632604,-1.45906,0.6413571,1.602139
11666,-0.1320637,-1.459641,0.6665381,1.610052
11667,-0.1221954,-1.459363,0.60831,1.585785
11668,-1.271142,-1.459326,0.6778103,2.050576
11669,-1.27109,-1.45951,0.6781065,2.050772
11670,-1.271115,-1.459371,0.6778005,2.050587
11671,0.4673302,-1.145134,-0.7372454,1.439882
11672,0.4673261,-1.145138,-0.7372453,1.439884
11673,0.4504912,-1.140556,-0.7947699,1.461324
11674,0.4814587,-1.168643,-0.7132689,1.451304
11675,0.4130936,-1.162501,-0.7175713,1.427222
11676,-0.6734822,-0.9698423,-0.3409268,1.228985
11677,0.4688716,-1.363425,-1.209196,1.881734
11678,0.4913881,-1.387234,-1.220351,1.911841
11679,0.470062,-1.318959,-1.284619,1.900225
11680,0.4706199,-1.320557,-1.243894,1.8742
11681,0.50451,-1.381858,-1.278381,1.948927
11682,0.4444869,-1.385832,-1.279733,1.937993
11683,0.4738696,-1.384036,-1.264219,1.933484
11684,0.4343842,-1.383475,-1.224607,1.897987
11685,0.4310021,-1.383084,-1.283529,1.935492
11686,0.4336234,-1.326825,-1.295911,1.904699
11687,0.4251316,-1.32033,-1.224135,1.850004
11688,0.4466025,-1.305405,-1.202445,1.830139
11689,-0.6393452,-1.369386,-1.268779,1.973266
11690,-0.6753505,-1.307199,-1.261081,1.937832
11691,0.9809604,-1.459439,0.5155882,1.832505
11692,0.9413388,-1.45959,0.5135254,1.811141
11693,0.9018021,-1.456554,0.5530496,1.800184
11694,0.9633875,-1.459115,0.5643598,1.83729
11695,0.9633847,-1.459192,0.5643563,1.837349
11696,0.9017999,-1.456574,0.5530431,1.800196
11697,-0.141663,-1.459331,0.507591,1.551568
11698,-0.1416506,-1.459031,0.5075919,1.551286
11699,-0.1220871,-1.459589,0.5523903,1.565388
11700,-0.1927067,-1.459531,0.5666189,1.577474
11701,-0.1220951,-1.459038,0.5523901,1.564875
11702,-0.1927074,-1.459178,0.5666296,1.577151
11703,-1.197467,-1.45822,0.5928029,1.977814
11704,-1.197478,-1.45822,0.5928047,1.977821
11705,0.4763038,-1.192,-0.8190516,1.522687
11706,0.4365886,-1.125548,-0.8252481,1.462362
11707,0.4975603,-1.130763,-0.8013092,1.472511
11708,0.5073759,-1.109675,-0.8821476,1.505654
11709,0.4352199,-1.125842,-0.8950984,1.50271
11710,0.4352271,-1.125839,-0.8950977,1.502709
11711,0.4975729,-1.130759,-0.8013151,1.472515
11712,0.5121608,-1.121871,-0.8531932,1.499614
11713,0.4698728,-1.14509,-0.8413311,1.496613
11714,0.4873036,-1.108363,-0.8812156,1.497489
11715,-0.6510154,-1.167842,-0.8460908,1.582259
11716,-0.5927795,-0.9322242,-0.4415364,1.189699
11717,-0.6819917,-0.9892054,-0.481056,1.294239
11718,-0.6378431,-0.9776611,-0.4515252,1.251615
11719,0.4156314,-1.308672,-1.396977,1.958804
11720,0.4606633,-1.324292,-1.394881,1.97779
11721,0.5069218,-1.313363,-1.347836,1.948988
11722,0.4693703,-1.385525,-1.396492,2.022418
11723,0.4890001,-1.377313,-1.334613,1.979218
11724,0.4358769,-1.386155,-1.342253,1.978144
11725,0.4358756,-1.386153,-1.342254,1.978144
11726,0.5004677,-1.385311,-1.398249,2.030925
11727,0.4890005,-1.377313,-1.334624,1.979226
11728,0.4501934,-1.303739,-1.349034,1.929327
11729,0.4686379,-1.306131,-1.330845,1.922693
11730,0.4474393,-1.380805,-1.398225,2.015406
11731,-0.6747354,-1.325484,-1.33847,2.000919
11732,-0.6268494,-1.375484,-1.340753,2.020523
11733,1.05278,-0.4961218,-1.459944,1.867062
11734,1.052778,-0.496121,-1.459944,1.86706
11735,1.041088,-0.4176883,-1.45998,1.84116
11736,1.092982,-0.4469982,-1.459882,1.877677
11737,1.009419,-0.4515712,-1.459817,1.831368
11738,1.009413,-0.4515703,-1.459727,1.831293
11739,1.091439,-0.400617,-1.459799,1.866212
11740,1.077269,-0.446914,-1.459891,1.868562
11741,0.9630661,-1.459499,0.4088206,1.795764
11742,0.9630417,-1.459244,0.4088436,1.795549
11743,0.9631531,-1.459711,0.4772347,1.812781
11744,0.9155757,-1.45963,0.4994309,1.793942
11745,0.9745843,-1.459766,0.4602555,1.814543
11746,0.9126859,-1.459533,0.4426312,1.777401
11747,0.912703,-1.459495,0.4425878,1.777368
11748,-0.1685802,-1.455808,0.4221279,1.525119
11749,-0.1685803,-1.455804,0.422147,1.525121
11750,-0.1067377,-1.459825,0.4406777,1.52862
11751,-0.106788,-1.459434,0.4406472,1.528242
11752,-0.1754202,-1.46,0.4679892,1.543174
11753,-0.1754335,-1.459779,0.467987,1.542966
11754,-1.263661,-1.452297,0.3997771,1.966171
11755,-1.263653,-1.452296,0.3997843,1.966167
11756,-1.209942,-1.448931,0.4929104,1.950979
11757,-1.209928,-1.448927,0.4929189,1.95097
11758,0.4186848,-1.190767,-0.9349557,1.570785
11759,0.4233447,-1.142622,-0.9638828,1.553665
11760,0.4233516,-1.142619,-0.9638813,1.553664
11761,0.4670573,-1.188885,-0.9954796,1.619435
11762,0.4860091,-1.142225,-0.9985878,1.593129
11763,0.4817619,-1.111262,-0.9415216,1.5341
11764,0.4859903,-1.142223,-0.9985815,1.593118
11765,0.4967627,-1.177158,-0.9193982,1.574093
11766,0.4721214,-1.164324,-0.9378269,1.567823
11767,0.4719641,-1.179948,-0.8996378,1.557041
11768,-0.6491991,-1.119915,-0.9440393,1.602148
11769,-0.6585455,-0.9740849,-0.593766,1.317225
11770,0.4597637,-1.305144,-1.46,2.011562
11771,0.4189265,-1.332438,-1.46,2.020518
11772,0.5026263,-1.321922,-1.46,2.032661
11773,0.4373421,-1.386445,-1.46,2.060364
11774,0.5026298,-1.321924,-1.46,2.032663
11775,0.4900669,-1.381457,-1.46,2.068862
11776,0.4373409,-1.386448,-1.46,2.060365
11777,0.4369371,-1.336366,-1.46,2.026916
11778,0.4900753,-1.381457,-1.46,2.068864
11779,0.4134273,-1.38969,-1.406105,2.019726
11780,-0.6396298,-1.34814,-1.432599,2.068562
11781,-0.6568232,-1.345779,-1.46,2.091444
11782,-0.6108214,-1.404272,-1.46,2.115817
11783,-0.6210195,-1.312649,-1.46,2.059202
11784,-0.6971357,-1.328582,-1.46,2.093497
11785,-0.6631103,-1.384986,-1.46,2.118844
11786,0.9565408,-1.459874,0.3465279,1.779405
11787,0.9565338,-1.459883,0.3465227,1.779408
11788,0.9078646,-1.459772,0.3796863,1.760487
11789,0.9078657,-1.459874,0.3796866,1.760572
11790,0.9115086,-1.46,0.3099768,1.748866
11791,0.9115132,-1.46,0.3099781,1.748869
11792,-0.1651002,-1.449525,0.369873,1.505054
11793,-0.1076925,-1.46,0.382022,1.51299
11794,-0.1651021,-1.449521,0.3698606,1.505047
11795,-0.1076789,-1.46,0.3820119,1.512986
11796,-0.1515302,-1.459981,0.3251367,1.503403
11797,-0.1515291,-1.459967,0.3251346,1.503388
11798,-1.207355,-1.459434,0.3615436,1.928307
11799,-1.207358,-1.459332,0.3615487,1.928233
11800,-1.268023,-1.46,0.325686,1.961009
11801,-1.268013,-1.46,0.3257038,1.961005
11802,0.4528853,-1.169691,-1.09622,1.665827
11803,0.4804331,-1.124888,-1.051661,1.613127
11804,0.5016266,-1.184506,-1.058411,1.665808
11805,0.5016311,-1.184504,-1.058403,1.665803
11806,0.4540788,-1.127034,-1.072015,1.620373
11807,0.4249738,-1.159856,-1.041047,1.615441
11808,0.4249704,-1.159838,-1.041059,1.615434
11809,-0.6780366,-1.136155,-1.055586,1.692585
11810,-0.6390507,-0.9473438,-0.6890218,1.33439
11811,0.9852709,-1.409587,0.2456616,1.737251
11812,0.9365127,-1.46,0.2264161,1.749263
11813,0.9879742,-1.46,0.2968557,1.787685
11814,0.9588749,-1.46,0.2815729,1.769272
11815,0.9439343,-1.428976,0.2714678,1.733978
11816,0.9365233,-1.46,0.2264173,1.749269
11817,0.9866158,-1.46,0.2401981,1.7784
11818,-0.1645927,-1.45909,0.2784774,1.494519
11819,-0.1648736,-1.46,0.2786744,1.495474
11820,-0.108669,-1.458546,0.2132982,1.47806
11821,-0.1800711,-1.46,0.2464287,1.491561
11822,-0.1071689,-1.458236,0.2803648,1.488805
11823,-0.1219268,-1.456857,0.2232436,1.478897
11824,-0.1071627,-1.45824,0.2803483,1.488806
11825,-1.291022,-1.46,0.2262537,1.962021
11826,-1.251524,-1.391267,0.278062,1.891892
11827,-1.251513,-1.391267,0.2780599,1.891884
11828,-1.2012,-1.46,0.2629321,1.908826
11829,-1.207592,-1.454028,0.2978589,1.913425
11830,-1.207587,-1.454015,0.2978723,1.913414
11831,-1.263058,-1.46,0.2590696,1.947828
11832,-1.263048,-1.46,0.2590705,1.947821
11833,0.4941135,-1.192823,-1.151916,1.730285
11834,0.4879275,-1.159537,-1.129597,1.690736
11835,0.454581,-1.182732,-1.166469,1.722251
11836,0.4971279,-1.134312,-1.099523,1.656126
11837,0.4266279,-1.175188,-1.183193,1.721343
11838,0.4382424,-1.173792,-1.129457,1.686866
11839,0.4409947,-1.118564,-1.127313,1.648179
11840,0.4805756,-1.11712,-1.184029,1.697302
11841,0.4811049,-1.101741,-1.12841,1.648819
11842,0.4380939,-1.117905,-1.179688,1.683241
11843,-0.6741059,-1.204553,-1.145901,1.794006
11844,-0.6045619,-1.160825,-1.125008,1.725878
11845,-0.6976615,-0.9902857,-0.7782663,1.439825
11846,0.9489916,-1.457293,0.1705726,1.747393
11847,0.9035006,-1.458378,0.136899,1.721023
11848,0.9035167,-1.458391,0.1369097,1.721043
11849,0.9980567,-1.459781,0.1966919,1.779259
11850,0.9489921,-1.45726,0.1705725,1.747366
11851,0.9831788,-1.459839,0.1267389,1.764606
11852,0.9831643,-1.459857,0.1267378,1.764612
11853,-0.1263944,-1.45535,0.1570858,1.469249
11854,-0.1263999,-1.455349,0.1570897,1.46925
11855,-0.168868,-1.458318,0.2088714,1.482847
11856,-0.1688755,-1.45824,0.2088727,1.482771
11857,-0.1444744,-1.45976,0.1157657,1.471453
11858,-1.200788,-1.46,0.1725802,1.89823
11859,-1.200796,-1.46,0.1725538,1.898232
11860,-1.258574,-1.46,0.1298792,1.931962
11861,-1.244935,-1.46,0.2132997,1.930533
11862,-1.271198,-1.46,0.1956502,1.945719
11863,-1.254365,-1.449007,0.1791016,1.924871
11864,-1.25857,-1.46,0.1299186,1.931962
11865,0.4372565,-1.142376,-1.261438,1.757112
11866,0.4919159,-1.152052,-1.263859,1.779479
11867,0.4767506,-1.157331,-1.202837,1.73595
11868,0.4890698,-1.180108,-1.27379,1.803992
11869,0.4708139,-1.188179,-1.22813,1.772494
11870,0.4495892,-1.122714,-1.264019,1.749389
11871,0.4224364,-1.178664,-1.244572,1.765406
11872,-0.6482854,-1.108754,-1.206791,1.762372
11873,-0.629757,-0.9857774,-0.8687755,1.457094
11874,-0.6772131,-0.916086,-0.8823531,1.440964
11875,-0.6225285,-0.7846498,-0.4069689,1.081129
11876,0.9315298,-1.459852,0.03466225,1.732084
11877,0.9938995,-1.46,0.06222307,1.767288
11878,0.989792,-1.45978,0.02815679,1.763927
11879,0.9375508,-1.46,0.09769033,1.737857
11880,0.933805,-1.46,0.08238703,1.735044
11881,0.9778929,-1.444995,0.07454273,1.74638
11882,0.9423953,-1.46,0.03307648,1.738046
11883,-0.1665778,-1.459911,0.09224619,1.472277
11884,-0.1757001,-1.46,0.08893487,1.473221
11885,-0.09528586,-1.46,0.1085766,1.467129
11886,-0.09530472,-1.46,0.1086145,1.467133
11887,-0.1645039,-1.459972,0.07287979,1.471017
11888,-1.299359,-1.46,0.08101906,1.956144
11889,-1.228708,-1.459273,0.0755706,1.909165
11890,-1.271454,-1.46,0.04552848,1.936561
11891,-1.203546,-1.46,0.03045289,1.892367
11892,-1.228753,-1.459307,0.07553793,1.909219
11893,-1.256264,-1.458863,0.01876574,1.925313
11894,0.4951752,-1.110867,-1.316945,1.792642
11895,0.4754158,-1.178776,-1.388703,1.88256
11896,0.4322036,-1.140379,-1.388749,1.848212
11897,0.4951289,-1.163479,-1.388505,1.877973
11898,0.4550216,-1.157668,-1.324942,1.817337
11899,0.4550247,-1.157656,-1.324935,1.817324
11900,0.4932238,-1.130808,-1.383221,1.853455
11901,0.432201,-1.140389,-1.388757,1.848223
11902,0.4951598,-1.110865,-1.316902,1.792605
11903,0.4175839,-1.189788,-1.331246,1.833627
11904,-0.6080061,-1.100269,-1.398653,1.880557
11905,-0.6790022,-1.137096,-1.33567,1.88097
11906,1.096117,-0.2381946,-1.459806,1.84099
11907,1.038527,-0.2107708,-1.45962,1.803734
11908,1.001661,-0.2534454,-1.459743,1.788409
11909,1.083647,-0.2391984,-1.459691,1.833632
11910,1.061048,-0.2788438,-1.459699,1.826006
11911,1.006791,-0.2580742,-1.459865,1.792048
11912,1.038648,-0.21072,-1.459612,1.80379
11913,1.06067,-0.2861536,-1.459786,1.826987
11914,-1.119893,-0.2834907,-1.45884,1.860844
11915,-1.119904,-0.2835181,-1.458822,1.860841
11916,-0.6556275,-0.9505456,-0.9579021,1.50032
11917,0.9778544,-1.459945,-0.02167986,1.757301
11918,0.9736578,-1.46,-0.07227285,1.756369
11919,0.9088238,-1.46,-0.07470573,1.721378
11920,0.9237835,-1.458345,-0.02857037,1.726546
11921,0.9264427,-1.46,-0.01619751,1.729208
11922,0.94103,-1.405338,-0.0637617,1.692506
11923,0.9778643,-1.459949,-0.02165599,1.75731
11924,0.9760064,-1.46,-0.08919778,1.75845
11925,0.9079219,-1.46,-0.09131441,1.721703
11926,-0.1104205,-1.46,-0.08467104,1.466616
11927,-0.1313535,-1.415998,-0.08033342,1.424345
11928,-0.1648864,-1.45886,0.008668781,1.468174
11929,-0.1649759,-1.458874,0.008687909,1.468198
11930,-0.189777,-1.46,-0.07795582,1.474345
11931,-1.219909,-1.456379,-0.03017403,1.900034
11932,-1.237434,-1.46,-0.05642178,1.914687
11933,-1.267759,-1.46,-0.08862863,1.935631
11934,-1.293556,-1.46,-0.04999184,1.951252
11935,-1.28273,-1.46,-0.01315967,1.943494
11936,-1.227521,-1.456596,-0.0003346203,1.904857
11937,-1.19652,-1.46,-0.07129502,1.889006
11938,0.4566226,-1.129085,-1.46,1.901299
11939,0.494471,-1.185592,-1.46,1.944667
11940,0.4835725,-1.138637,-1.46,1.913619
11941,0.4478167,-1.195904,-1.46,1.939672
11942,0.4645245,-1.193131,-1.46,1.941892
11943,0.4406909,-1.104396,-1.46,1.882949
11944,0.4150836,-1.163655,-1.46,1.912586
11945,-0.6140882,-1.101523,-1.46,1.929264
11946,-0.5930009,-1.177357,-1.46,1.967084
11947,-0.6414202,-1.188502,-1.399978,1.945224
11948,-0.6527117,-1.182481,-1.46,1.988943
11949,-0.6390513,-0.8927383,-1.055174,1.522748
11950,-0.6656034,-0.9745509,-1.076222,1.597195
11951,-0.6696776,-0.7556736,-0.6891055,1.222447
11952,0.9435874,-1.438003,-0.09113178,1.722357
11953,0.9722377,-1.46,-0.1430292,1.759916
11954,0.9722272,-1.46,-0.1430153,1.759909
11955,0.9194251,-1.46,-0.1438166,1.731365
11956,0.9194193,-1.46,-0.143828,1.731363
11957,-0.08910117,-1.457956,-0.1740025,1.471004
11958,-0.1794606,-1.437029,-0.1617335,1.457195
11959,-0.1360547,-1.46,-0.1566269,1.474667
11960,-1.206163,-1.46,-0.1232367,1.897792
11961,-1.219591,-1.46,-0.1896327,1.911796
11962,-1.280343,-1.46,-0.1649314,1.948866
11963,-1.228568,-1.46,-0.1352812,1.912925
11964,-0.695129,-0.7154788,-0.7938636,1.274886
11965,0.9403235,-1.459821,-0.2025768,1.748234
11966,0.9403327,-1.459833,-0.2025701,1.748248
11967,0.9936579,-1.46,-0.2026653,1.777647
11968,0.9208612,-1.46,-0.2665227,1.746602
11969,0.965441,-1.46,-0.2607368,1.76965
11970,0.965446,-1.46,-0.260728,1.769651
11971,0.9936706,-1.46,-0.2026619,1.777654
11972,-0.1403527,-1.46,-0.2172846,1.482738
11973,-0.1357909,-1.458693,-0.2527869,1.486649
11974,-1.270141,-1.46,-0.2555825,1.951968
11975,-1.267459,-1.428399,-0.1885053,1.918934
11976,-1.293693,-1.46,-0.2155843,1.962579
11977,-1.244632,-1.46,-0.2257603,1.931755
11978,-1.219173,-1.46,-0.2469306,1.918061
11979,-1.291085,-1.46,-0.2744907,1.968209
11980,-1.241635,-1.46,-0.2834244,1.937418
11981,-1.22692,-1.205817,0.1199306,1.724444
11982,0.4829462,-0.9944829,-1.288919,1.698101
11983,0.4314881,-0.9771537,-1.255409,1.648352
11984,0.4315785,-0.9771706,-1.255312,1.648311
11985,-0.5971504,-0.9255294,-1.270385,1.68139
11986,-0.6786112,-0.9468103,-1.232081,1.695578
11987,0.9646663,-1.46,-0.312579,1.777607
11988,0.9828813,-1.46,-0.3681387,1.798105
11989,0.9828929,-1.46,-0.3681642,1.798117
11990,0.9297498,-1.46,-0.3281345,1.761734
11991,0.9297661,-1.46,-0.3281401,1.761744
11992,0.9415274,-1.46,-0.3880317,1.780068
11993,-0.1593769,-1.46,-0.3679765,1.51407
11994,-0.099288,-1.46,-0.353496,1.505463
11995,-0.1593769,-1.46,-0.3679765,1.51407
11996,-0.1471793,-1.459615,-0.302095,1.497798
11997,-0.1469179,-1.459632,-0.3023631,1.497843
11998,-0.1037238,-1.395726,-0.3612756,1.445452
11999,-1.214995,-1.402976,-0.3133072,1.88221
12000,-1.214532,-1.46,-0.347598,1.930677
12001,-1.278258,-1.46,-0.3197602,1.96667
12002,-1.201099,-1.399471,-0.3705721,1.881085
12003,-1.275422,-1.46,-0.3554491,1.97095
12004,-1.243117,-1.406072,-0.365304,1.912021
12005,-1.235288,-1.46,-0.311995,1.93775
12006,-1.242846,-1.46,-0.3810641,1.95486
12007,-0.1756195,-1.280996,0.07143276,1.29495
12008,-0.1756178,-1.280995,0.07142745,1.294948
12009,-1.254387,-1.20672,0.05333096,1.741409
12010,-1.254381,-1.206713,0.05333252,1.741399
12011,0.4936607,-0.9885619,-1.330036,1.729148
12012,0.4899141,-0.9714109,-1.363778,1.744576
12013,0.4309691,-0.9544607,-1.332351,1.694665
12014,0.4309626,-0.9544429,-1.332364,1.694663
12015,0.5029414,-0.9922338,-1.382514,1.774492
12016,0.4583039,-0.9657322,-1.372786,1.739892
12017,1.067148,-0.06421926,-1.459625,1.809264
12018,1.067166,-0.06420983,-1.459808,1.809422
12019,1.009804,-0.09288248,-1.459652,1.777333
12020,1.0098,-0.09288567,-1.459492,1.7772
12021,-0.6405541,-0.6957103,-0.9617488,1.348808
12022,0.9781646,-1.46,-0.4313041,1.809538
12023,0.9313185,-1.46,-0.4004063,1.777436
12024,0.9323701,-1.46,-0.4723962,1.79557
12025,0.9701831,-1.46,-0.4422475,1.807882
12026,0.9323723,-1.46,-0.4723724,1.795565
12027,-0.1137661,-1.46,-0.4147069,1.522013
12028,-0.1136147,-1.46,-0.4147199,1.522006
12029,-0.1527708,-1.46,-0.4672077,1.540527
12030,-0.1529894,-1.46,-0.4671005,1.540516
12031,-0.09650189,-1.46,-0.4492879,1.530612
12032,-1.298174,-1.407182,-0.4186691,1.959771
12033,-1.224284,-1.410508,-0.4086506,1.91191
12034,-1.240353,-1.46,-0.4646539,1.971289
12035,-1.237771,-1.46,-0.4244375,1.960567
12036,-1.282531,-1.46,-0.420963,1.988391
12037,-1.249442,-1.278672,-0.07943469,1.78953
12038,-1.244958,-1.245453,-0.03032963,1.761248
12039,0.4240515,-0.9870806,-1.46,1.812663
12040,0.4775162,-0.9209697,-1.459949,1.790993
12041,0.4775167,-0.9209853,-1.459949,1.791002
12042,0.4229108,-0.9114807,-1.46,1.772357
12043,0.4229102,-0.9114754,-1.46,1.772354
12044,0.4662902,-0.9831699,-1.46,1.820893
12045,0.4540162,-0.9741224,-1.46,1.812911
12046,-0.7030756,-0.9882517,-1.46,1.89804
12047,-0.5939813,-0.914475,-1.46,1.822273
12048,-0.6907395,-0.9259647,-1.46,1.861755
12049,-0.617919,-0.9533489,-1.46,1.849945
12050,-0.6471511,-0.959397,-1.417164,1.829645
12051,-0.6187102,-0.9523625,-1.46,1.849702
12052,0.9877623,-1.46,-0.4970294,1.831478
12053,0.9707334,-1.46,-0.5354329,1.833197
12054,0.981138,-1.46,-0.5669322,1.848146
12055,0.9711092,-1.46,-0.5818923,1.847499
12056,0.9877815,-1.46,-0.4970241,1.831487
12057,0.9254252,-1.46,-0.5304949,1.808158
12058,0.9254378,-1.46,-0.5304544,1.808153
12059,-0.1720359,-1.46,-0.5342801,1.564178
12060,-0.1920136,-1.46,-0.583901,1.584112
12061,-0.130284,-1.46,-0.5725155,1.573642
12062,-1.289165,-1.46,-0.5695412,2.029267
12063,-1.242263,-1.46,-0.5139576,1.984684
12064,-1.211852,-1.46,-0.5675339,1.980474
12065,-0.1026569,-1.218827,-0.1309939,1.230137
12066,-1.22524,-1.251507,-0.1690588,1.759564
12067,-1.274785,-1.262377,-0.1448718,1.799906
12068,-1.225509,-1.290215,-0.1223113,1.783672
12069,-1.290814,-1.224729,-0.0953382,1.781924
12070,-1.290808,-1.224735,-0.09533461,1.781923
12071,0.9253837,-1.46,-0.5991098,1.829445
12072,0.9295362,-1.46,-0.6834021,1.860827
12073,0.9315439,-1.46,-0.6618904,1.854042
12074,0.9253902,-1.46,-0.5991328,1.829455
12075,0.971708,-1.46,-0.639968,1.866916
12076,0.9717104,-1.46,-0.6399623,1.866915
12077,-0.1532552,-1.46,-0.6554633,1.607706
12078,-1.268373,-1.46,-0.6745178,2.048254
12079,-1.255089,-1.46,-0.6304135,2.0259
12080,-1.202826,-1.46,-0.6673058,2.005913
12081,-0.1583468,-1.24577,-0.2529036,1.281006
12082,-1.238653,-1.20804,-0.2122555,1.74318
12083,-1.269509,-1.285099,-0.2146956,1.819128
12084,-1.27802,-1.244544,-0.282762,1.80615
12085,-0.651574,-0.7762553,-1.212922,1.580602
12086,0.9113122,-1.46,-0.7278475,1.86865
12087,0.9113164,-1.46,-0.727846,1.868651
12088,1.003766,-1.46,-0.7395365,1.919912
12089,0.9647178,-1.46,-0.7105204,1.888682
12090,0.9515854,-1.46,-0.7736012,1.906718
12091,1.00375,-1.46,-0.7395459,1.919907
12092,0.9515997,-1.46,-0.7736589,1.906749
12093,0.9698794,-1.46,-0.7896875,1.922465
12094,0.9728451,-1.46,-0.707177,1.891594
12095,-0.0909168,-1.46,-0.7545128,1.645951
12096,-0.1272728,-1.46,-0.7390384,1.641334
12097,-0.1596301,-1.46,-0.793157,1.669185
12098,-0.1587075,-1.409961,-0.7346184,1.597762
12099,-0.1865541,-1.46,-0.7409021,1.647828
12100,-1.255067,-1.46,-0.7583635,2.069278
12101,0.9584964,-1.299146,-0.3963029,1.662394
12102,0.9931791,-1.28482,-0.3511737,1.661472
12103,0.9334811,-1.294631,-0.3454458,1.63303
12104,0.9334734,-1.294628,-0.3454439,1.633023
12105,0.9931848,-1.284819,-0.3511667,1.661474
12106,-0.1033915,-1.252284,-0.3270805,1.298417
12107,-0.1007211,-1.24576,-0.3231747,1.290931
12108,-0.1478615,-1.280029,-0.3869956,1.345401
12109,-1.258239,-1.254585,-0.3606829,1.813075
12110,-1.203477,-1.288618,-0.2945471,1.787638
12111,1.459822,-1.364202,1.402047,2.440874
12112,1.459808,-1.364192,1.402051,2.440862
12113,-0.6757908,-0.7959397,-1.3193,1.682488
12114,-0.6124513,-0.7368116,-1.350524,1.655869
12115,0.9705767,-1.46,-0.8386956,1.943458
12116,0.9705803,-1.46,-0.8386772,1.943452
12117,0.9291499,-1.46,-0.8376248,1.922637
12118,0.9510424,-1.46,-0.8874454,1.955413
12119,0.9291211,-1.46,-0.8376344,1.922628
12120,0.9510618,-1.46,-0.8874242,1.955413
12121,-0.1638772,-1.46,-0.8645774,1.704685
12122,-0.1203544,-1.46,-0.8461783,1.691775
12123,-0.09162774,-1.405989,-0.8693588,1.655592
12124,-1.268952,-1.46,-0.8923634,2.130294
12125,-1.259035,-1.46,-0.8197313,2.094929
12126,0.9203302,-1.279963,-0.4293749,1.633914
12127,0.9315981,-1.254584,-0.4504797,1.62628
12128,0.9913608,-1.29749,-0.4662807,1.698144
12129,0.9805141,-1.239267,-0.4607017,1.646036
12130,0.98052,-1.239256,-0.4607059,1.646033
12131,0.9097528,-1.24155,-0.4784434,1.611833
12132,0.9097643,-1.241549,-0.4784432,1.611839
12133,-0.1013594,-1.190331,-0.4602326,1.280224
12134,-1.275105,-1.241727,-0.4430224,1.834134
12135,-1.21259,-1.293285,-0.4472904,1.828396
12136,0.4068637,-0.7170368,-1.459255,1.676039
12137,0.4068747,-0.7170301,-1.459255,1.676039
12138,0.4546784,-0.7269122,-1.459731,1.692911
12139,0.4635134,-0.7807698,-1.45989,1.719222
12140,0.4546827,-0.7269241,-1.459743,1.692928
12141,0.46353,-0.7807606,-1.459776,1.719126
12142,0.4118181,-0.7831472,-1.459783,1.707009
12143,-0.616671,-0.7810599,-1.46,1.766901
12144,-0.668478,-0.7348657,-1.414325,1.728354
12145,0.9095168,-1.46,-0.9449775,1.962601
12146,1.007046,-1.46,-0.9655441,2.01941
12147,1.007035,-1.46,-0.9655452,2.019405
12148,0.9608269,-1.46,-0.9481207,1.988397
12149,0.923553,-1.46,-0.9157271,1.955276
12150,0.918674,-1.46,-0.9794379,1.983648
12151,0.9608165,-1.46,-0.948108,1.988386
12152,-0.1821229,-1.46,-0.9733528,1.764138
12153,-0.1936428,-1.46,-0.93425,1.74411
12154,-0.1270792,-1.46,-0.9118491,1.726041
12155,-0.1277118,-1.428921,-0.9769104,1.735649
12156,-1.215867,-1.419678,-0.904204,2.076392
12157,-1.274518,-1.46,-0.9593853,2.162503
12158,0.9678835,-1.210467,-0.5306748,1.638183
12159,0.9188741,-1.2451,-0.544019,1.640293
12160,0.950011,-1.214262,-0.589245,1.650503
12161,0.9647825,-1.275681,-0.5780501,1.700679
12162,0.9505023,-1.213973,-0.589872,1.650798
12163,0.9678873,-1.210467,-0.5306682,1.638184
12164,0.9629903,-1.295406,-0.5415983,1.702573
12165,0.9999735,-1.242402,-0.559543,1.690148
12166,0.987299,-1.229206,-0.4980872,1.65342
12167,0.918867,-1.245096,-0.5440009,1.64028
12168,-0.2018043,-1.208165,-0.5983168,1.363221
12169,-0.1329208,-1.258741,-0.530627,1.372466
12170,-1.301929,-1.279876,-0.5047098,1.894158
12171,-1.297223,-1.259928,-0.5908075,1.902435
12172,-1.205601,-1.292068,-0.5301007,1.844971
12173,-1.239231,-1.081933,-0.1907963,1.656103
12174,-1.297266,-1.075197,-0.1827074,1.694795
12175,-1.295751,-1.080528,-0.145668,1.693437
12176,-1.238907,-1.07068,-0.1792363,1.647232
12177,0.9685716,-1.46,-1.036228,2.035559
12178,0.949221,-1.46,-1.002597,2.009433
12179,0.9597872,-1.46,-1.082671,2.055473
12180,0.962575,-1.46,-1.017429,2.023194
12181,0.9139518,-1.46,-1.055519,2.020156
12182,0.9139405,-1.46,-1.05551,2.020146
12183,-0.1476812,-1.46,-1.049738,1.804261
12184,-1.273902,-1.46,-1.018546,2.189032
12185,-1.205408,-1.46,-1.071385,2.175425
12186,-0.6240979,-0.5269288,-1.192411,1.445336
12187,0.9910057,-1.297918,-0.6809971,1.769305
12188,0.988229,-1.213936,-0.663111,1.699986
12189,0.9398454,-1.287063,-0.6225212,1.710957
12190,0.938455,-1.248577,-0.6400818,1.688001
12191,0.9161054,-1.202318,-0.6870374,1.660373
12192,0.9964591,-1.262844,-0.6262398,1.726233
12193,0.9964508,-1.262846,-0.6262381,1.72623
12194,0.961131,-1.266848,-0.6837189,1.730938
12195,0.9093484,-1.236826,-0.6358905,1.661629
12196,-0.1299455,-1.213005,-0.6720005,1.392786
12197,-0.1600289,-1.247949,-0.6059966,1.396502
12198,-0.1964279,-1.268729,-0.7005482,1.462541
12199,-1.289931,-1.300363,-0.6876205,1.956448
12200,-1.24554,-1.223543,-0.6789331,1.873333
12201,-1.254025,-1.101295,-0.2519845,1.687876
12202,-1.241505,-1.012469,-0.2245938,1.617675
12203,-1.209871,-1.049114,-0.2539054,1.621387
12204,0.9848225,-1.46,-1.112836,2.083238
12205,0.952961,-1.46,-1.172292,2.100953
12206,0.9867206,-1.46,-1.137779,2.09756
12207,0.9938428,-1.46,-1.188428,2.128775
12208,0.9380259,-1.46,-1.106632,2.058185
12209,0.9405145,-1.46,-1.175197,2.096963
12210,0.9285535,-1.46,-1.130273,2.066719
12211,-0.151344,-1.46,-1.140618,1.858902
12212,-0.1045849,-1.46,-1.200916,1.89334
12213,-0.1395817,-1.394984,-1.118868,1.793692
12214,-1.262465,-1.41095,-1.159299,2.220038
12215,-1.29034,-1.46,-1.098633,2.236867
12216,-1.213235,-1.46,-1.155512,2.222329
12217,0.9756846,-1.299362,-0.7341273,1.783044
12218,0.9395824,-1.250351,-0.7048469,1.715518
12219,0.9625517,-1.200021,-0.7685796,1.719671
12220,0.9283087,-1.218299,-0.7340942,1.698501
12221,0.9665708,-1.241599,-0.7296259,1.734411
12222,0.997546,-1.24885,-0.7739579,1.775876
12223,0.9596152,-1.256051,-0.7840887,1.76446
12224,-0.1058558,-1.260632,-0.7659853,1.478896
12225,-1.207947,-1.204134,-0.7843354,1.8773
12226,-1.255843,-1.2406,-0.7544966,1.919764
12227,1.45993,-1.347142,1.023206,2.234533
12228,-0.1681842,-1.04749,-0.3544636,1.118555
12229,-1.272941,-1.08364,-0.3460985,1.707173
12230,0.9640146,-1.46,-1.225322,2.135963
12231,0.988521,-1.46,-1.258249,2.166095
12232,0.9372054,-1.46,-1.284713,2.158806
12233,0.9536221,-1.46,-1.249952,2.145548
12234,0.9081491,-1.46,-1.278212,2.142466
12235,0.9102979,-1.46,-1.217625,2.107808
12236,0.9116539,-1.46,-1.226887,2.113756
12237,-0.1293238,-1.430804,-1.27719,1.922274
12238,-0.1649221,-1.46,-1.241013,1.923255
12239,-0.1863988,-1.46,-1.289539,1.956848
12240,-1.243626,-1.413954,-1.253374,2.262038
12241,-1.276413,-1.46,-1.210078,2.285852
12242,-1.277482,-1.46,-1.300834,2.33575
12243,0.9209466,-1.250694,-0.8194668,1.756105
12244,0.9649789,-1.280443,-0.8480104,1.813792
12245,0.954116,-1.25308,-0.8243043,1.777645
12246,0.9414618,-1.223229,-0.8664076,1.770113
12247,0.9544474,-1.251674,-0.8945401,1.810486
12248,0.9153293,-1.282783,-0.8939606,1.811774
12249,-0.1344922,-1.268538,-0.8315895,1.522766
12250,-0.2041954,-1.208783,-0.8600284,1.497498
12251,-1.274695,-1.258603,-0.831681,1.975
12252,-0.109242,-1.057296,-0.4019474,1.136385
12253,-0.1087756,-1.057544,-0.4037218,1.137199
12254,-0.1629467,-1.048753,-0.4751608,1.162846
12255,-1.204211,-1.081051,-0.4093723,1.669245
12256,-1.278259,-1.084046,-0.443581,1.733744
12257,0.9796637,-1.46,-1.314571,2.195322
12258,0.9541041,-1.46,-1.387378,2.228617
12259,0.9541067,-1.46,-1.387351,2.228601
12260,0.9912713,-1.46,-1.386953,2.244517
12261,0.979681,-1.46,-1.31453,2.195305
12262,0.9349811,-1.46,-1.335872,2.188685
12263,0.9185926,-1.46,-1.332385,2.179602
12264,0.9053311,-1.46,-1.39157,2.210813
12265,0.9053113,-1.46,-1.391568,2.210803
12266,-0.1466607,-1.46,-1.316441,1.971326
12267,-0.1011831,-1.46,-1.393476,2.020795
12268,-0.1436335,-1.46,-1.356944,1.998382
12269,-0.08981613,-1.46,-1.328852,1.976238
12270,-0.1043438,-1.420935,-1.350706,1.96325
12271,-0.152391,-1.413575,-1.383155,1.983567
12272,-0.1866772,-1.42514,-1.336644,1.962776
12273,-1.276816,-1.423953,-1.410465,2.376408
12274,-1.263123,-1.46,-1.365618,2.364739
12275,-1.21711,-1.429461,-1.336419,2.304502
12276,-1.263123,-1.46,-1.365618,2.364739
12277,-1.263123,-1.46,-1.365618,2.364739
12278,0.4008752,-0.573742,-1.459737,1.618862
12279,0.4773578,-0.5227356,-1.459761,1.622351
12280,0.4773559,-0.52276,-1.459783,1.622378
12281,0.4008992,-0.5736713,-1.459606,1.618725
12282,0.4103553,-0.512017,-1.459411,1.600135
12283,0.4103408,-0.5120466,-1.459511,1.600232
12284,-0.6107769,-0.5767577,-1.46,1.684428
12285,-0.6590021,-0.5291613,-1.46,1.686978
12286,1.000823,-1.252207,-0.9072787,1.841962
12287,0.9938406,-1.228099,-0.8993603,1.81791
12288,0.98388,-1.260292,-0.9647712,1.867388
12289,0.9257723,-1.225823,-0.9267967,1.794059
12290,0.9545777,-1.241956,-0.9871956,1.851548
12291,0.957379,-1.234523,-0.9457796,1.826231
12292,0.9179221,-1.2463,-0.9984415,1.841936
12293,-0.1603778,-1.242689,-0.9437937,1.568676
12294,-0.1076138,-1.224182,-0.9789253,1.571145
12295,-1.248243,-1.282474,-0.9329814,2.018243
12296,-1.195722,-1.244301,-0.9961322,1.992565
12297,-1.234153,-1.0436,-0.5117428,1.695321
12298,0.9377888,-1.46,-1.46,2.267741
12299,0.987833,-1.46,-1.46,2.288889
12300,0.9233354,-1.46,-1.46,2.261802
12301,0.9572959,-1.46,-1.46,2.275877
12302,0.9878079,-1.46,-1.46,2.288878
12303,-0.1176252,-1.423648,-1.46,2.042599
12304,-0.1244534,-1.46,-1.46,2.068499
12305,-0.1247961,-1.46,-1.46,2.06852
12306,-0.1247939,-1.46,-1.46,2.06852
12307,-0.1684734,-1.46,-1.46,2.071614
12308,-0.1395346,-1.46,-1.46,2.069461
12309,-0.09187394,-1.46,-1.46,2.066795
12310,-0.1176269,-1.423649,-1.46,2.0426
12311,-0.116546,-1.420217,-1.46,2.040147
12312,-0.1394404,-1.46,-1.411409,2.035465
12313,-0.168808,-1.46,-1.46,2.071641
12314,-0.1810251,-1.40277,-1.46,2.032765
12315,-0.1637293,-1.46,-1.46,2.071233
12316,-0.1477098,-1.46,-1.46,2.070029
12317,-0.1447839,-1.430441,-1.450323,2.042196
12318,-1.221995,-1.414138,-1.46,2.371636
12319,-1.279382,-1.46,-1.46,2.428995
12320,-1.257677,-1.46,-1.438256,2.404565
12321,-1.23713,-1.46,-1.46,2.407009
12322,-1.271262,-1.46,-1.43548,2.410044
12323,-1.289863,-1.46,-1.46,2.434532
12324,-1.241459,-1.450917,-1.46,2.403743
12325,-1.286981,-1.422586,-1.408752,2.380053
12326,-1.288115,-1.46,-1.46,2.433607
12327,-1.22112,-1.46,-1.46,2.398819
12328,-1.251052,-1.46,-1.46,2.414194
12329,-1.201248,-1.46,-1.418095,2.363385
12330,0.9983625,-1.204035,-1.016214,1.865239
12331,0.9577193,-1.252543,-1.049258,1.893946
12332,0.9857861,-1.213962,-1.039687,1.877879
12333,0.920555,-1.232687,-1.03913,1.856537
12334,0.9400787,-1.251711,-1.080461,1.902085
12335,0.9844756,-1.268418,-1.035898,1.910801
12336,-0.136889,-1.213001,-1.036246,1.601223
12337,-0.1243919,-1.293461,-1.030669,1.658552
12338,-1.246655,-1.207772,-1.046087,2.026613
12339,-1.196595,-1.287878,-1.083983,2.065306
12340,-0.1333348,-1.077823,-0.6740824,1.278228
12341,-1.205202,-1.049756,-0.6894686,1.740651
12342,-1.271416,-1.053488,-0.6247914,1.765417
12343,0.9778144,-1.284658,-1.175893,1.997296
12344,0.9984112,-1.249165,-1.099138,1.940449
12345,0.9984053,-1.249164,-1.099132,1.940442
12346,0.9616929,-1.24175,-1.138904,1.940077
12347,0.9885279,-1.220648,-1.170324,1.958782
12348,0.9378854,-1.248161,-1.196146,1.9668
12349,0.9314654,-1.273759,-1.131107,1.941518
12350,0.9391246,-1.222013,-1.118583,1.904337
12351,0.9378929,-1.248161,-1.196158,1.96681
12352,-0.1306166,-1.250135,-1.108898,1.676172
12353,-0.1514264,-1.225024,-1.168857,1.699953
12354,-1.276841,-1.226061,-1.177875,2.12625
12355,-1.242251,-1.218914,-1.127706,2.073803
12356,-1.205938,-1.280403,-1.17641,2.116048
12357,0.9529696,-1.086993,-0.770252,1.637984
12358,0.9529684,-1.086987,-0.7702502,1.637979
12359,-1.281515,-1.046699,-0.7161346,1.802972
12360,-1.225844,-1.03235,-0.7642567,1.775536
12361,0.9346528,-1.21165,-1.277834,1.993623
12362,0.9791762,-1.238627,-1.247302,2.01215
12363,0.9791824,-1.238617,-1.247303,2.012147
12364,0.9234832,-1.255404,-1.270298,2.010602
12365,0.9160173,-1.266698,-1.247384,1.999894
12366,0.908733,-1.19795,-1.226862,1.940637
12367,0.90873,-1.197953,-1.226855,1.940633
12368,-0.1799547,-1.300729,-1.217606,1.790766
12369,-0.1117021,-1.264201,-1.226515,1.764942
12370,-0.113054,-1.255929,-1.271477,1.790752
12371,-0.1843923,-1.2396,-1.284673,1.794713
12372,-1.233331,-1.28321,-1.251135,2.175562
12373,1.418737,-1.377478,0.5535652,2.053459
12374,1.46,-1.370222,0.5453326,2.07521
12375,1.418727,-1.377472,0.5535722,2.05345
12376,1.450646,-1.363076,0.5767378,2.072432
12377,0.9634512,-1.091442,-0.8527122,1.687188
12378,0.9634534,-1.091444,-0.8527042,1.687186
12379,0.9933124,-1.039451,-0.8958837,1.69403
12380,0.9163461,-1.082497,-0.8222573,1.639389
12381,0.916344,-1.08248,-0.8222466,1.639372
12382,-0.1187304,-1.08338,-0.8330979,1.37181
12383,-0.1980921,-1.02588,-0.8096774,1.321835
12384,-1.284107,-1.023392,-0.8561752,1.851837
12385,-1.246703,-1.087702,-0.8572705,1.863405
12386,-1.246087,-0.8368962,-0.4625001,1.570679
12387,0.9663076,-1.259012,-1.306761,2.055842
12388,0.9305817,-1.247136,-1.332458,2.048603
12389,0.984063,-1.214928,-1.398307,2.097544
12390,0.9667365,-1.231583,-1.341365,2.061707
12391,1.003284,-1.267661,-1.382908,2.127435
12392,0.9538268,-1.265811,-1.390707,2.108584
12393,1.001325,-1.223414,-1.323216,2.061624
12394,0.9538136,-1.265815,-1.390712,2.108584
12395,0.9308845,-1.200984,-1.389011,2.058704
12396,0.9308759,-1.200984,-1.389018,2.058705
12397,-0.1222248,-1.26469,-1.362338,1.862886
12398,-0.1754701,-1.274678,-1.380568,1.88721
12399,-1.2287,-1.227013,-1.319326,2.180799
12400,-1.231949,-1.275229,-1.368223,2.23963
12401,-1.281674,-1.23746,-1.381457,2.254423
12402,1.46,-1.377686,0.4168944,2.050224
12403,1.44431,-1.369571,0.4968092,2.051481
12404,1.411797,-1.364219,0.4633753,2.017171
12405,1.46,-1.347897,0.4796822,2.044143
12406,1.436413,-1.327686,0.4094875,1.998427
12407,1.4118,-1.364227,0.4633675,2.017178
12408,1.46,-1.347917,0.4796938,2.044159
12409,1.459329,-1.332998,0.4287851,2.022469
12410,1.46,-1.37769,0.4169016,2.050228
12411,0.9684203,-1.048158,-0.9055827,1.690134
12412,0.9703565,-1.017188,-0.9665942,1.706038
12413,0.9365413,-1.058361,-0.967376,1.712616
12414,0.9365423,-1.058355,-0.9673814,1.712616
12415,0.9961017,-1.084381,-0.9762751,1.766696
12416,0.9684207,-1.048154,-0.9055806,1.690131
12417,0.9772919,-1.012228,-0.9564208,1.701307
12418,1.003951,-1.094373,-0.9362245,1.755587
12419,-0.1304201,-1.062207,-0.916787,1.409181
12420,-1.225001,-1.061547,-0.9665666,1.887263
12421,-0.1771925,-0.8477666,-0.5612487,1.03204
12422,-0.1681859,-0.8436577,-0.5662522,1.029896
12423,-1.288509,-0.8924335,-0.5907928,1.675031
12424,0.9714433,-1.26164,-1.46,2.160333
12425,0.9187545,-1.258877,-1.46,2.135528
12426,0.974429,-1.295497,-1.46,2.181611
12427,0.9569532,-1.2432,-1.46,2.143106
12428,0.912108,-1.235164,-1.46,2.118766
12429,0.9720986,-1.20075,-1.46,2.125647
12430,-0.1248629,-1.270792,-1.448761,1.931168
12431,-0.1683517,-1.245133,-1.46,1.926213
12432,-0.1417356,-1.305039,-1.459672,1.963125
12433,-0.1683754,-1.244993,-1.46,1.926125
12434,-1.21771,-1.28595,-1.46,2.295231
12435,-1.220917,-1.210802,-1.46,2.255722
12436,-1.221025,-1.28299,-1.417879,2.268776
12437,1.404195,-1.37274,0.3764898,1.999481
12438,1.46,-1.378643,0.3108368,2.031963
12439,1.459322,-1.301568,0.3683738,1.989824
12440,1.46,-1.379116,0.36724,2.041672
12441,1.46,-1.379125,0.3672373,2.041678
12442,1.46,-1.311827,0.3741917,1.998127
12443,1.407138,-1.316112,0.3590479,1.959873
12444,1.46,-1.313386,0.3219757,1.990038
12445,1.401006,-1.374996,0.3141876,1.988001
12446,1.404213,-1.372747,0.3764939,1.999499
12447,1.401,-1.374982,0.3142229,1.987992
12448,1.46,-1.378641,0.3108283,2.031961
12449,0.9625608,-1.095933,-1.014864,1.776948
12450,0.9675485,-0.995918,-1.014314,1.719545
12451,0.9411085,-1.018014,-1.028956,1.726496
12452,0.9927927,-1.090933,-1.026368,1.796999
12453,0.9973759,-1.079811,-1.067451,1.816645
12454,0.9547134,-1.052629,-1.096125,1.794714
12455,0.9411072,-1.018014,-1.028945,1.726489
12456,0.9547426,-1.052641,-1.096117,1.794731
12457,0.9074263,-1.038676,-1.046452,1.731281
12458,-0.1439019,-1.044714,-1.040867,1.481735
12459,-1.291516,-1.086271,-1.104455,2.016884
12460,-0.1606918,-0.8868607,-0.6616746,1.118104
12461,-1.272329,-0.8260516,-0.6467425,1.649078
12462,1.403883,-1.378424,0.2528675,1.983653
12463,1.403869,-1.378426,0.2528848,1.983647
12464,1.46,-1.312546,0.2405132,1.977934
12465,1.46,-1.330056,0.2851124,1.99548
12466,1.46,-1.383999,0.2300981,2.024845
12467,1.46,-1.383996,0.2301198,2.024846
12468,1.46,-1.312552,0.2405235,1.977939
12469,1.46,-1.375978,0.272799,2.024682
12470,0.9993103,-1.041534,-1.167333,1.856362
12471,0.9408909,-1.079039,-1.174759,1.851934
12472,0.9817061,-1.091017,-1.128549,1.851401
12473,0.9993101,-1.041526,-1.167381,1.856388
12474,0.9578737,-1.03125,-1.170019,1.830285
12475,0.9257669,-1.013608,-1.158343,1.796164
12476,0.9099567,-1.022891,-1.135232,1.778505
12477,0.9083303,-1.060109,-1.183949,1.830473
12478,-0.1647282,-1.074782,-1.193416,1.614476
12479,-1.274674,-1.012254,-1.157624,1.997384
12480,-1.214671,-1.084296,-1.124178,1.97861
12481,-0.2043658,-0.8311278,-0.7000007,1.105685
12482,-0.1732933,-0.8045554,-0.773671,1.12956
12483,-0.1143053,-0.8260095,-0.7260171,1.105648
12484,-0.1669398,-0.9048972,-0.7568675,1.191451
12485,-1.261696,-0.9010409,-0.7129677,1.70648
12486,-1.26945,-0.8431945,-0.8023559,1.722282
12487,1.46,-1.383444,0.1262188,2.015303
12488,1.46,-1.376532,0.1812484,2.014768
12489,1.46,-1.37653,0.1812561,2.014768
12490,1.46,-1.321557,0.1263644,1.973342
12491,1.46,-1.328443,0.1959404,1.983622
12492,1.411093,-1.342132,0.1172073,1.950959
12493,1.422998,-1.324192,0.1532743,1.949847
12494,1.46,-1.321565,0.126367,1.973348
12495,1.406085,-1.381297,0.1358909,1.975734
12496,1.46,-1.383442,0.126227,2.015303
12497,-0.7179058,-1.376317,0.1299232,1.557729
12498,-0.7179093,-1.376308,0.1299253,1.557722
12499,-0.7317805,-1.355848,0.1808336,1.551298
12500,-0.7061865,-1.29316,0.1756195,1.483848
12501,-0.706193,-1.293159,0.1756143,1.483849
12502,0.9640699,-1.05741,-1.236767,1.891333
12503,0.9161461,-1.086039,-1.232788,1.881109
12504,0.9640766,-1.057407,-1.236767,1.891334
12505,0.9209189,-1.041137,-1.255496,1.873053
12506,0.9993938,-1.01661,-1.240804,1.889942
12507,-0.114733,-1.059353,-1.280723,1.666026
12508,-1.280502,-1.049271,-1.231835,2.063509
12509,-0.105463,-0.8734486,-0.8036986,1.191623
12510,-0.1632497,-0.8201185,-0.8835728,1.21653
12511,-1.236208,-0.8917502,-0.8890455,1.764605
12512,-1.199692,-0.8012835,-0.9006178,1.700714
12513,1.46,-1.385721,0.07775607,2.014415
12514,1.46,-1.385609,0.07293841,2.014158
12515,1.46,-1.387381,0.01616577,2.014122
12516,1.46,-1.387388,0.01613769,2.014126
12517,1.46,-1.333189,0.05623462,1.977917
12518,1.410786,-1.381427,0.05493515,1.975266
12519,1.46,-1.333189,0.05622681,1.977916
12520,1.46,-1.304955,0.007334147,1.958204
12521,-0.7774477,-1.360679,0.03898218,1.567607
12522,-0.7542545,-1.33498,0.08070681,1.535443
12523,0.9629162,-1.049704,-1.313267,1.937461
12524,0.9935839,-1.00888,-1.326973,1.940594
12525,1.000393,-1.062718,-1.394506,2.018614
12526,0.9920919,-1.022776,-1.395652,1.994533
12527,0.9170583,-1.01185,-1.377334,1.939558
12528,0.9121821,-1.07984,-1.373304,1.970811
12529,0.971146,-1.014195,-1.301416,1.914523
12530,0.9546658,-1.062194,-1.38421,1.988889
12531,0.9546665,-1.062204,-1.384224,1.988905
12532,0.9949979,-1.089443,-1.333446,1.988714
12533,0.9317028,-1.049187,-1.308108,1.918335
12534,0.9322207,-1.001392,-1.377983,1.941818
12535,0.9076447,-1.033389,-1.321418,1.907317
12536,-0.1390955,-1.001638,-1.298646,1.645937
12537,-0.105744,-1.046917,-1.369761,1.72727
12538,-0.1476663,-0.9993383,-1.368899,1.701284
12539,-1.268773,-1.056919,-1.315373,2.111177
12540,-1.283255,-0.8390402,-0.949446,1.80338
12541,1.46,-1.35131,-0.04709893,1.989939
12542,1.46,-1.385877,-0.07627137,2.014466
12543,1.46,-1.344603,-0.006347241,1.984842
12544,1.46,-1.386793,-0.03179355,2.013903
12545,1.403663,-1.379652,-0.006686863,1.968185
12546,1.46,-1.385881,-0.07625927,2.014468
12547,1.410144,-1.325003,-0.0369837,1.935332
12548,1.403664,-1.379647,-0.006686106,1.968182
12549,1.409403,-1.312399,-0.08622015,1.927755
12550,-0.7216393,-1.377467,-0.01979218,1.555175
12551,-0.7564861,-1.354062,-0.051353,1.5519
12552,-0.7416276,-1.382994,-0.07443097,1.571058
12553,0.980689,-1.0685,-1.46,2.057922
12554,0.9394541,-1.028114,-1.46,2.01772
12555,0.949482,-1.026169,-1.46,2.02142
12556,0.9901838,-1.005389,-1.46,2.030486
12557,0.9412942,-1.0908,-1.46,2.051214
12558,0.9046667,-1.060508,-1.46,2.018589
12559,-0.1145994,-1.09956,-1.418833,1.79868
12560,-0.1535536,-1.049882,-1.46,1.804835
12561,-0.1350389,-1.030309,-1.46,1.79203
12562,-0.09874076,-1.094473,-1.46,1.827353
12563,-0.162402,-1.096628,-1.416767,1.798943
12564,-0.1898202,-1.04913,-1.396313,1.756814
12565,-1.254153,-1.022321,-1.397407,2.13794
12566,-1.21192,-1.099555,-1.46,2.193028
12567,-1.262084,-1.082213,-1.444939,2.2027
12568,-1.244417,-1.036263,-1.46,2.180371
12569,-1.20345,-1.005357,-1.416478,2.11316
12570,0.960104,-0.8806385,-1.06526,1.682885
12571,-0.143931,-0.8326144,-1.05311,1.350187
12572,-1.262164,-0.9096975,-1.045807,1.874652
12573,-1.215553,-0.8107929,-0.9928102,1.766529
12574,1.413,-1.329803,-0.1571602,1.9467
12575,1.409214,-1.376393,-0.1661258,1.976851
12576,1.46,-1.341074,-0.09768587,1.984848
12577,1.46,-1.385344,-0.159148,2.018937
12578,1.46,-1.33016,-0.1434891,1.980281
12579,1.46,-1.385345,-0.1591575,2.018938
12580,1.46,-1.371499,-0.1249228,2.007041
12581,0.3696872,-1.365203,-0.1921686,1.427367
12582,0.3696724,-1.365201,-0.1921838,1.427363
12583,0.3851773,-1.360386,-0.173443,1.424463
12584,-0.7699246,-1.309595,-0.1079996,1.522986
12585,-0.7308852,-1.316738,-0.1508169,1.513518
12586,-0.7435396,-1.380741,-0.09148396,1.570881
12587,-0.697316,-1.384271,-0.146818,1.556924
12588,-0.697315,-1.384274,-0.1468195,1.556926
12589,-0.7925475,-1.378074,-0.1496319,1.59675
12590,-1.299252,-0.8249619,-1.179877,1.93926
12591,-1.200328,-0.808849,-1.114258,1.826634
12592,1.46,-1.334578,-0.2717222,1.99663
12593,1.46,-1.389336,-0.2666864,2.032972
12594,1.46,-1.334581,-0.2717173,1.996631
12595,1.408678,-1.326561,-0.2093578,1.946271
12596,1.414069,-1.381505,-0.2946403,1.99874
12597,1.400744,-1.315326,-0.2685777,1.94018
12598,1.444043,-1.382715,-0.2153631,2.010856
12599,1.46,-1.33935,-0.1987397,1.99122
12600,1.46,-1.389338,-0.2666987,2.032975
12601,1.46,-1.376767,-0.2146574,2.018209
12602,0.327525,-1.333073,-0.2845684,1.401904
12603,0.3839677,-1.36463,-0.2491636,1.43935
12604,0.370567,-1.369466,-0.2732834,1.444798
12605,0.337476,-1.335521,-0.2138435,1.394
12606,0.3175993,-1.31663,-0.2358029,1.374768
12607,0.3175927,-1.316627,-0.2358038,1.374764
12608,-0.7828031,-1.321224,-0.2498696,1.555908
12609,-0.7160107,-1.355266,-0.2661863,1.555722
12610,1.404467,-1.175859,0.145551,1.837487
12611,1.46,-1.176311,0.1106728,1.878179
12612,1.404463,-1.175865,0.1455655,1.837489
12613,1.44296,-1.178665,0.1726179,1.871145
12614,1.46,-1.18773,0.1664825,1.889449
12615,1.46,-1.176318,0.1106928,1.878184
12616,0.9158424,-0.8704478,-1.262976,1.786492
12617,0.9807715,-0.8618681,-1.245855,1.804684
12618,0.9807441,-0.8618754,-1.24585,1.804669
12619,0.9195352,-0.8240651,-1.272322,1.772973
12620,-0.1889688,-0.8412701,-1.283273,1.546038
12621,-0.1683291,-0.8721914,-1.226256,1.514185
12622,-1.212246,-0.8193842,-1.232103,1.912853
12623,-1.281196,-0.8261644,-1.257124,1.975949
12624,-1.237254,-0.6778998,-0.8440487,1.644008
12625,1.409201,-1.326851,-0.3366754,1.96462
12626,1.46,-1.348048,-0.3838813,2.023907
12627,1.46,-1.377772,-0.38149,2.043377
12628,1.46,-1.385083,-0.3269873,2.038866
12629,1.46,-1.314005,-0.358816,1.996737
12630,1.46,-1.385092,-0.3270078,2.038876
12631,1.413392,-1.381989,-0.3508082,2.007645
12632,1.46,-1.342167,-0.3256992,2.009749
12633,0.4085481,-1.298517,-0.3452027,1.404359
12634,0.3605565,-1.396081,-0.3198787,1.476945
12635,0.356901,-1.378792,-0.3396266,1.46417
12636,0.4074023,-1.367141,-0.3726568,1.474424
12637,0.3960418,-1.394996,-0.3358316,1.488504
12638,0.3797791,-1.326279,-0.2995421,1.411727
12639,0.3797557,-1.326283,-0.2995549,1.411727
12640,0.40856,-1.298507,-0.3452348,1.40436
12641,0.3114296,-1.381259,-0.3149698,1.450542
12642,0.3228632,-1.327486,-0.3514047,1.410654
12643,-0.7662968,-1.377056,-0.3138558,1.60686
12644,-0.7087522,-1.332105,-0.3852683,1.557326
12645,1.448532,-1.153472,0.08959998,1.853853
12646,1.46,-1.175828,0.04516758,1.875156
12647,1.43003,-1.139424,0.05098934,1.829173
12648,1.46,-1.145852,0.0135189,1.856006
12649,1.46,-1.145854,0.01351831,1.856008
12650,0.9461836,-0.8025479,-1.337908,1.824649
12651,0.9204797,-0.8033993,-1.304719,1.787463
12652,0.9086646,-0.8834083,-1.395258,1.884894
12653,0.9475272,-0.8532653,-1.32608,1.839663
12654,0.948694,-0.8371909,-1.391617,1.880826
12655,0.9907472,-0.8548248,-1.391244,1.909939
12656,0.948691,-0.8371915,-1.391614,1.880823
12657,0.9475216,-0.8532761,-1.32608,1.839665
12658,0.9369417,-0.8911268,-1.313545,1.843195
12659,0.908673,-0.8834187,-1.39526,1.884905
12660,-0.1506735,-0.8667214,-1.386305,1.641874
12661,-0.1383364,-0.8585729,-1.335503,1.593692
12662,-1.299694,-0.8514994,-1.35307,2.060353
12663,-1.237662,-0.6972982,-0.9695463,1.719899
12664,1.46,-1.387153,-0.4163931,2.056496
12665,1.417143,-1.316228,-0.4794276,1.992637
12666,1.406865,-1.336197,-0.4126375,1.983673
12667,1.419255,-1.383506,-0.4088515,2.023742
12668,1.46,-1.369576,-0.4859385,2.05997
12669,1.46,-1.339237,-0.4249765,2.026268
12670,1.417121,-1.387876,-0.4677495,2.037945
12671,1.46,-1.387833,-0.4416421,2.062215
12672,1.46,-1.353345,-0.4643517,2.044203
12673,0.4020363,-1.378468,-0.4170477,1.495237
12674,0.3982214,-1.380079,-0.4172655,1.495763
12675,0.3272901,-1.394107,-0.4060099,1.488454
12676,0.4029558,-1.382284,-0.4940118,1.522212
12677,0.4029676,-1.382292,-0.4939991,1.522218
12678,0.3536597,-1.316102,-0.458623,1.437892
12679,0.3272885,-1.394105,-0.406012,1.488453
12680,0.3846663,-1.303257,-0.4144338,1.420634
12681,0.372755,-1.337955,-0.4372128,1.4561
12682,0.3196337,-1.302865,-0.4109062,1.403021
12683,-0.6987211,-1.379978,-0.4622297,1.614375
12684,1.40003,-1.144044,-0.005386291,1.808024
12685,1.408658,-1.177048,-0.06592977,1.836874
12686,1.46,-1.155802,-0.06066699,1.863104
12687,1.46,-1.155751,-0.06065112,1.863072
12688,1.412492,-1.130866,-0.05620502,1.81029
12689,1.400054,-1.144039,-0.005398138,1.808039
12690,1.46,-1.194461,-0.09256959,1.888625
12691,-0.7780262,-1.182878,-0.06372894,1.417247
12692,-0.7780246,-1.182877,-0.06373034,1.417244
12693,0.9676215,-0.8910955,-1.46,1.965183
12694,0.9198936,-0.8902094,-1.46,1.94172
12695,0.9316496,-0.8179539,-1.46,1.915364
12696,0.9880401,-0.8274011,-1.46,1.947413
12697,0.9293153,-0.8302518,-1.46,1.919517
12698,0.9880248,-0.8274028,-1.46,1.947406
12699,0.9666307,-0.8807094,-1.46,1.960006
12700,-0.1529902,-0.8917365,-1.46,1.717615
12701,-0.1001477,-0.8345208,-1.46,1.684653
12702,-0.1468841,-0.8314511,-1.394252,1.629977
12703,-1.298969,-0.8989968,-1.415122,2.120869
12704,-1.292497,-0.8296114,-1.46,2.119057
12705,-1.225397,-0.8676826,-1.46,2.094295
12706,1.434426,-1.386814,-0.596212,2.082378
12707,1.437594,-1.389906,-0.5829347,2.082865
12708,1.46,-1.374418,-0.5253375,2.072825
12709,1.408888,-1.334516,-0.5549908,2.018394
12710,1.46,-1.341565,-0.5237885,2.050793
12711,1.46,-1.38137,-0.567362,2.088464
12712,1.46,-1.315606,-0.5751991,2.047749
12713,1.46,-1.315627,-0.5751666,2.047753
12714,1.399515,-1.32148,-0.5146245,1.992433
12715,1.416002,-1.382692,-0.5305249,2.048989
12716,0.345014,-1.350121,-0.5656,1.503917
12717,0.3278815,-1.311799,-0.5158448,1.447211
12718,0.3777246,-1.320197,-0.5621271,1.483773
12719,0.3928919,-1.332485,-0.5106481,1.480082
12720,0.3520604,-1.394265,-0.5001401,1.522518
12721,0.404387,-1.352213,-0.5753732,1.52416
12722,0.3660901,-1.395275,-0.5728673,1.552093
12723,0.352066,-1.394266,-0.5001381,1.522519
12724,-0.7258808,-1.392925,-0.5541462,1.665599
12725,-0.7848967,-1.361272,-0.5154429,1.653725
12726,0.8077816,-1.458681,1.238311,2.076939
12727,0.8704455,-1.459324,1.268607,2.120534
12728,0.8598533,-1.459594,1.213312,2.08372
12729,0.8598757,-1.459266,1.21333,2.08351
12730,0.8704477,-1.459112,1.268609,2.120391
12731,0.807782,-1.458683,1.238304,2.076937
12732,1.46,-1.10201,-0.1947901,1.839557
12733,1.46,-1.156983,-0.1198614,1.866702
12734,1.46,-1.19443,-0.1317944,1.890935
12735,1.403032,-1.198085,-0.1141226,1.848494
12736,1.46,-1.177379,-0.1899479,1.88518
12737,1.46,-1.177422,-0.1900617,1.885218
12738,1.46,-1.139465,-0.1378751,1.857146
12739,1.405321,-1.116904,-0.126578,1.799562
12740,1.405712,-1.154705,-0.1122713,1.822628
12741,1.46,-1.125775,-0.1736766,1.851792
12742,-0.7142015,-1.116667,-0.1066045,1.32981
12743,-0.7089499,-1.162014,-0.09235519,1.364337
12744,-0.7258621,-1.177904,-0.129917,1.389681
12745,-0.7698437,-1.1278,-0.1458764,1.37327
12746,-0.7815937,-1.203307,-0.1821339,1.446378
12747,-0.7745366,-1.201676,-0.1713336,1.439891
12748,-1.211802,-0.6781884,-1.158591,1.808518
12749,1.433865,-1.388361,-0.6210993,2.090282
12750,1.428337,-1.389855,-0.6165533,2.086141
12751,1.40048,-1.345241,-0.6633527,2.052085
12752,1.46,-1.379646,-0.6880395,2.123304
12753,1.434269,-1.389707,-0.6805541,2.109873
12754,1.46,-1.391231,-0.6843254,2.129654
12755,1.46,-1.308824,-0.6641275,2.07019
12756,1.46,-1.308859,-0.66413,2.070213
12757,1.450038,-1.328558,-0.6317133,2.065609
12758,1.401915,-1.32375,-0.6218,2.025911
12759,0.3301218,-1.391853,-0.6391007,1.566744
12760,0.3785891,-1.376418,-0.6295196,1.560176
12761,0.3988129,-1.378084,-0.692112,1.592855
12762,0.3505111,-1.315094,-0.6445765,1.505925
12763,0.3301043,-1.391465,-0.6391754,1.566425
12764,0.8486124,-1.459511,1.12254,2.027415
12765,0.8053032,-1.459448,1.128841,2.013153
12766,0.8673449,-1.459092,1.164182,2.05829
12767,0.8673097,-1.459204,1.164148,2.058335
12768,1.419536,-1.133254,-0.2056188,1.828011
12769,1.46,-1.126222,-0.2243115,1.857496
12770,1.46,-1.166391,-0.2687891,1.887939
12771,1.46,-1.19909,-0.2757788,1.909312
12772,1.418688,-1.197421,-0.2359694,1.87141
12773,1.416801,-1.143206,-0.2581124,1.838713
12774,1.46,-1.125294,-0.2612092,1.861751
12775,-0.7625256,-1.179405,-0.2847874,1.43302
12776,-0.7247176,-1.12552,-0.2853872,1.368743
12777,-0.7170149,-1.157384,-0.2058478,1.376961
12778,0.9788129,-0.6698823,-1.242402,1.717667
12779,0.9788185,-0.6698719,-1.242406,1.717669
12780,-0.1832623,-0.6518608,-1.273979,1.442751
12781,-1.238986,-0.6300941,-1.256411,1.87368
12782,1.411505,-1.340697,-0.7284463,2.078569
12783,1.46,-1.344207,-0.727956,2.113862
12784,1.407889,-1.389753,-0.7488306,2.115258
12785,1.46,-1.322045,-0.7159141,2.095695
12786,1.46,-1.377826,-0.744794,2.141196
12787,1.46,-1.33973,-0.7970331,2.135823
12788,1.46,-1.379606,-0.764159,2.149152
12789,1.407889,-1.389753,-0.7488304,2.115257
12790,0.3193223,-1.33076,-0.7104383,1.541951
12791,0.3549661,-1.327357,-0.7489355,1.564858
12792,0.3525749,-1.313903,-0.7801338,1.568203
12793,0.3991849,-1.374441,-0.7489291,1.615342
12794,0.3991922,-1.374439,-0.7489277,1.615342
12795,0.393102,-1.307098,-0.7027097,1.535199
12796,0.3931052,-1.307102,-0.7027105,1.535204
12797,-0.7032316,-1.350794,-0.7396864,1.69302
12798,-0.7673844,-1.314,-0.7613556,1.70151
12799,-0.7852144,-1.394918,-0.7218049,1.75595
12800,0.8467928,-1.459115,1.092111,2.009671
12801,0.885277,-1.459147,1.092215,2.026267
12802,0.800195,-1.459125,1.034716,1.95959
12803,0.8664985,-1.459218,1.053452,1.997473
12804,0.8099702,-1.459031,1.065977,1.980184
12805,0.8555567,-1.459067,1.030071,1.980379
12806,1.46,-1.155905,-0.3106745,1.887918
12807,1.416706,-1.106458,-0.3365605,1.828818
12808,1.46,-1.179645,-0.358783,1.910991
12809,1.417571,-1.169113,-0.3130202,1.863951
12810,1.46,-1.122784,-0.3023385,1.866455
12811,1.416703,-1.106451,-0.3365553,1.828811
12812,1.46,-1.174087,-0.3613199,1.908044
12813,1.404049,-1.173341,-0.3627112,1.86538
12814,1.46,-1.126668,-0.3803029,1.882979
12815,0.952185,-0.6543465,-1.373839,1.795066
12816,0.9521761,-0.6543468,-1.373837,1.795059
12817,0.9812104,-0.6329589,-1.329994,1.769829
12818,0.9811979,-0.6329843,-1.329989,1.769827
12819,0.9431572,-0.6909507,-1.303149,1.750758
12820,0.94315,-0.6909505,-1.303152,1.750757
12821,-0.1976444,-0.6408098,-1.351223,1.508478
12822,1.405979,-1.379732,-0.829305,2.137331
12823,1.46,-1.390768,-0.865518,2.194301
12824,1.46,-1.39076,-0.8655209,2.194297
12825,1.431125,-1.36051,-0.8739983,2.159393
12826,1.420678,-1.318222,-0.8495539,2.116076
12827,1.40599,-1.379771,-0.829276,2.137352
12828,1.46,-1.386262,-0.8076072,2.169228
12829,1.46,-1.307242,-0.8556798,2.13838
12830,1.46,-1.312639,-0.8240826,2.129256
12831,1.46,-1.386263,-0.8075999,2.169226
12832,0.3914406,-1.394561,-0.8722534,1.690814
12833,0.3845845,-1.329057,-0.8088437,1.602663
12834,0.347088,-1.360688,-0.8789317,1.656642
12835,0.341888,-1.384623,-0.807795,1.639085
12836,0.3418782,-1.384639,-0.8078517,1.639125
12837,0.3930396,-1.378976,-0.8518859,1.667863
12838,0.4082387,-1.326738,-0.8916711,1.64984
12839,-0.7775968,-1.360991,-0.8772709,1.796262
12840,-0.7530223,-1.397838,-0.8159061,1.785132
12841,-0.6934487,-1.316036,-0.8314209,1.704137
12842,0.8266987,-1.459226,0.9741671,1.939529
12843,0.8839318,-1.45932,0.9504833,1.953041
12844,0.8294688,-1.459254,0.9182835,1.913292
12845,0.8797866,-1.458832,0.9925513,1.971642
12846,0.8822078,-1.459026,0.9401556,1.947034
12847,0.818231,-1.459123,0.931839,1.914906
12848,0.8293729,-1.459808,0.991784,1.950009
12849,1.46,-1.110957,-0.4919381,1.899428
12850,1.46,-1.171842,-0.4783058,1.93225
12851,1.415001,-1.123244,-0.468445,1.866372
12852,1.422423,-1.148811,-0.4003218,1.871714
12853,1.46,-1.171824,-0.4783078,1.93224
12854,1.46,-1.164071,-0.4283385,1.91576
12855,1.46,-1.121847,-0.4228067,1.889155
12856,1.46,-1.18427,-0.419123,1.926074
12857,-0.7729199,-1.168209,-0.4032864,1.457655
12858,-0.6981211,-1.116547,-0.4234797,1.383251
12859,0.9118484,-0.6518838,-1.459745,1.840455
12860,0.9869698,-0.6822721,-1.46,1.889763
12861,0.9575851,-0.6497966,-1.46,1.86301
12862,0.9721179,-0.6320427,-1.46,1.864428
12863,0.9126853,-0.6267484,-1.45982,1.83218
12864,-0.1357599,-0.6663087,-1.432871,1.586039
12865,-0.1356862,-0.6662591,-1.432797,1.585944
12866,-1.284102,-0.6396564,-1.46,2.04687
12867,-1.275744,-0.6606601,-1.394426,2.002104
12868,1.407083,-1.390031,-0.8986652,2.172479
12869,1.4166,-1.343993,-0.9078648,2.153437
12870,1.46,-1.307752,-0.9004341,2.156988
12871,1.46,-1.36364,-0.999162,2.233705
12872,1.46,-1.309629,-0.9064851,2.160658
12873,1.40098,-1.357913,-0.9445375,2.167677
12874,1.46,-1.305071,-0.9870605,2.192966
12875,1.46,-1.38081,-0.963281,2.228486
12876,1.46,-1.391698,-0.9188732,2.216473
12877,1.427852,-1.313478,-0.9483593,2.159484
12878,1.46,-1.391697,-0.9188747,2.216473
12879,1.46,-1.370264,-0.9653845,2.222879
12880,1.46,-1.311451,-0.9966716,2.201104
12881,0.3121603,-1.337186,-0.9491843,1.66927
12882,0.3654824,-1.30662,-0.9804645,1.67396
12883,0.3310491,-1.391875,-0.9652399,1.725862
12884,0.403392,-1.314759,-0.9297498,1.660046
12885,0.3785914,-1.390643,-0.9240385,1.712036
12886,0.3310205,-1.392085,-0.9652081,1.726008
12887,0.3622134,-1.314619,-0.9048575,1.636518
12888,0.3622852,-1.349086,-0.9066849,1.665341
12889,0.3654824,-1.306637,-0.9804764,1.673981
12890,-0.7344034,-1.335024,-0.9693512,1.805902
12891,0.826826,-1.459641,0.8397868,1.876016
12892,0.8268223,-1.45923,0.8397728,1.875688
12893,0.8772549,-1.459894,0.8205784,1.89056
12894,0.7986137,-1.459249,0.8831028,1.883364
12895,0.8665656,-1.459856,0.8847566,1.914395
12896,0.8657561,-1.45953,0.8855948,1.914168
12897,1.46,-1.170204,-0.5627757,1.953892
12898,1.46,-1.123024,-0.5016112,1.909031
12899,1.416726,-1.110303,-0.5309242,1.876637
12900,1.46,-1.116838,-0.5602491,1.921667
12901,1.46,-1.116835,-0.5602452,1.921665
12902,1.409872,-1.164048,-0.515721,1.899662
12903,1.409875,-1.164062,-0.5157166,1.899671
12904,1.46,-1.170213,-0.5627698,1.953896
12905,0.3307566,-1.198752,-0.5296612,1.351646
12906,0.346094,-1.168044,-0.5938293,1.355264
12907,0.3311411,-1.148124,-0.593312,1.334115
12908,-0.7169408,-1.207763,-0.5730171,1.516919
12909,1.432006,-0.9572312,-0.1798857,1.731846
12910,1.432014,-0.9572302,-0.179893,1.731853
12911,1.4094,-1.317577,-1.027314,2.185816
12912,1.411996,-1.373713,-1.086049,2.249516
12913,1.411998,-1.373741,-1.086062,2.24954
12914,1.46,-1.347768,-1.035557,2.240638
12915,1.458743,-1.315503,-1.08467,2.243879
12916,1.43481,-1.393155,-1.028873,2.249031
12917,1.46,-1.391516,-1.063181,2.279971
12918,1.40942,-1.317571,-1.027279,2.185809
12919,1.46,-1.334769,-1.070217,2.249127
12920,1.434797,-1.393154,-1.028881,2.249026
12921,0.3608273,-1.387959,-1.010895,1.754575
12922,0.3902829,-1.377789,-1.014849,1.755147
12923,0.3923576,-1.312649,-1.036888,1.718175
12924,0.3465779,-1.384706,-1.046474,1.769925
12925,0.3923486,-1.312654,-1.036883,1.718175
12926,0.3598617,-1.373873,-1.089534,1.790004
12927,0.3463238,-1.332261,-1.074135,1.746032
12928,0.4035023,-1.395464,-1.055998,1.795902
12929,-0.7641587,-1.398898,-1.079842,1.925334
12930,-0.7014634,-1.323822,-1.054443,1.83205
12931,0.8518235,-1.459926,0.7602077,1.853349
12932,0.8218643,-1.459388,0.7122318,1.820041
12933,0.8218555,-1.459683,0.7122344,1.820274
12934,0.8518288,-1.459928,0.7602029,1.853351
12935,0.8706155,-1.459631,0.8033508,1.879858
12936,0.8010802,-1.459632,0.7885713,1.842309
12937,0.8012242,-1.459651,0.7876984,1.842013
12938,1.46,-1.127585,-0.641499,1.953092
12939,1.46,-1.176212,-0.6127364,1.97244
12940,1.406863,-1.180458,-0.6468256,1.947082
12941,1.406865,-1.180464,-0.6468204,1.947086
12942,1.406383,-1.128396,-0.6023324,1.901051
12943,1.46,-1.183148,-0.6727083,1.99599
12944,1.406387,-1.128409,-0.6023389,1.901064
12945,1.46,-1.190294,-0.6211931,1.983502
12946,1.46,-1.133055,-0.6422257,1.956494
12947,0.3475911,-1.184183,-0.6799065,1.409036
12948,0.3476859,-1.184404,-0.6801077,1.409342
12949,0.3776175,-1.145576,-0.6357014,1.363472
12950,0.377699,-1.145608,-0.6357073,1.363524
12951,-0.6917275,-1.113132,-0.6196809,1.449674
12952,-0.7879272,-1.134362,-0.5989382,1.505435
12953,-0.7173848,-1.197152,-0.6751347,1.550361
12954,1.419712,-0.9642901,-0.2601471,1.735832
12955,1.46,-0.9167865,-0.279534,1.746493
12956,1.46,-0.9167866,-0.2795254,1.746491
12957,1.401786,-0.9091049,-0.2581117,1.690591
12958,1.411167,-0.9167413,-0.2909589,1.707766
12959,1.407581,-0.9300696,-0.223307,1.701817
12960,1.46,-0.9835823,-0.2144605,1.773423
12961,1.46,-0.983808,-0.214201,1.773516
12962,1.46,-0.9466975,-0.2594521,1.759304
12963,-0.7211331,-0.9705899,-0.2183454,1.22872
12964,1.411557,-1.391934,-1.153792,2.293733
12965,1.414268,-1.332022,-1.140578,2.252855
12966,1.46,-1.386569,-1.170794,2.329148
12967,1.46,-1.391583,-1.112326,2.303339
12968,1.411557,-1.391937,-1.153813,2.293745
12969,1.46,-1.319746,-1.19221,2.30102
12970,1.408979,-1.323467,-1.101568,2.224913
12971,1.46,-1.393639,-1.110341,2.303625
12972,1.46,-1.343008,-1.12612,2.2811
12973,1.45931,-1.329522,-1.162866,2.291173
12974,1.46,-1.386582,-1.170792,2.329155
12975,0.3324487,-1.379538,-1.126446,1.811775
12976,0.3328729,-1.39288,-1.191884,1.863198
12977,0.3727479,-1.374791,-1.142959,1.826293
12978,0.3953925,-1.316472,-1.158607,1.797722
12979,0.4058739,-1.317261,-1.177156,1.812624
12980,0.3554814,-1.390427,-1.19153,1.865315
12981,0.3217247,-1.321836,-1.163917,1.79038
12982,0.3727501,-1.374796,-1.142965,1.826301
12983,0.3240921,-1.301825,-1.191492,1.794279
12984,-0.7724113,-1.343004,-1.165141,1.938512
12985,0.8476737,-1.459227,0.6764733,1.818106
12986,0.8688074,-1.459148,0.6320593,1.812026
12987,0.8784753,-1.459809,0.6826208,1.83541
12988,0.8688052,-1.459148,0.6320676,1.812028
12989,0.8016632,-1.459499,0.6116368,1.77395
12990,0.8016472,-1.459288,0.611712,1.773796
12991,-1.311588,-1.459695,0.6321141,2.061684
12992,-1.310866,-1.459518,0.6119798,2.055014
12993,-1.311576,-1.459693,0.6321235,2.061677
12994,1.437173,-1.143999,-0.767471,1.990781
12995,1.46,-1.135412,-0.7041411,1.979034
12996,1.46,-1.191731,-0.7197194,2.01738
12997,1.46,-1.135415,-0.7041476,1.979038
12998,1.46,-1.191746,-0.7197477,2.017398
12999,1.403735,-1.184731,-0.7041112,1.967189
13000,1.437172,-1.143989,-0.7674518,1.990768
13001,0.3735657,-1.104885,-0.726073,1.373865
13002,0.4090052,-1.182427,-0.7457727,1.45657
13003,0.3734677,-1.104789,-0.7260483,1.373748
13004,0.409611,-1.102784,-0.7959368,1.420362
13005,0.4015764,-1.109773,-0.7539523,1.400465
13006,0.3665019,-1.1578,-0.7869092,1.447084
13007,0.4090163,-1.182427,-0.7457898,1.456582
13008,-0.7213348,-1.105447,-0.7156858,1.501513
13009,1.457791,-0.985612,-0.3938856,1.803256
13010,1.46,-0.9704226,-0.3627816,1.790232
13011,1.410662,-0.9707531,-0.3190486,1.741873
13012,1.46,-0.9845198,-0.3236657,1.79043
13013,1.46,-0.9667557,-0.3075334,1.777862
13014,1.416346,-0.9361519,-0.3555063,1.734589
13015,1.46,-0.9358111,-0.3578048,1.770697
13016,1.407686,-0.9809682,-0.3713552,1.755501
13017,-0.7509133,-0.9559121,-0.301461,1.252405
13018,-0.7158176,-0.9178037,-0.3925389,1.228351
13019,1.46,-1.388109,-1.27235,2.382713
13020,1.429737,-1.392266,-1.216539,2.337204
13021,1.46,-1.388105,-1.272358,2.382715
13022,1.46,-1.377917,-1.218668,2.34849
13023,1.46,-1.337618,-1.226803,2.329349
13024,1.46,-1.318144,-1.25374,2.332588
13025,1.423254,-1.327675,-1.223378,2.298919
13026,1.46,-1.342739,-1.292337,2.367421
13027,1.415162,-1.322704,-1.286263,2.325231
13028,1.428043,-1.396377,-1.234591,2.348061
13029,0.3825011,-1.386781,-1.207569,1.878215
13030,0.410648,-1.393943,-1.20615,1.88852
13031,0.3323813,-1.38919,-1.247991,1.896789
13032,0.3327585,-1.325773,-1.273394,1.868137
13033,0.3323625,-1.389178,-1.24803,1.896802
13034,0.3911409,-1.357601,-1.256166,1.890509
13035,0.3911434,-1.357626,-1.256172,1.890532
13036,0.3635766,-1.307305,-1.21601,1.822064
13037,0.3635731,-1.307304,-1.216011,1.822063
13038,-0.7446169,-1.366678,-1.240085,1.989994
13039,-1.30158,-0.4643105,-1.383033,1.955115
13040,0.8445773,-1.459969,0.5517174,1.774602
13041,0.8320348,-1.459972,0.5772586,1.776802
13042,0.8695216,-1.46,0.5871774,1.7979
13043,0.8463971,-1.46,0.5112739,1.763346
13044,-0.2814639,-1.459794,0.5283961,1.57779
13045,-0.2542344,-1.459231,0.571145,1.587513
13046,-0.2087679,-1.459894,0.5209877,1.564066
13047,-0.2814644,-1.459506,0.5283918,1.577523
13048,-0.2542044,-1.459512,0.5711285,1.58776
13049,-0.208766,-1.459298,0.5209896,1.56351
13050,-1.342714,-1.459821,0.5794938,2.066342
13051,-1.34271,-1.459317,0.5795232,2.065992
13052,-1.325939,-1.458025,0.5393792,2.043253
13053,-1.325922,-1.457514,0.5393138,2.04286
13054,1.411839,-1.175891,-0.8428572,2.021489
13055,1.455958,-1.113254,-0.8854551,2.03548
13056,1.46,-1.134492,-0.8120242,2.01942
13057,1.46,-1.151731,-0.8555193,2.046948
13058,1.411839,-1.175887,-0.8428506,2.021484
13059,1.46,-1.170732,-0.8120813,2.040022
13060,1.46,-1.115608,-0.8312899,2.016736
13061,1.455966,-1.113248,-0.8854576,2.035483
13062,0.352709,-1.187356,-0.8880518,1.524091
13063,0.3526883,-1.187301,-0.8880717,1.524055
13064,0.3418207,-1.095,-0.890675,1.452298
13065,0.3592971,-1.12676,-0.847039,1.454702
13066,0.4095663,-1.158933,-0.8556702,1.497679
13067,0.3929466,-1.134943,-0.8801799,1.489033
13068,0.3210333,-1.184798,-0.7989827,1.464644
13069,0.3115516,-1.108223,-0.8669149,1.441099
13070,-0.7553585,-1.126371,-0.8723856,1.612556
13071,1.411882,-0.9295034,-0.4091946,1.739203
13072,1.46,-0.9487473,-0.4335446,1.794347
13073,1.46,-0.9830728,-0.4849322,1.825703
13074,1.46,-0.9487613,-0.4335665,1.79436
13075,1.46,-0.9220989,-0.4783041,1.791826
13076,1.416625,-0.9298974,-0.4920391,1.764551
13077,1.416625,-0.9298986,-0.4920328,1.764549
13078,1.409903,-0.9780099,-0.4208296,1.766757
13079,1.403717,-0.9729176,-0.4551442,1.767526
13080,-0.7734262,-0.9057601,-0.4969907,1.290577
13081,1.435655,-1.395586,-1.359376,2.420056
13082,1.426088,-1.357843,-1.388978,2.409714
13083,1.46,-1.317427,-1.390226,2.408307
13084,1.418302,-1.39415,-1.307982,2.380347
13085,1.46,-1.341723,-1.321534,2.382913
13086,1.46,-1.3816,-1.347062,2.41971
13087,1.415202,-1.317941,-1.340724,2.353148
13088,1.404822,-1.299193,-1.399717,2.370787
13089,1.40482,-1.299191,-1.399711,2.370782
13090,1.418301,-1.394149,-1.307993,2.380352
13091,1.46,-1.381739,-1.347234,2.419885
13092,1.46,-1.359767,-1.39002,2.431609
13093,1.406076,-1.395888,-1.39107,2.420874
13094,1.46,-1.359749,-1.390025,2.431602
13095,1.46,-1.318985,-1.391367,2.409818
13096,0.328123,-1.323136,-1.308659,1.889694
13097,0.3253011,-1.376376,-1.359431,1.961704
13098,0.3253081,-1.376358,-1.359425,1.961689
13099,0.3340855,-1.389685,-1.307499,1.937108
13100,0.3879538,-1.378155,-1.316734,1.94515
13101,0.3891112,-1.381841,-1.340326,1.964018
13102,0.3562571,-1.384484,-1.302997,1.9343
13103,0.3200373,-1.300384,-1.397292,1.93542
13104,0.3590868,-1.304277,-1.394105,1.942578
13105,0.4067395,-1.305522,-1.34902,1.920854
13106,0.3783418,-1.312884,-1.39022,1.949235
13107,0.4062774,-1.354164,-1.387119,1.980637
13108,0.3718388,-1.38187,-1.39631,1.999377
13109,0.3967589,-1.31798,-1.319754,1.906893
13110,0.3671435,-1.315511,-1.319727,1.899221
13111,0.3718406,-1.381884,-1.396301,1.999381
13112,-0.7625825,-1.332475,-1.318541,2.023752
13113,0.9400437,-0.4517031,-1.459741,1.794035
13114,0.9873003,-0.41049,-1.459658,1.809383
13115,0.923947,-0.4205935,-1.45977,1.778063
13116,0.9044953,-0.4758452,-1.459708,1.781934
13117,0.9502449,-0.4108919,-1.459767,1.789614
13118,0.949001,-0.4776019,-1.459831,1.805496
13119,0.8628169,-1.459684,0.4665675,1.75864
13120,0.8670256,-1.459945,0.4152233,1.748023
13121,0.824001,-1.46,0.4529041,1.736577
13122,0.8168227,-1.459234,0.4351784,1.727988
13123,0.8382996,-1.437129,0.5038845,1.738386
13124,0.8860003,-1.459771,0.4917011,1.776991
13125,-0.2519637,-1.459264,0.4939019,1.56105
13126,-0.3017805,-1.458837,0.4780553,1.564549
13127,-0.3017831,-1.458849,0.4780545,1.56456
13128,-0.235815,-1.459997,0.4582959,1.548301
13129,-0.2934386,-1.459874,0.4220642,1.547733
13130,-0.2934316,-1.459854,0.4220563,1.54771
13131,-0.235819,-1.459837,0.4582848,1.548148
13132,-1.357901,-1.457649,0.4643168,2.045538
13133,-1.363285,-1.453712,0.4180654,2.036321
13134,-1.363285,-1.453704,0.4180665,2.036315
13135,-1.326687,-1.458442,0.4934665,2.032402
13136,-1.326683,-1.458379,0.4934648,2.032354
13137,-1.357899,-1.457654,0.4643162,2.04554
13138,1.46,-1.144405,-0.9324533,2.07623
13139,1.46,-1.15187,-0.9486181,2.08765
13140,1.46,-1.160866,-0.8991415,2.070668
13141,1.426448,-1.102195,-0.9645274,2.04448
13142,1.414275,-1.186073,-0.9616287,2.081267
13143,1.426446,-1.1022,-0.9645162,2.044477
13144,1.409046,-1.163494,-0.9292986,2.050055
13145,0.3505371,-1.172223,-0.9902708,1.574045
13146,0.3705933,-1.145649,-0.9531727,1.535705
13147,0.3808926,-1.13714,-0.9369108,1.521831
13148,-0.7206083,-1.111884,-0.9688386,1.641405
13149,1.46,-0.9404274,-0.5923308,1.8349
13150,1.46,-0.9780903,-0.5731336,1.848443
13151,1.46,-0.9947358,-0.5237824,1.842674
13152,1.412645,-0.9353234,-0.5512099,1.781636
13153,1.46,-0.92194,-0.5572641,1.814419
13154,1.46,-0.921941,-0.5572661,1.81442
13155,1.46,-0.9947328,-0.5238004,1.842677
13156,1.400567,-0.9644738,-0.5401728,1.78426
13157,-0.7090284,-0.8982787,-0.5428758,1.266626
13158,1.46,-1.382271,-1.46,2.484728
13159,1.426662,-1.40066,-1.40434,2.443232
13160,1.46,-1.33631,-1.46,2.459456
13161,1.421724,-1.319381,-1.46,2.427687
13162,1.426663,-1.400662,-1.404337,2.443232
13163,1.425109,-1.38823,-1.46,2.467735
13164,1.46,-1.382254,-1.46,2.484719
13165,1.46,-1.336331,-1.46,2.459468
13166,1.425106,-1.388224,-1.46,2.46773
13167,0.3232233,-1.303795,-1.46,1.983924
13168,0.3880379,-1.378838,-1.46,2.045329
13169,0.3601356,-1.331516,-1.46,2.00854
13170,0.3220357,-1.321974,-1.46,1.995726
13171,0.3384617,-1.378113,-1.46,2.036014
13172,0.3384954,-1.378127,-1.46,2.036029
13173,0.3880423,-1.378837,-1.46,2.045328
13174,-0.7603831,-1.388498,-1.46,2.153534
13175,-0.737667,-1.344061,-1.46,2.117133
13176,-0.7237345,-1.349848,-1.433602,2.097879
13177,0.8631088,-1.458978,0.3435905,1.729632
13178,0.8631074,-1.459004,0.3435908,1.729654
13179,0.8545437,-1.459951,0.4039103,1.739208
13180,0.8124055,-1.459386,0.3694061,1.710635
13181,0.8157976,-1.459193,0.3741225,1.713108
13182,-0.2340573,-1.454604,0.4033151,1.52752
13183,-0.2989253,-1.44283,0.3489935,1.514236
13184,-0.2279005,-1.453215,0.3272931,1.506948
13185,-0.2279062,-1.453214,0.3272859,1.506946
13186,-0.2988358,-1.46,0.3505825,1.530951
13187,-0.2183271,-1.46,0.347963,1.516688
13188,-0.2582489,-1.459976,0.3734706,1.528955
13189,-0.2338178,-1.46,0.4034255,1.532652
13190,-1.361453,-1.447844,0.3720884,2.021944
13191,-1.37335,-1.457314,0.3176704,2.027503
13192,-1.361464,-1.447859,0.3721006,2.021965
13193,-1.313085,-1.459657,0.3440768,1.993284
13194,-1.313086,-1.459656,0.3440866,1.993285
13195,-1.373361,-1.457296,0.3176737,2.027498
13196,1.46,-1.124452,-1.028173,2.110244
13197,1.46,-1.15655,-1.001778,2.114892
13198,1.409858,-1.172747,-1.028542,2.102602
13199,1.46,-1.156562,-1.001784,2.114901
13200,1.457408,-1.127924,-1.062303,2.127144
13201,1.42987,-1.169731,-1.077428,2.13861
13202,1.409852,-1.172744,-1.028553,2.102602
13203,1.402413,-1.111082,-1.093515,2.096912
13204,1.402405,-1.111074,-1.093514,2.096902
13205,0.3297371,-1.128485,-1.001033,1.544109
13206,0.3359674,-1.160345,-1.05498,1.603826
13207,0.3583719,-1.155196,-1.084617,1.624593
13208,0.3700793,-1.159644,-1.049107,1.606972
13209,0.3984639,-1.168173,-1.01156,1.595824
13210,0.370033,-1.096862,-1.000136,1.529805
13211,0.3700348,-1.096861,-1.000139,1.529806
13212,-0.7560185,-1.165384,-1.064806,1.750284
13213,1.406729,-0.9363955,-0.628207,1.802877
13214,1.416131,-0.9905999,-0.6548915,1.848134
13215,1.406734,-0.9363898,-0.6282088,1.802879
13216,1.46,-0.9034986,-0.6948819,1.852234
13217,1.46,-0.9993387,-0.6091042,1.871172
13218,1.46,-0.9993381,-0.6091072,1.871173
13219,1.46,-0.9354444,-0.6762707,1.861182
13220,1.46,-0.9510645,-0.6371594,1.855289
13221,1.46,-0.9125912,-0.6379303,1.836131
13222,-0.7617297,-0.9286039,-0.6195374,1.35143
13223,0.8401128,-1.459144,0.2920016,1.708847
13224,0.832822,-1.459747,0.2382475,1.697415
13225,0.8888875,-1.459986,0.2594401,1.728869
13226,0.8888863,-1.459973,0.2594447,1.728858
13227,0.8429013,-1.459845,0.2214321,1.700194
13228,0.8401077,-1.459183,0.2919998,1.708877
13229,-0.2582874,-1.46,0.2137294,1.497996
13230,-0.2569687,-1.46,0.2133607,1.497717
13231,-0.3012442,-1.46,0.2457587,1.510876
13232,-0.2966408,-1.459046,0.3002834,1.518875
13233,-0.3012462,-1.46,0.2457589,1.510876
13234,-0.2990055,-1.457029,0.3031939,1.51798
13235,-0.219322,-1.459749,0.2509504,1.497312
13236,-0.2437751,-1.400832,0.2304147,1.440433
13237,-0.2440557,-1.400291,0.2302173,1.439923
13238,-0.2483957,-1.46,0.2747222,1.506245
13239,-0.248396,-1.46,0.2747261,1.506245
13240,-1.32236,-1.46,0.2983249,1.992294
13241,-1.30949,-1.46,0.2748505,1.980381
13242,-1.346457,-1.430141,0.2503543,1.980133
13243,-1.35305,-1.396088,0.2956339,1.966521
13244,-1.396897,-1.46,0.2829209,2.040335
13245,-1.34646,-1.430138,0.2503504,1.980132
13246,-1.353051,-1.396083,0.2956372,1.966519
13247,-1.396905,-1.46,0.2829256,2.040341
13248,1.46,-1.104454,-1.11135,2.141616
13249,1.456774,-1.163544,-1.158172,2.194855
13250,1.46,-1.164893,-1.100667,2.167958
13251,1.406429,-1.141273,-1.152624,2.146879
13252,1.46,-1.164947,-1.100697,2.168003
13253,1.46,-1.11939,-1.139635,2.164117
13254,1.46,-1.149467,-1.193112,2.208255
13255,1.46,-1.114668,-1.174582,2.180304
13256,1.414486,-1.182382,-1.134403,2.164641
13257,0.3317212,-1.125662,-1.13666,1.633753
13258,0.3849761,-1.118747,-1.171602,1.665068
13259,0.3991514,-1.147389,-1.102955,1.640833
13260,0.3375459,-1.099436,-1.169759,1.640437
13261,0.3375861,-1.145273,-1.1911,1.686516
13262,0.3344887,-1.144261,-1.118086,1.634421
13263,0.3704946,-1.168852,-1.169975,1.694793
13264,0.3910171,-1.149388,-1.13141,1.65954
13265,-0.7374554,-1.100132,-1.141053,1.74818
13266,1.407174,-0.9689981,-0.7497118,1.865788
13267,1.42167,-0.9350907,-0.7708485,1.868086
13268,1.40377,-0.9195272,-0.7002096,1.81835
13269,1.46,-0.9268192,-0.7485483,1.884388
13270,1.458704,-0.9977741,-0.7272989,1.911108
13271,1.46,-0.9880353,-0.7713733,1.924274
13272,1.403845,-0.951796,-0.6983506,1.834228
13273,1.457033,-0.9605155,-0.7064279,1.882704
13274,1.46,-0.9268118,-0.7485243,1.884375
13275,-0.773791,-0.9762163,-0.7214731,1.43954
13276,0.8086346,-1.459053,0.1447522,1.674419
13277,0.8833772,-1.459521,0.1964281,1.717306
13278,0.8877436,-1.46,0.1889756,1.719128
13279,0.8374141,-1.459252,0.1807858,1.692147
13280,0.8501865,-1.459267,0.119402,1.693084
13281,0.8481159,-1.46,0.1481706,1.69495
13282,-0.2166372,-1.459907,0.1249821,1.481175
13283,-0.2167715,-1.459916,0.1249181,1.481198
13284,-0.2935061,-1.459848,0.171928,1.498954
13285,-0.2936699,-1.459897,0.1719098,1.499031
13286,-0.2225853,-1.459933,0.1719203,1.486776
13287,-0.2232979,-1.459938,0.1721482,1.486915
13288,-1.345494,-1.46,0.2087857,1.996383
13289,-1.345469,-1.46,0.2087883,1.996366
13290,-1.386893,-1.458641,0.1431732,2.017822
13291,-1.315405,-1.46,0.1464591,1.97062
13292,-1.386908,-1.458634,0.1431641,2.017827
13293,-1.315397,-1.46,0.1464546,1.970614
13294,-1.328078,-1.459926,0.1819142,1.981986
13295,1.418113,-1.181005,-1.264755,2.237279
13296,1.46,-1.126075,-1.282467,2.245967
13297,1.46,-1.165431,-1.219214,2.230765
13298,1.419408,-1.144952,-1.29565,2.237039
13299,1.46,-1.178245,-1.262313,2.26126
13300,1.418164,-1.117231,-1.24677,2.194045
13301,1.46,-1.128199,-1.252511,2.230071
13302,1.46,-1.19385,-1.286001,2.282691
13303,1.432305,-1.185692,-1.211535,2.219275
13304,0.3520011,-1.162638,-1.258893,1.749413
13305,0.4113251,-1.167637,-1.206699,1.728782
13306,0.3775781,-1.112675,-1.229911,1.700967
13307,0.3680284,-1.177935,-1.21465,1.731575
13308,0.3504902,-1.140987,-1.287947,1.755991
13309,0.3916432,-1.163896,-1.27873,1.772904
13310,0.3775739,-1.112668,-1.229923,1.700971
13311,0.3210279,-1.121638,-1.240395,1.702853
13312,-0.7645179,-1.19047,-1.198259,1.854058
13313,-0.7410376,-1.134252,-1.272367,1.858651
13314,1.46,-0.9433382,-0.8065848,1.916264
13315,1.46,-0.9069591,-0.8870696,1.934184
13316,1.416569,-0.9482127,-0.8288826,1.895474
13317,1.46,-0.969502,-0.8448989,1.945608
13318,1.46,-0.9163368,-0.8067706,1.903195
13319,1.46,-0.9268224,-0.8632871,1.932838
13320,1.46,-0.9922764,-0.8009819,1.938501
13321,1.429696,-0.9106915,-0.8973774,1.917987
13322,1.46,-0.9812887,-0.8832152,1.9684
13323,1.404153,-0.9684288,-0.8647203,1.912391
13324,-0.7767968,-0.9380271,-0.849503,1.484912
13325,1.425473,-0.7396398,-0.4963721,1.6809
13326,1.429618,-0.7873257,-0.4363993,1.689418
13327,1.429602,-0.7873265,-0.4364025,1.689406
13328,0.8335676,-1.459934,0.09059931,1.683583
13329,0.8799022,-1.46,0.07463928,1.706282
13330,0.8178338,-1.46,0.02046601,1.67358
13331,0.8798887,-1.46,0.07464119,1.706275
13332,0.823947,-1.46,0.0504428,1.67721
13333,0.8790159,-1.459997,0.02070951,1.704315
13334,0.8790136,-1.459994,0.02070365,1.704311
13335,-0.2513897,-1.459121,0.06078685,1.481866
13336,-0.2513195,-1.459118,0.06077986,1.481851
13337,-1.332461,-1.46,0.02208265,1.97675
13338,-1.332518,-1.46,0.02203307,1.976787
13339,-1.382558,-1.46,0.0405057,2.011146
13340,-1.382567,-1.46,0.04051037,2.011152
13341,-1.366037,-1.46,0.1004308,2.001935
13342,-1.30648,-1.453724,0.08324184,1.956305
13343,-1.348634,-1.46,0.09696914,1.989929
13344,1.46,-1.177961,-1.392595,2.336346
13345,1.46,-1.165548,-1.394403,2.331193
13346,1.46,-1.107342,-1.385427,2.297219
13347,1.46,-1.138034,-1.328842,2.278715
13348,1.41186,-1.155933,-1.39785,2.298589
13349,1.412069,-1.197193,-1.347916,2.289997
13350,1.419901,-1.155379,-1.348418,2.273599
13351,1.46,-1.180064,-1.3233,2.296797
13352,1.46,-1.118741,-1.342278,2.277035
13353,0.3248984,-1.096861,-1.310518,1.739575
13354,0.3228879,-1.165647,-1.331967,1.799201
13355,0.4032913,-1.180267,-1.389295,1.867034
13356,0.3965398,-1.108804,-1.309469,1.761078
13357,0.3373206,-1.156025,-1.385867,1.835976
13358,0.3966235,-1.1689,-1.329423,1.814112
13359,0.3577206,-1.179074,-1.326232,1.810268
13360,0.3833213,-1.125345,-1.379601,1.821164
13361,0.3647436,-1.114724,-1.391509,1.819875
13362,0.3965365,-1.108811,-1.309469,1.761083
13363,0.3587418,-1.118305,-1.339422,1.781391
13364,0.3529972,-1.169106,-1.397726,1.856086
13365,-0.7863439,-1.116507,-1.348613,1.919292
13366,0.9454327,-0.238456,-1.459502,1.755235
13367,0.9072844,-0.2743503,-1.459515,1.740293
13368,0.9571308,-0.2826917,-1.459713,1.768269
13369,0.8978077,-0.2199315,-1.459622,1.727694
13370,0.9454335,-0.2384552,-1.459505,1.755238
13371,1.409364,-0.9446878,-0.984791,1.961774
13372,1.46,-0.9899319,-0.983454,2.019591
13373,1.46,-0.9022333,-0.9787004,1.975723
13374,1.46,-0.9921458,-0.925268,1.993006
13375,1.46,-0.9370661,-0.9361075,1.971292
13376,1.46,-0.9617588,-0.9863015,2.007329
13377,1.46,-0.9989861,-0.948006,2.00706
13378,1.46,-0.9370725,-0.9361028,1.971292
13379,1.409363,-0.9446875,-0.9847887,1.961771
13380,-0.7480496,-0.9239507,-0.9876086,1.545521
13381,1.46,-0.7812003,-0.592927,1.758817
13382,1.433334,-0.6999152,-0.5894645,1.700528
13383,1.433323,-0.6999155,-0.5894635,1.700519
13384,1.46,-0.7703618,-0.5797455,1.749618
13385,1.430556,-0.7925804,-0.5339075,1.720387
13386,1.457657,-0.7331602,-0.5244933,1.713879
13387,1.457658,-0.7331674,-0.5244836,1.71388
13388,1.421219,-0.7272608,-0.5141163,1.677226
13389,1.459689,-0.7313917,-0.5859302,1.73463
13390,1.46,-0.7834205,-0.5123961,1.734329
13391,0.8249037,-1.46,0.004010747,1.676926
13392,0.8155546,-1.458093,-0.04569953,1.671303
13393,0.86963,-1.459753,-0.03615523,1.699542
13394,0.8205241,-1.46,-0.05245716,1.675593
13395,0.8696464,-1.459753,-0.03617031,1.699551
13396,-0.2324473,-1.46,0.004985387,1.478397
13397,-0.2602043,-1.458945,-0.01030772,1.482003
13398,-0.2428613,-1.459898,-0.06457758,1.481369
13399,-0.232401,-1.46,0.004960909,1.478389
13400,-1.313807,-1.46,-0.007582598,1.964114
13401,-1.365466,-1.46,-0.05154454,1.999689
13402,-1.365489,-1.46,-0.05154621,1.999705
13403,-1.316326,-1.46,-0.08222232,1.967505
13404,1.46,-1.116344,-1.46,2.347216
13405,1.4398,-1.119259,-1.4037,2.301334
13406,1.46,-1.186214,-1.46,2.38124
13407,1.401304,-1.146438,-1.46,2.325849
13408,1.46,-1.186236,-1.46,2.381251
13409,1.46,-1.116333,-1.46,2.347211
13410,1.46,-1.156932,-1.46,2.36679
13411,1.40127,-1.146421,-1.46,2.32582
13412,0.3306707,-1.107109,-1.46,1.86189
13413,0.331271,-1.164297,-1.46,1.896557
13414,0.3677395,-1.191088,-1.46,1.919772
13415,0.3592337,-1.14977,-1.46,1.892781
13416,0.4078915,-1.14401,-1.46,1.899141
13417,0.3717763,-1.123954,-1.46,1.879651
13418,-0.7096763,-1.125516,-1.41255,1.940547
13419,-0.771648,-1.161551,-1.410552,1.983507
13420,-0.7234387,-1.169551,-1.46,2.005695
13421,-0.7568541,-1.1263,-1.451874,1.987289
13422,1.46,-0.9203316,-1.010675,2.000019
13423,1.408108,-0.9831576,-1.049842,2.012842
13424,1.429624,-0.9444159,-1.077375,2.023977
13425,1.440285,-0.9148335,-1.051837,2.004421
13426,1.46,-0.9830406,-1.052274,2.05067
13427,1.46,-0.9082482,-1.017955,1.998186
13428,1.46,-0.9830402,-1.052255,2.05066
13429,0.3126678,-0.9471832,-1.090556,1.477914
13430,0.3398199,-0.9748282,-1.055191,1.47621
13431,0.3398089,-0.9748073,-1.055207,1.476205
13432,1.421291,-0.7791263,-0.6120642,1.73255
13433,1.46,-0.7186601,-0.648948,1.751915
13434,1.428514,-0.7379944,-0.6782752,1.745092
13435,1.46,-0.7326844,-0.6974317,1.776186
13436,1.46,-0.7955763,-0.6530112,1.786327
13437,1.46,-0.7955647,-0.6530102,1.786322
13438,1.46,-0.7186584,-0.6489551,1.751917
13439,-0.7753924,-0.7226798,-0.6367945,1.23653
13440,0.8246155,-1.459821,-0.1697753,1.685198
13441,0.8699775,-1.46,-0.163154,1.707361
13442,0.859369,-1.459621,-0.1029309,1.696939
13443,0.8158702,-1.46,-0.1533011,1.679507
13444,0.8120703,-1.459884,-0.1132324,1.674378
13445,0.8593838,-1.459627,-0.1029204,1.696952
13446,0.8699841,-1.46,-0.1631365,1.707362
13447,-0.2800151,-1.46,-0.1739256,1.496749
13448,-0.1890548,-1.46,-0.1473634,1.479547
13449,-0.2394851,-1.46,-0.0998584,1.482877
13450,-0.2840348,-1.46,-0.136838,1.493653
13451,-1.336195,-1.417242,-0.1296436,1.952127
13452,-1.336181,-1.417242,-0.1296367,1.952117
13453,-1.306915,-1.46,-0.1422279,1.964652
13454,-1.349121,-1.46,-0.1559577,1.994004
13455,-1.344808,-1.46,-0.1146655,1.98828
13456,-1.387882,-1.46,-0.1119686,2.017512
13457,-1.370587,-1.46,-0.1531125,2.00837
13458,-1.390424,-1.40227,-0.1776237,1.982723
13459,-1.386062,-1.46,-0.1866489,2.021783
13460,1.422179,-0.9378752,-1.188607,2.077255
13461,1.46,-0.964639,-1.146296,2.091918
13462,1.46,-0.9159297,-1.151711,2.072912
13463,1.46,-0.9120515,-1.189801,2.092622
13464,1.46,-0.970742,-1.199709,2.124439
13465,1.419359,-0.9730308,-1.153233,2.071549
13466,1.419704,-0.9887733,-1.104084,2.052373
13467,1.46,-0.9216267,-1.117635,2.056721
13468,1.46,-0.9559373,-1.110191,2.068318
13469,1.408683,-0.9115222,-1.136044,2.026291
13470,0.3597628,-0.9883714,-1.130283,1.543971
13471,0.3597535,-0.9883544,-1.130276,1.543953
13472,0.3332788,-0.9461873,-1.178585,1.54771
13473,0.3332718,-0.9461849,-1.178589,1.54771
13474,0.3140965,-0.9848553,-1.136636,1.536404
13475,0.3278919,-0.9426205,-1.140314,1.515375
13476,-0.747524,-0.9748442,-1.147028,1.68071
13477,1.429912,-0.7979867,-0.7636162,1.806804
13478,1.424699,-0.7410596,-0.773382,1.78243
13479,1.423287,-0.702702,-0.7201157,1.743015
13480,1.46,-0.7167912,-0.7578858,1.794375
13481,1.46,-0.7644215,-0.7475881,1.809649
13482,1.444267,-0.7776003,-0.7013029,1.783926
13483,1.46,-0.7644317,-0.7475715,1.809646
13484,-0.775444,-0.7189331,-0.7545928,1.299072
13485,0.8761017,-1.46,-0.2927806,1.727679
13486,0.8399558,-1.46,-0.2251447,1.699358
13487,0.9039005,-1.46,-0.2729944,1.738724
13488,0.8858523,-1.46,-0.2193092,1.721752
13489,0.8961326,-1.46,-0.2169465,1.726766
13490,0.8399497,-1.46,-0.2251478,1.699355
13491,0.8642727,-1.46,-0.278428,1.719328
13492,0.8111786,-1.459932,-0.2717111,1.692111
13493,0.8111778,-1.459931,-0.2717471,1.692116
13494,-0.2391837,-1.46,-0.2589521,1.501954
13495,-0.210315,-1.46,-0.209739,1.489907
13496,-0.2103134,-1.46,-0.2097409,1.489907
13497,-0.2207699,-1.46,-0.2667128,1.500492
13498,-1.346936,-1.406858,-0.2828248,1.968115
13499,-1.374761,-1.46,-0.2856626,2.025628
13500,-1.313881,-1.425515,-0.2448731,1.954057
13501,-1.313918,-1.425446,-0.2448679,1.954031
13502,-1.339499,-1.46,-0.2792708,2.000962
13503,-1.360709,-1.46,-0.2223069,2.008121
13504,-1.328982,-1.46,-0.2172938,1.986205
13505,-1.338175,-1.255562,0.1627142,1.842179
13506,-1.338172,-1.255556,0.1627083,1.842173
13507,1.46,-0.966299,-1.275561,2.166192
13508,1.46,-0.9894449,-1.199829,2.133118
13509,1.46,-0.9211216,-1.221455,2.114715
13510,1.46,-0.9649163,-1.249746,2.150472
13511,1.46,-0.9120482,-1.268395,2.138284
13512,1.411544,-0.9568617,-1.239928,2.108427
13513,1.415676,-0.936805,-1.278521,2.125173
13514,0.3765948,-0.9696836,-1.204558,1.591562
13515,0.3322754,-0.9772722,-1.227931,1.604145
13516,0.3948072,-0.9833477,-1.201503,1.602016
13517,0.36002,-0.9520273,-1.267665,1.625714
13518,0.3600173,-0.9520303,-1.267667,1.625717
13519,-0.7768982,-0.951578,-1.24649,1.750088
13520,1.457816,-0.7003363,-0.8066551,1.807316
13521,1.417738,-0.7361373,-0.8292971,1.799892
13522,1.46,-0.7155735,-0.8125874,1.817675
13523,1.41331,-0.7683859,-0.8770821,1.832249
13524,1.421588,-0.7803999,-0.8261702,1.820026
13525,1.46,-0.7698066,-0.8475311,1.855401
13526,1.46,-0.7447528,-0.853447,1.847871
13527,1.46,-0.7281348,-0.8932989,1.860044
13528,0.8368016,-1.46,-0.3283896,1.714549
13529,0.8847138,-1.46,-0.3575626,1.744182
13530,0.8368093,-1.46,-0.3283848,1.714551
13531,0.8855991,-1.46,-0.349109,1.742918
13532,-0.305511,-1.46,-0.3754636,1.538152
13533,-0.1964729,-1.43246,-0.386262,1.496577
13534,-0.1965339,-1.432356,-0.3862932,1.496493
13535,-0.2526897,-1.46,-0.3548792,1.523611
13536,-0.2058655,-1.46,-0.31379,1.507463
13537,-0.2460052,-1.46,-0.3278111,1.516436
13538,-1.373714,-1.46,-0.3897284,2.0422
13539,-1.300529,-1.401192,-0.312882,1.937166
13540,-1.300546,-1.401186,-0.3128721,1.937171
13541,-1.314554,-1.46,-0.3815051,2.001299
13542,-1.364883,-1.46,-0.3344144,2.02641
13543,-1.327704,-1.435943,-0.3552063,1.987687
13544,-1.31993,-1.46,-0.3143198,1.993141
13545,-0.2012812,-1.25799,0.07712227,1.276323
13546,-0.2012776,-1.257987,0.07711417,1.276319
13547,-1.309711,-1.225356,0.01488577,1.793617
13548,1.46,-0.923897,-1.308489,2.167332
13549,1.46,-0.9803834,-1.329499,2.204613
13550,1.46,-0.9800825,-1.39291,2.243292
13551,1.406085,-0.9754365,-1.398696,2.210181
13552,1.46,-0.9569149,-1.352302,2.208169
13553,1.46,-0.9085101,-1.321198,2.168537
13554,1.406092,-0.9754393,-1.398696,2.210187
13555,1.421285,-0.9222265,-1.33557,2.157383
13556,1.46,-0.9641529,-1.382673,2.230017
13557,0.3165943,-0.9911582,-1.302519,1.667088
13558,0.3166216,-0.991172,-1.302522,1.667103
13559,0.3419997,-0.9369762,-1.31528,1.650712
13560,0.3757207,-0.9336281,-1.371649,1.701249
13561,0.3680558,-0.9413476,-1.329843,1.670354
13562,0.330899,-0.892698,-1.363909,1.663326
13563,0.3539192,-0.9792835,-1.36918,1.720148
13564,0.3998175,-0.9759443,-1.385473,1.741223
13565,0.3966673,-0.9690736,-1.298793,1.668326
13566,0.3951894,-0.9425139,-1.372377,1.711118
13567,0.3309089,-0.8927023,-1.36392,1.663339
13568,0.3311014,-0.9430318,-1.384413,1.707494
13569,-0.7106935,-0.9428012,-1.328237,1.777125
13570,1.46,-0.7820584,-0.9572344,1.912985
13571,1.46,-0.782058,-0.957241,1.912989
13572,1.411238,-0.7879721,-0.9035667,1.851736
13573,1.404112,-0.7884688,-0.9606156,1.875099
13574,1.404027,-0.7076985,-0.9949959,1.860684
13575,1.46,-0.709125,-0.9598758,1.885688
13576,1.425563,-0.714294,-0.9378408,1.849863
13577,1.46,-0.7736461,-0.8991404,1.881112
13578,1.458839,-0.7362624,-0.9350301,1.882704
13579,1.404026,-0.7077008,-0.9949902,1.860681
13580,1.404112,-0.7884573,-0.9606172,1.875095
13581,-0.7402874,-0.7843266,-1.011409,1.478561
13582,-0.6965782,-0.7556005,-0.9097527,1.372517
13583,0.9032444,-1.46,-0.405885,1.764141
13584,0.8726,-1.46,-0.4624139,1.762628
13585,0.8516387,-1.46,-0.4025407,1.737506
13586,0.8955312,-1.46,-0.4355548,1.767282
13587,0.8192082,-1.46,-0.4323173,1.729046
13588,0.8516284,-1.46,-0.4025297,1.737499
13589,0.8826687,-1.46,-0.4794451,1.772166
13590,0.8251483,-1.46,-0.4759665,1.743277
13591,0.8251433,-1.46,-0.4759484,1.743269
13592,-0.2655188,-1.46,-0.432124,1.545585
13593,-0.1956168,-1.46,-0.4546879,1.541625
13594,-0.2744816,-1.440414,-0.482092,1.54355
13595,-1.312155,-1.404889,-0.4604557,1.976736
13596,-1.376767,-1.46,-0.4943502,2.066753
13597,-1.336584,-1.46,-0.4257224,2.024672
13598,-1.381088,-1.46,-0.4495616,2.059395
13599,-1.302535,-1.46,-0.4815497,2.014966
13600,-1.405261,-1.271396,-0.06017396,1.896002
13601,-1.322497,-1.232086,-0.04755994,1.80812
13602,-1.322471,-1.23205,-0.04755589,1.808076
13603,-1.405272,-1.271369,-0.06014198,1.895992
13604,-1.342976,-1.233785,0.01306996,1.823727
13605,-1.317224,-1.281268,-0.08187295,1.83941
13606,1.46,-0.9948992,-1.46,2.291948
13607,1.46,-0.9126413,-1.46,2.257457
13608,1.401676,-0.9401827,-1.46,2.231645
13609,1.42461,-0.9140549,-1.401233,2.197376
13610,1.4246,-0.9140573,-1.401227,2.197367
13611,1.46,-0.9471352,-1.46,2.271622
13612,1.46,-0.9471504,-1.46,2.271628
13613,1.401676,-0.9401592,-1.46,2.231635
13614,1.46,-0.9949149,-1.46,2.291955
13615,0.3521979,-0.9937626,-1.46,1.800891
13616,0.3389811,-0.920312,-1.46,1.75883
13617,0.3389769,-0.9203087,-1.46,1.758827
13618,0.3852318,-0.9495271,-1.46,1.783706
13619,0.3852296,-0.9495293,-1.46,1.783706
13620,0.3238676,-0.99402,-1.46,1.795708
13621,-0.7729524,-0.9953265,-1.46,1.92866
13622,-0.7506865,-0.93495,-1.46,1.889249
13623,-0.7925799,-0.9641818,-1.410709,1.883595
13624,1.447688,-0.797734,-1.078809,1.973831
13625,1.46,-0.7752595,-1.029262,1.947308
13626,1.46,-0.7311746,-1.016313,1.923306
13627,1.46,-0.7605231,-1.082386,1.970166
13628,1.419998,-0.7473425,-1.076528,1.932312
13629,1.46,-0.7468703,-1.015065,1.928671
13630,1.406532,-0.6977696,-1.074915,1.902802
13631,1.46,-0.7421625,-1.071474,1.957157
13632,0.8695228,-1.46,-0.5272074,1.779218
13633,0.8695179,-1.46,-0.5272064,1.779216
13634,0.8868657,-1.46,-0.5693146,1.800625
13635,0.8189048,-1.46,-0.543345,1.759951
13636,0.8189138,-1.46,-0.5433398,1.759954
13637,-0.2251533,-1.46,-0.5224941,1.566938
13638,-1.365674,-1.46,-0.5575706,2.075464
13639,-1.321723,-1.46,-0.5051933,2.033168
13640,-1.384029,-1.46,-0.5739899,2.092033
13641,-0.2119459,-1.270664,-0.08678299,1.291139
13642,-1.308173,-1.215516,-0.1464314,1.791713
13643,-1.331899,-1.297333,-0.1190589,1.863117
13644,-1.396049,-1.242733,-0.1793952,1.877637
13645,-1.361523,-1.224946,-0.1162348,1.835143
13646,-1.36151,-1.224913,-0.1162476,1.835111
13647,-1.332107,-1.276928,-0.1764515,1.853696
13648,1.46,-0.7491448,-1.144866,2.000884
13649,1.407188,-0.7745457,-1.180793,1.993582
13650,1.422422,-0.7807372,-1.146619,1.986849
13651,1.46,-0.7185574,-1.188709,2.015181
13652,1.412361,-0.7225189,-1.127643,1.946375
13653,1.410685,-0.7016261,-1.184463,1.971107
13654,1.46,-0.7491429,-1.144873,2.000887
13655,-0.699502,-0.7746103,-1.115135,1.527367
13656,-0.7819093,-0.7215089,-1.156619,1.571536
13657,0.8332872,-1.46,-0.6635698,1.807289
13658,0.8332723,-1.46,-0.6635697,1.807282
13659,0.8388305,-1.46,-0.5994218,1.787328
13660,0.8860862,-1.46,-0.6506504,1.827593
13661,0.8860692,-1.46,-0.6506496,1.827584
13662,0.8388419,-1.46,-0.5994419,1.787341
13663,0.8762783,-1.46,-0.5960647,1.804095
13664,-0.2568797,-1.46,-0.6242456,1.608499
13665,-0.2083132,-1.46,-0.7017739,1.633242
13666,-1.321263,-1.437383,-0.6221784,2.049125
13667,-1.331167,-1.46,-0.6513132,2.08034
13668,-1.369398,-1.46,-0.6311084,2.098845
13669,-1.386027,-1.46,-0.6802435,2.124948
13670,-0.2352793,-1.219891,-0.205775,1.259299
13671,-1.331863,-1.287749,-0.2714755,1.872393
13672,-1.324021,-1.199534,-0.2148412,1.799464
13673,-1.347334,-1.237894,-0.233537,1.844513
13674,-1.338031,-1.274978,-0.2702355,1.867866
13675,1.401739,-0.7736109,-1.269546,2.043304
13676,1.401732,-0.7736151,-1.269543,2.043299
13677,1.46,-0.7441685,-1.237523,2.053497
13678,1.46,-0.6993352,-1.258037,2.050202
13679,1.46,-0.7876468,-1.282145,2.096636
13680,1.46,-0.787649,-1.282142,2.096635
13681,1.46,-0.7970011,-1.202553,2.052546
13682,1.46,-0.7470541,-1.21308,2.039915
13683,1.416002,-0.749653,-1.211188,2.008486
13684,1.414149,-0.7139877,-1.255315,2.02124
13685,1.46,-0.7357971,-1.286385,2.080333
13686,1.46,-0.7000529,-1.291018,2.070845
13687,-0.7663574,-0.750137,-1.241815,1.640766
13688,0.8371933,-1.46,-0.7654909,1.84891
13689,0.8674842,-1.46,-0.7091397,1.840383
13690,0.8936154,-1.46,-0.7843085,1.882894
13691,0.8936111,-1.46,-0.7843043,1.88289
13692,0.8372048,-1.46,-0.7654753,1.848909
13693,0.8568263,-1.46,-0.7169871,1.838429
13694,-0.2751634,-1.46,-0.7100673,1.646667
13695,-0.2483445,-1.46,-0.7883204,1.677714
13696,-0.2409156,-1.41323,-0.7168314,1.602844
13697,-1.333766,-1.46,-0.7672069,2.121117
13698,-1.389934,-1.46,-0.7991706,2.168453
13699,-1.335944,-1.46,-0.7806317,2.127377
13700,-1.378172,-1.46,-0.7297866,2.136246
13701,-1.313849,-1.46,-0.6977704,2.08439
13702,1.443459,-0.5851637,-0.8989703,1.798371
13703,1.444867,-0.5899193,-0.8458248,1.775124
13704,1.444861,-0.5899183,-0.8458307,1.775122
13705,-0.2044401,-1.248871,-0.3167239,1.304526
13706,-0.3034332,-1.282861,-0.3019577,1.352399
13707,-0.286854,-1.291426,-0.3910047,1.379475
13708,-1.330357,-1.209036,-0.3234649,1.82654
13709,-1.374605,-1.281912,-0.309491,1.904894
13710,-1.385534,-1.235064,-0.348153,1.888465
13711,-1.33265,-1.271224,-0.3630878,1.877179
13712,1.46,-0.7327604,-1.331925,2.107738
13713,1.46,-0.7646074,-1.337201,2.122341
13714,1.401377,-0.7362317,-1.329191,2.067038
13715,1.46,-0.7330311,-1.384847,2.141667
13716,1.46,-0.7950861,-1.382159,2.161973
13717,1.401374,-0.7362259,-1.329189,2.067032
13718,1.417845,-0.7566604,-1.397772,2.129926
13719,1.46,-0.7330362,-1.384814,2.141647
13720,1.417845,-0.7566641,-1.397771,2.129926
13721,-0.7723487,-0.7851387,-1.366088,1.754754
13722,-0.7187061,-0.6992605,-1.3464,1.678779
13723,0.8937799,-1.46,-0.8361345,1.905141
13724,0.845381,-1.46,-0.8272155,1.878977
13725,0.8938124,-1.46,-0.8805985,1.925086
13726,0.8938178,-1.46,-0.8806312,1.925103
13727,0.8453702,-1.46,-0.8272365,1.878981
13728,0.8397625,-1.46,-0.8906574,1.905275
13729,0.8397768,-1.46,-0.8906865,1.905295
13730,-0.2339704,-1.46,-0.8442591,1.702679
13731,-0.1992464,-1.46,-0.8116385,1.682277
13732,-0.2058136,-1.46,-0.8777446,1.715924
13733,-0.2616091,-1.393557,-0.8720791,1.66462
13734,-0.2424921,-1.46,-0.903439,1.733956
13735,-1.379907,-1.46,-0.8210053,2.170206
13736,-1.385198,-1.46,-0.8777877,2.195651
13737,-1.321921,-1.41458,-0.879949,2.126693
13738,1.458871,-0.5535032,-0.989206,1.847484
13739,1.46,-0.584609,-0.9562533,1.840595
13740,1.414728,-0.553779,-0.9590742,1.796649
13741,1.46,-0.5921911,-0.9328531,1.830985
13742,1.416423,-0.5644904,-0.9233354,1.782541
13743,1.458866,-0.5534831,-0.9892011,1.847472
13744,-0.7719591,-0.5299253,-0.9327626,1.321661
13745,0.8743395,-1.298776,-0.3992679,1.615767
13746,0.8743486,-1.298783,-0.3992721,1.615779
13747,0.87218,-1.296407,-0.4565827,1.627832
13748,0.8721685,-1.29639,-0.4565854,1.627813
13749,-0.2306627,-1.288106,-0.4448685,1.382147
13750,-0.2839703,-1.243185,-0.4610871,1.356005
13751,-0.1986044,-1.200982,-0.4374377,1.293504
13752,-1.366094,-1.253633,-0.4939714,1.918806
13753,-1.367877,-1.204123,-0.4471342,1.876413
13754,-1.35415,-1.27648,-0.4239146,1.908619
13755,1.46,-0.7642598,-1.46,2.201657
13756,1.46,-0.7254849,-1.46,2.188499
13757,1.46,-0.7255732,-1.46,2.188529
13758,1.421169,-0.7633242,-1.46,2.175772
13759,1.402943,-0.7131134,-1.46,2.146714
13760,0.3882965,-0.7330351,-1.4599,1.679114
13761,0.3174655,-0.7437317,-1.453421,1.663236
13762,0.3174673,-0.7437379,-1.453422,1.66324
13763,0.3696027,-0.77618,-1.46,1.694303
13764,0.3696042,-0.7761822,-1.46,1.694304
13765,-0.6893595,-0.7946667,-1.46,1.799531
13766,-0.7404818,-0.7131202,-1.46,1.785624
13767,0.8664886,-1.46,-0.9431719,1.942158
13768,0.8664838,-1.46,-0.9431435,1.942142
13769,-0.2498915,-1.406312,-0.9503723,1.715624
13770,-0.2808302,-1.46,-0.9674513,1.773817
13771,-1.320643,-1.46,-0.9533257,2.187357
13772,-1.397923,-1.46,-0.9559663,2.235992
13773,1.408885,-0.5303564,-1.011,1.813382
13774,1.45282,-0.5232847,-1.053503,1.869326
13775,1.452798,-0.5232558,-1.053478,1.869287
13776,1.46,-0.5862681,-1.0482,1.890511
13777,1.46,-0.5862498,-1.048188,1.890499
13778,1.459334,-0.5261579,-1.095787,1.899276
13779,1.408864,-0.5303556,-1.011013,1.813373
13780,0.8223266,-1.219843,-0.5947809,1.586821
13781,0.8653809,-1.247761,-0.5157533,1.603681
13782,0.827781,-1.228143,-0.5755122,1.588952
13783,0.8646616,-1.254396,-0.5000567,1.603498
13784,0.8713925,-1.219594,-0.5684288,1.603074
13785,0.8707975,-1.293512,-0.5635786,1.658035
13786,0.8713939,-1.219591,-0.5684325,1.603074
13787,-0.1921575,-1.286157,-0.5475503,1.411005
13788,-0.294678,-1.294266,-0.5413101,1.433519
13789,-1.324622,-1.22905,-0.5360426,1.884815
13790,-1.371131,-1.193472,-0.5511517,1.899512
13791,-1.330191,-1.049334,-0.1794499,1.703734
13792,-1.397258,-1.003334,-0.1767975,1.729239
13793,0.8523403,-1.46,-1.052345,1.99136
13794,0.8859411,-1.46,-1.005118,1.981604
13795,0.8859915,-1.46,-1.005096,1.981615
13796,0.8312113,-1.46,-0.9985399,1.954378
13797,0.8495688,-1.46,-1.063719,1.996213
13798,0.8311878,-1.46,-0.998512,1.954354
13799,-0.304162,-1.406528,-1.043306,1.777449
13800,-0.2378902,-1.46,-1.091937,1.838619
13801,-0.2085853,-1.429436,-1.024015,1.770707
13802,-1.310971,-1.403005,-1.048523,2.1878
13803,-1.340522,-1.46,-1.015237,2.22695
13804,-1.366814,-1.46,-1.092757,2.279013
13805,1.46,-0.563107,-1.150514,1.94226
13806,1.46,-0.5788764,-1.113687,1.925356
13807,1.46,-0.5788651,-1.113694,1.925357
13808,1.46,-0.5311604,-1.171795,1.945979
13809,1.46,-0.531162,-1.171786,1.945974
13810,-0.7541572,-0.5817513,-1.168221,1.507292
13811,0.8103007,-1.199568,-0.6749098,1.597202
13812,0.8103054,-1.19957,-0.6749029,1.597203
13813,0.8950192,-1.27505,-0.5996956,1.669265
13814,0.8805185,-1.204649,-0.6222429,1.616688
13815,0.8532249,-1.285022,-0.6375661,1.669061
13816,0.8532246,-1.285026,-0.6375588,1.669061
13817,0.8156809,-1.231989,-0.6309842,1.606634
13818,0.8377045,-1.240837,-0.6841564,1.646054
13819,0.8882436,-1.263887,-0.6946051,1.693772
13820,0.8805129,-1.204648,-0.6222491,1.616686
13821,-0.2521286,-1.292894,-0.6317474,1.460907
13822,-1.38161,-1.278925,-0.6698024,1.998282
13823,-1.370888,-1.219615,-0.6930931,1.961421
13824,-1.360167,-1.25733,-0.5871904,1.943123
13825,-0.2104107,-1.026345,-0.2683997,1.081524
13826,-0.2847605,-1.071671,-0.236744,1.13385
13827,-1.355222,-1.013394,-0.2161548,1.705965
13828,-1.389997,-1.067928,-0.2386043,1.769037
13829,0.8207745,-1.46,-1.107024,2.007679
13830,0.8800015,-1.46,-1.104742,2.031368
13831,0.8449529,-1.46,-1.157673,2.045911
13832,0.8870121,-1.46,-1.170823,2.071043
13833,0.8345659,-1.46,-1.134141,2.028393
13834,0.8928666,-1.46,-1.157075,2.065825
13835,0.8799835,-1.46,-1.10473,2.031354
13836,-0.2047736,-1.413404,-1.122816,1.816689
13837,-0.2524628,-1.420781,-1.179842,1.86397
13838,-0.2840452,-1.46,-1.18858,1.903944
13839,-0.1992471,-1.46,-1.178663,1.886941
13840,-1.335225,-1.46,-1.166055,2.296543
13841,1.46,-0.5616437,-1.22012,1.983869
13842,1.46,-0.5932062,-1.296896,2.04094
13843,1.417528,-0.5627505,-1.242394,1.967134
13844,1.46,-0.5495094,-1.234793,1.989541
13845,1.46,-0.5267752,-1.283021,2.013762
13846,1.413766,-0.5094567,-1.266883,1.965522
13847,1.404797,-0.581672,-1.298138,1.99924
13848,1.46,-0.5677726,-1.294051,2.031879
13849,0.8115098,-1.284017,-0.7530639,1.695392
13850,0.8536816,-1.242771,-0.746133,1.682251
13851,0.9049554,-1.213074,-0.7892841,1.706887
13852,0.8672008,-1.254714,-0.7705114,1.70881
13853,0.9008233,-1.236558,-0.7589341,1.707788
13854,0.8754973,-1.24352,-0.711311,1.678928
13855,-0.2627155,-1.195393,-0.7078776,1.413886
13856,-0.2156589,-1.2697,-0.7727799,1.501944
13857,-1.356827,-1.274148,-0.7631112,2.011659
13858,-0.2339928,-1.057998,-0.3763777,1.147071
13859,-1.329756,-1.000439,-0.3032296,1.691472
13860,-1.361827,-1.029801,-0.3789743,1.748909
13861,0.8120241,-1.46,-1.248409,2.085547
13862,0.8096729,-1.46,-1.273111,2.099519
13863,0.8530551,-1.46,-1.272949,2.116531
13864,0.8613876,-1.46,-1.206396,2.08062
13865,0.8405823,-1.46,-1.21199,2.075355
13866,0.8841938,-1.46,-1.298081,2.144391
13867,0.866071,-1.46,-1.251493,2.109008
13868,-1.295189,-1.417343,-1.194112,2.261034
13869,-1.388127,-1.46,-1.217233,2.353753
13870,-1.371912,-1.46,-1.28289,2.378981
13871,-1.321593,-1.46,-1.255185,2.335316
13872,-1.311403,-1.437804,-1.305428,2.343331
13873,1.401071,-0.5505608,-1.387163,2.047032
13874,1.46,-0.551099,-1.391885,2.091089
13875,1.46,-0.5937736,-1.350759,2.075745
13876,1.46,-0.5162757,-1.345236,2.051293
13877,1.41829,-0.5584705,-1.327604,2.021378
13878,1.401074,-0.5505531,-1.387165,2.047033
13879,1.46,-0.5510419,-1.391888,2.091076
13880,1.46,-0.5504256,-1.336076,2.054183
13881,0.8120805,-1.228337,-0.8059494,1.678643
13882,0.8779737,-1.240227,-0.8718793,1.751906
13883,0.8480582,-1.226041,-0.8893501,1.735892
13884,0.8886705,-1.249374,-0.8375568,1.747047
13885,0.827819,-1.206339,-0.8409627,1.687529
13886,0.8184467,-1.23488,-0.869265,1.717675
13887,0.8185601,-1.29246,-0.884277,1.767042
13888,0.9059892,-1.204433,-0.8382773,1.724582
13889,0.8444823,-1.28568,-0.8211454,1.743675
13890,0.8444947,-1.285678,-0.8211332,1.743674
13891,-0.2707832,-1.217412,-0.8741275,1.522995
13892,-0.2159677,-1.285498,-0.8670508,1.565543
13893,-1.35687,-1.221113,-0.8813013,2.027044
13894,-1.380588,-1.227473,-0.8243129,2.02292
13895,-1.321723,-1.302447,-0.8681809,2.048672
13896,-0.2434292,-1.032665,-0.4656979,1.158676
13897,-1.376796,-1.066468,-0.4081253,1.788711
13898,-1.327955,-1.016243,-0.4473481,1.730992
13899,-1.349651,-1.06002,-0.4709609,1.779607
13900,0.8131511,-1.46,-1.38864,2.172817
13901,0.8591596,-1.46,-1.392893,2.19315
13902,0.85908,-1.46,-1.392794,2.193056
13903,0.8401412,-1.46,-1.320328,2.140257
13904,0.881208,-1.46,-1.341235,2.169571
13905,0.8477358,-1.46,-1.340434,2.155694
13906,-0.2161157,-1.46,-1.378839,2.019778
13907,-0.2492084,-1.46,-1.326815,1.988503
13908,-0.2840745,-1.46,-1.377491,2.027259
13909,-0.2125982,-1.46,-1.377257,2.018325
13910,-1.37105,-1.46,-1.310044,2.393239
13911,-1.377835,-1.46,-1.39795,2.446281
13912,-1.328352,-1.46,-1.343222,2.387544
13913,-1.340719,-1.46,-1.350995,2.398815
13914,1.411459,-0.5975496,-1.46,2.116809
13915,1.46,-0.5975933,-1.46,2.149493
13916,1.41711,-0.5586747,-1.46,2.109957
13917,1.46,-0.5421867,-1.46,2.134752
13918,1.46,-0.5038171,-1.46,2.125331
13919,1.46,-0.5421565,-1.46,2.134744
13920,0.8195329,-1.244591,-0.9502349,1.767367
13921,0.8949207,-1.237275,-0.97003,1.809058
13922,0.8652484,-1.250647,-0.9448355,1.790388
13923,0.8451229,-1.243759,-0.9896342,1.800152
13924,0.8682883,-1.209629,-0.9338422,1.757609
13925,0.8998674,-1.242911,-0.9068706,1.782415
13926,-0.2432542,-1.28203,-0.9829741,1.633711
13927,-1.379346,-1.221317,-0.9873087,2.090213
13928,-1.325412,-1.235878,-0.9588287,2.050235
13929,-1.385344,-1.288876,-0.922769,2.105203
13930,-0.196557,-1.028047,-0.56047,1.187284
13931,-1.314704,-1.061054,-0.5611145,1.780205
13932,-1.367522,-1.014052,-0.5906428,1.802021
13933,-1.393374,-1.016032,-0.5204828,1.80131
13934,0.8046802,-1.46,-1.46,2.216012
13935,0.862365,-1.46,-1.46,2.237604
13936,0.8814554,-1.46,-1.46,2.245031
13937,0.8412074,-1.46,-1.46,2.229536
13938,0.8980965,-1.46,-1.46,2.251617
13939,0.8236971,-1.46,-1.46,2.222988
13940,-0.2887289,-1.443529,-1.46,2.07334
13941,-0.2329849,-1.46,-1.46,2.077855
13942,-0.2364633,-1.46,-1.46,2.078248
13943,-0.2683476,-1.46,-1.46,2.082117
13944,-0.2168913,-1.431284,-1.410945,2.02148
13945,-0.2064561,-1.410345,-1.46,2.040416
13946,-0.2025837,-1.46,-1.46,2.074666
13947,-1.304137,-1.46,-1.42527,2.421522
13948,-1.310866,-1.46,-1.46,2.445725
13949,-1.387311,-1.46,-1.46,2.487535
13950,-1.386464,-1.46,-1.46,2.487063
13951,-1.37122,-1.46,-1.46,2.478597
13952,-1.36345,-1.46,-1.410327,2.445326
13953,-1.316573,-1.447811,-1.46,2.441541
13954,-1.377423,-1.46,-1.46,2.482034
13955,-1.330884,-1.46,-1.46,2.456512
13956,-1.336608,-1.46,-1.418632,2.43529
13957,-1.321239,-1.46,-1.414464,2.424455
13958,0.8187544,-1.241519,-1.07782,1.836689
13959,0.859389,-1.242479,-1.057081,1.843834
13960,0.826476,-1.2254,-1.02527,1.798846
13961,0.8797557,-1.211653,-1.001233,1.801261
13962,0.877256,-1.24215,-1.038404,1.841412
13963,0.8936841,-1.257858,-1.089293,1.888766
13964,-0.2848262,-1.201456,-1.085072,1.643777
13965,-0.2024607,-1.256152,-1.07716,1.667088
13966,-1.30077,-1.271864,-1.083051,2.117224
13967,-1.385628,-1.253098,-1.059355,2.147661
13968,-0.2315676,-1.057192,-0.6398202,1.257238
13969,-1.40125,-1.003796,-0.6682688,1.8487
13970,-1.355606,-1.051379,-0.6503239,1.834662
13971,0.8142477,-1.250944,-1.179103,1.902142
13972,0.821723,-1.216945,-1.142741,1.860656
13973,0.9052444,-1.22707,-1.156216,1.913636
13974,0.8918327,-1.236532,-1.111156,1.886543
13975,0.8558497,-1.25386,-1.147236,1.902839
13976,0.8796143,-1.251229,-1.182811,1.933479
13977,0.8643481,-1.198819,-1.181603,1.892208
13978,0.840259,-1.251166,-1.110574,1.872119
13979,-0.2794094,-1.205266,-1.18258,1.7115
13980,-0.2849373,-1.29979,-1.132122,1.747096
13981,-0.1995474,-1.257478,-1.172907,1.731121
13982,-1.359424,-1.252694,-1.141546,2.172649
13983,-0.2460491,-1.097909,-0.7462628,1.350131
13984,-1.365396,-1.06027,-0.7265086,1.875178
13985,0.8200068,-1.248872,-1.252656,1.949677
13986,0.8445758,-1.199333,-1.217512,1.906316
13987,0.8833947,-1.290823,-1.206818,1.975606
13988,0.8517413,-1.248063,-1.205629,1.933046
13989,0.8665578,-1.238324,-1.264855,1.970844
13990,0.86657,-1.238335,-1.264842,1.970848
13991,-0.2766197,-1.210192,-1.267439,1.774115
13992,-0.2602167,-1.28875,-1.243958,1.809978
13993,-1.380993,-1.235472,-1.202483,2.208959
13994,-1.314352,-1.234473,-1.244307,2.190832
13995,1.43387,-0.3766495,-1.369932,2.018554
13996,1.455849,-0.3905234,-1.372049,2.038265
13997,1.324842,-1.357361,0.5415666,1.972544
13998,1.357045,-1.35269,0.5197484,1.985316
13999,1.365677,-1.367862,0.5291118,2.004016
14000,1.380219,-1.356985,0.5544564,2.013414
14001,-0.3064715,-0.9942849,-0.8018141,1.313557
14002,-0.2809744,-1.059066,-0.8443381,1.383283
14003,-1.413303,-1.081143,-0.8518912,1.972819
14004,-1.368032,-1.00227,-0.8592687,1.901157
14005,-1.310167,-1.088107,-0.8983912,1.925518
14006,-1.340858,-1.056945,-0.7911422,1.881738
14007,-0.2747099,-0.8351361,-0.4937146,1.008301
14008,-0.2746371,-0.8351138,-0.4937627,1.008287
14009,-1.342904,-0.8325983,-0.4365684,1.639269
14010,0.8086231,-1.294433,-1.330909,2.02503
14011,0.8419486,-1.237123,-1.322364,1.996997
14012,0.8224921,-1.245783,-1.389777,2.039595
14013,0.8978744,-1.259148,-1.39156,2.080402
14014,0.8700924,-1.254259,-1.330608,2.025029
14015,0.9005416,-1.247635,-1.321846,2.028508
14016,0.8245348,-1.208938,-1.329874,1.97736
14017,0.8855584,-1.243888,-1.392348,2.066423
14018,0.8563104,-1.236136,-1.382781,2.042886
14019,-0.2499877,-1.248575,-1.342876,1.850608
14020,-0.2606772,-1.212268,-1.377401,1.853316
14021,-1.290855,-1.293946,-1.315882,2.252143
14022,-1.378014,-1.199646,-1.305815,2.245713
14023,-1.329993,-1.251859,-1.35032,2.27143
14024,1.46,-0.3234062,-1.45973,2.089737
14025,1.46,-0.3233902,-1.459757,2.089754
14026,1.46,-0.3715588,-1.459912,2.097856
14027,1.46,-0.3715487,-1.459968,2.097893
14028,1.314833,-1.378116,0.4255118,1.951679
14029,1.370114,-1.365384,0.4277134,1.981015
14030,1.370129,-1.365384,0.4277136,1.981027
14031,1.335814,-1.3672,0.4815798,1.971181
14032,1.33563,-1.367454,0.4817074,1.971264
14033,1.314848,-1.378119,0.4255071,1.951691
14034,0.9049559,-1.082065,-0.970678,1.712316
14035,-0.288681,-1.096278,-0.9281546,1.46514
14036,-0.2102952,-1.051416,-0.9713483,1.446795
14037,-1.31452,-1.049898,-0.983331,1.948637
14038,-1.389509,-1.0725,-0.93957,1.990925
14039,-1.352045,-1.016982,-0.9150012,1.92341
14040,-0.2922858,-0.9063312,-0.5928836,1.121775
14041,-0.2313595,-0.8917777,-0.5420552,1.068933
14042,-1.35271,-0.818502,-0.5656444,1.679203
14043,-1.32381,-0.8855612,-0.5144089,1.67371
14044,-1.387738,-0.8577702,-0.5293334,1.715162
14045,0.821578,-1.26486,-1.46,2.099157
14046,0.8295196,-1.248104,-1.46,2.09224
14047,0.8635813,-1.24061,-1.46,2.101544
14048,0.8776904,-1.268634,-1.46,2.124
14049,-0.2872508,-1.266313,-1.43618,1.936149
14050,-0.2822486,-1.292325,-1.46,1.970119
14051,-0.1905972,-1.207333,-1.413304,1.868531
14052,-0.2270924,-1.244992,-1.46,1.932143
14053,-0.2688989,-1.230752,-1.46,1.928382
14054,-0.2383039,-1.298693,-1.400691,1.924923
14055,-1.300763,-1.272558,-1.46,2.333021
14056,-1.35843,-1.222387,-1.46,2.339051
14057,-1.391598,-1.225752,-1.406196,2.327316
14058,-1.348812,-1.234255,-1.417242,2.313278
14059,-1.380725,-1.29193,-1.46,2.388951
14060,1.390209,-1.313832,0.3880486,1.951773
14061,1.337859,-1.378652,0.369666,1.956324
14062,1.353264,-1.317558,0.3365077,1.918468
14063,1.33785,-1.378653,0.3696572,1.956316
14064,1.341828,-1.37526,0.3144762,1.946982
14065,1.312686,-1.321186,0.3318009,1.891764
14066,1.335926,-1.316388,0.3863089,1.914891
14067,1.335926,-1.316385,0.3863017,1.914888
14068,1.341828,-1.375261,0.3144738,1.946982
14069,0.8175867,-1.060037,-1.078951,1.719378
14070,0.8953848,-1.035315,-1.095877,1.753436
14071,0.8274519,-1.083107,-1.024414,1.705058
14072,0.9010667,-1.050455,-1.04983,1.737101
14073,0.8802418,-1.072217,-1.003883,1.712384
14074,0.8274543,-1.083115,-1.024398,1.705054
14075,0.8445231,-1.051543,-1.093947,1.736572
14076,0.8802346,-1.072226,-1.003865,1.712375
14077,-0.2622512,-1.021724,-1.015817,1.464438
14078,-1.397406,-1.065381,-1.068572,2.056606
14079,-1.357588,-1.090803,-1.04301,2.029967
14080,-0.2558465,-0.8070437,-0.6377184,1.059935
14081,-0.2976044,-0.8523722,-0.6371416,1.105014
14082,-0.2191864,-0.8588207,-0.6267812,1.085574
14083,1.302252,-1.353307,0.2804146,1.898929
14084,1.394084,-1.319535,0.2904091,1.941386
14085,1.318326,-1.320083,0.2230777,1.878927
14086,1.339012,-1.377015,0.2526778,1.937258
14087,1.307411,-1.37957,0.2078387,1.911997
14088,1.318322,-1.32008,0.2230718,1.878921
14089,1.394477,-1.331824,0.2701314,1.947124
14090,1.340078,-1.318169,0.2740481,1.899601
14091,1.338973,-1.377022,0.2526813,1.937237
14092,1.394531,-1.335644,0.2086343,1.942213
14093,1.39453,-1.335649,0.2086442,1.942216
14094,-0.8121869,-1.384616,0.2120863,1.619194
14095,-0.8121895,-1.38462,0.212091,1.619199
14096,0.8762531,-1.088059,-1.18072,1.82915
14097,0.8784234,-1.017308,-1.180688,1.789013
14098,0.8818087,-1.035259,-1.110742,1.755874
14099,0.8319107,-1.04774,-1.123649,1.747118
14100,0.8504736,-1.034369,-1.154078,1.767801
14101,0.849108,-1.074811,-1.168924,1.800718
14102,-0.2404959,-1.019061,-1.182918,1.579753
14103,-1.337055,-1.034775,-1.14317,2.040909
14104,-1.347651,-0.8413349,-0.7593139,1.760842
14105,1.317256,-1.379363,0.106218,1.910259
14106,1.333879,-1.38018,0.1707864,1.926992
14107,1.319124,-1.381567,0.1247384,1.914255
14108,1.345027,-1.333241,0.1469703,1.899534
14109,1.33245,-1.381495,0.201053,1.929863
14110,1.345034,-1.333237,0.1469633,1.899535
14111,1.389173,-1.381098,0.1755228,1.966734
14112,1.389172,-1.381092,0.1755401,1.96673
14113,0.2359727,-1.37633,0.1372381,1.40314
14114,0.2913383,-1.337307,0.1282527,1.374669
14115,0.2913265,-1.337454,0.127984,1.374785
14116,-0.8383911,-1.329217,0.1900125,1.582979
14117,-0.838375,-1.329219,0.1899977,1.58297
14118,0.8161939,-1.027575,-1.258184,1.817996
14119,0.8320163,-1.020514,-1.206661,1.785981
14120,0.8611637,-1.058594,-1.273124,1.866299
14121,0.8377829,-1.003599,-1.284749,1.832941
14122,0.8401355,-1.003219,-1.284935,1.833939
14123,0.8279926,-1.021538,-1.209319,1.786495
14124,0.8952757,-1.079054,-1.265022,1.888427
14125,0.8708886,-1.060298,-1.226395,1.840305
14126,0.8879273,-1.004087,-1.24162,1.827081
14127,0.8867009,-0.9998346,-1.210041,1.802805
14128,-0.2125816,-1.082437,-1.293141,1.699727
14129,-0.2709491,-1.079478,-1.305631,1.715622
14130,-0.2153447,-1.040659,-1.287337,1.669305
14131,-1.384369,-1.029395,-1.214918,2.110014
14132,-1.35826,-1.084733,-1.288821,2.163926
14133,-0.298433,-0.8202993,-0.8013452,1.18495
14134,-1.396997,-0.8785381,-0.8720381,1.866515
14135,-1.329854,-0.8178122,-0.8631892,1.783935
14136,1.327503,-1.307418,0.04690703,1.863815
14137,1.2999,-1.361498,0.06717317,1.883595
14138,1.327505,-1.307426,0.04690364,1.863822
14139,1.389282,-1.338442,0.05500405,1.929911
14140,1.375317,-1.380745,0.09991054,1.951393
14141,1.354446,-1.381752,0.03477201,1.935193
14142,1.354448,-1.381762,0.0347618,1.935201
14143,1.398593,-1.315286,0.07094488,1.921216
14144,1.375328,-1.380736,0.09988009,1.951393
14145,1.327884,-1.336703,0.09429771,1.886516
14146,1.30657,-1.38168,0.02081149,1.901735
14147,1.390522,-1.332775,0.01590812,1.92616
14148,0.2838523,-1.304421,0.03190398,1.335329
14149,0.2838479,-1.304425,0.03191362,1.335333
14150,0.9042827,-1.090039,-1.324234,1.938945
14151,0.8393866,-1.001811,-1.393301,1.910362
14152,0.8703774,-1.056317,-1.320822,1.902087
14153,0.8759315,-1.004871,-1.311347,1.869934
14154,0.8413648,-1.025479,-1.360835,1.900362
14155,0.8401291,-1.054626,-1.392853,1.93858
14156,0.8409173,-1.079577,-1.318296,1.900141
14157,0.8864281,-1.074621,-1.390406,1.968196
14158,0.8783665,-1.036903,-1.39095,1.944592
14159,-0.294765,-1.015624,-1.321856,1.692833
14160,-0.2697534,-1.046804,-1.386307,1.757957
14161,-1.359733,-1.026305,-1.346627,2.171538
14162,1.46,-0.1308923,-1.45965,2.06865
14163,1.43879,-0.1910556,-1.459896,2.058619
14164,1.43876,-0.1910668,-1.459943,2.058633
14165,1.46,-0.1309422,-1.459987,2.06889
14166,1.40207,-0.1223326,-1.459731,2.027703
14167,1.46,-0.1309071,-1.4599,2.068827
14168,-0.2291392,-0.8079692,-0.9780126,1.289119
14169,-1.400167,-0.8557605,-0.9838372,1.913303
14170,-1.385401,-0.7944282,-0.921253,1.843681
14171,1.329765,-1.307676,-0.02664904,1.865208
14172,1.394126,-1.380811,-0.08311471,1.963959
14173,1.352569,-1.30987,-0.0945045,1.885241
14174,1.394131,-1.380809,-0.08312357,1.963962
14175,1.339898,-1.340609,-0.001147063,1.895405
14176,1.39438,-1.301298,-0.006844672,1.90728
14177,1.305039,-1.332481,-0.08117609,1.866875
14178,1.341491,-1.380337,-0.08493561,1.926692
14179,1.305043,-1.332465,-0.0811984,1.866867
14180,1.382039,-1.351376,-0.04860724,1.933549
14181,1.334413,-1.380205,-0.03770854,1.920168
14182,1.334413,-1.380204,-0.0377159,1.920168
14183,-0.82386,-1.319927,-0.02958659,1.556223
14184,-0.8147732,-1.379551,-0.08646909,1.604522
14185,0.8200004,-1.041238,-1.46,1.971846
14186,0.8606768,-1.038149,-1.46,1.987491
14187,0.8882531,-1.018558,-1.46,1.989486
14188,0.8525521,-1.08032,-1.46,2.006374
14189,0.8995895,-1.084127,-1.46,2.02884
14190,0.833678,-1.091701,-1.46,2.004602
14191,-0.2304236,-1.035231,-1.46,1.804549
14192,-1.319319,-1.05425,-1.46,2.232408
14193,-1.372071,-1.025688,-1.46,2.250826
14194,-1.325106,-1.022471,-1.426257,2.198991
14195,-1.395479,-1.086189,-1.46,2.2932
14196,-1.35792,-0.8646091,-1.039793,1.91642
14197,-1.383856,-0.6637707,-0.6855582,1.680964
14198,1.312454,-1.376016,-0.1379362,1.906563
14199,1.341171,-1.334346,-0.1703168,1.899534
14200,1.312457,-1.376024,-0.1379479,1.906572
14201,1.335776,-1.302942,-0.1174098,1.869689
14202,1.362942,-1.318456,-0.1522381,1.902397
14203,1.377891,-1.383358,-0.1376252,1.957346
14204,1.393888,-1.329335,-0.1104879,1.929317
14205,1.377922,-1.383356,-0.1376455,1.957368
14206,1.332674,-1.381044,-0.1908472,1.928659
14207,-0.8792969,-1.389637,-0.1442548,1.650777
14208,-0.8407092,-1.389412,-0.1388256,1.629886
14209,-0.8297601,-1.359404,-0.1248861,1.597522
14210,-1.389392,-0.8772948,-1.146901,2.003856
14211,-1.356092,-0.8290083,-1.117752,1.943093
14212,-1.376272,-0.7996534,-1.182484,1.982886
14213,-1.349184,-0.6472386,-0.7673581,1.681682
14214,1.398388,-1.369075,-0.208166,1.968042
14215,1.398108,-1.38074,-0.2640119,1.982638
14216,1.320888,-1.377868,-0.1984008,1.919017
14217,1.322906,-1.376939,-0.2471922,1.925395
14218,1.334006,-1.327714,-0.2587745,1.899832
14219,1.373707,-1.303601,-0.2387241,1.908779
14220,1.346023,-1.325554,-0.2157747,1.901428
14221,1.33805,-1.381604,-0.2750754,1.942904
14222,1.314159,-1.312215,-0.2814642,1.878335
14223,1.377902,-1.383206,-0.2656042,1.970385
14224,1.370453,-1.375601,-0.2158147,1.953713
14225,0.2078675,-1.376902,-0.2441113,1.413739
14226,0.2078602,-1.376895,-0.2441133,1.413732
14227,0.2884026,-1.385821,-0.2271931,1.43363
14228,0.2834176,-1.380212,-0.2219974,1.426392
14229,0.2783183,-1.305588,-0.26911,1.361779
14230,0.2783184,-1.305586,-0.269109,1.361776
14231,-0.8384321,-1.376812,-0.2207971,1.627062
14232,-0.861173,-1.308627,-0.2003789,1.579327
14233,-0.8544865,-1.352806,-0.2728813,1.623175
14234,1.338899,-1.191203,0.110603,1.795508
14235,1.33889,-1.191209,0.1106024,1.795505
14236,-0.8567036,-1.178085,0.1262767,1.462112
14237,-0.2664995,-0.8492683,-1.243827,1.529504
14238,-1.381088,-0.8541768,-1.301493,2.081083
14239,-1.363059,-0.8853058,-1.231449,2.039157
14240,-1.363825,-0.6731718,-0.8450249,1.739898
14241,1.328508,-1.379883,-0.3214487,1.942251
14242,1.351322,-1.327498,-0.3854083,1.933096
14243,1.304332,-1.385137,-0.3827734,1.940722
14244,1.392907,-1.317735,-0.3731346,1.953419
14245,1.394177,-1.325095,-0.2974447,1.946299
14246,1.357192,-1.324012,-0.3144893,1.921947
14247,1.394191,-1.382933,-0.3471798,1.994193
14248,1.329462,-1.320324,-0.3414902,1.904557
14249,1.339661,-1.382371,-0.3589026,1.958176
14250,1.363078,-1.382553,-0.3259462,1.968673
14251,0.2157885,-1.381576,-0.3591083,1.443702
14252,0.2862426,-1.299795,-0.3352016,1.372502
14253,0.2605848,-1.396357,-0.3485592,1.462604
14254,0.2258505,-1.328391,-0.3101766,1.382694
14255,0.2896231,-1.381012,-0.3060148,1.443856
14256,-0.8215281,-1.365399,-0.3639399,1.634526
14257,-0.891825,-1.307514,-0.3563742,1.622328
14258,1.345313,-1.131929,0.02976831,1.758413
14259,1.311373,-1.175492,0.0584228,1.762071
14260,1.397107,-1.128448,0.07395889,1.797436
14261,1.397127,-1.128431,0.07394166,1.797439
14262,1.388889,-1.166024,0.07504299,1.815009
14263,1.311376,-1.175497,0.05843538,1.762076
14264,1.345307,-1.131929,0.02976419,1.758408
14265,1.307172,-1.199237,0.009115586,1.773965
14266,1.307159,-1.199238,0.009111371,1.773955
14267,-0.8841857,-1.126166,0.02499865,1.432012
14268,0.8965135,-0.8231902,-1.382627,1.842019
14269,0.8965258,-0.8231858,-1.382644,1.842036
14270,0.8540512,-0.8918644,-1.303058,1.795212
14271,0.8540518,-0.8918655,-1.30306,1.795214
14272,0.8868638,-0.8332842,-1.309168,1.787403
14273,0.8442335,-0.8876036,-1.335577,1.812274
14274,0.8484742,-0.8945553,-1.372448,1.844926
14275,-0.2318343,-0.8494461,-1.359512,1.619747
14276,-1.378246,-0.8185396,-1.364978,2.105405
14277,1.456099,0.02249388,-1.459418,2.061706
14278,1.456103,0.02250389,-1.459408,2.061702
14279,-1.38455,-0.6881744,-0.8994292,1.788725
14280,-1.309256,-0.6319191,-0.9311017,1.72639
14281,1.324429,-1.318068,-0.4651067,1.925549
14282,1.315459,-1.381726,-0.429896,1.95561
14283,1.315465,-1.381725,-0.4299003,1.955614
14284,1.337795,-1.334112,-0.4555136,1.943462
14285,1.372651,-1.382508,-0.4053794,1.989932
14286,1.398458,-1.391328,-0.4697391,2.02784
14287,1.387088,-1.326946,-0.4748789,1.977451
14288,1.32698,-1.311507,-0.4051867,1.909216
14289,1.372646,-1.382511,-0.4053672,1.989928
14290,1.378559,-1.31821,-0.4284396,1.954908
14291,1.369236,-1.387132,-0.47908,2.007102
14292,1.307921,-1.384859,-0.4908558,1.967087
14293,1.30792,-1.384864,-0.4908559,1.96709
14294,0.2247392,-1.320689,-0.4142514,1.402259
14295,0.2644051,-1.305145,-0.4859545,1.417556
14296,0.3019073,-1.35361,-0.4842508,1.468981
14297,0.2848109,-1.369151,-0.4329663,1.463951
14298,-0.8471184,-1.367473,-0.4486305,1.669988
14299,1.335304,-1.134645,0.002894691,1.752274
14300,1.369153,-1.189574,-0.009551992,1.813769
14301,1.324495,-1.107636,-0.04010376,1.727065
14302,1.351893,-1.160661,-0.05392312,1.782599
14303,1.324484,-1.107651,-0.04010282,1.727066
14304,1.351886,-1.160662,-0.05391894,1.782593
14305,0.8461667,-0.8477737,-1.459822,1.888332
14306,0.8747939,-0.8034961,-1.459843,1.882023
14307,0.9005715,-0.8577715,-1.46,1.917916
14308,0.8560039,-0.8638329,-1.459899,1.900067
14309,0.8747804,-0.8034993,-1.459824,1.882004
14310,0.8088717,-0.8329885,-1.459893,1.865323
14311,0.8197187,-0.8876699,-1.459664,1.894866
14312,-0.2043286,-0.8758745,-1.46,1.71479
14313,-0.2502305,-0.8864528,-1.46,1.726272
14314,-1.332018,-0.8831145,-1.4465,2.15558
14315,-1.382584,-0.883639,-1.46,2.196351
14316,-1.376203,-0.8039899,-1.46,2.161466
14317,-1.381733,-0.817025,-1.422964,2.14512
14318,-1.387969,-0.6311199,-1.030609,1.84036
14319,-1.323037,-0.676833,-1.02134,1.803238
14320,1.338442,-1.379851,-0.5506201,1.999649
14321,1.388573,-1.385526,-0.5610526,2.040244
14322,1.347496,-1.335277,-0.5200341,1.967015
14323,1.361345,-1.379479,-0.5000482,2.001567
14324,1.314459,-1.301699,-0.5920502,1.942355
14325,1.320185,-1.387919,-0.5460701,1.991833
14326,1.30141,-1.318328,-0.5335668,1.927784
14327,1.370217,-1.334605,-0.5692756,1.995681
14328,1.337056,-1.311579,-0.5583742,1.954416
14329,1.313753,-1.387747,-0.5895245,1.999832
14330,0.2165482,-1.336148,-0.4963387,1.441713
14331,0.3135552,-1.393019,-0.5514752,1.530668
14332,0.2891956,-1.342027,-0.545175,1.477121
14333,0.2608728,-1.362878,-0.5466537,1.491416
14334,0.2723525,-1.393534,-0.5861527,1.536127
14335,0.2462054,-1.385346,-0.5021237,1.493964
14336,0.2461179,-1.385329,-0.5018324,1.493836
14337,-0.8821369,-1.33687,-0.5173886,1.683175
14338,0.7788962,-1.459574,1.21539,2.052854
14339,0.7788974,-1.459591,1.215391,2.052867
14340,1.320535,-1.128338,-0.09687356,1.739639
14341,1.399024,-1.167267,-0.1757957,1.830487
14342,1.316073,-1.145162,-0.130439,1.749417
14343,1.300343,-1.117793,-0.1586991,1.722074
14344,1.365295,-1.119602,-0.1661572,1.773456
14345,1.317661,-1.193004,-0.1732984,1.785923
14346,1.367251,-1.148643,-0.1347308,1.790784
14347,1.384865,-1.186809,-0.1559378,1.830487
14348,1.337676,-1.19625,-0.1018059,1.797431
14349,1.317652,-1.192999,-0.1733011,1.785913
14350,1.33768,-1.196208,-0.1018297,1.797407
14351,1.322123,-1.143857,-0.1918277,1.758754
14352,-0.8558879,-1.209003,-0.1139014,1.485667
14353,-0.8089722,-1.121741,-0.124956,1.388652
14354,-0.8232673,-1.111487,-0.1134854,1.387822
14355,-0.8742149,-1.131652,-0.1393567,1.43677
14356,-0.8745703,-1.131893,-0.1388798,1.43713
14357,-0.8635067,-1.208207,-0.110968,1.489202
14358,-0.2896246,-0.6527613,-1.156538,1.35925
14359,-1.393233,-0.6090905,-1.129791,1.894338
14360,-1.379963,-0.6508573,-1.167387,1.921121
14361,-1.306389,-0.6486371,-1.122409,1.840431
14362,1.37429,-1.338271,-0.6849155,2.036849
14363,1.356146,-1.323858,-0.6313051,1.997568
14364,1.394262,-1.302936,-0.5986872,2.000009
14365,1.353332,-1.374527,-0.6028665,2.02096
14366,1.359067,-1.392851,-0.686807,2.063686
14367,1.381058,-1.390961,-0.6423731,2.062701
14368,1.31231,-1.387078,-0.6615477,2.020838
14369,1.342337,-1.38078,-0.628701,2.025756
14370,1.333211,-1.34305,-0.6750032,2.009195
14371,1.31087,-1.327272,-0.6267836,1.967965
14372,0.2642862,-1.319333,-0.6349238,1.487822
14373,0.2762684,-1.371415,-0.6806482,1.555759
14374,0.2944051,-1.333868,-0.6130431,1.497231
14375,0.2759288,-1.338338,-0.6822572,1.527338
14376,0.2642367,-1.386293,-0.6553606,1.555997
14377,-0.8352314,-1.393964,-0.6733625,1.759024
14378,-0.8270869,-1.329031,-0.6736532,1.704173
14379,-0.8070108,-1.340153,-0.5940815,1.673382
14380,0.7240453,-1.458735,1.104889,1.967976
14381,0.7604514,-1.459689,1.164492,2.01619
14382,0.7379029,-1.458803,1.119182,1.981206
14383,0.6996757,-1.458942,1.167693,1.995386
14384,0.7957326,-1.458998,1.134329,2.012106
14385,0.7604787,-1.459481,1.164495,2.016051
14386,0.6996705,-1.458833,1.167703,1.99531
14387,1.378918,-1.123371,-0.2669152,1.798505
14388,1.371064,-1.120331,-0.2124859,1.783286
14389,1.375886,-1.170356,-0.2123381,1.818758
14390,1.367999,-1.152976,-0.2902946,1.812469
14391,1.355649,-1.172678,-0.2389489,1.80833
14392,1.391459,-1.192055,-0.2789689,1.853369
14393,1.303176,-1.146943,-0.2500761,1.753933
14394,1.30318,-1.146937,-0.2500895,1.753935
14395,-0.8154223,-1.159793,-0.1967282,1.431341
14396,-0.8413907,-1.16827,-0.276644,1.466057
14397,-0.255437,-0.7053646,-1.25603,1.46301
14398,-1.312768,-0.6947302,-1.219167,1.921556
14399,-1.383843,-0.6893669,-1.227042,1.973798
14400,-1.336159,-0.6072601,-1.203119,1.897783
14401,-1.34924,-0.617002,-1.283669,1.961873
14402,1.36295,-1.372917,-0.7501072,2.074897
14403,1.304907,-1.328869,-0.7202007,1.996839
14404,1.32733,-1.346899,-0.7694038,2.04155
14405,1.310958,-1.375195,-0.7503811,2.042754
14406,1.333146,-1.387494,-0.7077747,2.05021
14407,1.388076,-1.385409,-0.7050976,2.084053
14408,1.3992,-1.301598,-0.7772377,2.063012
14409,1.399195,-1.301601,-0.77724,2.063011
14410,1.338216,-1.303198,-0.7628674,2.0177
14411,1.376954,-1.333917,-0.780791,2.070017
14412,1.303272,-1.30386,-0.7227681,1.980142
14413,1.364863,-1.31999,-0.7304256,2.034391
14414,0.2243368,-1.321872,-0.7834272,1.552878
14415,0.2243951,-1.321832,-0.7835825,1.552931
14416,0.2402947,-1.315082,-0.7184972,1.517702
14417,0.2403064,-1.314622,-0.7180064,1.517073
14418,0.2979449,-1.390828,-0.7471704,1.606685
14419,0.2349534,-1.388078,-0.7340605,1.587706
14420,0.234943,-1.387994,-0.7340993,1.587648
14421,0.2980062,-1.39079,-0.7471088,1.606635
14422,0.2975514,-1.310075,-0.7683331,1.547634
14423,0.2648156,-1.351202,-0.7592196,1.572352
14424,-0.859828,-1.383841,-0.7470854,1.792333
14425,-0.8900627,-1.347055,-0.6986781,1.759239
14426,0.743971,-1.459331,1.016322,1.927706
14427,0.7871085,-1.459311,1.011642,1.942305
14428,0.7882975,-1.459508,1.088181,1.983864
14429,0.7549286,-1.459088,1.061743,1.956055
14430,0.7294243,-1.458954,1.071187,1.951423
14431,0.7170452,-1.459394,1.019293,1.9191
14432,1.327763,-1.195498,-0.3837526,1.827413
14433,1.304273,-1.172751,-0.3773561,1.794121
14434,1.323074,-1.149676,-0.3270986,1.783051
14435,1.375138,-1.109834,-0.3845715,1.808488
14436,1.369758,-1.152092,-0.3830019,1.830367
14437,1.379139,-1.156886,-0.3322526,1.830519
14438,1.35245,-1.106592,-0.3159212,1.775802
14439,1.323074,-1.149685,-0.3271011,1.783058
14440,-0.8835648,-1.103284,-0.3160969,1.448392
14441,-0.8652622,-1.125964,-0.3851334,1.471326
14442,-0.2751136,-0.6279405,-1.398894,1.557851
14443,-0.2757238,-0.6299268,-1.405739,1.564907
14444,-1.381436,-0.6141514,-1.395238,2.05724
14445,-1.336044,-0.6465858,-1.373785,2.022467
14446,1.338161,-1.349508,-0.8482118,2.08118
14447,1.362877,-1.30732,-0.883525,2.084978
14448,1.333799,-1.380309,-0.8044112,2.08119
14449,1.390761,-1.307859,-0.8381641,2.085001
14450,1.355294,-1.365081,-0.8325995,2.096065
14451,1.322909,-1.305089,-0.8370116,2.038121
14452,1.362859,-1.307324,-0.8835075,2.084961
14453,0.2987305,-1.393224,-0.8986339,1.684594
14454,0.2987305,-1.393365,-0.8986878,1.684739
14455,0.2725932,-1.375788,-0.8081897,1.618725
14456,0.2306802,-1.30253,-0.8526537,1.57379
14457,0.2501874,-1.3741,-0.8637543,1.642199
14458,0.2938254,-1.320922,-0.8433672,1.594502
14459,0.293824,-1.320928,-0.8433661,1.594506
14460,-0.8303412,-1.333484,-0.8274415,1.775473
14461,0.7697866,-1.45932,0.9253849,1.891699
14462,0.7150679,-1.459099,0.9284742,1.871458
14463,0.7511274,-1.459659,0.9693252,1.906407
14464,0.715218,-1.459527,0.9748617,1.895287
14465,0.7766455,-1.459691,0.9632122,1.913545
14466,1.386217,-1.129701,-0.4400739,1.841599
14467,1.376401,-1.134838,-0.4533897,1.840625
14468,1.351366,-1.187821,-0.4588264,1.85678
14469,1.342446,-1.154209,-0.4042929,1.815988
14470,1.38546,-1.197973,-0.4799121,1.893398
14471,1.310898,-1.189264,-0.4804954,1.834033
14472,1.314705,-1.1285,-0.4505238,1.790233
14473,1.314707,-1.1285,-0.4505245,1.790234
14474,0.2266862,-1.167726,-0.4674333,1.278071
14475,0.8326536,-0.6175045,-1.459932,1.790537
14476,0.8107963,-0.6478244,-1.459876,1.791174
14477,0.8571392,-0.6678016,-1.45992,1.819893
14478,0.8713997,-0.635254,-1.459785,1.814899
14479,0.8282679,-0.6696116,-1.459818,1.807063
14480,-0.2478896,-0.6481482,-1.46,1.616523
14481,-0.2336941,-0.6690527,-1.4407,1.605572
14482,-1.348311,-0.6996317,-1.46,2.1069
14483,-1.380759,-0.6272485,-1.46,2.105122
14484,1.322587,-1.320234,-0.9077291,2.077553
14485,1.33929,-1.385758,-0.9603173,2.153191
14486,1.331311,-1.325065,-0.9702617,2.114141
14487,1.311347,-1.344816,-0.9804846,2.118847
14488,1.401688,-1.373944,-0.9892448,2.197967
14489,1.359917,-1.313026,-0.9462329,2.113946
14490,1.376985,-1.383099,-0.9401661,2.166325
14491,0.2200542,-1.317251,-0.9276224,1.626056
14492,0.2212306,-1.392208,-0.9271345,1.687236
14493,0.279415,-1.32648,-0.9172764,1.63677
14494,0.2758868,-1.320096,-0.9919022,1.674107
14495,0.2486371,-1.329958,-0.9869125,1.674695
14496,0.2672129,-1.392545,-0.9631032,1.714104
14497,0.2672084,-1.392545,-0.9630957,1.714099
14498,-0.8548117,-1.369874,-0.9388961,1.867828
14499,0.7466162,-1.459749,0.9008473,1.870783
14500,0.7058197,-1.459175,0.8371685,1.824342
14501,0.7532241,-1.459419,0.8209854,1.836101
14502,0.7532126,-1.459041,0.8209804,1.835794
14503,0.7356994,-1.459323,0.8674942,1.850249
14504,0.7812085,-1.45933,0.869037,1.869534
14505,1.326761,-1.117369,-0.5700691,1.825866
14506,1.374771,-1.120444,-0.5540515,1.858054
14507,1.346374,-1.140648,-0.5091541,1.836584
14508,1.314893,-1.190159,-0.5256995,1.849806
14509,1.370493,-1.148067,-0.5782195,1.879001
14510,1.346357,-1.140658,-0.5091617,1.836579
14511,0.2260765,-1.130306,-0.5130446,1.261712
14512,0.2198224,-1.198263,-0.5305471,1.328772
14513,0.2832724,-1.121331,-0.5941252,1.300235
14514,0.259012,-1.131283,-0.5797698,1.297313
14515,0.26868,-1.199319,-0.4953236,1.325104
14516,0.2906724,-1.170665,-0.5680515,1.333278
14517,-0.7881475,-1.14776,-0.5069962,1.481747
14518,1.375577,-0.9652638,-0.1846499,1.690575
14519,1.349427,-0.9918572,-0.169145,1.683254
14520,1.370118,-1.373229,-1.023841,2.193452
14521,1.32536,-1.345088,-1.065965,2.168438
14522,1.356634,-1.301957,-1.091765,2.174281
14523,1.327863,-1.377331,-1.086497,2.200167
14524,1.356249,-1.361338,-1.049085,2.189346
14525,1.324357,-1.298144,-1.07995,2.146017
14526,1.37013,-1.373246,-1.023859,2.193479
14527,0.2934761,-1.399007,-1.037513,1.766291
14528,0.3040944,-1.323706,-1.039531,1.71035
14529,0.2934519,-1.399043,-1.037533,1.766327
14530,0.2327347,-1.327233,-1.080901,1.727443
14531,0.295858,-1.347633,-1.076961,1.750283
14532,0.2184704,-1.324069,-1.007362,1.677994
14533,0.2437389,-1.3589,-1.046487,1.732384
14534,-0.8443682,-1.364949,-1.031147,1.907697
14535,0.7168565,-1.459978,0.726457,1.781336
14536,0.7710404,-1.459531,0.7437046,1.810478
14537,0.7710437,-1.45981,0.7437041,1.810704
14538,0.7198997,-1.459189,0.7741621,1.801892
14539,0.7198937,-1.459843,0.7741558,1.802417
14540,1.399514,-1.109736,-0.6750131,1.909397
14541,1.3524,-1.1159,-0.6752509,1.878878
14542,1.349459,-1.152219,-0.651924,1.890411
14543,1.332425,-1.121801,-0.6861343,1.872051
14544,1.308717,-1.174612,-0.6486322,1.874347
14545,1.399544,-1.109688,-0.6750269,1.909396
14546,1.309816,-1.105871,-0.6209818,1.823235
14547,1.363471,-1.179944,-0.6130364,1.904504
14548,1.336443,-1.14392,-0.6097563,1.861836
14549,0.2606962,-1.191919,-0.619,1.368135
14550,0.3060842,-1.137418,-0.6396042,1.340336
14551,0.2543576,-1.154601,-0.6899447,1.368877
14552,0.2889147,-1.196368,-0.6672179,1.399981
14553,0.2852621,-1.098637,-0.6439884,1.305028
14554,0.2462489,-1.108901,-0.6117474,1.290168
14555,-0.8209602,-1.093001,-0.6766918,1.5253
14556,1.376904,-0.9979351,-0.2573457,1.719874
14557,1.390111,-0.9947122,-0.2224711,1.723762
14558,1.308979,-0.9307849,-0.2651447,1.627909
14559,1.374697,-0.9366889,-0.2271993,1.678927
14560,1.338657,-0.9767332,-0.2243533,1.672227
14561,1.34477,-0.9472952,-0.2872937,1.669824
14562,1.344765,-0.9472926,-0.2872837,1.669817
14563,-0.8470996,-0.9518558,-0.1973523,1.289401
14564,-0.8544422,-0.9350696,-0.2939746,1.300326
14565,1.309555,-1.389364,-1.171276,2.239901
14566,1.380787,-1.324487,-1.194783,2.255736
14567,1.380787,-1.324492,-1.194789,2.255742
14568,1.359695,-1.381511,-1.126383,2.241892
14569,1.362402,-1.330003,-1.145199,2.22183
14570,1.313453,-1.323662,-1.185096,2.209455
14571,1.316229,-1.336143,-1.116105,2.182527
14572,1.303728,-1.368387,-1.170383,2.223057
14573,1.359701,-1.381495,-1.126377,2.241883
14574,0.2176207,-1.325389,-1.146787,1.766107
14575,0.271849,-1.395959,-1.110705,1.804513
14576,0.2717391,-1.396019,-1.110868,1.804644
14577,0.2219866,-1.351415,-1.175672,1.804939
14578,0.2652298,-1.334278,-1.153291,1.783459
14579,0.261503,-1.396703,-1.174693,1.843656
14580,0.3056919,-1.378881,-1.15782,1.826282
14581,0.2928616,-1.305939,-1.118744,1.744372
14582,0.2915365,-1.344969,-1.183008,1.814785
14583,0.2928441,-1.305904,-1.11875,1.744346
14584,-0.8638117,-1.335563,-1.118581,1.944511
14585,0.745124,-1.459701,0.6908167,1.778529
14586,0.7265615,-1.459392,0.637314,1.750396
14587,0.795367,-1.459231,0.6610539,1.788563
14588,0.7954386,-1.458951,0.6608993,1.788309
14589,0.7265508,-1.459377,0.6373106,1.750378
14590,0.7451311,-1.459705,0.6908076,1.778531
14591,1.331085,-1.15832,-0.7355208,1.91167
14592,1.331083,-1.158316,-0.7355394,1.911674
14593,1.381042,-1.17672,-0.7790533,1.974556
14594,1.389424,-1.135767,-0.727998,1.936607
14595,1.392239,-1.152166,-0.7238865,1.946748
14596,1.397858,-1.188058,-0.7756587,1.991767
14597,0.2189257,-1.094115,-0.7064163,1.320621
14598,0.2447027,-1.148417,-0.8023995,1.422176
14599,0.2407992,-1.103727,-0.7468269,1.354234
14600,0.295631,-1.162239,-0.7370418,1.407632
14601,-0.8984885,-1.137908,-0.7297659,1.623168
14602,-0.8012735,-1.169717,-0.7055385,1.583686
14603,-0.8068198,-1.128179,-0.7956022,1.598978
14604,1.389483,-0.9860392,-0.3006855,1.73013
14605,1.361579,-0.9209139,-0.3442248,1.679425
14606,1.324789,-0.9651694,-0.3818235,1.682976
14607,1.325453,-0.9235965,-0.3902494,1.661972
14608,1.319808,-0.9911504,-0.3270758,1.682632
14609,1.371361,-0.9835316,-0.3862379,1.731226
14610,1.351597,-0.9521153,-0.3536282,1.690678
14611,-0.8354569,-0.9678341,-0.3302122,1.320504
14612,1.317835,-1.330743,-1.259856,2.257167
14613,1.327025,-1.382565,-1.256018,2.291301
14614,1.398044,-1.318037,-1.27481,2.305838
14615,1.364241,-1.389145,-1.202999,2.288687
14616,1.364239,-1.389135,-1.202999,2.288679
14617,1.378446,-1.3776,-1.258877,2.320057
14618,1.329904,-1.33537,-1.209505,2.239366
14619,1.327357,-1.377884,-1.294328,2.30992
14620,1.378474,-1.377602,-1.258871,2.320072
14621,0.2191435,-1.38935,-1.209487,1.855041
14622,0.2221284,-1.306512,-1.209922,1.794499
14623,0.219136,-1.389346,-1.209487,1.855037
14624,0.213619,-1.333065,-1.263489,1.84908
14625,0.2492663,-1.391297,-1.248882,1.886146
14626,0.2649412,-1.400187,-1.208785,1.868657
14627,0.2996846,-1.395457,-1.218966,1.876963
14628,0.3094678,-1.33003,-1.239201,1.844009
14629,0.2357006,-1.382523,-1.260994,1.886009
14630,0.2826633,-1.37821,-1.290814,1.909336
14631,0.2826515,-1.378221,-1.290842,1.909361
14632,0.2703391,-1.314754,-1.229923,1.820542
14633,0.2703348,-1.314753,-1.229931,1.820545
14634,-0.8791301,-1.367723,-1.287226,2.073761
14635,-0.8374377,-1.300766,-1.22902,1.975799
14636,-0.8732407,-1.383276,-1.209228,2.034265
14637,-1.382396,-0.4740202,-1.379636,2.009754
14638,0.7322402,-1.459439,0.5305908,1.716877
14639,0.7322364,-1.459363,0.5305866,1.716809
14640,0.7478428,-1.458852,0.5874467,1.74144
14641,0.7912433,-1.459516,0.5417639,1.746356
14642,0.7912361,-1.459799,0.5417746,1.746593
14643,0.7478416,-1.458849,0.5874485,1.741437
14644,-0.3504677,-1.456795,0.5335594,1.590524
14645,-0.3504731,-1.456805,0.5335573,1.590533
14646,-0.350475,-1.456804,0.5335504,1.59053
14647,1.303904,-1.114807,-0.8114228,1.897727
14648,1.381551,-1.148028,-0.8821134,2.001194
14649,1.313315,-1.139529,-0.8885479,1.952649
14650,1.342988,-1.163067,-0.8074167,1.951478
14651,1.342834,-1.178103,-0.8448591,1.976086
14652,1.374783,-1.124396,-0.8060846,1.950401
14653,1.381546,-1.148018,-0.8821096,2.001183
14654,1.303897,-1.114808,-0.8114205,1.897722
14655,1.313301,-1.139518,-0.8885478,1.952634
14656,1.374759,-1.124399,-0.806081,1.950386
14657,0.3008536,-1.163275,-0.8333185,1.462239
14658,0.2927887,-1.141794,-0.8818631,1.472108
14659,0.2587447,-1.096451,-0.8525813,1.412816
14660,-0.8636937,-1.102298,-0.8531956,1.639808
14661,-0.8353357,-1.188691,-0.8966801,1.707281
14662,1.35863,-0.9102026,-0.4335204,1.691829
14663,1.330744,-0.9519697,-0.4777004,1.704501
14664,1.338766,-0.9512624,-0.4351855,1.698994
14665,1.364813,-0.945994,-0.4614801,1.723538
14666,1.384485,-0.9163023,-0.4140331,1.711091
14667,-0.8973919,-0.953622,-0.4297407,1.378181
14668,-0.8230677,-0.8991719,-0.40345,1.284026
14669,-0.8076371,-1.003003,-0.4970505,1.380345
14670,1.400166,-1.346313,-1.361916,2.372307
14671,1.346372,-1.327441,-1.392008,2.347872
14672,1.355801,-1.389795,-1.322381,2.349132
14673,1.358661,-1.391654,-1.391605,2.39149
14674,1.318028,-1.32821,-1.331905,2.296804
14675,1.358659,-1.391644,-1.391615,2.391489
14676,1.346371,-1.327429,-1.392011,2.347867
14677,1.349273,-1.316152,-1.333206,2.308729
14678,1.375826,-1.326099,-1.322698,2.323998
14679,1.355835,-1.389792,-1.322348,2.349131
14680,0.2149539,-1.394573,-1.348034,1.951469
14681,0.2220321,-1.307494,-1.340319,1.885549
14682,0.2276429,-1.389181,-1.306701,1.920707
14683,0.2376261,-1.31845,-1.318886,1.879957
14684,0.2766548,-1.328655,-1.331241,1.901069
14685,0.276353,-1.375444,-1.346484,1.94454
14686,0.2492221,-1.381687,-1.384202,1.971594
14687,0.2500309,-1.384282,-1.390842,1.978179
14688,0.2476117,-1.383536,-1.39141,1.977752
14689,0.2783629,-1.318709,-1.401364,1.944299
14690,0.2558009,-1.400705,-1.385794,1.986915
14691,-0.8547791,-1.31054,-1.34757,2.064971
14692,0.8345028,-0.4579791,-1.459739,1.742692
14693,0.8738983,-0.4637414,-1.45969,1.763363
14694,0.867925,-0.4230973,-1.45976,1.750201
14695,0.8477606,-0.4138703,-1.459662,1.737987
14696,0.8083178,-0.4053538,-1.459882,1.717249
14697,0.7706681,-1.459549,0.4077769,1.700145
14698,0.7706578,-1.459284,0.4077881,1.699916
14699,-1.302956,-0.3873899,-1.457666,1.993127
14700,0.7182833,-1.459538,0.4751912,1.694694
14701,0.7839763,-1.45951,0.4850464,1.726284
14702,0.7844666,-1.459807,0.4848316,1.726698
14703,0.7160936,-1.459541,0.4185022,1.678748
14704,-1.326765,-0.4053498,-1.46,2.014004
14705,0.7527674,-1.4597,0.4471573,1.702155
14706,0.7182609,-1.459738,0.4752465,1.694873
14707,-0.3800676,-1.459486,0.4797993,1.582642
14708,-0.3800754,-1.458937,0.4798006,1.582139
14709,-0.3501297,-1.459606,0.4360515,1.563068
14710,-0.3501419,-1.459799,0.4360664,1.563255
14711,1.307726,-1.195548,-0.9459204,2.008543
14712,1.339824,-1.137072,-0.9591715,2.002017
14713,1.361696,-1.184005,-0.9142798,2.022867
14714,1.339825,-1.137073,-0.9591712,2.002018
14715,1.393202,-1.161948,-0.9685708,2.056518
14716,1.382207,-1.114315,-0.9470443,2.012234
14717,0.29795,-1.170915,-0.9802216,1.555844
14718,0.2343231,-1.142479,-0.9160835,1.483029
14719,0.3022439,-1.118788,-0.9327812,1.487655
14720,0.2399701,-1.137302,-0.9773884,1.51866
14721,0.2477877,-1.096025,-0.9781197,1.489761
14722,0.3022403,-1.118785,-0.9327845,1.487654
14723,-0.8877577,-1.184041,-0.9547359,1.761132
14724,-0.8182877,-1.173426,-0.9804655,1.734312
14725,1.314844,-0.9598475,-0.5443102,1.716507
14726,1.341659,-0.9042338,-0.5748268,1.717007
14727,1.353944,-0.8997172,-0.5117856,1.704283
14728,1.371154,-0.994127,-0.5009436,1.766153
14729,1.37114,-0.9941002,-0.5009477,1.766128
14730,1.347207,-0.9256302,-0.5506981,1.724827
14731,1.353942,-0.8997181,-0.5117766,1.704279
14732,1.304834,-0.9554523,-0.5181605,1.698226
14733,1.339962,-0.9761776,-0.5777763,1.755633
14734,1.385012,-0.9623641,-0.572779,1.781145
14735,-0.8412533,-0.9894857,-0.5594391,1.414129
14736,1.323308,-1.325948,-1.46,2.375054
14737,1.321223,-1.38051,-1.46,2.404795
14738,1.323545,-1.320299,-1.46,2.372037
14739,1.3758,-1.381593,-1.46,2.435821
14740,1.321243,-1.380497,-1.46,2.404798
14741,1.384072,-1.320158,-1.46,2.406257
14742,1.384089,-1.320174,-1.46,2.406276
14743,1.375809,-1.381591,-1.46,2.435825
14744,0.2173974,-1.30725,-1.46,1.971742
14745,0.2396756,-1.398341,-1.46,2.035781
14746,0.3067128,-1.381733,-1.407267,1.99591
14747,0.2906352,-1.390017,-1.46,2.036717
14748,0.239681,-1.398351,-1.46,2.035788
14749,0.2346277,-1.336481,-1.46,1.993197
14750,0.2587073,-1.381742,-1.40386,1.986697
14751,0.2900162,-1.391051,-1.46,2.037335
14752,0.2683128,-1.339091,-1.46,1.999189
14753,0.2758096,-1.314011,-1.46,1.983506
14754,-0.8924595,-1.396366,-1.46,2.208602
14755,-0.8445122,-1.311066,-1.442862,2.124605
14756,-0.8781781,-1.323861,-1.46,2.157639
14757,-0.8162621,-1.365091,-1.46,2.159018
14758,-0.881619,-1.388023,-1.420416,2.172888
14759,-0.8051806,-1.383357,-1.386461,2.117609
14760,0.7434217,-1.459305,0.3525639,1.675275
14761,0.7049404,-1.459449,0.3061239,1.649438
14762,0.7902375,-1.459535,0.3193426,1.690177
14763,0.7902373,-1.459747,0.3193312,1.690358
14764,0.703863,-1.459295,0.3869426,1.66574
14765,0.7433935,-1.46,0.3525737,1.675871
14766,-0.3240142,-1.459922,0.3836047,1.543862
14767,-0.3666257,-1.46,0.3382812,1.54287
14768,-0.3706858,-1.45721,0.3841836,1.551923
14769,-0.3666547,-1.46,0.3383018,1.542882
14770,-0.3706756,-1.457203,0.3841994,1.551918
14771,1.312639,-1.191423,-1.097918,2.08517
14772,1.312641,-1.191419,-1.097913,2.085166
14773,1.311552,-1.145639,-1.02292,2.019659
14774,1.31155,-1.145638,-1.022916,2.019655
14775,1.348421,-1.183592,-0.9985058,2.053325
14776,1.348917,-1.181558,-1.062316,2.084268
14777,1.359847,-1.155591,-1.060395,2.075816
14778,1.34647,-1.104966,-1.049071,2.033343
14779,1.377601,-1.117256,-1.015411,2.043796
14780,1.395306,-1.108877,-1.023994,2.055493
14781,0.210792,-1.182014,-1.008283,1.567873
14782,0.2836655,-1.134136,-1.002084,1.539774
14783,0.2701399,-1.171677,-1.042602,1.591485
14784,0.2095614,-1.126742,-1.087333,1.579796
14785,0.2771176,-1.117934,-1.098242,1.591448
14786,0.2121028,-1.092845,-1.009772,1.502976
14787,0.232262,-1.146646,-1.054531,1.575049
14788,0.2771134,-1.117937,-1.098241,1.591449
14789,0.2920755,-1.150017,-1.048215,1.583225
14790,-0.8391255,-1.110461,-1.107131,1.778481
14791,1.358184,-0.9447969,-0.6745879,1.786721
14792,1.302864,-0.9047418,-0.6244619,1.70469
14793,1.32175,-0.929264,-0.6043674,1.725055
14794,1.31935,-0.9837516,-0.6424623,1.766694
14795,1.331665,-0.9163637,-0.6786998,1.753193
14796,1.319358,-0.9837447,-0.6424748,1.766701
14797,1.388618,-0.9943402,-0.6259604,1.819011
14798,1.353718,-0.9565322,-0.619916,1.76969
14799,-0.840519,-0.920332,-0.710893,1.43487
14800,-0.8596327,-0.8930849,-0.5988579,1.376662
14801,-0.8564315,-1.003846,-0.6467927,1.469531
14802,0.7458121,-1.46,0.2470864,1.657977
14803,0.7327424,-1.46,0.2686794,1.655506
14804,0.745735,-1.459445,0.2947959,1.665234
14805,0.787492,-1.437395,0.251381,1.658143
14806,0.7910842,-1.46,0.2620464,1.681096
14807,-0.381338,-1.46,0.2455313,1.528825
14808,-0.38134,-1.46,0.24553,1.528825
14809,-0.3477376,-1.46,0.2773057,1.526244
14810,-0.4029265,-1.441773,0.3044252,1.527656
14811,-0.4029138,-1.441775,0.3044202,1.527654
14812,-0.3482455,-1.46,0.276785,1.526265
14813,-1.46,-1.459558,0.2187666,2.075998
14814,-1.46,-1.45956,0.2187759,2.076
14815,-1.419455,-1.46,0.2358395,2.049896
14816,-1.419461,-1.46,0.2358554,2.049902
14817,-1.46,-1.459614,0.2982344,2.085909
14818,-1.46,-1.421629,0.2759153,2.056395
14819,-1.46,-1.459623,0.2982307,2.085915
14820,-1.46,-1.421642,0.2759111,2.056403
14821,1.309385,-1.157565,-1.163117,2.099354
14822,1.383292,-1.181342,-1.171315,2.163572
14823,1.342579,-1.164705,-1.159353,2.122063
14824,1.325042,-1.118545,-1.101888,2.054516
14825,1.386308,-1.166339,-1.104274,2.121701
14826,1.351338,-1.141762,-1.109564,2.088269
14827,1.397286,-1.101058,-1.159448,2.123454
14828,1.362315,-1.123227,-1.174295,2.120497
14829,0.2203337,-1.115315,-1.153727,1.619741
14830,0.253628,-1.186619,-1.122938,1.653294
14831,0.2847735,-1.153206,-1.185918,1.678506
14832,0.2895365,-1.150286,-1.14531,1.648856
14833,0.2521793,-1.150223,-1.161807,1.654208
14834,-0.8058832,-1.165102,-1.143548,1.820608
14835,1.338452,-0.9233221,-0.7536623,1.792201
14836,1.341262,-0.96836,-0.7372712,1.811152
14837,1.329391,-0.9551628,-0.7811207,1.813771
14838,1.378979,-0.9197161,-0.7931541,1.83754
14839,1.355278,-0.9742481,-0.6976414,1.809044
14840,1.36977,-0.9226954,-0.7330329,1.806924
14841,0.2131305,-0.9558553,-0.7829223,1.253815
14842,0.2901503,-0.9901837,-0.7792565,1.293016
14843,0.2901364,-0.9901945,-0.7792389,1.293011
14844,0.2184137,-0.9797647,-0.7193192,1.234935
14845,-0.8396832,-0.9331682,-0.7949162,1.485854
14846,0.7878495,-1.459738,0.20097,1.670907
14847,0.7532266,-1.46,0.1535597,1.650009
14848,0.7878503,-1.459735,0.2009712,1.670905
14849,0.7839853,-1.45968,0.1401354,1.66281
14850,0.7252606,-1.459947,0.200812,1.64249
14851,0.7253516,-1.459308,0.2008036,1.641961
14852,0.7464786,-1.459679,0.123421,1.644118
14853,0.7104998,-1.459772,0.1336122,1.628986
14854,-0.3405067,-1.46,0.1818683,1.510172
14855,-0.3771378,-1.459884,0.1534171,1.515596
14856,-0.3420866,-1.393658,0.2014659,1.449102
14857,-0.3932725,-1.459762,0.1275789,1.517183
14858,-0.3343691,-1.459289,0.2067087,1.51131
14859,-0.3568744,-1.416773,0.1830298,1.472448
14860,-0.3571549,-1.41657,0.1830595,1.472325
14861,-0.3932593,-1.459764,0.1275705,1.517181
14862,-1.46,-1.459925,0.1736975,2.071992
14863,-1.407067,-1.46,0.1854711,2.036133
14864,-1.46,-1.459921,0.1736856,2.071988
14865,-1.407067,-1.46,0.1854484,2.03613
14866,-1.46,-1.459204,0.1291477,2.068225
14867,-1.46,-1.459154,0.1291341,2.068189
14868,1.363495,-1.164445,-1.231735,2.175367
14869,1.309845,-1.106554,-1.272104,2.135041
14870,1.388626,-1.187875,-1.227308,2.201275
14871,1.31145,-1.15753,-1.2881,2.172321
14872,1.368716,-1.110297,-1.289767,2.183951
14873,1.317552,-1.111337,-1.203846,2.102441
14874,1.400812,-1.142876,-1.206594,2.173548
14875,1.38014,-1.146278,-1.288266,2.208703
14876,1.349926,-1.119821,-1.248783,2.15308
14877,1.326157,-1.159731,-1.218517,2.142067
14878,1.353549,-1.17579,-1.29421,2.211234
14879,0.2186296,-1.166089,-1.263916,1.733507
14880,0.2179807,-1.140671,-1.204051,1.672837
14881,0.2145072,-1.11391,-1.287089,1.715636
14882,0.2349602,-1.097876,-1.229882,1.665277
14883,0.2349541,-1.097873,-1.229888,1.665278
14884,0.2996781,-1.191189,-1.26908,1.766155
14885,0.2479767,-1.141734,-1.293381,1.742952
14886,0.2744119,-1.099436,-1.281295,1.710491
14887,0.2845887,-1.106948,-1.207127,1.662372
14888,0.2637187,-1.157939,-1.241054,1.717727
14889,0.2988405,-1.136639,-1.275652,1.734515
14890,0.2991441,-1.164778,-1.220358,1.713321
14891,-0.8946848,-1.094397,-1.199649,1.854002
14892,-0.8135822,-1.141861,-1.279711,1.898268
14893,-0.8560078,-1.182833,-1.231795,1.910278
14894,1.313189,-0.9618186,-0.8953596,1.857748
14895,1.379678,-0.966202,-0.8066782,1.867562
14896,1.33403,-0.9051749,-0.8586407,1.826538
14897,1.324644,-0.9149094,-0.814327,1.804126
14898,1.355379,-0.9855838,-0.8271597,1.868855
14899,1.36569,-0.9403578,-0.8520175,1.86422
14900,1.31346,-0.9569329,-0.8490394,1.833512
14901,1.376879,-0.8983329,-0.8526002,1.851952
14902,1.347385,-0.9727499,-0.890664,1.885463
14903,0.2144067,-0.9148623,-0.8219706,1.248431
14904,0.2511363,-0.983982,-0.8255466,1.308746
14905,0.2215032,-0.9826701,-0.8838923,1.340138
14906,0.221506,-0.982675,-0.8838994,1.340147
14907,0.2511342,-0.9839824,-0.8255538,1.308751
14908,0.2576089,-0.9295397,-0.8573424,1.29052
14909,0.2753264,-0.9523045,-0.8792329,1.325043
14910,0.2442043,-0.9272277,-0.8085037,1.254219
14911,0.2442212,-0.9272431,-0.8084922,1.254226
14912,-0.9006445,-1.003524,-0.859611,1.59911
14913,1.340011,-0.7868291,-0.4719069,1.624015
14914,1.340013,-0.7868325,-0.4719028,1.624017
14915,0.7402343,-1.46,0.06496661,1.638221
14916,0.7205324,-1.46,0.07716092,1.629945
14917,0.7743936,-1.46,0.04738841,1.653339
14918,0.7743748,-1.459913,0.08982276,1.655014
14919,0.8009812,-1.46,0.08082997,1.667245
14920,0.7170352,-1.46,0.01085246,1.626609
14921,0.7171416,-1.45977,0.01091988,1.62645
14922,-0.3081366,-1.459781,0.1130494,1.496225
14923,-0.307801,-1.459995,0.1133086,1.496384
14924,-0.3526852,-1.459851,0.1057747,1.505569
14925,-0.3526831,-1.45985,0.1057666,1.505568
14926,-0.3640865,-1.46,0.0291822,1.504995
14927,-0.3640797,-1.46,0.02917154,1.504993
14928,-0.3072626,-1.457776,0.02406951,1.49
14929,-0.3072568,-1.457782,0.02405643,1.490004
14930,-1.410644,-1.46,0.09183156,2.032228
14931,-1.46,-1.46,0.07748363,2.066205
14932,-1.46,-1.46,0.07747573,2.066205
14933,-1.430636,-1.46,0.1063803,2.04686
14934,-1.426458,-1.46,0.05068336,2.041801
14935,-1.46,-1.46,0.02714866,2.06493
14936,1.362399,-1.199063,-1.382308,2.281371
14937,1.385089,-1.15454,-1.398552,2.281969
14938,1.343276,-1.179778,-1.346037,2.237874
14939,1.353825,-1.121625,-1.39943,2.247062
14940,1.361028,-1.126808,-1.346356,2.221434
14941,1.383347,-1.184088,-1.332236,2.256228
14942,1.316932,-1.101298,-1.308521,2.158563
14943,1.326741,-1.14452,-1.396516,2.240631
14944,1.395106,-1.107401,-1.358547,2.240158
14945,1.317886,-1.146831,-1.337698,2.200336
14946,0.2207188,-1.149159,-1.39558,1.821243
14947,0.2185063,-1.171352,-1.336465,1.790516
14948,0.293606,-1.178368,-1.321103,1.794455
14949,0.2927113,-1.173695,-1.392679,1.844667
14950,0.2556946,-1.175485,-1.346584,1.805667
14951,0.2854322,-1.141412,-1.389792,1.820938
14952,0.2591363,-1.184035,-1.396728,1.849308
14953,0.2680945,-1.119743,-1.336795,1.76429
14954,0.3039992,-1.114493,-1.330092,1.761719
14955,0.2497223,-1.12497,-1.39193,1.807038
14956,-0.854364,-1.144409,-1.394797,1.996263
14957,0.8385133,-0.2951321,-1.459726,1.709095
14958,0.8511549,-0.2445242,-1.459676,1.707311
14959,0.8511443,-0.2445386,-1.459669,1.707301
14960,0.8775939,-0.2835719,-1.459494,1.726472
14961,1.397221,-0.9483148,-0.9135914,1.919942
14962,1.340376,-0.9171991,-0.9367037,1.874907
14963,1.370792,-0.9916301,-0.9292986,1.930284
14964,1.35898,-0.9710968,-0.9619779,1.9275
14965,1.397222,-0.9483169,-0.9135936,1.919945
14966,1.327046,-0.974785,-0.9610047,1.906512
14967,1.316371,-0.9283027,-0.9628968,1.876632
14968,1.366531,-0.8982246,-0.9390218,1.885729
14969,0.3019239,-0.9866894,-0.9396074,1.395556
14970,0.2202667,-0.9060206,-0.9737485,1.348175
14971,0.22021,-0.9058324,-0.9736134,1.347942
14972,0.2147732,-0.9925408,-0.9546649,1.39379
14973,0.2918491,-0.9825573,-0.9049399,1.367301
14974,0.278858,-0.9166458,-0.988211,1.376431
14975,0.2893637,-0.9517412,-0.9781413,1.3951
14976,0.2737939,-0.9337885,-0.9168774,1.337007
14977,0.2757626,-0.9463431,-0.9484258,1.36789
14978,0.2435903,-0.9415723,-0.8990166,1.324434
14979,-0.8194343,-0.9952191,-0.9759024,1.616886
14980,-0.8401294,-0.9323387,-0.9118495,1.551304
14981,1.331609,-0.7187971,-0.5977947,1.627025
14982,1.378039,-0.7857063,-0.5236666,1.670495
14983,1.378029,-0.7857028,-0.5236561,1.670482
14984,1.396106,-0.7427269,-0.5802937,1.684487
14985,1.348256,-0.7310883,-0.580372,1.639853
14986,1.395749,-0.7957644,-0.5714923,1.705274
14987,1.324093,-0.7566665,-0.5217699,1.611835
14988,1.346875,-0.7682177,-0.5782608,1.654877
14989,1.324091,-0.7566666,-0.5217776,1.611835
14990,0.7610988,-1.459826,-0.06010089,1.647415
14991,0.7708568,-1.46,-0.0006440905,1.651006
14992,0.7708488,-1.46,-0.0006452391,1.651002
14993,0.7610294,-1.458426,-0.06008129,1.646141
14994,0.7203683,-1.46,-0.05458809,1.62896
14995,-0.398083,-1.46,-0.02388283,1.513486
14996,-0.3144132,-1.46,-0.07337568,1.495273
14997,-0.3862697,-1.389058,-0.05874757,1.442962
14998,-0.3983928,-1.46,-0.02426331,1.513574
14999,-1.46,-1.46,0.004059675,2.064756
15000,-1.46,-1.454834,-0.02144185,2.061214
15001,-1.46,-1.46,-0.06517692,2.06578
15002,-1.46,-1.46,-0.06516855,2.06578
15003,-1.456651,-1.46,-0.07764918,2.063846
15004,-1.426104,-1.46,-0.01401352,2.040972
15005,-1.4261,-1.46,-0.01400958,2.04097
15006,-1.46,-1.46,-0.04919366,2.065338
15007,-1.456651,-1.46,-0.07764922,2.063846
15008,-1.46,-1.46,-0.08516756,2.066508
15009,-1.46,-1.46,-0.08516499,2.066508
15010,-1.46,-1.46,-0.05962817,2.065613
15011,1.388156,-1.193259,-1.46,2.341462
15012,1.347805,-1.137388,-1.46,2.289504
15013,1.347828,-1.137373,-1.46,2.28951
15014,1.342482,-1.190425,-1.403208,2.277798
15015,0.237233,-1.201577,-1.46,1.905693
15016,0.2987151,-1.126847,-1.46,1.868319
15017,0.240417,-1.14274,-1.46,1.86956
15018,0.302184,-1.179562,-1.46,1.901126
15019,0.2341743,-1.179533,-1.46,1.891491
15020,0.2660908,-1.153768,-1.46,1.879783
15021,0.2821481,-1.107406,-1.46,1.854064
15022,-0.8582169,-1.105892,-1.46,2.022655
15023,-0.8136186,-1.164613,-1.46,2.03713
15024,-0.8885339,-1.194167,-1.46,2.084976
15025,1.364933,-0.9354892,-1.007503,1.937329
15026,1.386444,-0.9328342,-1.09541,1.998081
15027,1.37536,-0.9753274,-1.016778,1.968938
15028,1.343148,-0.99662,-1.013288,1.955518
15029,1.318012,-0.923756,-1.067967,1.931589
15030,1.37434,-0.9731146,-1.069389,1.994832
15031,1.308629,-0.9635006,-1.019531,1.918408
15032,1.348159,-0.9078265,-1.084455,1.9539
15033,1.384228,-0.9048708,-1.050814,1.95936
15034,1.33322,-0.9187312,-1.020603,1.913941
15035,1.346331,-0.9730476,-1.072177,1.977117
15036,0.2454933,-0.9434195,-1.094259,1.465507
15037,0.2601905,-0.9683183,-1.023314,1.432659
15038,0.2715468,-0.9820301,-1.020326,1.441938
15039,0.2976167,-0.9449736,-1.081902,1.466991
15040,0.2791053,-0.9520042,-1.060298,1.452048
15041,0.2708494,-0.9094634,-1.012768,1.38787
15042,-0.8118164,-0.9639747,-1.063955,1.649331
15043,1.322824,-0.7867581,-0.6951403,1.688808
15044,1.320808,-0.7149544,-0.6843005,1.650443
15045,1.322055,-0.709357,-0.6277484,1.626372
15046,1.357736,-0.7223014,-0.649157,1.669303
15047,1.307535,-0.769491,-0.6757856,1.660858
15048,1.385313,-0.7106507,-0.6668198,1.693743
15049,1.384336,-0.7682297,-0.6281263,1.703263
15050,1.353352,-0.769486,-0.6282218,1.678789
15051,1.390368,-0.7213708,-0.5998625,1.677299
15052,-0.856947,-0.7209771,-0.6796564,1.31
15053,0.7120332,-1.46,-0.1459646,1.630919
15054,0.7380499,-1.46,-0.1889842,1.646825
15055,0.7059463,-1.459462,-0.1333038,1.626702
15056,0.7625688,-1.458418,-0.134868,1.651268
15057,0.7324861,-1.46,-0.09876922,1.636426
15058,0.8010875,-1.459949,-0.09693869,1.668109
15059,0.7625965,-1.458441,-0.1349314,1.651305
15060,-0.3661425,-1.46,-0.1447151,1.512152
15061,-0.3810583,-1.403898,-0.1023158,1.458288
15062,-1.46,-1.40948,-0.1592891,2.035585
15063,-1.46,-1.409475,-0.159291,2.035582
15064,-1.423226,-1.46,-0.1295944,2.043029
15065,-1.46,-1.46,-0.1005949,2.067201
15066,-1.46,-1.46,-0.1005963,2.067201
15067,-1.46,-1.46,-0.1568856,2.070704
15068,-1.434393,-1.46,-0.1664359,2.053481
15069,-1.424795,-1.424205,-0.1113428,2.017622
15070,-1.46,-1.46,-0.1569021,2.070705
15071,1.324739,-0.9566425,-1.135869,1.99005
15072,1.337248,-0.9498534,-1.192301,2.027816
15073,1.378136,-0.9553753,-1.152895,2.034986
15074,1.342767,-0.992316,-1.108723,2.004241
15075,1.370159,-0.9081513,-1.190901,2.029857
15076,1.35896,-0.9356764,-1.13895,2.004862
15077,0.2078234,-0.9655813,-1.143996,1.511379
15078,0.2828488,-0.9164951,-1.189006,1.527646
15079,0.2239345,-0.9654971,-1.190923,1.549396
15080,0.2633951,-0.9615158,-1.157267,1.527467
15081,0.2633936,-0.9615228,-1.157268,1.527472
15082,-0.833202,-0.9543901,-1.177031,1.729303
15083,1.360495,-0.7897859,-0.7572643,1.745897
15084,1.376495,-0.7025162,-0.722396,1.705909
15085,1.380381,-0.7671844,-0.6988775,1.726978
15086,1.321949,-0.7570411,-0.7555942,1.700465
15087,1.304183,-0.7929333,-0.7495679,1.700438
15088,1.380381,-0.7671821,-0.6988628,1.726971
15089,1.348105,-0.724798,-0.7681468,1.712533
15090,1.322733,-0.7415032,-0.7135405,1.675885
15091,1.38608,-0.7352559,-0.7438582,1.736417
15092,1.359437,-0.7801551,-0.7959971,1.757931
15093,-0.8051922,-0.8006338,-0.7264288,1.347979
15094,-0.8734436,-0.7279794,-0.7979601,1.3891
15095,0.7869356,-1.459759,-0.2004487,1.670432
15096,0.7333684,-1.456775,-0.1949236,1.642565
15097,0.7599568,-1.459619,-0.2530285,1.664946
15098,0.7869282,-1.459761,-0.2004451,1.67043
15099,0.7599594,-1.459662,-0.2530287,1.664985
15100,-0.3555565,-1.46,-0.2007938,1.516027
15101,-0.3035599,-1.46,-0.2198761,1.507347
15102,-0.3545119,-1.407411,-0.2924236,1.480539
15103,-0.3630403,-1.459928,-0.2705374,1.528522
15104,-1.40868,-1.46,-0.2573341,2.045043
15105,-1.46,-1.46,-0.2631703,2.081456
15106,-1.429677,-1.46,-0.2033796,2.053519
15107,-1.46,-1.46,-0.2153697,2.075954
15108,-1.442343,-1.46,-0.2808991,2.071439
15109,-1.414564,-1.46,-0.2228105,2.045052
15110,-1.46,-1.46,-0.2631576,2.081454
15111,-1.46,-1.46,-0.2153544,2.075952
15112,-1.442336,-1.46,-0.280843,2.071426
15113,1.379338,-0.9604111,-1.205853,2.068585
15114,1.329692,-0.9239435,-1.281768,2.065111
15115,1.374312,-0.942596,-1.277593,2.099873
15116,1.31273,-0.9788646,-1.261616,2.06715
15117,1.358878,-0.9917899,-1.22746,2.082512
15118,1.307043,-0.9643372,-1.199916,2.019432
15119,1.351083,-0.9294919,-1.22852,2.049059
15120,1.312763,-0.9788163,-1.261628,2.067156
15121,1.358197,-0.9750004,-1.298708,2.117065
15122,1.314161,-0.9018096,-1.254444,2.028278
15123,0.3077888,-0.9279064,-1.253164,1.589391
15124,0.2924042,-0.9560759,-1.217765,1.575605
15125,0.2916635,-0.9061825,-1.261727,1.580566
15126,0.2283886,-0.918634,-1.195184,1.524636
15127,0.2552088,-0.9588879,-1.229171,1.579702
15128,0.2310095,-0.917093,-1.242331,1.561349
15129,0.2662493,-0.9871364,-1.267623,1.628556
15130,0.245313,-0.9752706,-1.266956,1.617563
15131,-0.857196,-0.9172803,-1.275521,1.789732
15132,1.335499,-0.7464911,-0.841745,1.746237
15133,1.387002,-0.745459,-0.8044984,1.768248
15134,1.332575,-0.7909314,-0.8236297,1.754906
15135,1.307517,-0.7463341,-0.8041184,1.706816
15136,1.366736,-0.792785,-0.8908376,1.813854
15137,1.357882,-0.7736163,-0.8831119,1.795052
15138,1.350579,-0.7273539,-0.8238156,1.741201
15139,1.386602,-0.7155524,-0.893234,1.797928
15140,1.3866,-0.7155589,-0.8932365,1.797931
15141,1.327332,-0.7537326,-0.894447,1.769169
15142,-0.8562187,-0.7094144,-0.9029228,1.432358
15143,0.7225651,-1.459962,-0.2940675,1.655314
15144,0.7225543,-1.459963,-0.2940548,1.655308
15145,0.8014975,-1.46,-0.3710382,1.706361
15146,0.7764932,-1.46,-0.3195854,1.684244
15147,0.771269,-1.459788,-0.3145172,1.680702
15148,0.7446281,-1.46,-0.3654488,1.679174
15149,0.7446188,-1.46,-0.365429,1.679165
15150,0.8015143,-1.46,-0.3710459,1.706371
15151,-0.4005166,-1.46,-0.311199,1.545593
15152,-0.3529226,-1.46,-0.3714816,1.547305
15153,-0.3024431,-1.46,-0.3059224,1.522058
15154,-0.3023368,-1.46,-0.30595,1.522042
15155,-0.3532932,-1.422906,-0.3879297,1.516564
15156,-1.46,-1.424271,-0.3165266,2.064059
15157,-1.46,-1.424282,-0.3165475,2.06407
15158,-1.426037,-1.46,-0.3261253,2.06677
15159,-1.46,-1.46,-0.2994788,2.086358
15160,-1.46,-1.46,-0.2994977,2.08636
15161,-1.457965,-1.46,-0.340119,2.091158
15162,-1.46,-1.46,-0.3615354,2.096165
15163,-1.413139,-1.46,-0.3253806,2.057774
15164,-1.46,-1.46,-0.3144572,2.08856
15165,-1.457962,-1.46,-0.3401258,2.091158
15166,-1.46,-1.46,-0.3462696,2.093586
15167,-1.46,-1.46,-0.314469,2.088562
15168,-1.406847,-1.46,-0.383297,2.063428
15169,-0.2961248,-1.257796,0.006598598,1.292202
15170,-0.2957096,-1.258243,0.006537983,1.292541
15171,-1.409213,-1.285808,0.02745929,1.907862
15172,-1.40921,-1.285804,0.02746556,1.907857
15173,1.340618,-0.9695247,-1.398384,2.166267
15174,1.391065,-0.9264782,-1.329934,2.135918
15175,1.36404,-0.9136801,-1.383971,2.147275
15176,1.34062,-0.9695383,-1.398381,2.166272
15177,1.354945,-0.9004659,-1.400184,2.146446
15178,1.322272,-0.9681184,-1.331525,2.111543
15179,1.387904,-0.9611693,-1.343743,2.157723
15180,1.349589,-0.934164,-1.339713,2.118699
15181,0.2208833,-0.916874,-1.311144,1.6151
15182,0.2168377,-0.9501789,-1.386285,1.694593
15183,0.2685206,-0.9528102,-1.335616,1.662474
15184,0.3035405,-0.9178009,-1.302294,1.621871
15185,0.3037744,-0.957446,-1.365281,1.694985
15186,0.2892502,-0.9195625,-1.384045,1.686666
15187,0.2386284,-0.905547,-1.384609,1.671557
15188,0.2386363,-0.9055425,-1.384608,1.671555
15189,0.2779225,-0.9741695,-1.385402,1.716271
15190,0.2543547,-0.9405588,-1.311516,1.633837
15191,0.2429407,-0.9928288,-1.385547,1.721763
15192,-0.8796413,-0.9465513,-1.373489,1.885789
15193,-0.817847,-0.9898218,-1.330176,1.848781
15194,1.327333,-0.7080858,-0.9987951,1.805766
15195,1.362856,-0.7398803,-0.9354766,1.811054
15196,1.317436,-0.7142032,-0.9564599,1.777791
15197,1.369895,-0.7081007,-0.9490608,1.810728
15198,1.311138,-0.7720667,-0.9532937,1.795533
15199,1.349027,-0.7518582,-0.9727244,1.8252
15200,-0.8287938,-0.6980796,-0.9698184,1.454222
15201,0.7169271,-1.46,-0.4074967,1.676794
15202,0.7169276,-1.46,-0.4075061,1.676797
15203,0.7801018,-1.46,-0.424018,1.708786
15204,0.7437318,-1.46,-0.4600865,1.701886
15205,0.7437289,-1.46,-0.460087,1.701885
15206,0.7801008,-1.46,-0.4240249,1.708787
15207,-0.3573347,-1.46,-0.4400645,1.566188
15208,-1.46,-1.416351,-0.4613099,2.085775
15209,-1.46,-1.46,-0.4885084,2.121754
15210,-1.46,-1.46,-0.4885292,2.121759
15211,-1.416744,-1.46,-0.4343929,2.080255
15212,-1.46,-1.46,-0.4157886,2.1062
15213,-1.46,-1.402908,-0.4044198,2.064777
15214,-1.442731,-1.46,-0.5049686,2.11378
15215,-1.456866,-1.46,-0.436328,2.108184
15216,-1.46,-1.46,-0.415783,2.106199
15217,-0.3595731,-1.237815,-0.01668139,1.289092
15218,-0.3595748,-1.23782,-0.01668055,1.289097
15219,-1.46,-1.250318,-0.05353227,1.922956
15220,-1.46,-1.250322,-0.05352976,1.922959
15221,1.352848,-0.9972422,-1.46,2.226272
15222,1.371402,-0.9594998,-1.46,2.221032
15223,1.326897,-0.9202294,-1.46,2.176942
15224,1.332058,-0.9471532,-1.46,2.191593
15225,0.2228824,-0.9618844,-1.46,1.762526
15226,0.232282,-0.9717788,-1.46,1.769155
15227,0.2699379,-0.9333637,-1.46,1.753749
15228,0.3055362,-0.9463931,-1.46,1.766526
15229,0.3025987,-0.9885037,-1.46,1.78894
15230,0.2699236,-0.9333857,-1.46,1.753758
15231,-0.8351771,-0.9522907,-1.46,1.932868
15232,1.375909,-0.7522201,-1.090726,1.910143
15233,1.332977,-0.7736707,-1.016733,1.846386
15234,1.343194,-0.7031689,-1.069617,1.855451
15235,1.393042,-0.7587892,-1.024584,1.888412
15236,1.360649,-0.7905558,-1.055437,1.894807
15237,1.393047,-0.7587925,-1.024589,1.88842
15238,1.332258,-0.724611,-1.088522,1.866776
15239,1.323551,-0.7347023,-1.033684,1.833051
15240,-0.8723855,-0.7171518,-1.080674,1.56308
15241,-0.7977419,-0.8032031,-1.071038,1.558413
15242,0.7353553,-1.46,-0.5329378,1.71941
15243,0.7353647,-1.46,-0.532931,1.719412
15244,0.7755532,-1.46,-0.5742936,1.750113
15245,0.7755516,-1.46,-0.5742986,1.750114
15246,0.77963,-1.46,-0.5032061,1.729925
15247,0.7796522,-1.46,-0.5032099,1.729936
15248,-0.2992593,-1.46,-0.5558175,1.590625
15249,-0.3886558,-1.46,-0.5171752,1.596911
15250,-1.418371,-1.46,-0.513746,2.09936
15251,-1.46,-1.46,-0.5128523,2.127491
15252,-1.46,-1.46,-0.5257192,2.130629
15253,-1.46,-1.456589,-0.5006668,2.122244
15254,-1.46,-1.456589,-0.5006665,2.122244
15255,-1.429626,-1.46,-0.5723826,2.12204
15256,-1.46,-1.411562,-0.5722812,2.109885
15257,-1.46,-1.46,-0.5407449,2.134386
15258,-1.46,-1.46,-0.5257359,2.130633
15259,-1.412269,-1.425153,-0.553255,2.081263
15260,-1.435874,-1.46,-0.5176862,2.112187
15261,-0.3919296,-1.292737,-0.128185,1.356911
15262,-0.409533,-1.238761,-0.1549834,1.313874
15263,-1.46,-1.286067,-0.1494229,1.951383
15264,-1.432329,-1.20013,-0.1091463,1.871842
15265,-1.419855,-1.26059,-0.1384104,1.903742
15266,-1.46,-1.286066,-0.1494222,1.951383
15267,-1.46,-1.206257,-0.1462131,1.899482
15268,-1.46,-1.206265,-0.1462165,1.899488
15269,-1.432329,-1.200124,-0.1091406,1.871837
15270,-1.46,-1.248483,-0.1856779,1.929971
15271,1.340823,-0.7406303,-1.165311,1.924653
15272,1.332323,-0.7805306,-1.109581,1.901443
15273,1.340814,-0.7406482,-1.165309,1.924652
15274,1.383543,-0.7911761,-1.101913,1.937618
15275,1.303641,-0.7778685,-1.173824,1.918964
15276,1.309304,-0.7558673,-1.110054,1.875589
15277,1.38279,-0.7032749,-1.187248,1.953525
15278,1.382219,-0.7441596,-1.127209,1.932589
15279,0.71104,-1.46,-0.6105007,1.734903
15280,0.7396756,-1.46,-0.6293822,1.753523
15281,0.7914663,-1.46,-0.6293232,1.775969
15282,0.7914889,-1.46,-0.6293387,1.775985
15283,0.7617199,-1.46,-0.6759274,1.780083
15284,0.7352036,-1.46,-0.5980183,1.740618
15285,0.7617115,-1.46,-0.6759257,1.780079
15286,-0.3973603,-1.46,-0.6325329,1.639998
15287,-0.3135476,-1.46,-0.654135,1.630278
15288,-0.3331559,-1.451982,-0.6229913,1.614733
15289,-1.46,-1.425877,-0.6125109,2.130703
15290,-1.409398,-1.46,-0.5976685,2.115469
15291,-1.46,-1.46,-0.6665238,2.169667
15292,-1.46,-1.46,-0.6619344,2.168261
15293,-1.46,-1.419201,-0.6448613,2.135785
15294,-1.46,-1.46,-0.6121289,2.153579
15295,-1.46,-1.44003,-0.6230314,2.143234
15296,-1.46,-1.46,-0.6120769,2.153564
15297,-1.46,-1.407871,-0.7057054,2.147492
15298,-1.46,-1.407841,-0.7057047,2.147472
15299,-0.8206509,-0.5771905,-0.7748433,1.267675
15300,-0.315069,-1.263169,-0.2151357,1.319525
15301,-0.366042,-1.201231,-0.2738317,1.285273
15302,-1.41247,-1.285516,-0.1894174,1.919245
15303,-1.46,-1.294521,-0.2364606,1.965528
15304,-1.46,-1.235482,-0.2283453,1.926177
15305,-1.412359,-1.252649,-0.2603949,1.9057
15306,-1.412203,-1.252702,-0.2603267,1.905611
15307,-1.46,-1.243444,-0.2746654,1.937316
15308,-1.46,-1.200627,-0.2864403,1.911846
15309,1.325342,-0.7386698,-1.271204,1.979425
15310,1.372239,-0.7815182,-1.203945,1.985773
15311,1.347797,-0.770336,-1.237774,1.985462
15312,1.319197,-0.7869527,-1.270215,1.993244
15313,1.326652,-0.7002127,-1.229833,1.939791
15314,1.387161,-0.7066044,-1.264561,2.005647
15315,1.347408,-0.736561,-1.294498,2.008421
15316,1.326654,-0.7001922,-1.229837,1.939789
15317,1.370332,-0.7233996,-1.223229,1.974185
15318,-0.8595256,-0.7386243,-1.199336,1.650078
15319,0.7174239,-1.46,-0.7771608,1.802852
15320,0.7174256,-1.46,-0.7771335,1.802841
15321,0.8040283,-1.46,-0.711816,1.812386
15322,0.7875731,-1.46,-0.7804981,1.833316
15323,0.8040811,-1.46,-0.7118492,1.812423
15324,0.7552043,-1.46,-0.7373307,1.801552
15325,0.7552016,-1.46,-0.7373169,1.801545
15326,0.787574,-1.46,-0.7805046,1.83332
15327,-0.3430355,-1.425485,-0.7530245,1.64825
15328,-0.3465421,-1.46,-0.7001795,1.655881
15329,-0.3742769,-1.46,-0.8015449,1.70709
15330,-0.3080341,-1.46,-0.773966,1.680925
15331,-0.38794,-1.415618,-0.7329111,1.640619
15332,-0.3831095,-1.46,-0.7474527,1.684357
15333,-1.46,-1.46,-0.7810599,2.207545
15334,-1.415329,-1.46,-0.7032428,2.151582
15335,-1.46,-1.46,-0.7455198,2.195222
15336,-1.42923,-1.46,-0.7618819,2.180542
15337,-1.46,-1.46,-0.7025577,2.181006
15338,-1.46,-1.46,-0.7025753,2.181012
15339,-1.46,-1.46,-0.7455515,2.195233
15340,1.388274,-0.5868103,-0.8611737,1.735878
15341,-0.3164496,-1.200304,-0.3743235,1.296529
15342,-1.46,-1.300848,-0.3386962,1.984571
15343,-1.414176,-1.223699,-0.4007332,1.912569
15344,-1.443132,-1.275936,-0.3181224,1.952394
15345,-1.46,-1.199473,-0.317595,1.916038
15346,-1.46,-1.234546,-0.3301358,1.940282
15347,-1.46,-1.293432,-0.3429051,1.980442
15348,-1.446627,-1.248935,-0.3340648,1.940146
15349,1.313143,-0.7108718,-1.340116,2.006388
15350,1.309856,-0.7930169,-1.329264,2.027693
15351,1.395933,-0.794517,-1.335744,2.089043
15352,1.345494,-0.7573546,-1.329587,2.037582
15353,1.313139,-0.7108769,-1.340117,2.006389
15354,1.360682,-0.7501313,-1.388969,2.08408
15355,1.299506,-0.7145973,-1.397419,2.037681
15356,1.303737,-0.7453842,-1.390305,2.046528
15357,1.360688,-0.7501253,-1.388965,2.084078
15358,-0.8304733,-0.7239279,-1.310588,1.712133
15359,-0.8782786,-0.7571408,-1.369829,1.794733
15360,0.7929202,-1.46,-0.8399196,1.861663
15361,0.7339768,-1.46,-0.8828774,1.857362
15362,0.7818921,-1.46,-0.8953459,1.882711
15363,0.7818912,-1.46,-0.8953639,1.882719
15364,0.7929238,-1.46,-0.8398966,1.861654
15365,0.7475809,-1.46,-0.821961,1.834693
15366,0.7475673,-1.46,-0.8220254,1.834716
15367,0.7339748,-1.46,-0.8828574,1.857352
15368,-0.3116514,-1.46,-0.8500392,1.717933
15369,-0.3244636,-1.449878,-0.8744797,1.723988
15370,-0.3895765,-1.46,-0.8418264,1.729752
15371,-0.3510889,-1.46,-0.8381893,1.719717
15372,-0.3269284,-1.436028,-0.8975992,1.724744
15373,-1.396456,-1.409747,-0.86369,2.164125
15374,-1.432603,-1.46,-0.8238347,2.205143
15375,-1.46,-1.46,-0.8982967,2.251697
15376,-1.46,-1.46,-0.9045059,2.254181
15377,-1.46,-1.46,-0.8401397,2.229133
15378,-1.46,-1.46,-0.8401971,2.229155
15379,1.39746,-0.5971285,-0.9557635,1.795255
15380,1.35679,-0.5737005,-0.9300802,1.742142
15381,1.356786,-0.5736887,-0.9300714,1.742131
15382,1.308058,-0.5805702,-0.9738238,1.731014
15383,1.391819,-0.5766194,-0.9910567,1.803287
15384,-0.3940717,-1.252126,-0.4271486,1.380424
15385,-1.46,-1.302469,-0.4237483,2.001896
15386,-1.46,-1.234775,-0.3993733,1.953399
15387,-1.41296,-1.240116,-0.4419184,1.931226
15388,-1.46,-1.281798,-0.3961384,1.982809
15389,-1.46,-1.250751,-0.4515626,1.974813
15390,-1.46,-1.239356,-0.477704,1.973779
15391,-1.46,-1.285185,-0.4771673,2.002746
15392,-1.432227,-1.232521,-0.4624628,1.945316
15393,1.38562,-0.7446783,-1.46,2.14618
15394,1.358243,-0.7495074,-1.46,2.130302
15395,1.314775,-0.7461232,-1.46,2.10165
15396,1.347632,-0.7816446,-1.46,2.135107
15397,0.2303338,-0.7861361,-1.46,1.674116
15398,0.2301737,-0.7851614,-1.46,1.673636
15399,0.2923442,-0.7418724,-1.46,1.663562
15400,-0.818257,-0.747249,-1.46,1.832901
15401,0.7528413,-1.46,-0.9506932,1.897943
15402,0.8101351,-1.46,-0.9503704,1.92123
15403,0.737056,-1.46,-0.991491,1.912565
15404,0.805725,-1.46,-0.9456141,1.917023
15405,0.752898,-1.46,-0.9508127,1.898025
15406,-0.344597,-1.46,-0.9091873,1.754129
15407,-0.3202215,-1.399333,-0.9710701,1.733104
15408,-0.3870917,-1.427755,-0.9583735,1.762613
15409,-1.46,-1.46,-0.9475625,2.2718
15410,-1.46,-1.446362,-0.9253777,2.25386
15411,1.362186,-0.5891082,-1.032496,1.80794
15412,1.394922,-0.5566515,-1.076423,1.847797
15413,1.321878,-0.5799884,-1.087116,1.807089
15414,1.330546,-0.5266502,-1.05567,1.778245
15415,1.393546,-0.5028598,-1.057751,1.82035
15416,1.343843,-0.5421253,-1.010657,1.766704
15417,1.394918,-0.5566583,-1.076418,1.847793
15418,1.321874,-0.5799963,-1.087116,1.807088
15419,1.330537,-0.5266548,-1.055668,1.778237
15420,1.319052,-0.5824055,-1.031466,1.772855
15421,1.343853,-0.5421287,-1.010651,1.766709
15422,-0.8392846,-0.5028114,-1.044924,1.431462
15423,0.7899483,-1.242871,-0.5959564,1.588682
15424,0.8046108,-1.268768,-0.5078683,1.585907
15425,0.7416542,-1.295814,-0.5916794,1.60601
15426,0.7306077,-1.275893,-0.5274717,1.562024
15427,0.8046097,-1.268764,-0.5078771,1.585906
15428,0.7532861,-1.265722,-0.5334615,1.566548
15429,0.7875752,-1.256182,-0.5605307,1.585075
15430,-0.3099439,-1.205414,-0.5803825,1.373293
15431,-0.3909445,-1.299292,-0.5287237,1.45621
15432,-1.46,-1.226029,-0.5944898,1.997039
15433,-1.46,-1.238903,-0.5248895,1.985444
15434,-1.46,-1.24839,-0.5428424,1.996185
15435,-1.425586,-1.250309,-0.5194939,1.966072
15436,-1.445673,-1.071793,-0.1503708,1.805913
15437,-1.46,-1.04992,-0.155829,1.805053
15438,-1.46,-1.031615,-0.1734654,1.796084
15439,0.7321024,-1.46,-1.037968,1.935188
15440,0.7525083,-1.46,-1.088887,1.970671
15441,0.8003197,-1.46,-1.060331,1.973934
15442,0.7780483,-1.46,-1.002918,1.934633
15443,0.7321099,-1.46,-1.037964,1.935189
15444,0.7525117,-1.46,-1.088917,1.970689
15445,0.7814498,-1.46,-1.012362,1.940913
15446,0.8003169,-1.46,-1.060299,1.973915
15447,-0.3531821,-1.46,-1.01369,1.812155
15448,-1.396705,-1.415455,-1.025218,2.237268
15449,-1.46,-1.46,-1.021412,2.30358
15450,-1.46,-1.46,-1.07041,2.325721
15451,-1.46,-1.46,-0.9928696,2.291068
15452,-1.46,-1.450459,-1.090118,2.328903
15453,1.378327,-0.544037,-1.123912,1.859823
15454,1.333851,-0.5249613,-1.124709,1.822008
15455,1.318287,-0.5300862,-1.192907,1.855236
15456,1.318301,-0.5300744,-1.192896,1.855236
15457,1.333857,-0.524955,-1.124718,1.822016
15458,1.398473,-0.5459907,-1.16181,1.898324
15459,1.398471,-0.5459947,-1.161817,1.898328
15460,1.331763,-0.5785307,-1.150937,1.852821
15461,1.331762,-0.5785182,-1.150934,1.852815
15462,0.7157242,-1.297892,-0.6573174,1.621373
15463,0.7226192,-1.25713,-0.693707,1.607415
15464,0.7556594,-1.298355,-0.6325921,1.630006
15465,0.8029536,-1.277962,-0.6936409,1.661041
15466,0.7798652,-1.235914,-0.6418834,1.596148
15467,0.7923716,-1.299333,-0.6155761,1.641662
15468,0.7598435,-1.227263,-0.6935402,1.601417
15469,0.7379514,-1.224276,-0.6409245,1.566592
15470,0.7379506,-1.224281,-0.6409262,1.566596
15471,-0.3320014,-1.226958,-0.6417035,1.42388
15472,-1.46,-1.22759,-0.65905,2.018149
15473,-1.46,-1.267859,-0.6259932,2.03247
15474,-1.46,-1.210569,-0.6320196,1.999131
15475,-1.43879,-1.233653,-0.6048952,1.989451
15476,-1.46,-1.251166,-0.6908264,2.0431
15477,-1.408312,-1.229163,-0.7008599,1.996344
15478,-1.46,-1.009856,-0.2141543,1.788091
15479,-1.46,-1.080148,-0.2353342,1.831312
15480,-1.46,-1.076762,-0.2221794,1.827671
15481,-1.46,-1.040137,-0.2179067,1.805815
15482,0.7145327,-1.46,-1.157259,1.995346
15483,0.8058428,-1.46,-1.196319,2.052355
15484,0.7382732,-1.46,-1.141561,1.994946
15485,0.7707723,-1.46,-1.143355,2.00822
15486,0.8001325,-1.46,-1.174726,2.037595
15487,0.7935412,-1.46,-1.121489,2.004756
15488,0.7543861,-1.46,-1.182093,2.024362
15489,-0.3399237,-1.46,-1.115849,1.868761
15490,-0.3762611,-1.459891,-1.19242,1.922165
15491,-1.409328,-1.46,-1.152974,2.333914
15492,-1.46,-1.46,-1.1509,2.363847
15493,-1.46,-1.46,-1.192796,2.384526
15494,1.393742,-0.591957,-1.200219,1.932215
15495,1.310081,-0.5189352,-1.281208,1.904495
15496,1.347972,-0.5617008,-1.25951,1.928446
15497,1.300216,-0.5868991,-1.210311,1.870792
15498,1.347981,-0.5617026,-1.259495,1.928442
15499,1.364338,-0.5280172,-1.216728,1.9028
15500,1.300126,-0.5927078,-1.292614,1.92678
15501,1.300119,-0.5927423,-1.292621,1.92679
15502,1.393746,-0.5919579,-1.200214,1.932215
15503,1.300204,-0.5869254,-1.210327,1.870803
15504,1.399566,-0.5360099,-1.255781,1.955269
15505,-0.8934766,-0.5419382,-1.234534,1.617427
15506,0.7111701,-1.215539,-0.7395172,1.590655
15507,0.7111602,-1.215528,-0.7395273,1.590647
15508,0.8018607,-1.233323,-0.7771459,1.663737
15509,0.7350081,-1.258169,-0.7723959,1.649188
15510,0.7579088,-1.239096,-0.7922335,1.654515
15511,0.7630107,-1.218921,-0.714088,1.605577
15512,0.7881136,-1.244237,-0.7328682,1.645097
15513,-0.3845821,-1.27431,-0.7771397,1.541335
15514,-0.3140864,-1.263471,-0.7805387,1.517976
15515,-1.420335,-1.282588,-0.7347783,2.049947
15516,-1.46,-1.283269,-0.7865508,2.096913
15517,-1.46,-1.220334,-0.735839,2.040165
15518,-1.428065,-1.212155,-0.7540743,2.019237
15519,-0.3556415,-1.059429,-0.3529011,1.171926
15520,-0.2978534,-1.050483,-0.3072064,1.134287
15521,-1.46,-1.0173,-0.3160523,1.807315
15522,-1.4282,-1.041351,-0.297638,1.792416
15523,0.7139155,-1.46,-1.278527,2.067827
15524,0.7577356,-1.46,-1.210109,2.042089
15525,0.7632007,-1.46,-1.279408,2.085895
15526,0.7775697,-1.46,-1.235508,2.06463
15527,0.7456148,-1.46,-1.259662,2.067436
15528,-0.3434772,-1.410882,-1.234461,1.905901
15529,-0.2974755,-1.46,-1.267349,1.956084
15530,-1.46,-1.46,-1.302718,2.441367
15531,-1.46,-1.46,-1.251758,2.414559
15532,-1.46,-1.46,-1.222612,2.399579
15533,-1.46,-1.419132,-1.264563,2.396801
15534,1.333257,-0.5369908,-1.328753,1.957426
15535,1.398832,-0.4990032,-1.316511,1.984675
15536,1.39884,-0.499006,-1.316508,1.98468
15537,1.341946,-0.5580995,-1.385239,2.00778
15538,1.313853,-0.5059645,-1.386723,1.976161
15539,1.341949,-0.558091,-1.385237,2.007779
15540,1.344252,-0.5098695,-1.309402,1.944611
15541,1.372158,-0.5533006,-1.318532,1.981789
15542,1.336428,-0.5773687,-1.336327,1.976149
15543,1.313855,-0.5059665,-1.386725,1.976164
15544,-0.8034242,-0.5826023,-1.354359,1.679048
15545,0.7115504,-1.256157,-0.8021512,1.651569
15546,0.7105403,-1.228305,-0.8451138,1.651611
15547,0.7211155,-1.29119,-0.8671403,1.714384
15548,0.7211096,-1.291202,-0.8671621,1.714401
15549,0.7827979,-1.240505,-0.8283837,1.68459
15550,0.7701262,-1.244824,-0.8765827,1.706188
15551,0.7464283,-1.221961,-0.8366464,1.658409
15552,0.7815784,-1.209672,-0.8793365,1.687425
15553,-0.3808649,-1.217722,-0.8221226,1.517824
15554,-0.33914,-1.296945,-0.8740416,1.600322
15555,-1.46,-1.198702,-0.8111026,2.055815
15556,-1.46,-1.265918,-0.8218689,2.099909
15557,-1.436777,-1.225057,-0.8713831,2.079519
15558,-0.3369636,-1.110125,-0.4531913,1.245514
15559,-0.3372676,-1.021442,-0.4501884,1.166089
15560,-1.423993,-1.008096,-0.4575548,1.80371
15561,-1.425583,-1.067792,-0.4652427,1.840901
15562,-1.46,-1.02523,-0.406983,1.829845
15563,-1.425572,-1.067713,-0.4653182,1.840866
15564,-1.46,-1.047619,-0.4138044,1.844001
15565,-1.46,-1.085465,-0.4035406,1.863513
15566,0.7136828,-1.46,-1.397348,2.143251
15567,0.7393575,-1.46,-1.328319,2.107767
15568,0.8011969,-1.46,-1.331308,2.132111
15569,0.7451264,-1.46,-1.396731,2.153525
15570,0.805412,-1.46,-1.391967,2.172064
15571,0.7928149,-1.46,-1.309334,2.115304
15572,0.7713841,-1.46,-1.359492,2.138891
15573,0.7661657,-1.46,-1.396114,2.160496
15574,0.7393507,-1.46,-1.328319,2.107765
15575,-0.3562979,-1.46,-1.323575,2.002598
15576,-0.3656394,-1.423007,-1.358407,2.000977
15577,-0.304691,-1.46,-1.386848,2.036611
15578,-1.428033,-1.405372,-1.308385,2.392952
15579,-1.394315,-1.46,-1.40141,2.457573
15580,-1.405061,-1.46,-1.403812,2.465053
15581,-1.399396,-1.46,-1.40207,2.460835
15582,-1.46,-1.46,-1.346192,2.464839
15583,-1.46,-1.46,-1.373142,2.479661
15584,-1.390064,-1.439368,-1.349876,2.413757
15585,1.33713,-0.5645798,-1.46,2.058705
15586,1.349104,-0.5099243,-1.46,2.052243
15587,1.378835,-0.5548294,-1.46,2.083416
15588,1.31788,-0.510555,-1.46,2.032012
15589,1.337153,-0.5645864,-1.46,2.058722
15590,1.39979,-0.5068832,-1.46,2.085172
15591,1.399824,-0.506895,-1.46,2.085198
15592,-0.835286,-0.5228899,-1.45985,1.761329
15593,0.7174373,-1.249927,-0.980407,1.743053
15594,0.7244327,-1.260478,-0.9432402,1.733006
15595,0.7565156,-1.299231,-0.9097012,1.757235
15596,0.7380637,-1.228066,-0.9046754,1.694497
15597,0.8073986,-1.237875,-0.9245613,1.743285
15598,0.8032584,-1.236632,-0.9967813,1.779903
15599,0.7615052,-1.240891,-0.9280041,1.726526
15600,0.7739648,-1.256323,-0.9918744,1.777972
15601,0.7455248,-1.231804,-0.9949888,1.750186
15602,-0.367923,-1.300566,-0.9640191,1.660172
15603,-0.381983,-1.208156,-0.9300495,1.571797
15604,-1.46,-1.277156,-0.9459711,2.158145
15605,-0.3100803,-1.063224,-0.5443245,1.234052
15606,-1.406097,-1.023461,-0.5944394,1.837917
15607,-1.404539,-1.021351,-0.5949112,1.835703
15608,-1.46,-1.005295,-0.5592275,1.85875
15609,-1.46,-1.034662,-0.4923727,1.855952
15610,-1.436321,-1.074307,-0.5694563,1.88187
15611,-1.46,-1.073738,-0.528827,1.887901
15612,-1.46,-1.021202,-0.4946633,1.849093
15613,0.7353915,-1.46,-1.46,2.191803
15614,0.7753192,-1.46,-1.46,2.20552
15615,0.7753109,-1.46,-1.46,2.205518
15616,0.7353219,-1.46,-1.46,2.19178
15617,-0.3705747,-1.413989,-1.46,2.065984
15618,-0.3804436,-1.46,-1.41233,2.066643
15619,-0.3305118,-1.46,-1.46,2.091038
15620,-0.3305193,-1.46,-1.46,2.091039
15621,-0.391322,-1.439523,-1.46,2.087333
15622,-0.3636237,-1.46,-1.46,2.096526
15623,-0.3467826,-1.46,-1.419619,2.065714
15624,-0.3594119,-1.46,-1.414816,2.064578
