# Velocities Buffer Dump - 15625 elements
# Index,X,Y,Z,Magnitude
0,1.239045,4.20538,1.828125,4.75
1,2.456761,2.771196,3.071771,4.811546
2,1.237434,4.206841,1.825856,4.75
3,1.237434,4.206841,1.825856,4.75
4,1.237434,4.206841,1.825856,4.75
5,2.835157,-3.840428,-1.487615,5
6,2.11912,2.206531,3.693358,4.795867
7,1.237434,4.206841,1.825856,4.75
8,0.5764103,-4.886506,0.8248704,4.989048
9,1.238379,4.205982,1.827193,4.75
10,2.129973,3.991517,-1.523048,4.773748
11,2.129978,3.991522,-1.523025,4.773747
12,1.237434,4.206841,1.825856,4.75
13,2.118747,3.97772,-1.579353,4.775532
14,2.13387,3.99633,-1.502885,4.773124
15,2.081826,3.932848,-1.749143,4.781297
16,2.06282,2.201133,3.725207,4.793473
17,2.079537,3.915361,-1.920759,4.831547
18,2.059332,3.912014,-1.949865,4.83184
19,3.245647,0.4972395,0.1519236,3.287028
20,3.084241,0.7886795,0.1461052,3.186833
21,2.940325,0.3719903,0.0387843,2.964016
22,2.865256,0.5305519,0.2058139,2.921221
23,2.892143,1.207399,0.3591259,3.154563
24,3.094809,0.7381294,-0.0313046,3.18177
25,0.2452967,-1.750375,-4.677181,5
26,-3.857267,0.6379627,-3.116808,5
27,2.638553,-3.257992,2.582907,4.924214
28,1.749681,4.467464,1.407259,5
29,0.2416789,3.548622,-3.514096,5
30,2.060162,-0.1516529,-4.553321,5
31,2.530098,-0.2814555,4.222301,4.930359
32,3.487493,3.377152,0.3438989,4.86683
33,4.641615,-0.5772564,-0.8914368,4.761562
34,3.311456,-3.278887,-1.448619,4.880096
35,3.075349,0.579906,0.03621352,3.129756
36,3.143538,0.4427637,0.05888661,3.175112
37,3.145387,0.4425902,0.0482836,3.17674
38,3.076184,0.5809838,0.03585576,3.130772
39,2.682323,0.2867303,0.1109714,2.699887
40,2.875222,0.7112512,0.2320934,2.970968
41,3.595531,-3.388964,0.7662128,5
42,0.105516,-3.484855,3.583776,4.99988
43,1.404207,4.72267,-0.7152461,4.978652
44,3.142078,3.486724,1.379683,4.89218
45,-4.774526,-1.48048,0.1099016,5
46,4.723127,0.05063936,0.5286862,4.752894
47,-4.739444,0.9722422,1.261907,5
48,4.192282,0.6149697,2.268893,4.80638
49,3.794544,2.54766,1.598544,4.841949
50,3.430288,2.084969,2.759495,4.87122
51,3.049619,0.07300781,3.961628,5
52,2.303641,2.910793,3.263006,4.942337
53,3.065866,-0.3049203,3.80684,4.897401
54,0.7865428,2.467562,4.276971,5
55,4.485925,-0.1921763,1.632645,4.777655
56,2.768595,0.5309182,0.1320961,2.822134
57,2.760657,0.1118279,0.09510093,2.764558
58,2.766908,0.3354836,0.131478,2.790272
59,3.011028,0.2857921,0.165472,3.029084
60,3.06292,0.9282168,0.3134075,3.215788
61,2.850999,0.5222057,0.07290039,2.899346
62,3.093019,0.3634712,0.1855241,3.119823
63,3.222183,0.5699016,0.1123749,3.274122
64,2.560737,3.639463,-2.27968,5
65,3.094537E-09,-4.686893,1.74156,5
66,2.402745,-1.050319,4.183294,4.937236
67,0.1224896,0.5844087,0.05461489,0.5995999
68,0.3319486,0.5034677,0.00320086,0.6030588
69,0.3343107,0.5023413,0.01162974,0.6035277
70,0.2818271,0.1546089,1.280331,1.320067
71,0.2051162,0.1582896,1.330917,1.355901
72,0.2055251,0.1599133,1.333005,1.358203
73,4.240775,-2.639577,0.2201424,5
74,1.047232,4.442763,2.040874,5
75,2.960268,1.260414,3.701547,4.904415
76,2.924906,2.734777,2.835787,4.906706
77,3.197468,1.465531,3.553649,5
78,3.902118,1.192707,2.589586,4.832704
79,0.9610708,3.294097,3.636656,5
80,2.411085,-3.325418,2.738657,4.936798
81,4.363838,-2.419518,-0.3206957,5
82,4.320073,1.695491,1.86072,5
83,-0.259169,1.919805,4.609467,5
84,3.996536,0.206039,2.694385,4.824361
85,2.450832,0.5776627,-0.06349204,2.51879
86,2.27441,0.2798939,-0.03880108,2.291896
87,2.910569,0.7313555,0.01416936,3.001082
88,2.601061,0.3541906,-0.06543026,2.62588
89,2.90726,1.299188,-0.0620447,3.184949
90,2.618003,0.1341508,-0.05364302,2.621987
91,2.582975,0.5469239,-0.1973359,2.647608
92,2.684028,0.6750507,-0.1365217,2.770981
93,2.6878,-1.145285,4.057592,5
94,1.868759,2.708692,3.764403,5
95,-2.563126,1.736759,-3.926074,5
96,1.274277,-4.449279,-1.845187,4.982427
97,4.964846,0.0375472,-0.5906696,5
98,1.598025,-3.726333,-2.878346,4.972335
99,-0.04254887,0.9942719,0.02979744,0.9956279
100,0.0007110733,1.017764,0.002438626,1.017767
101,-0.00362992,1.013835,0.002366227,1.013844
102,-0.02205825,0.8957151,0.004884583,0.896
103,-0.1056601,0.9930001,0.01999342,0.9988058
104,-0.02234517,0.8890058,-0.008464945,0.8893269
105,0.131712,-0.04112042,1.314669,1.32189
106,0.1286424,0.04344907,1.427487,1.43393
107,0.1931747,-0.06652755,1.467723,1.481875
108,0.1301081,0.04326602,1.432507,1.439054
109,0.1936855,-0.06482501,1.470748,1.484863
110,0.4229004,-0.1549708,1.367924,1.440166
111,0.4222814,-0.1545517,1.369462,1.4414
112,-3.608433,3.437123,-0.4066918,5
113,2.704211,3.121251,2.818694,5
114,3.083273,0.5736061,3.89415,5
115,1.823826,1.019894,4.542409,5
116,1.38038,1.13895,4.646665,4.979372
117,1.515525,0.9567167,4.667748,5
118,1.82296,1.098141,4.524478,5
119,2.495099,2.379031,3.52734,4.932285
120,0.9235622,-0.1410345,4.90255,4.990777
121,1.406436,-0.1632405,4.795341,5
122,1.208941,0.6721998,4.788394,4.984186
123,1.072855,0.7953442,4.80542,4.98755
124,-2.286666,-2.212995,3.856658,5
125,2.871038,4.072969,0.4099566,5
126,4.863372,1.103431,-0.3606293,5
127,0.8902344,3.077904,3.82732,4.991431
128,0.9483168,-2.25979,4.347055,4.990275
129,4.350768,1.434899,1.402464,4.79114
130,1.628782,-0.310413,0.1024049,1.661257
131,1.563829,0.7052156,0.1066696,1.718799
132,1.145687,0.5583841,0.1388518,1.282057
133,1.374386,0.6701547,0.13606,1.535108
134,1.254895,1.303183,0.1241246,1.81341
135,1.564507,0.8137249,0.1286335,1.768156
136,-2.507354,-1.271268,-4.134858,5
137,4.601765,-0.5361043,-1.880517,5
138,2.103743,-0.06731756,4.308618,4.795253
139,2.530187,1.964503,3.647169,4.854169
140,1.596288,0.5073366,4.475546,4.778707
141,2.521015,-3.550748,2.313021,4.930861
142,-0.7660812,-2.139412,4.231078,4.802706
143,1.32661,-0.583285,4.527202,4.753491
144,0.1280572,-3.076276,3.742582,4.846317
145,0.07265433,-0.7595578,4.69431,4.755918
146,0.1444415,-1.045425,4.642767,4.761204
147,0.1988138,-0.07160667,1.685096,1.698294
148,0.05049388,0.07194751,1.475422,1.478038
149,0.4713606,-0.3495409,0.07964157,0.5922014
150,-0.0795484,-0.2748958,1.350105,1.380101
151,-0.02604112,-0.05502043,1.789984,1.791019
152,-0.1475682,0.2250843,1.290075,1.317852
153,0.05206247,0.07437268,1.473096,1.47589
154,2.929092,0.9561322,0.4427544,3.112845
155,2.758475,1.034687,0.5491993,2.996896
156,2.59626,1.040123,0.2917932,2.812039
157,-1.539672,4.702547,-0.7179609,5
158,-2.528392,0.6329368,-4.266922,5
159,4.165489,-0.1342841,2.399198,4.808897
160,-3.501617,2.024174,2.939626,5
161,-0.9653723,-0.5859288,4.870805,5
162,2.8726,2.415974,-3.165402,4.910044
163,4.56413,0.7465595,-1.166571,4.769646
164,-1.425229,3.648705,3.107359,5
165,-0.2222216,0.008671954,1.495101,1.51155
166,-0.0105733,-0.1396139,1.429162,1.436004
167,-0.01398577,-0.1395602,1.429111,1.435977
168,-0.2254002,-0.06662281,1.466216,1.484935
169,0.07525913,-0.360528,1.531945,1.575595
170,-0.1117378,-0.07150326,1.663433,1.668715
171,-0.218473,0.008896517,1.503053,1.518874
172,-0.2454942,0.005179988,1.37452,1.396281
173,-0.4066998,-0.04184177,1.487381,1.542549
174,2.967499,0.9737252,0.5065629,3.163984
175,2.967434,0.9735921,0.5068652,3.163931
176,2.759105,0.9935248,0.4404688,2.965428
177,2.762755,0.9921444,0.4449083,2.969025
178,2.811921,0.7861166,0.2141257,2.92758
179,2.866638,0.8765335,0.2001544,3.004328
180,2.88245,0.6895941,0.2825968,2.977233
181,3.591557,3.47141,-0.2236888,5
182,1.027186,3.84179,3.011902,4.988588
183,0.8301573,4.418489,2.171022,4.992549
184,1.162811,-1.987944,-4.438012,5
185,3.95329,0.7430641,2.969739,5
186,1.261333,2.532457,-4.101686,4.982783
187,-0.5814804,0.01026527,1.602416,1.704688
188,-0.3429357,0.05382976,1.879311,1.911103
189,-0.3354257,-0.09749982,1.672566,1.708652
190,-0.3682871,-0.1536345,1.627524,1.67573
191,-0.3482254,-0.06242001,1.78453,1.819259
192,-0.499755,-0.1216694,1.566022,1.648327
193,-0.09960957,0.03272016,1.746996,1.750139
194,2.842737,0.9942064,0.3011068,3.026593
195,2.875269,0.8568168,0.3658445,3.022441
196,2.866659,0.5929766,0.1043859,2.929207
197,2.611547,0.7254843,0.294346,2.72638
198,3.049796,0.7727726,0.341956,3.164706
199,2.951702,0.7676098,0.4493681,3.082808
200,2.842473,0.9942546,0.301251,3.026376
201,2.833432,0.6563336,0.02238252,2.908541
202,2.671061,0.5960365,0.2744122,2.750478
203,4.818767,0.9917974,-0.8920913,5
204,2.914817,-2.69538,3.039535,5
205,3.620373,-2.62782,1.889831,4.856336
206,1.540422,-0.3317019,4.718127,4.974299
207,1.123225,3.144627,3.703159,4.986351
208,0.03714522,4.481553,-2.21679,4.999985
209,1.510978,0.3206235,-4.729429,4.975274
210,-0.6713323,-0.1631123,1.766932,1.897193
211,-0.4756055,0.148889,2.048141,2.107901
212,-0.107906,0.1736913,1.902201,1.91316
213,-0.3650916,-0.05615979,1.597667,1.639813
214,-0.2661428,0.1561728,1.907021,1.931826
215,-0.1078271,0.1733645,1.902402,1.913326
216,-0.3651456,-0.06097851,1.598775,1.641076
217,-0.5636764,0.04607726,1.621845,1.717625
218,-0.4755542,0.1495327,2.048358,2.108147
219,-0.4044592,-0.04931158,1.711626,1.759455
220,2.76988,0.8529131,0.09296679,2.899713
221,2.775599,0.8542402,0.09305011,2.90557
222,2.963846,0.4939408,0.3357997,3.023429
223,2.712504,0.9702685,0.06811731,2.881621
224,2.524815,0.8108633,0.03078634,2.652007
225,2.708524,0.7821946,-0.03701046,2.819451
226,2.689945,0.2721597,0.508653,2.75111
227,2.482765,0.7260327,0.0172381,2.586802
228,2.516856,0.9778214,-0.2928883,2.715968
229,2.63552,0.8903204,-0.04031657,2.782133
230,2.412496,1.081601,0.007376959,2.643871
231,2.553917,0.6525186,-0.2604273,2.648791
232,2.759377,0.7315191,0.1492465,2.858593
233,2.706068,0.6515026,0.1645738,2.788251
234,0.8293256,3.617483,3.350528,5
235,4.885615,0.9743263,-0.4259758,5
236,2.155606,4.299974,-1.365132,5
237,2.762919,3.467311,2.125874,4.916839
238,2.460521,-3.018824,-3.135688,5
239,1.672629,4.535795,1.151796,4.969684
240,-0.03500435,0.7322583,-0.00652218,0.7331235
241,-0.03471818,0.7318941,-0.005888714,0.7327407
242,-0.04487336,0.9048526,-0.03475695,0.9066311
243,0.3938271,0.8315938,-0.02341489,0.9204326
244,-0.1434435,0.8757212,0.02292511,0.8876875
245,0.2470299,0.99966,-0.01151991,1.029794
246,-1.906674,0.5855355,-4.584947,5
247,2.10601,4.024262,-2.090464,5
248,3.992712,2.665682,-0.4797394,4.824703
249,4.234622,-1.323285,1.838383,4.80237
250,4.394882,-1.888689,-0.1766644,4.786789
251,-0.3590924,0.1300967,1.693919,1.736443
252,-0.0710524,-0.01474689,1.71926,1.72079
253,-0.1078102,0.1434898,1.651131,1.660857
254,0.003044026,0.1045496,1.735483,1.738631
255,0.008689386,-0.1307043,1.71349,1.718489
256,0.1965272,-0.03346368,1.700724,1.712368
257,-0.03116958,0.2602278,1.825102,1.843824
258,-0.2974603,-0.1307636,1.399321,1.436552
259,0.002575293,0.1048766,1.735661,1.738829
260,-0.3523932,0.0791425,1.622216,1.661935
261,0.9252473,4.789532,0.8156271,4.945801
262,2.877237,2.082451,3.51922,5
263,1.63077,2.055161,4.256396,5
264,3.686241,1.063886,3.206208,5
265,3.68591,1.063839,3.206605,5
266,1.355318,0.7815961,0.04728888,1.565252
267,1.413926,1.162051,0.03473939,1.830507
268,1.491919,0.7543557,0.03498776,1.672154
269,1.345506,0.8071241,0.06449047,1.570349
270,1.615003,1.07074,0.05949272,1.938623
271,1.539572,0.8896648,0.07074729,1.779548
272,1.425811,0.7219619,0.06617644,1.599545
273,1.620243,0.6999885,0.07358486,1.766518
274,2.603844,2.067715,3.547529,4.86214
275,0.2038328,-0.4854412,4.723592,4.752844
276,0.8194646,-4.860748,0.7957347,4.993155
277,4.166667,1.751877,-2.137712,5
278,0.3970879,-2.472898,4.109237,4.812352
279,4.168792,2.681136,0.6248932,4.99578
280,1.980465,-1.213817,4.160596,4.765097
281,1.663377,4.186949,1.993581,4.926635
282,2.140576,2.250071,3.662136,4.80168
283,2.133749,2.297451,3.639501,4.803866
284,1.346761,4.775129,0.4340906,4.980367
285,0.4512075,-1.327736,4.559359,4.770139
286,0.9406783,-2.506421,-3.798532,4.647136
287,-3.018674,2.656374,-2.971748,5
288,4.252328,2.156545,0.5599379,4.800678
289,1.353639,4.739976,-0.7087579,4.980165
290,0.1159001,0.02729699,1.613926,1.618312
291,0.004593506,0.2494418,1.810931,1.828035
292,-0.1016056,0.1346459,1.579236,1.588219
293,-0.02285903,0.156194,1.691288,1.698639
294,0.004384036,-0.002469708,1.524232,1.52424
295,0.2207739,-0.01169503,1.463269,1.479877
296,0.1195548,0.02883421,1.611803,1.616488
297,-0.1323928,0.04687334,1.68667,1.692507
298,3.666576,-1.549289,3.025877,5
299,1.054697,3.924414,2.913175,5
300,3.530952,0.2241604,3.533006,5
301,4.21177,1.137053,2.442971,5
302,4.213154,1.135188,2.441451,5
303,-0.9298801,-2.77967,4.050773,5
304,0.4375258,4.807529,-1.294429,4.997931
305,3.060883,0.9011959,3.715734,4.897738
306,2.431091,4.251054,0.616313,4.935738
307,0.01187964,-2.445067,4.361365,5
308,-0.01337546,0.3563163,1.573617,1.613509
309,0.3108843,0.091856,1.601365,1.633847
310,-0.01367173,0.356762,1.573716,1.613707
311,0.1631951,0.1218982,1.732448,1.744382
312,0.1385197,0.3283755,1.624359,1.662997
313,0.3973954,-0.1775938,1.425632,1.4906
314,0.3101936,0.0903825,1.598324,1.630653
315,0.5714978,0.3238681,1.526858,1.662166
316,0.1401449,0.3252307,1.625963,1.664083
317,0.4308715,0.2638574,1.653154,1.728638
318,-0.1437244,1.17212,4.858547,5
319,3.43461,0.1496366,3.630573,5
320,2.446807,1.27369,4.170234,5
321,4.121286,-1.473664,2.417296,5
322,3.550521,-0.09498814,3.519202,5
323,1.194175,-1.67299,4.557965,5
324,4.118211,-1.418117,2.45546,5
325,3.24489,3.010792,2.325041,5
326,0.7949981,4.155035,2.665269,5
327,1.293739,4.455133,1.815822,4.981885
328,3.239732,3.658526,1.057979,5
329,3.271715,2.864035,-2.221887,4.882991
330,0.1305307,3.912984,-3.109611,4.999816
331,0.4000856,3.839295,-3.175288,4.998271
332,0.03611183,3.039013,3.970259,4.999986
333,0.7206479,0.5671104,1.073403,1.411787
334,0.1277445,0.1231396,1.439857,1.450749
335,0.6010959,0.1559877,1.521498,1.643352
336,0.4192657,0.3240578,1.409807,1.506106
337,0.2846117,0.03333439,1.512869,1.539768
338,0.4707796,0.1004449,1.353794,1.43683
339,0.7511796,0.05582974,1.505328,1.683271
340,0.4978157,0.0727369,1.263624,1.360094
341,0.3167776,0.1981401,1.406595,1.455376
342,0.6617024,0.2876111,1.536229,1.697224
343,0.471206,0.09990301,1.354048,1.437172
344,0.2187063,-0.2655222,1.211676,1.25956
345,0.2368156,0.2255064,1.261969,1.303649
346,0.4723489,1.724177,4.669486,5
347,0.6114942,0.01713824,4.879457,4.917654
348,2.807293,-1.5381,3.84101,5
349,2.402867,-3.771309,2.236842,5
350,1.628744,-3.12637,3.545843,5
351,-1.27077,-1.264081,4.667681,5
352,-3.286042,-0.3459611,3.752631,5
353,3.463405,3.520843,-0.7800617,5
354,-0.1731714,-0.1437468,1.431748,1.449329
355,1.867709,3.713278,0.3802587,4.173891
356,1.873739,3.714103,0.3734816,4.176715
357,0.8295459,-3.32152,3.644086,5
358,-1.655971,-4.094813,2.343132,5
359,0.04985401,3.483549,3.586382,4.999973
360,0.07107306,3.375282,3.688072,4.999945
361,0.3842681,4.799325,1.342706,4.998405
362,0.968473,4.852472,0.6436166,4.989857
363,0.4568774,-0.4663168,4.954923,4.997745
364,-0.06167767,0.7432109,0.04313876,0.7470124
365,0.09842736,0.9079605,-0.02894485,0.9137385
366,-0.06185075,0.7431756,-0.03777571,0.7467011
367,4.057976,2.920954,-0.0293269,5
368,0.8095109,4.834019,0.9519224,4.992916
369,0.4142666,-0.1057277,1.018745,1.104824
370,0.3609009,0.2828089,1.237546,1.319754
371,0.3145135,-0.04891332,1.197603,1.239179
372,0.2503334,-0.05276467,1.09447,1.123973
373,0.08864691,0.2497273,1.238611,1.26664
374,0.7447368,0.1391378,1.108485,1.342659
375,0.5672975,0.5651461,1.374389,1.590648
376,0.7436115,0.1400397,1.106874,1.340798
377,-2.840302,2.408363,-3.336536,5
378,3.537937,3.493903,0.525022,5
379,2.292281,2.995349,3.282276,5
380,-0.4509775,-1.219139,4.828076,5
381,-0.242619,-0.2585242,1.508605,1.549705
382,-0.3762637,-0.1195912,1.509822,1.560589
383,-0.3407488,-0.005515,1.199616,1.247084
384,-0.3741493,-0.1218107,1.513833,1.564134
385,-0.2199183,-0.2420227,1.56212,1.595982
386,-0.3613751,0.0337055,1.461442,1.505836
387,-0.5884083,-0.06476907,1.413833,1.532756
388,-0.341687,-0.002715268,1.20148,1.249124
389,0.7896651,1.510188,-0.01862958,1.704284
390,0.7747746,1.129642,0.000117466,1.369806
391,1.191298,1.050191,0.02708307,1.58834
392,0.7965924,1.672545,0.03250573,1.852842
393,0.8615794,1.206599,0.007427264,1.482652
394,0.7787902,1.128064,-0.02234045,1.370964
395,-4.677247,-1.391719,1.034795,4.988419
396,3.213955,0.9102789,3.534445,4.863169
397,2.602823,-3.478521,2.35117,4.939919
398,-4.754273,-1.19685,0.9329541,4.990588
399,2.258964,1.508652,3.924979,4.773302
400,4.04656,2.047895,1.999852,4.956605
401,2.235487,-1.342517,3.992302,4.768462
402,3.5274,3.443361,-0.8370885,5
403,2.391923,2.171388,3.734393,4.937804
404,2.258966,1.508639,3.924983,4.773302
405,2.291767,3.572317,2.533563,4.942933
406,0.7586597,-0.3280575,1.231066,1.482804
407,0.3603458,0.3705926,1.09916,1.214636
408,0.1762395,0.2484952,1.486239,1.517141
409,0.1424034,0.426257,1.166254,1.249849
410,0.75848,-0.3284624,1.230873,1.482642
411,0.537877,-0.07533891,1.203938,1.320778
412,0.201003,0.1461824,0.9169654,0.950051
413,0.5328589,-0.0739052,1.206671,1.321157
414,0.6827076,0.1073359,0.9670396,1.188603
415,3.557203,3.23776,1.364997,5
416,0.1096663,-0.1256828,4.997217,5
417,3.55734,3.23753,1.365184,5
418,-0.2667282,0.03323616,1.342021,1.368674
419,-0.4180549,-0.07645614,1.187114,1.260894
420,-0.1567118,-0.003691659,1.426518,1.435105
421,-0.1612889,-0.0009360843,1.422909,1.432021
422,-0.262579,0.0661846,1.364299,1.390914
423,-0.45419,-0.1633201,1.566105,1.638794
424,-0.4554674,-0.1691764,1.563549,1.637302
425,-0.2654386,0.06408332,1.364776,1.391825
426,2.063423,3.395601,1.024568,4.10336
427,1.896998,3.601837,0.8919946,4.167431
428,0.9187963,-4.754264,-1.246108,5
429,0.4039167,-3.999432,2.973448,5
430,4.336047,0.001943654,-2.041451,4.792581
431,3.054551,3.650543,-1.15554,4.898165
432,0.2748737,0.2309811,0.9372416,1.003658
433,0.8475018,-0.05914357,0.9462252,1.271652
434,0.8555195,0.1087627,0.5151154,1.004533
435,0.4977795,0.3630857,0.7041564,0.9356558
436,0.5059789,-0.07775948,1.0205,1.141701
437,0.8471856,-0.05965515,0.9466926,1.271813
438,0.3511208,0.1401273,1.120662,1.182711
439,0.960567,-0.1755318,0.8349836,1.284795
440,0.4681759,-0.2598651,0.7968234,0.9600241
441,0.3517005,0.139822,1.120932,1.183103
442,0.5368514,0.01479053,0.2256591,0.5825378
443,2.536165,1.184845,-4.142947,5
444,4.747402,1.518429,-0.3956593,5
445,4.709181,1.247855,-1.125375,5
446,3.568383,2.542476,2.40883,5
447,2.758587,3.004946,2.891452,5
448,4.105264,-0.6294106,2.783999,5
449,-0.6315811,0.04986077,0.6857522,0.9336149
450,-0.6294421,-0.05137453,0.6872572,0.9333591
451,-0.6998556,-0.07954256,0.7829453,1.053152
452,-0.699612,0.03196429,0.7843673,1.051528
453,-0.3854761,0.03337576,1.345855,1.400369
454,-0.3081408,0.4319979,1.274515,1.380566
455,-0.3458088,0.1530928,1.514496,1.561
456,-0.2556291,0.267791,1.293415,1.345355
457,-0.02329002,0.09181581,1.40077,1.403969
458,2.231223,3.486247,1.22806,4.317453
459,3.287574,-1.697868,-3.3629,5
460,-0.6845066,3.599106,3.402629,5
461,1.727311,1.416884,4.473124,5
462,4.53715,-1.454673,0.272478,4.772426
463,-2.768492,-1.367721,3.932529,5
464,3.590487,2.89939,-1.519614,4.858733
465,4.457343,-1.677892,-0.4127585,4.780544
466,1.471023,4.738667,0.3838605,4.976568
467,0.494692,0.06016577,0.713472,0.8702772
468,0.3383445,-0.4798287,0.6621357,0.8849499
469,1.007235,-0.4875982,0.584546,1.262524
470,1.190511,-0.3640528,0.8841763,1.526964
471,0.843249,0.6116343,0.4822656,1.147931
472,0.750654,0.09987341,0.7287447,1.050964
473,1.006154,-0.4880599,0.5867743,1.262875
474,0.788799,0.1574699,0.1948528,0.8276281
475,4.635541,1.854281,0.2709328,5
476,-1.12016,2.030112,-4.429886,5
477,3.654024,3.409674,0.1490862,5
478,3.06461,3.462359,-1.902692,5
479,0.6774707,4.756594,1.384142,5
480,-0.7861139,0.001114308,0.8203757,1.136219
481,-0.7090421,0.04441721,0.9517756,1.187683
482,-0.6405926,0.04253253,0.8242671,1.044789
483,-0.8004842,0.006807503,0.8777642,1.187978
484,-0.6411625,0.04337481,0.9613459,1.156355
485,0.04278097,0.7048247,1.06023,1.273851
486,0.1432975,0.3897912,1.08822,1.164773
487,0.1491399,0.6157279,1.344315,1.486118
488,-0.09380319,0.3481066,1.171908,1.22611
489,-0.1117083,0.3024454,1.506934,1.541039
490,-0.02066561,0.3832364,1.461254,1.510814
491,0.05118671,0.6379838,1.350393,1.494391
492,0.05151256,0.6408588,1.347068,1.492631
493,-0.09371094,0.3515799,1.172893,1.228034
494,0.1520487,0.6206874,1.342585,1.486911
495,1.720578,-2.676324,3.857059,5
496,0.4478957,0.3271803,4.969139,5
497,-0.9758866,-1.686291,4.604787,5
498,-3.521338,-2.262059,-2.735556,5
499,2.820462,1.900378,3.546004,4.913308
500,4.179834,2.336521,0.4268595,4.807551
501,2.685096,3.56724,2.070306,4.921494
502,0.09352046,4.870319,1.127496,5
503,-4.152592,2.156677,-1.762022,5
504,-2.414438,4.050248,-1.663124,5
505,-0.5366703,3.962132,3.002249,5
506,3.93024,2.178528,-1.77157,4.830242
507,3.97609,1.986477,-1.88061,4.826186
508,0.2650494,0.6390665,0.1671044,0.711745
509,3.246889,0.7443839,-0.4081087,3.356031
510,0.266178,0.6394484,0.169683,0.713118
511,2.233059,-0.825214,-0.06219282,2.381469
512,2.231944,-0.824739,-0.06308542,2.380283
513,1.487391,2.873597,3.050069,4.446663
514,3.992302,2.945365,-0.6215701,5
515,4.106167,2.843551,-0.2315298,5
516,4.323614,-0.3513967,2.486541,5
517,2.276308,3.30305,2.984674,5
518,4.02598,-1.720807,2.414603,5
519,4.870112,-0.006105933,-1.132239,5
520,4.905406,0.5411707,0.8025753,5
521,1.636746,-0.3924415,4.70819,5
522,-2.580586,-4.282316,-0.04839059,5
523,0.05548089,4.15761,-2.776905,5
524,-0.7405179,0.0236604,1.06626,1.298398
525,-0.7861665,0.04176433,1.087064,1.342204
526,-0.8075799,0.04336032,0.9667368,1.260415
527,-0.9304987,0.0241827,0.9341125,1.318703
528,-0.7163025,0.03328469,0.8936223,1.145756
529,-0.7355814,0.009249123,0.9970021,1.239023
530,-0.5854975,0.02235855,1.22233,1.355506
531,0.2111923,0.8099402,1.327648,1.569476
532,0.2585478,0.8071773,1.472893,1.699352
533,0.06769846,0.6273502,1.337061,1.478473
534,0.1927246,0.4848151,1.334992,1.433315
535,0.1867269,0.4862961,1.3355,1.433496
536,0.1314491,0.4207395,1.287022,1.360414
537,2.957444,3.524343,1.957686,5
538,3.954712,2.370595,1.934044,5
539,1.695233,-3.464916,3.181279,5
540,-1.153778,-4.760641,1.002547,5
541,-0.752411,-2.090062,4.479455,5
542,0.4589038,1.26825,0.03046432,1.349066
543,-0.3321243,1.094554,0.03917161,1.144504
544,-0.3443863,1.377011,-0.008155632,1.419446
545,0.401908,1.225424,0.04922346,1.290588
546,0.4050554,1.22317,0.04520423,1.289286
547,-0.332675,1.095504,0.04300503,1.14571
548,-0.4710974,1.358987,-0.02318738,1.438511
549,-3.327764,1.174665,3.364952,4.876141
550,3.768839,1.80952,2.742534,5
551,-3.402801,1.313562,3.248875,4.884638
552,4.215471,2.019192,1.05484,4.791662
553,4.21578,2.018876,1.054152,4.791649
554,4.255514,2.039561,0.835986,4.792502
555,4.259889,2.030384,0.8338643,4.792123
556,4.588344,1.139177,0.5817249,4.7633
557,4.603213,0.8509773,1.668938,4.969818
558,4.581078,0.884206,1.707864,4.968389
559,4.588368,1.139085,0.5816945,4.763298
560,1.658255,4.403827,1.519832,4.945037
561,-0.3199498,1.106382,1.61773,1.985825
562,3.613232,1.827448,0.8157305,4.130427
563,0.5047873,1.573363,3.094812,3.508296
564,4.794155,-0.2467498,-1.398282,5
565,0.6188711,4.788459,-1.299101,5
566,0.0245496,-3.963768,-3.047613,5
567,1.453738,1.316554,-4.599275,5
568,4.718243,1.489715,0.720374,5
569,0.8930925,0.1884582,-4.915981,5
570,-0.7124844,-0.09003586,1.064605,1.284182
571,-0.7112331,-0.06733812,1.019703,1.245063
572,-0.8454247,-0.07979926,1.111332,1.398631
573,-0.6997458,0.0301253,1.129285,1.328848
574,-2.856987,3.89932,-1.277863,5
575,-0.6598878,0.01476057,0.9793214,1.180991
576,-0.6138711,-0.06562656,1.211408,1.359652
577,0.08832844,3.979644,3.025523,4.999916
578,0.3133075,0.640352,1.262911,1.450227
579,0.02750305,0.5867702,1.425528,1.541812
580,0.1974487,0.7926276,1.419515,1.637763
581,0.3109692,0.5710402,1.324596,1.475582
582,0.2406047,0.687371,1.260252,1.455543
583,0.3093145,0.6362193,1.26399,1.44849
584,0.561777,0.4758569,1.255092,1.455091
585,4.6167,1.085285,1.58374,5
586,4.170036,-2.752247,-0.1895483,5
587,0.4631929,2.875322,4.064232,5
588,0.2006805,1.492043,0.9541269,1.782365
589,-0.09837791,-0.08726434,2.268672,2.27248
590,1.147274,2.295048,-0.03695217,2.566096
591,0.2839058,1.419979,0.9903787,1.754364
592,-0.09457206,-0.0819999,2.272101,2.275547
593,1.147154,2.301555,-0.04085324,2.571923
594,1.431915,2.200996,1.74033,3.150161
595,1.965646,1.633526,1.613,3.022241
596,3.335085,-3.486586,-1.311842,5
597,2.663235,-3.360299,2.572075,5
598,2.6893,-3.289489,2.635702,5
599,0.02813531,-3.813131,3.234075,5
600,2.12136,-2.038777,-4.042675,5
601,-0.8847882,-3.307207,2.039665,3.98506
602,-1.986941,-2.444832,1.917414,3.688036
603,4.392381,0.4724965,2.341737,5
604,-0.5836036,-0.03160828,1.184075,1.320464
605,-0.7931371,0.1123162,1.190102,1.434582
606,0.2750881,2.175861,-4.492414,4.999183
607,-0.7934207,-0.02654548,1.190356,1.430793
608,-0.5829384,-0.02947155,1.18441,1.320421
609,-0.5899833,-0.06880417,1.259007,1.392089
610,-0.591209,0.05090785,1.262012,1.394559
611,-0.7617,0.1080658,1.099204,1.341684
612,0.4945641,0.8094298,1.418668,1.706573
613,0.5128354,0.7797525,1.030309,1.390162
614,0.529428,0.6582295,0.9952976,1.305441
615,0.6081858,0.7029474,1.063112,1.412173
616,0.5300467,0.6574256,0.9948642,1.304957
617,0.4121988,0.9004041,1.037301,1.434095
618,0.339069,0.6386217,1.224399,1.421955
619,0.6100652,0.7083721,1.064959,1.417078
620,0.06576476,0.7834271,1.261807,1.486688
621,0.4918216,0.7719284,1.487118,1.746219
622,-0.7100342,-3.524184,-3.475051,5
623,4.465834,-0.6420657,-2.155012,5
624,2.112136,-1.61104,-4.235969,5
625,2.890948,-2.451308,3.260906,5
626,4.949756,0.3908531,0.5891927,5
627,-0.001037972,-0.2843788,1.195455,1.228814
628,-0.001098246,-0.2856618,1.19596,1.229604
629,1.561839,0.5166255,0.6926256,1.784929
630,-0.2337216,-0.3115005,-0.371616,0.5382906
631,-0.2369336,-0.3094019,-0.3688682,0.5365918
632,0.83456,0.9911617,0.6086264,1.431544
633,-0.01463758,0.6212936,0.7484398,0.9728218
634,-0.01563378,0.6209043,0.749966,0.9737636
635,1.788779,0.9748315,0.9609015,2.252412
636,0.6771146,0.553798,0.3322688,0.9357238
637,-1.183069,4.746646,-1.034261,5
638,1.251008,-4.445988,-1.915246,5
639,4.143992,-2.273286,-1.630797,5
640,2.99193,-3.486678,-1.972671,5
641,2.992586,-3.487186,-1.970778,5
642,3.823416,-1.852335,-2.636351,5
643,1.457634,-4.460272,-1.726638,5
644,3.824328,-1.849714,-2.636868,5
645,1.541196,-4.74748,-0.2934974,5
646,4.73797,0.2564353,1.576669,5
647,2.718462,-3.915411,-1.509806,5
648,-1.491758,2.119286,4.275896,5
649,3.970046,-0.2979957,-3.024885,5
650,1.754452,2.39514,4.023084,5
651,-0.3477463,0.005208563,1.452295,1.493357
652,4.474378,1.649889,1.502601,5
653,-0.4311134,0.09203123,1.31327,1.385282
654,-0.5778939,-0.08875331,1.320264,1.443931
655,-0.5851781,-0.08618185,1.208148,1.34517
656,2.542629,4.026095,1.275605,4.929662
657,-0.5192562,0.04030354,1.268,1.370794
658,-0.5411487,-0.123292,1.241346,1.359773
659,-0.6140779,0.07833562,1.159489,1.314398
660,0.5068707,0.4885698,1.210208,1.400079
661,0.1493437,0.6455297,1.038371,1.231758
662,0.7011052,0.6181382,1.077236,1.426212
663,0.6625995,1.029522,0.7405112,1.430843
664,0.6972666,0.615603,1.073394,1.420325
665,0.1627855,1.073605,1.678293,1.998949
666,0.4339747,0.8895859,1.025063,1.424939
667,0.7063444,0.6721864,1.244045,1.580634
668,0.6317996,0.9392973,1.079735,1.564378
669,3.753094,2.595768,2.043593,5
670,-0.8574626,1.385492,-4.727068,5
671,-0.2586322,-0.0467035,1.231006,1.258748
672,-0.03917024,-0.007011909,1.243061,1.243698
673,-0.1452281,-0.03473294,1.142933,1.152646
674,-0.06865891,0.02312842,1.311769,1.313768
675,-0.08845273,0.1904304,1.226059,1.243908
676,-0.02013669,0.01047633,1.423239,1.42342
677,-0.2564821,-0.0454638,1.227984,1.255307
678,-0.1219905,0.02356794,1.150608,1.157297
679,-0.8354235,-4.533595,1.936126,5
680,-4.952149,0.3611982,0.5880108,5
681,0.6439866,0.107072,0.1041008,0.6610749
682,0.8371304,0.3474196,0.05535591,0.9080485
683,0.5501993,0.2272298,0.5619605,0.8186283
684,0.9049509,0.1464484,0.2746778,0.9569906
685,0.4190588,0.3061308,0.2938485,0.5963835
686,0.8652297,-0.02527455,-0.1798096,0.8840773
687,0.8188738,0.180436,-0.1088916,0.8455583
688,0.5846668,0.2116318,0.2752357,0.6799838
689,0.5846878,0.2131539,0.2771971,0.6812728
690,0.4227874,0.3043042,0.2900769,0.5962338
691,1.135159,0.04112965,-0.1021602,1.140489
692,1.131716,0.04185146,-0.1026702,1.137134
693,0.9702416,-0.5938541,0.239886,1.162573
694,1.862415,-3.274776,-3.287438,5
695,2.717741,-3.909266,-1.526932,5
696,2.716841,-3.909416,-1.528148,5
697,3.921916,-2.069548,-2.309879,5
698,2.791453,-4.139497,-0.2689891,5
699,4.738536,1.484341,-0.5856739,5
700,3.010957,-3.771054,-1.308929,5
701,2.747975,-3.082057,-2.819496,5
702,2.747248,-3.082877,-2.819309,5
703,4.455252,-1.834044,-1.336792,5
704,-0.292641,-0.09032688,1.613937,1.642739
705,-0.3243141,0.09576086,1.417364,1.457145
706,-0.3497792,0.0956027,1.33654,1.384855
707,-0.3884329,-0.08770879,1.534898,1.585713
708,-0.4170802,-0.06079466,1.541348,1.597938
709,0.001790928,4.213305,-2.692221,5
710,-0.41746,0.000919703,1.540952,1.596498
711,-0.2488732,-0.1096086,1.532431,1.556373
712,-0.3264311,0.09049477,1.415705,1.455667
713,3.866832,1.749412,-2.317716,4.835767
714,0.0002709218,3.767892,3.28679,5
715,2.465935,0.09505997,-2.229661,3.325848
716,2.46607,0.09511539,-2.230083,3.326232
717,0.3110117,0.8641118,1.026847,1.377619
718,0.505255,1.024891,1.196312,1.654342
719,0.4523735,0.9446725,1.070607,1.497747
720,0.6898229,1.030418,1.100061,1.657634
721,-0.03031771,0.9184899,0.7860967,1.209335
722,0.4324615,1.053691,1.150834,1.619169
723,0.3375595,0.8929878,1.247782,1.571093
724,0.4636646,0.6017463,1.289379,1.496523
725,-1.017689,3.397626,3.524265,5
726,0.4872122,4.580081,1.94563,5
727,4.595018,1.959365,-0.2160951,5
728,3.823378,1.349744,-2.925743,5
729,0.2023481,2.974635,4.013802,5
730,0.1071832,0.1814108,1.312462,1.329268
731,-0.1523532,0.4477898,1.049845,1.151478
732,-0.3556033,0.2038146,1.236088,1.302271
733,-0.06772736,0.2289053,1.19396,1.21759
734,-0.3579393,0.2016156,1.234366,1.300933
735,-0.2503414,0.4285034,1.190697,1.289978
736,-0.06701232,0.2299601,1.196011,1.21976
737,-0.2531935,0.4330918,1.192789,1.293995
738,0.04747412,0.3854049,1.168035,1.230893
739,-2.737756,-3.542717,2.225724,5
740,0.262556,-0.3052652,0.08957844,0.4124885
741,0.5340663,0.2772381,0.1578047,0.6220853
742,0.6215352,-0.09745466,0.004542995,0.6291455
743,0.1146685,0.1071333,-0.122305,0.1989596
744,0.2809738,0.2837191,-0.2023555,0.44765
745,0.7034547,0.11206,-0.2195127,0.7453803
746,0.8949514,0.1271254,-0.336413,0.9645064
747,0.09228391,-0.2097882,0.4727627,0.5253875
748,0.9033561,0.1257964,-0.3427587,0.9743513
749,0.3705159,0.3017871,0.04224292,0.4797311
750,4.572758,-2.02202,0.03631371,5
751,4.02265,-2.666909,-1.306096,5
752,4.145441,-2.18168,-1.748026,5
753,4.472828,-1.391152,-1.748858,5
754,4.185823,-1.9158,-1.951563,5
755,3.690796,-2.84845,-1.806753,5
756,3.962974,-2.492936,-1.755025,5
757,-0.6495523,-4.801341,-1.234993,5
758,-0.5886039,0.6862581,-0.03465658,0.9047683
759,-0.7109693,0.7718411,-0.04527621,1.050365
760,-0.7120785,0.7713602,-0.03592049,1.050401
761,-0.862029,0.8251786,0.01610818,1.193429
762,-0.6443067,0.9415359,-0.04609433,1.141817
763,-0.4872638,0.9400725,-0.03011138,1.059278
764,2.835077,4.118536,0.0002359407,5
765,-0.04449722,0.08342931,1.714926,1.717531
766,-0.2262332,0.4400232,1.556535,1.633279
767,0.002786403,-1.932619,4.380826,4.78818
768,0.0036894,-2.663178,4.020136,4.822243
769,-0.09866232,0.0962248,1.512486,1.518752
770,-0.1692463,-0.07525912,1.61056,1.621176
771,-0.1499377,-0.07584517,1.682571,1.69094
772,-2.884204,-0.02797304,2.180697,3.615917
773,-2.883288,-0.02751804,2.18062,3.615136
774,-2.630485,0.1249654,2.396603,3.560727
775,-3.26523,0.05160629,1.942611,3.799753
776,0.9715237,1.331038,0.1985586,1.659803
777,0.8178778,0.6611401,0.90211,1.38558
778,1.291021,0.8490583,0.7230244,1.705989
779,0.6343694,1.144788,0.6194391,1.447988
780,0.6082483,0.7106667,1.127887,1.465313
781,0.8434,0.65974,0.6841195,1.270669
782,1.156191,1.265929,0.7272779,1.862334
783,1.157898,1.265214,0.726721,1.862691
784,0.1622429,1.169819,0.9784286,1.533663
785,0.7049438,1.60134,0.3556815,1.785426
786,-0.3472854,4.987607,0.05628084,5
787,1.329203,4.073103,2.577412,5
788,2.69729,-2.069441,3.666339,5
789,3.364718,2.93917,-2.244984,5
790,4.864217,0.4908442,1.048074,5
791,-3.497215,-2.392006,2.654768,5
792,-0.1840182,1.006002,1.200472,1.577034
793,0.1088882,0.8495951,0.9757624,1.298376
794,-0.01605074,0.682133,1.245359,1.420029
795,-0.182114,1.011182,1.198096,1.578319
796,0.108375,0.8407675,0.9744395,1.291576
797,0.1545343,0.8982129,1.147009,1.465024
798,0.1546015,0.8983682,1.147262,1.465325
799,-0.01475644,0.6733862,1.246304,1.416665
800,-1.327577,4.115875,2.509405,5
801,0.1446191,-0.1174353,-0.2497365,0.3115672
802,0.1455319,-0.1188434,-0.2492517,0.3121373
803,0.3531465,0.4534974,0.1485758,0.5936725
804,0.3603469,0.4628235,0.1482362,0.6050037
805,0.4655529,-0.01494908,0.1312128,0.4839213
806,0.4942982,-0.06716817,0.07154293,0.5039451
807,0.9340552,-0.01231937,0.1965039,0.9545809
808,0.8160916,-0.04502701,0.2925588,0.8681149
809,0.939774,-0.01294707,0.1966109,0.9602076
810,0.819185,-0.04170632,0.29226,0.8707579
811,0.463343,-0.0134274,0.1316655,0.4818743
812,-0.03134431,-0.07775579,0.4218709,0.4301203
813,0.4914412,-0.06992808,0.07596391,0.5021702
814,4.06502,-2.03238,1.980254,4.957455
815,3.097475,-3.642936,1.387998,4.979144
816,3.730737,-3.191288,0.8998868,4.991244
817,3.887369,-2.463587,1.85654,4.962624
818,4.956271,-0.5801417,-0.3143403,5
819,4.400622,-1.499608,1.748026,4.96688
820,3.165835,-3.1059,0.9739073,4.540663
821,3.891571,-2.460534,1.852244,4.962798
822,1.46259,4.453828,-1.739036,5
823,3.079821,-3.857054,0.7587135,4.993777
824,0.6624611,-4.825586,1.072645,4.987555
825,2.925448,-3.36255,2.152754,4.94968
826,0.02187036,-4.833281,1.216191,4.983995
827,2.220775,-3.937423,2.029725,4.955293
828,-0.003655709,-0.04141578,1.550456,1.551014
829,-0.002982061,-0.09719748,1.551453,1.554497
830,0.3139291,0.1038988,1.860498,1.889656
831,-0.04433091,-0.001869801,1.564496,1.565125
832,0.1989779,-0.01855753,1.691074,1.702842
833,-0.04512218,0.003849125,1.56282,1.563476
834,0.3148199,0.09868009,1.860884,1.889905
835,-2.331634,1.320119,2.373328,3.579374
836,-1.108753,0.1624198,2.321582,2.577878
837,-2.10746,0.007226798,1.328559,2.491287
838,-2.104375,0.07246828,1.325199,2.487931
839,-1.100789,0.1093734,2.317815,2.568261
840,-1.228692,0.06117456,4.045399,4.228319
841,-2.142807,0.1869347,2.294727,3.145208
842,0.7283559,0.9080513,0.3767437,1.223518
843,0.9203937,0.8661748,0.3398741,1.308777
844,0.8597317,1.132903,0.5269251,1.51666
845,0.8845551,1.039036,0.6327611,1.504134
846,0.8651513,0.7112965,0.4885091,1.221913
847,0.8873007,1.451956,0.2809595,1.72465
848,0.9375975,1.358494,0.361962,1.689856
849,1.071963,0.76559,0.8498588,1.567639
850,1.130871,0.7435034,0.7609798,1.552662
851,0.8517918,1.137295,0.5355535,1.518489
852,1.135881,1.232601,0.14657,1.682562
853,1.137872,1.236745,0.1439175,1.686714
854,1.855514,4.26902,1.825524,5
855,2.983158,3.376011,-2.168712,5
856,0.8072594,4.378618,-2.275092,5
857,4.679615,-1.346709,1.134715,5
858,-0.1567036,-3.738323,-3.316683,5
859,1.371824,3.304218,-3.492885,5
860,-1.580633,-2.297388,-4.150134,5
861,3.163506,1.16097,3.693829,5
862,0.30641,0.8971151,1.321758,1.626575
863,0.1051953,0.8340706,1.143119,1.418965
864,-0.1017385,1.246985,1.16042,1.706428
865,-0.0615827,1.080244,1.242033,1.64723
866,0.1435381,0.617927,1.112381,1.280558
867,0.07530615,0.9022768,1.297315,1.582024
868,0.05185444,1.081828,1.102586,1.545554
869,3.403704,3.549184,-0.9044871,5
870,0.6279224,3.950853,-2.999413,5
871,0.9349502,4.813014,0.9801894,5
872,-4.629282,-1.303693,-1.367525,5
873,1.043867,-0.07632083,1.845787,2.121889
874,0.4943141,-0.007775971,2.122635,2.179447
875,0.4931178,-0.0614411,2.124129,2.181482
876,0.3505199,0.09944814,1.776002,1.812991
877,0.416277,0.1078379,1.472367,1.533878
878,0.1948399,0.02531903,1.831862,1.842368
879,0.4082001,1.77063,1.890496,2.622162
880,-0.905367,0.004795048,1.504854,1.756217
881,-0.9018087,0.005645564,1.507774,1.756893
882,-2.687051,0.4246295,-0.09310184,2.721988
883,-2.696822,0.4147086,-0.09452946,2.730159
884,-2.412797,2.700201,3.4478,5
885,0.9954363,0.8825643,0.3346221,1.371782
886,0.9958544,0.8829938,0.3349762,1.372448
887,1.010217,0.8477525,0.378162,1.371943
888,1.107183,1.058139,0.3542823,1.571951
889,0.7239987,0.8541198,0.3453392,1.171731
890,1.216506,0.506528,0.4115652,1.380523
891,-1.224566,4.799413,0.6826972,5
892,3.539415,0.8238444,-3.434213,5
893,3.542848,0.8288408,-3.429468,5
894,4.449989,2.274323,-0.1582637,5
895,2.997534,3.915596,0.8263734,5
896,-0.9547794,3.522963,-3.417182,5
897,1.952578,3.937605,2.383842,5
898,4.107759,2.821766,0.4049059,5
899,4.985297,-0.3733973,0.08598256,5
900,0.07019108,1.270363,1.073028,1.664373
901,0.1518252,1.130864,1.168159,1.632942
902,0.1153792,0.7892256,0.8799481,1.187644
903,0.2331056,1.002254,1.044082,1.465933
904,0.06798027,1.098162,0.9759499,1.470734
905,0.2587224,0.8164412,0.9100742,1.249699
906,0.3273155,1.2084,1.190573,1.727666
907,0.1579319,0.8944082,1.069215,1.4029
908,0.15193,1.130834,1.168823,1.633407
909,0.1619997,0.8986337,1.067769,1.404961
910,2.891658,3.599281,-1.919242,5
911,2.878337,3.609856,-1.919404,5
912,3.884299,3.053783,0.7659173,5
913,0.4950326,-0.08273304,1.943265,2.007033
914,0.7945637,0.04619392,2.577941,2.698007
915,1.129858,0.453539,1.858905,2.222117
916,1.13451,0.03051115,1.838693,2.160749
917,1.077586,-0.0007917937,2.652087,2.862648
918,1.170562,-0.008614942,2.696571,2.939692
919,1.168013,-0.006506616,2.697098,2.939155
920,0.2335044,-0.09412605,4.778986,4.785613
921,-0.2743297,0.03669655,4.647,4.655235
922,0.2352108,-0.09384233,4.774947,4.781658
923,-0.2317559,0.06652489,4.677463,4.683673
924,0.8897102,0.3116099,4.608961,4.704382
925,1.329324,0.03742973,3.198328,3.463785
926,0.8385751,0.7100531,-0.02085488,1.099008
927,0.9044919,0.7454062,0.1744937,1.184983
928,0.8418643,0.7690526,-0.02364893,1.140498
929,1.112248,0.6745428,0.2108248,1.317782
930,0.5989747,0.8827851,-0.02066551,1.067009
931,0.9992886,0.6717269,-0.1068644,1.208807
932,1.073039,0.6693187,0.1055291,1.269069
933,1.080873,0.6282806,0.2209979,1.269592
934,0.5841032,0.4291769,-0.06350582,0.7276004
935,0.8330257,1.119523,0.2609171,1.419627
936,1.07162,0.638337,0.2226785,1.267055
937,4.779136,0.4028111,-1.413367,5
938,4.685068,1.733125,-0.2154574,5
939,4.354132,2.457558,0.04409908,5
940,4.627102,0.7953126,1.719709,5
941,2.363701,-0.4812137,4.379652,5
942,0.3541387,1.084181,0.6431223,1.309377
943,0.3104225,0.9611591,0.9685391,1.399377
944,0.5905922,1.309535,0.72538,1.609303
945,0.2931038,1.227679,0.8833511,1.540589
946,0.2968974,1.226648,0.8883259,1.543352
947,0.3405752,1.239453,1.007949,1.633462
948,0.4958151,1.260976,0.8130422,1.580168
949,0.4994401,1.260137,0.8209747,1.584735
950,0.3728964,1.413574,1.019338,1.782216
951,0.3538418,1.082063,0.6445575,1.308251
952,4.035619,2.288935,0.8257253,4.712459
953,3.926003,2.370226,1.723745,4.899262
954,-0.2592788,0.47701,-4.970436,5
955,0.2717209,0.003632582,2.963236,2.975671
956,2.005502,0.005590981,2.587631,3.27382
957,0.2728425,0.00544688,2.968072,2.980591
958,1.043326,0.02025338,2.443333,2.656843
959,0.7800084,0.2650216,2.066354,2.224515
960,1.038907,-0.02110972,2.449131,2.660454
961,-2.70016,0.09313196,4.207192,5
962,-2.231179,0.002363559,4.151746,4.713296
963,-2.229199,0.002207046,4.155742,4.71588
964,-2.699917,0.09298563,4.207352,5
965,0.9146894,1.381899,-1.482215,2.223345
966,0.6325251,0.6197385,-0.09966868,0.8911215
967,0.9205189,0.8729196,0.1730106,1.280342
968,0.8453254,0.7767693,-0.05951589,1.14956
969,0.7944824,0.6480841,-0.2251796,1.049724
970,0.4904034,0.8206951,0.03731029,0.95678
971,0.7110996,0.3565492,0.06553115,0.7981756
972,0.5819086,0.4042587,-0.03882571,0.7096127
973,0.8266063,0.9649668,0.3161588,1.309349
974,0.8256531,0.9647621,0.3150952,1.30834
975,1.029729,1.099023,-0.0373622,1.506516
976,4.994565,-0.09144906,-0.2143768,5
977,4.734751,-1.323901,-0.9107245,5
978,4.805284,-0.5212676,-1.27966,5
979,4.624865,-0.472978,-1.84036,5
980,4.98887,-0.3105069,-0.1214899,5
981,4.848688,-0.03610812,1.220215,5
982,4.759207,-1.502658,0.303265,5
983,4.773247,0.3360529,1.450235,5
984,4.517353,-1.061061,-1.862169,5
985,4.962784,-0.608878,-0.0065488,5
986,4.023735,-1.875937,2.300091,5
987,2.823783,-0.4677016,4.099696,5
988,1.412303,0.754726,4.736644,5
989,1.944786,-4.423644,-1.284205,5
990,-0.8556495,0.5800037,-0.01309612,1.033785
991,-0.9254985,0.6043534,0.004796043,1.105357
992,-1.0482,0.2384015,0.03274247,1.075468
993,-0.9386392,0.5976682,-0.001373362,1.112768
994,-0.8583294,0.5820819,-0.002555375,1.03709
995,-1.045169,0.2381093,0.03135978,1.072407
996,0.1197222,4.998509,0.02388498,5
997,0.1201035,4.998534,0.01526614,5
998,0.6296208,1.071631,0.4864227,1.334699
999,0.6339802,1.074255,0.4833355,1.337748
1000,0.5047169,1.150123,0.5276546,1.362329
1001,0.1721893,1.032464,0.7667664,1.297521
1002,0.5434146,1.17423,0.6659613,1.455204
1003,0.5905861,1.222562,0.8547211,1.604368
1004,0.4333103,1.268292,0.6598851,1.493911
1005,0.3557261,1.163301,0.6623083,1.385086
1006,0.5032901,1.148195,0.5279178,1.360276
1007,0.5421883,1.331297,0.676057,1.588513
1008,3.920518,1.101874,-2.900934,5
1009,4.883416,0.09574231,1.06915,5
1010,3.426846,-2.501478,2.645626,5
1011,4.099464,2.756829,0.7708996,5
1012,4.101234,2.752452,0.7771031,5
1013,-3.45146,2.856785,-2.219506,5
1014,-2.003103,-0.8413412,4.503301,5
1015,-1.159334,1.745188,4.539853,5
1016,1.183014,4.644108,-1.425741,5
1017,0.09070253,0.2214116,0.7888837,0.824371
1018,-0.1360026,0.3956462,0.879783,0.9741923
1019,0.09272289,0.2242036,0.7855775,0.8221902
1020,-1.423342,-1.449164,3.95867,4.449387
1021,2.727349,0.01204472,1.771547,3.252224
1022,2.091879,0.05802443,2.010555,2.902009
1023,1.742127,0.01981591,3.260867,3.697114
1024,2.196486,0.008210127,2.103783,3.041467
1025,2.200369,0.008282528,2.10182,3.042916
1026,1.209147,0.02712893,2.197268,2.508138
1027,2.283781,0.008943022,2.580023,3.445614
1028,2.283172,0.009246397,2.583196,3.447587
1029,-4.991951,0.08547761,0.268926,4.999921
1030,-1.974387,1.552409,2.142062,3.301001
1031,-1.949044,2.682372,1.398179,3.598444
1032,0.07352415,0.4702673,0.1534442,0.5001022
1033,-0.1239163,0.3483445,0.1784302,0.4105319
1034,0.547059,0.7295583,0.2198334,0.9380062
1035,-0.1302258,0.3543694,0.1785047,0.4176127
1036,0.1329512,0.5569965,0.1498665,0.5919299
1037,0.4016291,0.6078634,-0.01375231,0.7286927
1038,0.2673986,0.4442341,0.1430652,0.5378788
1039,0.382041,0.2268029,0.263285,0.5164435
1040,-0.02198758,0.09135219,0.1163429,0.1495471
1041,0.07338028,0.4800316,0.1535653,0.5093106
1042,4.279434,-1.613002,1.920005,4.960015
1043,4.935857,-0.5672777,-0.5617042,5
1044,4.089883,-2.310907,1.626848,4.971325
1045,4.525403,-1.778379,1.107106,4.986741
1046,4.175542,-2.005549,1.788075,4.965339
1047,4.277754,-1.961256,1.604993,4.972093
1048,4.277661,-1.961248,1.605227,4.972085
1049,4.525334,-1.529655,1.403141,4.978684
1050,4.627584,-1.742803,0.7033219,4.994653
1051,2.240615,-4.293709,1.242458,5
1052,-1.066255,-4.882165,0.1577238,4.999731
1053,3.094359,-1.227999,3.544017,4.862416
1054,0.6853641,1.170603,0.5493199,1.463485
1055,0.6245456,1.145375,0.5403657,1.412068
1056,0.821612,1.247538,0.4048301,1.547671
1057,0.5750102,1.054357,0.6553476,1.368132
1058,0.6677413,1.110905,0.4049428,1.357928
1059,0.5982521,1.12781,0.4300021,1.347131
1060,2.273657,-3.401259,-2.453534,4.770525
1061,0.7573485,1.486247,-4.713543,5
1062,-0.1142058,0.2672085,0.5068573,0.5842497
1063,0.011765,0.3710894,0.6855891,0.7796655
1064,0.003755968,0.51059,0.9473149,1.076161
1065,-0.004087942,0.364292,0.5948451,0.6975429
1066,-0.2208937,0.456428,0.7735239,0.9249106
1067,0.06115637,0.498189,0.7325422,0.8880036
1068,-0.1114486,0.2674624,0.5109714,0.5874085
1069,0.09881814,0.2634063,0.5909648,0.654513
1070,0.09810653,0.5430753,0.8087333,0.9790839
1071,2.544875,0.02555666,1.812933,3.124703
1072,2.547074,0.02623661,1.810404,3.125034
1073,1.786238,0.103644,1.616401,2.411253
1074,1.779984,0.1040338,1.623987,2.411742
1075,0.9413531,1.893236,4.53095,5
1076,0.5697221,1.329794,0.1312952,1.452644
1077,0.7260681,1.143903,0.296526,1.386945
1078,0.796332,1.134881,0.3309467,1.425351
1079,0.7979,1.130483,0.3343464,1.423525
1080,0.9474099,1.146491,-0.02319741,1.487469
1081,0.7435549,1.314026,0.4928359,1.588214
1082,0.5701914,1.329822,0.1314516,1.452867
1083,0.5768996,1.228999,0.2044843,1.372977
1084,0.6506877,1.231826,0.2711878,1.419272
1085,0.7394049,1.354718,0.2831037,1.569117
1086,4.74773,1.549919,-0.2383473,5
1087,2.060287,1.959044,0.2824494,2.856994
1088,3.979484,-3.026832,0.04467446,5
1089,-0.006717654,0.6239085,0.5552248,0.8352135
1090,-0.1341106,0.6115677,0.4838443,0.7912686
1091,0.07901375,0.8359152,0.6135897,1.039947
1092,-0.09127339,0.5891269,0.6177981,0.8585312
1093,-0.1245805,0.3052272,0.4294821,0.541423
1094,0.0262778,0.6878818,0.6574841,0.951923
1095,2.159985,0.526369,4.478549,5
1096,3.700013,0.1215219,2.168403,4.290318
1097,3.699233,0.1212226,2.166724,4.288789
1098,3.034816,0.07210275,2.529512,3.951423
1099,3.035054,0.07214368,2.531208,3.952691
1100,1.682132,0.05968137,2.710443,3.190553
1101,2.093161,0.04214659,3.263108,3.87698
1102,1.599863,0.08004446,3.278871,3.649242
1103,2.096341,0.04212703,3.2609,3.87684
1104,1.246148,4.774807,0.8051903,5
1105,-0.8452358,4.64114,0.6467847,4.761611
1106,1.005795,1.234757,0.2628813,1.614111
1107,0.5920635,1.115767,0.2525852,1.288128
1108,0.6983146,1.373182,0.3006159,1.569599
1109,0.581034,1.068707,0.6186898,1.364739
1110,0.4635181,1.427457,0.2257284,1.517707
1111,0.4634338,1.427684,0.2246873,1.517741
1112,0.4673206,1.721349,0.2212965,1.797332
1113,0.5597219,1.291345,0.08032246,1.409721
1114,3.840077,0.130337,3.199504,5
1115,1.02603,-0.08560883,4.892845,5
1116,-0.1158721,-1.613219,4.731184,5
1117,-0.1174598,-1.613199,4.731152,5
1118,4.221339,1.5271,2.201877,5
1119,3.762201,0.432175,3.264823,5
1120,2.834161,1.313361,3.904179,5
1121,-4.642144,0.8849672,1.633195,5
1122,0.1575542,1.076736,0.5815723,1.23386
1123,0.04917964,0.8669131,0.5255842,1.014986
1124,-0.1417804,0.9161008,0.3931723,1.006939
1125,-0.01783278,0.7183565,0.4334299,0.8391756
1126,-0.1963146,0.7363002,0.4705959,0.8956215
1127,-0.1718226,0.506332,0.3911102,0.6624668
1128,0.1554669,0.8884421,0.5028014,1.032622
1129,-0.06220184,0.6054943,0.3515812,0.7029237
1130,0.1878675,0.8219214,0.636058,1.056134
1131,3.422698,-0.003614879,2.134665,4.033815
1132,3.418657,-0.0036403,2.13927,4.032829
1133,3.657967,0.05401218,2.190325,4.263937
1134,3.752298,0.04228808,2.143563,4.321619
1135,3.582475,0.4870236,2.061015,4.161623
1136,3.583415,0.4870943,2.060808,4.162337
1137,3.748471,0.04200258,2.138002,4.315536
1138,3.656751,0.05391052,2.186416,4.260886
1139,-3.063135,0.9277217,3.841424,5
1140,-1.859491,3.531061,2.77973,4.863434
1141,-4.510691,-2.099998,0.4936387,5
1142,-0.3796369,4.67737,-0.7839409,4.757781
1143,0.3959737,1.374232,0.4115296,1.488175
1144,0.2819451,1.368715,0.05823974,1.398666
1145,0.637972,1.281611,0.1612046,1.440668
1146,0.2674152,1.100707,0.4836197,1.231648
1147,0.372253,1.377704,0.07126642,1.428888
1148,0.8903657,1.241402,0.3031823,1.557482
1149,0.3493248,0.8340948,0.09137753,0.9088959
1150,0.801053,0.8293408,0.3821455,1.214713
1151,0.5100902,1.146944,0.01038094,1.255301
1152,0.5017922,1.530281,0.3915919,1.657378
1153,0.4133185,1.208286,0.1020265,1.281092
1154,3.233945,0.2242664,3.806745,5
1155,4.125972,1.106815,2.59833,5
1156,4.92717,-0.4034834,0.748464,5
1157,2.510682,0.4082346,4.304627,5
1158,4.340364,0.1278017,2.478893,5
1159,4.875402,-0.8582292,0.7027805,5
1160,4.875468,-0.8581501,0.7024149,5
1161,4.543542,1.020499,1.820662,5
1162,4.621336,0.1034499,1.905924,5
1163,4.234538,2.595716,-0.5752773,5
1164,3.331874,-3.697294,-0.4781559,5
1165,-1.540317,2.821898,3.829402,5
1166,-0.1687767,0.6681092,0.323416,0.7612183
1167,-0.164078,0.8902113,0.1645383,0.9200383
1168,-0.3481683,0.7844733,0.1884703,0.8787153
1169,0.05623737,0.7577507,0.208795,0.7880001
1170,-0.1088461,0.9659659,0.3615691,1.037145
1171,0.06512873,1.037207,0.1678714,1.052721
1172,0.2887397,1.067693,0.5745264,1.246362
1173,0.1208215,0.8351523,0.5337466,0.9984802
1174,-0.1690115,0.6683946,0.323615,0.7616055
1175,0.05186628,0.753778,0.2098709,0.7841666
1176,0.1899667,1.053077,0.4292292,1.152951
1177,-1.011157,1.671844,-4.602445,5
1178,3.533783,0.2085313,1.695897,3.925197
1179,3.145132,0.124307,2.243562,3.865343
1180,3.144175,0.1242621,2.23787,3.861261
1181,3.52548,0.2085626,1.702459,3.920571
1182,3.227279,0.1047847,2.517603,4.094464
1183,3.221212,0.1050538,2.525764,4.09472
1184,-0.2283152,3.176103,3.710854,4.889805
1185,-2.44725,4.134227,-0.2695399,4.81181
1186,1.653821,3.180004,1.852948,4.034968
1187,1.674458,3.159743,1.854461,4.028251
1188,0.2279001,1.04316,0.09015811,1.071564
1189,0.2510101,0.8817367,0.07965443,0.9202231
1190,0.3566477,0.8058999,0.1071779,0.8877833
1191,0.3693207,0.9410196,0.08329909,1.014325
1192,0.1028669,0.7737917,0.100884,0.7870914
1193,0.2106334,0.7039487,0.1124686,0.7433434
1194,0.3592041,0.9384338,0.0832523,1.008274
1195,4.289669,-2.221361,1.225573,4.983747
1196,4.881361,-0.7894317,0.7039732,4.994643
1197,4.701809,-1.31708,1.022427,4.988694
1198,4.878234,-0.8091627,0.7033194,4.994654
1199,4.750248,-1.147399,1.004767,4.989082
1200,4.943833,0.24225,0.6716416,4.995125
1201,4.659072,-1.62629,0.764869,4.993676
1202,-4.003832,-0.1395501,2.842049,4.911963
1203,0.08648991,1.08659,0.433166,1.172941
1204,-0.09797969,1.080136,0.2509735,1.11323
1205,-0.05952042,1.171498,0.289753,1.208266
1206,-0.1413798,0.9243388,0.2492661,0.9677417
1207,-0.1577313,0.9505098,0.2132493,0.9868249
1208,0.09348921,0.9867452,0.3104291,1.03864
1209,0.09230896,0.9911962,0.3117636,1.043162
1210,0.07895981,0.9405112,0.2989832,0.9900439
1211,-0.235602,0.848091,0.3328738,0.9410481
1212,0.2269435,1.086863,0.245338,1.137087
1213,-2.996403,-3.988655,0.3349664,5
1214,3.6421,0.1443635,1.493476,3.939061
1215,3.634707,0.1444824,1.496739,3.933472
1216,3.626475,0.172061,1.284408,3.851055
1217,3.305718,0.1279806,1.435119,3.606067
1218,3.629112,0.1720929,1.285453,3.853889
1219,3.525195,0.1405253,1.757637,3.941577
1220,3.525685,0.1405923,1.757818,3.942099
1221,3.342601,0.1143366,1.437142,3.640251
1222,-4.989384,0.3093516,-0.0037118,4.998966
1223,-0.1315895,2.686214,4.121578,4.921429
1224,-3.898695,0.9060972,-2.981689,4.991122
1225,0.1001003,0.9578668,0.05637337,0.9647315
1226,-0.04322932,0.9825814,0.32963,1.0373
1227,-0.2975659,0.8906748,0.1097379,0.9454573
1228,0.1190938,1.12441,0.3016292,1.17024
1229,-0.2960207,0.8907922,0.1156333,0.9457854
1230,-0.2088492,1.008517,0.2837888,1.068298
1231,0.004144185,1.037604,0.2789547,1.074456
1232,-0.06791642,1.22235,0.2912496,1.258403
1233,0.09407996,1.156729,0.1057492,1.165356
1234,0.1051219,1.150488,0.2511359,1.182261
1235,-0.2101742,1.008489,0.2846635,1.068764
1236,0.0239045,1.163987,0.08999072,1.167705
1237,4.120886,2.787217,-0.4997181,5
1238,3.712917,0.1124621,1.757396,4.109361
1239,3.702724,0.1047798,0.9658377,3.828053
1240,3.715337,0.1124851,1.752969,4.109657
1241,3.686546,0.1381781,1.171609,3.870708
1242,3.68009,0.1450223,1.326679,3.91461
1243,3.677764,0.1450687,1.326932,3.912511
1244,3.639627,0.1322315,1.107903,3.806813
1245,3.403388,0.173437,1.477945,3.714492
1246,-0.8807148,3.623021,3.111267,4.856122
1247,4.446012,-0.8174279,2.136537,5
1248,2.689245,3.626352,1.787973,4.855854
1249,-1.562967,-2.954202,3.718848,5
1250,-3.901774,0.473427,3.090635,5
1251,-4.300479,1.936112,1.660528,5
1252,0.02463187,1.110821,0.09993677,1.115579
1253,-0.0340786,1.309171,0.2318257,1.329975
1254,0.1685392,1.221554,0.1708744,1.244908
1255,0.09232701,1.41902,0.05179694,1.422964
1256,0.06608934,1.30814,0.1518056,1.318576
1257,0.06350072,1.313502,0.1461283,1.32313
1258,-0.07327711,1.351878,0.1714922,1.364681
1259,0.2477633,1.468824,-0.04930121,1.49039
1260,4.690198,1.153125,1.29319,5
1261,-0.3547487,0.08693013,4.986642,5
1262,1.692567,-0.8358703,-4.629961,5
1263,4.340675,0.2210667,1.1458,4.494796
1264,4.325038,0.1614071,1.100419,4.465751
1265,3.993772,0.2069413,1.234216,4.185252
1266,4.398985,0.1314101,1.186642,4.55812
1267,-1.488341,2.021444,4.27284,4.955659
1268,-3.985701,2.629991,1.204195,4.924708
1269,-3.476908,3.114708,-1.791565,5
1270,0.8208898,3.539491,3.231826,4.862772
1271,-4.282111,2.420826,-0.412319,4.936282
1272,-0.9162636,-1.384995,-4.716169,5
1273,0.160537,1.217243,0.1051316,1.232276
1274,0.3011972,1.338855,-0.1744167,1.383356
1275,0.0869319,1.253428,-0.07107155,1.258448
1276,0.07116773,1.16953,0.01513715,1.171791
1277,0.1237199,1.414369,-0.01809716,1.419885
1278,0.04342005,1.389689,-0.04616017,1.391133
1279,0.0722677,1.169193,0.01560415,1.171529
1280,0.1581955,1.387256,0.04940958,1.397121
1281,3.405469,3.238225,1.707829,5
1282,4.35458,1.751363,1.723474,5
1283,1.833025,4.109433,-2.180041,5
1284,2.458047,3.450325,2.655797,5
1285,2.459552,3.44941,2.655593,5
1286,3.995953,0.2201244,0.4865991,4.031486
1287,4.013155,0.1843043,0.2185663,4.023325
1288,4.020438,0.1842443,0.2238903,4.03088
1289,4.609086,0.2004356,0.6457392,4.658415
1290,4.608468,0.2003593,0.6501833,4.658418
1291,4.514018,0.1601614,0.5952905,4.555917
1292,3.995244,0.2200357,0.4840088,4.030466
1293,-4.848424,0.762053,-0.9215862,4.993722
1294,-4.704625,0.6973003,1.525694,4.994744
1295,3.100652,1.156855,-3.728682,4.985521
1296,0.01415926,0.4650406,0.08919276,0.4737284
1297,0.01425303,0.4649921,0.08942986,0.4737283
1298,3.110526,0.7456523,3.842998,5
1299,0.1801928,1.280694,0.05608868,1.294524
1300,0.1167878,1.283113,0.06184816,1.2899
1301,0.1613647,1.003508,0.06846009,1.018702
1302,0.1699381,1.021828,0.0587639,1.037528
1303,0.2523241,1.218066,0.05340655,1.245072
1304,-0.008763553,1.304738,0.06376156,1.306325
1305,0.03411526,1.154262,0.06041376,1.156346
1306,4.961558,0.5094365,0.3337453,4.998796
1307,3.76581,-2.275696,2.256102,4.944705
1308,3.193408,3.847211,-0.03336166,5
1309,3.195193,3.845368,0.05923478,4.999962
1310,4.347089,2.469991,0.04426255,5
1311,4.953867,0.6775325,0.01250541,5
1312,4.347456,2.469712,0.01183433,5
1313,-0.7950856,-4.804875,1.075228,4.987494
1314,1.649255,3.874303,2.696244,5
1315,-3.412552,-3.139477,1.776823,4.965775
1316,4.838833,0.2302771,0.5812918,4.879061
1317,4.338832,0.1796984,0.1665205,4.345744
1318,4.319216,0.1828067,0.3536064,4.33752
1319,4.631582,0.1793017,0.3526657,4.648449
1320,4.679645,0.2394343,0.2266178,4.691243
1321,4.346966,0.1797386,0.1647647,4.353799
1322,4.426719,0.1729439,0.1127908,4.431531
1323,-3.888388,2.969166,-0.3347861,4.903834
1324,-2.319729,3.449586,-2.536465,4.869748
1325,-0.2798692,1.000623,-4.879781,4.989172
1326,-1.756282,4.123094,-1.754711,4.812841
1327,-0.2420007,0.345043,0.08125413,0.42921
1328,-0.2393002,0.3467899,0.079873,0.4288444
1329,-0.08205245,0.4458277,0.07748565,0.4598901
1330,-0.1745814,0.5927568,0.1767055,0.6427007
1331,-0.4782611,0.5590709,0.1204966,0.7455289
1332,2.338942,1.419245,4.15537,4.975139
1333,2.593803,0.8625274,0.2487788,2.744751
1334,2.587101,0.8622589,0.2544959,2.738859
1335,2.652012,1.004857,0.4547388,2.872228
1336,2.623132,0.957294,0.4512192,2.828574
1337,0.8036138,1.844218,4.577452,5
1338,4.434543,0.2951283,0.1278249,4.446191
1339,4.436277,0.2952877,0.1249634,4.447849
1340,4.436724,0.2154858,0.06973278,4.442502
1341,4.171314,0.0883563,0.1565133,4.175185
1342,4.182686,0.08832996,0.1565884,4.186548
1343,4.316876,0.2035836,-0.09091433,4.32263
1344,2.670893,3.628928,-1.809559,4.855646
1345,-0.2176364,-4.17561,-2.741699,5
1346,-0.1155975,0.4463913,-0.02138029,0.4616114
1347,0.06511379,0.7873416,0.1227557,0.7995096
1348,-0.1660999,0.5382385,0.1137767,0.5746607
1349,-0.2991931,0.7470776,0.03059903,0.8053432
1350,-0.3312123,0.6632249,-0.02284044,0.7416809
1351,-0.1868954,0.7210627,0.06106718,0.7473891
1352,-0.1196453,0.6874291,0.0837352,0.7027698
1353,-0.1156169,0.4463616,-0.02164353,0.4615998
1354,-0.3055729,0.8394449,0.04961254,0.8947088
1355,2.917639,1.371096,0.2532904,3.233679
1356,2.904046,0.8218728,0.5800784,3.073345
1357,3.343827,1.097878,0.1585467,3.523018
1358,3.107262,0.6625692,0.2393135,3.186118
1359,2.8365,0.7142049,0.5389621,2.974273
1360,2.979742,0.9646655,0.4141604,3.159267
1361,3.498735,0.8640006,0.5227927,3.64156
1362,2.917387,1.369433,0.259117,3.233208
1363,-0.846637,-1.376674,-4.731593,5
1364,-2.805713,4.138378,0.04252288,5
1365,1.985923,-0.8282813,4.51332,5
1366,1.313198,1.97037,4.403766,5
1367,4.076492,0.2347423,-0.2971621,4.094044
1368,4.172918,0.1451739,-0.09402138,4.176501
1369,4.153241,0.2373434,0.2982527,4.170695
1370,4.254874,0.2705269,0.2038261,4.268335
1371,4.17265,0.1452188,-0.09437688,4.176243
1372,4.255696,0.2706331,0.2017023,4.269061
1373,4.009877,0.1686207,-0.1971681,4.018261
1374,-1.055714,4.334103,1.752617,4.79277
1375,-2.461756,3.383749,2.500608,4.874735
1376,-0.3048209,0.8648475,-0.05121111,0.9184223
1377,-0.3086043,0.8099132,-0.1933209,0.8880141
1378,-0.2450509,0.8264251,0.03233597,0.8625973
1379,-0.2311055,0.7459713,0.0283694,0.7814651
1380,3.518229,0.5985714,0.4355204,3.59526
1381,3.325783,1.382728,0.2667558,3.611638
1382,3.023111,1.212075,-0.1696516,3.261457
1383,3.301471,1.473448,0.6653885,3.676072
1384,3.028338,1.210068,-0.1662092,3.265382
1385,3.207497,1.089941,0.3446617,3.405114
1386,3.561434,1.011406,0.3579548,3.719527
1387,3.054761,1.07809,0.1917705,3.245092
1388,0.3587908,4.985351,-0.132452,5
1389,4.219055,1.137209,2.430293,5
1390,0.9020879,-4.9159,-0.1420074,5
1391,4.579181,-1.833573,-0.8179963,5
1392,0.8738263,-4.902811,0.4459547,5
1393,4.114576,0.1851211,0.2732416,4.127792
1394,3.941092,0.2357626,0.02998869,3.948251
1395,3.941675,0.2359586,0.02827604,3.948833
1396,3.895387,0.2447955,-0.08777957,3.904058
1397,3.642111,0.1410657,-0.075243,3.645618
1398,4.265948,0.1806178,-0.2874779,4.279437
1399,4.240506,0.2748744,0.00443766,4.249408
1400,-1.033336,0.1216142,4.890381,4.99984
1401,3.309648,3.486171,0.7614936,4.866932
1402,1.979528,4.3462,-0.3890018,4.791587
1403,-0.1803764,1.088657,-0.04091484,1.104257
1404,-0.1782342,1.087764,-0.04116676,1.103038
1405,-0.1862436,0.7942117,-0.05082547,0.8173384
1406,-0.4320585,0.8630362,0.02833542,0.9655614
1407,-0.2137175,0.7293082,-0.03652089,0.7608544
1408,-0.278564,1.051924,-0.04228914,1.089005
1409,-0.2984532,0.992406,-0.04167548,1.03715
1410,-0.3240596,0.7482508,0.070574,0.8184587
1411,-0.3575759,0.9169814,0.05261477,0.9856387
1412,-0.101429,0.8081545,-0.04473494,0.8157222
1413,-0.2918321,0.9237111,-0.08928002,0.9728202
1414,-0.5101928,0.8607143,-4.898865,5
1415,3.590501,0.9409316,0.1337831,3.714155
1416,3.594885,0.9397678,0.1379145,3.71825
1417,3.248476,0.8723021,0.4992459,3.400404
1418,3.311212,0.3677579,0.4579988,3.362905
1419,3.672553,0.7156272,-0.07113392,3.742303
1420,3.475505,1.349709,-0.003390262,3.728386
1421,3.142372,0.5302672,-0.05589024,3.187288
1422,1.45475,-3.550253,-3.206151,5
1423,0.328188,-4.988027,0.1089839,5
1424,4.786779,-0.3780209,-1.394219,5
1425,3.282829,-3.696328,-0.7484587,5
1426,2.96031,0.191352,-0.5681486,3.020405
1427,3.93742,0.1847802,-0.5074472,3.974283
1428,3.686037,0.1894084,-0.4585135,3.719271
1429,3.269537,0.1992672,-0.3115066,3.290383
1430,2.785659,0.3110659,-0.5878716,2.863957
1431,2.699785,0.2471845,-0.1599148,2.71579
1432,3.077121,0.1881904,-0.4548698,3.116248
1433,2.777474,0.3075227,-0.5552648,2.849079
1434,3.330416,0.2012659,-0.560609,3.383262
1435,0.4652837,4.728083,-0.1169769,4.752361
1436,-0.244883,4.744137,-0.04128915,4.750633
1437,-2.216596,4.210832,-0.6633654,4.804628
1438,-0.1197748,1.273014,0.02617943,1.278904
1439,-0.06251144,1.291123,0.04139765,1.293298
1440,-0.1350981,1.247784,0.02276999,1.255283
1441,-0.0796892,1.363372,0.02190768,1.365875
1442,-0.06637908,1.286717,0.04162695,1.289101
1443,-0.1214174,1.276095,0.02616722,1.282125
1444,3.55014,1.161007,0.141809,3.737853
1445,3.550005,1.160869,0.1421026,3.737692
1446,3.642926,0.5780402,-0.09766068,3.689794
1447,3.335298,0.9984089,0.1037112,3.483072
1448,3.503605,1.070238,0.08611519,3.664433
1449,3.279788,1.490248,0.0313657,3.602614
1450,3.503788,1.06969,0.0860854,3.664447
1451,3.590054,0.8774508,0.04456176,3.695997
1452,3.470319,0.4387395,0.1938669,3.503311
1453,-1.540644,1.098699,4.628097,5
1454,-4.302969,0.8035075,2.416368,5
1455,1.515435,0.2043884,0.8676357,1.758155
1456,1.41836,0.3449938,0.8122209,1.67047
1457,1.420666,0.3449926,0.8121797,1.672408
1458,1.354264,0.2676595,0.8240191,1.607694
1459,1.504835,0.2044811,0.8678626,1.74915
1460,1.348333,0.2677878,0.8240345,1.602731
1461,1.115777,-4.641229,1.413565,4.978366
1462,0.43755,4.721791,0.3072609,4.751965
1463,1.789845,-0.7941338,4.3706,4.78919
1464,-0.1368244,4.728973,0.427104,4.750192
1465,0.68244,4.697671,0.2721531,4.754777
1466,0.02503924,-4.663595,1.802845,5
1467,3.321034,0.9668983,-0.3295576,3.474589
1468,3.324666,1.420065,0.1146897,3.617062
1469,3.271433,0.7196028,0.1799406,3.354472
1470,3.335075,1.41889,0.1156745,3.626204
1471,3.311921,0.9397496,0.2612148,3.452562
1472,2.3452,0.05382337,4.415556,5
1473,1.893613,-0.6512099,-4.581502,5
1474,-3.893974,-2.150135,2.283394,5
1475,0.2048726,3.460344,-3.603339,5
1476,3.729805,0.4810798,-0.03609037,3.760875
1477,3.737549,0.4780041,-0.03517713,3.768155
1478,3.463701,0.6114599,0.2073591,3.523365
1479,3.272689,0.6080765,0.2067219,3.335114
1480,3.301522,1.422651,-0.0393545,3.59521
1481,3.459389,0.6102521,0.2061137,3.518844
1482,3.16592,0.5281968,-0.008737764,3.209692
1483,1.388306,-4.190399,2.348012,5
1484,0.3237873,0.1976207,1.073291,1.138352
1485,4.812314,1.055296,0.8532194,5
1486,2.67534,-3.474426,2.402274,5
1487,-2.556261,0.7246551,-4.235611,5
1488,3.180249,0.8249474,0.1831507,3.290603
1489,3.326587,0.7541434,0.1283491,3.413413
1490,3.357532,0.2696374,0.002140868,3.368342
1491,3.106592,0.417558,0.1465317,3.137952
1492,3.433224,0.2608244,-0.04471334,3.443408
1493,3.167587,0.5112463,0.1123817,3.210546
1494,3.353246,0.4077546,0.02631767,3.378049
1495,3.420817,0.2924399,0.1171945,3.435294
1496,1.553645,-4.458175,1.646469,5
1497,0.06210418,0.4369148,0.006774191,0.4413585
1498,0.06187683,0.4369647,0.00664019,0.4413739
1499,0.3629036,-4.960029,-0.5161564,5
1500,0.5556404,-4.95808,-0.3297146,5
1501,4.149434,-2.709812,-0.6626609,5
1502,4.382837,1.313144,-2.016529,5
1503,3.438275,0.7366713,0.02906135,3.516428
1504,3.005502,0.3305023,0.02638178,3.023734
1505,2.83437,0.5851504,-0.01208507,2.894166
1506,2.826577,0.7215802,-0.2449187,2.927491
1507,2.83527,0.6323713,-0.1848586,2.910812
1508,3.075751,0.2342634,-0.02425706,3.084755
1509,3.231843,0.7376037,-0.1179131,3.317043
1510,2.523688,0.4940267,-0.2171588,2.580741
1511,2.495061,-3.205265,2.915638,5
1512,2.274116,-2.178093,-3.883852,5
1513,-0.1581283,0.9966285,0.01296063,1.009178
1514,-0.1429002,1.264582,-0.003382196,1.272635
1515,-0.3699586,1.139463,-0.006855177,1.198037
1516,-0.3582262,1.117336,0.003906678,1.173363
1517,-0.1102453,1.138613,-0.006718,1.143957
1518,-0.1938947,1.088137,-0.0001163067,1.105277
1519,-0.1621006,0.9882959,0.01593622,1.001628
1520,-0.1761523,-0.3076825,0.7044097,0.7886008
1521,0.5725304,-0.489477,-0.04536741,0.7546105
1522,-0.0430099,-0.3554357,0.6072241,0.7049152
1523,-0.1742753,-0.302047,0.7030171,0.784753
1524,-3.846567,-3.16394,0.4397756,5
1525,0.6248529,-1.220971,4.8082,5
1526,-1.599471,-0.0555066,4.736941,5
1527,1.651867,0.2336693,0.1216381,1.672741
1528,1.947431,0.4748834,0.1407816,2.009434
1529,1.673714,0.1269023,0.1033367,1.681696
1530,1.193357,-3.26708,3.41235,4.872581
1531,1.452222,-3.073262,3.483549,4.867135
1532,4.411237,-0.4438362,2.196124,4.947622
1533,3.011273,-3.90623,-0.8207331,5
1534,3.331344,-2.367104,2.880793,5
1535,1.282195,-1.214114,4.443919,4.781895
1536,-0.4067883,-4.981956,0.1149509,4.999857
1537,-0.5195895,0.1333205,1.236529,1.347869
1538,0.02557212,-0.2412571,0.9269895,0.9582111
1539,-0.5183338,0.1324464,1.236405,1.347185
1540,0.02596998,-0.2429154,0.9272929,0.9589341
1541,0.06310889,-0.2516183,0.9638466,0.9981456
1542,-0.4248101,-0.06902251,1.340593,1.407984
1543,0.06715541,-0.2524018,0.9594697,0.9943836
1544,0.01505878,3.620547,1.560125,3.942407
1545,0.01365119,3.621014,1.563001,3.94397
1546,0.01668607,3.619703,1.563005,3.94278
1547,3.01105,1.164356,0.5254106,3.270811
1548,3.138898,1.04355,0.34057,3.325307
1549,3.147716,1.005421,0.4884087,3.340288
1550,3.01092,1.162062,0.5283948,3.270356
1551,3.024457,1.03671,0.4480957,3.228451
1552,-0.3656189,0.7075167,4.936167,5
1553,1.845356,-0.5833709,-4.610243,5
1554,-0.3192498,0.00783625,1.367623,1.404413
1555,-0.4159817,-0.03673382,1.611491,1.66472
1556,-0.3023742,0.08003029,1.201578,1.241622
1557,-0.3004025,0.08217429,1.199462,1.239235
1558,-0.3680784,-0.05077313,1.358856,1.40874
1559,-0.2805738,-0.04263717,1.375977,1.404939
1560,-0.3803886,-0.112744,1.386581,1.442225
1561,-0.3740013,-0.0522122,1.359667,1.411134
1562,1.128426,3.698094,1.936684,4.324348
1563,1.921404,2.728284,2.306904,4.05674
1564,1.921566,2.728532,2.306288,4.056632
1565,0.657925,4.48327,2.113628,5
1566,0.6552868,4.483838,2.113244,5
1567,3.016353,0.8100284,0.3773664,3.14594
1568,3.200816,0.9880106,0.3423505,3.367283
1569,3.036305,0.9550708,0.3776765,3.2053
1570,3.009464,0.8095248,0.3719639,3.138561
1571,2.978614,0.7958478,0.5305898,3.128424
1572,3.129221,1.014966,0.4954161,3.326803
1573,0.6698205,-3.680719,-3.317175,5
1574,-3.61949,1.737441,2.980033,5
1575,-0.577755,-0.07904073,1.293826,1.419167
1576,-0.2754988,0.3829427,1.215168,1.303526
1577,-0.539579,-0.1007149,1.560729,1.654437
1578,-0.4333269,0.02677729,1.636629,1.693235
1579,-0.6655204,0.05072062,1.353111,1.508774
1580,-0.2730448,0.3846568,1.215713,1.304022
1581,-0.6736469,-0.1500788,1.562524,1.708159
1582,-0.2702695,0.385569,1.215411,1.303431
1583,-0.6845218,-0.03335348,1.679365,1.813822
1584,-0.6831052,-0.0347435,1.677918,1.811973
1585,-0.6804633,-0.009648647,1.420317,1.574936
1586,-0.6803874,-0.007572186,1.41944,1.574101
1587,1.354257,4.384696,1.985051,5
1588,1.408741,4.331041,2.063377,5
1589,3.075539,0.8770852,0.3359361,3.215753
1590,3.031081,0.665009,0.3146727,3.119087
1591,3.037477,0.6618136,0.3198368,3.125149
1592,3.062583,0.8454542,0.267513,3.188381
1593,2.958304,0.5034826,0.3018051,3.015981
1594,2.968624,0.7314819,0.29086,3.071221
1595,3.068129,0.8929234,0.2786431,3.207549
1596,3.144273,0.9549097,0.3689326,3.306722
1597,3.017373,3.686454,1.518394,5
1598,-1.165205,4.46305,1.929633,5
1599,4.7098,1.194916,1.178967,5
1600,1.576085,4.563985,1.298462,5
1601,2.142841,-2.08407,4.008103,5
1602,-0.4530263,0.2734793,1.565763,1.652767
1603,-0.1247331,-0.2564339,1.613966,1.638964
1604,-0.124385,-0.2564281,1.614754,1.639713
1605,-0.5848416,0.06775597,1.288955,1.417052
1606,-0.5899973,0.06547819,1.286063,1.416454
1607,-0.5847167,0.0686536,1.288567,1.416691
1608,-0.3079833,0.03564109,1.65516,1.683947
1609,3.091769,0.7386885,0.1370493,3.181742
1610,2.847719,0.9742558,0.07428921,3.010681
1611,2.761387,0.9742017,0.007852298,2.928206
1612,3.086235,0.738207,0.1350437,3.176166
1613,2.80707,0.9013717,0.2025088,2.955186
1614,3.038706,0.7168342,0.2698473,3.133752
1615,2.928372,1.006237,0.04042616,3.096694
1616,-1.87679,4.634357,-0.0197946,5
1617,-0.1134417,0.8463696,0.0559071,0.8557664
1618,-0.09702422,0.9290227,-0.03699614,0.9348078
1619,-0.260778,0.8613219,-0.04778714,0.9012015
1620,-0.2652797,0.8661707,0.001676278,0.9058851
1621,-0.1186793,0.8436742,0.05515716,0.8537641
1622,0.9544737,3.709595,3.213703,5
1623,-0.05668783,0.0918288,1.754724,1.758039
1624,-0.2853561,-0.1135942,1.626798,1.655537
1625,-0.2184399,0.2117557,1.65353,1.681284
1626,0.02623875,0.07111239,1.48054,1.482479
1627,0.1069344,-0.09903567,1.545312,1.552171
1628,0.1004063,-0.09763624,1.539735,1.546091
1629,-0.5010058,-0.1479769,1.626495,1.70833
1630,-0.09803188,0.1333609,1.620482,1.628913
1631,-0.1592927,0.1518071,1.845163,1.858238
1632,-0.501297,-0.1476917,1.626234,1.708142
1633,-0.3644084,0.0002032277,1.448691,1.493821
1634,-0.3671105,-0.0001222173,1.443401,1.489354
1635,-0.3167948,2.370742,4.390811,5
1636,1.595152,0.07325468,4.738156,5
1637,1.794599,0.8604523,0.03550776,1.990534
1638,1.995313,0.6882078,0.05331007,2.111338
1639,1.801402,0.8209707,0.08120385,1.981322
1640,1.723381,0.8217647,0.05465726,1.91006
1641,1.755452,1.014955,0.05678256,2.028538
1642,1.668649,0.9232464,0.03452712,1.907345
1643,1.913602,0.6039112,0.05903083,2.007503
1644,-0.9598393,-2.367788,4.083043,4.816529
1645,-3.973286,1.126776,2.818399,5
1646,0.68418,4.760794,1.366287,5
1647,0.7758912,0.8810614,4.617208,4.764124
1648,3.220222,1.028715,3.499808,4.865875
1649,-1.949838,4.603074,-0.09919044,5
1650,0.3135251,-0.06519214,1.450822,1.485743
1651,-0.1822671,-0.02689424,1.353079,1.365565
1652,0.3118342,-0.06487828,1.448977,1.483572
1653,0.361052,0.1125329,1.371569,1.422752
1654,0.1677455,0.2729355,1.643568,1.674499
1655,-0.1667224,-0.09407285,0.9017884,0.921883
1656,0.2117074,0.1501062,1.562185,1.583595
1657,0.2934728,0.3436569,1.362837,1.435811
1658,2.590719,-0.9686293,4.165326,5
1659,4.37294,-0.5696304,2.356464,5
1660,4.372915,-0.5756444,2.355047,5
1661,2.191264,2.031729,4.008795,5
1662,2.146005,2.068788,4.014321,5
1663,4.876675,-0.3820812,1.035403,5
1664,2.568176,4.281497,0.2706721,5
1665,0.7148366,-0.4737526,4.925908,5
1666,0.4755957,-0.09386993,0.4581951,0.6670424
1667,0.6745054,-2.010022,4.528228,5
1668,0.5631623,0.5362464,1.055001,1.310625
1669,0.6692116,0.5494155,1.178621,1.46248
1670,0.7375344,0.1245826,1.052173,1.290947
1671,0.6520637,0.2596798,1.210969,1.399667
1672,0.4075904,0.4571654,1.3543,1.486357
1673,0.1592234,0.2208667,1.522403,1.546559
1674,0.6794909,0.2095107,1.472407,1.63511
1675,0.5637667,0.2835158,1.230575,1.382942
1676,0.6989843,0.2131795,1.593945,1.753478
1677,4.271338,-2.355664,-1.098416,5
1678,4.226981,-2.598756,-0.6157066,5
1679,2.999567,-0.5221411,-3.966102,5
1680,4.255115,2.549655,-0.6271029,5
1681,3.770515,3.110469,-1.052709,5
1682,-3.51878,1.058668,3.390785,5
1683,3.854108,3.082997,0.8006134,5
1684,4.783853,-0.9335547,1.115004,5
1685,0.8380541,2.797975,-4.058202,5
1686,0.9975159,-0.04336254,1.452342,1.762446
1687,0.53027,-0.09594416,1.32815,1.433309
1688,0.8812208,-0.04617462,1.04451,1.367363
1689,1.059615,-0.1391609,1.091289,1.527436
1690,1.057676,-0.1402651,1.091999,1.526701
1691,0.8805674,-0.04555678,1.044246,1.36672
1692,0.6835869,0.2083307,1.377951,1.552238
1693,0.6854892,0.2086917,1.378677,1.553769
1694,0.9906565,-0.04547273,1.453398,1.759498
1695,-0.8406293,-4.368223,2.282974,5
1696,-3.832446,-3.027865,-1.069763,5
1697,4.651608,-1.605892,-0.8852483,5
1698,4.83583,-0.5247769,1.157306,5
1699,1.392908,3.94348,1.259818,4.367879
1700,4.582582,-0.5935699,1.909874,5
1701,2.713998,4.198691,-0.07219212,5
1702,0.6365513,-0.1397867,1.196888,1.36282
1703,0.6322899,-0.1404179,1.200869,1.364403
1704,0.8059699,-0.1308096,1.395511,1.616833
1705,0.5536109,-0.04369801,1.526258,1.624148
1706,0.869157,0.5950048,1.024144,1.469128
1707,0.8454947,0.11224,1.132099,1.41743
1708,0.8424112,0.112917,1.130716,1.414541
1709,0.8679666,0.5967231,1.023997,1.469018
1710,4.420885,-0.4380175,-2.294325,5.000001
1711,0.8261805,-0.6438657,4.889055,5
1712,0.4651378,-4.829753,1.207116,5
1713,-1.057808,-3.178456,3.711935,5
1714,-0.4547004,-0.1095633,1.327837,1.407802
1715,0.4496759,0.7802501,4.918232,5
1716,0.3271981,0.4748132,4.966638,5
1717,2.118299,-4.522383,-0.2467054,5
1718,2.555307,-0.3259258,4.285344,5
1719,0.9354414,1.660388,0.01272524,1.905807
1720,1.472318,1.363883,0.00346757,2.006965
1721,1.793208,1.168756,0.0299576,2.140673
1722,1.251254,1.281909,0.005875196,1.791357
1723,1.679883,1.400949,-0.01959473,2.187475
1724,0.8984898,1.788794,-0.007319637,2.001779
1725,0.9076507,1.798856,0.02064784,2.014979
1726,1.1375,-3.249382,3.444665,4.870124
1727,1.092141,-3.258671,3.449991,4.869717
1728,-1.191989,4.838647,0.3878223,4.998375
1729,2.300514,-1.181097,4.279327,5
1730,-2.300524,1.181132,-4.279312,5
1731,0.8345873,-0.1222263,1.343246,1.586123
1732,0.7378097,-0.07749945,1.169568,1.385012
1733,1.283914,0.1742629,0.9837968,1.626855
1734,0.8482618,-0.06364573,1.137993,1.420784
1735,0.6889095,0.09118179,1.264176,1.442585
1736,0.856354,-0.06642359,1.141051,1.428199
1737,1.285529,0.1730152,0.9795963,1.625463
1738,1.042797,-0.009990108,1.229768,1.612407
1739,1.152474,-0.02210302,1.385511,1.802311
1740,0.9387403,0.01255896,0.9905777,1.364784
1741,0.9868398,0.007686175,1.020638,1.419723
1742,2.652784,1.474538,3.973471,5
1743,0.8099554,0.4821396,4.910347,5
1744,3.922769,1.583375,2.665485,5
1745,2.637677,3.873667,1.742803,5
1746,-2.004869,-4.514856,0.7723815,5
1747,2.520503,-4.316129,0.1345233,5
1748,-0.556062,-0.1639138,1.372151,1.489588
1749,-0.5568985,-0.1644562,1.369699,1.487702
1750,-0.7433103,-0.42618,1.325788,1.57856
1751,-0.7360759,-0.4223647,1.322368,1.571259
1752,-0.2929823,0.03241674,1.692283,1.717764
1753,1.604832,3.714127,1.785504,4.422471
1754,1.444748,3.854897,1.803708,4.49454
1755,4.120892,-1.091227,2.612943,5
1756,-4.77686,-1.422015,0.3993526,5
1757,-2.044653,0.9157737,4.469984,5
1758,-4.670997,-1.727714,-0.4436122,5
1759,-1.574043,-3.197522,3.506885,5
1760,4.120866,-1.090564,2.613261,5
1761,-0.09665962,-2.32028,3.974036,4.602826
1762,4.333489,0.6977358,-1.406433,4.609124
1763,1.191718,0.1579828,0.9044135,1.504365
1764,1.368269,-0.4267418,1.153896,1.84004
1765,1.368689,-0.4275017,1.148647,1.837241
1766,1.215285,0.02409147,0.9015468,1.513368
1767,1.126239,-0.2372843,1.064964,1.568078
1768,1.321949,-0.07088846,0.7031797,1.499012
1769,1.038106,-0.03152264,1.148386,1.54837
1770,1.02325,0.2424271,0.991904,1.445574
1771,1.28874,-0.129479,0.9280445,1.593387
1772,1.5167,-0.1651002,1.226366,1.95745
1773,1.081434,0.09137082,0.8820996,1.398552
1774,1.042589,0.2082788,1.25687,1.646236
1775,1.096744,-0.02878262,1.214067,1.636348
1776,1.096403,-0.02836963,1.213964,1.636036
1777,1.021799,0.2367409,0.9927697,1.444199
1778,-4.207304,-2.159475,-1.623346,5
1779,4.878089,-0.8291284,-0.7188835,5
1780,3.288191,0.2491542,3.75842,5
1781,1.638283,1.651851,4.425767,5
1782,-1.714266,3.524515,3.104687,5
1783,1.264819,-3.289775,-3.546493,5
1784,-0.1214493,0.662249,1.427336,1.578167
1785,-0.7899982,0.5681362,1.048346,1.430351
1786,-0.622152,0.1221165,1.384531,1.522797
1787,-0.3605833,0.6929486,1.589599,1.771165
1788,-0.6544999,0.2134812,1.113597,1.309215
1789,-0.1740725,0.2007717,1.030365,1.064079
1790,-0.3783908,0.7770103,1.365759,1.616238
1791,2.588685,-2.59153,3.403333,5
1792,-1.170919,-3.73884,-3.10645,5
1793,3.549499,3.47561,0.5667431,5
1794,2.34359,4.399864,-0.3857306,5
1795,4.479742,-2.121909,-0.6552992,5
1796,2.983512,-2.323576,3.271032,5
1797,2.985042,-2.319654,3.272419,5
1798,4.496175,-1.599651,-1.49182,5
1799,1.277943,0.1297475,0.8979675,1.567265
1800,1.30883,0.2913016,1.114111,1.743312
1801,1.277706,-0.05372345,0.7230278,1.469077
1802,1.285278,0.1199584,0.8973022,1.572094
1803,1.202008,0.5611922,1.150905,1.756229
1804,1.308875,0.2915251,1.114537,1.743655
1805,1.318857,-0.1647232,0.3218352,1.367514
1806,0.5576568,0.5915465,0.8350272,1.165409
1807,1.671115,3.816493,-2.764373,5
1808,2.411765,3.759584,-2.24698,5
1809,4.805201,-0.3020084,1.348642,5
1810,4.885613,0.1147743,1.05717,5
1811,-3.49328,-2.105253,-2.892215,5
1812,-0.8733985,0.05920698,0.6673097,1.100742
1813,-0.872756,-0.00591794,0.6668544,1.098377
1814,-0.7391808,-0.002702555,0.4826616,0.8828124
1815,-0.7208385,-0.1208808,0.8030173,1.085844
1816,-0.738794,-0.07851518,0.4825672,0.8859189
1817,-0.7211399,-0.1215638,0.8032831,1.086317
1818,-0.6133106,0.5082127,1.386168,1.598716
1819,0.3285598,0.8837719,1.202995,1.528464
1820,0.1113819,0.5804091,1.349136,1.472905
1821,-0.1097093,0.585896,1.19602,1.336329
1822,-0.6110741,0.5073572,1.38505,1.596618
1823,-0.6026421,0.5667027,1.436748,1.657882
1824,-0.6129626,0.5054175,1.386849,1.598287
1825,0.1999978,0.6144288,1.458053,1.594817
1826,-0.1947132,0.5832271,1.370279,1.501909
1827,0.3705825,0.6118508,1.421052,1.590938
1828,-0.8841265,-3.835402,3.083507,5
1829,-0.8745976,-3.856503,3.059815,5
1830,4.223007,-2.296536,-1.37555,5
1831,4.356153,-1.997435,-1.426248,5
1832,0.42341,4.61636,-1.873485,5
1833,3.33201,-2.762635,2.503111,5
1834,-0.6026444,0.60496,4.926545,5
1835,-4.098672,0.5687287,-2.806677,5
1836,-0.1195737,-1.102589,2.293695,2.547751
1837,1.789513,0.7271391,1.908919,2.715706
1838,0.7747223,0.2684663,0.7491468,1.110626
1839,1.17257,0.3011066,1.218285,1.717499
1840,1.790112,0.7278419,1.911455,2.718071
1841,-0.1213016,-1.101023,2.294573,2.547946
1842,1.791339,0.2831544,0.7937745,1.979684
1843,1.479701,0.4674734,2.169611,2.667444
1844,2.871512,3.774553,1.583404,5
1845,4.690579,1.691592,0.3701178,5
1846,2.432187,-4.355443,0.3385021,5
1847,-2.411608,-3.859964,-2.06998,5
1848,-3.297006,0.5874619,3.712768,5
1849,-0.8123259,0.01982223,0.9342788,1.238202
1850,-0.9653734,0.03300017,0.6160805,1.145683
1851,-0.9854519,-0.03757141,0.6992089,1.208892
1852,-0.9643944,-0.02709657,0.6160388,1.144681
1853,0.3248326,0.8468872,1.281024,1.569636
1854,-0.04951607,0.561691,1.295475,1.412871
1855,-0.000999686,0.9178935,1.267228,1.564735
1856,0.1068078,0.8406684,1.125029,1.408482
1857,0.633468,0.6918012,1.202883,1.525385
1858,0.3993717,0.9875572,1.049195,1.495184
1859,-0.046234,0.5665669,1.295371,1.41461
1860,0.7355656,1.00947,1.345775,1.836082
1861,-4.605185,0.003116915,1.947373,5
1862,-0.8783385,1.517359,0.03878146,1.753671
1863,-0.1407394,1.795936,0.0178973,1.801531
1864,0.7351508,1.558571,-0.02969221,1.723505
1865,-1.014938,1.348171,-0.03015819,1.687772
1866,0.1563529,1.30007,-0.01508228,1.309525
1867,0.5662351,1.477033,0.02336509,1.582023
1868,2.047616,2.223431,3.783771,4.842861
1869,0.7314751,1.823236,1.023719,2.21523
1870,-0.1759804,4.311345,0.06508221,4.315425
1871,1.946183,1.189612,-1.344308,2.647634
1872,1.064517,1.47974,0.3969279,1.865577
1873,-0.3356736,-0.1668971,1.068524,1.132376
1874,1.114237,3.292255,-0.2530219,3.484894
1875,1.938411,0.9367537,1.031876,2.387407
1876,3.889697,1.726579,-2.624726,5
1877,2.932548,2.154798,-3.42885,5
1878,2.872023,2.132471,-3.49343,5
1879,1.255266,-2.983507,-3.810905,5
1880,-1.237199,-3.914113,2.854656,5
1881,-0.7628884,-0.1001802,0.8177564,1.122836
1882,-0.7679129,-0.03543301,0.9466618,1.219473
1883,-0.8105484,-0.04599438,0.9254313,1.231068
1884,-0.8563018,-0.01970517,0.9058211,1.246657
1885,-0.784281,-0.0460947,0.9105563,1.202636
1886,0.2663353,0.8000727,1.121388,1.403055
1887,0.6690227,0.8116068,0.9855196,1.44137
1888,0.5792434,0.8501557,1.098026,1.504642
1889,0.9874681,0.8274737,0.8679746,1.553443
1890,0.3720528,0.7614608,1.177967,1.451155
1891,0.5516962,0.9311703,1.383948,1.756917
1892,1.037207,0.9537326,0.8980691,1.670907
1893,0.6692321,0.811398,0.9855704,1.441384
1894,-0.4079585,-4.025584,-2.937388,5
1895,0.9573573,1.042338,4.795518,5
1896,-3.413922,-3.423388,1.274969,5
1897,-3.890954,1.714818,2.630565,5
1898,-4.69337,1.386294,1.024923,5
1899,-0.5785816,1.276945,4.799443,5
1900,0.6199046,0.8333316,0.218664,1.061385
1901,2.22339,0.7698611,1.410353,2.743218
1902,2.690565,0.4613154,0.4605797,2.768408
1903,1.676895,0.5955281,0.671446,1.901964
1904,1.060743,0.1308098,-0.2011399,1.087541
1905,1.676892,0.597082,0.6760036,1.904063
1906,2.484174,-0.5264857,0.3302248,2.560733
1907,3.064728,-0.0102569,-3.950612,5
1908,3.738146,-3.31641,-0.1663885,5
1909,-0.2151549,-3.335679,-3.718461,5
1910,-0.2691786,-3.3183,-3.730473,5
1911,4.939378,-0.2330759,-0.7404197,5
1912,-0.8664206,0.01423997,0.8761357,1.232275
1913,-0.8282047,-0.04606481,0.918408,1.237545
1914,-0.8278647,-0.04645179,0.9158123,1.235407
1915,-0.8662561,0.01507281,0.8826525,1.236811
1916,-0.6522923,0.0184683,1.092513,1.27256
1917,-0.7553171,0.03554227,1.077602,1.316432
1918,-0.755643,0.03203227,1.077307,1.316287
1919,-0.6471661,0.04582156,1.117376,1.292073
1920,0.5177511,1.118727,0.9225855,1.539734
1921,0.6143512,0.652258,0.9095441,1.276769
1922,0.7897319,0.9328119,0.8595681,1.494213
1923,1.245074,0.7780323,1.00329,1.778239
1924,0.606219,0.7389219,1.069644,1.434449
1925,0.9946787,0.4575985,0.8643743,1.394964
1926,0.8422052,0.2699835,1.234204,1.518374
1927,3.021741,2.408474,3.173064,5
1928,3.120166,2.823148,2.700815,5
1929,3.787159,2.199292,2.412579,5
1930,-3.595521,-1.201936,3.259997,5
1931,4.545203,1.761644,-1.11254,5
1932,-0.7914223,4.590961,1.81569,5
1933,1.621646,0.1247374,-0.0176216,1.626532
1934,0.8187383,0.7279116,0.2098045,1.11544
1935,0.2402758,0.6946625,0.1104802,0.7432996
1936,0.9390906,1.329833,-0.4583087,1.69127
1937,2.004579,0.2368065,1.100207,2.298885
1938,1.973193,0.6931348,-0.03671242,2.091716
1939,1.155776,0.456441,-0.6731287,1.413244
1940,1.292162,-0.1206402,0.139777,1.305287
1941,2.004902,0.2390228,1.099923,2.299259
1942,1.973741,0.6930877,-0.03520511,2.092191
1943,1.460347,0.6993157,0.1490564,1.625999
1944,2.010639,-4.569965,0.2697294,5
1945,2.005439,-4.571773,0.2776688,5
1946,1.826244,-3.648998,-2.889575,5
1947,1.818264,-3.668381,-2.869999,5
1948,-0.5223696,4.844048,-1.123536,5
1949,-1.739274,-4.66754,0.4347361,5
1950,-0.5783373,0.04681118,1.112714,1.254909
1951,-0.531897,0.02345273,1.213414,1.325081
1952,-0.6145842,-0.04438089,1.113139,1.272306
1953,-0.4851,0.007980293,1.139702,1.238672
1954,-0.5792944,-0.0844094,1.111593,1.256323
1955,-0.6246276,-0.008310356,1.272987,1.418001
1956,0.8398728,0.8626298,0.8123711,1.452399
1957,0.480812,0.7538375,0.7649045,1.176661
1958,0.8400828,0.8630517,0.8113817,1.452218
1959,1.15381,0.4946537,1.013959,1.613714
1960,1.051399,0.7568269,0.9107251,1.583555
1961,1.049943,1.029866,1.13533,1.85795
1962,0.788339,0.9582979,0.9054342,1.536107
1963,0.8561644,1.2644,1.049157,1.852688
1964,0.7996083,1.164217,1.113241,1.798355
1965,0.8079091,1.160712,1.106529,1.795655
1966,0.6553429,0.5922834,0.8927341,1.255885
1967,1.051505,0.7575423,0.9110247,1.58414
1968,3.317049,3.460679,-1.421578,5
1969,3.491179,2.588609,-2.471998,5
1970,4.142133,2.727452,0.6354032,5
1971,2.916694,1.182375,3.885213,5
1972,3.589095,0.08604634,3.480085,5
1973,1.236781,-0.1907004,0.1110269,1.256313
1974,0.7952954,-0.3582691,0.7933529,1.179093
1975,1.235326,-0.1811927,0.1086503,1.253262
1976,1.063266,0.337094,0.1338606,1.123426
1977,0.797302,-0.3610438,0.7948354,1.182289
1978,1.265321,-0.1332383,0.1940245,1.287026
1979,1.062822,0.3374268,0.1338335,1.123102
1980,1.13811,0.6399776,-0.1801808,1.318078
1981,1.194407,-0.0654615,0.3056949,1.234643
1982,1.19374,-0.06664193,0.3059415,1.234122
1983,1.663742,-0.01683695,0.4683808,1.728497
1984,4.173454,-0.5868748,2.690327,5
1985,1.732062,-2.865445,-3.713379,5
1986,4.173581,-0.6007708,2.687061,5
1987,3.73175,-3.226675,-0.8140108,5
1988,3.799181,-2.307808,2.289158,5
1989,3.471874,-3.089654,-1.843943,5
1990,3.602745,-3.25989,1.180401,5
1991,3.945921,-3.015027,-0.5825066,5
1992,1.132498,-2.261234,4.313266,5
1993,-2.260696,-0.07434555,4.459117,5
1994,-0.271165,-3.622457,3.435735,5
1995,-0.516624,-0.07982294,1.109409,1.226402
1996,-0.4255845,-0.07117005,1.323263,1.391837
1997,-0.2456937,0.01846669,1.272525,1.296159
1998,-0.1170035,0.00797371,1.347135,1.35223
1999,-0.3646806,0.001124301,1.409948,1.456347
2000,-0.2317346,-0.006471003,1.436968,1.455548
2001,-0.5872885,-0.04045986,1.235181,1.36829
2002,0.784864,1.342491,0.7744258,1.737247
2003,0.7864509,1.345389,0.7754764,1.740673
2004,1.018836,1.136483,0.4577402,1.59347
2005,0.719014,1.034,0.7044019,1.443024
2006,0.8083557,1.367212,0.9065402,1.828804
2007,0.7207537,1.028871,0.7114827,1.4437
2008,0.6234811,1.21873,0.735228,1.553896
2009,0.5718489,2.311937,-4.396355,5
2010,0.2791111,-4.024974,-2.953249,5
2011,-0.4877482,0.4593601,1.234497,1.404597
2012,-0.482476,0.46049,1.236217,1.404659
2013,-0.5043625,0.84314,1.443418,1.746059
2014,-0.5061182,0.843832,1.501229,1.794964
2015,-4.006509,2.989591,-0.1011339,5
2016,0.6469583,-0.04704867,-0.1748856,0.6718286
2017,0.9649312,0.2148708,0.2773094,1.026724
2018,0.6521706,-0.04596236,-0.1765705,0.6772121
2019,1.194779,0.3023521,0.2427411,1.25612
2020,0.6797131,-0.1429174,0.2843722,0.750535
2021,0.4211435,-0.1886109,-0.03171651,0.4625385
2022,0.7825293,0.1552712,0.2011809,0.8227606
2023,1.191708,0.3004045,0.2483258,1.253825
2024,0.9678457,0.0548149,0.1907855,0.9879924
2025,1.07577,-0.1606684,0.1812879,1.102706
2026,0.9653439,0.2154332,0.2772654,1.027218
2027,0.684401,-0.144307,0.280629,0.7536457
2028,1.078195,-0.158043,0.1877111,1.105766
2029,3.557296,-3.274141,1.275009,5
2030,3.752526,-2.913845,-1.558222,5
2031,2.72953,-4.11569,-0.7815133,5
2032,4.429041,-2.182037,0.7888644,5
2033,3.161617,-3.729032,1.048091,5
2034,4.118286,-2.834875,0.05666713,5
2035,3.722715,-2.942965,-1.574913,5
2036,4.367897,-1.825071,-1.609533,5
2037,2.545329,-2.52404,-3.485759,5
2038,3.84161,-3.191305,-0.2400103,5
2039,3.495666,-3.537148,-0.5185571,5
2040,1.4109,-3.739044,-3.004815,5
2041,-1.157521,0.6508247,0.001705403,1.327943
2042,-1.01837,1.046107,-0.01611102,1.460027
2043,-1.160056,0.6506638,0.001962233,1.330074
2044,-1.03189,0.6057817,-0.02349749,1.196796
2045,-1.067128,0.5949156,-0.02577839,1.222027
2046,-1.247233,0.4672313,-0.00983493,1.331913
2047,-0.09922108,0.01824388,1.454746,1.45824
2048,-0.2158027,0.08203857,1.235609,1.256993
2049,-0.09801702,0.0761139,1.451918,1.457212
2050,-0.2166274,0.07878049,1.235339,1.256661
2051,-0.2223355,-0.03904505,1.220631,1.241329
2052,-0.2274953,-0.09680484,1.220961,1.245741
2053,2.372082,-0.02377405,1.88092,3.027408
2054,2.37416,-0.02475593,1.881263,3.029257
2055,0.7502092,1.403185,0.5711141,1.690537
2056,1.180248,1.008291,0.5227962,1.637972
2057,0.8288949,1.011675,0.8619087,1.566346
2058,0.9593936,1.153347,0.3570469,1.542118
2059,1.051366,1.041979,0.7296135,1.650281
2060,0.82935,1.012202,0.8617254,1.566826
2061,1.073811,0.8967198,0.6839275,1.55722
2062,1.055931,1.045025,0.7337138,1.656926
2063,0.9565098,1.153876,0.3559545,1.540469
2064,0.8826876,0.503576,0.6212167,1.191065
2065,-0.3952148,0.6043192,4.947586,5
2066,4.760381,-1.419513,0.569001,5
2067,2.993492,-1.874834,3.538926,5
2068,-4.70022,1.70525,0.007410374,5
2069,-0.3293835,1.106167,1.240303,1.69424
2070,0.07386087,1.3352,1.441888,1.966534
2071,-0.4072042,0.9228322,1.256165,1.61102
2072,0.007757216,1.114514,1.604918,1.953961
2073,-0.007298467,0.8372105,1.230487,1.488312
2074,-0.4294404,1.003656,1.522635,1.873542
2075,0.2223804,4.973366,0.4649542,5
2076,2.444066,1.528711,-4.085289,5
2077,2.590631,-2.320089,-3.592467,5
2078,1.078028,0.4836161,0.2529906,1.208318
2079,1.072773,0.03136308,0.168704,1.08641
2080,0.9190239,0.2256379,0.2007407,0.9673749
2081,1.072944,0.03148056,0.1685292,1.086555
2082,0.3006395,-0.04940259,0.1136844,0.3251905
2083,1.254525,0.04331127,0.1707562,1.266833
2084,0.835624,0.01434981,0.1205039,0.84439
2085,0.5860074,0.3204166,0.1202609,0.6786267
2086,3.617198,-3.256403,-1.145304,5
2087,2.367343,-3.483383,2.560022,4.92869
2088,2.012804,-4.573025,-0.1898973,5
2089,2.725518,-3.111129,2.668878,4.922447
2090,3.7978,-2.783,1.598605,4.972315
2091,1.90713,-4.601313,0.4367816,5
2092,4.127594,-2.497771,-1.313052,5
2093,3.168218,-3.430155,-1.787857,5
2094,3.628858,-2.336118,2.398433,4.937463
2095,3.661478,-2.362958,2.328955,4.941055
2096,3.616793,-3.256457,-1.146427,5
2097,2.336527,-2.810039,3.241758,4.885149
2098,3.792223,-2.738144,-1.766806,5
2099,1.514047,-4.684653,0.8291099,4.992568
2100,0.4953804,-4.964917,0.3227915,5
2101,0.7447856,-4.692354,1.480021,4.976279
2102,1.963413,-4.428678,1.237668,5
2103,0.5767307,-4.931943,0.5859406,5
2104,-0.1138033,0.03000307,1.599787,1.60411
2105,-0.2011228,0.06944147,2.422211,2.431539
2106,-0.000266621,0.04629503,1.300441,1.301264
2107,-0.02185297,2.570555,1.253783,2.860106
2108,-0.1152539,-0.05939386,1.599836,1.605082
2109,0.8390503,0.07711508,1.506403,1.726037
2110,0.08059324,1.883768,3.428244,3.912536
2111,0.04342633,1.862486,3.565868,4.023202
2112,0.8454475,0.06842081,1.504265,1.726926
2113,-0.01657471,1.692572,3.872109,4.225909
2114,1.133384,0.7257088,0.3952749,1.40266
2115,1.474203,1.029773,0.2169747,1.811294
2116,1.267346,0.86904,0.9212971,1.791699
2117,1.266511,0.8698385,0.9224951,1.792112
2118,0.9942483,1.369757,0.5224199,1.771351
2119,1.135811,0.7178159,0.3971986,1.401105
2120,-4.112145,2.705637,-0.8773763,5
2121,1.946692,4.565455,-0.6058146,5
2122,-2.900121,3.76569,1.552059,5
2123,3.328617,3.506481,1.274716,5
2124,-2.081198,-3.789219,2.512058,5
2125,-0.154212,1.035001,1.433633,1.774912
2126,0.1092931,0.9274505,1.337703,1.631429
2127,0.2405573,1.097421,1.337148,1.746472
2128,0.06128213,1.269464,1.07245,1.662962
2129,0.1829418,1.240653,1.243024,1.765728
2130,-0.01270912,1.30984,1.126796,1.727863
2131,-0.2733523,1.01308,1.194508,1.589937
2132,0.2059989,1.178339,1.363257,1.813667
2133,0.198178,0.8976589,1.341419,1.626183
2134,0.3214122,1.132089,1.205853,1.684937
2135,1.340472,1.156137,-4.676161,5
2136,-4.078911,-1.199208,2.631422,5
2137,-4.066667,2.885954,-0.3653613,5
2138,0.3166189,-0.0368675,1.578835,1.610692
2139,0.2948952,0.03997815,2.06066,2.082037
2140,0.3892875,0.08670403,1.953728,1.99402
2141,0.3888359,0.07686982,1.953913,1.99371
2142,0.6886214,0.08201001,2.523155,2.616722
2143,0.2594785,0.04726432,1.654353,1.675246
2144,0.2086891,1.253997,2.255806,2.589348
2145,0.2046312,1.25753,2.251815,2.587262
2146,-0.4946179,0.05861712,3.015386,3.056245
2147,-0.499383,0.06057169,3.011473,3.053199
2148,-1.385521,0.04643475,2.039427,2.465986
2149,-0.3300946,0.1424613,1.098933,1.156249
2150,-0.3363679,0.1644738,1.101354,1.163261
2151,-1.383626,0.055267,2.043431,2.468418
2152,0.9298665,1.0491,0.3711863,1.450187
2153,1.486306,0.4321062,-0.03730656,1.548294
2154,1.618273,0.8507882,0.2432402,1.844401
2155,1.222939,0.4856323,0.285529,1.346457
2156,1.551397,0.5593255,0.388986,1.694399
2157,1.213484,0.9733158,0.2760562,1.579903
2158,1.042609,0.6923733,0.2115771,1.269323
2159,3.513047,1.456051,3.246293,5
2160,3.201966,3.53883,-1.491341,5
2161,4.13906,2.069738,-1.893243,5
2162,-3.901474,-3.041299,0.7273206,5
2163,-1.552876,-2.251267,4.185734,5
2164,0.2947444,1.122246,0.9683075,1.511267
2165,-0.09083789,1.154753,1.114628,1.607514
2166,0.2973432,1.340433,1.220945,1.837357
2167,0.1729158,1.530278,0.8750405,1.771256
2168,0.1367474,1.203321,0.9084784,1.51394
2169,0.6047684,1.438935,0.9763911,1.841091
2170,-0.1799029,1.169867,0.8513058,1.457969
2171,0.2960894,0.9864127,0.845862,1.332727
2172,-0.0257865,1.53134,-4.759657,5
2173,-0.0262566,1.52968,-4.760188,5
2174,3.881767,2.384757,1.216644,4.715443
2175,3.882236,2.384753,1.216901,4.715893
2176,4.610889,1.649789,1.008911,5
2177,-3.809271,2.600894,1.929977,5
2178,0.6834105,0.06398422,2.361574,2.459304
2179,0.8303508,0.08143317,1.986817,2.154891
2180,0.691377,0.08751025,2.361271,2.461963
2181,0.826573,0.06722713,1.987039,2.153153
2182,1.413282,0.0448252,1.867344,2.342296
2183,1.413292,0.09323405,1.868143,2.344365
2184,1.21658,0.07786148,2.485161,2.76806
2185,1.311227,3.515903,2.414255,4.462008
2186,2.164804,2.817408,2.963986,4.627027
2187,2.593244,0.7871238,2.303971,3.557071
2188,-0.5564065,0.1254603,3.879547,3.921251
2189,-0.5466139,0.1259399,3.880937,3.921265
2190,2.163376,2.813761,2.964483,4.624457
2191,1.658395,0.2747349,3.714729,4.077372
2192,1.648773,0.2957471,3.695008,4.056969
2193,2.665226,0.3018892,2.335902,3.556825
2194,3.025931,0.2330196,2.76157,4.10327
2195,1.299268,0.9965267,0.3113855,1.666771
2196,1.208906,1.039406,0.01038287,1.594342
2197,1.495929,0.7021343,0.2265962,1.667976
2198,1.120167,0.9722353,0.3900419,1.533672
2199,1.294269,0.9947264,0.3133624,1.66217
2200,1.277732,0.5704933,-0.1211289,1.40454
2201,1.484837,0.7789949,-0.2248769,1.691787
2202,1.430717,0.4796195,0.0280212,1.509229
2203,1.351872,0.8144207,0.09537947,1.581118
2204,1.486208,0.4458191,-0.01646612,1.551721
2205,4.353963,0.05786203,2.457572,5
2206,4.705635,-1.686502,0.1127744,5
2207,4.95135,0.3724762,-0.5876994,5
2208,1.806708,2.985622,3.580764,5
2209,0.01150328,0.5314314,4.971664,5
2210,4.35873,0.06601544,2.4489,5
2211,0.4556327,-4.649605,1.781453,5
2212,0.942177,1.420032,0.7977466,1.881645
2213,0.494976,1.506889,0.9640594,1.856105
2214,0.2614242,1.252944,0.9104716,1.570722
2215,0.3226036,1.144421,0.9095519,1.497016
2216,0.3481261,1.129599,0.8481175,1.454816
2217,0.2365724,1.22536,0.8490689,1.509434
2218,0.3231998,1.144588,0.9093089,1.497124
2219,0.4629645,1.308236,0.7856687,1.594708
2220,0.6488124,1.328132,0.7959133,1.6788
2221,0.3138492,1.123523,0.7688327,1.397107
2222,0.6472497,1.17371,0.8375916,1.580534
2223,0.6471713,1.173527,0.8374185,1.580274
2224,3.532898,-3.423195,0.8946344,5
2225,-0.7699044,3.6889,3.286223,5
2226,3.299449,2.404337,2.886659,5
2227,0.8532411,0.2215029,3.040923,3.166117
2228,0.8575165,0.218411,3.037458,3.163731
2229,0.8603738,0.06011702,2.625951,2.76396
2230,0.8631516,0.06029733,2.622658,2.761702
2231,1.470549,0.03171216,2.396975,2.812296
2232,1.46661,0.03119323,2.392311,2.806255
2233,-0.9527057,4.453855,2.062893,5
2234,1.259809,-0.0118575,2.532659,2.828714
2235,0.7084264,0.06447891,3.968426,4.031678
2236,1.251617,-0.0122323,2.535387,2.827522
2237,-3.134399,0.5109521,0.7513528,3.263443
2238,0.6983275,0.0598003,3.963388,4.024883
2239,0.9263505,0.3719079,0.2221438,1.022638
2240,1.067907,0.7691488,0.1746525,1.327599
2241,0.7007465,0.4436776,0.2229605,0.8588404
2242,1.066349,0.7644641,0.174897,1.323667
2243,0.8839007,0.6465348,0.09833942,1.099526
2244,0.8529829,0.6072305,0.1015799,1.051964
2245,1.009191,0.406305,0.0617439,1.089662
2246,1.278584,0.7926775,0.116954,1.508904
2247,1.100084,0.8783144,0.0846725,1.410245
2248,4.412815,-0.2671346,-2.335745,5
2249,4.871077,0.4066828,-1.052241,5
2250,4.969902,-0.5349367,-0.1179639,5
2251,4.258778,2.460393,-0.8996014,5
2252,4.259166,2.459264,-0.9008457,5
2253,4.263978,-1.860796,-1.831921,5
2254,1.757776,4.623019,-0.7334265,5
2255,-3.309512,1.875731,3.244805,5
2256,-0.491905,-4.941486,0.5828814,5
2257,4.740409,-1.084415,1.162997,5
2258,-4.79634,-1.402582,-0.166999,5
2259,-1.051726,0.009097445,-0.01396402,1.051858
2260,-1.05976,0.01051861,-0.02717111,1.06016
2261,0.8880171,1.597591,0.6286482,1.932892
2262,0.6656754,1.072312,0.7665774,1.476692
2263,0.6950878,1.836362,0.5277175,2.03319
2264,0.4192189,1.123873,0.6284264,1.354162
2265,0.7855935,1.668968,0.301212,1.869048
2266,0.4762472,1.334706,0.626173,1.549304
2267,0.3512179,1.421615,0.7447542,1.642864
2268,0.6421975,1.512596,0.3967081,1.690486
2269,2.755613,-4.144182,0.4820289,5
2270,3.750379,-3.162564,0.9658406,5
2271,2.715,-0.333159,4.185425,5
2272,2.136233,0.04724528,2.985103,3.671043
2273,1.468622,0.04682641,2.231781,2.672057
2274,2.26811,0.006177181,1.754938,2.867781
2275,2.269372,0.00612619,1.756725,2.869872
2276,2.434638,0.05581542,2.573686,3.543224
2277,2.139316,0.04825206,2.991092,3.677721
2278,-0.4556257,0.1079581,4.599577,4.62335
2279,-0.4597224,0.1082103,4.597249,4.621444
2280,-0.1728051,0.04065185,4.330719,4.334356
2281,1.792362,2.9154,3.645254,5
2282,0.538887,0.6934802,0.1135752,0.8855582
2283,0.9002678,0.7887624,0.295511,1.232864
2284,0.217576,0.5456899,0.115181,0.5986514
2285,0.2640139,0.5166224,0.1391274,0.5966225
2286,0.2903638,0.5802121,0.09968931,0.6564261
2287,0.7466843,0.4491248,0.135386,0.8818049
2288,0.2907153,0.7795168,0.2377808,0.8652754
2289,0.1383757,0.1203292,0.1154476,0.2166912
2290,0.3523113,0.412317,0.1163215,0.5546705
2291,4.412301,-2.223207,0.7674266,5
2292,3.457891,-2.726197,2.250285,4.944992
2293,4.091493,-2.517938,-1.385522,5
2294,3.897411,-1.525926,2.598512,4.926513
2295,2.64296,-1.889536,3.610553,4.857126
2296,2.351192,-1.942013,3.764264,4.844502
2297,4.130509,-1.184827,2.428562,4.935872
2298,4.25728,-1.025285,2.292702,4.942886
2299,3.561574,-0.4754363,-3.476945,5
2300,2.842357,-3.395269,-2.322316,5
2301,-1.859784,-3.789906,2.545187,4.92952
2302,1.261745,2.692491,3.818774,4.839891
2303,1.50478,-1.980273,4.120652,4.813067
2304,0.5509694,1.19204,0.3361804,1.35556
2305,0.7917945,1.488094,0.2421064,1.702932
2306,0.7690051,1.031542,0.1167069,1.291925
2307,1.075326,1.320471,0.4919656,1.772568
2308,0.8682893,1.458516,0.4331481,1.751802
2309,0.843977,1.408664,0.4628258,1.706118
2310,0.8646646,1.582847,-0.1156786,1.807327
2311,0.8072111,1.229586,0.308989,1.502979
2312,-0.2742802,0.5637022,0.7579786,0.9836266
2313,-0.2703032,0.568785,0.7594516,0.9865835
2314,2.805364,4.003123,0.9559296,4.98085
2315,3.324719,0.08826693,1.603435,3.692229
2316,3.324928,0.08927022,1.601405,3.69156
2317,4.164854,0.008225778,1.968333,4.606562
2318,2.509557,0.04933489,1.787355,3.081388
2319,2.522836,0.01813769,2.113288,3.291051
2320,2.51742,0.01965683,2.118674,3.290375
2321,1.741203,0.00687377,2.679744,3.195757
2322,2.512894,0.0492324,1.785851,3.083233
2323,2.270166,0.07847043,2.929338,3.706862
2324,2.274076,0.06597357,2.929257,3.708951
2325,-1.221248,4.581559,0.5001824,4.767841
2326,-4.581306,1.445953,1.301915,4.977361
2327,0.8126346,1.254857,0.1982733,1.508096
2328,0.8332561,1.391957,0.3456589,1.658716
2329,0.5995348,1.598015,0.4400529,1.762595
2330,1.055258,1.296907,0.3612259,1.710562
2331,1.21475,1.414464,0.499572,1.930259
2332,0.8332789,1.391778,0.3455097,1.658547
2333,0.8200612,1.273407,0.2471568,1.53465
2334,0.8192759,1.271831,0.2445924,1.532511
2335,1.599742,-4.722196,0.3764204,5
2336,3.012599,2.690821,2.946817,5
2337,-0.2909172,0.2760166,0.2986279,0.4999965
2338,-0.4548815,0.4648012,0.3871064,0.7568412
2339,-0.2568105,0.4632876,0.5200294,0.7423056
2340,3.015198,0.8996031,2.10887,3.78788
2341,2.973664,0.240862,2.114151,3.656546
2342,-2.195939,3.514827,2.547391,4.864705
2343,-2.667347,3.868574,1.141306,4.835617
2344,2.375513,2.984674,2.682155,4.663185
2345,2.380484,2.984773,2.683427,4.666514
2346,0.6829991,1.221011,0.2186246,1.416034
2347,0.8130793,1.356603,0.6402431,1.706277
2348,1.088126,1.296745,0.3259043,1.723885
2349,0.8934839,1.460204,0.3121161,1.740093
2350,0.6826205,1.219907,0.2148892,1.414328
2351,0.8121613,1.355245,0.6404487,1.704837
2352,1.089373,1.298935,0.3242479,1.726008
2353,1.124299,1.242126,0.3602747,1.713687
2354,-0.2363563,1.800618,0.4627045,1.874083
2355,-0.2371672,1.795879,0.4575996,1.868375
2356,2.855268,0.9477969,3.993635,5
2357,4.219757,0.099931,2.680237,5
2358,2.959629,1.345477,-3.798722,5
2359,-3.085289,2.950277,2.60324,5
2360,-0.655257,0.7512185,0.4236089,1.083114
2361,-0.4686645,0.554417,0.5202473,0.8931304
2362,-0.207596,0.4764004,0.4859426,0.7114729
2363,-0.4055902,0.1950789,0.1375229,0.4706078
2364,-0.2120622,0.4689337,0.4899867,0.7106026
2365,-0.426702,0.2035357,0.1371682,0.4922566
2366,-0.2505669,0.1306911,0.3267364,0.4319961
2367,-0.5974268,0.2680453,0.2190949,0.6904851
2368,-0.2541946,0.1306683,0.3220762,0.4306067
2369,-0.553122,0.272393,0.1881649,0.6446301
2370,3.619979,0.08133238,1.731552,4.013619
2371,4.069944,-0.02124947,2.10644,4.582792
2372,4.075659,-0.0210243,2.106123,4.587722
2373,3.622864,0.08313966,1.730993,4.016016
2374,3.21711,0.1045318,1.500628,3.551423
2375,3.217566,0.1048584,1.500387,3.551744
2376,3.396173,0.6670577,3.483936,4.910882
2377,3.388795,0.5410407,3.492958,4.896673
2378,-0.2333908,4.484832,1.630602,4.777766
2379,-1.725278,4.081289,1.888649,4.81669
2380,-0.3386645,4.257852,2.190305,4.800149
2381,0.769995,1.904797,0.1255706,2.058376
2382,0.7613487,1.011202,-0.09768288,1.269537
2383,1.019019,1.460248,0.1939567,1.791185
2384,0.7463488,1.391508,-0.03039569,1.579321
2385,0.810227,1.318766,0.1466252,1.554706
2386,0.7565298,1.005812,-0.1031613,1.262789
2387,1.111706,1.149135,0.170536,1.607944
2388,1.005367,1.548574,-0.08037644,1.848054
2389,1.0083,1.545918,-0.08270064,1.847531
2390,1.224526,1.380955,-0.2035723,1.856863
2391,4.740337,-0.5633201,1.487237,5
2392,4.471996,-0.05610311,2.235644,5
2393,4.617332,-0.8482501,1.720674,5
2394,4.443337,0.4686598,2.244352,5
2395,3.623203,2.466447,2.406044,5
2396,3.475526,2.516351,-2.566845,5
2397,3.48774,2.491582,-2.574431,5
2398,-4.361619,-2.087575,1.272131,5
2399,0.01410483,-3.898269,3.131021,5
2400,-0.692582,0.3387968,0.1200946,0.7803049
2401,-0.4002259,0.1543224,0.3423887,0.5488408
2402,-0.2543388,0.5944706,0.2206593,0.6832086
2403,-0.18751,0.6640107,0.5054942,0.855333
2404,-0.2934087,0.7035742,0.1036235,0.7693135
2405,-0.1869028,0.6646299,0.5063374,0.8561794
2406,-1.962004,2.054774,4.085153,4.975945
2407,3.327014,0.09634889,2.623119,4.237813
2408,3.326443,0.09630036,2.62285,4.237196
2409,3.849115,0.1161521,1.579408,4.162176
2410,3.841523,0.1154002,1.581671,4.155996
2411,3.380422,0.1226245,1.299528,3.623681
2412,3.382068,0.122574,1.301141,3.625793
2413,-2.102157,2.041527,3.995352,4.954769
2414,-2.97205,0.9279997,3.912255,5
2415,-4.124061,-2.745848,-0.6726421,5
2416,-4.098785,-2.460259,1.458848,4.998115
2417,0.450946,0.9370428,0.08164819,1.043105
2418,0.3215241,0.759954,0.1111775,0.8326274
2419,0.4900796,1.021979,0.02912587,1.133785
2420,0.3950697,1.122772,0.07327351,1.192504
2421,0.6259565,0.8462056,0.05731613,1.054121
2422,0.6056393,0.7718864,0.06585439,0.9833333
2423,0.5495741,0.9038497,0.07140443,1.060224
2424,3.501048,-3.151893,1.59199,4.972544
2425,4.055206,-2.473773,1.482654,4.976195
2426,3.499322,-3.154083,1.5915,4.972561
2427,4.396098,-1.014722,2.04739,4.954508
2428,1.906145,-4.257626,1.709799,4.968317
2429,3.117531,-1.802533,3.295264,4.881279
2430,2.979612,0.7648996,3.744596,4.846148
2431,0.1030783,1.264348,0.0439331,1.269303
2432,-0.5767809,0.378193,0.1036077,0.697453
2433,-0.4732589,0.8038387,0.1362386,0.9427044
2434,-0.05182702,0.9420242,0.4747758,1.056176
2435,-0.01268277,0.8929762,0.4483433,0.9992893
2436,-0.3388462,0.5219566,-0.008461119,0.622356
2437,-0.5776358,0.3797632,0.1091661,0.6998575
2438,-0.2909877,0.8399254,0.2938102,0.9362013
2439,0.2112669,1.157567,0.4261451,1.251477
2440,2.387702,3.552164,2.584764,5
2441,0.2768231,4.566297,2.017995,5
2442,1.849847,3.828528,2.630673,5
2443,1.618052,1.990394,4.291881,5
2444,3.903419,0.0666407,1.017749,4.034468
2445,3.905729,0.06662519,1.013587,4.035655
2446,3.819088,0.1323934,1.623106,4.151799
2447,3.806822,0.1323598,1.624167,4.140934
2448,3.426744,0.1115595,2.423075,4.19837
2449,3.429507,0.1116022,2.418846,4.198188
2450,-3.872741,2.84292,1.022999,4.911909
2451,-0.3365117,3.887138,2.853866,4.834008
2452,-1.371037,4.788383,0.4377759,5
2453,-0.4733338,0.4130466,0.1166456,0.6389511
2454,-0.1232669,0.8350349,0.2613121,0.8836074
2455,-0.2967294,0.7280676,-0.00694753,0.7862437
2456,-0.4385683,0.7023536,0.1160033,0.8361217
2457,-0.2966702,0.7280688,-0.007575415,0.7862282
2458,-0.4437734,0.7008717,0.1178739,0.8378844
2459,-0.4364603,0.6033861,0.2182909,0.7760305
2460,-3.408888,-3.643769,-0.3200558,5
2461,-0.3077897,4.906088,-0.9140905,5
2462,4.558641,0.03130665,0.6811717,4.609359
2463,4.555898,0.03096461,0.6829554,4.606907
2464,4.4719,0.04345046,0.9092444,4.563606
2465,4.474434,0.043427,0.8988165,4.564024
2466,4.422782,0.1326807,0.8729581,4.510063
2467,4.418366,0.1327468,0.8754503,4.506217
2468,-0.7955146,4.660778,0.5454494,4.759539
2469,-2.264393,4.224395,-0.3148037,4.803341
2470,-2.510751,2.26394,3.607907,4.944318
2471,1.370443,3.201185,0.5834525,3.530738
2472,-0.1485896,1.166535,0.01539259,1.176061
2473,-0.1798742,1.221631,0.5356898,1.345994
2474,-0.5275464,0.9380925,0.1487832,1.086489
2475,-0.1658831,1.020152,0.198164,1.052377
2476,-0.2983422,1.034188,0.02718339,1.076704
2477,0.2825177,1.041959,0.111944,1.085369
2478,-0.1706346,1.174486,0.03939048,1.18747
2479,-0.5521759,0.9627317,0.3590115,1.166465
2480,-0.2993436,1.029879,0.02365179,1.072761
2481,-0.3041934,0.888482,-0.06028428,0.9410463
2482,-0.1598659,3.778749,3.270398,5
2483,4.022947,2.058562,2.139679,5
2484,4.180843,-2.74212,0.03640395,5
2485,2.587045,3.290559,-2.734853,5
2486,1.214275,-4.760678,0.9281619,5
2487,4.825196,1.271683,-0.3167221,5
2488,4.750572,0.1779723,0.8593256,4.830947
2489,4.345146,0.1242082,0.6809622,4.399935
2490,4.747425,0.1779655,0.8655963,4.828972
2491,4.273356,0.0742882,0.4140842,4.294014
2492,4.348216,0.1242625,0.68169,4.403081
2493,4.276527,0.0742789,0.4108268,4.296857
2494,4.703424,0.05585624,0.5968347,4.741469
2495,4.702284,0.05588998,0.5917387,4.739699
2496,-2.295304,2.954378,-3.171794,4.904799
2497,-2.6405,1.952509,3.715322,4.958643
2498,4.206594,0.05340015,2.702111,4.999969
2499,0.3205107,4.022044,1.792458,4.415028
2500,0.2752135,-1.142108,4.860025,5
2501,-0.7898515,4.031273,-2.850434,5
2502,0.03520344,1.442201,0.01934846,1.442761
2503,-0.03497015,1.225814,0.3025103,1.263073
2504,-0.05291563,1.021164,0.02715679,1.022894
2505,-0.2713498,1.091875,-0.1247826,1.131986
2506,0.1714593,1.224362,0.3011551,1.27246
2507,-0.1496776,1.221313,-0.3448133,1.277852
2508,-0.06630263,1.527902,0.07544873,1.531199
2509,0.125104,1.306026,0.001674486,1.312005
2510,-0.03225998,1.156702,0.1150523,1.162858
2511,-0.3308293,1.081533,-0.01288286,1.131073
2512,-0.1351219,1.082687,-0.2054232,1.110255
2513,0.07957917,1.265967,0.2785933,1.298699
2514,4.674132,0.4656706,1.71337,5
2515,3.584342,-0.7957792,3.393999,5
2516,2.8344,-1.595871,3.797286,5
2517,-1.515924,-3.952869,2.660225,5
2518,-0.9133865,-4.868834,0.6783649,5
2519,-2.3454,0.4805008,4.389558,5
2520,4.628656,0.09076607,0.7675315,4.692739
2521,4.622422,0.0907836,0.7627192,4.685805
2522,4.915913,0.127868,0.6544098,4.960927
2523,4.981681,0.1149658,0.4101303,4.999857
2524,4.990032,0.1256678,0.2707558,4.998952
2525,4.981894,0.1148303,0.4075777,4.999857
2526,-1.003384,4.26374,-1.962079,4.799585
2527,-2.459491,1.968239,-3.828632,4.957972
2528,1.641487,4.044678,-2.044197,4.820025
2529,3.835586,-1.300151,-2.932215,5
2530,2.913068,1.03152,0.5949582,3.147058
2531,2.914754,1.02821,0.6002337,3.148538
2532,-0.5388542,1.403148,4.768733,5
2533,0.2349318,1.194104,0.03653304,1.217543
2534,0.2545218,1.14657,0.05718588,1.175872
2535,0.2698125,1.162492,0.05290008,1.194565
2536,0.2698833,1.174507,0.03879609,1.20574
2537,0.2672887,1.169068,0.03875883,1.199861
2538,0.2104616,1.148848,0.04401721,1.168796
2539,0.1786591,1.155802,0.05365707,1.170758
2540,4.507248,2.152375,0.2166231,4.999493
2541,4.506182,2.15462,0.2164858,4.999493
2542,4.967428,0.5675794,0.04763131,4.999975
2543,4.967605,0.5660123,0.0478179,4.999975
2544,4.737123,-0.6728519,1.378953,4.979414
2545,2.3118,2.280737,3.611727,4.857031
2546,3.253008,-0.06654325,3.606688,4.857436
2547,4.99239,0.1621985,0.216537,4.999716
2548,4.593392,0.1785775,0.02698205,4.596941
2549,4.995395,0.189262,-0.0796129,4.999613
2550,4.995381,0.1892996,-0.08037983,4.999613
2551,4.592068,0.1785333,0.01712834,4.595569
2552,4.992311,0.1621236,0.2184218,4.999716
2553,-0.6696499,3.686141,3.081562,4.850988
2554,0.5044613,3.43753,3.595678,5
2555,-3.086333,3.599514,-0.4417614,4.762048
2556,3.532584,2.161412,0.7937441,4.216738
2557,3.528447,2.164385,0.7905557,4.2142
2558,3.405233,1.228342,0.3069066,3.632992
2559,-3.840328,1.268721,2.939767,5
2560,0.8166382,-2.778236,4.076089,5
2561,4.865618,0.1794244,0.1835642,4.872384
2562,4.808099,0.1644301,0.4642145,4.833255
2563,4.537185,0.2076171,-0.1156699,4.543406
2564,4.989412,0.1407924,0.2894923,4.999786
2565,4.86656,0.1793854,0.1858286,4.873409
2566,4.530623,0.207654,-0.1196094,4.536957
2567,-0.2563368,4.06347,-2.576564,4.818317
2568,4.813888,-0.4442728,1.276364,5
2569,-0.3098096,0.3308105,0.06865622,0.4584007
2570,-0.2685812,0.3615544,-0.096249,0.4605663
2571,-0.5138239,0.4129965,0.07943782,0.6639966
2572,-0.3177493,0.3243378,0.07854147,0.4607911
2573,4.288292,1.970042,1.199622,4.869251
2574,3.514932,1.32425,0.9055846,3.863737
2575,3.36952,1.74175,0.4373721,3.8182
2576,3.367112,1.742669,0.4382432,3.816594
2577,3.512498,1.325814,0.9045436,3.861816
2578,4.01853,1.803989,0.7926115,4.475622
2579,4.0171,1.804978,0.7935575,4.474905
2580,3.959646,1.6131,0.04919043,4.275899
2581,3.591681,1.971894,0.01088384,4.097396
2582,-1.265822,3.106879,-3.707425,5
2583,4.636901,-1.622282,0.9313153,5
2584,2.545276,2.97068,3.113941,5
2585,4.802061,0.2709396,-0.4586978,4.831522
2586,4.405612,0.2114173,-0.2825152,4.419721
2587,4.414919,0.2121334,-0.3745244,4.435852
2588,4.46495,0.2489441,0.2679606,4.479906
2589,4.372236,0.2094612,-0.1984657,4.381747
2590,4.405154,0.2113971,-0.2801217,4.419111
2591,4.291404,0.2160951,-0.0757718,4.29751
2592,4.856062,1.089825,-0.3203566,4.987152
2593,-0.4124934,0.5997649,0.03595153,0.7288081
2594,-0.3195468,0.3452481,0.03312967,0.4715973
2595,-0.5084049,0.50339,-0.1268176,0.7266083
2596,-0.532215,0.1617942,-0.03425109,0.557318
2597,-0.4449291,0.5141467,0.06816105,0.6833408
2598,-0.4545879,0.1591168,-0.1470522,0.5035798
2599,-0.4398393,0.6197019,0.01315572,0.7600408
2600,-0.2383133,0.6220425,0.1068761,0.67465
2601,-0.3012328,0.3068611,-0.003782569,0.4300224
2602,-0.39252,0.3467904,0.04951631,0.5261058
2603,3.719348,-1.808532,2.809923,5
2604,4.331064,2.067073,0.3843955,4.814423
2605,3.669503,1.739918,0.2494627,4.068758
2606,3.66557,1.742596,0.250914,4.066448
2607,4.13621,0.9227866,0.3076315,4.249048
2608,3.831685,1.721998,0.2788521,4.210089
2609,3.695047,0.7151176,0.2365113,3.771035
2610,4.540809,0.3963888,0.9981292,4.666083
2611,4.504725,1.50762,0.6024212,4.788359
2612,2.135994,-1.741368,-4.17195,5
2613,-2.880305,-3.425539,-2.229244,5
2614,1.502881,-4.728289,0.6201881,5
2615,1.18772,-3.605366,3.254329,5
2616,4.4621,0.1720113,-0.4558296,4.488619
2617,4.587744,0.1901862,-0.432668,4.612024
2618,4.306278,0.1963461,-0.08603231,4.31161
2619,4.477403,0.2058436,-0.2283703,4.487946
2620,4.916067,0.1695307,-0.8946736,4.99969
2621,4.355815,0.1685967,-0.4189938,4.379168
2622,4.476509,0.2058006,-0.2229913,4.486782
2623,4.463055,0.1719638,-0.4538464,4.489366
2624,-2.581292,-2.298124,-3.613247,5
2625,2.198703,4.031429,1.46884,4.821224
2626,-0.5479254,0.7244074,-0.03123909,0.9088258
2627,-0.4477149,0.3480841,-0.07977366,0.572691
2628,-0.5488459,0.7234049,-0.03111802,0.9085785
2629,-0.5923371,0.4260644,-0.009320824,0.729713
2630,-0.491398,0.6002026,0.05455716,0.7776192
2631,-0.5953177,0.4240832,-0.00761166,0.7309635
2632,-0.4496687,0.3506079,-0.08806001,0.5769597
2633,-0.3979604,0.6316763,-0.05681757,0.7487426
2634,-0.5590828,0.5583742,0.1120133,0.7980615
2635,-0.5990903,0.5813169,0.04265662,0.8358577
2636,-0.5992492,0.5815872,0.04199335,0.836126
2637,-0.4332715,0.6766871,-0.07583684,0.8070817
2638,-0.4008119,0.9721769,-0.1585341,1.063443
2639,-0.4766272,0.7785732,-0.01310963,0.9129741
2640,3.76379,0.8293949,0.1522962,3.857098
2641,3.764062,0.8298548,0.1527729,3.857481
2642,3.925489,1.007477,0.2578138,4.060905
2643,4.203818,0.4751496,0.2932771,4.240739
2644,3.709629,2.341747,0.07796838,4.387619
2645,-2.892679,-3.483086,-2.121443,5
2646,2.350848,-2.497482,3.638145,5
2647,2.156165,-4.077333,-1.930364,5
2648,3.860319,0.2406185,-0.347189,3.883362
2649,3.930727,0.2199506,-0.5785267,3.979156
2650,3.430834,0.1838642,-0.4099172,3.460124
2651,3.219609,0.2733412,-0.2220297,3.238811
2652,3.430045,0.1839103,-0.4101191,3.459368
2653,4.303092,0.180206,-0.4343562,4.328711
2654,3.912318,0.1361389,-0.6592916,3.969815
2655,2.671634,0.2630144,-0.07444032,2.685581
2656,2.476869,4.110542,-0.3783861,4.814002
2657,1.326031,-4.523793,1.666416,5
2658,-0.1510926,1.282002,0.03764593,1.291423
2659,-0.2783137,1.242654,0.01352284,1.273511
2660,-0.2977158,1.09313,0.0161244,1.133061
2661,-0.2442425,1.20919,0.0319709,1.234025
2662,-0.1278661,1.219994,0.0122976,1.226738
2663,-0.128195,1.219777,0.01229063,1.226557
2664,-0.1400077,1.242051,0.02165264,1.250105
2665,3.41329,-3.516061,0.9436961,4.99037
2666,1.229961,3.28105,-3.566779,5
2667,4.197786,0.8622141,0.2042685,4.290286
2668,4.197863,0.8624501,0.2042265,4.290405
2669,4.310507,1.62459,0.324518,4.617908
2670,4.218689,1.322377,0.128238,4.422948
2671,3.739231,0.8456068,0.4539778,3.86044
2672,3.739798,0.8480098,0.4544954,3.861577
2673,4.239634,0.9326724,0.2113523,4.346153
2674,4.372984,1.154906,-0.3920645,4.53988
2675,0.1479602,1.924332,-4.612489,5
2676,-3.326226,3.121403,-2.047697,5
2677,-0.05994012,-0.7041237,-4.94981,5
2678,1.842184,0.2327662,0.9509737,2.086186
2679,1.746908,0.2807905,0.8846509,1.978165
2680,1.9317,0.2577146,0.997606,2.189315
2681,2.001022,0.3012977,0.9998173,2.257101
2682,2.077637,0.2466071,0.8002641,2.240047
2683,-0.1235314,4.747515,0.09913914,4.750156
2684,2.787351,3.845723,0.8724085,4.82908
2685,2.669344,3.791873,1.324208,4.822575
2686,1.608589,-4.593734,1.087345,4.987211
2687,2.3114,-3.563221,2.506432,4.931664
2688,-0.09406412,4.747725,0.1167261,4.750091
2689,4.386019,0.9211385,-0.3984192,4.499377
2690,4.469,0.8232102,-0.03919221,4.544356
2691,3.537291,0.9234532,0.2766044,3.666293
2692,4.035404,1.051592,0.157723,4.173153
2693,4.122625,0.7381322,0.08848369,4.189117
2694,3.607935,0.504317,0.2738176,3.653287
2695,3.767461,0.3441237,-0.24608,3.79114
2696,4.476006,1.147763,0.3655561,4.635258
2697,4.485457,-2.052242,-0.8179101,5
2698,-2.713021,-3.147697,-2.780561,5
2699,1.635333,-3.864845,2.718209,5
2700,3.748604,0.99044,-0.4423467,3.902393
2701,4.581594,0.9682377,-0.02595742,4.682859
2702,3.799784,0.6090196,0.03310164,3.848423
2703,4.305866,0.701062,-0.4660508,4.387388
2704,4.275994,1.162686,0.06805547,4.431771
2705,3.617925,0.6387155,0.1139883,3.675641
2706,3.828197,0.7156888,0.3509749,3.910305
2707,3.802259,0.6009177,0.03418931,3.849603
2708,2.222289,-4.224883,1.48721,5
2709,3.177879,3.484863,-1.660365,5
2710,0.1930705,2.050876,1.552097,2.579219
2711,4.165714,-0.9765128,2.587131,5
2712,0.8717785,-4.013466,-2.851682,5
2713,-0.6976741,-1.28279,4.782018,5
2714,4.236099,0.5001185,-0.1905716,4.269774
2715,3.919899,0.8034869,-0.0004213142,4.0014
2716,3.871317,0.9255996,-0.09300893,3.981517
2717,3.865107,0.9207439,-0.0959233,3.974421
2718,3.650347,1.096566,-0.2193089,3.817799
2719,3.923123,0.7992635,-0.003055205,4.003714
2720,-3.946504,-2.441945,1.860648,5
2721,0.3066684,0.4079449,1.111664,1.223218
2722,-2.860471,2.144376,-3.49562,5
2723,2.426273,1.185536,-4.208052,5
2724,2.791805,-2.250665,-3.484298,5
2725,2.165235,-4.260887,-1.468538,5
2726,3.811182,0.6126693,0.1377278,3.862569
2727,3.567556,1.038431,0.08937881,3.71669
2728,3.362601,0.9145139,0.04914004,3.485088
2729,3.449321,0.4165023,-0.1228917,3.476548
2730,3.786688,0.2907901,-0.01157866,3.797854
2731,3.684778,0.5211933,0.4366918,3.746989
2732,3.392568,0.438352,-0.1722753,3.425106
2733,3.579562,0.8557371,0.06887891,3.681073
2734,3.075226,0.572633,0.07308504,3.128939
2735,3.133793,1.009772,0.188121,3.29783
2736,-1.418074,-3.960439,-2.702589,5
2737,-0.307252,1.073856,-0.002546008,1.11695
2738,-0.3106975,1.075147,-0.01994475,1.119318
2739,-0.3184916,1.179546,0.01877256,1.221932
2740,-0.4239744,1.054042,0.03346333,1.136609
2741,-0.3941805,1.099603,0.03436299,1.168626
2742,-0.4178826,1.13717,0.04046006,1.212196
2743,-0.242019,-4.319688,-2.506337,5
2744,4.229879,2.11212,-1.626982,5
2745,-4.076034,-0.7456179,-2.798213,5
2746,2.081319,-2.011664,-4.076925,5
2747,1.845891,0.4695428,0.1265815,1.908876
2748,2.395074,0.7718115,0.2048222,2.524683
2749,2.397138,0.7708707,0.2048025,2.526352
2750,2.150091,0.05555735,0.2181483,2.161843
2751,1.930813,0.2315863,0.1703091,1.952096
2752,1.828981,0.7804447,0.1843457,1.99706
2753,0.2037437,-4.989983,0.241984,5
2754,-0.4571607,0.6253937,4.692643,4.756155
2755,0.7923958,-0.169111,4.933914,5
2756,-1.628384,-1.839129,4.137244,4.81153
2757,-0.6060299,0.1957878,0.8220543,1.039894
2758,3.646425,1.540466,0.4108541,3.97973
2759,3.64739,1.540686,0.4087579,3.980484
2760,3.373589,1.48242,0.5057275,3.719467
2761,3.123258,1.438787,0.5079471,3.476041
2762,3.721448,1.267022,0.1907247,3.935847
2763,3.742178,1.574353,0.500581,4.090607
2764,1.036358,-3.530714,-3.385265,5
2765,3.033288,1.558531,-3.65652,5
2766,4.206429,-0.1519246,2.69868,5
2767,-0.6114953,0.5720348,0.7514191,1.125069
2768,-0.6123062,0.5721143,0.7520557,1.125976
2769,-0.4021012,0.8080844,0.9582929,1.316439
2770,3.347208,1.006098,0.3685973,3.514527
2771,3.42081,1.213076,0.4288803,3.654782
2772,3.370127,1.366575,0.5405087,3.676607
2773,3.468985,1.210165,0.4488206,3.701324
2774,3.109875,1.125897,0.5712501,3.356381
2775,3.11051,1.12356,0.570548,3.356067
2776,3.519032,1.276069,0.3443959,3.759062
2777,3.504733,1.332286,0.6109914,3.798875
2778,3.550515,1.256428,0.3851366,3.785908
2779,3.971114,-0.6547945,2.966731,5
2780,4.67394,-1.704113,-0.5002828,5
2781,-1.832222,-0.9309204,-4.558108,5
2782,-0.5383841,-0.1409509,1.391783,1.498927
2783,-0.6270899,0.2403731,1.536117,1.676507
2784,-0.6326095,0.2398608,1.525877,1.66914
2785,-0.5417196,-0.1403881,1.392368,1.500619
2786,0.3136869,4.665653,1.572268,4.933431
2787,0.1941588,3.774656,1.411678,4.03467
2788,0.6902122,3.571249,1.283425,3.857123
2789,0.6941935,3.571052,1.283075,3.857538
2790,3.249799,0.9206969,0.3662522,3.397501
2791,3.203151,1.065521,0.378432,3.396869
2792,3.250899,0.9230516,0.3645763,3.399012
2793,3.258392,1.030541,0.4769579,3.450597
2794,3.167089,1.033116,0.3867126,3.353704
2795,3.158577,0.8625068,0.509525,3.31363
2796,3.459273,1.259216,0.5228944,3.718281
2797,3.549311,1.055958,0.2193605,3.709552
2798,3.390445,1.218817,0.4062329,3.625695
2799,4.79393,-0.2689477,1.394956,5
2800,1.310165,3.67059,3.132129,5
2801,4.613462,-1.74107,-0.8274308,5
2802,-0.5456467,-0.2018966,1.423482,1.537789
2803,-0.2983014,-0.1261002,1.608813,1.641086
2804,-0.5449853,-0.1999924,1.426238,1.539857
2805,-0.270307,-0.1243399,1.592744,1.620296
2806,3.22633,1.051965,0.2590443,3.403372
2807,3.568239,0.7401834,0.1017984,3.645623
2808,3.044077,0.912137,0.5245154,3.220794
2809,3.107319,0.8166884,0.166617,3.217169
2810,3.552024,0.9897499,0.2205808,3.693933
2811,3.163006,0.9825176,0.1416138,3.315117
2812,3.215755,1.011353,0.1283003,3.373482
2813,3.200664,0.8800266,0.215698,3.326442
2814,3.049731,1.187915,0.142092,3.276003
2815,3.034557,1.12143,0.1711659,3.239666
2816,3.205122,0.9920464,0.2434843,3.363963
2817,4.922101,-0.6512745,-0.5905631,5
2818,-0.3038296,0.874841,0.03027159,0.9265935
2819,-0.2611777,0.9331145,-0.04089104,0.9698394
2820,-0.2601867,0.9332899,-0.03013376,0.9693479
2821,-0.3195912,0.8580645,-0.03682792,0.9163893
2822,-0.3414637,0.981979,-0.02830312,1.040039
2823,-0.3544919,0.9683332,-0.01358292,1.03127
2824,3.245109,-0.8333324,-3.711445,5
2825,0.1750226,0.4512877,1.54767,1.621597
2826,0.3773802,-0.03685925,1.647087,1.690168
2827,0.1738353,0.451208,1.542926,1.616919
2828,0.3781079,-0.03649696,1.647444,1.690671
2829,0.5247247,-0.1169969,1.61638,1.703441
2830,-0.107638,-0.8053112,4.933547,5
2831,1.658033,1.720114,4.392281,5
2832,1.739012,1.158785,4.542362,5
2833,2.128963,-0.5968267,4.484564,5
2834,1.232936,0.8894098,4.763278,5
2835,2.102689,0.9869578,0.07837881,2.324119
2836,2.335847,1.017591,0.09518529,2.549653
2837,2.119553,1.018164,0.06039723,2.352193
2838,2.021744,0.8223172,0.03720396,2.182897
2839,2.291083,0.973059,0.0961805,2.491015
2840,2.156728,1.071087,0.06613567,2.408957
2841,4.983572,-0.2451374,0.3062451,4.998987
2842,1.351508,2.045845,4.139639,4.811306
2843,-3.145872,-3.332577,-1.999356,5
2844,0.3510884,0.5932744,1.590978,1.733911
2845,0.3181122,0.257131,1.756476,1.803475
2846,0.05659668,0.3956465,1.473394,1.52664
2847,0.352088,0.592077,1.590948,1.733677
2848,0.8338013,-0.06444879,1.442752,1.667606
2849,0.7217173,0.1890252,1.529848,1.70207
2850,0.9754362,0.2377705,1.245048,1.599423
2851,0.972779,0.2394067,1.246529,1.599202
2852,0.4382906,0.525391,1.203854,1.384702
2853,0.06280781,0.4009189,1.473326,1.528191
2854,0.834054,-0.06557005,1.441459,1.666658
2855,-1.886173,-1.921963,4.212886,5
2856,1.881917,4.510083,-1.057136,5
2857,3.084323,3.870234,0.7129101,5
2858,-0.5732934,-4.959441,-0.2743798,5
2859,3.428895,-1.742261,3.194873,5
2860,1.474738,2.599719,4.008318,5
2861,-3.72539,2.174867,2.528126,5
2862,1.202916,0.3106488,1.386278,1.861525
2863,0.8154776,0.4947628,1.065214,1.429851
2864,0.9095746,0.4326585,0.8191709,1.298291
2865,0.8622091,0.2871422,1.166808,1.478951
2866,0.8646621,0.2870994,1.172167,1.484601
2867,1.0337,0.3995415,1.167335,1.609608
2868,1.091316,0.3831495,1.314355,1.7508
2869,1.106293,0.2855894,1.063092,1.560644
2870,1.113682,0.2841338,1.067384,1.568543
2871,1.118955,0.4947676,1.18057,1.700177
2872,1.222208,-4.643013,-1.395936,5
2873,1.179791,-3.206988,3.650112,5
2874,-3.668726,1.421174,3.085566,5
2875,3.885859,3.122198,-0.3898457,5
2876,-3.614938,1.52323,3.100322,5
2877,1.626185,-3.736773,2.896903,5
2878,0.07935919,1.624321,4.728137,5
2879,1.625696,-3.736811,2.897129,5
2880,1.480282,-3.362309,3.391702,5
2881,-4.627395,0.2731021,-1.874202,5
2882,0.719224,-0.28112,4.940009,5
2883,1.28177,0.6048604,0.906415,1.682373
2884,1.220966,0.256173,1.493365,1.945899
2885,0.9863891,0.1795912,1.06306,1.461271
2886,0.9861603,0.1816605,1.064259,1.462245
2887,0.775925,0.1453545,0.8740872,1.177801
2888,0.7468911,0.1372084,0.9915572,1.248943
2889,1.275834,0.6076651,0.9118646,1.681816
2890,3.166273,-1.812864,3.418807,5
2891,-3.827191,-0.8212873,-3.110965,5
2892,-3.832761,-0.8276434,-3.102411,5
2893,-2.343756,1.182228,-4.255484,5
2894,-4.152884,2.7845,0.01074611,5
2895,0.1724683,-4.817738,-1.326518,5
2896,2.527093,2.470932,-3.536707,5
2897,1.520718,-2.128416,4.261134,5
2898,-3.152736,2.943529,-2.529009,5
2899,0.2498394,-0.3043159,4.984473,5
2900,-0.6955603,0.3376185,-4.939859,5
2901,2.824757,-0.1313318,4.12353,5
2902,1.058232,0.4776882,0.8619046,1.446001
2903,1.058085,0.02489693,0.9660509,1.432976
2904,1.08563,0.05923067,0.9723724,1.458633
2905,1.059434,0.02854107,0.9638624,1.432566
2906,1.377164,-0.08458933,0.7692514,1.57971
2907,1.031413,0.03117316,1.416369,1.752394
2908,1.086107,0.06157026,0.9670289,1.455529
2909,1.227829,0.0215827,1.134948,1.672165
2910,-1.305702,-0.2270096,4.821163,5
2911,1.725246,2.394763,4.035918,5
2912,-3.570255,3.117597,-1.591813,5
2913,2.123843,3.403342,-2.984384,5
2914,-0.8963946,-2.228205,4.385383,5
2915,-0.8006888,-2.745355,4.101454,5
2916,-0.4018107,-0.9551678,4.891441,5
2917,-0.3345582,-1.015089,4.88443,5
2918,-2.336796,-4.307952,0.9904224,5
2919,-1.534127,-0.5700634,4.724562,5
2920,2.46529,0.01948083,4.349938,5
2921,0.7488594,0.02052266,4.94356,5
2922,0.9277989,-1.837426,4.55665,5
2923,0.8970592,-1.713394,4.61081,5
2924,1.501103,1.418157,0.01891156,2.065148
2925,1.598524,1.89195,0.03493674,2.47709
2926,1.984173,1.524742,0.02163822,2.502449
2927,1.781137,1.636971,0.01424149,2.419158
2928,1.301527,1.514828,0.02198401,1.997288
2929,1.302694,1.516012,-0.02642075,1.999
2930,-0.5221432,-0.4260377,4.706659,4.754659
2931,4.816389,-0.9900243,0.8614418,4.991976
2932,0.8132038,-1.658296,4.414052,4.784882
2933,0.4749217,4.566307,1.881694,4.9616
2934,1.486168,-0.01573816,0.9152091,1.745437
2935,1.490206,-0.01597823,0.9076512,1.744936
2936,1.396382,0.2583627,0.7446687,1.603485
2937,1.564374,-0.2507791,0.973631,1.8596
2938,1.404178,0.2571697,0.7406282,1.608224
2939,1.076938,0.5220916,0.8368699,1.460386
2940,1.314972,0.03065835,0.6927924,1.486624
2941,1.380552,-0.04471916,1.063657,1.743356
2942,1.166482,0.2162156,0.9224794,1.502797
2943,1.56568,-0.2481924,0.9825694,1.865046
2944,1.440402,0.005782656,1.108524,1.817585
2945,1.061617,0.6182129,0.9821464,1.572841
2946,1.37759,-0.0447932,1.062995,1.740608
2947,3.600132,3.342125,-0.9323356,5
2948,1.513506,-4.325553,1.999723,5
2949,-1.960653,4.520131,-0.8510336,5
2950,3.396854,3.396758,1.386875,5
2951,-2.512384,2.571054,-3.475286,5
2952,-4.866429,-1.062212,-0.4354025,5
2953,-0.5104997,0.0117153,1.160488,1.267865
2954,-0.5109977,0.009854591,1.161737,1.269192
2955,-0.5084778,0.01458135,1.159338,1.266028
2956,-2.074768,-3.880463,2.37431,5
2957,1.095849,-1.087075,4.755774,5
2958,4.446168,-0.1939846,2.279026,5
2959,1.834663,-3.035256,3.524377,5
2960,1.197006,0.008602586,0.9356139,1.5193
2961,1.298848,-0.1664247,0.8572934,1.565138
2962,1.272538,-0.2864398,0.8539288,1.559037
2963,1.259772,-0.04584057,1.068604,1.652586
2964,1.174621,0.1069379,1.47654,1.889799
2965,1.265813,-0.04588354,1.067806,1.656682
2966,1.157273,0.01724454,0.6330671,1.319224
2967,1.031475,1.580517,4.630121,5
2968,1.036849,1.579149,4.629388,5
2969,-3.461535,3.302919,1.452069,5
2970,-0.844564,4.823582,-1.009835,5
2971,-1.35853,-4.40754,-1.930799,5
2972,3.080127,3.307083,2.139162,5
2973,-2.816911,-3.43669,2.292199,5
2974,-1.456535,-4.135777,2.402884,5
2975,-4.496198,1.59961,1.491794,5
2976,1.518757,0.04402837,1.103032,1.877562
2977,1.51881,0.04412724,1.103001,1.87759
2978,1.560804,0.01364891,1.245719,1.997026
2979,1.295604,0.007806067,1.171348,1.746627
2980,1.497593,0.1234758,0.7980894,1.701463
2981,1.209666,-0.1905475,1.196573,1.712129
2982,1.028341,-0.2416163,0.8687933,1.367723
2983,1.500173,0.1280363,0.7987325,1.704372
2984,1.98446,-0.2897553,0.5962926,2.092272
2985,1.442574,0.2932163,0.9375294,1.745267
2986,1.32917,0.1358618,0.6766137,1.497651
2987,1.570092,-0.4079818,0.7147381,1.772707
2988,0.4201362,-4.499339,2.139963,5
2989,-0.3581497,-2.821198,4.11249,5
2990,0.3321332,-1.737453,4.676639,5
2991,0.7604212,2.60015,-4.202496,5
2992,1.098889,4.877307,0.0657123,5
2993,1.182019,4.846128,0.3433347,5
2994,-1.234089,4.315367,-2.203323,5
2995,-0.9124888,0.03120264,0.4235407,1.006477
2996,-0.9118587,-0.04289936,0.4225883,1.005936
2997,0.645336,0.7422734,1.284941,1.618178
2998,0.6473961,0.7491172,1.282643,1.620331
2999,-4.360847,-1.437796,-1.978828,5
3000,0.0625819,3.529294,-3.54121,5
3001,0.7796685,-3.45371,3.530439,5
3002,-0.9678558,-4.890111,-0.3873927,5
3003,0.2383518,-2.48233,4.333732,5
3004,0.5828854,4.724076,1.530801,5
3005,0.8179458,0.2459781,1.966196,2.143704
3006,0.7519209,1.533737,0.8479933,1.907047
3007,0.7859593,-0.2786085,0.9259912,1.24612
3008,2.243005,-0.08729522,1.48536,2.691651
3009,1.656607,0.6211194,1.354986,2.22848
3010,1.577326,0.1110867,0.9469571,1.843102
3011,1.456198,0.3084826,0.7523971,1.667866
3012,-0.2933958,2.502776,1.82349,3.11048
3013,0.8202232,0.2379764,1.966511,2.14396
3014,1.147557,-0.4136726,0.9474207,1.544545
3015,2.028817,-0.5125769,0.6467366,2.190229
3016,-0.8057981,2.16013,4.436725,5
3017,-0.008853923,1.976478,4.592761,5
3018,4.946776,-0.3537926,0.635801,5
3019,1.577477,1.654381,4.446863,5
3020,4.939541,-0.379954,-0.6756971,5
3021,1.696802,3.155095,3.488013,5
3022,-0.9058159,-0.07941591,0.4981833,1.03682
3023,-1.109346,-0.08939385,0.6473015,1.287493
3024,-0.913386,-0.07901764,0.502417,1.045438
3025,-1.10981,-0.08592734,0.6467873,1.287399
3026,-0.9994708,-0.1049484,0.6673732,1.206376
3027,-1.001051,0.06713573,0.6667181,1.204626
3028,0.9469406,0.8831633,1.095022,1.695803
3029,0.9495627,0.8919072,1.087672,1.697114
3030,3.391087,1.848321,3.175569,5
3031,0.2198128,-4.281487,2.573043,5
3032,-4.639724,1.862932,0.04949217,5
3033,-4.498343,1.13895,1.862177,5
3034,0.1352705,1.578329,-0.03626006,1.58453
3035,-0.2669368,2.207623,-0.04642269,2.224188
3036,-0.6742395,0.9501572,0.03589143,1.165627
3037,-0.6741327,0.9500781,0.04573727,1.165845
3038,0.1386251,1.581623,-0.0397575,1.588184
3039,1.138394,4.708452,1.176826,4.985016
3040,4.945346,-0.7371042,0.0143018,4.999998
3041,2.2404,-4.469151,0.08119436,4.999929
3042,0.6278012,0.01139678,0.2399318,0.6721841
3043,2.041875,-0.2414306,0.2170478,2.067523
3044,1.070523,0.2822293,0.3724229,1.168063
3045,1.540724,0.5595902,0.5678014,1.734753
3046,0.6288076,0.009907033,0.2398869,0.6730846
3047,1.070232,0.2915834,0.3743645,1.170712
3048,1.537065,0.5571095,0.5703133,1.73153
3049,1.739658,-0.01933626,0.503833,1.811251
3050,1.739769,-0.01971315,0.5036614,1.811314
3051,1.467592,0.3784745,0.7618724,1.696325
3052,3.553881,3.340834,-1.099433,5
3053,3.893135,-2.40348,2.016626,5
3054,3.445284,1.853412,3.11366,5
3055,-3.288547,-2.780195,2.540861,5
3056,-1.971191,3.240868,3.257481,5
3057,-0.911531,0.1061639,0.8112506,1.224862
3058,-0.9410816,-0.06007227,0.6341807,1.13641
3059,-0.9521464,-0.07330889,0.6495234,1.154919
3060,-1.114891,0.02900426,0.6310438,1.281421
3061,-1.046295,-0.05202696,0.5863061,1.200498
3062,-0.8920304,0.05288228,0.6477888,1.103696
3063,1.539376,0.8540739,0.6778059,1.88641
3064,1.538776,0.8549104,0.677577,1.886217
3065,0.9582218,1.423755,0.8943487,1.935233
3066,0.9577478,1.430064,0.8719101,1.929402
3067,0.7544249,1.118602,1.059521,1.715521
3068,0.55045,1.069184,0.9564015,1.536507
3069,1.354946,1.121796,0.8637607,1.959691
3070,1.385939,1.181893,0.9817029,2.069164
3071,1.387545,1.188405,0.9809859,2.073625
3072,1.160823,0.9495643,0.8366277,1.717302
3073,1.410036,0.8563704,0.6783233,1.78373
3074,-3.998765,-2.857326,-0.919549,5
3075,4.701749,-0.6837501,1.557576,5
3076,1.412241,0.6105818,0.5165177,1.622968
3077,1.426252,-0.2310061,0.8104663,1.656627
3078,1.053576,-0.2975472,0.8382875,1.37887
3079,1.851486,0.4103346,0.5278427,1.9685
3080,1.40626,0.4665225,0.2226527,1.49826
3081,1.408384,0.610342,0.5110803,1.617797
3082,2.109568,0.2620779,0.4906717,2.181678
3083,0.5738738,1.21842,-1.042012,1.702841
3084,1.053109,-0.2977214,0.8391203,1.379057
3085,2.33527,-0.0004853005,0.6836003,2.433269
3086,2.109089,0.2621608,0.4907939,2.181252
3087,4.200893,-2.696944,-0.2810486,5
3088,1.955735,-2.364321,-3.947796,5
3089,2.757221,1.720565,-3.799656,5
3090,-0.2522312,-3.392682,-3.664163,5
3091,-3.669547,-1.781685,2.891371,5
3092,-1.343193,4.245872,-2.273413,5
3093,-0.8957892,0.1245924,0.7427545,1.170319
3094,-0.8360171,-0.07812035,0.7455021,1.122854
3095,-0.8358727,0.08052818,0.7451534,1.122685
3096,-0.9634546,0.08968267,0.7848311,1.245892
3097,-0.9618236,0.09363893,0.785791,1.245528
3098,1.596136,1.033659,0.9298378,2.116767
3099,1.55565,1.01221,0.8030081,2.022236
3100,1.551507,1.013072,0.7990968,2.017931
3101,0.5328697,1.086756,0.8919078,1.503492
3102,1.055636,0.917663,0.8400664,1.63162
3103,1.321648,1.298042,0.7902911,2.014008
3104,1.384089,0.7483321,0.8086516,1.769073
3105,1.03559,1.022976,1.012322,1.773055
3106,1.159178,3.624765,3.243052,5
3107,-3.958508,-1.616108,-2.591989,5
3108,-3.00589,-3.257366,2.313913,5
3109,-0.4591165,-0.9765202,4.882174,5
3110,2.175292,0.2052188,0.5679207,2.257553
3111,1.659193,0.1847227,0.3206513,1.699959
3112,1.655068,0.1823361,0.3239999,1.696312
3113,1.9829,0.444057,0.4533718,2.081976
3114,0.9961966,0.2794701,0.2544881,1.065493
3115,1.985022,0.4445828,0.4509004,2.083573
3116,1.666882,-0.01404962,0.2216064,1.681607
3117,1.763385,-0.3292645,0.7315852,1.937307
3118,1.621295,-0.4099294,0.5776309,1.769264
3119,1.518365,-0.04692105,0.4036642,1.571808
3120,1.742997,0.07844586,0.2279872,1.759594
3121,2.491183,-4.335128,0.02595286,5
3122,4.125668,1.524843,-2.377755,5
3123,-0.08853608,-1.029992,4.891961,5
3124,-0.7902197,4.623816,-1.730861,5
3125,-0.8198913,1.079131,4.812822,5
3126,-0.9226385,0.07385605,0.7765875,1.208224
3127,-0.7481402,0.08388952,0.9321925,1.198221
3128,-0.5143347,0.08649297,1.045129,1.168039
3129,-0.5137689,0.08754375,1.043871,1.166743
3130,-0.4119003,-0.02732976,1.069881,1.146758
3131,-0.7488775,0.01106099,0.9306929,1.194625
3132,1.306258,0.5660756,0.6801552,1.577771
3133,1.485354,0.6705011,0.549809,1.719924
3134,1.543108,0.8444693,0.8719456,1.963314
3135,0.9197662,0.9688465,0.8945462,1.607746
3136,1.295046,0.590013,0.744969,1.606312
3137,1.590974,0.8404135,0.848213,1.98921
3138,-1.301111,-0.2270743,4.822401,5
3139,-2.062967,4.407579,-1.147783,5
3140,-1.270562,-3.767848,-3.031335,5
3141,-4.20084,0.7060282,2.618103,5
3142,2.096158,1.000512,-4.427764,5
3143,2.661475,4.197923,-0.5422077,5
3144,1.426843,0.07823073,-0.09489735,1.432134
3145,1.542255,-0.356984,-0.2178579,1.597952
3146,1.427486,0.0781146,-0.09482268,1.432763
3147,1.431216,0.3285201,0.31426,1.501687
3148,1.345323,0.009224851,0.2852444,1.375262
3149,1.53304,0.08162793,0.1485887,1.542385
3150,1.479987,-0.127917,0.2268009,1.502718
3151,1.071642,0.1257311,0.4267032,1.160302
3152,1.817346,-0.08206719,0.1852621,1.828607
3153,1.368382,0.4056673,0.2584435,1.450458
3154,1.2421,0.2277779,-0.1783055,1.275338
3155,1.797463,-0.02276867,0.1159609,1.801344
3156,2.38622,-3.22556,2.983574,5
3157,3.998406,-2.66211,1.387774,5
3158,2.77239,-3.638354,2.018968,5
3159,4.587677,-0.8958876,-1.774993,5
3160,1.796265,-2.396369,-4.003854,5
3161,3.788039,0.3377158,3.246029,5
3162,-0.2738856,-0.0205621,1.127519,1.160489
3163,-0.4101941,-0.02724246,0.9984403,1.079761
3164,-0.6138547,0.1058758,1.05399,1.224305
3165,-0.4312763,-0.08843637,1.106817,1.191161
3166,-0.4079087,-0.03747669,0.9940264,1.07512
3167,-0.6125189,0.003563138,1.054996,1.219922
3168,-0.4306321,-0.09153331,1.107488,1.191785
3169,2.248426,0.07822414,-2.262438,3.190637
3170,2.249196,0.0791577,-2.25805,3.188094
3171,1.475782,1.227574,0.6252742,2.01887
3172,1.471262,1.274029,0.9605563,2.170352
3173,0.8812778,0.7561496,0.7260929,1.369534
3174,1.559683,1.008002,0.4133069,1.902499
3175,1.748827,0.8175369,0.7175096,2.05951
3176,1.504043,0.8204705,0.5304415,1.793512
3177,1.276273,0.8187884,0.7159581,1.676867
3178,1.161561,1.073217,1.02611,1.885185
3179,1.235844,0.7336808,0.7617803,1.626625
3180,3.830951,3.086112,0.8942748,5
3181,3.833034,1.864079,2.614012,5
3182,4.416987,1.578985,1.731193,5
3183,-1.35314,-4.813272,-0.03769677,5
3184,1.632693,-0.547655,0.06753933,1.72342
3185,1.543215,0.4773746,-0.08079311,1.617383
3186,1.185967,0.668516,-0.09516274,1.36473
3187,1.59871,-0.227739,0.01433286,1.614913
3188,1.263191,0.03326456,-0.2375081,1.285756
3189,1.185955,0.6685431,-0.09554628,1.364759
3190,1.318555,0.2561084,-0.03701425,1.343707
3191,1.116504,0.1916026,-0.1993055,1.150224
3192,1.262011,0.03258562,-0.2345094,1.284028
3193,0.2033588,-0.2923084,-0.07463658,0.3638264
3194,0.8723052,0.3440295,-0.1792281,0.9546703
3195,3.352201,-3.224923,-1.833745,5
3196,1.373126,-3.026011,3.736012,5
3197,-0.2724534,-4.588964,-1.966514,5
3198,-1.231253,0.7004039,0.004343952,1.416534
3199,-1.642142,0.2180362,-0.002837184,1.656556
3200,-1.130093,-0.1063505,-1.137353E-06,1.135086
3201,-1.129805,-0.103931,-0.0002104208,1.134575
3202,-1.5103,0.08740008,-0.02203714,1.512987
3203,-1.51047,0.08636335,-0.0144956,1.513006
3204,1.436111,4.756504,0.5317079,4.996944
3205,-0.2001379,-0.02079317,1.245039,1.261194
3206,-0.04491898,0.04440027,1.186422,1.188102
3207,-0.04800044,0.04795577,1.186529,1.188467
3208,0.2746314,0.01959528,1.054512,1.089863
3209,0.2664655,0.02866791,1.061404,1.094716
3210,0.7219172,-0.09105964,0.4766198,0.8698406
3211,0.7210364,-0.09531133,0.4755389,0.8689736
3212,1.246444,1.3996,0.3846762,1.913238
3213,1.189206,1.352477,0.4799645,1.863805
3214,1.183351,1.346033,0.4789425,1.855131
3215,1.503019,0.5986958,0.5191785,1.699131
3216,-1.04013,4.734385,1.226268,5
3217,-3.03194,3.86443,0.9346228,5
3218,-4.911307,0.3899412,0.8526488,5
3219,0.1578429,3.480914,3.58585,5
3220,1.717439,4.637327,0.7386513,5
3221,3.583864,0.2961694,-3.473932,5
3222,-1.49095,2.112684,-4.279443,5
3223,-4.881864,-1.013224,0.3752103,5
3224,0.8118483,-0.03664305,0.2284331,0.8441694
3225,0.8117916,-0.04052287,0.228727,0.8443718
3226,0.5852014,0.03216461,0.1277151,0.5998387
3227,0.5848637,0.02489169,0.1274901,0.5991151
3228,0.8390764,0.1188893,0.1731314,0.8649615
3229,0.8671258,0.02829871,0.1946957,0.889165
3230,0.7212871,0.1598888,0.1769894,0.7597004
3231,1.752555,0.003016019,-0.1116083,1.756108
3232,1.756409,0.0003897922,-0.1097918,1.759838
3233,0.8595451,0.02565645,0.1948019,0.8817164
3234,3.619229,-2.789719,2.029446,5
3235,1.470905,-4.399347,-1.866063,5
3236,1.013243,0.2549795,4.645133,4.761191
3237,2.658404,-3.520934,2.23521,4.94573
3238,1.006609,-3.974532,2.718698,4.919501
3239,0.4657987,-4.797173,1.263951,4.982711
3240,-0.5852057,-4.3148,2.334767,4.940759
3241,2.777318,-3.521012,2.100549,4.952103
3242,2.273887,-4.242343,1.353501,5
3243,-0.1126679,-4.364285,2.315413,4.941743
3244,1.032177,-2.44879,4.023565,4.821933
3245,-4.481783,-0.7917177,-2.07046,5
3246,-0.0835895,0.08264015,1.683886,1.687984
3247,-0.0802996,0.08466993,1.687436,1.691466
3248,0.433304,0.01638545,-0.3647096,0.5665985
3249,0.2910296,0.2919295,1.195147,1.264238
3250,0.2973597,0.05569701,1.191946,1.22974
3251,0.1741606,2.427401,1.60775,2.916756
3252,0.1715375,2.429917,1.608362,2.919032
3253,-0.7808527,3.024648,0.9756387,3.272629
3254,-0.7827705,3.025859,0.9748958,3.273985
3255,0.685433,0.2610899,0.5672064,0.9272052
3256,3.119327,0.1669352,1.049219,3.295289
3257,0.6847613,0.2609524,0.5659536,0.9259037
3258,-0.1311396,0.0301686,1.3512,1.357884
3259,-0.1239563,0.03135234,1.352165,1.358196
3260,-0.3193716,0.3291516,-0.2717618,0.5330979
3261,1.348619,0.2788526,0.4259555,1.441516
3262,1.427464,0.4346594,0.2274953,1.509416
3263,1.331374,-0.03155841,0.7579402,1.532327
3264,1.940205,0.8852721,0.2781279,2.150687
3265,1.934756,0.8862068,0.2804965,2.146467
3266,1.76117,0.6270168,0.6232632,1.970616
3267,1.761221,0.6268532,0.6229455,1.970509
3268,1.786642,0.8923989,0.2607339,2.014062
3269,1.485537,1.019649,0.5638437,1.887968
3270,2.340209,4.415915,-0.1520259,5
3271,1.938583,4.564271,0.6397861,5
3272,4.825606,1.235961,-0.4311934,5
3273,2.28351,-3.660005,-2.527834,5
3274,-0.1380032,-2.957235,4.029356,5
3275,-0.172698,1.117284,1.195456,1.645376
3276,-0.1724712,1.122919,1.197087,1.650367
3277,3.37513,-1.601035,3.323429,5
3278,4.244104,-2.444097,-1.006961,5
3279,-0.3352067,-3.960164,-3.033931,5
3280,4.325131,1.54623,-1.975453,5
3281,3.298943,1.705285,3.347981,5
3282,-0.1077867,0.06972266,2.388521,2.391968
3283,1.179014,0.7332408,2.594661,2.942785
3284,1.149868,0.08436432,2.578288,2.824338
3285,-0.0922016,0.09920979,1.705652,1.711021
3286,-0.108809,0.06714409,2.38467,2.388095
3287,-0.08911747,0.09746917,1.70382,1.70893
3288,-1.159382,0.8736778,2.458667,2.855262
3289,-1.141244,0.005841515,2.599857,2.839318
3290,-1.158987,0.03375214,2.184696,2.473315
3291,0.2249994,-0.0413883,2.764869,2.774317
3292,0.2213092,0.05942162,2.767116,2.776588
3293,-1.154804,0.083418,2.186276,2.473931
3294,1.004682,0.005231085,2.227454,2.443556
3295,1.523659,0.6957846,0.3661505,1.714561
3296,1.762418,0.671925,0.2419968,1.901621
3297,1.637515,0.4504493,0.09183477,1.700822
3298,1.936146,0.4930366,0.334228,2.025699
3299,1.917127,0.8385822,0.3932573,2.129142
3300,1.649933,0.388291,0.3256823,1.726012
3301,-0.8057648,3.642823,3.328751,5
3302,1.037115,2.638264,4.118732,5
3303,4.990401,-0.251567,0.1805779,5
3304,4.58571,1.794697,0.866214,5
3305,4.360792,0.7009184,-2.343544,5
3306,-3.642577,-2.554694,2.281484,5
3307,3.981934,1.926495,2.330842,5
3308,0.3637596,1.466045,1.041968,1.835022
3309,-0.02872969,1.213698,0.9185668,1.522384
3310,-0.02883312,1.214812,0.9202142,1.524268
3311,0.6183792,1.472484,0.9638984,1.865396
3312,0.7497993,1.509706,1.040193,1.980761
3313,4.361399,1.141571,2.162179,5
3314,-3.412066,3.280856,-1.610523,5
3315,1.081347,0.03364187,2.370586,2.605786
3316,0.5539911,0.07633536,2.954876,3.007329
3317,1.081716,0.02532466,2.370843,2.606079
3318,0.5549332,0.07599758,2.956692,3.009278
3319,1.913877,0.002454136,2.790135,3.383458
3320,1.862445,0.009522607,2.822456,3.381575
3321,0.6158558,0.1335427,2.945793,3.012442
3322,1.450558,0.04573776,1.084697,1.811844
3323,1.768279,0.01960763,2.847526,3.351954
3324,-0.1667294,0.02901942,2.433471,2.439349
3325,0.2284178,0.0129076,2.946927,2.955795
3326,0.2458572,0.1054041,3.017799,3.029632
3327,1.486027,0.02207981,1.573862,2.164672
3328,2.001181,0.7243195,0.1179097,2.131494
3329,1.421114,1.039136,0.3490463,1.794771
3330,1.608405,0.5083481,0.1093199,1.690366
3331,1.904052,0.6016631,0.1728788,2.004321
3332,1.489369,0.1229137,0.3170238,1.527688
3333,1.83498,0.313925,0.3655802,1.897195
3334,1.964492,0.9122109,0.4794754,2.21839
3335,1.887217,0.7036614,0.2061302,2.024652
3336,1.403238,0.6412313,0.2138301,1.557555
3337,1.757458,0.397715,-0.02040095,1.802013
3338,4.52671,-1.553595,1.447496,5
3339,2.75297,3.941157,1.374203,5
3340,4.787329,-1.43706,0.1278401,5
3341,4.250269,-1.6051,-2.087789,5
3342,4.602729,1.123044,1.598016,5
3343,-2.589812,-2.2637,3.628848,5
3344,0.7819177,1.643101,0.7973509,1.986692
3345,0.3359797,1.831816,0.6296628,1.965936
3346,0.7132025,1.353244,0.8584436,1.754096
3347,0.9191726,1.621481,0.7216761,1.998723
3348,0.642254,1.820294,0.5598547,2.009826
3349,1.925793,-2.61161,-3.804052,5
3350,-0.769158,-1.476664,4.714643,5
3351,0.9078554,2.017956,-4.48371,5
3352,2.30018,0.3297912,2.523929,3.430715
3353,2.30019,0.3300167,2.524021,3.430812
3354,1.89959,0.07726917,1.950244,2.723575
3355,1.903147,0.07856268,1.942714,2.720713
3356,1.239068,0.08365823,2.87877,3.13522
3357,1.231258,0.009617166,2.871042,3.123935
3358,0.8857719,0.004452319,1.481635,1.726226
3359,2.288444,-0.08037551,2.964597,3.745967
3360,1.383414,0.06351989,4.16465,4.38887
3361,1.595536,2.360045,4.10907,5
3362,1.384092,0.06311996,4.164194,4.388645
3363,1.392878,0.2565865,4.79447,4.999289
3364,1.391968,0.1418511,2.041325,2.474814
3365,1.60862,0.5256049,0.1545559,1.699354
3366,1.028185,0.5383529,0.2409371,1.185344
3367,1.286644,1.066104,0.03039005,1.671213
3368,1.74252,0.5129708,0.1266076,1.820864
3369,1.241484,0.7845299,-0.2328501,1.486939
3370,1.411996,0.9553135,-0.1086154,1.70826
3371,1.137133,0.5445718,0.1069952,1.265337
3372,1.410539,0.9565757,-0.1030323,1.707417
3373,1.029102,0.5393267,0.242462,1.186892
3374,1.83412,0.5072697,0.02216718,1.903105
3375,4.729787,-1.419164,-0.7842754,5
3376,2.262778,-1.680566,-4.129835,5
3377,1.778912,-0.04803827,-4.672597,5
3378,4.594966,-0.657477,-1.858497,5
3379,0.2017255,2.191267,-4.489728,5
3380,2.250378,-1.659212,-4.145216,5
3381,4.631664,-0.6151075,-1.780262,5
3382,3.63699,-3.326546,-0.8404744,5
3383,-0.3789139,3.831991,-3.189399,5
3384,4.425189,-1.969429,1.240585,5
3385,0.9255512,1.600094,0.7353594,1.989396
3386,0.9261429,1.600165,0.7353054,1.989709
3387,0.9451984,1.763162,0.8608835,2.177903
3388,1.120872,1.738605,0.8735399,2.245478
3389,0.9484794,1.760979,0.8721076,2.182024
3390,0.5383307,1.63427,0.7415185,1.87363
3391,-0.134574,1.621442,0.7764319,1.802784
3392,0.9366833,1.531662,0.656651,1.911689
3393,-4.841371,0.2134999,1.231076,5
3394,2.424869,0.03984079,3.223429,4.033865
3395,2.4216,0.03985394,3.226619,4.034452
3396,2.245946,1.822923,0.7683394,2.992936
3397,1.655441,0.0847301,2.0717,2.653225
3398,2.39925,4.004375,1.791251,5
3399,2.405013,0.1429113,2.646485,3.578881
3400,2.109294,0.03610715,3.607292,4.178874
3401,1.646924,0.05698443,2.968206,3.394975
3402,2.536419,2.139185,2.894035,4.402837
3403,-1.594179,0.707976,4.680087,4.994582
3404,2.991991,3.002336,1.364264,4.45278
3405,1.03556,0.4710187,4.866394,4.997603
3406,0.9996173,0.2980398,4.889002,4.99904
3407,-1.899525,2.207433,3.999078,4.947078
3408,-0.3349353,1.30065,4.797225,4.98169
3409,2.206433,3.804936,2.377838,5
3410,2.246961,3.783403,2.374242,5
3411,0.6369803,0.5556756,0.1002568,0.8512172
3412,0.4317637,0.1731905,0.1085034,0.4776901
3413,0.6230397,0.764886,0.09064685,0.9906795
3414,0.834551,0.3243442,0.1096914,0.9020569
3415,0.6421981,0.7265881,0.1618234,0.9831254
3416,0.6384528,0.7247922,0.1619454,0.9793733
3417,0.9612094,0.3791174,0.08188113,1.036512
3418,3.722734,-0.6456213,3.111075,4.89432
3419,3.082531,-2.750824,2.675388,4.922066
3420,2.093703,-0.5572616,4.280893,4.797935
3421,3.554859,-2.253271,2.564252,4.928452
3422,4.476676,-1.555102,1.514356,4.975163
3423,2.187005,-0.2755791,-4.48788,5
3424,3.71035,-2.214875,2.389704,4.93792
3425,-3.527887,-0.8163774,3.27544,4.882721
3426,1.448522,-1.866933,-4.406398,5
3427,1.134846,-1.065186,4.514,4.774798
3428,-3.068012,-2.504064,2.899751,4.908319
3429,0.7868935,1.716687,0.3154183,1.914603
3430,0.8099866,1.552313,0.7917006,1.921599
3431,1.170987,1.623932,0.6323866,2.09959
3432,1.686846,1.278847,0.8109297,2.266827
3433,0.9357952,1.495667,1.097653,2.077877
3434,1.354207,1.773115,0.2955898,2.250597
3435,1.816736,1.227275,0.6755071,2.294132
3436,3.261816,3.776187,-0.3177547,5
3437,3.433189,-3.11844,1.867765,5
3438,3.915004,1.80535,-2.53248,5
3439,2.408701,0.03137705,2.585625,3.533877
3440,2.411944,0.0318524,2.583735,3.53471
3441,2.551544,0.009057389,3.454832,4.294919
3442,2.546916,0.008805157,3.451859,4.289778
3443,-4.580609,1.612024,1.067081,4.971847
3444,1.532203,2.840276,3.819056,5
3445,3.272183,0.08565816,3.779509,4.99992
3446,1.531834,2.845986,3.81495,5
3447,1.767323,1.31897,0.5197388,2.265665
3448,0.711091,1.476497,0.5574635,1.731028
3449,0.7165483,1.482403,0.5621396,1.739816
3450,1.893586,1.227329,0.508674,2.31317
3451,1.677117,1.493434,0.510681,2.303011
3452,1.40189,1.116,0.1648978,1.799428
3453,1.78835,1.312336,0.5468912,2.284626
3454,0.5628539,1.59506,0.7261474,1.840736
3455,-2.115899,2.574372,3.727677,5
3456,3.393224,0.04654253,2.552058,4.246073
3457,3.439854,0.1579832,2.129277,4.048626
3458,3.814132,1.634628,2.789334,5
3459,3.81554,1.636016,2.786593,5
3460,3.112857,0.1217028,2.791073,4.182676
3461,3.585908,1.653974,2.916845,4.909415
3462,3.395735,0.04646733,2.553332,4.248845
3463,3.601756,1.11271,2.983292,4.807369
3464,-1.756839,-0.4530126,-4.659216,5
3465,-1.900013,-0.01548158,-4.624901,5
3466,-4.56156,0.60721,1.945158,4.996016
3467,1.317619,1.280955,0.3466855,1.870069
3468,0.7246695,1.539253,-0.1380965,1.706903
3469,1.411818,1.164689,0.04017133,1.830668
3470,1.077878,1.025629,0.4411184,1.551876
3471,1.064532,1.323987,0.2958291,1.724438
3472,1.200261,1.337945,0.1116796,1.800887
3473,1.663838,1.260787,0.07762536,2.089011
3474,3.099462,2.798414,2.749948,5
3475,1.377689,2.287171,4.22739,5
3476,3.080025,2.954885,2.604246,5
3477,-2.024758,2.81665,-3.600949,5
3478,3.482444,0.1795024,2.554435,4.322589
3479,3.281538,0.07790175,3.06023,4.487713
3480,3.281268,0.1086689,3.063766,4.490567
3481,4.323017,1.929248,1.609201,5
3482,4.322895,1.928547,1.610367,5
3483,3.475422,0.1797416,2.566622,4.324166
3484,-1.713387,2.301645,-4.02423,4.942437
3485,-3.348164,2.303308,-2.812726,4.942353
3486,1.108191,1.438867,0.5186383,1.888759
3487,1.152677,1.028974,0.1758417,1.555111
3488,1.181037,1.576536,-0.1817094,1.978215
3489,1.472508,1.054894,0.4498346,1.866396
3490,1.703643,0.9853756,-0.06447661,1.969142
3491,1.748765,1.263826,-0.0237208,2.157776
3492,1.256671,1.51863,0.1100775,1.974228
3493,1.648167,1.43843,-0.00393939,2.18759
3494,1.089875,1.446533,-0.03765699,1.811547
3495,1.540259,1.527391,-0.001589323,2.169175
3496,1.060312,1.68204,0.06499121,1.989408
3497,0.5229381,4.549111,2.008015,5
3498,0.162057,2.119728,-4.525538,5
3499,1.361951,0.05019088,4.810673,5
3500,3.522839,3.366345,1.121306,5
3501,4.873362,-0.01442606,1.118097,5
3502,0.6879563,4.931326,-0.4568772,5
3503,-1.397943,4.743585,0.7376765,5.000001
3504,-0.5312455,-0.07253009,-0.1489386,0.5564756
3505,-0.6864134,0.2431253,0.2609116,0.7735297
3506,-0.5313993,-0.07241042,-0.1491636,0.556667
3507,-0.5202924,-0.01700003,0.2251542,0.5671751
3508,-1.059653,0.386873,0.3230057,1.1734
3509,2.478683,4.324538,-0.3930733,5
3510,2.870786,3.836916,1.043887,4.90439
3511,1.217377,-1.450534,4.62752,5
3512,4.660167,0.2872124,1.78646,4.999109
3513,4.488582,0.3565154,1.548822,4.761651
3514,4.54247,0.3961175,1.242319,4.725918
3515,4.54928,0.3960502,1.233522,4.730156
3516,3.897429,0.1291492,1.05919,4.040855
3517,3.907511,0.1305236,1.048673,4.047887
3518,4.192306,0.2985001,2.70663,4.999038
3519,4.196095,0.2954444,2.701124,4.999057
3520,-3.783428,2.674422,1.661456,4.922122
3521,4.479434,1.993843,-0.7278655,4.956866
3522,0.6515499,0.8921111,0.0658531,1.106669
3523,0.6440109,0.9525836,0.04137661,1.150599
3524,0.572452,0.803618,0.04692598,0.9877779
3525,0.55836,0.9515975,0.03650648,1.103919
3526,0.6164497,0.7877411,0.07211082,1.002869
3527,0.792178,0.8003919,0.0656198,1.128042
3528,0.7944272,0.8020275,0.06557423,1.13078
3529,-2.303701,-4.02136,1.782768,4.965546
3530,-0.5945727,-2.678924,3.97071,4.826664
3531,3.756875,-3.222721,0.6717223,4.995123
3532,0.2871267,0.5366068,4.962823,5
3533,-0.09030591,-1.588813,4.502992,4.77592
3534,-2.186003,-4.494456,0.1385197,4.999793
3535,0.7514267,-2.895396,3.806174,4.840963
3536,-0.7533723,-0.2680652,-0.1142895,0.807769
3537,-1.272538,-0.10285,0.2064675,1.293275
3538,-1.03197,-0.161515,0.1098349,1.050291
3539,-0.7493283,-0.268947,-0.1127689,0.8040785
3540,-1.031173,-0.1610524,0.1163398,1.050139
3541,-1.272347,-0.1032559,0.2068315,1.293177
3542,-0.776349,0.221188,0.2955284,0.8596389
3543,-0.7769119,0.2204874,0.2977453,0.8607317
3544,3.185281,3.230056,0.8720068,4.619489
3545,-0.157136,3.334879,-3.722082,5
3546,-3.881348,0.1265565,3.149464,5
3547,4.39708,0.1460564,0.4960049,4.427377
3548,4.397821,0.1459519,0.4926018,4.42773
3549,4.730362,0.1978622,0.7518288,4.793821
3550,4.725267,0.1977653,0.755539,4.789374
3551,2.518781,3.062006,2.875231,4.897662
3552,-0.8123803,1.692303,4.600734,4.968964
3553,1.983178,2.759924,0.7867119,3.488422
3554,2.14041,2.7646,0.7450131,3.57483
3555,1.349444,-1.686686,4.509334,5
3556,4.740032,0.5692562,1.485947,5
3557,1.351195,-1.689254,4.507848,5
3558,-1.068053,0.1141336,-0.1586352,1.085785
3559,-0.8410252,0.2000381,-0.1025782,0.8705521
3560,-0.6691673,0.3944472,-0.1556435,0.7922111
3561,-0.605728,0.7811339,0.2178229,1.012187
3562,-0.7386448,0.58119,0.3180718,0.9922438
3563,-0.6031144,0.7792951,0.2209414,1.009883
3564,-1.06872,0.1147052,-0.1627563,1.08711
3565,-3.357518,3.365558,1.549224,5
3566,-4.817495,-0.2735714,1.310304,5
3567,4.854222,0.7808152,0.87235,4.993409
3568,4.853911,0.7807366,0.8741566,4.993411
3569,4.813879,0.04540175,0.804647,4.880877
3570,4.817274,1.216412,0.5605498,5
3571,4.788468,0.0600596,0.320344,4.799547
3572,4.90337,0.07023593,0.9754458,4.999947
3573,4.809905,0.04533505,0.8092821,4.877723
3574,4.817183,1.220272,0.552888,5
3575,4.960471,0.05927751,0.6243684,4.999962
3576,-1.260556,3.739435,3.070444,5
3577,4.45684,-1.743677,-1.447817,5
3578,-3.499992,-3.556526,-0.3180811,5
3579,-0.8065454,0.1550182,-0.156016,0.8359947
3580,-0.5952759,0.03745516,0.1312058,0.6107137
3581,-0.8892978,-0.3164171,-0.06858999,0.9464011
3582,-0.8888103,-0.3164112,-0.06908903,0.9459773
3583,-0.6001502,0.0377345,0.1351428,0.6163341
3584,-0.965828,-3.236107,3.687111,5
3585,-0.9774644,-3.235214,3.684828,5
3586,-3.164953,1.589613,-3.529334,5
3587,-4.98406,-0.3951544,-0.05472314,5
3588,4.930229,0.8057316,0.2088848,5
3589,4.929536,0.8108616,0.2053631,5
3590,4.932883,0.3382962,0.7347513,4.998764
3591,4.828296,0.3331982,1.250815,4.9988
3592,4.932637,0.3379072,0.7365988,4.998766
3593,4.965824,0.3343545,0.4655382,4.998792
3594,4.894196,0.05555771,-0.120573,4.895996
3595,4.873992,0.04937503,0.8106114,4.941187
3596,4.902924,0.4575633,0.8540248,4.997738
3597,4.955057,0.388455,0.5293477,4.99837
3598,4.979616,0.3251638,0.2937138,4.998857
3599,2.526732,0.287437,4.303961,4.999107
3600,-0.05906284,3.157391,3.735023,4.891115
3601,1.012675,4.458764,-1.395048,4.780402
3602,-0.2640864,0.7202853,0.4105299,0.8701077
3603,-0.249822,1.454477,-0.09792129,1.479021
3604,-0.3293374,1.404712,0.255551,1.465259
3605,-0.6890242,0.3398611,0.1227171,0.7780228
3606,-0.6883741,0.3392628,0.1228349,0.7772043
3607,-0.2603501,0.7237078,0.4142821,0.873593
3608,-0.3198887,0.9896708,0.00457758,1.040095
3609,-0.7831562,0.6216459,-0.007096854,0.9999138
3610,0.2193787,1.086104,-0.003084134,1.108042
3611,-0.8157445,0.921483,0.09046844,1.233999
3612,-0.8770907,0.1863304,-0.06105759,0.8987409
3613,1.227812,-2.178588,4.329692,5
3614,0.1479247,-0.5282375,4.969817,5
3615,-0.3324831,4.88101,-1.032083,5
3616,1.320009,-4.767989,-0.7237781,5
3617,4.989802,0.2989447,-0.05348086,4.999035
3618,4.968372,0.195103,0.5225821,4.999588
3619,4.967109,0.1952247,0.5344146,4.999588
3620,4.722885,0.1144427,0.2542498,4.731108
3621,4.722867,0.1143025,0.2479023,4.730749
3622,4.950635,0.2722356,0.6395997,4.999199
3623,4.837307,0.2074508,0.04509528,4.841963
3624,3.656397,2.345996,-2.352123,4.940184
3625,4.262451,2.129217,1.515896,5
3626,2.865994,1.695251,1.014073,3.480825
3627,2.859289,1.69111,1.021038,3.475328
3628,3.433106,1.814847,1.560811,4.185214
3629,3.437343,1.813703,1.565745,4.190036
3630,2.382648,0.2642484,0.7645521,2.516223
3631,3.202815,1.457039,0.9297202,3.639419
3632,3.208141,1.456407,0.927876,3.643384
3633,4.291034,2.105264,1.467954,5
3634,2.325174,1.076462,4.293576,5
3635,0.1610458,1.085923,0.03299471,1.098296
3636,0.08238798,0.8484102,0.04446315,0.85356
3637,0.1825588,0.866605,0.03542506,0.8863333
3638,0.2514134,1.187489,0.03349876,1.214274
3639,0.2510028,1.187142,0.03346459,1.213849
3640,4.260933,0.7489529,2.506695,5
3641,3.719377,2.183056,2.403425,4.937201
3642,4.052098,-0.1892818,2.776971,4.915984
3643,4.05244,-0.1880922,2.776594,4.916007
3644,-1.916233,4.56561,-0.6951668,5
3645,0.5078671,3.994581,2.815816,4.913596
3646,4.982679,0.1616875,0.3794009,4.999718
3647,4.941103,0.09787211,0.2388992,4.947843
3648,4.721485,0.1404672,0.1445659,4.725785
3649,4.626116,0.1164154,0.1703863,4.630716
3650,4.817304,0.1437846,0.4043556,4.836382
3651,4.864383,0.09605919,0.1591761,4.867934
3652,4.98236,0.1616736,0.3835719,4.999718
3653,4.623006,0.1169788,0.176181,4.627841
3654,4.883503,0.6854382,-0.8255702,5
3655,4.88296,0.6878721,-0.8267619,5
3656,-2.575163,2.537872,-3.351406,4.929927
3657,3.539887,0.6549542,-3.46322,4.995364
3658,4.305656,2.160753,1.067296,4.934232
3659,4.141026,2.662747,0.8705757,4.999621
3660,4.38355,1.98741,1.354509,5
3661,4.382652,1.988749,1.355449,5
3662,4.274316,0.51305,2.376858,4.917565
3663,0.9745834,-2.220616,-4.372534,5
3664,2.420075,1.04902,4.247682,5
3665,2.419936,1.049231,4.247708,5
3666,1.028426,-1.554033,4.639754,5
3667,4.767869,0.139728,0.1264198,4.771592
3668,4.835405,0.1108276,-0.2230038,4.841813
3669,4.993623,0.1114075,0.2235462,4.999866
3670,4.700089,0.2032205,-0.4436395,4.725352
3671,4.711418,0.2361905,0.4019674,4.73443
3672,4.945432,0.3105476,-0.6601847,4.998958
3673,4.812849,0.2243382,-0.3401172,4.830064
3674,4.435876,1.644214,1.525617,4.970708
3675,4.534752,1.762043,0.3870045,4.880424
3676,4.533707,1.766432,0.3880913,4.881126
3677,4.949647,0.7074831,-0.02140861,5
3678,3.422882,1.737395,3.203956,5
3679,4.692712,0.5561821,-1.633742,5
3680,0.8286936,-4.872213,0.7581602,5
3681,-4.617399,-1.288108,-1.421409,5
3682,1.163454,-3.220164,3.643751,5
3683,4.888629,0.2499857,-0.445425,4.91524
3684,4.967908,0.1959922,-0.02809231,4.971852
3685,4.950939,0.2360247,-0.6339226,4.996935
3686,4.739746,0.2279581,-0.7753353,4.808149
3687,4.708853,0.329961,-0.234533,4.726223
3688,4.797388,0.2651598,-0.4266074,4.823612
3689,4.977929,0.2650087,-0.3773677,4.999241
3690,-1.61924,1.836212,4.317653,4.96344
3691,2.377147,0.08114456,4.398021,5
3692,-0.6647461,0.2359451,-0.0162538,0.7055648
3693,-0.6649465,0.2357528,-0.01383089,0.7056376
3694,-0.766942,0.07423887,-0.05490633,0.7724805
3695,-3.719348,1.808532,-2.809923,5
3696,4.008804,1.691804,0.3332694,4.363917
3697,4.163026,1.927678,0.0748261,4.588282
3698,4.715384,1.3786,0.9298433,5
3699,4.836774,0.7829378,0.06930254,4.900222
3700,4.658621,0.8195764,0.2342447,4.735961
3701,4.809591,-0.5779837,-1.238453,5
3702,-2.721823,-2.160345,-3.595078,5
3703,-0.9824157,-3.433117,-3.499795,5
3704,3.574742,0.1117265,-3.494101,5
3705,4.962145,0.2247189,-0.5610939,4.998821
3706,4.805585,0.2554328,-0.5144286,4.839786
3707,4.90399,0.1923821,-0.9538761,4.9996
3708,4.689532,0.2161994,-0.784304,4.759579
3709,4.962399,0.2247891,-0.5626906,4.999256
3710,4.689308,0.2162841,-0.7829975,4.759146
3711,4.797707,0.2555604,-0.5256019,4.833173
3712,4.604872,0.2727824,-0.4945205,4.639376
3713,4.715812,0.1370667,-1.132808,4.851899
3714,-2.188801,-4.493544,0.1311971,5
3715,-3.327592,3.355548,1.204578,4.876841
3716,-0.7621205,0.01969213,-0.005195101,0.7623926
3717,-0.7103853,0.1946035,-0.06465844,0.7393906
3718,-0.9420683,-0.1083909,-0.01487722,0.9484
3719,-0.7818791,-0.2363878,-0.02511686,0.8172178
3720,-0.5669397,0.03208586,-0.0001807806,0.5678469
3721,-0.7927911,-0.2512565,-0.00713066,0.8316841
3722,-0.7543851,0.2035018,-0.04395403,0.7825866
3723,-0.5601192,0.03433597,-0.001856125,0.5611737
3724,-4.152514,2.727267,-0.5644844,5
3725,4.921066,0.8616283,-0.2017668,5
3726,4.346092,1.57301,0.4458833,4.643456
3727,4.235966,1.19418,0.2051358,4.405855
3728,4.905072,0.9560413,0.1620358,5
3729,4.87089,1.111802,0.1957761,5
3730,4.870884,1.111726,0.1963588,5
3731,4.529049,2.059635,0.4955994,5
3732,4.758983,1.480855,0.398935,5
3733,4.887559,1.042901,-0.1553296,5
3734,0.8415154,2.471946,4.263958,5
3735,-0.3523279,4.258829,-2.595813,5
3736,-3.537658,-3.113363,-1.670913,5
3737,1.690336,0.2375932,-0.4673075,1.769764
3738,3.125145,0.1487963,-1.288849,3.383756
3739,3.203928,0.07250994,-0.3975868,3.229317
3740,4.090973,0.2057633,-1.184108,4.263862
3741,3.577669,0.1978816,-0.5998113,3.632994
3742,3.420226,0.175569,-0.5404033,3.467103
3743,2.555493,0.08597139,-1.16419,2.809497
3744,1.297257,-4.021799,-2.6725,5
3745,0.8508698,3.696323,-3.022777,4.850151
3746,-0.1705936,1.122285,0.01579721,1.135287
3747,-0.1888666,1.235552,0.02589267,1.250172
3748,-0.17563,1.132516,0.01578616,1.146162
3749,-0.186799,1.238738,0.02600453,1.253013
3750,4.813209,0.8073807,0.1803414,4.883786
3751,4.563857,1.707915,-1.119927,5
3752,4.179999,1.538168,0.210556,4.459001
3753,4.964775,0.5649476,0.1784448,5
3754,4.705245,1.655213,0.3477564,5
3755,4.960973,0.6111411,-0.1234907,5
3756,4.947605,0.7204406,0.04657984,5
3757,2.024857,-3.532509,-2.901953,5
3758,1.311378,0.1677991,0.6191674,1.459876
3759,2.255296,0.1219304,-0.09406081,2.260548
3760,1.206587,0.2725203,1.007938,1.595637
3761,1.315454,0.1678004,0.6192453,1.463572
3762,0.9928154,0.2735794,0.9933831,1.430852
3763,1.501729,0.1677115,0.6733871,1.654317
3764,1.49237,0.1676244,0.6730608,1.645684
3765,-1.549411,0.076594,4.753257,5
3766,1.787998,4.371268,0.7545093,4.782698
3767,0.04310836,4.749753,-0.02728985,4.750027
3768,2.156826,-4.061766,1.864072,4.962319
3769,0.009220923,4.244045,2.13319,4.75
3770,0.01364386,4.514708,1.476397,4.750002
3771,4.94326,0.7111846,-0.2416638,5
3772,4.86044,1.112019,-0.3735396,5
3773,4.980187,0.1517004,-0.02425658,4.982556
3774,4.556988,0.1931986,0.07640351,4.561722
3775,4.778571,1.463714,-0.1510001,5
3776,4.840759,1.066808,-0.6549555,5
3777,4.840497,1.067744,-0.655365,5
3778,4.974797,-0.4785724,-0.14955,5
3779,4.97907,-0.2502806,-0.3823909,5
3780,3.584184,1.493744,3.149976,5
3781,-4.252668,-0.8688049,-2.481932,5
3782,-1.697153,3.81111,-2.755923,5
3783,4.226958,-0.2942772,2.369079,4.854514
3784,4.231933,0.8556777,0.3600141,4.332557
3785,4.94543,0.5705317,-0.4660673,5
3786,4.945346,0.5748428,-0.4616339,5
3787,4.937783,0.5419425,-0.5697351,5
3788,-3.813434,-2.669203,1.825672,5
3789,4.46751,0.4756166,-0.2884411,4.502006
3790,4.453207,0.5433196,-0.29282,4.495775
3791,4.513054,0.506067,-0.5926852,4.579852
3792,4.18863,1.291831,-0.5341649,4.415742
3793,3.940223,0.51542,-0.1837326,3.978036
3794,4.460268,1.383422,-0.2651359,4.677408
3795,4.752359,1.361197,-0.7498163,5
3796,4.619571,0.7557161,-0.5238632,4.710199
3797,4.116213,0.8383967,-0.2266517,4.206839
3798,4.432528,-1.36848,1.865463,5
3799,-4.561584,0.2619199,2.030602,5
3800,0.2196686,0.9645137,0.10662,0.9949416
3801,4.99839,-0.09300609,0.08628067,5
3802,-0.8818389,4.198048,-2.568804,5
3803,3.658245,0.9479746,-0.1628581,3.782583
3804,3.461478,0.4018979,-0.1730728,3.489026
3805,3.503841,1.125469,-0.01484096,3.680191
3806,4.007578,0.6138591,-0.3240726,4.067251
3807,4.035134,0.6543031,-0.2853904,4.097788
3808,3.747858,1.004847,-0.05633787,3.880635
3809,4.374027,0.8026507,-0.1881306,4.451039
3810,3.916824,1.196673,-0.1636234,4.098818
3811,4.120972,0.534748,-0.2669671,4.164089
3812,3.10878,3.726948,1.202225,5
3813,4.761115,-1.13132,-1.025624,5
3814,-0.3516268,1.059743,-0.01309595,1.116632
3815,-0.4094557,1.019853,0.01502952,1.099081
3816,-0.5235551,0.96407,0.02524932,1.097351
3817,-0.3743686,0.9598104,0.01367316,1.030328
3818,-0.4389454,1.086102,0.03311745,1.171916
3819,3.765173,2.747725,0.9566753,4.758335
3820,3.774947,2.748892,0.9535466,4.766118
3821,4.357378,2.37705,0.6024066,5
3822,4.06009,2.572432,0.7636262,4.866709
3823,3.837084,0.8026671,3.103629,5
3824,2.380133,-0.1225603,0.2870637,2.400512
3825,2.46351,0.2165252,0.2260331,2.483315
3826,2.466009,0.2262998,0.2258583,2.486649
3827,2.792485,0.6601248,0.2379633,2.879299
3828,3.245372,0.9507169,0.3812278,3.40318
3829,-0.9208548,-1.740595,-4.595906,5
3830,3.338,-0.5280816,3.500706,4.865805
3831,1.988145,-3.275544,3.051569,4.898365
3832,4.417718,-1.221912,-1.997674,5
3833,3.558418,1.786326,0.6425504,4.033134
3834,3.885523,2.287126,0.7987864,4.578897
3835,3.948951,2.12877,0.8723431,4.570214
3836,3.853193,2.041989,0.5998057,4.401884
3837,4.459162,2.21932,0.4364537,5
3838,3.764537,2.185443,0.7210478,4.412234
3839,3.967901,2.466602,0.4509664,4.693797
3840,4.630895,1.881754,0.117539,5
3841,4.458762,2.218709,0.443589,5
3842,3.860766,2.384989,0.1784961,4.541536
3843,2.271291,-1.624358,-4.147614,5
3844,4.810399,-0.6353322,1.206821,5
3845,0.6832756,0.632259,-0.5131103,1.062967
3846,0.6745703,0.6317992,-0.5049852,1.053198
3847,1.782598,2.465876,2.274813,3.799076
3848,1.783826,2.463825,2.274487,3.798126
3849,3.648587,1.937538,0.4769792,4.158575
3850,3.477124,1.701049,0.4221547,3.893863
3851,3.482097,1.699613,0.4249834,3.897986
3852,3.798835,1.362177,0.1578008,4.038759
3853,3.898673,1.853598,0.4550362,4.340799
3854,1.307356,3.705538,-3.091894,5
3855,0.9504169,4.446359,-2.080047,5
3856,-1.229723,-2.481871,4.162704,5
3857,1.007223,4.03879,2.636208,4.927059
3858,1.005042,4.042654,2.637607,4.930531
3859,0.2481657,3.482507,3.381464,4.860425
3860,3.375099,1.272489,0.4230612,3.631736
3861,3.46373,1.148715,0.3060494,3.662054
3862,3.536183,1.251675,0.5210884,3.787191
3863,3.459836,1.741205,0.5011814,3.905566
3864,3.81076,1.223832,0.35952,4.018571
3865,3.588144,1.365033,0.5499237,3.878209
3866,3.703524,1.437517,0.4572266,3.99895
3867,3.459888,1.741608,0.5011975,3.905793
3868,3.834009,1.425833,0.0579478,4.090964
3869,4.102376,1.034091,-0.05557544,4.231067
3870,4.338161,1.779155,0.3953472,4.705458
3871,4.238298,1.570326,-0.1297891,4.521719
3872,-1.349047,-4.657403,-1.220109,5
3873,4.936993,0.5732539,-0.5454193,5
3874,-0.5297459,1.118022,-4.844522,5
3875,0.6859751,3.845436,1.68775,4.255167
3876,3.629505,1.324768,0.1952277,3.868647
3877,3.938949,0.9785526,-0.07743087,4.059418
3878,3.847653,1.304973,0.1718813,4.066563
3879,4.057781,1.390062,0.03976689,4.289457
3880,3.4801,1.295965,-0.03168282,3.713708
3881,3.524976,1.269867,0.1790414,3.75101
3882,4.124647,1.223063,-0.07738688,4.302858
3883,4.125966,1.217266,-0.07939243,4.302515
3884,3.837199,1.362557,0.1207161,4.073724
3885,3.538266,0.9606542,-0.07480446,3.667121
3886,-3.396005,-0.68229,3.605777,5
3887,4.763891,0.1598487,-1.509898,5
3888,-0.4716142,0.6739792,-0.01367269,0.8227119
3889,-0.3094805,0.6967811,0.01857619,0.7626448
3890,-0.3977305,0.7900167,-0.01383547,0.8845944
3891,-0.4597437,0.540398,-0.01513023,0.7096642
3892,-0.4010383,0.7887955,0.004703913,0.8849024
3893,-0.2191373,0.8739272,-0.001590495,0.9009842
3894,-0.1451971,1.750123,4.681451,5
3895,-0.3400751,-4.600636,1.928339,5
3896,4.485064,-1.755208,1.342926,5
3897,0.5545909,4.72205,1.017552,4.862175
3898,0.6668812,1.541921,4.709326,5
3899,0.6600615,1.54543,4.709136,5
3900,0.3011751,-1.404615,4.789191,5
3901,1.660452,1.006175,4.607658,5
3902,3.828123,0.7418461,0.2209256,3.905595
3903,2.586166,0.9007968,0.0753628,2.739593
3904,2.666352,1.048615,0.1024609,2.866971
3905,3.004235,0.9252284,0.1288114,3.14612
3906,3.267835,1.087458,0.1891458,3.449215
3907,2.601761,0.9863068,0.13363,2.785645
3908,-0.4808929,-2.792345,3.913671,4.831695
3909,1.450826,-4.539575,1.436782,4.977648
3910,0.02200343,4.720293,1.648741,5
3911,-0.5415061,1.439247,4.73746,4.980782
3912,0.9597878,0.04930232,1.297003,1.614262
3913,1.190991,-0.103331,0.7944643,1.435378
3914,1.073345,-0.1805897,0.8061591,1.354465
3915,1.183745,0.01689655,1.206797,1.690532
3916,0.9630187,0.05004662,1.296437,1.615753
3917,1.199469,-0.1034162,0.7968254,1.443728
3918,3.803593,-1.294267,2.976164,5
3919,-0.5088381,4.838938,-1.151417,5
3920,1.635016,-0.08319997,4.724383,5
3921,1.702598,-0.168539,4.698165,5
3922,-1.390489,2.355876,4.185259,5
3923,-1.159846,0.2652584,4.856377,5
3924,4.233984,0.9175931,2.496278,5
3925,3.989136,0.5137835,-2.970324,5
3926,-0.9209188,3.156285,3.655934,4.916918
3927,1.229669,0.04346886,0.8998169,1.524351
3928,1.130813,0.03307947,0.9872718,1.501512
3929,1.210971,0.2859161,0.8862572,1.527629
3930,1.129248,0.1774229,0.90206,1.456157
3931,1.125243,0.1805184,0.9050589,1.455297
3932,1.133381,0.0301316,0.9839528,1.501207
3933,1.288396,-0.1196815,0.6873468,1.465173
3934,1.214194,0.2853335,0.8857785,1.529799
3935,-2.181575,4.248005,1.481615,5
3936,0.1838185,-4.827788,1.287895,5
3937,-2.010797,4.156674,1.918009,5
3938,-1.912732,4.604956,0.3685659,5
3939,2.366787,-3.808888,2.211491,5
3940,2.313704,-0.6763148,4.380568,5
3941,4.338789,-0.8547091,2.333319,5
3942,-2.164421,1.733563,-4.154236,4.994761
3943,1.468561,0.1801704,0.7634823,1.664944
3944,1.395383,0.4388801,0.6935334,1.618857
3945,1.196959,0.137563,0.9469183,1.532413
3946,1.036876,-0.01103292,0.7671013,1.289837
3947,1.399846,0.3871053,0.6352701,1.58524
3948,1.399656,0.3874374,0.635272,1.585155
3949,1.200344,0.137207,0.94517,1.533948
3950,-3.412358,-2.304707,2.836219,5
3951,-1.96972,-4.31253,-1.588172,5
3952,2.888197,3.259026,2.457046,5
3953,2.298876,2.148481,3.885769,5
3954,-0.1289825,0.01179163,1.243075,1.249804
3955,-0.2529001,0.3195863,-0.07773191,0.4148929
3956,-0.1287224,0.04793069,1.100157,1.108699
3957,-0.3061153,0.1389021,-0.2074306,0.3950036
3958,0.7463068,4.92749,0.4035673,5
3959,-0.4174014,4.595026,1.926529,5
3960,4.415335,2.232409,0.7219185,5
3961,4.147933,2.787715,-0.1526305,5
3962,1.641864,-0.0575873,0.7352136,1.799881
3963,1.475191,0.05471092,0.8321074,1.694575
3964,1.423493,-0.1228455,1.056944,1.777232
3965,1.387586,0.08688039,0.3998665,1.446664
3966,1.642118,-0.0578151,0.7353795,1.800188
3967,1.360373,0.6326725,0.8733656,1.735989
3968,1.427361,-0.117199,1.064916,1.784696
3969,1.606639,-0.2179532,0.7493976,1.786166
3970,1.546975,-0.02380861,0.7194588,1.706259
3971,-0.1961498,4.844556,1.221391,5
3972,1.077738,-0.8395121,4.809751,5
3973,-1.008577,2.579172,4.163009,5
3974,4.609411,-1.397766,-1.341483,5
3975,0.002887001,1.205591,4.852478,5
3976,2.953584,-3.181972,2.480201,5
3977,-0.2077465,3.482921,3.581355,5
3978,-0.2299517,0.0187814,0.9167835,0.945369
3979,-0.1182118,0.1127125,0.6317082,0.6524825
3980,0.5077029,0.0913536,0.5575467,0.7595828
3981,0.5069454,0.0669248,0.555219,0.7548117
3982,-0.2300692,0.01877699,0.9160157,0.944653
3983,-0.1183637,0.04515934,0.6319988,0.644571
3984,-1.496633,-0.1904015,4.766953,5
3985,-1.496031,-0.1830399,4.76743,5
3986,3.049763,2.091305,-0.01256973,3.697941
3987,1.843072,1.544818,-0.0293182,2.405044
3988,1.838178,1.549725,-0.007407695,2.404288
3989,2.712724,1.599462,0.007978987,3.149161
3990,2.716722,1.599789,0.00737569,3.15277
3991,-0.6495779,2.772376,-4.109985,5
3992,-0.3875042,0.7864251,4.676411,4.757882
3993,-1.649856,2.278635,3.926822,4.830542
3994,-0.9232258,4.23717,-2.488784,5
3995,-0.08129723,3.566431,3.32825,4.878861
3996,1.589183,4.557483,-1.305315,5
3997,-2.823498,0.133624,-4.124319,5
3998,1.790171,0.03830979,0.4720019,1.851747
3999,1.791268,-0.08533202,0.6183744,1.896921
4000,1.849158,0.003366709,0.7556748,1.997608
4001,1.791439,-0.08464608,0.6182777,1.897021
4002,1.787741,-0.09062307,0.7871769,1.955474
4003,1.524027,0.2129325,1.128529,1.908291
4004,1.887169,0.01841383,0.6239163,1.987717
4005,1.790279,0.03875565,0.4725849,1.852009
4006,1.556546,-0.03723324,0.2717744,1.580532
4007,1.669539,-0.1317445,0.716714,1.821646
4008,1.669436,-0.1314511,0.7165281,1.821458
4009,1.577729,-0.09014993,0.7491598,1.748884
4010,1.571225,-0.09332346,0.755655,1.745988
4011,-1.997563,1.101842,4.449234,5
4012,3.99085,2.234404,2.020038,5
4013,3.905283,-2.440157,1.947921,5
4014,1.619212,-1.340514,4.536648,5
4015,1.552421,-4.6602,-0.9340903,5
4016,4.061211,-2.913271,0.1393702,5
4017,-0.09570671,0.1131623,0.7246918,0.7396916
4018,-0.09381472,-0.005404215,0.7262607,0.7323148
4019,-0.03196369,0.5144963,0.3687535,0.6338038
4020,-0.08155197,-0.08345833,0.1994556,0.2310813
4021,-0.03208521,0.5197514,0.3690846,0.6382746
4022,-0.08160964,-0.08866161,0.1979381,0.2317337
4023,0.3453467,-1.211401,4.838723,5
4024,-3.093593,-1.514332,3.624429,5
4025,-3.770107,1.150264,3.076229,5
4026,0.4461759,-3.759895,3.265597,5
4027,-2.195063,-2.243719,3.89197,5
4028,-0.1446052,2.20194,4.486708,5
4029,1.739309,0.6991581,0.7771825,2.029293
4030,1.409759,-0.2241734,1.042347,1.76753
4031,1.26266,-0.4249313,0.5331834,1.434978
4032,1.740269,0.7004862,0.7716296,2.028455
4033,2.12761,-0.02253585,1.089893,2.390628
4034,1.600501,0.6201795,0.7950424,1.891645
4035,1.376271,-0.1446385,1.089421,1.761216
4036,2.126879,-0.02219602,1.089245,2.389678
4037,1.671948,0.2077119,0.5064892,1.759285
4038,3.616415,-0.3310029,3.436856,5
4039,1.889228,2.660287,-3.788626,5
4040,1.584151,4.201643,2.199242,5
4041,0.01075436,4.757777,-1.537351,5
4042,4.510685,-0.9000691,-1.96051,5
4043,1.626654,-2.157836,4.206869,5
4044,-0.07219709,0.03197121,0.4362292,0.4433176
4045,-0.09818926,0.02514216,0.01987753,0.1032878
4046,-0.07106732,0.0348767,0.4275739,0.4348406
4047,-0.04482729,1.288619,0.8438014,1.540957
4048,-0.04470723,1.288963,0.8432544,1.540942
4049,-2.623657,-0.967626,4.144891,5
4050,0.5353492,-3.01148,3.955299,5
4051,-2.521808,0.4560512,4.293309,5
4052,-4.255225,-0.8041641,2.499277,5
4053,0.1224477,-2.099926,-4.536002,5
4054,1.736567,0.2395454,0.6266922,1.861663
4055,2.081891,-0.1999786,0.5186785,2.154829
4056,1.737025,0.2393024,0.626754,1.86208
4057,2.064045,0.002281009,0.7599678,2.199509
4058,1.865171,0.5669966,0.8809609,2.139261
4059,2.041992,-0.3664522,0.6699798,2.180113
4060,1.979107,-0.3135509,0.5479942,2.077373
4061,1.980477,-0.3120307,0.5496083,2.078875
4062,2.205433,0.1413607,0.8576506,2.370545
4063,2.064041,0.002974467,0.755757,2.198055
4064,1.883394,-0.2790353,0.8249317,2.074981
4065,2.037648,0.2695917,0.5850369,2.137044
4066,2.038432,0.2703609,0.5845619,2.137759
4067,3.212453,0.08396365,3.830547,5
4068,2.763023,-0.7068344,-4.106834,5
4069,-0.06244098,0.1635432,1.058107,1.07249
4070,-0.0911682,0.02660101,1.355565,1.358887
4071,-0.09043173,0.02751235,1.350751,1.354054
4072,-2.881595,3.461434,-2.171378,5
4073,0.7447361,-2.297246,-4.37813,5
4074,0.5022562,4.448328,-2.227131,5
4075,1.555238,-1.675427,4.446816,5
4076,0.2406255,0.9549996,4.902048,5
4077,3.857333,-0.4223965,3.153184,5
4078,4.336486,2.104124,1.329494,5
4079,-1.417236,2.72062,-3.948375,5
4080,1.985553,-0.2894022,0.7693344,2.148964
4081,2.285769,-0.1391044,0.637535,2.377086
4082,2.272725,-0.2116895,1.066144,2.519276
4083,2.0388,0.5540399,0.4538422,2.160934
4084,2.362573,-0.3306167,0.6050503,2.461127
4085,1.718264,-0.2707614,0.836422,1.930115
4086,1.669919,1.160427,0.7080613,2.15327
4087,1.903227,-0.2275835,0.7554173,2.060272
4088,1.750095,0.4910933,0.7471299,1.96525
4089,2.273002,-0.2030871,1.070768,2.520779
4090,-3.822366,3.118779,0.8140825,5
4091,4.60379,1.930423,-0.2803245,5
4092,-0.6028472,-1.189799,4.818813,5
4093,0.1288166,-4.656359,1.817067,5
4094,4.601401,-1.89527,-0.48483,5
4095,1.936544,-4.505275,-0.975854,5
4096,-0.08209531,0.03444773,1.131738,1.135234
4097,-0.1096918,-0.03363756,0.9863267,0.9929774
4098,-0.1102573,0.02231312,0.993935,1.000281
4099,-0.09640024,0.05718629,0.8610818,0.8683462
4100,-0.08241424,0.005995079,1.136021,1.139023
4101,0.2914799,-0.02613585,1.546465,1.573911
4102,0.2907343,-0.02043896,1.54171,1.569017
4103,-1.064167,-0.1014769,0.4221055,1.149314
4104,-1.062836,-0.08586418,0.4225986,1.146988
4105,-1.062905,-0.105426,0.4229471,1.148811
4106,0.3269094,-4.571617,-1.998361,5
4107,0.6869148,0.08032724,4.951938,5
4108,2.825415,-4.039322,-0.8372008,5
4109,0.1000061,2.299611,0.01321285,2.301822
4110,0.09984077,2.29911,0.002522764,2.301278
4111,-2.162214,1.335934,-0.01897478,2.541702
4112,-2.262847,0.6486371,-0.03930603,2.354305
4113,-0.1179094,2.639901,0.0483582,2.642976
4114,-0.1206793,2.637589,0.04888115,2.640801
4115,-4.472065,0.7633569,1.996791,4.956738
4116,0.1298756,1.766666,4.4419,4.782097
4117,1.946857,0.1853135,0.737413,2.090065
4118,1.883685,-0.4663636,0.3320862,1.968768
4119,1.859073,-0.4364567,0.8336796,2.083667
4120,2.418657,0.4614105,0.9764423,2.648818
4121,1.629144,0.9631233,1.039048,2.159013
4122,2.361935,0.1931936,0.8700026,2.524473
4123,0.670831,-0.06171372,0.2115301,0.7060934
4124,2.104971,0.2245715,0.6069098,2.202198
4125,2.36097,0.19493,0.8702091,2.523775
4126,1.876161,0.6900302,0.803608,2.154508
4127,-4.378874,2.412022,-0.08722736,5
4128,-4.31181,-2.529318,-0.1041329,5
4129,1.277731,3.838586,2.938139,5
4130,-0.05911011,1.248733,1.317317,1.816082
4131,-0.05917617,1.251535,1.315272,1.81653
4132,-0.123922,-0.01075968,0.8476679,0.8567458
4133,-0.1001524,0.02855652,0.3571997,0.372072
4134,-0.1234427,-0.01123604,0.8470544,0.8560756
4135,0.5477582,0.06486892,1.934862,2.011949
4136,0.364142,-0.0136089,1.699365,1.737995
4137,-1.177935,-0.0326275,0.4827813,1.273449
4138,-1.116129,-0.08910683,0.5571203,1.250626
4139,-1.181004,0.04665479,0.482474,1.276608
4140,-1.030321,0.1402293,0.602088,1.201556
4141,-1.118442,-0.1031018,0.5558631,1.253206
4142,-0.9960634,0.06186872,0.6540044,1.193186
4143,-1.030734,0.09331491,0.6016747,1.197135
4144,1.773562,0.7959827,0.7180738,2.072376
4145,1.769365,0.7927651,0.7170801,2.067204
4146,4.074416,-1.286255,2.597052,5
4147,2.306351,-3.078575,3.194232,5
4148,-4.961555,-0.4002109,0.4720246,5
4149,-0.1506495,-2.872403,-4.089817,5
4150,2.096513,0.290919,0.2801189,2.135057
4151,1.978027,-0.3554021,0.3135708,2.034018
4152,2.324831,-0.08356239,0.4879128,2.376948
4153,2.225113,0.003191202,0.2456754,2.238636
4154,1.959701,0.2998475,0.1989399,1.992464
4155,1.973489,-0.3524085,0.3119259,2.028829
4156,1.978871,-0.1205077,0.4854412,2.041105
4157,2.139574,0.608479,0.551001,2.291642
4158,1.929877,0.002091465,0.4950207,1.992355
4159,2.35171,-0.3320867,0.1144026,2.377795
4160,1.625504,0.07846308,0.3937228,1.674347
4161,2.400226,0.03354758,0.3820445,2.430672
4162,2.254992,0.3207266,0.3786696,2.308949
4163,2.397044,0.04236572,0.3822882,2.427706
4164,4.70384,0.4199756,-1.64241,5
4165,1.833101,1.591645,-4.371088,5
4166,-0.1028168,0.01067384,1.489662,1.493244
4167,-0.1025626,-0.03686425,1.486186,1.490177
4168,-0.1223978,0.03871956,1.682513,1.687403
4169,-0.1234467,0.03698794,1.684622,1.689544
4170,-0.9355317,-0.01753155,0.7906221,1.224994
4171,-0.9948229,0.1134937,0.6587135,1.198523
4172,-0.8829593,-0.1212477,0.7269596,1.150125
4173,-0.8800806,-0.1142649,0.7272734,1.147399
4174,-0.7669145,-0.00745187,0.7347402,1.0621
4175,-0.8011544,0.1206299,0.6930231,1.066152
4176,-1.011217,-0.09813053,0.5801054,1.16992
4177,-0.9070358,0.002296984,0.5729232,1.072828
4178,2.065169,0.9665281,0.5585544,2.347569
4179,1.748125,1.198945,0.7469478,2.247519
4180,1.642943,1.125742,0.9553351,2.208896
4181,1.697972,1.279211,0.7356735,2.249601
4182,2.206101,0.8764098,0.4901235,2.423881
4183,0.8031283,3.976257,-2.923075,5
4184,1.186757,-3.339067,3.527356,5
4185,-1.546164,3.661884,-3.033147,5
4186,2.430874,0.1327824,0.2240213,2.444784
4187,1.896237,0.2440151,0.1695306,1.919375
4188,2.002289,-0.03174615,0.2782074,2.021774
4189,1.98765,-0.09522513,0.1507458,1.995631
4190,1.860499,0.5829167,0.04295337,1.950152
4191,1.804037,0.1010267,-0.06050194,1.807877
4192,1.923628,0.2660529,0.08908339,1.943982
4193,1.928891,-0.02214457,0.3003527,1.95226
4194,1.930336,-0.02165611,0.2992064,1.953507
4195,2.140561,-0.0691736,0.1384684,2.14615
4196,-1.080908,-4.874121,0.2730917,5
4197,-0.790177,-4.180594,2.626453,5
4198,4.627085,-1.606914,1.00395,5
4199,-0.1123208,0.7591463,1.53805,1.718871
4200,-0.1112366,0.7722433,1.53794,1.724527
4201,-0.1313034,-0.08763398,1.452787,1.461338
4202,-0.1029819,0.03373305,1.262178,1.266821
4203,-0.1314707,-0.09779059,1.452312,1.461526
4204,-0.8416931,0.0765965,0.7102541,1.103981
4205,-0.665138,-0.02724912,0.9457179,1.156518
4206,-0.6750853,0.008308254,0.8442461,1.081
4207,-1.123347,-0.01243082,0.903051,1.441375
4208,-0.6655386,0.04341689,0.9453673,1.156955
4209,2.114821,0.05514153,-1.97802,2.896217
4210,2.114907,0.05110764,-1.977122,2.895593
4211,2.110405,0.05667746,-1.971943,2.888872
4212,2.036317,0.7618455,0.6702517,2.275133
4213,1.856872,1.20362,0.5565321,2.281754
4214,2.204454,1.126256,0.5107378,2.527632
4215,2.219863,0.9346453,0.6936307,2.506487
4216,1.872829,0.9627584,0.5621706,2.179548
4217,2.0796,0.7620143,0.6557612,2.309854
4218,1.865206,1.235943,0.7167686,2.349533
4219,1.648089,0.7296551,0.7844659,1.965701
4220,2.16466,0.8596388,0.4886245,2.379807
4221,2.219916,0.9342488,0.6935637,2.506368
4222,1.771848,0.9622461,0.806864,2.171725
4223,4.40612,-0.6181863,2.281217,5
4224,-2.843627,-0.5451732,-4.076343,5
4225,-0.9296975,-3.975166,2.886818,5
4226,-4.214649,-2.347955,1.312952,5
4227,2.154514,0.644205,-0.01782242,2.248832
4228,2.172177,0.01708364,0.1740421,2.179205
4229,1.616911,-0.2192176,0.009012979,1.631728
4230,1.926343,0.2035073,0.1517911,1.943001
4231,2.156567,0.01361026,0.2167801,2.167478
4232,1.829661,-0.3933095,0.3474741,1.903442
4233,1.66951,0.4676154,-0.1540141,1.740588
4234,1.80406,-0.130427,0.4097839,1.854607
4235,1.782787,-0.05440306,0.18321,1.793001
4236,1.995371,0.1271981,0.2599986,2.016255
4237,1.6416,0.580632,0.505194,1.813065
4238,2.179122,-0.2968315,0.2163516,2.209862
4239,2.439679,-4.209562,-1.152197,5
4240,1.520301,-3.838988,2.819726,5
4241,-1.177743,-1.345542,4.669308,5
4242,4.729416,-1.190788,1.102112,5
4243,-3.081964,3.857708,-0.7871361,5
4244,0.2950669,-3.372636,3.679438,5
4245,0.1746672,0.02568643,1.927765,1.935833
4246,-0.1501179,0.04158548,1.58364,1.591282
4247,0.3649209,-0.02823038,1.986706,2.02014
4248,-0.1514702,0.0384667,1.583958,1.591648
4249,0.1148922,0.03799633,2.15406,2.157456
4250,-0.1507906,-0.02641288,1.467022,1.474988
4251,-0.1645959,0.004629767,1.465769,1.474988
4252,-0.09732921,4.591375,-1.799427,4.932355
4253,-0.490248,-0.005515202,1.060109,1.167991
4254,-0.4947541,-0.08765949,1.083623,1.194447
4255,-0.2718014,0.01447285,1.052217,1.086851
4256,-0.2763669,-0.0007675888,1.055779,1.091352
4257,-0.4874888,0.03035069,1.057785,1.165108
4258,-0.4961273,-0.08811263,1.074983,1.187221
4259,2.293203,0.01374133,-1.970079,3.023273
4260,2.081501,0.06028123,-1.918253,2.83125
4261,2.081249,0.05411987,-1.917772,2.830614
4262,2.087441,-0.07038151,-1.963604,2.866724
4263,2.289992,0.0140375,-1.96835,3.019712
4264,2.109243,0.7905797,0.4040141,2.288482
4265,1.945499,1.039594,0.5821172,2.281355
4266,1.976428,1.242351,0.6263807,2.417035
4267,1.996922,0.7486368,0.256694,2.148034
4268,1.704575,1.006165,0.7331808,2.110805
4269,1.663635,1.219382,0.5294865,2.129537
4270,1.663997,1.217305,0.5308101,2.128962
4271,-3.018407,-2.528389,3.081634,5
4272,4.955144,0.5116571,0.4298321,5
4273,2.237698,1.145031,-4.322223,5
4274,4.807805,-1.120639,-0.7932043,5
4275,-0.7644878,4.878041,0.7875805,5
4276,-1.871997,3.895381,2.514286,5
4277,-0.1767027,4.33363,-2.487654,5
4278,-0.7097401,2.788007,4.089412,5
4279,1.312831,-0.3547248,0.09529026,1.363244
4280,1.706571,-0.09868029,-0.24382,1.726723
4281,1.661162,0.1276748,0.1206299,1.670423
4282,1.412381,0.001171104,0.1922023,1.4254
4283,1.59246,-0.02437535,-0.1458671,1.599313
4284,1.915825,0.34389,-0.2293445,1.959909
4285,0.8855727,-0.2347061,0.1026608,0.9218813
4286,1.659119,0.127706,0.1192221,1.668292
4287,1.707409,0.2835974,0.141176,1.736549
4288,1.204777,-0.4729034,-0.01956959,1.294414
4289,1.648164,-0.4153411,-0.0003310816,1.699692
4290,1.689239,0.1617263,-0.04085196,1.697455
4291,1.598029,-0.02606175,-0.1485966,1.605135
4292,1.76503,-0.1700947,0.2594106,1.792082
4293,1.765606,-0.1706973,0.2616437,1.79303
4294,1.085171,-1.302708,-4.70376,5
4295,0.984219,-4.651269,-1.548228,5
4296,-1.071415,-4.880442,-0.1826278,5
4297,-1.399091,1.113909,-4.669235,5
4298,-1.286918,-2.987987,-3.796811,5
4299,-3.294375,3.523236,1.316779,5
4300,-2.105215,0.1539622,0.005610767,2.110845
4301,-2.104772,0.1562721,-0.01135848,2.110595
4302,-0.1637565,0.009685075,1.427771,1.437163
4303,-0.1705507,-0.04867661,1.415689,1.426756
4304,0.1434359,0.01841496,2.219006,2.223714
4305,-0.1705691,-0.05134785,1.416419,1.427576
4306,-0.1820583,0.02920673,1.367082,1.37946
4307,-0.1820354,0.02920539,1.374735,1.387042
4308,-0.3484176,0.01251667,1.197179,1.246912
4309,-0.2423105,0.02499647,1.16581,1.190988
4310,0.1203243,0.06896411,1.256135,1.263768
4311,-0.3483094,0.01454323,1.198488,1.24816
4312,0.1597486,0.5092652,1.460704,1.555161
4313,0.1599852,0.5073444,1.459286,1.553225
4314,0.1312052,-0.09112073,1.247624,1.257809
4315,-0.2370066,0.01591766,1.16579,1.189744
4316,2.264862,1.084947,0.706172,2.608714
4317,2.340967,0.7957054,0.4375098,2.510914
4318,2.075414,1.24545,0.3594596,2.446977
4319,2.039344,0.4635485,0.4284042,2.134791
4320,2.062157,0.1854588,0.4522721,2.119301
4321,1.843573,0.7247055,0.631856,2.079231
4322,2.258833,1.225011,0.4422897,2.607413
4323,2.256968,1.22546,0.4423385,2.606016
4324,2.286654,2.241351,-3.840255,5
4325,-1.542722,-3.465305,3.257556,5
4326,-2.336382,-0.1811814,4.416842,5
4327,-4.969061,0.5552374,0.01208422,5
4328,-4.961276,0.6209115,0.01452895,5
4329,-4.369449,0.7181235,2.322116,5
4330,-2.498207,3.083855,-3.041185,5
4331,-4.401723,0.3490134,2.345854,5
4332,-3.188916,1.674343,-3.468053,5
4333,-1.386392,3.360176,3.43324,5
4334,0.8848204,0.1366606,0.2201917,0.9219911
4335,0.9036224,0.1707985,0.2287687,0.9476501
4336,0.9031653,0.171857,0.2285034,0.9473416
4337,0.9697547,0.04511889,0.1900455,0.9892306
4338,0.8850912,0.1327351,0.2203419,0.9217134
4339,1.308456,-0.2165415,0.195435,1.340576
4340,2.099951,1.142028,-4.391581,5
4341,2.847427,-3.915298,1.250041,5
4342,3.72918,-3.073915,1.28229,5
4343,1.611505,-3.947099,2.481567,4.933022
4344,-0.4252354,-3.837531,3.01803,4.900609
4345,2.13196,-3.454181,2.773509,4.916195
4346,0.5734246,-4.849518,1.073946,5
4347,1.2864,-4.580815,1.536656,5
4348,-0.09940962,0.005965468,2.095784,2.098149
4349,-0.05614284,0.001856536,2.299535,2.30022
4350,-0.2382102,0.03510929,1.318349,1.340157
4351,-0.238129,0.03509597,1.329842,1.35145
4352,-0.2027369,-0.003828812,1.313228,1.328791
4353,0.02092594,0.02960238,2.286785,2.287072
4354,-0.2028511,-0.00399859,1.328007,1.343417
4355,1.341586,0.03146018,1.212963,1.808901
4356,0.9244726,0.04977372,1.490646,1.754751
4357,1.349559,0.0377703,1.22278,1.821518
4358,1.128896,0.0948633,1.977484,2.279001
4359,1.128025,0.1054808,1.976861,2.278497
4360,0.6028702,0.05862469,1.686198,1.79169
4361,0.7980773,0.07866367,2.535069,2.658888
4362,0.5392138,1.703648,2.137955,2.786399
4363,0.5412932,1.704574,2.131189,2.782182
4364,0.7983965,0.07943248,2.53643,2.660306
4365,1.846045,0.797167,0.2846095,2.030852
4366,2.348561,0.7234209,0.4577411,2.499721
4367,2.279105,0.6085325,0.4064568,2.393708
4368,2.562825,1.113469,0.4638001,2.83249
4369,2.440729,0.847854,0.5894126,2.650174
4370,2.285391,0.6037072,0.4038674,2.398037
4371,2.169463,0.6549129,0.3141787,2.287835
4372,2.192471,0.3521748,0.2398494,2.233492
4373,2.192576,0.3518333,0.2401255,2.23357
4374,2.407478,0.6131966,0.5689706,2.548664
4375,2.366995,0.8228099,0.2234705,2.515874
4376,2.144996,0.7115709,0.3114806,2.281307
4377,0.5545058,4.741024,-1.48836,5
4378,-0.4590836,-4.74022,-1.523009,5
4379,-1.272547,1.434817,-4.617567,5
4380,4.935782,-0.1625031,0.7820795,5
4381,-0.2753921,0.04647581,1.282875,1.312924
4382,-0.1382251,0.0313853,2.209533,2.214075
4383,-0.1384249,0.03145217,2.209351,2.213906
4384,0.1066426,0.009403974,2.269584,2.272108
4385,-0.2754198,0.04648823,1.288791,1.318711
4386,-0.2068046,0.02510158,1.276958,1.293839
4387,0.6220633,3.65905,2.617379,4.541617
4388,0.6245192,3.659333,2.616384,4.541608
4389,1.245867,0.02526855,2.313732,2.627961
4390,1.245005,0.02418213,2.314208,2.627962
4391,1.066147,0.01181146,2.552634,2.766361
4392,1.063215,0.01505089,2.559634,2.77171
4393,0.4227515,0.01222791,0.088615,0.4321122
4394,-0.2004219,4.614159,1.911345,4.998387
4395,-0.6946395,0.1459384,1.838923,1.971157
4396,-0.1990782,4.611829,1.911409,4.996207
4397,-0.692348,0.1449348,1.843902,1.974924
4398,0.2427022,1.110029,-0.8307207,1.407539
4399,-0.3678729,0.1305277,3.29721,3.320235
4400,2.499063,0.8939119,0.5358524,2.70768
4401,2.408105,0.6388126,0.5265054,2.546421
4402,1.922544,0.3953498,0.2447981,1.977979
4403,2.219236,0.5129555,0.3586943,2.305817
4404,2.426199,0.5631982,0.1568144,2.495641
4405,2.329174,0.8767887,0.3292048,2.510415
4406,2.350641,0.7947628,0.1492947,2.48585
4407,2.011727,0.9084229,0.3128068,2.229378
4408,2.156935,0.1725586,0.05533951,2.164535
4409,2.407722,0.5925707,0.3067121,2.498467
4410,3.025662,-3.939249,0.572438,5
4411,4.297235,-1.413851,2.129505,5
4412,2.451243,-3.568912,2.500855,5
4413,-4.48283,-2.149243,0.5338444,5
4414,4.451313,2.275473,0.08960938,5
4415,-0.1645285,0.03725198,2.208866,2.215298
4416,-0.286655,0.04981077,1.314286,1.346105
4417,-0.3097795,0.04568457,1.338481,1.37462
4418,-0.0648951,0.02942886,2.420114,2.421163
4419,-0.248854,0.0367492,1.30941,1.333354
4420,-0.3098146,0.04568684,1.335628,1.371851
4421,-0.1537283,0.03896423,2.369543,2.374845
4422,-0.2487886,0.03675547,1.31191,1.335798
4423,1.046198,0.01955079,2.686946,2.883503
4424,1.046802,0.01921978,2.686635,2.883431
4425,2.667908,0.001744109,2.34591,3.552609
4426,2.65871,0.004113235,2.346542,3.546127
4427,0.9121644,0.02355053,3.506716,3.623487
4428,0.9185575,0.006939531,3.499495,3.618047
4429,0.837346,4.367849,2.284894,5
4430,1.587081,0.004205649,2.862939,3.273418
4431,1.974623,0.01129592,2.50867,3.192599
4432,-1.082878,0.1780374,3.328977,3.505198
4433,0.8400356,4.365827,2.287772,5
4434,0.1369932,0.1901547,2.081807,2.094958
4435,0.1363415,0.1900899,2.082252,2.095351
4436,0.3028833,0.2560036,4.360738,4.378734
4437,0.3064209,0.2562537,4.368955,4.387178
4438,2.504426,0.9757972,0.3604797,2.711877
4439,2.040553,0.7358792,0.2232328,2.180644
4440,2.160661,0.5829577,0.1433726,2.24251
4441,1.880197,0.6696689,0.2764366,2.014948
4442,1.937701,0.3937348,0.1494005,1.982936
4443,2.171163,0.6728327,0.2952346,2.29212
4444,2.499541,0.7447641,0.2043635,2.616131
4445,2.236156,-3.123493,-3.20053,5
4446,4.20503,-2.418926,-1.211002,5
4447,0.5607689,0.9284335,-4.880937,5
4448,-3.463247,-3.102582,1.838453,5
4449,2.993719,3.282772,2.293699,5
4450,-4.237553,-1.727538,-2.014635,5
4451,-3.959388,1.858967,2.42229,5
4452,-0.1886213,0.03684252,2.530675,2.537962
4453,-0.3281428,0.06353799,1.488484,1.525549
4454,-0.334729,0.04639091,2.294693,2.319443
4455,-0.1921714,0.03053979,2.227571,2.236053
4456,-0.3456069,0.0647907,1.456299,1.498149
4457,-0.3458848,0.06486197,1.454337,1.496308
4458,-0.3281204,0.06353648,1.486894,1.523993
4459,1.266022,0.01934944,2.877381,3.143646
4460,1.663936,0.009389097,2.107904,2.685523
4461,1.663408,0.01045681,2.107316,2.684738
4462,1.264846,0.01922961,2.878313,3.144024
4463,-0.4046984,0.1180308,4.982046,4.99985
4464,1.308493,0.2496943,4.818585,4.999327
4465,0.5109022,-0.03804248,4.46555,4.494843
4466,-0.406058,0.118831,4.981915,4.999847
4467,1.081944,0.1545075,4.878827,4.999743
4468,1.15098,0.1430414,4.672207,4.814014
4469,0.5660807,0.09947215,4.275843,4.314299
4470,1.510331,0.7887273,0.1412651,1.709721
4471,1.828593,0.4532999,0.1625606,1.890941
4472,1.889844,0.8541836,-0.1095153,2.076809
4473,1.526184,0.6046215,0.147522,1.648201
4474,1.69236,0.8212,-0.0239648,1.88123
4475,2.153014,0.7396576,0.3668862,2.305898
4476,2.068279,0.2958874,-0.05034642,2.089943
4477,1.842908,0.7648775,0.5103678,2.059569
4478,1.510014,0.7883911,0.1424784,1.709386
4479,2.203992,0.4468282,0.3330556,2.273359
4480,1.997128,-2.288345,-3.971771,5
4481,2.669726,0.3697618,-4.211394,5
4482,-0.2504886,-2.101719,-4.529904,5
4483,-3.145731,-3.883068,-0.1617335,5
4484,1.691093,-4.444174,-1.545808,5
4485,0.9752238,1.86453,0.809483,2.254506
4486,0.9809783,1.868209,0.8039917,2.25808
4487,3.944783,3.022962,-0.5480722,5
4488,1.804671,-3.889696,2.571659,5
4489,0.4379322,-3.280722,-3.747677,5
4490,-1.064314,2.98691,-3.865954,5
4491,2.696559,3.850251,-1.624964,4.973567
4492,-0.3416094,0.05250775,1.731686,1.765839
4493,-0.3653194,0.07630745,1.655867,1.697402
4494,-0.3653674,0.07632438,1.663172,1.704541
4495,-0.04301859,0.0303253,1.961678,1.962384
4496,-0.3415442,0.05249482,1.727963,1.762176
4497,0.34548,0.04225461,2.035036,2.064585
4498,2.780087,0.04961405,2.144983,3.511737
4499,2.331076,0.05839455,2.351144,3.311375
4500,2.865652,0.01110746,2.604898,3.872671
4501,2.32215,0.00818334,1.774874,2.922777
4502,2.327483,0.005701109,1.777779,2.928773
4503,2.228386,0.07265481,2.685994,3.49078
4504,1.654742,4.147519,2.249425,5
4505,0.4652184,1.241644,4.80368,4.983317
4506,-0.8039979,0.1833459,4.93116,4.999637
4507,0.436631,0.4043261,4.962682,4.998233
4508,0.05495576,4.065722,2.90979,5
4509,-0.6145324,0.7226803,4.903434,4.994355
4510,0.6157174,0.00656617,4.96194,5
4511,0.6137267,0.006534906,4.962187,5
4512,1.011061,0.3638853,0.1125897,1.080432
4513,1.134403,0.7387049,0.102667,1.357606
4514,1.398082,0.3938956,0.09964693,1.455925
4515,1.136395,0.7368742,0.1016738,1.358203
4516,0.9455437,0.4634962,0.09702193,1.057495
4517,0.9973726,0.5008318,0.1172659,1.122201
4518,-0.9681668,-0.268764,4.898002,5
4519,3.096724,-2.09329,3.154865,4.891291
4520,2.319379,-1.034239,4.091714,4.815734
4521,2.655218,-2.061231,3.516431,4.86458
4522,3.245913,-1.275243,3.403838,4.873224
4523,2.878834,-0.3408399,3.870144,4.835481
4524,-0.2814684,4.991882,0.0435122,5
4525,3.769978,-0.3504359,3.102367,4.894917
4526,1.050718,-3.944902,2.742481,4.918075
4527,4.707602,0.1108487,1.597074,4.972368
4528,4.333977,-2.025521,1.381233,4.979347
4529,0.08560178,0.1185717,1.397255,1.404888
4530,0.04020619,0.2140436,1.594916,1.609717
4531,0.04451173,-0.8727046,-0.06652437,0.8763676
4532,0.04159946,-0.8706568,-0.06643075,0.8741778
4533,1.191085,1.236413,-4.69602,5
4534,-0.5807558,-0.9155853,4.881027,5
4535,-2.968837,0.2527768,4.015234,5
4536,2.916722,3.250442,-2.434617,5
4537,-0.3779438,0.06757595,1.272309,1.328976
4538,-0.3779274,0.0675896,1.276998,1.333462
4539,-0.3663575,0.04670375,1.290171,1.341991
4540,-0.1090021,0.0329251,2.420982,2.423658
4541,1.335784,0.04659279,1.56203,2.055827
4542,-0.3791515,0.03376003,1.845648,1.884493
4543,2.634591,0.1031255,3.020285,4.009217
4544,2.259622,0.01510036,3.139449,3.868108
4545,1.918642,0.003380945,3.25319,3.77683
4546,2.713566,0.5002562,2.743366,3.890984
4547,2.717007,0.500335,2.73861,3.890045
4548,2.640029,0.1030415,3.023231,4.015009
4549,2.604837,0.05412745,2.940436,3.928647
4550,-3.823739,2.289741,2.137686,4.943035
4551,0.8361226,3.926821,2.686095,4.830542
4552,-1.265385,0.53247,4.804648,4.996936
4553,-3.234135,0.04753133,3.812887,5
4554,-4.18502,1.644509,-2.118732,4.970697
4555,1.118841,3.276287,3.607512,5
4556,-2.340441,4.168705,1.46432,5
4557,-3.368159,0.1719457,2.186765,4.019453
4558,-0.8689622,0.4791115,2.16762,2.38395
4559,-0.04941445,0.1351086,1.609994,1.616408
4560,-0.0217027,0.02655206,1.44308,1.443488
4561,-0.01057552,0.02715106,1.537832,1.538108
4562,0.0004507858,0.1453169,1.453457,1.460704
4563,-0.01227181,0.06661836,1.41335,1.414973
4564,0.04055842,0.2126639,1.749537,1.762882
4565,-0.01212248,0.06303931,1.418349,1.419801
4566,-0.003971566,0.1144285,1.504429,1.50878
4567,1.237659,0.6530695,0.8089031,1.616361
4568,-0.42985,0.9458755,0.3750184,1.104577
4569,1.788333,1.436096,0.836953,2.441515
4570,1.238957,0.656158,0.8060675,1.61719
4571,-0.526499,0.4454721,-0.2612554,0.7374964
4572,0.05800511,0.4200237,0.4006292,0.5833423
4573,-0.5255131,0.4446388,-0.2596318,0.7357149
4574,0.0513862,0.4139734,0.3996632,0.5777068
4575,1.598254,1.44853,0.1980611,2.166076
4576,4.624245,0.3091195,1.876381,5
4577,2.677149,0.7697141,4.152158,5
4578,4.811787,0.3153216,1.321847,5
4579,-0.4908299,0.07958539,1.626221,1.700542
4580,-0.4038732,0.04757033,1.439405,1.495749
4581,-0.3842933,0.03026889,2.060621,2.096367
4582,-0.4909435,0.0795971,1.625732,1.700108
4583,-0.2776614,0.03869333,2.157033,2.175174
4584,-0.1953185,0.09894598,2.045822,2.057505
4585,-0.4047243,0.04765079,1.438977,1.495569
4586,3.844942,0.1755167,3.19097,4.999667
4587,2.99825,0.02045492,3.402934,4.535402
4588,4.151163,0.009050709,2.395387,4.792715
4589,3.344957,0.04870925,2.600593,4.237239
4590,3.348924,0.03948149,2.598189,4.238801
4591,3.899253,0.06200963,2.709177,4.748437
4592,3.246421,0.05085893,2.204127,3.924285
4593,3.741415,0.1141549,3.314721,4.999859
4594,0.5508489,4.071889,2.514966,4.817549
4595,-3.287619,1.981547,3.137011,4.957399
4596,-4.631528,1.514742,-1.003312,4.975151
4597,0.8837655,2.833157,4.023951,5
4598,1.584695,3.475826,3.226046,5
4599,0.9710711,4.027467,2.79938,5
4600,-0.06527528,-0.2109026,1.529665,1.545515
4601,-0.02744841,-0.06391048,1.688829,1.690261
4602,-0.03100367,-0.0243639,1.607224,1.607707
4603,-0.06503163,-0.2072038,1.78225,1.795432
4604,-0.00870833,-0.03756896,1.815447,1.815857
4605,-0.01436938,-0.1078091,1.422913,1.427064
4606,-0.0951829,-0.2103704,1.75064,1.765801
4607,-0.02751916,-0.06354737,1.688692,1.690111
4608,2.159622,0.9795092,-0.03859007,2.371686
4609,1.775933,1.105305,0.486789,2.147697
4610,2.056356,1.198007,0.6831939,2.476
4611,-0.7445906,0.8440788,0.4042738,1.195961
4612,0.8157216,0.9719799,0.4360905,1.341761
4613,2.561147,1.092816,0.2210525,2.793311
4614,2.233086,1.106853,0.2941186,2.509642
4615,-0.7456177,0.8420577,0.4050243,1.195429
4616,0.02635173,0.4010907,0.05492491,0.4056906
4617,1.808081,1.320831,0.04842081,2.239665
4618,4.613797,-0.4479042,1.874103,5
4619,2.312814,-0.1188059,4.43134,5
4620,3.197561,-1.070535,3.691822,5
4621,2.698959,3.533887,-2.286321,5
4622,-4.713964,0.389677,-1.620709,5
4623,-0.07960254,1.114549,-4.873546,5
4624,0.5613089,3.829334,-3.165617,5
4625,-0.3560138,0.09991845,1.284048,1.33623
4626,-0.4365055,0.04102812,1.741755,1.796088
4627,-0.3957959,0.0476541,1.603295,1.652114
4628,0.2064949,0.08586161,1.775623,1.789651
4629,0.755339,0.07697267,1.721691,1.88167
4630,-0.3935432,0.04715817,1.557341,1.606988
4631,0.1869206,0.08827172,2.175492,2.185291
4632,-0.4359606,0.04090456,1.739135,1.793412
4633,4.084285,0.2785068,2.276436,4.684134
4634,4.093444,0.1445191,2.867154,4.999774
4635,4.186937,0.08380708,2.731626,4.999924
4636,4.094306,0.2787566,2.275641,4.692503
4637,4.686002,0.06369519,1.742667,4.999956
4638,4.715515,0.3424889,1.622945,4.998733
4639,3.943505,1.060848,2.863877,4.987827
4640,3.944092,1.060483,2.863219,4.987836
4641,4.329594,0.3318139,2.476413,4.99881
4642,0.5051833,0.9670905,4.869137,4.989886
4643,0.7765216,4.691818,-0.07552776,4.756243
4644,-0.09966222,-0.1357161,1.689385,1.697755
4645,-0.0213051,0.08549873,1.610582,1.612991
4646,-0.01992308,-0.1673963,1.464451,1.474122
4647,-0.03226591,-0.064118,1.472633,1.474382
4648,-0.02535656,-0.0532192,1.434604,1.435815
4649,-0.02132169,0.09341864,1.606754,1.609609
4650,-0.02535256,-0.04751869,1.436178,1.437188
4651,1.945615,1.250604,0.1928296,2.320907
4652,1.144522,0.5052453,0.5396132,1.362492
4653,1.14897,0.5002953,0.5355403,1.362803
4654,1.987453,1.211791,-0.02428798,2.327874
4655,1.636987,1.16025,0.4054122,2.047014
4656,1.163462,1.096169,0.3770816,1.642383
4657,1.701503,1.43803,0.3454936,2.25442
4658,1.454986,1.552784,-0.009116066,2.127959
4659,2.337858,0.4426395,0.3549866,2.405728
4660,-2.375879,-3.783821,2.244526,5
4661,-2.38204,-3.783729,2.238142,5
4662,1.224829,-1.809526,4.497267,5
4663,3.443557,2.793701,2.310229,5
4664,4.157457,-2.571831,-1.049397,5
4665,-1.309685,-1.177535,-4.679544,5
4666,4.956601,0.6552047,-0.05304256,5
4667,3.61628,0.02643962,-3.452799,5
4668,-0.3949046,0.08004871,0.8261607,0.9191839
4669,-1.556879,0.09176555,1.534654,2.188026
4670,0.5340843,0.004997289,0.9588223,1.097548
4671,-0.3971678,0.08043303,0.8458171,0.9378797
4672,-0.3121276,0.05402026,1.587213,1.618514
4673,4.982466,0.06265175,0.4131399,4.999958
4674,4.580011,0.1683392,1.998023,4.999693
4675,4.688544,0.21276,1.722612,4.999511
4676,4.692393,0.2125621,1.71213,4.999512
4677,4.54681,0.1658404,2.072691,4.999703
4678,4.526627,2.006178,0.2238085,4.956328
4679,4.718827,1.011306,1.264689,4.988938
4680,4.270347,0.7881107,2.464937,4.993286
4681,4.254277,-1.494405,2.160528,5
4682,0.01991824,0.07473946,1.541074,1.543014
4683,-0.009354061,-0.05671946,1.282302,1.283589
4684,0.01448108,-0.06103426,1.548843,1.550113
4685,-0.03646351,-0.02699839,1.305054,1.305843
4686,-0.03857142,-0.042403,1.399349,1.400523
4687,-0.02573564,-0.09555031,1.379386,1.382931
4688,-0.02581271,-0.09798843,1.384769,1.388472
4689,-0.03647301,-0.02105776,1.305342,1.306021
4690,-0.03856808,-0.03962309,1.391409,1.392507
4691,-0.1218431,0.004379468,1.605309,1.609933
4692,-0.04765701,0.06276502,1.344057,1.346365
4693,1.734709,3.642469,1.230885,4.218041
4694,1.069942,0.9885837,0.04635921,1.457472
4695,0.8595789,0.8451588,0.07988103,1.208118
4696,0.7533766,1.174582,0.08233535,1.397854
4697,2.012765,1.148389,-0.2564794,2.331481
4698,0.8552547,0.8923776,0.09017421,1.239326
4699,0.7227179,0.9659719,0.07037038,1.20846
4700,4.228213,-2.452981,0.9986755,4.989214
4701,1.18113,-3.934412,2.707973,4.92014
4702,4.545217,0.8661276,1.800202,4.964866
4703,-0.8569232,-0.9323587,-0.4616189,1.347851
4704,1.293347,4.797918,0.5542881,5
4705,4.085767,2.57325,1.298034,5
4706,-0.5071663,0.07264233,0.2302285,0.5616937
4707,-0.3156789,0.2095789,1.793828,1.833411
4708,-0.1674694,2.134641,0.9243562,2.332204
4709,-0.5178941,0.0365245,1.140812,1.253396
4710,0.2127095,0.07256631,2.036032,2.048399
4711,-0.05902297,0.03986743,-0.1542997,0.1699456
4712,-0.1677875,2.133761,0.9164751,2.328307
4713,0.1974812,0.07642432,2.040706,2.051662
4714,-0.2729595,0.1434813,1.942393,1.966719
4715,-0.05947504,0.04013653,-0.14879,0.1651869
4716,-0.3381702,0.07453606,1.959652,1.990013
4717,-0.2520499,0.1477455,1.976992,1.998464
4718,-0.5174242,0.03673837,1.148426,1.260142
4719,-0.8488435,0.09051024,1.572316,1.789107
4720,-0.2734238,0.1437577,1.943023,1.967426
4721,-0.3636422,0.07637464,0.1660036,0.4069717
4722,4.832208,0.312311,1.24165,4.998946
4723,4.952573,0.5451862,0.3777346,4.996788
4724,4.625299,1.615694,0.9980705,5
4725,4.866576,0.02678588,1.147017,4.999992
4726,4.97116,0.2363399,0.4750463,4.999396
4727,4.952201,0.5447673,0.3832406,4.996793
4728,-2.318215,3.966227,1.481708,4.827063
4729,-0.04140286,-0.118191,1.458961,1.464326
4730,-0.03748339,-0.2340241,1.170045,1.193808
4731,-0.03712411,-0.08350266,1.369818,1.372863
4732,-0.0510892,-0.2276777,1.014797,1.041278
4733,-0.1759355,-0.17424,1.497491,1.517824
4734,-0.2478834,-0.03880081,1.459699,1.481106
4735,-0.1265561,0.05421737,1.587278,1.593238
4736,3.397894,-2.54681,2.639711,5
4737,1.147501,-4.302726,2.273716,5
4738,1.668307,-4.62547,0.906519,5
4739,-0.6244915,-1.066676,-0.6091737,1.377998
4740,2.034226,3.604039,0.7277274,4.201994
4741,2.607329,-1.344544,4.048954,5
4742,1.082106,-2.497233,4.194386,5
4743,-0.1872274,1.644415,-0.142978,1.661203
4744,-0.4573017,0.2397158,0.05323351,0.5190591
4745,-0.2797236,0.09476344,-0.2149376,0.365272
4746,-0.2270302,-0.1538534,-0.3131322,0.4162516
4747,0.3283682,0.3211892,0.1725423,0.490672
4748,-0.5968003,2.678995,0.4833729,2.786904
4749,-0.5961736,2.678179,0.4836707,2.786037
4750,0.2681407,0.08398923,-0.2699815,0.3896712
4751,-0.09245642,0.2033626,-0.5205451,0.5664554
4752,-0.09453208,0.2033404,-0.5163854,0.5629721
4753,0.0005337854,1.380569,-0.09371579,1.383746
4754,-0.5965234,2.677325,0.4850653,2.785534
4755,-0.6326713,0.1781459,1.447137,1.589407
4756,-0.457826,0.2408738,0.0517148,0.5199032
4757,-0.1874608,1.642892,-0.1446496,1.659868
4758,4.853483,0.6300097,1.001955,4.99571
4759,4.729283,0.8113249,1.380044,4.992884
4760,4.887762,0.4768535,0.9261926,4.997543
4761,4.94963,0.2401461,0.6612617,4.999377
4762,4.84097,0.5496016,1.109194,4.996735
4763,4.616019,1.747686,0.798727,5
4764,4.902192,0.6637701,0.6930493,4.995237
4765,4.94585,0.6918136,0.09087659,4.994827
4766,3.886011,1.931936,2.400692,4.959514
4767,4.675822,1.649471,0.3492918,4.97052
4768,4.867767,-1.058026,0.430602,5
4769,0.0207405,0.07453403,1.472544,1.474575
4770,-0.02568425,-0.1023507,1.354875,1.358979
4771,-0.04954536,-0.1995384,1.13147,1.149998
4772,0.06154827,0.04048632,1.456565,1.458427
4773,-0.05142914,0.1805622,1.274305,1.288061
4774,-0.05148263,0.1823533,1.268618,1.28269
4775,-0.045564,-0.1694269,1.009214,1.024351
4776,-0.04405175,-0.05559306,1.2657,1.267686
4777,-0.04450977,-0.06087456,1.266182,1.268426
4778,-0.11103,0.06820573,1.401119,1.407166
4779,3.86533,-3.16321,0.2309293,5
4780,-2.227401,-4.206053,1.532255,5
4781,-2.567667,-4.289671,-0.07617902,5
4782,-1.047134,-0.1313573,0.0876586,1.058975
4783,-0.8940957,-1.179378,-0.241452,1.499546
4784,-0.9344505,-0.8998162,-0.3854842,1.353316
4785,-0.9350799,-0.7619193,-0.338109,1.252682
4786,-1.048952,-0.1342543,0.07987669,1.060521
4787,-0.9988561,-0.4298253,-0.241774,1.113965
4788,0.5582592,4.966319,0.1549976,5
4789,4.349653,-0.846832,-2.315899,5
4790,-0.4413003,0.06194644,0.5987504,0.7463815
4791,-0.4409689,0.05876324,0.602078,0.7486017
4792,-0.4124179,0.1304352,0.6729053,0.7999397
4793,0.5546856,0.1833995,1.536291,1.643624
4794,-0.4119807,0.1303247,0.6686603,0.7961277
4795,4.919079,0.6856842,0.5307562,4.994918
4796,4.800408,0.5081081,1.29229,4.99721
4797,4.93785,0.4787813,0.6030272,4.997523
4798,4.898673,0.5555836,0.813012,4.996665
4799,4.988692,0.3093267,0.08327615,4.998966
4800,4.725817,1.62159,-0.1926111,5
4801,4.725815,1.621601,-0.1925531,5
4802,-1.36628,4.142244,2.030132,4.811065
4803,-2.159274,3.891895,-1.885292,4.833595
4804,-0.2870692,4.666774,-0.8865561,4.758904
4805,-0.05920802,-0.003085267,1.158053,1.159569
4806,-0.1316856,-0.02131973,1.108895,1.11689
4807,-0.04416761,-0.02656503,0.888037,0.8895315
4808,-0.06057429,0.03028347,1.120835,1.122879
4809,-0.04745765,-0.0159105,1.023065,1.024289
4810,-0.064927,0.006390645,1.158857,1.160691
4811,-0.06448779,-0.01981311,1.371235,1.372893
4812,-0.05772884,0.09366712,0.9241852,0.9307118
4813,0.003127333,0.07820604,1.195695,1.198254
4814,-0.2071937,0.01954796,1.511348,1.52561
4815,3.842965,1.340169,2.904405,5
4816,3.959398,1.570544,2.618504,5
4817,4.33376,0.743026,2.380429,5
4818,0.1489284,-3.62166,-3.444039,5
4819,3.874454,2.52876,1.895779,5
4820,1.909068,4.539155,0.8669109,5
4821,-1.152543,-0.1853458,0.1527153,1.177298
4822,-1.172413,-0.05126959,-0.09708355,1.177543
4823,-1.01889,0.08829753,0.1118374,1.028806
4824,-1.104854,-0.6182068,0.2710248,1.294734
4825,-1.107078,-0.6145172,0.2717136,1.295022
4826,-0.9728953,-0.8619817,-0.1087868,1.304367
4827,4.197112,-0.6514431,2.638157,5
4828,0.4945248,-4.276593,2.542872,5
4829,-1.695369,3.095607,-3.541602,5
4830,-0.9837264,-0.5205959,2.019821,2.306169
4831,-1.341363,-0.2732768,1.465534,2.005424
4832,-0.4568217,0.2746004,0.8852298,1.033307
4833,-0.5046712,0.2728579,0.4461135,0.7267474
4834,-0.4269967,0.2447958,0.9708081,1.088448
4835,0.1295353,1.539396,0.1820892,1.555531
4836,4.979483,0.399068,0.1681993,4.998279
4837,4.939483,0.6651391,0.3336139,4.995218
4838,4.9038,-0.505814,0.8348006,5
4839,4.985613,0.248991,-0.2737969,4.99933
4840,4.94946,0.5353785,-0.4304104,4.996903
4841,4.965463,0.3343785,-0.4693477,4.998791
4842,4.844059,0.9650528,-0.7093342,4.989928
4843,3.704127,2.408992,2.202102,4.936907
4844,2.0561,4.088691,1.499676,4.816012
4845,-3.114584,2.821716,2.545018,4.91323
4846,-0.06384762,-0.06336018,1.13724,1.140792
4847,-0.1048509,-0.08786739,1.206032,1.213766
4848,-0.06866609,0.1000137,1.267307,1.2731
4849,-0.08497588,0.2291816,1.145925,1.171704
4850,-0.2742009,0.2175763,1.266392,1.313878
4851,-0.2756614,0.2163327,1.260901,1.308686
4852,0.04837026,-0.1150744,1.156165,1.162884
4853,-0.06868623,0.1000387,1.283284,1.289009
4854,4.38309,0.8162404,2.263244,5
4855,4.705109,-0.02054638,1.691605,5
4856,4.481336,0.8103189,2.064221,5
4857,2.652938,-0.2250675,4.23217,5
4858,2.260307,-1.789458,4.085199,5
4859,-0.02378764,-0.2698639,1.279729,1.30809
4860,-0.02447813,-0.09182653,1.410507,1.413705
4861,-0.01935639,-0.09252435,1.403377,1.406557
4862,0.04853395,-0.1097906,1.459221,1.46415
4863,-1.027966,-0.8843592,4.812608,5
4864,-1.02865,-0.8831279,4.812688,5
4865,0.4203379,0.8092977,0.04007398,0.9128267
4866,0.6009768,1.156988,0.03302426,1.30418
4867,0.408088,0.7247034,2.011324,2.176501
4868,0.3142244,1.313269,-0.03510639,1.350794
4869,0.6063868,1.159825,0.03314762,1.309197
4870,0.3146876,1.313076,-0.03622411,1.350744
4871,0.4082227,1.111663,0.01485487,1.18434
4872,0.3956543,1.350943,0.02119935,1.407849
4873,4.368245,-2.174671,1.035997,4.988391
4874,3.875672,2.39148,1.960777,4.958291
4875,-0.001582414,-3.176433,3.668313,4.852448
4876,2.710497,1.639098,3.675231,4.851882
4877,3.06883,-0.6976724,3.885298,5
4878,-0.5607798,0.004069326,1.688954,1.779622
4879,-0.5875422,1.747529,1.720163,2.521512
4880,-0.568657,0.2906235,2.328324,2.414316
4881,-0.5529403,0.2751686,2.408721,2.486644
4882,1.336733,0.2812368,4.43657,4.642101
4883,-0.8194751,0.3149249,2.402436,2.557815
4884,4.855844,0.8127316,-0.8299923,4.992859
4885,4.985397,0.3615792,-0.03085697,4.998588
4886,4.885747,0.7353873,-0.7281833,4.994154
4887,4.93873,0.4904395,-0.5851695,4.9974
4888,4.957235,0.5159138,-0.3617995,4.997124
4889,4.765072,0.6884156,-1.330026,4.994877
4890,4.996514,0.1294141,-0.1276307,4.999819
4891,4.985379,0.3617347,-0.03176114,4.998586
4892,2.172483,3.741752,-2.183361,4.846386
4893,-1.693708,4.106105,1.857365,4.814411
4894,-1.43965,-4.712978,-0.8457223,5
4895,-0.04647536,0.411815,0.9937681,1.07672
4896,0.009886202,0.1942409,1.093827,1.110984
4897,-0.07391976,0.1761826,1.19896,1.214088
4898,-0.05205589,0.4197797,1.001053,1.086753
4899,0.01019439,0.1947687,1.08797,1.105313
4900,-0.0736936,0.1750123,1.200828,1.21575
4901,-0.05673669,0.7000533,1.191941,1.38348
4902,0.2185127,0.6130941,1.13183,1.305631
4903,-0.07415359,0.04871979,1.182013,1.185338
4904,-0.1049481,0.3036303,1.103743,1.149545
4905,-0.07089657,0.190181,1.218217,1.235009
4906,-0.04563397,0.08621161,1.146785,1.150926
4907,-0.09435277,0.4523877,1.062404,1.158559
4908,4.908297,0.7566547,-0.5797412,5
4909,4.995532,0.1702763,0.1251873,5
4910,4.479517,0.9108189,2.025916,5
4911,4.904284,0.165785,0.959433,5
4912,4.98039,0.3939568,0.2012717,5
4913,4.72138,0.04503393,1.645157,5
4914,4.987008,-0.08213398,0.3507291,5
4915,3.511692,0.8078093,-3.466332,5
4916,-0.01833002,-0.4267971,1.356994,1.422647
4917,-0.02527225,-0.4378985,1.228012,1.303996
4918,0.1043118,-0.5627499,1.134402,1.270605
4919,0.0965417,-0.5540202,1.181584,1.308586
4920,0.1826071,-0.407591,1.362215,1.433564
4921,-0.01931567,-0.3474711,1.463466,1.504274
4922,-0.02619871,-0.4690334,1.527033,1.597658
4923,-0.02528861,-0.4334855,1.220345,1.295296
4924,2.479808,-0.1727986,4.338283,5
4925,-3.247379,0.6882128,3.739104,5
4926,1.85655,1.014182,4.530415,5
4927,2.549114,-2.264073,3.65732,5
4928,-0.9273971,0.1675465,2.654627,2.816945
4929,-0.8926947,0.2900679,2.334508,2.516142
4930,-0.9967707,0.2275653,1.723595,2.004025
4931,0.5587834,0.3173857,3.129779,3.195073
4932,1.869018,0.2438536,2.661957,3.261703
4933,4.900057,0.4961272,-0.8465898,4.997341
4934,4.944509,0.2125527,-0.3481063,4.961302
4935,4.913316,0.3753872,-0.8385645,4.998477
4936,4.905234,0.371022,-0.8866487,4.998512
4937,4.814058,0.1795233,-0.3771331,4.832143
4938,4.993652,0.1333812,-0.2090968,4.999807
4939,4.9348,0.3303793,-0.725816,4.998821
4940,4.947118,0.2126928,-0.3471739,4.963844
4941,3.95839,-2.299531,-2.010798,5
4942,-1.687227,3.820445,-2.445533,4.839749
4943,-1.032038,3.808821,-2.803664,4.840739
4944,0.1004013,0.9452998,0.7452587,1.207925
4945,-0.1080469,0.3679843,0.8833044,0.962971
4946,-0.1022784,0.3604768,0.6223953,0.7264848
4947,-0.1126701,0.2491552,0.8231355,0.8673667
4948,4.806537,0.5667256,1.255397,5
4949,4.963154,-0.1626386,0.5836567,5
4950,4.845782,1.231926,-0.02753595,5
4951,4.930155,0.383949,0.7390234,5
4952,4.956505,-0.5883738,-0.2947397,5
4953,4.974684,0.404682,-0.297914,5
4954,4.718946,-0.4007045,-1.603428,5
4955,4.604901,-0.05664078,1.947222,5
4956,-0.007478414,-0.0725518,1.296203,1.298254
4957,-0.03778655,-0.423723,1.158505,1.234141
4958,-0.03289637,-0.1614086,1.297157,1.307575
4959,-0.02623965,-0.3929969,1.059696,1.130527
4960,-0.0236498,-0.3799821,1.102645,1.166521
4961,-0.02594903,-0.2943875,1.001858,1.044537
4962,0.1883586,-0.1519699,1.228378,1.251993
4963,-0.01748669,-0.4701714,1.114117,1.20939
4964,-0.1013508,-0.3305928,1.254928,1.301694
4965,4.833069,-0.9465803,-0.8633815,5
4966,-1.271913,-1.964588,4.418442,5
4967,2.358629,-4.384429,0.4622247,5
4968,-0.7780547,0.1558827,2.434039,2.56012
4969,-0.8862183,0.1854091,2.002099,2.197307
4970,-0.8462976,0.1757356,1.74078,1.943558
4971,-0.8463609,0.1757948,1.747698,1.94979
4972,0.5672709,0.3321929,1.350336,1.50185
4973,-0.8867004,0.1856945,1.995009,2.191069
4974,1.057835,0.2089888,0.7105063,1.291321
4975,4.874495,0.1720762,-1.098404,4.99968
4976,4.945048,0.1896174,-0.7117994,4.999611
4977,4.985006,0.3256749,-0.1794101,4.998854
4978,4.721587,0.2275333,-0.9913967,4.829909
4979,4.592875,0.4533982,-1.917739,4.997778
4980,4.254136,0.4640892,-1.550278,4.551528
4981,4.259915,0.4638295,-1.549147,4.55652
4982,1.798519,-2.189419,4.119681,5
4983,0.0988261,4.279626,2.167114,4.798057
4984,2.896675,-0.960887,3.960552,5
4985,-0.2276017,0.1214515,0.710416,0.7558067
4986,-0.2273706,0.1195101,0.7138796,0.7586858
4987,-0.1813231,0.2776402,0.9699309,1.02505
4988,0.05058534,0.2474217,0.9922913,1.023923
4989,0.05134241,0.2493757,0.9879157,1.020197
4990,-0.193266,0.125957,0.7559687,0.7903832
4991,0.1472549,0.14209,1.24022,1.256989
4992,0.103568,0.01099404,1.052234,1.057376
4993,-0.185883,0.2101813,0.6261681,0.6861597
4994,-0.1206506,0.4103302,0.772347,0.8828631
4995,-0.1944671,0.253967,0.6543805,0.7283753
4996,4.986483,0.3084628,-0.1995962,5
4997,4.986616,0.3064055,-0.1994416,5
4998,4.848851,0.6802854,1.012846,5
4999,1.297618,-4.737875,-0.9320522,5
5000,-0.03060612,-0.3659561,1.079552,1.140304
5001,-0.0442919,-0.2164354,1.009274,1.03317
5002,-0.04773427,-0.3676203,1.014158,1.079786
5003,-0.01556799,-0.1411045,1.373455,1.380772
5004,-0.04721849,-0.3118555,1.002802,1.051235
5005,-0.07389181,0.01985674,1.341033,1.343214
5006,-0.04793931,-0.3674977,1.0142,1.079794
5007,0.1440734,0.0847462,1.108956,1.121483
5008,4.849633,-0.4477428,-1.131631,5
5009,-1.248428,-4.839373,-0.1479919,5
5010,4.417953,-2.160668,0.9017771,5
5011,-0.9559554,0.1932919,1.249194,1.584834
5012,-0.8644179,0.1406579,2.299639,2.46076
5013,0.6036285,0.2089721,0.7121949,0.9566913
5014,0.6008649,0.3652521,1.82314,1.954044
5015,-0.8635501,0.1403465,2.301843,2.462498
5016,-0.6192086,0.1228011,1.508371,1.63514
5017,-0.6172248,0.1245789,1.545825,1.66915
5018,4.911632,0.3209551,-0.872773,4.998887
5019,4.839892,0.4290931,-0.4230986,4.877263
5020,4.653823,0.07662508,-1.796984,4.989298
5021,4.870455,0.05949364,-0.7767152,4.932358
5022,4.750546,0.2956811,-0.1043321,4.760882
5023,4.846609,0.3187234,-1.182295,4.998902
5024,4.721435,0.180936,-1.63456,4.999647
5025,4.929278,0.190239,-0.8137035,4.999609
5026,0.8179664,4.376055,-1.76416,4.788651
5027,-1.090335,-0.2202495,0.01886934,1.112518
5028,-1.08795,-0.2214675,0.01746537,1.110399
5029,4.50821,-1.472762,1.583356,5
5030,3.941631,-2.79948,-1.275327,5
5031,0.05398329,0.3557811,0.6995073,0.7866415
5032,-0.09340075,-0.1078902,0.7371706,0.7508558
5033,-0.06357315,0.3524957,0.924185,0.9911673
5034,-0.1732796,-0.01357763,1.080552,1.094442
5035,-0.1826034,0.4247488,0.9579222,1.063659
5036,-0.1546065,0.05651402,1.018283,1.031502
5037,0.2725258,0.3718396,1.106242,1.19846
5038,0.2729845,0.3713923,1.106351,1.198527
5039,4.09378,-0.1442648,2.867081,5
5040,4.787348,1.389852,-0.386794,5
5041,4.826453,1.289637,-0.205402,5
5042,4.817273,0.637938,1.177673,5
5043,4.817083,0.6389359,1.177909,5
5044,4.839659,1.256056,-0.004509126,5
5045,3.523135,-3.099909,1.725712,5
5046,-1.285231,-1.353724,-4.638493,5
5047,-0.1329739,0.2829082,1.0047,1.052207
5048,0.4563725,-0.06635734,1.025645,1.124557
5049,-0.04941567,0.003522808,0.8719962,0.8734024
5050,-0.0969405,0.264173,1.239908,1.271438
5051,-0.05472864,-0.2281073,1.086147,1.11119
5052,-0.03782773,-0.06736638,0.9440839,0.9472399
5053,-0.03866665,-0.3358575,0.9346939,0.9939558
5054,-0.1312822,0.03111384,1.095412,1.10369
5055,-0.9843374,0.8704161,-4.824257,5
5056,-4.081824,-1.116179,2.663242,5
5057,0.7292091,0.2958502,1.190329,1.426939
5058,-0.2531993,0.1729641,1.136944,1.177569
5059,-0.2508504,0.1730099,1.143781,1.183677
5060,-0.2581186,0.06948119,2.23515,2.251077
5061,-0.353956,0.03673581,0.6537102,0.7442926
5062,1.614658,0.06491099,-0.3204981,1.647438
5063,-0.3529044,0.03563554,0.6535894,0.7436333
5064,-0.257709,0.06959453,2.233996,2.249888
5065,0.7313147,0.2956878,1.18793,1.425984
5066,4.425661,0.2350478,-2.313507,4.999403
5067,4.241479,0.2404794,-0.9309071,4.349087
5068,3.900862,0.09440453,-1.566462,4.204692
5069,3.841197,0.1325911,-1.774771,4.23346
5070,3.706001,0.1213764,-2.195677,4.309313
5071,3.371902,0.1008544,-1.919093,3.881084
5072,4.908271,0.1906146,-0.9319965,4.999608
5073,0.9159585,4.609229,0.7879527,4.764959
5074,1.761045,4.165653,-2.132148,5
5075,-0.2080333,1.058476,0.001257025,1.078727
5076,-0.05574781,0.9729884,0.01574363,0.9747113
5077,0.002240167,0.9633105,0.01314108,0.9634027
5078,-0.2236069,1.070932,-0.009132179,1.094065
5079,-0.187359,1.110078,-0.003054786,1.125783
5080,0.05660208,1.119437,0.03338708,1.121364
5081,-0.01239242,1.041342,0.01807846,1.041573
5082,-0.3179634,1.176068,-0.03322242,1.218745
5083,-0.237786,1.289807,0.02778974,1.311837
5084,1.349168,3.99992,2.545643,4.929494
5085,1.86448,3.977368,2.268942,4.944071
5086,-1.312344,4.824702,1.704907E-08,5
5087,4.484902,0.9197204,2.009915,4.999999
5088,-0.0470596,0.3276801,0.3766591,0.5014588
5089,-0.02674951,0.2655214,0.4505795,0.5236784
5090,-0.14722,0.09294707,0.7466356,0.7666666
5091,-0.07653818,0.1812952,0.6083953,0.6394301
5092,-0.06387404,0.631858,0.7398884,0.9750689
5093,-0.1101468,0.06802688,0.6404232,0.6533772
5094,-0.005952768,-0.07972631,0.679022,0.6837123
5095,-0.6434553,0.3287882,1.279319,1.469283
5096,-0.04844846,0.458037,0.9100785,1.019994
5097,-0.6415593,0.33017,1.278524,1.468071
5098,-0.02270948,0.2667403,0.4478972,0.5218027
5099,4.59131,-1.939783,0.3963856,5
5100,4.829543,0.374926,1.23893,5
5101,4.869644,1.028194,0.4789408,5
5102,4.562816,0.37038,1.110732,4.710647
5103,4.467778,1.556662,-1.617333,5
5104,2.580072,-0.03822134,-4.282729,5
5105,3.650809,2.808634,1.945038,5
5106,-0.04232457,0.02485283,1.06215,1.063283
5107,-0.22659,0.5092732,1.164179,1.290742
5108,0.07978405,0.1459727,0.6053535,0.6277949
5109,-0.05181469,0.1913092,1.139151,1.156265
5110,-0.05155438,0.149563,0.968328,0.9811656
5111,-4.552367,0.07996493,-2.066292,5
5112,-1.016441,0.1066121,0.1437071,1.032071
5113,-1.012906,0.1193214,0.1426206,1.029834
5114,2.512567,-0.0920919,0.03056259,2.51444
5115,0.7475465,0.2732594,0.2325438,0.8292003
5116,-1.308789,0.4021934,0.6707234,1.52465
5117,2.512169,-0.09165925,0.03118889,2.514034
5118,-1.014848,0.1191707,0.1284396,1.029862
5119,1.87927,0.01299944,0.1700135,1.88699
5120,0.1830137,0.2405722,1.405265,1.437407
5121,2.449837,0.07534081,0.4680921,2.495293
5122,0.1750053,0.2404971,1.405093,1.436229
5123,3.099286,0.0958023,-1.046369,3.272558
5124,2.45863,0.0751349,0.4675539,2.50382
5125,0.802132,0.1486713,0.4196094,0.9173826
5126,2.256264,-2.674966,3.392688,4.874064
5127,0.7759858,4.528302,1.23026,4.756176
5128,1.866676,4.382315,0.4615988,4.785628
5129,4.875244,1.004051,-0.3390756,4.989097
5130,4.451784,0.0515671,2.161946,4.949248
5131,-0.1777411,0.3364339,0.4198203,0.566594
5132,-0.1778039,0.3303497,0.4096608,0.5554883
5133,-0.1479771,0.2357628,0.7123992,0.764849
5134,-0.1583196,0.3153392,0.5670587,0.6678769
5135,-0.2043143,0.1952234,0.4707657,0.549069
5136,-0.2046306,0.1955997,0.4708993,0.5494353
5137,0.4240012,0.06209274,0.2879197,0.5162657
5138,0.5599172,0.4255433,0.5371053,0.8849161
5139,4.325741,1.511213,-2.00105,5
5140,4.792059,-1.065575,-0.9490634,5
5141,4.951185,-0.005791833,-0.696946,5
5142,4.151463,0.6785104,0.6231605,4.252452
5143,4.719245,0.9406281,-1.35792,5
5144,3.937458,1.812843,-0.9458228,4.436728
5145,4.338305,-2.339617,-0.1800331,4.932252
5146,4.822859,-0.2781322,-1.289446,5
5147,4.822282,-0.2774165,-1.291755,5
5148,2.296047,2.874723,3.385873,5
5149,-0.0826361,0.0574613,0.7714398,0.7779781
5150,0.04667478,0.32734,0.8643202,0.9254077
5151,-0.06627867,0.1889754,0.8237812,0.8477736
5152,-0.08445173,0.1589548,0.9393421,0.956432
5153,0.140951,0.6580467,1.209554,1.384166
5154,-0.08423524,0.1567868,0.9359163,0.9526893
5155,-0.06975142,0.01395946,0.7986073,0.8017692
5156,0.6177257,0.1461747,0.967746,1.157361
5157,0.6252923,0.1437201,0.9667699,1.160297
5158,-3.381252,3.637984,0.5763768,5
5159,-2.095728,-1.632753,4.235805,5
5160,0.4223431,0.248259,1.109429,1.212782
5161,-0.2162677,-0.08807122,0.5852404,0.6301068
5162,-0.1989423,0.1228107,0.6503367,0.6910849
5163,-0.2155236,0.1519852,0.5584512,0.6175902
5164,-0.1579894,0.1277627,0.4297756,0.4753851
5165,0.0593017,-0.104274,0.4151706,0.4321532
5166,-0.1978435,0.1359657,0.3905112,0.4583969
5167,0.007011231,0.2622328,0.5014963,0.5659627
5168,-0.1311744,-0.06780204,0.3441187,0.3744617
5169,-0.06934451,0.3549328,0.6950387,0.7834952
5170,2.994522,2.162671,-3.369821,5
5171,4.654937,0.5019842,-1.754872,5
5172,4.882444,0.166046,-1.064973,5
5173,4.58836,1.336742,-1.469719,5
5174,4.717872,1.505401,-0.6895306,5
5175,4.736803,1.390104,-0.7939191,5
5176,4.959689,0.6181289,-0.1392817,5
5177,4.959772,0.6177143,-0.1381693,5
5178,4.736877,1.39027,-0.7931843,5
5179,1.836429,-3.587086,2.959788,5
5180,0.1534262,0.9305982,0.1489186,0.9548452
5181,-0.07227025,0.09098957,0.7126973,0.7221077
5182,0.1134751,0.08475242,0.8777189,0.8890726
5183,-0.107414,0.3708132,0.6133664,0.7247472
5184,0.1144524,0.07752913,0.8807073,0.8914906
5185,-0.1059492,0.3847174,0.4945544,0.6354658
5186,-0.08192414,0.3014607,0.7122836,0.7777776
5187,0.5357688,0.2735191,1.165873,1.311915
5188,-0.1044436,0.3200759,0.7002394,0.7769764
5189,-0.06803919,0.1936493,0.8787546,0.9024073
5190,4.118878,2.662468,-0.9726821,5
5191,4.120338,2.660039,-0.9731406,5
5192,-4.784413,-1.345205,0.547557,5
5193,0.3195609,-0.100056,1.128136,1.176784
5194,0.01148869,-0.1964768,1.003854,1.022966
5195,0.2048989,0.03107471,1.185366,1.203346
5196,0.3498199,-0.1397059,1.174817,1.233729
5197,0.3049181,-0.04264165,1.166676,1.206617
5198,-0.02163022,-0.2849441,0.9571109,0.9988605
5199,-0.02165757,-0.2874057,0.9567868,0.9992557
5200,0.2667942,-0.05280859,1.138126,1.17017
5201,0.3379388,0.5957312,0.4199761,0.8034166
5202,-0.2020453,0.2544159,0.5617139,0.6489007
5203,-0.02202649,0.2919485,0.4772602,0.5599074
5204,-0.2149012,0.3307163,-0.001008981,0.3944069
5205,-0.195676,0.3616888,0.2471858,0.4798007
5206,-0.1769186,0.1844052,0.3293187,0.4168408
5207,0.02093588,0.006418746,0.3209979,0.3217439
5208,-0.1768077,0.1891277,0.325399,0.4158302
5209,0.01636139,0.008708958,0.3212136,0.3217479
5210,4.641987,0.08934324,-1.855795,5
5211,4.682929,1.605181,-0.7025464,5
5212,4.741914,1.517409,-0.4601321,5
5213,4.898305,0.6577833,-0.7575821,5
5214,4.864966,1.151676,0.07578733,5
5215,4.893044,0.7817213,-0.6686069,5
5216,4.85002,0.8523784,-0.866463,5
5217,4.89603,0.8060145,-0.6158203,5
5218,4.84374,0.6792765,-1.037673,5
5219,4.969318,0.1275665,-0.5381507,5
5220,2.190676,-4.03412,1.981619,5
5221,-0.09678899,0.3196888,0.3415596,0.4777363
5222,0.009407207,0.5116013,0.8046868,0.9535959
5223,-0.002389556,0.208944,0.7516986,0.7802013
5224,-0.1186773,0.1672894,0.3838395,0.4352044
5225,-0.003651083,0.2106211,0.7453781,0.7745729
5226,-0.08574593,0.4922912,0.5052173,0.7105965
5227,-0.1041964,0.5535867,0.6667884,0.8728814
5228,-0.08835282,0.1737694,0.3980118,0.4431877
5229,4.005157,2.992332,0.06833795,5
5230,3.637827,3.430073,0.02846319,5
5231,2.795297,4.095339,0.6438244,5
5232,3.945081,3.071094,-0.06871337,5
5233,2.877665,4.066454,-0.4277721,5
5234,-2.72223,1.761581,3.806087,5
5235,0.1828024,0.2360541,1.017549,1.060445
5236,-0.01618853,-0.1178546,0.7973741,0.8061992
5237,-0.0294741,-0.1768278,0.8468363,0.8656029
5238,0.03139987,-0.0759621,1.172776,1.175653
5239,-0.01148925,-0.1842514,0.9648744,0.9823763
5240,0.04746745,0.1512924,1.141872,1.152829
5241,-0.02652982,-0.05304671,0.8202999,0.8224413
5242,-0.01173756,-0.1843107,0.9650033,0.9825169
5243,0.04722127,-0.1848061,0.9470141,0.9660325
5244,-0.02086113,-0.09304849,0.8444945,0.8498612
5245,-0.2513365,0.0844159,0.2970653,0.3981757
5246,-0.1941509,0.4679668,0.3080204,0.5929284
5247,-0.1867313,0.1463682,0.1412212,0.276108
5248,-0.1322038,0.08715487,0.0716984,0.1738231
5249,-0.1775968,0.2076402,0.2730985,0.3863132
5250,-0.2808075,0.2237991,0.3949242,0.533764
5251,-0.1472801,0.1090772,0.1408713,0.2311579
5252,-0.2622003,0.2675815,0.03075488,0.3758919
5253,-0.1957393,0.4714508,0.3231936,0.6041803
5254,-0.131335,0.09387811,0.07185288,0.1767054
5255,4.920233,0.6838803,-0.5688748,5
5256,4.870057,-0.01847521,-1.132342,5
5257,4.652133,-0.2698029,-0.2724376,4.667907
5258,4.899093,0.8262402,-0.5623294,5
5259,4.956213,0.3742439,-0.5439572,5
5260,4.786298,1.039749,-1.005127,5
5261,4.950037,0.6186953,-0.3381477,5
5262,3.860603,0.4393587,-0.2840664,3.895893
5263,4.811493,0.8901136,-0.604512,4.930335
5264,4.545681,0.601006,-0.3754768,4.600588
5265,4.944967,0.6983669,-0.2440988,5
5266,4.733128,1.593005,0.2446258,5
5267,0.6882385,0.6585984,4.908419,5
5268,-0.6245375,0.16404,-4.958129,5
5269,-0.6052239,0.9284821,-0.03450423,1.108858
5270,-0.6391094,0.8494822,0.0096715,1.063097
5271,-0.6375799,0.8461745,0.02374177,1.059756
5272,-0.4486007,0.8631319,-0.04371299,0.97373
5273,-0.6015642,0.9274371,0.01585822,1.105564
5274,-0.447682,0.8621222,-0.03002774,0.9718928
5275,3.880714,3.018545,0.2266884,4.92168
5276,2.239438,3.973521,1.373613,4.763483
5277,1.887924,4.288299,1.745349,5
5278,-0.1231543,0.2226674,0.7044327,0.7489815
5279,-0.1261937,0.4164681,0.7788413,0.8921683
5280,-0.1339384,0.4981624,0.534411,0.7427653
5281,-0.1230292,0.2242736,0.7070001,0.7518538
5282,-0.1248503,0.4160925,0.7786097,0.8916017
5283,-0.1211686,0.4819572,0.7614312,0.9092535
5284,-0.1371749,0.3098309,0.5450329,0.6417733
5285,4.381277,2.350807,0.5273634,5
5286,4.124484,2.813575,0.269124,5
5287,4.380162,2.352057,0.5310436,5
5288,2.992364,3.999314,0.2263781,5
5289,4.376264,2.417855,0.04788494,5
5290,3.534654,3.527939,-0.2446866,5
5291,3.651859,3.348751,0.6706712,5
5292,4.37769,2.415359,0.04330811,5
5293,3.650864,3.348382,0.6778904,5
5294,-3.940256,2.936622,-0.9222996,5
5295,-0.0360628,0.001013408,0.779048,0.7798829
5296,0.01300546,0.255497,1.109039,1.138163
5297,-0.07052639,0.437064,1.051945,1.14131
5298,-0.02835109,0.001961479,0.5546998,0.5554273
5299,-0.02854733,0.0006035315,0.557466,0.5581968
5300,-0.01382804,0.4129524,0.9339126,1.021231
5301,0.3159216,-0.004698742,0.9257233,0.9781576
5302,-0.06371009,0.4388275,1.054104,1.143575
5303,-0.02537558,0.04940206,0.7753913,0.7773778
5304,-0.2703089,0.7272704,0.142146,0.7887931
5305,-0.1836352,0.7904081,0.07734793,0.8151377
5306,-0.1836151,0.8033449,0.07738566,0.8276872
5307,-0.132362,0.5157672,0.09740975,0.541317
5308,-0.27048,0.7277176,0.1422487,0.7892826
5309,3.59823,0.6616125,0.5109897,3.694063
5310,2.858017,0.1167273,0.3146867,2.877657
5311,2.943632,0.3777029,0.3618901,2.989748
5312,2.943555,0.3811133,0.3616535,2.990076
5313,3.654835,0.6884487,0.3166226,3.732564
5314,3.771703,0.06446113,0.4589518,3.800071
5315,4.304738,0.3495663,0.5176064,4.349814
5316,-4.108721,-2.848363,0.0723656,5
5317,4.793,-1.09443,0.8651652,4.991907
5318,3.100261,-1.343282,3.501362,4.865754
5319,0.3589337,-1.851472,4.399148,4.786365
5320,0.4091725,0.3998561,0.6071522,0.8342307
5321,-0.1420572,0.05084259,0.2596107,0.3002714
5322,-0.1914451,-0.04533238,0.5264269,0.5619889
5323,0.2754578,0.5714757,0.5178457,0.8189173
5324,-0.1226896,0.1211676,0.4797983,0.5098438
5325,0.2669636,0.3895518,0.5616115,0.7337763
5326,0.2517827,0.3351727,0.6717567,0.7918285
5327,3.997149,2.69347,0.3087998,4.829839
5328,3.915586,3.046785,0.6207115,5
5329,3.462253,3.585414,0.3970078,5
5330,4.136576,2.808642,-0.016381,5
5331,4.141309,2.734423,0.6103201,5
5332,3.90512,2.265243,0.674808,4.564718
5333,3.91342,1.916019,0.2859333,4.366663
5334,3.919695,3.017988,0.7264587,5
5335,3.920142,3.01732,0.7268156,5
5336,4.549277,2.041201,0.37092,5
5337,4.548828,2.04233,0.3702129,5
5338,0.6785796,-4.611113,1.810295,5
5339,-0.03887216,-0.009138742,0.4623155,0.4640369
5340,-0.03929692,-0.0006112094,0.4582517,0.459934
5341,-0.04229569,0.06798486,0.618233,0.6233963
5342,-0.03517985,-0.07722855,0.5107083,0.5177111
5343,-0.04230074,0.07431304,0.6122332,0.6181758
5344,0.09257361,0.2940021,0.8061698,0.8630857
5345,0.09788378,0.1729701,0.5914381,0.6239382
5346,0.08569404,0.3107273,0.6174864,0.6965518
5347,-2.850089,3.829567,1.487082,5
5348,-0.1497326,0.2801361,0.2485994,0.4033581
5349,-0.1397135,0.3843763,0.3087978,0.5124657
5350,0.4107042,0.829681,0.5114819,1.057668
5351,-0.5382755,0.364305,0.3049948,0.7179697
5352,0.1451555,0.6473682,0.1860405,0.6890332
5353,-0.1052976,0.1291543,0.3721173,0.4077251
5354,-0.13774,0.1583752,0.4191546,0.4687703
5355,0.393521,0.8523157,0.4314441,1.033172
5356,-0.1241465,0.2693278,0.2171133,0.3675432
5357,4.119268,2.761062,0.638881,5
5358,4.568998,2.024427,0.1610987,5
5359,4.148747,2.113079,0.4473397,4.677319
5360,4.322052,2.512681,-0.07938871,5
5361,4.450953,2.259308,0.2907664,5
5362,4.450677,2.259798,0.291181,5
5363,4.32233,2.512202,-0.07942223,5
5364,4.281413,2.076208,0.7137365,4.811502
5365,4.505981,1.98296,0.4083691,4.939916
5366,4.174724,2.001405,0.3014714,4.639485
5367,0.1140098,0.4355048,0.8169475,0.9327732
5368,-0.05410223,0.1400172,0.3346218,0.3667473
5369,0.05484448,0.1747227,0.6600223,0.6849565
5370,-0.05415202,0.1403264,0.3345703,0.3668258
5371,-0.0667115,0.4790597,0.6333981,0.7969578
5372,-4.177464,1.069907,-2.530631,5
5373,3.137525,0.6426467,3.839654,5
5374,0.05169161,0.6640012,0.2022258,0.6960351
5375,0.2921893,0.6439213,0.1674815,0.7266768
5376,-0.121387,0.1125588,0.1541225,0.2261814
5377,-0.1566543,0.06494719,0.07405241,0.1850472
5378,-0.1541048,0.3018778,0.1838985,0.3856127
5379,0.329623,0.6470331,0.2106711,0.7560989
5380,0.2253947,0.5984998,0.1434225,0.6554196
5381,-0.1566628,0.05792112,0.07862274,0.1846067
5382,-0.1594134,-0.1737453,0.193469,0.3050088
5383,0.11755,0.4084047,0.2530873,0.4946368
5384,4.559114,2.050083,0.1078487,5
5385,4.456183,2.265958,-0.08868902,5
5386,4.41135,2.208864,0.8129665,5
5387,3.923561,1.781844,0.7126386,4.36774
5388,4.481596,1.324832,0.131525,4.675167
5389,4.559035,2.050268,0.1077257,5
5390,4.459741,0.7657801,2.127038,5
5391,-4.601501,-1.369776,1.396386,5
5392,-0.04838879,0.1339141,0.4792857,0.4999892
5393,-0.05891207,0.1631734,0.331282,0.3739572
5394,-0.04837159,0.2403498,0.4356285,0.49988
5395,-0.05286246,0.119927,0.4867355,0.5040718
5396,0.7141085,0.3156551,0.4553242,0.9038303
5397,-0.08471444,0.04952436,0.5038941,0.51336
5398,-0.04830092,0.2381997,0.4434521,0.5056895
5399,0.2090268,0.5992323,0.6485932,0.9074385
5400,4.43955,2.225427,-0.5812661,5
5401,-3.39891,0.482296,3.184805,4.682754
5402,0.1135073,3.927991,2.293066,4.549741
5403,-0.135306,0.7573576,0.2435426,0.8069766
5404,-0.1617361,0.535174,-0.005227071,0.5591038
5405,-0.1754689,0.3680829,0.2949947,0.5032854
5406,0.1503975,0.3211177,0.01975758,0.3551427
5407,0.4202449,0.5767369,-0.1089773,0.7218776
5408,-0.1383057,0.3333499,0.02674631,0.3618922
5409,-0.151541,0.4306095,0.1421526,0.4781177
5410,-0.13398,0.6481315,0.01089554,0.6619244
5411,-0.1601791,0.1225846,-0.02868565,0.2037331
5412,4.198507,1.46384,-0.1412347,4.448622
5413,4.200583,1.462387,-0.1395694,4.450051
5414,4.648984,1.833568,0.1580431,5
5415,4.718783,1.563958,0.1335166,4.972998
5416,4.660903,1.775378,0.352158,5
5417,4.127726,1.674868,0.3154009,4.465734
5418,4.506633,1.483956,0.3921084,4.760842
5419,4.768034,1.4818,0.2647956,5
5420,4.850326,1.150205,0.3890638,5
5421,4.055258,0.5444155,-2.873759,5
5422,-3.377353,-3.420428,1.376287,5
5423,-0.638222,0.6584153,-0.02586547,0.9173369
5424,-0.6383535,0.6573694,0.0001261086,0.9163132
5425,-0.5676319,0.6044466,-0.01322577,0.8292989
5426,-0.4743953,0.607363,-0.02210171,0.7709923
5427,-0.5677859,0.6045036,-0.01796378,0.8295348
5428,-0.4726998,0.609361,-0.02803556,0.7717201
5429,-0.4913496,0.6504045,0.04303522,0.8162735
5430,-0.4919048,0.651264,-0.01741143,0.8163444
5431,-0.03581687,0.3463964,0.3414983,0.4877442
5432,-0.08089291,0.7629523,0.3382291,0.8384742
5433,0.04440289,0.7815709,0.4962957,0.9268948
5434,0.22546,0.7248754,0.6030531,0.96951
5435,0.04400785,0.7756715,0.4971057,0.9223433
5436,-0.04614094,0.3770609,0.5071407,0.6336368
5437,-0.05364821,0.2640183,0.6234455,0.6791672
5438,-0.06437638,0.3162885,0.3352166,0.4653525
5439,2.298123,3.449943,2.758372,4.979166
5440,-1.339365,2.273611,4.246975,5
5441,-1.104664,2.734776,4.037415,5
5442,-0.3345655,1.711251,4.686116,5
5443,-0.3345724,1.715351,4.684617,5
5444,-0.05493808,0.4406254,0.1339982,0.4638151
5445,0.2340222,0.6476973,0.04831425,0.6903712
5446,-0.2271108,0.550584,0.1022617,0.6043008
5447,-0.2201802,0.6023107,0.07343759,0.6454847
5448,-0.2272515,0.5539504,0.1023381,0.6074351
5449,-0.05664198,0.4357734,0.1340831,0.4594399
5450,-0.03213198,0.529967,0.1350796,0.547854
5451,0.004068392,0.3669738,0.1426323,0.3937389
5452,4.961808,0.2362188,0.5413033,4.996833
5453,3.854897,1.157085,0.3638324,4.041219
5454,4.980108,-0.1432459,0.4008051,4.998264
5455,4.837678,0.6206731,0.2995354,4.886521
5456,4.233473,0.9239351,0.4587441,4.357338
5457,3.939928,0.4290339,0.280596,3.973139
5458,-2.085906,-0.2738934,4.309062,4.79521
5459,2.268838,-1.851728,3.849959,4.837221
5460,-0.08478697,0.2083064,0.3400299,0.4076772
5461,-0.08669023,0.5925581,0.08062726,0.6042691
5462,-0.0854974,0.2122968,0.3451194,0.41411
5463,-0.1132488,0.4558038,0.3433245,0.5817681
5464,-0.09441073,0.3106576,0.3565045,0.4822002
5465,0.3190443,0.7713093,0.1124227,0.8422269
5466,-3.554401,0.7553862,3.434476,5
5467,0.3382327,0.1542025,0.444518,0.5794618
5468,0.3087781,0.3855249,0.4835347,0.6912157
5469,0.1903852,0.3912625,0.5914553,0.7342699
5470,1.32414,-0.1127214,0.6982383,1.501196
5471,-0.7505118,3.678871,3.301915,5
5472,2.344972,-2.399183,3.707429,5
5473,-0.8454582,-1.166009,4.788071,5
5474,-2.294407,2.596685,3.60457,5
5475,-2.060162,-0.7017983,4.501467,5
5476,2.343644,-2.401062,3.707052,5
5477,-0.00716359,0.08712536,4.999236,5
5478,-0.03578265,0.06106379,4.999499,5
5479,0.1551703,1.138468,0.01473043,1.149088
5480,-0.05964224,0.5213618,0.3492219,0.6303422
5481,-0.07470182,0.3411601,0.276428,0.4454021
5482,-0.0419831,0.7444814,0.2646164,0.791225
5483,-0.06847879,0.5790474,0.2895413,0.6510141
5484,-0.06501835,0.5771179,0.2897792,0.6490489
5485,-0.08895806,0.4049449,0.3730565,0.557732
5486,0.1689683,0.8013681,0.4554147,0.9370932
5487,0.06967141,1.005625,0.3853672,1.079186
5488,0.4006707,0.5295623,0.296136,0.7270968
5489,0.05902405,0.3840524,0.2412933,0.4573866
5490,-0.01152766,0.2714406,0.2290755,0.3553708
5491,-0.02039193,0.2099278,0.3578553,0.4153865
5492,0.4082661,0.4366714,0.2180908,0.6363386
5493,-0.02046259,0.2172813,0.3556448,0.4172686
5494,0.3922703,0.3955091,0.2963184,0.630958
5495,0.3892744,0.3964149,0.2948418,0.6289762
5496,1.261323,0.1320708,0.9448689,1.581504
5497,1.287244,-0.03237667,0.616718,1.427721
5498,1.079301,-0.1184911,0.820642,1.361023
5499,1.075204,-0.1170719,0.8166641,1.355253
5500,1.291164,-0.03396145,0.6241762,1.434523
5501,1.4808,-0.0936574,0.6700172,1.628025
5502,2.997319,-2.903327,-2.754408,5
5503,1.154789,-2.887668,-3.915077,5
5504,1.986439,-2.27178,3.986612,5
5505,-2.498166,-0.7446193,4.266698,5
5506,0.6531917,0.09313745,4.956275,5
5507,1.699491,0.8289811,4.628663,5
5508,0.9490098,-0.3051495,-0.02653875,0.9972162
5509,-0.1094481,0.316559,0.2446026,0.4147517
5510,-0.1177675,0.3092155,0.1220476,0.3526741
5511,-0.09397124,0.3313393,0.05602202,0.3489338
5512,-0.07783957,0.2785352,-0.03104318,0.2908686
5513,0.03196485,1.045292,0.2239958,1.069501
5514,0.4215282,0.8857651,0.3857,1.054054
5515,0.003839088,0.8165396,0.3994863,0.909033
5516,-0.6958382,-0.5930972,4.915694,5
5517,-0.02375687,0.2943328,0.1500055,0.3312066
5518,0.1282713,0.5942696,0.4524532,0.7578416
5519,-0.04637785,0.4703564,0.2734655,0.5460489
5520,-0.02348504,0.2957235,0.1465323,0.3308711
5521,-0.03934731,0.2711144,0.2410289,0.364892
5522,-0.02661761,0.1881485,0.3401445,0.3896237
5523,0.1545906,0.5421079,0.2991515,0.6381778
5524,-0.02409402,0.2855924,0.1144689,0.3086206
5525,-2.404762,3.478466,-2.558782,4.942668
5526,1.38815,0.004440977,0.6904853,1.550403
5527,1.440195,-0.1192237,0.7606325,1.633077
5528,1.388636,0.004221282,0.6928843,1.551907
5529,1.414624,0.3751975,0.3654714,1.508478
5530,1.400454,0.3433398,0.7980264,1.648029
5531,1.606925,0.02143337,0.6201277,1.722564
5532,1.400911,0.2852421,0.7677392,1.622757
5533,1.524014,0.5528114,0.4384531,1.679423
5534,1.420171,0.3750079,0.3634056,1.513136
5535,1.526477,0.5532286,0.4387524,1.681873
5536,4.53898,1.135794,1.762845,5
5537,3.458625,-0.5162966,-3.573703,5
5538,1.618468,-4.70956,-0.4478794,5
5539,-1.286351,-3.851944,2.916818,5
5540,2.779026,-3.610626,2.059222,5
5541,0.6519584,-2.858623,4.05009,5
5542,-1.476938,-2.96813,3.742841,5
5543,4.332552,-0.6588197,2.40727,5
5544,1.790095,-4.659467,0.2914231,5
5545,-4.196277,-2.541869,0.9644495,5
5546,-0.4064673,-0.02511812,-0.04133881,0.4093354
5547,-0.8542483,0.1357824,-0.14061,0.8763266
5548,-0.4045551,-0.03050123,-0.04240456,0.4079134
5549,-0.8558381,0.1307462,-0.1408521,0.8771503
5550,-0.09429729,0.4623503,0.1504267,0.4952656
5551,0.2898591,0.69353,-0.01496541,0.7518153
5552,-0.1569485,0.6515527,0.1505889,0.6868994
5553,-0.1041994,0.3437856,-0.007301954,0.359304
5554,-0.1317406,0.4725491,0.0208142,0.4910107
5555,-0.2122861,0.5732548,0.02748614,0.6119166
5556,-0.1571748,0.6542161,0.146527,0.6886021
5557,-0.1252895,0.7095131,0.2613738,0.7664349
5558,-0.214493,0.5763205,0.03162339,0.6157537
5559,-0.1007243,0.7278501,-0.03625251,0.7356803
5560,-0.07947332,0.8678742,-0.1100296,0.8784237
5561,-0.1075691,0.4666526,0.1596215,0.5047918
5562,1.420536,-1.408901,-4.582256,5
5563,-2.111939,-0.3864505,-4.51557,5
5564,0.03676818,0.5755748,0.08956013,0.5836602
5565,-0.03736868,0.2091473,0.09369273,0.2322011
5566,0.103882,0.4328295,0.2282268,0.5002203
5567,-0.03710736,0.3445454,0.04064962,0.3489138
5568,-0.03710551,0.3467264,0.03245095,0.3502129
5569,-0.04737079,0.443307,0.2580109,0.5151066
5570,-4.142767,2.700782,-0.2995463,4.95444
5571,1.884018,0.07506467,0.4944673,1.949271
5572,1.816157,0.558211,0.4071036,1.943131
5573,1.669973,0.09962339,0.5341986,1.756162
5574,1.648119,0.3073339,0.7341728,1.830235
5575,1.518156,0.05067348,0.6862014,1.666804
5576,1.817041,0.5560551,0.4075967,1.943443
5577,2.068612,0.3004804,0.4352721,2.135159
5578,1.909467,0.1419007,0.8552549,2.09706
5579,1.907874,0.1428407,0.8573385,2.096524
5580,1.748245,0.4373905,0.9405327,2.032799
5581,1.154177,4.248752,2.369807,5
5582,0.4149823,3.771986,3.255751,5
5583,4.038771,-2.189263,1.973692,5
5584,1.127023,0.2034111,-4.867077,5
5585,0.6197644,-4.437377,2.219363,5
5586,-2.283077,-1.292605,4.256375,5
5587,-2.340483,-2.420529,3.696373,5
5588,0.7127503,-0.008648193,0.3467416,0.7926648
5589,-0.944535,-0.03252565,1.30594,1.612043
5590,0.712345,0.0269762,0.3461269,0.7924436
5591,-0.08987794,0.1170194,0.3893445,0.4163661
5592,-0.06498466,0.112077,0.463013,0.4807965
5593,-0.0894204,-0.07931194,0.3906816,0.4085566
5594,-0.6654405,4.811962,1.184149,5
5595,0.1731505,0.5330275,0.1097764,0.5710956
5596,-0.1197112,0.597242,0.0335055,0.6100421
5597,-0.1689588,0.6044453,0.06065629,0.6305397
5598,-0.166259,0.8619217,0.05591303,0.8795893
5599,-0.1689877,0.5966552,0.06058113,0.6230766
5600,-0.1768231,0.3173383,0.065627,0.369157
5601,0.1734647,0.5331008,0.1096709,0.5712392
5602,4.952112,0.6893066,0.03806636,5
5603,3.376798,3.179331,0.0126827,4.638003
5604,4.393414,2.387024,0.005978986,5
5605,4.394716,2.384627,0.004408285,5
5606,3.37606,3.176559,-0.005917074,4.635552
5607,4.95224,0.6883999,0.03773529,5
5608,3.962095,0.6072114,2.839387,4.91213
5609,4.945175,-0.4122202,0.5820044,4.996339
5610,3.580185,3.285846,1.118216,4.986473
5611,0.1565882,0.591162,0.1061342,0.6206906
5612,-0.06328183,0.2742935,0.3705386,0.465339
5613,-0.02943575,0.6259678,-0.02021253,0.6269854
5614,-0.04542704,0.4304537,-0.0443004,0.4351051
5615,-0.06985907,0.2164977,0.04081973,0.2311229
5616,0.6297305,0.3041428,0.1626208,0.7179895
5617,0.04314895,0.6438545,0.4264503,0.7734793
5618,3.147216,-0.03515708,3.885073,5
5619,2.0274,0.09441616,0.5309724,2.097903
5620,1.979678,0.05726863,0.4444962,2.029774
5621,1.921174,-0.1433243,0.6562659,2.035224
5622,1.769078,0.3564527,0.5063791,1.87433
5623,2.17134,0.0769513,0.60701,2.255903
5624,2.145473,-0.1200252,0.7110626,2.26342
5625,2.057587,0.3586946,0.2840092,2.10784
5626,2.169317,0.0762088,0.6082886,2.254276
5627,2.037183,-0.3199512,0.762395,2.198574
5628,1.680812,0.8561382,0.542908,1.962868
5629,2.280386,-0.01799894,0.6499977,2.371283
5630,4.356061,0.01008977,-2.454513,5
5631,-0.9400678,-1.494375,4.677939,5
5632,-3.617388,2.81326,2.000018,5
5633,-0.1283908,-4.950001,0.6935501,5
5634,-1.824641,4.617368,-0.5921131,5
5635,0.2419001,0.05993433,1.051517,1.080646
5636,-0.2201386,-0.05621494,0.8175994,0.8485811
5637,0.4165244,0.1276218,0.7548841,0.8715674
5638,1.073249,0.07346471,0.8940168,1.398759
5639,-0.2407794,-0.05764496,0.8245178,0.8608875
5640,0.4106103,0.03059906,0.7669747,0.8705098
5641,1.193834,0.1139748,0.9380445,1.52255
5642,0.2419597,0.06149429,1.063497,1.092407
5643,1.181712,-2.457197,4.191151,5
5644,-0.9670124,2.019301,4.470717,5
5645,-2.691556,1.049139,4.081033,5
5646,-1.662384,2.343911,4.091767,5
5647,-2.632639,1.856724,3.823845,5
5648,-2.403924,2.344897,3.704404,5
5649,-3.22358,1.343511,3.578199,5
5650,-0.05259742,0.4210137,0.06656509,0.4294763
5651,-0.03518858,0.4713166,0.01264364,0.4727974
5652,-0.0406944,0.3305276,0.1345007,0.3591587
5653,-0.02564393,0.7353403,0.02838096,0.7363344
5654,0.06029722,0.782909,0.1651836,0.8024138
5655,-0.05261238,0.4208424,0.0665703,0.429311
5656,-0.03509763,0.4747458,0.007228526,0.4760963
5657,-0.02695409,0.7346833,0.02815176,0.7357163
5658,-0.04067174,0.3426824,0.1455517,0.3745273
5659,0.04744507,0.7341997,-0.05996328,0.7381706
5660,-0.8085685,4.524022,1.969631,5
5661,2.224564,1.108809,0.6760926,2.575897
5662,1.916945,0.3962499,0.5926763,2.045228
5663,1.42408,0.02388034,0.5083209,1.512271
5664,2.05935,0.2151134,0.5539072,2.143364
5665,2.291189,-0.1949849,0.4875655,2.350593
5666,2.125017,0.05175306,0.5070166,2.185278
5667,2.637416,0.9544638,0.5584221,2.85986
5668,2.531359,-0.03194001,0.7393215,2.637309
5669,0.9067147,4.745875,-1.286289,5
5670,-0.8230914,-3.722386,-3.235177,5
5671,-2.433905,-0.3461143,4.353885,5
5672,0.01365388,0.1252068,1.074505,1.081862
5673,0.3519357,-0.01195301,1.43653,1.47906
5674,-0.2505461,-0.05360423,1.284908,1.310205
5675,0.0226995,-0.07281284,1.187493,1.18994
5676,0.01351394,0.127969,1.076719,1.084381
5677,0.8916093,-0.05080437,1.114828,1.428422
5678,0.891035,-0.04860196,1.115221,1.428294
5679,3.525691,3.497833,-0.5785041,5
5680,2.221939,4.266555,1.363634,5
5681,3.004305,2.617044,3.0208,5
5682,-2.072039,-0.9924231,4.440918,5
5683,2.429351,-1.805009,3.979975,5
5684,-0.1765972,-1.781427,4.668547,5
5685,1.114023,0.6007924,4.837148,5
5686,0.1310397,0.8969247,0.04174553,0.9074073
5687,-0.03801899,0.2531513,-0.04560615,0.260021
5688,0.008150368,0.7644847,0.1511914,0.7793344
5689,-0.06080652,0.3932561,0.06265498,0.4028318
5690,-0.06076522,0.3914322,0.06543951,0.4014896
5691,-0.06085625,0.3194932,0.07876202,0.3346384
5692,-0.02637452,0.3755001,-0.04992985,0.3797221
5693,0.01395847,0.8584608,0.07744131,0.8620598
5694,2.617698,0.1635607,0.5258717,2.675002
5695,2.490181,-0.2415036,0.7758989,2.619417
5696,2.136796,0.06304532,0.5674712,2.211763
5697,2.298417,-0.224457,0.8494746,2.460632
5698,2.274882,-0.1745597,0.4755177,2.330596
5699,2.21392,0.5468818,0.6308048,2.366101
5700,2.755435,0.209499,0.3735835,2.788525
5701,2.236817,-0.04973229,0.3634367,2.266696
5702,2.330492,0.1789569,0.4579503,2.381793
5703,2.437567,-0.1305487,0.7395127,2.550618
5704,2.129229,0.007171833,0.3625943,2.159894
5705,4.598726,0.6658962,-1.846157,5
5706,0.4954194,4.809838,-1.2728,5
5707,1.753088,-3.938347,2.533003,5
5708,0.2591641,-3.167034,-3.860405,5
5709,-0.49759,-0.1159244,1.685105,1.760856
5710,0.3072789,-0.0274593,1.294025,1.330291
5711,-0.0702061,-0.02428826,1.632308,1.633998
5712,0.1997712,-0.05841351,1.310437,1.326863
5713,0.2694243,-0.108129,1.360583,1.391211
5714,0.3093955,-0.02550327,1.286027,1.322967
5715,-0.05196607,-0.03980162,1.685531,1.686801
5716,0.2824537,-0.04275011,1.67583,1.700004
5717,-0.7256121,0.3481232,-4.934804,5
5718,-4.545199,1.658106,1.261685,5
5719,-1.206165,3.147382,3.693123,5
5720,-0.6288384,3.410359,3.601946,5
5721,-2.639947,2.118038,3.680299,5
5722,-3.033044,1.913135,3.48433,5
5723,-0.06172228,0.3357093,-0.03822055,0.3434693
5724,0.1010303,0.7439059,0.05625604,0.7528399
5725,0.01027025,0.5749793,-0.06450117,0.578677
5726,-0.09716529,0.382469,0.003836288,0.394637
5727,-0.06313915,0.4760639,-0.1568333,0.5051931
5728,-0.0516336,0.1949966,-0.1246037,0.2370986
5729,-0.06307214,0.4755284,-0.1562805,0.5045086
5730,0.02752019,0.6459633,-0.08412214,0.6519988
5731,0.02706827,0.644053,-0.08274716,0.6499108
5732,-0.05925814,0.335453,0.03552832,0.3424945
5733,0.08135943,0.7693747,0.1912126,0.7969436
5734,-0.09690727,0.3876251,0.004177669,0.3995769
5735,0.006677902,0.5786476,-0.0618775,0.5819849
5736,-1.072548,2.08407,4.416593,5
5737,2.728385,0.01916897,0.1081971,2.730597
5738,2.331141,-0.0782674,0.3759226,2.362555
5739,2.302726,0.1125288,0.6115252,2.385199
5740,2.237224,-0.08656008,0.7784975,2.370384
5741,2.538345,-0.2177547,0.5915647,2.615447
5742,1.819894,-0.0273012,0.7196428,1.957204
5743,2.2723,-0.03956378,0.3523662,2.299799
5744,2.213897,-0.03995197,0.7387115,2.33423
5745,2.766336,1.358447,0.2016808,3.088474
5746,2.335937,-0.1361198,0.4476078,2.382328
5747,-2.140673,4.210114,-1.640872,5
5748,-0.8726689,0.2477385,4.917019,5
5749,4.872067,1.062651,-0.3656968,5
5750,0.1894401,-0.06790589,1.534268,1.547409
5751,0.172347,0.08899288,1.60124,1.612945
5752,0.1744544,-0.04456313,1.57879,1.589025
5753,0.223269,-0.04767919,1.549433,1.566163
5754,0.05317509,-0.0873842,1.652755,1.655917
5755,4.538033,1.228069,1.702382,5
5756,2.002443,4.495974,-0.8811617,5
5757,0.9391018,4.143233,2.636608,5
5758,-3.182633,2.676626,2.776062,5
5759,-0.1283781,0.7034219,0.05544626,0.7171873
5760,-0.09961767,0.5966742,0.01822023,0.6052072
5761,-0.128382,0.7117383,0.05543724,0.7253458
5762,-0.03371361,0.6818807,0.0428173,0.684055
5763,-0.1026437,0.7215533,0.03884719,0.7298521
5764,-0.03391352,0.7973345,0.08041623,0.8020967
5765,-2.665422,0.7128987,0.04830761,2.759535
5766,-2.668498,0.7088274,0.05847458,2.761654
5767,-1.881681,2.205663,4.073613,5
5768,-2.909992,2.4381,3.091169,4.895682
5769,-4.429755,2.097506,0.9393665,4.990458
5770,2.394541,0.005019101,0.4375458,2.434194
5771,2.438868,0.1370548,0.172217,2.448779
5772,2.596148,0.9436795,0.6990377,2.849415
5773,2.204622,-0.05124201,0.3503415,2.232873
5774,2.040354,-0.0218677,0.5622864,2.116528
5775,2.638849,0.09004498,0.5567941,2.698454
5776,2.636852,0.0881517,0.5531467,2.695687
5777,2.395346,0.00165614,0.4294424,2.433538
5778,2.207592,-0.05156518,0.3504415,2.235829
5779,2.392382,-0.05036327,0.3121665,2.413188
5780,2.209674,-0.06378566,0.5782992,2.284985
5781,2.704232,-0.212193,0.1721328,2.718001
5782,1.004722,-3.506603,-3.419688,5
5783,-1.95517,4.601882,0.0008137624,5
5784,-2.673737,4.22428,0.08115042,5
5785,3.995841,-2.585842,1.531886,5
5786,4.399205,-0.482302,2.326881,5
5787,-2.671975,-2.692967,3.257066,5
5788,0.2239121,0.5737504,0.08973605,0.6223975
5789,0.2659914,-0.02493666,1.693889,1.714827
5790,-0.1869867,-0.04972426,1.598083,1.609754
5791,0.2971789,0.04212198,1.947423,1.970418
5792,-0.1513204,0.06524915,1.864606,1.871873
5793,0.3423655,0.05534643,1.97023,2.000521
5794,-0.2517014,0.03530306,1.748577,1.766952
5795,0.3367394,0.02957901,1.932225,1.961572
5796,-1.14005,6.503604E-05,0.4684919,1.232558
5797,-1.133195,0.1124913,0.4055288,1.208817
5798,-1.133009,0.1118652,0.4045084,1.208243
5799,-0.9897679,-0.1406627,0.2501936,1.030545
5800,-1.140791,0.06133545,0.4693775,1.235104
5801,-0.9771375,-0.1415975,0.2515505,1.018884
5802,0.249997,4.97275,0.4574561,5
5803,-0.01353813,-4.532822,2.110295,5
5804,2.603032,4.129461,1.082486,5
5805,2.529492,-0.07302735,0.5140394,2.582228
5806,2.177236,-0.06129844,0.5834967,2.254901
5807,2.866953,-0.01359537,0.2402104,2.877031
5808,2.114633,0.1337688,0.5342638,2.185179
5809,2.452883,-0.09437773,0.04157581,2.45505
5810,2.508501,-0.01979128,0.3893756,2.538619
5811,2.186382,-0.03925641,0.2392392,2.199783
5812,2.658697,0.02369095,0.1991381,2.66625
5813,2.661868,0.02435209,0.2003843,2.669511
5814,2.744154,0.9349582,0.3174948,2.91639
5815,2.49332,0.4487695,0.3785146,2.561506
5816,2.509154,0.2231109,0.2469008,2.531125
5817,-2.234821,-4.439466,0.5447172,5
5818,2.259137,-3.416708,2.867473,5
5819,0.3836155,0.7734315,0.2358804,0.8949842
5820,0.0128817,0.4995626,0.2484285,0.5580729
5821,0.01517064,0.4985636,0.2478062,0.5569593
5822,0.3797919,0.7755956,0.2318407,0.8941703
5823,0.09423627,0.05419683,1.975234,1.978223
5824,0.2866581,0.01616582,1.889566,1.911255
5825,0.2873898,0.01636155,1.89683,1.918548
5826,0.190089,-0.02191177,1.965268,1.974561
5827,0.2161763,-0.04464582,1.851484,1.864596
5828,0.09306128,-0.03069309,1.976254,1.978682
5829,0.2254376,0.04862856,1.904055,1.917971
5830,0.2513568,-0.05131418,1.901813,1.919038
5831,-0.9559761,-0.1247584,0.6406171,1.157517
5832,-1.03931,-0.03706362,0.4787602,1.14488
5833,-1.045692,-0.0817641,0.4787055,1.15296
5834,-1.038108,0.05912095,0.5605913,1.181282
5835,-1.283492,0.03789002,0.5375308,1.392023
5836,-0.9470363,0.1275782,0.7042526,1.187066
5837,2.456173,0.8366817,0.4145613,2.627676
5838,2.437972,0.7742442,0.3353129,2.579844
5839,1.904159,-4.565842,-0.7261342,5
5840,4.013217,-1.062699,2.786532,5
5841,-4.567424,-2.024603,-0.1990653,5
5842,2.349532,3.786952,2.266869,5
5843,2.891118,0.0785021,0.2062246,2.899527
5844,2.888425,0.0707579,0.2025847,2.896385
5845,2.716125,-0.01022791,0.1915344,2.722889
5846,2.614496,-0.08812995,0.2052862,2.624023
5847,2.547654,-0.1322566,-0.06560658,2.551929
5848,2.253586,0.02007808,0.1929667,2.261922
5849,2.739971,0.6858281,0.0322356,2.824685
5850,2.301563,0.006996052,0.1954753,2.309859
5851,2.323744,-0.05606904,-0.1517059,2.329366
5852,2.581983,0.230358,0.1681336,2.597686
5853,2.61104,-0.2463991,0.2783205,2.637367
5854,2.63416,0.08414327,0.1417066,2.639311
5855,-0.04197408,-2.566204,4.291018,5
5856,-1.50533,-4.677529,0.9245033,5
5857,3.780611,-2.560058,2.037911,5
5858,4.856904,-0.1455527,1.178688,5
5859,3.146407,-1.243059,3.681702,5
5860,-1.922416,-4.55938,0.7185845,5
5861,4.214556,-2.036456,1.757941,5
5862,0.4011756,0.5770763,-0.05275584,0.7047993
5863,-0.02910983,0.2700847,0.04170593,0.2748318
5864,-0.01384454,0.3234472,0.0361195,0.325752
5865,0.3786485,0.5615915,0.1240284,0.6885802
5866,0.09424224,0.4785875,0.1082218,0.4996395
5867,-0.1160678,0.4949106,0.0818873,0.514892
5868,-0.1140925,0.4957502,0.07641666,0.514417
5869,-0.02317741,0.1942924,0.1458749,0.2440619
5870,0.3986144,0.5768121,-0.05050611,0.7029626
5871,0.09581243,0.4788868,0.1079678,0.5001696
5872,-0.006038043,0.06941184,1.965095,1.96633
5873,0.03826415,0.03020719,1.835745,1.836392
5874,-0.02414804,-0.0540008,2.230408,2.231193
5875,0.1409401,0.06382852,2.137661,2.143252
5876,-0.04624662,-0.07534705,2.163861,2.165666
5877,0.009717758,-0.05461305,2.126677,2.1274
5878,0.220696,0.02590698,1.877656,1.890759
5879,-0.6330813,-0.1079895,0.968535,1.162116
5880,-0.8465201,0.01680345,0.8458884,1.196832
5881,-0.8073879,0.07527567,0.7674528,1.116479
5882,-1.057882,-0.1026495,0.8004453,1.33055
5883,-0.8389623,-0.07173548,0.9438478,1.264853
5884,-0.9007723,0.03158806,0.8535031,1.241312
5885,-1.07632,0.08343315,0.7346569,1.305813
5886,1.873803,0.4088484,-1.945606,2.731973
5887,2.553707,0.7370459,0.2844706,2.673122
5888,2.551598,0.7385715,0.2848257,2.671566
5889,2.726484,0.8080834,0.3576956,2.866122
5890,2.456293,0.8166344,0.287999,2.60446
5891,2.456538,0.8167757,0.2886091,2.604803
5892,2.779875,0.7366358,0.3013561,2.891566
5893,1.034006,4.555967,-1.781571,5
5894,0.6759783,4.783367,-1.289361,5
5895,1.69286,0.06900999,4.704196,5
5896,2.804221,0.7345669,-0.09740197,2.900471
5897,1.944536,-0.1954224,-0.1980299,1.964339
5898,2.285433,0.1031251,0.2134035,2.29769
5899,2.054511,0.1280799,0.08108861,2.060096
5900,2.464808,0.1809214,0.232727,2.482372
5901,2.741065,0.3364021,0.1888727,2.768082
5902,2.581896,0.2489357,0.09376621,2.595563
5903,2.613301,-0.1729571,0.1196718,2.621751
5904,2.701173,-0.4519033,0.03904596,2.738991
5905,2.341643,-0.2498677,0.1060399,2.357323
5906,2.347104,-0.1757418,-0.07778957,2.35496
5907,2.342009,-0.2484037,0.1036916,2.357427
5908,2.261675,1.048872,0.004824128,2.493056
5909,-2.410901,-3.38162,2.784277,5
5910,-1.983289,-4.589257,-0.07272635,5
5911,-1.273153,-4.183979,-2.423511,5
5912,-1.806551,3.602332,-2.959658,5
5913,4.677359,-1.065568,1.409566,5
5914,0.06667594,0.3637761,-0.08502619,0.3794841
5915,-0.02133312,0.2747119,0.02613035,0.2767753
5916,-0.02357268,0.2187546,-0.09054984,0.2379254
5917,-0.02934744,0.1656028,-0.06703963,0.1810521
5918,-0.02373653,0.2164298,-0.09145141,0.2361538
5919,0.07250942,0.5521252,-0.1063126,0.5669235
5920,0.06924003,0.554407,-0.1032355,0.5681715
5921,-0.02103195,0.2803531,0.02345945,0.282118
5922,0.2811075,0.6606078,0.1079977,0.726008
5923,-0.01823218,-0.0313279,1.917257,1.9176
5924,-0.2851226,-0.003819454,2.187323,2.205831
5925,-0.05207876,0.0253263,2.369424,2.370132
5926,0.01721379,0.03092793,2.173313,2.173601
5927,-0.07771038,0.00596846,2.28497,2.286299
5928,-0.2942545,-0.01969218,2.178741,2.19861
5929,-0.8099421,0.07370014,1.071506,1.3452
5930,-0.4249103,-0.04405738,1.221171,1.293734
5931,-0.4257015,0.01939923,1.223544,1.29563
5932,-0.8097754,0.06549897,1.071338,1.344541
5933,-0.3075933,-0.08996366,1.072829,1.119674
5934,-0.3058413,-0.08937154,1.06914,1.11561
5935,1.99624,-0.07158639,-1.870385,2.736501
5936,2.047519,0.08210178,-1.890488,2.788013
5937,1.870131,-0.4656212,-1.900778,2.706871
5938,1.868248,-0.4687439,-1.901863,2.706872
5939,2.047557,0.08378568,-1.890386,2.788023
5940,2.669781,0.8760232,0.5045033,2.854763
5941,2.522718,1.306417,0.7998679,2.951376
5942,2.195047,0.9785292,0.594223,2.475652
5943,2.599304,0.9566281,0.3636729,2.793525
5944,2.352121,0.9489356,0.1214286,2.539232
5945,2.353245,1.003867,0.5771849,2.622719
5946,2.531428,1.311862,0.8066081,2.96306
5947,2.537632,0.5855249,0.04294176,2.604661
5948,2.570579,1.051056,0.4082723,2.807006
5949,0.5151137,3.831903,3.170358,5
5950,-1.646311,-2.285092,4.131345,5
5951,0.5631976,-3.981088,2.972163,5
5952,-3.204326,-0.2563756,3.829696,5
5953,-3.617039,0.3126962,-3.437914,5
5954,-4.319835,-0.749037,2.40374,5
5955,0.09009857,0.852304,-4.925999,5
5956,4.738844,-0.4169223,-1.539328,5
5957,-0.01299804,2.569788,4.289058,5
5958,-4.392333,-1.968773,1.353272,5
5959,1.175871,-0.9267679,4.77058,5
5960,3.959572,-1.168791,2.820589,5
5961,1.724846,0.07286852,0.08561306,1.728506
5962,2.000983,0.4476465,0.1161398,2.05373
5963,1.933144,-0.2170537,-0.355996,1.977597
5964,2.316679,-0.1645836,-0.2808731,2.339439
5965,1.905494,-0.1317374,0.0200998,1.910148
5966,2.024924,0.4486834,-0.156063,2.079902
5967,1.903375,0.1188698,0.09127731,1.909266
5968,1.723446,0.07594265,0.08508149,1.727215
5969,1.908224,0.1169158,0.09801322,1.914313
5970,1.744967,0.482787,0.5643789,1.896449
5971,1.904572,-0.1297144,0.02088399,1.909098
5972,2.268412,0.190953,-0.2221135,2.287246
5973,1.980923,-0.5733947,-0.2999804,2.083945
5974,2.079815,-0.07151303,-0.1310382,2.085165
5975,1.813973,-0.1031739,0.4358306,1.868446
5976,2.653064,-4.083344,1.134702,5
5977,0.6688383,-2.202782,4.438514,5
5978,-0.7461343,-0.6993861,-4.894297,5
5979,-1.214235,4.818873,-0.5514492,5
5980,4.910395,0.1606543,0.9285545,5
5981,4.349225,1.850933,-1.630428,5
5982,4.531787,-1.946464,-0.8210829,5
5983,-0.05202303,0.9268253,0.01935977,0.9284861
5984,-0.09152814,0.7905545,0.01630224,0.7960023
5985,-0.08111532,0.8526917,0.008266513,0.8565811
5986,-0.05241407,0.9266281,0.01946644,0.9283134
5987,-0.09145358,0.7783014,0.01628364,0.7838252
5988,-0.06267804,0.7571993,0.001274085,0.7597901
5989,-0.08133566,0.8529997,0.008289963,0.8569088
5990,-0.06284875,0.7581257,-0.001697075,0.7607282
5991,-0.1102016,0.03577721,2.175835,2.178918
5992,-0.02745101,0.002723144,2.417063,2.41722
5993,-0.07257535,0.04624734,2.296239,2.297851
5994,3.865844,3.170997,0.005133004,5
5995,-0.04366199,0.03755675,2.208205,2.208956
5996,-0.02581905,0.002725529,2.414567,2.414706
5997,-0.1349368,-0.04646097,2.374968,2.379251
5998,-0.009861837,-0.03829267,2.208344,2.208698
5999,-0.3684785,-0.0784189,1.167473,1.226752
6000,-0.4857229,0.02440122,1.469008,1.547419
6001,-0.4843641,0.05150982,1.466768,1.545533
6002,0.1328091,-0.0003532648,1.780059,1.785006
6003,-0.3700489,0.05251329,1.167447,1.225817
6004,1.928165,0.2798616,-1.514892,2.468004
6005,1.926945,0.2797324,-1.511605,2.465019
6006,2.727399,0.7908742,0.5882622,2.900041
6007,2.398712,1.035387,0.5743709,2.675023
6008,2.545966,0.7123311,0.3873939,2.671972
6009,2.462324,0.8954089,0.3386183,2.641867
6010,2.436178,0.8803892,0.5408299,2.646232
6011,2.631514,0.8640234,0.3360198,2.790038
6012,2.40148,1.037407,0.5707399,2.67751
6013,2.68751,0.7856574,0.4770419,2.840341
6014,2.729593,0.720848,0.4012291,2.851541
6015,2.68162,0.7887164,0.5543316,2.849639
6016,2.756843,1.03902,0.6157701,3.009804
6017,2.810212,0.9629421,0.6494663,3.040782
6018,0.2783144,4.667834,1.770274,5
6019,1.964542,-2.295511,3.983868,5
6020,-3.626088,1.558558,3.069591,5
6021,3.933943,1.461433,2.718145,5
6022,-2.965276,-3.32702,2.266732,5
6023,2.222981,4.467285,0.3189389,5
6024,-0.423281,-2.625515,-4.234089,5
6025,-0.06822288,4.735571,1.603034,5
6026,4.438057,2.299492,0.1264489,5
6027,0.82039,0.05922291,0.255325,0.8612421
6028,1.077576,0.1910673,0.2285353,1.117992
6029,1.233642,-0.263005,0.2288148,1.281952
6030,1.174939,0.413537,0.2068676,1.262651
6031,1.017122,-0.1305854,0.1974744,1.044311
6032,1.045066,0.5090271,0.2557442,1.190243
6033,0.8270642,0.06542581,0.2553103,0.8680432
6034,1.050878,0.3082195,0.1965662,1.112647
6035,1.314236,0.09253865,0.2353911,1.338353
6036,4.041378,-1.812524,2.203923,4.947247
6037,2.215829,3.47212,-2.834516,5
6038,2.61748,-2.54011,3.249034,4.884627
6039,4.26726,-2.380417,-1.060238,5
6040,3.700689,-1.506942,-3.005665,5
6041,4.72698,-0.549247,1.457559,4.976996
6042,2.640329,-2.537911,3.233863,4.885714
6043,3.742079,-0.02505189,3.150252,4.891612
6044,4.384869,-2.328963,0.5611103,4.996597
6045,1.374891,-4.648907,1.162477,4.98538
6046,-0.7680858,-4.900753,0.5952939,4.99617
6047,-0.2448144,0.02680931,2.460244,2.47254
6048,-0.07552207,0.0305741,2.539235,2.540541
6049,-0.1511813,0.02542573,2.528038,2.532682
6050,-0.07268107,0.002815495,2.493135,2.494195
6051,-0.5093305,-0.07809526,1.903927,1.972424
6052,0.4988979,0.01959071,0.9476139,1.0711
6053,1.093503,-0.00101371,2.062002,2.33401
6054,-0.206745,-0.1432108,1.710682,1.729071
6055,1.093258,-0.001500509,2.06417,2.335811
6056,-0.1999221,0.04410294,1.711519,1.72372
6057,0.496658,0.4345087,0.9373342,1.146326
6058,0.7123786,0.1520929,1.272286,1.466058
6059,2.522442,0.0007419349,1.997345,3.217468
6060,2.524522,-0.0003909452,1.996984,3.218875
6061,2.565994,0.7648798,0.4134588,2.709301
6062,2.565577,0.7632813,0.4077733,2.707593
6063,2.796764,0.5558565,0.2204319,2.859975
6064,2.678842,0.7725208,0.2041317,2.79547
6065,2.676601,0.7763014,0.2069108,2.794575
6066,2.361913,0.6905452,0.3564071,2.486466
6067,-0.4710582,2.601362,-4.243939,5
6068,-1.220936,-2.701137,-4.026558,5
6069,2.3419,1.257256,-4.234951,5
6070,-2.8664,1.82731,-3.6667,5
6071,-0.05137501,0.02209035,2.214249,2.214955
6072,-0.01008022,0.01108602,2.538144,2.538188
6073,-0.06007299,0.03133924,2.655058,2.655923
6074,-0.2604225,0.007358572,2.71535,2.727819
6075,-0.07579391,0.002467144,2.647162,2.648248
6076,-0.08195072,0.03966021,2.758619,2.760121
6077,1.523526,0.03145681,2.376329,2.822952
6078,0.9943306,1.187857,2.320552,2.7901
6079,0.6855272,0.01560192,2.272791,2.373977
6080,0.6810676,0.07297122,2.268245,2.369411
6081,0.9940245,1.186844,2.320469,2.789491
6082,3.161221,0.2742345,2.577632,4.088118
6083,1.734036,0.253182,1.289447,2.175696
6084,1.012051,1.655526,2.462308,3.13496
6085,1.011088,1.652989,2.46507,3.135482
6086,1.736863,0.2511387,1.286727,2.176104
6087,3.165637,0.2746897,2.576402,4.09079
6088,1.841395,0.04107971,3.430529,3.893707
6089,1.839576,0.03442862,3.425489,3.888341
6090,2.4591,0.9081509,0.2496936,2.633298
6091,2.659353,0.7776081,0.2951866,2.78639
6092,2.611793,0.5659088,0.2718057,2.686186
6093,2.649894,0.6904423,0.1861269,2.744684
6094,2.655859,0.7818524,0.292564,2.783967
6095,2.684795,0.6910208,0.1502582,2.776366
6096,-3.075053,2.271813,3.222252,5
6097,-2.909626,-2.615904,3.113057,5
6098,-1.738648,-1.758191,-4.345788,5
6099,0.2680693,-4.232522,2.648377,5
6100,-3.372195,1.192141,3.493866,5
6101,-2.217483,1.593861,-4.188362,5
6102,4.991869,0.129284,-0.2540178,5
6103,-0.4649227,-1.950938,-4.580141,5
6104,-3.412245,3.479122,1.11906,5
6105,-0.1754446,0.03547876,2.719517,2.725402
6106,-0.2879178,0.03809077,2.815017,2.829959
6107,-0.2204211,0.03757956,2.787965,2.796917
6108,0.007611136,0.04321965,2.57343,2.573804
6109,-0.1469484,0.03199892,2.564022,2.568429
6110,-0.1231036,0.0413358,2.147785,2.151707
6111,1.594405,0.003945076,3.079208,3.467515
6112,1.765266,0.01950269,2.199919,2.820672
6113,1.596978,0.005154091,3.07608,3.465925
6114,1.270304,0.03121994,3.773839,3.982023
6115,0.7404783,0.03302697,2.450984,2.56061
6116,0.743902,0.04979973,2.451924,2.562772
6117,1.646252,0.03089605,1.306476,2.101899
6118,1.923481,0.01507143,2.593443,3.228925
6119,1.919034,0.0142018,2.595835,3.228197
6120,2.449601,0.06945627,4.320297,4.966924
6121,2.567028,0.2620573,4.281854,4.999258
6122,2.619612,0.09733558,4.204016,4.954351
6123,2.57014,0.262379,4.279965,4.999256
6124,3.099648,0.07897572,3.811523,4.913427
6125,3.105567,0.08740283,3.814442,4.919569
6126,2.686063,0.5457261,0.167108,2.74603
6127,2.531463,0.6262199,0.2448763,2.619241
6128,2.440323,0.7752693,0.4698426,2.603262
6129,2.706796,0.8597264,0.298047,2.855644
6130,2.516517,0.5292078,0.2019196,2.579475
6131,2.85158,0.6556724,0.2147247,2.933858
6132,2.703934,0.8613634,0.2981464,2.853436
6133,2.621022,0.7416798,0.4597324,2.762463
6134,2.623957,0.7365456,0.4612482,2.764127
6135,-1.256494,4.628512,-1.413541,5
6136,2.409829,0.6889253,4.326442,5
6137,1.652475,-3.430384,-3.240647,5
6138,0.4623387,-3.234752,3.784524,5
6139,0.01625164,-0.2963537,1.023506,1.065671
6140,0.01504461,-0.2878837,1.027594,1.067264
6141,-3.426611,-3.54858,0.8160371,5
6142,-2.994997,-3.701992,-1.524877,5
6143,-0.9213139,4.857134,-0.7479506,5
6144,1.294988,-2.751108,-3.969183,5
6145,2.599646,2.210118,-3.654753,5
6146,-2.055741,-1.351006,4.353012,5
6147,-0.09438505,0.03471445,2.401075,2.40318
6148,-0.0462037,0.02766942,2.611768,2.612323
6149,0.02897396,0.04469359,2.500785,2.501352
6150,0.004536063,0.04928492,2.484518,2.485011
6151,-0.07895012,0.04462666,2.630454,2.632017
6152,0.03517958,0.03936131,2.666437,2.666959
6153,0.1344153,0.04527631,2.105757,2.110528
6154,2.193073,2.1065,2.10003,3.695543
6155,2.681717,0.02268865,1.883474,3.277133
6156,2.380327,0.008732943,2.465751,3.427238
6157,2.359156,0.009036458,2.464599,3.411737
6158,2.098735,0.04648878,2.367328,3.164031
6159,2.661311,1.927436,2.626522,4.206686
6160,1.293682,0.09308264,4.828746,4.999906
6161,1.293849,0.1231664,4.827954,4.999835
6162,1.723599,0.1140362,4.635689,4.947061
6163,0.9899715,0.07841335,4.158222,4.275161
6164,0.6474423,0.1215424,4.046433,4.099704
6165,2.171904,0.8678997,4.419229,5
6166,0.8970314,1.018179,4.812343,5
6167,0.8969944,1.01727,4.812542,5
6168,2.602451,0.5944753,-0.000745997,2.669485
6169,1.785925,0.7336828,0.1891382,1.939998
6170,1.827321,0.7667657,-0.1840908,1.990206
6171,2.34663,0.5586732,0.05965767,2.412954
6172,2.161219,0.3686879,-0.1011259,2.194772
6173,2.364944,0.6615738,0.1041024,2.457942
6174,2.692068,0.8676374,0.1411512,2.831952
6175,1.977949,0.5398052,0.3779448,2.08483
6176,2.165727,0.365265,-0.102147,2.198688
6177,2.259426,0.4926229,0.07909212,2.313858
6178,2.060047,0.6066535,0.1329959,2.151629
6179,2.140983,0.5626388,0.5241905,2.274895
6180,2.331066,2.39078,-3.721599,5
6181,2.139608,-3.290681,3.097336,5
6182,4.997034,-0.1289813,0.1141054,5
6183,-0.3875659,0.8624904,0.01058308,0.9456262
6184,-0.03773391,0.4227636,0.4532061,0.6209257
6185,-0.03723035,0.4214021,0.4500022,0.6176308
6186,-0.1042862,0.9367118,0.01673502,0.9426477
6187,-0.05640325,0.7376468,0.008565542,0.7398497
6188,-0.109887,0.9272259,-0.01435417,0.933825
6189,-0.06063316,0.7427686,0.03386852,0.7460085
6190,-0.387321,0.8629578,0.009872841,0.9459446
6191,-2.873278,2.820663,2.964478,5
6192,1.776202,2.487066,3.957223,5
6193,-0.1273988,-3.559922,3.508665,5
6194,3.021729,-0.5962564,3.938734,5
6195,-0.01438254,0.03723861,2.381568,2.381902
6196,-0.05091841,0.03769791,2.425006,2.425833
6197,0.02716651,0.03545229,2.102482,2.102956
6198,-0.01042741,0.0362753,2.284238,2.28455
6199,0.01259029,0.04400388,2.69771,2.698098
6200,0.2082382,0.04280012,2.582493,2.591228
6201,2.578324,0.008899029,3.432634,4.293112
6202,3.816269,2.086174,2.015951,4.793755
6203,1.963133,0.06322186,2.646777,3.295955
6204,3.375985,-0.06511184,3.192572,4.646938
6205,2.404573,-0.02846278,3.259114,4.05026
6206,2.416473,-0.0295388,3.25626,4.055052
6207,3.288351,0.1273679,3.14139,4.549484
6208,3.249737,0.1315327,3.154152,4.530648
6209,0.7310702,0.1533062,4.943632,4.999746
6210,-0.4762539,0.0474281,4.977041,5
6211,1.228863,0.03471429,4.846513,5
6212,1.493073,0.2218098,0.080543,1.511606
6213,1.59503,0.4911878,0.1173522,1.673068
6214,1.35172,0.5662102,0.09529834,1.468613
6215,1.416153,0.5981601,0.09565493,1.540271
6216,1.460752,0.5531352,0.09863225,1.565082
6217,1.154949,0.5756644,0.1243798,1.296444
6218,0.1097098,0.83167,4.68267,4.757217
6219,4.724235,1.461357,-0.7389439,5
6220,-0.461004,0.4478555,4.710592,4.754238
6221,4.784816,-1.260493,0.7188146,5
6222,3.709074,-0.8367746,3.084586,4.896131
6223,1.672909,1.549031,-4.44993,5
6224,0.264965,-2.671815,-4.217962,5
6225,3.589044,-1.944926,2.742857,4.918052
6226,3.253396,-3.714228,0.7479902,4.993952
6227,-0.09870496,0.1494426,1.559541,1.569791
6228,-0.07458529,0.1142574,1.581283,1.587159
6229,0.190212,-0.349285,4.975869,4.991738
6230,4.373869,1.794912,-1.627133,5
6231,4.903018,0.9008365,-0.3858922,5
6232,-2.142201,-4.507489,0.3058009,5
6233,-1.091174,3.677708,-3.206837,5
6234,-3.400872,3.079577,1.98753,5
6235,-0.197237,0.0436658,2.611052,2.618855
6236,0.2010025,0.03543697,2.595455,2.603467
6237,0.07933142,0.06725796,2.477845,2.480027
6238,0.5129797,0.07016242,2.466092,2.519858
6239,-0.1019702,0.03188506,2.35818,2.360599
6240,0.3663357,0.03403177,2.346093,2.374766
6241,4.097835,0.02576697,2.478193,4.788983
6242,4.145825,0.7767177,2.684929,5
6243,3.328221,5.873237E-05,2.500479,4.162866
6244,4.356669,0.06290727,2.452648,5
6245,3.871356,0.1128761,3.112964,4.968972
6246,3.082059,0.06865917,3.353166,4.554945
6247,2.748312,3.579735,2.152273,5
6248,2.478231,0.7031828,4.279076,4.994656
6249,3.72665,0.4431904,3.300673,4.997878
6250,1.659146,0.0340021,4.716562,4.999988
6251,2.451288,0.2681663,4.348736,4.999223
6252,0.1027897,0.5056797,3.862596,3.896913
6253,-0.1863373,-0.05045261,1.576389,1.588165
6254,-0.09477954,0.0004233609,1.636213,1.638956
6255,-0.04516769,0.02035128,1.608128,1.608891
6256,-0.05090867,0.05683613,1.58564,1.587474
6257,-0.09698336,-0.1533287,1.528533,1.539262
6258,-0.09543252,-0.1518735,1.524233,1.534751
6259,-0.08520709,0.03174004,1.568648,1.571281
6260,-4.493976,-1.119985,1.884094,5
6261,-1.07019,-4.882824,-0.1127703,5
6262,0.4969575,1.537666,4.731661,5
6263,-3.81579,1.669041,2.766595,5
6264,-3.997155,2.940509,0.6133177,5
6265,4.862774,0.895587,0.7425338,5
6266,0.277327,0.03713436,2.445926,2.461878
6267,0.07119475,0.08026952,1.98996,1.99285
6268,0.04267069,0.05102243,2.090369,2.091427
6269,0.5017794,0.05665747,1.874274,1.941106
6270,0.07725575,0.05226533,1.762966,1.765432
6271,0.03145555,0.03737781,2.238383,2.238916
6272,-0.2170052,0.06381955,1.609489,1.625306
6273,3.210225,2.330535,3.043528,5
6274,3.85242,1.557652,2.780752,5
6275,3.54782,2.115019,2.817741,5
6276,3.285124,2.432924,2.879035,5
6277,3.938709,0.2127653,3.071875,4.999511
6278,3.718519,0.2618961,3.331158,4.999259
6279,4.323098,0.09466556,2.037904,4.780292
6280,2.57272,2.612325,3.289321,4.925724
6281,2.571943,2.612831,3.289482,4.925695
6282,1.652292,4.104749,2.328298,5
6283,1.213875,2.499141,4.075053,4.932064
6284,2.697745,3.345128,2.307251,4.877614
6285,0.6070057,4.11407,2.775963,5
6286,-0.1895046,-0.03915815,1.565448,1.577363
6287,-0.3008809,-0.09738144,1.707205,1.736249
6288,-0.3332595,-0.09717089,1.615798,1.652667
6289,-0.2858756,-0.03882275,1.642812,1.667952
6290,-0.2904645,-0.03559111,1.641392,1.667274
6291,-0.3044111,-0.09599867,1.708974,1.738526
6292,-0.1577329,-0.2353805,1.656438,1.680497
6293,-0.1890644,-0.03947573,1.56541,1.57728
6294,1.854471,3.742098,1.878412,4.579387
6295,1.846686,3.736242,1.88475,4.57406
6296,2.062488,1.004311,0.53052,2.354559
6297,0.7919678,-3.920149,-3.00087,5
6298,2.772327,0.6411721,-4.111339,5
6299,-0.8089934,1.946925,4.533763,5
6300,-2.783968,-4.123741,-0.494249,5
6301,1.433011,1.581084,-4.521798,5
6302,-3.976582,2.924036,-0.7980047,5
6303,-0.765025,-4.541615,1.9464,5
6304,0.3388803,0.08892507,1.327531,1.372985
6305,0.1977115,0.07176174,1.700939,1.713894
6306,0.1336529,0.05898001,1.713648,1.719863
6307,0.3092831,0.06672188,1.681201,1.710714
6308,0.5218712,0.06964937,1.636479,1.719088
6309,3.460648,0.5166573,3.567652,4.997115
6310,4.245156,0.4175846,2.604887,4.998116
6311,3.161513,0.3728468,3.853674,4.998498
6312,2.941995,0.3771502,4.023314,4.998463
6313,4.066166,1.004391,2.710813,4.989089
6314,-0.632296,0.1080195,4.958683,5
6315,1.605546,4.353834,1.191003,4.790839
6316,3.005815,3.309929,1.955985,4.880208
6317,-1.759193,-3.555943,3.043108,5
6318,-0.6253308,0.09302931,4.95987,5
6319,-0.2154124,-0.02343429,1.727765,1.7413
6320,-0.1827929,-0.1590594,1.693752,1.710997
6321,0.04930639,-0.1427634,1.667265,1.674092
6322,-0.1970698,-0.1366163,1.651754,1.669069
6323,-0.2115171,-0.02178597,1.731917,1.744921
6324,0.05292912,-0.1467351,1.669703,1.676973
6325,-0.1960833,-0.145265,1.653422,1.671334
6326,-0.1715129,-0.3068189,1.551848,1.591159
6327,-0.1734802,-0.307278,1.551225,1.590853
6328,-0.07981437,0.05994035,1.597971,1.601085
6329,2.006513,1.40878,-0.01577549,2.451735
6330,-0.8112658,0.6313253,0.6876838,1.236783
6331,-1.29159,-0.3669843,-0.5752276,1.460743
6332,2.077885,1.267103,0.1046609,2.436003
6333,2.077878,1.26803,0.1017353,2.436356
6334,1.935664,1.003038,-0.3789555,2.212801
6335,2.496123,0.8785598,0.4729575,2.688157
6336,1.746182,1.196024,0.4864796,2.171702
6337,1.166664,1.121727,-0.393832,1.665677
6338,4.444685,-0.7696967,2.15693,5
6339,-2.515295,1.985206,-3.838262,5
6340,1.776962,3.512595,-3.08287,5
6341,0.1725414,0.6156452,-0.02612105,0.6398998
6342,-0.02167972,0.5115567,-0.04280123,0.5138018
6343,-0.02146422,0.5093293,-0.0443516,0.511707
6344,0.1741261,0.6121814,-0.02367151,0.6369036
6345,-0.0217007,0.5103597,-0.04750387,0.5130249
6346,-3.82,3.224268,0.1081493,5
6347,3.005466,-1.826924,3.553804,5
6348,0.4328577,0.06328702,1.610249,1.668614
6349,0.2611241,0.124451,1.330399,1.361483
6350,0.5474803,0.08032016,1.358188,1.466582
6351,0.3991179,0.07295416,1.679635,1.727945
6352,-0.1436825,0.05514976,1.851459,1.857845
6353,0.9676042,0.06726756,1.011172,1.401161
6354,0.3738058,0.2096956,0.688553,0.8110538
6355,0.936448,0.08475065,1.609054,1.863645
6356,1.774794,-4.22052,2.009307,5
6357,1.757299,-4.238636,1.98642,5
6358,4.426319,0.5182782,2.260546,4.997097
6359,2.318939,4.154459,0.7059692,4.809927
6360,4.463169,0.45438,2.20258,4.997769
6361,4.053857,-0.9899551,2.591468,4.912176
6362,4.991676,0.2628388,0.08138263,4.999253
6363,1.50389,4.349391,1.333201,4.791275
6364,0.3081788,3.607467,3.238099,4.857374
6365,-0.1733061,-0.006647688,1.788543,1.796932
6366,-0.3456763,0.03618913,1.711182,1.746123
6367,-0.3883125,-0.01698732,1.571554,1.618906
6368,-0.2982103,-0.1783224,1.729554,1.76411
6369,-0.1604181,0.08134373,1.633965,1.643835
6370,-0.2784331,0.139768,1.651864,1.680987
6371,-0.1890545,0.1286776,1.725053,1.740146
6372,-0.1888872,0.1292641,1.727392,1.74249
6373,0.983523,1.036241,0.07952962,1.430887
6374,1.01764,1.083737,0.06405328,1.488012
6375,0.8284631,1.068449,0.01873002,1.352141
6376,0.927523,0.8827125,0.04138238,1.28109
6377,0.8670882,1.036573,0.1266876,1.357342
6378,0.9073011,0.9967236,0.01698212,1.34794
6379,1.165583,0.8728977,0.04612254,1.456936
6380,1.245005,0.9846221,0.01212854,1.587345
6381,3.854168,-0.7878987,2.931885,4.906256
6382,2.674344,-3.401157,2.380697,4.93839
6383,4.023138,-0.6008883,-2.907455,5
6384,1.562517,-0.7657155,4.687454,5
6385,0.2748793,4.964458,0.5014361,4.997283
6386,-3.937,-3.07518,0.1976945,4.999578
6387,3.143632,1.515525,3.401579,4.873395
6388,4.755318,-1.543976,0.05560892,5
6389,-1.690643,3.95591,2.548039,5
6390,0.5882433,0.09845728,0.4098195,0.7236546
6391,-0.2011586,0.01023208,-0.2143721,0.2941511
6392,0.2499596,0.06036065,1.012754,1.04489
6393,0.4853272,0.09405787,0.8633108,0.9948341
6394,0.3811543,0.04589494,0.699187,0.7976512
6395,4.019333,1.119117,2.730794,4.986452
6396,4.347632,2.262002,0.6547331,4.944414
6397,4.35384,2.303269,0.4073134,4.942356
6398,4.762211,0.628682,1.372374,4.995728
6399,3.922206,2.700378,1.52455,5
6400,4.533418,0.4655937,2.051322,4.997657
6401,1.001119,4.884018,0.3796433,5
6402,2.559759,4.066765,-0.3497672,4.818017
6403,-0.1021008,0.1946274,1.521674,1.537464
6404,-0.1396698,0.02736967,1.483991,1.490801
6405,-0.02581082,0.1680285,1.594499,1.603536
6406,-0.07688186,0.1733139,1.635232,1.646187
6407,-0.1409007,0.02946215,1.475441,1.482446
6408,0.001713935,0.1520444,1.61342,1.620569
6409,1.739879,4.181787,1.051013,4.64964
6410,2.768865,-2.666707,3.187245,4.993643
6411,2.770015,-2.671919,3.188496,4.997863
6412,-0.8067624,-4.038347,2.835646,5
6413,-0.9368129,-4.905714,0.2373877,5
6414,0.854236,-4.218012,-2.54532,5
6415,2.371242,-3.903492,2.034689,5
6416,4.85957,-0.3604016,1.120132,5
6417,1.336017,0.04687724,0.09202476,1.340003
6418,1.125772,0.06501766,0.4782012,1.224854
6419,0.6844124,0.09021269,0.1533799,0.7071663
6420,0.9399244,0.1494572,-0.1708343,0.9669435
6421,0.3056802,0.1286916,0.6703434,0.7479052
6422,1.349674,0.174468,-0.3725689,1.41098
6423,1.575888,0.1090329,-0.3319727,1.614161
6424,3.321014,3.31883,1.719371,5
6425,4.332207,1.576551,1.864926,4.973076
6426,4.630877,1.500922,1.028998,4.975604
6427,4.652053,1.493576,0.9416105,4.975842
6428,4.452125,0.9568723,2.040604,4.990099
6429,-0.8414236,4.298245,-1.954786,4.796258
6430,-3.279737,-1.342847,3.52705,5
6431,-0.1047595,0.1721898,1.412489,1.426797
6432,-0.08070852,0.414975,1.393194,1.455922
6433,0.01630666,0.1632883,1.44912,1.458382
6434,-0.007205235,0.05745453,1.498732,1.499851
6435,-0.132772,0.2906162,1.626428,1.657515
6436,-0.05081813,0.2654836,1.502046,1.526174
6437,-0.01853459,0.1186724,1.450702,1.455666
6438,-2.219408,-4.480359,-0.02464329,5
6439,4.56355,-1.918708,0.7018321,5
6440,3.133223,0.8837511,3.794982,5
6441,-0.5134499,4.913869,0.7682806,5
6442,-2.121948,4.491375,0.5699869,5
6443,0.3537473,0.1325116,-0.2762985,0.4680143
6444,1.823066,0.09087805,-1.180589,2.173849
6445,0.5308501,0.1048432,-0.7507433,0.9254239
6446,-0.09381523,2.104201,-0.1813564,2.114084
6447,2.062752,0.184554,-1.890178,2.803886
6448,0.651272,0.2440547,-0.7970974,1.057867
6449,-0.4422309,0.4078146,-1.864921,1.959544
6450,0.6784175,0.1197283,-1.106631,1.30354
6451,1.469314,0.1349562,-0.9478354,1.753707
6452,4.546971,1.847164,0.7378563,4.963002
6453,4.851045,0.7572973,-0.9120923,4.993801
6454,4.862729,1.032868,-0.4144872,4.988461
6455,4.851225,1.143587,-0.128586,4.985851
6456,-0.07335494,4.148781,-2.433666,4.810457
6457,1.168552,4.604597,-0.3763228,4.765443
6458,4.684439,1.745115,-0.1029514,5
6459,-0.02288817,0.2378309,1.266362,1.288705
6460,0.09196828,0.07880804,1.299396,1.305028
6461,0.1083656,0.09493136,1.366047,1.373622
6462,0.1692371,0.1832439,1.045469,1.074814
6463,0.08938453,0.07870665,1.304763,1.310188
6464,2.589694,0.2719037,4.268437,5
6465,2.488828,1.392248,4.106992,5
6466,1.805759,-4.515874,-1.160221,5
6467,-0.09745163,3.394567,3.669798,5
6468,-0.9452513,-0.9422734,-0.07002735,1.336519
6469,-0.9406416,-0.9532647,-0.07323066,1.341224
6470,-0.8291485,-1.030493,-0.1709129,1.333647
6471,-0.9275369,-1.063044,-0.09110595,1.413749
6472,-0.8124967,-1.117336,-0.129219,1.387547
6473,3.274061,-3.712195,-0.7072025,5
6474,3.290753,-3.704573,-0.6686406,5
6475,-1.553166,3.849886,2.786764,5
6476,0.4008577,-3.719539,3.31728,5
6477,-2.050796,-3.932508,2.308597,5
6478,0.2304929,2.629416,-4.246534,5
6479,-2.244753,3.22776,3.089118,5
6480,-2.981376,0.4432866,3.989348,5
6481,2.217089,0.4082049,-1.725816,2.839112
6482,0.9289633,-1.141701,-0.1954445,1.484807
6483,0.005579072,0.5539882,-1.26875,1.384435
6484,0.638322,2.898567,-0.8326193,3.082597
6485,0.003557273,0.5545145,-1.267329,1.383337
6486,-0.1836965,1.017782,-0.7113429,1.255242
6487,0.07642942,1.821444,0.02064452,1.823164
6488,4.542513,1.158453,-1.696637,4.985481
6489,4.791566,1.134994,-0.7832728,4.986064
6490,4.303389,2.46139,-0.6499233,5
6491,4.65183,1.006105,-1.496288,4.989052
6492,4.381154,1.641732,-1.678993,4.970796
6493,4.884807,1.006348,-0.3548547,5
6494,4.639871,1.501818,-0.986145,4.975574
6495,4.588404,1.480351,-1.232216,4.976269
6496,0.2279276,0.3020491,-4.985661,5
6497,3.041148,-3.725677,1.367753,5
6498,0.1678992,0.1432053,1.107891,1.129655
6499,-0.2599798,0.2982015,1.466234,1.518669
6500,0.138921,0.1873315,1.505427,1.523386
6501,0.2310034,0.1417162,1.442722,1.467955
6502,0.2703293,0.6014071,1.34275,1.495909
6503,0.2308465,0.1419444,1.442667,1.467899
6504,0.1680631,0.1395485,1.103321,1.124738
6505,2.863489,-3.969266,-1.022429,5
6506,3.910554,1.292741,2.834852,5
6507,4.972471,-0.5149437,0.09680042,5
6508,2.226438,2.375716,3.794594,5
6509,4.152136,2.093488,1.837681,5
6510,4.152117,2.093587,1.837612,5
6511,0.6473635,3.790334,-3.195981,5
6512,-0.3721947,-4.729324,-1.579546,5
6513,0.001815583,-0.3113074,1.494168,1.526255
6514,-0.04684623,-0.0505961,1.647428,1.64887
6515,-0.05830836,-0.4213418,1.452057,1.513075
6516,0.397794,1.332304,-0.02389039,1.390627
6517,0.6518335,1.181379,0.01596633,1.34937
6518,0.6395038,1.294945,-0.0038001,1.444251
6519,0.6385093,1.095277,0.003252442,1.267808
6520,0.6534321,1.182335,0.0181741,1.351007
6521,0.6390564,1.09253,-0.01637219,1.265813
6522,2.335694,-2.416084,3.517191,4.864521
6523,4.336602,-1.763114,1.66868,4.969827
6524,1.143419,-1.70901,4.329736,4.793197
6525,-1.249161,2.538924,3.916196,4.831473
6526,3.388377,-0.2171913,3.486866,4.866879
6527,4.679159,0.4533043,1.617788,4.971645
6528,0.3742014,4.851338,1.093324,4.98707
6529,1.408657,0.4826184,3.407661,3.718789
6530,1.711394,4.541702,1.201696,5
6531,-3.125684,1.025757,3.750234,4.98862
6532,0.4007464,0.4638148,2.897014,2.96115
6533,1.545575,2.739202,1.340656,3.418975
6534,-1.661973,1.318683,4.506779,4.981178
6535,2.511456,0.05743147,4.196618,4.891044
6536,4.543688,1.033565,-1.780797,4.988446
6537,4.65739,0.5123354,-1.737203,4.997163
6538,4.480381,0.01151851,-2.219469,4.999999
6539,4.427504,1.221654,-1.934823,4.983851
6540,4.21345,1.110227,-2.425091,4.986666
6541,-0.04250114,4.680533,-0.850924,4.757444
6542,-0.02233374,0.3350417,1.049291,1.10171
6543,0.2248048,0.3265437,1.133362,1.200698
6544,0.3079891,-0.009528136,1.231478,1.269444
6545,-0.06480821,0.3890774,1.13581,1.20235
6546,0.06604872,0.2010567,1.231218,1.249273
6547,0.05037667,0.2913041,1.237012,1.271847
6548,0.06809888,0.4596718,1.282687,1.364266
6549,0.02557958,0.3488024,1.402744,1.445686
6550,4.814438,-0.2207326,-1.33134,5
6551,4.51514,-1.993279,-0.8002179,5
6552,4.661898,-1.760756,-0.4079722,5
6553,4.741221,1.568823,0.2441646,5
6554,4.858215,1.168991,-0.1766605,5
6555,-4.221198,-0.5393298,-2.624997,5
6556,-0.1713587,-0.2599024,1.440518,1.473773
6557,-0.02089029,-0.3335932,1.624462,1.658493
6558,0.08794384,-0.4419911,1.243489,1.322631
6559,-0.04332487,-0.2733211,1.378407,1.405912
6560,-0.06195185,-0.2741888,1.31347,1.343213
6561,0.02948792,-0.2411965,1.473593,1.493493
6562,-0.1672895,-0.1233352,1.344498,1.360467
6563,-0.08576292,-0.4781213,1.387874,1.470425
6564,-0.0546691,-0.1756747,1.480503,1.491891
6565,-0.08585357,-0.4778703,1.388055,1.470519
6566,-0.8353645,2.973973,3.931623,5
6567,1.20751,0.07264528,2.248569,2.553315
6568,4.00612,0.1653711,2.752289,4.863275
6569,1.793993,0.0551346,4.666714,4.999967
6570,3.553981,0.01250729,2.932099,4.607401
6571,4.958551,0.6089602,0.04330778,4.995992
6572,1.715927,0.02753599,4.3111,4.640123
6573,1.199824,0.07271614,2.245311,2.546819
6574,4.652646,0.4112101,-1.779193,4.998173
6575,4.314959,1.08961,-2.250693,4.987157
6576,4.298831,1.277538,-2.170629,4.982337
6577,4.341448,1.108127,-2.188887,4.986717
6578,4.479915,0.8677434,-2.023867,4.991858
6579,4.299305,1.277361,-2.169804,4.982342
6580,2.831315,-2.84463,-2.981901,5
6581,0.7774007,4.686388,0.2464877,4.756821
6582,3.943749,2.415452,1.87426,4.990032
6583,-0.251786,0.2700435,0.9028723,0.9754476
6584,0.04952246,0.1020948,1.211083,1.216387
6585,0.2090616,0.733665,1.092664,1.332624
6586,0.08662716,0.5619633,0.9579904,1.114025
6587,-0.02893691,0.5282511,1.141209,1.257873
6588,0.1251485,0.5702352,1.331075,1.453475
6589,0.1233785,0.5658851,1.327071,1.447953
6590,0.380715,0.2990115,1.325748,1.411368
6591,-0.03013615,0.5281476,1.135788,1.252942
6592,-0.0823431,0.3688084,1.15212,1.21251
6593,4.784815,1.273776,-0.6950066,5
6594,3.876293,2.501517,-1.927891,5
6595,-2.399047,0.562691,4.350626,5
6596,-0.4044772,-4.978915,0.2163423,5
6597,3.339102,-1.968608,-3.158319,5
6598,0.0355457,-0.1279455,1.303797,1.310542
6599,0.005547017,-0.07020283,1.381045,1.38284
6600,-0.1533815,0.05251492,1.529865,1.538431
6601,-0.1669094,-0.0372402,1.48862,1.498411
6602,-0.0691477,-0.1724595,1.425587,1.437644
6603,-0.05193172,0.08421499,1.365543,1.369123
6604,-0.06322258,-0.0109328,1.342341,1.343874
6605,-0.09684154,0.1002039,1.175257,1.18349
6606,-0.7085387,-4.681321,-1.607236,5
6607,-4.810363,0.9505026,0.9782366,5
6608,-1.387548,-2.632007,4.018364,5
6609,4.996518,0.09607072,0.156784,4.9999
6610,2.548524,0.2273835,-0.3556262,2.583244
6611,1.168722,0.3333229,0.5955219,1.353389
6612,2.97207,0.06700666,2.145065,3.665923
6613,1.417814,0.3994101,1.816128,2.338386
6614,1.006548,0.721101,0.1242623,1.244414
6615,0.4037694,0.3555531,2.593008,2.648233
6616,2.078906,0.08655898,1.284228,2.445114
6617,0.3216607,0.3046255,2.188192,2.232588
6618,3.080767,1.357144,-3.669884,4.980062
6619,3.193832,1.559956,-3.478948,4.973641
6620,3.357914,1.11518,-3.513749,4.986547
6621,4.310389,0.7196245,-2.418004,4.994402
6622,3.977739,0.6043795,-2.9619,4.996052
6623,3.958404,0.5374321,-3.001833,4.996879
6624,3.95959,0.5373887,-3.000277,4.996879
6625,4.202639,2.572695,0.06339027,4.927977
6626,0.2642258,3.849373,-2.917484,4.837272
6627,-2.479767,-4.167957,1.216097,5
6628,4.258561,0.1850651,2.613505,5
6629,0.3321939,0.6827873,0.8918447,1.171298
6630,0.4374557,0.1194117,1.585479,1.649051
6631,0.3898145,0.6869149,1.156804,1.400715
6632,0.1116474,0.3785982,1.030941,1.103921
6633,0.115355,0.3749725,1.037653,1.109339
6634,3.797932,3.160936,0.7643249,5
6635,4.359313,2.441762,0.1848859,5
6636,3.734746,-2.938223,-1.55516,5
6637,-0.007639612,0.1658657,1.063649,1.076531
6638,-0.1810846,0.05852244,1.355567,1.368861
6639,0.191726,0.2562171,1.306202,1.34483
6640,0.06718186,0.2292948,1.299246,1.321033
6641,0.07304171,0.2216892,1.286513,1.307515
6642,-0.09958379,0.1953404,1.308671,1.326912
6643,-0.1002306,0.302966,1.316628,1.354749
6644,0.08266589,0.2933942,1.407641,1.440266
6645,0.05451772,0.2192711,1.433732,1.451427
6646,1.153073,-3.693843,3.166378,5
6647,1.002974,0.1738982,1.457404,1.777702
6648,0.5881758,0.1457069,1.10609,1.261197
6649,1.029698,0.2069187,0.8892787,1.376194
6650,1.475762,0.1362402,0.7465929,1.659468
6651,0.6250678,0.2118397,1.100943,1.283612
6652,4.12111,0.5797856,-2.656781,4.937427
6653,3.799455,0.5020682,-2.9669,4.846692
6654,3.490171,0.3205689,0.8325409,3.602386
6655,3.490193,0.3206823,0.8335997,3.602662
6656,4.50461,0.3782964,-2.133054,4.998454
6657,4.507401,0.3779471,-2.127218,4.998456
6658,4.627361,-1.287078,1.389589,5
6659,0.6509801,2.827325,-3.964702,4.912882
6660,2.606198,-3.473364,2.478604,5
6661,0.7093573,4.672284,1.632965,5
6662,-3.667075,3.223612,-1.077446,5
6663,0.4932562,0.5990179,1.374725,1.578605
6664,-0.7510021,0.5402976,1.304806,1.599514
6665,0.6537582,0.4416003,1.000002,1.27374
6666,-0.007099594,-0.6498668,0.9036152,1.113058
6667,0.7861769,-0.006968108,1.184991,1.422086
6668,0.3595665,0.2067302,0.6588909,0.7785645
6669,4.085824,-1.128714,2.651801,5
6670,4.918051,-0.7247151,-0.5362459,5
6671,3.906235,0.5980569,3.063276,5
6672,2.23434,3.515098,2.766191,5
6673,4.587861,1.244618,1.549988,5
6674,4.378427,-2.282978,-0.7857449,5
6675,0.9505127,3.248981,3.679763,5
6676,0.0652934,0.8036579,1.248487,1.486219
6677,0.03509448,0.3194446,1.262296,1.302562
6678,0.07573199,0.6643445,1.137881,1.319796
6679,0.1741788,0.349001,1.16252,1.22621
6680,0.0999232,0.3098752,1.208113,1.251217
6681,0.1963574,0.2870698,1.35705,1.400911
6682,0.1738069,0.3492187,1.162727,1.226416
6683,0.1961495,0.2870865,1.357323,1.401149
6684,2.72875,-0.4172713,4.16891,5
6685,0.5444164,0.2561015,1.175373,1.320408
6686,-0.3093456,0.2242238,0.2650111,0.4649752
6687,1.112481,0.05490028,0.3841788,1.178228
6688,1.775337,0.1966881,0.114598,1.789871
6689,1.337994,0.2601308,-0.02421404,1.363261
6690,0.227627,0.3549904,0.5853659,0.7214468
6691,0.7025015,0.2024322,0.3610868,0.8153961
6692,0.6967142,0.2030184,0.3590695,0.8096654
6693,1.745014,-0.1493939,-2.259759,2.859004
6694,3.885737,0.1404502,-1.987614,4.36684
6695,0.8814457,0.1412378,-1.457595,1.709233
6696,1.157776,0.0723552,-2.841953,3.069589
6697,3.508858,0.1362102,-1.988361,4.035371
6698,3.802913,0.202335,-1.002587,3.938053
6699,4.027217,0.1051644,-2.041932,4.516528
6700,3.973843,0.1230961,-1.659807,4.308311
6701,4.393161,0.1984888,-1.167846,4.550068
6702,2.903606,0.1332453,-1.931865,3.490098
6703,1.058996,0.1590224,-2.431193,2.656589
6704,1.844906,4.030621,-1.896131,4.821296
6705,-4.469045,2.129409,-0.05824009,4.950771
6706,-0.2405966,1.113395,-0.02741748,1.139424
6707,-0.3210022,1.288995,-0.03359757,1.328789
6708,-0.2262483,1.012566,-0.01530534,1.037648
6709,-0.2729642,1.09934,-0.04453157,1.133597
6710,-0.27243,1.098547,-0.04745048,1.132817
6711,-0.08001121,1.076549,-0.02730477,1.079863
6712,-4.271521,2.198149,1.317131,4.981223
6713,4.189569,2.726567,0.1097583,4.99987
6714,1.713982,3.945059,2.421806,4.93623
6715,0.6311669,0.01488171,0.8498717,1.058714
6716,0.4338464,0.7431233,0.8953695,1.24183
6717,0.8280995,0.6585206,-0.1676415,1.071215
6718,-0.4298922,-0.3070507,0.6905183,0.8694268
6719,1.077803,0.1278141,1.055021,1.513626
6720,0.0446117,0.6908433,0.5434957,0.8801376
6721,1.704903,1.11846,0.5024053,2.100014
6722,1.699053,1.124251,0.503519,2.098631
6723,0.0282359,0.3403498,0.5487945,0.6463827
6724,4.677788,-0.07654728,1.764209,5
6725,-4.014557,1.254058,-2.703825,5
6726,4.844941,-0.7327217,0.994822,5
6727,4.942243,0.5555405,-0.5153735,5
6728,-2.560621,-1.289061,-4.096529,5
6729,0.1076918,0.4934659,1.18409,1.287313
6730,0.2096601,0.316456,1.12975,1.191821
6731,0.2446992,0.8074726,1.077749,1.368734
6732,0.0838551,0.5975819,1.096633,1.251695
6733,0.2430616,0.3721658,1.05136,1.141466
6734,0.170654,0.3205367,1.044798,1.106106
6735,0.3722512,0.01435771,0.7283318,0.8180735
6736,0.1441368,0.693844,1.109645,1.316627
6737,0.1826586,0.4334737,1.103959,1.199996
6738,0.3328035,0.6901479,1.283903,1.495148
6739,4.917162,0.8891161,0.1760176,5
6740,0.7976134,0.4617006,0.4337359,1.018568
6741,0.9854726,0.1846108,0.1802149,1.018683
6742,0.7953969,0.4621969,0.4347295,1.017483
6743,0.009244283,0.1539087,0.3012443,0.3384102
6744,4.190241,0.2813096,0.184118,4.203707
6745,4.190222,0.2814087,0.1850236,4.203734
6746,4.243246,0.3826823,0.5293432,4.293225
6747,4.241905,0.3826837,0.5286748,4.291818
6748,-0.8607373,0.287587,0.2037197,0.930095
6749,-0.5126033,0.3453018,1.090734,1.253673
6750,-0.505952,0.3450422,1.089274,1.249624
6751,-0.865389,0.2876776,0.2040648,0.9345046
6752,3.451913,0.1502936,-3.346601,4.810201
6753,3.687113,0.1082162,-3.10815,4.823599
6754,-2.656175,0.1077753,-3.473857,4.374308
6755,2.917429,0.1015787,-3.342425,4.437738
6756,1.674929,0.1480517,-2.686245,3.169103
6757,3.217472,0.106246,-3.764598,4.953343
6758,3.550333,0.1517931,-3.255312,4.819229
6759,-1.883228,-1.128165,4.267678,4.799206
6760,0.07326497,1.14904,4.608401,4.750055
6761,2.596189,1.477616,3.781021,4.818679
6762,-1.809725,2.276798,3.79775,4.783495
6763,0.2136966,2.459817,-4.271997,4.934199
6764,-0.3673623,0.3434283,1.650369,1.725287
6765,0.645416,0.8177652,0.4871455,1.150049
6766,0.2199586,0.9230559,1.2069,1.535259
6767,0.240428,0.6165825,0.3070031,0.7295413
6768,0.8724536,0.5296702,0.3224011,1.070359
6769,0.03475045,0.6572018,0.3805243,0.7602108
6770,0.187935,0.6317211,0.9054012,1.119885
6771,-4.393585,-0.6256059,2.303264,5
6772,4.731939,-0.7720379,1.418701,5
6773,3.441108,3.413766,-1.226774,5
6774,4.243816,-2.643093,0.06390338,5
6775,-2.850267,-2.220941,3.455923,5
6776,-3.808723,0.8022687,-3.13847,5
6777,0.3297073,0.5532774,0.9867936,1.178382
6778,0.413081,0.7048947,1.106004,1.375048
6779,0.1958143,0.5684929,1.034901,1.196891
6780,0.01352164,0.640072,1.049321,1.229207
6781,0.5151195,0.5120058,0.9301584,1.180124
6782,0.3290394,0.6551178,1.181859,1.390769
6783,0.2654948,0.6077735,1.254136,1.418708
6784,0.3305108,0.5545851,0.9877976,1.180062
6785,3.309607,3.5524,-1.194554,5
6786,3.653676,2.733297,-2.044442,5
6787,4.097541,2.780124,-0.6935853,5
6788,4.291313,2.515021,-0.5092221,5
6789,0.2604776,-0.0803675,0.4986621,0.5683057
6790,0.2447688,0.3933424,0.5209331,0.6971379
6791,0.7676369,0.591013,0.06074506,0.970697
6792,0.4188468,0.4242793,0.1475454,0.6141785
6793,0.4065347,0.5081477,0.5379081,0.8442924
6794,0.3070956,-0.2386926,0.4502453,0.5949813
6795,0.9403955,0.6831324,0.279305,1.195418
6796,4.455189,-0.3708419,-2.239144,5
6797,4.633211,1.715727,-0.7678771,5
6798,4.455264,-0.3711022,-2.238951,5
6799,2.727827,1.528666,-3.601159,4.769299
6800,4.633298,1.715276,-0.76836,5
6801,3.760067,-0.5026134,-3.257188,5
6802,4.701817,0.06807413,-1.699496,5
6803,-4.6602,-0.6104898,-1.705826,5
6804,0.2661379,0.6551737,1.30097,1.480745
6805,0.1612564,0.8059196,1.16593,1.4265
6806,0.2010849,0.9954357,1.233353,1.597651
6807,0.2911568,0.8223756,1.178045,1.4659
6808,0.0248302,0.6662108,1.040405,1.235676
6809,0.329519,0.4568996,1.209894,1.33461
6810,0.3219196,0.8980279,1.041833,1.412622
6811,0.1698673,0.7436647,0.6614699,1.00967
6812,0.167204,0.7429671,0.6617436,1.008891
6813,3.446886,3.556091,-0.687895,5
6814,2.64047,4.11001,-1.065711,5
6815,2.84058,3.425513,-2.279686,5
6816,2.641141,4.109897,-1.064481,5
6817,3.413083,3.168534,-1.819686,5
6818,3.413513,3.168387,-1.819136,5
6819,-2.778726,-3.553296,-2.157027,5
6820,0.123053,-0.00473414,1.180847,1.187251
6821,0.1242559,-0.002617209,1.181268,1.187788
6822,0.02789702,0.1963213,1.258146,1.273676
6823,0.1417978,0.1363994,1.151705,1.16839
6824,0.1418332,0.136277,1.151498,1.168176
6825,0.1898615,-0.07355176,1.126846,1.145093
6826,3.916901,0.1154135,3.105571,5
6827,0.5227112,0.2011234,0.1889386,0.5910799
6828,0.5400633,0.6451623,0.2988865,0.8928806
6829,0.3005288,0.1348848,0.3678712,0.4938023
6830,0.3792868,0.1834039,0.2954718,0.5145863
6831,0.1174594,0.8105748,0.2585913,0.8588933
6832,0.01604112,0.2506573,0.7126991,0.7556629
6833,0.379245,0.3894228,0.1831732,0.5736107
6834,0.6706486,0.3988645,-0.01631082,0.7804669
6835,0.6697188,0.3999376,-0.01696594,0.7802315
6836,4.689876,-1.326086,-1.116494,5
6837,4.690043,-1.322396,-1.120163,5
6838,4.58984,1.396052,-1.40869,5
6839,4.589757,1.396057,-1.408956,5
6840,4.73679,-0.6931916,-1.44302,5
6841,4.097232,1.008599,-2.682428,5
6842,4.736786,-0.693355,-1.442952,5
6843,4.622231,0.783166,-1.738282,5
6844,4.901919,0.2380588,-0.9563053,5
6845,4.896883,-0.202786,-0.9896572,5
6846,-3.509282,-1.701168,3.129052,5
6847,0.2109921,0.5014461,0.8255579,0.988692
6848,0.5016304,0.1916839,1.250631,1.361049
6849,0.3339094,0.6028408,0.930281,1.157729
6850,0.07827701,0.7031343,1.025971,1.246251
6851,0.2165851,0.8580257,0.8730677,1.243127
6852,0.2155748,0.8590376,0.8748928,1.244932
6853,0.3514104,0.8786751,1.272149,1.585536
6854,0.2917889,1.094764,1.016571,1.522192
6855,2.532655,4.294632,0.3765573,5
6856,3.78786,3.2599,-0.1586531,5
6857,4.000083,2.999552,-0.04489923,5
6858,1.789603,4.397914,-1.567057,5
6859,1.788658,4.397785,-1.568499,5
6860,3.788702,3.259029,-0.1564113,5
6861,4.836673,-1.210357,0.376341,5
6862,0.01354068,0.2816882,1.246435,1.27794
6863,0.1271023,0.1529816,1.079347,1.097519
6864,0.1559679,0.1875246,1.240093,1.263852
6865,0.07887528,0.2786075,1.308409,1.340066
6866,0.1522405,0.123587,0.940541,0.9607644
6867,0.2696398,-0.07901412,1.056054,1.092794
6868,0.1267942,0.1537079,1.076884,1.095163
6869,0.2137231,0.100661,1.196196,1.219301
6870,-2.578336,3.207115,2.629042,4.883161
6871,0.2638605,0.2951328,0.2898835,0.4906712
6872,0.1385134,0.2633105,-0.09406228,0.3120354
6873,-0.06510137,0.2999009,-0.001488746,0.3068892
6874,0.198588,0.2829291,0.1517507,0.3775107
6875,0.3818368,0.3201452,0.006555894,0.4983325
6876,0.264605,0.2958755,0.288154,0.4905007
6877,-0.2544274,0.08119101,0.04538053,0.270896
6878,0.02247402,0.3191872,0.2181564,0.3872696
6879,0.6311014,0.7275717,-0.03693571,0.9638536
6880,4.823666,0.3322488,-1.273522,5
6881,4.823563,0.3314892,-1.274113,5
6882,4.942075,-0.5740641,-0.4963326,5
6883,4.863746,0.8551756,-0.7827208,5
6884,4.755997,-0.8491572,-1.288185,5
6885,4.825457,0.7704891,-1.058921,5
6886,4.844977,-0.9167054,-0.8281604,5
6887,4.933008,0.01378645,-0.8156246,5
6888,4.894116,-0.3522995,-0.9609967,5
6889,4.826462,-0.8439562,-0.9964943,5
6890,4.758261,-1.270901,-0.8624167,5
6891,-3.44465,-1.538592,-3.281329,5
6892,-1.357768,0.9930108,-4.708545,5
6893,-0.7544752,0.7750211,-0.02710594,1.081954
6894,-0.5743665,0.8359642,-0.0006486367,1.014265
6895,-0.4804167,0.8801852,-0.03738563,1.003456
6896,-0.7127256,0.9508625,0.01738077,1.188452
6897,-0.7138335,0.9509999,0.01864892,1.189246
6898,-0.5680679,0.843906,0.01291766,1.017372
6899,-0.4720502,0.8757868,-0.0352571,0.9955285
6900,4.956864,0.6550189,-0.02130549,5
6901,4.951517,0.6451603,0.2573827,5
6902,0.2776573,1.111719,0.8915137,1.45183
6903,0.3689502,0.4584596,0.8047364,0.9969504
6904,0.07270327,1.031217,0.9708003,1.418149
6905,0.3866561,0.329031,1.040532,1.157787
6906,0.3642615,0.8789393,0.9574742,1.349806
6907,0.3425147,0.8602297,0.8404151,1.250443
6908,0.2021213,0.5159459,0.5647867,0.7912251
6909,0.3424541,0.8601659,0.8403183,1.250318
6910,0.2918984,0.2822215,0.7299766,0.835296
6911,2.63795,4.247481,0.01103583,5
6912,2.494121,4.262953,-0.7788367,5
6913,2.875128,4.046749,0.597878,5
6914,0.5767151,4.56252,-1.962349,5
6915,2.434138,1.180798,-4.204841,5
6916,0.1342724,0.4358364,1.073875,1.1667
6917,0.0438401,0.6996406,1.011433,1.230616
6918,0.2379516,0.1250402,1.023653,1.058358
6919,0.1713071,0.2997423,0.9633305,1.023327
6920,0.04561169,0.7009342,1.010328,1.230509
6921,-1.696627,-3.204782,3.442504,5
6922,1.37869,2.804651,-3.902966,5
6923,0.1485593,0.1794738,0.1988462,0.3063014
6924,0.07443541,0.5329318,0.1347583,0.5547222
6925,0.1846423,0.1124799,0.2067445,0.2991451
6926,0.3928272,0.5737112,0.2000451,0.7235163
6927,0.1579705,0.5016248,0.1356841,0.5431319
6928,0.1842532,0.1123,0.2073041,0.2992249
6929,0.3963117,0.5691579,0.1999831,0.7218012
6930,0.07280015,0.5302795,0.1347382,0.5519516
6931,4.645964,-1.316088,1.232416,4.983564
6932,4.89786,-0.1106002,0.949402,4.990253
6933,4.809663,-0.989318,0.8087004,4.976505
6934,4.812694,-0.9490888,0.9196902,4.990854
6935,4.829982,-0.5035588,1.131141,4.986158
6936,4.801689,-0.7476412,1.117944,4.98648
6937,2.455578,-4.278381,0.775049,4.993506
6938,1.501703,-4.50602,1.48415,4.976146
6939,0.5766582,0.9005713,0.3439992,1.123343
6940,0.2184947,0.7185888,0.2782028,0.8009411
6941,0.3733103,0.645789,0.8911526,1.162135
6942,0.5914866,0.3814872,0.393025,0.8061374
6943,0.7149669,0.928328,0.3730381,1.229686
6944,3.16295,3.862405,0.2785159,5
6945,2.499759,2.147701,-0.01197985,3.295688
6946,3.013611,3.980548,-0.2709027,5
6947,3.697644,3.074754,1.368692,5
6948,3.806648,3.234031,0.2246651,5
6949,3.683075,3.341572,0.5185099,5
6950,1.809337,4.639565,-0.4480385,5
6951,4.278037,2.356595,1.069981,5
6952,3.014231,3.980245,-0.2684398,5
6953,0.8058062,4.815121,1.079485,5
6954,0.8479224,1.358189,4.736702,5
6955,0.126223,0.6074688,0.8109851,1.021101
6956,0.2217603,0.7140452,0.8783726,1.153506
6957,0.2125934,0.7175716,0.8047243,1.098948
6958,0.07637208,0.5123586,0.9744716,1.103603
6959,0.172699,0.417374,0.8929924,1.000731
6960,0.0157763,0.5606949,0.736506,0.9257801
6961,0.2277839,0.597617,0.9999791,1.187009
6962,0.172415,0.4173474,0.8933484,1.000988
6963,0.02032447,0.6548252,0.8138553,1.044782
6964,-4.187178,-1.44465,2.319596,5
6965,0.1106575,3.823913,2.98486,4.852211
6966,0.5102114,1.172308,0.4431789,1.353155
6967,0.4339965,0.7987696,0.3004626,0.9574255
6968,0.5639989,0.9819862,0.4374854,1.213996
6969,0.5166113,0.9790344,0.3416403,1.158496
6970,0.3675072,0.8480484,0.1293426,0.9332616
6971,0.7990471,1.178654,0.1654555,1.433554
6972,0.3417535,0.6852462,0.3614733,0.8467708
6973,0.5776033,1.12747,0.2487761,1.291008
6974,0.3396069,0.6829561,0.3587995,0.842911
6975,0.5472633,0.659896,0.2129012,0.8833384
6976,3.624375,3.342208,-0.8327956,5
6977,2.639747,4.150589,-0.8968548,5
6978,2.576704,4.251534,-0.5339076,5
6979,3.666801,2.929199,-0.9251108,4.783457
6980,3.702693,3.149695,-1.17025,5
6981,3.706339,3.348645,0.2227672,5
6982,3.374906,3.681055,0.2446247,5
6983,3.758944,-1.113145,3.103425,5
6984,0.06479692,0.5494783,0.909445,1.064526
6985,0.1163802,0.6923634,0.9056452,1.145908
6986,0.07612038,0.6993256,0.8840802,1.1298
6987,0.1284275,0.6852555,0.8509413,1.100077
6988,0.008474945,0.510243,0.7229277,0.8848979
6989,0.1374399,0.858705,0.6756996,1.101287
6990,0.1401291,0.7641675,0.7691809,1.093265
6991,0.133452,0.7244831,0.8328972,1.111937
6992,0.5881983,-0.2896079,-0.1344752,0.6692784
6993,0.5726638,-0.6301884,0.01280306,0.8516133
6994,0.5768204,-0.2907895,-0.1310313,0.6591278
6995,0.4142206,4.486101,1.853346,4.871506
6996,-0.04081783,2.025381,0.2459493,2.040668
6997,-0.04109451,2.025515,0.2464676,2.040869
6998,0.4112183,0.7385281,0.01857574,0.8454995
6999,0.1581665,0.812121,0.09897276,0.8332784
7000,0.5682817,1.185046,0.3151934,1.351527
7001,0.5727071,0.775461,0.1759863,0.9799511
7002,0.3180001,0.7906937,-0.1450744,0.864504
7003,0.5886833,0.8138754,0.1653088,1.017973
7004,0.3570173,0.5041003,0.225406,0.6575609
7005,0.5438384,0.7077044,0.1457224,0.9043455
7006,4.499664,1.738364,1.31572,5
7007,4.036242,2.802282,0.9251875,5
7008,3.633575,1.966998,2.237767,4.698888
7009,4.617985,1.893649,0.2971805,5
7010,4.107282,2.764216,0.6995314,5
7011,3.974218,2.919015,0.8276125,5
7012,3.6317,1.97232,2.232786,4.697299
7013,4.572568,2.020816,-0.08901985,5
7014,4.599251,1.622159,1.102493,5
7015,4.814297,1.321619,0.2754449,5
7016,0.3448076,0.976686,0.8473223,1.338194
7017,0.04027913,1.043687,0.571741,1.190711
7018,0.1562393,0.5325672,0.5787644,0.8018771
7019,0.005285506,0.8821573,0.6687704,1.107015
7020,0.2351467,0.9489139,0.8485786,1.294534
7021,0.1921194,0.709623,0.600422,0.9492003
7022,0.1611537,0.5282182,0.5672691,0.7916939
7023,0.09529851,0.8746708,0.6860529,1.115706
7024,-0.07316434,0.6249357,0.650739,0.9051844
7025,-4.464869,0.2868781,-2.232183,5
7026,2.814893,3.772304,1.68704,5
7027,0.5390311,4.570783,1.953814,5
7028,-0.9197453,0.2047475,4.895754,4.985606
7029,0.7463292,4.708478,1.319559,4.946515
7030,-0.920692,0.2103126,4.89661,4.986852
7031,0.01313453,2.017326,-0.09743588,2.019721
7032,0.01442525,2.016646,-0.1009679,2.019223
7033,-2.480075,-0.5776737,4.302967,5
7034,0.4600338,0.6325855,-0.1637346,0.7991273
7035,0.3154337,0.7361361,0.1604573,0.8167872
7036,0.4625379,0.7835332,0.01542367,0.9100019
7037,0.4639164,0.781543,0.01493511,0.9089835
7038,0.3079595,0.5057158,-0.1346625,0.6072245
7039,0.3570095,0.9741076,-0.119011,1.044273
7040,0.140912,0.4797446,0.15569,0.5236893
7041,0.5069337,0.5283785,-0.04366135,0.7335339
7042,0.4604921,0.6373003,0.04912691,0.7877932
7043,0.2175466,0.9879572,-0.09099471,1.01571
7044,4.838805,1.076177,-0.6540726,5
7045,4.851545,1.202747,-0.1261398,5
7046,4.854203,1.151128,-0.3340867,5
7047,4.589131,1.762908,0.9121588,5
7048,4.500876,0.4794698,2.124198,5
7049,4.887799,1.043452,0.1436031,5
7050,4.95908,0.4180609,0.4824405,5
7051,4.976029,0.4888165,-0.01388553,5
7052,4.559697,0.5059277,1.988267,5
7053,4.928536,0.5481891,-0.6395506,5
7054,4.831326,1.267693,0.2263879,5
7055,4.928399,0.5495037,-0.6394784,5
7056,4.939676,-0.5361211,-0.5587174,4.999999
7057,4.981132,-0.1407284,-0.4105184,5
7058,4.123878,-1.077903,2.613762,5
7059,-0.5772791,0.407298,-0.04750529,0.7080957
7060,-0.5480103,0.6683376,0.04620234,0.8655202
7061,-0.5510948,0.6703209,0.01571828,0.8679186
7062,-0.5763654,0.4074233,-0.04869984,0.7075043
7063,0.2232724,0.8599746,0.8512325,1.230449
7064,0.1806091,0.7654012,0.7349642,1.076397
7065,0.02186676,1.125414,0.3955304,1.193096
7066,0.3164994,0.9755086,0.7325924,1.260349
7067,0.1240413,0.8303774,0.6985203,1.092174
7068,-0.1377074,0.9441487,0.5210054,1.087119
7069,0.1383152,0.9327173,0.7060307,1.177952
7070,0.2913038,0.9699734,0.3813937,1.082205
7071,0.3530744,0.9168326,0.6780692,1.193743
7072,0.124244,0.8303182,0.6986811,1.092255
7073,2.662297,0.8505655,-4.145927,5
7074,1.393497,-0.2946612,4.770907,4.978977
7075,0.7845085,0.1726361,4.928311,4.993347
7076,1.384403,-0.2898383,4.774136,4.979252
7077,0.7840838,0.1722975,4.928398,4.993354
7078,0.1938123,0.2607785,0.04154092,0.3275581
7079,0.1232103,0.6490248,0.1384621,0.6749709
7080,-0.00265659,0.4141566,0.1656849,0.4460765
7081,-0.1778723,0.5509509,0.1447502,0.5967731
7082,0.005278182,0.3612647,0.1205414,0.3808809
7083,0.115601,0.6774433,0.003517077,0.6872448
7084,0.1231729,0.6491849,0.1382423,0.675073
7085,-0.003087286,0.4199471,0.16577,0.4514918
7086,0.2990861,0.3797502,-0.1955648,0.5214483
7087,4.795545,-1.326938,0.4673219,4.99764
7088,4.820892,-1.233505,0.462943,4.997684
7089,4.963998,-0.3246201,0.4781697,4.99753
7090,4.942244,-0.304362,0.6592681,4.995303
7091,4.802322,-1.161087,0.7294458,4.994248
7092,4.786304,-1.164316,0.8148216,4.992822
7093,4.681453,-1.545606,0.7920426,4.993218
7094,4.654716,-1.618184,0.8033506,4.993023
7095,-4.062215,1.426883,-2.542128,5
7096,2.272903,-2.260237,3.645481,4.854307
7097,-1.512294,0.9196121,4.442434,4.782043
7098,2.270102,-2.306841,3.620625,4.856316
7099,-0.001106261,1.281871,0.4514116,1.359032
7100,0.3452036,1.062994,0.4035047,1.18825
7101,0.1992409,1.064043,0.5078277,1.195732
7102,0.09373701,0.9363787,0.6711821,1.155888
7103,0.02625805,0.9928426,0.6795625,1.203425
7104,0.0739476,0.8035467,0.6005804,1.005909
7105,0.1298607,0.9308487,0.3685492,1.00954
7106,0.2705318,1.262649,0.5892156,1.419382
7107,0.2602823,0.9983763,0.3208327,1.080479
7108,4.145608,2.120487,0.7277596,4.712978
7109,4.245101,2.136356,0.5833129,4.788022
7110,-1.384004,3.761855,2.988809,5
7111,0.03775747,-1.192508,4.855564,5
7112,0.2296251,0.5869496,0.4964655,0.8023188
7113,0.2285156,0.5899802,0.4971863,0.8046678
7114,4.39397,-0.8435073,2.231933,5
7115,3.1296,-0.8240624,3.669933,4.893044
7116,-3.265158,1.35617,3.53547,5
7117,-0.06090544,0.9887415,4.900886,5
7118,3.657202,-0.6952215,3.113933,4.853354
7119,4.434108,-0.1645104,1.785369,4.782878
7120,4.433695,-0.1611411,1.786811,4.782919
7121,3.657071,-0.6953933,3.114066,4.853364
7122,-1.334765,-1.668193,4.520568,5
7123,0.3467377,1.249312,0.1263539,1.302679
7124,0.3299986,1.454106,0.3998227,1.543756
7125,0.08012474,1.234133,0.2546958,1.262685
7126,0.5663617,1.097941,0.4411885,1.311826
7127,0.2125379,0.9340299,0.3633503,1.024504
7128,0.1885772,1.275499,0.3874651,1.346324
7129,0.2035613,1.02047,0.3466679,1.096802
7130,4.553751,1.563207,1.348975,5
7131,4.227251,1.649001,1.549912,4.794901
7132,4.566121,1.107896,1.709708,5
7133,4.355731,2.069265,1.179146,4.964336
7134,-0.5799001,3.828942,3.162739,5
7135,0.2469119,0.4609045,0.6729307,0.8521938
7136,0.1600593,0.4274043,0.3098403,0.5516288
7137,0.2653171,0.342349,0.2610308,0.5057006
7138,0.02817749,0.5062781,0.4928133,0.7070901
7139,0.09864368,0.4510268,0.4875203,0.6714401
7140,0.293615,0.7189947,0.3134321,0.8374979
7141,0.2939224,0.7198884,0.313646,0.8384531
7142,1.33285,-0.2002116,0.7283239,1.532002
7143,1.329286,-0.1970994,0.7257493,1.527273
7144,1.50584,-0.1649908,0.919878,1.772273
7145,1.694259,-0.1400783,0.5826892,1.797126
7146,1.703967,-0.1403074,0.580723,1.805666
7147,2.428346,-3.356766,2.799154,5
7148,-2.933131,-2.679964,3.035545,5
7149,-1.132464,-1.156196,4.730828,5
7150,4.030292,-0.7638716,2.533463,4.821326
7151,-1.472422,-2.19349,4.245065,5
7152,3.90892,-0.4410415,2.806264,4.83211
7153,3.890429,-0.0218527,2.868614,4.833722
7154,3.909252,-0.4447328,2.805168,4.832081
7155,3.890166,-0.02341761,2.868999,4.833745
7156,-1.466597,-2.203477,4.241908,5
7157,3.632166,0.2532865,3.21216,4.855384
7158,0.4957213,1.508805,0.08020346,1.590177
7159,0.1621126,0.9200394,0.06235787,0.9362913
7160,-0.0483039,1.053828,0.188307,1.071609
7161,0.4312077,1.323634,0.3113393,1.426492
7162,0.3897012,1.37281,0.08159593,1.429382
7163,0.500129,1.505498,0.08843015,1.588859
7164,0.1255057,1.21538,0.2838616,1.254383
7165,0.4310129,1.323463,0.3113547,1.426278
7166,0.08462949,1.172043,-0.07477847,1.177471
7167,0.3181807,1.331911,0.4083396,1.428974
7168,0.2450543,0.899565,-0.01915513,0.9325426
7169,4.308603,2.294369,1.082503,5
7170,4.309405,2.292587,1.083085,5
7171,4.27812,2.046072,1.584703,5
7172,4.606973,0.6571173,1.828661,5
7173,4.178223,1.844748,2.034542,5
7174,4.065089,2.284567,1.804385,5
7175,4.917056,0.6298668,0.6525576,5
7176,3.154916,2.000037,-3.323606,5
7177,-0.00399417,0.6554173,0.541414,0.8501276
7178,0.08369613,0.6288865,0.3716294,0.735263
7179,-0.02674619,0.5487597,0.1608534,0.5724739
7180,-0.03719809,0.8314029,0.4416896,0.9421805
7181,0.09138278,0.6497896,0.4134475,0.7755747
7182,0.08323526,0.6564074,0.3145268,0.7326158
7183,0.09211391,0.6506374,0.4141936,0.7767692
7184,-0.02721186,0.5478913,0.1667133,0.5733399
7185,1.89543,2.530216,3.31326,4.579556
7186,1.585108,0.4260629,0.6256359,1.756564
7187,1.372242,-0.2293928,0.6218089,1.523915
7188,1.372784,-0.2292076,0.6219732,1.524442
7189,1.77783,-0.2029176,0.4982267,1.857441
7190,1.578705,0.4270832,0.624719,1.75071
7191,1.365281,-3.55371,3.241475,5
7192,3.920852,2.84078,1.247754,5
7193,3.277381,-0.9540095,3.491164,4.88258
7194,2.574203,-1.975986,3.708513,4.927891
7195,2.279607,-3.201398,3.091026,5
7196,2.574051,-1.977906,3.707607,4.9279
7197,3.81435,-1.618204,2.502068,4.840269
7198,2.844003,-0.2487799,3.996991,4.911841
7199,-2.191902,-2.595371,3.668735,5
7200,-0.8046253,-0.02065618,-0.1059707,0.8118364
7201,-0.4334609,0.0650992,-0.1710189,0.4705037
7202,0.0459023,-0.007792475,0.1656831,0.1721006
7203,-0.4282052,0.06120414,-0.1712442,0.4652206
7204,0.04003641,0.04601282,0.1696202,0.1802529
7205,-0.8038273,-0.02285115,-0.1056461,0.8110621
7206,-0.0749455,0.5406146,0.3090556,0.6272131
7207,0.2053705,0.8320215,0.07300054,0.8600965
7208,0.04324288,1.507971,0.003436789,1.508595
7209,0.08362152,1.129658,0.1774209,1.146559
7210,0.04369395,1.321613,0.04510798,1.323104
7211,0.07866891,1.132245,0.1720454,1.147941
7212,0.04631474,1.321654,0.04120796,1.323107
7213,0.1446296,1.277241,-0.07185636,1.28741
7214,0.1689811,1.084917,0.0561293,1.099431
7215,-0.03970748,1.391641,0.1495118,1.400212
7216,4.467973,2.07469,0.8560866,5
7217,4.464526,2.0793,0.8628563,5
7218,4.500887,2.14088,0.3983117,5
7219,4.710366,0.8700831,1.43367,5
7220,4.793087,1.303736,-0.5714729,5
7221,4.792961,1.304119,-0.5716615,5
7222,4.095206,-2.510485,-1.388075,5
7223,0.09257946,0.57827,0.261021,0.6411701
7224,0.1112009,0.7169409,0.5440953,0.906868
7225,-0.03551138,0.6408379,0.2695291,0.6961179
7226,0.03184777,0.7099878,0.1817916,0.7335838
7227,0.05682107,0.6685562,0.06917692,0.6745231
7228,-0.07315598,0.7738208,0.2836182,0.8273993
7229,0.001548735,0.7778938,0.3934509,0.8717366
7230,-0.03911512,0.6455504,0.2699617,0.7008171
7231,0.03295339,0.6156626,0.3057041,0.6881725
7232,2.114408,-0.03135585,0.7638286,2.248364
7233,2.097135,-0.03645528,0.7578841,2.230178
7234,1.731454,-0.3547319,1.179088,2.124621
7235,2.18831,0.5457603,0.436143,2.297123
7236,1.49443,-0.01638648,0.7902997,1.690611
7237,2.188406,0.5478975,0.4274994,2.296098
7238,1.806527,0.2291827,0.7235864,1.9595
7239,1.731397,-0.3545896,1.178748,2.124363
7240,1.733691,0.8140987,-0.002767642,1.91532
7241,1.734949,0.8156047,-0.005716455,1.917105
7242,2.178062,-0.1592758,0.7174924,2.298721
7243,2.311721,0.5176107,0.445346,2.410458
7244,2.3104,0.5190262,0.445863,2.409591
7245,2.770047,-4.115503,-0.6240732,5
7246,1.972272,-1.397411,4.328643,4.957798
7247,-4.526122,-2.12412,0.04840917,5
7248,-3.063721,-0.5364309,3.914825,5
7249,-2.574356,-3.802012,1.979242,5
7250,4.23438,-0.5302144,2.202696,4.802392
7251,1.146439,-2.038481,4.403213,4.985781
7252,-0.3209457,0.07517687,0.9566993,1.011895
7253,-0.6723144,0.02729725,1.451159,1.599567
7254,-0.6105494,0.1088011,0.7123296,0.944469
7255,-0.3525085,-0.04959206,1.238584,1.288725
7256,-0.2578049,-0.06150079,1.229883,1.258117
7257,-0.6107504,0.1053013,0.7111199,0.94329
7258,-0.6716889,0.03316467,1.450341,1.598673
7259,-0.3217583,0.09221609,0.9560869,1.012983
7260,0.1063602,0.9296956,0.09599292,0.9406705
7261,0.1577239,0.9667679,0.08087243,0.9828822
7262,0.09569307,0.7324489,0.08426721,0.7434646
7263,-0.06571116,0.7696694,0.1162255,0.7811641
7264,0.2932765,0.9308036,-0.276795,1.014407
7265,-0.06869489,0.7716834,0.1162529,0.7834086
7266,0.09983787,0.9321886,0.09315989,0.9421369
7267,-0.01224496,0.6329699,0.1000759,0.6409493
7268,4.92824,-0.837449,0.1002455,4.999892
7269,4.68298,1.749958,0.08144029,4.999928
7270,4.544047,2.085776,0.03252974,4.999989
7271,4.543149,2.087713,0.03353998,4.999988
7272,4.680997,1.755228,0.08194768,4.999928
7273,4.927937,-0.8392353,0.1001792,4.999891
7274,4.917347,0.5578128,0.6774638,4.995039
7275,4.917479,0.5566539,0.6774616,4.995039
7276,3.907964,-0.2636751,3.107779,5
7277,3.204168,-0.9911357,-3.708228,5
7278,4.269873,-0.4600402,2.432546,4.935659
7279,2.555596,-3.36378,2.540946,4.929756
7280,-0.01265425,0.7932262,0.2099603,0.8206408
7281,0.04635883,0.7837002,0.0218453,0.785374
7282,0.04929036,0.7755537,0.02241928,0.7774418
7283,0.003665602,0.7549971,0.2256333,0.7880003
7284,0.149076,0.8305411,0.3215131,0.9029911
7285,-0.09391851,0.9288836,0.2554749,0.9679425
7286,-0.1037968,0.7108564,0.1705256,0.7383561
7287,-0.0004331996,0.7524189,0.2291169,0.7865297
7288,4.754908,1.154147,1.028978,5
7289,2.415506,0.6013086,0.6738773,2.578828
7290,2.616644,0.5689387,0.8240365,2.801706
7291,2.297367,0.183269,0.4224049,2.343055
7292,2.395707,0.0370597,0.9227174,2.567526
7293,2.395719,0.0371925,0.9230295,2.567652
7294,2.382282,0.587665,0.4069699,2.487216
7295,2.887725,0.1399207,0.5585731,2.944578
7296,2.888705,0.142511,0.5534382,2.944693
7297,0.7878496,4.713045,1.471904,5
7298,-1.414504,-2.164916,-4.279289,5
7299,1.566697,-0.2381146,4.742232,5
7300,1.940967,-0.7980681,4.493187,4.959133
7301,2.406563,-1.995235,3.821232,4.937036
7302,0.812108,0.291902,4.924964,5
7303,2.405632,-1.997857,3.820511,4.937085
7304,0.9820806,0.2562989,4.895899,5
7305,4.543329,1.458626,-0.02388542,4.771792
7306,0.8377137,-1.111846,4.794394,4.992412
7307,-0.3638591,-0.03035442,1.310152,1.360078
7308,-0.2276612,-0.04579702,1.389931,1.409197
7309,-0.2214887,-0.09121235,1.391483,1.41195
7310,-0.3607087,-0.03197305,1.310247,1.359367
7311,-0.7502287,-2.699168,4.141455,5
7312,1.494985,-1.872975,4.36068,4.975796
7313,1.484321,-1.86263,4.369139,4.976141
7314,1.508528,-1.532989,4.486473,4.975355
7315,0.0478793,1.087021,0.1298331,1.095794
7316,-0.003138589,0.9310624,0.166977,0.945922
7317,0.02395891,1.144169,0.2050811,1.16265
7318,0.02190906,0.9001997,0.2771068,0.9421399
7319,-0.1328405,1.328431,0.3070911,1.369919
7320,0.01182101,0.5393174,0.1807379,0.5689193
7321,-0.005357763,1.052202,0.1928597,1.069744
7322,3.050192,0.4889005,0.5858997,3.144197
7323,2.573366,0.03171054,0.4006661,2.604564
7324,2.992732,0.2309145,0.398904,3.028018
7325,2.404321,-0.119029,0.3569476,2.433586
7326,2.485471,0.09485603,0.1526324,2.491959
7327,2.733987,-0.1231935,0.4117303,2.767559
7328,2.638906,-0.1038889,0.6990554,2.731903
7329,2.570104,0.02853773,0.4016876,2.601461
7330,2.754343,1.250532,0.472981,3.06169
7331,4.419607,2.334635,0.1286675,5
7332,-2.840711,2.731515,3.077204,5
7333,-1.60798,3.0048,3.658631,5
7334,3.793686,2.336902,1.895263,4.842022
7335,3.107441,0.4905484,3.88628,5
7336,1.393023,-1.926766,4.374634,4.978992
7337,4.064009,0.6446294,2.506788,4.818267
7338,3.732965,-3.055698,-0.471417,4.847118
7339,-0.01384836,0.05405985,1.352022,1.353173
7340,-0.1177918,-0.04829003,1.481437,1.486897
7341,-0.1820818,-0.0123641,1.601234,1.611601
7342,-0.2055646,-0.02628035,1.549428,1.563226
7343,-0.01818653,0.009897187,1.468161,1.468307
7344,-0.0196058,0.007933153,1.468166,1.468319
7345,-0.002509883,0.05289235,1.357317,1.358349
7346,-3.570124,3.475554,0.4180206,5
7347,3.506664,-0.5276651,3.331129,4.865341
7348,1.503794,2.480191,4.042641,4.97551
7349,3.488685,1.4008,3.090627,4.866738
7350,1.505404,2.479363,4.042485,4.975457
7351,-0.4454398,-1.199606,4.83348,5
7352,-0.4408533,-1.184662,4.837584,5
7353,-0.07381349,1.239746,0.164661,1.25281
7354,-0.215198,0.8936785,0.02425137,0.9195431
7355,0.09627879,0.9919443,0.06215469,0.9985421
7356,-0.05283542,1.149122,-0.03135908,1.150763
7357,-0.1068713,1.167346,0.2027988,1.189641
7358,0.05262284,0.8947021,0.1142035,0.9034951
7359,-0.08412202,0.901023,-0.03196984,0.905506
7360,-0.07108389,1.237803,0.1651936,1.250799
7361,0.1808342,3.77269,3.276295,5
7362,3.284037,0.4764034,0.04625435,3.318734
7363,3.295949,0.06691003,0.4251335,3.323927
7364,3.137424,0.7224324,0.5710433,3.269775
7365,2.695141,0.5943103,0.5604998,2.81623
7366,2.563343,-0.1615772,0.3842298,2.597012
7367,2.750583,-0.004870705,0.4348052,2.784742
7368,2.822926,0.05574964,0.2545451,2.834927
7369,2.867609,0.2840042,0.2937467,2.896572
7370,2.867972,0.286456,0.2886333,2.896658
7371,2.729183,0.05537346,0.6105251,2.797186
7372,2.887036,0.6462559,0.5568203,3.010427
7373,2.89283,0.6426071,0.5597818,3.015753
7374,4.419715,1.846277,1.434356,5
7375,-3.645653,1.062808,-3.252637,5
7376,-3.917135,3.107333,0.0231598,5
7377,2.267519,3.662718,2.426393,4.944141
7378,3.211663,-3.566074,1.402975,5
7379,-0.7596408,-1.058255,4.827322,5
7380,0.02980594,-0.03151615,1.592963,1.593553
7381,-0.0134346,-0.03771052,1.658097,1.658581
7382,-0.2772347,-0.03268271,1.599325,1.623505
7383,-0.1843585,-0.03735531,1.527857,1.539392
7384,-0.2256201,-0.02819379,1.424957,1.442983
7385,-0.08790261,-0.06329735,1.567554,1.571292
7386,-0.7441651,2.192847,4.431437,5
7387,1.592284,-1.58881,4.465458,5
7388,-1.163775,2.888963,3.91146,5
7389,3.826331,0.3388496,2.943243,4.839246
7390,-0.2223252,1.04133,-0.0568173,1.066314
7391,-0.04028064,1.054234,-0.08533063,1.058449
7392,0.06972092,0.9533714,-0.1151638,0.9628295
7393,-0.04878103,1.061925,-0.08456071,1.066403
7394,-0.01379257,0.9680184,-0.1250154,0.976155
7395,-0.03225103,0.9473364,-0.03719153,0.9486145
7396,-0.09077954,1.034867,0.01306557,1.038924
7397,-0.1910627,1.390002,0.03040637,1.403401
7398,-0.2103197,1.233321,0.02310938,1.251339
7399,-0.01241077,0.9675169,-0.123639,0.9754638
7400,3.637027,3.203937,-0.1315088,4.84876
7401,2.641664,0.06892707,0.5145333,2.692189
7402,2.644958,0.06766973,0.5188253,2.696213
7403,2.784694,0.1449838,0.5283947,2.838088
7404,2.859272,0.1810305,0.4318904,2.897368
7405,2.892451,0.0783283,0.5009636,2.936558
7406,2.785583,0.1406298,0.524201,2.837964
7407,2.659025,0.1137011,0.1979473,2.668806
7408,3.211492,-0.08943976,0.3547522,3.232263
7409,2.961448,-0.5240878,0.4423606,3.039823
7410,2.571564,0.67532,0.6541195,2.738041
7411,3.014,0.06251918,0.4128174,3.042782
7412,3.010877,0.06262871,0.4164271,3.040183
7413,3.169748,0.07328309,0.3410254,3.188882
7414,-2.686975,0.2359375,-4.210047,5
7415,4.429395,0.714653,-1.658362,4.78335
7416,3.745251,2.824586,1.73055,5
7417,1.908158,2.578068,3.784064,4.960508
7418,2.792135,-3.744193,1.530611,4.915056
7419,-0.06786862,-0.04547144,1.833599,1.835418
7420,-0.09925692,-0.04625558,1.744921,1.748354
7421,0.1067632,-0.1117361,1.741048,1.747893
7422,-0.05092743,-0.03658053,1.61855,1.619764
7423,-0.2172873,-0.04806235,1.754969,1.769022
7424,-0.0354299,-0.06212282,1.810098,1.81151
7425,2.905057,1.862165,3.490165,4.90798
7426,4.276123,-0.6972545,2.062328,4.798395
7427,4.155909,-0.0843379,2.419793,4.809792
7428,4.2475,1.716904,-1.435943,4.80114
7429,-0.1031764,1.115391,0.04878719,1.121214
7430,-0.07926992,1.061561,0.04535745,1.065483
7431,0.05855504,1.096176,0.04559528,1.098685
7432,-0.07570731,0.9536991,0.05345019,0.9581912
7433,-0.03068474,1.08911,0.05780261,1.091074
7434,-0.03550953,1.099569,0.05765988,1.101652
7435,-0.02429955,1.084918,0.06037536,1.086869
7436,-4.234808,2.658238,0.01249437,4.999999
7437,3.396917,0.4763909,0.569896,3.477179
7438,3.015933,1.480849,0.5704064,3.407951
7439,3.350266,-0.01357814,0.5171791,3.389976
7440,3.452173,0.1383682,0.07012014,3.455657
7441,3.156349,-0.1617015,0.5293795,3.204517
7442,3.512185,-0.001946576,0.6822556,3.577838
7443,2.86159,0.03173694,-0.06678783,2.862545
7444,2.865832,-0.4623801,-0.2028316,2.909971
7445,2.700533,-0.08731163,0.08236493,2.703199
7446,2.740456,0.09871462,0.7231574,2.835984
7447,-0.03854686,2.955633,-4.03271,5
7448,1.231782,-3.311764,-3.514401,4.983581
7449,-0.1312759,-0.09741979,1.926149,1.933074
7450,-0.08366131,-0.07151834,1.884557,1.887768
7451,-0.2286508,-0.01078081,1.843925,1.858079
7452,0.02485259,-0.07007749,1.948568,1.949986
7453,-0.2169293,-0.03176386,1.947056,1.95936
7454,0.04850166,0.02344564,1.852023,1.852806
7455,-1.167925,-0.001511828,0.3048854,1.207065
7456,-1.167875,-0.01417293,0.3048527,1.207091
7457,1.085422,4.141731,-2.582232,5
7458,-0.571781,-4.617417,1.83099,5
7459,-4.764545,1.238622,-0.8745998,5
7460,4.503862,1.011848,1.22473,4.775832
7461,-3.878757,-1.640072,2.695441,5
7462,3.791563,2.948411,0.6146882,4.842202
7463,3.382409,-1.032625,3.355149,4.874836
7464,3.676223,0.9790977,3.0111,4.851801
7465,4.716943,0.4097887,0.4228842,4.753557
7466,3.146899,-0.007330201,-0.1560261,3.150773
7467,3.127557,-0.1646236,0.1393023,3.134983
7468,3.205109,-0.1772102,0.1138312,3.212022
7469,3.134703,-0.1052467,0.2457953,3.146085
7470,2.827425,0.06326472,0.3721446,2.852513
7471,2.82747,0.06049619,0.3672809,2.851866
7472,3.131753,-0.1067671,0.2439052,3.14305
7473,2.618492,-0.1830719,0.004621729,2.624888
7474,2.830819,0.7404273,0.2064383,2.933324
7475,2.547083,0.3784404,0.4912338,2.621481
7476,2.825201,0.7403041,0.2073444,2.927935
7477,4.40291,-2.166956,0.958477,5
7478,-0.745583,0.7898246,4.880603,5
7479,2.455051,-4.296669,0.71509,5
7480,3.741163,3.017385,0.6221119,4.846435
7481,0.104435,-3.768432,3.284332,4.999882
7482,0.231159,-1.010591,4.890756,4.999423
7483,0.1529039,0.5826395,0.01650344,0.602595
7484,0.09473995,0.7894518,0.09905672,0.8012628
7485,0.0961609,0.7895737,0.1010303,0.8017983
7486,0.1591265,0.5829204,0.018747,0.6045402
7487,0.1073297,0.06831937,2.018399,2.022405
7488,0.09880533,-0.07436179,1.950339,1.954256
7489,-0.1198472,0.08701047,2.105601,2.110803
7490,0.004268804,0.0809464,2.116323,2.117875
7491,0.1170088,0.02037137,2.091569,2.094938
7492,0.02505093,0.05022544,2.135731,2.136468
7493,0.02303529,-0.08350548,2.165455,2.167187
7494,-1.318171,-0.04445298,0.4511678,1.393953
7495,-1.464997,-0.08277545,0.4481509,1.534245
7496,-1.211442,-0.02291749,0.25817,1.238858
7497,-1.212059,0.03673985,0.2585537,1.239874
7498,-1.097969,0.08233639,0.6275705,1.267343
7499,-1.468452,-0.02441115,0.4517314,1.536557
7500,-1.314628,-0.003783998,0.4489798,1.389188
7501,3.038566,-2.688977,2.921732,5
7502,4.116346,-1.437376,-2.447375,5
7503,4.537115,1.467023,-0.196269,4.77243
7504,4.619948,-0.3604862,1.104659,4.763837
7505,4.723293,0.1036357,0.5192263,4.752876
7506,4.434873,1.780947,-0.1879389,4.782802
7507,1.481743,-1.797496,4.424189,5
7508,1.263588,-0.2975116,4.810648,4.982721
7509,0.9617286,-0.9206626,4.819487,5
7510,-4.74812,1.30476,0.867727,5
7511,4.396767,0.09346186,2.379014,5
7512,-3.12003,-0.5712727,3.865108,5
7513,2.813796,-0.3526674,0.1888468,2.842092
7514,2.964507,0.1886389,-0.02163658,2.970581
7515,2.955778,-0.2910514,0.2469203,2.98032
7516,2.741224,0.08945653,0.4987638,2.787665
7517,2.888248,0.3952432,0.3430429,2.93528
7518,2.787273,0.4268121,0.4121183,2.849719
7519,3.061861,-0.1882337,0.4391807,3.09892
7520,2.866069,0.1494951,0.1375235,2.873258
7521,2.821933,-0.2250311,-0.03151751,2.831067
7522,2.864962,0.154901,0.1351895,2.87233
7523,2.603564,-0.4443964,0.1275659,2.644297
7524,1.099773,-2.147555,-4.379327,5
7525,1.839474,3.841636,2.548063,4.963311
7526,0.7579184,-0.9004186,4.853117,4.993791
7527,0.08570253,0.836402,-0.06197962,0.8430627
7528,0.1629654,0.7994954,0.0898528,0.8208679
7529,0.1698317,0.8051493,0.09039001,0.8278155
7530,0.07289124,0.8366898,-0.04007529,0.8408145
7531,-0.03692975,0.802167,-0.03090822,0.8036112
7532,-0.05741338,0.7440706,-0.05823155,0.7485508
7533,-0.200641,0.01330197,2.218613,2.227706
7534,-0.1592053,0.0006054878,2.307935,2.313419
7535,-0.1428152,0.03556171,2.174728,2.179703
7536,0.004799716,0.1028548,2.271977,2.274309
7537,-0.01541219,-0.04747364,2.174205,2.174778
7538,-0.9711586,0.009912046,0.8924404,1.318976
7539,-1.268365,0.08844573,0.6643371,1.434543
7540,-0.9313807,0.05030623,0.5376844,1.076617
7541,-1.274032,0.05959969,0.707401,1.458467
7542,-1.245236,0.06231667,0.6766487,1.418573
7543,1.632774,0.01884498,-1.85234,2.469306
7544,1.632656,0.02030143,-1.851657,2.468727
7545,2.884394,0.9041467,0.3115726,3.038797
7546,2.634909,0.7235234,0.404963,2.762286
7547,2.929533,1.031435,0.1933356,3.111816
7548,2.882203,0.9030119,0.3112412,3.036346
7549,4.835662,-1.060369,0.7014211,5
7550,3.827256,-2.009029,2.513149,5
7551,4.370714,1.790538,-0.7918722,4.789178
7552,-3.677505,2.522827,2.260819,5
7553,-2.989353,-3.069153,-2.577609,5
7554,4.159278,2.405704,0.2098988,4.809477
7555,-1.77692,1.567482,-4.402903,5
7556,4.650968,1.014955,0.03802411,4.760575
7557,-4.259569,2.38545,-1.079678,5
7558,-4.037043,-1.149583,-2.716753,5
7559,1.367275,0.8704382,4.708602,4.979763
7560,3.670227,-1.481733,2.806891,4.852292
7561,-3.724824,1.189309,3.116285,5
7562,-2.869183,-2.291269,3.393799,5
7563,4.662649,-0.4753045,0.8277182,4.759341
7564,2.751158,-0.06652603,-0.06673694,2.752771
7565,2.89467,0.04329601,-0.08371636,2.896204
7566,2.815617,0.2006414,0.04488631,2.823113
7567,2.767982,0.06511358,0.26923,2.781807
7568,2.735144,0.3632783,0.05118877,2.759639
7569,3.16959,1.024118,0.2876081,3.343327
7570,3.009176,0.5862342,0.2193745,3.073587
7571,3.007414,0.589108,0.2283954,3.073068
7572,2.654676,0.002348213,0.2209352,2.663855
7573,2.70753,0.1627324,-0.2083949,2.720409
7574,3.076146,0.2463757,0.2869365,3.099308
7575,3.085374,0.4253001,0.1331662,3.117394
7576,3.084029,0.4250284,0.1349077,3.116101
7577,0.6725966,-4.258264,-2.532746,5
7578,0.1986522,-3.777741,3.268784,4.999574
7579,0.05048943,0.7193214,-0.05152898,0.72293
7580,0.008979498,0.5838243,-0.07332762,0.5884797
7581,0.0415211,0.7200163,-0.04422244,0.722567
7582,0.2732463,0.517548,0.02012837,0.5855976
7583,0.1015478,0.6445255,0.07829302,0.6571566
7584,0.04072207,0.7689928,0.008265944,0.7701147
7585,0.01348276,0.5804876,-0.07524367,0.5854992
7586,0.2751103,0.5178941,0.01757447,0.5866932
7587,0.1441654,0.5174569,0.04065428,0.5387004
7588,0.04303189,0.7715782,0.008146919,0.7728202
7589,-0.1983741,0.003914054,2.286038,2.294632
7590,-0.1879561,0.05274414,2.321738,2.329931
7591,-0.1210452,0.0802184,2.229894,2.234617
7592,-0.1107426,0.04266963,2.351656,2.354649
7593,-0.08936856,-0.01148272,2.322069,2.323817
7594,-0.2521529,0.04433018,2.3036,2.317783
7595,-0.6311951,0.09130014,1.091797,1.264422
7596,-0.7347006,0.07111751,1.142891,1.36053
7597,-1.012037,-0.07281152,1.006497,1.429181
7598,-0.735047,0.07320398,1.142673,1.360645
7599,-0.8112372,0.05805344,0.7307278,1.093361
7600,-0.9382463,0.01839539,0.7479625,1.200039
7601,-0.6314524,0.07872842,1.09119,1.263181
7602,2.682703,0.9714487,0.2707745,2.865995
7603,2.894359,0.6098855,0.3062823,2.973732
7604,2.732611,1.096604,0.5242611,2.990745
7605,2.569842,0.9471555,0.3260032,2.758164
7606,2.769809,1.097825,0.5343236,3.026973
7607,2.952981,0.8769608,0.370993,3.102708
7608,2.080936,3.72985,-2.599601,5
7609,4.360653,2.39389,-0.5039729,5
7610,2.082608,-2.58266,3.677505,4.952921
7611,1.706169,0.8854301,4.581541,4.968452
7612,2.949776,1.85746,3.45089,4.905097
7613,-0.8856478,3.896596,-3.005356,5
7614,2.901999,0.9496428,3.959366,5
7615,3.691867,-0.8758039,3.021689,4.850517
7616,1.593711,-1.403563,4.496188,4.972485
7617,2.301717,0.08257034,-0.09640567,2.305214
7618,2.583708,-0.06610988,-0.3361816,2.606326
7619,2.28994,0.07530188,-0.3921206,2.324491
7620,2.474395,-0.1452143,-0.3045518,2.497292
7621,2.163823,1.327175,0.3306601,2.559855
7622,2.734282,0.5242738,-0.4065663,2.81362
7623,2.859503,0.08237012,-0.1539188,2.864827
7624,2.128172,0.545002,0.3262917,2.220948
7625,2.676443,0.04141244,-0.04961011,2.677223
7626,1.913959,0.3178414,-0.6510453,2.046491
7627,2.41349,-0.5253066,-0.269198,2.484623
7628,2.994751,0.3719595,-0.3166295,3.034327
7629,-3.399757,-3.51583,1.039515,5
7630,-0.8686075,-4.273452,-2.446044,5
7631,2.27832,-4.248878,-1.093397,4.943604
7632,1.176292,-4.100071,-2.579976,4.98503
7633,2.619035,-4.117761,0.6660815,4.925339
7634,-0.1346021,1.040791,0.01421412,1.049555
7635,-0.1298106,1.036834,0.01419336,1.045025
7636,-0.2540591,1.142671,0.01483668,1.170667
7637,0.04066411,1.1269,0.02103393,1.127829
7638,-0.09592035,0.01219841,2.369908,2.37188
7639,-0.2813376,0.05898464,2.395787,2.412971
7640,-0.2048546,0.009470816,2.432499,2.441128
7641,-0.1993988,0.03513754,2.387499,2.396069
7642,-0.1925579,-0.02576504,2.31043,2.318583
7643,-0.1730395,-0.04028164,2.238186,2.245226
7644,-0.1434728,0.001254381,2.272683,2.277207
7645,-0.6333939,0.06381769,1.349777,1.492367
7646,-0.4650739,0.04657163,1.230411,1.316197
7647,-0.72799,0.102958,1.451686,1.627256
7648,0.08789906,0.07087608,1.421982,1.426458
7649,0.2345183,-0.00716968,2.042568,2.056
7650,0.2355822,0.02283703,2.04368,2.057341
7651,0.08909895,0.07263153,1.42031,1.424954
7652,1.853022,-0.1090557,-1.741276,2.545118
7653,1.855884,-0.1111658,-1.746135,2.550617
7654,2.920078,0.7627991,0.3141616,3.034372
7655,2.794422,0.7224512,0.3519277,2.907677
7656,2.919833,0.933154,0.3729624,3.087928
7657,2.897929,0.9327638,0.3896443,3.06918
7658,2.924317,0.932178,0.3753021,3.092157
7659,3.211085,0.902733,0.3842599,3.357625
7660,2.902792,0.9310426,0.3896583,3.073252
7661,2.881976,0.8508456,0.4525476,3.038836
7662,2.883949,0.8531504,0.4596415,3.042417
7663,0.4806738,-2.090147,4.513898,4.997503
7664,0.998663,-0.0144202,4.888222,4.989213
7665,1.171835,1.697528,4.538375,4.985143
7666,0.3129038,2.234149,4.460952,4.998942
7667,0.9301034,-0.1327388,4.901411,4.990645
7668,0.834461,-3.335199,3.620068,4.992472
7669,0.9782523,0.8412503,-4.830664,5
7670,3.993799,-2.703538,-0.1314463,4.824606
7671,-2.766744,0.5538316,-4.127759,5
7672,1.752847,-3.643691,2.941265,5
7673,0.4617302,-4.846187,1.130595,4.997696
7674,3.880244,-2.74542,-1.551252,5
7675,1.4075,0.4664821,0.2876199,1.510426
7676,1.234683,0.5702173,0.1828664,1.372235
7677,1.768411,0.2634824,0.1534283,1.794503
7678,1.581027,-0.1954948,0.2494771,1.612483
7679,2.391057,-0.283387,0.1823388,2.414686
7680,1.769597,0.2635879,0.1552439,1.795843
7681,1.581746,-0.2015795,0.2493741,1.613921
7682,1.233813,0.5758386,0.1847305,1.374049
7683,1.407668,0.4667461,0.2875323,1.510648
7684,-1.855557,-3.513264,-3.035439,5
7685,1.143898,1.487079,4.402929,4.785989
7686,1.140281,-4.573954,1.666945,5
7687,4.020287,-1.3597,2.5114,4.931391
7688,2.702184,-2.138688,3.441599,4.870358
7689,-0.1217054,-3.098659,3.726071,4.847691
7690,-1.686897,-1.246488,4.311854,4.794939
7691,3.010464,0.4307435,3.770383,4.843988
7692,3.011017,0.4242083,3.770653,4.843966
7693,2.477331,-1.459643,3.808215,4.771816
7694,4.083739,-2.880882,-0.1536214,5
7695,0.1209417,-0.7273235,4.69792,4.755426
7696,-0.273252,0.0269269,2.469398,2.484616
7697,-0.2315374,0.02450053,2.407675,2.418906
7698,-0.1281074,-0.007274045,2.440798,2.444169
7699,-0.2981966,0.01707348,2.55653,2.573919
7700,-0.3626144,0.02463147,2.506906,2.533115
7701,-0.2049575,7.350473E-05,2.510742,2.519094
7702,-0.2431116,0.001101008,2.404466,2.416725
7703,0.2028473,0.7070263,1.666598,1.821698
7704,-1.252262,0.06060111,2.089648,2.436896
7705,-0.7563116,0.0565281,2.036366,2.173014
7706,-0.746035,0.08807346,2.039169,2.173139
7707,0.2045686,0.7787588,1.660621,1.845529
7708,2.892557,0.8454773,0.3145448,3.02996
7709,2.809678,0.7799486,0.3947975,2.942528
7710,3.067075,0.668067,0.2697784,3.150562
7711,3.066447,0.6666688,0.2754826,3.150148
7712,3.080025,0.8453022,0.2605241,3.204522
7713,2.848888,0.834393,0.277716,2.981527
7714,2.851237,0.8339826,0.2800384,2.983873
7715,3.037225,0.6280003,0.3167751,3.117605
7716,2.96735,0.8427503,0.2944877,3.098728
7717,2.969688,0.8428364,0.2947895,3.10102
7718,2.997244,0.854445,0.3748791,3.139121
7719,3.863843,-2.391761,-2.085712,5
7720,-0.4348344,-3.543259,-3.500891,5
7721,1.560409,2.965906,3.67498,4.973626
7722,0.8956229,-4.215338,2.518359,4.991327
7723,3.126044,-3.612816,1.474928,5
7724,-0.9283379,3.984093,2.874925,5
7725,3.374582,-2.869371,-2.036823,4.875422
7726,3.733781,-1.005126,2.922755,4.84705
7727,2.140795,-3.40557,-2.885129,4.950241
7728,4.68638,-0.5604081,-0.5925694,4.756822
7729,-0.275453,0.005311887,2.63566,2.65002
7730,-0.2690638,5.328427E-05,2.512632,2.526998
7731,-0.1660918,-0.001615988,2.64724,2.652446
7732,-0.1415028,0.01680382,2.565297,2.569252
7733,-0.1849141,0.002813359,2.630533,2.637026
7734,-0.2957932,0.002976097,2.599846,2.61662
7735,-0.1950859,0.0239985,2.600168,2.607586
7736,0.354046,0.07142922,2.641401,2.66598
7737,0.3630778,0.04914682,2.644115,2.669379
7738,0.7268267,0.03082332,2.654312,2.752199
7739,0.7427989,0.9724305,2.59842,2.872135
7740,0.5197276,0.06409362,2.500821,2.555059
7741,0.5193108,0.06941696,2.501923,2.556192
7742,0.9871354,0.01137837,1.711179,1.975525
7743,0.9835383,-0.1146964,1.69312,1.961417
7744,2.876504,2.637588,1.743371,4.274399
7745,1.29959,0.07085198,4.319931,4.511735
7746,2.220058,0.1525054,1.704996,2.803378
7747,1.308535,0.06775321,4.326359,4.520425
7748,2.961255,0.07770533,3.207063,4.365813
7749,2.876227,2.638076,1.746965,4.27598
7750,2.96448,0.06789692,3.206794,4.36764
7751,2.220944,0.1524611,1.699721,2.800873
7752,2.816227,0.7481245,0.09537103,2.915462
7753,3.090713,0.8495846,0.3569089,3.225164
7754,2.681907,0.8450269,0.2476519,2.82277
7755,2.788245,0.7836491,0.3987091,2.923591
7756,2.968099,0.6022388,0.2002036,3.035191
7757,2.818113,0.7208509,0.218013,2.917004
7758,3.099258,0.8522212,0.3535677,3.233681
7759,1.162066,-3.474411,3.402656,5
7760,4.332292,2.397901,0.6937681,5
7761,3.322197,3.175992,1.638207,4.879307
7762,4.17605,1.227114,2.042244,4.807906
7763,2.822516,2.789802,3.041448,5
7764,1.458281,-4.776853,-0.2347253,5
7765,4.164701,-1.050987,-2.559432,5
7766,2.787682,-4.042524,0.2174549,4.915329
7767,-0.220028,0.01665392,2.622203,2.63147
7768,-0.2420695,0.03427715,2.753069,2.763903
7769,-0.1696764,0.03285767,2.709576,2.715083
7770,-0.1576058,0.03691912,2.677284,2.682173
7771,-0.1826236,0.002968039,2.73891,2.744994
7772,-0.04171475,0.03498346,2.847842,2.848362
7773,0.8113708,1.479607,2.531038,3.041991
7774,0.8215103,1.481423,2.532753,3.04702
7775,2.05922,1.251744,3.560972,4.299741
7776,2.051288,1.330687,3.570429,4.32741
7777,1.733887,0.08115129,3.402852,3.819994
7778,1.478154,0.09277133,2.303385,2.738454
7779,-0.01398776,-0.02468573,3.047512,3.047644
7780,0.9496136,0.00661721,4.245841,4.350744
7781,2.867371,0.02830278,3.984006,4.908658
7782,1.339013,-0.0135667,3.436356,3.688046
7783,2.323686,0.05470904,3.811937,4.464681
7784,2.32477,0.05482993,3.815018,4.467877
7785,0.8797201,0.002986776,3.392873,3.505068
7786,0.6309199,0.1172977,4.128801,4.178375
7787,1.251073,0.08731586,3.773029,3.975997
7788,1.246432,0.08716246,3.77253,3.974062
7789,0.8739418,0.003066993,3.388428,3.499318
7790,3.168,0.7295319,0.2534043,3.260775
7791,3.168259,0.732805,0.2530192,3.26173
7792,3.036008,0.6894754,0.230081,3.121804
7793,2.835458,0.8169756,0.1452625,2.954382
7794,2.905947,0.6773303,0.07823972,2.984867
7795,3.111835,0.5940977,0.1735588,3.172789
7796,2.797166,0.6293105,0.3170162,2.884557
7797,2.860911,0.4887684,0.2638872,2.914334
7798,2.819784,0.6992519,0.005286865,2.905195
7799,2.921566,0.5622984,-0.01274262,2.975212
7800,2.903429,0.6648949,0.0801485,2.979666
7801,-3.477931,2.761561,2.297341,5
7802,-1.266766,-1.68196,-4.53501,5
7803,4.387654,2.387172,0.2233862,5
7804,3.340375,-2.952321,1.979961,4.877966
7805,2.165934,0.763309,4.441406,5
7806,3.490881,3.557135,-0.4006745,5
7807,-4.351093,2.428171,-0.4146909,5
7808,4.579723,0.1119923,1.322013,4.768031
7809,4.308388,0.3133084,2.081897,4.795275
7810,2.894406,2.350432,3.19262,4.90866
7811,1.968069,4.159431,1.845914,4.957979
7812,-0.03960235,0.02840411,2.797448,2.797873
7813,-0.1189235,0.003591208,2.743036,2.745615
7814,-0.0446029,0.0339553,2.845387,2.84594
7815,-0.02701248,0.03694033,2.783077,2.783453
7816,0.03592138,0.0001416449,2.743387,2.743622
7817,0.09394372,0.03777206,2.621209,2.623164
7818,2.263345,-0.001035014,2.631947,3.471293
7819,2.267812,-0.001151286,2.628959,3.471944
7820,1.712853,0.04181704,3.7701,4.141167
7821,2.314739,0.01294062,3.459064,4.162128
7822,1.504592,-0.05374748,2.924685,3.289448
7823,1.505515,0.01455065,2.928766,3.293092
7824,2.648552,0.0486044,4.030157,4.822795
7825,3.962636,0.4858083,3.010233,5
7826,2.234601,0.2214255,4.466792,4.99947
7827,2.239591,0.2212895,4.4643,4.999471
7828,2.941561,0.5489757,4.005727,5
7829,0.3771095,4.610256,1.898244,5
7830,0.5278987,0.1239454,4.970342,4.999834
7831,2.405639,0.2165278,4.377901,5
7832,2.86505,0.5535167,-0.0544069,2.918536
7833,2.747019,0.7653096,0.1027825,2.853485
7834,2.558692,0.6257007,-0.003914985,2.634089
7835,2.305153,0.895697,-0.04007557,2.47338
7836,2.523094,0.8,-0.06456498,2.647673
7837,2.377222,0.6424449,0.2583854,2.476022
7838,2.514539,0.602671,0.07297755,2.586783
7839,2.826482,0.6072327,0.1697552,2.895953
7840,2.826468,0.6068919,0.169347,2.895844
7841,2.450557,0.7454178,-0.1571285,2.566236
7842,2.556901,0.63117,-0.005681363,2.633658
7843,-3.805679,-1.967203,-2.578161,5
7844,4.1812,2.1595,-0.9825679,4.807423
7845,3.139724,2.632455,2.865713,5
7846,-0.1109224,1.019505,-0.01733914,1.025668
7847,-0.01057849,1.145285,-0.03801297,1.145964
7848,-0.1415942,1.130287,-0.02254454,1.139345
7849,-0.1105245,1.013479,0.0439462,1.020434
7850,2.437331,-1.271394,4.098926,4.935405
7851,1.54287,2.761012,3.839166,4.974216
7852,2.894265,-0.2058824,4.071958,5
7853,1.170094,2.316621,4.256317,4.985187
7854,1.923622,4.371583,1.337603,4.959863
7855,1.173017,4.277915,-2.307267,5
7856,0.1733946,0.03107051,2.654107,2.659946
7857,0.1289964,0.05309401,2.603638,2.607372
7858,0.0491245,0.01387995,2.647511,2.648003
7859,0.1148852,0.01340982,2.512768,2.515429
7860,0.1406781,0.0414173,2.473529,2.477872
7861,0.2858539,0.02965261,2.712179,2.727363
7862,0.120187,0.03648538,2.693786,2.696712
7863,3.304048,0.01315172,3.067336,4.508376
7864,3.831423,0.02551157,3.023698,4.880901
7865,3.032352,2.757174,2.619576,4.864088
7866,4.178814,0.01709082,2.745401,5
7867,4.122991,0.05096877,2.776941,4.971222
7868,4.118116,0.05101328,2.773875,4.965467
7869,4.161985,0.07865772,2.769662,4.999934
7870,3.240555,1.202458,3.591196,4.984354
7871,3.980878,0.05285893,3.024816,4.99997
7872,3.077994,-0.01686479,3.940262,5
7873,1.427377,0.3825054,0.08515159,1.480192
7874,1.3376,0.855045,0.07541478,1.589328
7875,1.588511,0.5843717,0.09105167,1.695036
7876,1.59041,0.5490833,0.124812,1.68715
7877,1.380174,0.5828869,0.09411386,1.501164
7878,2.725398,3.878957,1.509843,4.975311
7879,1.518698,-0.457882,4.504633,4.775753
7880,1.592753,-0.493961,4.478032,4.778455
7881,0.0111121,-1.18914,4.613698,4.764492
7882,-0.33231,2.99417,3.791025,4.842247
7883,0.2282475,-0.5405204,4.716643,4.752997
7884,2.028335,-0.1173834,4.293707,4.750142
7885,0.2059584,-0.5723842,4.714276,4.753361
7886,0.1141462,-1.689585,4.469128,4.779208
7887,0.1546848,-1.537182,4.517303,4.774189
7888,0.1205971,-1.108801,4.63016,4.762601
7889,0.08052484,-1.746453,4.45009,4.781201
7890,-0.3321546,2.992623,3.79214,4.842153
7891,4.059804,0.5876869,2.169283,4.640386
7892,1.012795,4.589517,-1.673249,4.988906
7893,-1.112957,3.586735,-3.301009,5
7894,1.957639,4.352057,-1.492396,5
7895,0.1102237,0.7094073,4.948058,4.999868
7896,0.08697706,0.03850229,2.328302,2.330244
7897,0.267477,0.03563402,2.385535,2.400748
7898,0.1331384,0.02765909,2.419794,2.423612
7899,0.2414281,0.04481255,2.592031,2.603636
7900,0.3196155,0.03023098,2.334198,2.356172
7901,4.09309,-0.1023236,2.869869,5
7902,4.237328,0.01484772,2.65421,5
7903,4.21173,0.01388524,1.808761,4.583718
7904,4.158196,0.00283195,2.776579,5
7905,4.422671,0.04265746,2.331944,4.99998
7906,3.213905,3.055187,2.080446,4.898122
7907,3.468116,1.374326,3.298386,4.979553
7908,3.244913,1.86851,3.256075,4.962138
7909,2.649802,3.190132,2.588853,4.888819
7910,-0.1894101,-0.1667554,1.498004,1.519112
7911,-1.670333,1.559348,4.447294,5
7912,3.544712,3.386602,0.9828243,5
7913,1.98402,3.355283,3.062757,4.957292
7914,-3.04056,1.985157,-3.437171,5
7915,4.849859,1.118883,0.4764112,5
7916,0.1050709,0.02611508,-4.998709,4.999881
7917,0.1249673,3.470392,-3.597093,4.999831
7918,0.6116874,0.04806212,2.17164,2.256655
7919,0.549859,0.06056124,2.290741,2.356588
7920,0.5884871,0.05060452,2.081591,2.16377
7921,0.4964743,0.04164248,2.246241,2.30083
7922,0.4110794,0.04773708,2.071287,2.112225
7923,0.2103629,0.04824207,2.243965,2.25432
7924,0.2944261,0.002054452,2.062441,2.083352
7925,3.84255,0.8236384,3.091348,5
7926,3.684861,1.235046,3.145864,5
7927,3.004111,0.43313,3.970825,4.997973
7928,3.268733,0.4959232,3.747382,4.997342
7929,3.064405,0.435134,3.924236,4.997954
7930,3.820639,2.289709,2.143256,4.943036
7931,4.716777,-1.029772,1.300608,5
7932,0.9904692,0.7860238,4.837472,5
7933,2.332775,2.830071,3.268575,4.912711
7934,-0.4191444,-0.4159978,1.573894,1.681035
7935,-0.1589942,-0.1369684,1.635249,1.64866
7936,-0.4190092,-0.4158144,1.574015,1.68107
7937,-0.2134441,-0.05968184,1.577711,1.593202
7938,-0.209188,-0.05757963,1.588163,1.602915
7939,-0.20127,-0.1694798,1.608353,1.629734
7940,-0.1960694,0.0453794,1.553397,1.56638
7941,-3.596976,2.3406,-2.565805,5
7942,2.060761,4.167236,-1.71132,4.953908
7943,2.415575,4.129464,1.217439,4.936561
7944,-0.09604514,3.625551,3.441824,5
7945,2.520854,3.076866,2.914047,4.930871
7946,0.9765322,1.031165,4.794067,5
7947,4.278512,2.016224,0.8071874,4.798164
7948,4.909644,-0.9229326,-0.2087874,5
7949,0.06396835,3.165436,3.869816,4.999956
7950,0.8689854,0.8849509,4.835302,4.991836
7951,0.6850327,0.05214309,1.828195,1.953019
7952,0.27343,0.05171116,1.800125,1.821508
7953,0.6726788,0.06709335,2.128527,2.233299
7954,0.7166725,0.0482937,1.86109,1.994896
7955,0.7136319,0.05594658,1.649088,1.797746
7956,0.1769731,0.04776982,1.799916,1.809226
7957,0.3938824,0.04827228,2.080778,2.11828
7958,0.4679005,0.06120752,1.762931,1.824994
7959,0.9736694,1.732935,4.552414,4.967451
7960,2.904181,-2.390082,3.294426,5
7961,2.905385,-2.388149,3.294766,5
7962,1.56032,1.79424,4.358706,4.965099
7963,2.850089,1.145607,3.927186,4.985801
7964,2.149671,-0.2254597,4.508667,5
7965,2.569568,1.405807,4.025856,4.978603
7966,2.004525,1.611209,4.255048,4.971876
7967,1.746552,1.90055,4.236418,4.960824
7968,1.435179,1.377172,4.564949,4.979468
7969,2.412787,0.9470885,4.264338,4.9903
7970,-0.312884,-0.1340459,1.495408,1.533659
7971,-0.4093516,-0.07946641,1.467916,1.525995
7972,-0.3029217,-0.1542662,1.608504,1.644033
7973,-0.3019862,-0.1543654,1.612642,1.647919
7974,-0.542241,0.003529087,1.318866,1.42599
7975,-0.573002,-0.1097395,1.599044,1.70215
7976,-0.3108751,-0.1370955,1.494437,1.532573
7977,1.849814,0.856756,0.1714077,2.045782
7978,2.391983,1.049809,0.2759498,2.626752
7979,2.394331,1.050406,0.2761725,2.629153
7980,-1.408844,-4.136998,2.429076,5
7981,0.6916233,2.462896,4.296021,5
7982,2.567994,-3.911069,1.548066,4.928242
7983,1.093145,-0.2720425,4.858182,4.987074
7984,1.738348,3.293977,3.286549,4.967247
7985,1.227937,2.122174,-4.338854,4.983684
7986,1.420642,2.638753,-3.975013,4.978149
7987,-0.01180101,0.740594,-0.02646173,0.7411605
7988,-0.01346257,0.7425662,-0.02647779,0.74316
7989,-0.06369869,0.6347049,-0.01872596,0.638168
7990,-0.06355807,0.6358224,0.02152803,0.6393538
7991,0.1104641,0.7954043,0.01721734,0.8032228
7992,-3.956072,-2.926918,-0.8846728,5
7993,2.818571,3.21871,-2.416053,4.913425
7994,0.6117353,0.05032361,1.40155,1.530064
7995,0.9021211,0.07585482,1.494184,1.747044
7996,1.013191,0.04255488,1.336545,1.677713
7997,0.9340385,0.05571193,1.324922,1.622021
7998,0.8590751,0.09266652,1.676457,1.886029
7999,3.901611,-1.585515,2.695102,5
8000,4.396007,1.70778,1.563178,4.968392
8001,1.626643,2.075651,4.192883,4.953237
8002,1.276351,3.239127,3.427171,4.885337
8003,3.726562,2.384842,2.19336,4.938174
8004,-3.433451,2.911155,1.954744,4.907589
8005,1.800377,0.9069318,4.565879,4.991106
8006,-0.2308141,-0.1613137,1.284023,1.314539
8007,-0.2353493,-0.164114,1.288023,1.319594
8008,-0.3970049,0.04522093,1.623582,1.672027
8009,-0.3968538,0.04547937,1.623607,1.672023
8010,-0.5350106,-0.04686013,1.569225,1.658584
8011,-0.5691969,-0.08230822,1.440443,1.551011
8012,-0.2773282,0.06691263,1.597155,1.622434
8013,-0.2774618,0.06619406,1.602286,1.627479
8014,-0.4540417,0.001009564,1.41981,1.490643
8015,-0.2635861,0.01926436,1.428876,1.453113
8016,0.279241,-3.314118,3.73345,5
8017,-0.06069862,-4.36502,2.437808,5
8018,1.751993,-1.942903,4.260944,5
8019,1.526839,0.9908186,0.01268914,1.820198
8020,1.619544,0.9437547,0.01325809,1.874505
8021,1.26202,0.8368021,0.02442029,1.51444
8022,1.421322,0.8672342,0.002536578,1.66501
8023,1.179451,1.179,0.03156598,1.667975
8024,0.9780076,1.559659,-0.01916174,1.841033
8025,-0.2356503,-0.6842244,4.699986,4.755372
8026,3.682292,0.05019821,3.382041,5
8027,-0.2428083,-3.247197,3.60459,4.857604
8028,0.1885844,4.987563,0.2766645,4.998789
8029,0.1303647,4.997653,0.06463552,4.999771
8030,-0.6007056,4.620664,1.722784,4.967833
8031,-4.495395,-2.126247,0.4940877,4.997362
8032,0.8290651,-4.080632,2.616701,4.917929
8033,0.1491544,4.997096,0.06290032,4.999717
8034,0.130336,4.997654,0.06464685,4.999771
8035,0.1115169,-1.514805,-4.763569,4.999866
8036,0.9681908,-4.261916,2.287391,4.932898
8037,0.8315966,-4.074681,2.624256,4.917448
8038,0.0952215,4.998175,0.08604811,4.999822
8039,-2.667395,0.8226,4.148293,5
8040,1.690279,2.536354,3.924438,4.969038
8041,4.667298,1.663607,0.6698755,5
8042,2.502725,0.5322833,4.216203,4.931868
8043,1.457966,0.07586943,1.066651,1.808083
8044,0.679805,0.05819035,1.141446,1.329819
8045,0.6253331,0.08020071,0.9901665,1.173841
8046,1.219297,0.08341438,0.2096806,1.240003
8047,1.113083,0.09173188,1.75215,2.077835
8048,1.472738,0.1160809,0.9545144,1.758843
8049,1.156054,0.09216822,0.9833308,1.520492
8050,0.8909099,0.07232593,1.142039,1.450243
8051,4.700953,1.329339,0.9710707,4.980872
8052,3.508648,3.561767,-0.05662182,5
8053,3.504586,2.87524,2.10971,5
8054,4.397821,1.590775,1.689739,4.972586
8055,3.945041,1.295329,2.752728,4.981841
8056,3.953909,2.032234,2.288368,5
8057,3.956639,1.202523,2.782575,4.984353
8058,4.247174,1.922843,1.692556,4.959895
8059,-3.089625,3.212219,-2.005278,4.887256
8060,-0.06180556,-0.01135681,1.593531,1.59477
8061,-0.05948059,-0.009900324,1.595713,1.596852
8062,-0.1064254,0.07772968,1.534764,1.540412
8063,-0.175135,0.09120499,1.576135,1.588456
8064,-0.1112587,0.0751835,1.541861,1.547697
8065,-0.01534819,0.1928268,1.533087,1.545242
8066,1.820993,-4.565955,0.9143539,5
8067,2.34451,-0.5462312,-4.38234,5
8068,0.9298639,2.77966,-4.050784,5
8069,0.9523226,2.294318,-4.339261,5
8070,2.12372,4.455891,-0.3841862,4.951035
8071,3.995847,-3.00518,0.04585405,5
8072,2.200675,0.1088808,0.00417559,2.203371
8073,2.121488,0.1261544,-0.287282,2.144565
8074,1.929497,0.07431611,0.916262,2.137292
8075,1.226185,0.09001321,0.6265616,1.379931
8076,1.365412,0.07900502,0.4994983,1.456053
8077,1.579629,0.1208292,0.1194169,1.588738
8078,2.044912,0.1380267,0.9267318,2.249344
8079,4.277963,2.491645,-0.7005293,5
8080,4.725232,1.509846,0.3824623,4.975312
8081,3.962124,2.628007,1.284144,4.924822
8082,4.275351,2.475062,-0.7716519,5
8083,4.725199,1.509958,0.3823759,4.975308
8084,4.856073,1.075359,0.3704463,4.987492
8085,4.561499,1.75823,0.8760063,4.966491
8086,-4.665414,-0.9404022,-1.532826,5
8087,4.402966,1.597863,1.668802,4.972341
8088,0.6964456,3.827348,2.878164,4.839159
8089,-0.07921573,0.2185794,1.413966,1.432952
8090,-0.05125882,0.4842856,1.268908,1.359149
8091,0.01104661,0.5245453,1.768105,1.844306
8092,-0.08949474,0.3888788,1.667611,1.71469
8093,0.005542909,0.3656397,1.310047,1.360127
8094,0.03485338,0.1642591,1.266328,1.277413
8095,0.1957905,0.3824614,1.376712,1.442202
8096,-0.04083497,0.3047227,1.388009,1.421652
8097,0.1962827,0.3816939,1.377885,1.443186
8098,0.04081465,0.3456779,1.342679,1.387064
8099,4.093357,1.488041,2.45564,5
8100,-1.21552,-4.594512,1.553374,5
8101,1.278883,-4.83357,-0.03254515,5
8102,4.886649,-0.9842201,0.3898394,5
8103,2.484392,-2.190498,3.655505,4.932869
8104,1.918128,0.1592573,0.1871238,1.933802
8105,1.641663,0.02734097,-0.2479306,1.660504
8106,2.120621,0.137524,-0.07082512,2.126255
8107,1.887515,0.04478385,0.1692138,1.895614
8108,2.331667,0.5612068,0.5386179,2.457994
8109,2.514884,0.04629008,0.6904215,2.608346
8110,4.005776,2.488199,1.446989,4.932662
8111,4.607163,1.842541,0.1109968,4.963188
8112,3.896069,2.144655,-2.173522,4.95006
8113,4.2281,2.525542,0.2360679,4.930611
8114,3.330137,2.998226,-2.218295,5
8115,4.435125,1.955538,-1.045181,4.958514
8116,4.105198,2.849134,0.1725843,5
8117,3.747531,2.82585,-1.451856,4.912973
8118,3.390207,2.314965,-2.751086,4.941765
8119,1.769322,2.402457,-3.93372,4.937252
8120,2.011116,4.488541,0.6094803,4.956112
8121,0.1611525,3.686902,3.373125,4.999719
8122,0.2394259,0.3647102,1.501215,1.563325
8123,0.2230472,0.5449895,1.397505,1.516504
8124,0.2246062,0.2921652,1.23491,1.288725
8125,0.171136,0.3325175,1.344325,1.395373
8126,0.3498048,0.64085,1.266322,1.46172
8127,0.1741211,0.3379566,1.342901,1.395678
8128,0.3745846,0.5584261,1.424764,1.57547
8129,0.4075288,0.3211605,1.440428,1.531031
8130,0.4086142,0.3234527,1.436171,1.5278
8131,1.276234,1.376365,4.634312,5
8132,2.548202,1.185253,4.135437,5
8133,-1.445608,4.555663,-1.468387,5
8134,-1.80571,-2.312161,4.048867,5
8135,-2.469607,-4.314535,-0.5346254,5
8136,3.428626,3.622228,0.3521239,5
8137,0.9652345,4.729249,1.265651,4.989924
8138,4.163654,1.911212,1.462321,4.809068
8139,1.869568,0.01047849,-0.4127887,1.914625
8140,1.498748,0.7501199,-2.13541,2.714572
8141,2.207467,0.01348904,-0.3009844,2.227932
8142,2.652066,0.0997306,-0.4633905,2.694092
8143,2.969937,0.2280674,-0.6466427,3.048063
8144,4.541821,-1.37433,-1.575777,5
8145,4.457187,1.557485,-1.563862,4.973725
8146,4.396758,1.797493,-1.44516,4.964972
8147,4.244041,1.52438,-2.100795,4.974833
8148,3.789165,1.583246,-2.804417,4.972846
8149,4.218338,2.550075,-0.01441112,4.929246
8150,3.698576,1.79209,-2.786035,4.965183
8151,3.972684,1.373079,-2.669973,4.97959
8152,-1.186092,3.215702,3.483576,4.887009
8153,0.355998,-4.536832,-2.068026,4.998631
8154,2.595994,-2.04275,-3.655124,4.926656
8155,0.5696529,0.4429126,1.109399,1.323421
8156,0.2977546,0.3177467,1.427788,1.492715
8157,0.3415787,0.3463274,1.099968,1.202725
8158,0.5706878,0.4434336,1.10386,1.319403
8159,0.3594483,0.3529937,1.277515,1.373263
8160,0.5706874,0.6635735,1.295771,1.563661
8161,0.3002752,0.3065007,1.451173,1.513278
8162,0.3596933,0.3477606,1.274877,1.369536
8163,0.6445109,0.2790396,1.317054,1.492611
8164,3.406452,-3.44413,-1.238569,5
8165,-3.339588,1.708977,-3.305533,5
8166,-2.087254,-3.822103,-2.456604,5
8167,-4.040809,2.839157,-0.7816952,5
8168,3.478172,-3.59026,-0.1111382,5
8169,0.6843201,1.279724,-0.03372749,1.451594
8170,0.5633631,1.248162,0.02321532,1.369608
8171,0.5983831,1.008395,-0.008998638,1.172606
8172,0.5908313,1.210874,0.008717384,1.347358
8173,0.5632823,1.247057,0.01580707,1.368462
8174,0.5968979,1.211506,0.02948224,1.350889
8175,4.343261,-2.321807,-0.8633044,5
8176,-1.652674,-0.5118069,4.456576,4.780622
8177,-1.689095,-0.4991775,4.445531,4.781733
8178,0.3423395,4.9525,0.5562873,4.995389
8179,0.230189,4.757973,1.517558,4.999428
8180,0.3358748,4.953531,0.5519271,4.995488
8181,0.3423454,4.952498,0.5562915,4.995388
8182,3.207836,3.085544,1.918323,4.846726
8183,0.6989051,4.776169,1.283343,4.99472
8184,-1.086538,2.482439,-4.202015,5
8185,0.4160397,4.930935,0.6677703,4.993309
8186,0.2954896,4.959518,0.5258902,4.996068
8187,0.505661,4.909487,0.7441718,4.991247
8188,0.4159933,4.930946,0.6677284,4.993309
8189,0.7073064,4.622808,-1.753659,4.994593
8190,0.4030688,4.956082,0.5071863,4.998245
8191,0.3961296,0.06309158,0.08802171,0.4106666
8192,0.2899846,-0.3543954,0.2071088,0.5025746
8193,-3.14812,0.6439093,1.347228,3.484294
8194,-4.136981,1.424388,2.010687,4.815221
8195,0.1015979,-0.3097425,0.08824538,0.3377126
8196,0.106674,-0.2670349,0.2596369,0.3874253
8197,0.3798544,-0.4580684,0.1827644,0.6225102
8198,-1.318047,1.224932,1.624819,2.424405
8199,0.3995028,-0.4545912,0.1833672,0.63236
8200,0.4108568,-0.2184633,0.2655638,0.5357739
8201,0.06508356,-0.3260621,0.06661805,0.3391022
8202,0.3999448,-0.3090276,0.2972468,0.5863528
8203,0.08861313,-0.3984869,0.164211,0.4400107
8204,0.1412091,-0.1535469,-0.7977827,0.8246053
8205,0.4274424,-0.6206448,0.1116098,0.7618161
8206,0.002632848,-0.6130806,-0.0326697,0.613956
8207,0.2292814,-0.3869737,0.1779109,0.4837054
8208,0.404066,-0.4077303,0.2859172,0.6412971
8209,0.4640231,-0.3909603,0.294674,0.6745371
8210,-0.3073862,-0.2611515,0.5361266,0.6709084
8211,-0.5894864,0.9134809,-1.601516,1.935664
8212,-0.2828464,-0.3708807,0.4657481,0.6591479
8213,0.3841951,-0.4144738,0.2711096,0.6268132
8214,0.4594642,-0.4003682,0.2764633,0.669204
8215,0.4451786,-0.5566011,0.2110697,0.7433298
8216,0.4254056,-0.5543454,0.2148204,0.731038
8217,0.4115063,-0.4089488,0.2835536,0.6457393
8218,0.4216995,-0.3308064,0.2176538,0.5784777
8219,-0.0569214,0.03620987,-0.02052614,0.07051612
8220,-0.006431172,-0.1968582,0.1139075,0.227529
8221,0.09188646,-0.3156325,0.1600511,0.3656273
8222,0.4605943,-0.6512721,-0.009906396,0.7977471
8223,0.4443197,-0.6512007,-0.0002809252,0.7883416
8224,-0.3825766,-0.3568404,0.0570447,0.5262643
8225,0.4576565,-0.6436547,3.439548E-05,0.7897727
8226,0.5056134,-0.5540396,0.2027234,0.7769823
8227,0.7781382,-0.2444191,0.2461861,0.8519667
8228,0.4610227,-0.6506222,-0.002667376,0.7974073
8229,0.5074773,-0.5597371,0.1985974,0.781204
8230,1.073594,0.1230106,0.1030365,1.085519
8231,0.4616399,-0.6719107,0.01556655,0.8153635
8232,0.4557556,-0.6455705,-0.001008734,0.7902375
8233,0.4555143,-0.6681269,-0.003983365,0.8086425
8234,0.4546551,-0.6567724,-0.01128381,0.798867
8235,3.263007,2.146223,-3.12194,5
8236,3.533553,1.988543,-2.851754,4.957096
8237,4.19141,1.421541,-2.278814,4.978121
8238,4.386597,0.694322,-2.28552,4.994789
8239,4.40099,1.425875,-1.838076,4.977987
8240,4.153679,1.588051,-2.225441,4.97268
8241,3.274268,1.330695,-3.509575,4.980833
8242,3.650605,1.551322,3.04409,5
8243,0.8591828,3.622311,-3.118197,4.85618
8244,2.577868,4.157653,0.5921106,4.927685
8245,0.05603718,-3.911899,3.11345,4.999966
8246,0.371371,0.4777169,1.177844,1.324178
8247,0.2183491,0.4542819,1.291749,1.386601
8248,0.4402137,0.5687903,1.123001,1.333582
8249,0.667365,0.4502997,1.039885,1.315107
8250,0.2399459,0.4293893,1.06789,1.175729
8251,0.3597101,0.3841585,1.043596,1.168787
8252,0.4400569,0.5668358,1.122177,1.332004
8253,0.2185842,0.4527971,1.292893,1.387219
8254,0.21679,0.4114755,1.164064,1.253537
8255,0.3525741,0.755619,1.232803,1.488312
8256,3.970768,1.670729,-2.538044,5
8257,2.596664,-4.271857,-0.0926074,5
8258,2.402208,1.623701,-4.07345,5
8259,-2.375536,-0.9303745,-4.300143,5
8260,0.1178208,-2.550359,4.299046,5
8261,-2.754291,-0.2282018,4.16675,5
8262,-0.1293575,-0.3378287,1.414427,1.459953
8263,-0.1295672,-0.3379052,1.414314,1.459881
8264,-0.2954919,-0.1076465,1.32488,1.361694
8265,-0.1683589,-0.208646,1.369417,1.395414
8266,-0.1685251,-0.2099821,1.371441,1.397621
8267,-0.3868079,-0.2698988,1.556688,1.626574
8268,-0.1194603,-0.2923762,1.328889,1.365906
8269,2.60608,1.170427,4.103468,5
8270,-2.664069,-0.7891775,-4.156914,5
8271,4.83181,0.2272945,1.263473,4.999442
8272,2.004077,4.508251,-0.8120037,5
8273,-0.5450612,0.3022694,4.960007,4.999013
8274,-0.6077845,0.3925442,-0.5956223,0.9371547
8275,1.151891,1.334499,4.678916,5
8276,2.445613,0.1030291,-4.359727,4.999886
8277,2.253066,0.1336797,-4.461378,4.999807
8278,2.597436,2.46543,-3.393865,4.933897
8279,3.576705,1.9179,-2.851571,4.960103
8280,2.796739,1.653045,-3.761713,4.970392
8281,2.797564,1.653131,-3.761058,4.970388
8282,2.214229,0.1100882,-4.481637,5
8283,3.967852,2.876263,0.2991828,4.909811
8284,1.522955,-0.1775764,4.732706,4.97488
8285,0.3244283,3.955274,3.041472,5
8286,2.698154,-1.359267,3.884054,4.920723
8287,0.261291,0.2568691,0.9982177,1.063341
8288,0.7067955,0.6110521,0.6079289,1.114685
8289,0.7064978,0.6108705,0.6073647,1.114089
8290,0.2667885,0.3433373,1.262873,1.335629
8291,0.4054491,0.2784174,1.145287,1.24643
8292,0.5144593,0.5409135,0.9476629,1.206367
8293,0.2698132,0.5228531,1.266398,1.396402
8294,0.3007295,0.414235,1.112239,1.224379
8295,4.615495,1.849096,0.5273013,5
8296,2.997908,2.77607,-2.882011,5
8297,3.240129,1.142885,3.632545,5
8298,3.529141,-3.368654,-1.094226,5
8299,-0.1623577,0.1182734,1.283387,1.299011
8300,-0.08986744,-0.2647595,1.121942,1.156256
8301,-0.09004512,-0.2642735,1.12205,1.156263
8302,-0.2286761,0.03377314,1.412542,1.431331
8303,-0.2663051,-0.1211913,1.363654,1.394689
8304,-0.2710351,-0.1237649,1.36116,1.393389
8305,-0.1868295,0.08041362,1.396037,1.410777
8306,-0.3097405,-0.07251107,1.351104,1.388049
8307,-2.057413,-3.572662,-2.828981,5
8308,-0.9309376,4.696392,1.441272,5
8309,3.251114,-2.865682,2.493617,5
8310,1.001686,0.008526427,-4.898628,5
8311,1.445514,0.1002513,-0.07167789,1.450758
8312,-1.796066,1.365326,4.439442,4.979821
8313,4.474236,0.7670705,-1.476113,4.773479
8314,1.744878,0.06530539,-0.77768,1.911452
8315,3.444283,0.06162919,-2.058264,4.012896
8316,0.07495554,-4.533742,-2.107027,5
8317,2.949842,1.326305,-3.788048,4.980959
8318,2.948287,1.33379,-3.786347,4.980744
8319,2.997493,2.340052,-3.153985,4.940488
8320,-4.499462,2.059154,0.2380262,4.953981
8321,4.649405,-0.6554481,-0.7861703,4.76074
8322,2.482682,-4.251654,-0.3063336,4.932962
8323,4.674888,1.754688,0.2578703,5
8324,4.036109,-2.214867,1.42979,4.8208
8325,0.2093052,0.3431801,1.321667,1.381443
8326,0.6898694,0.2679455,0.7502138,1.053819
8327,0.1228789,0.5492457,0.8349765,1.006954
8328,0.9298615,0.8429843,1.107498,1.673863
8329,0.719807,0.3288431,1.071208,1.331821
8330,0.7217182,0.332648,1.067084,1.330489
8331,0.5293196,0.3458819,0.4679658,0.7866419
8332,0.650453,0.3984882,1.127526,1.361321
8333,4.194896,2.226556,-1.563747,5
8334,4.276316,1.679025,-1.973322,5
8335,2.48825,4.328835,0.2641921,5
8336,2.090104,4.50843,-0.5527374,5
8337,2.075378,-3.523373,2.877265,5
8338,0.1305105,0.8209638,1.07133,1.356009
8339,-0.1867568,0.05276387,1.314102,1.328354
8340,-0.1701807,0.2293909,1.472537,1.499982
8341,-0.1543514,0.2165599,1.123759,1.154797
8342,-0.2012705,0.2718773,1.46166,1.500292
8343,-0.3499183,-0.0818107,1.145999,1.20102
8344,-0.3837654,-0.02434904,0.9826825,1.055241
8345,-0.07382014,0.1410322,1.26957,1.279511
8346,1.420691,0.2074455,0.7924061,1.639909
8347,1.307023,0.2491039,0.6931804,1.500287
8348,1.706172,0.3006354,0.2313203,1.747831
8349,0.8954914,0.2507136,0.4595213,1.037267
8350,1.715213,0.1499212,0.8935083,1.939791
8351,3.449822,1.353017,-3.327206,4.980184
8352,4.536935,0.421511,-2.054106,4.99808
8353,1.709539,1.509432,-4.421871,4.975325
8354,2.495305,1.304195,-4.109595,4.98159
8355,2.806021,1.678461,-3.74228,4.969471
8356,4.335886,0.5345021,-2.425599,4.996912
8357,2.94938,0.9443293,-3.913191,4.990357
8358,2.471863,4.111775,-0.3958673,4.813888
8359,4.28054,-1.252633,-1.768726,4.797969
8360,-2.964455,-1.979119,-3.506437,5
8361,0.4786554,-1.613831,4.705495,4.997524
8362,0.8779699,3.845235,-3.059422,4.991665
8363,1.960661,-3.797177,2.51435,4.958296
8364,1.178341,0.5533129,1.608513,2.069289
8365,0.398821,0.5499364,1.094211,1.287939
8366,0.837537,1.626928,0.5071024,1.89882
8367,0.2864678,1.251649,0.7118449,1.468132
8368,1.760462,0.07366459,0.7524636,1.915948
8369,0.922953,0.4685199,1.318948,1.676597
8370,0.4713929,1.277374,1.988482,2.40997
8371,1.514985,0.7278565,1.03126,1.971915
8372,0.9227186,1.382525,0.8153008,1.851351
8373,0.02193606,0.5075225,0.5207785,0.7275098
8374,-0.7048063,4.712928,1.513789,5
8375,3.729506,3.115788,-1.175861,5
8376,-4.418673,-1.784119,1.514018,5
8377,2.137693,2.598111,3.698661,5
8378,-1.392285,-4.585031,1.427949,5
8379,-1.99259,-3.756094,-2.630845,5
8380,0.04933775,0.7413239,1.167305,1.38369
8381,0.1159654,0.5213702,1.291908,1.397963
8382,0.08623829,0.7739937,1.101501,1.349003
8383,0.1798303,0.758935,1.283852,1.502197
8384,-0.01394413,0.6071382,1.319862,1.452875
8385,-0.1085283,0.7857877,0.9989307,1.27558
8386,-0.09353607,0.658407,1.323874,1.481517
8387,0.1779518,0.7534956,1.28525,1.50043
8388,-0.01484854,0.6045917,1.325168,1.456647
8389,-0.04903383,0.443817,1.316913,1.390553
8390,0.2689872,0.5256863,1.481393,1.594749
8391,4.072533,2.567915,1.349181,5
8392,0.3069131,-1.158915,-4.854145,5
8393,-4.300872,-2.180845,-1.321522,5
8394,1.255801,0.3246089,0.5703418,1.416932
8395,1.196757,0.1864274,-0.3285938,1.254973
8396,0.4623739,0.2302434,0.1146347,0.5290962
8397,0.7410387,0.3040608,0.848886,1.167133
8398,0.462779,0.2307529,0.1142945,0.5295985
8399,0.9340041,0.1267853,0.2633224,0.9786607
8400,1.195258,0.1864718,-0.3267593,1.25307
8401,0.8944006,0.2237093,0.5073561,1.052335
8402,0.9312785,0.1823967,0.8164371,1.251846
8403,1.096203,0.1845288,-0.08502432,1.114873
8404,3.542376,2.13804,-2.717814,4.950369
8405,2.132328,2.186155,-3.959028,5
8406,1.689801,1.750525,-2.26093,3.321381
8407,3.406336,1.145707,-3.476238,5
8408,3.736134,1.406079,-2.975005,4.978595
8409,2.564517,0.8730967,-1.690303,3.193144
8410,2.910225,2.191394,-3.348071,4.947848
8411,4.278728,-1.836234,-1.822286,5
8412,-0.05745406,4.503815,-1.587754,4.775836
8413,-1.198558,2.339164,4.253442,5
8414,0.1237899,4.39953,1.880888,4.786327
8415,0.4979702,4.7198,-0.262516,4.753252
8416,0.5798411,4.266957,2.11894,4.799276
8417,-0.2676201,1.191714,-0.01819483,1.22153
8418,-0.6168277,0.9457967,-0.01258137,1.129233
8419,-0.7234076,1.119493,-0.04129506,1.333524
8420,-0.2092984,1.219342,-0.04198417,1.237887
8421,-0.2022948,1.221556,-0.03731835,1.238755
8422,-0.5723528,0.9324855,0.04124269,1.094905
8423,-4.937621,0.6908711,0.3587434,4.99861
8424,3.255072,3.794446,0.08181259,5
8425,1.330135,4.696694,1.028374,4.988562
8426,3.530619,-2.780397,1.859425,4.86347
8427,1.984432,2.681295,3.483698,4.823221
8428,2.189544,2.639746,3.388148,4.820986
8429,3.678949,2.154912,2.199306,4.797422
8430,3.678966,2.154936,2.199255,4.797422
8431,2.288028,4.289067,-0.8962541,4.94312
8432,0.3033322,2.263034,0.2517522,2.29711
8433,0.3050627,2.25865,0.2390307,2.291658
8434,-0.01169467,0.6528488,1.507055,1.642426
8435,1.257481,1.265174,1.303341,2.209213
8436,0.6244057,0.02834869,0.2993089,0.6930166
8437,1.054443,-0.7998695,0.1422002,1.331113
8438,0.5107196,0.8409165,0.5216087,1.113576
8439,0.205048,0.4074689,0.4987544,0.6758932
8440,1.257879,1.270247,1.301204,2.21109
8441,-3.78808,2.333321,2.28168,5
8442,1.033475,-4.496811,1.926296,5
8443,2.707831,2.855477,3.084462,5
8444,2.702635,-3.454444,2.400538,5
8445,0.1911379,0.8085027,1.22365,1.47903
8446,0.1886841,0.8089841,1.223673,1.478998
8447,0.1946672,0.7920708,1.281514,1.519062
8448,0.06950156,0.8260086,1.176785,1.439425
8449,0.2104208,0.7488337,1.30016,1.515072
8450,0.1539925,0.5759531,1.326436,1.454259
8451,0.02802857,0.6821689,1.186369,1.368799
8452,2.996881,3.531296,1.883788,5
8453,4.542085,0.5555247,-2.015157,5
8454,4.733339,0.3964294,-1.561519,5
8455,4.733327,0.3963915,-1.561567,5
8456,1.271731,4.682324,1.207701,5
8457,0.4014378,0.3486988,0.4982355,0.728685
8458,-0.394327,-0.1740299,0.01112969,0.4311659
8459,-0.3986361,-0.1741901,0.01094493,0.4351697
8460,0.5369312,0.2340924,0.4107289,0.7153968
8461,0.3984177,0.3494612,0.4992014,0.7280535
8462,2.928337,0.7866361,1.22048,3.268566
8463,2.926977,0.7853979,1.218415,3.266279
8464,0.6071594,3.192263,3.469763,4.753782
8465,0.7328687,-3.264711,3.529677,4.863544
8466,1.377316,2.92121,3.509557,4.769429
8467,-2.145917,3.781016,-2.469606,5
8468,0.2823058,4.261531,-2.190366,4.799796
8469,0.08155265,4.109957,2.380073,4.750068
8470,0.8420389,3.336135,3.285239,4.757271
8471,-0.2540613,4.123719,-2.468458,4.812784
8472,3.324954,-1.410024,-3.45782,5
8473,1.206418,0.7091278,0.5802909,1.514941
8474,0.3464743,1.111148,0.4420743,1.24504
8475,0.3455244,1.111834,0.4412216,1.245086
8476,0.6325445,1.204095,1.202032,1.815169
8477,1.206303,0.7093981,0.5822323,1.51572
8478,3.64357,0.6008879,-3.370954,5
8479,3.683531,0.4480537,-3.351246,5
8480,4.129025,2.729331,-0.7084489,5
8481,4.156954,2.70669,-0.6273505,5
8482,4.304065,0.8265479,2.406626,5
8483,0.2993605,1.094189,4.869613,5
8484,0.2619922,0.7571034,1.374098,1.590595
8485,0.2208599,0.906127,1.257434,1.565563
8486,0.1872137,0.8265517,1.338193,1.583981
8487,0.2299522,0.9821436,1.306076,1.650248
8488,0.4527723,0.9768876,1.286692,1.677763
8489,0.3051111,0.9843577,1.32009,1.674721
8490,0.2977256,0.6940704,1.121201,1.351838
8491,0.0002381272,0.7560493,1.120591,1.35179
8492,2.081686,3.161412,-3.266812,5
8493,-2.959859,1.903783,-3.551739,5
8494,3.84001,2.74397,-1.650742,5
8495,3.177257,3.324375,-1.963051,5
8496,3.694373,-0.3864902,-3.346973,5
8497,-2.023485,3.723641,2.653301,5
8498,3.23801,1.823603,-3.34511,5
8499,-0.1503815,4.642018,1.85177,5
8500,0.4895847,0.8416449,1.066859,1.444385
8501,0.9414272,1.095614,0.1863068,1.456491
8502,1.351268,0.9669418,0.7044147,1.804744
8503,0.4642884,0.4958911,0.5915012,0.9007471
8504,0.1597002,1.188559,0.7046122,1.390919
8505,0.6949519,0.6768847,0.2671042,1.006219
8506,0.8613528,0.8378396,0.2454851,1.226445
8507,0.9853261,0.5922498,0.3721685,1.208361
8508,3.414277,-3.063907,1.988765,5
8509,4.910651,-0.7550672,-0.5615876,5
8510,3.841815,-0.5666755,-3.149498,5
8511,4.910316,-0.7560238,-0.5632336,5
8512,3.016608,-3.022815,-2.600513,5
8513,4.178926,-2.198724,-1.643834,5
8514,1.636163,-0.9859704,-4.620696,5
8515,3.623003,-0.6852748,-3.377017,5
8516,3.25427,-1.405394,3.526273,5
8517,0.627709,1.19919,1.209144,1.814967
8518,0.447343,1.285463,1.294455,1.878336
8519,0.4433578,1.28773,1.291982,1.87724
8520,0.2696182,1.176954,0.9917565,1.562528
8521,0.2426945,0.9668789,1.27549,1.618836
8522,0.4933479,0.8225804,1.241769,1.569083
8523,0.2782627,1.226437,0.927271,1.562501
8524,0.5528108,1.404467,1.183969,1.918309
8525,0.3133254,0.9331521,1.218697,1.566579
8526,0.3786156,1.052193,1.263408,1.687204
8527,0.7907651,3.612901,-3.364764,5
8528,2.529263,4.106224,-1.319756,5
8529,1.519278,1.2331,4.601223,5
8530,-0.2549766,4.521533,-2.119133,5
8531,0.7911406,0.8707486,0.02430782,1.176732
8532,0.8489159,0.06449693,0.08525972,0.855621
8533,0.7134316,0.4165907,0.03763026,0.8270118
8534,1.13277,0.5278616,0.5055098,1.34809
8535,0.7102838,0.5359284,0.3403593,0.952663
8536,0.6057624,0.1527019,0.1917342,0.6534737
8537,0.6713579,0.4844911,0.2149234,0.8553625
8538,0.7108088,0.5334903,0.3399667,0.9515452
8539,3.84312,-2.31861,-2.203288,5
8540,3.841901,-2.319324,-2.204663,5
8541,4.99846,0.09905755,-0.07471111,5
8542,1.827904,-3.443169,3.131031,5
8543,1.834047,-3.438915,3.132113,5
8544,4.988245,-0.1760346,-0.2939884,5
8545,4.603205,-1.916566,0.3705077,5
8546,-2.250353,2.5978,-3.631438,5
8547,2.144743,-0.5722211,4.48025,5
8548,0.4281093,1.130203,1.01653,1.579231
8549,0.2536237,1.129294,1.024062,1.545423
8550,0.385853,0.9602523,1.03004,1.460119
8551,0.4905219,1.011533,1.150752,1.608739
8552,0.3273041,1.154971,1.019382,1.574873
8553,0.2370483,1.105485,1.041052,1.536905
8554,0.6034197,1.118626,0.9131972,1.565046
8555,0.2584249,1.135591,1.026369,1.552347
8556,0.3353578,1.153912,1.02275,1.577972
8557,2.131284,4.382902,-1.11705,5
8558,0.4835424,0.06811527,-4.976098,5
8559,4.178888,-2.524839,1.077998,5
8560,-0.8318536,3.695146,-3.264034,5
8561,-0.8568851,4.723413,-1.398254,5
8562,-0.1648625,0.2573514,1.030739,1.075096
8563,0.03410171,-0.147412,1.190883,1.200457
8564,0.09034602,-0.08073995,1.23047,1.236421
8565,-0.1938211,0.220194,1.140368,1.177493
8566,0.1004549,0.08013681,0.9339229,0.9427221
8567,-0.1395942,0.3349783,1.104277,1.162379
8568,-0.1624731,0.2573234,1.031871,1.075812
8569,-0.193652,0.2225755,1.139859,1.177421
8570,0.03265284,-0.1468867,1.187799,1.197292
8571,-1.952733,1.026148,-4.487077,5
8572,0.4527375,0.3267123,0.2965779,0.6321951
8573,0.03899397,0.353925,0.048441,0.3593466
8574,0.3160421,0.3360889,0.1064926,0.4734754
8575,0.3079183,0.3529319,-0.3135785,0.5636542
8576,0.4963399,0.3951235,0.0298638,0.6351124
8577,0.2677858,0.6163085,-0.2495138,0.7168002
8578,0.3328181,0.5487615,-0.09613349,0.6489598
8579,0.2712655,0.4822679,0.09070542,0.5607092
8580,0.7154699,0.6453975,0.2779635,1.002845
8581,0.3451493,0.5978022,0.09014968,0.6961483
8582,0.5708213,0.4314793,-0.02352724,0.7159364
8583,4.821105,-1.250115,0.4406294,5
8584,3.995643,-2.688585,1.344005,5
8585,4.496943,-1.40247,-1.676479,5
8586,4.274989,-2.220767,-1.338905,5
8587,4.921848,-0.6269221,-0.6183726,5
8588,4.692365,-0.9126433,-1.465876,5
8589,4.735028,-1.05842,1.207995,5
8590,4.70826,-1.418814,-0.905127,5
8591,4.625113,-1.165743,-1.499787,5
8592,4.817431,-0.7101474,-1.13492,5
8593,4.578855,-1.248016,-1.573706,5
8594,-0.03744501,4.007112,2.99026,5
8595,-0.8272551,0.5730974,0.005646182,1.006391
8596,-0.8914656,0.3669469,-0.0470581,0.9651815
8597,-0.8257194,0.5769504,0.009404709,1.007359
8598,-1.001452,0.4691569,-0.02441932,1.106169
8599,-0.8924572,0.3681715,-0.04585233,0.9665053
8600,-1.007049,0.4651697,-0.03017433,1.109703
8601,0.03071352,4.340283,2.358009,4.939556
8602,0.005198104,2.67078,4.01558,4.822652
8603,0.3215412,1.089582,0.7648015,1.369488
8604,0.5838362,1.162686,0.45282,1.377588
8605,0.2215434,1.339455,0.8555902,1.604761
8606,0.302525,1.223405,0.9426429,1.573791
8607,0.2125373,1.005313,0.6569325,1.219584
8608,0.4728093,1.317332,0.8619879,1.643757
8609,-0.7419717,4.711084,-1.501721,5
8610,4.35969,2.443785,0.14495,5
8611,-0.08913589,0.3611011,1.005323,1.07192
8612,-0.1939242,0.6067969,1.096938,1.268496
8613,-0.07260701,0.3564663,0.9445742,1.012206
8614,-0.08863841,0.579799,1.023514,1.179663
8615,0.02352143,0.3456548,1.013632,1.071205
8616,-0.2268774,0.4732302,1.132627,1.248304
8617,2.647112,1.358906,-3.360241,4.488324
8618,0.4204349,0.5607349,0.1637388,0.7197219
8619,0.1859079,-0.1295505,0.2533664,0.3399112
8620,0.3357116,0.5741661,0.2110612,0.6977935
8621,-0.02659748,0.08988374,0.159478,0.1849858
8622,0.1275788,0.1995391,0.1607426,0.2862348
8623,-0.09929196,0.1311273,0.1551062,0.2260779
8624,0.01193979,0.14332,0.1316819,0.1949957
8625,3.823774,-2.861482,-1.480092,5
8626,4.24292,-1.711669,1.916038,4.96018
8627,3.920228,-2.150596,2.125697,4.950943
8628,4.350459,-1.512322,1.848573,4.962946
8629,4.573483,-1.465706,1.321476,4.981099
8630,4.185288,-2.710457,-0.3698518,5
8631,1.32918,-2.421941,3.95906,4.827698
8632,1.931658,-2.238781,4.031941,5
8633,2.979878,-2.504407,2.981286,4.903039
8634,0.8113931,-4.303401,2.292313,4.942906
8635,0.6141843,-4.397302,2.299243,5
8636,-0.6796438,-2.553391,4.032555,4.821122
8637,1.062615,1.43859,0.4121565,1.835365
8638,0.7258028,1.126942,0.7379841,1.530166
8639,0.7269945,1.132186,0.7362739,1.533775
8640,0.4668495,1.306584,0.6290175,1.523408
8641,0.5901347,1.191323,0.4647352,1.408364
8642,0.5712863,0.9848564,0.4278271,1.216284
8643,0.9388983,1.162448,0.4356243,1.556465
8644,0.5962681,1.024414,0.4732314,1.276287
8645,0.5660772,0.9013386,0.6270192,1.235317
8646,0.5962738,1.024544,0.473147,1.276363
8647,0.5903131,1.192862,0.4630486,1.409185
8648,-0.2693814,4.992348,-0.06242142,5
8649,4.227192,2.659166,-0.2443045,5
8650,3.272181,3.620743,1.087682,5
8651,2.260859,4.459211,0.06288452,5
8652,1.476834,4.774202,-0.1611203,5
8653,3.916952,-0.1557813,3.103743,5
8654,3.914224,0.4413545,3.079619,5
8655,-2.993494,-3.20719,-2.398527,5
8656,2.115993,1.237993,4.357746,5
8657,0.03323929,0.8472764,1.118451,1.403536
8658,-0.1708816,0.574474,0.8094687,1.007204
8659,0.120491,0.5655415,1.07482,1.220489
8660,0.1919372,0.6521603,1.083095,1.278768
8661,0.1241906,0.5699544,1.076263,1.224179
8662,0.1770324,0.7214383,0.9179173,1.180841
8663,0.04331285,0.7162814,0.9627854,1.200788
8664,-0.00882527,0.6057256,0.9370341,1.115802
8665,0.186999,0.6234238,0.9762799,1.173349
8666,-4.851913,1.195839,0.1700152,5
8667,0.7946635,1.21498,0.4465198,1.518896
8668,0.7448662,1.002511,0.379737,1.305394
8669,0.8016961,1.197387,0.3596047,1.485183
8670,0.7197344,0.9959203,0.05786647,1.230131
8671,0.802673,1.183017,0.4142026,1.488414
8672,1.078326,0.9752401,0.3787608,1.502445
8673,0.8213584,1.124601,0.281413,1.420757
8674,0.8316755,1.008281,0.2515347,1.331008
8675,3.203826,3.826436,-0.3064078,5
8676,2.514916,3.567341,-2.439114,5
8677,-1.715302,3.870564,-2.660163,5
8678,0.2533257,0.8967254,0.9113351,1.303389
8679,0.2053265,0.9593759,0.9008917,1.331979
8680,0.1369966,0.90022,0.9299985,1.301561
8681,0.1677595,0.7434533,1.039704,1.289128
8682,0.171255,1.049724,0.8606183,1.368178
8683,0.09677783,0.698191,0.9053764,1.147407
8684,0.02845762,0.8337322,0.957472,1.26991
8685,0.2371996,0.9164942,0.8303794,1.259268
8686,0.06861574,0.903767,0.9909734,1.342956
8687,-0.1448621,3.254124,3.793374,5
8688,-0.2184627,4.427161,2.313552,5
8689,-0.2313713,4.435986,2.295321,5
8690,1.918442,4.406569,1.379032,5
8691,-0.2345898,4.434701,2.297476,5
8692,0.8619816,0.8703374,0.3403149,1.271343
8693,0.7768038,0.952261,0.2389509,1.251928
8694,0.861916,0.8700455,0.3403994,1.271122
8695,0.8308781,1.066756,0.2239935,1.370583
8696,0.7354329,0.9234035,-0.1000972,1.184717
8697,3.668051,0.8418102,3.291923,5
8698,3.667966,0.8412712,3.292156,5
8699,2.368533,4.015862,1.80635,5
8700,0.8258367,0.9916647,4.83059,5
8701,2.139798,1.389946,4.29992,5
8702,2.499356,3.771569,2.128026,5
8703,4.528078,1.657627,1.322416,5
8704,2.901438,2.645738,3.095436,5
8705,0.8201672,0.9855756,4.832801,5
8706,3.834105,2.30584,2.232204,5
8707,2.501836,3.770047,2.127807,5
8708,1.482784,-0.982522,-4.672901,5
8709,-3.304507,-1.087972,3.591177,5
8710,0.130576,0.975302,0.5837833,1.144145
8711,0.1246896,1.06594,0.8560166,1.372786
8712,0.2157696,1.093031,0.9768549,1.481728
8713,0.1765262,1.134913,0.6133627,1.302076
8714,0.1439791,0.9876401,0.7488607,1.24778
8715,-2.19711,-0.7037041,-4.435934,5
8716,0.4795202,3.113848,0.8492915,3.263018
8717,0.4863317,3.113445,0.8503472,3.263916
8718,-1.962911,1.083366,4.46915,5
8719,0.7266794,1.136803,0.5269632,1.448473
8720,0.5646601,1.347102,0.3788257,1.508984
8721,0.5516543,1.0972,0.03923333,1.228703
8722,0.8063962,1.014845,0.3259472,1.336573
8723,0.5516114,1.098852,0.03964639,1.230172
8724,0.6296167,1.041816,0.2248091,1.237876
8725,0.6143845,1.071958,0.1951701,1.250861
8726,0.4980408,0.935352,0.004382433,1.059692
8727,0.6318553,1.042216,0.2286337,1.240052
8728,0.7182306,0.9085572,0.1418017,1.166807
8729,4.960691,-0.007917163,0.6256859,5
8730,2.7103,1.578903,3.893757,5
8731,4.197219,-0.4596375,2.678076,5
8732,4.990452,0.3088327,0.00341617,5
8733,4.705666,-1.679644,-0.1884346,5
8734,4.274926,-0.8746595,2.441307,5
8735,4.990479,0.3083959,0.002751653,5
8736,4.974864,0.4978289,0.05387242,5
8737,-1.54251,4.114213,-2.386194,5
8738,3.981303,-2.98256,0.5035402,5
8739,0.2899703,1.221832,0.4882536,1.347348
8740,-0.008072931,1.135522,0.6870878,1.32724
8741,-0.007130031,1.135067,0.6878556,1.327243
8742,0.335846,1.137999,0.687314,1.371216
8743,-0.05376451,1.098652,0.4326865,1.182009
8744,0.2896778,1.218841,0.4892274,1.344928
8745,1.162786,4.495453,1.85441,5
8746,0.494444,3.604286,1.798783,4.058444
8747,0.4013544,0.9507802,0.1125438,1.03814
8748,0.4176131,0.8753706,0.1193702,0.9772019
8749,0.190155,0.4408734,0.1439437,0.5012465
8750,-0.04946142,0.5261974,0.1241325,0.5428987
8751,0.6415111,0.7992506,0.3059458,1.069552
8752,4.523886,-2.029795,0.6115423,4.995958
8753,4.291745,-2.385291,0.8968862,4.991302
8754,4.136744,-2.375399,1.423362,4.978065
8755,4.230586,-2.225716,1.392433,4.97901
8756,4.336128,-2.245312,1.021668,4.988711
8757,4.630249,-1.43614,1.162848,4.98537
8758,4.854177,0.8908555,0.7619854,4.993723
8759,2.889909,1.335294,-3.85557,5
8760,4.417584,-1.154767,1.935637,4.959358
8761,0.4697159,1.068617,0.5784488,1.302758
8762,0.2495543,0.9938308,0.4261882,1.109781
8763,0.2042478,1.155308,0.5862746,1.311553
8764,0.5007787,1.209288,0.5267752,1.410904
8765,0.3683015,1.176984,0.4548374,1.314464
8766,0.3190555,1.153078,0.3696823,1.252218
8767,0.2252157,1.13252,0.4083353,1.22477
8768,0.4609335,1.130333,0.4692674,1.307794
8769,0.5211993,1.23114,0.422112,1.401975
8770,3.822374,3.164924,-0.6105046,5
8771,4.115637,2.741599,-0.6575949,4.988714
8772,4.237981,2.58576,0.02993407,4.964629
8773,4.116993,2.74549,-0.6597343,4.992254
8774,3.98728,-1.122288,-2.80037,5
8775,3.988464,-1.119103,-2.799958,5
8776,3.72555,2.825577,-1.770985,5
8777,0.1551984,1.215686,0.4565426,1.307826
8778,0.1546893,1.214984,0.4569527,1.307257
8779,0.4446642,1.196229,0.3760118,1.330442
8780,0.2825285,1.313788,0.3819671,1.397054
8781,0.2826678,1.314144,0.3821138,1.397457
8782,0.2963319,1.134406,0.4162878,1.24418
8783,0.3049376,1.135755,0.4152635,1.247145
8784,0.3748179,1.152985,0.4224343,1.283867
8785,3.791288,1.669491,2.79981,5
8786,3.45437,0.9016317,0.8993689,3.68164
8787,3.791195,1.668105,2.800762,5
8788,3.454113,0.9034406,0.8979598,3.681499
8789,3.221911,-0.04931854,3.823199,5
8790,-2.858836,3.549069,-2.056979,5
8791,0.02466854,0.2568926,0.6409234,0.6909306
8792,0.02440207,0.2578109,0.6346474,0.6854482
8793,-0.03793767,0.722954,0.5125646,0.8870311
8794,0.06109524,0.281282,0.4696615,0.5508485
8795,0.05866907,0.2797875,0.4716457,0.5515186
8796,-0.1986214,0.518624,0.4736434,0.7299037
8797,-3.41657,3.395985,-1.339529,5
8798,2.61307,3.429783,2.531492,5
8799,0.4249634,1.415005,0.5131952,1.564034
8800,0.5628489,1.314904,0.2451721,1.451165
8801,0.3516384,1.167355,0.06851555,1.22109
8802,0.5656859,1.31641,0.2528483,1.454946
8803,0.3535597,1.170809,0.07276103,1.225191
8804,0.3295924,1.485392,0.1831826,1.532507
8805,4.946006,-0.5599289,0.472762,5
8806,4.650069,1.744376,0.5779421,5
8807,2.505853,0.05101664,4.326442,5
8808,4.736899,1.14611,1.117236,5
8809,4.174333,-0.7464027,2.649119,5
8810,-4.738638,-1.563567,-0.3171281,5
8811,-0.2282518,0.3341548,0.4003854,0.5692686
8812,-0.1126816,0.5043966,0.2515762,0.5748075
8813,-0.208291,0.606696,0.3947085,0.7531666
8814,-0.1761615,0.2446537,0.3512329,0.4628745
8815,-0.2112111,0.6082582,0.3946597,0.7552115
8816,-0.1845478,0.243597,0.3493611,0.4641665
8817,-0.2249213,0.4065397,0.3426431,0.5772941
8818,2.858485,3.217526,2.096854,4.787506
8819,1.978882,-0.5084146,0.9108009,2.236967
8820,2.104797,0.3819491,0.8595273,2.305394
8821,1.684842,-0.5255938,0.4456834,1.820323
8822,1.832043,-0.3692395,0.4214363,1.91581
8823,1.832471,-0.3712057,0.4197692,1.916233
8824,1.618684,-0.1854634,0.6429803,1.751559
8825,2.197727,0.002466545,0.1309382,2.201626
8826,1.621403,-0.1847303,0.6451676,1.754798
8827,-4.099232,-0.4129927,2.832972,5
8828,-1.153508,-0.05495709,1.323026,1.756132
8829,-1.154028,-0.02496867,1.321546,1.754676
8830,-1.018209,-0.02004318,1.290939,1.644286
8831,-1.018515,-0.1038334,1.291007,1.647682
8832,0.1460921,1.591367,-0.1436207,1.6045
8833,0.03477318,1.197472,0.2106404,1.216354
8834,0.2406044,1.194022,-0.07133585,1.220109
8835,0.1774845,1.085116,0.2482757,1.127217
8836,0.4962611,1.24377,-0.3848023,1.393309
8837,-0.03733431,1.571003,0.2944027,1.598786
8838,0.1361708,1.328606,0.2178886,1.353222
8839,0.2335516,1.191009,-0.07489011,1.216
8840,0.6317866,1.034419,0.007155671,1.212118
8841,4.681675,0.06358528,1.754386,5
8842,3.103498,1.480865,3.629785,5
8843,4.049445,-0.3082137,2.916677,5
8844,3.394741,1.38863,3.398152,5
8845,4.577299,0.0430236,2.011587,5
8846,4.491422,-0.2877159,2.178153,5
8847,3.92969,1.670947,2.601053,5
8848,4.277077,0.1679309,2.584263,5
8849,-3.771309,2.051377,2.563022,5
8850,-0.2726184,0.8221135,0.2787035,0.9098719
8851,-0.4424078,0.6966446,0.1097353,0.8325144
8852,-0.07016822,0.7955649,0.3291824,0.8638334
8853,-0.2845175,0.4622515,0.1937011,0.5763217
8854,-0.2370823,0.3504869,0.1260543,0.4415187
8855,-0.2473273,0.6934028,0.3124692,0.7997594
8856,-0.1465543,0.6229101,0.2242467,0.6780721
8857,-0.2360596,0.6199237,0.2913196,0.7244975
8858,2.409145,-0.37208,1.126554,2.685432
8859,2.49735,-0.1224919,0.7745937,2.617586
8860,2.332295,0.7264585,0.3775741,2.471823
8861,2.330143,0.7246785,0.3744998,2.468801
8862,2.541211,-0.682153,1.071696,2.841059
8863,2.545294,-0.6808081,1.075809,2.845942
8864,2.066016,1.092201,0.4597632,2.381745
8865,2.126917,1.22256,0.2447449,2.465427
8866,2.41207,-0.3717162,1.127632,2.688458
8867,2.061464,1.090199,0.4630367,2.377513
8868,-1.790651,-4.528865,-1.132675,5
8869,3.757089,-3.16581,-0.9284009,5
8870,-4.068173,-0.7848395,2.798927,5
8871,-0.3872698,0.04795039,1.274469,1.332872
8872,-0.386577,-0.04061163,1.27613,1.334016
8873,-0.7430921,-0.03322807,1.368689,1.557755
8874,-1.110522,-0.0871075,1.36595,1.762574
8875,-1.111163,0.05666414,1.36597,1.761752
8876,-0.0005429054,2.779963,4.099543,4.953226
8877,-0.004383687,2.773343,4.098113,4.94833
8878,0.4032138,0.9530071,0.0766889,1.037634
8879,0.1043494,1.152745,0.06422514,1.159239
8880,0.3369279,1.310645,-0.04186009,1.353907
8881,0.09584954,1.050475,0.0903969,1.058705
8882,0.2781355,1.025212,0.08307817,1.065514
8883,0.1199377,1.104534,0.0841916,1.114212
8884,2.803077,2.642905,3.187132,5
8885,4.835265,1.111382,0.5894932,4.996244
8886,4.816885,1.074949,0.7612475,4.993735
8887,4.937418,0.6837787,0.3732312,4.998495
8888,2.71312,1.052937,3.86246,4.836145
8889,2.452743,3.348258,2.648647,4.923628
8890,4.807833,-1.199431,0.6345146,4.995648
8891,0.9215614,-2.46331,4.039771,4.820469
8892,1.039045,-4.450188,2.028846,5
8893,-0.2006979,0.921654,0.1810421,0.9604697
8894,-0.1879386,1.03721,0.1974918,1.072441
8895,-0.2344061,0.6933008,0.1486887,0.746807
8896,-0.1276229,0.8659991,0.2208634,0.9027861
8897,-0.2412152,0.790953,0.2433968,0.8619938
8898,-0.1889349,0.8784626,0.3140678,0.9518569
8899,-0.3822871,0.7556782,0.1496407,0.8599915
8900,-0.3160559,0.718471,-0.04659075,0.7862968
8901,0.2581272,4.809555,-1.342219,5
8902,3.857616,-0.2319348,0.9082692,3.969881
8903,3.262801,0.2808556,-0.3456646,3.293059
8904,3.301613,0.1484965,0.5596398,3.351999
8905,2.665242,-0.2791936,0.7949971,2.795261
8906,2.412249,0.7272074,0.3597131,2.545028
8907,2.798551,0.3061428,0.01192307,2.815272
8908,2.667148,-0.2789401,0.7960941,2.797365
8909,2.517624,0.4254813,0.6257343,2.62888
8910,3.845849,0.9473333,0.6459885,4.013141
8911,2.762241,1.080184,1.503149,3.325091
8912,3.211068,0.07465267,0.7011678,3.287578
8913,-0.2445497,4.79741,1.387462,5
8914,0.3006648,-4.491897,2.175421,5
8915,-3.924669,-2.915386,1.047617,5
8916,-0.3983058,-0.03157014,1.365228,1.422495
8917,-0.2804852,-0.007180928,1.37075,1.399171
8918,-0.2062391,-0.02683008,1.271698,1.288592
8919,-0.208903,-0.02598869,1.274148,1.291422
8920,-0.1930819,-0.05827084,1.386827,1.401416
8921,-0.2809605,-0.01252384,1.370298,1.398861
8922,-0.3991387,-0.02333977,1.365376,1.422711
8923,-0.1378969,0.825047,0.1966972,0.8593066
8924,-0.2656212,1.043998,0.2155581,1.098614
8925,-0.2023422,0.868139,0.005094474,0.8914222
8926,-0.2215444,0.6914451,0.1923219,0.7511098
8927,-0.08360103,1.01528,0.08384268,1.022161
8928,0.04114129,1.158812,0.4181294,1.232627
8929,-0.213923,1.00633,0.06400713,1.030806
8930,-0.1545148,1.018885,0.04535474,1.031532
8931,4.471459,0.7609628,2.104041,5
8932,-4.471571,-0.7605703,-2.103945,5
8933,3.194948,6.453915E-05,0.2534218,3.204983
8934,3.126314,0.2789224,0.5429363,3.185344
8935,3.598763,0.6373359,0.2948398,3.666636
8936,3.166523,-0.01662113,0.671698,3.237024
8937,3.011462,-0.07100377,0.3584704,3.033553
8938,3.010402,-0.07097699,0.3582925,3.03248
8939,3.585326,0.05605241,0.3517126,3.602972
8940,3.036008,0.4304836,-0.06693546,3.067107
8941,3.041718,0.6077678,0.07370404,3.102718
8942,3.166507,-0.01639534,0.6714668,3.236959
8943,3.227067,1.576486,0.1853873,3.596337
8944,2.133302,-4.119367,-1.865432,5
8945,-0.2361237,4.64782,1.828117,5
8946,-0.2888696,0.0495967,1.403591,1.433866
8947,-0.196767,-0.008073293,1.461973,1.475177
8948,-0.2569648,-0.01844551,1.478753,1.501027
8949,-0.1783888,-0.05471377,1.307822,1.321066
8950,-0.1758459,0.01855928,1.312769,1.324624
8951,-0.1973908,-0.0186859,1.462956,1.476331
8952,-0.291457,-0.00967552,1.405478,1.435413
8953,3.557752,-2.264338,2.686108,5
8954,3.295745,-3.687293,0.7361623,5
8955,-0.1028829,1.101285,0.2192696,1.127605
8956,-0.1563141,1.082421,0.1129059,1.099463
8957,-0.07591278,1.132065,0.1241051,1.141375
8958,-0.2841288,0.9102939,-0.07011788,0.9561803
8959,-0.2837121,0.9084213,-0.07145375,0.9543728
8960,-0.06132049,1.247234,0.2696851,1.27753
8961,-0.06207694,1.249367,0.2692294,1.279553
8962,2.548791,-4.100373,1.300233,5
8963,0.02564586,4.999932,-0.004744526,5
8964,3.362075,0.02722807,0.4368024,3.39044
8965,3.530352,0.1716603,0.4959711,3.569151
8966,3.175651,0.2958169,0.06000654,3.189964
8967,3.402669,2.05866,0.2278178,3.983483
8968,3.707665,0.4153164,0.3419881,3.746495
8969,3.537745,0.4482441,0.4299948,3.591861
8970,3.360763,0.130417,0.1435967,3.366357
8971,3.941311,0.0274493,0.4272559,3.964497
8972,3.17663,0.2960047,0.0619892,3.190993
8973,3.536979,1.478583,0.3512755,3.849652
8974,3.277221,0.1114511,0.1918101,3.284721
8975,3.277171,0.1104848,0.1914987,3.28462
8976,-0.9269229,-2.955154,-3.925287,5
8977,-3.30601,-2.852052,-2.43641,5
8978,-0.1862895,0.07420619,1.439594,1.453492
8979,-0.1506808,-0.09200173,1.501958,1.512298
8980,-0.03661489,-0.07514264,1.606494,1.608667
8981,-0.3678457,0.04607497,1.506094,1.551049
8982,-0.2360014,0.07164898,1.600789,1.619678
8983,-0.2683606,-0.1058199,1.450223,1.478636
8984,-2.016544,-4.425084,-1.162834,5
8985,-0.2213795,-4.621973,1.894297,5
8986,-0.206726,1.028281,0.05307154,1.050197
8987,-0.206989,1.028921,0.05380794,1.050912
8988,0.02271842,1.056946,0.2710453,1.091383
8989,-0.3386944,1.061695,-0.1185914,1.120703
8990,-0.04979555,1.232136,0.06564239,1.234888
8991,-0.2213764,1.406966,-0.06443457,1.425733
8992,-0.3377365,1.062234,-0.1193687,1.121007
8993,-0.3415849,0.8778865,0.07388532,0.9448936
8994,-0.09512049,1.179452,0.2516785,1.209751
8995,-0.3434022,0.8791062,0.07526755,0.9467936
8996,-0.06096628,0.9850381,-0.03203998,0.9874429
8997,-0.2172652,1.402825,-0.06483342,1.42103
8998,-0.1981183,-4.45354,-2.26423,5
8999,4.139791,1.563847,0.328442,4.437495
9000,3.577518,0.1264137,0.1655931,3.583579
9001,3.707672,0.2564813,0.2286737,3.723561
9002,3.521374,0.7509779,0.3090421,3.6138
9003,3.562651,0.4366055,0.4493529,3.617322
9004,3.366797,0.2322358,0.4058513,3.399113
9005,2.969004,0.2443567,0.08232546,2.98018
9006,3.31904,0.2325525,0.6542985,3.390902
9007,2.967144,0.2487855,0.07320886,2.978455
9008,1.132648,3.946698,-2.853189,5
9009,-1.361458,-1.177328,4.664797,5
9010,-0.2833328,0.04096821,1.833031,1.855252
9011,-0.2751414,-0.04209701,1.593081,1.617214
9012,-0.1159726,0.0193676,1.788728,1.792588
9013,-0.3091228,-0.105432,1.719811,1.750549
9014,-0.1632879,-0.03727243,1.656039,1.664487
9015,-0.1452185,-0.08523055,1.720549,1.728768
9016,-0.3123912,0.07658398,1.776318,1.805203
9017,-1.677671,-0.08238437,-4.709419,5
9018,0.1112788,1.271524,0.05029662,1.277375
9019,-0.03848794,1.326343,0.03230167,1.327294
9020,-0.03953575,1.260607,0.03250279,1.261645
9021,0.09065629,1.356183,0.0497732,1.36012
9022,-0.08065914,1.308349,0.0542716,1.311956
9023,0.08263468,1.207697,0.05917959,1.211966
9024,4.203596,0.08954116,-2.705876,5
9025,3.618958,-0.01662493,0.0009440995,3.618996
9026,3.587149,0.5316463,0.2143702,3.632663
9027,3.243717,0.2139173,0.2665507,3.261673
9028,3.564629,0.2887646,0.0438523,3.576575
9029,3.563837,0.2901885,0.04149125,3.575873
9030,3.850951,-0.3905196,0.3418496,3.885767
9031,3.417232,0.8035324,0.05100271,3.510803
9032,3.337765,0.5213223,-0.5169305,3.417553
9033,3.851649,1.450686,0.2223411,4.121787
9034,3.887494,0.4378655,-0.01351536,3.912099
9035,3.954422,1.266846,-0.06273096,4.152865
9036,-0.7374804,-2.566232,-4.22736,5
9037,-3.351745,3.626541,0.7835831,5
9038,-0.2171454,-0.0125047,1.838419,1.851241
9039,-0.3438968,0.1046632,1.926536,1.959786
9040,-0.2234501,-0.01440325,1.881409,1.894687
9041,-0.1990031,-0.1115329,2.03208,2.044845
9042,-0.2161075,-0.04412824,1.86856,1.881533
9043,-0.1030648,-0.04304695,1.97016,1.973323
9044,1.676894,2.39867,4.053937,5
9045,3.190771,-0.3421229,0.482765,3.24517
9046,3.241143,0.1233543,0.4329294,3.272255
9047,3.839683,0.3118152,0.2255197,3.858919
9048,3.179267,0.4794717,-0.05864727,3.215754
9049,3.320452,0.04940506,-0.1189205,3.322948
9050,3.653822,0.6457527,-0.06701852,3.711051
9051,3.31984,0.05091323,-0.1182568,3.322336
9052,3.182136,0.4779013,-0.05432376,3.218281
9053,3.156125,0.08959336,0.1651434,3.161712
9054,3.227946,-0.004221411,0.2068036,3.234567
9055,2.929731,-0.2330369,0.1853206,2.944822
9056,4.037279,0.454816,0.1422399,4.065306
9057,4.035612,0.4554595,0.1473076,4.063903
9058,4.882892,0.3411206,1.020296,5
9059,-1.891884,-4.431037,1.336669,5
9060,0.3951287,-1.152254,4.849349,5
9061,-0.1830153,0.5434312,-0.06095497,0.576652
9062,-0.1485917,0.552533,-0.09406415,0.579845
9063,-0.1428321,0.09002797,1.987535,1.994693
9064,-0.1463937,-0.07783119,2.019753,2.026547
9065,-0.1773887,0.05355883,2.14897,2.156944
9066,-0.1849718,0.06548545,2.165857,2.174727
9067,-0.1426571,0.0302328,1.987372,1.992715
9068,-0.318274,0.09397058,2.037917,2.06476
9069,-1.349386,-0.1255504,0.4078624,1.415259
9070,-1.414862,-0.08089304,0.4050303,1.473916
9071,-1.426521,-0.1375321,0.4242453,1.494611
9072,-1.349836,-0.1186198,0.4076201,1.41502
9073,-1.413904,-0.1128283,0.4063714,1.475464
9074,2.042568,3.147042,3.305154,5
9075,3.237544,0.2708661,-0.08870631,3.250066
9076,3.766611,-0.1835213,0.3761114,3.789789
9077,3.685441,0.3255748,0.3633798,3.717596
9078,3.767203,0.1261494,-0.2451155,3.777276
9079,3.438871,0.3102186,-0.2143738,3.459483
9080,3.308049,0.6092581,0.1671087,3.367835
9081,3.528208,-0.004506,0.1232425,3.530363
9082,3.002092,-0.123473,-0.3580039,3.025883
9083,2.828236,0.2657996,-0.1489035,2.844599
9084,3.373002,1.424455,-0.1922143,3.666492
9085,3.191568,1.303107,0.3199651,3.462163
9086,3.14835,0.6371421,0.326595,3.228733
9087,3.007376,0.4359339,0.2204508,3.046793
9088,4.22011,-0.7544526,-2.573223,5
9089,-0.1378213,0.3784229,-0.08799272,0.4122394
9090,-0.182921,0.802721,-0.04134513,0.8243363
9091,0.072896,0.5839527,0.05374186,0.5909338
9092,-0.1828114,0.808073,-0.03859176,0.8293922
9093,0.07761408,0.5830181,0.0571952,0.5909359
9094,-0.3697504,0.02251128,2.220165,2.250856
9095,-0.07329978,-0.06170922,2.228438,2.230497
9096,-0.03941046,-0.07228929,2.187623,2.189172
9097,-0.1476004,0.05758719,2.175712,2.181473
9098,-0.2792469,0.0184222,2.256652,2.273938
9099,-0.2056973,0.02737574,2.157214,2.167172
9100,-1.397652,0.02194081,0.8068689,1.613986
9101,-1.393824,0.01410908,0.8080085,1.611155
9102,-1.094551,-0.1340207,0.6542397,1.282198
9103,-1.096387,-0.02957173,0.6519885,1.275942
9104,-1.101303,-0.06562582,0.3919348,1.170806
9105,-1.316553,0.03105571,0.7086682,1.495489
9106,1.431914,0.108348,-1.869268,2.357176
9107,1.546186,0.1694169,-1.845375,2.413463
9108,1.410972,-0.01418457,-1.941857,2.400386
9109,1.415137,-0.0203389,-1.94247,2.403376
9110,1.553078,0.1692132,-1.844008,2.416826
9111,1.393229,0.092113,-1.944556,2.393924
9112,1.391951,0.09203304,-1.940718,2.390059
9113,3.35729,1.505316,0.2452866,3.687484
9114,-3.510314,2.74032,-2.2734,5
9115,2.978085,-3.81864,-1.244588,5
9116,0.6126735,0.5958846,4.926414,5
9117,-2.029714,-1.688218,4.246196,5
9118,3.088642,0.4493234,0.01581199,3.121193
9119,3.350169,0.6870946,-0.3987469,3.44307
9120,2.81586,-0.09974107,0.02823501,2.817767
9121,3.364562,0.1602661,-0.07705718,3.369258
9122,3.503153,-0.08549429,0.2984472,3.516883
9123,2.874626,0.1295137,0.1439824,2.881142
9124,3.313308,0.3101265,0.003494159,3.327792
9125,3.364401,0.1598904,-0.07658681,3.369069
9126,3.38344,-0.1655014,-0.03778112,3.387696
9127,3.101357,-0.3534346,0.2561869,3.131927
9128,3.38359,-0.1535215,0.08912708,3.388244
9129,3.826833,-0.1856649,3.212612,5
9130,0.6359704,-4.786742,-1.297168,5
9131,-0.3212491,0.7955354,-0.01410642,0.8580656
9132,-0.2169533,0.4927672,0.03720103,0.5396963
9133,-0.1275433,0.5597292,-0.01012474,0.5741659
9134,0.1196719,0.7713732,-0.007354259,0.7806357
9135,-0.2202361,0.4899147,0.04124985,0.5387224
9136,-0.3201525,0.8008447,-0.01623833,0.8626201
9137,0.03091534,0.6952943,-0.0217623,0.6963214
9138,-0.1276685,0.559992,-0.01025805,0.5744523
9139,0.1350863,0.6140931,-0.04450725,0.6303487
9140,0.02974217,0.6950312,-0.02731964,0.6962035
9141,-0.2160621,-0.06083163,2.170705,2.18228
9142,-0.3371212,3.88855E-05,2.284632,2.309371
9143,-0.1121047,-0.06735916,2.304487,2.308195
9144,-0.2566834,0.04362835,2.254259,2.269245
9145,-0.1871677,0.07355361,2.184841,2.194076
9146,-0.2018037,-0.03489101,2.340934,2.349875
9147,-0.947924,0.03884145,0.5547928,1.099028
9148,-1.199704,-0.02749543,1.461096,1.890726
9149,-0.8482034,0.03721349,1.278493,1.534724
9150,-0.8024313,-0.1548843,0.6812361,1.06394
9151,-0.8262737,-0.03746626,0.9172103,1.235074
9152,-0.9512557,-0.1345736,0.5556749,1.109852
9153,1.537834,-0.01027099,-1.821526,2.383903
9154,1.457714,-0.1499588,-1.761726,2.291527
9155,1.436137,-0.07402293,-1.719716,2.241739
9156,1.51085,-0.06620748,-1.784833,2.339376
9157,1.508179,-0.06788933,-1.787519,2.339751
9158,1.534584,-0.07382445,-1.793866,2.361853
9159,1.43912,-0.1023085,-1.719512,2.244606
9160,3.049979,1.158521,0.1938073,3.268349
9161,2.816493,1.042849,0.3559253,3.024376
9162,3.298121,1.027033,0.4779844,3.487244
9163,3.215583,1.210518,0.3459972,3.453265
9164,3.206825,1.211487,0.3464761,3.4455
9165,3.467567,1.203479,0.6840102,3.733665
9166,3.820595,1.183234,-3.000502,5
9167,-4.486092,-0.5666801,-2.133976,5
9168,-0.4322394,0.7618079,4.922684,5
9169,3.223028,0.4687425,0.07552665,3.257812
9170,3.062505,1.496182,0.1900847,3.413742
9171,3.500449,0.1023461,-0.1490723,3.505116
9172,3.118257,0.1422594,0.1969578,3.127707
9173,2.195638,0.4705556,0.1386822,2.249774
9174,2.661423,0.3964649,0.0740049,2.691809
9175,2.629839,-0.05573237,-0.4479978,2.668307
9176,2.660706,0.3966079,0.07375058,2.691114
9177,2.749975,0.06346719,0.07540736,2.751741
9178,2.803961,0.297288,-0.1433591,2.823319
9179,2.428652,0.3628794,0.01584642,2.455664
9180,3.071519,0.5217116,-0.05329271,3.115967
9181,3.50042,0.1017123,-0.1494174,3.505084
9182,2.602953,-0.109447,-0.3375533,2.62703
9183,2.746159,-0.1716006,0.09192722,2.753051
9184,0.6799873,-2.345329,4.363147,5
9185,-0.3879261,0.5668976,-4.95259,5
9186,-2.357273,-4.387947,-0.4349552,5
9187,-2.759488,-2.836653,3.055916,5
9188,-0.1697839,1.260098,0.01866847,1.271622
9189,-0.1673231,1.259423,0.01867742,1.270627
9190,-0.1165315,1.22915,0.001073771,1.234662
9191,-0.1428817,1.263238,0.01017406,1.271333
9192,-0.1564347,1.122185,-0.007760483,1.133063
9193,-0.1180573,1.199969,0.01401708,1.205844
9194,-0.1017287,1.278305,0.01145445,1.282398
9195,-0.1421918,1.260994,0.01017778,1.269026
9196,-0.3242695,0.02657946,2.280508,2.3036
9197,-0.3932831,-0.04706605,2.367377,2.400283
9198,-0.2703007,0.09611484,2.237047,2.255367
9199,-0.2720094,0.03032802,2.272796,2.289216
9200,-0.2779542,0.0009290432,2.391814,2.40791
9201,-3.973896,2.912308,0.01247283,4.926818
9202,-0.3395163,0.01068057,2.34352,2.36801
9203,-0.3963862,0.009341129,2.23857,2.273412
9204,-0.257722,0.04386547,2.405385,2.419549
9205,-1.55985,0.05388996,-0.2494093,1.580583
9206,-1.142341,-0.05762785,1.701376,2.050108
9207,-1.143009,0.006891729,1.700186,2.048695
9208,-1.183913,0.04752763,1.274715,1.740346
9209,-1.180681,0.05330906,1.265774,1.731772
9210,1.056696,0.1087688,0.1042562,1.067383
9211,1.736414,-0.1160437,-0.4257041,1.791599
9212,1.734869,-0.1142105,-0.4269197,1.790273
9213,3.406803,0.6390125,0.3642636,3.485302
9214,3.413399,0.6357496,0.360465,3.49076
9215,3.065444,1.024005,0.6210988,3.291093
9216,3.23362,1.512185,0.4019224,3.59229
9217,3.060133,1.140773,0.3189511,3.281388
9218,3.10106,1.072849,0.3142936,3.296416
9219,3.466967,1.026803,0.2512451,3.624543
9220,3.099637,1.169479,0.6198049,3.370399
9221,3.3536,0.8690662,0.0860872,3.465446
9222,3.584075,-0.03661203,-3.486125,5
9223,-0.3618497,-3.046671,-3.94802,5
9224,1.534671,0.1974026,0.1961033,1.559692
9225,1.623828,0.2959067,0.1989539,1.662516
9226,1.695711,0.01199151,0.1884683,1.706194
9227,1.705101,0.432741,0.2693229,1.779654
9228,1.577954,0.02460117,0.2493002,1.597715
9229,1.704989,0.4323376,0.2694305,1.779465
9230,1.620845,0.2944811,0.1989717,1.659351
9231,1.572282,0.02072896,0.249288,1.592056
9232,1.525871,-2.509911,3.843929,4.837739
9233,-4.010027,1.373375,2.519475,4.930946
9234,0.5164588,-4.924566,0.659493,4.995299
9235,-0.944294,-4.121107,2.535769,4.930044
9236,0.3621791,-4.812565,1.241577,4.983319
9237,1.378201,-4.006752,2.521798,4.930818
9238,-0.489571,-0.04396063,2.42836,2.477608
9239,-0.3250713,-0.03871299,2.464102,2.485753
9240,-0.4569197,0.0502781,2.554215,2.595249
9241,-0.4418253,-0.01464109,2.224285,2.267789
9242,-0.4960745,0.001829675,2.284061,2.337312
9243,-0.3355798,0.007443507,2.396538,2.419931
9244,-0.8891251,0.1257765,2.049486,2.237578
9245,-0.8634374,0.04577992,2.022395,2.199477
9246,0.4351783,0.1482351,2.907743,2.943862
9247,-0.9681275,0.1269713,2.699215,2.870393
9248,-0.9675564,0.1379724,2.697376,2.868978
9249,0.2445489,0.08441912,2.067484,2.083608
9250,0.2460756,0.06845175,2.06064,2.07641
9251,0.4337691,0.1472485,2.909228,2.945071
9252,2.581156,-0.1114091,1.353557,2.916658
9253,0.437126,0.4290969,0.5850303,0.8470323
9254,2.577249,-0.1095173,1.34784,2.910477
9255,0.4410964,0.4273466,0.5854693,0.8485078
9256,2.116763,0.04695399,0.217531,2.128429
9257,2.117716,-0.03501848,0.217283,2.129122
9258,1.042504,0.3090138,-1.155165,1.586415
9259,1.043132,-0.2469628,-1.175186,1.590653
9260,3.129751,0.755671,-0.1669745,3.224013
9261,3.395466,0.8745145,0.04936304,3.506623
9262,3.141311,1.174096,0.3991959,3.377232
9263,3.340582,1.196705,0.4728724,3.579832
9264,3.20893,1.221413,0.1980022,3.439227
9265,3.331799,1.117454,0.5566261,3.558008
9266,3.333406,1.116402,0.5580007,3.559398
9267,3.162446,1.138499,0.4869961,3.396235
9268,3.163419,1.140084,0.4858842,3.397513
9269,-4.60063,-1.947877,-0.19994,5
9270,-0.7608534,0.780838,4.879692,5
9271,-0.7051653,0.04027723,2.593468,2.687928
9272,-0.3094009,0.005100034,2.511039,2.530034
9273,-0.3449714,-0.02088852,2.637995,2.660537
9274,-0.4469655,0.01400663,2.794145,2.829704
9275,-0.2630084,0.01566083,2.688399,2.701278
9276,-0.5310619,0.05532229,2.041141,2.10982
9277,-0.3390168,0.01910127,2.806253,2.826721
9278,-1.068053,0.08592463,2.972546,3.15977
9279,0.9807284,0.1863579,1.655068,1.932824
9280,1.092444,1.439785,2.89276,3.410935
9281,0.9883397,0.1651119,1.654206,1.934031
9282,-0.3790917,2.79931,3.518513,4.512181
9283,2.404911,0.2034708,4.378928,5
9284,2.47235,0.122675,4.227708,4.89909
9285,0.8036032,0.1042574,4.933779,4.999883
9286,0.7991189,0.1044541,4.934503,4.999882
9287,2.473125,0.1230826,4.224938,4.897101
9288,3.074762,0.8783641,0.3014162,3.211937
9289,3.355046,0.7874235,0.03128624,3.446353
9290,3.1668,1.095794,0.1725827,3.355469
9291,3.18103,0.8170655,0.2858754,3.296706
9292,3.32735,0.973824,0.1526533,3.470288
9293,3.395491,1.012239,0.2352642,3.550962
9294,3.129381,0.9176543,0.3650438,3.28152
9295,3.245868,1.117244,0.2013146,3.438666
9296,2.979558,0.7459846,0.3044049,3.086571
9297,3.072857,0.8791006,0.2979122,3.209988
9298,3.400485,0.8593992,0.2075579,3.513538
9299,3.404012,0.8581222,0.2080304,3.516668
9300,-2.577792,3.965033,-1.622807,5
9301,0.6757443,-4.395535,2.28531,5
9302,-2.874682,2.913168,-2.872222,5
9303,-3.642546,3.043644,1.571017,5
9304,-0.8862381,-4.807152,1.051602,5
9305,3.734753,0.01415427,3.324368,5
9306,-0.2728519,-0.002739285,2.976932,2.989411
9307,-0.1789488,0.01754897,2.630008,2.636147
9308,-0.1558706,0.03593114,2.796403,2.800974
9309,-0.2014018,0.0390842,2.868187,2.875515
9310,-0.2042905,0.03350433,2.956002,2.963242
9311,-0.2129394,0.03421001,2.68707,2.695711
9312,0.6094465,4.659423,1.708318,5
9313,0.5511288,0.1280521,3.450488,3.496571
9314,0.5492389,0.1265864,3.451456,3.497175
9315,1.23825,0.0236747,3.157998,3.392163
9316,1.234226,0.02378531,3.159733,3.392314
9317,1.34144,0.07407277,3.227948,3.496369
9318,0.6099988,4.65961,1.707611,5
9319,0.8445575,0.05658055,3.135594,3.247834
9320,0.7734506,0.006083701,4.939811,5
9321,0.7760293,0.005658599,4.939407,5
9322,2.937473,0.01661696,4.046103,4.999997
9323,2.237815,0.04968703,4.448108,4.979553
9324,2.236691,0.04942126,4.447611,4.978601
9325,2.90722,0.4739931,0.06124573,2.946244
9326,3.16588,0.5877569,0.2421289,3.229068
9327,3.171116,0.5877369,0.2448079,3.2344
9328,3.357072,0.5845895,0.04368642,3.407871
9329,3.131082,0.8408937,0.1854022,3.24733
9330,3.264446,0.7761596,0.1240149,3.357739
9331,3.245249,0.7726387,0.2280773,3.343745
9332,3.294668,0.8931733,0.2182947,3.420563
9333,2.72948,4.033313,-1.132397,5
9334,4.942649,0.5682414,0.4973136,5
9335,0.269936,0.03491324,2.716153,2.729756
9336,0.1154188,0.04014289,2.878918,2.88151
9337,-0.009452972,0.01435577,2.732168,2.732222
9338,-0.007110924,0.02717577,2.675787,2.675934
9339,0.1335965,0.03517731,2.860952,2.864285
9340,0.1064614,0.03328542,2.811948,2.814159
9341,0.1903993,0.04226803,2.808686,2.815449
9342,1.518438,0.3137439,3.724772,4.034603
9343,1.535361,0.1277822,4.635275,4.884612
9344,1.599262,2.874437,3.496578,4.800633
9345,4.00862,0.03522635,2.710713,4.83924
9346,4.006929,0.03530009,2.710667,4.837814
9347,2.05942,0.01327714,4.55616,4.999998
9348,2.057883,0.01334556,4.556854,4.999998
9349,1.654106,0.1779139,4.714749,4.999658
9350,1.88693,0.2305143,4.623918,4.999426
9351,1.889124,0.2306209,4.623016,4.999425
9352,2.787075,0.1687785,4.147738,5
9353,2.806878,0.1734467,4.133776,4.999675
9354,1.655023,0.1776979,4.714437,4.999659
9355,2.784173,0.9884157,-0.09370778,2.955903
9356,2.922099,0.4455538,0.2328717,2.965031
9357,3.110904,0.7131568,-0.04309874,3.191892
9358,3.161728,0.7836996,0.002252987,3.25741
9359,2.781023,0.9847289,-0.09528805,2.951755
9360,3.158517,0.7834401,-0.002740318,3.25423
9361,2.79781,0.8336835,0.06479967,2.920098
9362,3.31382,0.6049674,0.3314585,3.384856
9363,2.850362,0.8133832,0.1118012,2.966252
9364,3.103609,0.8750582,0.09526544,3.226018
9365,3.041327,-3.656333,-1.54323,5
9366,-0.0866675,1.096333,0.02425905,1.10002
9367,-0.2474393,0.9845042,-0.03437228,1.015705
9368,-0.3255436,0.8787416,-0.04452374,0.9381619
9369,0.01447074,0.9459244,-0.03236373,0.9465885
9370,-0.06882232,1.062456,0.0001020077,1.064683
9371,-0.244642,0.9835708,0.01248729,1.013616
9372,0.02311519,0.9486335,-0.008485505,0.948953
9373,-0.3252234,0.879428,0.04356086,0.9386488
9374,-0.1487231,-4.960899,0.6061042,5
9375,0.2978357,0.03663688,2.589257,2.606587
9376,0.2485521,0.03308433,2.681648,2.693345
9377,0.210092,0.03942195,2.734571,2.742913
9378,0.2484589,0.03307214,2.681772,2.69346
9379,0.2320801,0.03838008,2.739014,2.749097
9380,2.988361,-0.004140253,4.008701,5
9381,3.635966,0.09543078,2.890487,4.645887
9382,3.723233,-0.00751712,2.090853,4.27015
9383,2.999758,0.5865869,3.95224,4.996282
9384,3.445876,0.2544092,3.613062,4.9993
9385,2.142658,0.5065904,4.486052,4.997227
9386,3.687792,0.234974,3.367345,4.999403
9387,3.25386,1.62001,3.39182,4.971567
9388,3.60354,2.320438,2.459343,4.941488
9389,1.629205,0.5866516,0.09955101,1.734468
9390,1.630057,0.5933368,0.09957344,1.737541
9391,2.095526,0.6603988,0.07757991,2.198494
9392,2.09654,0.6610607,0.07748738,2.199656
9393,1.545709,0.07142783,0.1196137,1.551975
9394,1.869301,0.5603803,0.08114304,1.953176
9395,1.726415,0.4235152,0.09330354,1.78005
9396,1.38554,0.8359737,4.494356,4.776799
9397,-4.988513,-0.05064203,0.3181778,4.998906
9398,-3.379525,-0.8118187,3.594407,5
9399,-4.672809,-1.49693,-0.9612775,5
9400,-4.984165,0.3917336,0.06822778,5.000001
9401,0.6308348,0.03020752,2.597856,2.673522
9402,0.6361775,0.03020993,2.596227,2.673206
9403,0.6273251,0.06333321,2.472108,2.551248
9404,0.3017486,0.03125036,2.551518,2.569489
9405,0.320043,0.02288865,2.645995,2.665379
9406,0.3793382,0.02144714,2.749856,2.77598
9407,0.2719682,0.03243395,2.651376,2.665486
9408,0.6139145,0.0743174,2.434873,2.512174
9409,3.154351,0.1951353,3.874531,5
9410,3.825801,0.14723,3.215831,5
9411,2.92456,0.3826686,4.03543,4.998418
9412,3.671064,-0.2815791,-0.1001129,3.683208
9413,3.657657,-0.2652357,-0.06592872,3.667854
9414,3.178732,2.900576,2.360805,4.908267
9415,3.496511,1.670804,3.11147,4.96975
9416,3.516768,2.492264,2.397902,4.93244
9417,3.589891,3.301785,1.100409,5
9418,2.00985,2.624279,3.65098,4.925037
9419,1.580169,4.178518,1.776735,4.807674
9420,2.64492,3.282056,-2.689332,5
9421,0.614745,0.04787327,2.353168,2.432613
9422,0.7244323,0.03610524,2.311506,2.422636
9423,0.8685122,0.03607617,2.478363,2.626384
9424,0.6954144,0.05026661,2.506907,2.602058
9425,0.6974627,0.05031414,2.509522,2.605127
9426,2.641053,-0.5475084,4.210115,5
9427,3.431239,1.166028,3.423463,4.98529
9428,2.697247,1.38482,3.949678,4.979239
9429,2.543083,0.1331509,4.302683,4.999808
9430,2.895638,0.01626351,4.076152,5
9431,1.894633,3.836748,2.258188,4.838356
9432,1.857427,3.669118,2.57549,4.852382
9433,4.419167,1.598183,1.625065,4.97233
9434,2.993849,3.666505,1.068315,4.852595
9435,-0.4571797,-0.07346318,1.415578,1.489386
9436,-0.4553773,-0.07500496,1.421029,1.494095
9437,0.4265713,-0.05616912,0.4607976,0.6304383
9438,1.334103,4.259782,0.6222463,4.506968
9439,1.325791,4.083577,0.5563581,4.329302
9440,-3.29336,3.296388,-1.813175,5
9441,-0.157252,1.514208,4.762609,5
9442,0.8657156,0.06511195,2.1488,2.317551
9443,0.7686334,0.06377061,2.377239,2.499226
9444,1.05845,0.06511962,2.30376,2.536112
9445,0.7577088,0.04758913,2.36965,2.488299
9446,0.8532295,0.07779162,2.010537,2.185477
9447,0.9628339,0.03608231,2.284224,2.479119
9448,0.4952964,-0.06162251,4.975026,5
9449,0.5629769,-0.07575994,4.967627,5
9450,2.651414,1.003714,4.105329,4.989104
9451,1.736585,2.961086,3.635415,5
9452,1.061262,4.012027,2.457319,4.822972
9453,3.14959,0.9645126,3.748239,4.98994
9454,1.791924,4.39452,1.573913,5
9455,2.264463,2.36619,3.697093,4.939144
9456,3.927618,2.597454,1.448507,4.926573
9457,2.75518,3.01341,2.710596,4.900917
9458,3.018645,2.852753,2.621141,4.911293
9459,4.197784,1.34734,2.358662,5
9460,-0.2482941,2.194003,4.486056,5
9461,-0.3788404,0.2253792,0.7279197,0.8509893
9462,-0.6650578,-0.02408907,1.052129,1.244933
9463,-0.3940894,0.1868159,1.052484,1.139267
9464,1.737903,3.281928,0.4318268,3.738694
9465,1.735726,3.282193,0.4312143,3.737845
9466,2.747213,0.9828916,0.1449784,2.921348
9467,2.872051,0.8765586,0.1704826,3.007673
9468,2.942834,0.6101828,0.365061,3.027518
9469,0.208429,4.936741,0.7649458,5
9470,2.518308,-4.18826,1.056694,5
9471,-4.441224,1.091818,-2.020757,5
9472,0.07151691,0.7640424,-0.005185062,0.7673998
9473,0.1216154,0.7781132,0.03047087,0.7881491
9474,0.1027983,0.7625473,0.04832554,0.7709612
9475,0.08012022,0.9567472,-0.03733163,0.9608216
9476,0.08121571,0.7530001,-0.003036093,0.7573733
9477,0.1201394,0.7780508,0.03240436,0.7879382
9478,0.09994821,0.7722239,0.04458413,0.7799405
9479,0.07986998,0.957102,0.01759107,0.9605899
9480,-4.956647,0.3199607,-0.5738183,5
9481,2.292548,-4.330997,0.9933194,5
9482,1.590117,0.1303742,1.457275,2.160814
9483,1.166991,0.1234872,1.901405,2.234381
9484,1.022567,0.0690439,2.033237,2.276941
9485,1.327166,0.08866438,2.054867,2.447797
9486,1.213048,0.1360718,1.710203,2.101141
9487,1.62074,0.08620925,1.277391,2.06542
9488,1.692341,0.09898335,1.610883,2.338538
9489,1.122084,0.1167747,2.021041,2.314587
9490,1.456603,1.272319,4.5918,4.982481
9491,2.281274,1.67273,4.086011,4.96968
9492,2.319281,3.029084,3.074792,4.899873
9493,2.284382,3.541072,2.691172,5
9494,3.09834,2.647571,2.896663,5
9495,2.589255,3.108245,2.938464,5
9496,2.424872,2.315103,3.630602,4.941758
9497,4.032942,2.769291,0.4877464,4.916451
9498,2.785906,-1.689415,3.792704,5
9499,2.195324,3.389094,2.730152,4.874334
9500,2.494495,0.7915945,4.252432,4.993226
9501,-0.6123782,-0.02667866,1.642794,1.753423
9502,-0.43516,0.2054514,1.521233,1.595532
9503,-0.2228874,0.1862668,1.402123,1.431895
9504,-0.3738206,0.167921,1.452845,1.509536
9505,-0.3673007,0.08898769,1.394965,1.445253
9506,-0.3009637,0.122926,1.422659,1.459332
9507,1.005609,3.995219,1.785039,4.489921
9508,0.9680939,3.82003,1.619559,4.260612
9509,1.892921,3.665038,1.66465,4.448225
9510,1.89786,3.634935,1.446605,4.348252
9511,1.691883,3.780345,1.696835,4.475793
9512,-2.377234,-0.6087663,4.356393,5
9513,2.5776,-1.887614,3.846152,5
9514,1.308409,-3.359204,3.464652,5
9515,1.877513,1.183948,0.03501565,2.219913
9516,1.855597,1.10449,9.140561E-05,2.15943
9517,1.483719,1.016357,0.02812178,1.798665
9518,1.505313,1.199259,-0.0001730981,1.924627
9519,1.603925,1.040477,0.002010336,1.91185
9520,3.722656,-2.422239,2.181814,4.948305
9521,2.750857,-1.289524,3.772578,4.843803
9522,-1.795294,-4.26157,-1.901562,5
9523,0.4040548,2.60016,-4.251577,5
9524,2.278951,0.05929997,0.9765027,2.480058
9525,1.654956,0.1181638,1.059883,1.968805
9526,1.981381,0.1651887,1.171058,2.307496
9527,2.00882,0.1451078,1.232437,2.361211
9528,1.302127,0.09652173,1.636601,2.093636
9529,1.985272,0.1652128,1.165481,2.308018
9530,4.459132,0.8813821,2.062858,4.9916
9531,4.477548,1.243561,1.79946,4.983265
9532,3.299184,0.5942636,3.704603,4.996183
9533,4.084586,2.726277,0.2839189,4.919048
9534,4.483854,1.33242,1.711114,4.980783
9535,-1.463382,-4.740798,0.6191541,5
9536,3.808301,3.075013,-0.1400305,4.896782
9537,1.599296,4.259294,1.529958,4.800011
9538,-3.315163,1.960066,-3.122945,4.958322
9539,-0.1147482,0.1483833,1.322453,1.33569
9540,-0.1133548,0.149062,1.323426,1.33661
9541,-0.4188981,0.2667592,1.723304,1.793436
9542,-0.1809352,0.09702593,1.623235,1.636168
9543,-0.4219923,0.264251,1.715509,1.786302
9544,-0.405356,-0.09142494,1.430612,1.489739
9545,-0.4053287,-0.09383404,1.428013,1.487386
9546,0.008132971,0.4244571,1.39704,1.46012
9547,0.210338,-1.407562,4.793175,5
9548,0.260359,-1.343364,4.809115,5
9549,3.453154,-3.539063,-0.7421299,5
9550,-3.133129,-0.06451395,-3.401649,4.625136
9551,2.233334,0.09498473,1.085324,2.4849
9552,2.233242,0.09502365,1.079192,2.482147
9553,2.398412,0.06461086,0.8448009,2.543667
9554,1.571461,0.1015568,0.7784079,1.756623
9555,2.095732,0.06219155,1.006444,2.325702
9556,3.020246,2.729378,-2.761126,4.918862
9557,2.847476,3.903201,1.287209,5
9558,4.924283,0.5780376,0.6174276,4.996389
9559,4.930711,0.5864,0.554142,4.996284
9560,4.679786,1.29874,1.10935,4.981744
9561,4.791402,1.313829,0.3603372,4.981318
9562,1.402673,-4.623659,1.28619,5
9563,-3.042257,2.692105,2.777459,4.921081
9564,-0.1917886,0.04693606,1.472083,1.485266
9565,0.1134985,0.4889519,1.467296,1.550779
9566,0.6715502,0.05066878,1.014074,1.21733
9567,0.5352523,0.2301747,1.459617,1.57161
9568,0.2236106,0.337614,1.349769,1.409206
9569,0.3362986,0.5292243,1.501937,1.627571
9570,0.07380784,0.7457619,0.9158972,1.183417
9571,0.2255602,0.2119461,1.021294,1.067164
9572,0.314114,0.2592701,1.420428,1.477669
9573,0.08122171,0.7548469,0.9182347,1.191447
9574,0.2234332,0.3371461,1.349288,1.408605
9575,2.836296,-3.694184,1.81891,5
9576,4.556227,-0.1195777,2.055845,5
9577,2.659969,-0.4613959,4.208525,5
9578,3.963298,-2.923384,0.8637653,5
9579,2.704375,-4.150064,0.6806831,5
9580,2.235024,0.04099843,1.613048,2.756617
9581,2.230474,0.04060924,1.612207,2.752431
9582,1.383972,0.1424943,0.5671564,1.502447
9583,2.89602,0.09463187,-0.1061647,2.89951
9584,2.027531,0.09264625,0.01577275,2.029708
9585,1.693223,0.1659116,0.07008226,1.702775
9586,4.517602,1.969427,0.5418531,4.957921
9587,2.45153,2.580873,-3.407272,4.927515
9588,2.535298,2.993522,-2.939894,4.902234
9589,0.6168697,4.688396,0.5135542,4.756608
9590,-1.955242,3.778668,2.314338,4.843291
9591,3.477968,2.600695,2.325817,4.926388
9592,0.5661715,0.6315073,1.344836,1.589948
9593,0.5704249,0.6351402,1.343001,1.591364
9594,0.3042071,0.5236853,1.325541,1.457342
9595,0.7222478,0.1683469,1.023822,1.264197
9596,0.3529982,0.4370535,1.418788,1.52597
9597,3.001379,-3.95825,0.5691929,5
9598,2.912741,-4.052695,0.3026561,5
9599,3.899762,-2.954502,-1.030911,5
9600,4.432893,2.236126,-0.5909317,5
9601,-0.07444938,-1.214667,4.849644,5
9602,-4.416861,-0.6073458,-2.263288,5
9603,-0.9458367,-0.6158669,4.870945,5
9604,-2.854828,-2.09815,3.528133,5
9605,2.495278,0.110004,3.895604,4.627553
9606,2.995483,0.0759566,3.89191,4.911787
9607,4.964027,0.366242,-0.458053,4.998551
9608,4.943673,0.5263613,0.5320147,5
9609,2.5221,0.3767096,2.566185,3.617762
9610,1.254396,2.458008,2.034122,3.428259
9611,2.501825,0.2875549,1.025305,2.71902
9612,1.29321,2.545081,1.326302,3.147842
9613,2.816774,2.428549,-3.245115,4.935872
9614,4.55735,1.766474,-0.8792179,4.966175
9615,3.313819,2.659611,-2.486141,4.922989
9616,4.162972,2.117217,-1.644016,4.951336
9617,-3.028983,-0.694721,3.916966,5
9618,-1.87738,3.891402,2.167139,4.833638
9619,1.121253,0.4045969,1.167403,1.668454
9620,0.7103575,0.4836586,1.264063,1.528525
9621,0.5325475,0.5978018,1.08045,1.344747
9622,0.4406379,0.4566952,1.151327,1.314643
9623,0.8182094,0.3134016,1.186158,1.474672
9624,0.4753041,0.5928426,1.354226,1.552838
9625,0.8150644,0.3150573,1.182799,1.47058
9626,1.028877,0.01398208,1.018412,1.447738
9627,1.033077,0.01521603,1.022464,1.453586
9628,-3.016112,-3.75116,-1.353465,5
9629,0.1089855,4.543609,2.084165,5
9630,3.870088,-3.105811,0.6134796,5
9631,-1.250842,-3.637856,3.193964,5
9632,0.2492645,2.110531,0.01804703,2.125277
9633,0.4026833,1.694499,0.03983844,1.742144
9634,0.579986,1.855355,-0.03593225,1.944226
9635,0.5821251,1.854469,-0.03606103,1.944023
9636,0.3154527,1.847149,0.03610892,1.87424
9637,0.4012212,1.694107,-0.03023135,1.741233
9638,0.3151449,1.846505,0.03314573,1.873498
9639,0.24076,-4.540116,-2.080717,5
9640,-3.902878,-3.039876,0.6894503,4.994862
9641,3.771191,-1.558824,2.744856,4.917932
9642,-2.484689,-4.154281,1.189692,4.984686
9643,-0.199636,3.435197,-2.923369,4.515143
9644,4.82605,1.30131,0.1258244,5
9645,1.628858,1.698519,-0.2531618,2.366904
9646,1.301216,1.859271,-0.4179411,2.307537
9647,-4.950798,0.0331438,0.6988412,4.999988
9648,4.675695,1.031564,-1.399569,4.988491
9649,0.3283285,3.488008,-3.03667,4.636309
9650,1.830938,3.355001,-3.029126,4.876882
9651,1.762963,3.13753,-3.314268,4.892495
9652,3.32164,2.132072,-2.988292,4.950648
9653,3.298628,2.03976,-3.083657,4.954847
9654,1.831992,2.264106,-3.995476,4.94431
9655,3.518862,1.156305,-3.337083,4.985535
9656,1.917991,4.386219,0.06288408,4.787646
9657,1.25695,0.5430728,0.8151122,1.593506
9658,0.6469482,0.5922279,1.043547,1.363182
9659,0.5696061,0.5391383,1.288129,1.508111
9660,1.106154,0.5281023,0.9349307,1.541611
9661,0.8687823,0.5665613,1.03932,1.468319
9662,0.6273273,0.6565307,0.9737485,1.33145
9663,0.8431982,0.4976158,1.101948,1.474074
9664,0.8431197,0.4979641,1.101533,1.473836
9665,1.067697,0.5922775,1.151866,1.67856
9666,0.8868523,0.4127845,0.956785,1.368333
9667,2.423682,4.346209,0.486039,5
9668,-1.779293,-1.91707,4.261333,5
9669,-1.636629,1.996527,4.281977,5
9670,-0.2545369,-3.922789,3.089812,5
9671,4.444442,1.585487,1.65323,5
9672,-4.402658,0.9963692,2.150314,5
9673,4.204088,2.491215,1.058062,5
9674,1.957028,0.383519,3.598207,4.113895
9675,2.361,0.2702029,2.041933,3.13318
9676,3.610465,0.3332423,3.44289,5
9677,2.437223,3.589445,-2.187216,4.858816
9678,-0.9398634,2.790218,-3.935767,4.915173
9679,3.900537,1.767032,-2.581358,5
9680,1.855127,4.300982,-1.030346,4.795993
9681,1.362243,4.56842,0.1382887,4.769203
9682,0.4064867,-3.837445,-3.179432,5
9683,0.7820273,0.226397,0.8447689,1.173225
9684,0.7144082,0.3587156,0.8001189,1.131038
9685,1.09225,0.2608595,0.8014027,1.379603
9686,0.9586191,0.1807778,0.7836272,1.25128
9687,0.7161812,0.358529,0.801626,1.133165
9688,0.9513568,0.091802,1.036105,1.409617
9689,0.4022966,4.973162,-0.3253007,5
9690,-3.718338,2.785372,1.84815,5
9691,3.655347,1.815067,2.888593,5
9692,3.878268,1.276647,2.886038,5
9693,-1.66972,-4.670599,-0.6305029,5
9694,-0.4861069,0.1750646,1.193805,1.300815
9695,-0.5245881,-0.3735536,1.133426,1.303606
9696,-0.5251914,-0.3794391,1.133817,1.305887
9697,-0.6595966,0.5655217,1.15417,1.444642
9698,-0.6905171,0.5220576,1.183744,1.466495
9699,2.033233,0.3711128,-0.1969239,2.076184
9700,2.724232,1.906691,-0.8719473,3.437616
9701,0.772936,0.3936689,2.32842,2.484743
9702,0.8884823,0.264379,0.8425851,1.252696
9703,1.429453,1.057812,-1.001989,2.041148
9704,1.747784,0.1886027,-0.3687445,1.796189
9705,2.027793,0.5605453,-1.366322,2.508584
9706,2.956626,3.82166,0.2746746,4.839645
9707,1.604635,1.880567,-4.301924,4.961647
9708,2.954272,3.010264,-2.496322,4.901126
9709,2.266686,1.402873,-4.204934,4.978693
9710,2.203925,1.167696,-4.316468,4.985248
9711,2.158436,-3.03254,3.338391,5
9712,4.412411,1.008465,-2.098514,4.989001
9713,4.49722,0.9066237,-1.965768,4.991112
9714,0.01154685,3.937582,2.987439,4.942619
9715,1.095205,0.4646277,1.108387,1.626
9716,1.095101,0.4645311,1.108297,1.625841
9717,0.8886967,1.369295,1.403426,2.152756
9718,1.029729,0.09117447,0.6863669,1.240868
9719,1.032447,0.09467703,0.6850348,1.242652
9720,1.02364,-0.01153246,1.111116,1.510811
9721,0.4755686,0.3554688,0.9314961,1.10463
9722,3.186173,-3.578301,1.429708,5
9723,0.04624499,1.505459,-4.767752,5
9724,4.695797,-0.5031803,1.642041,5
9725,-1.382655,4.733101,0.8282646,5
9726,-2.504794,-1.710483,3.974953,5
9727,-0.566284,0.1313997,1.197343,1.331005
9728,-0.5423028,0.07850961,1.014767,1.15326
9729,-0.5439297,0.07730315,1.015328,1.154438
9730,-0.5663189,0.1315741,1.197598,1.331266
9731,-0.3949146,-0.6590382,0.8886259,1.174711
9732,2.49052,0.9964134,4.219534,5
9733,2.567335,0.5322507,-4.257406,5
9734,-0.9565338,3.738516,3.179394,5
9735,1.442705,0.2427126,0.5369752,1.558412
9736,1.616199,0.1857524,0.5849904,1.72882
9737,1.372596,0.2275161,0.3798223,1.442237
9738,1.665782,0.2004307,-0.07288118,1.679379
9739,1.527782,0.2160032,0.797876,1.737061
9740,1.466369,0.2116884,0.2991015,1.51146
9741,1.818466,0.2599707,0.3955514,1.879059
9742,3.107105,-3.735861,-1.178662,5
9743,2.673001,2.555596,-3.258591,4.928937
9744,2.0496,3.086603,-3.200433,4.895994
9745,3.158113,2.828285,-2.482528,4.912822
9746,2.401791,3.810387,-1.77308,4.840605
9747,1.989193,4.155268,-1.38258,4.809851
9748,1.012803,0.6765273,0.5838848,1.350696
9749,1.573855,0.9269118,1.057691,2.110662
9750,0.7320511,0.3523448,0.9414182,1.243509
9751,0.476932,0.7322037,0.8715729,1.23419
9752,1.223477,0.6163191,1.011454,1.702875
9753,1.223199,0.6158566,1.011634,1.702615
9754,0.510218,0.5205986,0.8499733,1.119732
9755,0.811637,1.538794,0.866872,1.943736
9756,2.305583,0.8839188,4.347755,5
9757,4.75565,-1.009915,1.167849,5
9758,3.944399,1.675154,2.575961,5
9759,-2.625094,4.254671,-0.08159538,5
9760,-1.055398,2.489115,4.206001,5
9761,-0.2774844,0.9212232,1.384417,1.6859
9762,-0.433964,0.559497,1.13523,1.33795
9763,0.2299765,0.5679727,0.8935317,1.083458
9764,-0.2774921,0.9221303,1.392643,1.693157
9765,-0.3835123,0.967751,1.216599,1.601168
9766,-0.492773,-0.9876326,4.876654,5
9767,1.514428,-2.153678,4.250669,5
9768,-3.602603,2.719299,2.150967,5
9769,1.631848,0.2802816,0.1201294,1.660095
9770,1.597225,0.2469441,-0.04424364,1.616807
9771,1.431799,0.1531155,0.2070299,1.454769
9772,1.546224,0.1679415,0.4524487,1.619791
9773,1.456611,0.1951018,0.6074258,1.590204
9774,1.397095,0.243395,0.3733399,1.466458
9775,1.39205,0.2433303,0.3804102,1.463464
9776,3.26227,3.388623,1.278402,4.87437
9777,2.502038,3.003402,-2.957173,4.90158
9778,2.93502,3.343599,-1.999557,4.877728
9779,2.777987,1.89691,-3.646339,4.960974
9780,1.799411,3.221178,-3.203933,4.88662
9781,1.709017,3.843624,-2.389517,4.837766
9782,1.604549,2.237602,-4.108242,4.945613
9783,-2.494958,-1.463793,-4.078295,5
9784,2.319057,1.582855,-4.104373,4.972859
9785,-2.619613,-2.237009,-3.624006,5
9786,-0.5595416,1.54017,0.02756246,1.638893
9787,-0.8902861,0.9204471,-0.006386534,1.280575
9788,-0.8902981,0.9207541,-0.01209086,1.280846
9789,-1.055402,0.8985785,0.03827268,1.386644
9790,-1.086328,1.020492,-0.04564411,1.491172
9791,-0.394468,1.256903,0.04933856,1.318273
9792,-1.015376,1.027331,-0.01367914,1.444501
9793,-4.940246,-0.7694051,0.04230423,4.99998
9794,-2.054088,-4.558588,0.0001265511,5
9795,2.038165,1.03672,-0.749378,2.40634
9796,0.4105062,1.396415,1.073901,1.808799
9797,1.223741,1.239328,0.3067723,1.768498
9798,1.001894,0.5401891,0.4885651,1.238665
9799,1.28249,2.2571,0.9572734,2.766885
9800,0.6292229,0.9638697,1.519665,1.906397
9801,1.131472,1.968564,-0.06383087,2.271464
9802,0.8934729,0.7458394,0.8014001,1.413086
9803,0.6485966,1.286949,0.9414026,1.721381
9804,3.073747,-3.816525,0.9930861,5
9805,4.437587,1.792214,1.447687,5
9806,-4.035941,-1.186989,-2.702265,4.999999
9807,0.1739032,1.182558,1.202924,1.695792
9808,0.2248338,0.9318779,1.241037,1.568158
9809,0.4543562,1.280903,1.125411,1.764568
9810,0.3063753,1.257269,1.116931,1.709423
9811,0.3993796,0.9229699,1.225208,1.58509
9812,0.1747921,1.055785,1.285849,1.672914
9813,0.4659185,0.861412,1.364072,1.679227
9814,0.2248624,0.9326929,1.242526,1.569825
9815,0.4050851,0.9247442,1.225297,1.587639
9816,0.3062357,1.256283,1.114697,1.707213
9817,0.4550824,1.280538,1.122684,1.762753
9818,0.1170155,0.872575,1.203621,1.491236
9819,1.805835,4.14927,2.126621,5
9820,2.672559,3.947845,-1.507298,5
9821,2.706474,-3.934686,1.480961,5
9822,3.592654,3.443258,0.4866311,5
9823,1.261029,0.2141645,0.4346721,1.350926
9824,1.268815,0.2142543,0.4347894,1.358248
9825,1.28489,0.1035836,0.2379802,1.310842
9826,0.02504409,0.1851561,0.2940172,0.348362
9827,0.0289435,0.1851408,0.293965,0.348612
9828,1.295918,0.1037279,0.2381693,1.321698
9829,2.116363,1.364646,1.078303,2.739341
9830,-1.687422,1.186082,0.09769177,2.064879
9831,2.988771,0.8689107,2.617621,4.066903
9832,4.025492,0.9686883,-0.5945125,4.182868
9833,2.431169,1.058909,1.039066,2.848074
9834,4.598537,0.9962389,0.7577596,4.765841
9835,4.859057,0.9277599,-0.660175,4.990692
9836,4.356669,0.8227557,2.295512,4.992682
9837,3.491682,-3.022718,1.820268,4.964075
9838,2.221124,1.499816,1.765597,3.209388
9839,4.629138,1.069809,1.517549,4.987621
9840,3.125816,0.9579182,1.444965,3.574389
9841,3.300756,1.434068,2.623857,4.453782
9842,-1.569402,1.259992,0.3029407,2.035283
9843,4.668579,0.7865651,1.587088,4.993312
9844,2.072304,1.631726,0.6306229,2.711948
9845,2.43106,1.058842,1.038237,2.847654
9846,3.49503,-2.800375,2.11205,4.951575
9847,4.586205,0.9588504,1.716976,4.990058
9848,2.072708,1.582075,0.7116345,2.70287
9849,4.858983,0.9278527,-0.66058,4.990691
9850,4.669098,0.7867284,1.585468,4.993309
9851,0.678172,4.331372,1.840282,4.754718
9852,-0.9146104,4.611984,0.7714812,4.764671
9853,0.3996572,4.350109,1.869464,4.751639
9854,0.8285773,4.647624,-0.6160299,4.760928
9855,-2.947994,0.3406954,4.024086,5
9856,-1.041991,4.600056,0.6838831,4.765916
9857,0.137769,4.618116,1.161895,4.76403
9858,0.6042267,-2.657596,3.982313,4.825632
9859,1.765886,-2.999895,3.409729,4.872779
9860,0.2251011,4.521022,1.441224,4.75052
9861,0.1935209,-3.149935,3.684293,4.851139
9862,1.301379,1.511321,-0.3693393,2.028322
9863,0.8229251,0.8863195,0.1653252,1.220697
9864,1.304054,1.300372,0.7248777,1.979134
9865,1.30277,1.300191,0.7277607,1.979227
9866,0.8226924,0.8886716,0.1598384,1.221519
9867,4.310109,-2.092848,1.429319,5
9868,4.076945,-0.6723165,2.815406,5
9869,2.476617,0.950168,4.238343,5
9870,-4.700906,0.1173279,-1.699328,5
9871,0.1250384,1.116544,1.115349,1.583133
9872,0.5821015,1.04161,1.138698,1.649371
9873,0.6760698,1.285921,1.137507,1.845152
9874,1.019886,1.512984,0.8797308,2.025639
9875,0.4791074,0.7852468,1.215732,1.52452
9876,0.5061449,1.052331,0.9529508,1.507216
9877,0.8202137,0.8403513,1.050986,1.575916
9878,0.4685759,1.457864,1.068513,1.867257
9879,1.041521,0.9551271,0.9283211,1.690803
9880,-0.03508929,4.856873,1.187245,5
9881,2.795752,3.762016,-1.740978,5
9882,2.345561,4.001055,-1.868127,5
9883,2.470366,-4.089816,1.473328,5
9884,1.11244,0.5495154,-0.04329656,1.241517
9885,1.28707,0.874278,0.4329532,1.615041
9886,1.11571,0.7800717,-0.1069767,1.365564
9887,1.208149,0.1172049,-0.02904644,1.214168
9888,1.209944,0.8609549,0.1929239,1.497474
9889,1.212306,0.6674764,-0.09108367,1.386906
9890,1.288843,0.8779194,0.4322119,1.618229
9891,1.295139,0.5939406,0.1266599,1.430452
9892,1.62399,0.6485468,0.3921424,1.792131
9893,1.499057,0.3665856,-0.08144534,1.545377
9894,4.35986,0.9240328,2.266668,5
9895,3.225099,-0.5871029,3.775453,5
9896,4.708312,0.2836623,-1.658715,5
9897,4.689891,1.716298,0.2433855,5
9898,0.6291399,1.190834,1.05648,1.71174
9899,0.5878522,1.242746,0.9479215,1.669893
9900,0.5437413,1.188874,0.9398685,1.610102
9901,0.4254204,1.151109,1.33181,1.811009
9902,0.5070574,1.2567,0.9213668,1.638694
9903,0.7391131,1.07745,1.224339,1.790585
9904,0.9120321,1.186762,0.8659225,1.72917
9905,0.9102853,1.186195,0.8714342,1.730628
9906,1.135054,0.9121758,0.7695225,1.64699
9907,1.528609,3.853731,-2.795016,5
9908,2.595936,0.001818726,-4.273302,5
9909,1.084088,0.1183599,0.05996505,1.092178
9910,0.9252672,0.6885906,-0.0619257,1.155037
9911,1.206681,0.09513781,0.1383777,1.21831
9912,1.186717,0.6098801,0.3846998,1.388613
9913,1.054894,0.05564436,0.1462894,1.066442
9914,1.432271,0.8684714,-0.01680619,1.67509
9915,1.513557,0.5379019,0.07399314,1.608001
9916,0.9228749,0.4393702,0.07465757,1.02485
9917,3.365912,-3.61822,0.761,5
9918,3.479424,-3.543752,-0.5791617,5
9919,4.789041,1.408605,-0.2844628,5
9920,3.922351,-1.046849,2.918779,5
9921,4.77014,-1.325813,-0.6985618,5
9922,4.740355,-1.402553,-0.749585,5
9923,1.444071,-1.883009,4.401016,5
9924,4.846534,1.16636,0.3882155,5
9925,-2.427631,2.91064,-3.261102,5
9926,0.8455681,1.203681,0.8539521,1.700902
9927,0.5943949,1.351828,0.8578508,1.707821
9928,0.5983286,1.338281,0.8762066,1.707844
9929,0.7037746,1.526677,0.8632703,1.889782
9930,0.6484844,1.026266,0.8721739,1.494805
9931,1.087556,3.622351,3.270442,5
9932,0.9379494,2.530541,4.209111,5
9933,2.140277,-0.5613918,-4.483754,5
9934,4.859214,0.3075531,-1.1373,5
9935,-2.967007,-2.633301,3.04345,5
9936,-2.285249,-1.246317,-4.268996,5
9937,-0.3279495,0.8188428,1.152485,1.451301
9938,3.493521,2.311897,-2.72955,5
9939,-1.093988,0.4229389,4.860485,5
9940,-1.022461,3.295987,-3.618155,5
9941,0.9773057,0.6744257,-0.06459865,1.18918
9942,0.9631248,0.820473,0.0189252,1.265363
9943,0.4943334,0.4170721,0.3111196,0.7177117
9944,1.219371,0.4970237,-0.2131492,1.333916
9945,0.7179738,0.7444129,0.3890913,1.105002
9946,0.5946168,0.03685395,0.2031007,0.6294261
9947,0.7665279,0.3601117,-0.279054,0.8916931
9948,0.8685041,0.452009,0.09375911,0.9835661
9949,3.537281,-2.842318,-2.099731,5
9950,4.596715,-1.571035,-1.184086,5
9951,4.661439,-1.805442,-0.1066308,5
9952,3.804141,-3.192925,0.5777057,5
9953,3.861439,-2.955049,-1.164897,5
9954,4.630554,-1.796394,0.575275,5
9955,3.044498,-3.697707,1.434571,5
9956,3.726062,-3.083768,1.267609,5
9957,-1.020883,0.03623686,-0.00985833,1.021574
9958,-0.9710924,0.2949038,0.03867243,1.01562
9959,-1.017081,0.04062289,0.03323451,1.018434
9960,-0.9706681,0.2938939,0.03528202,1.014798
9961,-1.535656,0.1566474,0.04159481,1.544185
9962,-1.537057,0.1574895,0.06077858,1.546299
9963,1.346414,0.8044059,0.5359547,1.657452
9964,0.7888459,1.383263,0.6525165,1.720893
9965,0.7880725,1.389363,0.6658758,1.730543
9966,0.7294357,1.11556,0.7497942,1.529294
9967,1.18845,1.505307,0.6273591,2.017905
9968,1.063199,0.9937647,0.473985,1.530563
9969,0.7443904,1.389412,0.6111397,1.690584
9970,1.038582,1.039105,0.8620715,1.703396
9971,1.236131,1.276191,0.609,1.878181
9972,0.4809982,-0.4938033,-4.952252,5
9973,-0.9894674,-4.551198,1.818666,5
9974,-0.392975,0.878933,1.05013,1.424685
9975,-0.5335767,0.7518139,1.234501,1.540753
9976,-0.3870382,1.06384,1.14087,1.607214
9977,-0.3017375,1.082429,1.145631,1.604733
9978,-4.538497,1.862509,-0.9659742,5
9979,0.2331471,0.3112654,0.1366817,0.4122204
9980,0.2448599,0.3070307,0.1337624,0.4148694
9981,0.2432472,0.3053204,0.133929,0.4127066
9982,0.4855688,0.5748587,0.09069713,0.757935
9983,0.1929788,-0.1664063,0.122023,0.282527
9984,3.20366,-3.642304,-1.21251,5
9985,1.77037,-1.555088,4.189435,4.806649
9986,4.127794,-1.328394,-2.489315,5
9987,3.457353,-3.044567,1.846356,4.963035
9988,3.630136,-2.555635,2.185174,4.948145
9989,1.770212,-1.548617,4.191658,4.806439
9990,2.919795,-2.49671,3.040183,4.89913
9991,3.048095,-2.940062,2.525133,4.930634
9992,4.255754,-1.677196,1.917866,4.960104
9993,1.288547,-4.754183,-0.8587119,5
9994,-1.704547,-4.566384,1.114745,5
9995,1.946696,-3.594577,2.735174,4.918515
9996,1.84515,-3.535733,2.864846,4.910532
9997,1.574743,-0.1530696,4.50592,4.775622
9998,1.34477,0.8015497,0.4364377,1.625228
9999,0.8766666,0.7512394,0.6014884,1.301804
10000,0.7936985,1.00715,0.4719146,1.366386
10001,0.8851417,1.257317,0.5828797,1.644406
10002,0.9709665,1.244245,0.4543767,1.64237
10003,1.350598,0.803934,0.4351492,1.630883
10004,0.791678,1.357049,0.7641754,1.747083
10005,1.399815,1.024911,0.4717211,1.7979
10006,1.383806,0.816437,0.6438512,1.730906
10007,1.053203,0.9746597,0.5965556,1.554052
10008,1.623097,-1.638181,4.436431,5
10009,3.054847,2.775221,-2.82242,5
10010,2.668171,3.603602,2.212446,5
10011,-0.5178592,0.6298801,0.8486899,1.176946
10012,-0.3576075,0.5991206,0.8977157,1.136979
10013,-0.08399929,0.8872954,1.10561,1.420114
10014,-0.0617407,0.6379195,1.065598,1.243484
10015,-0.3963954,0.8519257,1.175571,1.50495
10016,-0.1314865,1.026757,1.1197,1.524876
10017,-0.354192,0.5983623,0.889971,1.129397
10018,4.655921,1.793692,0.324133,5
10019,1.408422,1.260966,0.4887314,1.952574
10020,1.160626,1.142532,0.302783,1.656535
10021,1.241865,1.073194,0.3923033,1.687565
10022,1.242911,1.07392,0.3954859,1.689539
10023,0.8146986,1.056654,0.4426394,1.405767
10024,1.40511,1.106264,0.2567005,1.806669
10025,0.9611686,0.9425012,0.08611968,1.348915
10026,2.174946,4.501827,0.05622016,5
10027,0.9883725,4.573129,1.763407,5
10028,2.4413,3.785422,-2.1704,5
10029,4.51585,-2.145265,0.07027157,5
10030,0.1977114,-4.645381,-1.838842,5
10031,-0.03484692,0.7966722,0.7872861,1.120589
10032,-0.2500285,1.14956,1.128796,1.630394
10033,0.1025373,0.7498318,0.9498671,1.2145
10034,0.5533547,1.275086,0.4098468,1.449144
10035,-0.1511824,0.7443618,0.6844287,1.022435
10036,0.141997,0.8618004,0.949101,1.289828
10037,-1.564101,3.235558,3.476314,5
10038,1.56411,-3.235563,-3.476304,5
10039,0.8913539,4.4788,2.036132,5
10040,0.8916339,4.478058,2.037641,5
10041,3.102946,2.840202,2.327809,4.807673
10042,3.101096,2.837323,2.326676,4.80423
10043,1.375555,0.9687291,0.4187663,1.733768
10044,0.9871348,1.381888,0.1237733,1.702753
10045,0.9041353,0.8439315,0.1900481,1.251319
10046,0.9853448,1.006607,0.3641662,1.454915
10047,0.9879401,1.174594,-0.09578948,1.537814
10048,1.235964,1.116304,0.1150149,1.669422
10049,1.052762,0.9724455,0.09351613,1.436211
10050,1.375739,0.9687982,0.4190825,1.73403
10051,0.9679591,1.071169,0.05517694,1.444781
10052,0.9677683,1.071006,0.05551929,1.444546
10053,0.9882894,1.010604,0.3685984,1.460788
10054,4.5811,-0.4468452,1.952909,5
10055,1.192054,3.436498,3.430669,5
10056,4.505622,1.274762,-1.753384,5
10057,0.3913502,1.113562,0.9878563,1.539167
10058,-0.1088385,0.9816814,0.4488496,1.084901
10059,-0.3673896,0.9039299,0.8207422,1.275023
10060,0.001594846,0.9865591,0.8135239,1.278719
10061,-0.3830856,0.609575,0.3005002,0.7801517
10062,0.2220606,1.137839,0.6560407,1.332058
10063,0.01789834,1.216501,0.8642724,1.492368
10064,0.002688895,1.300786,0.7815294,1.517511
10065,-2.446918,2.650819,3.462044,5
10066,1.286076,-0.2793283,-4.82369,5
10067,0.3388523,4.252721,2.308422,4.850698
10068,0.7284577,1.282126,0.01140776,1.474662
10069,0.8013141,0.9101387,0.1427386,1.220996
10070,0.8014205,0.9084228,0.1390556,1.219362
10071,0.7574281,1.051472,0.06685924,1.297598
10072,0.9687338,1.107766,-0.06310688,1.472947
10073,1.186752,0.759357,0.321548,1.445129
10074,1.15284,0.8906353,0.0988536,1.460152
10075,1.073693,1.04068,0.08736099,1.49782
10076,1.274882,0.6697069,0.1145868,1.444632
10077,0.7580574,1.051381,0.06714077,1.297906
10078,1.1205,1.105131,-0.0906717,1.576406
10079,4.111977,-2.259142,-1.728562,5
10080,4.932099,-0.8181889,-0.07044863,5
10081,4.311708,1.876489,-1.6994,5
10082,4.936827,-0.6950528,0.3803208,5
10083,3.210949,-3.073097,2.29039,5
10084,1.330493,2.557026,4.085512,5
10085,4.798866,1.116336,-0.8512797,5
10086,4.849599,-1.214018,-0.08687406,5
10087,4.03768,-0.09255156,2.947639,5
10088,4.878583,1.083757,-0.1577663,5
10089,-0.4554959,4.02435,2.932087,5
10090,0.250751,1.062957,0.6556118,1.273806
10091,-0.07005046,0.9075013,0.2796882,0.9522033
10092,0.06202748,1.129786,0.4966563,1.23569
10093,0.4681448,1.041149,0.7066371,1.342568
10094,-0.2838273,0.5284779,0.5738317,0.8301383
10095,0.4679136,1.039576,0.7017626,1.338705
10096,0.4582828,1.527971,0.7362729,1.756934
10097,0.136351,1.461946,0.7645398,1.655415
10098,0.009352591,0.9182566,0.5542485,1.072602
10099,-0.04927941,0.6550041,0.4224327,0.7809662
10100,-0.2266881,0.5342121,0.1761407,0.6064615
10101,0.241459,1.362015,0.5876821,1.502916
10102,3.707946,3.351324,0.1405797,5
10103,3.753707,3.276051,-0.4209202,5
10104,-4.07158,2.39969,-1.632091,5
10105,1.237511,3.290799,1.294214,3.746436
10106,1.595707,3.684706,0.8772295,4.110094
10107,1.600026,3.687534,0.8782932,4.114533
10108,1.240076,3.288956,1.29576,3.7462
10109,-0.06357674,3.787206,3.130286,4.913824
10110,0.048227,3.684019,2.663322,4.546164
10111,0.6113953,0.5871529,0.09644699,0.853144
10112,0.4121836,0.4804806,0.1143157,0.6432923
10113,0.6738064,0.6766239,0.1124514,0.961499
10114,0.5926765,0.8009002,0.1017714,1.001531
10115,0.5090039,0.6523392,0.1174281,0.8357158
10116,0.4264534,0.7976155,0.08635122,0.9085755
10117,4.617407,1.477318,1.162375,4.985382
10118,3.479598,-2.591368,-2.4854,5
10119,2.786812,-2.423615,3.201904,4.887988
10120,4.699384,0.1225147,1.61801,4.971637
10121,2.489805,-2.853286,3.101664,4.894965
10122,3.868988,-2.51307,1.831164,4.963643
10123,4.180831,-1.684823,2.055607,4.95414
10124,4.503933,-0.2644885,-2.155141,5
10125,-3.963154,2.099269,2.100013,4.952128
10126,1.755195,0.5296881,4.419157,4.784373
10127,0.5575117,1.086748,0.5100071,1.323611
10128,0.08826683,1.338883,0.3570369,1.388479
10129,0.4563218,1.182414,0.3797644,1.323085
10130,0.7678377,1.357313,0.8606657,1.781185
10131,0.5282481,1.120291,0.3180646,1.278774
10132,0.08938113,1.33488,0.3549002,1.384142
10133,0.05076922,1.156461,0.04042522,1.15828
10134,2.692411,-2.205565,-3.589764,5
10135,-3.518274,-3.150202,-1.64255,5
10136,3.567185,3.112669,1.608255,5
10137,1.395641,4.530564,0.870768,4.819965
10138,-2.829184,2.961318,2.868155,5
10139,0.5949744,1.199682,0.2878063,1.369695
10140,0.2786277,1.440002,0.4048223,1.521552
10141,0.2728032,1.435219,0.4090093,1.517091
10142,0.3649175,1.42212,0.3764064,1.515675
10143,0.5466933,1.424208,0.5853586,1.633978
10144,0.5660154,1.075566,0.3328644,1.260165
10145,0.08445801,1.223226,0.0763281,1.228511
10146,-0.1052065,0.8950967,0.3425365,0.9641565
10147,0.07851253,1.223586,0.0758744,1.228448
10148,0.3645036,1.421303,0.3749393,1.514445
10149,4.388599,0.483363,2.346606,5
10150,0.383547,-4.634793,1.836188,5
10151,1.5557,-3.26934,-3.448364,5
10152,4.400281,0.4713378,2.327094,5
10153,-3.994554,3.006795,-0.05222562,5
10154,1.88764,4.366193,-1.540512,5
10155,3.678625,0.7793335,3.295505,5
10156,0.71386,1.163958,0.4700213,1.444062
10157,0.2765088,1.298341,0.002864284,1.327462
10158,0.6480345,1.3741,0.01584424,1.519325
10159,0.5369352,0.951336,0.2548508,1.121735
10160,0.3196633,1.488887,0.3008083,1.552242
10161,0.1753848,1.391404,0.1746246,1.413244
10162,0.5356335,0.9518685,0.253047,1.121156
10163,0.07345948,1.442877,0.3927592,1.497181
10164,0.2053901,1.252234,0.4809706,1.357059
10165,0.2047921,1.253958,0.485308,1.360101
10166,-0.5022913,2.605465,4.237836,5
10167,3.45635,-1.762268,3.154054,5
10168,-0.3743899,0.3979477,0.3239222,0.6351817
10169,2.297847,0.2666573,1.493757,2.753637
10170,2.29193,0.260069,1.497128,2.749904
10171,2.467773,-0.4419013,1.531371,2.937733
10172,2.467278,-0.4460347,1.527934,2.936152
10173,2.17195,-0.2691067,1.223474,2.507324
10174,2.17747,-0.2675861,1.222754,2.511594
10175,2.277034,1.066717,0.7093212,2.612643
10176,2.271816,1.065705,0.7104768,2.607998
10177,-2.460026,-4.150444,-1.312285,5
10178,-4.62812,1.877733,0.2337064,5
10179,-0.9047133,3.59084,3.359667,5
10180,0.06044471,1.602073,0.08886481,1.605674
10181,0.5825344,1.375957,0.4474055,1.559736
10182,0.955926,1.274052,0.04501131,1.593433
10183,0.3763038,1.553241,-0.05889753,1.59926
10184,0.2939091,1.383645,-0.2562902,1.437547
10185,0.2938046,1.383584,-0.2562492,1.43746
10186,0.3818777,1.551907,-0.05775432,1.599244
10187,0.2636611,1.58638,0.159969,1.616079
10188,0.4053889,1.416666,-0.004772037,1.473535
10189,0.1843408,1.327644,0.1721281,1.351388
10190,0.8319764,1.805168,-0.2241807,2.000269
10191,0.9078425,1.276856,0.5411164,1.657512
10192,1.395141,3.488501,3.299083,5
10193,4.794569,0.09608041,1.415229,5
10194,1.476126,4.344462,1.986631,5
10195,0.06523015,3.357839,3.704142,5
10196,3.31699,1.915705,3.213666,5
10197,2.374002,1.196059,4.234803,5
10198,-0.2751695,-2.354339,4.402428,5
10199,-1.56795,-1.608806,4.466908,5
10200,-0.4179876,0.1513506,0.1211426,0.4607561
10201,-0.4152502,0.15331,0.1211466,0.4589261
10202,-0.2891428,0.3726732,0.2192836,0.5201675
10203,-0.4224757,0.2626078,0.04303197,0.4992999
10204,-0.4223271,0.2626512,0.04294181,0.4991892
10205,2.545444,1.11592,0.585857,2.840385
10206,3.722206,-0.06356779,1.863035,4.162903
10207,2.738698,-1.178774,2.042205,3.613942
10208,2.96371,-0.2078016,1.568841,3.359765
10209,2.779606,1.16025,0.6159357,3.074372
10210,3.308261,-0.746895,1.669456,3.780149
10211,2.967985,-0.2065895,1.570723,3.36434
10212,2.551024,1.115091,0.5894194,2.845798
10213,3.128151,-1.122292,0.6537024,3.387063
10214,2.862907,-0.8151039,1.7622,3.459188
10215,3.30606,-0.7446573,1.663088,3.774971
10216,2.775088,1.159909,0.6198594,3.070949
10217,3.00993,0.1861924,2.191104,3.727638
10218,-4.684705,-1.370334,1.084307,5
10219,1.694904,-3.516752,3.12406,5
10220,-4.124517,-1.515038,2.386004,5
10221,-2.819038,-0.7936431,4.052549,5
10222,-0.5941555,0.1321592,1.482297,1.602401
10223,-0.5341954,-0.04130965,1.133444,1.253701
10224,-0.5200412,0.008557163,1.255035,1.358539
10225,-0.5195218,0.09071083,1.255327,1.361609
10226,-2.099788,-1.240618,4.364832,5
10227,-2.097536,-1.246386,4.364272,5
10228,0.2236522,1.172021,0.05146779,1.194279
10229,0.2826724,0.9975505,0.06781067,1.039042
10230,0.3683755,1.085757,0.06240581,1.148243
10231,0.3902435,1.101018,0.04867311,1.169145
10232,0.4026052,1.089229,0.06298733,1.162961
10233,4.857984,0.3851667,1.062826,4.987781
10234,1.97831,1.171214,4.440107,5
10235,4.711522,-1.511042,0.6839423,4.994944
10236,2.218197,-3.759739,2.316123,4.941707
10237,4.858007,0.3848682,1.062831,4.987782
10238,2.090818,-0.4492381,4.293607,4.796707
10239,4.267085,-2.351146,-1.124323,5
10240,-0.422581,0.6485942,0.09950738,0.7804812
10241,-0.5703261,0.2567891,0.02106506,0.6258245
10242,-0.4702179,0.4326429,-0.01707162,0.6391996
10243,-0.5675782,0.2586582,0.01956485,0.6240448
10244,-0.4756883,0.3453037,-0.06845594,0.5917772
10245,-0.3862123,0.228231,0.1091271,0.4616905
10246,-0.7025087,0.5140966,0.2032712,0.8939424
10247,-0.4831787,0.5738567,0.09839807,0.7566078
10248,-0.4813316,0.5730345,0.09506781,0.7543783
10249,2.229027,-1.655655,4.158154,5
10250,3.792439,0.4397226,0.8538862,3.912169
10251,4.41282,0.2692204,1.414274,4.641727
10252,4.412569,0.2689884,1.41466,4.641593
10253,3.81776,0.4927575,0.009760053,3.849442
10254,3.561164,0.3635666,0.9707692,3.708971
10255,4.429247,0.01822482,-0.03405498,4.429415
10256,3.271638,0.8567362,0.421416,3.408109
10257,0.589785,-4.912092,0.7235368,5
10258,-1.061765,3.779506,3.096447,5
10259,2.949875,-0.5969667,-3.992727,5
10260,3.460688,-0.5280324,3.569989,5
10261,-0.4063324,0.1129847,1.411801,1.47345
10262,-0.2904921,-0.07523439,1.240342,1.276124
10263,-0.1862868,-0.0646437,1.359306,1.373534
10264,-0.4751434,-0.104226,1.286232,1.375143
10265,-0.4066412,-0.07701837,1.411575,1.470997
10266,-0.4748623,0.1079762,1.286572,1.375653
10267,-0.2826113,-0.009303915,1.422364,1.450198
10268,0.1912367,0.9699159,4.901295,5
10269,0.194636,0.9702814,4.901089,5
10270,1.311797,-4.817558,-0.2651891,5
10271,-0.554907,0.3263834,0.008028751,0.6438263
10272,-0.4308597,0.4630957,0.09849031,0.6401547
10273,-0.2909931,0.6623925,0.08962215,0.7290219
10274,-0.5622947,0.4687881,0.1110817,0.7404571
10275,-0.3839891,0.6578124,0.06974412,0.7648719
10276,-0.3582141,0.6004025,-0.03784307,0.7001662
10277,3.647746,0.08186866,0.09624917,3.649934
10278,3.519129,-0.06627325,0.4824981,3.55267
10279,4.127351,0.5196626,1.375722,4.381516
10280,4.126522,0.5229305,1.375181,4.380954
10281,4.871842,0.4943634,0.2523524,4.903358
10282,4.281383,-0.654515,1.271722,4.513968
10283,3.654964,1.105201,0.613856,3.867435
10284,3.862939,0.4587106,-0.2144148,3.895983
10285,3.860799,0.4586287,-0.208732,3.893543
10286,3.518449,-0.06822848,0.4855091,3.552444
10287,4.758955,0.5187119,0.4520864,4.80844
10288,3.647793,0.08137606,0.09654946,3.649977
10289,4.872143,0.4936977,0.2524063,4.903593
10290,4.280791,-0.6543245,1.27202,4.513463
10291,-1.321799,-1.081539,4.699268,5
10292,2.478225,-3.879545,-1.951288,5
10293,4.54087,-1.223676,-1.697973,5
10294,-0.279064,-0.1016686,1.457741,1.487691
10295,-0.2450489,0.01006757,1.469152,1.489482
10296,-0.3205352,0.0304296,1.476254,1.510959
10297,-0.3081356,0.02607826,1.439874,1.472707
10298,-0.3038647,-0.05886748,1.43572,1.468704
10299,-0.2961156,0.0923927,1.509499,1.541041
10300,2.40538,-3.514826,2.619188,5
10301,2.47994,-3.881246,-1.94572,5
10302,-0.7006177,0.2174807,-0.1236866,0.7439499
10303,-0.2557667,0.8448797,0.0460704,0.8839461
10304,-0.5886741,0.4652988,-0.1112401,0.7585608
10305,-0.4864261,0.4736455,0.05655764,0.681285
10306,-0.6203257,0.5055124,0.08910127,0.805162
10307,-0.4767676,0.7371277,-0.003188615,0.8778809
10308,-0.2107968,0.8498404,0.1148956,0.8830997
10309,0.1702675,4.674606,1.766087,5
10310,4.615113,0.503387,0.4955697,4.66886
10311,4.350857,0.9922812,0.1912911,4.466673
10312,4.260059,0.6559613,0.1797439,4.314012
10313,4.007391,0.376076,0.3268998,4.038252
10314,4.007199,0.3750263,0.326843,4.037959
10315,4.031076,0.4327958,0.1873125,4.058568
10316,3.530508,0.4734342,0.1392485,3.56483
10317,3.533774,0.4745279,0.1368623,3.568118
10318,4.011093,2.187174,-0.08716588,4.569485
10319,4.387216,0.5291716,0.5686015,4.455446
10320,-2.163454,-2.722205,-3.592919,5
10321,3.133737,-2.33837,-3.116363,5
10322,-0.2955173,0.04873232,1.494815,1.524526
10323,-0.3851611,-0.04445708,1.588516,1.635148
10324,-0.3878959,0.01623258,1.572865,1.620072
10325,-0.3447718,-0.05756996,1.577603,1.615863
10326,-0.4425211,0.0556534,1.534159,1.597675
10327,-0.1802162,0.0255776,1.579405,1.589859
10328,3.82048,-3.223844,-0.1037222,5
10329,0.5242751,3.066544,3.914261,5
10330,-0.2980525,0.6876156,0.09019303,0.7548413
10331,-0.3185856,0.9912874,-0.03577508,1.041838
10332,-0.7371463,0.5381881,-0.03529996,0.9133877
10333,-0.3775193,0.9817508,0.04646791,1.05286
10334,-0.6510051,0.7095056,0.03799986,0.9636648
10335,-0.4044645,0.8050665,0.02396948,0.9012758
10336,-0.1301502,1.109144,-0.1274307,1.124001
10337,-0.09558153,1.049592,-0.04577247,1.054928
10338,-0.7365914,0.5377052,-0.03192759,0.9125312
10339,-0.392374,0.9822416,0.05704833,1.05925
10340,0.1963799,2.981242,-4.009193,5
10341,4.116855,-0.1514639,0.161745,4.122814
10342,3.850176,0.03686383,0.281403,3.860621
10343,3.92635,0.5783516,0.456836,3.994924
10344,3.8945,0.2812767,0.1195447,3.906474
10345,4.056537,0.3417804,0.05789654,4.071321
10346,4.001479,0.1663719,0.1590534,4.008093
10347,4.055506,0.3417366,0.05808617,4.070293
10348,3.974217,0.4972318,0.3023195,4.016595
10349,4.901074,0.501588,-0.08112977,4.927342
10350,3.763087,0.2813331,0.0689676,3.774219
10351,4.482879,0.1434865,0.2390363,4.491539
10352,4.907923,0.9454312,-0.1358486,5
10353,4.325984,0.007376042,0.1076152,4.327329
10354,4.327589,0.002861375,0.1078756,4.328934
10355,-0.1506819,4.839641,1.247064,5
10356,-3.397378,3.534158,-0.9836406,5
10357,-3.576114,-3.436302,0.6350064,5
10358,-0.4436249,0.09721525,1.670375,1.731013
10359,-0.4620444,-0.1046288,1.697894,1.762747
10360,-0.3820499,0.02845944,1.779066,1.819848
10361,-0.5162817,-0.008842028,1.650936,1.729802
10362,-0.5203248,-0.05327961,1.631404,1.713201
10363,-0.4357338,0.1170374,1.705595,1.76426
10364,2.11919,-0.7399527,-4.46783,5
10365,3.360992,-2.785803,2.437834,5
10366,-0.0220968,1.259234,0.03791551,1.259998
10367,-0.129713,1.288833,0.0420455,1.296026
10368,0.09088457,1.298827,0.0390927,1.30259
10369,-0.030229,1.24969,0.04444316,1.250845
10370,-0.02848058,1.268342,0.03802002,1.269231
10371,0.004382011,1.220888,0.0216229,1.221087
10372,4.990575,0.264577,0.1476655,4.999765
10373,-0.1268467,4.88234,1.017284,4.988808
10374,4.986761,0.3636176,4.674923E-10,5
10375,4.081183,0.481982,0.3404052,4.12362
10376,3.677476,-0.5215214,0.3154896,3.727646
10377,4.791929,1.398557,-0.2854114,5
10378,4.907929,-0.1330838,0.3114078,4.9196
10379,3.293811,0.1792506,0.1569895,3.302418
10380,4.240014,-0.1854018,-0.0628653,4.244531
10381,3.749861,0.713349,0.02490289,3.817191
10382,3.912629,-0.008649418,0.135227,3.914975
10383,4.962247,0.6014234,0.1199904,5
10384,-2.711589,0.5777594,-4.160947,5
10385,-0.3309568,0.08137438,1.895044,1.925447
10386,-0.3829098,0.07373557,1.847252,1.887961
10387,-0.3826881,0.06171018,1.846285,1.886538
10388,-0.2402002,-0.07523067,1.860487,1.877437
10389,-0.3018627,-0.04728811,1.713179,1.740212
10390,-0.336658,-0.07263903,1.862166,1.893747
10391,3.344508,-1.971946,3.150507,5
10392,0.4451422,-3.595462,-3.44594,5
10393,3.626622,0.1191548,-0.6056487,3.678776
10394,3.524753,-0.5885593,-0.1522379,3.576795
10395,3.891923,-0.05393639,0.2357319,3.899429
10396,4.237821,-0.1540451,-0.4262819,4.261992
10397,4.190269,-0.498928,-0.2015369,4.224677
10398,4.238769,-0.2284878,-0.7053708,4.303129
10399,4.095107,0.2374729,0.2108349,4.107401
10400,4.054021,0.7527055,0.1184318,4.125006
10401,3.589158,1.464463,0.05889666,3.876877
10402,1.684323,-2.119755,4.203534,5
10403,-2.934058,-0.6000482,4.003904,5
10404,-0.3203207,-0.09704359,1.920461,1.949408
10405,-0.2717172,-0.07615026,1.732209,1.755044
10406,-0.2588421,0.02830947,2.039865,2.056417
10407,-0.3503944,-0.03131209,1.817421,1.851155
10408,-0.351575,-0.02665458,1.817284,1.851171
10409,-0.3138346,-0.07052911,1.771182,1.800154
10410,-0.3688352,0.0225194,1.912982,1.948345
10411,-0.4042686,-0.02826785,2.032047,2.072063
10412,-0.2364368,-0.04694343,1.902996,1.918202
10413,-1.501807,0.0158709,0.4968227,1.581932
10414,-1.501817,-0.09677465,0.4963267,1.584664
10415,4.210424,2.537609,0.673743,4.961962
10416,4.210863,2.53828,0.6715063,4.962373
10417,4.589585,1.084897,1.660936,5
10418,3.541823,2.517971,2.472916,5
10419,3.707771,0.1167368,-0.1929396,3.714622
10420,3.628002,0.5116644,-0.05569992,3.664329
10421,3.40156,0.2739398,-0.2078808,3.418898
10422,3.582506,0.1268351,-0.7341181,3.659149
10423,3.702362,0.1165266,-0.1979675,3.709482
10424,3.541106,1.477246,-0.1074556,3.83839
10425,4.028697,0.6967562,-0.2278772,4.09485
10426,3.521958,0.001034569,0.1925992,3.52722
10427,4.282492,-0.2560317,-0.3412269,4.303688
10428,4.045612,-0.1059145,-0.0770201,4.047731
10429,4.83942,-0.7756584,-0.9891276,5
10430,-0.1514132,-0.05868805,2.109113,2.115355
10431,-0.1989203,0.009592147,2.041845,2.051534
10432,-0.3300591,-0.03330629,1.962206,1.99005
10433,-0.2753408,0.02916184,2.09323,2.111463
10434,-0.3292977,0.03687988,1.96305,1.99082
10435,-0.2028757,0.008552132,2.032279,2.042397
10436,-1.145678,0.003001536,0.7042158,1.344808
10437,-1.315101,-0.03393313,0.6051927,1.448068
10438,-1.314398,0.02819836,0.6050474,1.447246
10439,-1.657297,-0.07340876,0.4612519,1.721853
10440,-1.554281,-0.07163759,0.8170406,1.757406
10441,-1.409773,-0.05644251,0.6940389,1.572366
10442,-1.655613,-0.08018991,0.4621128,1.720765
10443,-1.551101,-0.02455556,0.8160943,1.752862
10444,1.219723,0.1214425,-1.675797,2.07624
10445,1.222664,0.1182803,-1.6744,2.076659
10446,1.277727,0.123627,-1.672748,2.108544
10447,3.636634,2.049337,0.3354377,4.187769
10448,3.468132,1.715234,0.1745248,3.873038
10449,3.449995,2.238205,0.4876695,4.141237
10450,3.842706,1.872736,0.7214441,4.335206
10451,-1.792094,-1.062196,4.545343,5
10452,3.871094,-2.796692,-1.480929,5
10453,3.486866,-0.2199535,0.3746309,3.513825
10454,4.101059,0.39723,-0.160901,4.123393
10455,3.86864,0.1348042,-0.3066258,3.883113
10456,3.233489,0.09405445,0.1373963,3.237773
10457,3.003381,0.2389978,-0.2322861,3.021816
10458,3.932176,0.08813628,-0.2035352,3.938426
10459,3.778436,0.135223,0.04031625,3.78107
10460,3.491298,-0.2890243,-0.3863561,3.524481
10461,3.594906,-0.2961887,-0.1847041,3.611813
10462,3.473527,0.05349364,0.193203,3.479308
10463,3.432404,-0.2606995,0.228215,3.449847
10464,3.867774,0.8460088,-0.2930096,3.970045
10465,4.071347,1.178067,-0.1779426,4.242095
10466,-4.620863,1.505409,1.175316,5
10467,-3.256974,0.3574532,-3.776817,5
10468,-0.4240017,0.5658945,-0.02010441,0.7074024
10469,-0.29498,0.4476477,-0.121353,0.5496619
10470,-0.2992613,0.4483092,-0.1227909,0.5528255
10471,-0.2388545,0.3375728,-0.07453813,0.4201938
10472,-0.3469757,0.5916517,-0.0211501,0.6862152
10473,-0.353651,-0.0186386,2.122935,2.152271
10474,-0.3155764,0.04680798,2.259883,2.282291
10475,-0.4942073,0.02553119,1.990283,2.050883
10476,-0.1833838,0.02892619,2.127385,2.13547
10477,-0.3843754,-0.0411272,2.047537,2.083709
10478,-0.2250025,-0.01256423,2.07951,2.091685
10479,-0.3275498,0.01919661,2.111074,2.13642
10480,-1.07659,-0.04264786,0.8819898,1.392397
10481,-1.117667,-0.08141017,0.797063,1.375179
10482,-0.6610621,0.03844841,1.26845,1.43089
10483,-0.6596241,0.04288055,1.271684,1.433221
10484,-1.423993,-0.04893512,1.187918,1.855074
10485,1.225068,-0.2623688,-1.635922,2.060551
10486,1.217347,-0.1940927,-1.632683,2.045791
10487,1.221256,-0.2580404,-1.638169,2.059526
10488,4.205981,1.932632,0.2379222,4.634862
10489,3.670384,2.048839,0.6159917,4.2484
10490,3.789104,1.884132,0.326641,4.244285
10491,3.517555,1.76231,0.5143758,3.967809
10492,3.518379,1.76436,0.5060875,3.968386
10493,3.614179,1.405008,0.3900139,3.897236
10494,-2.731642,2.614993,-3.271078,5
10495,4.94725,-0.06679019,0.7212855,5
10496,3.494992,-0.01184787,-0.07863994,3.495896
10497,3.495854,-0.01248139,-0.08081549,3.496811
10498,3.480426,0.7102636,-0.09557391,3.553446
10499,3.543632,0.02623356,0.1456752,3.546722
10500,2.644793,0.8725307,0.1869767,2.791272
10501,3.236827,0.623428,-0.1192268,3.298474
10502,3.543667,0.02987787,0.1445231,3.546739
10503,3.604342,-0.09112512,0.04442399,3.605768
10504,3.020049,0.08129158,0.003107343,3.021145
10505,3.342533,0.6377104,-0.02500336,3.402915
10506,3.516878,0.0881451,-0.1262944,3.520249
10507,2.741258,1.463861,0.1428577,3.110915
10508,3.034546,0.6810398,-0.1482827,3.113563
10509,4.925274,0.2818865,-0.8137637,5
10510,3.54078,-1.000815,3.385446,5
10511,4.478819,-1.437808,1.69496,5
10512,-0.3043488,1.293236,0.001228316,1.328566
10513,-0.1933958,1.086371,0.01096435,1.103505
10514,-0.2705864,1.153731,0.02097489,1.185223
10515,-0.2705769,1.154161,0.02101045,1.18564
10516,-0.1912439,1.089154,0.01092448,1.105871
10517,-0.22531,0.01275718,2.030577,2.043079
10518,-0.3589276,-0.07273808,1.9656,1.999426
10519,-0.2238288,-0.04030237,2.193215,2.204975
10520,-0.2944397,-0.06879432,1.96735,1.990451
10521,3.267469,2.844884,2.496053,5
10522,-0.3464583,-0.02691617,2.17275,2.200363
10523,0.08298467,4.271554,2.597488,5
10524,0.08024283,4.271165,2.598212,5
10525,-0.7956819,0.0662104,2.19816,2.338675
10526,-0.7951583,0.0244618,2.196504,2.33613
10527,-1.123468,-0.01104775,1.4668,1.847649
10528,-0.4134283,-0.04420599,0.6936464,0.8087166
10529,-1.125526,0.007665466,1.463659,1.846393
10530,1.094329,-0.186663,-1.215605,1.646236
10531,1.091412,-0.1867382,-1.210015,1.640179
10532,3.557996,2.104823,0.6702429,4.18794
10533,3.770384,1.061684,0.2576849,3.925477
10534,4.204127,0.8987061,0.4197984,4.319559
10535,3.922519,1.30767,0.04595421,4.135005
10536,3.674991,1.685009,0.4380612,4.066536
10537,3.206993,1.334361,0.2000548,3.479274
10538,3.52861,1.261275,0.1646122,3.750867
10539,3.713819,1.464379,0.5411306,4.028607
10540,3.56655,1.599491,0.3831354,3.927524
10541,3.485839,1.45068,0.2538896,3.784179
10542,3.81119,2.305126,0.6454046,4.500592
10543,-0.6962075,2.786086,4.093045,5
10544,3.596375,1.84073,-2.94581,5
10545,0.01786112,-4.88831,-1.050764,5
10546,1.587354,0.5916753,0.2556757,1.713226
10547,2.702503,0.4461279,-0.1031027,2.741019
10548,1.346053,0.1421116,0.2111061,1.369898
10549,2.804353,0.9014118,0.161963,2.950114
10550,1.309988,0.07252642,0.1756599,1.323701
10551,1.846343,0.2786379,0.2069508,1.878683
10552,1.517004,-0.2550991,0.3518197,1.578022
10553,1.586948,0.5923592,0.2555,1.71306
10554,2.373612,-2.216085,-3.801964,5
10555,1.917053,-3.030985,3.30977,4.880219
10556,0.1938931,-4.749643,1.472742,4.976512
10557,0.09953465,-0.1050981,4.748009,4.750215
10558,0.1435686,-3.618611,3.275095,4.882746
10559,1.112848,-3.144839,3.538231,4.862872
10560,0.06887919,-4.833191,1.214933,4.984028
10561,-0.1135213,0.05725269,1.933338,1.937514
10562,-0.1359561,0.9346915,1.866864,2.092203
10563,-0.6030251,0.05289769,2.122213,2.206859
10564,-0.4018945,0.110541,1.84323,1.889771
10565,-0.287386,-0.02531527,2.186728,2.205677
10566,-0.4408147,0.01055296,2.243814,2.286729
10567,-0.4583826,0.003581856,2.098718,2.148196
10568,-0.3986639,-0.0001744206,2.17972,2.215878
10569,-0.1070534,2.717622,2.170552,3.479688
10570,-0.2372505,-0.06640287,1.707382,1.725066
10571,-0.2392203,-0.0553919,1.706545,1.72412
10572,0.07970351,1.540249,2.634946,3.053139
10573,0.08441579,1.53516,2.636234,3.051814
10574,0.2342129,-0.07036194,1.501714,1.521497
10575,0.4054874,0.04435146,1.644898,1.69472
10576,1.5109,0.1439877,0.305218,1.548131
10577,1.509275,0.1869158,0.3005858,1.550226
10578,0.9695419,0.6306745,1.390132,1.808377
10579,3.876913,0.1093004,3.146621,4.994359
10580,0.9681466,0.629717,1.386938,1.80484
10581,3.875847,0.1307995,3.148489,4.995226
10582,3.248137,1.018241,0.309881,3.418075
10583,3.715063,1.255266,0.3432152,3.936392
10584,3.719681,1.253559,0.3397506,3.939907
10585,3.842459,1.33756,0.1115873,4.070137
10586,3.825994,1.169899,0.4356284,4.024508
10587,3.858806,0.749571,0.04339981,3.931173
10588,0.7657099,4.929108,-0.3429085,5
10589,3.88348,1.521061,2.757709,5
10590,-2.296952,-4.032512,1.860877,5
10591,-3.955615,-2.488768,1.777398,5
10592,-1.336613,-4.818032,0.005502533,5
10593,-0.5468431,0.02911929,2.400795,2.462458
10594,-0.3851826,0.05220883,2.959173,2.984593
10595,-0.5057646,0.07599888,2.481909,2.534057
10596,-0.1886858,2.782373,2.174957,3.536614
10597,-0.3035392,0.004102464,2.733775,2.750578
10598,0.09561058,0.05414186,2.491605,2.494026
10599,-0.3876401,0.4068527,2.645736,2.704758
10600,-0.4447897,0.05599334,2.592609,2.631082
10601,-0.6410394,0.02044401,2.90932,2.979177
10602,1.573365,0.08112793,3.059593,3.44139
10603,0.1257381,0.03930989,2.723927,2.727111
10604,0.132372,-0.1292174,2.701708,2.708034
10605,1.062711,0.01587621,4.885731,4.999998
10606,1.062815,0.01556924,4.885709,4.999997
10607,0.6288809,0.07962052,1.387354,1.525314
10608,3.635706,0.03737282,3.432214,4.999985
10609,0.6310536,0.07918831,1.389196,1.527863
10610,3.687002,1.182526,0.2465051,3.879834
10611,3.773056,1.001604,-0.09975923,3.905011
10612,3.555859,1.311905,0.244099,3.798001
10613,3.697068,1.066126,0.003428352,3.84772
10614,3.642843,1.036854,0.07258244,3.788224
10615,3.366933,0.8514721,0.2355088,3.480906
10616,3.366691,0.8515497,0.2354441,3.480686
10617,2.867935,0.722371,-4.031517,5
10618,-0.1516417,-0.03510309,2.80369,2.808007
10619,-0.1381501,0.04111519,2.713496,2.717322
10620,0.01126916,0.05633971,2.752078,2.752677
10621,-0.1578126,-0.004765791,2.785553,2.790023
10622,-0.0119668,-0.009422625,2.855918,2.855958
10623,-0.1775971,0.01361564,2.727505,2.733315
10624,1.305533,0.05895611,3.812372,4.030146
10625,2.50535,0.2056767,3.231165,4.093838
10626,1.895339,0.06666806,2.216986,2.917496
10627,2.511062,0.2005478,3.228119,4.09468
10628,1.328162,0.06704436,3.806708,4.032312
10629,0.7071333,0.01352912,4.949725,5
10630,0.5119261,0.03519606,4.9736,5
10631,1.847622,0.005890686,4.646101,5
10632,0.7108575,0.0134439,4.949192,5
10633,1.724275,0.07106005,4.692684,4.999946
10634,1.724847,0.07087337,4.692477,4.999946
10635,3.538845,0.7957941,0.05756233,3.627675
10636,3.690168,0.8873507,0.2066191,3.800977
10637,3.535524,0.8062212,0.1765514,3.630578
10638,3.509548,0.8406968,0.1400606,3.611553
10639,3.508466,0.8424956,0.1401835,3.610925
10640,3.47736,1.200343,0.1379563,3.681289
10641,3.847625,0.7723381,-0.1676237,3.927954
10642,3.347965,0.940232,0.1539284,3.48089
10643,3.526285,0.9468662,0.2667376,3.660928
10644,3.350102,0.9407133,0.1594558,3.483325
10645,2.809625,2.313398,3.42844,5
10646,2.952873,-3.641346,-1.738143,5
10647,-4.969054,0.0312477,-0.5545487,5
10648,-0.8047013,4.839207,-0.966714,5
10649,0.04346743,0.1674265,2.66844,2.674041
10650,0.1483135,0.05603368,2.504112,2.509126
10651,0.05378276,0.007648086,2.783763,2.784293
10652,0.2967038,0.0124313,2.608102,2.624954
10653,0.04256608,0.06779079,2.668708,2.669908
10654,0.1328416,0.03590944,2.704333,2.707832
10655,1.39408,0.4375882,4.528562,4.758447
10656,1.77413,0.08324834,3.210279,3.668836
10657,2.193413,0.02160755,4.493158,5
10658,3.542274,-0.004575944,2.811669,4.522522
10659,1.410204,0.02889625,3.06193,3.371191
10660,1.362974,3.092537,3.612523,4.946898
10661,1.362868,3.095122,3.610802,4.947229
10662,2.276783,0.1102558,4.450032,4.999868
10663,1.659024,0.5729029,4.681818,5
10664,1.921997,0.04536066,4.615612,5
10665,2.008113,0.02958634,4.57893,5
10666,0.8765848,-0.1193537,4.921113,5
10667,3.796974,0.8805966,-0.1483768,3.900574
10668,3.798223,0.8788891,-0.1505643,3.901489
10669,3.456876,0.6397051,0.06012288,3.516082
10670,3.110805,0.8352963,-0.04184936,3.22127
10671,3.721581,0.8688579,0.3222574,3.835222
10672,3.218307,0.674522,0.1525147,3.291769
10673,3.267489,0.9677956,0.1772411,3.412408
10674,3.217618,0.7867755,-0.000898205,3.312413
10675,3.508819,0.8772504,0.08036783,3.617712
10676,3.023614,1.026648,-0.01654521,3.193199
10677,3.329226,0.7524825,-0.1051815,3.414827
10678,4.880252,-0.948953,-0.5316231,5
10679,0.5336931,1.288888,4.801452,5
10680,-2.700824,-2.886428,3.061713,5
10681,-0.3870858,1.050072,-0.01773769,1.119286
10682,-0.3889327,1.044778,-0.02151124,1.11503
10683,-0.1000307,0.9404321,-0.04139133,0.9466425
10684,-0.09913153,0.9436006,0.04580739,0.9498987
10685,-2.454579,3.645617,-2.384223,5
10686,-2.09147,2.042249,4.056473,5
10687,0.2605503,0.02054448,2.776014,2.78829
10688,0.2997909,0.05013094,2.849473,2.865639
10689,0.2596792,0.02048111,2.777108,2.789298
10690,0.2989721,0.04966661,2.836153,2.8523
10691,0.4889498,0.0420392,2.770279,2.813412
10692,0.398753,0.004077918,2.61199,2.642256
10693,0.3073341,0.05124697,2.70474,2.722627
10694,0.3125381,0.05229835,2.702807,2.721319
10695,4.199545,0.1461016,2.7097,5
10696,4.67265,1.124233,1.379289,5
10697,4.269896,1.031533,2.388291,5
10698,1.699831,-0.07005083,4.701666,5
10699,1.644284,0.3077244,4.710775,4.998977
10700,1.180125,0.1817196,4.854968,4.999643
10701,2.20639,0.2973779,4.47592,4.999044
10702,3.702728,0.4824443,3.321432,4.997485
10703,2.503827,2.329686,3.5661,4.941018
10704,2.258431,0.6233692,0.141031,2.347124
10705,2.260501,0.6288214,0.1410493,2.350569
10706,2.470283,0.6472819,0.1314714,2.55706
10707,2.082371,0.8508022,0.09815997,2.251615
10708,2.101758,0.914452,0.09328006,2.293972
10709,2.082517,0.8462336,0.09812627,2.250026
10710,2.296476,0.6459552,0.160997,2.391021
10711,1.992486,0.8284037,0.1278801,2.161622
10712,2.266787,0.9292209,0.1177487,2.45268
10713,1.744847,-1.464784,4.228292,4.802971
10714,0.5052643,-0.5284147,4.698947,4.755483
10715,2.129552,-4.521533,-0.1440183,5
10716,1.444792,4.128894,2.421737,5
10717,0.906449,0.06656278,2.883309,3.02317
10718,0.9010264,0.06404394,2.878149,3.01657
10719,0.8036271,0.04324827,2.772214,2.886669
10720,0.7973684,0.04425932,2.582823,2.703466
10721,2.766498,2.141938,3.571917,5
10722,4.850809,0.3605585,1.151351,4.998595
10723,2.710192,1.705731,3.839966,5
10724,3.78184,-1.619732,2.841506,5
10725,0.6951531,4.236501,2.151708,4.80219
10726,1.863343,4.281093,1.10462,4.797915
10727,1.234072,4.172894,2.045196,4.808202
10728,2.186635,-1.854297,4.096365,5
10729,1.255213,4.080368,2.230773,4.816774
10730,0.4170994,-0.1472761,0.386869,0.5876476
10731,-3.937388,0.8178902,-2.971201,5
10732,-0.05734343,-2.108878,4.533139,5
10733,-4.209455,-2.331894,1.357483,5
10734,-3.140762,1.548424,3.569033,5
10735,3.7152,0.2631812,-3.33587,5
10736,1.23167,0.03242041,2.314711,2.622203
10737,1.199519,0.05316851,2.725145,2.977934
10738,1.358716,0.03005044,2.562304,2.900416
10739,0.9920377,0.03008364,2.498365,2.688284
10740,0.8399002,0.02202722,2.321333,2.468705
10741,0.8028492,0.05610942,2.779209,2.893392
10742,0.8642625,0.008840752,2.428453,2.577676
10743,0.7685775,0.02340958,2.531524,2.645727
10744,3.648194,0.7838625,3.318111,4.993358
10745,3.76863,0.672971,3.208677,4.995105
10746,1.413402,-2.93785,3.790954,5
10747,3.672547,0.3472817,3.373242,4.998697
10748,2.5145,0.5812568,4.278192,4.996348
10749,0.3814985,4.37638,1.905946,4.788619
10750,1.949918,3.588374,2.632548,4.858901
10751,2.41455,2.870018,3.306501,5
10752,1.855177,3.045491,3.358763,4.898774
10753,2.691619,2.65472,3.153773,4.923275
10754,1.215977,-1.675404,4.55131,5
10755,1.227936,-1.67757,4.5473,5
10756,1.958329,3.957735,1.951687,4.827816
10757,1.286876,3.934777,1.248189,4.323945
10758,1.783892,3.473963,0.8076915,3.987864
10759,1.785885,3.472872,0.8067142,3.987607
10760,1.452028,3.571705,0.840898,3.946209
10761,2.226931,-1.926181,-4.041114,5
10762,1.472855,0.03406056,2.246457,2.686453
10763,1.471216,0.03411096,2.246375,2.685487
10764,1.484913,0.05729792,1.833471,2.360056
10765,1.484508,0.0572554,1.835204,2.361147
10766,1.325483,0.0006781401,2.110447,2.492166
10767,1.320051,0.0006672275,2.103132,2.483083
10768,1.741557,0.008919506,2.024797,2.67075
10769,1.73767,0.008905082,2.023285,2.667069
10770,3.726202,1.252822,3.062074,4.983015
10771,2.366151,2.924459,3.293761,5
10772,3.591682,1.315607,3.190927,4.981266
10773,2.987876,0.7186574,3.937047,4.994418
10774,2.226192,0.6547596,4.423691,4.995367
10775,2.322597,3.258423,2.800215,4.883951
10776,1.081351,3.489645,3.215194,4.866663
10777,0.6871701,4.238734,2.561432,5
10778,-0.1373777,2.710286,4.103888,4.920002
10779,3.352412,2.656375,2.437762,4.923178
10780,1.724155,2.062187,4.16116,4.953845
10781,0.9801809,2.368501,4.221778,4.939024
10782,0.5887563,-2.221724,4.440418,5
10783,0.5881296,-2.221921,4.440402,5
10784,2.967574,0.6697891,0.01630263,3.042265
10785,2.972779,0.6686492,0.01363174,3.04708
10786,3.099591,1.016329,0.3042445,3.276119
10787,3.094872,1.016387,0.3061586,3.27185
10788,0.652329,-3.399906,-3.607646,5
10789,-0.2119319,0.8757019,0.04099799,0.9019145
10790,0.0191638,0.7147009,0.05612083,0.717157
10791,-0.05513283,0.7041677,-0.01671281,0.7065204
10792,0.0211091,0.7204945,0.004085898,0.7208152
10793,-0.2099229,0.8757995,0.04298908,0.9016321
10794,-4.719598,-1.064113,1.262163,5
10795,1.795869,0.09577528,1.721939,2.489858
10796,1.79477,0.09572027,1.721717,2.48891
10797,2.07832,0.09373131,1.869987,2.797329
10798,2.07687,0.09374628,1.875449,2.799908
10799,1.894506,0.04894278,2.189905,2.896072
10800,2.027993,0.08085138,1.907944,2.785595
10801,0.754553,3.202136,3.765233,5
10802,2.377728,0.8498905,4.306514,4.99219
10803,3.316561,2.213769,2.927491,4.946772
10804,2.258139,3.612383,2.332753,4.856979
10805,2.462169,3.527122,2.270051,4.863743
10806,0.6866181,2.067906,4.448635,4.953588
10807,2.379041,2.255589,3.775247,5
10808,2.057856,4.097451,1.994022,5
10809,4.803409,-0.9676475,0.9954496,5
10810,2.78997,1.776344,3.704023,4.965794
10811,2.74047,1.525422,3.893959,5
10812,1.151177,1.906913,4.43234,4.96056
10813,2.019761,2.77834,3.516741,4.9159
10814,1.536308,2.072089,4.228754,4.953398
10815,1.941891,3.972961,1.455917,4.655647
10816,0.9865811,-4.314135,2.326994,5
10817,0.6181981,-2.507583,4.281338,5
10818,1.057216,1.079474,4.766238,5
10819,1.788882,1.404797,2.045384E-05,2.274545
10820,2.248857,1.234518,-0.0006239327,2.565422
10821,2.717611,1.042706,0.01132289,2.910802
10822,1.982874,0.9816611,0.01274144,2.212602
10823,2.252869,0.8991473,0.0200775,2.425755
10824,1.683228,1.321243,0.001867911,2.139846
10825,2.102391,1.450499,0.03615459,2.554467
10826,4.796231,-1.411564,0.05744508,4.999964
10827,-2.0953,-4.456019,0.8247007,4.992647
10828,3.749024,-2.932504,1.454848,4.977081
10829,-3.134924,-3.87224,0.4008191,4.998264
10830,-3.171804,3.374016,-1.885651,5
10831,2.34945,0.1757317,1.777581,2.951371
10832,2.075631,0.1342059,1.295364,2.450352
10833,1.923277,0.09844822,1.456533,2.414576
10834,2.316748,0.09991806,1.44554,2.732562
10835,1.931381,0.09851117,1.448154,2.416007
10836,2.34915,0.1756769,1.769435,2.94623
10837,1.281228,2.644634,3.950794,4.92386
10838,2.475365,1.259463,4.137022,4.982834
10839,4.200755,0.5418779,2.651095,4.996827
10840,-4.896736,0.8448226,0.480777,4.992283
10841,4.710157,1.203463,1.099831,4.984329
10842,4.217344,1.639269,2.058276,4.970885
10843,2.662627,3.295887,2.423634,4.881235
10844,-3.405246,0.6567207,3.601808,5
10845,1.84587,1.300653,4.44053,4.98169
10846,-0.1171352,-3.249331,3.798438,5
10847,-3.354044,-3.186466,1.89653,5
10848,0.9273931,4.604533,1.714124,5
10849,3.289721,-1.530643,3.440184,5
10850,3.42607,1.913495,-3.09848,5
10851,0.6772993,-0.7158386,-1.8105,2.061327
10852,2.58644,0.1215892,1.178499,2.844875
10853,2.394124,0.107818,1.087268,2.631654
10854,2.588032,0.1215586,1.18715,2.849914
10855,2.746071,0.1411003,1.803927,3.288612
10856,2.60507,0.1202016,0.4934139,2.654109
10857,2.606043,0.1201783,0.4880519,2.654072
10858,2.739063,0.1410997,1.805877,3.283834
10859,2.707636,0.1530128,2.172274,3.474691
10860,2.70303,0.1529797,2.17512,3.472884
10861,4.250733,0.6460987,2.543369,4.995488
10862,2.905775,3.62109,-1.423942,4.856278
10863,-1.397623,0.8398818,-4.718585,4.992373
10864,4.433174,0.5695593,-2.233278,4.996494
10865,3.282946,3.042027,-1.992136,4.899007
10866,4.425285,1.531404,1.678777,4.974599
10867,0.1977634,0.7761241,0.9776126,1.263806
10868,0.1947479,0.776283,0.9725094,1.259491
10869,-4.62185,-1.880619,-0.3190328,5
10870,0.2499761,-3.640577,3.418144,5
10871,4.05865,0.9955751,2.745213,5
10872,2.901009,3.862121,-1.291575,5
10873,-1.538576,-1.048856,4.640333,5
10874,-1.527071,-1.057455,4.642181,5
10875,2.436018,-2.095994,3.830487,5
10876,3.390405,3.448677,-1.269561,5
10877,3.320207,0.1289915,1.05347,3.485716
10878,3.011088,0.1602793,1.37938,3.315875
10879,3.32229,0.1290316,1.059168,3.489426
10880,-1.2038,4.74062,-1.037975,5
10881,-0.2789526,3.714536,-3.103834,4.848648
10882,3.633344,1.022246,-3.262044,4.988698
10883,-1.521013,3.175735,3.549821,5
10884,3.54864,2.682482,2.105724,4.921649
10885,1.964487,-2.172213,4.052442,5
10886,1.113845,0.6774418,0.8766094,1.570994
10887,1.018804,0.2239013,0.9750868,1.427896
10888,1.117672,0.679933,0.8726525,1.572584
10889,1.057053,0.2632208,1.371262,1.751287
10890,0.7894633,0.8321434,0.7794726,1.386828
10891,1.015053,0.222515,0.9702514,1.421701
10892,0.7866641,0.8311215,0.7815055,1.385768
10893,2.756268,3.464422,2.323955,5
10894,3.932806,-3.087293,-0.04074074,5
10895,1.690678,-2.533601,3.965158,5
10896,0.5147977,3.571545,3.461076,5
10897,1.374492,0.2122853,2.252117,2.646946
10898,1.311027,0.1676165,1.709879,2.161151
10899,0.7907912,0.2044853,1.441705,1.657008
10900,3.433799,0.02010229,3.150106,4.659887
10901,0.7426326,0.2087487,1.495509,1.682744
10902,0.3661183,0.02493786,1.883367,1.918785
10903,2.085478,0.622529,1.060455,2.421018
10904,0.8572328,2.282322,4.226019,4.87884
10905,1.372486,0.2119095,2.253702,2.647224
10906,3.43271,0.02005392,3.153934,4.661674
10907,2.299691,0.1235109,3.196493,3.939721
10908,2.310155,-0.1125815,2.680613,3.540505
10909,0.2182152,0.08545689,2.523846,2.534703
10910,0.2590863,-0.05452153,1.642468,1.66367
10911,2.50518,0.1385409,3.57707,4.369273
10912,0.8573796,0.6542265,4.877566,4.995374
10913,4.43816,1.913805,1.115526,4.960273
10914,2.512018,3.26764,-2.618926,4.883286
10915,4.242485,-0.2773645,-2.631424,5
10916,3.667676,3.05301,-1.10468,4.898268
10917,1.958404,3.260989,-3.062968,4.883766
10918,1.13303,4.581317,0.6784655,4.767866
10919,4.967199,0.5582345,0.1237102,5
10920,-1.518051,2.211754,4.156343,4.946869
10921,0.4258046,4.415569,1.793066,4.784731
10922,2.313449,3.017526,3.09173,4.900644
10923,0.9249899,0.3572664,1.064996,1.455151
10924,1.463153,0.2071062,0.6777108,1.625731
10925,1.408243,0.4250906,0.9469182,1.74943
10926,1.417479,0.4491855,0.947726,1.763292
10927,0.9252056,0.3571334,1.065031,1.45528
10928,0.7508059,0.702595,1.011405,1.442321
10929,0.7478897,0.6973531,1.011657,1.438434
10930,1.43772,0.2111927,1.145354,1.850264
10931,0.9268042,0.2210592,0.9719604,1.361081
10932,1.376135,0.3415967,0.7171586,1.588947
10933,1.375437,0.3429998,0.7197168,1.589801
10934,-0.3482031,3.544364,-3.50945,5
10935,4.259449,-2.432681,0.9690997,5
10936,4.269542,-2.433422,0.9216664,5
10937,3.601281,-0.9835255,-3.326177,5
10938,-4.984848,-0.3363903,0.1952936,5
10939,1.379281,2.008685,-0.007655862,2.436656
10940,1.050301,1.711465,0.01854256,2.008131
10941,0.4907478,2.16958,0.09959046,2.226618
10942,-0.3963512,1.62554,0.019874,1.673281
10943,0.8767245,1.907246,0.05137243,2.099731
10944,-0.3923331,1.631306,0.0258513,1.678021
10945,1.957671,4.512924,0.8502585,4.992184
10946,3.149123,2.934304,2.416976,4.936486
10947,-1.356494,-2.67882,3.99798,5
10948,1.298467,0.04816101,2.407247,2.735539
10949,-0.4765067,0.8969334,2.24146,2.460832
10950,1.505365,0.7302528,0.6516771,1.795571
10951,4.712689,1.661397,-0.1741258,5
10952,1.594701,4.447053,1.637266,5
10953,3.152226,3.86871,-0.3107369,5
10954,1.878748,4.401834,0.02998214,4.786098
10955,2.894446,1.123674,-3.901683,4.986341
10956,2.371751,3.026697,-3.037139,4.900032
10957,-1.571627,2.668167,3.826457,4.922489
10958,3.4956,2.979191,1.716492,4.903177
10959,-3.525681,2.91269,-1.780247,4.907491
10960,0.8982357,0.4248491,0.864776,1.317255
10961,1.626149,0.3395432,0.7915789,1.840176
10962,1.522941,0.6319194,0.6958857,1.789672
10963,1.270453,0.6873315,0.8606428,1.681423
10964,1.270735,0.6871283,0.8606171,1.68154
10965,1.285978,0.7240336,0.8754371,1.715912
10966,1.017953,0.3772597,0.9308779,1.430066
10967,4.779614,1.466002,-0.07826154,5
10968,-1.542403,-1.824834,-4.392149,5
10969,-1.308428,2.72969,-3.979549,5
10970,2.962477,2.257484,3.33579,5
10971,-2.429306,0.6760576,4.317571,5
10972,1.468253,0.8752902,0.2925423,1.734209
10973,0.2449114,0.3535267,0.6370725,0.7686508
10974,-1.179191,0.7203909,-0.8253427,1.609548
10975,1.089714,0.2318075,1.05791,1.536354
10976,1.566519,0.001205516,0.9634955,1.839105
10977,0.2489017,0.3533581,0.635869,0.7688585
10978,1.824999,0.0922942,1.561474,2.40361
10979,1.099436,0.3488145,1.540415,1.924399
10980,1.921211,0.2338076,1.751378,2.610181
10981,1.752888,0.2854643,1.038996,2.057576
10982,3.591941,3.304013,-0.04596234,4.880641
10983,3.490067,2.843692,2.175511,5
10984,0.3170324,4.312242,-2.072471,4.7949
10985,2.229623,0.6806943,-4.423284,5
10986,-1.218444,-1.790391,-4.506649,5
10987,0.6177169,-3.681056,3.326898,5
10988,-3.633116,3.029979,1.275876,4.899813
10989,2.148559,0.4653618,4.488177,4.99766
10990,1.653071,0.3161637,0.5930629,1.784468
10991,1.374693,0.2532911,0.7504272,1.58653
10992,1.462545,0.4353546,0.8834578,1.763255
10993,1.157586,0.2324465,0.8806621,1.472957
10994,1.279275,0.7797163,0.6916312,1.650108
10995,1.580119,0.2796057,0.6654658,1.737182
10996,1.350592,-2.468986,-4.132798,5
10997,0.4052584,4.678944,1.715591,5
10998,-4.0112,-2.162493,2.057644,5
10999,-4.158632,1.507097,2.331188,5
11000,4.634896,-0.9555266,1.613909,5
11001,-4.483824,1.756663,1.34516,5
11002,1.882389,0.235404,0.01470264,1.897108
11003,1.972134,0.2273447,0.7613207,2.126172
11004,1.999179,0.2696352,0.816556,2.176277
11005,1.966622,0.3528639,0.1193328,2.001588
11006,0.9354137,0.4110113,0.1109064,1.02773
11007,2.488183,0.2778517,0.4026857,2.535826
11008,0.2709902,4.623927,-1.111771,4.76342
11009,3.565283,1.271322,-3.266878,5
11010,2.446164,4.142632,0.02956897,4.811029
11011,-3.931556,-3.089129,-0.01228146,5
11012,3.612143,2.8655,1.689455,4.910491
11013,-4.131555,2.290956,-1.454223,4.942974
11014,1.605551,-3.975306,2.572771,5
11015,-2.203023,4.375946,-0.8527475,4.972865
11016,1.554756,0.7380967,0.8775877,1.931894
11017,1.195599,0.1810607,0.8942453,1.503966
11018,0.9826512,0.5366567,1.087658,1.560962
11019,1.429775,0.2752956,0.8322136,1.677088
11020,1.211586,0.3505357,0.7777367,1.481786
11021,1.195991,0.1789595,0.8923739,1.502914
11022,1.633827,0.5337465,0.5484301,1.804176
11023,1.566686,0.09139876,0.7684991,1.747412
11024,1.589675,0.6445489,0.890391,1.932694
11025,-0.9131917,0.9351357,4.826138,5
11026,2.831225,-3.847874,-1.475815,5
11027,-4.437497,-2.295599,0.1971037,5
11028,-0.7850568,4.667554,-1.611713,5
11029,2.132313,0.2136008,0.2016024,2.152447
11030,1.412142,0.3135653,0.07041476,1.448249
11031,2.209728,0.210301,1.158559,2.503873
11032,2.004237,0.2022617,0.09795104,2.016797
11033,2.059812,0.1943997,0.1841759,2.077147
11034,1.52918,0.3322324,0.1122118,1.568872
11035,1.991065,4.340679,0.3983212,4.792128
11036,4.834574,-0.7163756,1.05532,5
11037,4.793775,-0.8347241,1.1502,5
11038,2.149694,4.206442,0.8792629,4.805043
11039,3.907802,2.904219,-0.6191813,4.908033
11040,2.810894,3.924113,-0.1914414,4.83078
11041,2.070127,4.317858,0.2377242,4.794354
11042,2.781023,0.4216821,-4.131451,4.998078
11043,-3.421795,1.33206,-3.3653,4.980794
11044,1.517693,4.417663,-1.035622,4.784522
11045,-3.666858,-0.6849777,3.329408,5
11046,1.447224,1.104385,0.8175881,1.995639
11047,1.370704,0.1950801,0.6221524,1.51788
11048,1.368775,0.1959154,0.6275609,1.518473
11049,1.205333,0.8980722,0.6957667,1.656337
11050,1.454209,0.5204921,0.6082531,1.660002
11051,1.444313,1.318184,0.6795821,2.07014
11052,1.446656,1.318286,0.6799718,2.071968
11053,1.131469,0.5817247,1.424195,1.909701
11054,1.202051,0.902863,0.6948661,1.656179
11055,-0.09829315,-4.158169,-2.774883,5
11056,1.338603,1.42293,-4.602544,5
11057,-1.861984,3.873436,2.55529,5
11058,2.545509,2.216453,-3.688864,5
11059,-3.896128,3.113735,0.3533201,5
11060,1.11601,-4.589371,-1.640793,5
11061,4.313629,-2.460167,-0.5832529,5
11062,2.854382,-2.490813,3.263182,5
11063,-0.9366856,-4.415093,2.151644,5
11064,3.238961,-0.3972635,3.788312,5
11065,0.8800483,0.1508507,0.2873548,0.9379839
11066,1.819788,0.2669439,0.5753509,1.927152
11067,1.132916,0.2412574,-0.3432268,1.208102
11068,1.555946,0.2770082,0.03545514,1.580809
11069,1.600816,0.2149797,0.4791082,1.684747
11070,0.8854578,0.1509614,0.2861269,0.9427053
11071,1.266863,0.3459818,0.6195127,1.452047
11072,2.047595,0.1733974,0.09664007,2.057194
11073,1.932455,0.3042925,0.1878682,1.965266
11074,-1.595736,-4.39795,1.763991,5
11075,3.486742,1.913799,-2.963835,4.960274
11076,0.9414448,4.201103,-2.134879,4.805548
11077,3.272821,3.077283,-1.948314,4.896627
11078,4.268553,-2.599828,0.1426619,5
11079,-1.020495,-4.442791,2.054311,5
11080,-0.6430386,3.722226,-3.038871,4.84801
11081,2.640646,2.829003,-3.166027,5
11082,-1.292592,2.49657,-4.134773,5
11083,0.5958391,3.75239,-3.007224,4.845498
11084,0.3974082,4.576632,-1.278159,4.768352
11085,0.2226336,3.130494,-3.753894,4.892982
11086,-2.371922,0.363436,-0.02150895,2.3997
11087,-0.6547126,1.258347,-0.01707157,1.418582
11088,-1.748468,0.2201104,0.003375913,1.762272
11089,-2.369297,0.3630447,-0.01807018,2.397018
11090,-1.748721,0.2203029,0.003045156,1.762546
11091,-0.653412,1.258028,0.001802438,1.417599
11092,3.763966,3.148175,0.959973,5
11093,1.785535,0.9373864,0.4050242,2.056909
11094,1.384303,1.060412,0.592091,1.841559
11095,0.7520471,0.5501529,0.6722589,1.148989
11096,1.235588,-0.2710724,1.010462,1.619009
11097,1.389268,1.070813,0.5948415,1.852172
11098,1.634343,0.2378616,0.6638844,1.779999
11099,1.381902,1.06966,0.5888431,1.844061
11100,1.377273,1.514838,-4.561621,5
11101,4.456146,1.251978,1.890851,5
11102,2.146004,-4.309038,-1.351614,5
11103,-1.399471,2.887824,-3.834312,5
11104,-1.888965,4.57734,-0.6926563,5
11105,-2.441997,2.522743,3.559834,5
11106,0.6204402,1.048415,1.34424,1.814139
11107,0.6182598,1.043884,1.349337,1.814566
11108,2.632895,0.5646791,4.212956,5
11109,0.9049029,-3.52674,-3.426844,5
11110,0.5711347,0.9746777,-4.870709,5
11111,-2.04366,1.276051,4.381227,5
11112,-0.1053288,0.1972235,0.2338516,0.3235395
11113,0.2767901,0.2736753,0.3448744,0.5200474
11114,0.2664158,0.2735819,0.344736,0.5144582
11115,-0.0969291,0.1971869,0.2337997,0.320843
11116,3.767195,2.531599,1.925324,4.930276
11117,1.734674,3.504866,2.750037,4.780783
11118,0.587972,-0.275977,4.957633,5
11119,2.458898,-3.097714,2.906129,4.907912
11120,1.938961,-3.572544,2.91159,5
11121,1.734603,3.504729,2.750253,4.780781
11122,0.6237324,4.321953,1.879391,4.753991
11123,-0.6955618,-3.97871,2.799851,4.914581
11124,1.484574,-4.741671,0.559106,5
11125,0.7219138,-4.532941,1.88361,4.961522
11126,0.7856681,4.303962,1.86583,4.756331
11127,-0.910521,4.273121,1.885397,4.758501
11128,-0.5569043,4.409554,1.684763,4.753182
11129,0.7064947,3.964725,2.528435,4.75512
11130,-0.5673181,4.645811,0.8734136,4.761119
11131,-0.2988891,4.369114,1.841934,4.750917
11132,0.1368555,-4.02142,2.968072,5
11133,1.515484,0.9401478,0.488705,1.849163
11134,1.601199,0.5481963,0.03136338,1.692731
11135,1.633113,0.688028,0.2831575,1.794609
11136,1.446745,0.1595265,0.3149589,1.489201
11137,1.601193,0.5443291,0.02894848,1.691435
11138,1.497209,0.4033723,0.3486061,1.589299
11139,1.497657,0.4033,0.3483966,1.589657
11140,1.677507,-0.1433848,0.3575165,1.721165
11141,1.632446,0.6879799,0.283368,1.794016
11142,4.625941,-0.7266914,1.752879,5
11143,-1.007215,-0.3402327,4.885669,5
11144,0.2067451,-3.398564,-3.66156,5
11145,4.963908,0.5994413,0.01708684,5
11146,1.031507,1.318697,1.017653,1.959231
11147,1.034738,1.323619,1.018033,1.964444
11148,1.09588,1.37032,0.9861364,2.012758
11149,-4.083689,-1.548965,-2.433966,5
11150,-4.708696,1.641529,-0.365465,5
11151,2.494918,2.926704,-3.195277,5
11152,1.809078,0.7906727,0.03343981,1.9746
11153,1.634064,-0.1642425,0.243552,1.660259
11154,1.588462,0.7065898,-0.1057709,1.741743
11155,1.605122,0.4142599,-0.008311019,1.657738
11156,1.105915,0.3120395,0.372627,1.208001
11157,1.809795,0.3176537,0.3481426,1.870152
11158,1.316933,0.6515481,0.0329592,1.469664
11159,-0.2045951,0.9557751,-4.903533,5
11160,4.343567,-2.439833,0.4250202,5
11161,4.522934,-1.68474,-1.305649,5
11162,1.150952,1.011741,0.9422815,1.798946
11163,1.379468,1.461272,0.6827382,2.122353
11164,0.9666232,1.253084,0.8299627,1.787014
11165,1.270024,1.322904,0.7942755,1.998477
11166,0.8685309,1.155142,1.048136,1.785298
11167,1.324856,1.450614,0.9481043,2.181382
11168,1.324445,1.450723,0.9481771,2.181236
11169,0.8689013,1.15738,1.049599,1.787786
11170,1.025904,1.24383,0.9181894,1.855442
11171,1.022861,1.242273,0.9228765,1.855044
11172,-4.455902,0.9556223,-2.057116,5
11173,1.887009,-4.42147,1.3747,5
11174,1.816997,0.4534807,0.2724749,1.892449
11175,1.444976,0.3827696,0.2871615,1.522146
11176,1.225334,0.3693857,0.4060659,1.342676
11177,1.637308,0.4892434,-0.008504469,1.708862
11178,1.360721,0.2772233,0.07523866,1.39071
11179,1.807259,0.0928885,0.05773807,1.810566
11180,1.648513,-0.04479923,0.07753854,1.650944
11181,1.51994,0.7010042,0.2511313,1.69254
11182,1.790274,0.05552445,0.2667665,1.810892
11183,1.790639,0.6290669,0.2136308,1.909909
11184,2.360127,-0.1904875,4.403807,5
11185,2.44226,-4.197211,1.191126,5
11186,4.520619,-0.141582,-2.131655,5
11187,4.744279,1.105433,1.126869,5
11188,3.668652,-2.274,-2.52387,5
11189,0.3834456,4.938411,0.6819566,5
11190,-0.3957046,-3.320228,-3.717459,5
11191,-2.064759,-3.608755,2.777347,5
11192,2.019286,1.347969,0.6327326,2.508961
11193,1.706911,1.501702,0.7223716,2.385471
11194,1.200538,1.132344,0.6477932,1.772888
11195,1.217472,1.547584,0.5451814,2.043154
11196,1.306786,1.589974,0.7914969,2.205034
11197,1.357144,1.308466,0.7380104,2.024496
11198,0.8745261,1.56377,0.1691172,1.799659
11199,-0.0009882514,4.444927,2.289678,5
11200,-2.178196,4.481452,0.4147882,5
11201,4.058315,-0.8252693,-2.801609,5
11202,-1.579319,3.826308,-2.804482,5
11203,1.311711,0.5104677,0.3775473,1.457294
11204,0.8478206,0.2042859,-0.2357733,0.9033945
11205,1.309575,0.6972761,0.207184,1.498034
11206,0.9969856,0.7306044,0.006551847,1.236044
11207,1.421111,-0.1040009,-0.1070562,1.428928
11208,0.9494544,0.2860491,0.2790351,1.03012
11209,0.9511656,0.2807182,0.2755016,1.029281
11210,1.367651,0.4384973,0.4843629,1.515703
11211,1.005945,0.2649251,0.1946502,1.0583
11212,0.8497437,0.2062764,-0.2365191,0.9058452
11213,1.395271,0.5709057,-0.1900412,1.519484
11214,1.011291,0.2683966,0.197541,1.064786
11215,1.157092,0.6131378,0.3401468,1.35296
11216,3.362769,-3.622344,0.7552516,5
11217,3.949661,-1.184107,-2.828086,5
11218,4.104715,-2.727715,-0.8431385,5
11219,3.038751,-1.043609,-3.831041,5
11220,-0.464663,-3.946638,3.034491,5
11221,-1.43217,-0.01285396,0.03174951,1.43258
11222,-1.53025,0.05918025,0.01022359,1.531428
11223,-1.530639,0.06001982,0.05198701,1.532697
11224,-1.431579,-0.01891504,0.03418298,1.432112
11225,-1.599732,0.130458,-0.03704698,1.60547
11226,1.575366,1.493528,0.6328516,2.261173
11227,1.456165,1.366367,0.545679,2.070059
11228,1.448208,1.364324,0.5432547,2.062477
11229,1.080965,1.315315,0.6467018,1.821198
11230,1.568681,0.9413374,0.500548,1.896688
11231,1.482119,1.289671,0.3233601,1.991103
11232,1.863575,1.407519,0.63646,2.420558
11233,0.9407126,1.397562,0.7845213,1.858385
11234,1.140863,1.652126,0.3943294,2.046115
11235,1.849927,1.517798,0.7085022,2.49558
11236,-2.934529,2.970319,-2.750589,5
11237,4.830751,1.074454,-0.7137147,5
11238,-2.040966,4.350364,1.381593,5
11239,3.752098,3.03107,1.316959,5
11240,1.677545,3.827012,1.773502,4.539327
11241,0.913053,-0.01153288,0.1494824,0.9252804
11242,0.6503441,0.3340678,0.1797255,0.7528945
11243,0.19589,0.5297548,0.1338411,0.5804536
11244,0.6911823,0.1346517,0.1148402,0.713479
11245,0.7880068,0.06160359,0.1003578,0.7967569
11246,1.03358,0.1860015,0.1356048,1.058902
11247,1.397084,-2.582122,3.844954,4.837651
11248,1.399306,-2.583176,3.843587,4.83777
11249,2.119191,-1.859325,3.922929,4.830884
11250,4.200523,-2.139945,1.582894,4.972857
11251,3.205469,-2.902915,-2.509592,5
11252,3.205364,-2.904627,-2.507745,5
11253,2.47374,-2.143795,-3.779517,5
11254,4.367568,-1.517411,1.807953,4.964562
11255,2.353515,-1.327275,3.996702,4.824347
11256,3.040934,-1.05422,3.63508,4.855149
11257,-0.2913079,-4.683017,1.641189,4.970816
11258,1.794608,-4.658365,0.2670443,4.999229
11259,1.113559,-4.42562,1.940856,4.959138
11260,1.891078,0.7999719,0.9160098,2.248378
11261,1.931619,1.38292,0.7398004,2.488156
11262,1.88716,0.8035362,0.9169671,2.246747
11263,1.694407,1.08341,0.4367633,2.058046
11264,1.42764,1.123073,0.4587203,1.873466
11265,1.870174,0.4986117,0.480804,1.994326
11266,1.407775,1.103372,0.4955941,1.856037
11267,1.242815,1.80799,0.5376479,2.258868
11268,1.161271,0.6585357,0.2920979,1.36658
11269,1.111458,0.6021768,0.8023717,1.49725
11270,1.580496,1.447724,0.1680037,2.149906
11271,1.753015,0.9982553,0.4755487,2.072612
11272,1.099393,1.372185,0.4494188,1.81481
11273,2.03829,1.378263,0.1909054,2.467931
11274,-0.5747365,4.93654,-0.5479483,5
11275,3.494757,0.4766696,3.543933,5
11276,-3.376501,3.153258,1.912121,5
11277,1.658485,4.59272,0.7796543,4.944847
11278,1.23386,1.125754,0.1779209,1.679699
11279,1.626821,1.408458,0.588593,2.230861
11280,1.426055,1.108975,0.1873565,1.816193
11281,1.858923,0.6296616,0.2603421,1.97986
11282,1.425903,1.111194,0.186272,1.817319
11283,1.773302,1.013206,0.2961811,2.063712
11284,1.163644,1.028895,0.2277174,1.569888
11285,1.542081,0.95232,0.2915366,1.835734
11286,0.6963852,4.663079,1.664556,5
11287,2.910715,4.065432,-0.002922332,5
11288,4.191971,2.127897,-1.702772,5
11289,-0.5876924,0.3707059,0.7772757,1.042575
11290,-0.5863186,0.3651186,0.7838173,1.044725
11291,-0.5833576,0.2567055,0.5627387,0.8502226
11292,-0.5832332,0.2564859,0.5626575,0.8500173
11293,3.929314,1.700654,2.582298,5
11294,4.277612,-2.539296,-0.5039977,5
11295,-1.713568,2.463996,-3.988025,4.991186
11296,-1.294883,0.4706435,4.80643,5
11297,2.516125,4.224087,0.5613148,4.948623
11298,2.51449,4.219352,0.563166,4.943961
11299,2.14973,0.6382155,-0.09926389,2.244663
11300,1.597647,1.095364,0.1572611,1.943458
11301,1.690226,0.7655112,-0.1571337,1.862139
11302,1.444319,0.7771607,0.05686968,1.641119
11303,2.003289,0.8709677,0.4122568,2.222995
11304,1.829693,0.8402112,0.2603092,2.030146
11305,1.542755,0.7556078,-0.006369727,1.717869
11306,1.265767,1.120851,0.1900563,1.701351
11307,1.262949,1.097342,0.336328,1.70655
11308,-2.552627,-1.279279,4.104576,5
11309,-1.631302,4.645269,0.8719698,5
11310,-4.947284,-0.5278437,-0.4957461,5
11311,-0.1901285,1.556237,0.7680914,1.745848
11312,-0.5304411,0.9855061,0.6113465,1.275278
11313,-0.9266676,0.8992119,0.447735,1.366661
11314,-0.8721056,1.027539,0.5203844,1.444716
11315,-0.3731501,1.350137,0.7148952,1.572637
11316,-0.4345084,0.7987922,0.3767433,0.9842774
11317,1.297745,4.491676,1.719453,4.981547
11318,1.297548,4.486668,1.716182,4.975852
11319,1.315384,1.07876,0.1098763,1.704708
11320,1.543738,0.7838442,-0.0567706,1.73227
11321,1.458782,1.033427,0.1240138,1.792036
11322,1.347569,1.053985,0.02236574,1.710943
11323,1.605793,1.224861,-0.1345909,2.024097
11324,1.589348,1.02873,0.06566364,1.894366
11325,1.350968,1.131231,-0.1278991,1.766679
11326,1.401042,0.8576543,0.05413278,1.643599
11327,1.585878,1.030053,0.06219975,1.892058
11328,1.359164,1.26594,0.132017,1.862085
11329,4.864065,0.6337197,0.9691607,5
11330,4.836064,0.9195212,-0.8757656,5
11331,4.730978,-0.1075424,-1.614399,5
11332,3.565751,3.499342,-0.2000522,5
11333,3.47908,-0.7726805,3.506989,5
11334,-4.886882,0.9855558,-0.3834926,5
11335,-0.5234177,1.006666,0.1781303,1.148509
11336,-0.2768379,1.102603,0.8522336,1.4208
11337,-0.51934,1.006869,0.1780196,1.146818
11338,-1.046348,-0.2509302,0.1721113,1.089694
11339,-1.047377,-0.2511477,0.168963,1.09024
11340,-1.200393,-0.1588524,0.09184167,1.214336
11341,-1.163224,0.767733,0.2466748,1.415399
11342,-1.152559,1.015746,0.5585896,1.634673
11343,-1.200573,-0.1586837,0.09195774,1.214501
11344,0.0781752,1.263742,0.6476192,1.422169
11345,0.1287294,1.568173,0.5105141,1.654196
11346,0.1271338,1.56717,0.5041728,1.651173
11347,-4.192568,1.268183,-2.411241,5
11348,-1.231696,0.7254992,-4.791302,5
11349,1.945936,2.31689,3.980622,5
11350,1.521096,3.630601,1.363773,4.165918
11351,0.8233614,4.345932,2.211079,4.94509
11352,0.1008181,0.4435223,4.97927,5
11353,0.0976235,0.4466628,4.979052,5
11354,0.8321435,1.091272,4.65247,4.850651
11355,0.8327564,1.089477,4.653041,4.8509
11356,0.6877925,0.7274809,0.09890919,1.006017
11357,0.6089846,0.6005586,0.09589969,0.8606566
11358,0.6092846,0.6372522,0.07635827,0.8849569
11359,0.5438346,0.6508801,0.09985321,0.8540326
11360,0.959166,0.7367202,0.08607689,1.212504
11361,4.523866,-1.484787,1.450124,4.97723
11362,3.536614,-2.648375,2.223584,4.946297
11363,4.525755,-1.481988,1.447386,4.977316
11364,0.3629961,-1.562477,4.498919,4.776335
11365,1.88019,-0.5179153,-4.603982,5
11366,-2.084268,1.425244,4.315611,5
11367,-0.2865736,-0.4050742,4.726552,4.752526
11368,-3.354774,0.9787455,3.39717,4.873726
11369,0.4813552,1.337178,0.6286842,1.554024
11370,-0.2295868,1.395329,0.4178625,1.474537
11371,-0.227097,1.395799,0.4170731,1.474373
11372,-0.2425524,1.602845,0.3586733,1.660298
11373,-0.8378298,0.5839601,0.3349845,1.074794
11374,-0.721105,0.360091,0.1093506,0.8133975
11375,4.062725,-0.6758572,-2.835046,5
11376,-0.8429957,4.024384,2.44769,4.785133
11377,2.310785,0.8875635,-0.01647309,2.475433
11378,0.8532524,0.9662175,4.830982,5
11379,2.604623,0.8051866,4.191374,5
11380,0.496186,0.9951934,0.3157947,1.156
11381,-0.3198845,0.8882232,0.06272841,0.9461509
11382,-0.4720719,0.9012374,0.1173701,1.024137
11383,-0.4721354,0.9013247,0.1185437,1.024378
11384,0.2568123,1.553115,0.5636755,1.672079
11385,-0.3249058,0.8886698,0.05148248,0.9476013
11386,-1.728958,-4.585276,0.9929523,5
11387,3.923262,-0.9836048,2.939478,5
11388,0.3240107,-2.674795,-4.211946,5
11389,2.33356,0.1741673,0.5858146,2.412263
11390,2.334732,0.1725049,0.5830024,2.412597
11391,2.835202,0.3359637,0.4917689,2.897081
11392,2.834101,0.3360226,0.4922701,2.896096
11393,2.452429,0.3513055,1.069092,2.698292
11394,2.44855,0.3439073,1.066341,2.692722
11395,2.262793,0.9316325,0.3750584,2.475649
11396,-1.876531,-4.630384,-0.1953922,5
11397,0.6290672,0.478583,4.937128,5
11398,2.69084,-0.7336444,4.149837,5
11399,0.6037992,1.508988,4.728465,5
11400,1.146097,0.9182867,0.4235409,1.528455
11401,0.2078105,0.5966738,0.7369279,0.9707046
11402,0.5305327,1.490983,0.7564152,1.754041
11403,0.5226834,1.523935,0.4726722,1.678987
11404,0.2016319,0.5926303,0.7418293,0.9706579
11405,1.147106,3.404667,3.477411,5
11406,0.2899357,-4.849169,1.183849,5
11407,0.5815084,2.220045,4.371275,4.937084
11408,3.342602,-0.9579889,2.174441,4.101088
11409,4.25115,-1.759543,1.95748,5
11410,2.452021,-0.143299,2.757216,3.692585
11411,3.047345,1.3439,0.4668803,3.363087
11412,3.344722,-0.9598234,2.172533,4.102234
11413,4.870552,-1.015901,-0.4956521,5
11414,-1.554338,2.170217,-4.227788,5
11415,0.5074959,4.120367,-2.786579,5
11416,0.7433155,2.346272,-4.352297,5
11417,2.169729,3.759004,1.367885,4.550708
11418,2.164698,3.757409,1.365476,4.546269
11419,1.874934,3.870579,1.67519,4.61552
11420,1.590371,0.957571,0.3800378,1.894901
11421,1.594423,0.9494908,0.3740467,1.893048
11422,0.2143639,1.276098,0.0530528,1.295065
11423,0.1215423,1.626436,0.0007407619,1.630972
11424,0.7732454,1.632536,-0.05638873,1.80728
11425,0.2147646,1.276372,0.05348541,1.295419
11426,0.4201295,1.519362,0.247963,1.595762
11427,-0.4086343,0.7627453,0.2203444,0.8929244
11428,1.053587,1.53973,0.1449682,1.871318
11429,-0.4109073,0.7631329,0.2214584,0.8945728
11430,0.1566073,1.386262,0.4829633,1.476313
11431,0.4872776,1.448211,0.168765,1.537282
11432,0.7789171,1.633147,-0.05474449,1.810214
11433,0.503296,1.676303,0.6821342,1.878458
11434,4.355672,-0.07887143,2.453955,5
11435,0.5591425,3.231533,3.774196,5
11436,-1.678767,3.657975,2.966641,5
11437,3.076728,-2.558931,2.997602,5
11438,-0.08032797,-4.501004,2.175893,5
11439,-1.183492,4.09539,2.612876,5
11440,0.714662,3.763523,3.08702,4.919811
11441,3.836275,-0.07316748,2.158724,4.40255
11442,3.831583,-0.07163819,2.155185,4.396701
11443,4.753148,0.1280704,1.054864,4.870478
11444,4.116555,-0.8241255,0.9174406,4.297314
11445,4.116087,-0.8211684,0.9176295,4.29634
11446,3.865531,2.601601,1.813654,5
11447,-2.643035,-3.529225,-2.35774,5
11448,1.997,0.2182284,4.578687,5
11449,1.962275,0.07618327,4.598226,5
11450,1.963763,0.07780562,4.597562,5
11451,0.3839279,1.041905,0.05267119,1.111639
11452,0.3069775,1.123383,0.02504554,1.16484
11453,0.489061,0.9229164,0.02214825,1.044723
11454,0.5742668,0.9169011,0.02593976,1.082203
11455,0.4844004,0.9229021,0.02190821,1.042531
11456,0.433516,0.8771515,0.03779236,0.9791625
11457,0.3878981,1.043381,0.05260247,1.114395
11458,4.99905,0.0405603,0.08420416,4.999924
11459,3.204396,-3.805193,0.4772312,4.997539
11460,3.204481,-3.805125,0.4771987,4.997539
11461,3.049317,3.936787,0.4284247,4.998017
11462,-3.146703,-3.668257,1.217389,4.983963
11463,2.531693,-3.326066,2.606503,4.926057
11464,-0.6995059,0.197956,0.02154446,0.7272959
11465,-0.7318305,0.1769084,-0.009831468,0.7529735
11466,-0.7317303,0.1809017,-0.01298478,0.7538722
11467,-1.213459,1.45283,-4.62783,5
11468,4.743754,-0.318593,0.8635428,4.832226
11469,3.781324,0.3540584,1.016783,3.931617
11470,4.385946,0.4860819,0.6945395,4.467122
11471,4.6022,-0.2701869,0.7997318,4.678976
11472,4.598748,-0.2675584,0.7998854,4.675456
11473,4.219357,0.01235435,1.558934,4.498155
11474,4.821145,0.6962219,1.127758,5
11475,4.819817,0.6996548,1.131307,5
11476,3.787497,0.3511386,1.017588,3.937501
11477,4.389287,0.482264,0.6962036,4.470249
11478,-0.3242977,-0.05865366,1.296827,1.338047
11479,-0.33108,-0.08208055,1.499944,1.53824
11480,-0.3301677,0.08002983,1.502473,1.540403
11481,-0.4614859,-0.107293,1.25522,1.341663
11482,-0.4642108,-0.1036705,1.256144,1.343181
11483,-0.3195181,0.01355294,1.294995,1.3339
11484,1.091454,-2.638753,4.104352,5
11485,2.790306,-3.053218,2.80928,5
11486,2.793291,-3.054327,2.805105,5
11487,2.671124,-3.763232,1.924366,5
11488,-0.8586004,0.01124957,-0.185114,0.878401
11489,-0.5139404,0.100269,0.07322926,0.5287259
11490,-0.5078341,-0.04880016,-0.1881843,0.5437741
11491,-0.8878466,0.06485478,-0.07207916,0.8931255
11492,-0.5089805,-0.05102591,-0.1879226,0.5449584
11493,-0.6903646,0.07433907,-0.1291094,0.7062569
11494,-0.5063861,0.1047236,0.0737906,0.5223399
11495,-0.5842131,0.3284838,-0.1622014,0.6895765
11496,-0.5077493,4.071022,2.858142,5
11497,4.860463,0.02357803,1.17275,5
11498,4.828166,0.4900697,0.7730438,4.914158
11499,4.511139,0.7439753,-0.1542144,4.574676
11500,4.533335,0.8945801,0.25423,4.627746
11501,4.854196,0.3768674,1.137873,5
11502,4.496669,0.2612712,0.9954721,4.612945
11503,4.495645,0.2609644,0.9972591,4.612315
11504,4.534109,0.894462,0.253587,4.628446
11505,4.854239,0.3732488,1.138879,5
11506,4.810003,0.6273134,0.8435456,4.923538
11507,4.859491,0.02649775,1.17671,5
11508,-4.481949,2.042437,0.8605711,5
11509,2.118059,-2.516231,3.765954,5
11510,-0.439018,-0.05371656,1.499403,1.563275
11511,-0.4112562,0.1265464,1.471883,1.533488
11512,-0.3260339,0.08838387,1.480031,1.518091
11513,-0.2931062,-0.01054737,1.412238,1.442373
11514,-0.3121779,-0.009760222,1.450365,1.483614
11515,-0.2689182,0.09810641,1.340774,1.370991
11516,-0.3151209,0.01936965,1.444147,1.478254
11517,-3.221714,-3.4928,-1.555927,5
11518,-3.202067,-3.407376,1.771034,5
11519,-1.098651,0.4711027,-0.023467,1.195627
11520,-0.8859971,-0.100334,-0.1469655,0.9036906
11521,-0.9150994,0.008975871,0.002970218,0.9151483
11522,-0.9135271,0.2296518,-0.07803223,0.9451777
11523,-0.7829061,0.2630935,-0.07522734,0.8293487
11524,-0.8801656,-0.09477393,-0.1507195,0.8979922
11525,-0.8286926,-0.1055852,-0.1649745,0.8515258
11526,-0.9143807,0.2283674,-0.07694101,0.9456023
11527,2.523571,1.396617,-4.084244,5
11528,4.34029,0.3657963,0.3628356,4.370764
11529,3.351719,0.2426139,0.01184031,3.360509
11530,4.753281,0.3815463,-0.2087742,4.773138
11531,4.700701,0.8729931,0.005746736,4.781082
11532,4.744066,0.3828827,-0.2099048,4.764118
11533,4.900788,0.4422768,-0.886942,5
11534,4.900597,0.4429751,-0.8876485,5
11535,-1.015129,1.462015,-4.672475,5
11536,3.722671,1.321671,3.065111,5
11537,2.187584,-0.976183,-4.388797,5
11538,-0.5194204,0.1201638,1.360883,1.461588
11539,-0.4415954,0.1028616,1.556533,1.621229
11540,-0.5239386,0.03917142,1.418501,1.512677
11541,-0.424449,0.07018017,1.45627,1.518487
11542,-0.4122552,-0.07706757,1.514194,1.571203
11543,-0.4079885,0.02477749,1.45178,1.508222
11544,1.753658,-4.009694,-2.418066,5
11545,-0.8676364,3.168912,3.768979,5
11546,-0.8002599,0.0525664,-0.05187101,0.8036603
11547,-0.9889768,0.2540651,-0.02823043,1.02148
11548,-0.8815529,0.1186543,-0.1006119,0.8951743
11549,-0.4282163,0.8338513,0.003631968,0.9373849
11550,-0.9098698,0.3546018,0.1269534,0.984745
11551,-0.7211775,0.3379161,-0.001085358,0.7964204
11552,-1.196635,0.1544626,-0.04878828,1.207549
11553,-0.5102437,0.8148085,-0.1129323,0.9679955
11554,-0.515061,0.8148791,-0.1094573,0.9702045
11555,-0.4139363,0.7689453,0.004874953,0.8732948
11556,3.17375,2.271552,3.125278,5
11557,2.586418,2.300241,3.608232,5
11558,-1.326825,4.736279,0.8984445,5
11559,4.005021,-0.07362871,-0.1911253,4.010255
11560,4.770279,1.475699,0.258361,5
11561,4.818376,0.3503138,0.02499531,4.831159
11562,4.820976,0.3496698,0.0231212,4.833695
11563,4.846721,0.5741606,1.086111,5
11564,4.428999,1.023087,0.2182333,4.550865
11565,4.717311,0.9249657,-0.6872408,4.856015
11566,4.958078,-0.6458719,0.01768435,5
11567,2.46149,1.138543,-4.20057,5
11568,0.1286746,1.644333,4.720129,5
11569,-0.4866129,0.1049584,1.589614,1.665738
11570,-0.4230908,-0.09172247,1.573942,1.632395
11571,-0.5646389,-0.07252735,1.469207,1.575641
11572,-0.4559557,-0.08944441,1.631889,1.696749
11573,-0.5267556,-0.07648247,1.501244,1.592813
11574,-0.6227741,-0.06553321,1.470274,1.598076
11575,-1.383917,-4.764478,-0.6201026,5
11576,0.04370476,0.9186171,0.03061003,0.9201654
11577,0.1044573,1.009241,0.03320415,1.015175
11578,-0.171128,1.145711,0.02575516,1.158707
11579,-0.1608541,1.150366,0.02488196,1.161824
11580,0.06539566,0.9614835,0.02715574,0.9640874
11581,0.1625511,1.115355,0.02785581,1.127482
11582,-0.08692271,0.9739031,0.01897449,0.9779585
11583,4.983587,0.3858679,0.1162403,4.999854
11584,4.983628,0.3853397,0.1162051,4.999854
11585,0.8368098,4.814683,1.004746,4.989082
11586,0.8376042,4.814595,1.004531,4.989087
11587,-1.162177,-4.86306,1.657204E-10,5
11588,4.848895,0.3759914,-1.160538,5
11589,4.848772,0.3705797,-1.162788,5
11590,4.776801,-0.5341105,-0.4603636,4.828565
11591,4.93165,-0.002596524,-0.8239053,5
11592,4.795101,0.1746885,-0.2830712,4.806624
11593,4.990137,0.0163427,-0.3134794,5
11594,4.978287,-0.3229878,-0.3351646,5
11595,4.977903,-0.3277153,-0.3362763,5
11596,4.956124,-0.6587132,0.05410744,5
11597,4.456567,-0.5265956,0.4359747,4.508699
11598,4.78095,-0.5331523,-0.4597495,4.832505
11599,4.699525,-0.9471564,-0.6079538,4.832417
11600,4.456819,-0.5267159,0.4379859,4.509157
11601,3.65304,1.226541,3.186047,5
11602,2.645202,-4.242916,0.02384754,5
11603,3.061049,-3.732984,1.301849,5
11604,-0.3625433,-0.0514267,1.663025,1.702861
11605,-0.4038736,-0.01014498,1.691627,1.7392
11606,-0.5136168,-0.08116915,1.576095,1.659658
11607,-0.4039815,-0.0002101062,1.691674,1.739242
11608,-0.4144948,0.06426784,1.623148,1.676468
11609,-0.4111848,0.09431603,1.620655,1.674661
11610,-0.3634058,-0.04637991,1.661175,1.701093
11611,4.331536,2.197517,-1.186893,5
11612,-3.436803,1.986675,-3.039985,5
11613,4.359044,0.1350972,-0.2780397,4.369991
11614,4.922098,-0.8718901,0.1129484,5
11615,4.680276,-0.9595088,-0.9884801,4.878804
11616,4.293741,-1.112545,-0.1612031,4.438463
11617,4.944215,-0.7198007,0.1913648,5
11618,4.444348,-0.5281439,-0.7047932,4.530772
11619,4.464948,-0.07764536,-0.513617,4.495063
11620,4.84037,-1.091799,-0.6154656,5
11621,4.195204,1.308262,-0.6188263,4.437818
11622,4.35978,0.1295929,-0.2692719,4.370009
11623,4.482375,0.2632028,-0.9345942,4.58633
11624,4.829906,-1.048656,-0.7565288,5
11625,4.986647,-0.3351667,-0.1449718,5
11626,4.840442,0.08363231,-1.25025,5
11627,4.930749,0.4108694,-0.7203479,5
11628,1.910808,-4.39297,1.432003,5
11629,-0.4022204,-0.1175675,1.716697,1.767103
11630,-0.423259,-0.04338124,1.762404,1.813035
11631,-0.3456589,-0.04368142,1.684343,1.719999
11632,-0.344795,0.02940842,1.651116,1.686989
11633,-0.425332,-0.04351448,1.761508,1.812653
11634,-0.399726,-0.1200253,1.715254,1.7653
11635,4.585812,1.984274,-0.1816306,5
11636,4.585644,1.984596,-0.1823354,5
11637,-3.827441,0.4745686,-3.182057,5
11638,-3.55201,2.68417,2.275622,5
11639,0.3317207,-1.091393,4.868144,5
11640,0.3315912,-1.091359,4.86816,5
11641,3.59918,-0.7368768,-0.7291607,3.745498
11642,4.846846,-0.7448756,-0.6901088,4.952071
11643,4.022569,0.07992433,-0.5064921,4.055119
11644,4.878969,-0.9846898,-0.4754409,5
11645,4.782124,-0.8664998,-0.9128837,4.944986
11646,4.272376,-0.3097871,-0.5862594,4.323524
11647,4.27211,-0.3099139,-0.5861773,4.323259
11648,4.447328,1.168867,-0.4455394,4.6199
11649,4.791422,-1.271329,-0.6526866,5
11650,4.792613,-1.062379,-0.949848,5
11651,2.320882,-1.45246,4.183762,5
11652,-4.363842,-0.4855123,2.391894,5
11653,-0.352951,0.09290285,1.820764,1.856983
11654,-0.3508431,-0.09853296,1.820115,1.856238
11655,-0.3582841,0.03878498,1.831027,1.866154
11656,-0.3556604,0.03765015,1.827119,1.861793
11657,-0.5899206,0.06142268,1.5698,1.67811
11658,-0.4265012,0.08097429,1.774567,1.826896
11659,-0.3328503,0.04881526,1.867326,1.897387
11660,-0.3326349,-0.0630183,1.867657,1.898094
11661,-1.551427,0.1061585,1.131895,1.923378
11662,-1.700296,0.02634133,0.599791,1.803177
11663,-1.837079,0.01601459,1.254465,2.22459
11664,-1.832776,-0.08138888,1.257004,2.223905
11665,-2.244997,-0.02376475,0.6834666,2.34685
11666,-1.702815,-0.07910203,0.5988193,1.806771
11667,-1.550773,0.0354114,1.131355,1.919926
11668,1.008722,0.09895802,-1.8431,2.103409
11669,1.058241,0.123008,-1.82069,2.109482
11670,1.007406,0.1426013,-1.841914,2.104245
11671,4.167839,2.56123,1.034033,5
11672,4.167054,2.560896,1.038015,5
11673,4.305536,2.440503,-0.4296693,4.967727
11674,4.225111,2.4839,0.9892835,5
11675,4.524288,1.786207,-0.9424745,4.954591
11676,-3.765535,-3.289487,0.004191116,5
11677,4.610672,0.5189807,-0.5809224,4.676014
11678,4.356308,-0.6966375,-0.0592363,4.412056
11679,3.986379,0.4470707,-0.3180324,4.023958
11680,4.316862,-0.03986284,-0.497716,4.345642
11681,4.105497,0.4035919,-0.1211532,4.127066
11682,3.894799,-0.4428484,-0.5791019,3.96244
11683,3.781875,0.2351086,0.04106125,3.789399
11684,4.916923,-0.6090456,-0.6730004,5
11685,4.103706,-0.3073541,-0.259092,4.123348
11686,4.467862,0.1386826,-0.8278315,4.546023
11687,4.909975,-0.4018208,-0.8548,5
11688,4.540944,0.5799,-0.6260562,4.620433
11689,2.650673,-4.180458,-0.7054838,5
11690,1.766607,-1.568265,-4.406773,5
11691,-0.2636991,-0.02605389,1.862376,1.881133
11692,-0.2671015,0.0262603,1.844175,1.863603
11693,-0.348459,0.1045888,1.792748,1.829291
11694,-0.4128191,-0.04702957,1.862931,1.908702
11695,-0.4124967,-0.04677818,1.863423,1.909106
11696,-0.350145,0.1065054,1.790791,1.827806
11697,-1.265541,0.05959842,1.127866,1.696239
11698,-1.264729,0.06523276,1.127655,1.6957
11699,-1.199389,0.07809836,1.063686,1.605012
11700,-1.823744,0.04922872,0.9648239,2.063819
11701,-1.20025,0.06286301,1.063792,1.605056
11702,-1.824046,-0.007177042,0.9655783,2.063864
11703,1.208987,-0.136988,-1.595323,2.006358
11704,1.20989,-0.1402191,-1.595533,2.007292
11705,4.370546,2.171652,0.5480888,4.911023
11706,4.256398,2.424155,1.00327,5
11707,4.288348,2.2855,0.8532009,4.9337
11708,4.264886,2.37302,0.5133007,4.907541
11709,4.527108,2.12116,0.07731097,5
11710,4.526674,2.12211,0.07661724,5
11711,4.289553,2.286499,0.8566207,4.935802
11712,4.288104,1.913251,0.434086,4.71559
11713,4.71436,1.499163,0.7261675,5
11714,4.321026,2.468793,0.4835206,5
11715,-0.293258,-4.990629,-0.08729328,5
11716,4.456793,0.5248697,-2.204883,5
11717,-4.24803,-1.363795,-2.257057,5
11718,-2.58971,-4.18013,-0.9054947,5
11719,3.99572,0.5232791,-0.270874,4.038932
11720,3.350653,-0.312372,-0.1705267,3.3695
11721,4.078484,0.4665053,0.02427853,4.105149
11722,3.220644,0.2833159,-0.001137919,3.233082
11723,3.523066,0.08599462,0.07736581,3.524964
11724,3.779953,-0.4304528,-0.3760666,3.822926
11725,3.782972,-0.4286234,-0.3764851,3.825746
11726,2.972248,0.5746703,-0.09250518,3.028706
11727,3.522624,0.08494452,0.07992105,3.524554
11728,4.055619,0.5468292,0.03226061,4.092445
11729,3.850615,0.3186875,-0.1219154,3.865703
11730,3.031646,0.0175861,0.1137394,3.03383
11731,-2.120315,-4.480798,-0.6532334,5
11732,2.569306,-4.15802,1.053346,5
11733,-0.3468118,1.191447,0.001921607,1.240898
11734,-0.3389437,1.189098,0.002139994,1.236464
11735,-0.2504601,1.099198,-0.03226572,1.127833
11736,-0.2238489,1.127306,0.02460558,1.149579
11737,-0.3725596,1.177313,-0.0148538,1.234944
11738,-0.3750401,1.177615,0.02879761,1.236228
11739,-0.2496805,1.077041,0.006565222,1.105623
11740,-0.243833,1.092306,-0.008868651,1.119226
11741,-0.157304,0.06143519,1.934836,1.942192
11742,-0.1607789,0.06325425,1.937247,1.944936
11743,-0.3733661,0.08317964,1.939693,1.977051
11744,-0.3381591,0.03687097,1.840983,1.872146
11745,-0.2129148,-0.008312364,1.876871,1.888928
11746,-0.2627755,-0.04501507,1.841965,1.861159
11747,-0.2626314,0.05457853,1.841187,1.860625
11748,-1.397161,0.2148456,2.302827,2.702079
11749,-1.396963,0.2194606,2.307211,2.706084
11750,-0.6018799,-0.01872141,1.728077,1.829989
11751,-0.5999789,-0.04338965,1.733879,1.835264
11752,-1.467725,0.06770173,1.653763,2.212178
11753,-1.468112,-0.03460566,1.655811,2.213201
11754,1.086008,0.6112192,-1.462351,1.92132
11755,1.08322,0.6089054,-1.465119,1.921121
11756,1.219668,-0.0933326,-1.561291,1.983414
11757,1.214409,-0.09484952,-1.564718,1.982959
11758,4.37763,2.388539,0.3622762,5
11759,4.748052,1.552789,-0.2117747,5
11760,4.748428,1.551924,-0.2096739,5
11761,4.837692,1.248532,0.1946999,5
11762,4.384961,2.020877,0.1697057,4.831213
11763,4.284431,2.568676,0.213424,5
11764,4.376594,2.022156,0.172804,4.824267
11765,4.455939,1.815554,0.4674062,4.834263
11766,4.766635,1.416563,0.5220515,5
11767,4.342021,2.325065,0.7097524,4.976226
11768,3.688956,3.366119,0.2466776,5
11769,2.371942,-3.580419,-2.560174,5
11770,1.965737,0.400599,0.2772315,2.025206
11771,1.97898,-0.2398133,0.2436742,2.008295
11772,1.979588,0.5758627,0.2303338,2.074473
11773,1.824642,-0.0691063,0.2845846,1.847994
11774,1.980604,0.5684515,0.230006,2.073362
11775,1.549553,0.3655738,0.3218885,1.624306
11776,1.826253,-0.07180969,0.284683,1.849703
11777,1.865499,0.4314051,0.2153106,1.926799
11778,1.555344,0.3651352,0.3219627,1.629748
11779,2.933576,-0.2141452,0.3187062,2.958598
11780,0.1440765,-3.229262,-3.814591,5
11781,1.522397,-2.204782,4.010446,4.823114
11782,1.924022,-2.697275,3.557474,4.861355
11783,3.085724,-1.472693,3.465806,4.868504
11784,-0.1578061,-1.02648,4.646407,4.761056
11785,1.721484,-3.070397,3.37339,4.875511
11786,0.09036138,-0.02988902,1.857917,1.860354
11787,0.09084438,-0.08273541,1.858296,1.862354
11788,-0.1529668,0.05514536,1.984734,1.991384
11789,-0.1512311,-0.01910921,1.985144,1.990988
11790,0.3414219,0.01300109,1.811697,1.843634
11791,0.3495506,0.01143416,1.811956,1.8454
11792,-0.2657788,1.109945,2.63496,2.871521
11793,-0.3440107,0.04585691,1.660415,1.696297
11794,-0.2656973,1.110517,2.63501,2.871779
11795,-0.3503505,0.0284992,1.6596,1.696417
11796,-0.2811753,-0.01485512,3.03799,3.05101
11797,-0.2802422,-0.006932466,3.034943,3.047862
11798,0.2732912,-0.01695888,0.500528,0.5705296
11799,0.2726015,-0.06966237,0.5013552,0.5749099
11800,0.7728178,0.3061591,3.40301,3.503064
11801,0.7806159,0.3050081,3.398202,3.500024
11802,4.6324,1.85488,-0.3166985,5
11803,4.448861,1.95351,0.4100657,4.876138
11804,4.162295,1.776662,0.118977,4.527183
11805,4.158566,1.773279,0.1153603,4.522333
11806,4.39754,2.003646,-0.03377548,4.832607
11807,4.825325,1.279276,-0.2822987,5
11808,4.823116,1.286535,-0.2870192,5
11809,-2.068203,-2.895894,3.512312,5
11810,4.100589,-2.685857,0.9855652,5
11811,0.1981373,2.634409,2.27751,3.48804
11812,0.5355795,0.08800782,2.610007,2.665844
11813,0.1431039,0.08280008,2.030975,2.037694
11814,0.1703821,0.07385022,1.877042,1.886205
11815,0.5813738,1.966717,2.319261,3.095956
11816,0.5326678,0.09365711,2.610112,2.665556
11817,0.06200137,0.0670743,2.862932,2.864388
11818,-0.3864229,0.05841277,3.009024,3.034298
11819,-0.4122925,0.02787108,3.031991,3.060021
11820,0.6044055,0.2523884,0.2832214,0.7135967
11821,-0.328235,0.06714382,3.376115,3.392698
11822,-0.6257296,0.1348006,1.632631,1.753623
11823,-0.147556,0.5409167,3.006426,3.058261
11824,-0.6261606,0.132926,1.630791,1.75192
11825,-0.06535817,0.0777714,4.998902,4.999935
11826,-0.08380544,3.862706,2.051351,4.374422
11827,-0.08746297,3.863719,2.051325,4.375375
11828,0.48498,0.2180262,2.935541,2.98331
11829,0.07665322,0.1939343,3.200946,3.207731
11830,0.07695352,0.1934427,3.203554,3.210312
11831,0.5067077,0.1433047,4.862947,4.891374
11832,0.5063622,0.1429321,4.862934,4.891315
11833,4.087455,1.585062,-0.4652945,4.408652
11834,4.047746,1.029519,-0.07757879,4.177341
11835,3.960181,1.112355,-0.01634623,4.11347
11836,4.200294,1.497288,0.1728211,4.462534
11837,4.240631,0.7789746,0.2372086,4.318103
11838,4.849599,1.130365,-0.4512936,5
11839,4.235199,2.006237,-0.2343874,4.692211
11840,3.906067,1.305024,0.05540421,4.118679
11841,4.096482,1.76839,0.03890583,4.462049
11842,4.08715,1.296008,-0.1756519,4.291304
11843,0.8613809,-3.553421,3.410457,5
11844,-1.378605,1.799962,4.456409,5
11845,-4.420342,1.214979,-1.996097,5
11846,0.230385,0.1386069,2.662692,2.676232
11847,0.4587313,0.04692356,2.474022,2.516629
11848,0.4643654,0.04095145,2.477705,2.521177
11849,0.08384062,-0.01369608,2.987848,2.989055
11850,0.2307618,0.1351476,2.662,2.675399
11851,0.2135208,-0.07009663,2.292258,2.303248
11852,0.2101929,-0.07232157,2.291858,2.302613
11853,1.045661,0.8116783,3.420302,3.667519
11854,1.040576,0.8115734,3.423956,3.669458
11855,1.049784,0.2839403,4.166212,4.305809
11856,1.045598,0.2947167,4.169745,4.308933
11857,2.099438,0.02061095,3.589197,4.158173
11858,0.5515477,0.06271046,4.969048,4.999958
11859,0.5514965,0.06200515,4.969063,4.999959
11860,-0.1456129,0.1340883,4.995886,4.999806
11861,0.5047144,0.07661883,4.973807,4.999936
11862,1.388587,0.09333186,4.802309,4.999906
11863,-0.2906775,1.598628,4.728625,5
11864,-0.1427052,0.1340363,4.995971,4.999806
11865,4.24823,1.528995,-0.2152107,4.520133
11866,3.923832,1.219268,0.04241435,4.109121
11867,4.176514,1.265867,-0.3118662,4.375266
11868,3.862505,0.6420791,-0.03681338,3.915682
11869,4.200837,0.8987067,-0.1120813,4.297356
11870,4.019704,1.092289,-0.02502103,4.165542
11871,4.612775,1.042592,-0.2167561,4.734097
11872,3.089382,3.908335,0.4250133,5
11873,-3.382185,2.441425,2.75686,5
11874,1.270892,-1.60919,-4.560191,5
11875,-2.744472,3.999937,1.211769,5
11876,0.7268733,0.04934713,2.474005,2.579047
11877,0.3234544,0.1083464,2.673927,2.695598
11878,0.154332,0.03271196,2.861052,2.865398
11879,0.5975161,0.06016088,2.511045,2.581858
11880,0.6266884,0.05212282,2.483608,2.561984
11881,0.3109675,1.467996,2.508766,2.92329
11882,0.1510048,0.0004995529,2.576518,2.580939
11883,0.285193,0.02989052,4.81678,4.825308
11884,1.469548,0.006224067,4.779161,5
11885,2.194824,0.03535726,4.003431,4.565738
11886,2.188555,0.03510449,4.010654,4.569065
11887,0.4260167,0.009885878,4.981808,5
11888,-0.2406343,0.3366129,4.981621,4.998776
11889,1.084775,0.05664884,4.880579,5
11890,0.008143953,0.2203572,4.99461,4.999475
11891,1.363472,0.2923041,4.800653,4.999077
11892,1.081443,0.04865142,4.881405,5
11893,0.6690896,0.09055258,4.954202,5
11894,3.576373,1.116037,0.1006398,3.747814
11895,3.51105,0.8139349,-0.1046714,3.605679
11896,3.729424,1.348128,-0.1791688,3.969654
11897,3.494936,0.8259684,-0.05102665,3.591574
11898,4.211715,0.9692556,0.0005741267,4.321805
11899,4.214266,0.9728286,0.003022275,4.325095
11900,3.807874,1.051748,0.04729199,3.950737
11901,3.729503,1.350733,-0.1779747,3.97056
11902,3.577075,1.116267,0.1014811,3.748575
11903,4.099497,0.3416489,-0.2076927,4.118948
11904,3.089001,2.031461,-3.36619,5
11905,-1.82679,-0.2335346,-4.648473,5
11906,-0.2570026,0.8902588,-0.02786125,0.9270315
11907,-0.4228175,0.8011466,-0.00157668,0.9058769
11908,-0.2790045,0.8308817,-0.006131252,0.8764961
11909,-0.04292161,0.9501742,-0.01453529,0.9512541
11910,-0.5251768,0.9637635,0.007087298,1.097589
11911,-0.2808423,0.9857318,0.04142191,1.025795
11912,-0.4281372,0.8123277,0.0269183,0.9186416
11913,-0.4950902,1.032461,-0.01333389,1.145106
11914,0.832279,4.48179,-0.06450364,4.558869
11915,0.8283667,4.471591,-0.05776569,4.548039
11916,-0.9058633,-2.458671,4.258445,5
11917,0.6342202,0.01929821,2.457873,2.538454
11918,-0.07333788,0.118022,2.475042,2.478939
11919,2.124556,0.1628065,2.539598,3.315087
11920,1.217793,-0.001263011,1.979154,2.323806
11921,0.7888049,0.08262561,2.49939,2.622211
11922,0.813813,4.180341,2.335426,4.857135
11923,0.6379933,0.01775528,2.467059,2.54828
11924,0.07191996,0.104567,3.200072,3.202588
11925,1.887432,0.1357698,2.787623,3.369225
11926,4.803254,0.4832617,1.292278,4.997477
11927,3.428469,3.388331,1.328463,5
11928,2.505932,0.3989975,4.30826,5
11929,2.514885,0.3942557,4.303478,5
11930,-0.03192733,1.434569,4.76641,4.977717
11931,0.8436924,0.633747,4.887387,5
11932,1.629743,1.703466,4.373631,4.968552
11933,0.3323914,3.297378,3.583602,4.881125
11934,-1.682041,0.1424341,4.706194,4.999781
11935,-0.00988013,0.2276608,4.994244,4.99944
11936,0.8696117,0.4643187,4.901855,5
11937,1.779153,3.176388,3.264227,4.889786
11938,3.039943,0.7990373,0.1887391,3.148862
11939,2.752174,0.5212855,0.1485664,2.805044
11940,2.424844,0.8035607,0.126941,2.557673
11941,2.919613,0.0450529,0.2214041,2.928342
11942,2.734925,0.2546068,0.1859538,2.753038
11943,2.925101,0.5492552,0.2042956,2.983225
11944,3.081825,0.2200131,0.2736843,3.101766
11945,4.719682,-0.2769129,1.545881,4.974116
11946,2.466167,-4.283561,0.7166856,4.994448
11947,4.90108,0.3479633,0.9264665,5
11948,0.04692563,-4.739099,1.513674,4.975185
11949,-0.5841827,2.904548,-4.027696,5
11950,3.823106,-0.6864023,3.148446,5
11951,4.555751,-2.049435,0.2120217,5
11952,1.046183,2.315787,3.236092,4.114566
11953,1.167524,0.03861564,2.99506,3.214808
11954,1.162597,0.03852793,3.001981,3.219473
11955,1.576576,0.05949407,2.989811,3.380548
11956,1.573976,0.05733024,2.98085,3.371372
11957,4.034535,-0.03291177,2.953209,5
11958,1.299889,4.569812,-1.557916,5
11959,4.838529,1.098271,-0.5021298,4.986952
11960,2.893877,3.579967,1.557156,4.859571
11961,2.402646,3.886846,1.577213,4.834033
11962,0.6168131,4.464323,1.592558,4.77984
11963,1.862034,3.918336,2.126217,4.831286
11964,1.012776,1.572785,-4.636878,5
11965,1.493203,0.05606068,2.574651,2.976848
11966,1.499936,0.05693656,2.564238,2.971257
11967,1.259106,0.06062997,2.627635,2.914359
11968,1.945892,0.02840211,2.531044,3.192724
11969,1.613698,0.03322621,2.633023,3.088355
11970,1.613867,0.03321626,2.63274,3.088202
11971,1.252126,0.06051626,2.627175,2.910933
11972,0.09708294,4.190249,2.352767,4.806571
11973,1.360667,0.02550974,4.81123,5
11974,0.363525,3.680958,3.139205,4.851413
11975,-0.8584992,-2.306798,4.352202,5
11976,0.2737025,4.730958,-0.3537321,4.752052
11977,0.5099546,4.7097,0.402936,4.754333
11978,0.9215757,4.338247,1.815788,4.792366
11979,1.124914,3.632839,3.01849,4.85533
11980,1.500368,3.033838,3.54265,4.899556
11981,1.470811,4.431391,0.3731828,4.683991
11982,3.467659,1.239766,0.3544782,3.69964
11983,3.53419,1.663888,0.4355521,3.930487
11984,3.538485,1.6632,0.4314555,3.933607
11985,3.313947,3.360285,-1.651134,5
11986,3.779998,3.048806,1.190123,5
11987,1.889292,0.0209185,2.070971,2.803352
11988,1.81415,0.03686938,2.090206,2.767934
11989,1.810433,0.03685891,2.091447,2.766437
11990,1.984143,0.06112048,2.389921,3.106812
11991,1.99165,0.06111648,2.385316,3.108076
11992,1.966816,0.03735624,2.105061,2.881153
11993,3.105854,2.750748,2.640002,4.917576
11994,4.271219,0.5671659,2.529873,4.996523
11995,3.105854,2.750748,2.640002,4.917576
11996,3.017888,-0.03375855,3.986378,5
11997,3.043616,-0.03783286,3.966733,5
11998,1.769538,4.58151,0.9372831,5
11999,1.546231,4.221646,2.187893,5
12000,1.746671,2.878263,3.573479,4.909685
12001,0.4060699,3.708131,3.098288,4.849177
12002,2.400121,3.122412,3.080578,5
12003,0.9099579,3.041702,3.731019,4.899029
12004,2.469235,2.51447,3.546874,5
12005,1.921989,3.406,2.907206,4.873061
12006,1.676245,2.993042,3.502014,4.902265
12007,1.116073,3.669499,2.245614,4.444505
12008,1.117192,3.670999,2.240333,4.44336
12009,1.62402,2.968925,1.306584,3.62755
12010,1.625103,2.97127,1.305947,3.629725
12011,3.266764,1.042283,0.3991071,3.452157
12012,3.173734,1.294995,0.1860225,3.432813
12013,3.592082,1.494806,0.3924575,3.910437
12014,3.590966,1.494419,0.391017,3.90912
12015,3.262715,1.265991,0.1070465,3.501357
12016,3.393872,1.517709,0.2681905,3.72743
12017,-0.232997,0.5792456,0.02447172,0.6248295
12018,-0.23507,0.5781389,-0.03070068,0.624856
12019,-0.4058842,0.5584688,0.05200784,0.6923397
12020,-0.4069829,0.5576891,0.02582293,0.6908828
12021,-0.2213616,4.255342,2.111955,4.755764
12022,2.212745,0.05226417,1.902329,2.918531
12023,2.438663,0.04701312,1.916629,3.102056
12024,2.481363,0.05207449,1.760654,3.042988
12025,2.334876,0.04381168,1.814315,2.957246
12026,2.480205,0.05209294,1.75957,3.041416
12027,3.806263,0.2208634,3.233931,4.999473
12028,3.812483,0.2201803,3.226648,4.999476
12029,2.764658,0.6573375,-4.108271,4.995329
12030,2.737028,0.6817024,-4.122348,4.994977
12031,4.968303,0.3224156,0.4480979,4.998878
12032,-0.7801267,-0.1528362,4.9364,5
12033,0.6753228,-1.058985,4.839679,5
12034,0.3068977,3.339428,3.542494,4.878036
12035,0.1923565,2.894207,3.960004,4.908673
12036,2.070664,2.54868,3.676251,4.929325
12037,-0.8203221,0.8663832,4.855558,5
12038,0.7754532,1.512764,4.70215,5
12039,3.765544,1.824261,0.1685065,4.187558
12040,2.732188,1.61991,0.01611347,3.176353
12041,2.733215,1.622712,0.01623516,3.178667
12042,3.102098,2.784364,0.006168097,4.168421
12043,3.103508,2.785278,0.006201064,4.170081
12044,2.898492,1.908394,0.09471663,3.471627
12045,3.070763,1.479501,0.07427131,3.409403
12046,-3.662044,0.2156485,3.227615,4.88616
12047,3.539321,3.381132,0.9693499,4.989839
12048,-1.715306,2.872914,3.529616,4.863548
12049,1.129029,-1.874789,4.270824,4.798904
12050,3.659986,-1.349975,-3.12763,5
12051,0.9616003,-1.678705,4.380033,4.788258
12052,2.190467,0.05069814,1.749305,2.803709
12053,2.339238,0.06549974,1.422114,2.738381
12054,2.613176,0.2012955,1.807814,3.183928
12055,2.679857,0.147984,1.47772,3.063852
12056,2.199428,0.05069071,1.751817,2.812279
12057,2.582113,0.09584332,1.573718,3.025406
12058,2.583908,0.09588561,1.580986,3.030725
12059,4.870862,0.7450361,-0.8121968,4.994
12060,-0.1091194,2.644751,4.151834,4.923854
12061,0.2306074,1.13778,4.848961,4.985995
12062,2.75263,3.926903,0.5801046,4.830534
12063,-1.384855,4.547144,-0.4146129,4.771399
12064,2.385087,0.7574514,4.321533,4.993798
12065,0.2235722,1.337061,4.776583,4.965225
12066,0.2320957,-3.590362,-3.472093,5
12067,4.843277,1.087972,0.5991576,5
12068,1.071299,-1.881587,4.506878,5
12069,-2.24313,-0.7217028,4.409934,5
12070,-2.242407,-0.7224213,4.410183,5
12071,2.857964,0.1607167,1.372362,3.174455
12072,2.655734,0.1877233,2.181598,3.442024
12073,2.564129,0.1566032,1.698982,3.079906
12074,2.858629,0.1604924,1.370591,3.174278
12075,2.601457,0.1070009,1.801586,3.166188
12076,2.600952,0.1069886,1.804249,3.167288
12077,-4.111975,2.65209,0.5460981,4.923428
12078,-0.6523967,4.151447,2.340505,4.810207
12079,-1.454281,3.544418,-2.994154,4.862385
12080,-0.503225,4.532583,1.408188,4.772896
12081,-2.10051,-4.533908,0.1775749,5
12082,-0.7479562,-1.981599,4.529219,5
12083,-0.6927505,-1.651129,4.668391,5
12084,-4.414503,2.290215,0.5168006,5
12085,1.080606,4.085224,2.672684,5
12086,2.871121,0.1003819,1.944213,3.468916
12087,2.87063,0.1003807,1.952596,3.473215
12088,3.16227,0.1045344,2.150118,3.825426
12089,2.67848,0.1677861,1.759095,3.208866
12090,2.491092,0.2235112,1.327782,2.831696
12091,3.159638,0.1044746,2.148698,3.822451
12092,2.48841,0.2244332,1.327798,2.829417
12093,2.833371,0.2271677,1.185473,3.079763
12094,2.707483,0.1725139,1.716222,3.21024
12095,4.501458,1.818099,1.03648,4.964161
12096,-1.438152,1.098704,-4.646951,4.986941
12097,-3.498614,1.365135,-3.270287,4.979826
12098,-1.933531,3.341434,-3.177465,5
12099,-3.596652,0.04651265,3.472995,4.999977
12100,2.586195,1.306835,-4.052071,4.981516
12101,1.369966,0.1216843,0.624492,1.510498
12102,1.420439,0.1876097,0.7372109,1.611311
12103,1.463068,0.2059111,0.8976226,1.728784
12104,1.46355,0.2072571,0.8992032,1.730174
12105,1.424015,0.1887452,0.7416986,1.616651
12106,2.945898,-2.113873,-3.442852,5
12107,2.608374,-1.931411,-3.803424,5
12108,3.496562,-1.178523,3.374187,5
12109,0.486443,-2.197242,4.464919,5
12110,2.244282,-4.022232,1.945469,5
12111,0.01650374,1.288916,0.2748921,1.318007
12112,0.01139047,1.293303,0.2763926,1.322556
12113,3.932626,-2.451312,-1.877637,5
12114,3.387459,3.517549,-1.073298,5
12115,2.795589,0.1838864,1.049814,2.991862
12116,2.795643,0.1835487,1.058019,2.994781
12117,2.405815,0.1805625,1.237074,2.711255
12118,3.573821,0.3436505,1.67719,3.962734
12119,2.402594,0.1801265,1.235955,2.707857
12120,3.574301,0.343466,1.675692,3.962517
12121,0.7588576,3.658368,-3.097515,4.853259
12122,2.9367,3.148981,-2.321302,4.8917
12123,3.204883,-0.1490648,3.834906,5
12124,-0.4858097,4.593219,-1.177743,4.766629
12125,4.304108,0.5344087,2.481574,4.996913
12126,1.758964,0.3927464,0.3976064,1.845615
12127,1.860993,0.5585657,0.4628817,1.997386
12128,1.388738,0.1671632,0.6784539,1.554618
12129,1.550847,0.6095279,0.6337341,1.78277
12130,1.549095,0.60792,0.6362204,1.781583
12131,1.947469,0.5048835,0.585242,2.095245
12132,1.944066,0.5049016,0.585212,2.092078
12133,1.465178,3.578386,3.169922,5
12134,3.998795,-2.807361,-1.062243,5
12135,3.795184,-2.815054,-1.634641,5
12136,0.4664155,4.203024,0.0131125,4.228845
12137,0.4687153,4.206366,0.01029419,4.232412
12138,0.4339202,1.759473,0.0597109,1.813173
12139,1.174516,2.6304,0.03736484,2.880953
12140,0.4336531,1.758816,0.05391946,1.812291
12141,1.174505,2.636479,0.04057747,2.886543
12142,4.043558,2.941022,-0.00545089,5
12143,-2.793082,0.9689785,3.830724,4.838871
12144,0.9322253,1.821329,4.562205,5
12145,2.50976,0.1998681,1.498019,2.929659
12146,2.826332,0.3021333,3.029289,4.154038
12147,2.817799,0.3017681,3.027934,4.147221
12148,3.802424,0.438411,2.541667,4.594638
12149,3.008169,0.2520513,2.529041,3.938103
12150,2.483562,0.1641838,0.9300562,2.657073
12151,3.805447,0.4382786,2.538795,4.595541
12152,2.431103,4.072479,0.8443409,4.817494
12153,-1.538383,3.741719,2.668408,4.846389
12154,2.505672,3.743712,1.786647,4.846223
12155,3.042883,3.292298,-2.213964,5
12156,-3.467753,-1.831719,3.101531,5
12157,-0.4099768,0.6618556,-4.934222,4.995265
12158,1.944108,0.7113026,0.580277,2.149937
12159,1.989441,0.4831552,0.5032899,2.108225
12160,2.040559,0.6944982,0.634718,2.247015
12161,1.992811,0.4127823,0.7710086,2.176267
12162,2.025818,0.6801959,0.6686364,2.239125
12163,1.946966,0.7104554,0.5853583,2.153618
12164,1.466748,0.3951473,0.5112672,1.602775
12165,1.703934,0.1817364,0.7177103,1.857829
12166,1.829058,0.2766252,0.6921917,1.975121
12167,1.988408,0.4833222,0.5054813,2.107814
12168,-3.585865,3.467931,0.339165,5
12169,-2.051879,-1.157242,-4.410282,5
12170,-1.525615,-0.9223717,4.671373,5
12171,-3.962072,1.152892,-2.823619,5
12172,3.678314,0.6737801,3.31904,5
12173,-4.90673,-0.724777,0.6314276,5
12174,-3.66616,1.827205,2.867158,5
12175,-1.723561,-0.1609121,4.690783,5
12176,-4.513063,1.136637,1.827654,5
12177,2.859257,0.2579979,1.297667,3.150532
12178,2.548846,0.1380292,0.2669201,2.566498
12179,2.727673,0.3087206,0.6697775,2.825617
12180,3.285202,0.2316192,1.054853,3.458166
12181,2.92555,0.2908648,0.6779231,3.017122
12182,2.929822,0.2907621,0.6742696,3.020437
12183,3.298334,2.937528,-2.135344,4.905891
12184,-2.754881,1.474219,3.873309,4.976466
12185,3.5271,2.023181,-2.832683,4.955582
12186,4.142036,2.623381,-0.9558284,4.995218
12187,1.498716,0.3393857,0.6924552,1.685475
12188,1.608443,0.4210892,0.8302252,1.858407
12189,1.8476,0.7347544,0.9221557,2.191772
12190,1.718491,0.7554536,0.3071686,1.902176
12191,2.286173,0.5942058,0.387346,2.39368
12192,1.583331,0.6423669,0.5684172,1.800741
12193,1.578066,0.640257,0.5696809,1.795761
12194,1.749153,0.7012669,0.5286272,1.957233
12195,1.883326,0.1853616,0.3658113,1.927458
12196,2.938061,0.7408471,3.977304,5
12197,3.426511,-3.192986,-1.75039,5
12198,-4.853942,0.05503581,-1.198422,5
12199,-2.147515,-4.507034,0.2735442,5
12200,1.954269,-3.021857,-3.471197,5
12201,-0.5453768,-0.4779884,4.94713,5
12202,-2.0229,4.324488,-1.485492,5
12203,-1.425071,3.208704,-3.55997,5
12204,2.488497,0.3247342,0.4881827,2.556637
12205,2.211694,0.2234807,0.5053335,2.27967
12206,2.779393,0.181277,0.5617688,2.841386
12207,2.600647,0.275247,0.3337712,2.636385
12208,2.284826,0.2318927,0.6953525,2.399525
12209,2.672682,0.2194803,0.3131459,2.6999
12210,2.449325,0.1789745,0.5199323,2.510289
12211,-0.8272539,4.255439,-2.061684,4.80038
12212,2.02749,2.753484,-3.533912,4.91741
12213,-0.4334459,3.232549,-3.789822,5
12214,-4.414671,2.312274,-0.4050471,5
12215,-0.9534552,2.260498,4.292905,4.944488
12216,-1.892745,4.275478,1.078419,4.798456
12217,1.528778,0.108739,0.7510666,1.706777
12218,2.026975,0.4367355,0.613057,2.162222
12219,1.979569,0.8049849,0.5615252,2.209526
12220,2.194657,0.5198359,0.5172429,2.313934
12221,2.020659,0.1219756,0.5482582,2.097267
12222,1.438101,0.5296664,0.6002815,1.64591
12223,1.85867,0.9806219,0.6339461,2.195031
12224,-0.07441577,4.678296,1.762955,5
12225,4.520496,1.618404,-1.394948,5
12226,4.775064,0.978321,1.114297,5
12227,-0.02286906,2.501543,0.7582892,2.614047
12228,-0.481863,3.313926,3.712911,5
12229,-1.240647,-4.768845,-0.8478909,5
12230,2.424038,0.2114256,0.8484442,2.576921
12231,2.258129,0.2187628,0.04799448,2.269208
12232,2.308686,0.2000924,0.9972803,2.522824
12233,2.735509,0.2903544,0.2597675,2.763113
12234,2.47454,0.1785442,0.9153526,2.644447
12235,2.938158,0.2346901,0.6789253,3.024697
12236,2.623835,0.2319017,0.5966628,2.700795
12237,-1.261201,-4.824742,-0.3622595,5
12238,0.02050003,4.293769,-2.138077,4.796691
12239,2.430316,4.056426,-0.9280782,4.818958
12240,3.518783,-3.50955,-0.5488343,5
12241,-3.205928,3.446941,-1.247813,4.86995
12242,-0.04449813,4.600838,-1.242372,4.765835
12243,2.124042,0.3105564,0.5034477,2.204871
12244,1.75373,1.054277,0.6596335,2.149927
12245,2.358819,0.8812017,0.6421905,2.598644
12246,2.010086,0.539335,0.5868317,2.162336
12247,1.934359,0.2130217,0.5865117,2.032515
12248,2.157602,0.9787934,0.3171707,2.390372
12249,4.492834,2.180214,-0.2471973,5
12250,-4.504431,-0.6096145,2.082899,5
12251,-3.356237,-2.090137,3.060556,5
12252,2.53485,-4.085853,1.371255,5
12253,2.995991,-3.66463,1.610754,5
12254,-4.080172,-0.9147892,2.741416,5
12255,0.7312187,4.94016,0.2452284,5
12256,2.429487,3.184402,2.992853,5
12257,1.919963,0.2306533,0.1222457,1.937628
12258,1.697092,0.2490484,0.4028724,1.761946
12259,1.69967,0.2492695,0.415231,1.767323
12260,2.027629,0.2720926,0.3586065,2.076996
12261,1.920048,0.2307209,0.1230454,1.937771
12262,2.069136,0.2301717,0.2744066,2.099905
12263,2.314835,0.2620159,0.5509171,2.393872
12264,1.826481,0.157659,-0.188766,1.842965
12265,1.823907,0.1578328,-0.1893014,1.840485
12266,-0.83521,4.180112,2.222922,4.807525
12267,3.47195,3.417181,0.0831627,4.872215
12268,2.748758,3.959631,-0.2680144,4.827647
12269,3.699929,2.921437,-1.361506,4.90693
12270,3.634886,-3.421202,0.2880678,5
12271,0.8212684,-4.727629,-1.405362,5
12272,2.802355,-3.864977,-1.486189,5
12273,3.208092,-0.5634482,-3.793504,5
12274,1.078979,4.573565,-0.811492,4.76867
12275,-2.355616,-3.752622,-2.317089,5
12276,1.078979,4.573565,-0.811492,4.76867
12277,1.078979,4.573565,-0.811492,4.76867
12278,-1.574135,-1.296366,0.07430306,2.040585
12279,-2.245091,-0.08305648,-0.02574884,2.246775
12280,-2.244883,-0.08342168,0.02099336,2.246531
12281,-1.574495,-1.296299,0.04842815,2.040042
12282,-2.635366,-0.3071833,0.04246373,2.653548
12283,-2.636826,-0.3112959,0.04066883,2.655449
12284,4.183007,-2.738584,0.04847359,4.999974
12285,4.966595,0.577001,1.452864E-06,5
12286,1.852975,0.03331022,0.427742,1.901996
12287,1.817528,0.4496867,0.6605719,1.985443
12288,1.995639,0.09340642,0.5408101,2.069729
12289,2.155443,0.4436851,0.1198224,2.203894
12290,2.033629,0.2895588,0.3027346,2.076328
12291,1.948162,0.3342981,0.2952043,1.998559
12292,2.273449,0.5890579,0.3806689,2.379174
12293,-0.03345353,4.311636,2.531536,5
12294,1.672484,-1.675075,4.404193,5
12295,-2.116041,-3.546396,-2.818767,5
12296,2.097716,-4.516712,-0.4459832,5
12297,-3.934144,-3.073324,-0.277838,5
12298,1.225161,0.4095216,0.5795407,1.415837
12299,0.761166,0.3341826,0.5036874,0.9719839
12300,0.8856845,0.4143391,0.5813798,1.137592
12301,0.8975102,0.3744406,0.5268521,1.10603
12302,0.7544876,0.3341468,0.5036916,0.9667527
12303,4.217023,-1.440307,2.154266,4.949609
12304,3.707235,2.707621,1.681577,4.889019
12305,3.68558,2.730233,1.687962,4.887421
12306,3.685642,2.730152,1.687971,4.887426
12307,2.17414,3.986428,1.550766,4.798267
12308,2.522717,3.658868,1.852453,4.814872
12309,4.277472,1.738957,1.739452,4.934211
12310,4.217064,-1.440141,2.154293,4.949608
12311,4.157735,-1.484908,2.229626,4.946002
12312,3.657128,3.08162,-1.050289,4.896333
12313,2.082093,3.66668,2.28156,4.794285
12314,1.019031,1.452675,4.440812,4.782206
12315,2.128275,3.774424,2.056284,4.796262
12316,2.157039,3.914318,1.743973,4.797514
12317,4.619296,-1.494994,-1.194611,5
12318,1.363846,-4.551656,1.47857,4.976326
12319,1.563966,4.049917,1.988257,4.775037
12320,2.429185,4.096002,-0.7136715,4.81534
12321,2.136964,4.099969,1.277255,4.796639
12322,2.047195,4.313685,-0.4368522,4.79476
12323,1.279693,4.106485,2.054587,4.766778
12324,2.151958,-4.266874,1.397134,4.978868
12325,4.03769,-0.8989156,-2.808738,5
12326,1.488192,3.980856,2.171752,4.772676
12327,1.572131,4.251616,1.501883,4.775299
12328,2.025555,4.103066,1.422852,4.791924
12329,2.295424,3.883978,-1.736673,4.834283
12330,1.79362,0.7504127,0.4006109,1.985115
12331,2.175772,0.04416749,0.2233535,2.187652
12332,1.771695,0.7496556,0.2673314,1.942254
12333,2.196317,0.6648641,0.2137306,2.304677
12334,1.903037,0.09067581,0.3361965,1.934632
12335,1.838775,1.166459,0.2886275,2.196594
12336,-2.205419,-4.47508,0.3313394,5
12337,-0.5434573,-1.487471,4.742582,5
12338,-2.299051,-1.262088,4.256935,5
12339,4.61588,-0.9985964,1.642091,5
12340,4.780173,-0.7376212,-1.267226,5
12341,-0.9506917,4.582208,-1.760556,5
12342,1.229898,-4.452328,1.914192,5
12343,2.185346,0.7480776,0.223368,2.320614
12344,2.008457,0.2093881,0.3516178,2.049727
12345,2.004704,0.2097747,0.3560081,2.046848
12346,1.663233,0.08992862,0.03604234,1.666052
12347,2.009685,0.7526901,0.1693059,2.152682
12348,2.024917,0.1494373,0.1870462,2.039021
12349,2.284931,0.9294776,0.1838162,2.473586
12350,2.119244,0.5783692,0.2982578,2.216904
12351,2.025355,0.1493206,0.186303,2.039379
12352,-2.870253,0.9381844,3.985155,5
12353,3.461581,-3.539799,-0.6980544,5
12354,0.3628179,1.960165,4.585424,5
12355,-1.060013,-4.729825,1.226837,5
12356,0.7864802,-4.105702,2.74311,5
12357,2.03896,1.287423,0.7004677,2.511069
12358,2.036937,1.288236,0.7005299,2.509861
12359,0.1667895,4.679616,-1.753104,5
12360,0.007107599,-3.570712,3.499995,5
12361,1.949454,0.5819063,-0.05198532,2.035114
12362,1.90307,0.3306662,0.05697742,1.932423
12363,1.906394,0.3395704,0.0571804,1.937244
12364,2.036694,0.02595163,0.1961612,2.046283
12365,2.22104,0.9274213,0.225423,2.417425
12366,2.281307,0.794534,0.08959095,2.417368
12367,2.279232,0.7922312,0.0943506,2.414836
12368,2.327047,-3.756727,2.3392,5
12369,0.5909586,-3.58638,3.433459,5
12370,4.500252,-1.925647,1.019615,5
12371,3.783213,2.206049,2.412601,5
12372,3.1968,-2.305985,3.076183,5
12373,0.2797793,-0.3071486,1.616416,1.668957
12374,-0.007361266,-0.2074095,1.508131,1.522344
12375,0.2753258,-0.304579,1.619755,1.670981
12376,-0.09614109,-0.2878696,1.652443,1.680083
12377,2.046188,1.331468,0.4651711,2.485172
12378,2.047982,1.331066,0.4707727,2.487487
12379,1.59634,1.805332,0.735435,2.519601
12380,1.991386,1.340638,0.6797389,2.49499
12381,1.9905,1.349099,0.6850128,2.50028
12382,-2.125008,3.866006,-2.353368,5
12383,-1.983782,-3.653533,-2.777824,5
12384,4.126158,2.519042,-1.27642,5
12385,-0.8202136,-0.5825391,4.897744,5
12386,4.944728,0.1904173,-0.7165245,5
12387,2.011307,-0.02823292,0.1534601,2.01735
12388,1.891234,-0.089521,-0.2112914,1.905105
12389,1.53038,0.4024027,-0.05494933,1.583355
12390,1.626405,0.1760232,-0.1606909,1.643775
12391,1.21097,0.1274829,0.2031699,1.234495
12392,1.571217,0.5253634,0.1133628,1.660596
12393,1.517962,0.3881583,0.3044016,1.596101
12394,1.573653,0.5265833,0.1147064,1.66338
12395,1.654375,0.6385548,-0.120825,1.777444
12396,1.654492,0.6383852,-0.1206868,1.777483
12397,0.9404719,-2.531628,-4.207893,5
12398,3.274734,-3.697464,-0.777739,5
12399,-0.1523484,-2.029987,-4.566831,5
12400,3.154643,-3.866967,0.3078908,5
12401,-2.82688,-3.903481,-1.331008,5
12402,-0.01621873,-0.192763,1.521971,1.534215
12403,0.3150095,-0.08568513,1.3005,1.340848
12404,0.0006899804,-0.1588467,1.508277,1.516619
12405,-0.02019803,0.05778375,1.311729,1.313156
12406,0.09736627,-0.04907358,1.272979,1.27764
12407,0.001603361,-0.1609193,1.505368,1.513945
12408,-0.02049277,0.06287377,1.314331,1.315993
12409,0.07991698,-0.001300527,1.282484,1.284972
12410,-0.0152319,-0.1937886,1.525469,1.537804
12411,1.668479,1.461792,0.4955819,2.272941
12412,1.845154,1.795618,0.6633308,2.65873
12413,1.929162,1.357282,0.6510396,2.446985
12414,1.928814,1.357169,0.6512264,2.446697
12415,1.693962,1.183037,0.7331061,2.19238
12416,1.670347,1.465066,0.4959803,2.276505
12417,1.709632,1.970893,0.8758774,2.752167
12418,1.574641,1.465086,0.6911889,2.25914
12419,4.061038,-1.081523,2.708925,5
12420,0.9902457,4.567744,-1.776268,5
12421,1.940926,0.2077567,4.603221,5
12422,3.756974,1.083372,3.116321,5
12423,-2.365229,1.139659,-4.255217,5
12424,0.8320507,0.187737,0.1744362,0.8706213
12425,0.9856165,-0.1591547,0.118793,1.005426
12426,0.643003,0.403721,0.1235873,0.7692317
12427,1.031389,0.3057851,0.1456496,1.085579
12428,1.077236,0.4378259,0.121199,1.16911
12429,0.9250104,0.281554,0.1092286,0.973061
12430,4.706518,-1.679973,-0.162433,5
12431,1.181098,-0.7016257,4.567192,4.76933
12432,3.710119,-3.031657,-1.429711,5
12433,1.177317,-0.6903802,4.569619,4.769079
12434,0.2789571,-3.988226,2.852569,4.911305
12435,4.711245,-0.5650829,1.497526,4.975714
12436,2.251244,-3.851765,2.25739,5
12437,0.15486,-0.1323152,1.664881,1.677295
12438,-0.02331085,-0.1287863,1.518839,1.524467
12439,-0.09689442,0.05634703,1.374017,1.378581
12440,-0.01966147,-0.2311404,1.532107,1.549569
12441,-0.01920227,-0.2373398,1.532081,1.550475
12442,-0.01206654,0.08492298,1.375397,1.378069
12443,0.05868606,0.1589484,1.426838,1.436863
12444,-0.01379774,-0.1522148,1.319302,1.328125
12445,-0.1156752,0.08386888,1.650324,1.656498
12446,0.1567978,-0.1339974,1.665421,1.678144
12447,-0.1161998,0.08542935,1.653897,1.660174
12448,-0.02361469,-0.1289265,1.513169,1.518835
12449,2.09438,1.177678,0.5290365,2.460332
12450,1.523859,1.90957,0.9946498,2.637789
12451,1.616384,1.370327,0.7363692,2.243375
12452,1.994398,1.031712,0.4683998,2.293785
12453,2.038237,0.8906108,0.3832228,2.257091
12454,2.271726,0.7203305,0.5782352,2.45234
12455,1.616316,1.370295,0.7359126,2.243157
12456,2.27047,0.7202656,0.5782624,2.451164
12457,1.987131,1.429432,0.7427143,2.558044
12458,3.815207,3.043221,1.087661,5
12459,-2.758003,2.504291,-3.334958,5
12460,1.247965,-4.132663,2.522633,5
12461,1.66411,0.9902283,4.609792,5
12462,-0.1154801,0.02516926,1.823375,1.827201
12463,-0.1146983,0.0249623,1.822368,1.826144
12464,-0.02385507,-3.155688E-05,1.560813,1.560995
12465,-0.01046142,-0.006243529,1.563977,1.564024
12466,-0.02569636,0.1209833,1.582606,1.587431
12467,-0.02566892,0.1216154,1.584996,1.589862
12468,-0.0238305,-0.004608787,1.568446,1.568634
12469,-0.02477419,-0.1785851,1.630852,1.640788
12470,1.667985,1.48676,0.2289524,2.246118
12471,2.370037,0.948842,0.4202081,2.587267
12472,2.046299,0.7633224,0.4214821,2.224331
12473,1.667721,1.487141,0.228445,2.246123
12474,2.167452,0.652938,0.01151687,2.263694
12475,2.188388,1.31057,0.2880903,2.567027
12476,2.076411,1.2731,0.520059,2.490527
12477,2.455378,0.7501215,0.07165553,2.568403
12478,4.070428,-2.214285,1.878443,5
12479,-0.04167105,-1.168547,-4.861354,5
12480,-4.325161,1.77426,-1.773411,5
12481,-3.864674,1.373432,2.859717,5
12482,0.6449264,1.647464,4.67653,5
12483,1.087942,1.13997,4.745193,5
12484,0.8797701,-4.152564,2.642388,5
12485,1.795343,-2.85111,3.694308,5
12486,-0.2110058,2.512915,-4.317491,5
12487,-0.03305503,0.1783704,1.355147,1.367235
12488,-0.02461649,-0.1508604,1.516474,1.524158
12489,-0.02502435,-0.1518978,1.51622,1.524016
12490,-0.02748589,-0.003141323,1.649244,1.649476
12491,-0.01455608,-0.3320635,1.476378,1.513331
12492,-0.1534333,-0.1167757,1.634303,1.645638
12493,-0.02151513,0.04053948,1.720931,1.721543
12494,-0.02783733,-0.00297813,1.648896,1.649134
12495,-0.1673991,0.0644665,1.919059,1.927425
12496,-0.0329484,0.1787263,1.354878,1.367013
12497,1.253794,4.41644,1.980671,5
12498,1.254684,4.415896,1.981321,5
12499,1.665376,4.574016,1.093051,4.988974
12500,3.580538,2.925609,1.521877,4.867807
12501,3.578085,2.923337,1.520666,4.864259
12502,2.03632,1.18169,0.3057279,2.374123
12503,2.368811,0.8238878,0.4755323,2.552682
12504,2.036925,1.180542,0.3048973,2.373964
12505,2.229538,1.075784,0.1450773,2.479758
12506,1.490152,1.254926,0.1941475,1.957826
12507,3.226761,2.091327,-3.195992,5
12508,-0.9118602,4.162346,-2.615987,5
12509,1.986338,-1.904576,4.174572,5
12510,-0.565586,-0.08069915,-4.967253,5
12511,-3.160175,1.114894,-3.710836,5
12512,1.391768,4.676276,-1.093354,5
12513,-0.02019976,0.1283446,1.430771,1.436658
12514,-0.01902579,0.1796224,1.466735,1.477815
12515,-0.03472226,0.1215118,1.505787,1.511081
12516,-0.0343799,0.120225,1.503457,1.508648
12517,-0.03537841,0.1533224,1.594672,1.602416
12518,-0.3095295,0.1548169,1.588694,1.625954
12519,-0.03534914,0.1530899,1.604896,1.612569
12520,-0.01684298,0.1087905,1.604996,1.608767
12521,0.7346923,4.468497,2.119615,5
12522,2.12448,3.055208,3.144232,4.871746
12523,2.165855,0.7612314,0.2209756,2.306346
12524,1.733071,0.9090118,0.05539151,1.957781
12525,1.579921,0.8829169,-0.06076872,1.810908
12526,1.569122,1.358504,0.1957034,2.084701
12527,2.107187,1.121098,0.08677543,2.388436
12528,1.807347,0.8922262,0.2340315,2.029124
12529,2.145583,0.9921376,0.4863292,2.413375
12530,1.756195,0.8877469,0.09751768,1.970235
12531,1.755791,0.8829987,0.09144802,1.967448
12532,1.840207,0.6138129,-0.2176601,1.952051
12533,1.982821,0.9268354,0.3308054,2.213603
12534,1.99151,1.273571,-0.04291208,2.364305
12535,2.278596,0.8387353,-0.01515799,2.428108
12536,-2.317051,0.9431424,4.329175,5
12537,2.483273,3.777125,-2.13698,5
12538,-1.760176,3.218768,-3.397251,5
12539,2.888076,-3.325166,2.366916,5
12540,0.7874628,3.820105,-3.12837,5
12541,-0.04036969,0.1234722,1.525876,1.531395
12542,-0.02592272,0.2700118,1.591353,1.614305
12543,-0.04575966,0.163047,1.602326,1.61125
12544,-0.01008642,0.1871991,1.651844,1.662448
12545,-0.08707465,0.2221699,1.708798,1.725379
12546,-0.02581668,0.2710107,1.58799,1.611156
12547,-0.1318051,0.346892,1.67867,1.719197
12548,-0.08666256,0.2257234,1.709326,1.726342
12549,-0.2502454,0.0358541,1.669739,1.688768
12550,0.05943779,0.6751615,4.953849,5
12551,-0.111178,-0.1443347,4.996679,5
12552,-0.2244544,0.9318764,4.907263,5
12553,0.8499571,0.7495676,0.08023278,1.136097
12554,0.9842613,0.8952535,0.04976411,1.331437
12555,0.9339904,0.9560652,0.06021741,1.337918
12556,0.7592664,0.8138748,0.06870363,1.115167
12557,1.027854,0.8304843,0.06717879,1.323141
12558,0.9597881,0.7498202,0.05744839,1.219313
12559,1.72582,-2.479124,-3.984406,5
12560,1.358158,-3.728575,2.889801,4.908953
12561,4.856236,-0.8690707,0.7727695,4.993544
12562,3.170313,-0.06616118,3.672551,4.852102
12563,-0.4297198,-0.9981695,4.880471,5
12564,1.882228,-1.19085,4.476505,5
12565,-1.693845,0.06304991,4.703925,5
12566,3.234227,-0.3017758,3.611088,4.857083
12567,-2.659551,2.654973,-3.298167,5
12568,3.40889,0.8101562,3.388601,4.874371
12569,2.266582,3.481753,2.782087,5
12570,-0.6062393,-1.475256,-0.6321878,1.715683
12571,3.655481,-0.271661,-2.215137,4.282893
12572,-1.65965,-4.710318,0.2418113,5
12573,-0.7099095,-0.179965,4.904988,4.959362
12574,-0.2041192,-0.04282198,1.529171,1.543328
12575,-0.2651956,0.138232,1.674351,1.700849
12576,-0.03820889,0.08540057,1.098466,1.102443
12577,-0.0523224,0.3405073,1.454789,1.495023
12578,-0.04843821,0.08912223,1.287742,1.291731
12579,-0.05229232,0.3426755,1.461127,1.501683
12580,-0.01574456,-0.2702256,1.670542,1.692329
12581,1.920007,-0.468159,0.5118028,2.041456
12582,1.918651,-0.4683142,0.5106784,2.039934
12583,2.339974,-0.007759199,0.5642525,2.407056
12584,-1.521097,0.3002799,4.753535,5
12585,-1.375975,2.597214,4.044895,5
12586,-0.2158882,2.718445,4.190876,5
12587,2.350079,-2.141925,3.858664,5
12588,2.350575,-2.144444,3.856961,5
12589,-0.1317693,-1.501851,4.291195,4.548326
12590,-2.781153,-0.6049197,-4.110871,5
12591,3.215861,0.3523237,3.812363,5
12592,-0.06169084,0.2358746,1.141471,1.167218
12593,-0.07254435,0.1756196,1.091154,1.107575
12594,-0.06169157,0.2336131,1.146865,1.172042
12595,-0.3206467,-0.290475,1.597241,1.654801
12596,-0.2106317,0.06770448,1.502216,1.518421
12597,-0.3576587,0.2185678,1.616553,1.67001
12598,0.2173828,0.2133405,1.372355,1.405748
12599,-0.04107898,0.01191856,0.8699068,0.8709577
12600,-0.07258064,0.1752513,1.09452,1.110836
12601,-0.03517261,-0.08611707,1.265662,1.269076
12602,3.456082,1.28087,3.37859,5
12603,1.938843,-0.5892168,0.537505,2.096473
12604,2.920722,-0.9049376,1.684667,3.491079
12605,2.851782,0.288437,1.982073,3.484892
12606,3.078596,1.442752,2.433346,4.180964
12607,3.081319,1.441378,2.432658,4.182096
12608,2.648968,-3.875938,1.720485,5
12609,-4.683172,-1.467244,0.9566069,5
12610,-0.08167209,-0.2300305,1.713325,1.730626
12611,-0.02213852,0.09926234,1.557075,1.560393
12612,-0.08397652,-0.2335066,1.721236,1.739031
12613,0.005599636,-0.007128686,1.560541,1.560567
12614,-0.01365006,0.02517962,1.552633,1.552897
12615,-0.0220686,0.09784687,1.559092,1.562316
12616,-0.7354643,-0.7711428,0.2104131,1.086206
12617,-0.1403963,0.1121096,0.06737338,0.1918824
12618,-0.1452622,0.1106442,0.06822589,0.1949308
12619,-0.7884324,-1.119015,-0.1172699,1.373889
12620,-0.4980812,-4.968586,-0.2550813,5
12621,-0.3823399,3.630307,-3.416825,5
12622,0.5491081,-0.3227101,-4.959268,5
12623,3.242295,3.346902,1.812671,5
12624,0.0305911,0.7555131,4.942496,5
12625,-0.2048756,0.007635995,1.462125,1.476429
12626,-0.1097456,0.1658894,0.9879073,1.007732
12627,-0.03117451,0.2716047,1.176528,1.207874
12628,-0.06550992,0.1091829,1.422373,1.428061
12629,-0.07228589,0.2743164,1.354931,1.38431
12630,-0.06526351,0.1046846,1.413883,1.419255
12631,0.109116,0.1138712,1.360479,1.36959
12632,-0.05039954,0.04275721,1.190298,1.192132
12633,4.366557,1.191609,2.068473,4.976478
12634,3.334039,-0.9622334,3.599763,5
12635,3.32955,0.9883909,3.596829,5
12636,3.234824,0.3570217,2.30279,3.986777
12637,3.836294,-1.114923,2.79283,4.874434
12638,3.174301,1.124828,1.152166,3.559341
12639,3.171671,1.124553,1.150604,3.556403
12640,4.36621,1.191031,2.069682,4.976537
12641,3.622594,0.7477331,3.36418,5
12642,4.27371,1.286638,2.253877,5
12643,2.753818,-0.6348702,4.124734,5
12644,3.129607,2.246462,-3.187314,5
12645,0.5403146,0.03667801,1.676018,1.76134
12646,-0.02330386,-0.3704334,1.468542,1.514721
12647,0.5204898,0.3665192,1.171512,1.333299
12648,-0.04218817,-0.07509612,1.246016,1.24899
12649,-0.04217694,-0.06906766,1.251387,1.254001
12650,-0.508699,-0.4426828,-0.08884243,0.6801733
12651,-0.7366833,-0.7900563,-0.1588533,1.091845
12652,0.06518986,1.093107,-0.04494206,1.095971
12653,0.1189075,0.2016413,-0.02390821,0.2353079
12654,-0.04305442,-0.2803853,-0.7142717,0.76854
12655,0.4426451,1.326303,0.2222194,1.415767
12656,-0.04739701,-0.278306,-0.7098112,0.7638931
12657,0.1167347,0.1950571,-0.02425049,0.2286096
12658,0.3719257,0.5321626,0.9341417,1.137606
12659,0.0673057,1.092715,-0.04410267,1.095674
12660,-0.586287,-3.381671,3.636009,5
12661,1.351481,0.5885521,4.777772,5
12662,-0.8716254,2.694407,-4.120733,5
12663,0.09701762,-0.8305381,-4.929583,5
12664,-0.07563321,0.246969,1.234091,1.260831
12665,-0.2174859,0.2545594,0.9202563,0.9792712
12666,-0.2212648,-0.005734841,1.208715,1.228814
12667,0.1077075,0.008512476,1.463108,1.467092
12668,-0.1008148,-0.08840767,1.321706,1.32849
12669,-0.05682978,0.1904468,1.160958,1.177847
12670,0.3660125,-0.1788965,0.9995372,1.079372
12671,-0.08420138,0.1418363,1.080905,1.093418
12672,-0.1440879,0.05217091,0.6789231,0.6960027
12673,4.655701,0.5112908,1.750152,5
12674,4.852623,0.7225747,0.9643294,5
12675,4.672137,0.8303409,1.575332,5
12676,4.687179,0.6746589,1.60474,5
12677,4.687352,0.6710187,1.605759,5
12678,4.152198,1.173395,2.526341,5
12679,4.672235,0.8296835,1.575387,5
12680,4.061423,0.06768149,2.915521,5
12681,4.268099,2.2459,1.318811,5
12682,4.149129,1.643472,2.254711,5
12683,1.03403,0.8850176,4.811188,5
12684,-0.07984411,-0.165895,1.284295,1.297425
12685,-0.1696692,-0.1908656,1.683104,1.702368
12686,-0.01786241,-0.2548315,1.26773,1.293212
12687,-0.01786427,-0.2491103,1.269578,1.29391
12688,-0.04540022,-0.2930443,1.562771,1.590657
12689,-0.06847089,-0.1647577,1.278739,1.291126
12690,-0.04097566,-0.1747726,1.260888,1.273603
12691,-1.01397,-1.071756,4.777364,5
12692,-1.012232,-1.070146,4.778093,5
12693,0.7139758,1.10269,0.07430358,1.315754
12694,0.8946629,1.066895,0.1422939,1.399619
12695,0.6561311,1.170765,0.02579121,1.342335
12696,0.6467128,1.213745,0.03894053,1.375838
12697,0.6509145,1.070787,0.07606108,1.255412
12698,0.6395484,1.212954,0.03895645,1.371786
12699,0.6178166,1.050887,0.07025195,1.221064
12700,4.253417,-1.24635,2.198394,4.947513
12701,2.539528,-0.1719636,4.088448,4.816034
12702,2.159914,-3.055256,3.316653,5
12703,-4.062638,-2.091594,-2.029829,5
12704,-1.303267,2.725662,3.784801,4.842773
12705,-3.087395,-3.350436,1.956761,4.958462
12706,-0.9765595,2.707793,0.6421319,2.949262
12707,-0.223789,2.173018,1.403365,2.596445
12708,-0.1926909,-0.09207875,1.052473,1.073922
12709,-0.2165292,-0.00684888,0.8488442,0.8760526
12710,-0.08655573,0.2405499,1.005456,1.037448
12711,-0.215533,1.882117,1.01126,2.147432
12712,-0.2413942,0.5032278,1.14692,1.275513
12713,-0.2419814,0.4995126,1.151567,1.278348
12714,-0.188936,0.19673,1.060094,1.094623
12715,0.2277959,0.2913227,1.643647,1.684736
12716,4.891686,0.4948476,0.9091405,5
12717,4.95062,0.2939392,0.6363654,5
12718,4.87494,0.5943952,0.9389644,5
12719,4.225774,-0.02518131,2.67249,5
12720,4.947416,0.5773499,0.4355936,5
12721,4.655479,0.645971,1.705649,5
12722,4.942228,0.3313151,0.6816218,5
12723,4.947499,0.5761994,0.4361721,5
12724,-1.748874,-0.265116,4.676661,5
12725,3.69472,-1.296581,3.109328,5
12726,-0.4183547,-0.05627605,1.053237,1.134678
12727,-0.2950603,-0.05866872,1.214721,1.251419
12728,-0.3812088,-0.06265284,1.189355,1.250524
12729,-0.3826121,0.03701419,1.187577,1.248239
12730,-0.2965751,0.02223503,1.211986,1.247943
12731,-0.4195756,-0.06007481,1.051381,1.133602
12732,-0.03392012,-0.4439362,1.25524,1.331863
12733,-0.04131005,-0.2377924,1.266839,1.289625
12734,-0.0145465,-0.2127496,1.078629,1.099506
12735,0.007114414,-0.09126055,1.409922,1.41289
12736,-0.03700975,-0.2491947,1.177375,1.204026
12737,-0.0362223,-0.2380298,1.166794,1.191377
12738,-0.01623854,-0.381732,1.292417,1.347711
12739,-0.008989269,-0.2097206,1.463052,1.478034
12740,-0.1543799,-0.1873305,1.576165,1.594749
12741,-0.03147748,-0.2223138,1.184262,1.205359
12742,2.528911,-3.077996,3.02168,5
12743,2.246654,-2.972704,3.334003,5
12744,3.621659,0.4739895,3.414516,5
12745,1.647477,-1.041756,4.604407,5
12746,0.7639291,-4.882931,-0.7572284,5
12747,2.282479,-3.982576,1.982265,5
12748,-3.550004,-1.736232,3.063163,5
12749,-0.6359213,2.458914,-0.2651926,2.553621
12750,-0.955074,2.348817,-0.0722924,2.536599
12751,-0.1411166,0.7206911,1.173366,1.384232
12752,-0.3051444,0.1499428,0.8459281,0.9116963
12753,0.2465444,-0.08982996,1.217902,1.245849
12754,-0.4434416,-0.3207451,0.7621939,0.938327
12755,-0.1634838,0.4057701,0.5240759,0.6826653
12756,-0.1624031,0.4013052,0.5226399,0.6786553
12757,1.213052,1.058887,1.084604,1.941418
12758,0.3142361,0.7258918,1.229705,1.462134
12759,4.685005,1.08319,1.370191,5
12760,4.943013,0.1092294,0.7447793,5
12761,4.98349,0.3563143,0.1946037,5
12762,4.795427,1.408462,-0.1418306,5
12763,4.683329,1.106744,1.357037,5
12764,-0.5200607,0.1027952,1.17091,1.285325
12765,-0.5047371,-0.05785504,1.336462,1.429769
12766,-0.4417181,0.09357199,1.162516,1.247122
12767,-0.4419294,-0.01383926,1.162854,1.244075
12768,-0.1562232,-0.2214366,1.382002,1.408321
12769,-0.02575052,-0.3451412,1.170935,1.221013
12770,-0.05772637,-0.3118432,1.103711,1.148372
12771,-0.03009185,-0.1065579,1.208539,1.213601
12772,-0.1390598,-0.02362072,1.318879,1.3264
12773,0.04208545,0.001033254,1.305004,1.305683
12774,-0.0466621,-0.1878671,1.185273,1.200976
12775,0.2408734,-4.672431,-1.763623,5
12776,3.969311,-1.690028,-2.527523,5
12777,-0.03649083,-4.986464,0.36586,5
12778,-0.9539355,-0.2262835,-0.2666812,1.01603
12779,-0.9554957,-0.2291698,-0.265597,1.017857
12780,4.45878,2.262467,-0.02283047,5
12781,3.571562,3.423028,-0.7258266,5
12782,0.3052015,0.2383852,0.7440044,0.8387598
12783,-0.1582176,0.4834095,0.9443606,1.07263
12784,-0.02957554,0.08697565,0.9778298,0.9821357
12785,-0.1829212,-0.07682405,0.476967,0.5165846
12786,-0.1986864,-0.2369358,0.8851137,0.9375719
12787,-0.1042362,0.07239918,0.9579736,0.9663438
12788,-0.2389437,-0.1080628,1.331731,1.357306
12789,-0.02202871,0.08778457,0.975257,0.9794477
12790,4.824651,1.059707,0.774444,5
12791,4.984223,0.3870831,-0.0876394,5
12792,4.904288,0.9127652,0.3388517,5
12793,4.958046,0.1432874,0.6302736,5
12794,4.958147,0.1429962,0.629549,5
12795,4.838652,1.00229,-0.7634562,5
12796,4.839108,0.9999552,-0.7636328,5
12797,4.928985,-0.002091766,-0.8397025,5
12798,4.059794,-2.790444,-0.8552744,5
12799,-1.482692,-4.215831,2.242407,5
12800,-0.4860509,-0.006185918,1.243183,1.334836
12801,-0.3466667,0.04317784,1.391581,1.434761
12802,-0.5284974,0.02061383,1.263149,1.369408
12803,-0.5782809,-0.03245444,1.290951,1.414926
12804,-0.6004094,0.01264822,1.266282,1.401471
12805,-0.6734403,-0.004536117,1.403678,1.556873
12806,-0.04292614,-0.1612388,0.9420537,0.9567161
12807,-0.1580357,0.1703421,1.142403,1.165795
12808,-0.06403521,0.143133,1.152252,1.162872
12809,-0.218193,0.03253062,1.311334,1.32976
12810,-0.03461075,-0.4669483,1.087397,1.183922
12811,-0.159283,0.1744937,1.146345,1.170438
12812,-0.07045647,0.1881644,1.216595,1.233074
12813,-0.08234881,0.06469157,1.208315,1.212844
12814,-0.04874822,-0.1713194,1.229106,1.241945
12815,-1.024196,-0.264297,0.004575101,1.057758
12816,-1.029965,-0.2644801,0.006003805,1.063398
12817,-0.982765,-0.2491007,-0.1221453,1.021175
12818,-0.9838544,-0.2512776,-0.1217137,1.022704
12819,-1.020122,-0.5137372,-0.198922,1.159373
12820,-1.019856,-0.5137987,-0.1988903,1.15916
12821,-1.152703,3.049869,3.790722,5
12822,0.1463614,-0.2048919,1.184871,1.21133
12823,-0.3548059,-0.06212864,1.3872,1.433203
12824,-0.354813,-0.06521571,1.385517,1.431713
12825,0.528854,0.4590181,-0.1393288,0.7140005
12826,-0.07367295,0.4411598,0.7281289,0.8545299
12827,0.1471842,-0.2106122,1.189593,1.217026
12828,-0.2825723,-0.07393756,1.35454,1.385674
12829,-0.2103464,-0.2603654,1.048328,1.100467
12830,-0.1737829,-0.09531566,0.513242,0.5501844
12831,-0.2824782,-0.07440951,1.360227,1.391239
12832,4.724813,-1.261776,-1.041186,5
12833,4.976337,-0.06573885,0.4813992,5
12834,4.865053,-0.9637313,-0.6344111,5
12835,4.867416,0.9919298,0.5695065,5
12836,4.868352,0.990823,0.5634032,5
12837,4.982831,0.25053,-0.3295971,5
12838,4.983581,-0.337844,-0.2231241,5
12839,-0.7630047,-1.396891,4.739886,5
12840,1.637821,-4.571505,-1.191169,5
12841,2.932076,3.808887,-1.376699,5
12842,-0.4956316,-0.0361671,1.407438,1.492595
12843,-0.4948845,-0.07164753,1.520157,1.600288
12844,-0.5650911,-0.03303542,1.376578,1.488418
12845,-0.5132134,0.003461046,1.447983,1.536247
12846,-0.5265439,-0.04614088,1.434576,1.528851
12847,-0.574797,-0.02113447,1.286517,1.409242
12848,-0.5233409,-0.09136897,1.331905,1.433947
12849,-0.05798829,0.1049562,1.031259,1.038206
12850,-0.05592668,0.07910705,0.938031,0.9430206
12851,0.07242555,0.1111855,0.9846836,0.9935841
12852,-0.05349385,-0.1668279,1.000416,1.01564
12853,-0.05602945,0.08565585,0.9369707,0.9425445
12854,-0.06186938,0.05343058,1.005759,1.009075
12855,-0.04766605,-0.2882752,0.9572433,1.000844
12856,-0.03562312,-0.165234,0.9061597,0.9217899
12857,-1.773011,-4.662695,-0.3401536,5
12858,1.229334,-0.02397444,4.846458,5
12859,0.301658,0.9932715,-0.002193851,1.038071
12860,0.07680429,0.9549145,0.0170062,0.9581492
12861,0.09566744,1.127153,0.01421911,1.131294
12862,-0.08760016,1.124189,0.0116514,1.127657
12863,-0.1146282,1.176065,-0.01509679,1.181734
12864,3.502358,-0.1597494,-3.564824,5
12865,3.517105,-0.1512384,-3.550647,5
12866,1.935721,2.756551,3.510428,4.865048
12867,1.782299,-3.638867,2.929514,5
12868,0.6354228,2.286334,2.244771,3.266509
12869,0.0239175,0.0986518,1.652299,1.655414
12870,-0.2145441,0.1437108,0.5331638,0.5924066
12871,-0.3804409,-0.1065733,0.2542014,0.4697994
12872,-0.1933022,0.2582186,0.6599582,0.7345662
12873,0.02893424,-0.2013359,0.4511164,0.4948528
12874,-0.1490377,0.15775,0.963473,0.9876121
12875,-0.254851,-0.726303,0.4314925,0.882412
12876,-0.1906972,-0.2865909,0.6817824,0.7637585
12877,0.4795172,0.7160506,0.1082356,0.8685506
12878,-0.1869622,-0.2877013,0.6783883,0.7602221
12879,-0.2087772,-0.2373253,0.4587229,0.5570798
12880,-0.1716222,0.7220414,0.5493834,0.9233743
12881,3.408808,-3.561097,0.8358327,5
12882,4.885145,-0.8181036,-0.6826871,5
12883,4.596316,-1.957033,-0.2095329,5
12884,4.835445,-0.6176202,1.112212,5
12885,4.837788,-0.9517514,0.8306509,5
12886,4.581957,-1.99129,-0.2010962,5
12887,4.779595,-0.6059343,1.337279,5
12888,4.543838,-1.984389,0.6447822,5
12889,4.884645,-0.8208769,-0.6829333,5
12890,4.018068,-2.948873,-0.3990972,5
12891,-0.6149178,-0.04748069,1.493865,1.616172
12892,-0.6172255,0.01440558,1.48805,1.611046
12893,-0.5848514,-0.08392096,1.660363,1.762356
12894,-0.8133825,-0.02237267,1.4448,1.658173
12895,-0.6224875,-0.1088765,1.472186,1.602085
12896,-0.5928005,-0.08762629,1.404338,1.526845
12897,-0.05049774,0.243518,1.018753,1.04867
12898,-0.05419259,0.2266886,0.9473718,0.9756218
12899,-0.01757175,0.2712337,1.028293,1.063608
12900,-0.05842392,0.09184745,0.9687653,0.9748618
12901,-0.05850377,0.09156831,0.9685455,0.9746219
12902,-0.1276864,0.1803173,1.047921,1.070961
12903,-0.126795,0.1787396,1.048757,1.071409
12904,-0.05037033,0.2470814,1.017688,1.048464
12905,4.979638,0.4083284,0.1909798,5
12906,4.921354,0.842485,0.2655127,5
12907,4.107487,2.807418,0.4969429,5
12908,3.718046,-3.019876,1.434042,5
12909,0.07930244,-0.4982079,1.208809,1.309855
12910,0.08634602,-0.4973495,1.202576,1.304224
12911,-0.3866052,-0.8902969,1.028807,1.414403
12912,0.1057078,0.5645761,0.1607199,0.5964488
12913,0.1059748,0.5607875,0.1633282,0.5936239
12914,-0.2382915,1.203163,0.426217,1.298478
12915,0.1466678,0.2419399,0.5516232,0.6199471
12916,0.2128252,0.6396928,0.8859365,1.113277
12917,-0.2959902,-0.03837217,-0.1804804,0.3487919
12918,-0.3871388,-0.8912031,1.026991,1.4138
12919,-0.190816,0.4956955,0.5638198,0.774608
12920,0.2133987,0.641328,0.8884054,1.116291
12921,4.256742,-0.4124646,-2.590371,5
12922,4.930619,0.04698401,-0.8287318,5
12923,4.394317,-0.6401213,-2.297875,5
12924,4.785084,-0.06994627,-1.448476,5
12925,4.393931,-0.641378,-2.298261,5
12926,4.745584,-0.2552088,-1.553802,5
12927,3.691025,-3.035227,-1.470962,5
12928,4.645897,-1.317078,-1.296514,5
12929,-3.168432,-3.702256,-1.119974,5
12930,3.515061,-3.278333,1.377272,5
12931,-0.3352922,-0.0584644,1.635476,1.670515
12932,-0.3616842,-0.0107117,1.646217,1.685514
12933,-0.3671187,0.1003158,1.645457,1.688895
12934,-0.3313998,-0.05970749,1.63473,1.669052
12935,-0.4565017,0.09265786,1.696148,1.758948
12936,-0.4930631,0.1004332,1.39198,1.480137
12937,-0.4945545,-0.07017667,1.395149,1.481874
12938,-0.08385522,0.1511564,1.00584,1.020585
12939,-0.101867,0.3274487,0.8934703,0.9570208
12940,-0.1075486,0.3340758,1.072899,1.128843
12941,-0.1043167,0.3280881,1.077822,1.13147
12942,-0.1747655,0.2277602,1.021616,1.061187
12943,-0.07957871,0.09227261,0.6868652,0.6975892
12944,-0.172724,0.2175753,1.016089,1.05338
12945,-0.07664046,0.3563546,0.9220541,0.9914868
12946,-0.07996695,0.04873401,1.022849,1.027127
12947,4.956705,0.1569599,0.6375282,5
12948,4.956781,0.1447464,0.6398212,5
12949,4.100574,2.833001,0.3992466,5
12950,4.102085,2.830196,0.4036019,5
12951,4.082136,-2.863792,-0.3672323,5
12952,0.04634656,4.787368,1.441858,5
12953,0.7748211,0.5607595,4.907668,5
12954,0.06693563,-0.2406399,1.224552,1.249766
12955,-0.01449898,-0.2956056,1.066152,1.106469
12956,-0.01425791,-0.2966503,1.071907,1.11229
12957,0.1294821,-0.2173946,1.22419,1.250067
12958,0.09464761,-0.05561761,1.302681,1.307299
12959,0.1183859,-0.2730364,1.19864,1.235031
12960,-0.01619379,-0.5048165,1.058135,1.172498
12961,-0.01773848,-0.5260972,1.082343,1.203561
12962,-0.01142562,-0.4345195,1.097988,1.180897
12963,1.576585,0.05729952,4.744586,5
12964,0.7594024,0.2194141,0.2349504,0.8246431
12965,0.4797876,-0.1866793,0.05039391,0.517286
12966,-0.335928,0.3259977,0.08552003,0.4758527
12967,-0.2994497,0.2292814,0.2469735,0.4508171
12968,0.7586444,0.2182602,0.2254672,0.8209838
12969,-0.1748981,0.2856994,0.3912785,0.5150848
12970,0.06034363,0.6823935,0.9247551,1.150858
12971,-0.2789801,0.3079818,1.017925,1.099479
12972,-0.2237239,-0.378117,0.03036311,0.4403939
12973,0.6654403,-0.15651,0.5708209,0.8905856
12974,-0.3358775,0.320054,0.08625647,0.4718988
12975,4.597494,-0.9982883,-1.693066,5
12976,4.18176,-2.663301,-0.6478575,5
12977,4.807924,-0.4779067,-1.286651,5
12978,4.585108,-1.165472,-1.618165,5
12979,4.936492,-0.7893965,-0.0888553,5
12980,4.501773,-1.993773,-0.871156,5
12981,4.594756,-1.731974,-0.9425927,5
12982,4.808686,-0.4772938,-1.284027,5
12983,4.63367,0.06733098,-1.877382,5
12984,4.445766,-0.2399921,-2.275428,5
12985,-0.5366269,-0.01645284,1.73329,1.814534
12986,-0.4234074,0.02798328,1.615929,1.670713
12987,-0.3520143,0.04382469,1.606709,1.645403
12988,-0.423532,0.02662298,1.616467,1.671244
12989,-0.3837875,0.1062585,1.656716,1.703905
12990,-0.3845238,0.07081661,1.659865,1.705293
12991,0.9277959,-0.1296122,-1.78913,2.019552
12992,0.9314273,-0.1216874,-1.752612,1.98847
12993,0.9337637,-0.1275323,-1.784309,2.017904
12994,0.3764609,0.28311,0.7400652,0.8772517
12995,-0.1067273,0.3758562,0.8149427,0.9037645
12996,-0.1222595,0.3727506,0.6854147,0.7897364
12997,-0.1066455,0.3758849,0.8152111,0.9040088
12998,-0.120837,0.368622,0.6819561,0.7845685
12999,-0.04330239,0.583396,0.919296,1.089647
13000,0.3757919,0.2845601,0.742057,0.8791146
13001,3.921969,3.089601,-0.2693031,5
13002,4.444924,1.83751,0.7293031,4.864738
13003,3.929042,3.08079,-0.267143,5
13004,4.195085,2.713301,-0.1981353,5
13005,4.009203,2.849377,0.8985198,5
13006,4.681399,1.7499,0.1494917,5
13007,4.449149,1.837242,0.7229574,4.867551
13008,4.377462,1.651419,-1.763702,5
13009,0.06807057,-0.1818941,1.106331,1.123249
13010,-0.03367591,-0.3243262,1.088771,1.13655
13011,0.04217756,-0.08163357,1.241848,1.245243
13012,-0.01829283,-0.3279232,1.135821,1.182352
13013,-0.02438575,-0.3673755,1.055621,1.117987
13014,0.09983613,0.01103212,1.212548,1.216702
13015,-0.02069574,-0.2674544,1.03435,1.068569
13016,0.1943627,-0.1413618,1.3395,1.36089
13017,2.713322,1.25989,4.006315,5
13018,4.731153,0.5119783,-1.534297,5
13019,-0.3570707,0.4023671,-0.05238701,0.5405027
13020,0.1845646,0.4115642,0.1400967,0.4723095
13021,-0.3572075,0.4041347,-0.05799919,0.5424813
13022,-0.2876808,0.2586603,-0.2326786,0.4514474
13023,-0.2746298,0.3438248,-0.1292665,0.4586359
13024,-0.2136845,0.1319023,0.1216963,0.2790506
13025,0.5669874,0.2081487,0.5979642,0.8499187
13026,-0.3272952,0.7178591,-0.2172224,0.8183088
13027,0.003108044,-0.1829175,0.07138529,0.1963781
13028,0.6545572,0.13211,-0.04125269,0.6690292
13029,4.69661,-1.347252,-1.06149,5
13030,4.647457,-1.441762,-0.8563849,4.940742
13031,4.707043,-1.548828,-0.6669903,5
13032,4.750464,-1.205087,-0.9903849,5
13033,4.707355,-1.547438,-0.6680177,5
13034,4.747669,0.8165171,-0.8592878,4.893408
13035,4.747657,0.8185866,-0.8564236,4.893239
13036,4.803752,-0.3977642,-1.328814,5
13037,4.80364,-0.3951188,-1.330007,5
13038,-1.483506,3.983124,-2.633236,5
13039,-3.070593,3.945295,-0.07815982,5
13040,-0.4846411,0.01098185,1.42311,1.50341
13041,-0.2427478,-0.09317562,1.69374,1.713582
13042,-0.4484273,0.009888363,1.626102,1.68683
13043,-0.3836869,0.04079771,1.743303,1.785493
13044,-1.881143,-0.08649047,1.495016,2.404423
13045,-1.914548,0.01808655,1.070726,2.19369
13046,-1.724831,-0.08315295,1.454481,2.257758
13047,-1.882997,0.05719627,1.49571,2.405431
13048,-1.915766,0.1207627,1.07124,2.198249
13049,-1.724087,0.008996836,1.454784,2.255871
13050,0.8203674,-0.1163491,-1.701744,1.892742
13051,0.8208423,-0.09336697,-1.698269,1.888549
13052,0.8945131,0.1201295,-1.705521,1.929608
13053,0.8920147,0.0684595,-1.708661,1.928704
13054,-0.2198326,0.3907942,0.7602704,0.8826423
13055,0.7683048,0.03153638,0.7037506,1.042378
13056,-0.148186,0.2318777,0.6398713,0.6965355
13057,-0.1848769,0.01583487,0.8477967,0.8678649
13058,-0.2191379,0.3907427,0.7603216,0.8824909
13059,-0.1460057,0.009367432,0.8813867,0.8934472
13060,-0.1009073,0.08508144,0.8368358,0.8471808
13061,0.7718699,0.03463465,0.7025086,1.044271
13062,3.951613,2.387622,1.919379,5
13063,3.949069,2.394224,1.916389,5
13064,3.484726,3.571039,0.3230552,5
13065,4.256139,2.397508,1.06641,5
13066,4.497663,1.88899,1.096698,5
13067,4.292971,2.522834,0.453549,5
13068,4.385951,1.366347,0.4058417,4.611743
13069,2.358059,4.129511,1.544892,5
13070,-1.129426,-0.3249296,4.859919,5
13071,0.04854685,0.08307437,1.14809,1.152115
13072,-0.04053073,-0.1899577,0.8887582,0.909735
13073,-0.03061747,-0.1795748,0.8065208,0.8268375
13074,-0.04096701,-0.1907639,0.8875729,0.9087656
13075,-0.03363723,-0.0770308,0.9046989,0.9085953
13076,-0.05984734,0.1985614,1.014795,1.035769
13077,-0.05959596,0.1986735,1.014511,1.035498
13078,0.1198765,0.07368417,1.104236,1.113166
13079,0.2736202,0.3693398,1.301378,1.380168
13080,3.15584,3.149346,-2.263248,5
13081,0.8064921,-0.2051062,0.304052,0.8859717
13082,0.1569449,0.1330242,0.07685194,0.2196209
13083,-0.1640829,0.8779711,0.1002671,0.8987824
13084,0.03375528,-0.1888186,0.3022709,0.3579938
13085,-0.1913818,0.3700051,0.08675203,0.4255075
13086,-0.2474097,-0.3704076,0.1919603,0.4850383
13087,-0.3054348,-0.03538206,0.2325384,0.385508
13088,-0.2385178,0.3367276,-0.1926243,0.4553904
13089,-0.2414472,0.3415765,-0.1871538,0.4582551
13090,0.03419778,-0.1881046,0.3013256,0.3568612
13091,-0.2440287,-0.3844179,0.1898232,0.4933152
13092,-0.1218623,-0.002201406,-0.06765454,0.1394002
13093,0.5745394,0.1191887,0.2456184,0.6361052
13094,-0.1219001,-0.001884963,-0.065877,0.1385748
13095,-0.1606647,0.8660319,0.1498689,0.893468
13096,4.907497,-0.6195043,-0.7298555,5
13097,3.777962,-0.9924099,-1.126829,4.065418
13098,3.780578,-0.9857361,-1.124217,4.065503
13099,4.606179,-1.363832,-1.386748,5
13100,4.628366,-0.2791651,-0.4376402,4.657385
13101,3.545507,-0.05000591,-0.9644247,3.674675
13102,4.874612,-0.8687894,-0.6952412,5
13103,4.597435,0.1230844,-0.178432,4.602543
13104,4.66802,-0.3431992,0.1472522,4.682935
13105,3.883429,0.3911364,-0.06578638,3.903631
13106,3.515112,-0.08806595,-0.03983895,3.516441
13107,3.728219,1.011919,-0.3482154,3.878769
13108,3.781641,-0.6890222,-0.2432117,3.851585
13109,4.355577,0.5257999,-0.3000566,4.397449
13110,4.636905,-0.4237959,-1.280061,4.828979
13111,3.782422,-0.6897589,-0.2438164,3.852523
13112,2.158781,-4.35046,-1.188764,5
13113,-0.4147771,0.9996101,0.02503116,1.082537
13114,-0.512975,1.073861,0.007581176,1.190117
13115,-0.7483274,0.9468523,0.03227464,1.207296
13116,-0.4841085,1.076384,-0.01992273,1.180407
13117,-0.4823685,0.8905343,0.0242288,1.013073
13118,-0.2638957,0.9695261,-0.01787265,1.004958
13119,-0.2283015,-0.07580113,2.12478,2.138354
13120,-0.08480896,-0.07762886,1.915731,1.919178
13121,-0.1446389,0.0927067,1.92749,1.935131
13122,-0.04077981,-0.007159033,1.84506,1.845524
13123,-0.3057795,1.155795,1.735843,2.107728
13124,-0.4434156,-0.08979054,1.981267,2.032264
13125,-2.084032,-0.003451264,0.9950148,2.309384
13126,-2.075101,0.06630777,1.322349,2.461513
13127,-2.078137,0.06612542,1.322081,2.463924
13128,-1.953441,-0.09593573,1.584277,2.516956
13129,-2.612342,-0.1142604,1.628037,3.080242
13130,-2.611719,-0.111935,1.628025,3.079622
13131,-1.956719,-0.07295846,1.578104,2.514853
13132,0.7100267,-0.1525994,-1.27604,1.468231
13133,0.5964517,-0.2069733,-0.9304543,1.124428
13134,0.596573,-0.2041983,-0.9342521,1.127131
13135,1.003888,0.07562202,-1.628571,1.914616
13136,1.003601,0.07281613,-1.628426,1.914233
13137,0.7108695,-0.1532324,-1.276341,1.468966
13138,-0.1498834,0.2379491,0.9993418,1.038157
13139,-0.2126025,0.09783553,0.6238938,0.6663446
13140,-0.1349087,0.0196786,0.8542911,0.8651017
13141,0.1233242,0.3961658,0.7412757,0.8494974
13142,0.1599519,0.6594974,0.5157211,0.8523436
13143,0.1206244,0.3947352,0.7501748,0.8562291
13144,0.1567559,0.408185,1.024272,1.113697
13145,4.732506,1.6135,0.001090709,5
13146,4.64438,1.807607,0.4028571,5
13147,4.316123,2.522318,-0.09478725,5
13148,4.067046,2.765324,0.9011765,5
13149,-0.03435649,0.09274241,0.6504194,0.6578958
13150,-0.02493138,0.2563321,1.024484,1.056359
13151,-0.04535493,0.195435,0.9489679,0.9699443
13152,-0.03831657,0.4331705,0.9914542,1.082629
13153,-0.04616026,0.01023883,0.7444429,0.7459429
13154,-0.04612488,0.006577639,0.7457353,0.7471893
13155,-0.04530687,0.1967884,0.9402403,0.9616809
13156,0.01578349,0.3410842,1.000361,1.057029
13157,-2.504654,3.53144,2.501127,5
13158,-0.2688388,0.07606786,0.04975399,0.2837888
13159,0.7409974,-0.3194492,0.08254075,0.8111337
13160,-0.2605063,0.4510841,0.1351258,0.5381444
13161,0.07916156,0.4803693,0.1174712,0.50082
13162,0.7402546,-0.3210266,0.08408454,0.8112369
13163,0.4055816,0.06785043,0.1693161,0.4447112
13164,-0.2672929,0.07219434,0.0405698,0.2798275
13165,-0.2606108,0.4421242,0.1351247,0.5307076
13166,0.4028227,0.06783883,0.1696758,0.4423326
13167,3.513739,-0.2138783,0.5383787,3.561173
13168,2.356202,-0.1635385,0.3510863,2.387822
13169,2.262039,-0.1274658,0.1714602,2.272106
13170,3.496599,0.5874709,0.4398141,3.572781
13171,2.195514,-0.07977005,0.3022489,2.217657
13172,2.194651,-0.08033301,0.3022873,2.216827
13173,2.348428,-0.1657693,0.3511957,2.380321
13174,-0.2636507,3.011416,3.78356,4.842878
13175,0.821885,-3.167264,3.591571,4.858645
13176,1.682642,-4.450117,-1.537913,5
13177,0.2187537,0.05024545,1.895714,1.908955
13178,0.2188173,0.04580086,1.895582,1.90872
13179,-0.2762746,-0.06479178,1.826176,1.848092
13180,0.04475736,-0.01106275,1.798758,1.799349
13181,0.05663168,0.02056748,1.740204,1.741247
13182,-1.735456,0.4159828,2.267432,2.885498
13183,-1.906793,1.380537,1.420752,2.749596
13184,-0.2562787,0.634899,3.480882,3.547579
13185,-0.2598889,0.6369891,3.477197,3.544601
13186,-1.916634,0.0492526,1.585566,2.487957
13187,-1.737937,0.0001065479,2.252545,2.845064
13188,-2.788357,0.008474037,3.321204,4.336519
13189,-1.701932,0.03203354,2.27523,2.841526
13190,-0.01042388,0.3089122,-1.073072,1.1167
13191,-0.7689742,-0.3774944,1.051719,1.356442
13192,-0.01230015,0.3067587,-1.072109,1.115199
13193,2.131159,-0.6184164,1.362987,2.604229
13194,2.129642,-0.6176622,1.368362,2.605628
13195,-0.7675778,-0.3777568,1.051733,1.355736
13196,-0.1655182,0.3324111,0.6303432,0.7315913
13197,-0.1834307,0.3236286,0.8442606,0.9225824
13198,0.06093469,0.5000362,0.9085458,1.038848
13199,-0.1833792,0.3328043,0.8451172,0.926612
13200,0.3299848,0.1290267,0.6447051,0.7356511
13201,0.1188661,0.04962935,0.5081652,0.5242367
13202,0.06755912,0.4989616,0.9137807,1.043323
13203,0.5610209,0.2340649,0.4149788,0.7360287
13204,0.5627121,0.2316503,0.4139875,0.7359976
13205,4.07083,2.895192,-0.2149474,5
13206,4.801659,0.790391,-1.148632,5
13207,4.608869,1.907048,-0.3485678,5
13208,4.896335,1.005457,-0.1222968,5
13209,4.268236,2.603893,-0.04363999,5
13210,3.727199,3.331305,0.1019687,5
13211,3.726916,3.331536,0.104709,5
13212,4.632111,0.961771,1.618192,5
13213,-0.05196337,0.5126435,0.7966642,0.9487768
13214,0.2002963,0.4983439,1.109654,1.232801
13215,-0.05201503,0.5124292,0.7963868,0.948431
13216,-0.04797814,0.1441534,0.4254706,0.4517823
13217,-0.05506954,0.07886197,0.861093,0.8664486
13218,-0.05505922,0.07689473,0.8702585,0.8753822
13219,-0.06810994,0.05532913,0.4987954,0.5064554
13220,-0.0509751,0.3405788,0.7474036,0.8229244
13221,-0.04669848,0.02579013,0.8020273,0.8037996
13222,4.698762,-1.662901,-0.3954695,5
13223,0.1053974,0.05356396,2.009111,2.012587
13224,0.1994382,0.010594,2.308456,2.31708
13225,0.4169273,-0.1250957,2.186618,2.229523
13226,0.4167856,-0.1256661,2.190376,2.233215
13227,0.4071999,-0.06792152,2.26743,2.304705
13228,0.1056701,0.0514361,2.009044,2.012479
13229,0.1762459,0.1617054,4.545176,4.551466
13230,0.2597231,0.1506691,4.548761,4.558661
13231,-0.7517235,0.005938685,1.988851,2.126183
13232,0.02925999,-0.05297499,1.584756,1.585912
13233,-0.7545537,0.00364682,1.987677,2.126081
13234,-0.05093887,0.1823705,1.734153,1.74446
13235,-2.419276,0.01391324,3.343255,4.126796
13236,0.08230815,4.029721,2.958813,5
13237,0.06831964,4.026687,2.963297,5
13238,-0.6452149,0.1696846,2.291219,2.386373
13239,-0.6448792,0.1689241,2.289602,2.384677
13240,-0.5212288,0.1644762,2.82361,2.876022
13241,0.009935992,0.1052386,4.445723,4.446979
13242,2.037627,2.863031,3.556842,5
13243,1.311007,2.93783,1.075719,3.392161
13244,-0.6794969,0.2177156,3.825571,3.891543
13245,2.037973,2.865189,3.554906,5
13246,1.30986,2.942122,1.079573,3.396659
13247,-0.6767199,0.2188823,3.825384,3.890941
13248,-0.1558771,0.1187412,0.3463815,0.3979664
13249,0.1123779,0.0902337,0.2406791,0.2805305
13250,-0.2114869,0.1918272,0.5464217,0.6165234
13251,0.6006209,0.390615,0.132916,0.7286921
13252,-0.211113,0.1947298,0.5467242,0.6175725
13253,-0.1494976,0.306582,0.2526246,0.4244541
13254,-0.1831678,0.3428348,0.2345046,0.4539587
13255,-0.14083,0.2185603,0.3523655,0.4379077
13256,0.4066789,0.2412418,0.2716119,0.5453057
13257,4.478396,2.220182,-0.1214829,5
13258,4.61577,1.922148,0.004096115,5
13259,4.475062,2.131453,0.6562997,5
13260,4.247881,2.632606,-0.1577868,5
13261,4.800536,1.244451,-0.6373339,5
13262,4.243647,2.632122,-0.2517888,5
13263,4.932955,0.7915838,0.1983767,5
13264,4.671018,1.765687,-0.2528659,5
13265,3.073267,1.77989,-3.51952,5
13266,0.2894038,0.4276531,0.852119,0.9963677
13267,-0.1083246,0.2967981,0.5635847,0.6461046
13268,0.2311301,0.2051721,0.8799486,0.9326448
13269,-0.06198222,0.0892832,0.4731821,0.4855044
13270,0.1970169,0.3467309,0.5443333,0.6747864
13271,-0.07645985,0.1965267,0.3718878,0.4275153
13272,0.3165493,0.4037777,0.7898439,0.9418563
13273,0.6262858,-0.01221293,0.6501743,0.9028342
13274,-0.06189946,0.09196458,0.4817502,0.4943403
13275,4.662807,-1.215104,1.334825,5
13276,0.5821221,0.0489714,2.326593,2.398812
13277,0.531894,-0.0308428,2.426485,2.484289
13278,0.4870222,0.03834847,2.576644,2.622548
13279,0.3932846,0.01860573,2.275522,2.309333
13280,0.529712,0.016078,2.436859,2.493819
13281,0.5347626,0.05606209,2.504344,2.561416
13282,1.087201,-0.02356124,4.880311,5
13283,1.084628,-0.02448554,4.880879,5
13284,-1.016491,0.01511313,4.773754,4.8808
13285,-1.0098,0.007261934,4.776482,4.882062
13286,-0.7597589,0.01219948,4.759889,4.820158
13287,-0.8138628,0.01246889,4.73937,4.808758
13288,0.2138836,0.2620309,4.987803,4.999259
13289,0.2135093,0.2626046,4.987785,4.999255
13290,-0.6236556,0.1732899,4.957926,5
13291,-0.6406609,0.09881318,4.957695,4.999895
13292,-0.622323,0.1746796,4.958044,5
13293,-0.6414527,0.09890601,4.95759,4.999894
13294,-0.04634669,-0.03035295,4.999693,5
13295,0.1306888,0.3908876,0.4119777,0.5827507
13296,-0.1702412,0.1356146,0.01180876,0.2179744
13297,-0.1586031,0.2555735,0.1885874,0.3550183
13298,0.09595493,0.2399305,0.08021896,0.2705718
13299,-0.2055612,-0.13842,0.1784127,0.3053631
13300,0.3006279,0.3128142,0.08220156,0.4415733
13301,-0.1983214,0.1343379,0.3125428,0.3937779
13302,-0.1849192,0.07182375,-0.01723347,0.199125
13303,0.456834,-0.03482418,0.06745255,0.4630981
13304,4.784626,1.304243,-0.6374216,5
13305,4.89435,0.9948215,-0.2359442,5
13306,4.600656,1.933986,0.3060434,5
13307,4.71448,1.573301,-0.5462601,5
13308,4.803197,1.352081,-0.318085,5
13309,4.818481,1.257153,-0.4492329,5
13310,4.601386,1.933536,0.2977983,5
13311,4.578404,1.993972,-0.2495852,5
13312,-0.2860824,-2.352019,4.402972,5
13313,-3.80312,0.3930286,-3.22208,5
13314,-0.07899234,0.02792242,0.5678449,0.5739924
13315,-0.08061627,0.1828244,0.4081575,0.4544406
13316,-0.04227611,0.6095711,0.5907,0.8498769
13317,-0.09246796,0.03391005,0.4133705,0.4249417
13318,-0.05433877,-0.1077759,0.3500163,0.3702428
13319,-0.05461754,0.02238674,0.4790964,0.482719
13320,-0.07622851,-0.1041512,0.5290189,0.5445358
13321,0.135564,0.8014104,0.252541,0.8511247
13322,-0.08771901,0.441508,0.1865113,0.4872478
13323,0.001204891,0.5885838,0.6796188,0.8990628
13324,-4.731974,-1.350593,0.8856204,5
13325,0.3271632,0.3024849,0.9516233,1.050771
13326,0.2988211,0.03754474,0.9993529,1.043748
13327,0.2901317,0.03721553,0.9976425,1.03964
13328,0.6566465,-0.0202112,2.2675,2.360752
13329,0.3938675,7.650749E-05,2.5689,2.598918
13330,1.070691,0.03222679,2.771077,2.970906
13331,0.3942361,0.003469669,2.568698,2.598777
13332,0.9222736,0.02681947,2.64472,2.801045
13333,0.942504,0.0009952616,2.265226,2.45348
13334,0.9383715,0.002008149,2.25795,2.445176
13335,-0.4670265,0.08445978,4.977425,5
13336,-0.4565522,0.08506737,4.978386,5
13337,-1.633478,0.03097507,4.725536,4.99999
13338,-1.634779,0.03076588,4.725088,4.99999
13339,-2.065391,2.300385,3.856255,4.942501
13340,-2.06459,2.300798,3.856411,4.94248
13341,-0.4459117,0.05824615,4.979699,4.999963
13342,-0.5928498,1.171868,4.824444,5
13343,-1.335568,0.1626161,4.815284,4.999714
13344,-0.1594102,0.2287517,0.1908868,0.3379005
13345,-0.1290196,0.1475906,0.04334783,0.2007687
13346,-0.1556928,0.406864,-0.1408132,0.4578285
13347,-0.1724912,0.1401789,0.1754675,0.2831823
13348,0.1213094,0.07293747,-0.07260277,0.1590818
13349,0.1627411,-0.07295422,0.03169739,0.18114
13350,0.02346958,0.4138646,-0.01958824,0.4149921
13351,-0.1397433,0.283962,0.1304977,0.3423336
13352,-0.2022374,0.4494184,0.127626,0.5090827
13353,4.701581,1.687726,-0.2161487,5
13354,4.752682,1.286183,-0.8704834,5
13355,4.301046,0.8410614,-0.223464,4.388202
13356,4.404864,1.449805,0.1886799,4.64116
13357,4.812294,1.290892,-0.4188403,5
13358,4.640772,1.066222,-0.1117775,4.762991
13359,4.84069,1.217432,-0.2925328,5
13360,4.81766,1.119657,-0.09424453,4.946955
13361,4.935801,0.7921148,-0.1020774,5
13362,4.402506,1.444607,0.1885693,4.637295
13363,4.868596,1.078754,-0.3647781,5
13364,4.884896,0.9340546,-0.1862743,4.976883
13365,2.199861,1.485434,-4.237227,5
13366,-0.6164142,0.6070176,-0.01641524,0.8652782
13367,-0.6232048,1.002577,0.007284448,1.180508
13368,-0.612815,0.7437783,-0.01384163,0.9638154
13369,-0.784955,0.6498974,0.006197354,1.019097
13370,-0.6204926,0.6105092,-0.01060419,0.8705429
13371,0.09868839,0.5636063,0.5347813,0.7831873
13372,-0.1150674,0.3976801,0.4746504,0.6298277
13373,-0.05692774,0.4184401,0.5181162,0.668414
13374,-0.0618431,0.4694418,0.3709231,0.6014849
13375,-0.09222602,0.3713845,0.4432947,0.5856128
13376,-0.08663923,0.2003891,0.3317018,0.3970998
13377,-0.111077,0.1105363,0.436243,0.4635346
13378,-0.09231612,0.3719131,0.4436807,0.5862544
13379,0.09612574,0.5657205,0.5369098,0.7858447
13380,2.680306,2.17518,3.617257,5
13381,-0.03749112,0.01922838,0.5350969,0.5367532
13382,0.3577666,0.1493563,0.6069891,0.7202361
13383,0.3641969,0.1502133,0.606696,0.7233833
13384,-0.0196127,0.01742667,0.5682275,0.5688328
13385,0.2225795,0.1826919,0.7625284,0.8150874
13386,-0.03779803,0.1835419,0.757338,0.7801777
13387,-0.04180913,0.1870971,0.7629381,0.7866561
13388,0.3044555,0.3224323,0.891357,0.9955767
13389,-0.06322332,0.01712738,0.5365164,0.5405002
13390,-0.01638837,-0.1210249,0.8292339,0.8381792
13391,1.091025,0.02935619,2.355064,2.595674
13392,1.229624,0.2476513,3.121792,3.364356
13393,1.493245,0.05840269,2.31691,2.757039
13394,1.254971,0.07534982,2.733473,3.008738
13395,1.494141,0.05837144,2.315976,2.756739
13396,1.159691,0.05794874,4.86327,4.999964
13397,-2.002196,0.1730928,4.578346,5
13398,-1.37025,-0.009095044,-4.808568,5
13399,1.166014,0.05788358,4.861759,4.999964
13400,-0.1215315,0.1102194,4.997176,4.999869
13401,0.8437194,1.00508,4.8134,4.989075
13402,0.8379715,1.006404,4.814097,4.989046
13403,-3.523956,2.378068,2.513082,4.938527
13404,-0.258024,0.5649751,0.1070899,0.630271
13405,0.5287108,0.4556976,0.1844992,0.7219663
13406,-0.2202406,0.4615828,0.1238462,0.5262152
13407,-0.09784491,0.470818,0.1395343,0.5007126
13408,-0.2197203,0.4553855,0.1234821,0.5204813
13409,-0.2580186,0.5704952,0.1070874,0.6352212
13410,-0.1771765,0.5806369,0.08583676,0.6131057
13411,-0.08926824,0.4691625,0.1393977,0.4975078
13412,4.95811,-0.0475734,0.6119085,4.995953
13413,4.952289,0.1080313,0.646534,4.995482
13414,3.837827,0.6061609,0.4317679,3.909319
13415,4.29365,0.4108723,0.5522481,4.348474
13416,3.285404,0.8738832,0.2890873,3.411909
13417,4.190978,0.935981,0.3770334,4.310743
13418,2.568533,-4.09244,-1.286306,5
13419,-1.238869,2.342846,4.239844,5
13420,2.687505,-0.1629959,4.002506,4.823827
13421,3.293353,3.746382,-0.3441628,5
13422,-0.1180247,0.2961596,0.4325689,0.5373604
13423,0.2665655,0.7088204,0.7103428,1.038302
13424,0.2091859,0.655739,0.5077531,0.855316
13425,0.4775461,0.4651725,0.5205891,0.8458421
13426,-0.1225278,0.4007118,0.2856826,0.5071465
13427,-0.07420627,0.5972036,0.6229166,0.8661315
13428,-0.1222705,0.399839,0.2822236,0.5044516
13429,3.818025,2.492656,0.7485029,4.620704
13430,4.184314,2.629796,0.7587427,5
13431,4.185196,2.628219,0.7593431,5
13432,0.05663642,0.37013,0.6800854,0.7763504
13433,-0.02419937,0.05637798,0.5916672,0.5948396
13434,0.08748241,0.1571744,0.6196721,0.6452522
13435,-0.03042564,0.0496067,0.2907042,0.2964717
13436,-0.03708914,0.01397672,0.5776933,0.5790514
13437,-0.03685908,0.009407239,0.5762971,0.5775512
13438,-0.02424642,0.05593392,0.5951017,0.5982161
13439,-4.20841,1.232066,2.402354,5
13440,1.955107,-0.0165415,2.722786,3.352056
13441,1.773427,0.01009848,2.547568,3.10407
13442,1.751139,0.02000285,2.671521,3.194356
13443,1.870023,0.01552419,2.798801,3.366083
13444,2.125411,-0.06754655,2.665702,3.409971
13445,1.756054,0.01925056,2.684433,3.207846
13446,1.773845,0.0100961,2.55304,3.1088
13447,0.6883678,1.185133,-4.792689,4.984803
13448,3.977082,2.801915,0.6956657,4.914454
13449,3.026577,0.003492057,3.979927,5
13450,-0.5683025,0.3712704,4.952202,4.998511
13451,-3.631445,-1.559461,3.062791,5
13452,-3.630166,-1.559651,3.06421,5
13453,-1.966753,2.885991,3.450092,4.909195
13454,-1.658306,3.21311,3.287948,4.887193
13455,-2.018626,2.993709,3.315815,4.902222
13456,-0.09582303,3.385081,3.506296,4.874636
13457,0.7117133,3.770402,2.956643,4.843987
13458,-2.736626,0.007072161,4.184594,5
13459,0.1965125,3.638572,3.208099,4.854866
13460,0.1582815,0.8020716,0.1715162,0.8353381
13461,-0.1264351,0.4145398,0.1920972,0.4740574
13462,-0.07829373,0.3287363,0.1111613,0.3557447
13463,-0.09005841,0.3398099,0.05657141,0.3560641
13464,-0.127516,0.1351932,-0.007616799,0.1859988
13465,0.2099212,0.564836,0.08893041,0.6091102
13466,0.2980651,0.8050355,0.561538,1.025792
13467,-0.09187315,0.1905328,-0.0006461354,0.2115274
13468,-0.1130908,0.4420634,0.09034924,0.4651586
13469,0.03237986,0.6733952,0.443191,0.8068009
13470,4.264414,2.141975,0.746677,4.830197
13471,4.260237,2.149226,0.7499069,4.830233
13472,4.174071,2.241049,0.5535582,4.769864
13473,4.174349,2.24117,0.5535624,4.770164
13474,3.764786,2.167954,0.2355019,4.350758
13475,4.199665,2.417702,0.9415022,4.936486
13476,-0.3951727,-4.774758,-1.430218,5
13477,0.1603134,0.2217841,0.4954491,0.5660021
13478,-0.03281083,0.5958862,0.3560486,0.6949299
13479,0.1618066,0.2745693,0.4113222,0.5203419
13480,-0.01744407,0.267823,0.2940004,0.3980825
13481,-0.04619613,0.1381057,0.4167667,0.4414768
13482,0.4633044,0.1658402,0.5824292,0.7624813
13483,-0.04625792,0.1404276,0.4110939,0.4368729
13484,0.9194393,4.68168,-1.495494,5
13485,2.287079,0.04427685,2.504152,3.391676
13486,1.757978,0.03486923,2.889917,3.382798
13487,1.840844,0.05058678,2.370315,3.001609
13488,1.836271,0.01772019,2.49745,3.099913
13489,1.591049,0.03351247,2.483164,2.94935
13490,1.755716,0.02867705,2.888921,3.380714
13491,2.22771,0.02812918,2.692558,3.494761
13492,2.413893,-0.02393577,2.390926,3.397643
13493,2.413459,-0.02386991,2.391091,3.397451
13494,4.735283,0.2097009,-1.590085,4.999525
13495,3.787777,0.1100052,3.261799,4.999869
13496,3.787723,0.1100293,3.261861,4.999869
13497,1.854015,1.220936,4.462163,4.98387
13498,0.3301098,-2.031745,4.556647,5
13499,-0.433538,4.349445,1.962303,4.791269
13500,-0.570353,0.1451145,4.965243,5
13501,-0.5791132,0.1530388,4.963991,5
13502,0.4001068,4.241963,2.213975,4.801669
13503,-0.5621779,3.570285,3.249604,4.86034
13504,0.6511713,3.439206,3.38674,4.870541
13505,0.8159897,3.424117,1.187374,3.714872
13506,0.8159018,3.423785,1.187528,3.714596
13507,-0.1326189,0.1265874,0.1328548,0.2264124
13508,-0.1322985,0.1773573,0.1919601,0.2929287
13509,-0.1130585,0.270337,0.103797,0.3108667
13510,-0.1130178,0.3250441,0.1660369,0.3820928
13511,-0.104483,0.3024188,0.1563555,0.3561192
13512,0.1755376,0.7709594,0.0512221,0.7923481
13513,0.1778876,0.7019905,-0.1290268,0.7355831
13514,4.136666,2.196939,0.6043786,4.722692
13515,4.419899,1.986391,1.232372,5
13516,4.007417,2.49159,0.6151643,4.758764
13517,4.426627,2.142234,0.9032215,5
13518,4.428095,2.138133,0.9057384,5
13519,-3.438672,3.605054,-0.4232316,5
13520,-0.03789567,0.1977579,0.2157064,0.2950822
13521,-0.1559507,0.5357485,0.2809616,0.6247292
13522,-0.02739259,0.09944911,0.265419,0.2847591
13523,-0.006609877,0.5543069,0.5155689,0.757041
13524,0.1208315,0.6160428,0.5176925,0.8137042
13525,-0.03686845,0.04965628,0.3321473,0.3378563
13526,-0.05001594,0.1909903,0.2873684,0.3486538
13527,-0.04217257,0.1196878,0.2328649,0.2651976
13528,2.591887,0.06084773,2.486818,3.59247
13529,2.597502,0.08171248,2.249096,3.436877
13530,2.5978,0.06087257,2.488881,3.598166
13531,2.351794,0.08080514,2.084243,3.14349
13532,-2.924767,0.4533674,4.027156,4.997779
13533,2.228026,3.412641,2.896512,5
13534,2.235016,3.410575,2.893558,5
13535,1.108994,0.4528777,4.8521,4.997784
13536,3.156578,0.7725426,3.7914,4.993548
13537,-1.177274,0.8543807,4.775479,4.992108
13538,-1.086368,3.52434,3.171271,4.863962
13539,2.26557,0.8120905,4.382659,5
13540,2.263461,0.8120675,4.383753,5
13541,0.5393547,2.246718,4.372189,4.945167
13542,0.04901836,3.068472,3.816398,4.897225
13543,0.6757586,1.989708,4.537004,5
13544,0.05900909,3.967155,2.749171,4.82698
13545,1.737608,3.34023,2.860893,4.728755
13546,1.739969,3.341803,2.85568,4.727583
13547,1.221485,1.087624,4.724939,5
13548,-0.1609467,0.2131613,0.09340305,0.2829588
13549,-0.1224037,0.5548862,0.02027597,0.5685881
13550,-0.1369987,0.7066453,-0.1543444,0.7361646
13551,-0.03746196,0.6271931,-0.02127438,0.6286709
13552,-0.1328788,0.77459,-0.04691407,0.7873039
13553,-0.09607913,0.3208591,0.1896398,0.3848961
13554,-0.03726101,0.6270512,-0.02083131,0.6285026
13555,0.0618717,0.4974849,-0.08547896,0.5085528
13556,-0.1353496,0.6180166,-0.2009021,0.6637964
13557,4.639077,1.861761,0.113209,5
13558,4.639304,1.861082,0.1150517,5
13559,4.346923,2.402411,0.5767862,5
13560,4.110133,2.018469,0.06241613,4.579443
13561,3.94677,1.893861,0.6870078,4.431217
13562,4.255136,2.59312,0.4117602,5
13563,4.408493,1.941448,0.3903739,4.832848
13564,3.923891,1.76234,0.527707,4.333732
13565,3.737723,1.796658,0.6639662,4.199929
13566,3.707687,1.750219,0.1831137,4.104113
13567,4.2541,2.594589,0.4132077,5
13568,4.699056,1.598853,0.6021155,5
13569,3.16406,2.820409,2.652173,5
13570,-0.06300601,0.3845848,0.3146239,0.5008626
13571,-0.06295224,0.3857835,0.3123892,0.5003787
13572,-0.06551648,0.5300424,0.3694076,0.6493837
13573,-0.0972286,0.6520683,0.4367427,0.7908165
13574,0.06612632,0.8397605,0.3172708,0.9001284
13575,-0.04956409,0.40514,0.3221086,0.519951
13576,0.07506953,0.2874315,0.4342201,0.5261173
13577,-0.03472525,0.2198221,0.3113637,0.3827205
13578,0.1749807,0.5345863,0.2733839,0.6254115
13579,0.06368605,0.8352602,0.3242397,0.8982466
13580,-0.09737384,0.6521141,0.4371147,0.7910776
13581,-2.303631,0.1747312,-4.43427,5
13582,1.842348,1.450669,4.416029,5
13583,2.470714,0.05022654,1.975572,3.163832
13584,2.93926,0.06838697,2.163774,3.650458
13585,2.676895,0.08492697,2.249147,3.497376
13586,2.494883,0.0424178,1.926578,3.152451
13587,2.792698,0.06235613,1.638273,3.238362
13588,2.682076,0.08492393,2.24639,3.499573
13589,2.578962,0.06185991,1.797842,3.144377
13590,2.907857,0.1298978,1.991076,3.526597
13591,2.904639,0.1299707,1.994763,3.526031
13592,0.3261724,3.634701,3.202394,4.855179
13593,4.892075,0.9037994,-0.4031203,4.991168
13594,3.629807,-3.332447,0.8481151,5
13595,-2.930825,-1.54062,3.746566,5
13596,-2.157123,4.133176,1.190854,4.811908
13597,-1.79241,2.349084,3.958904,4.940025
13598,-0.2699892,2.695816,4.107865,4.920861
13599,1.15649,1.994941,4.387801,4.956819
13600,-4.78289,-1.41032,0.36736,5
13601,4.390601,2.223584,0.8822114,5
13602,4.388319,2.228482,0.8812109,5
13603,-4.784528,-1.40246,0.3760219,5
13604,-0.2313433,0.6518373,4.951928,5
13605,-0.3184895,1.972242,4.583539,5
13606,-0.1460429,0.5495386,0.06371494,0.5721719
13607,-0.1271031,0.6709431,0.05167431,0.6848286
13608,-0.06703596,0.5436004,0.1300611,0.5629486
13609,0.1207663,0.5696213,0.04321254,0.5838837
13610,0.122776,0.5707707,0.04088427,0.585256
13611,-0.1824627,0.5473405,0.0732728,0.5815868
13612,-0.1824695,0.5397059,0.07327185,0.5744095
13613,-0.06701802,0.5426972,0.1300487,0.5620714
13614,-0.1460783,0.5564255,0.0637271,0.5787998
13615,4.950669,0.6478409,0.2534405,4.999306
13616,4.895838,1.004928,0.1373071,4.999796
13617,4.895391,1.007109,0.1372451,4.999796
13618,4.999701,0.01009593,0.05111635,4.999972
13619,4.999691,0.01372468,0.0511241,4.999972
13620,4.959162,0.5307633,0.335877,4.998781
13621,-3.168216,1.294704,3.462765,4.868737
13622,-3.719108,3.271287,0.6491464,4.995446
13623,-3.491853,-0.04884742,-3.578348,5
13624,0.3937593,0.7245595,0.5580136,0.9956968
13625,-0.04162741,0.3952414,0.3475262,0.5279423
13626,-0.03896623,0.3687862,0.147911,0.3992484
13627,-0.07725485,0.437971,0.2180314,0.4953025
13628,0.07929471,0.7452278,0.2171325,0.7802555
13629,-0.05325684,0.273248,0.3807113,0.4716374
13630,0.2181575,0.7914131,0.2981773,0.8734055
13631,-0.05677517,0.6932253,0.04116658,0.6967635
13632,2.626554,0.09749324,1.891676,3.238322
13633,2.62981,0.09746795,1.888076,3.238863
13634,2.872432,0.06033989,1.797943,3.389263
13635,2.774565,0.1099012,1.890944,3.359458
13636,2.779515,0.1099057,1.894045,3.365291
13637,0.8798431,3.23038,-3.558533,4.885962
13638,-2.44226,2.851463,3.166405,4.911375
13639,-2.270523,0.3353935,4.44073,4.998785
13640,-2.148665,4.181053,1.006718,4.807436
13641,-0.4520541,-1.223229,4.822507,4.99572
13642,1.716361,1.91432,4.288296,5
13643,-1.051614,-0.2101159,4.883642,5
13644,-3.087098,2.913202,2.642551,5
13645,-0.9248805,1.802681,4.571098,5
13646,-0.9233231,1.806008,4.570099,5
13647,1.494295,2.215788,4.225797,5
13648,-0.08559297,0.4216877,-0.02455599,0.4309868
13649,0.1763228,0.9501969,-0.001382283,0.966419
13650,-0.04256276,0.5891733,0.3318609,0.6775458
13651,-0.05666295,0.4892074,0.03144722,0.493481
13652,0.1057182,0.778987,0.007447253,0.7861632
13653,-0.0003815194,0.6389521,0.1882972,0.66612
13654,-0.08563357,0.4219427,-0.0242457,0.4312269
13655,4.612198,0.7042843,-1.79767,5
13656,2.577003,-4.15265,-1.055722,5
13657,2.963589,0.08643287,1.412059,3.283937
13658,2.956364,0.08645394,1.412003,3.277394
13659,2.887909,0.05646043,1.519787,3.263887
13660,2.696854,0.1580257,1.88749,3.295544
13661,2.684551,0.1580376,1.886734,3.28505
13662,2.895245,0.05646477,1.510683,3.266159
13663,2.807203,0.08186671,2.303203,3.632057
13664,-2.534539,3.194428,2.69617,4.888516
13665,-0.6589718,3.149624,-3.68428,4.891655
13666,-0.6913103,-3.398082,3.6021,5
13667,1.848622,4.263494,-1.200608,4.799609
13668,-0.8998653,4.254848,2.032413,4.800437
13669,1.035402,4.366349,-1.674301,4.789608
13670,-3.698691,2.334169,2.423084,5
13671,1.613897,-0.4078448,4.714764,5
13672,0.9258255,3.275221,3.662755,5
13673,-4.50079,0.9067761,1.980063,5
13674,1.585276,0.4682531,4.71886,5
13675,0.01752108,0.9933023,-0.07528529,0.9963054
13676,0.01769757,0.9946308,-0.07575542,0.9976685
13677,-0.07205672,0.3796679,-0.06045365,0.3911452
13678,-0.03994187,0.3931196,0.1558955,0.4247844
13679,-0.08844529,0.2811307,0.08002593,0.3053869
13680,-0.08830063,0.2812133,0.07967757,0.30533
13681,-0.08378597,0.468857,0.1707504,0.5059671
13682,-0.08672319,0.3974697,-0.1092014,0.4212221
13683,-0.03700032,0.8955155,-0.1615636,0.9107249
13684,-0.03264054,0.8165923,-0.2620412,0.8582273
13685,-0.0687813,0.3854006,-0.001239808,0.391492
13686,-0.06980993,0.3539835,-0.01285326,0.3610304
13687,-3.478871,1.701443,3.16268,5
13688,3.297446,0.1404546,1.382568,3.57832
13689,2.754084,0.1451181,1.889961,3.34335
13690,3.159474,0.2084523,1.411134,3.466559
13691,3.15948,0.208258,1.410926,3.466468
13692,3.295235,0.1401056,1.381105,3.575704
13693,3.393174,0.1424325,1.362891,3.659424
13694,2.088848,4.298082,-0.4092056,4.796274
13695,3.611354,2.751477,1.889342,4.917531
13696,-3.089717,-2.06294,3.34633,5
13697,-2.326607,0.0069245,4.425703,4.999999
13698,-4.402973,0.4103047,-2.329656,4.998181
13699,-3.177439,0.1202572,3.858479,4.999844
13700,2.09574,0.9776776,4.421398,4.989663
13701,-4.355684,1.045807,2.194573,4.988171
13702,0.2349509,0.3926714,0.1805903,0.4919406
13703,0.3633763,0.437477,0.04320241,0.5703463
13704,0.3635868,0.4374557,0.04335493,0.5704757
13705,3.8622,-2.601245,-1.821246,5
13706,-4.293237,-1.066432,2.330415,5
13707,3.746704,0.03908849,-3.310691,5
13708,3.006246,-0.00292786,3.995307,5
13709,-1.024742,-0.4719806,4.871051,5
13710,-1.818178,1.025446,4.543423,5
13711,1.432897,0.08063727,4.789604,5
13712,-0.06268859,0.3402709,0.09460186,0.3586972
13713,-0.06955681,0.2821462,0.03490026,0.2926818
13714,-0.06138735,1.057457,0.08105718,1.062334
13715,-0.1024457,0.4136382,-0.05493597,0.4296623
13716,-0.118109,0.4770876,-0.07140972,0.4966505
13717,-0.06071479,1.057483,0.08130512,1.062341
13718,-0.0129405,0.5408906,-0.003685055,0.5410579
13719,-0.1035454,0.4115585,-0.04165382,0.4264236
13720,-0.0141393,0.534153,-0.002673956,0.5343468
13721,-4.622215,1.760374,0.7322699,5
13722,1.155553,4.573199,1.658479,5
13723,3.416661,0.2015689,0.7669041,3.50747
13724,3.183762,0.121491,1.640032,3.583407
13725,2.935948,0.2136497,1.293571,3.215395
13726,2.936622,0.2134329,1.289761,3.214465
13727,3.18109,0.121492,1.631615,3.577186
13728,3.842702,0.2187054,1.269045,4.052736
13729,3.848453,0.2187998,1.256796,4.05438
13730,0.6039096,3.443829,-3.39029,4.870188
13731,3.864219,1.337558,2.843496,4.980635
13732,0.04752669,4.529386,-1.505345,4.773223
13733,-1.754993,4.418508,1.548156,5
13734,0.5125795,4.584307,-1.204568,4.767556
13735,-0.09521167,0.3497269,-4.98552,4.998679
13736,0.6794643,3.701358,-3.05912,4.849736
13737,3.781857,-1.761934,-2.755567,5
13738,-0.2734862,0.618745,0.09835256,0.6836031
13739,-0.0208912,0.2817914,-0.07032011,0.2911834
13740,0.3242887,0.5265723,0.2424627,0.6642512
13741,-0.03260345,0.354937,0.04236854,0.3589406
13742,0.2871893,0.4576046,0.1676492,0.5656729
13743,-0.2734811,0.6170551,0.09811827,0.6820382
13744,0.7421991,4.452896,-0.7419688,4.574894
13745,1.640132,0.4114864,0.5449159,1.776595
13746,1.644896,0.4058763,0.5424539,1.778953
13747,1.869308,0.1976198,0.4135365,1.924676
13748,1.867606,0.1993963,0.4134701,1.923193
13749,-1.959567,-4.460775,-1.1232,5
13750,4.901933,0.1143598,-0.9787615,5
13751,1.914009,4.604724,0.364815,5
13752,1.097692,-4.877383,-0.07875793,5
13753,-4.919446,-0.09446434,0.8888913,5
13754,-4.176939,-2.697142,0.5278317,5
13755,-0.1062299,0.6398782,0.02482854,0.6491112
13756,-0.1646567,0.6667159,0.04765344,0.6883987
13757,-0.1648448,0.6673434,0.0477235,0.6890563
13758,0.05084976,0.6123301,0.09057564,0.6210779
13759,-0.06677653,0.932862,0.05577754,0.9369108
13760,1.600501,4.066594,-0.006753609,4.370222
13761,2.649115,4.205269,0.5457982,5
13762,2.649151,4.205159,0.5464782,5
13763,4.13924,2.699587,0.07467972,4.942333
13764,4.137182,2.701713,0.05377522,4.941499
13765,4.825732,1.046676,0.7460877,4.993983
13766,1.256422,4.114037,2.42131,4.936257
13767,3.34158,0.1848153,0.6645131,3.412022
13768,3.342951,0.1846537,0.6749346,3.4154
13769,-3.713151,-0.7587296,3.261417,5
13770,-1.730585,4.442029,-0.3765363,4.782084
13771,4.885777,0.2507568,1.029329,4.999321
13772,-2.366303,3.73273,1.990499,4.847138
13773,0.2513224,0.6326652,0.1596049,0.6992152
13774,0.09407668,0.4879308,0.02072408,0.4973494
13775,0.09397413,0.4871345,0.01996421,0.4965177
13776,-0.03052423,0.3501638,-0.07290879,0.3589737
13777,-0.03045559,0.35767,-0.06814964,0.3653761
13778,0.1583698,0.5125419,0.002365564,0.5364567
13779,0.245208,0.6327521,0.1557799,0.696254
13780,2.190725,0.610809,0.3044292,2.294568
13781,2.034222,0.4799445,0.5442422,2.15977
13782,2.141251,0.3642113,0.3767178,2.204433
13783,2.134014,0.5610249,0.4880239,2.259852
13784,2.197394,0.5119715,0.442526,2.299236
13785,2.309877,0.5276348,0.2030914,2.378061
13786,2.197095,0.509837,0.4453029,2.299012
13787,4.942558,-0.566698,0.4999722,5
13788,-0.7895349,-4.362889,2.311241,5
13789,-3.272919,-3.779901,0.01867777,5
13790,1.271477,3.160402,3.659946,5
13791,-0.1237693,-0.1292145,4.996797,5
13792,-1.556119,1.358493,4.553349,5
13793,3.287471,0.1733848,1.011089,3.44381
13794,3.199223,0.252716,0.9778883,3.354871
13795,3.206388,0.2532984,0.9807454,3.36258
13796,3.488865,0.1373443,0.812641,3.584889
13797,3.211647,0.1979581,0.8710324,3.33355
13798,3.490105,0.137422,0.813652,3.586328
13799,-2.953875,-1.344799,3.803438,5
13800,0.2538868,3.691082,-3.136813,4.850582
13801,2.542514,-4.268195,0.5640379,5
13802,1.424264,-0.08858988,-4.792037,5
13803,0.2063051,3.581211,3.278236,4.859472
13804,4.620665,1.703165,-0.6597792,4.968563
13805,-0.02123674,0.4139153,-0.06338809,0.4192791
13806,-0.04284786,0.3867453,0.003647478,0.3891287
13807,-0.04280809,0.3839138,0.005445322,0.3863314
13808,-0.03223097,0.5192832,0.1450766,0.5401307
13809,-0.03232423,0.5188548,0.1509463,0.5413316
13810,-4.458931,2.073213,0.01985114,4.917385
13811,2.586239,0.7469389,0.4483578,2.729024
13812,2.590482,0.7457868,0.4560258,2.734
13813,2.141002,0.5669613,0.5601268,2.28453
13814,2.269506,0.5642189,0.4443581,2.380432
13815,2.328641,0.49787,0.3916274,2.413258
13816,2.328665,0.4975789,0.391234,2.413158
13817,2.572207,0.6103034,0.3283436,2.663931
13818,2.516092,0.6394534,0.1340802,2.599538
13819,2.066312,0.7879347,0.383822,2.244506
13820,2.269639,0.5641952,0.4445696,2.380592
13821,-4.71293,-1.635071,-0.3388745,5
13822,2.736803,-4.177464,-0.2423025,5
13823,1.278975,-4.828961,0.2129705,5
13824,1.116503,-0.5833311,4.838713,5
13825,2.500136,-2.883309,3.230456,5
13826,3.36709,3.49924,1.190811,5
13827,-1.269124,0.5270287,4.807448,5
13828,-1.750051,3.024606,3.576182,5
13829,4.06062,0.1799271,0.6277032,4.112787
13830,2.990958,0.2205862,0.6182655,3.062146
13831,3.330662,0.1739389,0.2468967,3.344327
13832,2.767411,0.2524105,0.7561648,2.879941
13833,3.332147,0.1969877,0.537171,3.380912
13834,2.970761,0.2522647,0.4931116,3.021955
13835,2.993973,0.2205334,0.6145561,3.064341
13836,0.06497031,-2.324763,-4.426201,5
13837,-1.2765,-4.767601,0.800332,5
13838,-3.190627,3.628163,-0.4839739,4.855708
13839,2.606417,4.053559,0.01089133,4.819219
13840,1.394391,4.382031,1.333793,4.788061
13841,-0.04063913,0.3372169,0.07667471,0.3482036
13842,-0.05108392,0.2549421,-0.09473856,0.2767317
13843,0.03289947,0.5273745,0.07190498,0.5332697
13844,-0.03184284,0.3493016,0.1208135,0.3709736
13845,-0.03221088,0.2648773,0.00402706,0.2668591
13846,-0.04060545,0.5421632,0.05392785,0.5463496
13847,-0.0792043,0.7370356,0.05580225,0.7433766
13848,-0.04440606,0.360475,-0.04537108,0.3660227
13849,2.613325,0.7944577,0.5443618,2.785132
13850,2.329272,0.3185698,0.1920976,2.358791
13851,2.491,0.4470039,0.455426,2.57144
13852,2.423012,0.6888692,0.3359358,2.541335
13853,2.279322,0.1668296,0.4554005,2.33035
13854,2.267486,0.427419,0.6690319,2.402453
13855,-3.709552,3.332534,0.3652919,5
13856,-1.246002,2.775829,3.967651,5
13857,-4.520323,-0.001427721,-2.136979,5
13858,4.078633,2.466639,-1.510114,5
13859,0.06984603,3.393034,3.671845,5
13860,1.029054,-4.205028,2.501756,5
13861,2.886958,0.1412546,0.1525294,2.894434
13862,3.19884,0.1055406,-0.1387917,3.203589
13863,2.731335,0.2612889,0.08610725,2.745155
13864,2.835111,0.221573,0.1523202,2.847832
13865,3.348067,0.2256157,0.1604748,3.359495
13866,2.431074,0.22966,0.1149783,2.444603
13867,2.927677,0.2538752,0.153675,2.942679
13868,4.265497,-0.2877902,2.59282,5
13869,0.7076796,4.567233,1.177304,4.769326
13870,2.570462,4.05202,0.447301,4.819358
13871,2.647695,4.007044,-0.4457446,4.82342
13872,3.246449,-1.803317,-3.347927,5
13873,-0.07824497,0.5954163,-0.1264558,0.6137051
13874,-0.05464129,0.3163129,-0.1130488,0.3403227
13875,-0.03439355,0.3465224,-0.01196726,0.3484307
13876,-0.02427389,0.4686886,0.03927155,0.470957
13877,0.1206464,0.733174,-0.0678472,0.7461253
13878,-0.07887181,0.5922116,-0.1252883,0.6104363
13879,-0.0546892,0.3236954,-0.1134128,0.3473213
13880,-0.03142442,0.2905215,0.005465145,0.2922672
13881,2.761778,0.696741,0.3215253,2.866399
13882,2.733065,0.2538021,0.6140044,2.812661
13883,2.536303,0.4691675,0.26003,2.592405
13884,2.463355,0.5973473,0.418426,2.569051
13885,2.840331,0.7684145,0.3741308,2.966128
13886,2.635878,0.4410971,0.3141319,2.690929
13887,2.663365,0.6850207,0.5592158,2.80633
13888,2.242733,0.9232789,0.2448765,2.437675
13889,2.448355,0.6748072,0.5470618,2.5979
13890,2.449831,0.6762372,0.548893,2.600048
13891,4.279489,2.229827,1.30914,5
13892,3.286937,3.761425,-0.2184535,5
13893,-3.254553,-3.482515,1.509961,5
13894,3.150373,-1.620692,3.528245,5
13895,-3.361673,-3.701228,-0.008285802,5
13896,2.971776,-1.400566,3.769213,5
13897,0.7980255,4.787855,-1.199833,5
13898,2.950354,-0.04906803,4.03646,5
13899,2.262953,-0.4994553,4.43053,5
13900,2.184574,0.3502532,-0.2493857,2.226485
13901,1.968002,0.1827468,0.06580662,1.977564
13902,1.960173,0.1829426,0.05652218,1.969503
13903,2.617118,0.1628517,-0.2024957,2.629987
13904,2.6212,0.1617192,0.4839402,2.670401
13905,2.691791,0.1373536,-0.05657016,2.695886
13906,0.07423068,4.682374,0.8374186,4.757248
13907,-2.945746,2.514655,3.052203,4.931212
13908,1.133583,4.452425,1.322589,4.781039
13909,0.8247592,4.561313,1.125389,4.769938
13910,3.762283,3.127594,-0.08135812,4.893183
13911,3.539266,3.041264,-1.491671,4.899058
13912,4.157557,2.638058,0.05936636,4.924242
13913,3.725111,3.090306,-0.7360954,4.895741
13914,-0.08371276,0.8260546,0.05467137,0.8320836
13915,-0.1033158,0.6360653,0.03644751,0.6454313
13916,0.06282876,0.916325,0.05283393,0.9199948
13917,-0.1266624,0.7593122,0.03638628,0.7706636
13918,-0.0716699,0.775915,0.0117189,0.7793061
13919,-0.1266507,0.7740044,0.03638185,0.7851413
13920,2.708949,0.8596973,0.3915595,2.868937
13921,2.45479,0.1981863,0.4850404,2.510087
13922,2.289399,0.7395608,0.34092,2.429923
13923,2.758972,0.7053388,0.3748795,2.872275
13924,2.481963,0.6955711,0.4060929,2.609381
13925,2.282812,-0.01082729,0.2735163,2.299165
13926,2.048855,-4.358399,-1.344081,5
13927,4.694202,0.5337987,1.636925,5
13928,1.110325,2.503238,-4.183417,5
13929,-4.54543,-1.390335,-1.551141,5
13930,1.877812,-4.083274,2.191048,5
13931,4.548175,-1.620286,-1.299529,5
13932,-2.679466,2.756537,-3.197181,5
13933,-3.28799,2.694558,2.6322,5
13934,1.190939,0.2050713,0.5779248,1.339547
13935,1.006185,0.2613381,0.6495953,1.225839
13936,0.97596,0.3252627,0.6744428,1.230108
13937,1.007232,0.2335466,0.6241924,1.207757
13938,0.8321922,0.3747354,0.612361,1.099071
13939,1.199159,0.220213,0.6199974,1.367799
13940,2.045368,-4.477551,0.832538,4.992506
13941,3.530148,3.225351,0.9553544,4.876222
13942,3.340382,3.430612,0.8503942,4.86317
13943,1.496631,4.516218,0.380474,4.772933
13944,3.385319,-3.679256,-0.05191707,5
13945,3.682619,0.4991758,3.177766,4.889689
13946,3.39433,2.658489,2.257612,4.866811
13947,2.12149,4.277878,-0.4711719,4.798225
13948,0.6709867,4.270044,1.98063,4.754618
13949,1.185923,3.278213,3.247543,4.764412
13950,1.164494,3.334729,3.1966,4.763897
13951,0.9001851,4.067667,2.298968,4.758309
13952,3.798055,2.197746,-2.285363,4.947544
13953,2.35815,-4.339267,0.7419057,4.99405
13954,0.6715397,4.116695,2.282176,4.754626
13955,0.3455373,4.420409,1.707259,4.751225
13956,3.111383,2.839341,-2.527151,4.912133
13957,2.432871,3.108239,-2.894177,4.894515
13958,2.636221,0.423494,0.04473586,2.670395
13959,2.439997,0.2972225,0.2876159,2.474803
13960,2.884919,0.4300014,0.2586559,2.928236
13961,2.59592,0.6774791,0.2971187,2.69927
13962,2.340657,0.3821677,0.4008145,2.405282
13963,2.30937,0.4319694,0.3553289,2.376141
13964,0.5428261,0.9017597,4.887962,5
13965,4.432705,1.821785,1.42556,5
13966,4.911845,-0.7599147,-0.5443447,5
13967,-1.811167,2.155058,4.132239,5
13968,-4.611396,1.037897,1.630274,5
13969,-0.755921,4.891326,0.7095873,5
13970,2.325686,4.041833,-1.804098,5
13971,2.612777,0.3879097,0.2750858,2.655702
13972,2.820618,0.6011,0.2427235,2.894153
13973,2.073066,0.607408,0.2742941,2.177564
13974,2.258739,0.195329,0.2700992,2.283201
13975,2.208573,0.2842556,0.3333375,2.251601
13976,2.121659,0.4148235,0.09989648,2.164138
13977,2.485005,0.7005034,0.1438908,2.585857
13978,2.53802,0.4468741,0.04136332,2.577393
13979,4.210894,2.573048,-0.8048562,5
13980,-0.8781846,-3.404127,3.555378,5
13981,4.515564,-1.056286,1.869208,5
13982,2.323405,-4.029047,1.835367,5
13983,1.453432,-3.045298,3.689675,5
13984,4.984097,-0.3984705,-0.001453566,5
13985,2.426311,0.2988362,0.3434888,2.468658
13986,2.683104,0.7838684,0.1844436,2.801342
13987,2.570695,0.889411,0.3317046,2.740356
13988,2.501393,0.21864,0.1888723,2.518024
13989,2.388159,0.2908516,0.1725976,2.411988
13990,2.393209,0.2862644,0.1781966,2.416847
13991,-4.74168,0.3365475,1.550228,5
13992,2.26993,-3.543988,-2.699549,5
13993,-3.357671,3.622388,-0.7773982,5
13994,2.161636,-1.784829,4.140255,5
13995,0.3672208,0.6912552,0.03128071,0.7833667
13996,0.00414016,0.397987,-0.0672904,0.4036568
13997,0.2509004,0.05628704,1.530422,1.551873
13998,0.2968051,0.04358285,1.46058,1.491069
13999,0.2576037,-0.09531198,1.436217,1.462246
14000,0.1296549,-0.02616336,1.457624,1.463613
14001,-2.760811,4.086511,0.8236212,5
14002,-1.92514,-1.294944,-4.429103,5
14003,-4.873122,-0.2899429,1.081027,5
14004,-3.342327,0.3356956,-3.703533,5
14005,-0.5339058,-3.324699,-3.696122,5
14006,0.6850848,-2.771331,4.104922,5
14007,-0.1248412,4.936741,0.7829417,5
14008,-0.105261,4.93931,0.7695065,5
14009,0.4634711,2.826778,4.098112,5
14010,2.429271,0.6746705,-0.2774484,2.536438
14011,2.247885,0.2372149,0.02727557,2.260531
14012,2.18609,0.3435368,-0.114872,2.215898
14013,1.837938,0.1677896,0.08246399,1.847423
14014,2.245978,0.6067325,0.1195908,2.329559
14015,2.13593,0.08413231,0.001876134,2.137587
14016,2.350732,0.67208,0.05051931,2.445442
14017,2.122296,0.2263513,0.1715073,2.141212
14018,2.108904,0.4937834,-0.03369081,2.166203
14019,-2.779021,-2.024736,-3.630081,5
14020,-4.048883,2.59111,-1.375752,5
14021,4.061826,-1.581025,-2.449884,5
14022,-3.48681,3.440829,1.001426,5
14023,3.08272,-2.581862,2.971671,5
14024,-0.05266653,0.7214075,0.05615951,0.7255043
14025,-0.05271402,0.7302165,0.04887591,0.7337464
14026,-0.07694908,0.7336303,0.0007194144,0.7376552
14027,-0.07687947,0.7333686,0.004394336,0.7374004
14028,0.01179088,-0.09077551,1.498682,1.501475
14029,0.1097857,-0.1657088,1.512699,1.525704
14030,0.1103724,-0.1654643,1.51228,1.525303
14031,0.2717891,-0.03331453,1.619362,1.64235
14032,0.2717713,-0.02385579,1.622721,1.645495
14033,0.01411629,-0.09132005,1.498049,1.500896
14034,2.452389,1.034621,0.5886658,2.726019
14035,-0.6830348,-2.794197,4.089734,5
14036,-1.91689,-4.583698,0.56147,5
14037,-0.9844783,3.800141,3.096729,5
14038,0.210515,1.445198,4.781954,5
14039,4.073944,2.764594,-0.8717787,5
14040,-3.454158,-3.612655,0.1323641,5
14041,1.494222,-4.771509,-0.002111356,5
14042,3.428888,2.684093,2.457309,5
14043,1.218407,-2.701519,-4.027068,5
14044,2.740899,-0.8799531,4.088172,5
14045,1.449777,0.5234493,0.1046791,1.544931
14046,1.399698,0.4335177,0.1234833,1.47049
14047,1.409267,0.4841123,0.1080783,1.494015
14048,1.284648,0.2492391,0.1208355,1.314169
14049,3.996609,0.2742296,-2.991975,5
14050,3.589185,2.27335,2.504404,4.931776
14051,4.365531,1.573617,-1.861684,5
14052,2.713464,-2.321888,3.32445,4.879142
14053,-0.5765637,0.8024756,4.656319,4.760011
14054,2.144654,-4.516024,0.0773867,5
14055,0.4840057,-4.875531,0.9475944,4.99029
14056,-0.7037908,-4.001528,2.768473,4.916502
14057,-4.779834,0.8411264,1.202368,5
14058,4.694286,-1.664223,-0.4405058,5
14059,-1.070308,-4.161431,2.428904,4.935853
14060,0.1266825,0.1796576,1.37289,1.390378
14061,0.03462294,-0.145675,1.713613,1.720142
14062,-0.04051919,0.1523328,1.532002,1.54009
14063,0.02804891,-0.1461684,1.707802,1.714275
14064,-0.1179138,0.06540144,1.73714,1.742365
14065,0.08403399,0.02812244,1.602967,1.605414
14066,0.09851137,0.09116044,1.549273,1.555077
14067,0.09883497,0.09324444,1.543664,1.549633
14068,-0.1191185,0.06413279,1.739075,1.744329
14069,2.698667,1.023292,0.5322229,2.934824
14070,2.313094,1.081594,0.6453887,2.633776
14071,2.668826,1.168117,0.2727256,2.926005
14072,2.110872,1.082513,0.6018221,2.447407
14073,2.233643,1.289578,0.4501477,2.618168
14074,2.667526,1.169367,0.269087,2.924982
14075,2.6354,1.04011,0.5933903,2.894698
14076,2.233357,1.287974,0.4520927,2.61747
14077,2.60505,3.863188,-1.813696,5
14078,-1.238061,2.789232,3.960731,5
14079,-2.700227,-2.723428,-3.208071,5
14080,1.736002,2.160907,4.161343,5
14081,-4.193675,-0.9498172,-2.551654,5
14082,-1.337365,-2.332152,4.215747,5
14083,-0.2020536,-0.07196818,1.528159,1.543138
14084,0.02326116,0.1300408,1.678275,1.683467
14085,-0.07922789,-0.2476577,1.680891,1.700884
14086,0.04028421,-0.01326544,1.75903,1.759541
14087,-0.2109277,-0.2096855,1.719346,1.744881
14088,-0.08029942,-0.2473562,1.681666,1.701656
14089,-0.0110154,0.1230441,1.652247,1.656859
14090,-0.1360699,0.1077621,1.590225,1.59967
14091,0.04110595,-0.01310877,1.758895,1.759424
14092,0.1024025,0.1359412,1.745547,1.753825
14093,0.1027063,0.1370154,1.74231,1.750704
14094,1.545401,4.200704,1.895977,4.860958
14095,1.547788,4.199318,1.896006,4.86053
14096,2.68454,1.044115,0.1968814,2.88716
14097,2.350998,1.107325,0.7839215,2.714387
14098,2.188374,1.265449,0.5917071,2.596239
14099,2.500538,0.9797646,0.1171163,2.688186
14100,2.433563,0.9984491,0.4648628,2.671184
14101,2.622657,1.01577,0.1625102,2.817185
14102,1.891958,-3.146776,3.393862,5
14103,1.252815,4.801579,-0.6126133,5
14104,-0.8639287,-1.205977,4.774856,5
14105,-0.1172338,0.1320716,2.056521,2.064089
14106,-0.1768754,0.1064426,1.899087,1.910274
14107,-0.04959051,0.1141412,1.848144,1.852329
14108,-0.08344766,0.02466632,1.770443,1.77258
14109,-0.1449314,-0.02682399,1.674515,1.680989
14110,-0.08534502,0.02509344,1.77356,1.775789
14111,0.03262362,0.09949709,1.826355,1.829355
14112,0.03247234,0.1004256,1.828656,1.8317
14113,0.6771176,4.879169,0.8574524,5
14114,0.8610222,4.668685,1.375958,4.942797
14115,0.864356,4.682754,1.361592,4.952699
14116,3.47718,3.062629,0.004098007,4.633626
14117,3.483722,3.061544,-0.001922061,4.63782
14118,2.744035,0.6758248,0.6312582,2.895679
14119,2.481565,1.131079,0.4165408,2.758806
14120,2.526786,0.784486,0.4621381,2.685822
14121,2.455513,1.069117,0.3705923,2.703682
14122,2.383887,1.070546,0.390284,2.642216
14123,2.471218,1.135582,0.3754913,2.745443
14124,2.413923,0.8358979,-0.05031499,2.55505
14125,2.766411,0.9871448,0.2998419,2.952523
14126,1.934656,0.9956805,0.09990708,2.178131
14127,2.181171,1.186594,0.5830915,2.55059
14128,-2.681609,-0.6543358,-4.169031,5
14129,-0.9463381,4.329314,-2.315488,5
14130,-1.550779,-4.141874,2.332373,5
14131,4.793727,-0.6497839,-1.264107,5
14132,-1.044427,3.384374,-3.529191,5
14133,-2.68926,4.060609,1.131076,5
14134,0.1911444,-3.977824,3.023307,5
14135,0.515929,0.17434,-4.970254,5
14136,-0.3082,0.05385051,1.735657,1.763631
14137,-0.198098,-0.1155468,1.774343,1.789102
14138,-0.3069322,0.0484771,1.733473,1.761103
14139,-0.07220756,0.1190215,1.889181,1.894303
14140,-0.08191276,0.04869467,1.832254,1.83473
14141,-0.1009164,0.15869,1.665081,1.675667
14142,-0.1001103,0.1549004,1.661999,1.672202
14143,-0.111511,0.005265811,1.67396,1.677679
14144,-0.08331504,0.04572821,1.83716,1.839617
14145,-0.2524454,-0.2213419,1.657339,1.691004
14146,-0.1787123,0.1618171,1.899473,1.914712
14147,-0.1375669,0.126899,1.569629,1.580748
14148,1.097792,3.380314,1.958619,4.05806
14149,1.094334,3.377149,1.966089,4.058105
14150,2.347958,0.7239832,0.2409188,2.468825
14151,2.76068,0.2831149,-0.3313537,2.794871
14152,2.392524,1.014518,0.02047422,2.598814
14153,2.096369,0.8731081,-0.1664911,2.277015
14154,2.471953,0.852051,0.4349906,2.650615
14155,2.296655,1.018157,0.00309711,2.512226
14156,2.477099,0.8697405,0.2749698,2.639711
14157,1.936312,0.7654705,0.1093815,2.084997
14158,2.316967,0.9624798,-0.1262793,2.5121
14159,1.577296,-1.572686,4.476471,5
14160,4.639828,1.59405,-0.9648847,5
14161,-0.2452844,1.763209,4.672359,5
14162,-0.03209857,0.5032812,0.01228142,0.5044533
14163,0.3667891,0.1850142,-0.007856862,0.4108847
14164,0.3636388,0.1865,-0.0004686389,0.4086755
14165,-0.03243345,0.5048245,-0.04630717,0.5079803
14166,0.1913152,0.5132738,0.02449255,0.5483168
14167,-0.0327166,0.4965221,-0.03043746,0.4985288
14168,2.746861,0.1773516,-0.2561655,2.764474
14169,-1.796682,1.413746,4.446712,5
14170,3.240371,3.438931,1.635159,5
14171,-0.1892373,0.158794,1.871024,1.887262
14172,-0.2577765,0.1259415,1.842431,1.864635
14173,-0.02279497,0.2622346,1.708261,1.728421
14174,-0.2577249,0.1258567,1.842736,1.864923
14175,-0.2556436,-0.00333007,1.872622,1.889994
14176,-0.1492661,0.04616521,1.667439,1.674743
14177,-0.04267296,0.3875325,1.633377,1.679262
14178,-0.3637889,0.3488331,1.622199,1.698692
14179,-0.04108719,0.3938632,1.624914,1.672472
14180,-0.1124386,0.1993494,1.593704,1.610054
14181,-0.1881547,0.1937536,1.754097,1.774768
14182,-0.1881767,0.1939535,1.754373,1.775064
14183,-0.09239706,2.397007,4.363488,4.979378
14184,-0.6335914,2.186245,4.451842,5
14185,1.271455,0.6241114,0.06994478,1.418099
14186,1.328429,0.9260867,0.08173815,1.621432
14187,1.115793,0.6729351,0.0634277,1.304553
14188,1.035961,0.6823393,0.09843884,1.244384
14189,1.176541,0.6134533,0.06536414,1.328475
14190,1.335366,0.7142751,0.09187308,1.517179
14191,3.40649,2.927439,2.086959,4.952724
14192,-1.357087,3.272392,3.352001,4.877104
14193,3.441758,3.411722,1.1691,4.985212
14194,2.301142,1.484035,-4.183585,5
14195,-1.726739,4.493703,1.283379,4.982174
14196,-3.514607,2.578892,-2.448847,5
14197,4.631752,0.5421031,-1.80361,5
14198,0.02775011,0.003250737,1.856823,1.857034
14199,-0.113075,-0.1000646,1.74552,1.752039
14200,0.02881791,-0.0009105977,1.849124,1.849349
14201,-0.03256094,0.08168667,1.566765,1.569231
14202,-0.07213999,0.07255997,1.730612,1.733634
14203,0.1213471,0.01009358,1.809778,1.813869
14204,0.2468743,0.1055496,1.520539,1.544062
14205,0.1201155,0.008296019,1.810421,1.81442
14206,-0.1888552,0.09601118,1.658241,1.67172
14207,4.225526,-1.12819,2.423245,5
14208,-0.06817106,-0.4841333,4.976039,5
14209,1.648066,-1.750739,4.383924,5
14210,-1.230474,3.150162,3.682718,5
14211,-2.120884,0.5175743,-4.498218,5
14212,-1.146862,0.9531121,4.77245,5
14213,3.223693,3.755782,-0.7084516,5
14214,0.09102138,-0.1081378,1.555364,1.561773
14215,-0.1132358,0.2198318,1.474713,1.495301
14216,0.05840169,0.09700017,1.833813,1.837305
14217,0.1241812,0.2460966,1.805809,1.826727
14218,-0.07085755,0.2716267,1.612961,1.637207
14219,-0.05668958,0.05785801,1.737359,1.739246
14220,-0.04217348,0.1702659,1.690759,1.699834
14221,0.004982576,0.08661025,1.41118,1.413844
14222,0.07176576,0.1087964,1.699967,1.704956
14223,0.07501665,0.1716625,1.59226,1.603243
14224,-0.1831489,0.1921619,1.745654,1.765723
14225,1.694435,0.6547946,4.65834,5
14226,1.690791,0.6579757,4.659216,5
14227,3.445991,-1.039942,3.470398,5
14228,3.338171,-1.038205,3.574737,5
14229,3.135823,1.918071,3.357589,4.978532
14230,3.137887,1.916753,3.357964,4.979578
14231,1.957672,2.052116,4.117808,5
14232,-0.2448253,-1.019558,4.88882,5
14233,-3.946621,1.546085,2.652133,5
14234,-0.2860535,-0.4170724,1.669589,1.744507
14235,-0.2909425,-0.4203946,1.669273,1.745809
14236,1.04277,3.977028,1.674164,4.439251
14237,-2.289599,3.308128,2.968843,5
14238,-4.396312,-0.2142163,-2.372036,5
14239,-3.880522,1.373573,-2.838106,5
14240,1.024177,-4.891873,-0.1436566,5
14241,0.2654368,0.1055845,1.55327,1.57932
14242,0.04031261,0.1885166,1.4744,1.48695
14243,0.3573461,0.03786666,1.459295,1.502888
14244,0.1182965,0.1299777,1.44889,1.45951
14245,0.04558041,0.2433452,1.49103,1.511445
14246,-0.05848354,0.3191342,1.479361,1.514522
14247,-0.047971,0.08347497,1.37968,1.383035
14248,0.03990115,0.3762297,1.400342,1.450552
14249,0.2420862,0.1515736,1.248801,1.281048
14250,0.07726915,0.1079115,1.568466,1.574071
14251,0.1431023,-2.75482,4.17019,5
14252,4.040885,1.04053,2.754731,5
14253,4.504589,-0.1429781,2.165234,5
14254,3.53595,0.6564506,3.473634,5
14255,2.893429,1.031817,3.94505,5
14256,0.9973581,0.3270924,4.888587,5
14257,-3.547079,3.348021,1.099539,5
14258,-0.2974724,-0.2227693,1.262132,1.31571
14259,-0.3762842,-0.3086848,1.766552,1.832371
14260,0.7524378,-0.640347,0.6143762,1.163471
14261,0.7545351,-0.6383113,0.6125746,1.162761
14262,-0.1967442,-0.6856076,1.49583,1.657188
14263,-0.3771892,-0.3074069,1.763322,1.829228
14264,-0.3021492,-0.2225281,1.258803,1.313544
14265,-0.3065471,-0.1688283,1.708339,1.743816
14266,-0.314442,-0.1697184,1.704702,1.741749
14267,0.8930544,4.239041,1.127958,4.476529
14268,-1.151837,-0.764694,-0.1308537,1.388743
14269,-1.150792,-0.7640986,-0.1330771,1.38776
14270,-1.2397,-1.08174,0.06046435,1.646412
14271,-1.239612,-1.08289,0.05674449,1.646969
14272,-1.141069,-0.7812576,-0.08781394,1.385682
14273,-1.099473,-0.7410282,0.1576018,1.335216
14274,-0.9773703,-0.4175078,-0.3562427,1.120926
14275,2.955606,-3.006276,2.688251,5
14276,-2.022312,1.267147,-4.393699,5
14277,-0.1718821,0.6346515,0.04428025,0.6590044
14278,-0.1668453,0.637286,0.0484952,0.6605472
14279,3.533813,-1.658356,3.124424,5
14280,1.23655,4.528001,-1.722831,5
14281,0.2901457,0.04351757,1.24741,1.281448
14282,0.2224886,0.1128033,1.208898,1.234366
14283,0.2225174,0.1130082,1.209439,1.234921
14284,0.1014188,0.2630953,1.225315,1.257339
14285,0.1660614,0.0274357,1.351902,1.36234
14286,0.2727351,0.2246384,1.021577,1.080956
14287,0.2557789,0.1771404,1.303495,1.340112
14288,-0.01387258,-0.1198933,1.273671,1.279377
14289,0.1629777,0.02536656,1.360275,1.370239
14290,0.05045474,0.0987848,1.428817,1.433116
14291,0.03363328,0.2077219,1.291791,1.308818
14292,0.4595171,-0.0799478,1.277922,1.360379
14293,0.457459,-0.08670817,1.279474,1.361559
14294,3.022704,3.982599,0.04652108,5
14295,4.927811,0.511445,-0.6746175,5
14296,4.24217,2.186891,-1.49047,5
14297,4.728717,-1.16545,-1.131795,5
14298,-1.362594,2.923905,3.820224,5
14299,-0.3224875,-0.000392409,1.583622,1.616125
14300,-0.09039233,-0.05956359,1.725986,1.729377
14301,-0.1776741,-0.1049446,1.557347,1.570959
14302,-0.2311522,-0.202324,1.596554,1.625839
14303,-0.1757297,-0.102189,1.557169,1.570382
14304,-0.2304925,-0.2019002,1.597449,1.626571
14305,0.6099545,1.0741,-0.007711899,1.235231
14306,0.5608377,1.166616,0.02702993,1.294705
14307,0.5413964,1.214187,0.0834571,1.332038
14308,0.8431287,0.8777938,0.006796402,1.217142
14309,0.5601261,1.166366,0.03544502,1.294375
14310,0.9256037,1.207458,-0.01333105,1.521471
14311,0.8834736,1.057709,0.005315312,1.378152
14312,2.431447,-4.14106,1.323089,4.981052
14313,2.146326,3.022694,3.187331,4.889016
14314,4.24159,1.993359,1.742248,5
14315,-2.02745,1.870636,3.961644,4.827469
14316,2.370991,4.291926,0.9297261,4.990653
14317,1.318546,4.204161,2.36357,5
14318,-1.102985,0.9219239,4.788891,5
14319,-3.218883,2.604706,2.802552,5
14320,0.3294389,-0.05620641,1.460092,1.497851
14321,-0.3183343,0.317076,1.477385,1.544196
14322,0.2615949,0.5305583,1.253512,1.38608
14323,0.4350822,-0.04013053,0.9622316,1.056786
14324,0.07825254,0.219108,1.262247,1.283511
14325,0.4139316,-0.01337854,1.217548,1.286057
14326,0.02684246,0.2666878,1.130858,1.162189
14327,0.02163806,0.05553013,1.114046,1.115639
14328,0.08312817,0.2274874,1.107288,1.133467
14329,0.1259234,-0.1692035,0.9765928,0.9991096
14330,2.554775,0.5162875,4.266916,5
14331,4.745696,1.017781,1.20104,5
14332,4.819454,0.474779,1.243967,5
14333,3.896944,1.054777,2.949792,5
14334,4.550065,1.691158,1.198705,5
14335,4.608054,1.861634,0.5478597,5
14336,4.632371,1.788135,0.5862664,5
14337,0.4825533,-2.347167,4.388388,5
14338,-0.3980659,-0.1179636,1.090081,1.166469
14339,-0.3975543,-0.119818,1.091868,1.168153
14340,-0.2057902,-0.2275613,1.642209,1.670624
14341,-0.05585252,0.08687131,1.568524,1.57192
14342,-0.2378028,-0.08413605,1.687663,1.70641
14343,-0.293513,-0.08015402,1.494587,1.525243
14344,-0.0728675,-0.09567974,1.47101,1.475918
14345,0.005301302,0.2756121,1.710562,1.732632
14346,-0.1409014,-0.07959183,1.570373,1.578689
14347,-0.09060214,0.003237365,1.709415,1.711818
14348,-0.215823,-0.1689507,1.691559,1.713621
14349,0.008437055,0.2740564,1.710711,1.732545
14350,-0.2152986,-0.1729145,1.693445,1.715811
14351,-0.1652255,0.1136088,1.557796,1.570648
14352,2.249381,-3.766643,2.398477,5
14353,0.4474295,2.056423,4.535519,5
14354,3.049894,1.800102,3.529558,5
14355,3.271335,-3.687813,-0.8357091,5
14356,3.250243,-3.715245,-0.7955338,5
14357,-0.0506374,-3.672129,3.393067,5
14358,-1.511711,2.013814,4.319639,5
14359,0.9681227,2.067476,-4.448402,5
14360,3.087771,0.6078779,3.885377,5
14361,0.3808871,1.780158,-4.656819,5
14362,0.1125406,0.9584917,1.194317,1.535501
14363,-0.04751313,0.01840585,0.887206,0.8886679
14364,0.2246944,0.3176967,0.96254,1.038221
14365,0.02498572,0.4844235,1.326712,1.412606
14366,0.08017164,0.359688,0.6837993,0.7767782
14367,-0.705624,0.6745145,-0.2814029,1.015905
14368,0.2876533,0.06008856,0.8995736,0.946355
14369,0.3909931,-0.06234526,1.011897,1.086599
14370,0.07217581,0.4332056,0.7818382,0.8967427
14371,0.2221841,0.09706634,1.357898,1.379375
14372,4.453413,-0.2614424,-2.258044,5
14373,4.324553,2.103148,-1.369313,5
14374,4.796026,-0.369208,1.364486,5
14375,4.489182,2.017921,0.8804802,5
14376,2.245988,3.668788,2.548634,5
14377,2.160867,-0.3745513,-4.493369,5
14378,1.198462,-3.572476,3.286503,5
14379,3.389097,2.767069,2.420197,5
14380,-0.3831908,0.0136417,1.077916,1.144082
14381,-0.5721267,-0.1031184,1.10368,1.247427
14382,-0.5555938,0.01575831,1.064388,1.200772
14383,-0.4591399,-0.0131922,0.7726053,0.8988339
14384,-0.3474155,-0.0438813,1.128473,1.181556
14385,-0.571048,0.1065304,1.105046,1.248428
14386,-0.4562248,0.01703696,0.7669632,0.8925603
14387,-0.07533616,0.1844911,1.395457,1.409614
14388,-0.2330754,-0.1181077,1.483568,1.506402
14389,0.1423597,0.06874367,1.382612,1.391621
14390,0.02046378,0.1358917,1.37162,1.378487
14391,-0.01333464,0.2620061,1.504094,1.526801
14392,-0.0953791,0.1596979,1.406502,1.418749
14393,-0.03452576,0.1541242,1.485593,1.493965
14394,-0.03166763,0.1574509,1.477947,1.486647
14395,-1.246339,-4.043977,2.663247,5
14396,-1.83059,-4.347674,-1.65731,5
14397,0.905947,-4.912567,0.2143625,5
14398,-3.857941,0.7563152,3.089381,5
14399,4.909748,0.9095911,0.2588889,5
14400,1.285215,3.413363,3.420114,5
14401,-0.1583139,4.286156,-2.569787,5
14402,0.1384952,-0.1922401,0.5930476,0.6386256
14403,0.2888886,0.1479202,1.373839,1.411655
14404,-0.02046608,0.748792,0.855231,1.136894
14405,0.4577548,-0.6362059,0.7682096,1.097471
14406,0.4147496,-0.04871001,0.2187421,0.4714212
14407,-0.1264221,0.5533775,0.9038147,1.067282
14408,0.05058526,-0.1997739,1.150571,1.16888
14409,0.04925299,-0.1983432,1.151238,1.169236
14410,-0.07668584,0.3516589,0.6095151,0.7078513
14411,0.1949507,-0.2963411,1.301109,1.348595
14412,0.3091771,-0.03991335,0.940796,0.9911007
14413,-0.1890765,-0.01558148,1.132484,1.148265
14414,4.363732,2.279716,0.8722007,5
14415,4.37024,2.278684,0.8417849,5
14416,4.534772,0.4616095,-2.054934,5
14417,4.551502,0.5036038,-2.007538,5
14418,4.886516,0.9643726,0.4381225,5
14419,4.731676,1.014207,1.258027,5
14420,4.731367,1.020219,1.254321,5
14421,4.88502,0.9679232,0.4468833,5
14422,3.508052,1.133244,3.377769,5
14423,4.85867,1.174826,-0.1145003,5
14424,-1.409104,1.691195,4.489352,5
14425,-1.708051,-4.247149,2.011041,5
14426,-0.6247848,-0.06986824,1.107643,1.273621
14427,-0.7143978,0.01132591,1.157273,1.360064
14428,-0.5440668,-0.07370123,1.183432,1.304589
14429,-0.5854313,-0.03797857,1.138388,1.280664
14430,-0.6362285,-0.03569348,1.064448,1.240609
14431,-0.6293393,-0.06883492,1.115259,1.282423
14432,0.03847882,0.4902729,1.223818,1.318931
14433,0.01582864,0.5854524,1.369228,1.489225
14434,0.002542274,0.284342,1.485869,1.512833
14435,-0.1035597,0.2729681,1.230643,1.264799
14436,-0.01291971,0.2471043,1.503257,1.523486
14437,0.08652632,0.008107802,1.365597,1.368359
14438,-0.02789055,0.1895815,1.335629,1.349305
14439,0.00272734,0.2847526,1.486096,1.513133
14440,0.2411826,1.006252,4.891757,5
14441,1.836866,-0.5024768,4.623142,5
14442,2.412232,2.72479,-3.428798,5
14443,1.844527,2.216554,-4.08468,5
14444,-1.382154,3.925326,-2.771546,5
14445,1.281517,4.003929,-2.706708,5
14446,0.6400163,0.5232601,-0.8232107,1.166661
14447,0.2197006,-0.471168,0.6372208,0.8223855
14448,-0.8407444,-1.131712,1.51858,2.072127
14449,-0.1864826,-0.1053037,1.111119,1.131569
14450,0.1031303,0.3283984,-0.2918542,0.4512873
14451,1.739135,2.521539,1.300499,3.327769
14452,0.2185222,-0.4736039,0.6392449,0.8250374
14453,4.731831,1.531724,-0.5134234,5
14454,4.735884,1.515046,-0.5253909,5
14455,4.344947,-1.749374,1.749605,5
14456,4.704651,1.532155,0.72025,5
14457,4.778734,-1.098287,-0.9785032,5
14458,4.687808,1.036199,1.396693,5
14459,4.687924,1.035638,1.39672,5
14460,-2.999339,-1.075711,-3.853155,5
14461,-0.4984398,-0.001434485,1.346094,1.435414
14462,-0.6455423,-0.02267585,1.273898,1.428305
14463,-0.6383143,0.1172699,1.226945,1.388017
14464,-0.7683364,0.1133261,1.087224,1.336129
14465,-0.4984509,-0.0840472,1.290199,1.385688
14466,-0.007172304,0.2808566,1.222126,1.254003
14467,0.05176629,0.2980074,1.346945,1.380489
14468,0.08041861,0.3023996,1.125986,1.168656
14469,-0.1512512,0.502584,1.43537,1.528318
14470,-0.09950219,0.2581867,1.207054,1.238362
14471,0.3210675,0.6097929,1.342234,1.508815
14472,0.146193,0.5941379,1.342449,1.475311
14473,0.1439129,0.5933569,1.340513,1.47301
14474,4.803737,1.260942,0.5780435,5
14475,-0.2084488,1.347405,0.001365394,1.363434
14476,0.3486736,1.436404,-0.02581483,1.478342
14477,0.2070936,1.226964,-0.02139953,1.244502
14478,0.002848004,1.297187,0.02128184,1.297365
14479,0.1524618,1.295708,0.0007615691,1.304647
14480,1.526465,3.200816,3.348624,4.877356
14481,2.666413,-1.3466,-4.009602,5
14482,-3.807073,-3.238337,0.1322032,4.999811
14483,-4.185822,-0.7480116,2.498946,4.932075
14484,3.560127,1.239947,0.3182671,3.783288
14485,4.035328,1.228576,-0.7349776,4.281759
14486,0.1247389,0.4912324,1.142252,1.249643
14487,0.4648736,-0.5817613,-0.505092,0.8998175
14488,2.042316,0.4215308,-0.7664901,2.221768
14489,0.2491972,0.2729416,1.534219,1.578107
14490,1.594575,-0.7320331,3.036591,3.507054
14491,4.556293,1.954536,-0.6480611,5
14492,3.264293,-2.532147,-2.816492,5
14493,4.043024,-1.549774,2.500431,5
14494,4.649999,-1.3113,1.287636,5
14495,4.400345,-1.000139,-2.153295,5
14496,4.386647,-1.915231,1.445413,5
14497,4.386972,-1.916053,1.443334,5
14498,-4.255744,1.501594,-2.152642,5
14499,-0.7298312,-0.07225021,1.28094,1.476036
14500,-0.6534854,0.05169554,1.09963,1.280196
14501,-0.5869139,0.06395896,1.343274,1.467292
14502,-0.5882264,0.0507201,1.342635,1.466714
14503,-0.7761658,0.07155313,1.324904,1.53718
14504,-0.6974066,0.02111054,1.283791,1.461144
14505,-0.03391903,0.6445519,1.294417,1.446414
14506,0.2146778,0.390807,1.183881,1.265065
14507,-0.004620732,0.3708331,1.265226,1.31846
14508,-0.04023421,0.5509294,1.184434,1.306915
14509,-0.09630189,0.3313455,1.443571,1.484238
14510,-0.01170528,0.366749,1.261852,1.31412
14511,3.463703,1.076449,3.441514,5
14512,0.8649749,-4.834097,-0.9398513,5
14513,4.805129,0.9683334,0.9864416,5
14514,4.834384,0.1133628,-1.271173,5
14515,3.546683,-0.8438731,3.42183,5
14516,4.96487,-0.2572194,-0.5328225,5
14517,4.286189,-2.274113,1.207061,5
14518,0.01172247,-0.3547833,1.321034,1.367896
14519,-0.05795701,-0.3084779,1.347859,1.383923
14520,0.07648341,-0.3219034,0.4014972,0.520261
14521,-0.2628187,1.009086,0.373738,1.107704
14522,0.7081127,0.3606741,0.3801076,0.8809037
14523,1.788898,0.3679759,1.391698,2.296168
14524,0.252757,0.2884914,0.09783458,0.3958346
14525,1.462179,0.9142213,0.7640437,1.886141
14526,0.07878266,-0.3240922,0.3998659,0.5207064
14527,4.728988,-0.9884732,0.8860671,4.911774
14528,4.351035,-2.409916,-0.5106825,5
14529,4.72983,-0.9918007,0.8898293,4.913935
14530,2.131522,-4.321603,-1.334302,5
14531,3.953213,-2.744313,-1.356782,5
14532,4.386162,2.094068,1.17323,5
14533,4.440462,-1.390871,-1.829692,5
14534,2.185234,4.301435,1.312408,5
14535,-0.5951885,-0.09485209,1.431514,1.553216
14536,-0.5254642,-0.03800187,1.522318,1.610903
14537,-0.5272514,-0.08919936,1.519174,1.610541
14538,-0.6503732,0.01791414,1.367831,1.514684
14539,-0.6465139,-0.08238889,1.369604,1.516768
14540,0.1939609,0.5007086,1.009117,1.143087
14541,0.06452595,0.6193201,1.03284,1.206018
14542,-0.07606559,0.7876382,1.010567,1.283513
14543,0.2006393,0.8245282,1.035836,1.339052
14544,0.3527048,0.3519014,1.145409,1.249078
14545,0.1944855,0.5021334,1.008885,1.143596
14546,0.1725236,0.9593309,1.226394,1.566564
14547,-0.3453915,0.5160822,1.137754,1.296194
14548,0.2127086,0.7307847,1.241682,1.456388
14549,4.701797,0.4582362,-1.638026,5
14550,4.925578,0.714521,-0.4776405,5
14551,3.033589,0.8182775,-3.889442,5
14552,4.836113,-0.6650712,-1.081522,5
14553,4.112617,2.455975,-1.433379,5
14554,4.218719,0.8070618,-2.559504,5
14555,-1.163126,4.351243,2.171134,5
14556,-0.1939338,-0.005236007,1.256638,1.271525
14557,-0.1022089,-0.3031166,1.309909,1.348402
14558,-0.02893483,-0.1535661,1.257579,1.267251
14559,0.1158265,-0.2344763,1.226848,1.254413
14560,-0.00809428,-0.01074581,1.39488,1.394945
14561,0.1245564,0.08865447,1.37067,1.37917
14562,0.1262552,0.08782845,1.367734,1.376354
14563,-0.1688243,0.2875009,4.988872,5
14564,-3.7543,3.300314,-0.114701,5
14565,0.9717909,2.582525,0.1479043,2.763275
14566,0.5684338,-0.1343132,0.4391787,0.730777
14567,0.5746688,-0.1332054,0.4376818,0.7345428
14568,0.1944332,0.02508128,1.031754,1.050214
14569,0.8044203,0.1265847,0.4298901,0.9208264
14570,0.4151153,0.4419166,-0.07001556,0.6103386
14571,0.6047212,0.5048249,0.8115833,1.131019
14572,0.405144,0.8937137,-0.1649019,0.9950168
14573,0.1951434,0.02563035,1.032231,1.050827
14574,3.743045,-3.122887,-1.112292,5
14575,3.933449,0.4974673,-3.046392,5
14576,3.916647,0.4871224,-3.069623,5
14577,2.952819,-3.371218,-2.217149,5
14578,4.06192,-2.908694,-0.2007681,5
14579,3.849309,-2.604244,-1.844108,5
14580,3.989501,-2.360889,-1.873522,5
14581,4.163465,-1.24337,-2.47378,5
14582,4.337244,-0.5007145,-2.436719,5
14583,4.162719,-1.242441,-2.475502,5
14584,-4.636766,0.7482526,1.714793,5
14585,-0.4933263,-0.1081302,1.555746,1.635668
14586,-0.3809148,0.1136943,1.567164,1.616795
14587,-0.4417776,0.0591956,1.606427,1.667117
14588,-0.4290456,0.05692485,1.621147,1.677926
14589,-0.3810169,0.1211385,1.567749,1.617926
14590,-0.490388,-0.1092415,1.551724,1.63103
14591,0.3325745,0.7135293,1.146045,1.390377
14592,0.333178,0.7139313,1.147201,1.391681
14593,0.3812298,0.1715551,0.8610904,0.9572063
14594,0.3306118,0.2018844,1.056028,1.124837
14595,0.2973389,0.3667307,0.8836796,1.001894
14596,0.4074454,0.1137687,0.9229882,1.015314
14597,3.158263,3.494184,-1.67811,5
14598,3.909712,2.968166,-0.9508661,5
14599,2.987493,1.730517,-3.616655,5
14600,4.308301,1.404934,-2.112984,5
14601,-4.866024,-0.7246417,0.892581,5
14602,2.494841,3.840088,2.007359,5
14603,0.06838808,2.999087,-4.0001,5
14604,-0.1324051,-0.01384993,1.335701,1.342319
14605,0.04425931,0.08159351,1.250012,1.253454
14606,0.0373804,0.2591719,1.199749,1.227992
14607,0.1341611,0.1489983,1.372717,1.387283
14608,-0.02661221,0.1906317,1.244718,1.259512
14609,0.09199506,0.18967,1.267,1.284417
14610,0.01661386,0.1217088,1.168954,1.17539
14611,4.67533,1.468966,0.9916765,5
14612,0.3294032,0.2756624,0.507271,0.6646955
14613,0.3682166,0.2709569,0.1231485,0.4734624
14614,0.3829018,0.1815366,-0.05437664,0.4272308
14615,0.6577946,-0.01929059,0.2258977,0.6957698
14616,0.6561986,-0.01374902,0.2270788,0.6945145
14617,0.2583403,0.6058869,-0.1915795,0.6859601
14618,0.5740622,-0.1948815,-0.3202915,0.6856478
14619,0.49653,0.3930055,-0.04195245,0.6346301
14620,0.2609984,0.6054751,-0.1911548,0.6864841
14621,3.234408,-2.090578,-3.188744,5
14622,3.802963,-1.303979,-2.972728,5
14623,3.232545,-2.089895,-3.19108,5
14624,4.010438,-2.788405,-1.068261,5
14625,3.970548,-2.758477,-1.274971,5
14626,4.04825,-2.650209,-1.260186,5
14627,3.816638,-2.936674,-1.345071,5
14628,4.481745,-0.9778354,-1.98942,5
14629,3.913276,-2.492594,-1.863663,5
14630,4.660917,-0.9083483,-1.565488,5
14631,4.660614,-0.9098174,-1.56554,5
14632,4.077042,-1.775898,-2.285588,5
14633,4.075388,-1.775574,-2.288788,5
14634,-4.288605,2.563186,0.1947947,5
14635,4.261885,2.482923,-0.8194054,5
14636,4.110075,2.846301,0.07646715,5
14637,2.082931,4.318573,1.418209,5
14638,-0.3977577,-0.006697684,1.5144,1.565779
14639,-0.3974116,0.06534486,1.514948,1.567569
14640,-0.337138,-0.0001756433,1.485718,1.523489
14641,-0.3426044,0.07086769,1.697408,1.733088
14642,-0.3416958,-0.1055278,1.69742,1.734684
14643,-0.3378693,-0.0004198844,1.486912,1.524816
14644,-1.980534,0.1785611,1.163153,2.303763
14645,-1.97861,0.1782972,1.160858,2.30093
14646,-1.982442,0.175339,1.158137,2.302629
14647,0.2105767,0.7439067,0.9017357,1.187799
14648,0.2222349,0.9648331,0.9282327,1.357169
14649,0.3924215,0.8305759,0.7902139,1.21173
14650,0.2113343,0.5161144,1.209976,1.332321
14651,0.0637508,0.3268583,0.7432047,0.814404
14652,-0.04214632,0.2016988,1.157766,1.175959
14653,0.2247599,0.9630415,0.9284523,1.356462
14654,0.2050012,0.7432502,0.9036299,1.187852
14655,0.3844222,0.8351433,0.7901345,1.212253
14656,-0.03973147,0.2023445,1.157414,1.17564
14657,3.45816,2.698803,2.399498,5
14658,2.978784,3.978998,0.5426085,5
14659,1.339061,4.778864,-0.6077616,5
14660,-4.213305,-0.7511153,2.585321,5
14661,0.8412736,-4.56397,-1.860762,5
14662,0.03194404,0.3379321,1.188595,1.236113
14663,0.1706145,0.4218563,1.340005,1.415163
14664,0.05481272,0.3765242,1.189961,1.249313
14665,-0.121006,0.3601481,1.152249,1.213271
14666,0.1390359,0.09319007,1.217092,1.228547
14667,-0.01853278,-2.652871,4.238152,5
14668,-4.851727,1.129766,0.4293854,5
14669,3.24132,-2.395163,-2.959229,5
14670,0.3292061,0.3686983,-0.4868774,0.6938046
14671,-0.06562953,-0.009411842,-0.01405223,0.06777377
14672,0.3347935,0.07416642,-0.2302946,0.4130653
14673,0.479902,-0.1066861,-0.1832686,0.5246668
14674,0.1034469,0.3659145,0.0475594,0.3832187
14675,0.478671,-0.1051631,-0.1845992,0.5237003
14676,-0.06581044,-0.0006032767,-0.01731402,0.06805257
14677,0.2792512,0.1512721,-0.1627402,0.3568597
14678,0.05719681,-0.3801188,-0.1910143,0.4292415
14679,0.3397298,0.07378548,-0.2265564,0.4149559
14680,3.808643,-2.847727,-1.544245,5
14681,4.433973,-1.622029,-1.645875,5
14682,3.744594,-2.813132,-1.750515,5
14683,4.286642,-1.782193,-1.857011,5
14684,4.572311,-0.4064279,-1.982117,5
14685,4.858682,-0.5020072,-1.068271,5
14686,4.041961,0.139789,-1.509426,4.316869
14687,4.42402,-0.3413,-1.223147,4.602665
14688,4.314905,-0.4281777,-0.651596,4.384783
14689,4.692466,0.1977052,-1.424564,4.907923
14690,4.57796,-1.661697,-0.2403643,4.876139
14691,4.309152,-1.322318,2.163951,5
14692,-0.6272495,1.010738,0.006170593,1.189568
14693,-0.367272,1.091571,-0.0166734,1.151822
14694,-0.6719923,0.9132622,0.02132966,1.134053
14695,-0.8758088,1.055734,0.0002511581,1.37172
14696,-0.5015479,0.9091311,0.038251,1.039006
14697,-0.005377375,-0.02388848,1.778374,1.778542
14698,-0.007556854,-0.01066706,1.779588,1.779636
14699,1.906777,4.420304,-0.1647914,4.81685
14700,-0.3216927,0.03981121,1.577506,1.610464
14701,-0.2178608,0.02914668,1.707646,1.721734
14702,-0.2196213,-0.09517986,1.732939,1.749391
14703,0.002731758,-0.06591265,1.688373,1.689661
14704,1.273476,3.722045,0.08254647,3.934739
14705,0.02139505,-0.05913102,1.734304,1.735444
14706,-0.3217879,-0.08433057,1.579107,1.613765
14707,-2.418867,0.042555,1.229461,2.713724
14708,-2.41949,-0.01577613,1.229886,2.714185
14709,-2.687878,0.08746295,1.297576,2.985974
14710,-2.689873,-0.04413502,1.300889,2.988257
14711,0.5024095,1.248102,0.9332927,1.63744
14712,0.3273799,0.6336147,0.9595638,1.195578
14713,-0.275095,0.4345508,0.7540397,0.9127362
14714,0.3303525,0.6332007,0.9506332,1.189025
14715,0.4627665,0.7530115,0.8598229,1.233075
14716,0.09714082,1.000315,1.201718,1.566586
14717,2.774247,4.158571,0.0992111,5
14718,-0.1363755,4.411416,2.349641,5
14719,3.621474,3.435463,-0.2872678,5
14720,3.300842,3.054288,-2.185354,5
14721,1.295871,4.820004,0.2971087,5
14722,3.619838,3.436968,-0.2898841,5
14723,1.618854,3.877195,-2.710474,5
14724,-4.045433,-1.237916,2.664964,5
14725,-0.0773795,0.6354579,1.327227,1.473542
14726,0.02025054,0.5736728,0.9941084,1.147938
14727,-0.07821742,0.4047922,1.115374,1.189132
14728,0.08787125,0.42912,1.051636,1.139212
14729,0.0903251,0.42386,1.052273,1.138022
14730,-0.08124907,0.5566133,1.019254,1.164173
14731,-0.08026937,0.404637,1.120996,1.19449
14732,0.1380892,0.3995113,1.349236,1.413901
14733,0.1219895,0.6100928,1.232357,1.380506
14734,0.05405174,0.507434,0.994099,1.117427
14735,3.316601,2.652807,-2.638706,5
14736,-0.1083765,0.3326488,0.1928626,0.3994955
14737,0.6002198,0.4298646,0.132315,0.7500364
14738,-0.02441878,0.7426802,0.1953059,0.7683193
14739,1.066649,0.06654264,0.1480361,1.078927
14740,0.6032593,0.431174,0.1325611,0.7532631
14741,-0.1071496,0.4396673,0.2108653,0.499252
14742,-0.1054904,0.4380581,0.2111916,0.4976193
14743,1.070667,0.06459613,0.1484057,1.082832
14744,4.533066,-1.413595,1.487914,4.976025
14745,2.984852,-1.883214,0.8930027,3.640507
14746,3.241512,-0.7670069,-1.014467,3.482074
14747,2.480863,-1.508109,0.444023,2.937044
14748,2.988607,-1.890101,0.8937796,3.647341
14749,4.310709,-2.210345,1.175915,4.985039
14750,3.374616,-0.150267,-0.2489752,3.387123
14751,2.54356,-1.58128,0.431335,3.02592
14752,3.704514,-1.545607,0.7967805,4.092333
14753,4.052439,-1.178303,0.7538752,4.287072
14754,1.272421,-2.123638,4.126884,4.81249
14755,3.13725,-3.563705,1.567695,5
14756,0.7908886,-4.27215,2.35079,4.939938
14757,1.922469,1.606619,4.110646,4.813992
14758,-0.7485612,-1.293594,4.771401,5
14759,1.041407,0.3357009,4.878808,5
14760,-0.04307416,0.03542421,1.911812,1.912625
14761,0.3191482,0.04869115,1.802657,1.831338
14762,0.1283273,0.07684184,1.839661,1.845732
14763,0.129912,0.06338525,1.841507,1.847171
14764,-0.01351855,-0.02984032,1.831412,1.831705
14765,-0.04476381,0.01175247,1.912115,1.912675
14766,-1.813115,-0.02633231,0.8715467,2.011883
14767,-1.394636,0.02758129,1.895706,2.353608
14768,-2.616395,0.1286189,2.130028,3.376253
14769,-1.394586,0.00444273,1.889936,2.348776
14770,-2.613664,0.1270112,2.131584,3.375059
14771,0.673306,1.116479,0.4245231,1.371162
14772,0.672869,1.116,0.4250792,1.37073
14773,0.5377707,0.8681571,0.5621475,1.16572
14774,0.5389533,0.86709,0.5620567,1.165429
14775,0.2807831,1.511198,0.673585,1.678176
14776,0.6419078,0.4623325,0.5192493,0.9462646
14777,0.2782246,0.8473163,0.2235372,0.9194143
14778,0.7501878,1.456054,0.529787,1.721496
14779,0.2097562,0.7803239,0.97747,1.268208
14780,0.2960921,0.211702,0.6305522,0.7280689
14781,3.376279,2.109302,3.02516,5
14782,1.864954,4.613808,-0.4844861,5
14783,2.910558,4.060655,0.1993345,5
14784,0.5727446,4.898693,0.8214432,5
14785,3.967911,2.978191,-0.6213361,5
14786,0.5328615,4.821303,1.212888,5
14787,2.891307,3.525625,2.051903,5
14788,3.968248,2.977499,-0.6224985,5
14789,3.32147,3.276106,-1.798601,5
14790,1.522493,-2.434918,-4.093066,5
14791,0.3191976,0.5930217,1.032578,1.232793
14792,0.05652946,0.5616531,0.8832845,1.048256
14793,0.07557139,0.696862,1.189398,1.380578
14794,0.2789321,0.6136354,0.9531692,1.167426
14795,0.242445,0.764914,1.052417,1.323425
14796,0.2785033,0.6134744,0.9526912,1.166849
14797,0.2042578,0.4967823,1.278428,1.386684
14798,-0.09951713,0.6147713,1.18733,1.340746
14799,-1.351777,-1.320011,-4.629284,5
14800,-1.38046,2.581992,4.053103,5
14801,0.007369091,-4.760769,-1.528077,5
14802,0.6478483,0.04684026,2.286167,2.376649
14803,0.2653465,0.06330218,1.818749,1.839093
14804,0.3706392,-0.04540749,1.744287,1.783808
14805,0.3143123,1.73142,2.146774,2.775832
14806,0.2622328,0.08906215,1.847242,1.867887
14807,-0.7231365,0.1255641,4.077419,4.142951
14808,-0.7279399,0.1298882,4.074973,4.141518
14809,-1.022352,0.05251315,2.83262,3.011926
14810,-2.300791,1.576284,2.994684,4.092242
14811,-2.300973,1.575535,2.994766,4.092116
14812,-1.043966,0.0564364,2.806629,2.995032
14813,0.7762219,-0.03476159,4.932664,4.993486
14814,0.7755144,-0.03539208,4.932783,4.993498
14815,-0.0163644,0.1523382,4.997401,4.999749
14816,-0.01531335,0.1526441,4.997394,4.999748
14817,0.3599468,-0.015418,3.041118,3.062385
14818,0.3125921,1.419477,3.80249,4.070818
14819,0.360244,-0.01696269,3.039272,3.060594
14820,0.3127265,1.419545,3.802586,4.070941
14821,0.5801666,0.4506433,0.3435857,0.8110017
14822,0.3150252,0.6746129,0.07653956,0.7484663
14823,0.6565206,0.5702981,0.1230706,0.878297
14824,0.7892285,1.068464,0.2738112,1.356271
14825,0.2545848,0.3980533,0.9590043,1.069088
14826,0.8687783,1.077966,0.2155089,1.401153
14827,0.2369036,0.4034806,0.05748571,0.471407
14828,0.173774,0.5704589,0.1939254,0.6270788
14829,3.151032,2.064802,-3.287489,5
14830,4.297813,2.550713,-0.15056,5
14831,4.327772,2.110792,-1.347201,5
14832,4.328513,2.341868,-0.8829675,5
14833,2.495792,3.947671,-1.785194,5
14834,-0.1224401,3.999888,-2.99765,5
14835,0.1616162,0.7239168,1.039512,1.277012
14836,0.2645721,0.8132793,0.9706622,1.293679
14837,0.3515406,0.7899529,1.11335,1.409665
14838,0.1437887,0.5282737,0.8911347,1.045882
14839,0.2871942,0.6170422,1.144349,1.331449
14840,0.07449743,0.675082,0.7929093,1.044026
14841,2.672165,4.212178,0.3421894,5
14842,3.807033,3.15872,-0.7273149,5
14843,3.80758,3.159701,-0.7201519,5
14844,2.809548,3.580379,-2.070586,5
14845,4.946085,0.6842619,0.2608162,5
14846,0.56266,-0.01535697,2.464403,2.527865
14847,0.9670873,0.01908484,2.231891,2.43248
14848,0.5636103,-0.0138601,2.467928,2.531505
14849,0.8853933,-0.03011838,2.196719,2.368629
14850,0.39978,-0.002001948,2.185715,2.221976
14851,0.4098924,-0.03661384,2.180041,2.218543
14852,0.9277162,0.05575625,2.027295,2.230178
14853,1.455664,-0.07515325,2.31462,2.735338
14854,-1.58031,0.05891505,4.416006,4.690624
14855,1.941678,0.0204399,4.523788,4.922925
14856,-0.9776301,4.363114,2.237739,5
14857,-1.455419,0.08329619,4.782762,5
14858,-0.5048832,0.04007122,2.457593,2.509238
14859,0.2746515,3.212692,3.734579,4.933955
14860,0.26471,3.2015,3.742766,4.93234
14861,-1.454113,0.08274615,4.78317,5
14862,0.7309409,-0.04084833,4.940277,4.994225
14863,-0.4103643,0.02464635,4.983064,4.999993
14864,0.7305707,-0.04112266,4.940336,4.994231
14865,-0.4092306,0.02517093,4.983154,4.999993
14866,1.578673,0.06738117,4.715296,4.973003
14867,1.57904,0.07438955,4.715054,4.972991
14868,0.4373896,0.3680494,-0.1675232,0.5956795
14869,0.8578547,0.8080888,0.129475,1.185616
14870,0.1426504,0.1434495,0.005400641,0.2023761
14871,0.4447119,0.4638866,0.04418653,0.6441365
14872,0.4477957,0.782952,-0.1218339,0.9101529
14873,0.602856,0.7600482,0.1390388,0.9800206
14874,0.4435952,0.1964889,0.3572572,0.6025092
14875,0.1011733,0.4183877,-0.02115869,0.4309663
14876,0.7505972,0.6659536,0.1420538,1.013444
14877,0.4450474,0.8428361,-0.05357952,0.9546259
14878,0.3379455,0.2884677,-0.09122481,0.4535887
14879,4.65115,1.76102,-0.5153756,5
14880,3.76281,3.254152,0.5017562,5
14881,4.188528,1.868104,1.991587,5
14882,4.404539,2.286903,-0.608366,5
14883,4.405234,2.285555,-0.6083968,5
14884,4.928833,0.7088491,-0.4518141,5
14885,4.827741,1.266534,-0.2980036,5
14886,4.680405,1.744598,0.2240335,5
14887,3.961432,3.050491,-0.03953202,5
14888,4.704491,1.622863,-0.4838201,5
14889,4.675777,1.768698,-0.09392735,5
14890,4.813925,0.850789,-1.049896,5
14891,-2.390759,3.984393,1.846316,5
14892,0.04213412,4.386255,2.39979,5
14893,-2.236296,-4.274336,1.314925,5
14894,0.192069,0.949117,0.8154141,1.265944
14895,0.1985479,0.5470888,0.948953,1.113211
14896,0.2786662,0.8287445,0.9826344,1.315311
14897,0.1000507,0.9600469,0.7491584,1.221859
14898,0.298403,0.5142393,0.998823,1.162383
14899,0.1025679,0.6874384,0.7776666,1.043004
14900,0.1724165,1.239714,1.02712,1.619133
14901,0.1435531,0.7239812,0.7092585,1.023623
14902,-0.0612676,0.8075591,0.9347859,1.236823
14903,3.740035,2.689904,0.548755,4.639459
14904,3.917036,3.106762,0.06964754,5
14905,2.836918,3.592577,-0.2254719,4.583181
14906,2.838012,3.590513,-0.2289972,4.582417
14907,3.916537,3.107378,0.07029019,5
14908,4.027532,2.803178,0.9597811,5
14909,3.872844,2.858392,1.353024,5
14910,3.880557,3.071771,0.7109836,5
14911,3.885973,3.06373,0.7160813,5
14912,-3.470479,-2.608826,2.479878,5
14913,0.3163827,-0.06100209,0.9241188,0.9786801
14914,0.3185459,-0.06464177,0.9283015,0.9835618
14915,1.672737,0.04317332,1.886288,2.521506
14916,0.7506173,0.04746507,2.148838,2.276661
14917,0.8100515,0.03612068,2.50022,2.628419
14918,0.4198536,0.03047926,2.034817,2.077904
14919,0.6361787,0.03422021,2.150605,2.242988
14920,0.9876711,0.02502526,2.391675,2.587708
14921,0.9916184,0.05810794,2.394706,2.592548
14922,-1.514491,-0.02625106,4.765042,5
14923,-1.50194,-0.05224243,4.768799,5
14924,-0.3276037,-0.02870356,4.989173,5
14925,-0.3278784,-0.02860342,4.989156,5
14926,1.790417,0.4524581,3.254885,3.74227
14927,1.792159,0.4523217,3.25055,3.739318
14928,0.5310432,0.7784282,4.910401,5
14929,0.5282915,0.7763751,4.911023,5
14930,-1.118836,0.1405739,4.870966,4.999787
14931,2.185752,0.04874015,4.438888,4.948092
14932,2.185084,0.04877909,4.439252,4.948124
14933,-0.4103599,0.1057434,4.981889,4.999879
14934,0.1493277,0.473212,4.972885,4.997581
14935,3.685601,0.1663733,3.149315,4.850724
14936,-0.05413898,0.3134441,-0.05407652,0.3226492
14937,0.3419411,0.3699478,0.08180102,0.510369
14938,0.3306956,0.1265247,0.05929075,0.3590034
14939,0.3223713,0.6581325,0.03496427,0.7336785
14940,0.1191768,0.04448836,0.04901665,0.1363267
14941,0.4469559,0.3377797,-0.1164453,0.57221
14942,0.6238706,0.7178448,0.1003193,0.9563365
14943,0.339808,0.8016816,0.006267563,0.8707481
14944,0.3165281,0.2859956,-0.1588195,0.4552001
14945,0.2431477,0.7154131,-0.129057,0.7665458
14946,4.763439,-0.1516468,-1.512168,5
14947,4.997547,-0.1306844,-0.08629669,5
14948,4.896235,0.9296983,-0.4031667,5
14949,4.938943,0.2334324,-0.7432011,5
14950,4.931156,0.5334031,-0.6318069,5
14951,4.835104,1.014524,-0.769747,5
14952,4.753225,-0.5780581,-1.439686,5
14953,4.69732,1.505586,-0.8175561,5
14954,4.641664,1.771644,-0.56235,5
14955,4.885232,0.5790583,-0.8939781,5
14956,2.078897,-2.971986,-3.441727,5
14957,-0.7256321,0.8244947,0.008238834,1.098363
14958,-0.9080736,0.6166464,0.04295691,1.098497
14959,-0.9123548,0.6112124,0.04502114,1.09909
14960,-0.6512529,0.5471634,0.007344605,0.8506304
14961,-0.08824483,0.6282799,0.7989506,1.020218
14962,0.4416501,0.7649952,0.7144113,1.13607
14963,-0.02931639,0.7875586,0.6738017,1.036878
14964,0.1171035,0.6273809,0.5086043,0.8160872
14965,-0.08748627,0.6306752,0.799219,1.021839
14966,0.3711409,1.059149,0.5606933,1.254559
14967,0.4080234,1.074503,0.6270321,1.309278
14968,0.3100161,0.7471331,0.7281923,1.088385
14969,4.267054,2.598599,0.198823,5
14970,4.306778,2.302584,-1.072275,5
14971,4.304554,2.312452,-1.059898,5
14972,3.607731,1.816681,-0.02765399,4.039408
14973,4.044884,2.627755,1.316746,5
14974,4.619183,1.905758,0.1767439,5
14975,4.204225,2.652843,0.5356536,5
14976,4.229326,2.547285,0.7900231,5
14977,4.468067,2.192553,0.478633,5
14978,4.110816,2.350106,1.605675,5
14979,1.27449,-3.095298,-3.714136,5
14980,2.678831,3.53416,-2.309454,5
14981,0.150327,0.2588415,0.6976295,0.7591338
14982,0.4111274,0.2660844,0.9366666,1.056963
14983,0.4056603,0.2680532,0.9436619,1.061561
14984,0.1070005,0.3359912,0.8167562,0.8896235
14985,0.159549,0.2930321,0.7928821,0.8602242
14986,0.008691413,0.4281841,0.8403916,0.9432259
14987,0.315294,-0.005111041,0.7496604,0.8132817
14988,0.1752825,0.4972939,0.8712042,1.018343
14989,0.3136287,-0.005182582,0.7439634,0.8073855
14990,1.544778,0.005324316,2.415673,2.867375
14991,1.673369,0.02453778,2.832006,3.289532
14992,1.677951,0.02824045,2.83291,3.292673
14993,1.53865,0.2106246,2.416909,2.872848
14994,2.418787,0.02653652,3.31655,4.104965
14995,-3.513016,2.085541,2.799884,4.952788
14996,2.840806,3.747873,1.168665,4.845875
14997,-0.2967145,4.983383,-0.2790219,5
14998,-3.516737,2.105056,2.778953,4.951896
14999,4.236273,0.1798072,2.253753,4.801847
15000,3.778761,0.9218986,2.885906,4.843283
15001,3.309577,0.6321318,3.524289,4.875808
15002,3.309558,0.6319233,3.524352,4.875813
15003,-3.704608,1.049631,3.170982,4.988084
15004,-3.383799,1.887816,3.098555,4.961349
15005,-3.38358,1.888084,3.098612,4.961338
15006,2.973916,0.3408484,3.88222,4.902243
15007,-3.70434,1.049742,3.171255,4.988081
15008,3.788223,1.309009,2.683355,4.823332
15009,3.788277,1.308948,2.683305,4.82333
15010,2.928044,0.5811448,3.889232,4.902785
15011,0.07145102,0.4280192,0.1500568,0.4591544
15012,-0.2165916,0.5176034,0.1418543,0.5787468
15013,-0.2145238,0.5190101,0.1420412,0.579282
15014,0.2110993,0.5687071,-0.05385406,0.6090082
15015,4.852718,-0.7703086,0.8798428,4.99163
15016,4.955907,-0.09194344,0.6233415,4.995801
15017,4.808625,-0.886146,0.9926822,4.989343
15018,4.89539,-0.339115,0.9112841,4.99102
15019,4.806015,-0.8481457,1.033217,4.988454
15020,4.855039,-0.4756329,1.041702,4.988263
15021,4.867739,-0.7776147,0.7950702,4.993166
15022,4.953881,-0.3947237,0.5231545,4.997043
15023,3.486034,-0.6328765,3.351634,4.877132
15024,1.425244,-1.921825,4.170843,4.808395
15025,0.2383656,0.9616607,0.5458269,1.131166
15026,0.3420537,0.8976231,0.2879381,1.002814
15027,0.2661771,0.6680288,0.470718,0.8594697
15028,0.3787954,0.7617905,0.5437002,1.009664
15029,0.4119407,1.122534,0.4376253,1.2733
15030,0.3004504,0.7252887,0.5548343,0.96133
15031,0.2926475,1.113186,0.643944,1.318897
15032,0.3575295,1.065689,0.5563126,1.254195
15033,0.4135502,0.7120672,0.3971514,0.9142171
15034,0.5148153,0.9830461,0.4645249,1.202995
15035,0.5016877,0.8345833,0.495066,1.092387
15036,4.096957,2.757311,0.7824219,5
15037,3.948495,3.056721,0.2566064,5
15038,3.765561,2.50778,0.6773445,4.574626
15039,3.706546,2.60236,0.5942842,4.567706
15040,3.754386,2.860923,0.440263,4.740689
15041,4.554063,2.063569,0.04688641,5
15042,-3.544506,1.168768,3.32723,5
15043,0.1552636,0.6625811,0.6867778,0.9668424
15044,0.1597591,0.5799061,0.7269899,0.9435721
15045,0.1286603,0.2063481,0.6273004,0.6727844
15046,0.2171233,0.5691693,0.7071897,0.9333882
15047,0.2175004,0.6038811,0.5638377,0.854337
15048,0.2096969,0.6510729,0.7802315,1.037608
15049,0.0615356,0.5513271,0.7276429,0.9149931
15050,0.1970266,0.563953,0.6420034,0.8769441
15051,0.1464167,0.3560475,0.6611456,0.7650628
15052,1.051965,0.6059852,4.850376,5
15053,2.306181,0.06234873,3.125215,3.884498
15054,1.552745,0.1208275,2.588874,3.021239
15055,1.05528,0.04559858,2.964059,3.14664
15056,2.184764,0.1692334,2.472881,3.304085
15057,2.033152,0.04676393,1.964896,2.827846
15058,1.969227,-0.09083673,2.68995,3.334957
15059,2.184057,0.1650251,2.470594,3.301692
15060,-2.001361,2.953087,3.36626,4.904882
15061,-0.6966015,2.521967,4.260801,5
15062,3.790794,-0.2195267,3.004869,4.842267
15063,3.79075,-0.2195125,3.004931,4.84227
15064,-1.756554,2.996033,3.459563,4.902068
15065,3.87103,1.583017,2.370569,4.807329
15066,3.87095,1.583007,2.370722,4.807336
15067,3.762169,1.887174,2.3175,4.804805
15068,-2.207402,2.82677,3.357602,4.912916
15069,-1.952535,-0.1274763,4.601234,5
15070,3.762276,1.886864,2.31759,4.80481
15071,0.4074589,1.193587,0.4270954,1.331571
15072,0.3632717,1.21571,0.2721459,1.297683
15073,0.2035186,0.8795993,0.3204429,0.9580179
15074,0.4372281,1.145235,0.4298902,1.299052
15075,0.2351281,1.191072,0.1681992,1.225655
15076,0.7022551,1.291482,0.2191069,1.486303
15077,2.178188,2.411138,0.8766259,3.365496
15078,4.219493,2.484529,1.011433,5
15079,2.757847,3.32858,1.424941,4.551441
15080,4.2768,2.355249,1.077856,4.999999
15081,4.276163,2.356789,1.077022,5
15082,-2.113158,-2.287091,-3.912005,5
15083,0.2313038,0.7395036,0.6657972,1.021593
15084,0.1322329,0.5730765,0.6636841,0.8867801
15085,0.3178421,0.7628881,0.5881203,1.014351
15086,0.1294167,0.7160285,0.6123322,0.9509975
15087,0.1686272,0.8398678,0.7122222,1.114035
15088,0.3181888,0.7652971,0.5965423,1.021169
15089,0.01784614,0.6574106,0.554085,0.859952
15090,0.1914385,0.6849166,0.798525,1.0693
15091,0.2106415,0.4665294,0.675156,0.8472633
15092,0.1949491,0.5738528,0.818401,1.018377
15093,4.049246,-2.410995,-1.670541,5
15094,2.386813,2.24931,-3.774086,5
15095,2.001334,-0.02302538,2.47812,3.185428
15096,2.569336,0.4904052,3.220604,4.149009
15097,2.430816,-0.02938993,2.387583,3.407386
15098,2.002462,-0.02364968,2.47905,3.186864
15099,2.434791,-0.0346305,2.390285,3.412165
15100,1.874,4.381124,0.469316,4.78815
15101,0.9979931,2.535629,4.108529,4.930052
15102,-1.703148,4.450201,1.514926,5
15103,-4.828067,0.02515197,-1.299668,5
15104,-2.201341,2.691978,3.48202,4.921088
15105,4.133179,1.682033,1.713591,4.780042
15106,-1.581976,2.990125,3.548323,4.902458
15107,4.166529,0.844288,2.230415,4.800785
15108,-2.68147,3.813073,1.303624,4.840377
15109,-1.205063,2.964959,3.715794,4.904109
15110,4.133178,1.681705,1.713952,4.780055
15111,4.166478,0.8442067,2.230555,4.800791
15112,-2.674885,3.815367,1.309705,4.840182
15113,0.1698267,0.8973455,0.2726773,0.9531122
15114,0.4653173,1.12934,-0.1211793,1.227442
15115,0.09634515,0.8838407,0.4031256,0.9762003
15116,0.4772979,1.257404,0.06441814,1.346487
15117,0.4048675,0.6943422,0.1812974,0.8239524
15118,0.7164439,1.15565,0.03472105,1.360156
15119,0.5574195,0.9786673,0.1990995,1.143742
15120,0.4819113,1.263785,0.06296808,1.354015
15121,0.4189258,0.6599582,-0.02808725,0.7821972
15122,0.5733824,0.9621515,0.152867,1.13043
15123,4.425152,2.094124,1.016203,5
15124,4.322161,2.287031,1.043274,5
15125,4.414263,2.08401,1.082215,5
15126,3.539259,1.800243,3.038548,5
15127,4.25428,1.938443,1.773002,5
15128,4.555054,1.782632,1.036199,5
15129,4.718152,0.8616409,1.413018,5
15130,4.514832,0.9607916,1.921764,5
15131,2.39494,-3.109813,3.097309,5
15132,0.04441227,0.8890148,0.6009594,1.073998
15133,0.05798108,0.5482379,0.5071495,0.7490843
15134,0.08078863,0.8925566,0.6748175,1.121857
15135,0.1866836,0.7389163,0.7788984,1.089739
15136,-0.008429835,0.8343769,0.6414073,1.052454
15137,-0.05427982,0.7872394,0.6409199,1.016598
15138,-0.07615654,0.8395638,0.5526167,1.007994
15139,0.121737,0.6741486,0.363442,0.7754911
15140,0.1216806,0.6741783,0.3640248,0.7757813
15141,0.1758344,1.010918,0.5726938,1.175096
15142,-3.253376,3.06402,-1.129356,4.609568
15143,2.696202,-0.003436344,3.171565,4.162733
15144,2.690888,-0.003874663,3.178097,4.164276
15145,2.994766,0.05726393,2.152572,3.688559
15146,2.762436,0.08739859,2.187796,3.524932
15147,2.676224,-0.04380851,2.32718,3.54681
15148,2.860918,0.01882233,2.508663,3.805075
15149,2.858994,0.01880998,2.507591,3.802922
15150,3.000931,0.05727784,2.149839,3.691975
15151,-4.188478,1.688151,2.073384,4.969116
15152,-0.3625666,4.188829,2.329523,4.806706
15153,2.934248,3.513211,1.647458,4.864831
15154,2.96103,3.496371,1.639214,4.866141
15155,2.666496,-4.207582,-0.4313382,5
15156,2.092442,-2.965192,3.369915,4.952474
15157,2.092105,-2.964062,3.37114,4.952489
15158,-2.825631,1.548458,3.789335,4.97403
15159,2.784371,1.874487,3.537856,4.876766
15160,2.782253,1.873114,3.540508,4.876954
15161,-1.309768,1.70165,4.480634,4.96862
15162,2.533865,1.864399,3.746251,4.891917
15163,-2.366213,2.129488,3.791625,4.950768
15164,1.723689,0.9503892,4.550505,4.957967
15165,-1.309525,1.701951,4.480577,4.968608
15166,2.100559,1.480363,4.205086,4.928141
15167,1.723405,0.9500107,4.550712,4.957986
15168,0.3233974,2.301827,4.361721,4.942429
15169,3.726736,2.424406,2.127738,4.928851
15170,3.739116,2.412129,2.119249,4.928546
15171,0.3697799,0.3886581,4.971137,5
15172,0.3695617,0.3889617,4.97113,5
15173,0.1408015,0.8913106,0.07458002,0.9054401
15174,-0.2205431,0.7426937,0.1479048,0.7887389
15175,-0.02815495,1.214335,0.003329812,1.214666
15176,0.1388864,0.8974994,0.07316356,0.9111243
15177,0.07046176,1.007353,-0.198276,1.029096
15178,0.4542116,1.068987,0.05524271,1.162795
15179,0.2185552,0.4978313,0.01861792,0.544012
15180,0.227661,1.225692,-0.1062178,1.251172
15181,4.185281,1.101941,2.503828,5
15182,4.934045,0.5487859,0.5950073,5
15183,4.898955,0.7953873,0.6062983,5
15184,4.644883,1.742299,0.6240684,5
15185,4.769632,1.236558,0.8494303,5
15186,4.827501,1.066282,0.7471805,5
15187,4.757358,1.181543,0.9856489,5
15188,4.757123,1.181961,0.9862774,5
15189,4.729156,1.600879,0.2688444,5
15190,4.855299,0.9334189,0.7448509,5
15191,4.980962,0.4232976,-0.1041237,5
15192,-1.163003,-0.8494278,4.7881,5
15193,-4.865463,-0.672994,0.9350688,5
15194,0.1318449,0.8891817,0.2484241,0.9325994
15195,0.07186897,0.6591231,0.3676677,0.7581477
15196,-0.08163682,1.059549,0.4358599,1.1486
15197,0.05127479,0.7549256,0.3584394,0.8372697
15198,0.00764646,1.048644,0.5820947,1.199395
15199,0.08928476,1.087958,0.4718056,1.189212
15200,-1.223714,3.500356,2.772963,4.630259
15201,3.421272,0.07666055,1.713491,3.827144
15202,3.422046,0.07661451,1.713776,3.827962
15203,3.014339,0.07985821,2.305773,3.795946
15204,3.188161,0.1378471,2.086926,3.812956
15205,3.18706,0.1374281,2.089077,3.813198
15206,3.018957,0.07986642,2.298198,3.795022
15207,-4.663225,1.500214,0.8720933,4.975626
15208,1.09653,-3.318905,3.557049,4.986993
15209,2.633353,3.702203,-1.459195,4.771803
15210,2.632775,3.702628,-1.459155,4.771801
15211,-0.6136505,4.0572,2.526705,4.818888
15212,3.455755,2.612186,2.051078,4.792982
15213,2.92346,-0.07274332,3.940149,4.906799
15214,-3.972009,1.936748,-2.250983,4.959311
15215,-1.673765,4.458478,0.4159312,4.78043
15216,3.455558,2.612017,2.051683,4.793007
15217,1.151717,-0.2063792,4.219909,4.379118
15218,1.147017,-0.2132001,4.224753,4.38288
15219,3.845028,2.873225,0.602624,4.837646
15220,3.844724,2.87369,0.6025491,4.837671
15221,0.05594611,0.5077896,0.1622455,0.5360073
15222,0.01059093,0.4946728,0.1314648,0.5119534
15223,0.3232452,0.8801661,0.1372974,0.9476446
15224,-0.0122019,0.4918436,0.1147946,0.5052097
15225,4.857685,-0.6604033,0.9340805,4.990565
15226,4.845035,-1.030532,0.6468683,4.995477
15227,4.91068,-0.8210248,0.4365172,4.997941
15228,4.91368,-0.904337,0.1850087,4.99963
15229,4.969203,-0.4355069,0.3254414,4.998856
15230,4.910588,-0.8216169,0.4364551,4.997941
15231,3.904439,2.533762,1.734995,4.967373
15232,0.01233289,0.9761177,0.2145534,0.9994954
15233,-0.03289453,1.097235,0.4709665,1.194494
15234,0.07110159,0.7747669,0.3939491,0.8720752
15235,0.2658504,0.7175854,0.338809,0.8368971
15236,0.1871987,0.8992676,0.2737065,0.9584575
15237,0.2658987,0.7173952,0.3392792,0.8369399
15238,-0.02739037,1.105139,0.4141393,1.180506
15239,0.2411691,0.9382879,0.4195207,1.05572
15240,-3.294118,3.745275,-0.3488676,5
15241,1.707873,-4.496229,1.366419,5
15242,2.935835,0.06786324,2.110013,3.61606
15243,2.940121,0.06786625,2.114552,3.622189
15244,2.930984,0.08910923,2.006785,3.553279
15245,2.929049,0.08910479,2.001698,3.548811
15246,2.905055,0.07428858,1.927701,3.487247
15247,2.906624,0.07428806,1.927547,3.488469
15248,3.872052,2.644524,1.502724,4.923868
15249,-2.902597,2.187615,3.357419,4.948029
15250,-3.913019,1.42972,2.724583,4.977869
15251,0.9000252,4.195975,2.143404,4.796919
15252,0.7931377,3.663134,3.071608,4.845863
15253,0.5573688,-4.707404,1.579913,4.996643
15254,0.5573786,-4.707425,1.579847,4.996643
15255,1.122089,3.651881,2.993981,4.853786
15256,2.950469,-1.311144,3.692583,4.905052
15257,1.169469,3.621254,2.992392,4.841028
15258,0.7932193,3.662567,3.072334,4.845908
15259,0.4661983,-3.548154,3.491885,5
15260,-2.588214,2.370544,3.47485,4.938918
15261,-1.921895,0.9153551,4.524206,5
15262,-4.05068,0.6784469,2.851614,5
15263,3.264969,1.118394,3.455073,4.883479
15264,-0.787496,1.390926,4.737634,5
15265,-0.9425521,-0.1159375,4.908987,5
15266,3.264927,1.118418,3.45511,4.883482
15267,2.811229,1.713109,3.648076,4.913879
15268,2.811203,1.712824,3.648232,4.913881
15269,-0.7873605,1.391295,4.737548,5
15270,3.438195,0.7632315,3.364404,4.870618
15271,0.1189002,1.077962,0.2684319,1.117226
15272,0.4001104,1.333202,0.365967,1.439252
15273,0.1185224,1.077348,0.2686128,1.116637
15274,0.1843411,1.070172,0.4365664,1.170402
15275,0.1229013,1.252388,0.2100781,1.275819
15276,-0.02785851,1.162794,0.2807599,1.196533
15277,0.02884068,1.019809,0.01468062,1.020322
15278,0.08094741,1.21135,0.06419315,1.215748
15279,3.698827,0.1196078,1.552462,4.013199
15280,3.346184,0.0921693,1.353513,3.610739
15281,3.050862,0.1111498,1.813458,3.550879
15282,3.04546,0.111061,1.818613,3.548875
15283,3.575053,0.1233451,1.520756,3.887019
15284,3.366618,0.1175,1.876338,3.855978
15285,3.567496,0.1233422,1.518078,3.879021
15286,-4.416745,2.046718,-0.9223633,4.954537
15287,-0.03109782,4.696183,0.7498742,4.755777
15288,4.974392,-0.4189726,-0.282643,5
15289,1.794337,-3.05869,3.475189,4.965095
15290,-2.867808,3.812452,0.8189259,4.840429
15291,1.092014,3.905323,2.603738,4.819076
15292,1.011845,3.825133,2.766445,4.827907
15293,3.176172,-0.002412118,3.717805,4.889801
15294,0.8945171,4.057173,2.423727,4.809913
15295,1.302335,-1.729169,4.486721,4.981643
15296,0.8952693,4.05617,2.425277,4.809988
15297,1.179283,1.889017,-4.459895,4.984953
15298,1.180544,1.892411,-4.458086,4.984921
15299,2.304448,3.529209,1.766094,4.569998
15300,4.319757,-1.163959,-2.232689,5
15301,0.4257967,1.579148,4.724932,5
15302,-1.69515,2.192665,4.161573,5
15303,4.030854,0.3287993,2.624654,4.821276
15304,3.275863,0.422205,3.595988,4.88269
15305,-1.972287,1.471003,4.352727,5
15306,-1.963882,1.470756,4.356609,5
15307,3.204439,-1.307847,3.451344,4.887808
15308,2.52194,1.79365,3.838687,4.930809
15309,0.002136245,1.207161,0.1533339,1.216862
15310,-0.08037898,1.292259,0.1349612,1.301771
15311,0.006661688,1.272755,0.3901771,1.331236
15312,0.0959828,1.26735,0.1077566,1.275539
15313,-0.09360786,1.202746,0.0980428,1.210361
15314,-0.1134888,0.9565852,0.05294718,0.9647478
15315,0.009790506,0.9830946,-0.003877614,0.983151
15316,-0.09222355,1.211234,0.09615201,1.218539
15317,-0.04276256,1.063934,0.08570377,1.068236
15318,-1.010938,-0.9306391,4.807486,5
15319,4.024445,0.1571281,0.9489051,4.137785
15320,4.023813,0.1570907,0.9451438,4.136308
15321,3.366399,0.09623073,1.394087,3.644912
15322,3.553504,0.1636811,1.001934,3.69568
15323,3.367865,0.09627353,1.392303,3.645585
15324,3.912673,0.0728308,1.269922,4.114245
15325,3.913395,0.07281961,1.267446,4.114169
15326,3.553277,0.1636785,1.01129,3.698009
15327,-1.468429,-2.290345,-4.195001,5
15328,0.2764235,3.415569,3.46369,4.872337
15329,-1.566257,1.808668,-4.34996,4.964533
15330,2.195587,4.137041,1.102401,4.811548
15331,-4.42954,-0.9286742,-2.125263,5
15332,-1.633103,4.130969,1.850538,4.812112
15333,2.483435,3.965053,-0.8638036,4.757652
15334,4.661462,1.5861,0.6951797,4.972748
15335,1.916991,3.976227,1.84654,4.784866
15336,1.640415,4.347452,1.169118,4.791465
15337,2.168122,4.226315,0.0003823471,4.75
15338,2.16874,4.225998,-0.00148889,4.75
15339,1.908483,3.978765,1.850243,4.785006
15340,0.2190659,0.5763301,0.1739783,0.6406361
15341,2.771973,2.628402,3.226091,5
15342,3.072962,-0.3653972,3.795158,4.89692
15343,-3.940351,-1.25467,-2.810594,5
15344,-3.885762,-0.7306208,3.060562,5
15345,2.954899,1.791653,3.480699,4.904764
15346,3.585142,-0.281104,3.267899,4.859159
15347,3.231265,-0.1868114,3.660061,4.8859
15348,-3.552272,-1.143375,3.327771,5
15349,0.04096521,1.237162,-0.05140373,1.238907
15350,0.03123119,1.155902,0.1714142,1.16896
15351,0.2191615,0.8690662,-0.1130882,0.9033808
15352,-0.1205482,1.188859,0.1117186,1.200166
15353,0.04068406,1.237509,-0.05108901,1.239231
15354,0.02154965,1.110377,-0.01450658,1.110681
15355,-0.2119623,1.451823,-0.1613588,1.476061
15356,0.07058275,1.431606,0.1025162,1.437006
15357,0.02143824,1.110059,-0.01435147,1.110359
15358,2.966365,-1.579113,-3.702307,5
15359,1.942586,-1.335453,4.409413,5
15360,3.508692,0.1014185,0.7290639,3.585072
15361,4.052118,0.1821678,0.7486001,4.124712
15362,4.012142,0.2037794,0.6954817,4.077071
15363,4.011739,0.2037468,0.6885094,4.075489
15364,3.508578,0.101349,0.7376245,3.586709
15365,3.776393,0.154293,1.045182,3.921397
15366,3.780361,0.1542446,1.05028,3.926577
15367,4.052763,0.1821623,0.7430449,4.124341
15368,-0.3158428,3.437982,-3.435637,4.870635
15369,-1.776531,-4.063881,2.30842,5
15370,0.9716099,3.400182,-3.353467,4.8735
15371,-0.5997283,1.81655,-4.580827,4.964222
15372,-3.477367,-0.8936914,-3.479833,5
15373,4.621041,-1.433032,1.261904,5
15374,2.162242,3.85842,-1.956775,4.836493
15375,0.6354747,4.174315,-2.290233,4.80353
15376,0.7175396,4.33206,-1.906656,4.787165
15377,2.761019,3.853734,-0.3122666,4.751
15378,2.768034,3.848365,-0.3167939,4.75103
15379,0.2988299,0.5494751,0.1536508,0.6440736
15380,0.1493786,0.4998018,0.1472431,0.5420299
15381,0.150274,0.4973218,0.1454192,0.5394979
15382,-0.0696072,0.7027052,0.1570427,0.7233963
15383,0.05248397,0.6747456,0.1957895,0.7045351
15384,-1.511496,-0.370537,4.75164,5
15385,3.419274,-1.230439,3.24523,4.872056
15386,4.513944,-0.04085514,1.556081,4.774804
15387,1.894178,3.951417,-2.407986,5
15388,4.150369,-1.011762,2.211297,4.810308
15389,3.783747,1.284987,2.735944,4.842863
15390,3.964285,1.107835,2.521774,4.827235
15391,2.302803,1.716159,4.022314,4.942379
15392,-0.4571473,-1.817366,4.635537,5
15393,0.1816764,0.8567418,0.07574502,0.8790621
15394,0.08626723,1.043638,0.06640968,1.049302
15395,0.1690138,0.9643764,0.06304688,0.9811026
15396,0.09283976,0.9534338,0.05625828,0.9595938
15397,3.878456,3.142524,0.2722256,4.999199
15398,3.81184,3.228798,0.2009362,4.999564
15399,2.068851,4.55056,0.105175,4.999881
15400,4.899984,-0.05052667,0.9440941,4.990362
15401,4.146768,0.192135,0.6211492,4.197431
15402,3.89253,0.1547623,0.7703798,3.971049
15403,4.437772,0.143615,0.2674631,4.448144
15404,4.100207,0.1487697,0.799924,4.180156
15405,4.148315,0.1920392,0.6150839,4.198062
15406,-1.81085,3.533377,-2.808435,4.863254
15407,2.965564,2.999273,-2.685107,5
15408,3.33266,-1.162407,-3.541495,5
15409,3.930214,2.018218,-1.836144,4.784476
15410,0.3516906,-4.524021,-2.096709,4.998663
15411,-0.04024201,0.6540685,0.1949154,0.6836791
15412,-0.0734821,0.7091314,0.05784498,0.7152712
15413,-0.2300925,0.8614023,0.182397,0.9100688
15414,0.1044402,0.5321407,0.1690945,0.5680444
15415,0.1777661,0.6649003,0.02024695,0.6885515
15416,0.134304,0.6069629,0.1365527,0.6364654
15417,-0.07514229,0.7051931,0.06196517,0.7118872
15418,-0.2325248,0.8559512,0.1828284,0.9056194
15419,0.1046769,0.5322118,0.1690484,0.5681409
15420,-0.1350147,0.6408497,0.2667531,0.7071595
15421,0.1416461,0.6041827,0.1407517,0.6363265
15422,-0.3238513,4.568709,-2.005497,5
15423,2.276324,0.6081364,0.4935036,2.407286
15424,2.247287,0.5074521,0.4380857,2.345149
15425,2.629993,0.09911567,0.3513167,2.655205
15426,2.247572,0.5778489,0.4384307,2.361718
15427,2.246433,0.5107506,0.4300943,2.343568
15428,2.331874,0.564703,0.3015553,2.418153
15429,2.194793,0.5624351,0.1394802,2.27
15430,3.150045,0.4918565,-3.85166,5
15431,-0.1222218,-4.007054,-2.988072,5
15432,4.537077,0.1200652,1.475347,4.772435
15433,1.66987,0.8528262,4.602496,4.969784
15434,2.401201,-0.03672022,4.31393,4.937317
15435,-1.477991,-3.625568,3.109791,5
15436,-0.8004023,3.008594,3.912508,5
15437,2.535429,-0.9565179,4.118518,4.930063
15438,3.766788,-0.7849948,2.943168,4.844291
15439,4.085977,0.2068393,0.1091674,4.092665
15440,4.046208,0.144206,0.2084173,4.054138
15441,3.923112,0.1434845,0.6343273,3.976653
15442,3.976068,0.220381,0.6931275,4.042043
15443,4.078931,0.2068339,0.1038315,4.085492
15444,4.046872,0.1443252,0.2056809,4.054665
15445,3.855105,0.2077693,0.6300303,3.911769
15446,3.922585,0.1433935,0.6376317,3.976658
15447,1.730004,3.594379,-2.773407,4.858421
15448,4.124941,1.162332,2.575625,5
15449,0.9692785,1.613175,4.590809,4.961589
15450,0.549318,4.227818,2.204579,4.799621
15451,1.378698,0.8736551,4.695541,4.971136
15452,0.4549043,-3.822253,3.187647,4.997764
15453,0.01089,0.7522438,0.319107,0.8172017
15454,-0.03872802,0.9392872,0.01459616,0.9401986
15455,-0.07929441,0.9422228,0.0478041,0.9467611
15456,-0.07847972,0.9439983,0.04935271,0.9485397
15457,-0.03506495,0.9437795,0.007970162,0.9444643
15458,0.02715459,0.6713393,0.2248827,0.7085239
15459,0.02552199,0.6683921,0.2198639,0.7040877
15460,0.002662784,0.9417074,0.2466668,0.9734806
15461,-0.0006611768,0.9522551,0.2509268,0.9847612
15462,2.786472,0.2935937,0.425806,2.834066
15463,2.848166,0.668352,0.4080134,2.953848
15464,2.599046,-0.01424663,0.7326065,2.700362
15465,2.727618,0.7705989,0.3043591,2.850677
15466,2.76843,0.5489199,0.4509312,2.858121
15467,2.422724,0.08520086,0.3389866,2.447808
15468,2.860401,0.4167238,0.4581381,2.926677
15469,2.796125,0.666419,0.4593296,2.910913
15470,2.795543,0.6631048,0.4580147,2.90939
15471,4.123673,2.175461,1.806291,5
15472,4.358335,1.781198,0.8832608,4.790397
15473,2.696832,0.1865719,4.11176,4.920801
15474,4.157444,2.32924,-0.6503953,4.809648
15475,-4.91763,0.8939636,0.1332243,5
15476,3.852693,2.908364,-0.3075904,4.836987
15477,-0.558737,-2.276172,-4.416656,5
15478,4.463773,-1.697284,-0.2033797,4.779896
15479,3.058845,3.340042,1.86461,4.897876
15480,2.831717,2.688163,2.981423,4.912609
15481,2.635967,4.113968,0.6134266,4.924363
15482,4.043616,0.148387,-0.0691506,4.046929
15483,3.245847,0.1824343,0.1317168,3.253637
15484,4.101484,0.157675,-0.004335245,4.104516
15485,3.747199,0.1697448,0.3572269,3.768013
15486,3.49448,0.1538099,0.4066744,3.521425
15487,3.842384,0.1925651,0.5786735,3.890483
15488,3.927532,0.1357226,0.3078602,3.941916
15489,-2.089118,3.174402,-3.077357,4.889925
15490,4.265653,0.03814789,-2.608209,5
15491,2.397107,4.135871,-0.5481673,4.811656
15492,0.01539989,4.721547,-0.546212,4.753061
15493,0.06948005,4.558699,1.402783,4.770153
15494,-0.03455026,0.7519627,0.0564562,0.7548702
15495,-0.2100812,0.8741257,0.0402509,0.8999166
15496,-0.05736244,0.8471111,0.005705932,0.8490702
15497,-0.1264455,1.115686,0.1303244,1.130366
15498,-0.05812536,0.8472757,0.004324196,0.8492781
15499,0.02089224,0.8077273,0.1063255,0.8149632
15500,-0.0787739,1.043296,0.03201384,1.046756
15501,-0.07853626,1.044051,0.03268681,1.047511
15502,-0.0346442,0.7522382,0.05623284,0.7551322
15503,-0.1257515,1.117162,0.1313069,1.13186
15504,0.03826629,0.6942554,0.04224382,0.6965913
15505,1.447115,0.1120843,4.776335,4.992002
15506,3.09579,0.6690325,0.2818037,3.179769
15507,3.094393,0.6695732,0.2800643,3.17837
15508,2.731554,0.4351771,0.398599,2.794574
15509,2.985497,1.055168,0.341862,3.184877
15510,3.005283,0.6996965,0.2727745,3.097694
15511,3.040238,0.5701968,0.3648621,3.11469
15512,2.877039,0.7135935,0.1883433,2.970192
15513,2.243123,4.446182,0.4470588,5
15514,1.407189,-4.207532,2.305751,5
15515,4.427271,2.312266,0.2295619,5
15516,3.357297,0.004668108,-3.537066,4.876711
15517,4.168772,2.366534,0.3786608,4.808589
15518,4.015812,2.660002,1.340762,5
15519,-0.4625726,-4.926746,0.7163799,5
15520,2.898783,0.8660058,3.98084,5
15521,1.107162,-4.338166,2.195923,4.98674
15522,-4.261357,1.10625,2.370032,5
15523,3.48385,0.2961493,0.3162479,3.510687
15524,3.819615,0.1910632,-0.04195227,3.82462
15525,3.236702,0.2065948,-0.06680804,3.243977
15526,3.491591,0.1860253,0.185337,3.501451
15527,3.578235,0.2970978,-0.2223878,3.597428
15528,-2.161802,-2.656637,3.642649,5
15529,0.9461142,4.658866,0.2344597,4.759741
15530,1.753484,4.159719,-1.555805,4.774777
15531,0.4166667,4.730268,-0.1221031,4.750153
15532,0.07769243,4.608308,1.209363,4.764987
15533,0.2586912,-2.609453,-4.25636,4.999277
15534,-0.01174495,0.8288199,0.05384523,0.8306502
15535,0.07763079,0.6361364,-0.01258267,0.6409792
15536,0.07750382,0.6364822,-0.01299192,0.6413152
15537,-0.05477139,0.8704871,-0.0957345,0.8774467
15538,-0.06035933,0.8738183,-0.04924728,0.8772839
15539,-0.05278484,0.8760178,-0.09517052,0.8827519
15540,-0.01308674,0.8295696,0.01743845,0.8298561
15541,0.01574579,0.8231035,-0.1134776,0.8310382
15542,-0.06173211,0.9836861,0.06142405,0.9875334
15543,-0.0703041,0.8747367,-0.0447095,0.8786956
15544,1.311263,2.465904,-3.975104,4.858142
15545,3.216316,1.04215,0.2595603,3.39089
15546,3.270884,0.582059,0.1194115,3.324414
15547,3.125926,0.6440818,0.1017446,3.193213
15548,3.125007,0.6412374,0.09895866,3.191652
15549,2.794986,0.6993898,0.07453887,2.882126
15550,3.029833,0.8582584,0.2436686,3.15846
15551,3.038744,0.3819803,0.1407675,3.065892
15552,2.965418,0.789194,0.2160184,3.07623
15553,-2.96783,-3.012035,2.668263,5
15554,-3.163714,-3.869072,0.1455798,5
15555,3.991973,2.418199,-1.222646,4.824769
15556,1.331811,-2.331596,-4.195035,4.980801
15557,2.194355,2.042675,4.001535,5
15558,0.2713273,-4.904122,-0.9359354,5
15559,1.461143,-0.8253474,4.709975,5
15560,-4.686523,-1.202456,1.261187,5
15561,-4.147126,2.646836,0.8919674,5
15562,3.866376,-1.406086,2.541472,4.835806
15563,-4.14203,2.660872,0.8736966,5
15564,3.632683,-1.994857,2.529528,4.855343
15565,3.023637,0.7783771,3.776781,4.900237
15566,2.776782,0.2641551,-0.6005949,2.853246
15567,3.037435,0.2386997,-0.1969007,3.053156
15568,2.985694,0.1912538,-0.2178696,2.999736
15569,3.015573,0.2467413,-0.3012629,3.040612
15570,2.271582,0.3586047,-0.268472,2.315331
15571,2.849459,0.1555276,0.0450977,2.854056
15572,2.964032,0.1623269,0.434819,3.00015
15573,2.239394,0.2898729,-0.3980484,2.292892
15574,3.032762,0.2386833,-0.1877218,3.047927
15575,1.299105,4.061718,2.243321,4.818477
15576,3.431597,-3.384092,1.331187,5
15577,1.355741,4.531693,0.6380607,4.772986
15578,3.838276,2.116379,-2.405947,5
15579,3.132596,3.54185,-1.134416,4.862587
15580,2.482855,3.846738,-1.561867,4.837498
15581,2.843021,3.712206,-1.283748,4.84884
15582,1.347555,2.64994,-3.899629,4.90359
15583,1.589721,3.05766,-3.440995,4.870005
15584,4.107207,-0.8716626,-2.714968,5
15585,-0.1088625,1.124467,0.03495394,1.130265
15586,-0.0375965,1.198191,0.01605563,1.198888
15587,-0.077285,0.859034,0.02703117,0.862927
15588,0.060574,1.150205,0.02935111,1.152173
15589,-0.09874768,1.119964,0.03517039,1.124859
15590,-0.05586692,0.8588237,0.02923678,0.8611354
15591,-0.05200435,0.8572307,0.02926202,0.8593051
15592,0.1400331,4.998003,0.01897681,5
15593,3.304169,0.504859,0.2886613,3.354958
15594,3.294557,1.627305,-0.04517027,3.674815
15595,2.627135,0.182587,0.3804551,2.660812
15596,2.819749,0.09049551,0.3816273,2.846895
15597,2.803833,0.4300599,0.06334795,2.83733
15598,2.88484,0.2659684,0.2175566,2.905232
15599,2.933552,0.3311944,-0.05736083,2.952745
15600,2.899007,0.9400064,0.223159,3.055758
15601,3.405305,0.2394904,0.4654658,3.445303
15602,1.673149,-2.578617,3.943514,5
15603,0.4596548,4.704037,1.631182,5
15604,1.145859,-2.672978,4.049734,4.985795
15605,-3.107183,-2.308308,-3.164985,5
15606,4.587727,1.988082,0.01703691,5
15607,4.169815,2.609125,-0.8972791,5
15608,3.471522,-1.498594,3.066071,4.868063
15609,2.102584,1.662676,4.163779,4.95201
15610,-2.774359,3.662707,1.971679,5
15611,4.293337,-0.5247744,2.073771,4.796734
15612,3.412532,0.4131213,3.453386,4.872568
15613,1.409246,0.2015303,0.8000835,1.633011
15614,1.397032,0.1611188,0.6916112,1.567157
15615,1.385646,0.1660743,0.7029138,1.562589
15616,1.405505,0.1991853,0.7857925,1.622526
15617,0.8648183,-1.208732,4.535298,4.772617
15618,-0.05639858,4.728388,0.4730678,4.752329
15619,-0.8658971,4.654523,0.4703563,4.757689
15620,-0.8656724,4.654566,0.470312,4.757685
15621,-1.252147,-3.65387,3.01636,4.900721
15622,0.9693103,4.657629,0.1450012,4.759633
15623,0.5278388,4.325317,1.997972,4.793629
15624,0.8218979,4.646885,0.6309705,4.761006
